cls,path,n_vertices,n_faces,n_triangles
AircraftBuoyant,step2_results\normalized\AircraftBuoyant\m1337_simplified_norm.obj,9045,17608,17608
AircraftBuoyant,step2_results\normalized\AircraftBuoyant\m1338_kept_norm.obj,8761,16960,16960
AircraftBuoyant,step2_results\normalized\AircraftBuoyant\m1339_refined_norm.obj,6235,8488,8488
AircraftBuoyant,step2_results\normalized\AircraftBuoyant\m1340_simplified_norm.obj,9013,17703,17703
AircraftBuoyant,step2_results\normalized\AircraftBuoyant\m1341_refined_norm.obj,6622,13184,13184
AircraftBuoyant,step2_results\normalized\AircraftBuoyant\m1342_simplified_norm.obj,9120,17646,17646
AircraftBuoyant,step2_results\normalized\AircraftBuoyant\m1343_simplified_norm.obj,9001,17990,17990
AircraftBuoyant,step2_results\normalized\AircraftBuoyant\m1344_simplified_norm.obj,9067,17353,17353
AircraftBuoyant,step2_results\normalized\AircraftBuoyant\m1345_simplified_norm.obj,9028,17467,17467
AircraftBuoyant,step2_results\normalized\AircraftBuoyant\m1346_simplified_norm.obj,9028,17678,17678
AircraftBuoyant,step2_results\normalized\AircraftBuoyant\m1347_simplified_norm.obj,9021,17781,17781
AircraftBuoyant,step2_results\normalized\AircraftBuoyant\m1348_simplified_norm.obj,9030,17679,17679
AircraftBuoyant,step2_results\normalized\AircraftBuoyant\m1349_simplified_norm.obj,9028,16698,16698
AircraftBuoyant,step2_results\normalized\AircraftBuoyant\m1350_simplified_norm.obj,9003,17525,17525
AircraftBuoyant,step2_results\normalized\AircraftBuoyant\m1351_simplified_norm.obj,9148,16956,16956
AircraftBuoyant,step2_results\normalized\AircraftBuoyant\m1352_simplified_norm.obj,9018,17840,17840
Apartment,step2_results\normalized\Apartment\D00045_simplified_norm.obj,10064,12570,12570
Apartment,step2_results\normalized\Apartment\D00086_simplified_norm.obj,9112,17620,17620
Apartment,step2_results\normalized\Apartment\D00138_simplified_norm.obj,9021,17749,17749
Apartment,step2_results\normalized\Apartment\D00156_simplified_norm.obj,8527,13958,13958
Apartment,step2_results\normalized\Apartment\D00310_kept_norm.obj,5934,9026,9026
Apartment,step2_results\normalized\Apartment\D00348_refined_norm.obj,6880,12032,12032
Apartment,step2_results\normalized\Apartment\D00366_simplified_norm.obj,9035,17870,17870
Apartment,step2_results\normalized\Apartment\D00478_simplified_norm.obj,9153,12591,12591
Apartment,step2_results\normalized\Apartment\D00496_refined_norm.obj,5563,9932,9932
Apartment,step2_results\normalized\Apartment\D00626_simplified_norm.obj,7213,17780,17780
Apartment,step2_results\normalized\Apartment\D00639_simplified_norm.obj,9087,17511,17511
Apartment,step2_results\normalized\Apartment\D00651_simplified_norm.obj,8526,13951,13951
Apartment,step2_results\normalized\Apartment\D00681_simplified_norm.obj,10530,12557,12557
Apartment,step2_results\normalized\Apartment\D00780_simplified_norm.obj,6859,10574,10574
Apartment,step2_results\normalized\Apartment\D00792_simplified_norm.obj,9062,16650,16650
Apartment,step2_results\normalized\Apartment\D00859_simplified_norm.obj,9000,17146,17146
Apartment,step2_results\normalized\Apartment\D00860_simplified_norm.obj,9152,12591,12591
Apartment,step2_results\normalized\Apartment\D00869_simplified_norm.obj,9020,16054,16054
Apartment,step2_results\normalized\Apartment\D00921_kept_norm.obj,6688,7972,7972
Apartment,step2_results\normalized\Apartment\D00953_simplified_norm.obj,9040,15338,15338
Apartment,step2_results\normalized\Apartment\m463_refined_norm.obj,7539,14620,14620
Apartment,step2_results\normalized\Apartment\m464_simplified_norm.obj,6786,10068,10068
Apartment,step2_results\normalized\Apartment\m465_refined_norm.obj,8906,17452,17452
AquaticAnimal,step2_results\normalized\AquaticAnimal\m53_simplified_norm.obj,9046,17017,17017
AquaticAnimal,step2_results\normalized\AquaticAnimal\m54_simplified_norm.obj,9026,16780,16780
AquaticAnimal,step2_results\normalized\AquaticAnimal\m55_simplified_norm.obj,9032,17078,17078
AquaticAnimal,step2_results\normalized\AquaticAnimal\m56_kept_norm.obj,5814,10893,10893
AquaticAnimal,step2_results\normalized\AquaticAnimal\m57_simplified_norm.obj,9069,17280,17280
AquaticAnimal,step2_results\normalized\AquaticAnimal\m58_refined_norm.obj,7602,15200,15200
AquaticAnimal,step2_results\normalized\AquaticAnimal\m59_simplified_norm.obj,8991,17932,17932
AquaticAnimal,step2_results\normalized\AquaticAnimal\m60_refined_norm.obj,6418,12832,12832
AquaticAnimal,step2_results\normalized\AquaticAnimal\m61_simplified_norm.obj,9046,17484,17484
AquaticAnimal,step2_results\normalized\AquaticAnimal\m62_simplified_norm.obj,9000,17996,17996
AquaticAnimal,step2_results\normalized\AquaticAnimal\m63_simplified_norm.obj,9020,16528,16528
AquaticAnimal,step2_results\normalized\AquaticAnimal\m64_simplified_norm.obj,9006,17716,17716
AquaticAnimal,step2_results\normalized\AquaticAnimal\m65_simplified_norm.obj,9040,17826,17826
AquaticAnimal,step2_results\normalized\AquaticAnimal\m66_simplified_norm.obj,9050,17392,17392
AquaticAnimal,step2_results\normalized\AquaticAnimal\m67_simplified_norm.obj,9000,17996,17996
AquaticAnimal,step2_results\normalized\AquaticAnimal\m68_refined_norm.obj,8775,17538,17538
AquaticAnimal,step2_results\normalized\AquaticAnimal\m69_simplified_norm.obj,9081,17838,17838
AquaticAnimal,step2_results\normalized\AquaticAnimal\m70_simplified_norm.obj,9062,17778,17778
AquaticAnimal,step2_results\normalized\AquaticAnimal\m71_refined_norm.obj,6690,13376,13376
AquaticAnimal,step2_results\normalized\AquaticAnimal\m72_simplified_norm.obj,9091,17826,17826
AquaticAnimal,step2_results\normalized\AquaticAnimal\m73_simplified_norm.obj,9004,17974,17974
AquaticAnimal,step2_results\normalized\AquaticAnimal\m74_simplified_norm.obj,9005,17711,17711
AquaticAnimal,step2_results\normalized\AquaticAnimal\m75_simplified_norm.obj,9089,17742,17742
AquaticAnimal,step2_results\normalized\AquaticAnimal\m76_refined_norm.obj,6323,12643,12643
AquaticAnimal,step2_results\normalized\AquaticAnimal\m77_simplified_norm.obj,9015,17894,17894
AquaticAnimal,step2_results\normalized\AquaticAnimal\m78_refined_norm.obj,6231,11680,11680
AquaticAnimal,step2_results\normalized\AquaticAnimal\m79_refined_norm.obj,7538,14464,14464
AquaticAnimal,step2_results\normalized\AquaticAnimal\m80_simplified_norm.obj,9072,17644,17644
AquaticAnimal,step2_results\normalized\AquaticAnimal\m81_simplified_norm.obj,8906,17447,17447
Bed,step2_results\normalized\Bed\D00031_refined_norm.obj,7368,14352,14352
Bed,step2_results\normalized\Bed\D00110_refined_norm.obj,7454,14576,14576
Bed,step2_results\normalized\Bed\D00121_simplified_norm.obj,9021,17886,17886
Bed,step2_results\normalized\Bed\D00184_simplified_norm.obj,6806,13378,13378
Bed,step2_results\normalized\Bed\D00210_simplified_norm.obj,9076,17819,17819
Bed,step2_results\normalized\Bed\D00213_refined_norm.obj,9068,18054,18054
Bed,step2_results\normalized\Bed\D00217_simplified_norm.obj,9034,17742,17742
Bed,step2_results\normalized\Bed\D00307_simplified_norm.obj,8991,17708,17708
Bed,step2_results\normalized\Bed\D00322_simplified_norm.obj,6803,13518,13518
Bed,step2_results\normalized\Bed\D00417_simplified_norm.obj,9009,17946,17946
Bed,step2_results\normalized\Bed\D00538_simplified_norm.obj,6809,13214,13214
Bed,step2_results\normalized\Bed\D00545_refined_norm.obj,6544,12944,12944
Bed,step2_results\normalized\Bed\D00552_kept_norm.obj,6349,12248,12248
Bed,step2_results\normalized\Bed\D00565_simplified_norm.obj,8951,17829,17829
Bed,step2_results\normalized\Bed\D00650_simplified_norm.obj,9009,17945,17945
Bed,step2_results\normalized\Bed\D00735_refined_norm.obj,5985,10944,10944
Bed,step2_results\normalized\Bed\D00836_refined_norm.obj,6341,12488,12488
Bed,step2_results\normalized\Bed\D00839_simplified_norm.obj,9009,17953,17953
Bed,step2_results\normalized\Bed\D00969_simplified_norm.obj,9113,17394,17394
Bed,step2_results\normalized\Bed\D00988_simplified_norm.obj,9017,17972,17972
Bed,step2_results\normalized\Bed\m945_simplified_norm.obj,6795,13123,13123
Bed,step2_results\normalized\Bed\m946_refined_norm.obj,5651,10304,10304
Bed,step2_results\normalized\Bed\m947_simplified_norm.obj,9025,16327,16327
Bed,step2_results\normalized\Bed\m948_simplified_norm.obj,9039,17922,17922
Bed,step2_results\normalized\Bed\m949_simplified_norm.obj,9002,17980,17980
Bed,step2_results\normalized\Bed\m950_refined_norm.obj,6032,11520,11520
Bed,step2_results\normalized\Bed\m951_simplified_norm.obj,8975,17406,17406
Bicycle,step2_results\normalized\Bicycle\D00016_simplified_norm.obj,8992,17147,17147
Bicycle,step2_results\normalized\Bicycle\D00033_refined_norm.obj,8554,16124,16124
Bicycle,step2_results\normalized\Bicycle\D00040_simplified_norm.obj,9037,17221,17221
Bicycle,step2_results\normalized\Bicycle\D00077_simplified_norm.obj,8946,17598,17598
Bicycle,step2_results\normalized\Bicycle\D00078_simplified_norm.obj,9009,17244,17244
Bicycle,step2_results\normalized\Bicycle\D00462_simplified_norm.obj,8239,16147,16147
Bicycle,step2_results\normalized\Bicycle\D00514_kept_norm.obj,6951,12939,12939
Bicycle,step2_results\normalized\Bicycle\D00536_simplified_norm.obj,9000,17193,17193
Bicycle,step2_results\normalized\Bicycle\D00555_simplified_norm.obj,9012,15547,15547
Bicycle,step2_results\normalized\Bicycle\D00558_simplified_norm.obj,8801,16852,16852
Bicycle,step2_results\normalized\Bicycle\D00567_refined_norm.obj,7306,14656,14656
Bicycle,step2_results\normalized\Bicycle\D00621_simplified_norm.obj,8985,17147,17147
Bicycle,step2_results\normalized\Bicycle\D00708_simplified_norm.obj,9010,17164,17164
Bicycle,step2_results\normalized\Bicycle\D00750_simplified_norm.obj,9009,17700,17700
Bicycle,step2_results\normalized\Bicycle\D00838_simplified_norm.obj,9008,17170,17170
Bicycle,step2_results\normalized\Bicycle\D00847_simplified_norm.obj,9009,17246,17246
Bicycle,step2_results\normalized\Bicycle\D00904_kept_norm.obj,5354,10548,10548
Bicycle,step2_results\normalized\Bicycle\D00930_simplified_norm.obj,8986,16979,16979
Bicycle,step2_results\normalized\Bicycle\D00931_simplified_norm.obj,9006,16702,16702
Bicycle,step2_results\normalized\Bicycle\D00974_kept_norm.obj,6044,11946,11946
Bicycle,step2_results\normalized\Bicycle\m1472_refined_norm.obj,7082,13440,13440
Bicycle,step2_results\normalized\Bicycle\m1473_refined_norm.obj,8556,16136,16136
Bicycle,step2_results\normalized\Bicycle\m1475_kept_norm.obj,6044,11948,11948
Bicycle,step2_results\normalized\Bicycle\m1476_refined_norm.obj,7306,14656,14656
Bicycle,step2_results\normalized\Bicycle\m1477_simplified_norm.obj,9009,17239,17239
Bicycle,step2_results\normalized\Bicycle\m1478_simplified_norm.obj,8975,17146,17146
Biplane,step2_results\normalized\Biplane\D00069_simplified_norm.obj,9013,17680,17680
Biplane,step2_results\normalized\Biplane\D00132_simplified_norm.obj,8994,16637,16637
Biplane,step2_results\normalized\Biplane\D00178_simplified_norm.obj,8999,15841,15841
Biplane,step2_results\normalized\Biplane\D00199_refined_norm.obj,8829,15010,15010
Biplane,step2_results\normalized\Biplane\D00246_kept_norm.obj,5020,9246,9246
Biplane,step2_results\normalized\Biplane\D00276_refined_norm.obj,7477,14656,14656
Biplane,step2_results\normalized\Biplane\D00277_simplified_norm.obj,8121,14867,14867
Biplane,step2_results\normalized\Biplane\D00320_kept_norm.obj,9723,17379,17379
Biplane,step2_results\normalized\Biplane\D00373_kept_norm.obj,5940,11385,11385
Biplane,step2_results\normalized\Biplane\D00410_refined_norm.obj,8548,17016,17016
Biplane,step2_results\normalized\Biplane\D00490_simplified_norm.obj,9110,17812,17812
Biplane,step2_results\normalized\Biplane\D00515_kept_norm.obj,5376,10513,10513
Biplane,step2_results\normalized\Biplane\D00601_simplified_norm.obj,9036,17920,17920
Biplane,step2_results\normalized\Biplane\D00616_simplified_norm.obj,8634,17971,17971
Biplane,step2_results\normalized\Biplane\D00632_refined_norm.obj,8634,16384,16384
Biplane,step2_results\normalized\Biplane\D00634_simplified_norm.obj,9014,16489,16489
Biplane,step2_results\normalized\Biplane\D00666_refined_norm.obj,6634,12704,12704
Biplane,step2_results\normalized\Biplane\D00854_simplified_norm.obj,9146,17704,17704
Biplane,step2_results\normalized\Biplane\D00890_simplified_norm.obj,8964,16528,16528
Biplane,step2_results\normalized\Biplane\D00900_simplified_norm.obj,8352,15211,15211
Biplane,step2_results\normalized\Biplane\m1118_simplified_norm.obj,8949,17204,17204
Biplane,step2_results\normalized\Biplane\m1119_simplified_norm.obj,9033,17711,17711
Biplane,step2_results\normalized\Biplane\m1120_simplified_norm.obj,8933,16554,16554
Biplane,step2_results\normalized\Biplane\m1121_simplified_norm.obj,9053,17394,17394
Biplane,step2_results\normalized\Biplane\m1122_kept_norm.obj,6704,11497,11497
Biplane,step2_results\normalized\Biplane\m1123_simplified_norm.obj,9020,17334,17334
Biplane,step2_results\normalized\Biplane\m1124_simplified_norm.obj,9047,17242,17242
Biplane,step2_results\normalized\Biplane\m1125_refined_norm.obj,5646,10464,10464
Biplane,step2_results\normalized\Biplane\m1126_simplified_norm.obj,8996,17274,17274
Biplane,step2_results\normalized\Biplane\m1127_simplified_norm.obj,9033,17305,17305
Biplane,step2_results\normalized\Biplane\m1128_simplified_norm.obj,8949,17294,17294
Biplane,step2_results\normalized\Biplane\m1129_simplified_norm.obj,9066,17401,17401
Biplane,step2_results\normalized\Biplane\m1131_refined_norm.obj,6530,12288,12288
Biplane,step2_results\normalized\Biplane\m1132_simplified_norm.obj,8980,17042,17042
Biplane,step2_results\normalized\Biplane\m1133_refined_norm.obj,8634,16384,16384
Biplane,step2_results\normalized\Biplane\m1134_simplified_norm.obj,8975,17321,17321
Biplane,step2_results\normalized\Biplane\m1135_simplified_norm.obj,9050,16745,16745
Biplane,step2_results\normalized\Biplane\m1136_simplified_norm.obj,8946,17538,17538
Biplane,step2_results\normalized\Biplane\m1137_simplified_norm.obj,9000,16440,16440
Biplane,step2_results\normalized\Biplane\m1138_refined_norm.obj,7555,13808,13808
Biplane,step2_results\normalized\Biplane\m1139_simplified_norm.obj,9085,15092,15092
Biplane,step2_results\normalized\Biplane\m1141_simplified_norm.obj,9010,17581,17581
Biplane,step2_results\normalized\Biplane\m1143_simplified_norm.obj,9013,17639,17639
Biplane,step2_results\normalized\Biplane\m1144_simplified_norm.obj,9052,17403,17403
Biplane,step2_results\normalized\Biplane\m1146_refined_norm.obj,6385,12060,12060
Bird,step2_results\normalized\Bird\D00089_simplified_norm.obj,9000,17996,17996
Bird,step2_results\normalized\Bird\D00113_simplified_norm.obj,9008,17976,17976
Bird,step2_results\normalized\Bird\D00164_simplified_norm.obj,6808,13374,13374
Bird,step2_results\normalized\Bird\D00234_simplified_norm.obj,9001,17976,17976
Bird,step2_results\normalized\Bird\D00271_simplified_norm.obj,8976,17344,17344
Bird,step2_results\normalized\Bird\D00284_simplified_norm.obj,8999,17990,17990
Bird,step2_results\normalized\Bird\D00323_simplified_norm.obj,8905,17103,17103
Bird,step2_results\normalized\Bird\D00386_refined_norm.obj,6998,13992,13992
Bird,step2_results\normalized\Bird\D00438_refined_norm.obj,7344,14572,14572
Bird,step2_results\normalized\Bird\D00442_kept_norm.obj,8996,17079,17079
Bird,step2_results\normalized\Bird\D00546_simplified_norm.obj,9019,17638,17638
Bird,step2_results\normalized\Bird\D00599_refined_norm.obj,7195,14256,14256
Bird,step2_results\normalized\Bird\D00625_simplified_norm.obj,9003,15777,15777
Bird,step2_results\normalized\Bird\D00689_simplified_norm.obj,8998,17838,17838
Bird,step2_results\normalized\Bird\D00736_simplified_norm.obj,9002,17839,17839
Bird,step2_results\normalized\Bird\D00762_simplified_norm.obj,9000,17996,17996
Bird,step2_results\normalized\Bird\D00862_simplified_norm.obj,8999,17983,17983
Bird,step2_results\normalized\Bird\D00922_simplified_norm.obj,9002,17992,17992
Bird,step2_results\normalized\Bird\D00961_simplified_norm.obj,9012,17862,17862
Bird,step2_results\normalized\Bird\D00999_refined_norm.obj,5947,11872,11872
Bird,step2_results\normalized\Bird\m28_kept_norm.obj,6057,11644,11644
Bird,step2_results\normalized\Bird\m29_simplified_norm.obj,9013,17898,17898
Bird,step2_results\normalized\Bird\m30_refined_norm.obj,6135,11936,11936
Bird,step2_results\normalized\Bird\m31_refined_norm.obj,7152,14192,14192
Bird,step2_results\normalized\Bird\m32_simplified_norm.obj,9002,17992,17992
Bird,step2_results\normalized\Bird\m33_simplified_norm.obj,9016,17908,17908
Bird,step2_results\normalized\Bird\m34_simplified_norm.obj,8999,17996,17996
Bird,step2_results\normalized\Bird\m35_simplified_norm.obj,9000,17996,17996
Bird,step2_results\normalized\Bird\m36_simplified_norm.obj,9018,17954,17954
Bird,step2_results\normalized\Bird\m37_refined_norm.obj,9042,18080,18080
Bird,step2_results\normalized\Bird\m38_refined_norm.obj,7397,14766,14766
Bird,step2_results\normalized\Bird\m39_refined_norm.obj,9517,18496,18496
Bird,step2_results\normalized\Bird\m40_simplified_norm.obj,8991,17839,17839
Bird,step2_results\normalized\Bird\m41_refined_norm.obj,7344,14572,14572
Bird,step2_results\normalized\Bird\m42_refined_norm.obj,6685,13092,13092
Bird,step2_results\normalized\Bird\m43_refined_norm.obj,7076,13824,13824
Bird,step2_results\normalized\Bird\m44_refined_norm.obj,6386,12768,12768
Bird,step2_results\normalized\Bird\m45_simplified_norm.obj,9002,17992,17992
Bird,step2_results\normalized\Bird\m47_simplified_norm.obj,8971,17813,17813
Bird,step2_results\normalized\Bird\m48_refined_norm.obj,6637,13136,13136
Bird,step2_results\normalized\Bird\m49_refined_norm.obj,8991,17388,17388
Bird,step2_results\normalized\Bird\m50_refined_norm.obj,5826,11648,11648
Bird,step2_results\normalized\Bird\m51_simplified_norm.obj,9005,17990,17990
Bird,step2_results\normalized\Bird\m52_simplified_norm.obj,9006,17984,17984
Bookset,step2_results\normalized\Bookset\D01009_refined_norm.obj,7515,14096,14096
Bookset,step2_results\normalized\Bookset\D01013_simplified_norm.obj,9072,15654,15654
Bookset,step2_results\normalized\Bookset\D01030_simplified_norm.obj,9029,17824,17824
Bookset,step2_results\normalized\Bookset\D01038_refined_norm.obj,8867,17300,17300
Bookset,step2_results\normalized\Bookset\D01042_refined_norm.obj,7229,12272,12272
Bookset,step2_results\normalized\Bookset\D01050_refined_norm.obj,8225,16320,16320
Bookset,step2_results\normalized\Bookset\D01065_simplified_norm.obj,8990,15375,15375
Bookset,step2_results\normalized\Bookset\D01078_simplified_norm.obj,9075,17383,17383
Bookset,step2_results\normalized\Bookset\D01096_refined_norm.obj,7416,13312,13312
Bookset,step2_results\normalized\Bookset\D01108_refined_norm.obj,6420,12458,12458
Bookset,step2_results\normalized\Bookset\D01109_simplified_norm.obj,9104,17384,17384
Bookset,step2_results\normalized\Bookset\D01110_refined_norm.obj,9609,18925,18925
Bookset,step2_results\normalized\Bookset\D01122_refined_norm.obj,6324,12388,12388
Bookset,step2_results\normalized\Bookset\D01135_refined_norm.obj,6648,12840,12840
Bookset,step2_results\normalized\Bookset\D01146_refined_norm.obj,6896,9392,9392
Bookset,step2_results\normalized\Bookset\D01182_simplified_norm.obj,8992,17638,17638
Bookset,step2_results\normalized\Bookset\D01183_refined_norm.obj,9792,17152,17152
Bookset,step2_results\normalized\Bookset\D01184_simplified_norm.obj,8965,17705,17705
Bookset,step2_results\normalized\Bookset\D01190_refined_norm.obj,9505,18438,18438
Bookset,step2_results\normalized\Bookset\D01199_simplified_norm.obj,9006,16842,16842
Bottle,step2_results\normalized\Bottle\D00020_simplified_norm.obj,9000,17996,17996
Bottle,step2_results\normalized\Bottle\D00123_simplified_norm.obj,8978,17803,17803
Bottle,step2_results\normalized\Bottle\D00139_refined_norm.obj,9729,19340,19340
Bottle,step2_results\normalized\Bottle\D00166_simplified_norm.obj,9057,17863,17863
Bottle,step2_results\normalized\Bottle\D00176_simplified_norm.obj,6800,13596,13596
Bottle,step2_results\normalized\Bottle\D00208_refined_norm.obj,7284,14560,14560
Bottle,step2_results\normalized\Bottle\D00281_simplified_norm.obj,8996,17916,17916
Bottle,step2_results\normalized\Bottle\D00311_simplified_norm.obj,9000,17992,17992
Bottle,step2_results\normalized\Bottle\D00347_refined_norm.obj,8624,17184,17184
Bottle,step2_results\normalized\Bottle\D00350_refined_norm.obj,7471,14736,14736
Bottle,step2_results\normalized\Bottle\D00390_refined_norm.obj,5504,10968,10968
Bottle,step2_results\normalized\Bottle\D00451_kept_norm.obj,9202,18236,18236
Bottle,step2_results\normalized\Bottle\D00679_simplified_norm.obj,9053,17614,17614
Bottle,step2_results\normalized\Bottle\D00696_simplified_norm.obj,9034,17842,17842
Bottle,step2_results\normalized\Bottle\D00711_simplified_norm.obj,9010,17890,17890
Bottle,step2_results\normalized\Bottle\D00716_refined_norm.obj,6765,13322,13322
Bottle,step2_results\normalized\Bottle\D00726_kept_norm.obj,9294,18390,18390
Bottle,step2_results\normalized\Bottle\D00892_refined_norm.obj,9884,19760,19760
Bottle,step2_results\normalized\Bottle\D00940_refined_norm.obj,9949,19872,19872
Bottle,step2_results\normalized\Bottle\D00959_refined_norm.obj,7259,14272,14272
Bottle,step2_results\normalized\Bottle\m482_refined_norm.obj,7926,15200,15200
Bottle,step2_results\normalized\Bottle\m483_simplified_norm.obj,8989,17598,17598
Bottle,step2_results\normalized\Bottle\m484_refined_norm.obj,7174,14208,14208
Bottle,step2_results\normalized\Bottle\m485_refined_norm.obj,7775,14976,14976
Bottle,step2_results\normalized\Bottle\m486_refined_norm.obj,8094,15576,15576
Bottle,step2_results\normalized\Bottle\m487_refined_norm.obj,7721,15104,15104
Bottle,step2_results\normalized\Bottle\m488_refined_norm.obj,9090,18176,18176
Bottle,step2_results\normalized\Bottle\m489_refined_norm.obj,8553,16880,16880
Bottle,step2_results\normalized\Bottle\m490_refined_norm.obj,8571,16910,16910
Bottle,step2_results\normalized\Bottle\m491_refined_norm.obj,8152,15952,15952
Bottle,step2_results\normalized\Bottle\m492_refined_norm.obj,5633,11264,11264
BuildingNonResidential,step2_results\normalized\BuildingNonResidential\m382_simplified_norm.obj,9032,17733,17733
BuildingNonResidential,step2_results\normalized\BuildingNonResidential\m383_refined_norm.obj,9068,17840,17840
BuildingNonResidential,step2_results\normalized\BuildingNonResidential\m384_simplified_norm.obj,9097,15101,15101
BuildingNonResidential,step2_results\normalized\BuildingNonResidential\m385_refined_norm.obj,8144,14688,14688
BuildingNonResidential,step2_results\normalized\BuildingNonResidential\m386_refined_norm.obj,8037,16018,16018
BuildingNonResidential,step2_results\normalized\BuildingNonResidential\m387_simplified_norm.obj,8777,17156,17156
BuildingNonResidential,step2_results\normalized\BuildingNonResidential\m389_refined_norm.obj,9579,18508,18508
BuildingNonResidential,step2_results\normalized\BuildingNonResidential\m390_refined_norm.obj,5860,11008,11008
BuildingNonResidential,step2_results\normalized\BuildingNonResidential\m391_refined_norm.obj,9444,17536,17536
BuildingNonResidential,step2_results\normalized\BuildingNonResidential\m392_refined_norm.obj,6868,13568,13568
BuildingNonResidential,step2_results\normalized\BuildingNonResidential\m393_simplified_norm.obj,9033,17278,17278
BuildingNonResidential,step2_results\normalized\BuildingNonResidential\m394_refined_norm.obj,9810,19152,19152
BuildingNonResidential,step2_results\normalized\BuildingNonResidential\m395_refined_norm.obj,6672,11136,11136
BuildingNonResidential,step2_results\normalized\BuildingNonResidential\m396_simplified_norm.obj,9021,15767,15767
BuildingNonResidential,step2_results\normalized\BuildingNonResidential\m397_simplified_norm.obj,9012,17980,17980
BuildingNonResidential,step2_results\normalized\BuildingNonResidential\m398_refined_norm.obj,7518,14976,14976
BuildingNonResidential,step2_results\normalized\BuildingNonResidential\m399_simplified_norm.obj,6862,12247,12247
BuildingNonResidential,step2_results\normalized\BuildingNonResidential\m400_refined_norm.obj,6709,13184,13184
BuildingNonResidential,step2_results\normalized\BuildingNonResidential\m401_kept_norm.obj,6891,13248,13248
BuildingNonResidential,step2_results\normalized\BuildingNonResidential\m402_simplified_norm.obj,8750,16830,16830
BuildingNonResidential,step2_results\normalized\BuildingNonResidential\m404_simplified_norm.obj,9011,15433,15433
BuildingNonResidential,step2_results\normalized\BuildingNonResidential\m405_simplified_norm.obj,9061,17879,17879
BuildingNonResidential,step2_results\normalized\BuildingNonResidential\m406_simplified_norm.obj,6817,12751,12751
BuildingNonResidential,step2_results\normalized\BuildingNonResidential\m407_simplified_norm.obj,8980,17596,17596
BuildingNonResidential,step2_results\normalized\BuildingNonResidential\m408_simplified_norm.obj,9063,17770,17770
BuildingNonResidential,step2_results\normalized\BuildingNonResidential\m409_simplified_norm.obj,9002,15429,15429
BuildingNonResidential,step2_results\normalized\BuildingNonResidential\m410_simplified_norm.obj,9080,17782,17782
BuildingNonResidential,step2_results\normalized\BuildingNonResidential\m412_refined_norm.obj,6441,11244,11244
BuildingNonResidential,step2_results\normalized\BuildingNonResidential\m413_simplified_norm.obj,9010,17662,17662
BuildingNonResidential,step2_results\normalized\BuildingNonResidential\m414_simplified_norm.obj,9035,17902,17902
BuildingNonResidential,step2_results\normalized\BuildingNonResidential\m415_refined_norm.obj,7377,14656,14656
BuildingNonResidential,step2_results\normalized\BuildingNonResidential\m416_simplified_norm.obj,6812,12882,12882
BuildingNonResidential,step2_results\normalized\BuildingNonResidential\m418_refined_norm.obj,5824,11336,11336
BuildingNonResidential,step2_results\normalized\BuildingNonResidential\m420_simplified_norm.obj,6768,12164,12164
BuildingNonResidential,step2_results\normalized\BuildingNonResidential\m421_kept_norm.obj,6852,10999,10999
BuildingNonResidential,step2_results\normalized\BuildingNonResidential\m470_simplified_norm.obj,9054,17762,17762
BuildingNonResidential,step2_results\normalized\BuildingNonResidential\m471_refined_norm.obj,7559,14976,14976
BuildingNonResidential,step2_results\normalized\BuildingNonResidential\m472_refined_norm.obj,5638,11264,11264
BuildingNonResidential,step2_results\normalized\BuildingNonResidential\m474_simplified_norm.obj,9015,17977,17977
BuildingNonResidential,step2_results\normalized\BuildingNonResidential\m475_refined_norm.obj,5796,11264,11264
BuildingNonResidential,step2_results\normalized\BuildingNonResidential\m477_simplified_norm.obj,9056,17133,17133
BuildingNonResidential,step2_results\normalized\BuildingNonResidential\m478_refined_norm.obj,6455,11920,11920
BuildingNonResidential,step2_results\normalized\BuildingNonResidential\m479_refined_norm.obj,8820,16896,16896
BuildingNonResidential,step2_results\normalized\BuildingNonResidential\m481_refined_norm.obj,6378,12128,12128
Bus,step2_results\normalized\Bus\D00084_simplified_norm.obj,8977,16849,16849
Bus,step2_results\normalized\Bus\D00114_simplified_norm.obj,6761,13311,13311
Bus,step2_results\normalized\Bus\D00151_kept_norm.obj,9149,16329,16329
Bus,step2_results\normalized\Bus\D00179_kept_norm.obj,5956,11227,11227
Bus,step2_results\normalized\Bus\D00182_simplified_norm.obj,9047,16944,16944
Bus,step2_results\normalized\Bus\D00264_simplified_norm.obj,8984,17538,17538
Bus,step2_results\normalized\Bus\D00411_simplified_norm.obj,8894,16995,16995
Bus,step2_results\normalized\Bus\D00436_simplified_norm.obj,8915,17799,17799
Bus,step2_results\normalized\Bus\D00446_simplified_norm.obj,9068,17534,17534
Bus,step2_results\normalized\Bus\D00448_simplified_norm.obj,6838,12122,12122
Bus,step2_results\normalized\Bus\D00483_kept_norm.obj,6071,8486,8486
Bus,step2_results\normalized\Bus\D00516_simplified_norm.obj,8969,17572,17572
Bus,step2_results\normalized\Bus\D00677_simplified_norm.obj,8912,15748,15748
Bus,step2_results\normalized\Bus\D00754_kept_norm.obj,8819,16406,16406
Bus,step2_results\normalized\Bus\D00769_kept_norm.obj,8940,16382,16382
Bus,step2_results\normalized\Bus\D00775_kept_norm.obj,9502,17613,17613
Bus,step2_results\normalized\Bus\D00815_simplified_norm.obj,6773,12796,12796
Bus,step2_results\normalized\Bus\D00823_simplified_norm.obj,6802,13006,13006
Bus,step2_results\normalized\Bus\D00832_simplified_norm.obj,9010,17662,17662
Bus,step2_results\normalized\Bus\D00857_kept_norm.obj,5205,8783,8783
Car,step2_results\normalized\Car\D00168_simplified_norm.obj,9044,17284,17284
Car,step2_results\normalized\Car\D00236_simplified_norm.obj,8564,13502,13502
Car,step2_results\normalized\Car\D00260_simplified_norm.obj,8500,12593,12593
Car,step2_results\normalized\Car\D00265_simplified_norm.obj,9133,17139,17139
Car,step2_results\normalized\Car\D00299_simplified_norm.obj,8999,17992,17992
Car,step2_results\normalized\Car\D00377_simplified_norm.obj,6799,13594,13594
Car,step2_results\normalized\Car\D00405_simplified_norm.obj,8718,17127,17127
Car,step2_results\normalized\Car\D00452_simplified_norm.obj,9038,17897,17897
Car,step2_results\normalized\Car\D00504_kept_norm.obj,5152,8561,8561
Car,step2_results\normalized\Car\D00541_simplified_norm.obj,9092,15769,15769
Car,step2_results\normalized\Car\D00618_simplified_norm.obj,9003,16158,16158
Car,step2_results\normalized\Car\D00670_simplified_norm.obj,8981,16013,16013
Car,step2_results\normalized\Car\D00671_simplified_norm.obj,8991,16820,16820
Car,step2_results\normalized\Car\D00724_simplified_norm.obj,8974,14529,14529
Car,step2_results\normalized\Car\D00767_simplified_norm.obj,9019,17786,17786
Car,step2_results\normalized\Car\D00785_simplified_norm.obj,6806,10813,10813
Car,step2_results\normalized\Car\D00793_kept_norm.obj,5320,9896,9896
Car,step2_results\normalized\Car\D00803_simplified_norm.obj,9005,17870,17870
Car,step2_results\normalized\Car\D00865_simplified_norm.obj,8807,15834,15834
Car,step2_results\normalized\Car\D00976_simplified_norm.obj,8833,14714,14714
Car,step2_results\normalized\Car\m1485_kept_norm.obj,6147,12259,12259
Car,step2_results\normalized\Car\m1486_kept_norm.obj,5704,11230,11230
Car,step2_results\normalized\Car\m1487_simplified_norm.obj,6801,13511,13511
Car,step2_results\normalized\Car\m1488_simplified_norm.obj,8985,16944,16944
Car,step2_results\normalized\Car\m1489_refined_norm.obj,6712,13408,13408
Car,step2_results\normalized\Car\m1490_simplified_norm.obj,9030,17196,17196
Car,step2_results\normalized\Car\m1492_kept_norm.obj,5914,10880,10880
Car,step2_results\normalized\Car\m1495_kept_norm.obj,6845,13202,13202
Car,step2_results\normalized\Car\m1496_simplified_norm.obj,6805,13544,13544
Car,step2_results\normalized\Car\m1497_simplified_norm.obj,9007,17938,17938
Car,step2_results\normalized\Car\m1498_kept_norm.obj,5512,10104,10104
Car,step2_results\normalized\Car\m1499_simplified_norm.obj,9081,17770,17770
Car,step2_results\normalized\Car\m1500_refined_norm.obj,6534,13040,13040
Car,step2_results\normalized\Car\m1502_simplified_norm.obj,9116,13726,13726
Car,step2_results\normalized\Car\m1503_simplified_norm.obj,9038,16427,16427
Car,step2_results\normalized\Car\m1504_refined_norm.obj,6157,11732,11732
Car,step2_results\normalized\Car\m1505_simplified_norm.obj,9085,17100,17100
Car,step2_results\normalized\Car\m1506_simplified_norm.obj,9125,17211,17211
Car,step2_results\normalized\Car\m1507_kept_norm.obj,6509,12744,12744
Car,step2_results\normalized\Car\m1508_simplified_norm.obj,9206,12593,12593
Car,step2_results\normalized\Car\m1509_simplified_norm.obj,8941,17948,17948
Car,step2_results\normalized\Car\m1510_simplified_norm.obj,9012,17988,17988
Car,step2_results\normalized\Car\m1511_simplified_norm.obj,9025,17607,17607
Car,step2_results\normalized\Car\m1512_kept_norm.obj,6808,11419,11419
Car,step2_results\normalized\Car\m1513_simplified_norm.obj,8565,14307,14307
Car,step2_results\normalized\Car\m1514_simplified_norm.obj,9100,17772,17772
Car,step2_results\normalized\Car\m1515_simplified_norm.obj,9073,17554,17554
Car,step2_results\normalized\Car\m1516_simplified_norm.obj,9002,17925,17925
Car,step2_results\normalized\Car\m1517_simplified_norm.obj,9038,17564,17564
Car,step2_results\normalized\Car\m1518_simplified_norm.obj,6794,13404,13404
Car,step2_results\normalized\Car\m1519_simplified_norm.obj,9017,17743,17743
Car,step2_results\normalized\Car\m1521_simplified_norm.obj,8957,17773,17773
Car,step2_results\normalized\Car\m1522_simplified_norm.obj,8983,16893,16893
Car,step2_results\normalized\Car\m1523_refined_norm.obj,7290,14560,14560
Car,step2_results\normalized\Car\m1524_refined_norm.obj,6038,12056,12056
Car,step2_results\normalized\Car\m1525_simplified_norm.obj,8995,17732,17732
Car,step2_results\normalized\Car\m1526_simplified_norm.obj,9084,17792,17792
Car,step2_results\normalized\Car\m1527_simplified_norm.obj,6778,13320,13320
Car,step2_results\normalized\Car\m1528_simplified_norm.obj,9007,17658,17658
Car,step2_results\normalized\Car\m1529_simplified_norm.obj,9123,16848,16848
Car,step2_results\normalized\Car\m1530_simplified_norm.obj,9138,17438,17438
Car,step2_results\normalized\Car\m1531_refined_norm.obj,8399,16232,16232
Car,step2_results\normalized\Car\m1532_simplified_norm.obj,9010,16792,16792
Car,step2_results\normalized\Car\m1533_simplified_norm.obj,6802,13310,13310
Car,step2_results\normalized\Car\m1535_simplified_norm.obj,8985,17360,17360
Car,step2_results\normalized\Car\m1536_refined_norm.obj,5996,11972,11972
Car,step2_results\normalized\Car\m1538_refined_norm.obj,7290,14560,14560
Car,step2_results\normalized\Car\m1539_simplified_norm.obj,6798,13604,13604
Car,step2_results\normalized\Car\m1540_simplified_norm.obj,6807,13538,13538
Car,step2_results\normalized\Car\m1542_simplified_norm.obj,9044,15290,15290
Car,step2_results\normalized\Car\m1543_simplified_norm.obj,8976,16778,16778
Car,step2_results\normalized\Car\m1544_simplified_norm.obj,8828,16602,16602
Car,step2_results\normalized\Car\m1545_simplified_norm.obj,6817,12351,12351
Car,step2_results\normalized\Car\m1546_kept_norm.obj,9068,14918,14918
Car,step2_results\normalized\Car\m1547_simplified_norm.obj,9008,17786,17786
Car,step2_results\normalized\Car\m1548_simplified_norm.obj,6817,12351,12351
Car,step2_results\normalized\Car\m1550_kept_norm.obj,9368,17526,17526
Car,step2_results\normalized\Car\m1551_simplified_norm.obj,8852,16774,16774
Car,step2_results\normalized\Car\m1552_kept_norm.obj,5246,10472,10472
Car,step2_results\normalized\Car\m1553_simplified_norm.obj,8986,15944,15944
Car,step2_results\normalized\Car\m1555_simplified_norm.obj,8964,16404,16404
Car,step2_results\normalized\Car\m1556_simplified_norm.obj,8196,13183,13183
Car,step2_results\normalized\Car\m1557_simplified_norm.obj,6825,13341,13341
Car,step2_results\normalized\Car\m1558_kept_norm.obj,6935,11413,11413
Car,step2_results\normalized\Car\m1559_simplified_norm.obj,9100,17297,17297
Car,step2_results\normalized\Car\m1560_simplified_norm.obj,8950,18061,18061
Car,step2_results\normalized\Car\m1561_simplified_norm.obj,9001,17640,17640
Car,step2_results\normalized\Car\m1562_simplified_norm.obj,9016,16189,16189
Car,step2_results\normalized\Car\m1563_refined_norm.obj,9007,17728,17728
Cellphone,step2_results\normalized\Cellphone\D00018_simplified_norm.obj,9014,16796,16796
Cellphone,step2_results\normalized\Cellphone\D00032_simplified_norm.obj,9058,17904,17904
Cellphone,step2_results\normalized\Cellphone\D00079_simplified_norm.obj,9010,16202,16202
Cellphone,step2_results\normalized\Cellphone\D00152_simplified_norm.obj,8987,17418,17418
Cellphone,step2_results\normalized\Cellphone\D00192_simplified_norm.obj,9021,17962,17962
Cellphone,step2_results\normalized\Cellphone\D00248_kept_norm.obj,5685,11300,11300
Cellphone,step2_results\normalized\Cellphone\D00312_simplified_norm.obj,8825,17401,17401
Cellphone,step2_results\normalized\Cellphone\D00327_kept_norm.obj,6318,11912,11912
Cellphone,step2_results\normalized\Cellphone\D00362_simplified_norm.obj,9138,17618,17618
Cellphone,step2_results\normalized\Cellphone\D00369_simplified_norm.obj,9000,17722,17722
Cellphone,step2_results\normalized\Cellphone\D00440_simplified_norm.obj,9014,17797,17797
Cellphone,step2_results\normalized\Cellphone\D00527_kept_norm.obj,8252,11427,11427
Cellphone,step2_results\normalized\Cellphone\D00542_simplified_norm.obj,9016,17930,17930
Cellphone,step2_results\normalized\Cellphone\D00554_simplified_norm.obj,6827,12138,12138
Cellphone,step2_results\normalized\Cellphone\D00559_simplified_norm.obj,8876,17350,17350
Cellphone,step2_results\normalized\Cellphone\D00817_kept_norm.obj,5013,9728,9728
Cellphone,step2_results\normalized\Cellphone\D00848_kept_norm.obj,9738,18374,18374
Cellphone,step2_results\normalized\Cellphone\D00902_refined_norm.obj,9144,18252,18252
Cellphone,step2_results\normalized\Cellphone\D00979_simplified_norm.obj,8862,17351,17351
Cellphone,step2_results\normalized\Cellphone\D00997_simplified_norm.obj,9002,17992,17992
Chess,step2_results\normalized\Chess\D01017_refined_norm.obj,6050,12096,12096
Chess,step2_results\normalized\Chess\D01019_refined_norm.obj,6626,13248,13248
Chess,step2_results\normalized\Chess\D01021_refined_norm.obj,5890,11776,11776
Chess,step2_results\normalized\Chess\D01043_refined_norm.obj,6169,12320,12320
Chess,step2_results\normalized\Chess\D01045_refined_norm.obj,6162,12320,12320
Chess,step2_results\normalized\Chess\D01049_simplified_norm.obj,8999,17979,17979
Chess,step2_results\normalized\Chess\D01053_simplified_norm.obj,9011,17944,17944
Chess,step2_results\normalized\Chess\D01080_simplified_norm.obj,9000,17996,17996
Chess,step2_results\normalized\Chess\D01081_kept_norm.obj,6727,13450,13450
Chess,step2_results\normalized\Chess\D01099_refined_norm.obj,9523,18960,18960
Chess,step2_results\normalized\Chess\D01105_simplified_norm.obj,9000,17996,17996
Chess,step2_results\normalized\Chess\D01112_simplified_norm.obj,9001,17998,17998
Chess,step2_results\normalized\Chess\D01123_refined_norm.obj,6210,12416,12416
Chess,step2_results\normalized\Chess\D01126_simplified_norm.obj,9000,17996,17996
Chess,step2_results\normalized\Chess\D01130_simplified_norm.obj,8980,17893,17893
Chess,step2_results\normalized\Chess\D01138_refined_norm.obj,6626,13248,13248
Chess,step2_results\normalized\Chess\D01145_refined_norm.obj,6210,12416,12416
Chess,step2_results\normalized\Chess\D01171_simplified_norm.obj,9000,17996,17996
Chess,step2_results\normalized\Chess\D01186_refined_norm.obj,9730,19456,19456
Chess,step2_results\normalized\Chess\D01188_simplified_norm.obj,9000,17996,17996
Chess,step2_results\normalized\Chess\m1589_simplified_norm.obj,9123,17588,17588
Chess,step2_results\normalized\Chess\m1591_simplified_norm.obj,6791,13402,13402
Chess,step2_results\normalized\Chess\m1593_simplified_norm.obj,9128,17860,17860
Chess,step2_results\normalized\Chess\m1595_simplified_norm.obj,9076,17902,17902
Chess,step2_results\normalized\Chess\m1596_simplified_norm.obj,9067,17663,17663
Chess,step2_results\normalized\Chess\m1598_simplified_norm.obj,9001,17998,17998
Chess,step2_results\normalized\Chess\m1599_simplified_norm.obj,9000,17996,17996
Chess,step2_results\normalized\Chess\m1600_refined_norm.obj,6626,13248,13248
Chess,step2_results\normalized\Chess\m1601_kept_norm.obj,6727,13450,13450
Chess,step2_results\normalized\Chess\m1602_refined_norm.obj,6162,12320,12320
Chess,step2_results\normalized\Chess\m1603_refined_norm.obj,6169,12320,12320
Chess,step2_results\normalized\Chess\m1604_simplified_norm.obj,9000,17979,17979
Chess,step2_results\normalized\Chess\m1605_simplified_norm.obj,9015,17944,17944
Chess,step2_results\normalized\Chess\m1606_refined_norm.obj,9523,18960,18960
Chess,step2_results\normalized\Chess\m1607_simplified_norm.obj,9000,17996,17996
Chess,step2_results\normalized\Chess\m1608_simplified_norm.obj,9000,17996,17996
Chess,step2_results\normalized\Chess\m1609_refined_norm.obj,9730,19456,19456
Chess,step2_results\normalized\Chess\m1610_kept_norm.obj,6014,12018,12018
Chess,step2_results\normalized\Chess\m1611_refined_norm.obj,5890,11776,11776
Chess,step2_results\normalized\Chess\m1612_simplified_norm.obj,8993,17893,17893
Chess,step2_results\normalized\Chess\m1613_simplified_norm.obj,9000,17996,17996
Chess,step2_results\normalized\Chess\m1614_refined_norm.obj,6210,12416,12416
City,step2_results\normalized\City\D01001_kept_norm.obj,6606,7637,7637
City,step2_results\normalized\City\D01007_refined_norm.obj,9196,12051,12051
City,step2_results\normalized\City\D01010_simplified_norm.obj,8998,15378,15378
City,step2_results\normalized\City\D01018_kept_norm.obj,6529,10313,10313
City,step2_results\normalized\City\D01039_simplified_norm.obj,9004,16117,16117
City,step2_results\normalized\City\D01056_simplified_norm.obj,8981,13722,13722
City,step2_results\normalized\City\D01066_kept_norm.obj,9891,16671,16671
City,step2_results\normalized\City\D01068_kept_norm.obj,5535,9169,9169
City,step2_results\normalized\City\D01079_kept_norm.obj,9137,15870,15870
City,step2_results\normalized\City\D01090_simplified_norm.obj,6815,12498,12498
City,step2_results\normalized\City\D01091_simplified_norm.obj,9002,16718,16718
City,step2_results\normalized\City\D01092_simplified_norm.obj,9106,14616,14616
City,step2_results\normalized\City\D01101_simplified_norm.obj,10410,12563,12563
City,step2_results\normalized\City\D01103_refined_norm.obj,7460,11626,11626
City,step2_results\normalized\City\D01124_kept_norm.obj,5078,8732,8732
City,step2_results\normalized\City\D01133_kept_norm.obj,5780,10656,10656
City,step2_results\normalized\City\D01173_refined_norm.obj,8562,15786,15786
City,step2_results\normalized\City\D01181_kept_norm.obj,5119,5213,5213
City,step2_results\normalized\City\D01192_simplified_norm.obj,11720,12557,12557
City,step2_results\normalized\City\D01195_simplified_norm.obj,14411,12549,12549
City,step2_results\normalized\City\m1652_refined_norm.obj,7460,11626,11626
City,step2_results\normalized\City\m1654_kept_norm.obj,5532,9169,9169
City,step2_results\normalized\City\m1659_kept_norm.obj,5780,10656,10656
City,step2_results\normalized\City\m1660_refined_norm.obj,8562,15786,15786
City,step2_results\normalized\City\m1661_simplified_norm.obj,9003,16079,16079
City,step2_results\normalized\City\m1662_kept_norm.obj,9137,15870,15870
City,step2_results\normalized\City\m1664_simplified_norm.obj,9005,15359,15359
ClassicPiano,step2_results\normalized\ClassicPiano\D00005_refined_norm.obj,9755,19275,19275
ClassicPiano,step2_results\normalized\ClassicPiano\D00009_refined_norm.obj,7999,15926,15926
ClassicPiano,step2_results\normalized\ClassicPiano\D00034_refined_norm.obj,6599,12913,12913
ClassicPiano,step2_results\normalized\ClassicPiano\D00092_kept_norm.obj,5889,10703,10703
ClassicPiano,step2_results\normalized\ClassicPiano\D00120_simplified_norm.obj,9004,17761,17761
ClassicPiano,step2_results\normalized\ClassicPiano\D00190_refined_norm.obj,6400,12408,12408
ClassicPiano,step2_results\normalized\ClassicPiano\D00233_kept_norm.obj,5204,9053,9053
ClassicPiano,step2_results\normalized\ClassicPiano\D00254_simplified_norm.obj,9065,17116,17116
ClassicPiano,step2_results\normalized\ClassicPiano\D00279_simplified_norm.obj,6787,12915,12915
ClassicPiano,step2_results\normalized\ClassicPiano\D00305_refined_norm.obj,6800,13204,13204
ClassicPiano,step2_results\normalized\ClassicPiano\D00314_kept_norm.obj,6800,10292,10292
ClassicPiano,step2_results\normalized\ClassicPiano\D00561_refined_norm.obj,6354,11888,11888
ClassicPiano,step2_results\normalized\ClassicPiano\D00579_refined_norm.obj,8392,15854,15854
ClassicPiano,step2_results\normalized\ClassicPiano\D00605_simplified_norm.obj,6794,12647,12647
ClassicPiano,step2_results\normalized\ClassicPiano\D00784_kept_norm.obj,5131,9436,9436
ClassicPiano,step2_results\normalized\ClassicPiano\D00789_simplified_norm.obj,9003,15758,15758
ClassicPiano,step2_results\normalized\ClassicPiano\D00811_refined_norm.obj,9396,18368,18368
ClassicPiano,step2_results\normalized\ClassicPiano\D00845_refined_norm.obj,9435,17504,17504
ClassicPiano,step2_results\normalized\ClassicPiano\D00967_refined_norm.obj,5570,10712,10712
ClassicPiano,step2_results\normalized\ClassicPiano\D00983_simplified_norm.obj,8998,17271,17271
Computer,step2_results\normalized\Computer\D01002_simplified_norm.obj,8995,17899,17899
Computer,step2_results\normalized\Computer\D01023_simplified_norm.obj,9020,15890,15890
Computer,step2_results\normalized\Computer\D01026_refined_norm.obj,6096,12160,12160
Computer,step2_results\normalized\Computer\D01028_refined_norm.obj,9069,16500,16500
Computer,step2_results\normalized\Computer\D01033_simplified_norm.obj,8996,17616,17616
Computer,step2_results\normalized\Computer\D01037_refined_norm.obj,7503,14976,14976
Computer,step2_results\normalized\Computer\D01067_kept_norm.obj,5026,9528,9528
Computer,step2_results\normalized\Computer\D01070_simplified_norm.obj,9028,17915,17915
Computer,step2_results\normalized\Computer\D01071_refined_norm.obj,5594,11008,11008
Computer,step2_results\normalized\Computer\D01072_simplified_norm.obj,9001,17959,17959
Computer,step2_results\normalized\Computer\D01073_simplified_norm.obj,8999,17695,17695
Computer,step2_results\normalized\Computer\D01082_simplified_norm.obj,9019,14292,14292
Computer,step2_results\normalized\Computer\D01085_refined_norm.obj,9736,19456,19456
Computer,step2_results\normalized\Computer\D01098_refined_norm.obj,9288,17472,17472
Computer,step2_results\normalized\Computer\D01100_simplified_norm.obj,8997,17615,17615
Computer,step2_results\normalized\Computer\D01102_simplified_norm.obj,9041,17768,17768
Computer,step2_results\normalized\Computer\D01115_kept_norm.obj,6512,11201,11201
Computer,step2_results\normalized\Computer\D01128_simplified_norm.obj,9121,17729,17729
Computer,step2_results\normalized\Computer\D01164_simplified_norm.obj,9010,17322,17322
Computer,step2_results\normalized\Computer\D01185_simplified_norm.obj,9007,17694,17694
Computer,step2_results\normalized\Computer\m1764_refined_norm.obj,9288,17472,17472
Computer,step2_results\normalized\Computer\m1765_simplified_norm.obj,9029,17768,17768
Computer,step2_results\normalized\Computer\m1766_refined_norm.obj,5594,11008,11008
Computer,step2_results\normalized\Computer\m1767_simplified_norm.obj,8993,17900,17900
Computer,step2_results\normalized\Computer\m1769_refined_norm.obj,9736,19456,19456
Computer,step2_results\normalized\Computer\m1770_simplified_norm.obj,8998,17616,17616
Computer,step2_results\normalized\Computer\m1772_simplified_norm.obj,9121,17729,17729
Computer,step2_results\normalized\Computer\m1773_refined_norm.obj,9066,16500,16500
Computer,step2_results\normalized\Computer\m1774_simplified_norm.obj,9009,17976,17976
Computer,step2_results\normalized\Computer\m1775_refined_norm.obj,6096,12160,12160
Computer,step2_results\normalized\Computer\m1776_simplified_norm.obj,9012,17693,17693
Computer,step2_results\normalized\Computer\m1777_simplified_norm.obj,9003,17960,17960
Computer,step2_results\normalized\Computer\m1778_kept_norm.obj,5026,9528,9528
ComputerKeyboard,step2_results\normalized\ComputerKeyboard\D00116_simplified_norm.obj,9024,17272,17272
ComputerKeyboard,step2_results\normalized\ComputerKeyboard\D00127_refined_norm.obj,9446,17824,17824
ComputerKeyboard,step2_results\normalized\ComputerKeyboard\D00197_kept_norm.obj,6384,12756,12756
ComputerKeyboard,step2_results\normalized\ComputerKeyboard\D00278_simplified_norm.obj,9066,17059,17059
ComputerKeyboard,step2_results\normalized\ComputerKeyboard\D00360_kept_norm.obj,6193,11942,11942
ComputerKeyboard,step2_results\normalized\ComputerKeyboard\D00382_simplified_norm.obj,6772,11072,11072
ComputerKeyboard,step2_results\normalized\ComputerKeyboard\D00420_simplified_norm.obj,6803,13267,13267
ComputerKeyboard,step2_results\normalized\ComputerKeyboard\D00493_simplified_norm.obj,9062,17592,17592
ComputerKeyboard,step2_results\normalized\ComputerKeyboard\D00525_simplified_norm.obj,8302,8668,8668
ComputerKeyboard,step2_results\normalized\ComputerKeyboard\D00569_simplified_norm.obj,9016,17925,17925
ComputerKeyboard,step2_results\normalized\ComputerKeyboard\D00597_simplified_norm.obj,6830,13346,13346
ComputerKeyboard,step2_results\normalized\ComputerKeyboard\D00600_refined_norm.obj,6867,11925,11925
ComputerKeyboard,step2_results\normalized\ComputerKeyboard\D00627_kept_norm.obj,6564,12702,12702
ComputerKeyboard,step2_results\normalized\ComputerKeyboard\D00654_simplified_norm.obj,9084,17550,17550
ComputerKeyboard,step2_results\normalized\ComputerKeyboard\D00673_simplified_norm.obj,8996,17230,17230
ComputerKeyboard,step2_results\normalized\ComputerKeyboard\D00676_simplified_norm.obj,6826,10629,10629
ComputerKeyboard,step2_results\normalized\ComputerKeyboard\D00692_simplified_norm.obj,8900,15684,15684
ComputerKeyboard,step2_results\normalized\ComputerKeyboard\D00805_kept_norm.obj,6954,13443,13443
ComputerKeyboard,step2_results\normalized\ComputerKeyboard\D00905_simplified_norm.obj,8998,17975,17975
ComputerKeyboard,step2_results\normalized\ComputerKeyboard\D00990_refined_norm.obj,6286,12117,12117
Cup,step2_results\normalized\Cup\D00035_simplified_norm.obj,8973,17843,17843
Cup,step2_results\normalized\Cup\D00067_refined_norm.obj,5618,11232,11232
Cup,step2_results\normalized\Cup\D00174_simplified_norm.obj,9000,17996,17996
Cup,step2_results\normalized\Cup\D00206_refined_norm.obj,7585,15080,15080
Cup,step2_results\normalized\Cup\D00214_refined_norm.obj,6290,12576,12576
Cup,step2_results\normalized\Cup\D00270_refined_norm.obj,9897,19672,19672
Cup,step2_results\normalized\Cup\D00328_simplified_norm.obj,9000,17996,17996
Cup,step2_results\normalized\Cup\D00355_simplified_norm.obj,6800,13596,13596
Cup,step2_results\normalized\Cup\D00363_simplified_norm.obj,9000,17996,17996
Cup,step2_results\normalized\Cup\D00457_simplified_norm.obj,9000,17996,17996
Cup,step2_results\normalized\Cup\D00463_simplified_norm.obj,9000,18000,18000
Cup,step2_results\normalized\Cup\D00519_refined_norm.obj,7152,14208,14208
Cup,step2_results\normalized\Cup\D00550_simplified_norm.obj,9018,17906,17906
Cup,step2_results\normalized\Cup\D00587_simplified_norm.obj,6800,13596,13596
Cup,step2_results\normalized\Cup\D00638_kept_norm.obj,6786,13568,13568
Cup,step2_results\normalized\Cup\D00642_refined_norm.obj,6120,12144,12144
Cup,step2_results\normalized\Cup\D00738_simplified_norm.obj,9018,17732,17732
Cup,step2_results\normalized\Cup\D00843_simplified_norm.obj,6800,13592,13592
Cup,step2_results\normalized\Cup\D00874_refined_norm.obj,7541,14992,14992
Cup,step2_results\normalized\Cup\D00882_refined_norm.obj,6206,12408,12408
Cup,step2_results\normalized\Cup\m494_simplified_norm.obj,9000,17996,17996
Cup,step2_results\normalized\Cup\m495_refined_norm.obj,5551,11000,11000
Cup,step2_results\normalized\Cup\m496_refined_norm.obj,7989,15968,15968
Cup,step2_results\normalized\Cup\m497_simplified_norm.obj,8967,17652,17652
Cup,step2_results\normalized\Cup\m498_refined_norm.obj,5840,11520,11520
Cup,step2_results\normalized\Cup\m499_simplified_norm.obj,9071,17813,17813
Cup,step2_results\normalized\Cup\m500_simplified_norm.obj,9000,17996,17996
Cup,step2_results\normalized\Cup\m501_simplified_norm.obj,9112,17720,17720
Cup,step2_results\normalized\Cup\m502_simplified_norm.obj,9000,17996,17996
Cup,step2_results\normalized\Cup\m526_refined_norm.obj,7281,14464,14464
DeskLamp,step2_results\normalized\DeskLamp\D00048_simplified_norm.obj,9003,17897,17897
DeskLamp,step2_results\normalized\DeskLamp\D00090_kept_norm.obj,5696,11216,11216
DeskLamp,step2_results\normalized\DeskLamp\D00147_refined_norm.obj,6756,13376,13376
DeskLamp,step2_results\normalized\DeskLamp\D00257_refined_norm.obj,8765,17464,17464
DeskLamp,step2_results\normalized\DeskLamp\D00268_refined_norm.obj,7400,14688,14688
DeskLamp,step2_results\normalized\DeskLamp\D00330_kept_norm.obj,9502,18519,18519
DeskLamp,step2_results\normalized\DeskLamp\D00378_simplified_norm.obj,9022,17826,17826
DeskLamp,step2_results\normalized\DeskLamp\D00435_refined_norm.obj,8966,17904,17904
DeskLamp,step2_results\normalized\DeskLamp\D00455_simplified_norm.obj,6803,13540,13540
DeskLamp,step2_results\normalized\DeskLamp\D00531_refined_norm.obj,9119,18184,18184
DeskLamp,step2_results\normalized\DeskLamp\D00547_simplified_norm.obj,9027,17964,17964
DeskLamp,step2_results\normalized\DeskLamp\D00686_simplified_norm.obj,9007,17878,17878
DeskLamp,step2_results\normalized\DeskLamp\D00693_refined_norm.obj,9943,19584,19584
DeskLamp,step2_results\normalized\DeskLamp\D00698_simplified_norm.obj,7480,12053,12053
DeskLamp,step2_results\normalized\DeskLamp\D00715_refined_norm.obj,7838,15664,15664
DeskLamp,step2_results\normalized\DeskLamp\D00744_simplified_norm.obj,8711,15839,15839
DeskLamp,step2_results\normalized\DeskLamp\D00759_kept_norm.obj,5891,11732,11732
DeskLamp,step2_results\normalized\DeskLamp\D00776_simplified_norm.obj,8992,17802,17802
DeskLamp,step2_results\normalized\DeskLamp\D00797_simplified_norm.obj,9008,17970,17970
DeskLamp,step2_results\normalized\DeskLamp\D00912_simplified_norm.obj,9017,17887,17887
DeskLamp,step2_results\normalized\DeskLamp\m603_simplified_norm.obj,9004,17936,17936
DeskLamp,step2_results\normalized\DeskLamp\m604_simplified_norm.obj,9000,17438,17438
DeskLamp,step2_results\normalized\DeskLamp\m605_refined_norm.obj,7569,13176,13176
DeskLamp,step2_results\normalized\DeskLamp\m606_simplified_norm.obj,9025,17837,17837
DeskLamp,step2_results\normalized\DeskLamp\m608_simplified_norm.obj,9014,17745,17745
DeskLamp,step2_results\normalized\DeskLamp\m609_simplified_norm.obj,9009,17948,17948
DeskLamp,step2_results\normalized\DeskLamp\m611_simplified_norm.obj,8568,16309,16309
DeskLamp,step2_results\normalized\DeskLamp\m613_refined_norm.obj,6576,12800,12800
DeskLamp,step2_results\normalized\DeskLamp\m614_simplified_norm.obj,8996,18004,18004
DeskLamp,step2_results\normalized\DeskLamp\m615_simplified_norm.obj,9001,17953,17953
DeskLamp,step2_results\normalized\DeskLamp\m616_simplified_norm.obj,9006,17970,17970
DeskPhone,step2_results\normalized\DeskPhone\D00118_simplified_norm.obj,7862,15192,15192
DeskPhone,step2_results\normalized\DeskPhone\D00135_refined_norm.obj,7125,13568,13568
DeskPhone,step2_results\normalized\DeskPhone\D00154_simplified_norm.obj,9024,17792,17792
DeskPhone,step2_results\normalized\DeskPhone\D00220_simplified_norm.obj,9011,17954,17954
DeskPhone,step2_results\normalized\DeskPhone\D00316_simplified_norm.obj,8991,17695,17695
DeskPhone,step2_results\normalized\DeskPhone\D00318_simplified_norm.obj,9031,17930,17930
DeskPhone,step2_results\normalized\DeskPhone\D00403_simplified_norm.obj,9067,17934,17934
DeskPhone,step2_results\normalized\DeskPhone\D00486_refined_norm.obj,6670,13256,13256
DeskPhone,step2_results\normalized\DeskPhone\D00511_simplified_norm.obj,9031,17408,17408
DeskPhone,step2_results\normalized\DeskPhone\D00556_refined_norm.obj,8896,17728,17728
DeskPhone,step2_results\normalized\DeskPhone\D00576_simplified_norm.obj,9021,17783,17783
DeskPhone,step2_results\normalized\DeskPhone\D00680_simplified_norm.obj,9046,17742,17742
DeskPhone,step2_results\normalized\DeskPhone\D00706_simplified_norm.obj,8056,12538,12538
DeskPhone,step2_results\normalized\DeskPhone\D00773_simplified_norm.obj,8559,16809,16809
DeskPhone,step2_results\normalized\DeskPhone\D00829_simplified_norm.obj,9009,17970,17970
DeskPhone,step2_results\normalized\DeskPhone\D00894_simplified_norm.obj,9015,17936,17936
DeskPhone,step2_results\normalized\DeskPhone\D00897_simplified_norm.obj,9066,17920,17920
DeskPhone,step2_results\normalized\DeskPhone\D00899_simplified_norm.obj,9034,17980,17980
DeskPhone,step2_results\normalized\DeskPhone\D00957_simplified_norm.obj,8894,17565,17565
DeskPhone,step2_results\normalized\DeskPhone\D00958_simplified_norm.obj,9098,12599,12599
Door,step2_results\normalized\Door\D01005_kept_norm.obj,6040,11440,11440
Door,step2_results\normalized\Door\D01029_refined_norm.obj,7184,14304,14304
Door,step2_results\normalized\Door\D01052_simplified_norm.obj,8989,17936,17936
Door,step2_results\normalized\Door\D01058_simplified_norm.obj,9019,17443,17443
Door,step2_results\normalized\Door\D01062_refined_norm.obj,5738,11088,11088
Door,step2_results\normalized\Door\D01076_refined_norm.obj,6924,13868,13868
Door,step2_results\normalized\Door\D01104_simplified_norm.obj,8965,17791,17791
Door,step2_results\normalized\Door\D01114_simplified_norm.obj,9014,17976,17976
Door,step2_results\normalized\Door\D01121_refined_norm.obj,8324,16384,16384
Door,step2_results\normalized\Door\D01129_refined_norm.obj,9615,17336,17336
Door,step2_results\normalized\Door\D01136_simplified_norm.obj,8997,17741,17741
Door,step2_results\normalized\Door\D01139_simplified_norm.obj,9035,17487,17487
Door,step2_results\normalized\Door\D01141_refined_norm.obj,9299,17636,17636
Door,step2_results\normalized\Door\D01143_refined_norm.obj,9228,18432,18432
Door,step2_results\normalized\Door\D01144_simplified_norm.obj,8922,17247,17247
Door,step2_results\normalized\Door\D01155_refined_norm.obj,6127,11712,11712
Door,step2_results\normalized\Door\D01158_simplified_norm.obj,8998,18010,18010
Door,step2_results\normalized\Door\D01167_refined_norm.obj,5642,10674,10674
Door,step2_results\normalized\Door\D01177_simplified_norm.obj,9036,17224,17224
Door,step2_results\normalized\Door\D01194_refined_norm.obj,8977,17408,17408
Door,step2_results\normalized\Door\m1707_refined_norm.obj,7185,14304,14304
Door,step2_results\normalized\Door\m1708_refined_norm.obj,8324,16384,16384
Door,step2_results\normalized\Door\m1710_refined_norm.obj,7923,15776,15776
Door,step2_results\normalized\Door\m1711_simplified_norm.obj,8991,17426,17426
Door,step2_results\normalized\Door\m1712_refined_norm.obj,6924,13868,13868
Door,step2_results\normalized\Door\m1713_kept_norm.obj,6040,11440,11440
Door,step2_results\normalized\Door\m1714_simplified_norm.obj,8943,17820,17820
Door,step2_results\normalized\Door\m1715_simplified_norm.obj,8990,17935,17935
Door,step2_results\normalized\Door\m1716_refined_norm.obj,9302,17636,17636
Door,step2_results\normalized\Door\m1717_simplified_norm.obj,9024,17450,17450
Door,step2_results\normalized\Door\m1718_refined_norm.obj,9615,17336,17336
Door,step2_results\normalized\Door\m1720_simplified_norm.obj,9006,17742,17742
Door,step2_results\normalized\Door\m1721_simplified_norm.obj,8998,18010,18010
Door,step2_results\normalized\Door\m1722_simplified_norm.obj,9014,17976,17976
Door,step2_results\normalized\Door\m1723_refined_norm.obj,5722,11039,11039
Door,step2_results\normalized\Door\m1724_refined_norm.obj,5631,10648,10648
Door,step2_results\normalized\Door\m1725_simplified_norm.obj,8980,17928,17928
Door,step2_results\normalized\Door\m1726_refined_norm.obj,6127,11712,11712
Door,step2_results\normalized\Door\m1727_simplified_norm.obj,9022,17928,17928
Door,step2_results\normalized\Door\m1728_refined_norm.obj,7794,15156,15156
Door,step2_results\normalized\Door\m1729_simplified_norm.obj,9027,17946,17946
Door,step2_results\normalized\Door\m1730_simplified_norm.obj,9027,17946,17946
Door,step2_results\normalized\Door\m1731_refined_norm.obj,8100,16336,16336
Door,step2_results\normalized\Door\m1732_simplified_norm.obj,9017,17898,17898
Drum,step2_results\normalized\Drum\D00026_kept_norm.obj,5505,10641,10641
Drum,step2_results\normalized\Drum\D00063_simplified_norm.obj,8913,17512,17512
Drum,step2_results\normalized\Drum\D00115_refined_norm.obj,8706,17408,17408
Drum,step2_results\normalized\Drum\D00163_simplified_norm.obj,6326,9688,9688
Drum,step2_results\normalized\Drum\D00189_simplified_norm.obj,8987,17982,17982
Drum,step2_results\normalized\Drum\D00193_refined_norm.obj,7456,14392,14392
Drum,step2_results\normalized\Drum\D00297_kept_norm.obj,5506,10366,10366
Drum,step2_results\normalized\Drum\D00298_refined_norm.obj,6299,12552,12552
Drum,step2_results\normalized\Drum\D00308_simplified_norm.obj,9058,17114,17114
Drum,step2_results\normalized\Drum\D00375_simplified_norm.obj,9104,16125,16125
Drum,step2_results\normalized\Drum\D00383_simplified_norm.obj,9052,17416,17416
Drum,step2_results\normalized\Drum\D00404_simplified_norm.obj,8969,17845,17845
Drum,step2_results\normalized\Drum\D00551_simplified_norm.obj,9008,17717,17717
Drum,step2_results\normalized\Drum\D00557_refined_norm.obj,6491,12544,12544
Drum,step2_results\normalized\Drum\D00596_simplified_norm.obj,9012,17656,17656
Drum,step2_results\normalized\Drum\D00709_refined_norm.obj,5634,11264,11264
Drum,step2_results\normalized\Drum\D00939_kept_norm.obj,5390,10532,10532
Drum,step2_results\normalized\Drum\D00951_simplified_norm.obj,6830,13248,13248
Drum,step2_results\normalized\Drum\D00980_kept_norm.obj,5651,11181,11181
Drum,step2_results\normalized\Drum\D00982_refined_norm.obj,7090,13799,13799
Fish,step2_results\normalized\Fish\D00012_simplified_norm.obj,9022,15831,15831
Fish,step2_results\normalized\Fish\D00022_simplified_norm.obj,9010,15981,15981
Fish,step2_results\normalized\Fish\D00024_simplified_norm.obj,9015,16013,16013
Fish,step2_results\normalized\Fish\D00030_simplified_norm.obj,9008,16039,16039
Fish,step2_results\normalized\Fish\D00142_simplified_norm.obj,9045,16743,16743
Fish,step2_results\normalized\Fish\D00165_simplified_norm.obj,9019,15946,15946
Fish,step2_results\normalized\Fish\D00251_simplified_norm.obj,9018,15883,15883
Fish,step2_results\normalized\Fish\D00293_simplified_norm.obj,9017,15954,15954
Fish,step2_results\normalized\Fish\D00351_simplified_norm.obj,9076,16683,16683
Fish,step2_results\normalized\Fish\D00398_simplified_norm.obj,9020,15972,15972
Fish,step2_results\normalized\Fish\D00450_simplified_norm.obj,9009,16102,16102
Fish,step2_results\normalized\Fish\D00535_simplified_norm.obj,9003,16193,16193
Fish,step2_results\normalized\Fish\D00633_simplified_norm.obj,9008,16252,16252
Fish,step2_results\normalized\Fish\D00636_simplified_norm.obj,9010,16187,16187
Fish,step2_results\normalized\Fish\D00643_simplified_norm.obj,9012,15977,15977
Fish,step2_results\normalized\Fish\D00682_simplified_norm.obj,9002,16232,16232
Fish,step2_results\normalized\Fish\D00748_kept_norm.obj,5044,8094,8094
Fish,step2_results\normalized\Fish\D00763_simplified_norm.obj,9015,15860,15860
Fish,step2_results\normalized\Fish\D00850_simplified_norm.obj,9012,15971,15971
Fish,step2_results\normalized\Fish\D00950_simplified_norm.obj,9014,16164,16164
FloorLamp,step2_results\normalized\FloorLamp\D00028_simplified_norm.obj,9005,17948,17948
FloorLamp,step2_results\normalized\FloorLamp\D00093_simplified_norm.obj,8970,17931,17931
FloorLamp,step2_results\normalized\FloorLamp\D00186_simplified_norm.obj,6804,13536,13536
FloorLamp,step2_results\normalized\FloorLamp\D00211_kept_norm.obj,5097,9970,9970
FloorLamp,step2_results\normalized\FloorLamp\D00228_simplified_norm.obj,9003,17994,17994
FloorLamp,step2_results\normalized\FloorLamp\D00388_simplified_norm.obj,9022,17291,17291
FloorLamp,step2_results\normalized\FloorLamp\D00400_kept_norm.obj,9578,18962,18962
FloorLamp,step2_results\normalized\FloorLamp\D00408_simplified_norm.obj,9015,17618,17618
FloorLamp,step2_results\normalized\FloorLamp\D00447_simplified_norm.obj,9009,17973,17973
FloorLamp,step2_results\normalized\FloorLamp\D00495_simplified_norm.obj,9025,17931,17931
FloorLamp,step2_results\normalized\FloorLamp\D00563_simplified_norm.obj,8932,17756,17756
FloorLamp,step2_results\normalized\FloorLamp\D00580_simplified_norm.obj,8995,17244,17244
FloorLamp,step2_results\normalized\FloorLamp\D00740_simplified_norm.obj,9003,17990,17990
FloorLamp,step2_results\normalized\FloorLamp\D00856_simplified_norm.obj,9000,17994,17994
FloorLamp,step2_results\normalized\FloorLamp\D00875_simplified_norm.obj,9047,17849,17849
FloorLamp,step2_results\normalized\FloorLamp\D00876_simplified_norm.obj,9001,17994,17994
FloorLamp,step2_results\normalized\FloorLamp\D00888_refined_norm.obj,7267,14528,14528
FloorLamp,step2_results\normalized\FloorLamp\D00924_simplified_norm.obj,9065,17850,17850
FloorLamp,step2_results\normalized\FloorLamp\D00955_simplified_norm.obj,6801,13567,13567
FloorLamp,step2_results\normalized\FloorLamp\D00981_refined_norm.obj,6574,12864,12864
FloorLamp,step2_results\normalized\FloorLamp\m617_simplified_norm.obj,9010,17961,17961
FloorLamp,step2_results\normalized\FloorLamp\m618_refined_norm.obj,6470,12928,12928
FloorLamp,step2_results\normalized\FloorLamp\m619_refined_norm.obj,5617,11136,11136
FloorLamp,step2_results\normalized\FloorLamp\m620_kept_norm.obj,5584,11058,11058
FloorLamp,step2_results\normalized\FloorLamp\m621_simplified_norm.obj,9002,17895,17895
FloorLamp,step2_results\normalized\FloorLamp\m622_simplified_norm.obj,8975,17840,17840
FloorLamp,step2_results\normalized\FloorLamp\m623_simplified_norm.obj,9013,17960,17960
FloorLamp,step2_results\normalized\FloorLamp\m624_refined_norm.obj,9729,19456,19456
Glasses,step2_results\normalized\Glasses\D00050_kept_norm.obj,5652,11300,11300
Glasses,step2_results\normalized\Glasses\D00201_kept_norm.obj,6519,12656,12656
Glasses,step2_results\normalized\Glasses\D00225_refined_norm.obj,6044,12000,12000
Glasses,step2_results\normalized\Glasses\D00432_refined_norm.obj,5790,11072,11072
Glasses,step2_results\normalized\Glasses\D00475_refined_norm.obj,6210,12368,12368
Glasses,step2_results\normalized\Glasses\D00507_kept_norm.obj,5652,11300,11300
Glasses,step2_results\normalized\Glasses\D00560_simplified_norm.obj,9033,17903,17903
Glasses,step2_results\normalized\Glasses\D00575_simplified_norm.obj,9036,17912,17912
Glasses,step2_results\normalized\Glasses\D00630_simplified_norm.obj,9015,17896,17896
Glasses,step2_results\normalized\Glasses\D00640_simplified_norm.obj,9006,17902,17902
Glasses,step2_results\normalized\Glasses\D00656_simplified_norm.obj,9097,16671,16671
Glasses,step2_results\normalized\Glasses\D00660_kept_norm.obj,9290,18499,18499
Glasses,step2_results\normalized\Glasses\D00717_refined_norm.obj,7228,14408,14408
Glasses,step2_results\normalized\Glasses\D00730_simplified_norm.obj,9001,17990,17990
Glasses,step2_results\normalized\Glasses\D00813_simplified_norm.obj,9001,17926,17926
Glasses,step2_results\normalized\Glasses\D00816_simplified_norm.obj,9017,17950,17950
Glasses,step2_results\normalized\Glasses\D00877_simplified_norm.obj,8988,17510,17510
Glasses,step2_results\normalized\Glasses\D00883_simplified_norm.obj,9001,17863,17863
Glasses,step2_results\normalized\Glasses\D00937_refined_norm.obj,8834,17664,17664
Glasses,step2_results\normalized\Glasses\D00994_refined_norm.obj,8668,17224,17224
Guitar,step2_results\normalized\Guitar\D00023_simplified_norm.obj,9051,17806,17806
Guitar,step2_results\normalized\Guitar\D00041_simplified_norm.obj,8986,16635,16635
Guitar,step2_results\normalized\Guitar\D00076_kept_norm.obj,8888,15145,15145
Guitar,step2_results\normalized\Guitar\D00097_simplified_norm.obj,9017,17942,17942
Guitar,step2_results\normalized\Guitar\D00124_refined_norm.obj,6015,11468,11468
Guitar,step2_results\normalized\Guitar\D00222_simplified_norm.obj,9034,17808,17808
Guitar,step2_results\normalized\Guitar\D00232_kept_norm.obj,6140,11543,11543
Guitar,step2_results\normalized\Guitar\D00335_simplified_norm.obj,9128,17854,17854
Guitar,step2_results\normalized\Guitar\D00374_simplified_norm.obj,8977,17396,17396
Guitar,step2_results\normalized\Guitar\D00414_simplified_norm.obj,9072,16420,16420
Guitar,step2_results\normalized\Guitar\D00416_simplified_norm.obj,9054,17606,17606
Guitar,step2_results\normalized\Guitar\D00461_kept_norm.obj,8636,16930,16930
Guitar,step2_results\normalized\Guitar\D00464_simplified_norm.obj,8984,17477,17477
Guitar,step2_results\normalized\Guitar\D00494_simplified_norm.obj,9016,16669,16669
Guitar,step2_results\normalized\Guitar\D00534_refined_norm.obj,7341,14400,14400
Guitar,step2_results\normalized\Guitar\D00549_simplified_norm.obj,9026,17610,17610
Guitar,step2_results\normalized\Guitar\D00645_simplified_norm.obj,9059,17832,17832
Guitar,step2_results\normalized\Guitar\D00655_kept_norm.obj,5530,10792,10792
Guitar,step2_results\normalized\Guitar\D00844_simplified_norm.obj,6779,12226,12226
Guitar,step2_results\normalized\Guitar\D00849_simplified_norm.obj,9015,16927,16927
Gun,step2_results\normalized\Gun\D00103_simplified_norm.obj,8999,17944,17944
Gun,step2_results\normalized\Gun\D00137_kept_norm.obj,5308,10332,10332
Gun,step2_results\normalized\Gun\D00140_simplified_norm.obj,9038,17836,17836
Gun,step2_results\normalized\Gun\D00153_refined_norm.obj,5644,11264,11264
Gun,step2_results\normalized\Gun\D00161_simplified_norm.obj,9008,17984,17984
Gun,step2_results\normalized\Gun\D00204_simplified_norm.obj,9122,17088,17088
Gun,step2_results\normalized\Gun\D00207_simplified_norm.obj,9069,17756,17756
Gun,step2_results\normalized\Gun\D00209_simplified_norm.obj,9007,17942,17942
Gun,step2_results\normalized\Gun\D00239_refined_norm.obj,8467,16912,16912
Gun,step2_results\normalized\Gun\D00244_simplified_norm.obj,8999,17942,17942
Gun,step2_results\normalized\Gun\D00282_simplified_norm.obj,9008,17914,17914
Gun,step2_results\normalized\Gun\D00368_simplified_norm.obj,9008,17984,17984
Gun,step2_results\normalized\Gun\D00425_simplified_norm.obj,8983,17536,17536
Gun,step2_results\normalized\Gun\D00477_refined_norm.obj,7685,14788,14788
Gun,step2_results\normalized\Gun\D00606_simplified_norm.obj,9000,17986,17986
Gun,step2_results\normalized\Gun\D00802_simplified_norm.obj,9009,17982,17982
Gun,step2_results\normalized\Gun\D00819_simplified_norm.obj,9028,17775,17775
Gun,step2_results\normalized\Gun\D00826_simplified_norm.obj,9016,17887,17887
Gun,step2_results\normalized\Gun\D00929_simplified_norm.obj,9007,17938,17938
Gun,step2_results\normalized\Gun\D00972_simplified_norm.obj,9041,17942,17942
Gun,step2_results\normalized\Gun\m648_simplified_norm.obj,9012,17976,17976
Gun,step2_results\normalized\Gun\m649_simplified_norm.obj,9122,17118,17118
Gun,step2_results\normalized\Gun\m650_simplified_norm.obj,9007,16836,16836
Gun,step2_results\normalized\Gun\m651_simplified_norm.obj,9055,17621,17621
Gun,step2_results\normalized\Gun\m652_simplified_norm.obj,8991,14868,14868
Gun,step2_results\normalized\Gun\m653_refined_norm.obj,8612,17200,17200
Gun,step2_results\normalized\Gun\m654_simplified_norm.obj,9009,17978,17978
Gun,step2_results\normalized\Gun\m655_refined_norm.obj,5639,11248,11248
Gun,step2_results\normalized\Gun\m656_simplified_norm.obj,9004,17918,17918
Gun,step2_results\normalized\Gun\m657_simplified_norm.obj,9011,17976,17976
Gun,step2_results\normalized\Gun\m658_simplified_norm.obj,9002,17871,17871
Gun,step2_results\normalized\Gun\m659_simplified_norm.obj,9016,17900,17900
Gun,step2_results\normalized\Gun\m660_refined_norm.obj,9287,11974,11974
Gun,step2_results\normalized\Gun\m661_simplified_norm.obj,9037,17839,17839
Gun,step2_results\normalized\Gun\m662_refined_norm.obj,6703,13232,13232
Gun,step2_results\normalized\Gun\m663_refined_norm.obj,7438,14752,14752
Gun,step2_results\normalized\Gun\m664_simplified_norm.obj,9008,17984,17984
Gun,step2_results\normalized\Gun\m665_refined_norm.obj,7217,13996,13996
Gun,step2_results\normalized\Gun\m666_simplified_norm.obj,8994,18023,18023
Gun,step2_results\normalized\Gun\m667_simplified_norm.obj,9027,17805,17805
Gun,step2_results\normalized\Gun\m668_simplified_norm.obj,9099,17605,17605
Gun,step2_results\normalized\Gun\m669_simplified_norm.obj,9090,17289,17289
Gun,step2_results\normalized\Gun\m670_simplified_norm.obj,9005,17978,17978
Gun,step2_results\normalized\Gun\m671_simplified_norm.obj,9012,17915,17915
Gun,step2_results\normalized\Gun\m672_refined_norm.obj,8078,16128,16128
Gun,step2_results\normalized\Gun\m674_simplified_norm.obj,6794,13383,13383
Gun,step2_results\normalized\Gun\m675_refined_norm.obj,5580,10240,10240
Gun,step2_results\normalized\Gun\m676_refined_norm.obj,7370,14560,14560
Gun,step2_results\normalized\Gun\m677_simplified_norm.obj,8999,17952,17952
Gun,step2_results\normalized\Gun\m678_simplified_norm.obj,9050,17409,17409
Gun,step2_results\normalized\Gun\m679_refined_norm.obj,7695,14765,14765
Gun,step2_results\normalized\Gun\m680_simplified_norm.obj,9002,17724,17724
Gun,step2_results\normalized\Gun\m681_refined_norm.obj,9249,18288,18288
Gun,step2_results\normalized\Gun\m682_refined_norm.obj,7613,14752,14752
Gun,step2_results\normalized\Gun\m683_refined_norm.obj,7489,14816,14816
Gun,step2_results\normalized\Gun\m684_simplified_norm.obj,9029,17966,17966
Gun,step2_results\normalized\Gun\m685_simplified_norm.obj,9006,17965,17965
Gun,step2_results\normalized\Gun\m686_simplified_norm.obj,8984,16970,16970
Hand,step2_results\normalized\Hand\D01006_simplified_norm.obj,6800,13595,13595
Hand,step2_results\normalized\Hand\D01020_kept_norm.obj,8524,17044,17044
Hand,step2_results\normalized\Hand\D01022_simplified_norm.obj,8969,17474,17474
Hand,step2_results\normalized\Hand\D01024_refined_norm.obj,6540,13056,13056
Hand,step2_results\normalized\Hand\D01041_refined_norm.obj,5953,11512,11512
Hand,step2_results\normalized\Hand\D01060_refined_norm.obj,5853,11312,11312
Hand,step2_results\normalized\Hand\D01074_refined_norm.obj,6703,13392,13392
Hand,step2_results\normalized\Hand\D01093_simplified_norm.obj,6800,13596,13596
Hand,step2_results\normalized\Hand\D01097_kept_norm.obj,6191,12378,12378
Hand,step2_results\normalized\Hand\D01106_refined_norm.obj,8961,17864,17864
Hand,step2_results\normalized\Hand\D01117_kept_norm.obj,6038,12072,12072
Hand,step2_results\normalized\Hand\D01118_refined_norm.obj,6222,12440,12440
Hand,step2_results\normalized\Hand\D01153_simplified_norm.obj,9001,17998,17998
Hand,step2_results\normalized\Hand\D01162_simplified_norm.obj,9001,17998,17998
Hand,step2_results\normalized\Hand\D01170_refined_norm.obj,6182,12360,12360
Hand,step2_results\normalized\Hand\D01172_simplified_norm.obj,9111,17914,17914
Hand,step2_results\normalized\Hand\D01193_refined_norm.obj,6146,12288,12288
Hand,step2_results\normalized\Hand\D01197_simplified_norm.obj,6800,13596,13596
Hand,step2_results\normalized\Hand\D01198_refined_norm.obj,7694,15384,15384
Hand,step2_results\normalized\Hand\D01200_simplified_norm.obj,6800,13596,13596
Hand,step2_results\normalized\Hand\m323_simplified_norm.obj,9111,17914,17914
Hand,step2_results\normalized\Hand\m324_simplified_norm.obj,9001,17998,17998
Hand,step2_results\normalized\Hand\m325_refined_norm.obj,5953,11512,11512
Hand,step2_results\normalized\Hand\m326_refined_norm.obj,5853,11312,11312
Hand,step2_results\normalized\Hand\m327_refined_norm.obj,6146,12288,12288
Hand,step2_results\normalized\Hand\m328_kept_norm.obj,6038,12072,12072
Hand,step2_results\normalized\Hand\m329_kept_norm.obj,6191,12378,12378
Hand,step2_results\normalized\Hand\m330_simplified_norm.obj,8966,17474,17474
Hand,step2_results\normalized\Hand\m331_refined_norm.obj,6703,13392,13392
Hand,step2_results\normalized\Hand\m332_simplified_norm.obj,9001,17998,17998
Hand,step2_results\normalized\Hand\m333_simplified_norm.obj,9000,17996,17996
Hand,step2_results\normalized\Hand\m334_refined_norm.obj,6540,13056,13056
Hand,step2_results\normalized\Hand\m335_simplified_norm.obj,6800,13595,13595
Hand,step2_results\normalized\Hand\m336_refined_norm.obj,6222,12440,12440
Hand,step2_results\normalized\Hand\m337_refined_norm.obj,7694,15384,15384
Hand,step2_results\normalized\Hand\m338_refined_norm.obj,6182,12360,12360
Hand,step2_results\normalized\Hand\m339_refined_norm.obj,8961,17864,17864
Hat,step2_results\normalized\Hat\m1627_simplified_norm.obj,9004,17988,17988
Hat,step2_results\normalized\Hat\m1628_simplified_norm.obj,9005,16547,16547
Hat,step2_results\normalized\Hat\m1629_refined_norm.obj,9065,17096,17096
Hat,step2_results\normalized\Hat\m1630_refined_norm.obj,8962,17920,17920
Hat,step2_results\normalized\Hat\m1631_refined_norm.obj,7519,13592,13592
Hat,step2_results\normalized\Hat\m1632_simplified_norm.obj,8998,17939,17939
Hat,step2_results\normalized\Hat\m1633_simplified_norm.obj,9030,17782,17782
Hat,step2_results\normalized\Hat\m1634_kept_norm.obj,5814,11562,11562
Hat,step2_results\normalized\Hat\m1635_kept_norm.obj,5071,10165,10165
Hat,step2_results\normalized\Hat\m1636_refined_norm.obj,6786,13568,13568
Hat,step2_results\normalized\Hat\m1637_simplified_norm.obj,9000,17996,17996
Hat,step2_results\normalized\Hat\m1638_kept_norm.obj,8796,17614,17614
Hat,step2_results\normalized\Hat\m1639_refined_norm.obj,8053,15984,15984
Hat,step2_results\normalized\Hat\m1640_simplified_norm.obj,9000,17996,17996
Hat,step2_results\normalized\Hat\m1641_simplified_norm.obj,9003,17994,17994
Helicopter,step2_results\normalized\Helicopter\D00038_simplified_norm.obj,8948,16428,16428
Helicopter,step2_results\normalized\Helicopter\D00191_simplified_norm.obj,9099,17244,17244
Helicopter,step2_results\normalized\Helicopter\D00361_simplified_norm.obj,8961,16413,16413
Helicopter,step2_results\normalized\Helicopter\D00397_kept_norm.obj,5207,7969,7969
Helicopter,step2_results\normalized\Helicopter\D00423_simplified_norm.obj,9016,17976,17976
Helicopter,step2_results\normalized\Helicopter\D00470_refined_norm.obj,7387,14525,14525
Helicopter,step2_results\normalized\Helicopter\D00471_simplified_norm.obj,8929,16688,16688
Helicopter,step2_results\normalized\Helicopter\D00473_simplified_norm.obj,9008,16518,16518
Helicopter,step2_results\normalized\Helicopter\D00498_refined_norm.obj,5689,10280,10280
Helicopter,step2_results\normalized\Helicopter\D00500_kept_norm.obj,8944,16642,16642
Helicopter,step2_results\normalized\Helicopter\D00502_simplified_norm.obj,9007,17520,17520
Helicopter,step2_results\normalized\Helicopter\D00644_simplified_norm.obj,8993,18001,18001
Helicopter,step2_results\normalized\Helicopter\D00658_simplified_norm.obj,9024,16501,16501
Helicopter,step2_results\normalized\Helicopter\D00751_simplified_norm.obj,9060,17386,17386
Helicopter,step2_results\normalized\Helicopter\D00796_simplified_norm.obj,9051,17690,17690
Helicopter,step2_results\normalized\Helicopter\D00820_refined_norm.obj,9263,15850,15850
Helicopter,step2_results\normalized\Helicopter\D00868_simplified_norm.obj,8919,17490,17490
Helicopter,step2_results\normalized\Helicopter\D00977_kept_norm.obj,5429,8458,8458
Helicopter,step2_results\normalized\Helicopter\D00986_simplified_norm.obj,8983,17450,17450
Helicopter,step2_results\normalized\Helicopter\D00991_refined_norm.obj,7310,13440,13440
Helicopter,step2_results\normalized\Helicopter\m1302_simplified_norm.obj,9079,17271,17271
Helicopter,step2_results\normalized\Helicopter\m1304_simplified_norm.obj,9003,17955,17955
Helicopter,step2_results\normalized\Helicopter\m1305_simplified_norm.obj,6798,13554,13554
Helicopter,step2_results\normalized\Helicopter\m1306_kept_norm.obj,8547,16924,16924
Helicopter,step2_results\normalized\Helicopter\m1307_simplified_norm.obj,9042,17819,17819
Helicopter,step2_results\normalized\Helicopter\m1308_simplified_norm.obj,9016,17988,17988
Helicopter,step2_results\normalized\Helicopter\m1309_refined_norm.obj,7452,13566,13566
Helicopter,step2_results\normalized\Helicopter\m1310_simplified_norm.obj,9012,17957,17957
Helicopter,step2_results\normalized\Helicopter\m1311_simplified_norm.obj,9000,17996,17996
Helicopter,step2_results\normalized\Helicopter\m1312_simplified_norm.obj,9051,17690,17690
Helicopter,step2_results\normalized\Helicopter\m1313_refined_norm.obj,6166,11808,11808
Helicopter,step2_results\normalized\Helicopter\m1314_refined_norm.obj,6236,11819,11819
Helicopter,step2_results\normalized\Helicopter\m1315_refined_norm.obj,7098,13504,13504
Helicopter,step2_results\normalized\Helicopter\m1316_refined_norm.obj,5580,10464,10464
Helicopter,step2_results\normalized\Helicopter\m1317_simplified_norm.obj,9043,17451,17451
Helicopter,step2_results\normalized\Helicopter\m1318_simplified_norm.obj,9072,17461,17461
Helicopter,step2_results\normalized\Helicopter\m1319_refined_norm.obj,8367,16064,16064
Helicopter,step2_results\normalized\Helicopter\m1320_simplified_norm.obj,6848,12626,12626
Helicopter,step2_results\normalized\Helicopter\m1321_simplified_norm.obj,8996,17538,17538
Helicopter,step2_results\normalized\Helicopter\m1322_simplified_norm.obj,9004,17928,17928
Helicopter,step2_results\normalized\Helicopter\m1323_kept_norm.obj,5728,10160,10160
Helicopter,step2_results\normalized\Helicopter\m1325_simplified_norm.obj,8984,16047,16047
Helicopter,step2_results\normalized\Helicopter\m1326_simplified_norm.obj,8910,15570,15570
Helicopter,step2_results\normalized\Helicopter\m1327_simplified_norm.obj,6822,12990,12990
Helicopter,step2_results\normalized\Helicopter\m1328_simplified_norm.obj,8995,18000,18000
Helicopter,step2_results\normalized\Helicopter\m1329_simplified_norm.obj,8997,17817,17817
Helicopter,step2_results\normalized\Helicopter\m1330_simplified_norm.obj,9037,17914,17914
Helicopter,step2_results\normalized\Helicopter\m1332_refined_norm.obj,7387,14547,14547
Helicopter,step2_results\normalized\Helicopter\m1333_refined_norm.obj,6916,13664,13664
Helicopter,step2_results\normalized\Helicopter\m1334_simplified_norm.obj,9018,17864,17864
Helicopter,step2_results\normalized\Helicopter\m1336_simplified_norm.obj,9010,17956,17956
House,step2_results\normalized\House\D00001_simplified_norm.obj,9322,12562,12562
House,step2_results\normalized\House\D00044_simplified_norm.obj,9050,16826,16826
House,step2_results\normalized\House\D00091_refined_norm.obj,6464,12288,12288
House,step2_results\normalized\House\D00095_refined_norm.obj,6640,13214,13214
House,step2_results\normalized\House\D00286_simplified_norm.obj,9035,15507,15507
House,step2_results\normalized\House\D00325_simplified_norm.obj,6825,13249,13249
House,step2_results\normalized\House\D00359_simplified_norm.obj,9105,12591,12591
House,step2_results\normalized\House\D00389_simplified_norm.obj,9742,12534,12534
House,step2_results\normalized\House\D00415_simplified_norm.obj,9116,15214,15214
House,step2_results\normalized\House\D00454_kept_norm.obj,5500,10204,10204
House,step2_results\normalized\House\D00568_simplified_norm.obj,9028,17736,17736
House,step2_results\normalized\House\D00574_simplified_norm.obj,12092,12530,12530
House,step2_results\normalized\House\D00665_simplified_norm.obj,8985,15554,15554
House,step2_results\normalized\House\D00873_kept_norm.obj,6349,11067,11067
House,step2_results\normalized\House\D00889_simplified_norm.obj,9004,17988,17988
House,step2_results\normalized\House\D00901_simplified_norm.obj,8987,15412,15412
House,step2_results\normalized\House\D00903_simplified_norm.obj,7957,12592,12592
House,step2_results\normalized\House\D00941_kept_norm.obj,8511,15796,15796
House,step2_results\normalized\House\D00946_simplified_norm.obj,6812,13258,13258
House,step2_results\normalized\House\D00965_refined_norm.obj,5883,10976,10976
House,step2_results\normalized\House\m423_refined_norm.obj,6290,12288,12288
House,step2_results\normalized\House\m429_simplified_norm.obj,8934,17581,17581
House,step2_results\normalized\House\m430_refined_norm.obj,5911,10992,10992
House,step2_results\normalized\House\m431_simplified_norm.obj,8978,15792,15792
House,step2_results\normalized\House\m432_simplified_norm.obj,9025,17198,17198
House,step2_results\normalized\House\m433_refined_norm.obj,8537,16265,16265
House,step2_results\normalized\House\m434_simplified_norm.obj,9017,17659,17659
House,step2_results\normalized\House\m435_refined_norm.obj,5784,11136,11136
House,step2_results\normalized\House\m436_refined_norm.obj,8312,15360,15360
House,step2_results\normalized\House\m439_simplified_norm.obj,9042,17904,17904
House,step2_results\normalized\House\m440_refined_norm.obj,7206,14496,14496
House,step2_results\normalized\House\m441_refined_norm.obj,6614,8864,8864
House,step2_results\normalized\House\m443_simplified_norm.obj,9081,17237,17237
House,step2_results\normalized\House\m446_simplified_norm.obj,7814,15024,15024
House,step2_results\normalized\House\m447_simplified_norm.obj,9014,16577,16577
House,step2_results\normalized\House\m448_simplified_norm.obj,8998,17167,17167
House,step2_results\normalized\House\m449_simplified_norm.obj,9043,17362,17362
House,step2_results\normalized\House\m451_simplified_norm.obj,9013,17431,17431
House,step2_results\normalized\House\m452_simplified_norm.obj,8989,17986,17986
House,step2_results\normalized\House\m453_simplified_norm.obj,8985,18236,18236
House,step2_results\normalized\House\m454_refined_norm.obj,7480,13824,13824
House,step2_results\normalized\House\m456_refined_norm.obj,6412,10512,10512
House,step2_results\normalized\House\m457_simplified_norm.obj,9081,17237,17237
House,step2_results\normalized\House\m460_simplified_norm.obj,9030,14510,14510
House,step2_results\normalized\House\m461_simplified_norm.obj,8870,17670,17670
House,step2_results\normalized\House\m462_simplified_norm.obj,9042,17402,17402
HumanHead,step2_results\normalized\HumanHead\D00013_kept_norm.obj,5228,10203,10203
HumanHead,step2_results\normalized\HumanHead\D00061_refined_norm.obj,7208,12374,12374
HumanHead,step2_results\normalized\HumanHead\D00072_kept_norm.obj,5284,10387,10387
HumanHead,step2_results\normalized\HumanHead\D00106_kept_norm.obj,5276,10432,10432
HumanHead,step2_results\normalized\HumanHead\D00131_kept_norm.obj,5161,10222,10222
HumanHead,step2_results\normalized\HumanHead\D00205_simplified_norm.obj,9030,17867,17867
HumanHead,step2_results\normalized\HumanHead\D00313_kept_norm.obj,6146,12288,12288
HumanHead,step2_results\normalized\HumanHead\D00434_simplified_norm.obj,9130,17667,17667
HumanHead,step2_results\normalized\HumanHead\D00487_simplified_norm.obj,9016,17880,17880
HumanHead,step2_results\normalized\HumanHead\D00488_kept_norm.obj,6211,12349,12349
HumanHead,step2_results\normalized\HumanHead\D00566_refined_norm.obj,7320,14358,14358
HumanHead,step2_results\normalized\HumanHead\D00578_simplified_norm.obj,6808,13503,13503
HumanHead,step2_results\normalized\HumanHead\D00591_kept_norm.obj,5167,10112,10112
HumanHead,step2_results\normalized\HumanHead\D00610_simplified_norm.obj,9013,17840,17840
HumanHead,step2_results\normalized\HumanHead\D00629_simplified_norm.obj,9141,17168,17168
HumanHead,step2_results\normalized\HumanHead\D00653_simplified_norm.obj,9009,17844,17844
HumanHead,step2_results\normalized\HumanHead\D00690_simplified_norm.obj,9036,17755,17755
HumanHead,step2_results\normalized\HumanHead\D00758_simplified_norm.obj,9017,17806,17806
HumanHead,step2_results\normalized\HumanHead\D00910_simplified_norm.obj,8996,17949,17949
HumanHead,step2_results\normalized\HumanHead\D00984_refined_norm.obj,9234,18412,18412
HumanHead,step2_results\normalized\HumanHead\m340_refined_norm.obj,5642,11160,11160
HumanHead,step2_results\normalized\HumanHead\m341_refined_norm.obj,7368,14416,14416
HumanHead,step2_results\normalized\HumanHead\m342_refined_norm.obj,5710,10558,10558
HumanHead,step2_results\normalized\HumanHead\m343_refined_norm.obj,7702,14968,14968
HumanHead,step2_results\normalized\HumanHead\m344_refined_norm.obj,7485,14064,14064
HumanHead,step2_results\normalized\HumanHead\m345_simplified_norm.obj,9046,16983,16983
HumanHead,step2_results\normalized\HumanHead\m346_refined_norm.obj,7447,14704,14704
HumanHead,step2_results\normalized\HumanHead\m347_simplified_norm.obj,8929,15321,15321
HumanHead,step2_results\normalized\HumanHead\m348_kept_norm.obj,9148,18008,18008
HumanHead,step2_results\normalized\HumanHead\m349_simplified_norm.obj,9035,17429,17429
HumanHead,step2_results\normalized\HumanHead\m350_refined_norm.obj,8009,15784,15784
HumanHead,step2_results\normalized\HumanHead\m351_simplified_norm.obj,9067,17598,17598
HumanHead,step2_results\normalized\HumanHead\m352_refined_norm.obj,9865,19152,19152
HumanHead,step2_results\normalized\HumanHead\m353_simplified_norm.obj,6800,13596,13596
HumanHead,step2_results\normalized\HumanHead\m354_simplified_norm.obj,8996,17976,17976
HumanHead,step2_results\normalized\HumanHead\m355_simplified_norm.obj,9000,17996,17996
HumanHead,step2_results\normalized\HumanHead\m356_simplified_norm.obj,8999,17994,17994
HumanHead,step2_results\normalized\HumanHead\m357_simplified_norm.obj,8999,17994,17994
HumanHead,step2_results\normalized\HumanHead\m358_simplified_norm.obj,9061,17817,17817
HumanHead,step2_results\normalized\HumanHead\m359_simplified_norm.obj,8984,17885,17885
HumanHead,step2_results\normalized\HumanHead\m360_simplified_norm.obj,9000,17996,17996
HumanHead,step2_results\normalized\HumanHead\m361_simplified_norm.obj,8966,17835,17835
HumanHead,step2_results\normalized\HumanHead\m362_simplified_norm.obj,9001,17990,17990
HumanHead,step2_results\normalized\HumanHead\m363_refined_norm.obj,7368,14416,14416
HumanHead,step2_results\normalized\HumanHead\m364_simplified_norm.obj,9012,17687,17687
HumanHead,step2_results\normalized\HumanHead\m365_simplified_norm.obj,9000,17996,17996
HumanHead,step2_results\normalized\HumanHead\m366_simplified_norm.obj,8988,17855,17855
HumanHead,step2_results\normalized\HumanHead\m367_simplified_norm.obj,9054,17696,17696
HumanHead,step2_results\normalized\HumanHead\m368_simplified_norm.obj,9051,17594,17594
HumanHead,step2_results\normalized\HumanHead\m369_kept_norm.obj,9843,19464,19464
HumanHead,step2_results\normalized\HumanHead\m370_kept_norm.obj,5641,10539,10539
Humanoid,step2_results\normalized\Humanoid\m118_refined_norm.obj,7189,14048,14048
Humanoid,step2_results\normalized\Humanoid\m119_refined_norm.obj,6792,13232,13232
Humanoid,step2_results\normalized\Humanoid\m120_refined_norm.obj,7058,13760,13760
Humanoid,step2_results\normalized\Humanoid\m121_refined_norm.obj,7152,13952,13952
Humanoid,step2_results\normalized\Humanoid\m122_refined_norm.obj,6725,13136,13136
Humanoid,step2_results\normalized\Humanoid\m123_refined_norm.obj,7209,14080,14080
Humanoid,step2_results\normalized\Humanoid\m124_refined_norm.obj,7037,13632,13632
Humanoid,step2_results\normalized\Humanoid\m125_simplified_norm.obj,9000,18000,18000
Humanoid,step2_results\normalized\Humanoid\m126_refined_norm.obj,8323,16176,16176
Humanoid,step2_results\normalized\Humanoid\m128_refined_norm.obj,6923,13504,13504
Humanoid,step2_results\normalized\Humanoid\m129_refined_norm.obj,6696,12833,12833
Humanoid,step2_results\normalized\Humanoid\m130_simplified_norm.obj,9036,17884,17884
Humanoid,step2_results\normalized\Humanoid\m131_refined_norm.obj,6988,12048,12048
Humanoid,step2_results\normalized\Humanoid\m132_refined_norm.obj,9076,16196,16196
Humanoid,step2_results\normalized\Humanoid\m133_refined_norm.obj,8874,17012,17012
Humanoid,step2_results\normalized\Humanoid\m134_refined_norm.obj,7523,14268,14268
Humanoid,step2_results\normalized\Humanoid\m135_refined_norm.obj,7463,14544,14544
Humanoid,step2_results\normalized\Humanoid\m136_refined_norm.obj,7039,13728,13728
Humanoid,step2_results\normalized\Humanoid\m137_refined_norm.obj,6519,13016,13016
Humanoid,step2_results\normalized\Humanoid\m138_simplified_norm.obj,6799,13576,13576
Humanoid,step2_results\normalized\Humanoid\m139_simplified_norm.obj,9020,17880,17880
Humanoid,step2_results\normalized\Humanoid\m140_kept_norm.obj,9060,18110,18110
Humanoid,step2_results\normalized\Humanoid\m141_refined_norm.obj,6988,12048,12048
Humanoid,step2_results\normalized\Humanoid\m143_kept_norm.obj,5622,10130,10130
Humanoid,step2_results\normalized\Humanoid\m144_simplified_norm.obj,9004,17916,17916
Humanoid,step2_results\normalized\Humanoid\m145_simplified_norm.obj,8998,17992,17992
Humanoid,step2_results\normalized\Humanoid\m146_refined_norm.obj,7901,13840,13840
Humanoid,step2_results\normalized\Humanoid\m147_simplified_norm.obj,9005,16697,16697
Humanoid,step2_results\normalized\Humanoid\m148_simplified_norm.obj,9025,17593,17593
Humanoid,step2_results\normalized\Humanoid\m149_simplified_norm.obj,9001,17993,17993
Humanoid,step2_results\normalized\Humanoid\m150_refined_norm.obj,6974,12048,12048
Humanoid,step2_results\normalized\Humanoid\m151_simplified_norm.obj,9003,17957,17957
Humanoid,step2_results\normalized\Humanoid\m152_simplified_norm.obj,9023,17183,17183
Humanoid,step2_results\normalized\Humanoid\m153_simplified_norm.obj,8815,16358,16358
Humanoid,step2_results\normalized\Humanoid\m154_refined_norm.obj,6010,11648,11648
Humanoid,step2_results\normalized\Humanoid\m155_simplified_norm.obj,9001,17998,17998
Humanoid,step2_results\normalized\Humanoid\m156_simplified_norm.obj,8958,17876,17876
Humanoid,step2_results\normalized\Humanoid\m157_simplified_norm.obj,9006,17948,17948
Humanoid,step2_results\normalized\Humanoid\m158_refined_norm.obj,7559,14960,14960
Humanoid,step2_results\normalized\Humanoid\m159_refined_norm.obj,8114,15968,15968
Humanoid,step2_results\normalized\Humanoid\m160_simplified_norm.obj,9059,17695,17695
Humanoid,step2_results\normalized\Humanoid\m161_refined_norm.obj,6885,13296,13296
Humanoid,step2_results\normalized\Humanoid\m162_simplified_norm.obj,9016,17825,17825
Humanoid,step2_results\normalized\Humanoid\m163_refined_norm.obj,6784,13312,13312
Humanoid,step2_results\normalized\Humanoid\m164_simplified_norm.obj,9005,17950,17950
Humanoid,step2_results\normalized\Humanoid\m165_simplified_norm.obj,8974,12884,12884
Humanoid,step2_results\normalized\Humanoid\m166_simplified_norm.obj,8980,12891,12891
Humanoid,step2_results\normalized\Humanoid\m167_refined_norm.obj,6849,13664,13664
Humanoid,step2_results\normalized\Humanoid\m168_simplified_norm.obj,9000,17996,17996
Humanoid,step2_results\normalized\Humanoid\m169_simplified_norm.obj,9016,17879,17879
Humanoid,step2_results\normalized\Humanoid\m170_simplified_norm.obj,9013,17964,17964
Humanoid,step2_results\normalized\Humanoid\m171_refined_norm.obj,8642,16303,16303
Humanoid,step2_results\normalized\Humanoid\m172_simplified_norm.obj,9005,17930,17930
Humanoid,step2_results\normalized\Humanoid\m173_simplified_norm.obj,9054,17342,17342
Humanoid,step2_results\normalized\Humanoid\m174_simplified_norm.obj,9021,17958,17958
Humanoid,step2_results\normalized\Humanoid\m175_refined_norm.obj,9022,17120,17120
Humanoid,step2_results\normalized\Humanoid\m176_simplified_norm.obj,9008,17888,17888
Humanoid,step2_results\normalized\Humanoid\m177_refined_norm.obj,5989,11840,11840
Humanoid,step2_results\normalized\Humanoid\m178_simplified_norm.obj,9000,17996,17996
Humanoid,step2_results\normalized\Humanoid\m179_simplified_norm.obj,9003,17962,17962
Humanoid,step2_results\normalized\Humanoid\m180_simplified_norm.obj,9132,17608,17608
Humanoid,step2_results\normalized\Humanoid\m181_kept_norm.obj,8520,16884,16884
Humanoid,step2_results\normalized\Humanoid\m182_simplified_norm.obj,9005,17940,17940
Humanoid,step2_results\normalized\Humanoid\m183_simplified_norm.obj,9017,17905,17905
Humanoid,step2_results\normalized\Humanoid\m184_refined_norm.obj,6690,13056,13056
Humanoid,step2_results\normalized\Humanoid\m185_refined_norm.obj,7453,14528,14528
Humanoid,step2_results\normalized\Humanoid\m186_simplified_norm.obj,9050,17154,17154
Humanoid,step2_results\normalized\Humanoid\m187_refined_norm.obj,6310,12512,12512
Humanoid,step2_results\normalized\Humanoid\m188_refined_norm.obj,6942,13396,13396
Humanoid,step2_results\normalized\Humanoid\m189_simplified_norm.obj,9047,17882,17882
Humanoid,step2_results\normalized\Humanoid\m190_simplified_norm.obj,9135,17415,17415
Humanoid,step2_results\normalized\Humanoid\m191_refined_norm.obj,7543,15040,15040
Humanoid,step2_results\normalized\Humanoid\m192_refined_norm.obj,6795,13248,13248
Humanoid,step2_results\normalized\Humanoid\m193_kept_norm.obj,8616,16493,16493
Humanoid,step2_results\normalized\Humanoid\m194_refined_norm.obj,7901,13840,13840
Humanoid,step2_results\normalized\Humanoid\m195_simplified_norm.obj,8958,17533,17533
Humanoid,step2_results\normalized\Humanoid\m196_simplified_norm.obj,9111,17420,17420
Humanoid,step2_results\normalized\Humanoid\m197_refined_norm.obj,6986,12048,12048
Humanoid,step2_results\normalized\Humanoid\m198_simplified_norm.obj,10592,9374,9374
Humanoid,step2_results\normalized\Humanoid\m199_kept_norm.obj,6540,12936,12936
Humanoid,step2_results\normalized\Humanoid\m202_refined_norm.obj,7200,14336,14336
Humanoid,step2_results\normalized\Humanoid\m203_refined_norm.obj,7392,14752,14752
Humanoid,step2_results\normalized\Humanoid\m204_simplified_norm.obj,9036,17484,17484
Humanoid,step2_results\normalized\Humanoid\m205_refined_norm.obj,9932,19776,19776
Humanoid,step2_results\normalized\Humanoid\m206_simplified_norm.obj,9043,17359,17359
Humanoid,step2_results\normalized\Humanoid\m207_simplified_norm.obj,9048,17233,17233
Humanoid,step2_results\normalized\Humanoid\m208_refined_norm.obj,5554,11104,11104
Humanoid,step2_results\normalized\Humanoid\m210_simplified_norm.obj,9001,17988,17988
Humanoid,step2_results\normalized\Humanoid\m211_simplified_norm.obj,9000,17996,17996
Humanoid,step2_results\normalized\Humanoid\m212_simplified_norm.obj,9001,17998,17998
Humanoid,step2_results\normalized\Humanoid\m213_refined_norm.obj,6098,12128,12128
Humanoid,step2_results\normalized\Humanoid\m214_refined_norm.obj,6869,13680,13680
Humanoid,step2_results\normalized\Humanoid\m215_simplified_norm.obj,9004,17946,17946
Humanoid,step2_results\normalized\Humanoid\m216_kept_norm.obj,9271,17351,17351
Humanoid,step2_results\normalized\Humanoid\m217_simplified_norm.obj,8994,16484,16484
Humanoid,step2_results\normalized\Humanoid\m218_simplified_norm.obj,9003,17954,17954
Humanoid,step2_results\normalized\Humanoid\m219_refined_norm.obj,8408,14509,14509
Humanoid,step2_results\normalized\Humanoid\m220_simplified_norm.obj,9042,17737,17737
Humanoid,step2_results\normalized\Humanoid\m221_simplified_norm.obj,8999,17955,17955
Humanoid,step2_results\normalized\Humanoid\m222_simplified_norm.obj,8991,17951,17951
Humanoid,step2_results\normalized\Humanoid\m223_simplified_norm.obj,8990,17901,17901
Humanoid,step2_results\normalized\Humanoid\m224_kept_norm.obj,9623,19059,19059
Humanoid,step2_results\normalized\Humanoid\m226_kept_norm.obj,6368,12712,12712
Humanoid,step2_results\normalized\Humanoid\m227_simplified_norm.obj,6681,11754,11754
Humanoid,step2_results\normalized\Humanoid\m228_simplified_norm.obj,8408,16048,16048
Humanoid,step2_results\normalized\Humanoid\m229_simplified_norm.obj,9019,17749,17749
Humanoid,step2_results\normalized\Humanoid\m230_simplified_norm.obj,9067,17434,17434
Humanoid,step2_results\normalized\Humanoid\m231_simplified_norm.obj,8917,17189,17189
Humanoid,step2_results\normalized\Humanoid\m232_refined_norm.obj,6834,13664,13664
Humanoid,step2_results\normalized\Humanoid\m233_simplified_norm.obj,9006,17948,17948
Humanoid,step2_results\normalized\Humanoid\m234_refined_norm.obj,8065,15872,15872
Humanoid,step2_results\normalized\Humanoid\m235_refined_norm.obj,6498,12992,12992
Humanoid,step2_results\normalized\Humanoid\m236_simplified_norm.obj,9005,17742,17742
Humanoid,step2_results\normalized\Humanoid\m237_refined_norm.obj,7650,15296,15296
Humanoid,step2_results\normalized\Humanoid\m238_refined_norm.obj,7488,14032,14032
Humanoid,step2_results\normalized\Humanoid\m239_refined_norm.obj,7162,13248,13248
Humanoid,step2_results\normalized\Humanoid\m240_simplified_norm.obj,9006,17932,17932
Humanoid,step2_results\normalized\Humanoid\m241_refined_norm.obj,7569,13936,13936
Humanoid,step2_results\normalized\Humanoid\m242_refined_norm.obj,7644,14032,14032
Humanoid,step2_results\normalized\Humanoid\m243_refined_norm.obj,7386,13664,13664
Humanoid,step2_results\normalized\Humanoid\m244_refined_norm.obj,7160,13360,13360
Humanoid,step2_results\normalized\Humanoid\m245_refined_norm.obj,7440,13744,13744
Humanoid,step2_results\normalized\Humanoid\m246_refined_norm.obj,7620,14128,14128
Humanoid,step2_results\normalized\Humanoid\m248_refined_norm.obj,7452,14320,14320
Humanoid,step2_results\normalized\Humanoid\m249_simplified_norm.obj,6784,13372,13372
Humanoid,step2_results\normalized\Humanoid\m250_simplified_norm.obj,8914,17276,17276
Humanoid,step2_results\normalized\Humanoid\m251_simplified_norm.obj,6799,13576,13576
Humanoid,step2_results\normalized\Humanoid\m252_kept_norm.obj,9698,19260,19260
Humanoid,step2_results\normalized\Humanoid\m253_simplified_norm.obj,9042,17663,17663
Humanoid,step2_results\normalized\Humanoid\m254_simplified_norm.obj,8896,17468,17468
Humanoid,step2_results\normalized\Humanoid\m255_simplified_norm.obj,8684,16986,16986
Humanoid,step2_results\normalized\Humanoid\m256_simplified_norm.obj,6797,13227,13227
Humanoid,step2_results\normalized\Humanoid\m257_refined_norm.obj,5793,11536,11536
Humanoid,step2_results\normalized\Humanoid\m258_simplified_norm.obj,8825,17488,17488
Humanoid,step2_results\normalized\Humanoid\m259_refined_norm.obj,5862,11648,11648
Humanoid,step2_results\normalized\Humanoid\m260_simplified_norm.obj,9002,17900,17900
Humanoid,step2_results\normalized\Humanoid\m261_refined_norm.obj,7264,14144,14144
Humanoid,step2_results\normalized\Humanoid\m262_refined_norm.obj,7139,13920,13920
Humanoid,step2_results\normalized\Humanoid\m263_refined_norm.obj,7264,14208,14208
Humanoid,step2_results\normalized\Humanoid\m264_kept_norm.obj,8798,17536,17536
Humanoid,step2_results\normalized\Humanoid\m265_simplified_norm.obj,9000,17996,17996
Humanoid,step2_results\normalized\Humanoid\m266_simplified_norm.obj,8991,17915,17915
Insect,step2_results\normalized\Insect\D00081_simplified_norm.obj,9012,17976,17976
Insect,step2_results\normalized\Insect\D00082_kept_norm.obj,6502,12872,12872
Insect,step2_results\normalized\Insect\D00102_refined_norm.obj,9224,17228,17228
Insect,step2_results\normalized\Insect\D00109_simplified_norm.obj,9018,16141,16141
Insect,step2_results\normalized\Insect\D00117_kept_norm.obj,5087,9716,9716
Insect,step2_results\normalized\Insect\D00136_simplified_norm.obj,9147,17584,17584
Insect,step2_results\normalized\Insect\D00160_simplified_norm.obj,9009,17970,17970
Insect,step2_results\normalized\Insect\D00180_refined_norm.obj,9218,17217,17217
Insect,step2_results\normalized\Insect\D00231_simplified_norm.obj,9013,17972,17972
Insect,step2_results\normalized\Insect\D00291_simplified_norm.obj,9010,17976,17976
Insect,step2_results\normalized\Insect\D00294_refined_norm.obj,7120,12392,12392
Insect,step2_results\normalized\Insect\D00309_refined_norm.obj,5913,11272,11272
Insect,step2_results\normalized\Insect\D00315_simplified_norm.obj,9014,17972,17972
Insect,step2_results\normalized\Insect\D00333_kept_norm.obj,5916,11271,11271
Insect,step2_results\normalized\Insect\D00399_simplified_norm.obj,9022,17613,17613
Insect,step2_results\normalized\Insect\D00430_simplified_norm.obj,9055,17890,17890
Insect,step2_results\normalized\Insect\D00510_simplified_norm.obj,9026,17944,17944
Insect,step2_results\normalized\Insect\D00590_simplified_norm.obj,9001,17998,17998
Insect,step2_results\normalized\Insect\D00615_refined_norm.obj,8802,16090,16090
Insect,step2_results\normalized\Insect\D00662_simplified_norm.obj,8860,16230,16230
Insect,step2_results\normalized\Insect\D00668_simplified_norm.obj,9011,17966,17966
Insect,step2_results\normalized\Insect\D00672_simplified_norm.obj,8944,15842,15842
Insect,step2_results\normalized\Insect\D00695_simplified_norm.obj,9021,17845,17845
Insect,step2_results\normalized\Insect\D00713_refined_norm.obj,6842,13340,13340
Insect,step2_results\normalized\Insect\D00732_simplified_norm.obj,9010,17936,17936
Insect,step2_results\normalized\Insect\D00734_refined_norm.obj,6103,11904,11904
Insect,step2_results\normalized\Insect\D00746_simplified_norm.obj,9040,17904,17904
Insect,step2_results\normalized\Insect\D00752_simplified_norm.obj,9007,17958,17958
Insect,step2_results\normalized\Insect\D00753_simplified_norm.obj,9012,17792,17792
Insect,step2_results\normalized\Insect\D00774_refined_norm.obj,6018,11920,11920
Insect,step2_results\normalized\Insect\D00786_simplified_norm.obj,9019,17658,17658
Insect,step2_results\normalized\Insect\D00787_simplified_norm.obj,8449,14798,14798
Insect,step2_results\normalized\Insect\D00788_kept_norm.obj,6164,9646,9646
Insect,step2_results\normalized\Insect\D00806_simplified_norm.obj,9010,17980,17980
Insect,step2_results\normalized\Insect\D00814_simplified_norm.obj,9027,17958,17958
Insect,step2_results\normalized\Insect\D00855_simplified_norm.obj,9010,17976,17976
Insect,step2_results\normalized\Insect\D00884_simplified_norm.obj,8856,16213,16213
Insect,step2_results\normalized\Insect\D00895_simplified_norm.obj,9090,17447,17447
Insect,step2_results\normalized\Insect\D00973_simplified_norm.obj,6803,13482,13482
Insect,step2_results\normalized\Insect\D00989_simplified_norm.obj,9009,17980,17980
Insect,step2_results\normalized\Insect\m0_simplified_norm.obj,9022,17940,17940
Insect,step2_results\normalized\Insect\m1_simplified_norm.obj,9064,17704,17704
Insect,step2_results\normalized\Insect\m10_simplified_norm.obj,9027,17958,17958
Insect,step2_results\normalized\Insect\m11_refined_norm.obj,5798,11584,11584
Insect,step2_results\normalized\Insect\m12_simplified_norm.obj,9025,17871,17871
Insect,step2_results\normalized\Insect\m13_refined_norm.obj,7220,13776,13776
Insect,step2_results\normalized\Insect\m14_simplified_norm.obj,8979,17815,17815
Insect,step2_results\normalized\Insect\m15_refined_norm.obj,5798,11584,11584
Insect,step2_results\normalized\Insect\m16_simplified_norm.obj,9020,17752,17752
Insect,step2_results\normalized\Insect\m17_refined_norm.obj,6018,11920,11920
Insect,step2_results\normalized\Insect\m18_simplified_norm.obj,9040,17904,17904
Insect,step2_results\normalized\Insect\m19_simplified_norm.obj,8907,15809,15809
Insect,step2_results\normalized\Insect\m2_simplified_norm.obj,9068,17701,17701
Insect,step2_results\normalized\Insect\m20_refined_norm.obj,6244,12168,12168
Insect,step2_results\normalized\Insect\m21_simplified_norm.obj,8989,17888,17888
Insect,step2_results\normalized\Insect\m22_simplified_norm.obj,9012,17978,17978
Insect,step2_results\normalized\Insect\m23_refined_norm.obj,7032,14016,14016
Insect,step2_results\normalized\Insect\m24_refined_norm.obj,9109,18176,18176
Insect,step2_results\normalized\Insect\m25_simplified_norm.obj,9000,17996,17996
Insect,step2_results\normalized\Insect\m26_kept_norm.obj,5266,10274,10274
Insect,step2_results\normalized\Insect\m3_refined_norm.obj,7326,14592,14592
Insect,step2_results\normalized\Insect\m4_simplified_norm.obj,9114,17717,17717
Insect,step2_results\normalized\Insect\m6_kept_norm.obj,9173,17819,17819
Insect,step2_results\normalized\Insect\m7_simplified_norm.obj,9018,17926,17926
Insect,step2_results\normalized\Insect\m8_refined_norm.obj,5588,10693,10693
Insect,step2_results\normalized\Insect\m9_refined_norm.obj,7591,14292,14292
Jet,step2_results\normalized\Jet\m1147_simplified_norm.obj,9001,17888,17888
Jet,step2_results\normalized\Jet\m1149_simplified_norm.obj,9015,17898,17898
Jet,step2_results\normalized\Jet\m1150_refined_norm.obj,9812,19616,19616
Jet,step2_results\normalized\Jet\m1151_simplified_norm.obj,9005,17958,17958
Jet,step2_results\normalized\Jet\m1152_simplified_norm.obj,9065,16935,16935
Jet,step2_results\normalized\Jet\m1153_simplified_norm.obj,8992,17940,17940
Jet,step2_results\normalized\Jet\m1154_refined_norm.obj,8020,16000,16000
Jet,step2_results\normalized\Jet\m1155_simplified_norm.obj,9031,15176,15176
Jet,step2_results\normalized\Jet\m1156_simplified_norm.obj,9018,17614,17614
Jet,step2_results\normalized\Jet\m1157_simplified_norm.obj,9059,17101,17101
Jet,step2_results\normalized\Jet\m1158_simplified_norm.obj,9056,17776,17776
Jet,step2_results\normalized\Jet\m1159_simplified_norm.obj,9065,16935,16935
Jet,step2_results\normalized\Jet\m1161_simplified_norm.obj,9117,14191,14191
Jet,step2_results\normalized\Jet\m1162_simplified_norm.obj,8988,17909,17909
Jet,step2_results\normalized\Jet\m1163_simplified_norm.obj,9030,16125,16125
Jet,step2_results\normalized\Jet\m1165_refined_norm.obj,6376,12288,12288
Jet,step2_results\normalized\Jet\m1166_simplified_norm.obj,8899,17449,17449
Jet,step2_results\normalized\Jet\m1167_refined_norm.obj,8411,12695,12695
Jet,step2_results\normalized\Jet\m1168_refined_norm.obj,7579,14548,14548
Jet,step2_results\normalized\Jet\m1169_simplified_norm.obj,8943,17280,17280
Jet,step2_results\normalized\Jet\m1171_simplified_norm.obj,9086,16994,16994
Jet,step2_results\normalized\Jet\m1172_refined_norm.obj,7515,14352,14352
Jet,step2_results\normalized\Jet\m1173_refined_norm.obj,9972,19420,19420
Jet,step2_results\normalized\Jet\m1174_simplified_norm.obj,9009,17958,17958
Jet,step2_results\normalized\Jet\m1175_refined_norm.obj,9232,18368,18368
Jet,step2_results\normalized\Jet\m1176_simplified_norm.obj,8985,14801,14801
Jet,step2_results\normalized\Jet\m1177_refined_norm.obj,8073,16128,16128
Jet,step2_results\normalized\Jet\m1178_simplified_norm.obj,8947,17483,17483
Jet,step2_results\normalized\Jet\m1179_simplified_norm.obj,8996,16767,16767
Jet,step2_results\normalized\Jet\m1180_refined_norm.obj,8433,16861,16861
Jet,step2_results\normalized\Jet\m1181_refined_norm.obj,6521,13024,13024
Jet,step2_results\normalized\Jet\m1182_simplified_norm.obj,9000,17996,17996
Jet,step2_results\normalized\Jet\m1183_refined_norm.obj,6736,12480,12480
Jet,step2_results\normalized\Jet\m1184_simplified_norm.obj,8984,17797,17797
Jet,step2_results\normalized\Jet\m1185_refined_norm.obj,9035,17314,17314
Jet,step2_results\normalized\Jet\m1187_simplified_norm.obj,9005,17976,17976
Jet,step2_results\normalized\Jet\m1188_simplified_norm.obj,8979,17936,17936
Jet,step2_results\normalized\Jet\m1190_refined_norm.obj,8603,16960,16960
Jet,step2_results\normalized\Jet\m1191_simplified_norm.obj,9083,17753,17753
Jet,step2_results\normalized\Jet\m1193_simplified_norm.obj,8998,17992,17992
Jet,step2_results\normalized\Jet\m1194_simplified_norm.obj,9029,16721,16721
Jet,step2_results\normalized\Jet\m1195_simplified_norm.obj,9075,17014,17014
Jet,step2_results\normalized\Jet\m1196_refined_norm.obj,6877,12864,12864
Jet,step2_results\normalized\Jet\m1197_simplified_norm.obj,8942,17608,17608
Jet,step2_results\normalized\Jet\m1198_simplified_norm.obj,9030,17715,17715
Jet,step2_results\normalized\Jet\m1199_refined_norm.obj,9091,17744,17744
Jet,step2_results\normalized\Jet\m1200_simplified_norm.obj,8934,17601,17601
Jet,step2_results\normalized\Jet\m1201_kept_norm.obj,6739,11190,11190
Jet,step2_results\normalized\Jet\m1202_simplified_norm.obj,9002,17968,17968
Jet,step2_results\normalized\Jet\m1204_simplified_norm.obj,8965,17640,17640
Jet,step2_results\normalized\Jet\m1205_simplified_norm.obj,9126,17240,17240
Jet,step2_results\normalized\Jet\m1207_simplified_norm.obj,9028,17637,17637
Jet,step2_results\normalized\Jet\m1208_simplified_norm.obj,9073,17534,17534
Jet,step2_results\normalized\Jet\m1209_simplified_norm.obj,9000,17996,17996
Jet,step2_results\normalized\Jet\m1210_refined_norm.obj,9184,18320,18320
Jet,step2_results\normalized\Jet\m1211_refined_norm.obj,6939,13472,13472
Jet,step2_results\normalized\Jet\m1212_simplified_norm.obj,8996,17016,17016
Jet,step2_results\normalized\Jet\m1213_simplified_norm.obj,8979,17911,17911
Jet,step2_results\normalized\Jet\m1214_simplified_norm.obj,8988,17960,17960
Jet,step2_results\normalized\Jet\m1215_refined_norm.obj,9862,19712,19712
Jet,step2_results\normalized\Jet\m1216_simplified_norm.obj,9000,17996,17996
Jet,step2_results\normalized\Jet\m1217_simplified_norm.obj,8994,17885,17885
Jet,step2_results\normalized\Jet\m1218_simplified_norm.obj,8988,17500,17500
Jet,step2_results\normalized\Jet\m1219_simplified_norm.obj,9000,17996,17996
Jet,step2_results\normalized\Jet\m1220_refined_norm.obj,6886,13760,13760
Jet,step2_results\normalized\Jet\m1221_simplified_norm.obj,8980,17805,17805
Jet,step2_results\normalized\Jet\m1222_simplified_norm.obj,9014,17795,17795
Jet,step2_results\normalized\Jet\m1223_simplified_norm.obj,9000,17996,17996
Jet,step2_results\normalized\Jet\m1224_refined_norm.obj,7885,15104,15104
Jet,step2_results\normalized\Jet\m1225_refined_norm.obj,9240,17920,17920
Jet,step2_results\normalized\Jet\m1226_simplified_norm.obj,9000,17996,17996
Jet,step2_results\normalized\Jet\m1227_simplified_norm.obj,9050,16705,16705
Jet,step2_results\normalized\Jet\m1228_simplified_norm.obj,9093,16411,16411
Jet,step2_results\normalized\Jet\m1229_simplified_norm.obj,9043,17518,17518
Jet,step2_results\normalized\Jet\m1230_refined_norm.obj,9057,17104,17104
Jet,step2_results\normalized\Jet\m1231_simplified_norm.obj,9082,17626,17626
Jet,step2_results\normalized\Jet\m1232_simplified_norm.obj,8962,17741,17741
Jet,step2_results\normalized\Jet\m1233_simplified_norm.obj,8959,17601,17601
Jet,step2_results\normalized\Jet\m1234_simplified_norm.obj,8925,17617,17617
Jet,step2_results\normalized\Jet\m1235_simplified_norm.obj,8989,17768,17768
Jet,step2_results\normalized\Jet\m1236_refined_norm.obj,6080,11766,11766
Jet,step2_results\normalized\Jet\m1237_simplified_norm.obj,8971,17532,17532
Jet,step2_results\normalized\Jet\m1238_simplified_norm.obj,9004,17833,17833
Jet,step2_results\normalized\Jet\m1239_refined_norm.obj,5750,10816,10816
Jet,step2_results\normalized\Jet\m1240_simplified_norm.obj,8986,17876,17876
Jet,step2_results\normalized\Jet\m1241_refined_norm.obj,6216,11520,11520
Jet,step2_results\normalized\Jet\m1242_simplified_norm.obj,9098,17490,17490
Jet,step2_results\normalized\Jet\m1243_simplified_norm.obj,8964,17766,17766
Jet,step2_results\normalized\Jet\m1245_simplified_norm.obj,9000,17996,17996
Jet,step2_results\normalized\Jet\m1246_refined_norm.obj,5682,11034,11034
Jet,step2_results\normalized\Jet\m1247_simplified_norm.obj,9000,17996,17996
Jet,step2_results\normalized\Jet\m1248_simplified_norm.obj,9034,17566,17566
Jet,step2_results\normalized\Jet\m1249_simplified_norm.obj,9001,17998,17998
Jet,step2_results\normalized\Jet\m1250_simplified_norm.obj,9002,17883,17883
Jet,step2_results\normalized\Jet\m1251_simplified_norm.obj,8943,17280,17280
Jet,step2_results\normalized\Jet\m1252_simplified_norm.obj,8971,15878,15878
Jet,step2_results\normalized\Jet\m1253_simplified_norm.obj,9066,17045,17045
Jet,step2_results\normalized\Jet\m1255_simplified_norm.obj,9005,17454,17454
Jet,step2_results\normalized\Jet\m1256_kept_norm.obj,9379,17255,17255
Jet,step2_results\normalized\Jet\m1257_kept_norm.obj,8794,16953,16953
Jet,step2_results\normalized\Jet\m1258_refined_norm.obj,7331,12137,12137
Jet,step2_results\normalized\Jet\m1259_kept_norm.obj,6739,11190,11190
Jet,step2_results\normalized\Jet\m1260_kept_norm.obj,6905,12409,12409
Jet,step2_results\normalized\Jet\m1261_refined_norm.obj,5621,10432,10432
Jet,step2_results\normalized\Jet\m1262_refined_norm.obj,8740,16512,16512
Jet,step2_results\normalized\Jet\m1263_simplified_norm.obj,9088,17192,17192
Jet,step2_results\normalized\Jet\m1264_simplified_norm.obj,8998,17370,17370
Jet,step2_results\normalized\Jet\m1265_refined_norm.obj,5577,10656,10656
Jet,step2_results\normalized\Jet\m1266_simplified_norm.obj,9095,16557,16557
Jet,step2_results\normalized\Jet\m1267_simplified_norm.obj,9039,16921,16921
Jet,step2_results\normalized\Jet\m1268_simplified_norm.obj,9022,17426,17426
Jet,step2_results\normalized\Jet\m1269_refined_norm.obj,9442,17408,17408
Jet,step2_results\normalized\Jet\m1270_simplified_norm.obj,9064,17362,17362
Jet,step2_results\normalized\Jet\m1271_simplified_norm.obj,9049,17463,17463
Jet,step2_results\normalized\Jet\m1273_refined_norm.obj,7492,14784,14784
Jet,step2_results\normalized\Jet\m1274_refined_norm.obj,5817,10944,10944
Jet,step2_results\normalized\Jet\m1275_refined_norm.obj,9241,17408,17408
Jet,step2_results\normalized\Jet\m1276_refined_norm.obj,9042,16384,16384
Jet,step2_results\normalized\Jet\m1277_refined_norm.obj,8703,16896,16896
Jet,step2_results\normalized\Jet\m1278_refined_norm.obj,8936,17376,17376
Jet,step2_results\normalized\Jet\m1279_simplified_norm.obj,8985,17135,17135
Jet,step2_results\normalized\Jet\m1280_simplified_norm.obj,8976,17007,17007
Jet,step2_results\normalized\Jet\m1281_refined_norm.obj,5781,11072,11072
Jet,step2_results\normalized\Jet\m1282_simplified_norm.obj,9004,17538,17538
Jet,step2_results\normalized\Jet\m1283_simplified_norm.obj,9070,16952,16952
Jet,step2_results\normalized\Jet\m1284_kept_norm.obj,6270,11557,11557
Jet,step2_results\normalized\Jet\m1285_simplified_norm.obj,8981,17366,17366
Jet,step2_results\normalized\Jet\m1286_simplified_norm.obj,9007,16440,16440
Jet,step2_results\normalized\Jet\m1287_refined_norm.obj,9978,19008,19008
Jet,step2_results\normalized\Jet\m1288_refined_norm.obj,5706,10696,10696
Jet,step2_results\normalized\Jet\m1289_kept_norm.obj,5078,9742,9742
Jet,step2_results\normalized\Jet\m1290_simplified_norm.obj,9018,16968,16968
Jet,step2_results\normalized\Jet\m1291_simplified_norm.obj,9050,17397,17397
Jet,step2_results\normalized\Jet\m1292_simplified_norm.obj,9040,16704,16704
Jet,step2_results\normalized\Jet\m1293_simplified_norm.obj,9009,17209,17209
Jet,step2_results\normalized\Jet\m1294_simplified_norm.obj,9095,17050,17050
Jet,step2_results\normalized\Jet\m1295_refined_norm.obj,8450,15616,15616
Jet,step2_results\normalized\Jet\m1296_simplified_norm.obj,9085,17523,17523
Jet,step2_results\normalized\Jet\m1297_refined_norm.obj,8818,16704,16704
Jet,step2_results\normalized\Jet\m1298_simplified_norm.obj,9055,17882,17882
Jet,step2_results\normalized\Jet\m1299_refined_norm.obj,8654,16300,16300
Jet,step2_results\normalized\Jet\m1300_refined_norm.obj,7132,13614,13614
Jet,step2_results\normalized\Jet\m1301_simplified_norm.obj,9001,17998,17998
Knife,step2_results\normalized\Knife\D01015_simplified_norm.obj,9121,17251,17251
Knife,step2_results\normalized\Knife\D01025_simplified_norm.obj,9000,17861,17861
Knife,step2_results\normalized\Knife\D01032_refined_norm.obj,8900,17792,17792
Knife,step2_results\normalized\Knife\D01051_refined_norm.obj,9796,18040,18040
Knife,step2_results\normalized\Knife\D01054_refined_norm.obj,8152,16256,16256
Knife,step2_results\normalized\Knife\D01057_simplified_norm.obj,9030,17792,17792
Knife,step2_results\normalized\Knife\D01063_simplified_norm.obj,9050,17191,17191
Knife,step2_results\normalized\Knife\D01075_simplified_norm.obj,8997,17986,17986
Knife,step2_results\normalized\Knife\D01077_simplified_norm.obj,9010,17982,17982
Knife,step2_results\normalized\Knife\D01107_simplified_norm.obj,8992,17946,17946
Knife,step2_results\normalized\Knife\D01119_refined_norm.obj,6980,13952,13952
Knife,step2_results\normalized\Knife\D01120_refined_norm.obj,8398,16768,16768
Knife,step2_results\normalized\Knife\D01132_simplified_norm.obj,8996,17965,17965
Knife,step2_results\normalized\Knife\D01150_simplified_norm.obj,9004,17964,17964
Knife,step2_results\normalized\Knife\D01160_simplified_norm.obj,9029,17706,17706
Knife,step2_results\normalized\Knife\D01168_simplified_norm.obj,8993,17972,17972
Knife,step2_results\normalized\Knife\D01174_simplified_norm.obj,9000,17944,17944
Knife,step2_results\normalized\Knife\D01175_simplified_norm.obj,9002,17996,17996
Knife,step2_results\normalized\Knife\D01187_refined_norm.obj,5591,10304,10304
Knife,step2_results\normalized\Knife\D01189_refined_norm.obj,8270,16320,16320
Knife,step2_results\normalized\Knife\m722_simplified_norm.obj,8990,17714,17714
Knife,step2_results\normalized\Knife\m723_kept_norm.obj,5076,10136,10136
Knife,step2_results\normalized\Knife\m724_simplified_norm.obj,9001,17994,17994
Knife,step2_results\normalized\Knife\m725_simplified_norm.obj,9001,17994,17994
Knife,step2_results\normalized\Knife\m726_refined_norm.obj,6567,13072,13072
Knife,step2_results\normalized\Knife\m727_simplified_norm.obj,9003,17960,17960
Knife,step2_results\normalized\Knife\m728_refined_norm.obj,6742,13056,13056
MilitaryVehicle,step2_results\normalized\MilitaryVehicle\D00017_simplified_norm.obj,9035,14609,14609
MilitaryVehicle,step2_results\normalized\MilitaryVehicle\D00051_simplified_norm.obj,9017,17597,17597
MilitaryVehicle,step2_results\normalized\MilitaryVehicle\D00100_simplified_norm.obj,9010,16608,16608
MilitaryVehicle,step2_results\normalized\MilitaryVehicle\D00173_simplified_norm.obj,9915,12532,12532
MilitaryVehicle,step2_results\normalized\MilitaryVehicle\D00272_simplified_norm.obj,8984,16693,16693
MilitaryVehicle,step2_results\normalized\MilitaryVehicle\D00334_kept_norm.obj,5858,9906,9906
MilitaryVehicle,step2_results\normalized\MilitaryVehicle\D00458_simplified_norm.obj,9013,16284,16284
MilitaryVehicle,step2_results\normalized\MilitaryVehicle\D00529_simplified_norm.obj,7862,15902,15902
MilitaryVehicle,step2_results\normalized\MilitaryVehicle\D00577_simplified_norm.obj,8451,12657,12657
MilitaryVehicle,step2_results\normalized\MilitaryVehicle\D00611_refined_norm.obj,9592,17900,17900
MilitaryVehicle,step2_results\normalized\MilitaryVehicle\D00723_simplified_norm.obj,7936,12591,12591
MilitaryVehicle,step2_results\normalized\MilitaryVehicle\D00761_simplified_norm.obj,6807,13486,13486
MilitaryVehicle,step2_results\normalized\MilitaryVehicle\D00778_simplified_norm.obj,9035,16249,16249
MilitaryVehicle,step2_results\normalized\MilitaryVehicle\D00799_simplified_norm.obj,9007,17918,17918
MilitaryVehicle,step2_results\normalized\MilitaryVehicle\D00801_simplified_norm.obj,8847,18099,18099
MilitaryVehicle,step2_results\normalized\MilitaryVehicle\D00918_simplified_norm.obj,9038,16060,16060
MilitaryVehicle,step2_results\normalized\MilitaryVehicle\D00932_simplified_norm.obj,9022,14170,14170
MilitaryVehicle,step2_results\normalized\MilitaryVehicle\D00933_simplified_norm.obj,9170,12535,12535
MilitaryVehicle,step2_results\normalized\MilitaryVehicle\D00952_kept_norm.obj,9744,19260,19260
MilitaryVehicle,step2_results\normalized\MilitaryVehicle\D00971_simplified_norm.obj,6774,11138,11138
Monitor,step2_results\normalized\Monitor\D00007_simplified_norm.obj,8986,17926,17926
Monitor,step2_results\normalized\Monitor\D00141_refined_norm.obj,6489,12796,12796
Monitor,step2_results\normalized\Monitor\D00229_simplified_norm.obj,9070,17093,17093
Monitor,step2_results\normalized\Monitor\D00336_kept_norm.obj,9485,15511,15511
Monitor,step2_results\normalized\Monitor\D00339_simplified_norm.obj,9021,16814,16814
Monitor,step2_results\normalized\Monitor\D00364_simplified_norm.obj,9020,17701,17701
Monitor,step2_results\normalized\Monitor\D00387_simplified_norm.obj,9002,17996,17996
Monitor,step2_results\normalized\Monitor\D00391_refined_norm.obj,7084,13952,13952
Monitor,step2_results\normalized\Monitor\D00412_simplified_norm.obj,9146,16399,16399
Monitor,step2_results\normalized\Monitor\D00444_kept_norm.obj,9961,19638,19638
Monitor,step2_results\normalized\Monitor\D00469_simplified_norm.obj,9002,17988,17988
Monitor,step2_results\normalized\Monitor\D00548_refined_norm.obj,7100,14064,14064
Monitor,step2_results\normalized\Monitor\D00659_refined_norm.obj,9508,18816,18816
Monitor,step2_results\normalized\Monitor\D00852_kept_norm.obj,6194,11984,11984
Monitor,step2_results\normalized\Monitor\D00863_simplified_norm.obj,8792,16904,16904
Monitor,step2_results\normalized\Monitor\D00915_simplified_norm.obj,9017,17795,17795
Monitor,step2_results\normalized\Monitor\D00919_simplified_norm.obj,9012,17841,17841
Monitor,step2_results\normalized\Monitor\D00920_refined_norm.obj,7268,14448,14448
Monitor,step2_results\normalized\Monitor\D00978_simplified_norm.obj,9001,17948,17948
Monitor,step2_results\normalized\Monitor\D01000_simplified_norm.obj,8521,16776,16776
Monoplane,step2_results\normalized\Monoplane\D00011_refined_norm.obj,8550,16512,16512
Monoplane,step2_results\normalized\Monoplane\D00019_simplified_norm.obj,9002,17792,17792
Monoplane,step2_results\normalized\Monoplane\D00043_simplified_norm.obj,9120,17533,17533
Monoplane,step2_results\normalized\Monoplane\D00098_simplified_norm.obj,8938,17405,17405
Monoplane,step2_results\normalized\Monoplane\D00167_refined_norm.obj,8369,16000,16000
Monoplane,step2_results\normalized\Monoplane\D00169_refined_norm.obj,8404,16584,16584
Monoplane,step2_results\normalized\Monoplane\D00262_refined_norm.obj,7334,13888,13888
Monoplane,step2_results\normalized\Monoplane\D00301_simplified_norm.obj,9054,17101,17101
Monoplane,step2_results\normalized\Monoplane\D00304_refined_norm.obj,5738,10816,10816
Monoplane,step2_results\normalized\Monoplane\D00319_simplified_norm.obj,8994,17846,17846
Monoplane,step2_results\normalized\Monoplane\D00402_refined_norm.obj,5580,10688,10688
Monoplane,step2_results\normalized\Monoplane\D00482_refined_norm.obj,6098,11024,11024
Monoplane,step2_results\normalized\Monoplane\D00617_simplified_norm.obj,6801,13562,13562
Monoplane,step2_results\normalized\Monoplane\D00688_kept_norm.obj,5849,10072,10072
Monoplane,step2_results\normalized\Monoplane\D00798_refined_norm.obj,8786,16604,16604
Monoplane,step2_results\normalized\Monoplane\D00840_refined_norm.obj,9884,19488,19488
Monoplane,step2_results\normalized\Monoplane\D00864_refined_norm.obj,8907,16976,16976
Monoplane,step2_results\normalized\Monoplane\D00925_simplified_norm.obj,8967,17768,17768
Monoplane,step2_results\normalized\Monoplane\D00963_simplified_norm.obj,8960,17220,17220
Monoplane,step2_results\normalized\Monoplane\D00995_refined_norm.obj,7984,15040,15040
Motorcycle,step2_results\normalized\Motorcycle\D00021_kept_norm.obj,9543,18052,18052
Motorcycle,step2_results\normalized\Motorcycle\D00039_simplified_norm.obj,8981,17692,17692
Motorcycle,step2_results\normalized\Motorcycle\D00054_simplified_norm.obj,8972,18026,18026
Motorcycle,step2_results\normalized\Motorcycle\D00224_simplified_norm.obj,9077,17711,17711
Motorcycle,step2_results\normalized\Motorcycle\D00269_simplified_norm.obj,9073,17260,17260
Motorcycle,step2_results\normalized\Motorcycle\D00288_kept_norm.obj,6529,12510,12510
Motorcycle,step2_results\normalized\Motorcycle\D00342_simplified_norm.obj,8959,17301,17301
Motorcycle,step2_results\normalized\Motorcycle\D00345_simplified_norm.obj,8466,16500,16500
Motorcycle,step2_results\normalized\Motorcycle\D00395_simplified_norm.obj,6818,12061,12061
Motorcycle,step2_results\normalized\Motorcycle\D00396_simplified_norm.obj,9096,17264,17264
Motorcycle,step2_results\normalized\Motorcycle\D00476_simplified_norm.obj,8826,15282,15282
Motorcycle,step2_results\normalized\Motorcycle\D00521_simplified_norm.obj,9064,17723,17723
Motorcycle,step2_results\normalized\Motorcycle\D00544_simplified_norm.obj,8885,15997,15997
Motorcycle,step2_results\normalized\Motorcycle\D00594_simplified_norm.obj,8892,15876,15876
Motorcycle,step2_results\normalized\Motorcycle\D00703_simplified_norm.obj,8753,17565,17565
Motorcycle,step2_results\normalized\Motorcycle\D00768_kept_norm.obj,9168,18382,18382
Motorcycle,step2_results\normalized\Motorcycle\D00858_simplified_norm.obj,9054,17796,17796
Motorcycle,step2_results\normalized\Motorcycle\D00880_kept_norm.obj,5713,11152,11152
Motorcycle,step2_results\normalized\Motorcycle\D00886_simplified_norm.obj,8630,16637,16637
Motorcycle,step2_results\normalized\Motorcycle\D00945_simplified_norm.obj,9030,16413,16413
Motorcycle,step2_results\normalized\Motorcycle\m1479_simplified_norm.obj,8885,15995,15995
Motorcycle,step2_results\normalized\Motorcycle\m1480_kept_norm.obj,9543,18048,18048
Motorcycle,step2_results\normalized\Motorcycle\m1481_refined_norm.obj,8250,16144,16144
Motorcycle,step2_results\normalized\Motorcycle\m1482_simplified_norm.obj,8631,16638,16638
Motorcycle,step2_results\normalized\Motorcycle\m1483_simplified_norm.obj,8752,17564,17564
Motorcycle,step2_results\normalized\Motorcycle\m1484_refined_norm.obj,5963,11520,11520
Mug,step2_results\normalized\Mug\D00172_refined_norm.obj,6880,13760,13760
Mug,step2_results\normalized\Mug\D00202_simplified_norm.obj,9000,18000,18000
Mug,step2_results\normalized\Mug\D00227_simplified_norm.obj,9069,17663,17663
Mug,step2_results\normalized\Mug\D00321_refined_norm.obj,8900,17792,17792
Mug,step2_results\normalized\Mug\D00341_simplified_norm.obj,6800,13600,13600
Mug,step2_results\normalized\Mug\D00372_simplified_norm.obj,9020,17802,17802
Mug,step2_results\normalized\Mug\D00427_kept_norm.obj,5476,10944,10944
Mug,step2_results\normalized\Mug\D00684_refined_norm.obj,6892,13784,13784
Mug,step2_results\normalized\Mug\D00685_kept_norm.obj,5703,11040,11040
Mug,step2_results\normalized\Mug\D00705_simplified_norm.obj,9000,18000,18000
Mug,step2_results\normalized\Mug\D00728_kept_norm.obj,9271,18513,18513
Mug,step2_results\normalized\Mug\D00745_simplified_norm.obj,9002,17988,17988
Mug,step2_results\normalized\Mug\D00747_simplified_norm.obj,9001,17994,17994
Mug,step2_results\normalized\Mug\D00760_simplified_norm.obj,9001,17992,17992
Mug,step2_results\normalized\Mug\D00770_simplified_norm.obj,9001,17994,17994
Mug,step2_results\normalized\Mug\D00825_simplified_norm.obj,9027,17906,17906
Mug,step2_results\normalized\Mug\D00833_refined_norm.obj,8001,15840,15840
Mug,step2_results\normalized\Mug\D00908_simplified_norm.obj,8990,17764,17764
Mug,step2_results\normalized\Mug\D00913_kept_norm.obj,6672,13344,13344
Mug,step2_results\normalized\Mug\D00923_simplified_norm.obj,9000,17992,17992
Mug,step2_results\normalized\Mug\m503_simplified_norm.obj,8989,17717,17717
Mug,step2_results\normalized\Mug\m504_refined_norm.obj,6900,13800,13800
Mug,step2_results\normalized\Mug\m506_kept_norm.obj,8692,17304,17304
Mug,step2_results\normalized\Mug\m507_simplified_norm.obj,9021,17910,17910
Mug,step2_results\normalized\Mug\m508_simplified_norm.obj,9001,17994,17994
Mug,step2_results\normalized\Mug\m509_kept_norm.obj,5874,11720,11720
MultiSeat,step2_results\normalized\MultiSeat\D00036_refined_norm.obj,8460,16896,16896
MultiSeat,step2_results\normalized\MultiSeat\D00046_simplified_norm.obj,9002,17978,17978
MultiSeat,step2_results\normalized\MultiSeat\D00053_refined_norm.obj,5981,11856,11856
MultiSeat,step2_results\normalized\MultiSeat\D00145_refined_norm.obj,9870,19712,19712
MultiSeat,step2_results\normalized\MultiSeat\D00146_simplified_norm.obj,9018,17972,17972
MultiSeat,step2_results\normalized\MultiSeat\D00237_refined_norm.obj,7700,15360,15360
MultiSeat,step2_results\normalized\MultiSeat\D00245_refined_norm.obj,6616,13184,13184
MultiSeat,step2_results\normalized\MultiSeat\D00263_simplified_norm.obj,9094,17790,17790
MultiSeat,step2_results\normalized\MultiSeat\D00273_simplified_norm.obj,9069,17906,17906
MultiSeat,step2_results\normalized\MultiSeat\D00285_simplified_norm.obj,9019,17938,17938
MultiSeat,step2_results\normalized\MultiSeat\D00289_simplified_norm.obj,9006,17962,17962
MultiSeat,step2_results\normalized\MultiSeat\D00329_refined_norm.obj,8520,17024,17024
MultiSeat,step2_results\normalized\MultiSeat\D00586_simplified_norm.obj,9010,17972,17972
MultiSeat,step2_results\normalized\MultiSeat\D00588_simplified_norm.obj,9080,17391,17391
MultiSeat,step2_results\normalized\MultiSeat\D00607_simplified_norm.obj,9005,17970,17970
MultiSeat,step2_results\normalized\MultiSeat\D00637_simplified_norm.obj,6797,13499,13499
MultiSeat,step2_results\normalized\MultiSeat\D00648_simplified_norm.obj,9015,17954,17954
MultiSeat,step2_results\normalized\MultiSeat\D00652_simplified_norm.obj,9007,17972,17972
MultiSeat,step2_results\normalized\MultiSeat\D00749_simplified_norm.obj,8954,17184,17184
MultiSeat,step2_results\normalized\MultiSeat\D00985_simplified_norm.obj,9002,17972,17972
MultiSeat,step2_results\normalized\MultiSeat\m774_simplified_norm.obj,9014,17948,17948
MultiSeat,step2_results\normalized\MultiSeat\m775_refined_norm.obj,7618,14999,14999
MultiSeat,step2_results\normalized\MultiSeat\m776_simplified_norm.obj,9024,17549,17549
MultiSeat,step2_results\normalized\MultiSeat\m777_simplified_norm.obj,9044,17828,17828
MultiSeat,step2_results\normalized\MultiSeat\m778_simplified_norm.obj,9008,17920,17920
MultiSeat,step2_results\normalized\MultiSeat\m779_simplified_norm.obj,9002,17952,17952
MultiSeat,step2_results\normalized\MultiSeat\m780_simplified_norm.obj,9117,17546,17546
MultiSeat,step2_results\normalized\MultiSeat\m781_simplified_norm.obj,9134,17415,17415
MultiSeat,step2_results\normalized\MultiSeat\m782_refined_norm.obj,5634,10673,10673
MultiSeat,step2_results\normalized\MultiSeat\m783_simplified_norm.obj,8807,17411,17411
MultiSeat,step2_results\normalized\MultiSeat\m784_simplified_norm.obj,9003,17994,17994
MultiSeat,step2_results\normalized\MultiSeat\m829_refined_norm.obj,8280,16512,16512
MultiSeat,step2_results\normalized\MultiSeat\m830_simplified_norm.obj,9009,17962,17962
MultiSeat,step2_results\normalized\MultiSeat\m831_refined_norm.obj,7195,14360,14360
MultiSeat,step2_results\normalized\MultiSeat\m832_refined_norm.obj,7245,12808,12808
MultiSeat,step2_results\normalized\MultiSeat\m833_simplified_norm.obj,9061,17535,17535
MultiSeat,step2_results\normalized\MultiSeat\m834_refined_norm.obj,9068,17920,17920
MultiSeat,step2_results\normalized\MultiSeat\m835_simplified_norm.obj,9084,17424,17424
MultiSeat,step2_results\normalized\MultiSeat\m836_refined_norm.obj,5765,11264,11264
MultiSeat,step2_results\normalized\MultiSeat\m837_simplified_norm.obj,9130,17506,17506
MultiSeat,step2_results\normalized\MultiSeat\m838_refined_norm.obj,8600,17168,17168
MultiSeat,step2_results\normalized\MultiSeat\m839_refined_norm.obj,8520,17024,17024
MultiSeat,step2_results\normalized\MultiSeat\m840_simplified_norm.obj,8948,17246,17246
MultiSeat,step2_results\normalized\MultiSeat\m841_refined_norm.obj,8204,16238,16238
MultiSeat,step2_results\normalized\MultiSeat\m843_simplified_norm.obj,6878,12722,12722
Musical_Instrument,step2_results\normalized\Musical_Instrument\m625_simplified_norm.obj,9051,17799,17799
Musical_Instrument,step2_results\normalized\Musical_Instrument\m626_simplified_norm.obj,9076,17815,17815
Musical_Instrument,step2_results\normalized\Musical_Instrument\m627_simplified_norm.obj,6752,11888,11888
Musical_Instrument,step2_results\normalized\Musical_Instrument\m628_simplified_norm.obj,9025,17608,17608
Musical_Instrument,step2_results\normalized\Musical_Instrument\m629_simplified_norm.obj,6831,13302,13302
Musical_Instrument,step2_results\normalized\Musical_Instrument\m630_simplified_norm.obj,9061,17605,17605
Musical_Instrument,step2_results\normalized\Musical_Instrument\m631_simplified_norm.obj,9011,17158,17158
Musical_Instrument,step2_results\normalized\Musical_Instrument\m632_simplified_norm.obj,9058,17780,17780
Musical_Instrument,step2_results\normalized\Musical_Instrument\m633_simplified_norm.obj,6942,10885,10885
Musical_Instrument,step2_results\normalized\Musical_Instrument\m634_simplified_norm.obj,9093,17149,17149
Musical_Instrument,step2_results\normalized\Musical_Instrument\m635_simplified_norm.obj,9035,16194,16194
Musical_Instrument,step2_results\normalized\Musical_Instrument\m637_kept_norm.obj,8634,16926,16926
Musical_Instrument,step2_results\normalized\Musical_Instrument\m638_simplified_norm.obj,9033,17877,17877
Musical_Instrument,step2_results\normalized\Musical_Instrument\m639_simplified_norm.obj,8997,17306,17306
Musical_Instrument,step2_results\normalized\Musical_Instrument\m640_simplified_norm.obj,9009,17942,17942
Musical_Instrument,step2_results\normalized\Musical_Instrument\m641_refined_norm.obj,7321,14366,14366
Musical_Instrument,step2_results\normalized\Musical_Instrument\m643_simplified_norm.obj,9091,17682,17682
Musical_Instrument,step2_results\normalized\Musical_Instrument\m644_simplified_norm.obj,9002,17357,17357
Musical_Instrument,step2_results\normalized\Musical_Instrument\m645_simplified_norm.obj,9103,15224,15224
Musical_Instrument,step2_results\normalized\Musical_Instrument\m646_simplified_norm.obj,9012,17784,17784
Musical_Instrument,step2_results\normalized\Musical_Instrument\m647_simplified_norm.obj,9077,17045,17045
NonWheelChair,step2_results\normalized\NonWheelChair\D00037_simplified_norm.obj,9005,17942,17942
NonWheelChair,step2_results\normalized\NonWheelChair\D00101_simplified_norm.obj,9001,17966,17966
NonWheelChair,step2_results\normalized\NonWheelChair\D00170_simplified_norm.obj,9019,17640,17640
NonWheelChair,step2_results\normalized\NonWheelChair\D00185_simplified_norm.obj,9041,17004,17004
NonWheelChair,step2_results\normalized\NonWheelChair\D00240_refined_norm.obj,5854,11680,11680
NonWheelChair,step2_results\normalized\NonWheelChair\D00306_simplified_norm.obj,9020,17952,17952
NonWheelChair,step2_results\normalized\NonWheelChair\D00357_simplified_norm.obj,9002,17964,17964
NonWheelChair,step2_results\normalized\NonWheelChair\D00419_simplified_norm.obj,9010,17976,17976
NonWheelChair,step2_results\normalized\NonWheelChair\D00443_simplified_norm.obj,9009,17713,17713
NonWheelChair,step2_results\normalized\NonWheelChair\D00445_simplified_norm.obj,9006,17932,17932
NonWheelChair,step2_results\normalized\NonWheelChair\D00480_kept_norm.obj,5063,10066,10066
NonWheelChair,step2_results\normalized\NonWheelChair\D00481_simplified_norm.obj,8989,17924,17924
NonWheelChair,step2_results\normalized\NonWheelChair\D00512_simplified_norm.obj,9059,17018,17018
NonWheelChair,step2_results\normalized\NonWheelChair\D00694_simplified_norm.obj,9004,17960,17960
NonWheelChair,step2_results\normalized\NonWheelChair\D00707_simplified_norm.obj,9048,17860,17860
NonWheelChair,step2_results\normalized\NonWheelChair\D00741_simplified_norm.obj,8997,17692,17692
NonWheelChair,step2_results\normalized\NonWheelChair\D00853_simplified_norm.obj,9002,17992,17992
NonWheelChair,step2_results\normalized\NonWheelChair\D00914_refined_norm.obj,7641,15136,15136
NonWheelChair,step2_results\normalized\NonWheelChair\D00928_refined_norm.obj,7982,15904,15904
NonWheelChair,step2_results\normalized\NonWheelChair\D00936_simplified_norm.obj,9006,17968,17968
NonWheelChair,step2_results\normalized\NonWheelChair\m785_simplified_norm.obj,9017,17681,17681
NonWheelChair,step2_results\normalized\NonWheelChair\m786_refined_norm.obj,9986,19936,19936
NonWheelChair,step2_results\normalized\NonWheelChair\m787_simplified_norm.obj,9006,17920,17920
NonWheelChair,step2_results\normalized\NonWheelChair\m788_simplified_norm.obj,9007,17986,17986
NonWheelChair,step2_results\normalized\NonWheelChair\m789_refined_norm.obj,9694,19232,19232
NonWheelChair,step2_results\normalized\NonWheelChair\m790_simplified_norm.obj,9001,17819,17819
NonWheelChair,step2_results\normalized\NonWheelChair\m791_refined_norm.obj,9050,18032,18032
NonWheelChair,step2_results\normalized\NonWheelChair\m793_simplified_norm.obj,9083,17254,17254
NonWheelChair,step2_results\normalized\NonWheelChair\m794_simplified_norm.obj,9000,17532,17532
NonWheelChair,step2_results\normalized\NonWheelChair\m795_simplified_norm.obj,9006,17960,17960
NonWheelChair,step2_results\normalized\NonWheelChair\m796_simplified_norm.obj,9012,17929,17929
NonWheelChair,step2_results\normalized\NonWheelChair\m797_simplified_norm.obj,9139,16825,16825
NonWheelChair,step2_results\normalized\NonWheelChair\m798_simplified_norm.obj,8977,17541,17541
NonWheelChair,step2_results\normalized\NonWheelChair\m799_simplified_norm.obj,9012,17921,17921
NonWheelChair,step2_results\normalized\NonWheelChair\m800_refined_norm.obj,6171,12160,12160
NonWheelChair,step2_results\normalized\NonWheelChair\m801_simplified_norm.obj,6809,13510,13510
NonWheelChair,step2_results\normalized\NonWheelChair\m804_simplified_norm.obj,9084,17745,17745
NonWheelChair,step2_results\normalized\NonWheelChair\m805_refined_norm.obj,8603,17024,17024
NonWheelChair,step2_results\normalized\NonWheelChair\m806_refined_norm.obj,7250,14464,14464
NonWheelChair,step2_results\normalized\NonWheelChair\m807_refined_norm.obj,5896,11776,11776
NonWheelChair,step2_results\normalized\NonWheelChair\m808_simplified_norm.obj,9106,16900,16900
NonWheelChair,step2_results\normalized\NonWheelChair\m809_refined_norm.obj,5790,11520,11520
NonWheelChair,step2_results\normalized\NonWheelChair\m810_simplified_norm.obj,9006,17956,17956
NonWheelChair,step2_results\normalized\NonWheelChair\m811_simplified_norm.obj,9116,17055,17055
NonWheelChair,step2_results\normalized\NonWheelChair\m812_simplified_norm.obj,9116,17056,17056
NonWheelChair,step2_results\normalized\NonWheelChair\m813_simplified_norm.obj,9133,17033,17033
NonWheelChair,step2_results\normalized\NonWheelChair\m814_simplified_norm.obj,9118,17029,17029
NonWheelChair,step2_results\normalized\NonWheelChair\m815_simplified_norm.obj,9008,16677,16677
NonWheelChair,step2_results\normalized\NonWheelChair\m816_simplified_norm.obj,9009,16647,16647
NonWheelChair,step2_results\normalized\NonWheelChair\m817_refined_norm.obj,5528,11008,11008
NonWheelChair,step2_results\normalized\NonWheelChair\m818_simplified_norm.obj,8905,17671,17671
NonWheelChair,step2_results\normalized\NonWheelChair\m819_refined_norm.obj,5775,10624,10624
NonWheelChair,step2_results\normalized\NonWheelChair\m820_refined_norm.obj,6290,12145,12145
NonWheelChair,step2_results\normalized\NonWheelChair\m821_simplified_norm.obj,8903,17565,17565
NonWheelChair,step2_results\normalized\NonWheelChair\m822_simplified_norm.obj,9000,17970,17970
NonWheelChair,step2_results\normalized\NonWheelChair\m823_refined_norm.obj,6530,12992,12992
NonWheelChair,step2_results\normalized\NonWheelChair\m824_simplified_norm.obj,9024,17640,17640
NonWheelChair,step2_results\normalized\NonWheelChair\m826_refined_norm.obj,9170,18283,18283
NonWheelChair,step2_results\normalized\NonWheelChair\m827_simplified_norm.obj,9010,17976,17976
NonWheelChair,step2_results\normalized\NonWheelChair\m828_simplified_norm.obj,9004,17960,17960
PianoBoard,step2_results\normalized\PianoBoard\D00008_refined_norm.obj,8113,15640,15640
PianoBoard,step2_results\normalized\PianoBoard\D00065_simplified_norm.obj,9096,17740,17740
PianoBoard,step2_results\normalized\PianoBoard\D00075_simplified_norm.obj,8945,17656,17656
PianoBoard,step2_results\normalized\PianoBoard\D00104_simplified_norm.obj,8996,17477,17477
PianoBoard,step2_results\normalized\PianoBoard\D00122_refined_norm.obj,7330,13643,13643
PianoBoard,step2_results\normalized\PianoBoard\D00181_kept_norm.obj,9627,15427,15427
PianoBoard,step2_results\normalized\PianoBoard\D00212_simplified_norm.obj,8814,16271,16271
PianoBoard,step2_results\normalized\PianoBoard\D00235_refined_norm.obj,6259,11800,11800
PianoBoard,step2_results\normalized\PianoBoard\D00253_simplified_norm.obj,8995,17900,17900
PianoBoard,step2_results\normalized\PianoBoard\D00332_simplified_norm.obj,9030,16275,16275
PianoBoard,step2_results\normalized\PianoBoard\D00381_refined_norm.obj,9874,18765,18765
PianoBoard,step2_results\normalized\PianoBoard\D00441_refined_norm.obj,8422,16640,16640
PianoBoard,step2_results\normalized\PianoBoard\D00460_simplified_norm.obj,8937,17579,17579
PianoBoard,step2_results\normalized\PianoBoard\D00623_kept_norm.obj,5666,10102,10102
PianoBoard,step2_results\normalized\PianoBoard\D00718_simplified_norm.obj,9051,16763,16763
PianoBoard,step2_results\normalized\PianoBoard\D00721_simplified_norm.obj,8979,17818,17818
PianoBoard,step2_results\normalized\PianoBoard\D00755_simplified_norm.obj,6832,13190,13190
PianoBoard,step2_results\normalized\PianoBoard\D00885_kept_norm.obj,6603,12497,12497
PianoBoard,step2_results\normalized\PianoBoard\D00962_simplified_norm.obj,8992,17680,17680
PianoBoard,step2_results\normalized\PianoBoard\D00966_simplified_norm.obj,9020,15950,15950
PlantIndoors,step2_results\normalized\PlantIndoors\D00049_simplified_norm.obj,9485,12590,12590
PlantIndoors,step2_results\normalized\PlantIndoors\D00073_simplified_norm.obj,9121,13056,13056
PlantIndoors,step2_results\normalized\PlantIndoors\D00080_simplified_norm.obj,26572,12529,12529
PlantIndoors,step2_results\normalized\PlantIndoors\D00087_simplified_norm.obj,9019,14001,14001
PlantIndoors,step2_results\normalized\PlantIndoors\D00128_simplified_norm.obj,10230,12534,12534
PlantIndoors,step2_results\normalized\PlantIndoors\D00159_simplified_norm.obj,10049,12538,12538
PlantIndoors,step2_results\normalized\PlantIndoors\D00238_simplified_norm.obj,9629,12592,12592
PlantIndoors,step2_results\normalized\PlantIndoors\D00280_simplified_norm.obj,6950,9513,9513
PlantIndoors,step2_results\normalized\PlantIndoors\D00370_simplified_norm.obj,7924,8857,8857
PlantIndoors,step2_results\normalized\PlantIndoors\D00379_simplified_norm.obj,7871,9509,9509
PlantIndoors,step2_results\normalized\PlantIndoors\D00466_refined_norm.obj,8517,12944,12944
PlantIndoors,step2_results\normalized\PlantIndoors\D00491_simplified_norm.obj,9838,12543,12543
PlantIndoors,step2_results\normalized\PlantIndoors\D00595_simplified_norm.obj,11577,12529,12529
PlantIndoors,step2_results\normalized\PlantIndoors\D00609_kept_norm.obj,6696,10794,10794
PlantIndoors,step2_results\normalized\PlantIndoors\D00622_simplified_norm.obj,8989,12785,12785
PlantIndoors,step2_results\normalized\PlantIndoors\D00624_simplified_norm.obj,10475,12553,12553
PlantIndoors,step2_results\normalized\PlantIndoors\D00657_kept_norm.obj,5671,7624,7624
PlantIndoors,step2_results\normalized\PlantIndoors\D00667_simplified_norm.obj,9000,15704,15704
PlantIndoors,step2_results\normalized\PlantIndoors\D00800_simplified_norm.obj,9738,12589,12589
PlantIndoors,step2_results\normalized\PlantIndoors\D00968_simplified_norm.obj,6919,10268,10268
PlantIndoors,step2_results\normalized\PlantIndoors\m1000_simplified_norm.obj,9479,12590,12590
PlantIndoors,step2_results\normalized\PlantIndoors\m1001_simplified_norm.obj,9120,13057,13057
PlantIndoors,step2_results\normalized\PlantIndoors\m1002_simplified_norm.obj,7737,9515,9515
PlantIndoors,step2_results\normalized\PlantIndoors\m1003_simplified_norm.obj,7871,9510,9510
PlantIndoors,step2_results\normalized\PlantIndoors\m1004_simplified_norm.obj,9735,12590,12590
PlantIndoors,step2_results\normalized\PlantIndoors\m1005_simplified_norm.obj,11222,12529,12529
PlantIndoors,step2_results\normalized\PlantIndoors\m1006_simplified_norm.obj,8746,12594,12594
PlantIndoors,step2_results\normalized\PlantIndoors\m1007_simplified_norm.obj,7924,8856,8856
PlantIndoors,step2_results\normalized\PlantIndoors\m1008_kept_norm.obj,5383,7952,7952
PlantIndoors,step2_results\normalized\PlantIndoors\m1009_kept_norm.obj,5331,6734,6734
PlantIndoors,step2_results\normalized\PlantIndoors\m1010_kept_norm.obj,6257,7196,7196
PlantIndoors,step2_results\normalized\PlantIndoors\m1011_simplified_norm.obj,6919,9645,9645
PlantIndoors,step2_results\normalized\PlantIndoors\m1012_simplified_norm.obj,9080,15111,15111
PlantIndoors,step2_results\normalized\PlantIndoors\m1013_kept_norm.obj,6365,7424,7424
PlantIndoors,step2_results\normalized\PlantIndoors\m1014_simplified_norm.obj,11576,12530,12530
PlantIndoors,step2_results\normalized\PlantIndoors\m1015_simplified_norm.obj,9017,16427,16427
PlantIndoors,step2_results\normalized\PlantIndoors\m1016_kept_norm.obj,5305,7909,7909
PlantIndoors,step2_results\normalized\PlantIndoors\m1017_simplified_norm.obj,8986,12772,12772
PlantIndoors,step2_results\normalized\PlantIndoors\m1018_simplified_norm.obj,10472,12552,12552
PlantIndoors,step2_results\normalized\PlantIndoors\m1020_simplified_norm.obj,9626,12592,12592
PlantIndoors,step2_results\normalized\PlantIndoors\m1021_simplified_norm.obj,6918,10271,10271
PlantIndoors,step2_results\normalized\PlantIndoors\m1022_simplified_norm.obj,6948,9512,9512
PlantIndoors,step2_results\normalized\PlantIndoors\m1023_refined_norm.obj,8515,12944,12944
PlantIndoors,step2_results\normalized\PlantIndoors\m1025_kept_norm.obj,6696,10794,10794
PlantIndoors,step2_results\normalized\PlantIndoors\m1026_simplified_norm.obj,8995,15590,15590
PlantIndoors,step2_results\normalized\PlantIndoors\m1027_simplified_norm.obj,9025,13901,13901
PlantIndoors,step2_results\normalized\PlantIndoors\m1029_simplified_norm.obj,9031,17925,17925
PlantIndoors,step2_results\normalized\PlantIndoors\m1030_simplified_norm.obj,8563,14496,14496
PlantIndoors,step2_results\normalized\PlantIndoors\m1031_simplified_norm.obj,8988,16821,16821
PlantIndoors,step2_results\normalized\PlantIndoors\m1032_simplified_norm.obj,9009,17982,17982
PlantIndoors,step2_results\normalized\PlantIndoors\m1033_simplified_norm.obj,8064,13558,13558
PlantIndoors,step2_results\normalized\PlantIndoors\m1034_simplified_norm.obj,8999,17828,17828
PlantIndoors,step2_results\normalized\PlantIndoors\m1035_refined_norm.obj,6927,13440,13440
PlantIndoors,step2_results\normalized\PlantIndoors\m1036_simplified_norm.obj,9021,17898,17898
PlantIndoors,step2_results\normalized\PlantIndoors\m989_simplified_norm.obj,9141,14591,14591
PlantIndoors,step2_results\normalized\PlantIndoors\m990_refined_norm.obj,5786,10304,10304
PlantIndoors,step2_results\normalized\PlantIndoors\m991_simplified_norm.obj,9062,13311,13311
PlantIndoors,step2_results\normalized\PlantIndoors\m992_refined_norm.obj,5786,10304,10304
PlantIndoors,step2_results\normalized\PlantIndoors\m993_simplified_norm.obj,9050,17332,17332
PlantIndoors,step2_results\normalized\PlantIndoors\m994_simplified_norm.obj,9016,15986,15986
PlantIndoors,step2_results\normalized\PlantIndoors\m995_simplified_norm.obj,7242,4603,4603
PlantIndoors,step2_results\normalized\PlantIndoors\m996_refined_norm.obj,8171,15120,15120
PlantIndoors,step2_results\normalized\PlantIndoors\m997_refined_norm.obj,7070,11568,11568
PlantIndoors,step2_results\normalized\PlantIndoors\m998_simplified_norm.obj,8991,17285,17285
PlantIndoors,step2_results\normalized\PlantIndoors\m999_simplified_norm.obj,9018,14208,14208
PlantWildNonTree,step2_results\normalized\PlantWildNonTree\m1052_refined_norm.obj,7272,11904,11904
PlantWildNonTree,step2_results\normalized\PlantWildNonTree\m961_kept_norm.obj,6513,9427,9427
PlantWildNonTree,step2_results\normalized\PlantWildNonTree\m962_simplified_norm.obj,10423,12530,12530
PlantWildNonTree,step2_results\normalized\PlantWildNonTree\m963_simplified_norm.obj,9140,12600,12600
PlantWildNonTree,step2_results\normalized\PlantWildNonTree\m964_simplified_norm.obj,9281,12589,12589
PlantWildNonTree,step2_results\normalized\PlantWildNonTree\m965_simplified_norm.obj,8948,14089,14089
PlantWildNonTree,step2_results\normalized\PlantWildNonTree\m966_simplified_norm.obj,7914,5274,5274
PlantWildNonTree,step2_results\normalized\PlantWildNonTree\m967_simplified_norm.obj,10791,12530,12530
PlantWildNonTree,step2_results\normalized\PlantWildNonTree\m968_kept_norm.obj,9018,11712,11712
PlantWildNonTree,step2_results\normalized\PlantWildNonTree\m971_simplified_norm.obj,9338,12286,12286
PlantWildNonTree,step2_results\normalized\PlantWildNonTree\m972_simplified_norm.obj,12220,11289,11289
PlantWildNonTree,step2_results\normalized\PlantWildNonTree\m973_simplified_norm.obj,10149,12535,12535
PlantWildNonTree,step2_results\normalized\PlantWildNonTree\m974_simplified_norm.obj,7571,13190,13190
PlantWildNonTree,step2_results\normalized\PlantWildNonTree\m975_simplified_norm.obj,9006,17980,17980
PlantWildNonTree,step2_results\normalized\PlantWildNonTree\m976_simplified_norm.obj,8987,16238,16238
PlantWildNonTree,step2_results\normalized\PlantWildNonTree\m977_refined_norm.obj,5540,10959,10959
PlantWildNonTree,step2_results\normalized\PlantWildNonTree\m978_simplified_norm.obj,9016,13840,13840
PlantWildNonTree,step2_results\normalized\PlantWildNonTree\m979_simplified_norm.obj,9068,14060,14060
PlantWildNonTree,step2_results\normalized\PlantWildNonTree\m980_kept_norm.obj,8930,15965,15965
PlantWildNonTree,step2_results\normalized\PlantWildNonTree\m981_simplified_norm.obj,8904,15944,15944
PlantWildNonTree,step2_results\normalized\PlantWildNonTree\m982_simplified_norm.obj,9017,17970,17970
PlantWildNonTree,step2_results\normalized\PlantWildNonTree\m983_refined_norm.obj,9895,18944,18944
PlantWildNonTree,step2_results\normalized\PlantWildNonTree\m984_refined_norm.obj,9182,15712,15712
PlantWildNonTree,step2_results\normalized\PlantWildNonTree\m985_simplified_norm.obj,9054,14904,14904
PlantWildNonTree,step2_results\normalized\PlantWildNonTree\m986_kept_norm.obj,6656,11843,11843
PlantWildNonTree,step2_results\normalized\PlantWildNonTree\m987_refined_norm.obj,9184,15712,15712
PlantWildNonTree,step2_results\normalized\PlantWildNonTree\m988_simplified_norm.obj,9013,17816,17816
Quadruped,step2_results\normalized\Quadruped\D00111_refined_norm.obj,9203,18296,18296
Quadruped,step2_results\normalized\Quadruped\D00150_simplified_norm.obj,9007,17701,17701
Quadruped,step2_results\normalized\Quadruped\D00218_simplified_norm.obj,9000,17996,17996
Quadruped,step2_results\normalized\Quadruped\D00226_simplified_norm.obj,8999,17995,17995
Quadruped,step2_results\normalized\Quadruped\D00261_simplified_norm.obj,9000,17996,17996
Quadruped,step2_results\normalized\Quadruped\D00326_simplified_norm.obj,9010,17927,17927
Quadruped,step2_results\normalized\Quadruped\D00380_refined_norm.obj,7077,13984,13984
Quadruped,step2_results\normalized\Quadruped\D00409_simplified_norm.obj,9016,17698,17698
Quadruped,step2_results\normalized\Quadruped\D00508_simplified_norm.obj,9005,17925,17925
Quadruped,step2_results\normalized\Quadruped\D00509_simplified_norm.obj,6800,13596,13596
Quadruped,step2_results\normalized\Quadruped\D00583_simplified_norm.obj,9071,17691,17691
Quadruped,step2_results\normalized\Quadruped\D00663_simplified_norm.obj,8643,15370,15370
Quadruped,step2_results\normalized\Quadruped\D00700_simplified_norm.obj,6802,13464,13464
Quadruped,step2_results\normalized\Quadruped\D00757_simplified_norm.obj,9001,17994,17994
Quadruped,step2_results\normalized\Quadruped\D00794_simplified_norm.obj,6800,13596,13596
Quadruped,step2_results\normalized\Quadruped\D00795_simplified_norm.obj,8544,14843,14843
Quadruped,step2_results\normalized\Quadruped\D00831_refined_norm.obj,6394,12668,12668
Quadruped,step2_results\normalized\Quadruped\D00841_refined_norm.obj,8353,16596,16596
Quadruped,step2_results\normalized\Quadruped\D00867_kept_norm.obj,6344,12676,12676
Quadruped,step2_results\normalized\Quadruped\D00934_refined_norm.obj,7827,15544,15544
Quadruped,step2_results\normalized\Quadruped\m100_refined_norm.obj,9666,19328,19328
Quadruped,step2_results\normalized\Quadruped\m101_simplified_norm.obj,9025,17944,17944
Quadruped,step2_results\normalized\Quadruped\m102_refined_norm.obj,7309,14464,14464
Quadruped,step2_results\normalized\Quadruped\m103_simplified_norm.obj,9064,17540,17540
Quadruped,step2_results\normalized\Quadruped\m104_simplified_norm.obj,9005,17984,17984
Quadruped,step2_results\normalized\Quadruped\m105_refined_norm.obj,8413,16640,16640
Quadruped,step2_results\normalized\Quadruped\m106_refined_norm.obj,5506,11008,11008
Quadruped,step2_results\normalized\Quadruped\m107_simplified_norm.obj,9011,17928,17928
Quadruped,step2_results\normalized\Quadruped\m108_simplified_norm.obj,8998,18003,18003
Quadruped,step2_results\normalized\Quadruped\m109_simplified_norm.obj,9015,17974,17974
Quadruped,step2_results\normalized\Quadruped\m110_refined_norm.obj,7218,14432,14432
Quadruped,step2_results\normalized\Quadruped\m111_simplified_norm.obj,9023,17942,17942
Quadruped,step2_results\normalized\Quadruped\m112_simplified_norm.obj,6798,13522,13522
Quadruped,step2_results\normalized\Quadruped\m273_refined_norm.obj,7550,15072,15072
Quadruped,step2_results\normalized\Quadruped\m274_simplified_norm.obj,8995,17973,17973
Quadruped,step2_results\normalized\Quadruped\m275_simplified_norm.obj,9000,17996,17996
Quadruped,step2_results\normalized\Quadruped\m276_refined_norm.obj,9183,18292,18292
Quadruped,step2_results\normalized\Quadruped\m277_refined_norm.obj,7024,13984,13984
Quadruped,step2_results\normalized\Quadruped\m278_simplified_norm.obj,9066,17871,17871
Quadruped,step2_results\normalized\Quadruped\m279_simplified_norm.obj,9006,17986,17986
Quadruped,step2_results\normalized\Quadruped\m280_simplified_norm.obj,9011,17546,17546
Quadruped,step2_results\normalized\Quadruped\m281_simplified_norm.obj,8996,17942,17942
Quadruped,step2_results\normalized\Quadruped\m282_refined_norm.obj,7272,14316,14316
Quadruped,step2_results\normalized\Quadruped\m86_refined_norm.obj,7967,15040,15040
Quadruped,step2_results\normalized\Quadruped\m87_simplified_norm.obj,9013,17822,17822
Quadruped,step2_results\normalized\Quadruped\m88_refined_norm.obj,6448,12880,12880
Quadruped,step2_results\normalized\Quadruped\m89_simplified_norm.obj,8999,17971,17971
Quadruped,step2_results\normalized\Quadruped\m90_refined_norm.obj,7088,14096,14096
Quadruped,step2_results\normalized\Quadruped\m91_refined_norm.obj,6394,12668,12668
Quadruped,step2_results\normalized\Quadruped\m92_refined_norm.obj,7827,15544,15544
Quadruped,step2_results\normalized\Quadruped\m93_simplified_norm.obj,9018,17944,17944
Quadruped,step2_results\normalized\Quadruped\m94_simplified_norm.obj,9044,17594,17594
Quadruped,step2_results\normalized\Quadruped\m95_simplified_norm.obj,9000,17996,17996
Quadruped,step2_results\normalized\Quadruped\m96_kept_norm.obj,5163,10034,10034
Quadruped,step2_results\normalized\Quadruped\m97_simplified_norm.obj,9020,17815,17815
Quadruped,step2_results\normalized\Quadruped\m98_simplified_norm.obj,9037,17807,17807
Quadruped,step2_results\normalized\Quadruped\m99_refined_norm.obj,5779,11540,11540
RectangleTable,step2_results\normalized\RectangleTable\D00134_simplified_norm.obj,9015,17833,17833
RectangleTable,step2_results\normalized\RectangleTable\D00187_refined_norm.obj,7919,14043,14043
RectangleTable,step2_results\normalized\RectangleTable\D00188_simplified_norm.obj,9008,17976,17976
RectangleTable,step2_results\normalized\RectangleTable\D00230_simplified_norm.obj,9026,16508,16508
RectangleTable,step2_results\normalized\RectangleTable\D00243_simplified_norm.obj,8973,17784,17784
RectangleTable,step2_results\normalized\RectangleTable\D00295_simplified_norm.obj,9002,17984,17984
RectangleTable,step2_results\normalized\RectangleTable\D00302_refined_norm.obj,6534,12544,12544
RectangleTable,step2_results\normalized\RectangleTable\D00317_simplified_norm.obj,9062,15742,15742
RectangleTable,step2_results\normalized\RectangleTable\D00418_refined_norm.obj,5754,7576,7576
RectangleTable,step2_results\normalized\RectangleTable\D00421_simplified_norm.obj,9006,17988,17988
RectangleTable,step2_results\normalized\RectangleTable\D00505_simplified_norm.obj,9003,17962,17962
RectangleTable,step2_results\normalized\RectangleTable\D00523_simplified_norm.obj,8988,18061,18061
RectangleTable,step2_results\normalized\RectangleTable\D00530_simplified_norm.obj,8997,17882,17882
RectangleTable,step2_results\normalized\RectangleTable\D00571_simplified_norm.obj,9018,17945,17945
RectangleTable,step2_results\normalized\RectangleTable\D00603_simplified_norm.obj,6811,13056,13056
RectangleTable,step2_results\normalized\RectangleTable\D00678_refined_norm.obj,6898,13660,13660
RectangleTable,step2_results\normalized\RectangleTable\D00714_refined_norm.obj,7712,15360,15360
RectangleTable,step2_results\normalized\RectangleTable\D00766_simplified_norm.obj,9094,15585,15585
RectangleTable,step2_results\normalized\RectangleTable\D00944_simplified_norm.obj,9007,17978,17978
RectangleTable,step2_results\normalized\RectangleTable\D00954_refined_norm.obj,8783,16832,16832
RectangleTable,step2_results\normalized\RectangleTable\m763_simplified_norm.obj,9115,17397,17397
RectangleTable,step2_results\normalized\RectangleTable\m764_simplified_norm.obj,9055,17691,17691
RectangleTable,step2_results\normalized\RectangleTable\m765_simplified_norm.obj,8961,17270,17270
RectangleTable,step2_results\normalized\RectangleTable\m870_simplified_norm.obj,9000,17996,17996
RectangleTable,step2_results\normalized\RectangleTable\m871_refined_norm.obj,6304,11393,11393
RectangleTable,step2_results\normalized\RectangleTable\m872_refined_norm.obj,8829,17536,17536
RectangleTable,step2_results\normalized\RectangleTable\m873_refined_norm.obj,9832,19168,19168
RectangleTable,step2_results\normalized\RectangleTable\m874_simplified_norm.obj,9076,17317,17317
RectangleTable,step2_results\normalized\RectangleTable\m875_refined_norm.obj,6516,11904,11904
RectangleTable,step2_results\normalized\RectangleTable\m876_refined_norm.obj,6914,13312,13312
RectangleTable,step2_results\normalized\RectangleTable\m877_simplified_norm.obj,9002,17976,17976
RectangleTable,step2_results\normalized\RectangleTable\m878_simplified_norm.obj,9006,17256,17256
RectangleTable,step2_results\normalized\RectangleTable\m879_simplified_norm.obj,8971,17748,17748
RectangleTable,step2_results\normalized\RectangleTable\m881_simplified_norm.obj,9020,17826,17826
RectangleTable,step2_results\normalized\RectangleTable\m882_refined_norm.obj,8782,17152,17152
RectangleTable,step2_results\normalized\RectangleTable\m883_refined_norm.obj,5514,11008,11008
RectangleTable,step2_results\normalized\RectangleTable\m886_simplified_norm.obj,8985,17314,17314
RectangleTable,step2_results\normalized\RectangleTable\m887_simplified_norm.obj,9016,17970,17970
RectangleTable,step2_results\normalized\RectangleTable\m888_refined_norm.obj,7666,15360,15360
RectangleTable,step2_results\normalized\RectangleTable\m889_refined_norm.obj,7531,15036,15036
RectangleTable,step2_results\normalized\RectangleTable\m890_refined_norm.obj,7830,15606,15606
RectangleTable,step2_results\normalized\RectangleTable\m891_simplified_norm.obj,9002,17984,17984
RectangleTable,step2_results\normalized\RectangleTable\m892_refined_norm.obj,6949,12533,12533
RectangleTable,step2_results\normalized\RectangleTable\m893_refined_norm.obj,9578,18688,18688
RectangleTable,step2_results\normalized\RectangleTable\m894_simplified_norm.obj,9071,17467,17467
RectangleTable,step2_results\normalized\RectangleTable\m895_simplified_norm.obj,9050,17466,17466
RectangleTable,step2_results\normalized\RectangleTable\m896_refined_norm.obj,5520,10240,10240
RectangleTable,step2_results\normalized\RectangleTable\m897_simplified_norm.obj,9116,17520,17520
RectangleTable,step2_results\normalized\RectangleTable\m898_simplified_norm.obj,9051,16656,16656
RectangleTable,step2_results\normalized\RectangleTable\m901_simplified_norm.obj,9002,17984,17984
RectangleTable,step2_results\normalized\RectangleTable\m902_simplified_norm.obj,9002,17980,17980
RectangleTable,step2_results\normalized\RectangleTable\m904_simplified_norm.obj,9115,17520,17520
RectangleTable,step2_results\normalized\RectangleTable\m905_refined_norm.obj,8763,16833,16833
RectangleTable,step2_results\normalized\RectangleTable\m906_simplified_norm.obj,9002,17960,17960
RectangleTable,step2_results\normalized\RectangleTable\m907_refined_norm.obj,7235,13696,13696
RectangleTable,step2_results\normalized\RectangleTable\m908_simplified_norm.obj,9051,16656,16656
RectangleTable,step2_results\normalized\RectangleTable\m910_simplified_norm.obj,8361,13407,13407
RectangleTable,step2_results\normalized\RectangleTable\m912_refined_norm.obj,7686,15360,15360
RectangleTable,step2_results\normalized\RectangleTable\m913_refined_norm.obj,6026,12032,12032
RectangleTable,step2_results\normalized\RectangleTable\m914_refined_norm.obj,7716,15136,15136
RectangleTable,step2_results\normalized\RectangleTable\m915_refined_norm.obj,7690,15360,15360
RectangleTable,step2_results\normalized\RectangleTable\m917_refined_norm.obj,5514,11008,11008
RectangleTable,step2_results\normalized\RectangleTable\m919_simplified_norm.obj,9019,17944,17944
RectangleTable,step2_results\normalized\RectangleTable\m920_refined_norm.obj,6198,11776,11776
Rocket,step2_results\normalized\Rocket\D00015_simplified_norm.obj,9005,17990,17990
Rocket,step2_results\normalized\Rocket\D00343_simplified_norm.obj,9034,17905,17905
Rocket,step2_results\normalized\Rocket\D00346_refined_norm.obj,5864,11616,11616
Rocket,step2_results\normalized\Rocket\D00354_simplified_norm.obj,9030,17813,17813
Rocket,step2_results\normalized\Rocket\D00426_refined_norm.obj,7236,14336,14336
Rocket,step2_results\normalized\Rocket\D00428_simplified_norm.obj,9002,17992,17992
Rocket,step2_results\normalized\Rocket\D00433_refined_norm.obj,9746,19456,19456
Rocket,step2_results\normalized\Rocket\D00437_refined_norm.obj,6775,13034,13034
Rocket,step2_results\normalized\Rocket\D00472_simplified_norm.obj,9036,17868,17868
Rocket,step2_results\normalized\Rocket\D00485_refined_norm.obj,8176,16256,16256
Rocket,step2_results\normalized\Rocket\D00528_simplified_norm.obj,9002,17988,17988
Rocket,step2_results\normalized\Rocket\D00564_simplified_norm.obj,9011,16666,16666
Rocket,step2_results\normalized\Rocket\D00585_simplified_norm.obj,9004,17984,17984
Rocket,step2_results\normalized\Rocket\D00614_refined_norm.obj,7476,14336,14336
Rocket,step2_results\normalized\Rocket\D00697_simplified_norm.obj,9000,17996,17996
Rocket,step2_results\normalized\Rocket\D00719_kept_norm.obj,6491,12970,12970
Rocket,step2_results\normalized\Rocket\D00764_simplified_norm.obj,9005,17974,17974
Rocket,step2_results\normalized\Rocket\D00851_simplified_norm.obj,9002,17992,17992
Rocket,step2_results\normalized\Rocket\D00942_simplified_norm.obj,9000,17996,17996
Rocket,step2_results\normalized\Rocket\D00975_simplified_norm.obj,6813,13361,13361
RoundTable,step2_results\normalized\RoundTable\D00083_simplified_norm.obj,8986,17924,17924
RoundTable,step2_results\normalized\RoundTable\D00094_simplified_norm.obj,9006,17923,17923
RoundTable,step2_results\normalized\RoundTable\D00107_simplified_norm.obj,9148,16351,16351
RoundTable,step2_results\normalized\RoundTable\D00194_simplified_norm.obj,8999,17068,17068
RoundTable,step2_results\normalized\RoundTable\D00344_refined_norm.obj,7570,15104,15104
RoundTable,step2_results\normalized\RoundTable\D00401_simplified_norm.obj,9012,16878,16878
RoundTable,step2_results\normalized\RoundTable\D00407_refined_norm.obj,9903,18560,18560
RoundTable,step2_results\normalized\RoundTable\D00492_simplified_norm.obj,9003,17986,17986
RoundTable,step2_results\normalized\RoundTable\D00501_simplified_norm.obj,9002,17984,17984
RoundTable,step2_results\normalized\RoundTable\D00503_refined_norm.obj,6720,13264,13264
RoundTable,step2_results\normalized\RoundTable\D00524_simplified_norm.obj,9005,17990,17990
RoundTable,step2_results\normalized\RoundTable\D00581_simplified_norm.obj,8984,17765,17765
RoundTable,step2_results\normalized\RoundTable\D00646_refined_norm.obj,7441,14400,14400
RoundTable,step2_results\normalized\RoundTable\D00649_refined_norm.obj,8514,17008,17008
RoundTable,step2_results\normalized\RoundTable\D00702_kept_norm.obj,6647,13237,13237
RoundTable,step2_results\normalized\RoundTable\D00756_simplified_norm.obj,9000,17996,17996
RoundTable,step2_results\normalized\RoundTable\D00827_refined_norm.obj,6886,13744,13744
RoundTable,step2_results\normalized\RoundTable\D00866_simplified_norm.obj,9089,17808,17808
RoundTable,step2_results\normalized\RoundTable\D00909_simplified_norm.obj,8996,17933,17933
RoundTable,step2_results\normalized\RoundTable\D00948_refined_norm.obj,6936,13856,13856
RoundTable,step2_results\normalized\RoundTable\m921_refined_norm.obj,7441,14400,14400
RoundTable,step2_results\normalized\RoundTable\m922_simplified_norm.obj,9002,17984,17984
RoundTable,step2_results\normalized\RoundTable\m923_simplified_norm.obj,9004,17972,17972
RoundTable,step2_results\normalized\RoundTable\m924_refined_norm.obj,8090,13943,13943
RoundTable,step2_results\normalized\RoundTable\m925_refined_norm.obj,7950,13761,13761
RoundTable,step2_results\normalized\RoundTable\m926_refined_norm.obj,8439,14366,14366
RoundTable,step2_results\normalized\RoundTable\m927_simplified_norm.obj,9004,17972,17972
RoundTable,step2_results\normalized\RoundTable\m928_refined_norm.obj,6231,11748,11748
RoundTable,step2_results\normalized\RoundTable\m929_refined_norm.obj,5614,10252,10252
RoundTable,step2_results\normalized\RoundTable\m930_refined_norm.obj,7836,15648,15648
RoundTable,step2_results\normalized\RoundTable\m931_simplified_norm.obj,9002,17984,17984
RoundTable,step2_results\normalized\RoundTable\m932_simplified_norm.obj,8681,17118,17118
RoundTable,step2_results\normalized\RoundTable\m933_simplified_norm.obj,9000,17992,17992
RoundTable,step2_results\normalized\RoundTable\m934_refined_norm.obj,8842,17664,17664
RoundTable,step2_results\normalized\RoundTable\m935_refined_norm.obj,7513,14956,14956
RoundTable,step2_results\normalized\RoundTable\m937_simplified_norm.obj,9000,17996,17996
RoundTable,step2_results\normalized\RoundTable\m938_refined_norm.obj,6567,13100,13100
Shelf,step2_results\normalized\Shelf\D00057_simplified_norm.obj,9081,17697,17697
Shelf,step2_results\normalized\Shelf\D00074_simplified_norm.obj,9043,17870,17870
Shelf,step2_results\normalized\Shelf\D00129_refined_norm.obj,5552,10944,10944
Shelf,step2_results\normalized\Shelf\D00171_simplified_norm.obj,8977,17715,17715
Shelf,step2_results\normalized\Shelf\D00198_simplified_norm.obj,8998,17705,17705
Shelf,step2_results\normalized\Shelf\D00242_refined_norm.obj,7221,14088,14088
Shelf,step2_results\normalized\Shelf\D00337_simplified_norm.obj,8887,17416,17416
Shelf,step2_results\normalized\Shelf\D00352_refined_norm.obj,8130,16256,16256
Shelf,step2_results\normalized\Shelf\D00468_simplified_norm.obj,8924,17691,17691
Shelf,step2_results\normalized\Shelf\D00592_simplified_norm.obj,9006,17976,17976
Shelf,step2_results\normalized\Shelf\D00631_kept_norm.obj,5444,10680,10680
Shelf,step2_results\normalized\Shelf\D00691_simplified_norm.obj,9281,12592,12592
Shelf,step2_results\normalized\Shelf\D00725_simplified_norm.obj,9019,17950,17950
Shelf,step2_results\normalized\Shelf\D00772_refined_norm.obj,9642,19072,19072
Shelf,step2_results\normalized\Shelf\D00781_simplified_norm.obj,9099,17456,17456
Shelf,step2_results\normalized\Shelf\D00818_simplified_norm.obj,8999,17866,17866
Shelf,step2_results\normalized\Shelf\D00881_simplified_norm.obj,8990,17351,17351
Shelf,step2_results\normalized\Shelf\D00887_simplified_norm.obj,9039,17487,17487
Shelf,step2_results\normalized\Shelf\D00917_refined_norm.obj,8327,16648,16648
Shelf,step2_results\normalized\Shelf\D00956_simplified_norm.obj,8924,17642,17642
Shelf,step2_results\normalized\Shelf\m844_simplified_norm.obj,9006,17704,17704
Shelf,step2_results\normalized\Shelf\m845_simplified_norm.obj,9027,17554,17554
Shelf,step2_results\normalized\Shelf\m846_simplified_norm.obj,9022,17930,17930
Shelf,step2_results\normalized\Shelf\m847_refined_norm.obj,7627,14976,14976
Shelf,step2_results\normalized\Shelf\m849_refined_norm.obj,6127,12160,12160
Shelf,step2_results\normalized\Shelf\m850_refined_norm.obj,9232,18172,18172
Shelf,step2_results\normalized\Shelf\m851_simplified_norm.obj,8994,17815,17815
Shelf,step2_results\normalized\Shelf\m852_refined_norm.obj,6032,11520,11520
Shelf,step2_results\normalized\Shelf\m853_refined_norm.obj,5916,11264,11264
Shelf,step2_results\normalized\Shelf\m854_simplified_norm.obj,9031,17895,17895
Shelf,step2_results\normalized\Shelf\m855_simplified_norm.obj,8687,16634,16634
Shelf,step2_results\normalized\Shelf\m856_simplified_norm.obj,9004,17976,17976
Shelf,step2_results\normalized\Shelf\m857_simplified_norm.obj,9016,17976,17976
Shelf,step2_results\normalized\Shelf\m858_simplified_norm.obj,9059,17073,17073
Shelf,step2_results\normalized\Shelf\m859_refined_norm.obj,9630,18864,18864
Shelf,step2_results\normalized\Shelf\m860_simplified_norm.obj,9002,17976,17976
Shelf,step2_results\normalized\Shelf\m861_refined_norm.obj,7391,14688,14688
Shelf,step2_results\normalized\Shelf\m862_refined_norm.obj,8236,16384,16384
Shelf,step2_results\normalized\Shelf\m863_simplified_norm.obj,9104,16911,16911
Shelf,step2_results\normalized\Shelf\m864_simplified_norm.obj,9149,16913,16913
Shelf,step2_results\normalized\Shelf\m865_simplified_norm.obj,9063,16896,16896
Shelf,step2_results\normalized\Shelf\m866_refined_norm.obj,9339,17536,17536
Shelf,step2_results\normalized\Shelf\m868_refined_norm.obj,5535,10928,10928
Ship,step2_results\normalized\Ship\D00027_simplified_norm.obj,9182,12594,12594
Ship,step2_results\normalized\Ship\D00042_refined_norm.obj,7931,15236,15236
Ship,step2_results\normalized\Ship\D00099_simplified_norm.obj,9000,18000,18000
Ship,step2_results\normalized\Ship\D00175_simplified_norm.obj,9077,17698,17698
Ship,step2_results\normalized\Ship\D00247_kept_norm.obj,6122,10502,10502
Ship,step2_results\normalized\Ship\D00258_kept_norm.obj,6892,10725,10725
Ship,step2_results\normalized\Ship\D00292_simplified_norm.obj,9174,12592,12592
Ship,step2_results\normalized\Ship\D00429_simplified_norm.obj,9129,17737,17737
Ship,step2_results\normalized\Ship\D00467_simplified_norm.obj,9019,13709,13709
Ship,step2_results\normalized\Ship\D00539_simplified_norm.obj,9017,16942,16942
Ship,step2_results\normalized\Ship\D00543_simplified_norm.obj,6832,12930,12930
Ship,step2_results\normalized\Ship\D00647_refined_norm.obj,6750,13410,13410
Ship,step2_results\normalized\Ship\D00771_simplified_norm.obj,8771,17267,17267
Ship,step2_results\normalized\Ship\D00791_simplified_norm.obj,9214,12593,12593
Ship,step2_results\normalized\Ship\D00809_simplified_norm.obj,8884,17108,17108
Ship,step2_results\normalized\Ship\D00837_kept_norm.obj,6122,10502,10502
Ship,step2_results\normalized\Ship\D00896_simplified_norm.obj,9125,17411,17411
Ship,step2_results\normalized\Ship\D00907_kept_norm.obj,9227,18210,18210
Ship,step2_results\normalized\Ship\D00935_refined_norm.obj,6424,12800,12800
Ship,step2_results\normalized\Ship\D00949_refined_norm.obj,7480,14672,14672
Ship,step2_results\normalized\Ship\m1427_refined_norm.obj,9442,17344,17344
Ship,step2_results\normalized\Ship\m1428_refined_norm.obj,9650,17280,17280
Ship,step2_results\normalized\Ship\m1429_refined_norm.obj,8609,15195,15195
Ship,step2_results\normalized\Ship\m1430_refined_norm.obj,9125,16352,16352
Ship,step2_results\normalized\Ship\m1431_refined_norm.obj,8207,14720,14720
Ship,step2_results\normalized\Ship\m1432_refined_norm.obj,7046,12768,12768
Ship,step2_results\normalized\Ship\m1433_simplified_norm.obj,9119,16057,16057
Ship,step2_results\normalized\Ship\m1434_refined_norm.obj,8670,17218,17218
Ship,step2_results\normalized\Ship\m1435_simplified_norm.obj,9141,12599,12599
Ship,step2_results\normalized\Ship\m1436_refined_norm.obj,6705,13335,13335
Ship,step2_results\normalized\Ship\m1437_refined_norm.obj,8089,14656,14656
Ship,step2_results\normalized\Ship\m1438_simplified_norm.obj,8998,17671,17671
Ship,step2_results\normalized\Ship\m1439_refined_norm.obj,6800,13552,13552
Ship,step2_results\normalized\Ship\m1440_simplified_norm.obj,9091,14198,14198
Ship,step2_results\normalized\Ship\m1441_simplified_norm.obj,9080,14286,14286
Ship,step2_results\normalized\Ship\m1442_kept_norm.obj,6858,12552,12552
Ship,step2_results\normalized\Ship\m1444_kept_norm.obj,6251,11722,11722
Ship,step2_results\normalized\Ship\m1446_kept_norm.obj,6119,10502,10502
Ship,step2_results\normalized\Ship\m1447_simplified_norm.obj,8949,17301,17301
Ship,step2_results\normalized\Ship\m1448_simplified_norm.obj,8979,17803,17803
Ship,step2_results\normalized\Ship\m1449_simplified_norm.obj,9000,18000,18000
Ship,step2_results\normalized\Ship\m1450_simplified_norm.obj,8762,16752,16752
Ship,step2_results\normalized\Ship\m1451_simplified_norm.obj,8986,17847,17847
Ship,step2_results\normalized\Ship\m1452_simplified_norm.obj,8982,17716,17716
Ship,step2_results\normalized\Ship\m1453_simplified_norm.obj,6814,13440,13440
Ship,step2_results\normalized\Ship\m1454_simplified_norm.obj,9013,17974,17974
Ship,step2_results\normalized\Ship\m1455_simplified_norm.obj,9013,17974,17974
Ship,step2_results\normalized\Ship\m1456_refined_norm.obj,7409,14740,14740
Ship,step2_results\normalized\Ship\m1457_refined_norm.obj,9147,17853,17853
Ship,step2_results\normalized\Ship\m1458_refined_norm.obj,9522,18735,18735
Ship,step2_results\normalized\Ship\m1459_simplified_norm.obj,9024,17730,17730
Ship,step2_results\normalized\Ship\m1460_simplified_norm.obj,9074,17865,17865
Ship,step2_results\normalized\Ship\m1461_simplified_norm.obj,9044,14023,14023
Ship,step2_results\normalized\Ship\m1462_simplified_norm.obj,9082,17766,17766
Ship,step2_results\normalized\Ship\m1463_refined_norm.obj,9911,19712,19712
Ship,step2_results\normalized\Ship\m1464_simplified_norm.obj,9007,17759,17759
Ship,step2_results\normalized\Ship\m1465_kept_norm.obj,6923,10513,10513
Ship,step2_results\normalized\Ship\m1466_kept_norm.obj,9703,18883,18883
Ship,step2_results\normalized\Ship\m1467_refined_norm.obj,8644,17216,17216
Ship,step2_results\normalized\Ship\m1468_refined_norm.obj,5942,10944,10944
Ship,step2_results\normalized\Ship\m1469_refined_norm.obj,6625,12704,12704
Ship,step2_results\normalized\Ship\m1470_refined_norm.obj,8363,16340,16340
Ship,step2_results\normalized\Ship\m1471_refined_norm.obj,8614,14208,14208
Sign,step2_results\normalized\Sign\m1670_refined_norm.obj,7753,13888,13888
Sign,step2_results\normalized\Sign\m1671_simplified_norm.obj,9085,16885,16885
Sign,step2_results\normalized\Sign\m1672_simplified_norm.obj,9023,16938,16938
Sign,step2_results\normalized\Sign\m1673_simplified_norm.obj,9064,17259,17259
Sign,step2_results\normalized\Sign\m1674_simplified_norm.obj,9004,17926,17926
Sign,step2_results\normalized\Sign\m1675_refined_norm.obj,6846,13312,13312
Sign,step2_results\normalized\Sign\m1676_simplified_norm.obj,9006,17984,17984
Sign,step2_results\normalized\Sign\m1678_refined_norm.obj,8275,15583,15583
Sign,step2_results\normalized\Sign\m1679_refined_norm.obj,6336,12576,12576
Sign,step2_results\normalized\Sign\m1680_refined_norm.obj,5670,11328,11328
Sign,step2_results\normalized\Sign\m1681_kept_norm.obj,6540,13032,13032
Sign,step2_results\normalized\Sign\m1682_simplified_norm.obj,9044,17908,17908
Sign,step2_results\normalized\Sign\m1683_simplified_norm.obj,9012,17920,17920
Sign,step2_results\normalized\Sign\m1684_refined_norm.obj,9734,19456,19456
Sign,step2_results\normalized\Sign\m1685_simplified_norm.obj,9014,17852,17852
Skyscraper,step2_results\normalized\Skyscraper\D00006_simplified_norm.obj,16931,12556,12556
Skyscraper,step2_results\normalized\Skyscraper\D00058_simplified_norm.obj,18757,12534,12534
Skyscraper,step2_results\normalized\Skyscraper\D00059_simplified_norm.obj,9021,16422,16422
Skyscraper,step2_results\normalized\Skyscraper\D00105_simplified_norm.obj,6835,13104,13104
Skyscraper,step2_results\normalized\Skyscraper\D00125_simplified_norm.obj,6831,13133,13133
Skyscraper,step2_results\normalized\Skyscraper\D00126_simplified_norm.obj,8010,12592,12592
Skyscraper,step2_results\normalized\Skyscraper\D00130_refined_norm.obj,9359,18136,18136
Skyscraper,step2_results\normalized\Skyscraper\D00259_simplified_norm.obj,7636,12530,12530
Skyscraper,step2_results\normalized\Skyscraper\D00300_kept_norm.obj,6372,10967,10967
Skyscraper,step2_results\normalized\Skyscraper\D00520_simplified_norm.obj,20803,12564,12564
Skyscraper,step2_results\normalized\Skyscraper\D00532_simplified_norm.obj,9528,12532,12532
Skyscraper,step2_results\normalized\Skyscraper\D00584_simplified_norm.obj,8782,12747,12747
Skyscraper,step2_results\normalized\Skyscraper\D00589_kept_norm.obj,5516,10976,10976
Skyscraper,step2_results\normalized\Skyscraper\D00641_refined_norm.obj,8906,17452,17452
Skyscraper,step2_results\normalized\Skyscraper\D00664_simplified_norm.obj,6784,10068,10068
Skyscraper,step2_results\normalized\Skyscraper\D00729_simplified_norm.obj,8951,12565,12565
Skyscraper,step2_results\normalized\Skyscraper\D00822_kept_norm.obj,6980,13754,13754
Skyscraper,step2_results\normalized\Skyscraper\D00870_simplified_norm.obj,9298,12537,12537
Skyscraper,step2_results\normalized\Skyscraper\D00872_simplified_norm.obj,8980,17892,17892
Skyscraper,step2_results\normalized\Skyscraper\D00998_simplified_norm.obj,9013,15890,15890
Spoon,step2_results\normalized\Spoon\D00014_simplified_norm.obj,8996,17987,17987
Spoon,step2_results\normalized\Spoon\D00085_refined_norm.obj,9167,18320,18320
Spoon,step2_results\normalized\Spoon\D00144_simplified_norm.obj,9003,17862,17862
Spoon,step2_results\normalized\Spoon\D00157_refined_norm.obj,6208,11792,11792
Spoon,step2_results\normalized\Spoon\D00196_simplified_norm.obj,8998,17825,17825
Spoon,step2_results\normalized\Spoon\D00338_refined_norm.obj,7786,15280,15280
Spoon,step2_results\normalized\Spoon\D00422_refined_norm.obj,5793,11264,11264
Spoon,step2_results\normalized\Spoon\D00474_simplified_norm.obj,9008,17840,17840
Spoon,step2_results\normalized\Spoon\D00497_refined_norm.obj,9090,18176,18176
Spoon,step2_results\normalized\Spoon\D00517_refined_norm.obj,7302,14336,14336
Spoon,step2_results\normalized\Spoon\D00562_refined_norm.obj,8524,16745,16745
Spoon,step2_results\normalized\Spoon\D00593_refined_norm.obj,9090,18176,18176
Spoon,step2_results\normalized\Spoon\D00661_refined_norm.obj,7203,13721,13721
Spoon,step2_results\normalized\Spoon\D00669_refined_norm.obj,8866,17728,17728
Spoon,step2_results\normalized\Spoon\D00674_simplified_norm.obj,9016,17705,17705
Spoon,step2_results\normalized\Spoon\D00683_refined_norm.obj,8369,16544,16544
Spoon,step2_results\normalized\Spoon\D00790_simplified_norm.obj,9061,17835,17835
Spoon,step2_results\normalized\Spoon\D00842_simplified_norm.obj,9017,17901,17901
Spoon,step2_results\normalized\Spoon\D00927_simplified_norm.obj,8990,17971,17971
Spoon,step2_results\normalized\Spoon\D00964_simplified_norm.obj,8908,17346,17346
Starship,step2_results\normalized\Starship\m1353_refined_norm.obj,8398,16356,16356
Starship,step2_results\normalized\Starship\m1354_kept_norm.obj,5720,11360,11360
Starship,step2_results\normalized\Starship\m1355_simplified_norm.obj,6855,11720,11720
Starship,step2_results\normalized\Starship\m1356_refined_norm.obj,7176,13172,13172
Starship,step2_results\normalized\Starship\m1357_kept_norm.obj,8995,11516,11516
Starship,step2_results\normalized\Starship\m1358_simplified_norm.obj,9132,17139,17139
Starship,step2_results\normalized\Starship\m1359_simplified_norm.obj,9008,17928,17928
Starship,step2_results\normalized\Starship\m1360_refined_norm.obj,9293,14168,14168
Starship,step2_results\normalized\Starship\m1361_simplified_norm.obj,9037,17894,17894
Starship,step2_results\normalized\Starship\m1362_simplified_norm.obj,9089,15007,15007
Starship,step2_results\normalized\Starship\m1364_kept_norm.obj,9015,14093,14093
Starship,step2_results\normalized\Starship\m1365_refined_norm.obj,9877,18784,18784
Starship,step2_results\normalized\Starship\m1366_refined_norm.obj,8647,17072,17072
Starship,step2_results\normalized\Starship\m1368_simplified_norm.obj,8973,16638,16638
Starship,step2_results\normalized\Starship\m1369_simplified_norm.obj,9067,17201,17201
Starship,step2_results\normalized\Starship\m1370_refined_norm.obj,6634,12429,12429
Starship,step2_results\normalized\Starship\m1371_refined_norm.obj,5522,9656,9656
Starship,step2_results\normalized\Starship\m1372_simplified_norm.obj,9049,17467,17467
Starship,step2_results\normalized\Starship\m1373_kept_norm.obj,6063,11589,11589
Starship,step2_results\normalized\Starship\m1374_simplified_norm.obj,6745,13074,13074
Starship,step2_results\normalized\Starship\m1375_refined_norm.obj,6678,13239,13239
Starship,step2_results\normalized\Starship\m1376_refined_norm.obj,7412,14816,14816
Starship,step2_results\normalized\Starship\m1378_refined_norm.obj,8043,15216,15216
Starship,step2_results\normalized\Starship\m1379_simplified_norm.obj,8870,17292,17292
Starship,step2_results\normalized\Starship\m1380_simplified_norm.obj,9024,15303,15303
Starship,step2_results\normalized\Starship\m1381_simplified_norm.obj,8991,17688,17688
Starship,step2_results\normalized\Starship\m1382_simplified_norm.obj,6800,13574,13574
Starship,step2_results\normalized\Starship\m1383_kept_norm.obj,8430,12374,12374
Starship,step2_results\normalized\Starship\m1384_simplified_norm.obj,8933,17607,17607
Starship,step2_results\normalized\Starship\m1385_simplified_norm.obj,9108,16698,16698
Starship,step2_results\normalized\Starship\m1386_refined_norm.obj,6783,13536,13536
SubmachineGun,step2_results\normalized\SubmachineGun\D00052_refined_norm.obj,8657,17074,17074
SubmachineGun,step2_results\normalized\SubmachineGun\D00060_refined_norm.obj,8359,16224,16224
SubmachineGun,step2_results\normalized\SubmachineGun\D00062_refined_norm.obj,5992,11856,11856
SubmachineGun,step2_results\normalized\SubmachineGun\D00064_kept_norm.obj,6530,13248,13248
SubmachineGun,step2_results\normalized\SubmachineGun\D00068_simplified_norm.obj,9020,17765,17765
SubmachineGun,step2_results\normalized\SubmachineGun\D00119_simplified_norm.obj,9027,17752,17752
SubmachineGun,step2_results\normalized\SubmachineGun\D00219_simplified_norm.obj,9030,17740,17740
SubmachineGun,step2_results\normalized\SubmachineGun\D00256_simplified_norm.obj,9041,17384,17384
SubmachineGun,step2_results\normalized\SubmachineGun\D00371_simplified_norm.obj,9054,14967,14967
SubmachineGun,step2_results\normalized\SubmachineGun\D00384_simplified_norm.obj,9079,17304,17304
SubmachineGun,step2_results\normalized\SubmachineGun\D00431_simplified_norm.obj,9038,17944,17944
SubmachineGun,step2_results\normalized\SubmachineGun\D00459_simplified_norm.obj,9074,17793,17793
SubmachineGun,step2_results\normalized\SubmachineGun\D00489_simplified_norm.obj,9012,17959,17959
SubmachineGun,step2_results\normalized\SubmachineGun\D00537_refined_norm.obj,6376,12720,12720
SubmachineGun,step2_results\normalized\SubmachineGun\D00613_simplified_norm.obj,9006,17846,17846
SubmachineGun,step2_results\normalized\SubmachineGun\D00733_simplified_norm.obj,9008,16620,16620
SubmachineGun,step2_results\normalized\SubmachineGun\D00878_refined_norm.obj,5899,11636,11636
SubmachineGun,step2_results\normalized\SubmachineGun\D00893_refined_norm.obj,9039,17728,17728
SubmachineGun,step2_results\normalized\SubmachineGun\D00960_refined_norm.obj,9366,18176,18176
SubmachineGun,step2_results\normalized\SubmachineGun\D00970_refined_norm.obj,6487,12560,12560
Sword,step2_results\normalized\Sword\D00066_simplified_norm.obj,9009,17910,17910
Sword,step2_results\normalized\Sword\D00071_simplified_norm.obj,8994,17975,17975
Sword,step2_results\normalized\Sword\D00133_simplified_norm.obj,9006,17921,17921
Sword,step2_results\normalized\Sword\D00149_simplified_norm.obj,8968,17862,17862
Sword,step2_results\normalized\Sword\D00162_simplified_norm.obj,8999,17985,17985
Sword,step2_results\normalized\Sword\D00177_kept_norm.obj,5076,10136,10136
Sword,step2_results\normalized\Sword\D00195_refined_norm.obj,5629,11100,11100
Sword,step2_results\normalized\Sword\D00249_simplified_norm.obj,8985,17918,17918
Sword,step2_results\normalized\Sword\D00356_simplified_norm.obj,9011,17898,17898
Sword,step2_results\normalized\Sword\D00484_kept_norm.obj,6595,13162,13162
Sword,step2_results\normalized\Sword\D00513_simplified_norm.obj,9002,16770,16770
Sword,step2_results\normalized\Sword\D00540_kept_norm.obj,5573,10922,10922
Sword,step2_results\normalized\Sword\D00635_refined_norm.obj,9890,19766,19766
Sword,step2_results\normalized\Sword\D00712_simplified_norm.obj,8983,17864,17864
Sword,step2_results\normalized\Sword\D00807_refined_norm.obj,9813,18876,18876
Sword,step2_results\normalized\Sword\D00808_simplified_norm.obj,9020,17834,17834
Sword,step2_results\normalized\Sword\D00812_simplified_norm.obj,9002,17977,17977
Sword,step2_results\normalized\Sword\D00906_simplified_norm.obj,9003,17975,17975
Sword,step2_results\normalized\Sword\D00916_simplified_norm.obj,9001,17978,17978
Sword,step2_results\normalized\Sword\D00992_kept_norm.obj,5856,11648,11648
Sword,step2_results\normalized\Sword\m687_simplified_norm.obj,8982,17734,17734
Sword,step2_results\normalized\Sword\m688_refined_norm.obj,7883,15742,15742
Sword,step2_results\normalized\Sword\m689_simplified_norm.obj,8992,17916,17916
Sword,step2_results\normalized\Sword\m690_simplified_norm.obj,9002,17894,17894
Sword,step2_results\normalized\Sword\m691_kept_norm.obj,8582,16488,16488
Sword,step2_results\normalized\Sword\m692_simplified_norm.obj,9003,17979,17979
Sword,step2_results\normalized\Sword\m693_refined_norm.obj,9030,16576,16576
Sword,step2_results\normalized\Sword\m694_simplified_norm.obj,9100,16366,16366
Sword,step2_results\normalized\Sword\m695_kept_norm.obj,9880,19712,19712
Sword,step2_results\normalized\Sword\m696_kept_norm.obj,5412,10814,10814
Sword,step2_results\normalized\Sword\m697_refined_norm.obj,8200,16376,16376
Sword,step2_results\normalized\Sword\m698_simplified_norm.obj,9055,17397,17397
Sword,step2_results\normalized\Sword\m699_refined_norm.obj,8878,17696,17696
Sword,step2_results\normalized\Sword\m700_simplified_norm.obj,8981,17734,17734
Sword,step2_results\normalized\Sword\m701_simplified_norm.obj,8981,17931,17931
Sword,step2_results\normalized\Sword\m702_simplified_norm.obj,8974,17911,17911
Sword,step2_results\normalized\Sword\m703_refined_norm.obj,8995,17600,17600
Sword,step2_results\normalized\Sword\m704_refined_norm.obj,6498,12992,12992
Sword,step2_results\normalized\Sword\m705_simplified_norm.obj,6803,13554,13554
Sword,step2_results\normalized\Sword\m707_simplified_norm.obj,8980,17902,17902
Sword,step2_results\normalized\Sword\m709_kept_norm.obj,6594,13160,13160
Sword,step2_results\normalized\Sword\m710_simplified_norm.obj,9009,17910,17910
Sword,step2_results\normalized\Sword\m711_kept_norm.obj,9440,17667,17667
Sword,step2_results\normalized\Sword\m712_simplified_norm.obj,9109,17591,17591
Sword,step2_results\normalized\Sword\m713_simplified_norm.obj,8988,17853,17853
Sword,step2_results\normalized\Sword\m714_refined_norm.obj,8200,16376,16376
Sword,step2_results\normalized\Sword\m715_kept_norm.obj,5412,10814,10814
Sword,step2_results\normalized\Sword\m716_simplified_norm.obj,9005,17947,17947
Sword,step2_results\normalized\Sword\m717_simplified_norm.obj,9092,17745,17745
Sword,step2_results\normalized\Sword\m718_simplified_norm.obj,8959,17905,17905
Sword,step2_results\normalized\Sword\m719_refined_norm.obj,9834,19648,19648
Sword,step2_results\normalized\Sword\m720_simplified_norm.obj,9000,17984,17984
Sword,step2_results\normalized\Sword\m721_simplified_norm.obj,9004,17988,17988
Tool,step2_results\normalized\Tool\D01003_simplified_norm.obj,9000,17996,17996
Tool,step2_results\normalized\Tool\D01012_simplified_norm.obj,9000,17996,17996
Tool,step2_results\normalized\Tool\D01040_simplified_norm.obj,9001,17998,17998
Tool,step2_results\normalized\Tool\D01044_kept_norm.obj,5201,10398,10398
Tool,step2_results\normalized\Tool\D01069_kept_norm.obj,6198,12392,12392
Tool,step2_results\normalized\Tool\D01084_simplified_norm.obj,9000,17996,17996
Tool,step2_results\normalized\Tool\D01086_simplified_norm.obj,9000,17996,17996
Tool,step2_results\normalized\Tool\D01111_simplified_norm.obj,9000,17996,17996
Tool,step2_results\normalized\Tool\D01113_simplified_norm.obj,9000,17996,17996
Tool,step2_results\normalized\Tool\D01127_kept_norm.obj,6104,12204,12204
Tool,step2_results\normalized\Tool\D01131_simplified_norm.obj,9000,17996,17996
Tool,step2_results\normalized\Tool\D01140_simplified_norm.obj,9000,17996,17996
Tool,step2_results\normalized\Tool\D01142_kept_norm.obj,5110,10216,10216
Tool,step2_results\normalized\Tool\D01148_simplified_norm.obj,9000,17996,17996
Tool,step2_results\normalized\Tool\D01152_simplified_norm.obj,9000,17996,17996
Tool,step2_results\normalized\Tool\D01154_kept_norm.obj,5202,10400,10400
Tool,step2_results\normalized\Tool\D01156_kept_norm.obj,5508,11012,11012
Tool,step2_results\normalized\Tool\D01159_simplified_norm.obj,9000,17996,17996
Tool,step2_results\normalized\Tool\D01165_simplified_norm.obj,9000,17996,17996
Tool,step2_results\normalized\Tool\D01176_simplified_norm.obj,9000,17996,17996
Tool,step2_results\normalized\Tool\m1099_simplified_norm.obj,9001,17998,17998
Tool,step2_results\normalized\Tool\m1100_simplified_norm.obj,9002,17992,17992
Tool,step2_results\normalized\Tool\m1101_refined_norm.obj,8388,16768,16768
Tool,step2_results\normalized\Tool\m1102_simplified_norm.obj,8708,16908,16908
Tool,step2_results\normalized\Tool\m1103_simplified_norm.obj,8984,17806,17806
Tool,step2_results\normalized\Tool\m1104_refined_norm.obj,5672,11328,11328
Tool,step2_results\normalized\Tool\m1105_refined_norm.obj,6188,12368,12368
Tool,step2_results\normalized\Tool\m1106_refined_norm.obj,7715,14804,14804
Tool,step2_results\normalized\Tool\m1107_simplified_norm.obj,9015,17880,17880
Tool,step2_results\normalized\Tool\m1108_refined_norm.obj,8119,14904,14904
Tool,step2_results\normalized\Tool\m1109_refined_norm.obj,5869,11564,11564
Tool,step2_results\normalized\Tool\m1110_simplified_norm.obj,8998,17984,17984
Tool,step2_results\normalized\Tool\m1111_refined_norm.obj,8308,16608,16608
Tool,step2_results\normalized\Tool\m1112_simplified_norm.obj,8962,17888,17888
Tool,step2_results\normalized\Tool\m1113_refined_norm.obj,8156,16304,16304
Tool,step2_results\normalized\Tool\m1114_simplified_norm.obj,8987,17888,17888
Tool,step2_results\normalized\Tool\m1115_simplified_norm.obj,9128,17506,17506
Tool,step2_results\normalized\Tool\m1116_simplified_norm.obj,8985,17865,17865
Tool,step2_results\normalized\Tool\m1117_refined_norm.obj,6856,13696,13696
Tool,step2_results\normalized\Tool\m587_simplified_norm.obj,9013,17966,17966
Tool,step2_results\normalized\Tool\m588_simplified_norm.obj,9011,17906,17906
Tool,step2_results\normalized\Tool\m589_refined_norm.obj,8602,16184,16184
Tool,step2_results\normalized\Tool\m590_simplified_norm.obj,9000,16557,16557
Tool,step2_results\normalized\Tool\m591_simplified_norm.obj,8985,17886,17886
Train,step2_results\normalized\Train\D01008_simplified_norm.obj,9105,17308,17308
Train,step2_results\normalized\Train\D01014_simplified_norm.obj,8801,15370,15370
Train,step2_results\normalized\Train\D01016_simplified_norm.obj,7265,9509,9509
Train,step2_results\normalized\Train\D01027_simplified_norm.obj,8807,16420,16420
Train,step2_results\normalized\Train\D01031_simplified_norm.obj,8998,17597,17597
Train,step2_results\normalized\Train\D01035_simplified_norm.obj,9088,16816,16816
Train,step2_results\normalized\Train\D01047_kept_norm.obj,5444,10401,10401
Train,step2_results\normalized\Train\D01055_simplified_norm.obj,9047,16798,16798
Train,step2_results\normalized\Train\D01059_simplified_norm.obj,6594,12135,12135
Train,step2_results\normalized\Train\D01061_kept_norm.obj,5911,11345,11345
Train,step2_results\normalized\Train\D01064_kept_norm.obj,5036,9653,9653
Train,step2_results\normalized\Train\D01089_simplified_norm.obj,9026,17749,17749
Train,step2_results\normalized\Train\D01094_refined_norm.obj,7516,14416,14416
Train,step2_results\normalized\Train\D01095_kept_norm.obj,5909,10752,10752
Train,step2_results\normalized\Train\D01134_kept_norm.obj,8653,14376,14376
Train,step2_results\normalized\Train\D01137_kept_norm.obj,6413,11272,11272
Train,step2_results\normalized\Train\D01147_refined_norm.obj,9014,17118,17118
Train,step2_results\normalized\Train\D01149_kept_norm.obj,8589,13265,13265
Train,step2_results\normalized\Train\D01163_simplified_norm.obj,9046,16834,16834
Train,step2_results\normalized\Train\D01180_simplified_norm.obj,9013,16920,16920
Train,step2_results\normalized\Train\m1578_simplified_norm.obj,9023,17954,17954
Train,step2_results\normalized\Train\m1580_simplified_norm.obj,9079,17590,17590
Train,step2_results\normalized\Train\m1581_simplified_norm.obj,9018,17507,17507
Train,step2_results\normalized\Train\m1582_simplified_norm.obj,6756,13461,13461
Train,step2_results\normalized\Train\m1583_simplified_norm.obj,8975,17853,17853
Train,step2_results\normalized\Train\m1584_simplified_norm.obj,9001,17970,17970
Train,step2_results\normalized\Train\m1585_kept_norm.obj,5303,10237,10237
Train,step2_results\normalized\Train\m1586_kept_norm.obj,5520,10567,10567
Train,step2_results\normalized\Train\m1587_simplified_norm.obj,9010,17656,17656
Train,step2_results\normalized\Train\m1588_simplified_norm.obj,8996,16472,16472
Tree,step2_results\normalized\Tree\D00096_simplified_norm.obj,25789,12530,12530
Tree,step2_results\normalized\Tree\D00200_simplified_norm.obj,19212,10602,10602
Tree,step2_results\normalized\Tree\D00221_simplified_norm.obj,21841,12530,12530
Tree,step2_results\normalized\Tree\D00223_simplified_norm.obj,19083,12530,12530
Tree,step2_results\normalized\Tree\D00367_refined_norm.obj,9245,14768,14768
Tree,step2_results\normalized\Tree\D00385_simplified_norm.obj,12488,7280,7280
Tree,step2_results\normalized\Tree\D00393_simplified_norm.obj,11009,12531,12531
Tree,step2_results\normalized\Tree\D00439_simplified_norm.obj,23422,12530,12530
Tree,step2_results\normalized\Tree\D00456_simplified_norm.obj,9025,14780,14780
Tree,step2_results\normalized\Tree\D00479_simplified_norm.obj,14676,12529,12529
Tree,step2_results\normalized\Tree\D00533_simplified_norm.obj,26771,12530,12530
Tree,step2_results\normalized\Tree\D00573_simplified_norm.obj,18086,12529,12529
Tree,step2_results\normalized\Tree\D00612_simplified_norm.obj,11277,4767,4767
Tree,step2_results\normalized\Tree\D00727_simplified_norm.obj,19217,12530,12530
Tree,step2_results\normalized\Tree\D00765_simplified_norm.obj,17535,12530,12530
Tree,step2_results\normalized\Tree\D00777_simplified_norm.obj,21111,12531,12531
Tree,step2_results\normalized\Tree\D00810_simplified_norm.obj,10386,12531,12531
Tree,step2_results\normalized\Tree\D00834_simplified_norm.obj,25563,12530,12530
Tree,step2_results\normalized\Tree\D00911_simplified_norm.obj,13027,12531,12531
Tree,step2_results\normalized\Tree\D00996_simplified_norm.obj,16128,12530,12530
Tree,step2_results\normalized\Tree\m1050_kept_norm.obj,5410,4629,4629
Tree,step2_results\normalized\Tree\m1062_simplified_norm.obj,8971,17923,17923
Tree,step2_results\normalized\Tree\m1063_refined_norm.obj,6821,13072,13072
Tree,step2_results\normalized\Tree\m1064_refined_norm.obj,6757,7200,7200
Tree,step2_results\normalized\Tree\m1065_refined_norm.obj,6989,6440,6440
Tree,step2_results\normalized\Tree\m1066_refined_norm.obj,5682,8168,8168
Tree,step2_results\normalized\Tree\m1067_simplified_norm.obj,8919,16998,16998
Tree,step2_results\normalized\Tree\m1068_simplified_norm.obj,9007,16313,16313
Tree,step2_results\normalized\Tree\m1069_simplified_norm.obj,13547,12565,12565
Tree,step2_results\normalized\Tree\m1070_simplified_norm.obj,9033,13868,13868
Tree,step2_results\normalized\Tree\m1071_simplified_norm.obj,8984,17040,17040
Tree,step2_results\normalized\Tree\m1072_simplified_norm.obj,9068,13530,13530
Tree,step2_results\normalized\Tree\m1075_refined_norm.obj,8912,17792,17792
Tree,step2_results\normalized\Tree\m1077_simplified_norm.obj,9022,17818,17818
Tree,step2_results\normalized\Tree\m1078_refined_norm.obj,6994,11136,11136
Tree,step2_results\normalized\Tree\m1079_refined_norm.obj,8337,16640,16640
Tree,step2_results\normalized\Tree\m1082_simplified_norm.obj,9005,17986,17986
Tree,step2_results\normalized\Tree\m1086_kept_norm.obj,6247,6856,6856
Tree,step2_results\normalized\Tree\m1089_refined_norm.obj,8692,16896,16896
Tree,step2_results\normalized\Tree\m1090_kept_norm.obj,5482,10928,10928
Tree,step2_results\normalized\Tree\m1091_refined_norm.obj,8757,15256,15256
Tree,step2_results\normalized\Tree\m1092_simplified_norm.obj,9010,17984,17984
Tree,step2_results\normalized\Tree\m1093_simplified_norm.obj,8921,17047,17047
Tree,step2_results\normalized\Tree\m1095_simplified_norm.obj,9028,15469,15469
Tree,step2_results\normalized\Tree\m1096_simplified_norm.obj,9082,17118,17118
Tree,step2_results\normalized\Tree\m1097_simplified_norm.obj,9115,17383,17383
Tree,step2_results\normalized\Tree\m1098_simplified_norm.obj,9035,12718,12718
Truck,step2_results\normalized\Truck\D00002_refined_norm.obj,6787,13374,13374
Truck,step2_results\normalized\Truck\D00003_kept_norm.obj,6661,11777,11777
Truck,step2_results\normalized\Truck\D00010_kept_norm.obj,6936,12710,12710
Truck,step2_results\normalized\Truck\D00029_kept_norm.obj,5183,9199,9199
Truck,step2_results\normalized\Truck\D00047_simplified_norm.obj,8976,17645,17645
Truck,step2_results\normalized\Truck\D00056_simplified_norm.obj,9109,16659,16659
Truck,step2_results\normalized\Truck\D00112_simplified_norm.obj,6795,12033,12033
Truck,step2_results\normalized\Truck\D00158_simplified_norm.obj,6907,12348,12348
Truck,step2_results\normalized\Truck\D00241_simplified_norm.obj,9025,17901,17901
Truck,step2_results\normalized\Truck\D00287_kept_norm.obj,5266,9855,9855
Truck,step2_results\normalized\Truck\D00303_kept_norm.obj,8925,15946,15946
Truck,step2_results\normalized\Truck\D00331_simplified_norm.obj,8969,16933,16933
Truck,step2_results\normalized\Truck\D00406_refined_norm.obj,5774,10440,10440
Truck,step2_results\normalized\Truck\D00424_simplified_norm.obj,8724,16332,16332
Truck,step2_results\normalized\Truck\D00518_kept_norm.obj,5404,9669,9669
Truck,step2_results\normalized\Truck\D00804_kept_norm.obj,6535,11691,11691
Truck,step2_results\normalized\Truck\D00835_simplified_norm.obj,8880,14899,14899
Truck,step2_results\normalized\Truck\D00926_kept_norm.obj,5467,9986,9986
Truck,step2_results\normalized\Truck\D00947_simplified_norm.obj,8953,17433,17433
Truck,step2_results\normalized\Truck\D00987_simplified_norm.obj,8845,15337,15337
Truck,step2_results\normalized\Truck\m1570_simplified_norm.obj,9102,17210,17210
Truck,step2_results\normalized\Truck\m1571_simplified_norm.obj,9032,17334,17334
Truck,step2_results\normalized\Truck\m1572_kept_norm.obj,9613,18340,18340
Truck,step2_results\normalized\Truck\m1573_simplified_norm.obj,8986,16813,16813
Truck,step2_results\normalized\Truck\m1574_simplified_norm.obj,9031,17831,17831
Truck,step2_results\normalized\Truck\m1575_simplified_norm.obj,8816,17184,17184
Truck,step2_results\normalized\Truck\m1576_simplified_norm.obj,9016,17241,17241
TruckNonContainer,step2_results\normalized\TruckNonContainer\D00055_simplified_norm.obj,6826,13120,13120
TruckNonContainer,step2_results\normalized\TruckNonContainer\D00143_simplified_norm.obj,8777,16147,16147
TruckNonContainer,step2_results\normalized\TruckNonContainer\D00148_refined_norm.obj,9546,18530,18530
TruckNonContainer,step2_results\normalized\TruckNonContainer\D00215_simplified_norm.obj,8981,16855,16855
TruckNonContainer,step2_results\normalized\TruckNonContainer\D00252_refined_norm.obj,9044,17651,17651
TruckNonContainer,step2_results\normalized\TruckNonContainer\D00266_kept_norm.obj,6898,12657,12657
TruckNonContainer,step2_results\normalized\TruckNonContainer\D00267_kept_norm.obj,6025,11840,11840
TruckNonContainer,step2_results\normalized\TruckNonContainer\D00275_kept_norm.obj,5492,10837,10837
TruckNonContainer,step2_results\normalized\TruckNonContainer\D00283_kept_norm.obj,6967,11009,11009
TruckNonContainer,step2_results\normalized\TruckNonContainer\D00353_simplified_norm.obj,8968,15901,15901
TruckNonContainer,step2_results\normalized\TruckNonContainer\D00553_simplified_norm.obj,6819,12824,12824
TruckNonContainer,step2_results\normalized\TruckNonContainer\D00572_simplified_norm.obj,8907,16876,16876
TruckNonContainer,step2_results\normalized\TruckNonContainer\D00608_simplified_norm.obj,6810,12373,12373
TruckNonContainer,step2_results\normalized\TruckNonContainer\D00619_kept_norm.obj,5231,10302,10302
TruckNonContainer,step2_results\normalized\TruckNonContainer\D00699_kept_norm.obj,5069,10235,10235
TruckNonContainer,step2_results\normalized\TruckNonContainer\D00731_simplified_norm.obj,8898,17254,17254
TruckNonContainer,step2_results\normalized\TruckNonContainer\D00737_refined_norm.obj,9386,17370,17370
TruckNonContainer,step2_results\normalized\TruckNonContainer\D00783_kept_norm.obj,5233,10001,10001
TruckNonContainer,step2_results\normalized\TruckNonContainer\D00879_simplified_norm.obj,9051,17728,17728
TruckNonContainer,step2_results\normalized\TruckNonContainer\D00943_kept_norm.obj,8850,14607,14607
Vase,step2_results\normalized\Vase\m527_simplified_norm.obj,9000,17996,17996
Vase,step2_results\normalized\Vase\m528_simplified_norm.obj,9028,17819,17819
Vase,step2_results\normalized\Vase\m529_refined_norm.obj,6687,12372,12372
Vase,step2_results\normalized\Vase\m531_simplified_norm.obj,9000,18000,18000
Vase,step2_results\normalized\Vase\m532_simplified_norm.obj,9038,17860,17860
Vase,step2_results\normalized\Vase\m533_refined_norm.obj,7712,15360,15360
Vase,step2_results\normalized\Vase\m534_simplified_norm.obj,9000,17998,17998
Vase,step2_results\normalized\Vase\m535_simplified_norm.obj,9009,17776,17776
Vase,step2_results\normalized\Vase\m536_simplified_norm.obj,9001,17998,17998
Vase,step2_results\normalized\Vase\m537_refined_norm.obj,8064,16128,16128
Vase,step2_results\normalized\Vase\m538_simplified_norm.obj,8944,17607,17607
Vase,step2_results\normalized\Vase\m539_simplified_norm.obj,9005,17912,17912
Vase,step2_results\normalized\Vase\m540_simplified_norm.obj,9001,17998,17998
Vase,step2_results\normalized\Vase\m541_refined_norm.obj,7850,7519,7519
Vase,step2_results\normalized\Vase\m542_simplified_norm.obj,9007,17935,17935
Vase,step2_results\normalized\Vase\m543_refined_norm.obj,9666,19136,19136
Vase,step2_results\normalized\Vase\m544_simplified_norm.obj,9000,17996,17996
Vase,step2_results\normalized\Vase\m545_refined_norm.obj,6402,12800,12800
Vase,step2_results\normalized\Vase\m546_simplified_norm.obj,9000,17996,17996
Vase,step2_results\normalized\Vase\m547_refined_norm.obj,8137,16000,16000
Violin,step2_results\normalized\Violin\D00108_refined_norm.obj,5751,10700,10700
Violin,step2_results\normalized\Violin\D00216_simplified_norm.obj,8979,17474,17474
Violin,step2_results\normalized\Violin\D00250_simplified_norm.obj,8823,16926,16926
Violin,step2_results\normalized\Violin\D00324_refined_norm.obj,9696,18387,18387
Violin,step2_results\normalized\Violin\D00340_simplified_norm.obj,8994,16823,16823
Violin,step2_results\normalized\Violin\D00349_simplified_norm.obj,9036,17601,17601
Violin,step2_results\normalized\Violin\D00358_simplified_norm.obj,6796,13422,13422
Violin,step2_results\normalized\Violin\D00376_simplified_norm.obj,8968,17806,17806
Violin,step2_results\normalized\Violin\D00506_simplified_norm.obj,9082,16826,16826
Violin,step2_results\normalized\Violin\D00570_refined_norm.obj,7955,15060,15060
Violin,step2_results\normalized\Violin\D00598_kept_norm.obj,6831,13009,13009
Violin,step2_results\normalized\Violin\D00602_simplified_norm.obj,8985,16953,16953
Violin,step2_results\normalized\Violin\D00620_simplified_norm.obj,8987,17496,17496
Violin,step2_results\normalized\Violin\D00675_simplified_norm.obj,8945,17479,17479
Violin,step2_results\normalized\Violin\D00701_refined_norm.obj,8725,16588,16588
Violin,step2_results\normalized\Violin\D00704_simplified_norm.obj,9148,16396,16396
Violin,step2_results\normalized\Violin\D00743_refined_norm.obj,7536,14560,14560
Violin,step2_results\normalized\Violin\D00891_refined_norm.obj,7972,15271,15271
Violin,step2_results\normalized\Violin\D00898_simplified_norm.obj,6847,11837,11837
Violin,step2_results\normalized\Violin\D00993_simplified_norm.obj,6808,13201,13201
Wheel,step2_results\normalized\Wheel\m733_simplified_norm.obj,8993,17964,17964
Wheel,step2_results\normalized\Wheel\m734_simplified_norm.obj,8998,15770,15770
Wheel,step2_results\normalized\Wheel\m735_simplified_norm.obj,9003,17966,17966
Wheel,step2_results\normalized\Wheel\m736_refined_norm.obj,7709,15416,15416
Wheel,step2_results\normalized\Wheel\m737_simplified_norm.obj,9123,17566,17566
Wheel,step2_results\normalized\Wheel\m738_refined_norm.obj,5753,10880,10880
Wheel,step2_results\normalized\Wheel\m739_simplified_norm.obj,8994,18024,18024
Wheel,step2_results\normalized\Wheel\m740_simplified_norm.obj,8999,16078,16078
Wheel,step2_results\normalized\Wheel\m741_simplified_norm.obj,8996,17854,17854
Wheel,step2_results\normalized\Wheel\m742_simplified_norm.obj,9000,17996,17996
Wheel,step2_results\normalized\Wheel\m743_refined_norm.obj,8162,16320,16320
Wheel,step2_results\normalized\Wheel\m744_simplified_norm.obj,9000,18000,18000
Wheel,step2_results\normalized\Wheel\m745_simplified_norm.obj,9000,18000,18000
Wheel,step2_results\normalized\Wheel\m746_simplified_norm.obj,9032,17786,17786
Wheel,step2_results\normalized\Wheel\m747_refined_norm.obj,8066,16128,16128
Wheel,step2_results\normalized\Wheel\m748_simplified_norm.obj,9002,17981,17981
Wheel,step2_results\normalized\Wheel\m749_simplified_norm.obj,9001,17976,17976
WheelChair,step2_results\normalized\WheelChair\D00004_simplified_norm.obj,9138,17805,17805
WheelChair,step2_results\normalized\WheelChair\D00070_simplified_norm.obj,6811,13502,13502
WheelChair,step2_results\normalized\WheelChair\D00088_simplified_norm.obj,9128,17858,17858
WheelChair,step2_results\normalized\WheelChair\D00183_simplified_norm.obj,8997,17323,17323
WheelChair,step2_results\normalized\WheelChair\D00203_simplified_norm.obj,9006,16506,16506
WheelChair,step2_results\normalized\WheelChair\D00274_refined_norm.obj,6965,12475,12475
WheelChair,step2_results\normalized\WheelChair\D00290_simplified_norm.obj,9036,17936,17936
WheelChair,step2_results\normalized\WheelChair\D00365_simplified_norm.obj,6802,13528,13528
WheelChair,step2_results\normalized\WheelChair\D00394_simplified_norm.obj,9071,17903,17903
WheelChair,step2_results\normalized\WheelChair\D00449_simplified_norm.obj,9026,17958,17958
WheelChair,step2_results\normalized\WheelChair\D00453_refined_norm.obj,8254,14810,14810
WheelChair,step2_results\normalized\WheelChair\D00499_refined_norm.obj,8393,14817,14817
WheelChair,step2_results\normalized\WheelChair\D00526_simplified_norm.obj,8970,17525,17525
WheelChair,step2_results\normalized\WheelChair\D00604_simplified_norm.obj,9013,16473,16473
WheelChair,step2_results\normalized\WheelChair\D00628_simplified_norm.obj,9114,17850,17850
WheelChair,step2_results\normalized\WheelChair\D00687_simplified_norm.obj,6809,13510,13510
WheelChair,step2_results\normalized\WheelChair\D00720_simplified_norm.obj,8867,17088,17088
WheelChair,step2_results\normalized\WheelChair\D00782_simplified_norm.obj,9021,17082,17082
WheelChair,step2_results\normalized\WheelChair\D00821_simplified_norm.obj,6809,13510,13510
WheelChair,step2_results\normalized\WheelChair\D00846_kept_norm.obj,8834,17196,17196
