cls,path,ext,n_vertices,n_faces,n_triangles,face_type,bbox_min_x,bbox_min_y,bbox_min_z,bbox_max_x,bbox_max_y,bbox_max_z,extent_x,extent_y,extent_z,bbox_diag
AircraftBuoyant,step2_results\resampled\AircraftBuoyant\m1337_refined_simplified.obj,.obj,5140,9812,9812,triangles,0.02500000037252903,0.02500000037252903,0.02500000037252903,0.8892340064048767,0.9750000238418579,0.8892340064048767,0.8642340060323477,0.9500000234693289,0.8642340060323477,1.547998991910901
AircraftBuoyant,step2_results\resampled\AircraftBuoyant\m1338_simplified.obj,.obj,6505,12720,12720,triangles,0.02500000037252903,0.02500399947166443,0.02500000037252903,0.9330580234527588,0.9750000238418579,0.9379010200500488,0.9080580230802298,0.9499960243701935,0.9129010196775198,1.6001406473581639
AircraftBuoyant,step2_results\resampled\AircraftBuoyant\m1339_refined_simplified.obj,.obj,4992,6565,6565,triangles,0.02500000037252903,0.02500000037252903,0.02500000037252903,0.6070719957351685,0.9750000238418579,0.6268119812011719,0.5820719953626394,0.9500000234693289,0.6018119808286428,1.266288084381301
AircraftBuoyant,step2_results\resampled\AircraftBuoyant\m1340_refined_simplified.obj,.obj,5120,9977,9977,triangles,0.02500000037252903,0.02500000037252903,0.02500000037252903,0.367686003446579,0.9750000238418579,0.36768901348114014,0.34268600307404995,0.9500000234693289,0.3426890131086111,1.066475269755444
AircraftBuoyant,step2_results\resampled\AircraftBuoyant\m1341_refined_simplified.obj,.obj,5106,10152,10152,triangles,0.02500000037252903,0.02500000037252903,0.02500000037252903,0.3795750141143799,0.9750000238418579,0.3795750141143799,0.35457501374185085,0.9500000234693289,0.35457501374185085,1.0742192166088786
AircraftBuoyant,step2_results\resampled\AircraftBuoyant\m1342_refined_simplified.obj,.obj,5112,9813,9813,triangles,0.02500000037252903,0.02500000037252903,0.02500000037252903,0.6115869879722595,0.9750000238418579,0.6093599796295166,0.5865869875997305,0.9500000234693289,0.5843599792569876,1.2601828930636532
AircraftBuoyant,step2_results\resampled\AircraftBuoyant\m1343_refined_simplified.obj,.obj,5101,10190,10190,triangles,0.02500000037252903,0.02500000037252903,0.02500000037252903,0.7109209895133972,0.9750000238418579,0.7109209895133972,0.6859209891408682,0.9500000234693289,0.6859209891408682,1.3577463869514437
AircraftBuoyant,step2_results\resampled\AircraftBuoyant\m1344_refined_simplified.obj,.obj,5127,9728,9728,triangles,0.02500000037252903,0.02500000037252903,0.02500000037252903,0.6740990281105042,0.9750000238418579,0.6740999817848206,0.6490990277379751,0.9500000234693289,0.6490999814122915,1.3210451840385882
AircraftBuoyant,step2_results\resampled\AircraftBuoyant\m1345_refined_simplified.obj,.obj,5101,9807,9807,triangles,0.02500000037252903,0.02500000037252903,0.02500000037252903,0.6012769937515259,0.9750000238418579,0.6012769937515259,0.5762769933789968,0.9500000234693289,0.5762769933789968,1.2516750340194527
AircraftBuoyant,step2_results\resampled\AircraftBuoyant\m1346_refined_simplified.obj,.obj,5106,9955,9955,triangles,0.02500000037252903,0.02500000037252903,0.02500000037252903,0.32207900285720825,0.3547250032424927,0.9750000238418579,0.2970790024846792,0.32972500286996365,0.9500000234693289,1.0485583225679986
AircraftBuoyant,step2_results\resampled\AircraftBuoyant\m1347_refined_simplified.obj,.obj,5100,10065,10065,triangles,0.02500000037252903,0.02500000037252903,0.02500000037252903,0.31208598613739014,0.4198809862136841,0.9750000238418579,0.2870859857648611,0.39488098584115505,0.9500000234693289,1.068105519503195
AircraftBuoyant,step2_results\resampled\AircraftBuoyant\m1348_refined_simplified.obj,.obj,5121,9938,9938,triangles,0.02500000037252903,0.02500000037252903,0.02500000037252903,0.3216930031776428,0.3549579977989197,0.9750000238418579,0.2966930028051138,0.32995799742639065,0.9500000234693289,1.0485223233536207
AircraftBuoyant,step2_results\resampled\AircraftBuoyant\m1349_refined.obj,.obj,5475,10240,10240,triangles,0.02500000037252903,0.02500000037252903,0.02500000037252903,0.9750000238418579,0.3852030038833618,0.2736479938030243,0.9500000234693289,0.3602030035108328,0.24864799343049526,1.0459790021635051
AircraftBuoyant,step2_results\resampled\AircraftBuoyant\m1350_refined_simplified.obj,.obj,5151,10002,10002,triangles,0.02500000037252903,0.02500000037252903,0.02500000037252903,0.9750000238418579,0.2913169860839844,0.3050220012664795,0.9500000234693289,0.26631698571145535,0.28002200089395046,1.02559109905206
AircraftBuoyant,step2_results\resampled\AircraftBuoyant\m1351_simplified.obj,.obj,9057,16774,16774,triangles,0.02500000037252903,0.02500000037252903,0.02500000037252903,0.20829999446868896,0.21924300491809845,0.9750000238418579,0.18329999409615993,0.19424300454556942,0.9500000234693289,0.9868278863318911
AircraftBuoyant,step2_results\resampled\AircraftBuoyant\m1352_refined_simplified.obj,.obj,5101,10059,10059,triangles,0.02500000037252903,0.02500000037252903,0.02500000037252903,0.9750000238418579,0.37664198875427246,0.3326210081577301,0.9500000234693289,0.35164198838174343,0.3076210077852011,1.0586703060989169
Apartment,step2_results\resampled\Apartment\D00045_simplified.obj,.obj,9057,11058,11058,triangles,-0.6131859977081313,-0.7009150000166388,-0.532017136866288,0.829026947555873,0.7704150707161544,0.35425299406051636,1.4422129452640045,1.4713300707327932,0.8862701309268044,2.2428252498807515
Apartment,step2_results\resampled\Apartment\D00086_simplified.obj,.obj,9003,17385,17385,triangles,-0.9208829998970032,-0.3434869945049286,-0.4154689908027649,0.8631619811058044,1.3248200416564941,0.2938790023326874,1.7840449810028076,1.6683070361614227,0.7093479931354523,2.543469959821093
Apartment,step2_results\resampled\Apartment\D00138_simplified.obj,.obj,9021,17749,17749,triangles,-0.7826820015907288,-0.5145350098609924,-0.317782998085022,0.7763389945030212,0.6331570148468018,0.1988849937915802,1.55902099609375,1.1476920247077942,0.5166679918766022,2.0036689506175476
Apartment,step2_results\resampled\Apartment\D00156_simplified.obj,.obj,9092,13958,13958,triangles,-0.8194800019264221,-0.7420709729194641,-0.6671379804611206,0.881168007850647,0.8428320288658142,0.5667330026626587,1.700648009777069,1.5849030017852783,1.2338709831237793,2.6318356295980063
Apartment,step2_results\resampled\Apartment\D00310_kept.obj,.obj,5934,9026,9026,triangles,-0.7446560263633728,-0.38931599259376526,-0.36877501010894775,1.032979965209961,0.49435698986053467,0.3394339978694916,1.7776359915733337,0.8836729824542999,0.7082090079784393,2.1077067294665053
Apartment,step2_results\resampled\Apartment\D00348_refined_simplified.obj,.obj,5128,8667,8667,triangles,-0.9417099952697754,-0.4094899892807007,-0.8130249977111816,0.725458025932312,0.566411018371582,0.20519199967384338,1.6671680212020874,0.9759010076522827,1.018216997385025,2.183711941035127
Apartment,step2_results\resampled\Apartment\D00366_refined_simplified.obj,.obj,5104,10079,10079,triangles,-0.8954669709305719,-0.8567150235176086,-0.6639170050621033,0.7456439733505249,0.5910400152206421,0.5294020175933838,1.6411109442810967,1.4477550387382507,1.193319022655487,2.4926391783534645
Apartment,step2_results\resampled\Apartment\D00478_simplified.obj,.obj,9071,12054,12054,triangles,-0.7806230187416077,-0.7604140043258667,-0.47804298996925354,0.9104920029640198,0.4047189950942993,0.4513620138168335,1.6911150217056274,1.165132999420166,0.929405003786087,2.2541514110722187
Apartment,step2_results\resampled\Apartment\D00496_refined_simplified.obj,.obj,5138,9098,9098,triangles,-0.6434190273284912,-0.7046589851379395,-0.3411880135536193,1.1535300016403198,0.8782160282135014,0.25960800686932867,1.796949028968811,1.5828750133514409,0.6007960204229479,2.4689015733237176
Apartment,step2_results\resampled\Apartment\D00626_simplified.obj,.obj,8966,18176,18176,triangles,-0.8859339952468872,-0.597769021987915,-0.5123729705810547,0.9069870114326477,0.3301689922809601,0.3819740116596222,1.792921006679535,0.9279380142688751,0.8943469822406769,2.208051453014858
Apartment,step2_results\resampled\Apartment\D00639_refined_simplified.obj,.obj,5113,9612,9612,triangles,-0.542818009853363,-0.5442590117454529,-0.6878790259361267,1.1410800218582153,0.5000590085983276,0.4491159915924072,1.6838980317115784,1.0443180203437805,1.136995017528534,2.284484707478164
Apartment,step2_results\resampled\Apartment\D00651_simplified.obj,.obj,9088,13951,13951,triangles,-0.9488580226898193,-0.9509310126304626,-0.5566340088844299,0.9165589809417725,0.904250979423523,0.6618180274963379,1.8654170036315918,1.8551819920539856,1.2184520363807678,2.8993285750393487
Apartment,step2_results\resampled\Apartment\D00681_simplified.obj,.obj,9076,10337,10337,triangles,-0.6816710233688354,-0.7903630137443542,-0.47174400091171265,1.0945299863815308,0.5875970125198364,0.6560919880867004,1.7762010097503662,1.3779600262641907,1.127835988998413,2.5150900339948583
Apartment,step2_results\resampled\Apartment\D00780_simplified.obj,.obj,6571,10006,10006,triangles,-0.9777309894561768,-0.6182360053062439,-0.18908299505710602,0.7891604900360107,0.4496389925479889,0.333950012922287,1.7668914794921875,1.0678749978542328,0.523033007979393,2.129747881506222
Apartment,step2_results\resampled\Apartment\D00792_refined_simplified.obj,.obj,5105,9031,9031,triangles,-0.7951629757881166,-0.9654089968096301,-0.6692960262298588,1.1035399436950701,0.963375985622407,0.8592460155487064,1.8987029194831866,1.928784982432037,1.5285420417785653,3.10833155541585
Apartment,step2_results\resampled\Apartment\D00859_refined_simplified.obj,.obj,5120,9598,9598,triangles,-0.824176013469696,-0.6924729943275452,-0.331279993057251,1.0737899541854863,0.6110249757766724,0.2118459939956665,1.8979659676551823,1.3034979701042175,0.5431259870529175,2.3656643063324294
Apartment,step2_results\resampled\Apartment\D00860_simplified.obj,.obj,9072,12049,12049,triangles,-0.7649229764938354,-0.7600340247154236,-0.4747529923915863,0.9270370006561279,0.3999130129814148,0.4511750042438507,1.6919599771499634,1.1599470376968384,0.925927996635437,2.2506773090543852
Apartment,step2_results\resampled\Apartment\D00869_refined_simplified.obj,.obj,5117,8430,8430,triangles,-0.984512984752655,-0.5217649936676025,-0.3806459903717041,0.6883829832077026,0.6449620127677917,0.5517849922180176,1.6728959679603577,1.1667270064353943,0.9324309825897217,2.242601249544143
Apartment,step2_results\resampled\Apartment\D00921_kept.obj,.obj,6689,7972,7972,triangles,-0.8507050275802612,-0.48742300271987915,-0.5584669709205627,0.8226010203361511,0.5457479953765869,0.5549780130386353,1.6733060479164124,1.033170998096466,1.113444983959198,2.259901584937979
Apartment,step2_results\resampled\Apartment\D00953_refined_simplified.obj,.obj,5132,7901,7901,triangles,-0.9492009878158569,-0.8267989754676819,-0.4448870122432709,0.6653209924697876,0.8960790038108828,0.5187100172042848,1.6145219802856445,1.7228779792785647,0.9635970294475557,2.550197833790277
Apartment,step2_results\resampled\Apartment\m463_refined_simplified.obj,.obj,5124,9794,9794,triangles,0.02500000037252903,0.02500000037252903,0.02500000037252903,0.7850289940834045,0.9750000238418579,0.5747650265693666,0.7600289937108755,0.9500000234693289,0.5497650261968375,1.33506018587257
Apartment,step2_results\resampled\Apartment\m464_simplified.obj,.obj,6515,9402,9402,triangles,0.02500000037252903,0.02500000037252903,0.02500000037252903,0.34744900465011597,0.974961519241333,0.29630500078201294,0.32244900427758694,0.949961518868804,0.2713050004094839,1.0392336844705923
Apartment,step2_results\resampled\Apartment\m465_refined_simplified.obj,.obj,5137,9931,9931,triangles,0.02500000037252903,0.02500000037252903,0.02500000037252903,0.21702000498771667,0.9750000238418579,0.2515229880809784,0.19202000461518764,0.9500000234693289,0.22652298770844936,0.9953312969682528
AquaticAnimal,step2_results\resampled\AquaticAnimal\m53_simplified.obj,.obj,8983,16882,16882,triangles,0.02500000037252903,0.02500000037252903,0.02500000037252903,0.1633709967136383,0.34874001145362854,0.9749685227870941,0.13837099634110928,0.3237400110810995,0.9499685224145651,1.0131112085954501
AquaticAnimal,step2_results\resampled\AquaticAnimal\m54_simplified.obj,.obj,8969,16698,16698,triangles,0.02500000037252903,0.02500000037252903,0.02511500008404255,0.2548989951610565,0.37114301323890686,0.9750000238418579,0.2298989947885275,0.34614301286637783,0.9498850237578154,1.0367979993809664
AquaticAnimal,step2_results\resampled\AquaticAnimal\m55_simplified.obj,.obj,9001,16994,16994,triangles,0.02500000037252903,0.02500000037252903,0.025144750252366066,0.18151000142097473,0.380125492811203,0.9749975204467773,0.1565100010484457,0.355125492438674,0.9498527701944113,1.026074939199858
AquaticAnimal,step2_results\resampled\AquaticAnimal\m56_kept.obj,.obj,5814,10893,10893,triangles,0.02500000037252903,0.02500000037252903,0.02500000037252903,0.168955996632576,0.3674519956111908,0.9750000238418579,0.14395599626004696,0.34245199523866177,0.9500000234693289,1.0200474216887607
AquaticAnimal,step2_results\resampled\AquaticAnimal\m57_simplified.obj,.obj,9020,17177,17177,triangles,0.02500000037252903,0.02500000037252903,0.02500000037252903,0.14396299421787262,0.3894375115633011,0.9749730229377747,0.11896299384534359,0.36443751119077206,0.9499730225652456,1.0244098969989113
AquaticAnimal,step2_results\resampled\AquaticAnimal\m58_refined_simplified.obj,.obj,5100,10196,10196,triangles,0.02500000037252903,0.02500000037252903,0.02500000037252903,0.5370489954948425,0.5002110004425049,0.9750000238418579,0.5120489951223135,0.47521100006997585,0.9500000234693289,1.1792029988873853
AquaticAnimal,step2_results\resampled\AquaticAnimal\m59_refined_simplified.obj,.obj,5100,10195,10195,triangles,0.02500000037252903,0.02500000037252903,0.02500000037252903,0.22499999403953552,0.22499999403953552,0.9750000238418579,0.1999999936670065,0.1999999936670065,0.9500000234693289,0.9912114000178421
AquaticAnimal,step2_results\resampled\AquaticAnimal\m60_refined_simplified.obj,.obj,5100,10196,10196,triangles,0.02500000037252903,0.02500000037252903,0.02500000037252903,0.3486739993095398,0.40767499804496765,0.9750000238418579,0.32367399893701077,0.3826749976724386,0.9500000234693289,1.0741066315888763
AquaticAnimal,step2_results\resampled\AquaticAnimal\m61_refined_simplified.obj,.obj,5107,9763,9763,triangles,0.02500000037252903,0.02500000037252903,0.02500000037252903,0.1874299943447113,0.4433960020542145,0.9750000238418579,0.16242999397218227,0.41839600168168545,0.9500000234693289,1.05068490127
AquaticAnimal,step2_results\resampled\AquaticAnimal\m62_refined_simplified.obj,.obj,5100,10196,10196,triangles,0.02500000037252903,0.02500000037252903,0.02500000037252903,0.1312759965658188,0.7491779923439026,0.9750000238418579,0.10627599619328976,0.7241779919713736,0.9500000234693289,1.1992616044943207
AquaticAnimal,step2_results\resampled\AquaticAnimal\m63_refined_simplified.obj,.obj,5105,8948,8948,triangles,0.02500000037252903,0.02500000037252903,0.02500000037252903,0.9750000238418579,0.7245410084724426,0.7772380113601685,0.9500000234693289,0.6995410080999136,0.7522380109876394,1.3991853671975736
AquaticAnimal,step2_results\resampled\AquaticAnimal\m64_refined_simplified.obj,.obj,5119,9971,9971,triangles,0.02500000037252903,0.02500000037252903,0.02500000037252903,0.9750000238418579,0.5450869798660278,0.17890000343322754,0.9500000234693289,0.5200869794934988,0.1539000030606985,1.093926744244092
AquaticAnimal,step2_results\resampled\AquaticAnimal\m65_refined_simplified.obj,.obj,5115,10030,10030,triangles,0.02500000037252903,0.02500000037252903,0.02500000037252903,0.39981600642204285,0.6045950055122375,0.9750000238418579,0.3748160060495138,0.5795950051397085,0.9500000234693289,1.1742731594333293
AquaticAnimal,step2_results\resampled\AquaticAnimal\m66_refined_simplified.obj,.obj,5101,9855,9855,triangles,0.02500000037252903,0.02500000037252903,0.02500000037252903,0.44570499658584595,0.5475530028343201,0.9750000238418579,0.4207049962133169,0.522553002461791,0.9500000234693289,1.1629937140038225
AquaticAnimal,step2_results\resampled\AquaticAnimal\m67_simplified.obj,.obj,9000,17996,17996,triangles,0.025009999983012676,0.02500000037252903,0.02500149980187416,0.9750000238418579,0.24969999492168427,0.3889879882335663,0.9499900238588452,0.22469999454915524,0.3639864884316921,1.0418528191364431
AquaticAnimal,step2_results\resampled\AquaticAnimal\m68_refined_simplified.obj,.obj,5100,10192,10192,triangles,0.02500000037252903,0.02500000037252903,0.02500000037252903,0.9750000238418579,0.27851900458335876,0.1874299943447113,0.9500000234693289,0.25351900421082973,0.16242999397218227,0.9965718403755843
AquaticAnimal,step2_results\resampled\AquaticAnimal\m69_refined_simplified.obj,.obj,5119,9916,9916,triangles,0.02500000037252903,0.02500000037252903,0.02500000037252903,0.3573249876499176,0.26477599143981934,0.9750000238418579,0.3323249872773886,0.2397759910672903,0.9500000234693289,1.034617063291024
AquaticAnimal,step2_results\resampled\AquaticAnimal\m70_refined_simplified.obj,.obj,5118,9934,9934,triangles,0.02500000037252903,0.02500000037252903,0.02500000037252903,0.4544149935245514,0.266075998544693,0.9750000238418579,0.42941499315202236,0.24107599817216396,0.9500000234693289,1.0700536985731988
AquaticAnimal,step2_results\resampled\AquaticAnimal\m71_refined_simplified.obj,.obj,5100,10196,10196,triangles,0.02500000037252903,0.02500000037252903,0.02500000037252903,0.3259899914264679,0.3715350031852722,0.9750000238418579,0.30098999105393887,0.3465350028127432,0.9500000234693289,1.055074181032217
AquaticAnimal,step2_results\resampled\AquaticAnimal\m72_refined_simplified.obj,.obj,5119,9992,9992,triangles,0.02500000037252903,0.02500000037252903,0.02500000037252903,0.45620301365852356,0.26282799243927,0.9750000238418579,0.43120301328599453,0.237827992066741,0.9500000234693289,1.0700459041878272
AquaticAnimal,step2_results\resampled\AquaticAnimal\m73_refined_simplified.obj,.obj,5100,10185,10185,triangles,0.02500000037252903,0.02500000037252903,0.02500000037252903,0.9750000238418579,0.6108649969100952,0.3761810064315796,0.9500000234693289,0.5858649965375662,0.35118100605905056,1.1700709114307282
AquaticAnimal,step2_results\resampled\AquaticAnimal\m74_refined_simplified.obj,.obj,5103,10028,10028,triangles,0.02500000037252903,0.02500000037252903,0.02500000037252903,0.35445499420166016,0.3215959966182709,0.9750000238418579,0.3294549938291311,0.29659599624574184,0.9500000234693289,1.0483366933097793
AquaticAnimal,step2_results\resampled\AquaticAnimal\m75_refined_simplified.obj,.obj,5110,9823,9823,triangles,0.02500000037252903,0.02500000037252903,0.02500000037252903,0.5383840203285217,0.2993110120296478,0.9750000238418579,0.5133840199559927,0.2743110116571188,0.9500000234693289,1.1141408024366815
AquaticAnimal,step2_results\resampled\AquaticAnimal\m76_refined_simplified.obj,.obj,5100,10196,10196,triangles,0.02500000037252903,0.02500000037252903,0.02500000037252903,0.3959299921989441,0.3531399965286255,0.9750000238418579,0.37092999182641506,0.32813999615609646,0.9500000234693289,1.0713379301160735
AquaticAnimal,step2_results\resampled\AquaticAnimal\m77_simplified.obj,.obj,9015,17894,17894,triangles,0.02500000037252903,0.02500000037252903,0.02500000037252903,0.9750000238418579,0.40799400210380554,0.6112030148506165,0.9500000234693289,0.3829940017312765,0.5862030144780874,1.1801772850453696
AquaticAnimal,step2_results\resampled\AquaticAnimal\m78_refined_simplified.obj,.obj,5104,9438,9438,triangles,0.02500000037252903,0.02500000037252903,0.02500000037252903,0.9750000238418579,0.5166500210762024,0.428180992603302,0.9500000234693289,0.49165002070367336,0.40318099223077297,1.1431424670380497
AquaticAnimal,step2_results\resampled\AquaticAnimal\m79_refined_simplified.obj,.obj,5108,9704,9704,triangles,0.02500000037252903,0.02500000037252903,0.02500000037252903,0.9750000238418579,0.25617098808288574,0.3009580075740814,0.9500000234693289,0.2311709877103567,0.2759580072015524,1.0159197270893794
AquaticAnimal,step2_results\resampled\AquaticAnimal\m80_refined_simplified.obj,.obj,5106,9871,9871,triangles,0.02500000037252903,0.02500000037252903,0.02500000037252903,0.9750000238418579,0.30888301134109497,0.41600099205970764,0.9500000234693289,0.28388301096856594,0.3910009916871786,1.0658195832356718
AquaticAnimal,step2_results\resampled\AquaticAnimal\m81_refined_simplified.obj,.obj,5114,9846,9846,triangles,0.02500000037252903,0.02500000037252903,0.02500000037252903,0.41449999809265137,0.29100000858306885,0.9750000238418579,0.38949999772012234,0.2660000082105398,0.9500000234693289,1.0606442840008652
Bed,step2_results\resampled\Bed\D00031_refined_simplified.obj,.obj,5102,9943,9943,triangles,-0.6696659922599792,-0.7084630131721497,-0.2675029933452606,0.9304260015487671,0.7265340089797974,0.31219300627708435,1.6000919938087463,1.434997022151947,0.579695999622345,2.2261083293977304
Bed,step2_results\resampled\Bed\D00110_refined_simplified.obj,.obj,5095,9966,9966,triangles,-0.8888999819755554,-0.7184839844703674,-0.22001400589942932,0.7522299885749817,0.5245620012283325,0.3397049903869629,1.641129970550537,1.2430459856987,0.5597189962863922,2.1334845341845594
Bed,step2_results\resampled\Bed\D00121_simplified.obj,.obj,9002,17848,17848,triangles,-0.9122830033302307,-0.5996689796447754,-0.4820210039615631,0.7857900261878967,0.8585039973258972,0.46320900321006775,1.6980730295181274,1.4581729769706726,0.9452300071716309,2.4296461081404566
Bed,step2_results\resampled\Bed\D00184_simplified.obj,.obj,6511,12788,12788,triangles,-0.9376839995384216,-0.8913289904594421,-0.46636098623275757,0.7500020265579224,0.6646019816398621,0.34194299578666687,1.687686026096344,1.5559309720993042,0.8083039820194244,2.433631163501818
Bed,step2_results\resampled\Bed\D00210_simplified.obj,.obj,9008,17683,17683,triangles,-0.6678869724273682,-0.5326880216598511,-0.4125550091266632,0.8169400095939636,0.8667309880256653,0.5463719964027405,1.4848269820213318,1.3994190096855164,0.9589270055294037,2.25446794901621
Bed,step2_results\resampled\Bed\D00213_refined_simplified.obj,.obj,5105,10154,10154,triangles,-0.9550790190696716,-0.36531901359558105,-0.3755989968776703,0.747501015663147,0.5044400095939636,0.27562499046325684,1.7025800347328186,0.8697590231895447,0.6512239873409271,2.01974063057083
Bed,step2_results\resampled\Bed\D00217_refined_simplified.obj,.obj,5107,9930,9930,triangles,-0.8426010012626648,-0.5450900197029114,-0.30379998683929443,0.8815919756889343,0.41161900758743286,0.4225490093231201,1.7241929769515991,0.9567090272903442,0.7263489961624146,2.101360618478942
Bed,step2_results\resampled\Bed\D00307_refined_simplified.obj,.obj,5103,10031,10031,triangles,-0.8202160000801086,-0.8339380025863647,-0.21380800008773804,0.9916989803314209,0.8721060156822205,0.39263400435447693,1.8119149804115295,1.7060440182685852,0.606442004442215,2.5615218119824053
Bed,step2_results\resampled\Bed\D00322_simplified.obj,.obj,6505,12922,12922,triangles,-0.9431399703025818,-0.41553598642349243,-0.5209550261497498,0.8640009760856628,0.599245011806488,0.5206019878387451,1.8071409463882446,1.0147809982299805,1.0415570139884949,2.3195645901483894
Bed,step2_results\resampled\Bed\D00417_simplified.obj,.obj,9000,17928,17928,triangles,-0.799888014793396,-0.5094069838523865,-0.3747529983520508,0.7960460186004639,0.6680830121040344,0.3023020029067993,1.5959340333938599,1.177489995956421,0.6770550012588501,2.0956840420855114
Bed,step2_results\resampled\Bed\D00538_simplified.obj,.obj,6518,12632,12632,triangles,-0.8380725085735321,-0.47965800762176514,-0.3257350027561188,0.8385999798774719,0.7026270031929016,0.4117870032787323,1.676672488451004,1.1822850108146667,0.7375220060348511,2.180130085502053
Bed,step2_results\resampled\Bed\D00545_refined_simplified.obj,.obj,5115,10086,10086,triangles,-0.8327339887619019,-0.479669988155365,-0.398250013589859,0.8767840266227722,0.7474120259284973,0.3463340103626251,1.709518015384674,1.2270820140838623,0.7445840239524841,2.2321710245718487
Bed,step2_results\resampled\Bed\D00552_kept.obj,.obj,6349,12248,12248,triangles,-1.056980013847351,-0.7190449833869934,-0.4644559919834137,0.4896250069141388,0.716509997844696,0.232914999127388,1.5466050207614899,1.4355549812316895,0.6973709911108017,2.2224156887555098
Bed,step2_results\resampled\Bed\D00565_refined_simplified.obj,.obj,5100,10148,10148,triangles,-1.0858800411224365,-0.6056129932403564,-0.37501901388168335,0.6029819846153259,0.7185940146446228,0.18043099343776703,1.6888620257377625,1.3242070078849792,0.5554500073194504,2.216822918580085
Bed,step2_results\resampled\Bed\D00650_refined_simplified.obj,.obj,5107,10140,10140,triangles,-0.8637329936027527,-0.5506049990653992,-0.42155900597572327,0.833154022693634,0.3775320053100586,0.2820189893245697,1.6968870162963867,0.9281370043754578,0.703577995300293,2.058126779485919
Bed,step2_results\resampled\Bed\D00735_refined_simplified.obj,.obj,5053,9324,9324,triangles,-0.6449229743525151,-0.6844249963760376,-0.3125939965248108,1.1134400367736816,0.7377700209617615,0.47614601254463196,1.7583630111261968,1.422195017337799,0.7887400090694427,2.3951179403411667
Bed,step2_results\resampled\Bed\D00836_refined_simplified.obj,.obj,5071,10039,10039,triangles,-0.7958639860153198,-0.3653070032596588,-0.3046019971370697,0.9190970063209534,0.5124589800834656,0.5978530049324036,1.7149609923362732,0.8777659833431244,0.9024550020694733,2.1274372746357413
Bed,step2_results\resampled\Bed\D00839_simplified.obj,.obj,9000,17935,17935,triangles,-0.8006479740142822,-0.877286970615387,-0.35191699862480164,0.864395022392273,0.5697720050811768,0.2907710075378418,1.6650429964065552,1.4470589756965637,0.6426880061626434,2.297693567970242
Bed,step2_results\resampled\Bed\D00969_simplified.obj,.obj,9017,17202,17202,triangles,-0.9065675139427185,-0.9283040165901184,-0.46651750057935715,0.7982079982757568,0.5690957456827164,0.3793950080871582,1.7047755122184753,1.4973997622728348,0.8459125086665154,2.4215766697408085
Bed,step2_results\resampled\Bed\D00988_refined_simplified.obj,.obj,5106,10150,10150,triangles,-0.8678879737854004,-0.7263259887695312,-0.5176810026168823,0.815509021282196,0.42640700936317444,0.20892100036144257,1.6833969950675964,1.1527329981327057,0.7266020029783249,2.1657722130267403
Bed,step2_results\resampled\Bed\m945_simplified.obj,.obj,6500,12544,12544,triangles,0.02500000037252903,0.02500000037252903,0.02500000037252903,0.7400040030479431,0.8133779764175415,0.9750000238418579,0.7150040026754141,0.7883779760450125,0.9500000234693289,1.4266291044088575
Bed,step2_results\resampled\Bed\m946_refined_simplified.obj,.obj,5120,9299,9299,triangles,0.02500000037252903,0.02500000037252903,0.02500000037252903,0.49414899945259094,0.49414700269699097,0.9750000238418579,0.4691489990800619,0.46914700232446194,0.9500000234693289,1.1587492126079646
Bed,step2_results\resampled\Bed\m947_refined_simplified.obj,.obj,5137,9091,9091,triangles,0.02500000037252903,0.02500000037252903,0.02500000037252903,0.7219939827919006,0.4454540014266968,0.9750000238418579,0.6969939824193716,0.42045400105416775,0.9500000234693289,1.2510324628573788
Bed,step2_results\resampled\Bed\m948_refined_simplified.obj,.obj,5109,10062,10062,triangles,0.02500000037252903,0.02500000037252903,0.02500000037252903,0.9750000238418579,0.8933820128440857,0.9614080190658569,0.9500000234693289,0.8683820124715567,0.9364080186933279,1.5916806657269666
Bed,step2_results\resampled\Bed\m949_refined_simplified.obj,.obj,5102,10180,10180,triangles,0.02500000037252903,0.02500000037252903,0.02500000037252903,0.9562069773674011,0.9750000238418579,0.48995399475097656,0.9312069769948721,0.9500000234693289,0.46495399437844753,1.4091943426951894
Bed,step2_results\resampled\Bed\m950_refined_simplified.obj,.obj,5128,9740,9740,triangles,0.02500000037252903,0.02500000037252903,0.02500000037252903,0.7693840265274048,0.8892269730567932,0.9750000238418579,0.7443840261548758,0.8642269726842642,0.9500000234693289,1.4844176916559826
Bed,step2_results\resampled\Bed\m951_refined_simplified.obj,.obj,5109,9902,9902,triangles,0.02500000037252903,0.02500000037252903,0.02500000037252903,0.7979469895362854,0.5367519855499268,0.9750000238418585,0.7729469891637564,0.5117519851773977,0.9500000234693294,1.3273421514372434
Bicycle,step2_results\resampled\Bicycle\D00016_refined_simplified.obj,.obj,5128,9592,9592,triangles,-0.9142990112304688,-0.4406200051307678,-0.2099349945783615,0.9599549770355225,0.8181830048561096,0.1778469979763031,1.8742539882659912,1.2588030099868774,0.3877819925546646,2.290805077747267
Bicycle,step2_results\resampled\Bicycle\D00033_refined_simplified.obj,.obj,5099,9685,9685,triangles,-1.0651999711990356,-0.38930800557136536,-0.28162598609924316,0.8787239789962769,0.7046170234680176,0.3100149929523468,1.9439239501953125,1.093925029039383,0.59164097905159,2.3077156110307193
Bicycle,step2_results\resampled\Bicycle\D00040_simplified.obj,.obj,9037,17020,17020,triangles,-0.9409700036048889,-0.45816200971603394,-0.3176400065422058,0.9638239741325378,0.74480801820755,0.3156009912490845,1.9047939777374268,1.202970027923584,0.6332409977912903,2.340164769197021
Bicycle,step2_results\resampled\Bicycle\D00077_simplified.obj,.obj,9003,17533,17533,triangles,-0.8466920256614685,-0.6580640077590942,-0.3636929988861084,1.044909954071045,0.48678499460220337,0.28889624774456024,1.8916019797325134,1.1448490023612976,0.6525892466306686,2.305365483552143
Bicycle,step2_results\resampled\Bicycle\D00078_simplified.obj,.obj,9031,17288,17288,triangles,-1.0169800519943237,-0.5963770151138306,-0.36509598791599274,0.8698300123214722,0.7581110000610352,0.3584139943122864,1.886810064315796,1.3544880151748657,0.7235099822282791,2.432726186080071
Bicycle,step2_results\resampled\Bicycle\D00462_simplified.obj,.obj,9019,16016,16016,triangles,-0.9812780022621155,-0.593986988067627,-0.27661699801683426,0.933426022529602,0.6111689805984497,0.2372179999947548,1.9147040247917175,1.2051559686660767,0.513834998011589,2.320025606873045
Bicycle,step2_results\resampled\Bicycle\D00514_simplified.obj,.obj,6509,12098,12098,triangles,-1.0004099607467651,-0.5541309714317322,-0.21842800080776215,0.86770099401474,0.697750985622406,0.178289994597435,1.8681109547615051,1.2518819570541382,0.39671799540519714,2.2835131139487594
Bicycle,step2_results\resampled\Bicycle\D00536_simplified.obj,.obj,9025,17199,17199,triangles,-0.8856199979782104,-0.5520340204238892,-0.4598715007305145,1.0225050449371338,0.6791224777698517,0.4371189922094345,1.9081250429153442,1.2311564981937408,0.896990492939949,2.4415731500141487
Bicycle,step2_results\resampled\Bicycle\D00555_simplified.obj,.obj,9014,15534,15534,triangles,-0.953013002872467,-0.49476000666618347,-0.33322298526763916,0.9734600186347961,0.7572000026702881,0.35447099804878235,1.9264730215072632,1.2519600093364716,0.6876939833164215,2.398254611642123
Bicycle,step2_results\resampled\Bicycle\D00558_simplified.obj,.obj,9104,17034,17034,triangles,-1.0142799615859985,-0.5394150018692017,-0.28219474852085114,0.9387840032577515,0.5845829844474792,0.23610349744558334,1.95306396484375,1.123997986316681,0.5182982459664345,2.3122420711912985
Bicycle,step2_results\resampled\Bicycle\D00567_refined_simplified.obj,.obj,5098,10240,10240,triangles,-0.9237989783287048,-0.5037429928779602,-0.28864601254463196,0.9910989999771118,0.6896790266036987,0.26694801449775696,1.9148979783058167,1.193422019481659,0.5555940270423889,2.3237416179060366
Bicycle,step2_results\resampled\Bicycle\D00621_refined_simplified.obj,.obj,5133,9590,9590,triangles,-0.9148039817810059,-0.7206609845161438,-0.212117999792099,0.9568690061569214,0.5497729778289795,0.17542600631713867,1.8716729879379272,1.2704339623451233,0.38754400610923767,2.295071367763455
Bicycle,step2_results\resampled\Bicycle\D00708_simplified.obj,.obj,9028,17202,17202,triangles,-0.9938719868659973,-0.562470018863678,-0.3077844977378845,0.9420179724693298,0.6493909955024719,0.280628502368927,1.9358899593353271,1.21186101436615,0.5884130001068115,2.3584967482467696
Bicycle,step2_results\resampled\Bicycle\D00750_refined_simplified.obj,.obj,5124,9962,9962,triangles,-0.8115590214729309,-0.8188380002975464,-0.16729199886322021,1.1033799648284912,0.7363719940185547,0.43965598940849304,1.9149389863014221,1.555209994316101,0.6069479882717133,2.54048328239823
Bicycle,step2_results\resampled\Bicycle\D00838_simplified.obj,.obj,9042,17239,17239,triangles,-0.9429739713668823,-0.6380450129508972,-0.29793500900268555,0.9719439744949341,0.560247004032135,0.2841370105743408,1.9149179458618164,1.1982920169830322,0.5820720195770264,2.3327285168496097
Bicycle,step2_results\resampled\Bicycle\D00847_simplified.obj,.obj,9030,17288,17288,triangles,-0.932407021522522,-0.5892760157585144,-0.36129701137542725,0.9739149808883667,0.7320259809494019,0.36190399527549744,1.9063220024108887,1.3213019967079163,0.7232010066509247,2.4295930192937862
Bicycle,step2_results\resampled\Bicycle\D00904_kept.obj,.obj,5354,10548,10548,triangles,-0.9598960280418396,-0.5993160009384155,-0.1960880011320114,0.953013002872467,0.6374059915542603,0.1912979930639267,1.9129090309143066,1.2367219924926758,0.3873859941959381,2.310577883510474
Bicycle,step2_results\resampled\Bicycle\D00930_simplified.obj,.obj,9028,16997,16997,triangles,-0.7371773757040501,-0.5193299949169159,-0.3421899974346161,0.993882492184639,0.8527510166168213,0.3370729982852936,1.731059867888689,1.3720810115337372,0.6792629957199097,2.310967932659524
Bicycle,step2_results\resampled\Bicycle\D00931_simplified.obj,.obj,9106,16849,16849,triangles,-0.9203012585639954,-0.399763748049736,-0.4329099953174591,0.8494920134544373,0.6840490102767944,0.13560599833726883,1.7697932720184326,1.0838127583265305,0.5685159936547279,2.1517501611093923
Bicycle,step2_results\resampled\Bicycle\D00974_kept.obj,.obj,6045,11946,11946,triangles,-0.8433259725570679,-0.5838789939880371,-0.2105109989643097,1.05062997341156,0.5508970022201538,0.2090590000152588,1.893955945968628,1.134775996208191,0.4195699989795685,2.247403984797555
Bicycle,step2_results\resampled\Bicycle\m1472_refined_simplified.obj,.obj,5109,9570,9570,triangles,0.02500000037252903,0.02500000037252903,0.02500000037252903,0.4064579904079437,0.566815972328186,0.9750000238418579,0.3814579900354147,0.541815971955657,0.9500000234693289,1.158263696323008
Bicycle,step2_results\resampled\Bicycle\m1473_refined_simplified.obj,.obj,5083,9700,9700,triangles,0.02500000037252903,0.02500000037252903,0.02500000037252903,0.9750000238418579,0.5576429963111877,0.31407099962234497,0.9500000234693289,0.5326429959386587,0.28907099924981594,1.1268410040114456
Bicycle,step2_results\resampled\Bicycle\m1475_kept.obj,.obj,6045,11948,11948,triangles,0.02500000037252903,0.02500000037252903,0.02500000037252903,0.9750000238418579,0.5134490132331848,0.2323330044746399,0.9500000234693289,0.4884490128606558,0.20733300410211086,1.0881495565161439
Bicycle,step2_results\resampled\Bicycle\m1476_refined_simplified.obj,.obj,5098,10240,10240,triangles,0.02500000037252903,0.02500000037252903,0.02500000037252903,0.29967498779296875,0.5747230052947998,0.9750000238418579,0.2746749874204397,0.5497230049222708,0.9500000234693289,1.1314335046510313
Bicycle,step2_results\resampled\Bicycle\m1477_simplified.obj,.obj,9031,17283,17283,triangles,0.02500000037252903,0.02500000037252903,0.02500000037252903,0.9750000238418579,0.6160230040550232,0.3760310113430023,0.9500000234693289,0.5910230036824942,0.3510310109704733,1.1726171609423748
Bicycle,step2_results\resampled\Bicycle\m1478_refined_simplified.obj,.obj,5135,9599,9599,triangles,0.02500000037252903,0.02500000037252903,0.02500000037252903,0.9750000238418579,0.6116660237312317,0.22357599437236786,0.9500000234693289,0.5866660233587027,0.19857599399983883,1.1340676756473853
Biplane,step2_results\resampled\Biplane\D00069_refined_simplified.obj,.obj,5107,9913,9913,triangles,-1.063420057296753,-0.4468420147895813,-0.1988469958305359,0.9051370024681091,0.5534459948539734,0.19973799586296082,1.968557059764862,1.0002880096435547,0.3985849916934967,2.243805471824607
Biplane,step2_results\resampled\Biplane\D00132_refined_simplified.obj,.obj,5088,9409,9409,triangles,-0.9488720297813416,-0.4167819917201996,-0.12930899858474731,0.9473220109939575,0.8526099920272827,0.25550100207328796,1.896194040775299,1.2693919837474823,0.3848100006580353,2.3140843945890484
Biplane,step2_results\resampled\Biplane\D00178_refined_simplified.obj,.obj,5153,8624,8624,triangles,-0.5805230140686035,-0.4692020118236542,-0.17689299583435059,0.48715299367904663,0.5924450159072876,0.1258549988269806,1.0676760077476501,1.0616470277309418,0.3027479946613312,1.535800383279468
Biplane,step2_results\resampled\Biplane\D00199_refined_simplified.obj,.obj,5123,8178,8178,triangles,-1.0165300369262695,-0.38885998725891113,-0.23430199921131134,0.9156060218811035,1.0759600400924683,0.33911600708961487,1.932136058807373,1.4648200273513794,0.5734180063009262,2.4915167413090993
Biplane,step2_results\resampled\Biplane\D00246_kept.obj,.obj,5022,9246,9246,triangles,-0.984595000743866,-0.39595499634742737,-0.19304800033569336,0.998878002166748,0.6320819854736328,0.1393039971590042,1.983473002910614,1.0280369818210602,0.33235199749469757,2.258646284725813
Biplane,step2_results\resampled\Biplane\D00276_refined_simplified.obj,.obj,5110,9953,9953,triangles,-1.080180048942566,-0.864861011505127,-0.4688830077648163,0.6990360021591187,0.7663940191268921,0.47753798961639404,1.7792160511016846,1.631255030632019,0.9464209973812103,2.592742840264762
Biplane,step2_results\resampled\Biplane\D00277_simplified.obj,.obj,9037,14641,14641,triangles,-0.5578169822692871,-1.055150032043457,-0.27862098813056946,0.8048509955406189,0.8134109973907471,0.2687560021877289,1.362667977809906,1.868561029434204,0.5473769903182983,2.3765533673786225
Biplane,step2_results\resampled\Biplane\D00320_simplified.obj,.obj,6531,11531,11531,triangles,-0.9901059865951538,-0.7508807629346848,-0.1522659957408905,0.9846060276031494,0.4279170036315918,0.30323800444602966,1.9747120141983032,1.1787977665662766,0.45550400018692017,2.3444691526371266
Biplane,step2_results\resampled\Biplane\D00373_kept.obj,.obj,5941,11385,11385,triangles,-0.6665830016136169,-0.9676200151443481,-0.3769179880619049,0.8639050126075745,0.9305830001831055,0.24587799608707428,1.5304880142211914,1.8982030153274536,0.6227959841489792,2.5166332841606183
Biplane,step2_results\resampled\Biplane\D00410_refined_simplified.obj,.obj,5108,10136,10136,triangles,-1.1498000621795654,-0.5715339779853821,-0.23169100284576416,0.7724270224571228,0.6080459952354431,0.1732659935951233,1.9222270846366882,1.1795799732208252,0.40495699644088745,2.2913655420078505
Biplane,step2_results\resampled\Biplane\D00490_simplified.obj,.obj,9020,17584,17584,triangles,-0.8584949970245361,-0.5550240278244019,-0.26625698804855347,0.9707239866256714,0.7105290293693542,0.21474899351596832,1.8292189836502075,1.265553057193756,0.4810059815645218,2.275748972320895
Biplane,step2_results\resampled\Biplane\D00515_kept.obj,.obj,5379,10513,10513,triangles,-0.8900780081748962,-0.8895170092582703,-0.3153199851512909,0.6879339814186096,0.8638110160827637,0.254272997379303,1.5780119895935059,1.753328025341034,0.5695929825305939,2.426667914959779
Biplane,step2_results\resampled\Biplane\D00601_simplified.obj,.obj,9008,17860,17860,triangles,-0.8074610233306885,-0.4945400059223175,-0.35050100088119507,0.8208655118942261,0.7841179966926575,0.44723498821258545,1.6283265352249146,1.278658002614975,0.7977359890937805,2.218737546728843
Biplane,step2_results\resampled\Biplane\D00616_simplified.obj,.obj,8967,18580,18580,triangles,-1.0318900346755981,-0.5959640145301819,-0.1925790011882782,0.9510700106620789,0.3398430049419403,0.1860779970884323,1.982960045337677,0.9358070194721222,0.3786569982767105,2.2251396453802235
Biplane,step2_results\resampled\Biplane\D00632_refined_simplified.obj,.obj,5108,9716,9716,triangles,-0.8451859951019287,-0.9367499947547913,-0.2367130070924759,0.6288790106773376,0.9357010126113892,0.3175309896469116,1.4740650057792664,1.8724510073661804,0.5542439967393875,2.4466562537821495
Biplane,step2_results\resampled\Biplane\D00634_simplified.obj,.obj,9034,16470,16470,triangles,-0.9579330086708069,-0.7374999821186066,-0.3363249897956848,0.976768970489502,0.7963007465004921,0.25927599892020226,1.9347019791603088,1.5338007286190987,0.5956009887158871,2.5397552955036113
Biplane,step2_results\resampled\Biplane\D00666_refined_simplified.obj,.obj,5028,9766,9766,triangles,-1.224519968032837,-0.9467430114746094,-0.26614201068878174,0.6933640241622925,0.9623280167579651,0.17930899560451508,1.9178839921951294,1.9090710282325745,0.4454510062932968,2.7424911663236067
Biplane,step2_results\resampled\Biplane\D00854_simplified.obj,.obj,9034,17481,17481,triangles,-0.9670730233192444,-0.9531959891319275,-0.1910330057144165,0.454120010137558,0.9801110029220581,0.3548260033130646,1.4211930334568024,1.9333069920539856,0.5458590090274811,2.460777848894012
Biplane,step2_results\resampled\Biplane\D00890_simplified.obj,.obj,9010,16472,16472,triangles,-0.8891689777374268,-0.8356549739837646,-0.259335994720459,0.8821750283241272,0.766086995601654,0.3203348219394684,1.771344006061554,1.6017419695854187,0.5796708166599274,2.457489609465065
Biplane,step2_results\resampled\Biplane\D00900_simplified.obj,.obj,9054,15097,15097,triangles,-1.1771700382232666,-0.8972269892692566,-0.17925800383090973,0.802918016910553,0.48239900171756744,0.2759929895401001,1.9800880551338196,1.379625990986824,0.4552509933710098,2.4558847790674747
Biplane,step2_results\resampled\Biplane\m1118_simplified.obj,.obj,8957,17204,17204,triangles,0.02500000037252903,0.02500000037252903,0.02500000037252903,0.9750000238418579,0.23162299394607544,0.5268840193748474,0.9500000234693289,0.2066229935735464,0.5018840190023184,1.094111819968571
Biplane,step2_results\resampled\Biplane\m1119_refined_simplified.obj,.obj,5101,9916,9916,triangles,0.02500000037252903,0.02500000037252903,0.02500000037252903,0.9750000238418579,0.3793250024318695,0.8152710199356079,0.9500000234693289,0.3543250020593405,0.7902710195630789,1.2855250040498416
Biplane,step2_results\resampled\Biplane\m1120_simplified.obj,.obj,9035,16526,16526,triangles,0.02500000037252903,0.02500000037252903,0.025030000135302544,0.9750000238418579,0.3700369894504547,0.88749098777771,0.9500000234693289,0.3450369890779257,0.8624609876424074,1.3286796166227595
Biplane,step2_results\resampled\Biplane\m1121_refined_simplified.obj,.obj,5125,9773,9773,triangles,0.02500000037252903,0.02500000037252903,0.02500000037252903,0.792248010635376,0.9750000238418579,0.32874900102615356,0.767248010262847,0.9500000234693289,0.30374900065362453,1.2583453457783753
Biplane,step2_results\resampled\Biplane\m1122_kept.obj,.obj,6704,11497,11497,triangles,0.02500000037252903,0.02500000037252903,0.02500000037252903,0.9357200264930725,0.9750000238418579,0.30451899766921997,0.9107200261205435,0.9500000234693289,0.27951899729669094,1.3453779693522845
Biplane,step2_results\resampled\Biplane\m1123_refined_simplified.obj,.obj,5134,9713,9713,triangles,0.02500000037252903,0.02500000037252903,0.02500000037252903,0.6976749897003174,0.9750000238418579,0.3184269964694977,0.6726749893277884,0.9500000234693289,0.29342699609696865,1.200454533873464
Biplane,step2_results\resampled\Biplane\m1124_refined_simplified.obj,.obj,5091,9744,9744,triangles,0.02500000037252903,0.02500000037252903,0.02500000037252903,0.6330819725990295,0.9750000238418579,0.24074600636959076,0.6080819722265005,0.9500000234693289,0.21574600599706173,1.14839456139529
Biplane,step2_results\resampled\Biplane\m1125_refined_simplified.obj,.obj,5100,9452,9452,triangles,0.02500000037252903,0.02500000037252903,0.02500000037252903,0.7990819811820984,0.9750000238418579,0.27437499165534973,0.7740819808095694,0.9500000234693289,0.2493749912828207,1.2505562138037214
Biplane,step2_results\resampled\Biplane\m1126_refined_simplified.obj,.obj,5138,9709,9709,triangles,0.02500000037252903,0.02500000037252903,0.02500000037252903,0.788133978843689,0.9750000238418579,0.2361059933900833,0.7631339784711599,0.9500000234693289,0.21110599301755428,1.2367049987676422
Biplane,step2_results\resampled\Biplane\m1127_refined_simplified.obj,.obj,5089,9781,9781,triangles,0.02500000037252903,0.02500000037252903,0.02500000037252903,0.8110529780387878,0.9750000238418579,0.21970400214195251,0.7860529776662588,0.9500000234693289,0.19470400176942348,1.2483144542120568
Biplane,step2_results\resampled\Biplane\m1128_refined_simplified.obj,.obj,5099,9869,9869,triangles,0.02500000037252903,0.02500000037252903,0.02500000037252903,0.9750000238418579,0.9670869708061218,0.24195100367069244,0.9500000234693289,0.9420869704335928,0.21695100329816341,1.3553950133760084
Biplane,step2_results\resampled\Biplane\m1129_refined_simplified.obj,.obj,5119,9678,9678,triangles,0.02500000037252903,0.02500000037252903,0.02500000037252903,0.9750000238418579,0.34655100107192993,0.699508011341095,0.9500000234693289,0.3215510006994009,0.6745080109685659,1.2086588217951675
Biplane,step2_results\resampled\Biplane\m1131_refined_simplified.obj,.obj,5110,9597,9597,triangles,0.02500000037252903,0.02500000037252903,0.02500000037252903,0.7056180238723755,0.9750000238418579,0.19673199951648712,0.6806180234998465,0.9500000234693289,0.1717319991439581,1.181199736723025
Biplane,step2_results\resampled\Biplane\m1132_refined_simplified.obj,.obj,5101,9495,9495,triangles,0.02500000037252903,0.02500000037252903,0.02500000037252903,0.7226999998092651,0.9750000238418579,0.2097650021314621,0.6976999994367361,0.9500000234693289,0.18476500175893307,1.1930731074333734
Biplane,step2_results\resampled\Biplane\m1133_refined_simplified.obj,.obj,5126,9642,9642,triangles,0.02500000037252903,0.02500000037252903,0.02500000037252903,0.7697470188140869,0.9750000238418579,0.3112170100212097,0.7447470184415579,0.9500000234693289,0.2862170096486807,1.2405919323780679
Biplane,step2_results\resampled\Biplane\m1134_refined_simplified.obj,.obj,5112,9712,9712,triangles,0.02500000037252903,0.02500000037252903,0.02500000037252903,0.5423880219459534,0.9750000238418579,0.17319999635219574,0.5173880215734243,0.9500000234693289,0.1481999959796667,1.0918578883113685
Biplane,step2_results\resampled\Biplane\m1135_refined_simplified.obj,.obj,5146,9371,9371,triangles,0.02500000037252903,0.02500000037252903,0.02500000037252903,0.5459070205688477,0.9750000238418579,0.1810470074415207,0.5209070201963186,0.9500000234693289,0.15604700706899166,1.0946208643620507
Biplane,step2_results\resampled\Biplane\m1136_refined_simplified.obj,.obj,5103,9964,9964,triangles,0.02500000037252903,0.02500000037252903,0.02500000037252903,0.5591080188751221,0.9750000238418579,0.23333300650119781,0.534108018502593,0.9500000234693289,0.20833300612866879,1.1095828321775258
Biplane,step2_results\resampled\Biplane\m1137_refined_simplified.obj,.obj,5107,8993,8993,triangles,0.02500000037252903,0.02500000037252903,0.02500000037252903,0.46198299527168274,0.9750000238418579,0.19961799681186676,0.4369829948991537,0.9500000234693289,0.17461799643933773,1.0601630191169884
Biplane,step2_results\resampled\Biplane\m1138_refined_simplified.obj,.obj,5113,9288,9288,triangles,0.05249499902129173,0.02500000037252903,0.02500000037252903,0.9750000238418579,0.9070339798927307,0.3778870105743408,0.9225050248205662,0.8820339795202017,0.3528870102018118,1.3242087085564007
Biplane,step2_results\resampled\Biplane\m1139_refined_simplified.obj,.obj,5107,8016,8016,triangles,0.02500000037252903,0.02500000037252903,0.02500000037252903,0.6474339962005615,0.9750000238418579,0.2743839919567108,0.6224339958280325,0.9500000234693289,0.24938399158418179,1.1628054433191461
Biplane,step2_results\resampled\Biplane\m1141_simplified.obj,.obj,9010,17581,17581,triangles,0.02500000037252903,0.02500000037252903,0.02500000037252903,0.9750000238418579,0.3108440041542053,0.6200299859046936,0.9500000234693289,0.2858440037816763,0.5950299855321646,1.1568351320616401
Biplane,step2_results\resampled\Biplane\m1143_refined_simplified.obj,.obj,5112,9866,9866,triangles,0.02500000037252903,0.02500000037252903,0.02500000037252903,0.5044950246810913,0.9750000238418579,0.20971299707889557,0.4794950243085623,0.9500000234693289,0.18471299670636654,1.080062226948355
Biplane,step2_results\resampled\Biplane\m1144_refined_simplified.obj,.obj,5139,9689,9689,triangles,0.02500000037252903,0.02500000037252903,0.02500000037252903,0.9750000238418579,0.7169010043144226,0.29130399227142334,0.9500000234693289,0.6919010039418936,0.2663039918988943,1.205049733392283
Biplane,step2_results\resampled\Biplane\m1146_refined_simplified.obj,.obj,5111,9631,9631,triangles,0.02500000037252903,0.02500000037252903,0.02500000037252903,0.8883600234985352,0.322160005569458,0.9750000238418579,0.8633600231260061,0.297160005196929,0.9500000234693289,1.3176473894075387
Bird,step2_results\resampled\Bird\D00089_refined_simplified.obj,.obj,5100,10196,10196,triangles,-1.1640100479125977,-0.5626230239868164,-0.31481701135635376,0.7851189970970154,0.5078579783439636,0.15477199852466583,1.949129045009613,1.07048100233078,0.4695890098810196,2.272784074357314
Bird,step2_results\resampled\Bird\D00113_simplified.obj,.obj,9004,17968,17968,triangles,-0.9896900057792664,-0.5657780170440674,-0.5577299892902374,0.7296760082244873,0.9571809768676758,0.6026219725608826,1.7193660140037537,1.5229589939117432,1.16035196185112,2.573332520802465
Bird,step2_results\resampled\Bird\D00164_simplified.obj,.obj,6518,12783,12783,triangles,-0.6918624937534332,-0.49835100769996643,-0.40058350563049316,1.1892800331115723,0.5977164804935455,0.10571599751710892,1.8811425268650055,1.096067488193512,0.5062995031476021,2.23526292232981
Bird,step2_results\resampled\Bird\D00234_refined_simplified.obj,.obj,5102,10178,10178,triangles,-0.9282190203666687,-0.9668009877204895,-0.18564699590206146,0.9475209712982178,0.6257680058479309,0.2581450045108795,1.8757399916648865,1.5925689935684204,0.443792000412941,2.5003255498508667
Bird,step2_results\resampled\Bird\D00271_simplified.obj,.obj,9001,17374,17374,triangles,-1.174340009689331,-0.6770099997520447,-0.1927720010280609,0.7355160117149353,0.6332470178604126,0.2092200070619583,1.9098560214042664,1.3102570176124573,0.4019920080900192,2.3507277701310016
Bird,step2_results\resampled\Bird\D00284_simplified.obj,.obj,9000,17986,17986,triangles,-1.1768800020217896,-0.4226439893245697,-0.2668039947748184,0.7230949997901917,0.6088280081748962,0.20210100710391998,1.8999750018119812,1.031471997499466,0.4689050018787384,2.2121734538509576
Bird,step2_results\resampled\Bird\D00323_refined_simplified.obj,.obj,5141,9827,9827,triangles,-0.7776820063591003,-0.18833599984645844,-0.04901399835944176,1.1986899375915527,0.3433150053024292,0.04366099834442139,1.976371943950653,0.5316510051488876,0.09267499670386314,2.048728265809101
Bird,step2_results\resampled\Bird\D00386_refined_simplified.obj,.obj,5100,10196,10196,triangles,-1.0576189756393433,-0.2862519919872284,-0.13273100554943085,0.8108940124511719,0.3537670075893402,0.07390300184488297,1.8685129880905151,0.6400189995765686,0.2066340073943138,1.9858657355153118
Bird,step2_results\resampled\Bird\D00438_refined_simplified.obj,.obj,5100,10136,10136,triangles,-1.1869399547576904,-0.5456740260124207,-0.19494399428367615,0.7862750291824341,0.37130698561668396,0.0649150013923645,1.9732149839401245,0.9169810116291046,0.25985899567604065,2.1913370909487937
Bird,step2_results\resampled\Bird\D00442_simplified.obj,.obj,6509,12207,12207,triangles,-0.8726140260696411,-0.6169660091400146,-0.37467749416828156,0.910229504108429,0.504613995552063,0.5256069898605347,1.78284353017807,1.1215800046920776,0.9002844840288162,2.290629806888471
Bird,step2_results\resampled\Bird\D00546_refined_simplified.obj,.obj,5104,9882,9882,triangles,-1.2361400127410889,-0.2880820035934448,-0.24899600446224213,0.715362012386322,0.4084770083427429,0.1504960060119629,1.9515020251274109,0.6965590119361877,0.399492010474205,2.110248439785853
Bird,step2_results\resampled\Bird\D00599_refined_simplified.obj,.obj,5098,10117,10117,triangles,-1.2073899507522583,-0.45223701000213623,-0.05299000069499016,0.7498610019683838,0.2900109887123108,0.15761399269104004,1.957250952720642,0.742247998714447,0.2106039933860302,2.103833982412017
Bird,step2_results\resampled\Bird\D00625_refined_simplified.obj,.obj,5154,8501,8501,triangles,-0.7578870058059692,-0.803400993347168,-0.7057269811630249,1.1498550176620483,0.6374099850654602,0.28624600172042847,1.9077420234680176,1.4408109784126282,0.9919729828834534,2.588324999375252
Bird,step2_results\resampled\Bird\D00689_refined_simplified.obj,.obj,5102,10109,10109,triangles,-1.1789400577545166,-0.3773060142993927,-0.19900000095367432,0.7671409845352173,0.24426999688148499,0.34081798791885376,1.9460810422897339,0.6215760111808777,0.5398179888725281,2.113052678459628
Bird,step2_results\resampled\Bird\D00736_refined_simplified.obj,.obj,5100,10095,10095,triangles,-1.179419994354248,-0.4628939926624298,-0.19813700020313263,0.798488974571228,0.4902699887752533,0.08468300104141235,1.977908968925476,0.9531639814376831,0.282820001244545,2.213737251339901
Bird,step2_results\resampled\Bird\D00762_refined_simplified.obj,.obj,5100,10196,10196,triangles,-1.045300006866455,-0.7236639857292175,-0.3871229887008667,0.74959397315979,0.8588809967041016,0.2647390067577362,1.7948939800262451,1.582544982433319,0.6518619954586029,2.4801244085897385
Bird,step2_results\resampled\Bird\D00862_refined_simplified.obj,.obj,5100,10189,10189,triangles,-0.7504019737243652,-0.5368559956550598,-0.4067560136318207,1.2213300466537476,0.4087100028991699,0.09909600019454956,1.9717320203781128,0.9455659985542297,0.5058520138263702,2.24448401145974
Bird,step2_results\resampled\Bird\D00922_refined_simplified.obj,.obj,5100,10188,10188,triangles,-0.7248669862747192,-0.5365309715270996,-0.39179399609565735,1.0310499668121338,0.7801300287246704,0.5034369826316833,1.755916953086853,1.31666100025177,0.8952309787273407,2.3702909190635064
Bird,step2_results\resampled\Bird\D00961_refined.obj,.obj,5404,10688,10688,triangles,-1.1901309490203857,-0.684328019618988,-0.06114700064063072,0.7929999828338623,0.44463101029396057,0.19221100211143494,1.983130931854248,1.1289590299129486,0.25335800275206566,2.2959849872456917
Bird,step2_results\resampled\Bird\D00999_refined_simplified.obj,.obj,5101,10180,10180,triangles,-1.2308900356292725,-0.31741899251937866,-0.09316399693489075,0.7652369737625122,0.3794099986553192,0.17819100618362427,1.9961270093917847,0.6968289911746979,0.271355003118515,2.1316020309341015
Bird,step2_results\resampled\Bird\m28_kept.obj,.obj,6058,11644,11644,triangles,0.02500000037252903,0.02500000037252903,0.02500000037252903,0.4686810076236725,0.5782240033149719,0.9750000238418579,0.44368100725114346,0.5532240029424429,0.9500000234693289,1.185499758843828
Bird,step2_results\resampled\Bird\m29_refined_simplified.obj,.obj,5105,10132,10132,triangles,0.02500000037252903,0.02500000037252903,0.02500000037252903,0.3467380106449127,0.9146819710731506,0.9750000238418579,0.3217380102723837,0.8896819707006216,0.9500000234693289,1.3407271910554732
Bird,step2_results\resampled\Bird\m30_refined_simplified.obj,.obj,5101,9922,9922,triangles,0.02500000037252903,0.02500000037252903,0.02500000037252903,0.35945001244544983,0.5247489809989929,0.9750000238418579,0.3344500120729208,0.4997489806264639,0.9500000234693289,1.124324641197769
Bird,step2_results\resampled\Bird\m31_refined_simplified.obj,.obj,5102,10111,10111,triangles,0.02500000037252903,0.02500000037252903,0.02500000037252903,0.5008469820022583,0.9750000238418579,0.5145879983901978,0.47584698162972927,0.9500000234693289,0.4895879980176687,1.1698832430293196
Bird,step2_results\resampled\Bird\m32_refined_simplified.obj,.obj,5100,10188,10188,triangles,0.02500000037252903,0.02500000037252903,0.02500000037252903,0.3827719986438751,0.6583330035209656,0.9750000238418579,0.3577719982713461,0.6333330031484365,0.9500000234693289,1.1964997033914446
Bird,step2_results\resampled\Bird\m33_refined_simplified.obj,.obj,5101,10078,10078,triangles,0.02500000037252903,0.02500000037252903,0.02500000037252903,0.5414980053901672,0.6924560070037842,0.9750000238418579,0.5164980050176382,0.6674560066312551,0.9500000234693289,1.270735123685132
Bird,step2_results\resampled\Bird\m34_refined_simplified.obj,.obj,5100,10196,10196,triangles,0.02500000037252903,0.02500000037252903,0.02500000037252903,0.9750000238418579,0.2571539878845215,0.5442929863929749,0.9500000234693289,0.23215398751199245,0.5192929860204458,1.10727626355823
Bird,step2_results\resampled\Bird\m35_refined_simplified.obj,.obj,5100,10196,10196,triangles,0.02500000037252903,0.02500000037252903,0.02500000037252903,0.79237300157547,0.6360800266265869,0.9750000238418579,0.7673730012029409,0.6110800262540579,0.9500000234693289,1.3655695390764961
Bird,step2_results\resampled\Bird\m36_refined_simplified.obj,.obj,5107,10137,10137,triangles,0.02500000037252903,0.02500000037252903,0.02500000037252903,0.9445409774780278,0.8089219927787786,0.9750000238418579,0.9195409771054988,0.7839219924062496,0.9500000234693289,1.5370716780118112
Bird,step2_results\resampled\Bird\m37_refined_simplified.obj,.obj,5100,10196,10196,triangles,0.02500000037252903,0.02500000037252903,0.02500000037252903,0.9750000238418579,0.4372580051422119,0.7462030053138733,0.9500000234693289,0.4122580047696829,0.7212030049413443,1.261978795948977
Bird,step2_results\resampled\Bird\m38_refined_simplified.obj,.obj,5101,10176,10176,triangles,0.02500000037252903,0.02500000037252903,0.02500000037252903,0.9750000238418579,0.26068100333213806,0.29260900616645813,0.9500000234693289,0.23568100295960903,0.2676090057939291,1.0147217154125499
Bird,step2_results\resampled\Bird\m39_refined_simplified.obj,.obj,5100,9859,9859,triangles,0.02500000037252903,0.02500000037252903,0.02500000037252903,0.8835740089416504,0.9750000238418579,0.25955700874328613,0.8585740085691214,0.9500000234693289,0.2345570083707571,1.3017935177892133
Bird,step2_results\resampled\Bird\m40_refined_simplified.obj,.obj,5103,10111,10111,triangles,0.02500000037252903,0.02500000037252903,0.02500000037252903,0.9750000238418579,0.2848449945449829,0.34787899255752563,0.9500000234693289,0.2598449941724539,0.3228789921849966,1.036470119773169
Bird,step2_results\resampled\Bird\m41_refined_simplified.obj,.obj,5094,10140,10140,triangles,0.02500000037252903,0.02500000037252903,0.02500000037252903,0.9750000238418579,0.1472489982843399,0.4677160084247589,0.9500000234693289,0.12224899791181087,0.4427160080522299,1.0551977662352539
Bird,step2_results\resampled\Bird\m42_refined_simplified.obj,.obj,5075,10051,10051,triangles,0.02500000037252903,0.02500000037252903,0.02500000037252903,0.9750000238418579,0.21010899543762207,0.49704301357269287,0.9500000234693289,0.18510899506509304,0.47204301320016384,1.0768426026847304
Bird,step2_results\resampled\Bird\m43_refined_simplified.obj,.obj,5106,9923,9923,triangles,0.02500000037252903,0.02500000037252903,0.02500000037252903,0.9271060228347778,0.6061660051345825,0.9750000238418579,0.9021060224622488,0.5811660047620535,0.9500000234693289,1.4331954665869802
Bird,step2_results\resampled\Bird\m44_refined_simplified.obj,.obj,5100,10196,10196,triangles,0.02500000037252903,0.02500000037252903,0.02500000037252903,0.9750000238418579,0.4588330090045929,0.2662999927997589,0.9500000234693289,0.43383300863206387,0.24129999242722988,1.0718847001034464
Bird,step2_results\resampled\Bird\m45_simplified.obj,.obj,9000,17988,17988,triangles,0.02500000037252903,0.025240125134587288,0.02503499947488308,0.9750000238418579,0.29034799337387085,0.4864349961280823,0.9500000234693289,0.26510786823928356,0.4613999966531992,1.0888857531006984
Bird,step2_results\resampled\Bird\m47_refined.obj,.obj,5393,10560,10560,triangles,0.02500000037252903,0.02500000037252903,0.02500000037252903,0.6958029866218567,0.14815400540828705,0.9750000238418579,0.6708029862493277,0.12315400503575802,0.9500000234693289,1.169462953628326
Bird,step2_results\resampled\Bird\m48_refined_simplified.obj,.obj,5108,10093,10093,triangles,0.02500000037252903,0.02500000037252903,0.02500000037252903,0.4880250096321106,0.4560930132865906,0.9750000238418579,0.46302500925958157,0.43109301291406155,0.9500000234693289,1.1413734663005288
Bird,step2_results\resampled\Bird\m49_refined_simplified.obj,.obj,5128,9809,9809,triangles,0.02500000037252903,0.02500000037252903,0.02500000037252903,0.9750000238418579,0.8009920120239258,0.6911010146141052,0.9500000234693289,0.7759920116513968,0.6661010142415762,1.3958345918883668
Bird,step2_results\resampled\Bird\m50_refined_simplified.obj,.obj,5100,10196,10196,triangles,0.02500000037252903,0.02500000037252903,0.02500000037252903,0.4060479998588562,0.564283013343811,0.9750000238418579,0.38104799948632717,0.539283012971282,0.9500000234693289,1.1569458892202527
Bird,step2_results\resampled\Bird\m51_refined_simplified.obj,.obj,5101,10182,10182,triangles,0.02500000037252903,0.02500000037252903,0.02500000037252903,0.9750000238418579,0.4796839952468872,0.551688015460968,0.9500000234693289,0.4546839948743582,0.526688015088439,1.1775558776654425
Bird,step2_results\resampled\Bird\m52_refined_simplified.obj,.obj,5101,10174,10174,triangles,0.02500000037252903,0.02500000037252903,0.02500000037252903,0.9750000238418579,0.6206669807434082,0.9099529981613159,0.9500000234693289,0.5956669803708792,0.8849529977887869,1.428447060409047
Bookset,step2_results\resampled\Bookset\D01009_refined_simplified.obj,.obj,5114,9498,9498,triangles,0.0,0.0,-2.610771368150711e-21,0.41999998688697815,0.25999999046325684,0.27000001072883606,0.41999998688697815,0.25999999046325684,0.27000001072883606,0.5629387087592459
Bookset,step2_results\resampled\Bookset\D01013_refined_simplified.obj,.obj,5130,8549,8549,triangles,-0.05071200057864189,0.20768600702285767,0.0,0.2151940017938614,0.6656129956245422,0.2797999978065491,0.2659060023725033,0.45792698860168457,0.2797999978065491,0.5989083133168865
Bookset,step2_results\resampled\Bookset\D01030_refined_simplified.obj,.obj,5140,10097,10097,triangles,0.0,0.0,-0.0,0.4217210114002228,0.3069339990615845,0.34747201204299927,0.4217210114002228,0.3069339990615845,0.34747201204299927,0.6267327104831643
Bookset,step2_results\resampled\Bookset\D01038_refined_simplified.obj,.obj,5091,9954,9954,triangles,4.9697089195251465,3.424973964691162,0.3746500015258789,5.1941142082214355,4.391839027404785,0.7378699779510498,0.22440528869628906,0.966865062713623,0.3632199764251709,1.0569363908795006
Bookset,step2_results\resampled\Bookset\D01042_refined_simplified.obj,.obj,5114,8128,8128,triangles,-1.9108489751815796,0.6783890128135681,-0.05654799938201904,-1.6731690168380737,0.8859729766845703,0.221451997756958,0.23767995834350586,0.2075839638710022,0.27799999713897705,0.42055542210728836
Bookset,step2_results\resampled\Bookset\D01050_refined_simplified.obj,.obj,5111,10092,10092,triangles,0.0,0.0,0.0,0.27527400851249695,0.2895599901676178,0.31897300481796265,0.27527400851249695,0.2895599901676178,0.31897300481796265,0.5112382472693228
Bookset,step2_results\resampled\Bookset\D01065_refined_simplified.obj,.obj,5102,8485,8485,triangles,3.387115955352783,0.4483349919319153,-0.00039999998989515007,3.8885409832000732,0.7142410278320314,0.2793999910354615,0.50142502784729,0.2659060359001161,0.27979999102535663,0.6327883638765485
Bookset,step2_results\resampled\Bookset\D01078_refined_simplified.obj,.obj,5088,9800,9800,triangles,0.27399900555610657,0.22973400354385376,0.0,0.5808680057525635,0.350383996963501,0.17145000398159027,0.3068690001964569,0.12064999341964722,0.17145000398159027,0.37164513727347664
Bookset,step2_results\resampled\Bookset\D01096_refined_clamped.obj,.obj,624,832,832,triangles,0.0,0.0,0.0,0.5348479747772217,0.29725998640060425,0.30049601197242737,0.5348479747772217,0.29725998640060425,0.30049601197242737,0.6817064682467933
Bookset,step2_results\resampled\Bookset\D01108_refined_clamped.obj,.obj,1614,3116,3116,triangles,0.1725980043411255,0.05512399971485138,1.616452932357788,0.33360400795936584,0.4539969861507416,1.8895580768585205,0.16100600361824036,0.3988729864358902,0.2731051445007324,0.5095184122896528
Bookset,step2_results\resampled\Bookset\D01109_refined_simplified.obj,.obj,5104,9723,9723,triangles,0.0,0.0,0.0,0.21717000007629395,0.3068690001964569,0.26917698979377747,0.21717000007629395,0.3068690001964569,0.26917698979377747,0.4623717595713972
Bookset,step2_results\resampled\Bookset\D01110_refined_simplified.obj,.obj,5105,10028,10028,triangles,0.0,0.0,0.0,0.26873600482940674,0.2895599901676178,0.34747201204299927,0.26873600482940674,0.2895599901676178,0.34747201204299927,0.5261186437969596
Bookset,step2_results\resampled\Bookset\D01122_refined_simplified.obj,.obj,5073,10014,10014,triangles,0.0,-0.02063800022006035,0.0,0.19800400733947754,0.10549700260162354,0.14540299773216248,0.19800400733947754,0.12613500282168388,0.14540299773216248,0.27614789082811647
Bookset,step2_results\resampled\Bookset\D01135_refined_simplified.obj,.obj,5062,9849,9849,triangles,-0.3210830092430115,-0.21540400385856628,-0.009347000159323215,10.181496620178223,4.381266117095947,5.036255836486817,10.502579629421234,4.5966701209545135,5.0456028366461405,12.525640225488733
Bookset,step2_results\resampled\Bookset\D01146_refined_simplified.obj,.obj,5120,6308,6308,triangles,2.263390064239502,2.043489933013916,0.0,2.5389199256896973,2.3333001136779785,0.31897300481796265,0.2755298614501953,0.2898101806640625,0.31897300481796265,0.5115177642759833
Bookset,step2_results\resampled\Bookset\D01182_refined_simplified.obj,.obj,5092,10038,10038,triangles,-0.108085997402668,0.013946999795734882,0.0,0.07256300002336502,0.24628500640392303,0.2417300045490265,0.18064899742603302,0.23233800660818815,0.2417300045490265,0.3808522084548936
Bookset,step2_results\resampled\Bookset\D01183_refined_simplified.obj,.obj,5109,8266,8266,triangles,1.038993000984192,-0.21659299731254578,-8.10020870336053e-05,2.955486059188844,0.9656779766082768,1.7327089309692376,1.9164930582046522,1.1822709739208226,1.7327899330562713,2.841350251205132
Bookset,step2_results\resampled\Bookset\D01184_refined_simplified.obj,.obj,5093,10085,10085,triangles,0.0,0.0,0.0,0.1910029947757721,0.2307090014219284,0.3266179859638214,0.1910029947757721,0.2307090014219284,0.3266179859638214,0.443156965538713
Bookset,step2_results\resampled\Bookset\D01190_refined_simplified.obj,.obj,5099,9994,9994,triangles,-1.2999999853491317e-05,-2.4112329483032227,0.04123299941420555,0.16442500054836273,-1.6766279935836792,0.3163749873638153,0.16443800054821622,0.7346049547195435,0.27514198794960976,0.801490741715499
Bookset,step2_results\resampled\Bookset\D01199_refined_simplified.obj,.obj,5136,9316,9316,triangles,0.0,0.0,-0.233234936814771,13.521807670321962,7.6275649070739755,7.392814159393314,13.521807670321962,7.6275649070739755,7.626049096208085,17.296694883779978
Bottle,step2_results\resampled\Bottle\D00020_refined_simplified.obj,.obj,5100,10196,10196,triangles,-0.7900260090827942,-0.21485500037670135,-0.229202002286911,0.8825179934501648,0.22175399959087372,0.1928109973669052,1.672544002532959,0.4366089999675751,0.4220129996538162,1.7793610738516419
Bottle,step2_results\resampled\Bottle\D00123_refined_simplified.obj,.obj,5100,10096,10096,triangles,-0.7859979867935181,-0.27264100313186646,-0.18864400684833527,0.7814720273017883,0.12264099717140198,0.17510800063610077,1.5674700140953064,0.39528200030326843,0.36375200748443604,1.6569627720020297
Bottle,step2_results\resampled\Bottle\D00139_refined_simplified.obj,.obj,5102,10118,10118,triangles,-0.9180610179901123,-0.21190600097179413,-0.19471199810504913,0.7282159924507141,0.1931139975786209,0.20399600267410278,1.6462770104408264,0.40501999855041504,0.3987080007791519,1.7416191501637408
Bottle,step2_results\resampled\Bottle\D00166_simplified.obj,.obj,9007,17753,17753,triangles,-0.8150369338691235,-0.3872844949364662,-0.2725840061903,0.91948401927948,0.44617149233818054,0.2838834971189499,1.7345209531486034,0.8334559872746468,0.5564675033092499,2.003214392389074
Bottle,step2_results\resampled\Bottle\D00176_simplified.obj,.obj,6500,12996,12996,triangles,-0.7189019918441772,-0.22924000024795532,-0.2688089907169342,0.9873579740524292,0.3202100098133087,0.2625829875469208,1.7062599658966064,0.549450010061264,0.531391978263855,1.869651256074508
Bottle,step2_results\resampled\Bottle\D00208_refined_simplified.obj,.obj,5100,10192,10192,triangles,-0.9512029886245728,-0.2687479853630066,-0.2437019944190979,0.7586299777030945,0.26793599128723145,0.25036799907684326,1.7098329663276672,0.536683976650238,0.49406999349594116,1.8589415327026997
Bottle,step2_results\resampled\Bottle\D00281_refined_simplified.obj,.obj,5102,10169,10169,triangles,-0.8038870096206665,-0.3288240134716034,-0.28471601009368896,0.9044020175933838,0.1929289996623993,0.23390600085258484,1.7082890272140503,0.5217530131340027,0.5186220109462738,1.8599587085342228
Bottle,step2_results\resampled\Bottle\D00311_refined_simplified.obj,.obj,5100,10192,10192,triangles,-0.8312190175056458,-0.3384610116481781,-0.3367910087108612,0.8783869743347168,0.34903600811958313,0.34416499733924866,1.7096059918403625,0.6874970197677612,0.6809560060501099,1.9644607101445781
Bottle,step2_results\resampled\Bottle\D00347_refined_simplified.obj,.obj,5101,10158,10158,triangles,-1.0151900053024292,-0.17100000381469727,-0.21324899792671204,0.5659859776496887,0.2628450095653534,0.2184160053730011,1.581175982952118,0.43384501338005066,0.43166500329971313,1.6954862605674732
Bottle,step2_results\resampled\Bottle\D00350_refined_simplified.obj,.obj,5102,10029,10029,triangles,-0.8946689963340759,-0.21991199254989624,-0.21490100026130687,0.8670809864997864,0.22658799588680267,0.2627609968185425,1.7617499828338623,0.4464999884366989,0.47766199707984935,1.8791716859146734
Bottle,step2_results\resampled\Bottle\D00390_refined.obj,.obj,5504,10968,10968,triangles,-0.5980160236358643,-0.5007910132408142,-0.4119890034198761,0.9989029765129089,0.32843199372291565,0.4060550034046173,1.5969190001487732,0.8292230069637299,0.8180440068244934,1.9766024095441146
Bottle,step2_results\resampled\Bottle\D00451_simplified.obj,.obj,6505,12842,12842,triangles,-0.6088389754295349,-0.46154099702835083,-0.356344997882843,0.9529380202293396,0.28447601199150085,0.33342599868774414,1.5617769956588745,0.7460170090198517,0.6897709965705872,1.86318887653028
Bottle,step2_results\resampled\Bottle\D00679_simplified.obj,.obj,9056,17614,17614,triangles,-0.9069250226020813,-0.22995099425315857,-0.2711769938468933,0.8094819784164429,0.30560600757598877,0.25846999883651733,1.7164070010185242,0.5355570018291473,0.5296469926834106,1.8744066347012887
Bottle,step2_results\resampled\Bottle\D00696_simplified.obj,.obj,9004,17792,17792,triangles,-1.044290006160736,-0.15508399903774261,-0.20046000182628632,0.6529924869537354,0.30205899477005005,0.2098349928855896,1.6972824931144714,0.45714299380779266,0.4102949947118759,1.805017883818896
Bottle,step2_results\resampled\Bottle\D00711_refined_simplified.obj,.obj,5110,10090,10090,triangles,-0.8591949939727783,-0.38149601221084595,-0.40145498514175415,1.0448499917984009,0.4613879919052124,0.42789900302886963,1.9040449857711792,0.8428840041160583,0.8293539881706238,2.2413542312471737
Bottle,step2_results\resampled\Bottle\D00716_refined_simplified.obj,.obj,5071,10063,10063,triangles,-0.8811179995536804,-0.4453270137310028,-0.16384899616621804,0.9545850157737732,0.519923985004425,0.15590900182724,1.8357030153274536,0.9652509987354279,0.31975799799345805,2.0985138141844173
Bottle,step2_results\resampled\Bottle\D00726_simplified.obj,.obj,6505,12835,12835,triangles,-1.3613600730895996,-0.3323439955711365,-0.31871598958969116,0.6006560027599335,0.2765890061855316,0.2909570038318634,1.962016075849533,0.6089330017566681,0.6096729934215546,2.1428970207240443
Bottle,step2_results\resampled\Bottle\D00892_refined_simplified.obj,.obj,5100,10192,10192,triangles,-0.6744480133056641,-0.15191499888896942,-0.21447600424289703,1.0162299871444702,0.2875249981880188,0.2134079933166504,1.6906780004501343,0.4394399970769882,0.4278839975595474,1.7984950173977758
Bottle,step2_results\resampled\Bottle\D00940_refined_simplified.obj,.obj,5101,10176,10176,triangles,-1.07423996925354,-0.30310699343681335,-0.3989019989967346,0.731590986251831,0.4757950007915497,0.3725050091743469,1.805830955505371,0.778901994228363,0.7714070081710815,2.1125298882453287
Bottle,step2_results\resampled\Bottle\D00959_refined_simplified.obj,.obj,5095,10095,10095,triangles,-0.8088430166244507,-0.2751980125904083,-0.1983020007610321,0.6957399845123291,0.10898999869823456,0.18606700003147125,1.5045830011367798,0.3841880112886429,0.38436900079250336,1.5997218396014692
Bottle,step2_results\resampled\Bottle\m482_refined_simplified.obj,.obj,5092,9774,9774,triangles,0.02500000037252903,0.02500000037252903,0.02500000037252903,0.28964298963546753,0.9750000238418579,0.29298698902130127,0.2646429892629385,0.9500000234693289,0.26798698864877224,1.0219358993805758
Bottle,step2_results\resampled\Bottle\m483_refined_simplified.obj,.obj,5105,9981,9981,triangles,0.02500000037252903,0.02500000037252903,0.02500000037252903,0.2613910138607025,0.9750000238418579,0.2613910138607025,0.23639101348817348,0.9500000234693289,0.23639101348817348,1.0071054895628646
Bottle,step2_results\resampled\Bottle\m484_refined_simplified.obj,.obj,5103,10081,10081,triangles,0.02500000037252903,0.02500000037252903,0.02500000037252903,0.28888198733329773,0.9750000238418579,0.28905999660491943,0.2638819869607687,0.9500000234693289,0.2640599962323904,1.020716135487403
Bottle,step2_results\resampled\Bottle\m485_refined_simplified.obj,.obj,5089,9776,9776,triangles,0.02500000037252903,0.02500000037252903,0.02500000037252903,0.28964298963546753,0.9750000238418579,0.28964298963546753,0.2646429892629385,0.9500000234693289,0.2646429892629385,1.0210640861982039
Bottle,step2_results\resampled\Bottle\m486_refined_simplified.obj,.obj,5108,9709,9709,triangles,0.02500000037252903,0.02500000037252903,0.02500000037252903,0.30149900913238525,0.9750000238418579,0.3026390075683594,0.2764990087598562,0.9500000234693289,0.27763900719583035,1.0276357159779894
Bottle,step2_results\resampled\Bottle\m487_refined_simplified.obj,.obj,5080,9934,9934,triangles,0.02500000037252903,0.02500000037252903,0.02500000037252903,0.31340399384498596,0.9750000238418579,0.31340399384498596,0.28840399347245693,0.9500000234693289,0.28840399347245693,1.0338538443578218
Bottle,step2_results\resampled\Bottle\m488_refined_simplified.obj,.obj,5114,10224,10224,triangles,0.02500000037252903,0.02500000037252903,0.02500000037252903,0.9750000238418579,0.3753319978713989,0.37521401047706604,0.9500000234693289,0.3503319974988699,0.350214010104537,1.0713927412190052
Bottle,step2_results\resampled\Bottle\m489_refined_simplified.obj,.obj,5107,10090,10090,triangles,0.02500000037252903,0.02500000037252903,0.02500000037252903,0.3432439863681793,0.9750000238418579,0.32884499430656433,0.3182439859956503,0.9500000234693289,0.3038449939340353,1.0469484512395533
Bottle,step2_results\resampled\Bottle\m490_refined_simplified.obj,.obj,5095,10088,10088,triangles,0.02500000037252903,0.02500000037252903,0.02500000037252903,0.3633449971675873,0.9750000238418579,0.3633449971675873,0.33834499679505825,0.9500000234693289,0.33834499679505825,1.063698603131649
Bottle,step2_results\resampled\Bottle\m491_refined_simplified.obj,.obj,5098,9980,9980,triangles,0.02500000037252903,0.02500000037252903,0.02500000037252903,0.5499449968338013,0.9750000238418579,0.46502500772476196,0.5249449964612722,0.9500000234693289,0.44002500735223293,1.1711914023748566
Bottle,step2_results\resampled\Bottle\m492_refined_simplified.obj,.obj,5100,10198,10198,triangles,0.02500000037252903,0.02500000037252903,0.02500000037252903,0.29500800371170044,0.2950049936771393,0.9750000238418579,0.2700080033391714,0.27000499330461025,0.9500000234693289,1.0238686746201164
BuildingNonResidential,step2_results\resampled\BuildingNonResidential\m382_refined_simplified.obj,.obj,5099,9958,9958,triangles,0.02500000037252903,0.02500000037252903,0.02500000037252903,0.9448170065879822,0.6706410050392151,0.9750000238418579,0.9198170062154531,0.6456410046666861,0.9500000234693289,1.4715351427750178
BuildingNonResidential,step2_results\resampled\BuildingNonResidential\m383_refined_simplified.obj,.obj,5141,10034,10034,triangles,0.02500000037252903,0.02500000037252903,0.02500000037252903,0.6332799792289734,0.9750000238418579,0.5881350040435791,0.6082799788564444,0.9500000234693289,0.5631350036710501,1.2608035571130483
BuildingNonResidential,step2_results\resampled\BuildingNonResidential\m384_refined_simplified.obj,.obj,5141,8271,8271,triangles,0.02500000037252903,0.02500000037252903,0.02500000037252903,0.9750000238418579,0.289902001619339,0.8710860013961792,0.9500000234693289,0.26490200124680996,0.8460860010236502,1.2994362762307672
BuildingNonResidential,step2_results\resampled\BuildingNonResidential\m385_refined_simplified.obj,.obj,5110,9126,9126,triangles,0.02500000037252903,0.02500000037252903,0.02500000037252903,0.8989999890327454,0.9750000238418579,0.6265619993209839,0.8739999886602163,0.9500000234693289,0.6015619989484549,1.4241674281307815
BuildingNonResidential,step2_results\resampled\BuildingNonResidential\m386_refined_simplified.obj,.obj,5104,10152,10152,triangles,0.02500000037252903,0.02500000037252901,0.02500000037252903,0.950793981552124,0.9750000238418579,0.9407439827919006,0.925793981179595,0.9500000234693289,0.9157439824193716,1.611887583399469
BuildingNonResidential,step2_results\resampled\BuildingNonResidential\m387_refined_simplified.obj,.obj,5100,9967,9967,triangles,0.02500000037252903,0.02500000037252903,0.02500000037252903,0.9750000238418579,0.4229060113430023,0.920333981513977,0.9500000234693289,0.3979060109704733,0.895333981141448,1.3647168849049807
BuildingNonResidential,step2_results\resampled\BuildingNonResidential\m389_refined_simplified.obj,.obj,5106,9774,9774,triangles,0.02500000037252903,0.025000000372528988,0.02500000037252904,0.7415800094604492,0.9750000238418579,0.6502050161361694,0.7165800090879202,0.9500000234693289,0.6252050157636404,1.3441980009478451
BuildingNonResidential,step2_results\resampled\BuildingNonResidential\m390_refined_simplified.obj,.obj,5114,9580,9580,triangles,0.02500000037252903,0.032235000282526016,0.02500000037252903,0.8468170166015625,0.7523369789123535,0.9522190093994141,0.8218170162290335,0.7201019786298275,0.927219009026885,1.433061463612424
BuildingNonResidential,step2_results\resampled\BuildingNonResidential\m391_refined_simplified.obj,.obj,5111,9328,9328,triangles,0.02500000037252903,0.02500000037252903,0.025000035160679467,0.608135998249054,0.8049439787864685,0.9750000238418579,0.5831359978765249,0.7799439784139395,0.9499999886811784,1.360463222574522
BuildingNonResidential,step2_results\resampled\BuildingNonResidential\m392_refined_simplified.obj,.obj,5104,10176,10176,triangles,0.02500000037252903,0.025000000372528995,0.02500000037252903,0.816667020320895,0.9750000238418579,0.3416669964790346,0.791667019948366,0.9500000234693289,0.31666699610650556,1.2765244617667024
BuildingNonResidential,step2_results\resampled\BuildingNonResidential\m393_refined_simplified.obj,.obj,5139,9657,9657,triangles,0.02500000037252903,0.02500000037252903,0.02500000037252903,0.9750000238418579,0.635936975479126,0.8477420210838318,0.9500000234693289,0.610936975106597,0.8227420207113028,1.3973719851164332
BuildingNonResidential,step2_results\resampled\BuildingNonResidential\m394_refined_simplified.obj,.obj,5111,9874,9874,triangles,0.02500000037252903,0.02500000037252903,0.02500000037252903,0.8984230160713196,0.975000023841858,0.8986420035362248,0.8734230156987906,0.950000023469329,0.8736420031636958,1.5584024379588124
BuildingNonResidential,step2_results\resampled\BuildingNonResidential\m395_refined_simplified.obj,.obj,5110,8220,8220,triangles,0.02500000037252903,0.02500000037252903,0.025000000372528884,0.9285039901733398,0.9739949703216553,0.9750000238418579,0.9035039898008108,0.9489949699491262,0.950000023469329,1.6184594394566865
BuildingNonResidential,step2_results\resampled\BuildingNonResidential\m396_refined_simplified.obj,.obj,5085,8654,8654,triangles,0.025000000372521175,0.02500000037252903,0.02500000037252903,0.9496269822120667,0.9750000238418586,0.8257510066032423,0.9246269818395455,0.9500000234693295,0.8007510062307133,1.5487534581452702
BuildingNonResidential,step2_results\resampled\BuildingNonResidential\m397_refined.obj,.obj,5382,10720,10720,triangles,0.02500000037252903,0.02500000037252903,0.02500000037252903,0.9750000238418579,0.9275040030479431,0.9749990105628967,0.9500000234693289,0.9025040026754141,0.9499990101903677,1.6184905433148344
BuildingNonResidential,step2_results\resampled\BuildingNonResidential\m398_refined_simplified.obj,.obj,5102,10144,10144,triangles,0.02500000037252903,0.02500000037252903,0.02500000037252903,0.870248019695282,0.6427040100097656,0.9750000238418579,0.845248019322753,0.6177040096372366,0.9500000234693289,1.4136840178352026
BuildingNonResidential,step2_results\resampled\BuildingNonResidential\m399_simplified.obj,.obj,6510,11544,11544,triangles,0.02500000037252903,0.02500000037252903,0.02500000037252903,0.9750000238418579,0.6073909997940063,0.9716309905052185,0.9500000234693289,0.5823909994214773,0.9466309901326895,1.4621181731578567
BuildingNonResidential,step2_results\resampled\BuildingNonResidential\m400_refined_simplified.obj,.obj,5115,10019,10019,triangles,0.02500000037252903,0.025000000372529026,0.02500000037252903,0.7784479856491092,0.7886030077934265,0.975000023841858,0.7534479852765802,0.7636030074208975,0.950000023469329,1.4329247935782612
BuildingNonResidential,step2_results\resampled\BuildingNonResidential\m401_simplified.obj,.obj,6504,12457,12457,triangles,0.02500000037252903,0.02500000037252903,0.02500000037252903,0.9750000238418579,0.206169992685318,0.9750000238418579,0.9500000234693289,0.18116999231278896,0.9500000234693289,1.3556631791481493
BuildingNonResidential,step2_results\resampled\BuildingNonResidential\m402_simplified.obj,.obj,9099,17022,17022,triangles,0.02500000037252903,0.02500000037252903,0.02500000037252903,0.6500300168991089,0.9750000238418579,0.6655269861221313,0.6250300165265799,0.9500000234693289,0.6405269857496023,1.3051579925910937
BuildingNonResidential,step2_results\resampled\BuildingNonResidential\m404_refined_simplified.obj,.obj,5083,8705,8705,triangles,0.02500000037252903,0.025000000372529026,0.02500000037252903,0.9750000238418579,0.4279490113258362,0.7455059885978699,0.9500000234693289,0.40294901095330715,0.7205059882253408,1.2585693580762838
BuildingNonResidential,step2_results\resampled\BuildingNonResidential\m405_simplified.obj,.obj,9029,17791,17791,triangles,0.02500000037252903,0.02500000037252903,0.02500000037252903,0.9750000238418579,0.8696680068969727,0.9440469741821289,0.9500000234693289,0.8446680065244436,0.9190469738095999,1.568633617485704
BuildingNonResidential,step2_results\resampled\BuildingNonResidential\m406_simplified.obj,.obj,6530,12189,12189,triangles,0.02500000037252903,0.02500000037252903,0.02500000037252903,0.7037789821624756,0.9749777615070343,0.6785020232200623,0.6787789817899466,0.9499777611345053,0.6535020228475332,1.3380073044029848
BuildingNonResidential,step2_results\resampled\BuildingNonResidential\m407_refined_simplified.obj,.obj,5095,10071,10071,triangles,0.02500000037252903,0.02500000037252903,0.02500000037252903,0.7993810176849365,0.9750000238418579,0.7560269832611084,0.7743810173124075,0.9500000234693289,0.7310269828885794,1.4270831980920748
BuildingNonResidential,step2_results\resampled\BuildingNonResidential\m408_refined_simplified.obj,.obj,5114,9981,9981,triangles,0.02500000037252903,0.02500000037252903,0.025000000372529026,0.6448119878768922,0.5929350256919861,0.9750000238418579,0.6198119875043632,0.567935025319457,0.9500000234693289,1.268549225466023
BuildingNonResidential,step2_results\resampled\BuildingNonResidential\m409_refined_simplified.obj,.obj,5105,8418,8418,triangles,0.02500000037252903,0.02500000037252903,0.02500000037252903,0.9750000238418579,0.22145700454711914,0.7081729769706726,0.9500000234693289,0.1964570041745901,0.6831729765981436,1.1865162093435335
BuildingNonResidential,step2_results\resampled\BuildingNonResidential\m410_refined_simplified.obj,.obj,5111,9858,9858,triangles,0.02500000037252903,0.02500000037252903,0.02500000037252903,0.9750000238418579,0.4419809877872467,0.9457209706306458,0.9500000234693289,0.4169809874147177,0.9207209702581167,1.387119422951797
BuildingNonResidential,step2_results\resampled\BuildingNonResidential\m412_refined_simplified.obj,.obj,5105,8736,8736,triangles,0.02500000037252903,0.02500000037252903,0.02500000037252903,0.9750000238418579,0.12811000645160675,0.511584997177124,0.9500000234693289,0.10311000607907772,0.486584996804595,1.0723323538253804
BuildingNonResidential,step2_results\resampled\BuildingNonResidential\m413_refined_simplified.obj,.obj,5109,9967,9967,triangles,0.025000000372529026,0.025000000372529026,0.025000000372529023,0.9750000238418581,0.8806040287017827,0.8827940225601197,0.9500000234693291,0.8556040283292536,0.8577940221875907,1.5396002346017412
BuildingNonResidential,step2_results\resampled\BuildingNonResidential\m414_refined_simplified.obj,.obj,5119,10070,10070,triangles,0.025000000372529026,0.02500000037252903,0.02500000037252903,0.9750000238418582,0.7241050004959108,0.9750000238418582,0.9500000234693292,0.6991050001233817,0.9500000234693292,1.5145124266182055
BuildingNonResidential,step2_results\resampled\BuildingNonResidential\m415_refined_simplified.obj,.obj,5104,10108,10108,triangles,0.025000000372529023,0.02500000037252903,0.02500000037252903,0.695587992668152,0.4608820080757141,0.9750000238418579,0.6705879922956229,0.4358820077031851,0.9500000234693289,1.2418459746048056
BuildingNonResidential,step2_results\resampled\BuildingNonResidential\m416_simplified.obj,.obj,6528,12314,12314,triangles,0.02500000037252903,0.02500000037252903,0.02500000037252903,0.5155739784240723,0.4126319885253906,0.9750000238418579,0.49057397805154324,0.3876319881528616,0.9500000234693289,1.137286872680935
BuildingNonResidential,step2_results\resampled\BuildingNonResidential\m418_refined_simplified.obj,.obj,5119,9922,9922,triangles,0.02500000037252903,0.02500000037252903,0.025000000372529023,0.7138779759407045,0.6435350179672241,0.9750000238418579,0.6888779755681754,0.6185350175946951,0.9500000234693289,1.3265136553407595
BuildingNonResidential,step2_results\resampled\BuildingNonResidential\m420_simplified.obj,.obj,6491,11628,11628,triangles,0.02500000037252903,0.02500000037252903,0.02500000037252903,0.6647499799728394,0.40328699350357056,0.9750000238418579,0.6397499796003103,0.3782869931310415,0.9500000234693289,1.206184534042137
BuildingNonResidential,step2_results\resampled\BuildingNonResidential\m421_simplified.obj,.obj,6569,10432,10432,triangles,0.02500000037252903,0.02500000037252903,0.02500000037252903,0.5874130129814148,0.32853999733924866,0.9750000238418579,0.5624130126088858,0.3035399969667196,0.9500000234693289,1.1449650523496706
BuildingNonResidential,step2_results\resampled\BuildingNonResidential\m470_simplified.obj,.obj,9024,17694,17694,triangles,0.02500000037252903,0.02500000037252903,0.02500000037252903,0.19172100722789764,0.6594240069389343,0.9750000238418579,0.16672100685536861,0.6344240065664053,0.9500000234693289,1.1544651397189798
BuildingNonResidential,step2_results\resampled\BuildingNonResidential\m471_refined_simplified.obj,.obj,5104,10097,10097,triangles,0.02500000037252903,0.02500000037252903,0.02500000037252903,0.2529999911785126,0.9750000238418579,0.24172799289226532,0.22799999080598354,0.9500000234693289,0.2167279925197363,1.0007272671117184
BuildingNonResidential,step2_results\resampled\BuildingNonResidential\m472_refined_simplified.obj,.obj,5100,10188,10188,triangles,0.02500000037252903,0.02500000037252903,0.02500000037252903,0.479544997215271,0.9750000238418579,0.479544997215271,0.45454499684274197,0.9500000234693289,0.45454499684274197,1.1470494117086945
BuildingNonResidential,step2_results\resampled\BuildingNonResidential\m474_refined.obj,.obj,5366,10680,10680,triangles,0.02500000037252903,0.02500000037252903,0.02500000037252903,0.9684910178184509,0.8290629982948303,0.9750000238418579,0.9434910174459219,0.8040629979223013,0.9500000234693289,1.5617914871136496
BuildingNonResidential,step2_results\resampled\BuildingNonResidential\m475_refined_simplified.obj,.obj,5110,9910,9910,triangles,0.02500000037252903,0.02500000037252903,0.02500000037252903,0.9750000238418579,0.5316669940948486,0.9750000238418579,0.9500000234693289,0.5066669937223196,0.9500000234693289,1.4358661259710335
BuildingNonResidential,step2_results\resampled\BuildingNonResidential\m477_refined_simplified.obj,.obj,5134,9601,9601,triangles,0.025000000372529026,0.02500000037252903,0.02500000037252903,0.975000023841858,0.30596500635147095,0.4050000011920929,0.950000023469329,0.2809650059789419,0.38000000081956387,1.061056727889391
BuildingNonResidential,step2_results\resampled\BuildingNonResidential\m478_refined_simplified.obj,.obj,5098,9416,9416,triangles,0.02500000037252903,0.02500000037252903,0.02500000037252903,0.9750000238418579,0.16720399260520935,0.8505719900131226,0.9500000234693289,0.14220399223268032,0.8255719896405935,1.2666061463919105
BuildingNonResidential,step2_results\resampled\BuildingNonResidential\m479_refined_simplified.obj,.obj,5148,9717,9717,triangles,0.02500000037252903,0.02500000037252903,0.02500000037252903,0.9750000238418579,0.2983179986476898,0.5194699764251709,0.9500000234693289,0.2733179982751608,0.49446997605264187,1.1053068940300546
BuildingNonResidential,step2_results\resampled\BuildingNonResidential\m481_refined_simplified.obj,.obj,5097,9693,9693,triangles,0.02500000037252903,0.02500000037252903,0.02500000037252903,0.9750000238418579,0.2150000035762787,0.9750000238418579,0.9500000234693289,0.19000000320374966,0.9500000234693289,1.35687143473539
Bus,step2_results\resampled\Bus\D00084_simplified.obj,.obj,9043,16925,16925,triangles,-1.2716599702835083,-10.355904637586542,-0.03853899985551834,4.248469829559326,14.730500221252441,6.706830024719238,5.5201297998428345,25.086404858838982,6.745369024574757,26.55747625483991
Bus,step2_results\resampled\Bus\D00114_simplified.obj,.obj,6501,12724,12724,triangles,-2.406089879514184e-05,0.029970500618219376,0.0,6.8543701171875,2.279240131378174,3.89766001701355,6.854394178086295,2.2492696307599545,3.89766001701355,8.199615053688094
Bus,step2_results\resampled\Bus\D00151_simplified.obj,.obj,6515,10705,10705,triangles,2.48649001121521,0.19132600724697113,0.007633020170032978,5.8319549560546875,13.461400032043457,4.197939872741699,3.3454649448394775,13.270074024796486,4.190306852571666,14.312430675445638
Bus,step2_results\resampled\Bus\D00179_kept.obj,.obj,5976,11227,11227,triangles,0.17161400616168976,0.4423699975013733,0.0,3.756809949874878,14.484999656677246,4.096099853515625,3.585195943713188,14.042629659175873,4.096099853515625,15.060780581017509
Bus,step2_results\resampled\Bus\D00182_simplified.obj,.obj,9045,16783,16783,triangles,-5.635499954223633,-6.26626004894605,0.03912699967622757,36.549598693847656,1.5394932151523852,10.361900329589844,42.18509864807129,7.805753264098435,10.322773329913616,44.1256385924132
Bus,step2_results\resampled\Bus\D00264_simplified.obj,.obj,9018,17538,17538,triangles,-0.641156017780304,-14.564599990844727,-0.36364200711250305,2.9048800468444824,-2.1966099739074707,3.213099956512451,3.5460360646247864,12.367990016937256,3.5767419636249542,13.354199036446737
Bus,step2_results\resampled\Bus\D00411_refined_simplified.obj,.obj,5028,9874,9874,triangles,0.025656599551439285,-0.6324509978294374,0.0,16.915700912475586,5.099870204925538,4.431260108947754,16.890044312924147,5.732321202754975,4.431260108947754,18.37849747441959
Bus,step2_results\resampled\Bus\D00436_refined_simplified.obj,.obj,5083,10258,10258,triangles,4.5747199058532715,-9.826789855957031,0.034749701619148254,8.62012004852295,2.676409959793091,3.892590045928955,4.045400142669678,12.503199815750122,3.857840344309807,13.695919102749919
Bus,step2_results\resampled\Bus\D00446_refined_simplified.obj,.obj,5131,9772,9772,triangles,-7.220280170440674,-2.7650198936462402,-0.4942840039730072,7.779999732971191,0.26405999064445496,4.2705597877502495,15.000279903411865,3.029079884290695,4.764843791723257,16.027709084134266
Bus,step2_results\resampled\Bus\D00448_simplified.obj,.obj,6559,11587,11587,triangles,2.53262996673584,2.137310028076172,-0.46584799885749817,8.80679988861084,4.293519973754883,2.12650990486145,6.274169921875,2.156209945678711,2.5923579037189484,7.122834340301537
Bus,step2_results\resampled\Bus\D00483_kept.obj,.obj,6082,8486,8486,triangles,-264.9159851074219,-114.80999755859375,-0.07923399657011032,32.48189926147461,580.5670166015625,286.3680114746094,297.3978843688965,695.3770141601562,286.4472454711795,808.7315487152803
Bus,step2_results\resampled\Bus\D00516_refined_simplified.obj,.obj,5153,10096,10096,triangles,-9.108369827270508,2.9880080223083496,0.013357000425457954,0.47061499953269964,5.816504955291748,2.9440600872039795,9.578984826803207,2.8284969329833984,2.9307030867785215,10.408956037705018
Bus,step2_results\resampled\Bus\D00677_simplified.obj,.obj,9017,15748,15748,triangles,-0.023403000086545944,-1.095829963684082,-0.010742399841547012,5.398519992828369,1.095829963684082,2.4653624892234802,5.421922992914915,2.191659927368164,2.4761048890650272,6.350725753800316
Bus,step2_results\resampled\Bus\D00754_simplified.obj,.obj,6516,11865,11865,triangles,0.0,0.0,0.0,2.8042900562286377,14.124600410461426,4.22799015045166,2.8042900562286377,14.124600410461426,4.22799015045166,15.008140463994403
Bus,step2_results\resampled\Bus\D00769_simplified.obj,.obj,6501,11705,11705,triangles,0.0,0.0,0.0,2.5999999046325684,12.82800006866455,4.695623663839938,2.5999999046325684,12.82800006866455,4.695623663839938,13.905627165222024
Bus,step2_results\resampled\Bus\D00775_simplified.obj,.obj,6514,11873,11873,triangles,-0.14972399920225143,-0.2522149980068207,-0.15906499326229095,10.500009656079202,2.6107499599456787,4.0,10.649733655281453,2.8629649579524994,4.159064993262291,11.786060278866653
Bus,step2_results\resampled\Bus\D00815_simplified.obj,.obj,6518,12238,12238,triangles,-6.017870903015137,-1.3592040538787842,-1.9001150131225586,6.017870903015137,1.3592040538787842,1.9001150131225586,12.035741806030273,2.7184081077575684,3.800230026245117,12.910870292668962
Bus,step2_results\resampled\Bus\D00823_simplified.obj,.obj,6517,12432,12432,triangles,3.0676798820495605,0.0,-0.06499800086021423,6.762139797210693,12.368900299072266,3.3794506285394763,3.694459915161133,12.368900299072266,3.4444486293996905,13.36049980478634
Bus,step2_results\resampled\Bus\D00832_refined_simplified.obj,.obj,5101,9952,9952,triangles,0.3741320073604584,0.49007201194763184,0.0,3.5229740142822266,6.953780174255371,2.7087550163269043,3.148842006921768,6.463708162307739,2.7087550163269043,7.683233884928596
Bus,step2_results\resampled\Bus\D00857_kept.obj,.obj,5220,8783,8783,triangles,-2.8539199829101562,-2.573470115661621,0.011314000003039837,7.80610990524292,0.30480000376701355,3.3020999431610107,10.660029888153076,2.8782701194286346,3.290785943157971,11.521716374759393
Car,step2_results\resampled\Car\D00168_refined_simplified.obj,.obj,5112,9617,9617,triangles,-1.0756800174713135,-0.29797300696372986,-0.3260689973831177,0.8175780177116394,0.4230479896068573,0.31705600023269653,1.8932580351829529,0.7210209965705872,0.6431249976158142,2.125536879905592
Car,step2_results\resampled\Car\D00236_simplified.obj,.obj,9077,13411,13411,triangles,-1.0796799659729004,-0.4119867533445358,-0.44321900606155396,0.8070585131645203,0.4830024987459183,0.5302119851112366,1.8867384791374207,0.8949892520904541,0.9734309911727905,2.3039869237022286
Car,step2_results\resampled\Car\D00260_simplified.obj,.obj,9040,12608,12608,triangles,-1.0268700122833252,-0.42302100360393524,-0.5417829751968384,0.9045370221138,0.6253490149974823,0.4052020013332367,1.9314070343971252,1.0483700186014175,0.9469849765300751,2.392946588245275
Car,step2_results\resampled\Car\D00265_refined_simplified.obj,.obj,5126,9470,9470,triangles,-1.0812599658966064,-0.4070909917354584,-0.32611000537872314,0.860791027545929,0.3691850006580353,0.26142600178718567,1.9420509934425354,0.7762759923934937,0.5875360071659088,2.1724099606690492
Car,step2_results\resampled\Car\D00299_simplified.obj,.obj,9000,17992,17992,triangles,-0.8535090088844299,-0.4576050043106079,-0.40192800760269165,0.7750260233879089,0.6481429934501648,0.5128870010375977,1.6285350322723389,1.1057479977607727,0.9148150086402893,2.1706431042259706
Car,step2_results\resampled\Car\D00377_simplified.obj,.obj,6499,12995,12995,triangles,-0.7801830172538757,-0.4621430039405823,-0.26018500328063965,0.917149007320404,0.38417699933052063,0.21742400527000427,1.6973320245742798,0.8463200032711029,0.4776090085506439,1.9558384173113463
Car,step2_results\resampled\Car\D00405_simplified.obj,.obj,9005,17286,17286,triangles,-0.7958160042762756,-0.40789398550987244,-0.35468798875808716,1.0277299880981445,0.5017120242118835,0.503341019153595,1.8235459923744202,0.909606009721756,0.8580290079116821,2.2110895182340875
Car,step2_results\resampled\Car\D00452_simplified.obj,.obj,9007,17826,17826,triangles,-1.011430025100708,-0.40668149292469025,-0.37877601385116577,0.7448949813842773,0.562305748462677,0.4299359917640686,1.7563250064849854,0.9689872413873672,0.8087120056152344,2.1627826775712347
Car,step2_results\resampled\Car\D00504_kept.obj,.obj,5153,8561,8561,triangles,-1.038040041923523,-0.43916699290275574,-0.21541500091552734,0.8216959834098816,0.608144998550415,0.36057600378990173,1.8597360253334045,1.0473119914531708,0.5759910047054291,2.2107116792711947
Car,step2_results\resampled\Car\D00541_refined_simplified.obj,.obj,5108,8465,8465,triangles,-1.0907299518585205,-0.3817389905452728,-0.48226198554039,0.7894530296325684,0.49911099672317505,0.3976759910583496,1.8801829814910889,0.8808499872684479,0.8799379765987396,2.2550555617590065
Car,step2_results\resampled\Car\D00618_refined_simplified.obj,.obj,5145,8792,8792,triangles,-1.1007699966430664,-0.3979330062866211,-0.22447599470615387,0.8325710296630859,0.4267970025539398,0.2971020042896271,1.9333410263061523,0.8247300088405609,0.521577998995781,2.1656478754675517
Car,step2_results\resampled\Car\D00670_refined_simplified.obj,.obj,5143,8931,8931,triangles,-0.9887229800224304,-0.43563199043273926,-0.3038780093193054,0.9533730149269104,0.2897909879684448,0.2597930133342743,1.9420959949493408,0.7254229784011841,0.5636710226535797,2.1484181094400707
Car,step2_results\resampled\Car\D00671_simplified.obj,.obj,9095,16961,16961,triangles,-1.0470800399780273,-0.36050349473953247,-0.3498789966106415,0.8456500172615051,0.3507000058889389,0.28378400206565857,1.8927300572395325,0.7112035006284714,0.6336629986763,2.1189068608071464
Car,step2_results\resampled\Car\D00724_simplified.obj,.obj,9109,14630,14630,triangles,-1.0401400327682495,-0.5501980185508728,-0.4414309859275818,0.8177989721298218,0.38944000005722046,0.3813140094280243,1.8579390048980713,0.9396380186080933,0.8227449953556061,2.2386974514922904
Car,step2_results\resampled\Car\D00767_simplified.obj,.obj,9019,17786,17786,triangles,-1.0977400541305542,-0.48256298899650574,-0.3561350107192993,0.8296729922294617,0.3643360137939453,0.38114699721336365,1.9274130463600159,0.846899002790451,0.737282007932663,2.2306375168160955
Car,step2_results\resampled\Car\D00785_simplified.obj,.obj,6559,10336,10336,triangles,-0.9380980134010315,-0.31456100940704346,-0.3866249918937683,0.9068589806556702,0.49468401074409485,0.35789600014686584,1.8449569940567017,0.8092450201511383,0.7445209920406342,2.147802439738657
Car,step2_results\resampled\Car\D00793_kept.obj,.obj,5322,9896,9896,triangles,-0.9752320051193237,-0.36616799235343933,-0.22193899750709534,0.9616609811782837,0.4937469959259033,0.3914630115032196,1.9368929862976074,0.8599149882793427,0.6134020090103149,2.2061890789536185
Car,step2_results\resampled\Car\D00803_simplified.obj,.obj,9002,17862,17862,triangles,-0.9025049805641174,-0.2782745063304901,-0.22701199352741241,1.0137799978256226,0.40004798769950867,0.22440199553966522,1.91628497838974,0.6783224940299988,0.45141398906707764,2.082317006085936
Car,step2_results\resampled\Car\D00865_simplified.obj,.obj,9037,16233,16233,triangles,-0.9341089725494385,-0.29673950374126434,-0.4296779930591583,0.9524449706077576,0.43545299768447876,0.3096489906311035,1.886553943157196,0.7321925014257431,0.7393269836902618,2.1544827751454854
Car,step2_results\resampled\Car\D00976_simplified.obj,.obj,9055,14533,14533,triangles,-0.9118779897689819,-0.5712760090827942,-0.2870210111141205,0.8669520020484924,0.4029099941253662,0.41520699858665466,1.7788299918174744,0.9741860032081604,0.7022280097007751,2.1462522419893606
Car,step2_results\resampled\Car\m1485_kept.obj,.obj,6148,12259,12259,triangles,0.02500000037252903,0.02500000037252903,0.02500000037252903,0.422203004360199,0.46033400297164917,0.9750000238418579,0.39720300398766994,0.43533400259912014,0.9500000234693289,1.1179382651951426
Car,step2_results\resampled\Car\m1486_kept.obj,.obj,5704,11230,11230,triangles,0.02500000037252903,0.02500000037252903,0.02500000037252903,0.44256600737571716,0.3966920077800751,0.9750000238418579,0.41756600700318813,0.37169200740754604,0.9500000234693289,1.1022778067107055
Car,step2_results\resampled\Car\m1487_simplified.obj,.obj,6506,12915,12915,triangles,0.02500000037252903,0.02500000037252903,0.02500000037252903,0.4792349934577942,0.3984239995479584,0.9750000238418579,0.45423499308526516,0.37342399917542934,0.9500000234693289,1.117262259585934
Car,step2_results\resampled\Car\m1488_refined_simplified.obj,.obj,5137,9454,9454,triangles,0.02500000037252903,0.02500000037252903,0.02500000037252903,0.5688049793243408,0.5068100094795227,0.9750000238418579,0.5438049789518118,0.4818100091069937,0.9500000234693289,1.1959785886880197
Car,step2_results\resampled\Car\m1489_refined_simplified.obj,.obj,5101,10186,10186,triangles,0.02500000037252903,0.02500000037252903,0.02500000037252903,0.5051590204238892,0.4956569969654083,0.9750000238418579,0.48015902005136013,0.4706569965928793,0.9500000234693289,1.1638602740751303
Car,step2_results\resampled\Car\m1490_refined_simplified.obj,.obj,5135,9618,9618,triangles,0.02500000037252903,0.02500000037252903,0.02500000037252903,0.9750000238418579,0.5164269804954529,0.42750099301338196,0.9500000234693289,0.49142698012292385,0.40250099264085293,1.1428068824002304
Car,step2_results\resampled\Car\m1492_kept.obj,.obj,5914,10880,10880,triangles,0.02500000037252903,0.02500000037252903,0.02500000037252903,0.4995020031929016,0.5935900211334229,0.9750000238418579,0.4745020028203726,0.5685900207608938,0.9500000234693289,1.204552533923342
Car,step2_results\resampled\Car\m1495_simplified.obj,.obj,6506,12503,12503,triangles,0.02500000037252903,0.02500000037252903,0.02500000037252903,0.9750000238418579,0.4518660008907318,0.3535900115966797,0.9500000234693289,0.4268660005182028,0.32859001122415066,1.0921016539070065
Car,step2_results\resampled\Car\m1496_simplified.obj,.obj,6506,12946,12946,triangles,0.02500000037252903,0.02500000037252903,0.02500000037252903,0.374098002910614,0.35608699917793274,0.9750000238418579,0.349098002538085,0.3310869988054037,0.9500000234693289,1.06488875510345
Car,step2_results\resampled\Car\m1497_refined_simplified.obj,.obj,5106,10138,10138,triangles,0.02500000037252903,0.02500000037252903,0.02500000037252903,0.9750000238418579,0.3275740146636963,0.34289199113845825,0.9500000234693289,0.30257401429116726,0.3178919907659292,1.0464733138064835
Car,step2_results\resampled\Car\m1498_kept.obj,.obj,5514,10104,10104,triangles,0.02500000037252903,0.02500000037252903,0.02500000037252903,0.3750320076942444,0.2966350018978119,0.9750000238418579,0.35003200732171535,0.27163500152528286,0.9500000234693289,1.0482404422626685
Car,step2_results\resampled\Car\m1499_simplified.obj,.obj,9043,17694,17694,triangles,0.02500399947166443,0.02500000037252903,0.02500000037252903,0.9750000238418579,0.3821370005607605,0.5216460227966309,0.9499960243701935,0.35713700018823147,0.49664602242410183,1.129909976419495
Car,step2_results\resampled\Car\m1500_refined_simplified.obj,.obj,5103,10178,10178,triangles,0.02500000037252903,0.02500000037252903,0.02500000037252903,0.42768099904060364,0.38090598583221436,0.9750000238418579,0.4026809986680746,0.3559059854596853,0.9500000234693289,1.0914765694993516
Car,step2_results\resampled\Car\m1502_refined_simplified.obj,.obj,5109,7188,7188,triangles,0.02500000037252903,0.02500000037252903,0.02500000037252903,0.9750000238418579,0.20640599727630615,0.5048350095748901,0.9500000234693289,0.18140599690377712,0.4798350092023611,1.0796526368979091
Car,step2_results\resampled\Car\m1503_simplified.obj,.obj,9009,16367,16367,triangles,0.025074000470340252,0.025005999952554703,0.02500000037252903,0.9750000238418579,0.21629400551319122,0.20197400450706482,0.9499260233715177,0.19128800556063652,0.1769740041345358,0.9850230195732493
Car,step2_results\resampled\Car\m1504_refined_simplified.obj,.obj,5094,9694,9694,triangles,0.02500000037252903,0.02500000037252903,0.02500000037252903,0.45046699047088623,0.21270599961280823,0.9750000238418579,0.4254669900983572,0.1877059992402792,0.9500000234693289,1.0577125064996975
Car,step2_results\resampled\Car\m1505_simplified.obj,.obj,9085,17100,17100,triangles,0.02500000037252903,0.02500000037252903,0.02500000037252903,0.3913080096244812,0.21046899259090424,0.9750000238418579,0.36630800925195217,0.1854689922183752,0.9500000234693289,1.0349301180796475
Car,step2_results\resampled\Car\m1506_refined_simplified.obj,.obj,5112,9414,9414,triangles,0.02500000037252903,0.02500000037252903,0.02500000037252903,0.5629019737243652,0.9750000238418579,0.2772360146045685,0.5379019733518362,0.9500000234693289,0.25223601423203945,1.1204738213823608
Car,step2_results\resampled\Car\m1507_kept.obj,.obj,6514,12744,12744,triangles,0.02500000037252903,0.02500000037252903,0.02500000037252903,0.4377390146255493,0.2130810022354126,0.9750000238418579,0.4127390142530203,0.18808100186288357,0.9500000234693289,1.0527240862353375
Car,step2_results\resampled\Car\m1508_refined_simplified.obj,.obj,5132,6250,6250,triangles,0.02500000037252903,0.02500000037252903,0.02500000037252903,0.9750000238418579,0.21263499557971954,0.4199270009994507,0.9500000234693289,0.1876349952071905,0.39492700062692165,1.045788827556646
Car,step2_results\resampled\Car\m1509_simplified.obj,.obj,8992,18055,18055,triangles,0.02500000037252903,0.02514225011691451,0.02500000037252903,0.5525659918785095,0.38643398880958557,0.9749149978160858,0.5275659915059805,0.36129173869267106,0.9499149974435568,1.1450747129377428
Car,step2_results\resampled\Car\m1510_simplified.obj,.obj,8998,17954,17954,triangles,0.02500000037252903,0.02500000037252903,0.02500000037252903,0.48803600668907166,0.24529612623155117,0.9750000238418579,0.4630360063165426,0.22029612585902214,0.9500000234693289,1.0795521158359114
Car,step2_results\resampled\Car\m1511_simplified.obj,.obj,9029,17607,17607,triangles,0.02500000037252903,0.02500000037252903,0.02500000037252903,0.5809100270271301,0.2509140074253082,0.9750000238418579,0.5559100266546011,0.2259140070527792,0.9500000234693289,1.1236427995183735
Car,step2_results\resampled\Car\m1512_kept.obj,.obj,6808,11419,11419,triangles,0.02500000037252903,0.02500000037252903,0.08612100034952164,0.9750000238418579,0.37961000204086304,0.30888500809669495,0.9500000234693289,0.354610001668334,0.2227640077471733,1.0382061938856482
Car,step2_results\resampled\Car\m1513_simplified.obj,.obj,8997,14994,14994,triangles,0.06554199755191803,0.02500000037252903,0.02500000037252903,0.9750000238418579,0.42012500762939453,0.28829801082611084,0.9094580262899399,0.3951250072568655,0.2632980104535818,1.025945181406758
Car,step2_results\resampled\Car\m1514_simplified.obj,.obj,9032,17634,17634,triangles,0.02500000037252903,0.02504550013691187,0.02508999966084957,0.4570409953594208,0.2606276161968708,0.9749554991722107,0.43204099498689175,0.23558211605995893,0.9498654995113611,1.0697676485660421
Car,step2_results\resampled\Car\m1515_refined_simplified.obj,.obj,5116,9736,9736,triangles,0.02500000037252903,0.02500000037252903,0.02500000037252903,0.49636098742485046,0.2383909970521927,0.9750000238418579,0.47136098705232143,0.21339099667966366,0.9500000234693289,1.0817656595448963
Car,step2_results\resampled\Car\m1516_simplified.obj,.obj,9000,17903,17903,triangles,0.02500000037252903,0.02500000037252903,0.02500000037252903,0.4224109947681427,0.9750000238418579,0.2887679934501648,0.39741099439561367,0.9500000234693289,0.26376799307763577,1.0630188602421125
Car,step2_results\resampled\Car\m1517_refined_simplified.obj,.obj,5122,9873,9873,triangles,0.02500000037252903,0.02500000037252903,0.02500000037252903,0.4388970136642456,0.3242050111293793,0.9750000238418579,0.4138970132917166,0.29920501075685024,0.9500000234693289,1.0785798165483793
Car,step2_results\resampled\Car\m1518_simplified.obj,.obj,6508,12812,12812,triangles,0.02500000037252903,0.02500000037252903,0.02500000037252903,0.4067389965057373,0.31663501262664795,0.9750000238418579,0.3817389961332083,0.2916350122541189,0.9500000234693289,1.064554219442568
Car,step2_results\resampled\Car\m1519_refined_simplified.obj,.obj,5135,10067,10067,triangles,0.02500000037252903,0.02500000037252903,0.02500000037252903,0.37711301445961,0.27279600501060486,0.9750000238418579,0.35211301408708096,0.24779600463807583,0.9500000234693289,1.0430179668614572
Car,step2_results\resampled\Car\m1521_refined_simplified.obj,.obj,5103,10128,10128,triangles,0.02500000037252903,0.02500000037252903,0.02500000037252903,0.41206100583076477,0.26946499943733215,0.9750000238418579,0.38706100545823574,0.24446499906480312,0.9500000234693289,1.0545517542092564
Car,step2_results\resampled\Car\m1522_refined_simplified.obj,.obj,5122,9455,9455,triangles,0.02500000037252903,0.02500000037252903,0.02500000037252903,0.40824899077415466,0.2859880030155182,0.9750000238418579,0.38324899040162563,0.26098800264298916,0.9500000234693289,1.0571161576473835
Car,step2_results\resampled\Car\m1523_refined_simplified.obj,.obj,5100,10180,10180,triangles,0.02500000037252903,0.02500000037252903,0.02500000037252903,0.9750000238418579,0.3542279899120331,0.4295499920845032,0.9500000234693289,0.32922798953950405,0.40454999171197414,1.083767414846058
Car,step2_results\resampled\Car\m1524_refined_simplified.obj,.obj,5101,10182,10182,triangles,0.02500000037252903,0.02500000037252903,0.02500000037252903,0.4266360104084015,0.3381809890270233,0.9750000238418579,0.40163601003587246,0.3131809886544943,0.9500000234693289,1.0779118056705137
Car,step2_results\resampled\Car\m1525_simplified.obj,.obj,9009,17732,17732,triangles,0.02500000037252903,0.02500000037252903,0.02500000037252903,0.45061200857162476,0.9750000238418579,0.3553889989852905,0.4256120081990957,0.9500000234693289,0.3303889986127615,1.0921549874076188
Car,step2_results\resampled\Car\m1526_refined_simplified.obj,.obj,5091,9890,9890,triangles,0.02500000037252903,0.02500000037252903,0.02500000037252903,0.43004998564720154,0.28687798976898193,0.9750000238418579,0.4050499852746725,0.2618779893964529,0.9500000234693289,1.065432126647712
Car,step2_results\resampled\Car\m1527_simplified.obj,.obj,6493,12731,12731,triangles,0.025002500042319298,0.02500000037252903,0.02500000037252903,0.9750000238418579,0.3331249952316284,0.9068099856376648,0.9499975237995386,0.3081249948590994,0.8818099852651358,1.3323007009663674
Car,step2_results\resampled\Car\m1528_simplified.obj,.obj,9020,17656,17656,triangles,0.02500000037252903,0.0250840000808239,0.025025000795722008,0.3742789924144745,0.28074899315834045,0.9749515056610107,0.34927899204194546,0.25566499307751656,0.9499265048652887,1.0438969142653634
Car,step2_results\resampled\Car\m1529_refined_simplified.obj,.obj,5107,9146,9146,triangles,0.02500000037252903,0.02500000037252903,0.02500000037252903,0.42802900075912476,0.3326680064201355,0.9750000238418579,0.4030290003865957,0.30766800604760647,0.9500000234693289,1.07684354559502
Car,step2_results\resampled\Car\m1530_refined_simplified.obj,.obj,5123,9669,9669,triangles,0.02500000037252903,0.02500000037252903,0.02500000037252903,0.9750000238418579,0.29907500743865967,0.3993000090122223,0.9500000234693289,0.27407500706613064,0.37430000863969326,1.0572216657625304
Car,step2_results\resampled\Car\m1531_refined_simplified.obj,.obj,5114,9856,9856,triangles,0.02500000037252903,0.02500000037252903,0.02500000037252903,0.9750000238418579,0.3235360085964203,0.377685010433197,0.9500000234693289,0.29853600822389126,0.352685010060668,1.0564139856701416
Car,step2_results\resampled\Car\m1532_refined_simplified.obj,.obj,5086,9373,9373,triangles,0.02500000037252903,0.02500000037252903,0.02500000037252903,0.45224499702453613,0.396481990814209,0.9750000238418579,0.4272449966520071,0.37148199044167995,0.9500000234693289,1.1059101233727864
Car,step2_results\resampled\Car\m1533_simplified.obj,.obj,6508,12722,12722,triangles,0.02500000037252903,0.02500000037252903,0.02500000037252903,0.3846539855003357,0.28747400641441345,0.9750000238418579,0.35965398512780666,0.2624740060418844,0.9500000234693289,1.0491633035222463
Car,step2_results\resampled\Car\m1535_simplified.obj,.obj,9036,17444,17444,triangles,0.02500000037252903,0.02500000037252903,0.02508150041103363,0.3739050030708313,0.2909890115261078,0.9750000238418579,0.34890500269830227,0.26598901115357876,0.9499185234308243,1.046341271344755
Car,step2_results\resampled\Car\m1536_refined_simplified.obj,.obj,5099,10181,10181,triangles,0.02500000037252903,0.02500000037252903,0.02500000037252903,0.6295030117034912,0.9750000238418579,0.5003560185432434,0.6045030113309622,0.9500000234693289,0.4753560181707144,1.2222468160363698
Car,step2_results\resampled\Car\m1538_refined_simplified.obj,.obj,5100,10180,10180,triangles,0.02500000037252903,0.02500000037252903,0.02500000037252903,0.9750000238418579,0.27546098828315735,0.4175119996070862,0.9500000234693289,0.2504609879106283,0.39251199923455715,1.0579680621833545
Car,step2_results\resampled\Car\m1539_simplified.obj,.obj,6498,13004,13004,triangles,0.02500000037252903,0.02500000037252903,0.02500000037252903,0.47597000002861023,0.28110501170158386,0.9750000238418579,0.4509699996560812,0.25610501132905483,0.9500000234693289,1.0823417953721397
Car,step2_results\resampled\Car\m1540_simplified.obj,.obj,6508,12940,12940,triangles,0.02500000037252903,0.02500000037252903,0.02500000037252903,0.9750000238418579,0.2649939954280853,0.4205490052700043,0.9500000234693289,0.2399939950555563,0.39554900489747524,1.0566722185852313
Car,step2_results\resampled\Car\m1542_refined_simplified.obj,.obj,5096,8441,8441,triangles,0.02500000037252903,0.02500000037252903,0.02500000037252903,0.4751330018043518,0.3455129861831665,0.9750000238418579,0.4501330014318228,0.3205129858106375,0.9500000234693289,1.0990215364782423
Car,step2_results\resampled\Car\m1543_refined_simplified.obj,.obj,5109,9434,9434,triangles,0.02500000037252903,0.02500000037252903,0.02500000037252903,0.9750000238418579,0.28356999158859253,0.45738399028778076,0.9500000234693289,0.2585699912160635,0.43238398991525173,1.0753206032082865
Car,step2_results\resampled\Car\m1544_simplified.obj,.obj,9039,16714,16714,triangles,0.02500000037252903,0.02500000037252903,0.02500000037252903,0.47982698678970337,0.2520970106124878,0.9750000238418579,0.45482698641717434,0.22709701023995876,0.9500000234693289,1.0774695746168343
Car,step2_results\resampled\Car\m1545_simplified.obj,.obj,6517,11805,11805,triangles,0.02500000037252903,0.02500000037252903,0.02500000037252903,0.9750000238418579,0.2792600095272064,0.45181500911712646,0.9500000234693289,0.2542600091546774,0.42681500874459743,1.072063080483939
Car,step2_results\resampled\Car\m1546_simplified.obj,.obj,6496,10870,10870,triangles,0.02500000037252903,0.02500000037252903,0.03523999825119972,0.9750000238418579,0.5740479826927185,0.2871589958667755,0.9500000234693289,0.5490479823201895,0.2519189976155758,1.125796124012351
Car,step2_results\resampled\Car\m1547_refined_simplified.obj,.obj,5112,10064,10064,triangles,0.02500000037252903,0.02500000037252903,0.02500000037252903,0.9750000238418579,0.2663559913635254,0.5711899995803833,0.9500000234693289,0.24135599099099636,0.5461899992078543,1.1220856804244705
Car,step2_results\resampled\Car\m1548_simplified.obj,.obj,6517,11805,11805,triangles,0.02500000037252903,0.02500000037252903,0.02500000037252903,0.9750000238418579,0.2792600095272064,0.45181500911712646,0.9500000234693289,0.2542600091546774,0.42681500874459743,1.072063080483939
Car,step2_results\resampled\Car\m1550_simplified.obj,.obj,6512,12422,12422,triangles,0.02500000037252903,0.02500000037252903,0.02500000037252903,0.4542819857597351,0.26844799518585205,0.9750000238418579,0.4292819853872061,0.24344799481332302,0.9500000234693289,1.0705372453811846
Car,step2_results\resampled\Car\m1551_simplified.obj,.obj,9011,16851,16851,triangles,0.02500000037252903,0.02500000037252903,0.02500000037252903,0.9750000238418579,0.2670069932937622,0.4491100013256073,0.9500000234693289,0.24200699292123318,0.42411000095307827,1.0681463954547257
Car,step2_results\resampled\Car\m1552_kept.obj,.obj,5247,10472,10472,triangles,0.02500000037252903,0.02500000037252903,0.02500000037252903,0.9750000238418579,0.32320401072502136,0.41881299018859863,0.9500000234693289,0.29820401035249233,0.3938129898160696,1.0707541021774825
Car,step2_results\resampled\Car\m1553_refined_simplified.obj,.obj,5118,8806,8806,triangles,0.02500000037252903,0.02500000037252903,0.02500000037252903,0.9750000238418579,0.30150100588798523,0.4727959930896759,0.9500000234693289,0.2765010055154562,0.4477959927171469,1.0860359578468473
Car,step2_results\resampled\Car\m1555_simplified.obj,.obj,9013,16559,16559,triangles,0.02500000037252903,0.02500000037252903,0.02500000037252903,0.9750000238418579,0.4192180037498474,0.3222790062427521,0.9500000234693289,0.3942180033773184,0.29727900587022305,1.0706459200453309
Car,step2_results\resampled\Car\m1556_simplified.obj,.obj,9072,13337,13337,triangles,0.02500000037252903,0.025186000391840935,0.02500000037252903,0.9748010039329529,0.33369600772857666,0.36563101410865784,0.9498010035604239,0.3085100073367357,0.3406310137361288,1.055144472814128
Car,step2_results\resampled\Car\m1557_simplified.obj,.obj,6534,12752,12752,triangles,0.02500000037252903,0.02500000037252903,0.02500000037252903,0.9750000238418579,0.38018599152565,0.4110330045223236,0.9500000234693289,0.355185991153121,0.3860330041497946,1.0852090182062006
Car,step2_results\resampled\Car\m1558_simplified.obj,.obj,6525,10697,10697,triangles,0.02500000037252903,0.02500000037252903,0.02500000037252903,0.34726500511169434,0.30709800124168396,0.9750000238418579,0.3222650047391653,0.28209800086915493,0.9500000234693289,1.042081599475604
Car,step2_results\resampled\Car\m1559_simplified.obj,.obj,9012,17134,17134,triangles,0.02500000037252903,0.0253090001642704,0.02500000037252903,0.41612300276756287,0.5416269898414612,0.9750000238418579,0.39112300239503384,0.5163179896771908,0.9500000234693289,1.1498093381332952
Car,step2_results\resampled\Car\m1560_simplified.obj,.obj,9099,18359,18359,triangles,0.02500000037252903,0.02500000037252903,0.0251499991863966,0.9750000238418579,0.6306250095367432,0.6719040274620056,0.9500000234693289,0.6056250091642141,0.646754028275609,1.2990659988651874
Car,step2_results\resampled\Car\m1561_refined_simplified.obj,.obj,5111,9969,9969,triangles,0.02500000037252903,0.02500000037252903,0.02500000037252903,0.5235649943351746,0.5008440017700195,0.9750000238418579,0.49856499396264553,0.4758440013974905,0.9500000234693289,1.1736671638342249
Car,step2_results\resampled\Car\m1562_simplified.obj,.obj,9017,16189,16189,triangles,0.02500000037252903,0.02500000037252903,0.025010500103235245,0.9750000238418579,0.6610640287399292,0.6540884971618652,0.9500000234693289,0.6360640283674002,0.62907799705863,1.3049201581545087
Car,step2_results\resampled\Car\m1563_refined_simplified.obj,.obj,5105,10048,10048,triangles,0.02500000037252903,0.02500000037252903,0.02500000037252903,0.6987059712409973,0.5034890174865723,0.9750000238418579,0.6737059708684683,0.47848901711404324,0.9500000234693289,1.2590994874410497
Cellphone,step2_results\resampled\Cellphone\D00018_simplified.obj,.obj,9098,16964,16964,triangles,-1.2175179719924927,-0.4506460130214691,-0.26596599817276,0.6478099822998047,0.30505698919296265,0.2530219852924347,1.8653279542922974,0.7557030022144318,0.5189879834651947,2.07843304717796
Cellphone,step2_results\resampled\Cellphone\D00032_refined_simplified.obj,.obj,5121,10030,10030,triangles,-0.6176630258560181,-0.443574994802475,-0.1069360002875328,1.0028400421142578,0.32263699173927307,0.17980900406837463,1.6205030679702759,0.766211986541748,0.28674500435590744,1.815305401067379
Cellphone,step2_results\resampled\Cellphone\D00079_simplified.obj,.obj,9007,16122,16122,triangles,-0.9364042431116104,-0.40579500794410706,-0.3340590000152588,1.0205249786376953,0.370963990688324,0.10288099944591522,1.9569292217493057,0.776758998632431,0.436939999461174,2.1503123224364247
Cellphone,step2_results\resampled\Cellphone\D00152_simplified.obj,.obj,9053,17501,17501,triangles,-1.0128600597381592,-0.4854170083999634,-0.08960399776697159,0.927636981010437,0.4176180064678192,0.15703099966049194,1.9404970407485962,0.9030350148677826,0.24663499742746353,2.1544906184960193
Cellphone,step2_results\resampled\Cellphone\D00192_refined_simplified.obj,.obj,5106,10132,10132,triangles,-0.9991599917411804,-0.30645400285720825,-0.1230660006403923,0.7598699927330017,0.48536399006843567,0.15664300322532654,1.7590299844741821,0.7918179929256439,0.27970900386571884,1.949204798640612
Cellphone,step2_results\resampled\Cellphone\D00248_kept.obj,.obj,5687,11300,11300,triangles,-0.799360990524292,-0.38367199897766113,-0.14715200662612915,0.7815809845924377,0.33557599782943726,0.086837999522686,1.5809419751167297,0.7192479968070984,0.23399000614881516,1.7525542880534495
Cellphone,step2_results\resampled\Cellphone\D00312_refined.obj,.obj,5236,10304,10304,triangles,-0.161981001496315,-0.9376199841499329,-0.011327000334858894,0.3428089916706085,0.06804300099611282,0.028113000094890594,0.5047899931669235,1.0056629851460457,0.03944000042974949,1.1259336084015865
Cellphone,step2_results\resampled\Cellphone\D00327_kept.obj,.obj,6318,11912,11912,triangles,-1.1349899768829346,-0.385219007730484,-0.16677799820899963,0.8060770034790039,0.43358099460601807,0.26569798588752747,1.9410669803619385,0.8188000023365021,0.4324759840965271,2.150630126939063
Cellphone,step2_results\resampled\Cellphone\D00362_simplified.obj,.obj,9035,17394,17394,triangles,-0.8452344834804535,-0.41093701124191284,-0.08006899803876877,1.015660047531128,0.5890224874019623,0.14910749718546867,1.8608945310115814,0.9999594986438751,0.22917649522423744,2.12493983925197
Cellphone,step2_results\resampled\Cellphone\D00369_refined_simplified.obj,.obj,5105,10002,10002,triangles,-0.6341260075569153,-0.2013780027627945,-0.1285720020532608,1.0300500392913818,0.29734501242637634,0.20901300013065338,1.6641760468482971,0.49872301518917084,0.3375850021839142,1.7697938282417296
Cellphone,step2_results\resampled\Cellphone\D00440_refined_simplified.obj,.obj,5101,10083,10083,triangles,-0.5445420145988464,-0.1684969961643219,-0.1131649985909462,0.9935950040817261,0.25707799196243286,0.12473099678754807,1.5381370186805725,0.42557498812675476,0.23789599537849426,1.6135594390575676
Cellphone,step2_results\resampled\Cellphone\D00527_simplified.obj,.obj,6546,7219,7219,triangles,-0.8941739797592163,-0.48748698830604553,-0.2751390039920807,1.013159990310669,0.4006899893283844,0.11517400294542313,1.9073339700698853,0.8881769776344299,0.3903130069375038,2.139889123381624
Cellphone,step2_results\resampled\Cellphone\D00542_simplified.obj,.obj,9000,17892,17892,triangles,-0.99481600522995,-0.27820101380348206,-0.060837000608444214,0.4941670000553131,0.2673119902610779,0.19665199518203735,1.488983005285263,0.5455130040645599,0.25748899579048157,1.6065352192171403
Cellphone,step2_results\resampled\Cellphone\D00554_simplified.obj,.obj,6531,11603,11603,triangles,-0.9398229718208313,-0.3830009996891022,-0.21715499460697174,0.9672660231590271,0.5628629922866821,0.1573610007762909,1.9070889949798584,0.9458639919757843,0.37451599538326263,2.16146000584965
Cellphone,step2_results\resampled\Cellphone\D00559_refined_simplified.obj,.obj,5090,10088,10088,triangles,-0.913336992263794,-0.24478499591350555,-0.22291199862957,0.8147940039634705,0.3406040072441101,0.09909199923276901,1.7281309962272644,0.5853890031576157,0.322003997862339,1.8527826639351506
Cellphone,step2_results\resampled\Cellphone\D00817_kept.obj,.obj,5016,9728,9728,triangles,-1.0599000453948975,-0.5926780104637146,-0.1508760005235672,0.8133209943771362,0.44698598980903625,0.18249200284481049,1.8732210397720337,1.0396640002727509,0.3333680033683777,2.1681772351395945
Cellphone,step2_results\resampled\Cellphone\D00848_simplified.obj,.obj,6540,12263,12263,triangles,-0.9682369828224182,-0.22004899382591248,-0.13626399636268616,0.6565449833869934,0.3653680086135864,0.09325399994850159,1.6247819662094116,0.5854170024394989,0.22951799631118774,1.742213538891049
Cellphone,step2_results\resampled\Cellphone\D00902_refined_simplified.obj,.obj,5150,10266,10266,triangles,-0.907351016998291,-0.5220680236816406,-0.27470898628234863,0.967494010925293,0.4396960139274597,0.15969300270080566,1.874845027923584,0.9617640376091003,0.4344019889831543,2.151450448139688
Cellphone,step2_results\resampled\Cellphone\D00979_refined_simplified.obj,.obj,5092,10072,10072,triangles,-0.8866320252418518,-0.22743600606918335,-0.2224320024251938,0.8360310196876526,0.33330899477005005,0.09429900348186493,1.7226630449295044,0.5607450008392334,0.3167310059070587,1.839108874546279
Cellphone,step2_results\resampled\Cellphone\D00997_refined_simplified.obj,.obj,5100,10188,10188,triangles,-0.7024869918823242,-0.2529360055923462,-0.19087199866771698,0.9849069714546204,0.347463995218277,0.13642999529838562,1.6873939633369446,0.6004000008106232,0.3273019939661026,1.8206880962244865
Chess,step2_results\resampled\Chess\D01017_refined_simplified.obj,.obj,5100,10196,10196,triangles,-0.1925709992647171,-0.13934600353240967,-0.14145800471305847,0.2519589960575104,0.13949799537658691,0.14157499372959137,0.4445299953222275,0.2788439989089966,0.28303299844264984,0.5962118504996166
Chess,step2_results\resampled\Chess\D01019_refined_simplified.obj,.obj,5100,10196,10196,triangles,0.02500000037252903,0.02500000037252903,0.02500000037252903,0.44467100501060486,0.9750000238418579,0.44464901089668274,0.41967100463807583,0.9500000234693289,0.4196490105241537,1.1201469049903938
Chess,step2_results\resampled\Chess\D01021_refined_simplified.obj,.obj,5100,10196,10196,triangles,0.02500000037252903,0.02500000037252903,0.02500000037252903,0.9750000238418579,0.512054979801178,0.512054979801178,0.9500000234693289,0.48705497942864895,0.48705497942864895,1.1734330618165694
Chess,step2_results\resampled\Chess\D01043_refined_simplified.obj,.obj,5101,10182,10182,triangles,0.02500000037252903,0.02500000037252903,0.02500000037252903,0.3843590021133423,0.9750000238418579,0.3843590021133423,0.35935900174081326,0.9500000234693289,0.35935900174081326,1.0773939988954984
Chess,step2_results\resampled\Chess\D01045_refined_simplified.obj,.obj,5100,10196,10196,triangles,0.02500000037252903,0.02500000037252903,0.02500000037252903,0.40504398941993713,0.9750000238418579,0.40504398941993713,0.3800439890474081,0.9500000234693289,0.3800439890474081,1.091497554653174
Chess,step2_results\resampled\Chess\D01049_refined_simplified.obj,.obj,5098,10187,10187,triangles,0.02500000037252903,0.02500000037252903,0.02500000037252903,0.4140790104866028,0.9750000238418579,0.4140790104866028,0.38907901011407375,0.9500000234693289,0.38907901011407375,1.0978456161111272
Chess,step2_results\resampled\Chess\D01053_refined.obj,.obj,5409,10752,10752,triangles,0.02500000037252903,0.02500000037252903,0.02500000037252903,0.6583330035209656,0.9750000238418579,0.6583330035209656,0.6333330031484365,0.9500000234693289,0.6333330031484365,1.305649811529018
Chess,step2_results\resampled\Chess\D01080_refined_simplified.obj,.obj,5100,10196,10196,triangles,0.02500000037252903,0.02500000037252903,0.02500000037252903,0.4491569995880127,0.9750000238418579,0.4491569995880127,0.42415699921548367,0.9500000234693289,0.42415699921548367,1.1235294230943367
Chess,step2_results\resampled\Chess\D01081_kept.obj,.obj,6727,13450,13450,triangles,0.02500000037252903,0.02500000037252903,0.02500000037252903,0.5561259984970093,0.9750000238418579,0.5548099875450134,0.5311259981244802,0.9500000234693289,0.5298099871724844,1.2104930784532222
Chess,step2_results\resampled\Chess\D01099_refined_simplified.obj,.obj,5101,10150,10150,triangles,0.02500000037252903,0.02500000037252903,0.02500000037252903,0.6295809745788574,0.9750000238418579,0.6225559711456299,0.6045809742063284,0.9500000234693289,0.5975559707731009,1.2747907032805743
Chess,step2_results\resampled\Chess\D01105_refined_simplified.obj,.obj,5100,10196,10196,triangles,0.02500000037252903,0.02500000037252903,0.02500000037252903,0.43672001361846924,0.9750000238418579,0.43672001361846924,0.4117200132459402,0.9500000234693289,0.4117200132459402,1.1142382075688304
Chess,step2_results\resampled\Chess\D01112_refined_simplified.obj,.obj,5100,10196,10196,triangles,0.02500000037252903,0.02500000037252903,0.02500000037252903,0.4432869851589203,0.9750000238418579,0.4432869851589203,0.41828698478639126,0.9500000234693289,0.41828698478639126,1.119119317979592
Chess,step2_results\resampled\Chess\D01123_refined_simplified.obj,.obj,5100,10196,10196,triangles,0.02500000037252903,0.02500000037252903,0.02500000037252903,0.4379369914531708,0.9750000238418579,0.4379369914531708,0.41293699108064175,0.9500000234693289,0.41293699108064175,1.1151385392843318
Chess,step2_results\resampled\Chess\D01126_refined_simplified.obj,.obj,5100,10196,10196,triangles,0.02500000037252903,0.02500000037252903,0.02500000037252903,0.5187919735908508,0.9750000238418579,0.5187919735908508,0.4937919732183218,0.9500000234693289,0.4937919732183218,1.1790509192657512
Chess,step2_results\resampled\Chess\D01130_refined_simplified.obj,.obj,5099,10177,10177,triangles,0.02500000037252903,0.02500000037252903,0.02500000037252903,0.4241499900817871,0.9750000238418579,0.42415300011634827,0.3991499897092581,0.9500000234693289,0.39915299974381924,1.105053788772798
Chess,step2_results\resampled\Chess\D01138_refined_simplified.obj,.obj,5100,10196,10196,triangles,-0.22532899677753448,-0.12658900022506714,-0.1275079995393753,0.3529430031776428,0.12869299948215485,0.12805800139904022,0.5782719999551773,0.255281999707222,0.2555660009384155,0.6818221074021675
Chess,step2_results\resampled\Chess\D01145_refined_simplified.obj,.obj,5100,10196,10196,triangles,-0.3085800111293793,-0.1554100066423416,-0.15514600276947021,0.404776006937027,0.15464399755001068,0.15492400527000427,0.7133560180664062,0.3100540041923523,0.3100700080394745,0.8373492126424136
Chess,step2_results\resampled\Chess\D01171_refined_simplified.obj,.obj,5100,10196,10196,triangles,0.02500000037252903,0.02500000037252903,0.02500000037252903,0.6461380124092102,0.9750000238418579,0.6458190083503723,0.6211380120366812,0.9500000234693289,0.6208190079778433,1.29372667718309
Chess,step2_results\resampled\Chess\D01186_refined_simplified.obj,.obj,5100,10196,10196,triangles,0.02500000037252903,0.02500000037252903,0.02500000037252903,0.5263670086860657,0.9750000238418579,0.5263670086860657,0.5013670083135366,0.9500000234693289,0.5013670083135366,1.1854272641719767
Chess,step2_results\resampled\Chess\D01188_refined_simplified.obj,.obj,5100,10196,10196,triangles,0.02500000037252903,0.02500000037252903,0.02500000037252903,0.824999988079071,0.9750000238418579,0.824999988079071,0.799999987706542,0.9500000234693289,0.799999987706542,1.4773286720471719
Chess,step2_results\resampled\Chess\m1589_refined_simplified.obj,.obj,5131,9712,9712,triangles,0.02500000037252903,0.02500000037252903,0.02500000037252903,0.9704779982566833,0.2515139877796173,0.9750000238418579,0.9454779978841543,0.22651398740708828,0.9500000234693289,1.359315002332356
Chess,step2_results\resampled\Chess\m1591_simplified.obj,.obj,6497,12812,12812,triangles,0.02500000037252903,0.02500000037252903,0.02500000037252903,0.9749979972839355,0.26602301001548767,0.9750000238418579,0.9499979969114065,0.24102300964295864,0.9500000234693289,1.364949936775983
Chess,step2_results\resampled\Chess\m1593_simplified.obj,.obj,9035,17674,17674,triangles,0.02500000037252903,0.02500000037252903,0.02500000037252903,0.9750000238418579,0.26718199253082275,0.9749929904937744,0.9500000234693289,0.24218199215829372,0.9499929901212454,1.3651515824980718
Chess,step2_results\resampled\Chess\m1595_simplified.obj,.obj,9020,17748,17748,triangles,0.02500000037252903,0.02500000037252903,0.02500000037252903,0.9750000238418579,0.19116181414574385,0.9750000238418579,0.9500000234693289,0.16616181377321482,0.9500000234693289,1.3537392058811977
Chess,step2_results\resampled\Chess\m1596_simplified.obj,.obj,9012,17541,17541,triangles,0.02500000037252903,0.02500000037252903,0.02500000037252903,0.5593739748001099,0.1512490063905716,0.9750000238418579,0.5343739744275808,0.12624900601804256,0.9500000234693289,1.0972667864552348
Chess,step2_results\resampled\Chess\m1598_refined_simplified.obj,.obj,5100,10196,10196,triangles,0.02500000037252903,0.02500000037252903,0.02500000037252903,0.4432869851589203,0.9750000238418579,0.4432869851589203,0.41828698478639126,0.9500000234693289,0.41828698478639126,1.119119317979592
Chess,step2_results\resampled\Chess\m1599_refined_simplified.obj,.obj,5100,10196,10196,triangles,0.02500000037252903,0.02500000037252903,0.02500000037252903,0.4491569995880127,0.9750000238418579,0.4491569995880127,0.42415699921548367,0.9500000234693289,0.42415699921548367,1.1235294230943367
Chess,step2_results\resampled\Chess\m1600_refined_simplified.obj,.obj,5100,10196,10196,triangles,0.02500000037252903,0.02500000037252903,0.02500000037252903,0.44467100501060486,0.9750000238418579,0.44464901089668274,0.41967100463807583,0.9500000234693289,0.4196490105241537,1.1201469049903938
Chess,step2_results\resampled\Chess\m1601_kept.obj,.obj,6727,13450,13450,triangles,0.02500000037252903,0.02500000037252903,0.02500000037252903,0.5561259984970093,0.9750000238418579,0.5548099875450134,0.5311259981244802,0.9500000234693289,0.5298099871724844,1.2104930784532222
Chess,step2_results\resampled\Chess\m1602_refined_simplified.obj,.obj,5100,10196,10196,triangles,0.02500000037252903,0.02500000037252903,0.02500000037252903,0.40504398941993713,0.9750000238418579,0.40504398941993713,0.3800439890474081,0.9500000234693289,0.3800439890474081,1.091497554653174
Chess,step2_results\resampled\Chess\m1603_refined_simplified.obj,.obj,5101,10182,10182,triangles,0.02500000037252903,0.02500000037252903,0.02500000037252903,0.3843590021133423,0.9750000238418579,0.3843590021133423,0.35935900174081326,0.9500000234693289,0.35935900174081326,1.0773939988954984
Chess,step2_results\resampled\Chess\m1604_refined_simplified.obj,.obj,5100,10191,10191,triangles,0.02500000037252903,0.02500000037252903,0.02500000037252903,0.4140790104866028,0.9750000238418579,0.4140790104866028,0.38907901011407375,0.9500000234693289,0.38907901011407375,1.0978456161111272
Chess,step2_results\resampled\Chess\m1605_refined.obj,.obj,5409,10752,10752,triangles,0.02500000037252903,0.02500000037252903,0.02500000037252903,0.6583330035209656,0.9750000238418579,0.6583330035209656,0.6333330031484365,0.9500000234693289,0.6333330031484365,1.305649811529018
Chess,step2_results\resampled\Chess\m1606_refined_simplified.obj,.obj,5100,10155,10155,triangles,0.02500000037252903,0.02500000037252903,0.02500000037252903,0.6295809745788574,0.9750000238418579,0.6225559711456299,0.6045809742063284,0.9500000234693289,0.5975559707731009,1.2747907032805743
Chess,step2_results\resampled\Chess\m1607_refined_simplified.obj,.obj,5100,10196,10196,triangles,0.02500000037252903,0.02500000037252903,0.02500000037252903,0.5187919735908508,0.9750000238418579,0.5187919735908508,0.4937919732183218,0.9500000234693289,0.4937919732183218,1.1790509192657512
Chess,step2_results\resampled\Chess\m1608_refined_simplified.obj,.obj,5100,10196,10196,triangles,0.02500000037252903,0.02500000037252903,0.02500000037252903,0.824999988079071,0.9750000238418579,0.824999988079071,0.799999987706542,0.9500000234693289,0.799999987706542,1.4773286720471719
Chess,step2_results\resampled\Chess\m1609_refined_simplified.obj,.obj,5100,10196,10196,triangles,0.02500000037252903,0.02500000037252903,0.02500000037252903,0.5263670086860657,0.9750000238418579,0.5263670086860657,0.5013670083135366,0.9500000234693289,0.5013670083135366,1.1854272641719767
Chess,step2_results\resampled\Chess\m1610_kept.obj,.obj,6094,12018,12018,triangles,0.02500000037252903,0.02500000037252903,0.02500000037252903,0.6461380124092102,0.9750000238418579,0.6458190083503723,0.6211380120366812,0.9500000234693289,0.6208190079778433,1.29372667718309
Chess,step2_results\resampled\Chess\m1611_refined_simplified.obj,.obj,5100,10196,10196,triangles,0.02500000037252903,0.02500000037252903,0.02500000037252903,0.9750000238418579,0.512054979801178,0.512054979801178,0.9500000234693289,0.48705497942864895,0.48705497942864895,1.1734330618165694
Chess,step2_results\resampled\Chess\m1612_refined_simplified.obj,.obj,5100,10177,10177,triangles,0.02500000037252903,0.02500000037252903,0.02500000037252903,0.4241499900817871,0.9750000238418579,0.42415300011634827,0.3991499897092581,0.9500000234693289,0.39915299974381924,1.105053788772798
Chess,step2_results\resampled\Chess\m1613_refined_simplified.obj,.obj,5100,10196,10196,triangles,0.02500000037252903,0.02500000037252903,0.02500000037252903,0.43672001361846924,0.9750000238418579,0.43672001361846924,0.4117200132459402,0.9500000234693289,0.4117200132459402,1.1142382075688304
Chess,step2_results\resampled\Chess\m1614_refined_simplified.obj,.obj,5100,10196,10196,triangles,0.02500000037252903,0.02500000037252903,0.02500000037252903,0.4379369914531708,0.9750000238418579,0.4379369914531708,0.41293699108064175,0.9500000234693289,0.41293699108064175,1.1151385392843318
City,step2_results\resampled\City\D01001_kept.obj,.obj,6615,7637,7637,triangles,0.02500000037252903,0.02500000037252903,0.02500000037252903,0.9750000238418579,0.2302670031785965,0.641048014163971,0.9500000234693289,0.20526700280606747,0.6160480137914419,1.1507170557218191
City,step2_results\resampled\City\D01007_refined_simplified.obj,.obj,5133,5851,5851,triangles,0.048424698412418365,0.02500000037252903,0.02500000037252903,0.9750000238418581,0.3627859950065613,0.6258569955825806,0.9265753254294398,0.33778599463403225,0.6008569952100515,1.1548464575684625
City,step2_results\resampled\City\D01010_refined_simplified.obj,.obj,5098,8382,8382,triangles,0.025000000372528784,0.02500000037252903,0.02500000037252903,0.7535169720649719,0.3444029986858368,0.9750000238418579,0.7285169716924431,0.31940299831330776,0.9500000234693289,1.2390541949273988
City,step2_results\resampled\City\D01018_kept.obj,.obj,6529,10313,10313,triangles,0.02500000037252903,0.02500000037252903,0.02500000037252903,0.9750000238418579,0.22365599870681763,0.8951539993286133,0.9500000234693289,0.1986559983342886,0.8701539989560843,1.3035076647895796
City,step2_results\resampled\City\D01039_refined_simplified.obj,.obj,5152,8875,8875,triangles,0.02500000037252903,0.02500000037252903,0.02500000037252903,0.8409019708633423,0.07881449908018112,0.9750000238418579,0.8159019704908133,0.05381449870765209,0.9500000234693289,1.2534321163563957
City,step2_results\resampled\City\D01056_refined_simplified.obj,.obj,5105,7127,7127,triangles,0.02500000037252903,0.02500000037252903,0.02500000037252903,0.883787989616394,0.466607004404068,0.9750000238418579,0.858787989243865,0.44160700403153896,0.9500000234693289,1.354634120739234
City,step2_results\resampled\City\D01066_simplified.obj,.obj,6566,11241,11241,triangles,0.02500000037252903,0.02500000037252903,0.02500000037252903,0.9750000238418579,0.09349589794874191,0.8429030179977417,0.9500000234693289,0.06849589757621288,0.8179030176252127,1.2554509464001073
City,step2_results\resampled\City\D01068_kept.obj,.obj,5535,9169,9169,triangles,0.02500000037252903,0.02500000037252903,0.02500000037252903,0.9750000238418579,0.21011899411678314,0.9730979800224304,0.9500000234693289,0.1851189937442541,0.9480979796499014,1.354864888264817
City,step2_results\resampled\City\D01079_simplified.obj,.obj,6522,10548,10548,triangles,0.02500000037252903,0.02500000037252903,0.02500000037252903,0.9750000238418579,0.07988890260457993,0.9285039901733398,0.9500000234693289,0.054888902232050896,0.9035039898008108,1.3121860751303334
City,step2_results\resampled\City\D01090_simplified.obj,.obj,6538,11947,11947,triangles,0.02500000037252903,0.04542069882154465,0.02500000037252903,0.8019930124282837,0.13182500004768372,0.9750000238418579,0.7769930120557547,0.08640430122613907,0.9500000234693289,1.230318612655103
City,step2_results\resampled\City\D01091_refined_simplified.obj,.obj,5087,9385,9385,triangles,0.02500000037252903,0.02500000037252903,0.02500000037252903,0.5001459717750549,0.2157749980688095,0.9750000238418579,0.4751459714025259,0.19077499769628048,0.9500000234693289,1.0791936056509004
City,step2_results\resampled\City\D01092_refined_simplified.obj,.obj,5135,7855,7855,triangles,0.025000000372529026,0.02500000037252903,0.02500000037252903,0.9750000238418579,0.3013240098953247,0.9750000238418579,0.9500000234693289,0.2763240095227957,0.9500000234693289,1.3716249660246802
City,step2_results\resampled\City\D01101_simplified.obj,.obj,10155,8961,8961,triangles,0.02500000037252903,0.02500000037252903,0.02500000037252903,0.49337100982666016,0.12251699715852737,0.9750000238418579,0.4683710094541311,0.09751699678599834,0.9500000234693289,1.0636639562150103
City,step2_results\resampled\City\D01103_refined_simplified.obj,.obj,5158,7700,7700,triangles,0.02500000037252903,0.02500000037252903,0.02500000037252903,0.8562279939651489,0.18528300523757935,0.9750000238418579,0.8312279935926199,0.16028300486505032,0.9500000234693289,1.27245065270615
City,step2_results\resampled\City\D01124_kept.obj,.obj,5138,8732,8732,triangles,0.02500000037252903,0.02500000037252903,0.02500000037252903,0.9750000238418579,0.3231010138988495,0.7229260206222534,0.9500000234693289,0.29810101352632046,0.6979260202497244,1.215921456591158
City,step2_results\resampled\City\D01133_kept.obj,.obj,5780,10656,10656,triangles,0.02500000037252903,0.02500000037252903,0.02500000037252903,0.9750000238418579,0.3450089991092682,0.9750000238418579,0.9500000234693289,0.32000899873673916,0.9500000234693289,1.3810886461252012
City,step2_results\resampled\City\D01173_refined_simplified.obj,.obj,5147,9434,9434,triangles,0.02500000037252903,0.025000000372529023,0.02500000037252903,0.975000023841858,0.0633850023150444,0.9250000119209291,0.950000023469329,0.03838500194251538,0.9000000115484,1.3091880971628838
City,step2_results\resampled\City\D01181_kept.obj,.obj,5135,5213,5213,triangles,0.02500000037252903,0.02500000037252903,0.02500000037252903,0.9750000238418579,0.23601700365543365,0.641048014163971,0.9500000234693289,0.21101700328290462,0.6160480137914419,1.1517566477179992
City,step2_results\resampled\City\D01192_simplified.obj,.obj,9087,9029,9029,triangles,0.048424698412418365,0.02500000037252903,0.02500000037252903,0.9750000238418579,0.3627859950065613,0.6258569955825806,0.9265753254294395,0.33778599463403225,0.6008569952100515,1.1548464575684623
City,step2_results\resampled\City\D01195_simplified.obj,.obj,11580,8965,8965,triangles,0.02500000037252903,0.02500000037252903,0.02500000037252903,0.9750000238418579,0.19751900434494019,0.7550889849662781,0.9500000234693289,0.17251900397241116,0.730088984593749,1.2104927826090042
City,step2_results\resampled\City\m1652_refined_simplified.obj,.obj,5102,7611,7611,triangles,0.02500000037252903,0.02500000037252903,0.02500000037252903,0.8562279939651489,0.18528300523757935,0.9750000238418579,0.8312279935926199,0.16028300486505032,0.9500000234693289,1.27245065270615
City,step2_results\resampled\City\m1654_kept.obj,.obj,5532,9169,9169,triangles,0.02500000037252903,0.02500000037252903,0.02500000037252903,0.9750000238418579,0.21011899411678314,0.9730979800224304,0.9500000234693289,0.1851189937442541,0.9480979796499014,1.354864888264817
City,step2_results\resampled\City\m1659_kept.obj,.obj,5780,10656,10656,triangles,0.02500000037252903,0.02500000037252903,0.02500000037252903,0.9750000238418579,0.3450089991092682,0.9750000238418579,0.9500000234693289,0.32000899873673916,0.9500000234693289,1.3810886461252012
City,step2_results\resampled\City\m1660_refined_simplified.obj,.obj,5144,9431,9431,triangles,0.02500000037252903,0.025000000372529023,0.02500000037252903,0.975000023841858,0.0633850023150444,0.9250000119209291,0.950000023469329,0.03838500194251538,0.9000000115484,1.3091880971628838
City,step2_results\resampled\City\m1661_refined_simplified.obj,.obj,5143,8798,8798,triangles,0.02500000037252903,0.02500000037252903,0.02500000037252903,0.8409019708633423,0.07881399989128113,0.9750000238418579,0.8159019704908133,0.0538139995187521,0.9500000234693289,1.2534320949244604
City,step2_results\resampled\City\m1662_simplified.obj,.obj,6522,10550,10550,triangles,0.02500000037252903,0.02500000037252903,0.02500000037252903,0.9750000238418579,0.07988899946212769,0.9285039901733398,0.9500000234693289,0.054888999089598656,0.9035039898008108,1.3121860791818998
City,step2_results\resampled\City\m1664_refined_simplified.obj,.obj,5105,8441,8441,triangles,0.02500000037252903,0.02500000037252903,0.02500000037252903,0.7535169720649719,0.3444029986858368,0.9750000238418579,0.7285169716924429,0.31940299831330776,0.9500000234693289,1.2390541949273985
ClassicPiano,step2_results\resampled\ClassicPiano\D00005_refined_simplified.obj,.obj,5100,10038,10038,triangles,1.048408031463623,-0.023756999522447586,0.0,2.251403093338014,1.4543930292129517,1.5040239193205718,1.202995061874391,1.4781500287353992,1.5040239193205718,2.4277999456777826
ClassicPiano,step2_results\resampled\ClassicPiano\D00009_refined_simplified.obj,.obj,5105,10138,10138,triangles,-0.818664014339447,-1.3057270050048828,0.0024399999529123306,0.8011630177497864,1.502256989479065,1.7633850574493408,1.6198270320892334,2.8079839944839478,1.7609450574964285,3.689111169738063
ClassicPiano,step2_results\resampled\ClassicPiano\D00034_refined_simplified.obj,.obj,5078,9982,9982,triangles,0.43522199988365173,-0.15240000188350677,0.0,12.699999809265137,11.055350303649911,4.276280879974367,12.264777809381485,11.207750305533418,4.276280879974367,17.15590335100764
ClassicPiano,step2_results\resampled\ClassicPiano\D00092_kept.obj,.obj,5901,10703,10703,triangles,0.0,-12.633500099182129,-30.51650047302246,46.16450119018555,47.223899841308594,27.780899047851562,46.16450119018555,59.85739994049072,58.29739952087402,95.46023406985185
ClassicPiano,step2_results\resampled\ClassicPiano\D00120_refined_simplified.obj,.obj,5100,10055,10055,triangles,-0.5457320213317874,-0.4802039861679081,0.0004970000009052455,1.1647759675979614,0.8421959877014162,1.5966370105743408,1.710507988929749,1.3223999738693244,1.5961400105734356,2.68742296716305
ClassicPiano,step2_results\resampled\ClassicPiano\D00190_refined_simplified.obj,.obj,5043,9881,9881,triangles,-0.1524000018835068,-1.5938500165939335,0.0,6.1908159255981445,5.764708042144775,5.139548834648852,6.343215927481651,7.3585580587387085,5.139548834648852,10.99089292233464
ClassicPiano,step2_results\resampled\ClassicPiano\D00233_kept.obj,.obj,5204,9053,9053,triangles,-33.448387145996094,-8.289069175720215,0.34607499837875366,-6.348401069641113,9.16711139678955,14.968439102172852,27.09998607635498,17.456180572509766,14.622364103794098,35.39690689174165
ClassicPiano,step2_results\resampled\ClassicPiano\D00254_refined_simplified.obj,.obj,5107,9667,9667,triangles,1.5863499641418457,-8.646780014038086,0.01269999984651804,4.279630184173584,-4.575510025024414,2.0696599483490368,2.6932802200317383,4.071269989013672,2.0569599485025187,5.297176785496315
ClassicPiano,step2_results\resampled\ClassicPiano\D00279_simplified.obj,.obj,6537,12345,12345,triangles,-1.3062803113167816,-0.4671489894390106,0.10721399635076523,0.7407933028143256,0.5143659903579313,1.4300600290298462,2.047073614131107,0.9815149797969419,1.322846032679081,2.6275090225177853
ClassicPiano,step2_results\resampled\ClassicPiano\D00305_refined_simplified.obj,.obj,5088,9902,9902,triangles,-0.07494299858808517,-0.7342209815979004,5.5667829513549805,1.820721983909607,2.5490520000457764,6.579607963562017,1.895664982497692,3.2832729816436768,1.0128250122070366,3.9241867569232123
ClassicPiano,step2_results\resampled\ClassicPiano\D00314_kept.obj,.obj,6800,10292,10292,triangles,0.5538250207901001,0.31416600942611694,-0.0931926965713501,2.5533199310302734,2.726059913635254,2.0227599143981934,1.9994949102401733,2.411893904209137,2.1159526109695435,3.7805379978392466
ClassicPiano,step2_results\resampled\ClassicPiano\D00561_refined_simplified.obj,.obj,5156,9542,9542,triangles,5.557310104370117,0.3817859888076782,0.009661000221967697,8.155130386352539,4.204549789428711,2.2535800933838024,2.597820281982422,3.8227638006210327,2.2439190931618347,5.137836722733997
ClassicPiano,step2_results\resampled\ClassicPiano\D00579_refined_simplified.obj,.obj,5103,9371,9371,triangles,5.559689998626702,1.3770799636840818,0.08983819931745529,7.321569919586182,4.401909828186035,2.1287899017333984,1.7618799209594798,3.024829864501953,2.038951702415943,4.051066601507307
ClassicPiano,step2_results\resampled\ClassicPiano\D00605_simplified.obj,.obj,6509,11885,11885,triangles,-0.016793999820947647,0.0,0.0,1.3699100017547607,2.494719982147217,1.8568300008773804,1.3867040015757084,2.494719982147217,1.8568300008773804,3.405054100813816
ClassicPiano,step2_results\resampled\ClassicPiano\D00784_kept.obj,.obj,5131,9439,9439,triangles,-0.36694100499153137,-2.7790000438690186,-0.0,1.5215940475463867,-0.2946850061416626,1.9356809854507446,1.888535052537918,2.484315037727356,1.9356809854507446,3.6722263994446522
ClassicPiano,step2_results\resampled\ClassicPiano\D00789_refined_simplified.obj,.obj,5134,8240,8240,triangles,0.09115699678659958,1.065418004989624,-0.04453499987721443,4.589034080505375,8.490103721618652,5.1490888595581055,4.497877083718775,7.424685716629028,5.19362385943532,10.115858097277435
ClassicPiano,step2_results\resampled\ClassicPiano\D00811_refined_simplified.obj,.obj,5102,9944,9944,triangles,0.21982499957084656,-0.3958280086517334,-0.0,1.5488829612731934,1.2848010063171387,1.5784189701080322,1.3290579617023468,1.680629014968872,1.5784189701080322,2.66126199324992
ClassicPiano,step2_results\resampled\ClassicPiano\D00845_refined_simplified.obj,.obj,5148,9034,9034,triangles,1.5971500873565674,8.023479461669922,-4.633936457754566e-16,3.6984760761261,10.576478958129885,2.4660558700561523,2.1013259887695326,2.5529994964599627,2.466055870056153,4.124901076903722
ClassicPiano,step2_results\resampled\ClassicPiano\D00967_refined.obj,.obj,5570,10712,10712,triangles,1.7458999156951904,1.207260012626648,0.6969000101089478,3.822350025177002,3.0599899291992188,1.9398599863052368,2.0764501094818115,1.8527299165725708,1.242959976196289,3.0478193357474312
ClassicPiano,step2_results\resampled\ClassicPiano\D00983_refined_simplified.obj,.obj,5109,9682,9682,triangles,-0.8923760056495667,-1.3244730234146118,0.0,1.2451640367507935,0.40305399894714355,0.9806429743766805,2.13754004240036,1.7275270223617554,0.9806429743766805,2.918062317540417
Computer,step2_results\resampled\Computer\D01002_refined_simplified.obj,.obj,5103,10140,10140,triangles,0.02500000037252903,0.02500000037252903,0.02500000037252903,0.9750000238418579,0.6486020088195801,0.6698799729347229,0.9500000234693289,0.623602008447051,0.6448799725621939,1.3066176520094688
Computer,step2_results\resampled\Computer\D01023_simplified.obj,.obj,9020,15890,15890,triangles,-79.18440246582033,-123.93699645996094,-240.25999450683594,100.82399749755862,291.25299072265625,213.13900756835938,180.00839996337896,415.1899871826172,453.3990020751953,640.5906685215299
Computer,step2_results\resampled\Computer\D01026_refined_simplified.obj,.obj,5102,10172,10172,triangles,0.02500000037252903,0.02500000037252903,0.02500000037252903,0.9750000238418579,0.6988540291786194,0.9505659937858582,0.9500000234693289,0.6738540288060904,0.9255659934133291,1.4877001394411198
Computer,step2_results\resampled\Computer\D01028_refined_simplified.obj,.obj,5099,9057,9057,triangles,0.02500000037252903,0.02500000037252903,0.02500000037252903,0.9750000238418579,0.477647989988327,0.7241889834403992,0.9500000234693289,0.452647989615798,0.6991889830678701,1.2634300460011356
Computer,step2_results\resampled\Computer\D01033_refined_simplified.obj,.obj,5131,9932,9932,triangles,0.02500000037252903,0.02500000037252903,0.02500000037252903,0.6628170013427734,0.6478859782218933,0.9750000238418579,0.6378170009702444,0.6228859778493643,0.9500000234693289,1.3028037122758596
Computer,step2_results\resampled\Computer\D01037_refined_simplified.obj,.obj,5101,10166,10166,triangles,0.02500000037252903,0.02975350059568882,0.025000000372528988,0.9028300046920776,0.8538979887962341,0.9750000238418579,0.8778300043195486,0.8241444882005453,0.9500000234693289,1.533720867207173
Computer,step2_results\resampled\Computer\D01067_kept.obj,.obj,5026,9528,9528,triangles,0.02500000037252903,0.02500000037252903,0.02500000037252903,0.9750000238418579,0.6991879940032959,0.9508489966392517,0.9500000234693289,0.6741879936307669,0.9258489962667227,1.4880275062093786
Computer,step2_results\resampled\Computer\D01070_refined_simplified.obj,.obj,5115,10090,10090,triangles,-1.2226999998092654,-0.6643499732017517,0.10544999688863754,1.2524900436401367,0.6537100076675415,3.5179500579833984,2.475190043449402,1.3180599808692932,3.412500061094761,4.416899877893086
Computer,step2_results\resampled\Computer\D01071_refined.obj,.obj,5594,11008,11008,triangles,0.02500000037252903,0.02500000037252903,0.02500000037252903,0.8063960075378418,0.8063920140266418,0.9750000238418579,0.7813960071653128,0.7813920136541128,0.9500000234693289,1.457275966866965
Computer,step2_results\resampled\Computer\D01072_refined_simplified.obj,.obj,5102,10172,10172,triangles,0.02500000037252903,0.02500000037252903,0.02500000037252903,0.9104160070419312,0.736515998840332,0.9750000238418579,0.8854160066694021,0.711515998467803,0.9500000234693289,1.4807824166749655
Computer,step2_results\resampled\Computer\D01073_refined_simplified.obj,.obj,5106,9999,9999,triangles,-15.33269977569583,-2.6987600326538086,-0.6052039861679078,18.12779998779297,27.129199981689453,23.3661003112793,33.4604997634888,29.82796001434326,23.971304297447208,50.8324273742707
Computer,step2_results\resampled\Computer\D01082_refined_simplified.obj,.obj,5148,7350,7350,triangles,0.025000000372529023,0.02500000037252903,0.02500000037252903,0.7550849914550781,0.9750000238418579,0.6392109990119934,0.7300849910825491,0.9500000234693289,0.6142109986394644,1.346394923358455
Computer,step2_results\resampled\Computer\D01085_refined_simplified.obj,.obj,5100,10184,10184,triangles,0.02500000037252903,0.025000000372529026,0.02500000037252903,0.7035710215568542,0.9750000238418628,0.7488099932670593,0.6785710211843252,0.9500000234693338,0.7238099928945303,1.373630074363856
Computer,step2_results\resampled\Computer\D01098_refined_simplified.obj,.obj,5093,9565,9565,triangles,0.02500000037252903,0.02500000037252903,0.025000000372529016,0.975000023841858,0.7508429884910583,0.897328019142151,0.950000023469329,0.7258429881185293,0.872328018769622,1.479967655161117
Computer,step2_results\resampled\Computer\D01100_refined_simplified.obj,.obj,5131,9934,9934,triangles,-123.44799804687507,-118.89299774169922,11.320599555969252,-103.79299926757815,-89.61620330810547,30.51630020141603,19.654998779296918,29.27679443359375,19.195700645446777,40.14878071113337
Computer,step2_results\resampled\Computer\D01102_refined_simplified.obj,.obj,5129,9980,9980,triangles,0.02500000037252903,0.02500000037252903,0.025000000372528197,0.6289600133895874,0.608371973037721,0.9750000238418579,0.6039600130170584,0.5833719726651919,0.9500000234693298,1.2679079621197156
Computer,step2_results\resampled\Computer\D01115_kept.obj,.obj,6515,11201,11201,triangles,-32.14045333862305,-29.64388084411621,-22.986328125,34.093292236328125,57.29576873779297,37.18511199951172,66.23374557495117,86.93964958190918,60.17144012451172,124.76383261574736
Computer,step2_results\resampled\Computer\D01128_simplified.obj,.obj,9021,17529,17529,triangles,0.02500000037252903,0.02500000037252903,0.02500000037252903,0.9293950200080872,0.5331060290336609,0.9750000238418579,0.9043950196355581,0.5081060286611319,0.9500000234693289,1.4066279296584132
Computer,step2_results\resampled\Computer\D01164_refined_simplified.obj,.obj,5112,9873,9873,triangles,0.02500000037252903,0.02500000037252903,0.02500000037252903,0.7774860262870789,0.4214000105857849,0.9750000238418579,0.7524860259145498,0.3964000102132559,0.9500000234693289,1.2750953814854273
Computer,step2_results\resampled\Computer\D01185_refined_simplified.obj,.obj,5099,10050,10050,triangles,0.025000000372529016,0.02500000037252903,0.025000000372529026,0.909483015537262,0.8528149724006653,0.9750000238418579,0.8844830151647329,0.8278149720281363,0.9500000234693289,1.5395089725690352
Computer,step2_results\resampled\Computer\m1764_refined_simplified.obj,.obj,5093,9573,9573,triangles,0.02500000037252903,0.02500000037252903,0.025000000372529016,0.9750000238418585,0.7508429884910585,0.8973280191421509,0.9500000234693294,0.7258429881185294,0.8723280187696218,1.4799676551611174
Computer,step2_results\resampled\Computer\m1765_refined_simplified.obj,.obj,5134,9954,9954,triangles,0.025000000372528915,0.02500000037252903,0.025000000372510378,0.6289600133895882,0.6083719730377197,0.9750000238418587,0.6039600130170593,0.5833719726651907,0.9500000234693483,1.2679079621197293
Computer,step2_results\resampled\Computer\m1766_refined.obj,.obj,5594,11008,11008,triangles,0.02500000037252903,0.02500000037252903,0.02500000037252903,0.8063960075378418,0.8063920140266418,0.9750000238418579,0.7813960071653128,0.7813920136541128,0.9500000234693289,1.457275966866965
Computer,step2_results\resampled\Computer\m1767_refined_simplified.obj,.obj,5103,10138,10138,triangles,0.02500000037252903,0.02500000037252903,0.02500000037252903,0.9750000238418579,0.6486020088195801,0.6698799729347229,0.9500000234693289,0.623602008447051,0.6448799725621939,1.3066176520094688
Computer,step2_results\resampled\Computer\m1769_refined_simplified.obj,.obj,5100,10184,10184,triangles,0.02500000037252903,0.02500000037252903,0.025000000372528475,0.7035710215568549,0.9750000238418648,0.7488099932670598,0.6785710211843259,0.9500000234693358,0.7238099928945313,1.3736300743638583
Computer,step2_results\resampled\Computer\m1770_refined_simplified.obj,.obj,5130,9932,9932,triangles,0.02500000037252903,0.02500000037252903,0.02500000037252903,0.6628170013427734,0.6478859782218933,0.9750000238418579,0.6378170009702444,0.6228859778493643,0.9500000234693289,1.3028037122758596
Computer,step2_results\resampled\Computer\m1772_simplified.obj,.obj,9021,17529,17529,triangles,0.02500000037252903,0.02500000037252903,0.02500000037252903,0.9293950200080872,0.5331060290336609,0.9750000238418579,0.9043950196355581,0.5081060286611319,0.9500000234693289,1.4066279296584132
Computer,step2_results\resampled\Computer\m1773_refined_simplified.obj,.obj,5106,9057,9057,triangles,0.02500000037252903,0.02500000037252903,0.02500000037252903,0.9750000238418579,0.477647989988327,0.7241889834403992,0.9500000234693289,0.452647989615798,0.6991889830678701,1.2634300460011356
Computer,step2_results\resampled\Computer\m1774_refined_simplified.obj,.obj,5100,10156,10156,triangles,0.025000000372529,0.02500000037252903,0.02500000037252902,0.9070780277252197,0.8537939786911011,0.9750000238418585,0.8820780273526907,0.828793978318572,0.9500000234693294,1.5386556305513155
Computer,step2_results\resampled\Computer\m1775_refined_simplified.obj,.obj,5102,10172,10172,triangles,0.02500000037252903,0.02500000037252903,0.02500000037252903,0.9750000238418579,0.6988540291786194,0.9505659937858582,0.9500000234693289,0.6738540288060904,0.9255659934133291,1.4877001394411198
Computer,step2_results\resampled\Computer\m1776_refined_simplified.obj,.obj,5103,10057,10057,triangles,0.025000000372529026,0.02500000037252903,0.025000000372529023,0.909483015537262,0.8528149724006653,0.9750000238418584,0.8844830151647329,0.8278149720281363,0.9500000234693293,1.5395089725690356
Computer,step2_results\resampled\Computer\m1777_refined_simplified.obj,.obj,5102,10172,10172,triangles,0.02500000037252903,0.02500000037252903,0.02500000037252903,0.9104160070419312,0.7365159988497658,0.9750000238418579,0.8854160066694021,0.7115159984772368,0.9500000234693289,1.4807824166794983
Computer,step2_results\resampled\Computer\m1778_kept.obj,.obj,5026,9528,9528,triangles,0.02500000037252903,0.02500000037252903,0.02500000037252903,0.9750000238418579,0.6991879940032959,0.9508489966392517,0.9500000234693289,0.6741879936307669,0.9258489962667227,1.4880275062093786
ComputerKeyboard,step2_results\resampled\ComputerKeyboard\D00116_refined_simplified.obj,.obj,5093,9716,9716,triangles,-25.3572006225586,-9.097649574279787,-0.46990001201629644,-7.590179920196533,-3.789050102233886,0.22646300494672594,17.767020702362068,5.308599472045901,0.6963630169630224,18.556216598330657
ComputerKeyboard,step2_results\resampled\ComputerKeyboard\D00127_refined_simplified.obj,.obj,5103,9531,9531,triangles,0.0,0.0,0.0,0.11429999768733978,0.43814998865127563,0.036336999386548996,0.11429999768733978,0.43814998865127563,0.036336999386548996,0.45426895067884276
ComputerKeyboard,step2_results\resampled\ComputerKeyboard\D00197_kept.obj,.obj,6384,12756,12756,triangles,1.377079963684082,2.1819701194763184,1.0076700448989868,6.047080039978027,3.8647098541259766,1.3558199405670166,4.670000076293945,1.6827397346496582,0.3481498956680298,4.976115159138494
ComputerKeyboard,step2_results\resampled\ComputerKeyboard\D00278_refined_simplified.obj,.obj,5153,9467,9467,triangles,0.2441370040178299,0.4077790081501007,-0.46990001201629666,63.862499237060554,20.77899932861328,2.0225698947906547,63.618362233042724,20.37122032046318,2.4924699068069516,66.84680274176041
ComputerKeyboard,step2_results\resampled\ComputerKeyboard\D00360_kept.obj,.obj,6193,11942,11942,triangles,0.0,-0.0006329999887384474,-1.3999999282532372e-05,0.4300000071525574,0.11633100360631943,0.01903500035405159,0.4300000071525574,0.11696400359505787,0.019049000353334122,0.44603077102666966
ComputerKeyboard,step2_results\resampled\ComputerKeyboard\D00382_simplified.obj,.obj,6432,10584,10584,triangles,0.28354600071907043,-0.5351870059967041,0.5722140073776245,0.77988201379776,-0.3732829988002777,0.6065430045127869,0.4963360130786896,0.1619040071964264,0.034328997135162354,0.523202470817384
ComputerKeyboard,step2_results\resampled\ComputerKeyboard\D00420_simplified.obj,.obj,6510,12681,12681,triangles,0.0,-0.242248997092247,0.0,0.47999998927116394,0.0,0.03999999910593033,0.47999998927116394,0.242248997092247,0.03999999910593033,0.5391517098377705
ComputerKeyboard,step2_results\resampled\ComputerKeyboard\D00493_refined_simplified.obj,.obj,5116,9947,9947,triangles,0.8054490089416504,0.21607300639152527,0.7369480133056641,1.069350004196167,0.7073060274124146,0.7712690234184265,0.2639009952545166,0.4912330210208893,0.03432101011276245,0.5586873436661995
ComputerKeyboard,step2_results\resampled\ComputerKeyboard\D00525_simplified.obj,.obj,6451,6790,6790,triangles,0.0,-0.014278000220656395,-0.0,46.0,13.82419204711914,1.589722990989685,46.0,13.838470047339797,1.589722990989685,48.06277637048449
ComputerKeyboard,step2_results\resampled\ComputerKeyboard\D00569_refined.obj,.obj,5490,10896,10896,triangles,1.1712639331817627,-0.7878479957580566,0.7769899964332581,1.3173140287399292,-0.41954800486564636,0.8015419840812683,0.1460500955581665,0.3682999908924103,0.024551987648010254,0.3969613505133303
ComputerKeyboard,step2_results\resampled\ComputerKeyboard\D00597_simplified.obj,.obj,6536,12758,12758,triangles,0.8903239965438843,0.8707129955291748,0.5199999809265137,1.0215239524841309,1.1504520177841187,0.542156994342804,0.13119995594024658,0.27973902225494385,0.022157013416290283,0.30977133865870204
ComputerKeyboard,step2_results\resampled\ComputerKeyboard\D00600_refined_simplified.obj,.obj,5147,8946,8946,triangles,0.8474159836769104,-0.0007999999797903001,0.004234000109136105,1.3054159879684448,0.1593949943780899,0.041276998817920685,0.4580000042915344,0.1601949943578802,0.03704299870878458,0.486619588489516
ComputerKeyboard,step2_results\resampled\ComputerKeyboard\D00627_kept.obj,.obj,6564,12702,12702,triangles,0.0,-0.0023539999965578318,0.0,0.44999998807907104,0.1661130040884018,0.04837600141763687,0.44999998807907104,0.16846700408495963,0.04837600141763687,0.4829299724076826
ComputerKeyboard,step2_results\resampled\ComputerKeyboard\D00654_refined_simplified.obj,.obj,5100,9828,9828,triangles,5.5083259858351195,-7.665221214294434,0.2710639785657274,13.26953125,13.435953140258793,2.8398561477661146,7.7612052641648805,21.101174354553226,2.568792169200387,22.62950639104399
ComputerKeyboard,step2_results\resampled\ComputerKeyboard\D00673_refined_simplified.obj,.obj,5106,9674,9674,triangles,-0.004999999888241291,-0.006405999884009361,0.0,0.453000009059906,0.15633000433444977,0.030750999227166176,0.4580000089481473,0.16273600421845913,0.030750999227166176,0.48702426964060275
ComputerKeyboard,step2_results\resampled\ComputerKeyboard\D00676_simplified.obj,.obj,6536,10088,10088,triangles,0.0,-0.18087300658226013,-0.1825210005044937,5.599999904632568,2.6895899772644043,0.17690600454807281,5.599999904632568,2.8704629838466644,0.35942700505256653,6.303074205931557
ComputerKeyboard,step2_results\resampled\ComputerKeyboard\D00692_refined_simplified.obj,.obj,5096,9094,9094,triangles,-3.6628499031066895,1.7523499727249146,-0.0031049998942762613,-3.254879951477051,1.9103400707244873,0.017511000856757164,0.40796995162963867,0.15799009799957275,0.020616000751033425,0.4379787346271174
ComputerKeyboard,step2_results\resampled\ComputerKeyboard\D00805_simplified.obj,.obj,6509,12565,12565,triangles,1.4707000255584717,-0.1317050009965897,-0.19156600534915924,153.01199340820312,51.3568000793457,18.185400009155273,151.54129338264465,51.48850508034229,18.376966014504433,161.10103238462335
ComputerKeyboard,step2_results\resampled\ComputerKeyboard\D00905_refined_simplified.obj,.obj,5100,10196,10196,triangles,-1.6109659671783447,1.8142049312591553,1.1841750144958496,-1.349153995513916,2.525576114654541,1.2125190496444702,0.2618119716644287,0.7113711833953857,0.028344035148620605,0.7585498358055807
ComputerKeyboard,step2_results\resampled\ComputerKeyboard\D00990_refined_simplified.obj,.obj,5095,9829,9829,triangles,0.0,0.0,0.0,0.44449999928474426,0.15240000188350677,0.04446199908852577,0.44449999928474426,0.15240000188350677,0.04446199908852577,0.47199881281755207
Cup,step2_results\resampled\Cup\D00035_refined_simplified.obj,.obj,5100,10162,10162,triangles,-1.2001099586486816,-1.0092300176620483,-0.8015519976615906,0.7412750124931335,0.9330180287361145,0.7700520157814026,1.9413849711418152,1.9422480463981628,1.5716040134429932,3.164054717444518
Cup,step2_results\resampled\Cup\D00067_refined_simplified.obj,.obj,5100,10196,10196,triangles,-0.9448760151863098,-0.249331995844841,-0.3536689877510071,0.694881021976471,0.4652099907398224,0.32250601053237915,1.6397570371627808,0.7145419865846634,0.6761749982833862,1.9122201807900563
Cup,step2_results\resampled\Cup\D00174_simplified.obj,.obj,9000,17996,17996,triangles,-0.845196008682251,-0.3269599974155426,-0.4767715036869049,0.6766799986362457,0.6249510049819946,0.4761280119419098,1.5218760073184967,0.9519110023975372,0.9528995156288147,2.0323037728210815
Cup,step2_results\resampled\Cup\D00206_refined_simplified.obj,.obj,5102,10124,10124,triangles,-0.5471410155296326,-0.8384159803390503,-0.659151017665863,0.914093017578125,0.5683130025863647,0.7415339946746826,1.4612340331077576,1.406728982925415,1.4006850123405457,2.464956355538607
Cup,step2_results\resampled\Cup\D00214_refined_simplified.obj,.obj,5100,10196,10196,triangles,-0.9886749982833862,-0.5175139904022217,-0.6329650282859802,0.601485013961792,0.7734119892120361,0.6592659950256348,1.5901600122451782,1.2909259796142578,1.292231023311615,2.421767901140735
Cup,step2_results\resampled\Cup\D00270_refined_simplified.obj,.obj,5105,10088,10088,triangles,-0.8593959808349609,-0.3070580065250397,-0.39406099915504456,0.7447069883346558,0.4746760129928589,0.3819870054721832,1.6041029691696167,0.7817340195178986,0.7760480046272278,1.9458943749485202
Cup,step2_results\resampled\Cup\D00328_refined_simplified.obj,.obj,5100,10196,10196,triangles,-0.7608749866485596,-0.43318700790405273,-0.3548220098018646,0.9086459875106812,0.28110501170158386,0.35658299922943115,1.6695209741592407,0.7142920196056366,0.7114050090312958,1.9502847123701548
Cup,step2_results\resampled\Cup\D00355_simplified.obj,.obj,6500,12996,12996,triangles,-0.6847950220108032,-0.3405529856681824,-0.25450998544692993,0.9549059867858887,0.2009579986333847,0.25516000390052795,1.639701008796692,0.5415109843015671,0.5096699893474579,1.8004491224162873
Cup,step2_results\resampled\Cup\D00363_refined_simplified.obj,.obj,5100,10196,10196,triangles,-0.5775229930877686,-0.49808499217033386,-0.641834020614624,0.9716640114784241,0.7473469972610474,0.6085410118103027,1.5491870045661926,1.2454319894313812,1.2503750324249268,2.348301287553924
Cup,step2_results\resampled\Cup\D00457_simplified.obj,.obj,9000,17996,17996,triangles,-0.8649590015411377,-0.2047329992055893,-0.30746200680732727,0.8331360220909119,0.4640370011329651,0.3072519898414612,1.6980950236320496,0.6687700003385544,0.6147139966487885,1.9257864160681701
Cup,step2_results\resampled\Cup\D00463_refined_simplified.obj,.obj,5100,10200,10200,triangles,-0.8958449959754944,-0.7439360022544861,-0.5788499712944031,0.6818860173225403,0.4980289936065674,0.6575319766998291,1.5777310132980347,1.2419649958610535,1.2363819479942322,2.3580399747656107
Cup,step2_results\resampled\Cup\D00519_refined_simplified.obj,.obj,5094,10155,10155,triangles,-1.075819969177246,-0.3548330068588257,-0.40552300214767456,0.6442850232124329,0.46709200739860535,0.3763819932937622,1.720104992389679,0.821925014257431,0.7819049954414368,2.0605089992043832
Cup,step2_results\resampled\Cup\D00550_simplified.obj,.obj,9002,17874,17874,triangles,-0.7142002508044243,-0.516739010810852,-0.3969149887561798,0.7747920155525208,0.3448140025138855,0.38018301129341125,1.488992266356945,0.8615530133247375,0.7770980000495911,1.8876580372834486
Cup,step2_results\resampled\Cup\D00587_simplified.obj,.obj,6500,12996,12996,triangles,-0.6653910279273987,-0.3473300039768219,-0.4799329936504364,1.0347599983215332,0.6020429730415344,0.4074670076370239,1.7001510262489319,0.9493729770183563,0.8874000012874603,2.1399302147109793
Cup,step2_results\resampled\Cup\D00638_kept.obj,.obj,6786,13568,13568,triangles,-0.5402680039405823,-0.3925060033798218,-0.46390798687934875,0.9602220058441162,0.5243909955024719,0.4539310038089752,1.5004900097846985,0.9168969988822937,0.917838990688324,1.983582312093653
Cup,step2_results\resampled\Cup\D00642_refined_simplified.obj,.obj,5099,10120,10120,triangles,-0.8354820013046265,-0.3016349971294403,-0.2827729880809784,0.9739099740982056,0.23607400059700012,0.25521400570869446,1.809391975402832,0.5377089977264404,0.5379869937896729,1.9627685274568127
Cup,step2_results\resampled\Cup\D00738_simplified.obj,.obj,9018,17732,17732,triangles,-1.023360013961792,-0.46656399965286255,-0.5221790075302124,0.6663010120391846,0.6601259708404541,0.5206279754638672,1.6896610260009766,1.1266899704933167,1.0428069829940796,2.2829435113857106
Cup,step2_results\resampled\Cup\D00843_simplified.obj,.obj,6500,12992,12992,triangles,-0.7838940024375916,-0.3297320008277893,-0.34797799587249756,0.7453749775886536,0.3774920105934143,0.35916998982429504,1.5292689800262451,0.7072240114212036,0.7071479856967926,1.8272623482347141
Cup,step2_results\resampled\Cup\D00874_refined_simplified.obj,.obj,5101,10121,10121,triangles,-0.757099986076355,-0.6885160207748413,-0.7583280205726624,0.7840319871902466,0.6870200037956238,0.615693986415863,1.5411319732666016,1.375536024570465,1.3740220069885254,2.480952153832174
Cup,step2_results\resampled\Cup\D00882_refined_simplified.obj,.obj,5100,10196,10196,triangles,-1.0525000095367432,-0.37904998660087585,-0.486175000667572,0.60446697473526,0.6370490193367004,0.4743959903717041,1.6569669842720032,1.0160990059375763,0.9605709910392761,2.1681082550603796
Cup,step2_results\resampled\Cup\m494_refined_simplified.obj,.obj,5100,10196,10196,triangles,0.02500000037252903,0.02500000037252903,0.02500000037252903,0.3425000011920929,0.3425000011920929,0.9750000238418579,0.31750000081956387,0.31750000081956387,0.9500000234693289,1.0507675982978213
Cup,step2_results\resampled\Cup\m495_refined.obj,.obj,5551,11000,11000,triangles,0.02500000037252903,0.02500000037252903,0.02500000037252903,0.7430520057678223,0.9750000238418579,0.7416340112686157,0.7180520053952932,0.9500000234693289,0.7166340108960867,1.3898428085999295
Cup,step2_results\resampled\Cup\m496_refined_simplified.obj,.obj,5101,10188,10188,triangles,0.02500000037252903,0.02500000037252903,0.02500000037252903,0.6397340297698975,0.9750000238418579,0.6120200157165527,0.6147340293973684,0.9500000234693289,0.5870200153440237,1.2747511403820544
Cup,step2_results\resampled\Cup\m497_refined_simplified.obj,.obj,5114,10033,10033,triangles,0.02500000037252903,0.02500000037252903,0.02500000037252903,0.41502898931503296,0.41502898931503296,0.9750000238418579,0.39002898894250393,0.39002898894250393,0.9500000234693289,1.0985195806278325
Cup,step2_results\resampled\Cup\m498_refined_simplified.obj,.obj,5110,10060,10060,triangles,0.02500000037252903,0.02500000037252903,0.02500000037252903,0.9750000238418579,0.8712440133094788,0.9750000238418579,0.9500000234693289,0.8462440129369497,0.9500000234693289,1.5878063542557963
Cup,step2_results\resampled\Cup\m499_refined_simplified.obj,.obj,5131,9942,9942,triangles,0.02500000037252903,0.02500000037252903,0.02500000037252903,0.7279030084609985,0.7279030084609985,0.9750000238418579,0.7029030080884695,0.7029030080884695,0.9500000234693289,1.375007389853365
Cup,step2_results\resampled\Cup\m500_refined_simplified.obj,.obj,5100,10196,10196,triangles,0.02500000037252903,0.02500000037252903,0.02500000037252903,0.9596400260925296,0.8968619704246522,0.9750000238418579,0.9346400257200006,0.8718619700521232,0.9500000234693289,1.5925436625388887
Cup,step2_results\resampled\Cup\m501_refined_simplified.obj,.obj,5109,9740,9740,triangles,0.02500000037252903,0.02500000037252903,0.02500000037252903,0.6775379776954651,0.9750000238418579,0.6775379776954651,0.6525379773229361,0.9500000234693289,0.6525379773229361,1.3244288083129054
Cup,step2_results\resampled\Cup\m502_refined_simplified.obj,.obj,5100,10196,10196,triangles,0.02500000037252903,0.02500000037252903,0.02500000037252903,0.6750069856643677,0.9750000238418579,0.6750069856643677,0.6500069852918386,0.9500000234693289,0.6500069852918386,1.3219372929334032
Cup,step2_results\resampled\Cup\m526_refined_simplified.obj,.obj,5098,10157,10157,triangles,0.02500000037252903,0.02500000037252903,0.02500000037252903,0.9750000238418579,0.6588940024375916,0.5,0.9500000234693289,0.6338940020650625,0.47499999962747097,1.2369101220751184
DeskLamp,step2_results\resampled\DeskLamp\D00048_refined_simplified.obj,.obj,5107,10114,10114,triangles,-1.1276899576187134,-0.5811160206794739,-0.6307880282402039,0.6057000160217285,0.6662920117378235,0.7312939763069153,1.733389973640442,1.2474080324172974,1.3620820045471191,2.53296959854782
DeskLamp,step2_results\resampled\DeskLamp\D00090_kept.obj,.obj,5696,11216,11216,triangles,-0.875,-0.6866179704666138,-0.2961370050907135,0.7351970076560974,0.7818149924278259,0.3096500039100647,1.6101970076560974,1.4684329628944397,0.6057870090007782,2.2618593391839603
DeskLamp,step2_results\resampled\DeskLamp\D00147_refined_simplified.obj,.obj,5106,10097,10097,triangles,-0.7252280116081238,-0.4070430099964142,-0.17111699283123016,0.9625179767608643,0.45221400260925293,0.18387499451637268,1.687745988368988,0.8592570126056671,0.35499198734760284,1.926870116548759
DeskLamp,step2_results\resampled\DeskLamp\D00257_refined_simplified.obj,.obj,5105,10158,10158,triangles,-0.9559630155563354,-0.3223020136356354,-0.3067089915275574,0.6312410235404968,0.39970800280570984,0.3022669851779938,1.5872040390968323,0.7220100164413452,0.6089759767055511,1.8469885938390118
DeskLamp,step2_results\resampled\DeskLamp\D00268_refined_simplified.obj,.obj,5098,10126,10126,triangles,-0.5991510152816772,-0.18746599555015564,-0.10420399904251099,0.974826991558075,0.11597800254821777,0.1093590036034584,1.5739780068397522,0.3034439980983734,0.2135630026459694,1.61712528336438
DeskLamp,step2_results\resampled\DeskLamp\D00330_simplified.obj,.obj,6523,12561,12561,triangles,-1.1827600002288818,-0.35316500067710876,-0.1911890059709549,0.5053989887237549,0.18129199743270874,0.18306399881839752,1.6881589889526367,0.5344569981098175,0.3742530047893524,1.8098592117631707
DeskLamp,step2_results\resampled\DeskLamp\D00378_refined_simplified.obj,.obj,5106,10056,10056,triangles,-0.9078670144081116,-0.2566460072994232,-0.5654929876327515,0.9464409947395325,0.7228410243988037,0.379831999540329,1.854308009147644,0.9794870316982269,0.9453249871730804,2.3003244052585035
DeskLamp,step2_results\resampled\DeskLamp\D00435_refined_simplified.obj,.obj,5103,10178,10178,triangles,-1.033460021018982,-0.38667500019073486,-0.35864999890327454,0.6936770081520081,0.5074520111083984,0.3509550094604492,1.72713702917099,0.8941270112991333,0.7096050083637238,2.0702668180124015
DeskLamp,step2_results\resampled\DeskLamp\D00455_simplified.obj,.obj,6504,12942,12942,triangles,-0.9345300197601318,-0.3609209954738617,-0.2534720003604889,0.666271984577179,0.26315099000930786,0.24361999332904816,1.6008020043373108,0.6240719854831696,0.49709199368953705,1.7886121296540218
DeskLamp,step2_results\resampled\DeskLamp\D00531_refined_simplified.obj,.obj,5141,10228,10228,triangles,-1.1528899669647217,-0.23651500046253204,-0.18632900714874268,0.6991469860076904,0.29675400257110596,0.19178900122642517,1.852036952972412,0.533269003033638,0.37811800837516785,1.964023913558445
DeskLamp,step2_results\resampled\DeskLamp\D00547_simplified.obj,.obj,9003,17916,17916,triangles,-0.9219650030136108,-0.4121354967355728,-0.565214991569519,0.7059875130653381,0.32886550575494766,0.20957699418067932,1.627952516078949,0.7410010024905205,0.7747919857501984,1.9492599881705037
DeskLamp,step2_results\resampled\DeskLamp\D00686_refined_simplified.obj,.obj,5107,10097,10097,triangles,-0.9296690225601196,-0.6197260022163391,-0.2993980050086975,0.912697970867157,0.859063982963562,0.3526419997215271,1.8423669934272766,1.4787899851799011,0.6520400047302246,2.4507737811775336
DeskLamp,step2_results\resampled\DeskLamp\D00693_refined_simplified.obj,.obj,5099,9978,9978,triangles,-1.0798699855804443,-0.23138000071048737,-0.3091210126876831,0.7807559967041016,0.4341000020503998,0.2732990086078644,1.860625982284546,0.6654800027608871,0.5824200212955475,2.060098483382012
DeskLamp,step2_results\resampled\DeskLamp\D00698_refined.obj,.obj,5456,9456,9456,triangles,-0.8875139951705933,-0.490664005279541,-0.2781499922275543,0.7669810056686401,0.360029011964798,0.35260000824928284,1.6544950008392334,0.850693017244339,0.6307500004768372,1.9644026777857493
DeskLamp,step2_results\resampled\DeskLamp\D00715_refined_simplified.obj,.obj,5100,10188,10188,triangles,-1.0124000310897827,-0.4248799979686737,-0.47413599491119385,0.7809669971466064,0.5873140096664429,0.46488600969314575,1.7933670282363892,1.0121940076351166,0.9390220046043396,2.2632861799138455
DeskLamp,step2_results\resampled\DeskLamp\D00744_simplified.obj,.obj,8941,16302,16302,triangles,-0.7855370044708252,-0.23603099584579468,-0.264957994222641,1.1457574963569641,0.2929910123348236,0.16792799532413483,1.9312945008277893,0.5290220081806183,0.4328859895467758,2.0486954419857053
DeskLamp,step2_results\resampled\DeskLamp\D00759_kept.obj,.obj,5891,11732,11732,triangles,-0.9029939770698547,-0.7567909955978394,-0.4995020031929016,0.9491750001907349,0.6989120244979858,0.542294979095459,1.8521689772605896,1.4557030200958252,1.0417969822883606,2.575838146186165
DeskLamp,step2_results\resampled\DeskLamp\D00776_refined_simplified.obj,.obj,5120,10058,10058,triangles,-1.008270025253296,-0.3787609934806824,-0.26802000403404236,0.694379985332489,0.32606399059295654,0.19686700403690338,1.702650010585785,0.7048249840736389,0.46488700807094574,1.900503945535324
DeskLamp,step2_results\resampled\DeskLamp\D00797_simplified.obj,.obj,9003,17960,17960,triangles,-0.7737450003623962,-0.68470299243927,-0.35179001092910767,0.8995779752731323,0.464711993932724,0.35309499502182007,1.6733229756355286,1.149414986371994,0.7048850059509277,2.148959623469159
DeskLamp,step2_results\resampled\DeskLamp\D00912_refined_simplified.obj,.obj,5103,10080,10080,triangles,-0.8266680240631104,-0.803363025188446,-0.3375619947910309,1.011549949645996,0.6715970039367676,0.31451499462127686,1.8382179737091064,1.4749600291252136,0.6520769894123077,2.44535412701418
DeskLamp,step2_results\resampled\DeskLamp\m603_refined_simplified.obj,.obj,5096,10148,10148,triangles,0.02500000037252903,0.02500000037252903,0.02500000037252903,0.5833219885826111,0.8465489745140076,0.9750000238418579,0.558321988210082,0.8215489741414785,0.9500000234693289,1.3744694263691355
DeskLamp,step2_results\resampled\DeskLamp\m604_refined_simplified.obj,.obj,5114,9847,9847,triangles,0.02500000037252903,0.02500000037252903,0.02500000037252903,0.6990600228309631,0.9750000238418579,0.1560560017824173,0.6740600224584341,0.9500000234693289,0.13105600140988827,1.1721913811208213
DeskLamp,step2_results\resampled\DeskLamp\m605_refined_simplified.obj,.obj,5008,9425,9425,triangles,0.02500000037252903,0.02500000037252903,0.02500000037252903,0.5020769834518433,0.9750000238418579,0.8368669748306274,0.47707698307931423,0.9500000234693289,0.8118669744580984,1.3376212007109982
DeskLamp,step2_results\resampled\DeskLamp\m606_refined_simplified.obj,.obj,5092,10053,10053,triangles,0.02500000037252903,0.02500000037252903,0.02500000037252903,0.8386359810829163,0.9750000238418579,0.4589869976043701,0.8136359807103872,0.9500000234693289,0.4339869972318411,1.3239517617589356
DeskLamp,step2_results\resampled\DeskLamp\m608_refined_simplified.obj,.obj,5083,9997,9997,triangles,0.02500000037252903,0.02500000037252903,0.02500000037252903,0.759984016418457,0.9081900119781494,0.9750000238418579,0.734984016045928,0.8831900116056204,0.9500000234693289,1.4908809962685359
DeskLamp,step2_results\resampled\DeskLamp\m609_refined_simplified.obj,.obj,5102,10151,10151,triangles,0.02500000037252903,0.02500000037252903,0.02500000037252903,0.21256400644779205,0.7206760048866272,0.9750000238418579,0.18756400607526302,0.6956760045140982,0.9500000234693289,1.1923277251760214
DeskLamp,step2_results\resampled\DeskLamp\m611_refined_simplified.obj,.obj,5103,10047,10047,triangles,0.02500000037252903,0.02500000037252903,0.02500000037252903,0.8440150022506714,0.9750000238418579,0.4589320123195648,0.8190150018781424,0.9500000234693289,0.4339320119470358,1.3272462502812283
DeskLamp,step2_results\resampled\DeskLamp\m613_refined_simplified.obj,.obj,5110,9926,9926,triangles,0.02500000037252903,0.02500000037252903,0.02500000037252903,0.9750000238418579,0.9345359802246094,0.29802098870277405,0.9500000234693289,0.9095359798520803,0.273020988330245,1.3432409327094053
DeskLamp,step2_results\resampled\DeskLamp\m614_refined.obj,.obj,5466,10944,10944,triangles,0.02500000037252903,0.02500000037252903,0.02500000037252903,0.3960619866847992,0.9750000238418579,0.9197180271148682,0.37106198631227016,0.9500000234693289,0.8947180267423391,1.3567267188551413
DeskLamp,step2_results\resampled\DeskLamp\m615_refined_simplified.obj,.obj,5101,10163,10163,triangles,0.02500000037252903,0.02500000037252903,0.02500000037252903,0.8634949922561646,0.7473340034484863,0.9750000238418579,0.8384949918836355,0.7223340030759573,0.9500000234693289,1.4585404718434798
DeskLamp,step2_results\resampled\DeskLamp\m616_simplified.obj,.obj,9003,17964,17964,triangles,0.02500000037252903,0.02500000037252903,0.02500000037252903,0.7734169960021973,0.9750000238418579,0.4428879916667938,0.7484169956296682,0.9500000234693289,0.4178879912942648,1.2795539915169738
DeskPhone,step2_results\resampled\DeskPhone\D00118_simplified.obj,.obj,9105,15276,15276,triangles,-0.7757164835929871,-0.727948009967804,-0.2200700044631958,0.8978989720344543,0.5917519927024841,0.2187570035457611,1.6736154556274414,1.319700002670288,0.4388270080089569,2.1760436423291467
DeskPhone,step2_results\resampled\DeskPhone\D00135_refined_simplified.obj,.obj,5114,9603,9603,triangles,-0.8473219871520996,-0.5330929756164551,-0.2107270061969757,0.8843039870262146,0.7656369805335999,0.14376099407672882,1.7316259741783142,1.298729956150055,0.35448800027370453,2.193374057425812
DeskPhone,step2_results\resampled\DeskPhone\D00154_simplified.obj,.obj,9024,17792,17792,triangles,-0.6331790089607239,-0.6371060013771057,-0.13165399432182312,0.9677450060844421,0.4290499985218048,0.10694800317287445,1.600924015045166,1.0661559998989105,0.23860199749469757,1.9381891629243106
DeskPhone,step2_results\resampled\DeskPhone\D00220_refined_simplified.obj,.obj,5107,10146,10146,triangles,-0.7379649877548218,-0.674884021282196,-0.3771249949932098,0.7481979727745056,0.508508026599884,0.4982210099697113,1.4861629605293274,1.18339204788208,0.8753460049629211,2.0917284031738883
DeskPhone,step2_results\resampled\DeskPhone\D00316_simplified.obj,.obj,9029,17708,17708,triangles,-0.6286420226097107,-0.5935249924659729,-0.28626400232315063,0.8118739724159241,0.701570987701416,0.24497300386428833,1.4405159950256348,1.295095980167389,0.531237006187439,2.0086245758014156
DeskPhone,step2_results\resampled\DeskPhone\D00318_refined_simplified.obj,.obj,5104,10076,10076,triangles,-0.714040994644165,-0.6606209874153137,-0.5206000208854675,0.810841977596283,0.6141369938850403,0.27083900570869446,1.524882972240448,1.274757981300354,0.791439026594162,2.1393110392680468
DeskPhone,step2_results\resampled\DeskPhone\D00403_simplified.obj,.obj,9022,17844,17844,triangles,-1.148294985294342,-0.46650001406669617,-0.3000563755631447,0.5420269966125488,0.5794987380504608,0.8230050206184387,1.6903219819068909,1.045998752117157,1.1230613961815834,2.283105054863139
DeskPhone,step2_results\resampled\DeskPhone\D00486_refined_simplified.obj,.obj,5109,10134,10134,triangles,-0.7543179988861084,-0.6371859908103943,-0.3784410059452057,0.9684479832649231,0.4942989945411682,0.2915230095386505,1.7227659821510315,1.1314849853515625,0.6699640154838562,2.167263870269628
DeskPhone,step2_results\resampled\DeskPhone\D00511_simplified.obj,.obj,9022,17341,17341,triangles,-0.897367000579834,-0.3492790013551712,-0.11976150050759315,0.7224699854850769,0.2596855014562607,0.2641870081424713,1.6198369860649109,0.6089645028114319,0.38394850865006447,1.7726043225725354
DeskPhone,step2_results\resampled\DeskPhone\D00556_refined_simplified.obj,.obj,5107,10150,10150,triangles,-0.8514339923858643,-0.4973190128803253,-0.4308330117077863,0.8371269702911377,0.9180880188941956,0.25561100244522095,1.688560962677002,1.4154070317745209,0.6864440141530073,2.307773943617515
DeskPhone,step2_results\resampled\DeskPhone\D00576_simplified.obj,.obj,9000,17746,17746,triangles,-0.7553449869155884,-0.47359699010849,-0.1796109974384308,0.8199210166931152,0.4710470139980316,0.19713200628757477,1.5752660036087036,0.9446440041065216,0.37674300372600555,1.875033484361341
DeskPhone,step2_results\resampled\DeskPhone\D00680_refined_simplified.obj,.obj,5104,9875,9875,triangles,-0.7780399918556213,-0.4986580014228821,-0.2221429944038391,0.7777760028839111,0.8488730192184448,0.19151100516319275,1.5558159947395325,1.347531020641327,0.41365399956703186,2.099407748017478
DeskPhone,step2_results\resampled\DeskPhone\D00706_simplified.obj,.obj,12487,8972,8972,triangles,-0.7790210247039795,-0.573701024055481,-0.2731045037508011,0.7616099938750267,0.7566735148429871,0.2116450071334839,1.5406310185790062,1.330374538898468,0.484749510884285,2.0924680254330412
DeskPhone,step2_results\resampled\DeskPhone\D00773_simplified.obj,.obj,8987,17410,17410,triangles,-0.7060610055923462,-0.5676670074462891,-0.1734199970960617,0.8652780055999756,0.5293930172920227,0.19506199657917023,1.5713390111923218,1.0970600247383118,0.36848199367523193,1.9515188868254805
DeskPhone,step2_results\resampled\DeskPhone\D00829_refined_simplified.obj,.obj,5105,10162,10162,triangles,-0.9056900143623352,-0.9103519916534424,-0.4385719895362854,0.924360990524292,0.7959840297698975,0.122189000248909,1.8300510048866272,1.7063360214233398,0.5607609897851944,2.564200106496811
DeskPhone,step2_results\resampled\DeskPhone\D00894_refined_simplified.obj,.obj,5105,10116,10116,triangles,-1.012120008468628,-0.5940930247306824,-0.5424619916421712,0.5680620074272156,0.6960470080375671,0.2876569926738739,1.5801820158958435,1.2901400327682495,0.8301189843160451,2.2023927977619735
DeskPhone,step2_results\resampled\DeskPhone\D00897_simplified.obj,.obj,9020,17822,17822,triangles,-1.019095003604889,-0.5898140072822571,-0.24195949733257294,0.8700870275497437,0.3537580072879791,0.16519400477409363,1.8891820311546326,0.9435720145702362,0.40715350210666656,2.1506070928450414
DeskPhone,step2_results\resampled\DeskPhone\D00899_simplified.obj,.obj,9002,17916,17916,triangles,-0.7145339846611023,-0.7120530009269714,-0.2505030035972595,0.7796357423067093,0.7003224790096283,0.2551319897174835,1.4941697269678116,1.4123754799365997,0.505634993314743,2.117313017902078
DeskPhone,step2_results\resampled\DeskPhone\D00957_simplified.obj,.obj,8952,17734,17734,triangles,-0.6278529763221741,-0.6148750185966492,-0.2310200035572052,0.8995569944381714,0.6289529800415039,0.2172430008649826,1.5274099707603455,1.243827998638153,0.4482630044221878,2.020155694521568
DeskPhone,step2_results\resampled\DeskPhone\D00958_simplified.obj,.obj,9074,12558,12558,triangles,-0.8784670233726501,-0.707485020160675,-0.3792800009250641,0.8406909704208374,0.8248310089111328,0.26497599482536316,1.7191579937934875,1.5323160290718079,0.6442559957504272,2.391351586161018
Door,step2_results\resampled\Door\D01005_kept.obj,.obj,6040,11440,11440,triangles,0.02500000037252903,0.02500000037252903,0.02500000037252903,0.4339599907398224,0.9750000238418579,0.0854324996471405,0.40895999036729336,0.9500000234693289,0.06043249927461147,1.036050387424047
Door,step2_results\resampled\Door\D01029_refined_simplified.obj,.obj,5099,10173,10173,triangles,0.02500000037252903,0.02500000037252903,0.02500000037252903,0.5452529788017273,0.9750000238418579,0.28194499015808105,0.5202529784291983,0.9500000234693289,0.256944989785552,1.1131863877770312
Door,step2_results\resampled\Door\D01052_refined_simplified.obj,.obj,5102,10163,10163,triangles,0.02500000037252903,0.02500000037252903,0.02500000037252903,0.1888670027256012,0.9750000238418584,0.5036649703979494,0.16386700235307217,0.9500000234693293,0.4786649700254204,1.0763236467630657
Door,step2_results\resampled\Door\D01058_refined_simplified.obj,.obj,5096,9759,9759,triangles,0.02500000037252903,0.02500000037252903,0.02500000037252903,0.5216950178146362,0.9750000238418579,0.11577700078487396,0.4966950174421072,0.9500000234693289,0.09077700041234493,1.0758468519019813
Door,step2_results\resampled\Door\D01062_refined_simplified.obj,.obj,5109,9930,9930,triangles,0.02500000037252903,0.02500000037252903,0.02500000037252903,0.8574349880218506,0.9750000238418579,0.1041250005364418,0.8324349876493216,0.9500000234693289,0.07912500016391277,1.2655863537923402
Door,step2_results\resampled\Door\D01076_refined_simplified.obj,.obj,5099,10218,10218,triangles,0.02500000037252903,0.02500000037252903,0.02500000037252903,0.4767319858074188,0.9750000238418582,0.08916699886322021,0.4517319854348898,0.9500000234693292,0.06416699849069118,1.0538876766297147
Door,step2_results\resampled\Door\D01104_refined_simplified.obj,.obj,5100,10140,10140,triangles,0.02500000037252903,0.02500000037252903,0.02500000037252903,0.4856320023536682,0.9750000238418579,0.06701630353927612,0.4606320019811392,0.9500000234693289,0.04201630316674709,1.056620677240739
Door,step2_results\resampled\Door\D01114_refined.obj,.obj,5266,10480,10480,triangles,0.02500000037252903,0.02500000037252903,0.02500000037252903,0.6092240214347839,0.9750000238418579,0.21450799703598022,0.5842240210622549,0.9500000234693289,0.1895079966634512,1.1312519755462398
Door,step2_results\resampled\Door\D01121_refined_simplified.obj,.obj,5115,10060,10060,triangles,0.02500000037252903,0.02500000037252903,0.02500000037252903,0.5678570270538331,0.9750000238418579,0.052142899483442307,0.5428570266813041,0.9500000234693289,0.027142899110913277,1.0945001292741525
Door,step2_results\resampled\Door\D01129_refined_simplified.obj,.obj,5132,8947,8947,triangles,0.02500000037252903,0.02500000037252903,0.02500000037252903,0.47684600949287415,0.9750000238418581,0.1209930032491684,0.4518460091203451,0.9500000234693291,0.09599300287663937,1.0563519854437646
Door,step2_results\resampled\Door\D01136_refined_simplified.obj,.obj,5093,10048,10048,triangles,0.02500000037252903,0.02500000037252903,0.02500000037252903,0.547012984752655,0.9750000238418579,0.11973199993371964,0.522012984380126,0.9500000234693289,0.0947319995611906,1.0881046604964215
Door,step2_results\resampled\Door\D01139_refined_simplified.obj,.obj,5130,9795,9795,triangles,0.02500000037252903,0.02500000037252903,0.02500000037252903,0.5,0.9750000238418579,0.056666698306798935,0.47499999962747097,0.9500000234693289,0.031666697934269905,1.0626042649998555
Door,step2_results\resampled\Door\D01141_refined_simplified.obj,.obj,5099,9515,9515,triangles,0.02500000037252903,0.025000000372529026,0.02500000037252903,0.48634999990463257,0.9750000238418579,0.13516899943351746,0.46134999953210354,0.9500000234693289,0.11016899906098843,1.0618291176145516
Door,step2_results\resampled\Door\D01143_refined_simplified.obj,.obj,5100,10176,10176,triangles,0.02500000037252903,0.02500000037252903,0.025000000372528943,0.5556229948997504,0.9750000238418585,0.07763750106096268,0.5306229945272214,0.9500000234693294,0.05263750068843373,1.0894179700149464
Door,step2_results\resampled\Door\D01144_refined_simplified.obj,.obj,5112,9832,9832,triangles,0.02500000037252903,0.02500000037252903,0.02500000037252903,0.32038000226020813,0.9750000238418579,0.1041250005364418,0.2953800018876791,0.9500000234693289,0.07912500016391277,0.9980030840422438
Door,step2_results\resampled\Door\D01155_refined_simplified.obj,.obj,5121,9748,9748,triangles,0.02500000037252903,0.02500000037252903,0.02500000037252903,0.9509649872779846,0.9750000238418581,0.15806999802589417,0.9259649869054556,0.9500000234693291,0.13306999765336514,1.3332737250249902
Door,step2_results\resampled\Door\D01158_refined_simplified.obj,.obj,5098,10210,10210,triangles,0.02500000037252903,0.025000000372529026,0.02500000037252903,0.5666159987449648,0.9750000238418584,0.12540200352668762,0.5416159983724358,0.9500000234693293,0.10040200315415859,1.0981477571447589
Door,step2_results\resampled\Door\D01167_refined_simplified.obj,.obj,5126,9728,9728,triangles,0.02500000037252903,0.02500000037252903,0.02500000037252903,0.6157600283622742,0.9750000238418579,0.1041250005364418,0.5907600279897451,0.9500000234693289,0.07912500016391277,1.1214982037048071
Door,step2_results\resampled\Door\D01177_refined_simplified.obj,.obj,5088,9878,9878,triangles,0.02500000037252903,0.02500000037252903,0.02500000037252903,0.47583699226379395,0.9750000238418579,0.09053999930620193,0.4508369918912649,0.9500000234693289,0.0655399989336729,1.0535888805931446
Door,step2_results\resampled\Door\D01194_refined_simplified.obj,.obj,5058,9851,9851,triangles,0.02500000037252903,0.02500000037252903,0.02500000037252903,0.03732379898428917,0.9750000238418579,0.5280470252037048,0.01232379861176014,0.9500000234693289,0.5030470248311758,1.0750387108357755
Door,step2_results\resampled\Door\m1707_refined_simplified.obj,.obj,5097,10172,10172,triangles,0.02500000037252903,0.02500000037252903,0.02500000037252903,0.5452529788017273,0.9750000238418579,0.28194499015808105,0.5202529784291983,0.9500000234693289,0.256944989785552,1.1131863877770312
Door,step2_results\resampled\Door\m1708_refined_simplified.obj,.obj,5086,10043,10043,triangles,0.025000000372529026,0.02500000037252903,0.025000000372529002,0.567857027053833,0.9750000238418584,0.052143000066280365,0.542857026681304,0.9500000234693293,0.027142999693751363,1.0945001317685472
Door,step2_results\resampled\Door\m1710_refined_simplified.obj,.obj,5103,10146,10146,triangles,0.02500000037252903,0.02500000037252903,0.02500000037252903,0.54442298412323,0.9750000238418579,0.11999800056219101,0.519422983750701,0.9500000234693289,0.09499800018966198,1.086887713004541
Door,step2_results\resampled\Door\m1711_refined_simplified.obj,.obj,5108,9799,9799,triangles,0.02500000037252903,0.02500000037252903,0.02500000037252903,0.32038000226020813,0.9750000238418579,0.1041250005364418,0.2953800018876791,0.9500000234693289,0.07912500016391277,0.9980030840422438
Door,step2_results\resampled\Door\m1712_refined_simplified.obj,.obj,5099,10218,10218,triangles,0.02500000037252903,0.02500000037252903,0.02500000037252903,0.4767319858074189,0.9750000238418579,0.08916699886322021,0.45173198543488985,0.9500000234693289,0.06416699849069118,1.0538876766297143
Door,step2_results\resampled\Door\m1713_kept.obj,.obj,6040,11440,11440,triangles,0.02500000037252903,0.02500000037252903,0.02500000037252903,0.4339599907398224,0.9750000238418579,0.08543200045824051,0.40895999036729336,0.9500000234693289,0.06043200008571148,1.0360503583066325
Door,step2_results\resampled\Door\m1714_refined_simplified.obj,.obj,5095,10126,10126,triangles,0.02500000037252903,0.02500000037252903,0.02500000037252903,0.4856320023536682,0.9750000238418579,0.06701599806547165,0.4606320019811392,0.9500000234693289,0.04201599769294262,1.0566206650936802
Door,step2_results\resampled\Door\m1715_refined_simplified.obj,.obj,5102,10166,10166,triangles,0.02500000037252903,0.025000000372529026,0.02500000037252903,0.1888670027256012,0.975000023841858,0.5036649703979492,0.16386700235307217,0.950000023469329,0.4786649700254202,1.0763236467630652
Door,step2_results\resampled\Door\m1716_refined_simplified.obj,.obj,5102,9530,9530,triangles,0.02500000037252903,0.02500000037252903,0.02500000037252903,0.48634999990463257,0.9750000238418579,0.13516899943351746,0.46134999953210354,0.9500000234693289,0.11016899906098843,1.0618291176145516
Door,step2_results\resampled\Door\m1717_refined_simplified.obj,.obj,5101,9759,9759,triangles,0.02500000037252903,0.025000000372529026,0.02500000037252903,0.5216950178146362,0.9750000238418579,0.11577700078487396,0.4966950174421072,0.9500000234693289,0.09077700041234493,1.0758468519019813
Door,step2_results\resampled\Door\m1718_refined_simplified.obj,.obj,5131,8930,8930,triangles,0.02500000037252903,0.02500000037252903,0.02500000037252903,0.47684600949287415,0.975000023841858,0.1209930032491684,0.4518460091203451,0.950000023469329,0.09599300287663937,1.0563519854437644
Door,step2_results\resampled\Door\m1720_refined_simplified.obj,.obj,5089,10053,10053,triangles,0.02500000037252903,0.02500000037252903,0.02500000037252903,0.547012984752655,0.9750000238418579,0.11973199993371964,0.522012984380126,0.9500000234693289,0.0947319995611906,1.0881046604964215
Door,step2_results\resampled\Door\m1721_refined_simplified.obj,.obj,5098,10210,10210,triangles,0.025000000372529026,0.02500000037252903,0.025000000372529026,0.5666159987449647,0.9750000238418581,0.12540200352668762,0.5416159983724357,0.9500000234693291,0.10040200315415859,1.0981477571447587
Door,step2_results\resampled\Door\m1722_refined.obj,.obj,5266,10480,10480,triangles,0.02500000037252903,0.02500000037252903,0.02500000037252903,0.6092240214347839,0.9750000238418579,0.21450799703598022,0.5842240210622549,0.9500000234693289,0.1895079966634512,1.1312519755462398
Door,step2_results\resampled\Door\m1723_refined_simplified.obj,.obj,5112,9930,9930,triangles,0.02500000037252903,0.02500000037252903,0.02500000037252903,0.8574349880218506,0.9750000238418579,0.1041250005364418,0.8324349876493216,0.9500000234693289,0.07912500016391277,1.2655863537923402
Door,step2_results\resampled\Door\m1724_refined_simplified.obj,.obj,5123,9731,9731,triangles,0.02500000037252903,0.02500000037252903,0.02500000037252903,0.6157600283622742,0.9750000238418579,0.1041250005364418,0.5907600279897451,0.9500000234693289,0.07912500016391277,1.1214982037048071
Door,step2_results\resampled\Door\m1725_refined_simplified.obj,.obj,5100,10175,10175,triangles,0.02500000037252903,0.02500000037252903,0.02500000037252903,0.9750000238418579,0.9537230134010315,0.21077899634838104,0.9500000234693289,0.9287230130285025,0.185778995975852,1.3414694610263258
Door,step2_results\resampled\Door\m1726_refined_simplified.obj,.obj,5119,9748,9748,triangles,0.02500000037252903,0.02500000037252903,0.02500000037252903,0.9509649872779846,0.9750000238418579,0.15806999802589417,0.9259649869054556,0.9500000234693289,0.13306999765336514,1.33327372502499
Door,step2_results\resampled\Door\m1727_refined_simplified.obj,.obj,5110,10104,10104,triangles,0.02500000037252903,0.02500000037252903,0.02500000037252903,0.7560790181159973,0.9750000238418579,0.12194500118494034,0.7310790177434683,0.9500000234693289,0.09694500081241131,1.2026532783637178
Door,step2_results\resampled\Door\m1728_refined_simplified.obj,.obj,5109,9888,9888,triangles,0.02500000037252903,0.02500000037252903,0.025000000372529026,0.9750000238418579,0.972989022731781,0.11952999979257584,0.9500000234693289,0.947989022359252,0.0945299994200468,1.345406686431924
Door,step2_results\resampled\Door\m1729_refined_simplified.obj,.obj,5106,10104,10104,triangles,0.02500000037252903,0.02500000037252903,0.02500000037252903,0.691336989402771,0.9750000238418579,0.19056899845600128,0.666336989030242,0.9500000234693289,0.16556899808347225,1.1721425342798455
Door,step2_results\resampled\Door\m1730_refined_simplified.obj,.obj,5106,10104,10104,triangles,0.02500000037252903,0.02500000037252903,0.02500000037252903,0.691336989402771,0.9750000238418579,0.19056899845600128,0.666336989030242,0.9500000234693289,0.16556899808347225,1.1721425342798455
Door,step2_results\resampled\Door\m1731_refined_simplified.obj,.obj,5089,10314,10314,triangles,0.02500000037252903,0.02500000037252903,0.02500000037252903,0.9750000238418582,0.9355159997940065,0.13636299967765808,0.9500000234693292,0.9105159994214774,0.11136299930512905,1.320583638929565
Door,step2_results\resampled\Door\m1732_refined_simplified.obj,.obj,5107,10102,10102,triangles,0.02500000037252903,0.02500000037252903,0.02500000037252903,0.9750000238418579,0.8742859959602356,0.10500799864530563,0.9500000234693289,0.8492859955877066,0.0800079982727766,1.2767881682882027
Drum,step2_results\resampled\Drum\D00026_kept.obj,.obj,5506,10641,10641,triangles,-0.16276200115680695,-0.17166399955749512,-0.0012150000547990203,0.16443100571632385,0.1500609964132309,0.7049999833106995,0.3271930068731308,0.321724995970726,0.7062149833654985,0.8422005933914887
Drum,step2_results\resampled\Drum\D00063_refined_simplified.obj,.obj,5104,10145,10145,triangles,0.8222569823265076,0.45409199595451355,0.5127630233764648,1.577929973602295,1.2097699642181396,1.0890300273895264,0.7556729912757874,0.7556779682636261,0.5762670040130615,1.2141558884166925
Drum,step2_results\resampled\Drum\D00115_refined_simplified.obj,.obj,5100,10196,10196,triangles,0.5382480025291443,-0.41518598794937134,-0.27133798599243164,1.7513620853424072,0.6859890222549438,0.4279389977455139,1.213114082813263,1.1011750102043152,0.6992769837379456,1.7813535530612605
Drum,step2_results\resampled\Drum\D00163_simplified.obj,.obj,5988,9267,9267,triangles,0.9732300043106079,-0.017525000497698784,0.0,1.7365800142288208,0.7489280104637146,0.6588129997253418,0.7633500099182129,0.7664530109614134,0.6588129997253418,1.266565444128749
Drum,step2_results\resampled\Drum\D00189_refined_simplified.obj,.obj,5100,10196,10196,triangles,1.8151999711990356,0.8700299859046936,0.4449999928474426,2.2151999473571777,1.2700300216674805,1.1549999713897705,0.3999999761581421,0.40000003576278687,0.7099999785423279,0.9077995258132993
Drum,step2_results\resampled\Drum\D00193_refined_simplified.obj,.obj,5054,10053,10053,triangles,0.25154200196266174,0.27234798669815063,-0.017463000491261482,1.0072189569473267,1.0280250310897827,1.0890250205993652,0.7556769549846649,0.7556770443916321,1.1064880210906267,1.5383144010677463
Drum,step2_results\resampled\Drum\D00297_kept.obj,.obj,5561,10366,10366,triangles,1.0972299575805664,0.43918099999427795,-0.000222920993110165,1.6820499897003174,0.9678940176963806,0.6736159920692444,0.584820032119751,0.5287130177021027,0.6738389130623545,1.0371165825563036
Drum,step2_results\resampled\Drum\D00298_refined_simplified.obj,.obj,5107,10134,10134,triangles,-0.41134101152420044,0.7002019882202148,0.0,0.32115501165390015,1.4315710067749023,1.2509499788284302,0.7324960231781006,0.7313690185546875,1.2509499788284302,1.6236769736632435
Drum,step2_results\resampled\Drum\D00308_refined_simplified.obj,.obj,5119,9534,9534,triangles,0.457612007856369,0.32635900378227234,0.0,1.4990119934082031,1.3677589893341064,0.7683500051498413,1.041399985551834,1.041399985551834,0.7683500051498413,1.6611410506722426
Drum,step2_results\resampled\Drum\D00375_refined_simplified.obj,.obj,5134,8886,8886,triangles,-0.015297000296413898,-0.43946900963783264,-0.008624999783933163,0.5010160207748413,0.4612810015678406,0.6071760058403015,0.5163130210712552,0.9007500112056732,0.6158010056242347,1.2071207880500467
Drum,step2_results\resampled\Drum\D00383_refined_simplified.obj,.obj,5093,9869,9869,triangles,3.710330009460449,0.3583829998970032,1.968500018119812,4.370729923248291,1.018779993057251,2.4384000301361084,0.6603999137878418,0.6603969931602478,0.4699000120162964,1.0454942639723093
Drum,step2_results\resampled\Drum\D00404_refined.obj,.obj,5264,10416,10416,triangles,13.758994102478027,11.728424072265625,-0.06984999775886536,15.762962341308594,13.732392311096191,2.4130001068115234,2.0039682388305664,2.0039682388305664,2.482850104570389,3.767800690887
Drum,step2_results\resampled\Drum\D00551_refined_simplified.obj,.obj,5098,10121,10121,triangles,2.5080199241638184,1.0119019746780396,0.0,3.1649670600891113,2.4640579223632812,1.4521560668945312,0.656947135925293,1.4521559476852417,1.4521560668945312,2.1561757067587655
Drum,step2_results\resampled\Drum\D00557_refined_simplified.obj,.obj,5132,9851,9851,triangles,-0.03087100014090538,0.10606899857521057,-0.02539999969303608,0.5087170004844666,0.7990670204162598,0.6603999733924866,0.5395880006253719,0.6929980218410492,0.6857999730855227,1.1143262860484793
Drum,step2_results\resampled\Drum\D00596_refined_simplified.obj,.obj,5098,10003,10003,triangles,-2.2903571128845215,-2.2903571128845215,-3.4840190410614387,2.2903571128845215,2.2903571128845215,3.037767887115481,4.580714225769043,4.580714225769043,6.52178692817692,9.19236587461928
Drum,step2_results\resampled\Drum\D00709_refined_simplified.obj,.obj,5100,10196,10196,triangles,1.7389299869537354,1.3499699831008911,0.3043909966945648,1.9915399551391602,1.6025800704956055,0.3805910050868988,0.2526099681854248,0.25261008739471436,0.07620000839233398,0.3652808420369159
Drum,step2_results\resampled\Drum\D00939_kept.obj,.obj,5390,10532,10532,triangles,-0.1488019973039627,-0.14436499774456024,0.0,0.13704900443553925,0.14812800288200378,0.26276201009750366,0.28585100173950195,0.292493000626564,0.26276201009750366,0.48611400366733787
Drum,step2_results\resampled\Drum\D00951_simplified.obj,.obj,6533,12663,12663,triangles,1.6658310890197754,0.8283900022506714,0.39257100224494934,2.1844239234924316,1.3231689929962158,0.940617024898529,0.5185928344726562,0.49477899074554443,0.5480460226535797,0.9022744707659479
Drum,step2_results\resampled\Drum\D00980_kept.obj,.obj,5653,11181,11181,triangles,0.0,0.0,0.0,0.5834000110626221,0.5834000110626221,0.9577999711036682,0.5834000110626221,0.5834000110626221,0.9577999711036682,1.2641566083606584
Drum,step2_results\resampled\Drum\D00982_refined_simplified.obj,.obj,5082,9994,9994,triangles,-0.15966300666332245,-0.08096300065517426,-0.020004000514745712,0.002263000002130866,0.08096300065517426,0.02032499946653843,0.16192600666545331,0.1619260013103485,0.04032899998128414,0.2325220199776138
Fish,step2_results\resampled\Fish\D00012_refined_simplified.obj,.obj,5117,8531,8531,triangles,-1.0551799535751343,-0.3913689851760864,-0.3338780105113983,0.7133820056915283,0.3932049870491028,0.30196699500083923,1.7685619592666626,0.7845739722251892,0.6358450055122375,2.0365820859207235
Fish,step2_results\resampled\Fish\D00022_refined_simplified.obj,.obj,5107,8645,8645,triangles,-1.1357200145721436,-0.3725129961967468,-0.25346800684928894,0.6867730021476746,0.440885990858078,0.2412859946489334,1.8224930167198181,0.8133989870548248,0.49475400149822235,2.0561809818527212
Fish,step2_results\resampled\Fish\D00024_refined_simplified.obj,.obj,5105,8710,8710,triangles,-1.102370023727417,-0.25495800375938416,-0.2722499966621399,0.6791449785232544,0.31252598762512207,0.25220298767089844,1.7815150022506714,0.5674839913845062,0.5244529843330383,1.9418765966192935
Fish,step2_results\resampled\Fish\D00030_refined_simplified.obj,.obj,5102,8723,8723,triangles,-0.6926169991493225,-0.3079409897327423,-0.19426199793815613,1.0605299472808838,0.3369869887828827,0.1975730061531067,1.7531469464302063,0.644927978515625,0.3918350040912628,1.9086620925876343
Fish,step2_results\resampled\Fish\D00142_refined_simplified.obj,.obj,5155,9312,9312,triangles,-0.5874189734458923,-0.5274080038070679,-0.3367069959640503,1.1075899600982666,0.4439859986305237,0.3016580045223236,1.695008933544159,0.9713940024375916,0.6383650004863739,2.0552789267182687
Fish,step2_results\resampled\Fish\D00165_refined_simplified.obj,.obj,5113,8634,8634,triangles,-0.7215660214424133,-0.2896760106086731,-0.30052798986434937,1.0558700561523438,0.333963006734848,0.3154189884662628,1.777436077594757,0.6236390173435211,0.6159469783306122,1.98181616554191
Fish,step2_results\resampled\Fish\D00251_refined_simplified.obj,.obj,5111,8605,8605,triangles,-1.1267600059509277,-0.6210179924964905,-0.4058600068092346,0.5619699954986572,0.4845379889011383,0.3760339915752411,1.688730001449585,1.1055559813976288,0.7818939983844757,2.1645833942146124
Fish,step2_results\resampled\Fish\D00293_refined_simplified.obj,.obj,5108,8705,8705,triangles,-1.1040600538253784,-0.4843539893627167,-0.32549598813056946,0.6865760087966919,0.4545480012893677,0.3029949963092804,1.7906360626220703,0.9389019906520844,0.6284909844398499,2.1172896292985732
Fish,step2_results\resampled\Fish\D00351_refined_simplified.obj,.obj,5105,9145,9145,triangles,-1.1180000305175781,-0.41741499304771423,-0.311242014169693,0.6074240207672119,0.4705590009689331,0.31282299757003784,1.72542405128479,0.8879739940166473,0.6240650117397308,2.0383922855229817
Fish,step2_results\resampled\Fish\D00398_refined_simplified.obj,.obj,5105,8764,8764,triangles,-0.6597359776496887,-0.35278400778770447,-0.2560180127620697,1.0438200235366821,0.41545501351356506,0.2261040061712265,1.7035560011863708,0.7682390213012695,0.4821220189332962,1.9299574824768415
Fish,step2_results\resampled\Fish\D00450_refined_simplified.obj,.obj,5103,8769,8769,triangles,-1.0844999551773071,-0.3755350112915039,-0.3330790102481842,0.6568679809570312,0.3472999930381775,0.32213300466537476,1.7413679361343384,0.7228350043296814,0.655212014913559,1.9960349488343487
Fish,step2_results\resampled\Fish\D00535_refined_simplified.obj,.obj,5107,8766,8766,triangles,-1.1059600114822388,-0.42885100841522217,-0.31308799982070923,0.6682950258255005,0.49223101139068604,0.3063800036907196,1.7742550373077393,0.9210820198059082,0.6194680035114288,2.092872101203524
Fish,step2_results\resampled\Fish\D00633_refined_simplified.obj,.obj,5105,8907,8907,triangles,-0.7673580050468445,-0.3692860007286072,-0.3353689908981323,1.0297800302505493,0.34637200832366943,0.28665998578071594,1.7971380352973938,0.7156580090522766,0.6220289766788483,2.0319428022612693
Fish,step2_results\resampled\Fish\D00636_refined_simplified.obj,.obj,5124,8966,8966,triangles,-1.0700700283050537,-0.3966679871082306,-0.3276369869709015,0.6226969957351685,0.3393320143222809,0.32774099707603455,1.6927670240402222,0.7360000014305115,0.655377984046936,1.958743602863103
Fish,step2_results\resampled\Fish\D00643_refined_simplified.obj,.obj,5108,8667,8667,triangles,-0.6706719994544983,-0.41642600297927856,-0.3827899992465973,0.9839720129966736,0.3621169924736023,0.35837700963020325,1.6546440124511719,0.7785429954528809,0.7411670088768005,1.9731458483235955
Fish,step2_results\resampled\Fish\D00682_refined_simplified.obj,.obj,5096,8893,8893,triangles,-0.8253989815711975,-0.3738490045070648,-0.3882859945297241,1.085610032081604,0.29151099920272827,0.37029099464416504,1.9110090136528015,0.6653600037097931,0.7585769891738892,2.161041053127652
Fish,step2_results\resampled\Fish\D00748_kept.obj,.obj,5046,8094,8094,triangles,-1.0500199794769287,-0.4018099904060364,-0.26380500197410583,0.7369289994239807,0.3030880093574524,0.2534259855747223,1.7869489789009094,0.7048979997634888,0.5172309875488281,1.9893706888728169
Fish,step2_results\resampled\Fish\D00763_refined_simplified.obj,.obj,5112,8574,8574,triangles,-0.6676650047302246,-0.438726007938385,-0.41075399518013,1.1598299741744995,0.6435160040855408,0.3960059881210327,1.8274949789047241,1.0822420120239258,0.8067599833011627,2.2719699252339733
Fish,step2_results\resampled\Fish\D00850_refined_simplified.obj,.obj,5132,8617,8617,triangles,-0.6537420153617859,-0.39837101101875305,-0.37984499335289,1.1041200160980225,0.3535819947719574,0.3602119982242584,1.7578620314598083,0.7519530057907104,0.7400569915771484,2.0501698942643527
Fish,step2_results\resampled\Fish\D00950_refined_simplified.obj,.obj,5132,8924,8924,triangles,-1.0047999620437622,-0.32045501470565796,-0.5493729710578918,0.6539980173110962,0.36470499634742737,0.5531299710273743,1.6587979793548584,0.6851600110530853,1.1025029420852661,2.1063161477719086
FloorLamp,step2_results\resampled\FloorLamp\D00028_refined_simplified.obj,.obj,5101,10172,10172,triangles,-0.5120660066604614,-0.27407899498939514,-0.3580540120601654,0.8574429750442505,0.45450499653816223,0.37059998512268066,1.369508981704712,0.7285839915275574,0.7286539971828461,1.7138629266340537
FloorLamp,step2_results\resampled\FloorLamp\D00093_refined_simplified.obj,.obj,5087,10216,10216,triangles,-0.5703330039978027,-0.5737329721450806,-0.5450059771537781,0.5234270095825195,0.5210130214691162,1.037160038948059,1.0937600135803223,1.0947459936141968,1.5821660161018372,2.2131491274537107
FloorLamp,step2_results\resampled\FloorLamp\D00186_simplified.obj,.obj,6505,12938,12938,triangles,-0.6259379982948303,-0.5078750252723694,-0.5203850269317627,0.9800220131874084,0.5422009825706482,0.5297799706459045,1.6059600114822388,1.0500760078430176,1.0501649975776672,2.18737598571093
FloorLamp,step2_results\resampled\FloorLamp\D00211_kept.obj,.obj,5097,9970,9970,triangles,-0.8401129841804504,-0.5772330164909363,-0.24227899312973022,0.8021810054779053,0.31054800748825073,0.3303160071372986,1.6422939896583557,0.887781023979187,0.5725950002670288,1.9527287905227115
FloorLamp,step2_results\resampled\FloorLamp\D00228_refined.obj,.obj,5270,10528,10528,triangles,-0.6541540026664734,-0.544530987739563,-0.5568879842758179,0.8959619998931885,0.567995011806488,0.5556700229644775,1.5501160025596619,1.112525999546051,1.1125580072402954,2.2087007584849476
FloorLamp,step2_results\resampled\FloorLamp\D00388_refined_simplified.obj,.obj,5106,9742,9742,triangles,-0.4952160120010376,-0.649653971195221,-0.6736519932746887,0.9792680144309998,0.6642869710922241,0.6405069828033447,1.4744840264320374,1.313940942287445,1.3141589760780334,2.372247406665021
FloorLamp,step2_results\resampled\FloorLamp\D00400_simplified.obj,.obj,6506,12865,12865,triangles,-0.7576349973678589,-0.46573901176452637,-0.4666860103607178,0.8214960098266602,0.4869149923324585,0.4858979880809784,1.579131007194519,0.9526540040969849,0.9525839984416962,2.0757217211110848
FloorLamp,step2_results\resampled\FloorLamp\D00408_refined_simplified.obj,.obj,5104,9944,9944,triangles,-0.6160079836845398,-0.6328759789466858,-0.6416959762573242,0.925216019153595,0.6622400283813477,0.6373479962348938,1.5412240028381348,1.2951160073280334,1.279043972492218,2.3850891771441973
FloorLamp,step2_results\resampled\FloorLamp\D00447_refined_simplified.obj,.obj,5100,10168,10168,triangles,-0.9633979797363281,-0.671226978302002,-0.6627060174942017,0.6222389936447144,0.6655229926109314,0.6746659874916077,1.5856369733810425,1.3367499709129333,1.3373720049858093,2.467733570669347
FloorLamp,step2_results\resampled\FloorLamp\D00495_refined_simplified.obj,.obj,5102,10108,10108,triangles,-0.8726900219917297,-0.5156949758529663,-0.31108200550079346,0.4008849859237671,0.35713300108909607,0.36099499464035034,1.2735750079154968,0.8728279769420624,0.6720770001411438,1.6838971085664498
FloorLamp,step2_results\resampled\FloorLamp\D00563_simplified.obj,.obj,8938,17756,17756,triangles,-0.9116320013999939,-0.5094760060310364,-0.5111879706382751,0.5855794847011566,0.5128600001335144,0.5109689831733704,1.4972114861011505,1.0223360061645508,1.0221569538116455,2.0812539445822567
FloorLamp,step2_results\resampled\FloorLamp\D00580_simplified.obj,.obj,9036,17310,17310,triangles,-1.142454981803894,-0.4442239999771118,-0.5780979990959167,0.8285970091819763,0.7524470090866089,0.6201159954071045,1.9710519909858704,1.1966710090637207,1.1982139945030212,2.598611981755998
FloorLamp,step2_results\resampled\FloorLamp\D00740_refined_simplified.obj,.obj,5100,10184,10184,triangles,-0.7627660036087036,-0.5249810218811035,-0.5188620090484619,0.8253359794616699,0.506106972694397,0.5132420063018799,1.5881019830703735,1.0310879945755005,1.0321040153503418,2.156489985993925
FloorLamp,step2_results\resampled\FloorLamp\D00856_refined_simplified.obj,.obj,5100,10194,10194,triangles,-0.7989349961280823,-0.5682650208473206,-0.4899339973926544,0.773809015750885,0.44832998514175415,0.5331159830093384,1.5727440118789673,1.0165950059890747,1.0230499804019928,2.1339213658201173
FloorLamp,step2_results\resampled\FloorLamp\D00875_simplified.obj,.obj,9022,17799,17799,triangles,-0.9475389719009399,-0.4243200123310089,-0.4319379925727844,0.7309100031852722,0.43359100818634033,0.4258820116519928,1.6784489750862122,0.8579110205173492,0.8578200042247772,2.0710039692722155
FloorLamp,step2_results\resampled\FloorLamp\D00876_simplified.obj,.obj,9000,17992,17992,triangles,-0.8681624978780746,-0.5970879793167114,-0.6564900279045105,0.6081397607922554,0.7201979756355286,0.6762949824333191,1.47630225867033,1.31728595495224,1.3327850103378296,2.3855872505215068
FloorLamp,step2_results\resampled\FloorLamp\D00888_refined_simplified.obj,.obj,5100,10194,10194,triangles,-0.9181200265884399,-0.3697809875011444,-0.5035330057144165,0.8263999819755554,0.6118999719619751,0.48768100142478943,1.7445200085639954,0.9816809594631195,0.9912140071392059,2.2337306852889665
FloorLamp,step2_results\resampled\FloorLamp\D00924_simplified.obj,.obj,9013,17745,17745,triangles,-0.8171610236167908,-0.42595601081848145,-0.44948700070381165,0.8603729903697968,0.46484801173210144,0.43969398736953735,1.6775340139865875,0.8908040225505829,0.889180988073349,2.0972112445400795
FloorLamp,step2_results\resampled\FloorLamp\D00955_simplified.obj,.obj,6503,12967,12967,triangles,-0.7503759860992432,-0.5082889795303345,-0.49868500232696533,0.8440380096435547,0.45907899737358093,0.4746060073375702,1.5944139957427979,0.9673679769039154,0.9732910096645355,2.103628337433564
FloorLamp,step2_results\resampled\FloorLamp\D00981_refined_simplified.obj,.obj,5094,9978,9978,triangles,-0.4622400104999542,-0.5617499947547913,-0.44881901144981384,1.017300009727478,0.36074298620224,0.47492000460624695,1.4795400202274323,0.9224929809570312,0.9237390160560608,1.9731512210557507
FloorLamp,step2_results\resampled\FloorLamp\m617_refined_simplified.obj,.obj,5102,10137,10137,triangles,0.02500000037252903,0.02500000037252903,0.02500000037252903,0.38187599182128906,0.9750000238418579,0.41718199849128723,0.35687599144876003,0.9500000234693289,0.3921819981187582,1.0879647225497169
FloorLamp,step2_results\resampled\FloorLamp\m618_refined_simplified.obj,.obj,5101,10190,10190,triangles,0.02500000037252903,0.02500000037252903,0.02500000037252903,0.13422299921512604,0.9750000238418579,0.13422200083732605,0.10922299884259701,0.9500000234693289,0.10922200046479702,0.9624755339505662
FloorLamp,step2_results\resampled\FloorLamp\m619_refined_simplified.obj,.obj,5104,10110,10110,triangles,0.02500000037252903,0.02500000037252903,0.02500000037252903,0.17424499988555908,0.9750000238418579,0.17424499988555908,0.14924499951303005,0.9500000234693289,0.14924499951303005,0.973164006913025
FloorLamp,step2_results\resampled\FloorLamp\m620_kept.obj,.obj,5584,11058,11058,triangles,0.02500000037252903,0.02500000037252903,0.02500000037252903,0.12435699999332428,0.9750000238418579,0.11625800281763077,0.09935699962079525,0.9500000234693289,0.09125800244510174,0.959531073481022
FloorLamp,step2_results\resampled\FloorLamp\m621_refined_simplified.obj,.obj,5099,10120,10120,triangles,0.02500000037252903,0.02500000037252903,0.02500000037252903,0.1445229947566986,0.9750000238418579,0.1445229947566986,0.11952299438416958,0.9500000234693289,0.11952299438416958,0.9649204821978036
FloorLamp,step2_results\resampled\FloorLamp\m622_refined_simplified.obj,.obj,5111,10112,10112,triangles,0.02500000037252903,0.02500000037252903,0.02500000037252903,0.09921900182962418,0.9750000238418579,0.2012699991464615,0.07421900145709515,0.9500000234693289,0.17626999877393246,0.9690612040716395
FloorLamp,step2_results\resampled\FloorLamp\m623_refined_simplified.obj,.obj,5104,10148,10148,triangles,0.02500000037252903,0.02500000037252903,0.02500000037252903,0.2848049998283386,0.9750000238418579,0.24999800324440002,0.2598049994558096,0.9500000234693289,0.224998002871871,1.0102587706277482
FloorLamp,step2_results\resampled\FloorLamp\m624_refined_simplified.obj,.obj,5100,10184,10184,triangles,0.02500000037252903,0.02500000037252903,0.02500000037252903,0.17115400731563568,0.9750000238418579,0.3685390055179596,0.14615400694310665,0.9500000234693289,0.34353900514543056,1.0207252746912674
Glasses,step2_results\resampled\Glasses\D00050_kept.obj,.obj,5652,11300,11300,triangles,-0.7314170002937317,-0.34970200061798096,-0.15619899332523346,0.5701850056648254,0.9313120245933533,0.16987499594688416,1.3016020059585571,1.2810140252113342,0.3260739892721176,1.8551250527075842
Glasses,step2_results\resampled\Glasses\D00201_kept.obj,.obj,6519,12656,12656,triangles,-0.48777300119400024,-0.49874699115753174,-0.21304099261760712,0.6395879983901978,0.5552359819412231,0.21430200338363647,1.127360999584198,1.0539829730987549,0.4273429960012436,1.6013884498137518
Glasses,step2_results\resampled\Glasses\D00225_refined_simplified.obj,.obj,5097,10125,10125,triangles,-0.5410969853401184,-0.5336120128631592,-0.1748020052909851,0.6805980205535889,0.6234999895095825,0.13212400674819946,1.2216950058937073,1.1571120023727417,0.30692601203918457,1.7104532879698757
Glasses,step2_results\resampled\Glasses\D00432_refined_simplified.obj,.obj,5126,9752,9752,triangles,-0.8204190135002136,-1.0591199398040771,-0.1812479943037033,0.7442209720611572,0.46237099170684814,0.08998200297355652,1.5646399855613708,1.5214909315109253,0.2712299972772598,2.1992268301633855
Glasses,step2_results\resampled\Glasses\D00475_refined_simplified.obj,.obj,5104,10156,10156,triangles,-0.8016300201416016,-0.5872380137443542,-0.10893800109624863,0.31051498651504517,0.39309701323509216,0.2584559917449951,1.1121450066566467,0.9803350269794464,0.36739399284124374,1.527383916024369
Glasses,step2_results\resampled\Glasses\D00507_kept.obj,.obj,5652,11300,11300,triangles,-0.7240800261497498,-0.34137898683547974,-0.1589449942111969,0.5749049782752991,0.9326879978179932,0.1664070039987564,1.2989850044250488,1.274066984653473,0.3253519982099533,1.8483675624302505
Glasses,step2_results\resampled\Glasses\D00560_refined_simplified.obj,.obj,5102,10080,10080,triangles,-0.6125640273094177,-0.4500589966773987,-0.19761799275875092,0.6285169720649719,0.6427329778671265,0.10228099673986435,1.2410809993743896,1.0927919745445251,0.29989898949861526,1.680599818677649
Glasses,step2_results\resampled\Glasses\D00575_simplified.obj,.obj,9002,17844,17844,triangles,-0.7219970226287842,-0.3941490054130554,-0.1028830036520958,0.44423699378967285,0.8915089964866638,0.12297199666500092,1.166234016418457,1.2856580018997192,0.2258550003170967,1.7504367340948201
Glasses,step2_results\resampled\Glasses\D00630_refined_simplified.obj,.obj,5107,10128,10128,triangles,-0.6628400087356567,-0.7827379703521729,-0.24509300291538239,0.427605003118515,0.2823759913444519,0.1421239972114563,1.0904450118541718,1.0651139616966248,0.3872170001268387,1.5727285463378453
Glasses,step2_results\resampled\Glasses\D00640_simplified.obj,.obj,9004,17870,17870,triangles,-0.8770760297775269,-0.4547860026359558,-0.08392900228500366,0.4191260039806366,0.8505030274391174,0.13244399428367615,1.2962020337581635,1.3052890300750732,0.2163729965686798,1.852224726645564
Glasses,step2_results\resampled\Glasses\D00656_refined_simplified.obj,.obj,5089,9359,9359,triangles,-0.6924269795417786,-0.563962996006012,-0.17177000641822815,0.719290018081665,0.8385159969329834,0.18825800716876984,1.4117169976234436,1.4024789929389954,0.360028013586998,2.0222542811381383
Glasses,step2_results\resampled\Glasses\D00660_simplified.obj,.obj,6502,12923,12923,triangles,-0.6865860223770142,-0.4861690104007721,-0.1171870008111,0.6979100108146667,0.9026479721069336,0.10979100316762924,1.384496033191681,1.3888169825077057,0.22697800397872925,1.9741228156108923
Glasses,step2_results\resampled\Glasses\D00717_refined_simplified.obj,.obj,5101,10154,10154,triangles,-0.7212250232696533,-0.358597993850708,-0.2334430068731308,0.5232279896736145,0.8476679921150208,0.1914920061826706,1.2444530129432678,1.2062659859657288,0.4249350130558014,1.7844636997266665
Glasses,step2_results\resampled\Glasses\D00730_refined_simplified.obj,.obj,5100,10188,10188,triangles,-0.48326200246810913,-0.8689010143280029,-0.12772400677204132,0.6488040089607239,0.38013601303100586,0.0994499996304512,1.132066011428833,1.2490370273590088,0.22717400640249252,1.700962956425323
Glasses,step2_results\resampled\Glasses\D00813_refined_simplified.obj,.obj,5101,10147,10147,triangles,-0.5929309725761414,-0.4421660006046295,-0.22031499445438385,0.6507329940795898,0.6406059861183167,0.2373100072145462,1.2436639666557312,1.0827719867229462,0.45762500166893005,1.7112907056787026
Glasses,step2_results\resampled\Glasses\D00816_simplified.obj,.obj,9008,17932,17932,triangles,-0.7395730018615723,-0.9509180188179016,-0.12324599921703339,0.5436535179615021,0.3323715031147003,0.0881740003824234,1.2832265198230743,1.283289521932602,0.2114199995994568,1.8270743593269212
Glasses,step2_results\resampled\Glasses\D00877_refined_simplified.obj,.obj,5113,9856,9856,triangles,-0.7993760108947754,-0.6569550037384033,-0.2627260088920593,0.6076670289039612,0.6601639986038208,0.14246000349521637,1.4070430397987366,1.3171190023422241,0.4051860123872757,1.9694538041831156
Glasses,step2_results\resampled\Glasses\D00883_refined_simplified.obj,.obj,5108,10102,10102,triangles,-0.8533729910850525,-0.2935900092124939,-0.056078001856803894,0.5032240152359009,1.0682300329208374,0.1533609926700592,1.3565970063209534,1.3618200421333313,0.2094389945268631,1.9335909487643512
Glasses,step2_results\resampled\Glasses\D00937_refined_simplified.obj,.obj,5100,10196,10196,triangles,-0.5258780121803284,-0.3890730142593384,-0.15184900164604187,0.7788090109825134,0.8929060101509094,0.10960199683904648,1.3046870231628418,1.2819790244102478,0.26145099848508835,1.8477107652568943
Glasses,step2_results\resampled\Glasses\D00994_refined_simplified.obj,.obj,5107,10122,10122,triangles,-0.7377510070800781,-0.9964889883995056,-0.12272199988365173,0.312267005443573,0.2539620101451874,0.13772399723529816,1.0500180125236511,1.250450998544693,0.2604459971189499,1.6534804636888887
Guitar,step2_results\resampled\Guitar\D00023_refined_simplified.obj,.obj,5123,9951,9951,triangles,-0.7962319850921631,-0.2624970078468323,-0.054427001625299454,0.7514860033988953,0.2747899889945984,0.10992400348186493,1.5477179884910583,0.5372869968414307,0.16435100510716438,1.6465477647956122
Guitar,step2_results\resampled\Guitar\D00041_simplified.obj,.obj,9038,16622,16622,triangles,-0.9545159935951233,-0.18076999485492706,-0.040153998881578445,0.4644930064678192,0.20031799376010895,0.027370000258088112,1.4190090000629425,0.381087988615036,0.06752399913966656,1.470841285722596
Guitar,step2_results\resampled\Guitar\D00076_simplified.obj,.obj,6509,11031,11031,triangles,-0.7502769827842712,-0.2677780091762543,-0.03371700085699558,0.8050100207328796,0.30399200320243835,0.05586700141429901,1.5552870035171509,0.5717700123786926,0.0895840022712946,1.6594769970770404
Guitar,step2_results\resampled\Guitar\D00097_refined_simplified.obj,.obj,5107,10122,10122,triangles,-0.7367939949035645,-0.21092000603675842,-0.1206739991903305,0.8081660270690918,0.24671199917793274,0.027089999988675117,1.5449600219726562,0.45763200521469116,0.14776399917900562,1.6180737687583786
Guitar,step2_results\resampled\Guitar\D00124_refined_simplified.obj,.obj,5126,9723,9723,triangles,-0.6623939871788025,-0.21819299459457397,-0.04655599966645241,0.8343629837036133,0.2569490075111389,0.052156001329422,1.4967569708824158,0.4751420021057129,0.0987120009958744,1.5734628725174102
Guitar,step2_results\resampled\Guitar\D00222_refined_simplified.obj,.obj,5150,10097,10097,triangles,-0.8020989894866943,-0.3256619870662689,-0.12286300212144852,1.0016900300979614,0.2989169955253601,0.09069299697875977,1.8037890195846558,0.624578982591629,0.21355599910020828,1.9207706519574523
Guitar,step2_results\resampled\Guitar\D00232_kept.obj,.obj,6143,11543,11543,triangles,-0.6697570085525513,-0.3369799852371216,-0.054687999188899994,0.8605660200119019,0.30206799507141113,0.11235299706459045,1.5303230285644531,0.6390479803085327,0.16704099625349045,1.6667854052998103
Guitar,step2_results\resampled\Guitar\D00335_simplified.obj,.obj,9020,17597,17597,triangles,-0.7422430217266083,-0.2858960032463074,-0.062144000083208084,0.7750027477741241,0.2467239946126938,0.12971900403499603,1.5172457695007324,0.5326199978590012,0.19186300411820412,1.6194227982637683
Guitar,step2_results\resampled\Guitar\D00374_refined.obj,.obj,5482,10220,10220,triangles,-1.0414199829101562,-0.2269050031900406,-0.08488000184297562,0.46454301476478577,0.20711900293827057,0.08378700166940689,1.505962997674942,0.43402400612831116,0.1686670035123825,1.5763089628418698
Guitar,step2_results\resampled\Guitar\D00414_refined_simplified.obj,.obj,5143,9118,9118,triangles,-0.8615909814834595,-0.18721100687980652,-0.1513029932975769,0.7771090269088745,0.3264560103416443,0.09724699705839157,1.638700008392334,0.5136670172214508,0.24854999035596848,1.7352142864188762
Guitar,step2_results\resampled\Guitar\D00416_refined_simplified.obj,.obj,5123,9830,9830,triangles,-0.8722829818725586,-0.28883498907089233,-0.09352099895477295,0.5875309705734253,0.2831999957561493,0.05550599843263626,1.4598139524459839,0.5720349848270416,0.1490269973874092,1.5749570932480497
Guitar,step2_results\resampled\Guitar\D00461_simplified.obj,.obj,6542,12742,12742,triangles,-0.7872480154037476,-0.23958100378513336,-0.04772400110960007,0.8791000247001648,0.27042800188064575,0.06403700262308121,1.6663480401039124,0.5100090056657791,0.11176100373268127,1.746228936472444
Guitar,step2_results\resampled\Guitar\D00464_refined_simplified.obj,.obj,5140,9864,9864,triangles,-0.8444179892539978,-0.24007900059223175,-0.14032599329948425,0.698593020439148,0.411624014377594,0.11124899983406067,1.5430110096931458,0.6517030149698257,0.2515749931335449,1.6937797297538912
Guitar,step2_results\resampled\Guitar\D00494_simplified.obj,.obj,9050,16778,16778,triangles,-0.8267650008201599,-0.1754859983921051,-0.06965500116348267,0.6403529942035675,0.20403499901294708,0.06346700340509415,1.4671179950237274,0.3795209974050522,0.1331220045685768,1.5212471419510123
Guitar,step2_results\resampled\Guitar\D00534_refined_simplified.obj,.obj,5104,9985,9985,triangles,-0.7263619899749756,-0.2397249937057495,-0.08062999695539474,0.7206910252571106,0.22769899666309357,0.07686000317335129,1.4470530152320862,0.4674239903688431,0.15749000012874603,1.5288069583191843
Guitar,step2_results\resampled\Guitar\D00549_simplified.obj,.obj,9027,17610,17610,triangles,-0.6631690263748169,-0.2789759933948517,-0.021160999312996864,0.8560670018196106,0.145906001329422,0.06089499965310097,1.5192360281944275,0.4248819947242737,0.08205599896609783,1.579663257080819
Guitar,step2_results\resampled\Guitar\D00645_refined_simplified.obj,.obj,5129,9979,9979,triangles,-1.044260025024414,-0.21390299499034882,-0.07276199758052826,0.4314590096473694,0.3153750002384186,0.06138100102543831,1.4757190346717834,0.5292779952287674,0.13414299860596657,1.5734917253042686
Guitar,step2_results\resampled\Guitar\D00655_kept.obj,.obj,5530,10792,10792,triangles,-0.7748649716377258,-0.3050310015678406,-0.015852000564336777,0.7918829917907715,0.30974701046943665,0.029027000069618225,1.5667479634284973,0.6147780120372772,0.044879000633955,1.683646432505873
Guitar,step2_results\resampled\Guitar\D00844_simplified.obj,.obj,6479,11687,11687,triangles,-0.8788149952888489,-0.3136579990386963,-0.13286100327968597,0.7257429957389832,0.305869996547699,0.21425199508666992,1.604557991027832,0.6195279955863953,0.3471129983663559,1.7546819419830622
Guitar,step2_results\resampled\Guitar\D00849_simplified.obj,.obj,9040,16927,16927,triangles,-0.6742182523012161,-0.2865149974822998,-0.05761199817061424,0.8603780269622803,0.21946200728416443,0.12372399866580963,1.5345962792634964,0.5059770047664642,0.18133599683642387,1.6260016031451103
Gun,step2_results\resampled\Gun\D00103_refined_simplified.obj,.obj,5101,10165,10165,triangles,-0.7956719994544983,-0.4536060094833374,-0.09634699672460556,0.7766029834747314,0.4344559907913208,0.15142600238323212,1.5722749829292297,0.8880620002746582,0.24777299910783768,1.8226612952942818
Gun,step2_results\resampled\Gun\D00137_kept.obj,.obj,5308,10332,10332,triangles,-1.0474300384521484,-0.3621790111064911,-0.11280299723148346,0.7963709831237793,0.40596500039100647,0.10462100058794022,1.8438010215759277,0.7681440114974976,0.21742399781942368,2.0092089548854006
Gun,step2_results\resampled\Gun\D00140_refined_simplified.obj,.obj,5108,10014,10014,triangles,-1.0171799659729004,-0.32942599058151245,-0.12677299976348877,0.8346840143203735,0.33998000621795654,0.10815700143575668,1.851863980293274,0.669405996799469,0.23493000119924545,1.9831027949963198
Gun,step2_results\resampled\Gun\D00153_refined_simplified.obj,.obj,5101,10178,10178,triangles,-0.7744709849357605,-0.4353660047054291,-0.10972599685192108,0.9768519997596741,0.41292101144790666,0.10361199826002121,1.7513229846954346,0.8482870161533358,0.2133379951119423,1.9576098075600352
Gun,step2_results\resampled\Gun\D00161_refined_simplified.obj,.obj,5101,10170,10170,triangles,-0.7913500070571902,-0.45291298627853394,-0.15367799997329712,1.0262399911880493,0.5460789799690247,0.10184100270271301,1.8175899982452395,0.9989919662475586,0.25551900267601013,2.08971488750902
Gun,step2_results\resampled\Gun\D00204_refined_simplified.obj,.obj,5138,9434,9434,triangles,-0.7815359830856323,-0.6084660291671753,-0.1284009963274002,1.0094000101089478,0.45156899094581604,0.14624899625778198,1.79093599319458,1.0600350201129913,0.2746499925851822,2.0991804577055415
Gun,step2_results\resampled\Gun\D00207_simplified.obj,.obj,9003,17624,17624,triangles,-0.4822140038013458,-0.44200900197029114,-0.15032749623060226,1.0128999948501587,0.35964399576187134,0.10382774844765663,1.4951139986515045,0.8016529977321625,0.2541552446782589,1.7154032430114265
Gun,step2_results\resampled\Gun\D00209_refined_simplified.obj,.obj,5102,10130,10130,triangles,-1.0111299753189087,-0.5781260132789612,-0.16838400065898895,0.681547999382019,0.35909000039100647,0.17959100008010864,1.6926779747009277,0.9372160136699677,0.3479750007390976,1.965863470197367
Gun,step2_results\resampled\Gun\D00239_refined_simplified.obj,.obj,5099,10182,10182,triangles,-0.6455590128898621,-0.2608659863471985,-0.0566600002348423,1.0127500295639038,0.22189900279045105,0.06570900231599808,1.6583090424537659,0.48276498913764954,0.12236900255084038,1.7314806056685383
Gun,step2_results\resampled\Gun\D00244_refined_simplified.obj,.obj,5101,10174,10174,triangles,-0.7556809782981897,-0.42654499411582947,-0.16654899716377258,1.0543700456619263,0.6247019767761233,0.12275800108909607,1.810051023960116,1.0512469708919527,0.28930699825286865,2.1130791377481954
Gun,step2_results\resampled\Gun\D00282_refined_simplified.obj,.obj,5108,10126,10126,triangles,-1.0817300081253052,-0.26885899901390076,-0.13185100257396698,0.7780629992485046,0.45644599199295044,0.16778700053691864,1.8597930073738098,0.7253049910068512,0.2996380031108856,2.0185837344941246
Gun,step2_results\resampled\Gun\D00368_refined_simplified.obj,.obj,5102,10172,10172,triangles,-0.8964679837226868,-0.5487040281295776,-0.14299699664115906,1.002750039100647,0.48088398575782776,0.15720699727535248,1.8992180228233337,1.0295880138874054,0.30020399391651154,2.181101330640328
Gun,step2_results\resampled\Gun\D00425_simplified.obj,.obj,8983,17536,17536,triangles,-0.8168579936027527,-0.4055419862270355,-0.07610999792814255,0.9489110112190247,0.486052006483078,0.1064630001783371,1.7657690048217773,0.8915939927101135,0.18257299810647964,1.986507721068217
Gun,step2_results\resampled\Gun\D00477_refined_simplified.obj,.obj,5102,9747,9747,triangles,-0.8891699910163879,-0.14229799807071686,-0.06924200057983398,0.9670259952545166,0.25725001096725464,0.04059699922800064,1.8561959862709045,0.3995480090379715,0.10983899980783463,1.9018850535332592
Gun,step2_results\resampled\Gun\D00606_refined_simplified.obj,.obj,5099,10186,10186,triangles,-0.7458329796791077,-0.401650995016098,-0.22234399616718292,1.1376700401306152,0.7032570242881775,0.12195300310850143,1.883503019809723,1.1049080193042755,0.34429699927568436,2.210643747976024
Gun,step2_results\resampled\Gun\D00802_refined_simplified.obj,.obj,5101,10166,10166,triangles,-0.5410289764404297,-0.3142380118370056,-0.0881820023059845,1.0133999586105347,0.294636994600296,0.06434399634599686,1.5544289350509644,0.6088750064373016,0.15252599865198135,1.6763777223085743
Gun,step2_results\resampled\Gun\D00819_simplified.obj,.obj,9009,17730,17730,triangles,-0.7549440264701843,-0.5845710039138794,-0.1325950026512146,0.9969260096549988,0.3061850070953369,0.1354299932718277,1.751870036125183,0.8907560110092163,0.2680249959230423,1.9835151355766985
Gun,step2_results\resampled\Gun\D00826_simplified.obj,.obj,9017,17887,17887,triangles,-0.8425589799880981,-0.2976120114326477,-0.11914099752902985,0.9762570261955261,0.2798140048980713,0.12048199772834778,1.8188160061836243,0.577426016330719,0.23962299525737762,1.923260681379784
Gun,step2_results\resampled\Gun\D00929_refined_simplified.obj,.obj,5107,10138,10138,triangles,-0.8221439719200134,-0.5517789721488953,-0.11255499720573425,1.023650050163269,0.6028980016708374,0.07011699676513672,1.8457940220832825,1.1546769738197327,0.18267199397087097,2.1848577855799154
Gun,step2_results\resampled\Gun\D00972_simplified.obj,.obj,9025,17904,17904,triangles,-1.2335200309753418,-0.40559300780296326,-0.15666499733924866,0.6334739923477173,0.572147011756897,0.1805185005068779,1.866994023323059,0.9777400195598602,0.33718349784612656,2.1343230636885053
Gun,step2_results\resampled\Gun\m648_refined_simplified.obj,.obj,5104,10160,10160,triangles,0.02500000037252903,0.02500000037252903,0.02500000037252903,0.9750000238418579,0.6135619878768921,0.1281210035085678,0.9500000234693289,0.5885619875043631,0.10312100313603878,1.1222919401896256
Gun,step2_results\resampled\Gun\m649_refined_simplified.obj,.obj,5150,9452,9452,triangles,0.02500000037252903,0.02500000037252903,0.02500000037252903,0.9750000238418579,0.6852499842643738,0.13876299560070038,0.9500000234693289,0.6602499838918447,0.11376299522817135,1.1624853138445197
Gun,step2_results\resampled\Gun\m650_refined.obj,.obj,5357,9784,9784,triangles,0.02500000037252903,0.02500000037252903,0.02500000037252903,0.9750000238418579,0.6600750088691711,0.1582379937171936,0.9500000234693289,0.6350750084966421,0.13323799334466457,1.150466285416156
Gun,step2_results\resampled\Gun\m651_refined_simplified.obj,.obj,5108,9916,9916,triangles,0.02500000037252903,0.02500000037252903,0.02500000037252903,0.2686710059642792,0.6391170024871826,0.9750000238418579,0.24367100559175014,0.6141170021146536,0.9500000234693289,1.1571582846975212
Gun,step2_results\resampled\Gun\m652_refined_simplified.obj,.obj,5106,8280,8280,triangles,0.02500000037252903,0.02500000037252903,0.02500000037252903,0.19443100690841675,0.7042670249938965,0.9750000238418579,0.16943100653588772,0.6792670246213675,0.9500000234693289,1.180089234467231
Gun,step2_results\resampled\Gun\m653_refined_simplified.obj,.obj,5102,10180,10180,triangles,0.02500000037252903,0.02500000037252903,0.02500000037252903,0.9750000238418579,0.46690601110458374,0.16722999513149261,0.9500000234693289,0.4419060107320547,0.14222999475896358,1.0573600797845448
Gun,step2_results\resampled\Gun\m654_refined_simplified.obj,.obj,5100,10160,10160,triangles,0.02500000037252903,0.02500000037252903,0.02500000037252903,0.9750000238418579,0.5556759834289551,0.11449900269508362,0.9500000234693289,0.530675983056426,0.08949900232255459,1.091845737731005
Gun,step2_results\resampled\Gun\m655_refined_simplified.obj,.obj,5101,10168,10168,triangles,0.02500000037252903,0.02500000037252903,0.02500000037252903,0.1488189995288849,0.5754989981651306,0.9750000238418579,0.12381899915635586,0.5504989977926016,0.9500000234693289,1.1049345391082974
Gun,step2_results\resampled\Gun\m656_simplified.obj,.obj,9003,17916,17916,triangles,0.02500000037252903,0.02500000037252903,0.02500000037252903,0.16751549392938614,0.5739570260047913,0.9750000238418579,0.1425154935568571,0.5489570256322622,0.9500000234693289,1.106419688222557
Gun,step2_results\resampled\Gun\m657_simplified.obj,.obj,9002,17958,17958,triangles,0.02500000037252903,0.02500000037252903,0.02500000037252903,0.23062199354171753,0.7467739880084991,0.9750000238418579,0.2056219931691885,0.7217739876359701,0.9500000234693289,1.2106767272457684
Gun,step2_results\resampled\Gun\m658_refined_simplified.obj,.obj,5101,10174,10174,triangles,0.02500000037252903,0.02500000037252903,0.02500000037252903,0.18995100259780884,0.617093026638031,0.9750000238418579,0.1649510022252798,0.592093026265502,0.9500000234693289,1.131495925524741
Gun,step2_results\resampled\Gun\m659_refined_simplified.obj,.obj,5101,10114,10114,triangles,0.02500000037252903,0.02500000037252903,0.02500000037252903,0.9750000238418579,0.49796101450920105,0.1653040051460266,0.9500000234693289,0.472961014136672,0.14030400477349758,1.0704566218396692
Gun,step2_results\resampled\Gun\m660_refined_simplified.obj,.obj,5075,7160,7160,triangles,0.02500000037252903,0.02500000037252903,0.02500000037252903,0.1570499986410141,0.526839017868042,0.9750000238418579,0.13204999826848507,0.501839017495513,0.9500000234693289,1.0824877117617984
Gun,step2_results\resampled\Gun\m661_refined.obj,.obj,5434,10688,10688,triangles,0.02500000037252903,0.02500000037252903,0.02500000037252903,0.9750000238418579,0.15118899941444397,0.5478500127792358,0.9500000234693289,0.12618899904191494,0.5228500124067068,1.0916940246903521
Gun,step2_results\resampled\Gun\m662_refined_simplified.obj,.obj,5110,10067,10067,triangles,0.02500000037252903,0.02500000037252903,0.02500000037252903,0.9750000238418579,0.1569090038537979,0.9603689908981323,0.9500000234693289,0.13190900348126888,0.9353689905256033,1.3397071240491456
Gun,step2_results\resampled\Gun\m663_refined_simplified.obj,.obj,5101,10100,10100,triangles,0.02500000037252903,0.02500000037252903,0.02500000037252903,0.9750000238418579,0.13951000571250916,0.5585439801216125,0.9500000234693289,0.11451000533998013,0.5335439797490835,1.0955737146541888
Gun,step2_results\resampled\Gun\m664_refined_simplified.obj,.obj,5102,10172,10172,triangles,0.02500000037252903,0.02500000037252903,0.02500000037252903,0.9750000238418579,0.7211880087852478,0.19955900311470032,0.9500000234693289,0.6961880084127188,0.1745590027421713,1.1906505083725176
Gun,step2_results\resampled\Gun\m665_refined_simplified.obj,.obj,5106,9830,9830,triangles,0.02500000037252903,0.02500000037252903,0.02500000037252903,0.18494200706481934,0.6859130263328552,0.9750000238418579,0.1599420066922903,0.6609130259603262,0.9500000234693289,1.1682840057026018
Gun,step2_results\resampled\Gun\m666_simplified.obj,.obj,8998,18031,18031,triangles,0.02500000037252903,0.02500000037252903,0.02500000037252903,0.9750000238418579,0.6940699815750122,0.26797300577163696,0.9500000234693289,0.6690699812024832,0.24297300539910793,1.1870933264451837
Gun,step2_results\resampled\Gun\m667_refined_simplified.obj,.obj,5160,10096,10096,triangles,0.02500000037252903,0.02500000037252903,0.02500000037252903,0.11547300219535828,0.42156800627708435,0.9750000238418579,0.09047300182282925,0.3965680059045553,0.9500000234693289,1.0334174335464226
Gun,step2_results\resampled\Gun\m668_refined.obj,.obj,5317,10136,10136,triangles,0.02500000037252903,0.02500000037252903,0.02500000037252903,0.09522400051355362,0.3075389862060547,0.9750000238418579,0.07022400014102459,0.28253898583352566,0.9500000234693289,0.9936094470682982
Gun,step2_results\resampled\Gun\m669_refined_simplified.obj,.obj,5124,9633,9633,triangles,0.02500000037252903,0.02500000037252903,0.02500000037252903,0.10005000233650208,0.16488699615001678,0.9750000238418579,0.07505000196397305,0.13988699577748775,0.9500000234693289,0.963172320498346
Gun,step2_results\resampled\Gun\m670_refined_simplified.obj,.obj,5101,10170,10170,triangles,0.02500000037252903,0.02500000037252903,0.02500000037252903,0.9750000238418579,0.33650100231170654,0.07179400324821472,0.9500000234693289,0.3115010019391775,0.04679400287568569,1.0008609281543397
Gun,step2_results\resampled\Gun\m671_refined_simplified.obj,.obj,5106,10119,10119,triangles,0.02500000037252903,0.02500000037252903,0.02500000037252903,0.07542499899864197,0.23780499398708344,0.9750000238418579,0.05042499862611294,0.2128049936145544,0.9500000234693289,0.9748480345086917
Gun,step2_results\resampled\Gun\m672_refined_simplified.obj,.obj,5102,10176,10176,triangles,0.02500000037252903,0.02500000037252903,0.02500000037252903,0.06866700202226639,0.23861899971961975,0.9750000238418579,0.04366700164973736,0.21361899934709072,0.9500000234693289,0.9746999171575095
Gun,step2_results\resampled\Gun\m674_simplified.obj,.obj,6495,12793,12793,triangles,0.02500000037252903,0.02500000037252903,0.02500000037252903,0.071834996342659,0.25425899028778076,0.9750000238418579,0.04683499597012997,0.22925898991525173,0.9500000234693289,0.9783931959576421
Gun,step2_results\resampled\Gun\m675_refined.obj,.obj,5580,10240,10240,triangles,0.02500000037252903,0.02500000037252903,0.02500000037252903,0.9750000238418579,0.2749060094356537,0.11423700302839279,0.9500000234693289,0.24990600906312466,0.08923700265586376,0.9863651963652137
Gun,step2_results\resampled\Gun\m676_refined_simplified.obj,.obj,5104,10059,10059,triangles,0.02500000037252903,0.02500000037252903,0.02500000037252903,0.1946669965982437,0.2698659896850586,0.9750000238418579,0.16966699622571468,0.24486598931252956,0.9500000234693289,0.9956135228701878
Gun,step2_results\resampled\Gun\m677_refined_simplified.obj,.obj,5102,10159,10159,triangles,0.02500000037252903,0.02500000037252903,0.02500000037252903,0.9750000238418579,0.14721399545669556,0.06033200025558472,0.9500000234693289,0.12221399508416653,0.03533199988305569,0.9584803886370833
Gun,step2_results\resampled\Gun\m678_refined_simplified.obj,.obj,5110,9736,9736,triangles,0.02500000037252903,0.02500000037252903,0.02500000037252903,0.06624200195074081,0.21203599870204926,0.9750000238418579,0.041242001578211784,0.18703599832952023,0.9500000234693289,0.9691147568564947
Gun,step2_results\resampled\Gun\m679_refined_simplified.obj,.obj,5116,9726,9726,triangles,0.02500000037252903,0.02500000037252903,0.02500000037252903,0.07813599705696106,0.2430810034275055,0.9750000238418579,0.05313599668443203,0.21808100305497646,0.9500000234693289,0.9761571608244433
Gun,step2_results\resampled\Gun\m680_refined_simplified.obj,.obj,5109,10020,10020,triangles,0.02500000037252903,0.02500000037252903,0.02500000037252903,0.060860998928546906,0.11767199635505676,0.9750000238418579,0.035860998556017876,0.09267199598252773,0.9500000234693289,0.9551827859883917
Gun,step2_results\resampled\Gun\m681_refined_simplified.obj,.obj,5101,10036,10036,triangles,0.02500000037252903,0.02500000037252903,0.02500000037252903,0.9750000238418579,0.08651000261306763,0.28478801250457764,0.9500000234693289,0.0615100022405386,0.2597880121320486,0.9867995420625598
Gun,step2_results\resampled\Gun\m682_refined_simplified.obj,.obj,5105,9864,9864,triangles,0.02500000037252903,0.02500000037252903,0.02500000037252903,0.9750000238418579,0.09065400063991547,0.299703985452652,0.9500000234693289,0.06565400026738644,0.27470398508012295,0.9910967519681092
Gun,step2_results\resampled\Gun\m683_refined_simplified.obj,.obj,5100,10066,10066,triangles,0.02500000037252903,0.02500000037252903,0.02500000037252903,0.19079899787902832,0.09337099641561508,0.9750000238418579,0.1657989975064993,0.06837099604308605,0.9500000234693289,0.96678019490772
Gun,step2_results\resampled\Gun\m684_simplified.obj,.obj,9011,17926,17926,triangles,0.02500000037252903,0.02500000037252903,0.02500000037252903,0.9750000238418579,0.5208920240402222,0.3305320143699646,0.9500000234693289,0.49589202366769314,0.30553201399743557,1.1143422971898242
Gun,step2_results\resampled\Gun\m685_refined_simplified.obj,.obj,5098,10169,10169,triangles,0.02500000037252903,0.02500000037252903,0.02500000037252903,0.18794800341129303,0.3372589945793152,0.9750000238418579,0.162948003038764,0.31225899420678616,0.9500000234693289,1.0131918750903404
Gun,step2_results\resampled\Gun\m686_refined_simplified.obj,.obj,5130,9628,9628,triangles,0.02500000037252903,0.02500000037252903,0.02500000037252903,0.9750000238418579,0.10846000164747238,0.25657498836517334,0.9500000234693289,0.08346000127494335,0.2315749879926443,0.981372809623505
Hand,step2_results\resampled\Hand\D01006_simplified.obj,.obj,6500,12995,12995,triangles,0.02500000037252903,0.02500000037252903,0.02500000037252903,0.5761290192604065,0.9750000238418579,0.675059974193573,0.5511290188878775,0.9500000234693289,0.650059973821044,1.2762528000424744
Hand,step2_results\resampled\Hand\D01020_simplified.obj,.obj,6500,12996,12996,triangles,-0.39220499992370605,-0.7161880135536194,-0.32145699858665466,0.3246539980173111,0.9781709909439087,0.42337650060653687,0.7168589979410172,1.694359004497528,0.7448334991931915,1.9848214530710886
Hand,step2_results\resampled\Hand\D01022_refined_simplified.obj,.obj,5097,10040,10040,triangles,0.02500000037252903,0.02500000037252903,0.02500000037252903,0.9750000238418579,0.3991200029850006,0.5220379829406738,0.9500000234693289,0.3741200026124716,0.4970379825681448,1.1355670729031786
Hand,step2_results\resampled\Hand\D01024_refined_simplified.obj,.obj,5102,10180,10180,triangles,0.02500000037252903,0.02500000037252903,0.02500000037252903,0.7957429885864258,0.9750000238418579,0.4005500078201294,0.7707429882138968,0.9500000234693289,0.37555000744760036,1.279680665856332
Hand,step2_results\resampled\Hand\D01041_refined_simplified.obj,.obj,5105,9861,9861,triangles,0.02500000037252903,0.02500000037252903,0.02500000037252903,0.46562400460243225,0.9750000238418579,0.5330650210380554,0.4406240042299032,0.9500000234693289,0.5080650206655264,1.1639500087715027
Hand,step2_results\resampled\Hand\D01060_refined_simplified.obj,.obj,5108,9856,9856,triangles,0.02500000037252903,0.02500000037252903,0.02500000037252903,0.4266909956932068,0.9750000238418579,0.5253570079803467,0.40169099532067776,0.9500000234693289,0.5003570076078176,1.1463912226529354
Hand,step2_results\resampled\Hand\D01074_refined_simplified.obj,.obj,5097,10189,10189,triangles,0.02500000037252903,0.02500000037252903,0.02500000037252903,0.3847090005874634,0.9750000238418579,0.5638660192489624,0.35970900021493435,0.9500000234693289,0.5388660188764334,1.1498987762960224
Hand,step2_results\resampled\Hand\D01093_simplified.obj,.obj,6500,12996,12996,triangles,-0.4385089874267578,-0.7631589770317078,-0.28237900137901306,0.35789498686790466,0.9892339706420898,0.3789680004119873,0.7964039742946625,1.7523929476737976,0.6613470017910004,2.0353182036495276
Hand,step2_results\resampled\Hand\D01097_kept.obj,.obj,6191,12378,12378,triangles,0.02500000037252903,0.02500000037252903,0.02500000037252903,0.8786600232124329,0.9750000238418579,0.354297012090683,0.8536600228399038,0.9500000234693289,0.32929701171815395,1.3189662623104719
Hand,step2_results\resampled\Hand\D01106_refined_simplified.obj,.obj,5104,10163,10163,triangles,0.02500000037252903,0.02500000037252903,0.02500000037252903,0.19055700302124023,0.13492600619792938,0.9750000238418579,0.1655570026487112,0.10992600582540035,0.9500000234693289,0.9705631831439294
Hand,step2_results\resampled\Hand\D01117_kept.obj,.obj,6038,12072,12072,triangles,0.02500000037252903,0.02500000037252903,0.02500000037252903,0.9750000238418579,0.8509340286254883,0.263155996799469,0.9500000234693289,0.8259340282529593,0.23815599642693996,1.2811656185880085
Hand,step2_results\resampled\Hand\D01118_refined_simplified.obj,.obj,5100,10196,10196,triangles,0.02500000037252903,0.02500000037252903,0.02500000037252903,0.5722759962081909,0.3467029929161072,0.9750000238418579,0.5472759958356619,0.32170299254357815,0.9500000234693289,1.142586484963451
Hand,step2_results\resampled\Hand\D01153_simplified.obj,.obj,9000,17996,17996,triangles,0.02507065050303936,0.02502109995111823,0.025001399219036102,0.3546134978532791,0.2934130132198334,0.9749259948730469,0.32954284735023975,0.26839191326871514,0.9499245956540108,1.0406677879016824
Hand,step2_results\resampled\Hand\D01162_refined_simplified.obj,.obj,5100,10196,10196,triangles,0.02500000037252903,0.02500000037252903,0.02500000037252903,0.8583629727363586,0.7832930088043213,0.9750000238418579,0.8333629723638296,0.7582930084317923,0.9500000234693289,1.4737714120362562
Hand,step2_results\resampled\Hand\D01170_refined_simplified.obj,.obj,5100,10196,10196,triangles,0.02500000037252903,0.02500000037252903,0.02500000037252903,0.48937198519706726,0.3672339916229248,0.9750000238418579,0.46437198482453823,0.3422339912503958,0.9500000234693289,1.1114249815659096
Hand,step2_results\resampled\Hand\D01172_simplified.obj,.obj,9013,17716,17716,triangles,0.025007950142025948,0.02500000037252903,0.02500000037252903,0.35153499245643616,0.9750000238418579,0.3704479932785034,0.3265270423144102,0.9500000234693289,0.3454479929059744,1.0622872821215024
Hand,step2_results\resampled\Hand\D01193_refined_simplified.obj,.obj,5100,10196,10196,triangles,0.02500000037252903,0.02500000037252903,0.02500000037252903,0.7751539945602417,0.395345002412796,0.9750000238418579,0.7501539941877127,0.370345002040267,0.9500000234693289,1.26585405166777
Hand,step2_results\resampled\Hand\D01197_simplified.obj,.obj,6500,12996,12996,triangles,-0.5278459787368774,-0.5841709971427917,-0.2657879889011383,0.7065389752388,0.9916719794273376,0.3687779903411865,1.2343849539756775,1.5758429765701294,0.6345659792423248,2.0999193516463226
Hand,step2_results\resampled\Hand\D01198_refined_simplified.obj,.obj,5100,10196,10196,triangles,0.02500000037252903,0.02500000037252903,0.02500000037252903,0.2456749975681305,0.17960099875926971,0.9750000238418579,0.22067499719560146,0.15460099838674068,0.9500000234693289,0.9874709958683248
Hand,step2_results\resampled\Hand\D01200_simplified.obj,.obj,6500,12996,12996,triangles,-0.4094870090484619,-0.6232730150222778,-0.25806498527526855,0.34546101093292236,0.9820690155029297,0.3482080101966858,0.7549480199813843,1.6053420305252075,0.6062729954719543,1.8747363795699772
Hand,step2_results\resampled\Hand\m323_simplified.obj,.obj,9013,17716,17716,triangles,0.025008000433444977,0.02500000037252903,0.02500000037252903,0.35153499245643616,0.9750000238418579,0.3704479932785034,0.3265269920229912,0.9500000234693289,0.3454479929059744,1.0622872666628713
Hand,step2_results\resampled\Hand\m324_simplified.obj,.obj,9000,17996,17996,triangles,0.025070500560104847,0.025021249894052744,0.02500137547031045,0.3546134978532791,0.2934130132198334,0.9749259948730469,0.32954299729317427,0.26839176332578063,0.9499246194027364,1.0406678183904432
Hand,step2_results\resampled\Hand\m325_refined_simplified.obj,.obj,5110,9861,9861,triangles,0.02500000037252903,0.02500000037252903,0.02500000037252903,0.46562400460243225,0.9750000238418579,0.5330650210380554,0.4406240042299032,0.9500000234693289,0.5080650206655264,1.1639500087715027
Hand,step2_results\resampled\Hand\m326_refined_simplified.obj,.obj,5106,9855,9855,triangles,0.02500000037252903,0.02500000037252903,0.02500000037252903,0.4266909956932068,0.9750000238418579,0.5253570079803467,0.40169099532067776,0.9500000234693289,0.5003570076078176,1.1463912226529354
Hand,step2_results\resampled\Hand\m327_refined_simplified.obj,.obj,5100,10196,10196,triangles,0.02500000037252903,0.02500000037252903,0.02500000037252903,0.7751539945602417,0.395345002412796,0.9750000238418579,0.7501539941877127,0.370345002040267,0.9500000234693289,1.26585405166777
Hand,step2_results\resampled\Hand\m328_kept.obj,.obj,6038,12072,12072,triangles,0.02500000037252903,0.02500000037252903,0.02500000037252903,0.9750000238418579,0.8509340286254883,0.263155996799469,0.9500000234693289,0.8259340282529593,0.23815599642693996,1.2811656185880085
Hand,step2_results\resampled\Hand\m329_kept.obj,.obj,6191,12378,12378,triangles,0.02500000037252903,0.02500000037252903,0.02500000037252903,0.8786600232124329,0.9750000238418579,0.354297012090683,0.8536600228399038,0.9500000234693289,0.32929701171815395,1.3189662623104719
Hand,step2_results\resampled\Hand\m330_refined_simplified.obj,.obj,5099,10048,10048,triangles,0.02500000037252903,0.02500000037252903,0.02500000037252903,0.9750000238418579,0.3991200029850006,0.5220379829406738,0.9500000234693289,0.3741200026124716,0.4970379825681448,1.1355670729031786
Hand,step2_results\resampled\Hand\m331_refined_simplified.obj,.obj,5097,10189,10189,triangles,0.02500000037252903,0.02500000037252903,0.02500000037252903,0.3847090005874634,0.9750000238418579,0.5638660192489624,0.35970900021493435,0.9500000234693289,0.5388660188764334,1.1498987762960224
Hand,step2_results\resampled\Hand\m332_refined_simplified.obj,.obj,5100,10196,10196,triangles,0.02500000037252903,0.02500000037252903,0.02500000037252903,0.8583629727363586,0.7832930088043213,0.9750000238418579,0.8333629723638296,0.7582930084317923,0.9500000234693289,1.4737714120362562
Hand,step2_results\resampled\Hand\m333_refined_simplified.obj,.obj,5100,10196,10196,triangles,0.02500000037252903,0.02500000037252903,0.02500000037252903,0.9082440137863159,0.6651049852371216,0.9750000238418579,0.8832440134137869,0.6401049848645926,0.9500000234693289,1.4464972946644317
Hand,step2_results\resampled\Hand\m334_refined_simplified.obj,.obj,5102,10180,10180,triangles,0.02500000037252903,0.02500000037252903,0.02500000037252903,0.7957429885864258,0.9750000238418579,0.4005500078201294,0.7707429882138968,0.9500000234693289,0.37555000744760036,1.279680665856332
Hand,step2_results\resampled\Hand\m335_simplified.obj,.obj,6500,12995,12995,triangles,0.02500000037252903,0.02500000037252903,0.02500000037252903,0.5761290192604065,0.9750000238418579,0.675059974193573,0.5511290188878775,0.9500000234693289,0.650059973821044,1.2762528000424744
Hand,step2_results\resampled\Hand\m336_refined_simplified.obj,.obj,5100,10196,10196,triangles,0.02500000037252903,0.02500000037252903,0.02500000037252903,0.5722759962081909,0.3467029929161072,0.9750000238418579,0.5472759958356619,0.32170299254357815,0.9500000234693289,1.142586484963451
Hand,step2_results\resampled\Hand\m337_refined_simplified.obj,.obj,5100,10196,10196,triangles,0.02500000037252903,0.02500000037252903,0.02500000037252903,0.2456749975681305,0.17960099875926971,0.9750000238418579,0.22067499719560146,0.15460099838674068,0.9500000234693289,0.9874709958683248
Hand,step2_results\resampled\Hand\m338_refined_simplified.obj,.obj,5100,10196,10196,triangles,0.02500000037252903,0.02500000037252903,0.02500000037252903,0.48937198519706726,0.3672339916229248,0.9750000238418579,0.46437198482453823,0.3422339912503958,0.9500000234693289,1.1114249815659096
Hand,step2_results\resampled\Hand\m339_refined_simplified.obj,.obj,5102,10159,10159,triangles,0.02500000037252903,0.02500000037252903,0.02500000037252903,0.19055700302124023,0.13492600619792938,0.9750000238418579,0.1655570026487112,0.10992600582540035,0.9500000234693289,0.9705631831439294
Hat,step2_results\resampled\Hat\m1627_refined_simplified.obj,.obj,5102,10184,10184,triangles,0.02500000037252903,0.02500000037252903,0.02500000037252903,0.9750000238418579,0.46236100792884827,0.6902030110359192,0.9500000234693289,0.43736100755631924,0.6652030106633902,1.2394675231396919
Hat,step2_results\resampled\Hat\m1628_refined_simplified.obj,.obj,5122,9201,9201,triangles,0.02500000037252903,0.02500000037252903,0.02500000037252903,0.7907909750938416,0.5555149912834167,0.9750000238418579,0.7657909747213125,0.5305149909108877,0.9500000234693289,1.3305570326511835
Hat,step2_results\resampled\Hat\m1629_refined_simplified.obj,.obj,5114,9276,9276,triangles,0.02500000037252903,0.02500000037252903,0.02500000037252903,0.7296209931373596,0.44812899827957153,0.9750000238418579,0.7046209927648306,0.4231289979070425,0.9500000234693289,1.2561962175179635
Hat,step2_results\resampled\Hat\m1630_refined_simplified.obj,.obj,5100,10196,10196,triangles,0.02500000037252903,0.02500000037252903,0.02500000037252903,0.892071008682251,0.44720199704170227,0.9750000238418579,0.867071008309722,0.42220199666917324,0.9500000234693289,1.353723274541145
Hat,step2_results\resampled\Hat\m1631_refined_simplified.obj,.obj,5138,8983,8983,triangles,0.02500000037252903,0.02500000037252903,0.02500000037252903,0.8546370267868042,0.488631010055542,0.9750000238418579,0.8296370264142752,0.46363100968301296,0.9500000234693289,1.3437824799159037
Hat,step2_results\resampled\Hat\m1632_refined_simplified.obj,.obj,5099,10182,10182,triangles,0.02500000037252903,0.02500000037252903,0.02500000037252903,0.862625002861023,0.7950649857521057,0.9750000238418579,0.8376250024884939,0.7700649853795767,0.9500000234693289,1.4822671051781533
Hat,step2_results\resampled\Hat\m1633_refined.obj,.obj,5441,10612,10612,triangles,0.02500000037252903,0.02500000037252903,0.02500000037252903,0.5057420134544373,0.8491759896278381,0.9750000238418579,0.4807420130819082,0.8241759892553091,0.9500000234693289,1.3464319474071975
Hat,step2_results\resampled\Hat\m1634_kept.obj,.obj,5814,11562,11562,triangles,0.02500000037252903,0.02500000037252903,0.02500000037252903,0.9274380207061768,0.6855829954147339,0.9750000238418579,0.9024380203336477,0.6605829950422049,0.9500000234693289,1.4674005310324678
Hat,step2_results\resampled\Hat\m1635_kept.obj,.obj,5071,10165,10165,triangles,0.02500000037252903,0.02500000037252903,0.02500000037252903,0.8440319895744324,0.6981070041656494,0.9750000238418579,0.8190319892019033,0.6731070037931204,0.9500000234693289,1.4235120240036976
Hat,step2_results\resampled\Hat\m1636_refined_simplified.obj,.obj,5100,10196,10196,triangles,0.02500000037252903,0.02500000037252903,0.02500000037252903,0.8937119841575623,0.8986780047416687,0.9750000238418579,0.8687119837850332,0.8736780043691397,0.9500000234693289,1.5557871996779944
Hat,step2_results\resampled\Hat\m1637_refined_simplified.obj,.obj,5100,10196,10196,triangles,0.02500000037252903,0.02500000037252903,0.02500000037252903,0.784695029258728,0.6812049746513367,0.9750000238418579,0.759695028886199,0.6562049742788076,0.9500000234693289,1.382114882987076
Hat,step2_results\resampled\Hat\m1638_simplified.obj,.obj,6499,13021,13021,triangles,0.02500000037252903,0.02500000037252903,0.02500000037252903,0.789762020111084,0.48452499508857727,0.9750000238418579,0.764762019738555,0.45952499471604824,0.9500000234693289,1.303274419374179
Hat,step2_results\resampled\Hat\m1639_refined_simplified.obj,.obj,5101,10128,10128,triangles,0.02500000037252903,0.02500000037252903,0.02500000037252903,0.6646929979324341,0.9750000238418579,0.8927419781684875,0.639692997559905,0.9500000234693289,0.8677419777959585,1.4369005935513228
Hat,step2_results\resampled\Hat\m1640_refined_simplified.obj,.obj,5100,10196,10196,triangles,0.02500000037252903,0.02500000037252903,0.02500000037252903,0.7279279828071594,0.7046530246734619,0.9750000238418579,0.7029279824346304,0.6796530243009329,0.9500000234693289,1.3632813453292574
Hat,step2_results\resampled\Hat\m1641_refined_simplified.obj,.obj,5101,10190,10190,triangles,0.02500000037252903,0.02500000037252903,0.02500000037252903,0.558568000793457,0.9750000238418579,0.771103024482727,0.533568000420928,0.9500000234693289,0.746103024110198,1.3205546479609602
Helicopter,step2_results\resampled\Helicopter\D00038_simplified.obj,.obj,9036,16470,16470,triangles,-0.8520609736442566,-0.3258430063724518,-0.19853900372982025,1.0007599592208862,0.18362300097942352,0.12910400331020355,1.8528209328651428,0.5094660073518753,0.3276430070400238,1.9493206411395094
Helicopter,step2_results\resampled\Helicopter\D00191_refined_simplified.obj,.obj,5113,9545,9545,triangles,-0.9200969934463501,-0.6237099766731262,-0.25818899273872375,0.7465140223503113,0.7314720153808594,0.33516401052474976,1.6666110157966614,1.3551819920539856,0.5933530032634735,2.228492381868058
Helicopter,step2_results\resampled\Helicopter\D00361_simplified.obj,.obj,9013,16351,16351,triangles,-0.8904755115509033,-0.648252010345459,-0.2815690040588379,0.86216801404953,0.7475529909133911,0.1981311272829771,1.7526435256004333,1.39580500125885,0.479700131341815,2.291319084147315
Helicopter,step2_results\resampled\Helicopter\D00397_kept.obj,.obj,5207,7969,7969,triangles,-0.8125360012054443,-0.5397719740867615,-0.2886289954185486,0.9533529877662659,0.8379979729652405,0.23361000418663025,1.7658889889717102,1.377769947052002,0.5222389996051788,2.299858152382408
Helicopter,step2_results\resampled\Helicopter\D00423_refined.obj,.obj,5364,10672,10672,triangles,-1.0720499753952026,-0.6191759705543518,-0.1806659996509552,0.6142039895057678,0.6741970181465149,0.30946099758148193,1.6862539649009705,1.2933729887008667,0.49012699723243713,2.1809380081656013
Helicopter,step2_results\resampled\Helicopter\D00470_refined_simplified.obj,.obj,5099,10083,10083,triangles,-1.0465600490570068,-0.47054898738861084,-0.440528005361557,0.7617149949073792,0.8049830198287964,0.21214300394058228,1.808275043964386,1.2755320072174072,0.6526710093021393,2.307123746668987
Helicopter,step2_results\resampled\Helicopter\D00471_simplified.obj,.obj,9001,16688,16688,triangles,-1.0146499872207642,-0.7689380049705505,-0.2808629870414734,0.9086840152740479,0.809145987033844,0.21819600462913513,1.923334002494812,1.5780839920043945,0.4990589916706085,2.5374441172448554
Helicopter,step2_results\resampled\Helicopter\D00473_refined_simplified.obj,.obj,5130,9073,9073,triangles,-0.9839730262756348,-0.5085409879684448,-0.8027359843254089,0.7369319796562195,0.3697409927845001,0.5678849816322327,1.7209050059318542,0.878281980752945,1.3706209659576416,2.368859453297998
Helicopter,step2_results\resampled\Helicopter\D00498_refined_simplified.obj,.obj,5083,9182,9182,triangles,-1.0598299503326416,-0.6489850282669067,-0.18442800641059875,0.7182819843292236,0.6883999705314636,0.29743099212646484,1.7781119346618652,1.3373849987983704,0.4818589985370636,2.276503630936929
Helicopter,step2_results\resampled\Helicopter\D00500_simplified.obj,.obj,6519,11925,11925,triangles,-1.0299299955368042,-0.9081000089645386,-0.2524549961090088,0.7548155188560486,0.4597280025482178,0.21928800642490387,1.7847455143928528,1.3678280115127563,0.47174300253391266,2.29756642573486
Helicopter,step2_results\resampled\Helicopter\D00502_refined_simplified.obj,.obj,5128,9824,9824,triangles,-1.063099980354309,-0.3097670078277588,-0.6592350006103516,0.8753200173377991,0.27474498748779297,0.6007959842681885,1.9384199976921082,0.5845119953155518,1.26003098487854,2.3847021707069467
Helicopter,step2_results\resampled\Helicopter\D00644_simplified.obj,.obj,8999,18007,18007,triangles,-0.9567660093307495,-0.7975320219993591,-0.19845199584960938,0.9151315093040466,0.9348139762878418,0.16164999827742577,1.8718975186347961,1.732345998287201,0.36010199412703514,2.5757904464895924
Helicopter,step2_results\resampled\Helicopter\D00658_refined_simplified.obj,.obj,5148,9049,9049,triangles,-0.7308940291404724,-0.5517870187759399,-0.328449010848999,1.0857000350952148,0.8340340256690979,0.24864600598812103,1.8165940642356873,1.3858210444450378,0.5770950168371201,2.35659767883729
Helicopter,step2_results\resampled\Helicopter\D00751_simplified.obj,.obj,9012,17279,17279,triangles,-0.9696440100669861,-0.7447519898414612,-0.20284700393676758,0.7971959710121155,0.7701749801635742,0.2580859959125519,1.7668399810791016,1.5149269700050354,0.46093299984931946,2.3725906670848915
Helicopter,step2_results\resampled\Helicopter\D00796_refined_simplified.obj,.obj,5102,9812,9812,triangles,-0.7499790191650396,-0.8897209763526917,-0.3161349892616272,0.8321509957313538,0.9394180178642273,0.24519599974155426,1.5821300148963933,1.829138994216919,0.5613309890031815,2.4827358545395506
Helicopter,step2_results\resampled\Helicopter\D00820_refined_simplified.obj,.obj,5126,8280,8280,triangles,-0.6639320254325867,-0.6072239875793457,-0.24288399517536163,0.8441060185432434,0.4949449896812439,0.26152199506759644,1.50803804397583,1.1021689772605896,0.5044059902429581,1.9347817963551033
Helicopter,step2_results\resampled\Helicopter\D00868_refined_simplified.obj,.obj,5114,9979,9979,triangles,-0.6331539750099182,-0.5953999757766724,-0.13749000430107117,1.0153000354766846,0.654354989528656,0.1745470017194748,1.6484540104866028,1.2497549653053284,0.31203700602054596,2.0920456952755484
Helicopter,step2_results\resampled\Helicopter\D00977_kept.obj,.obj,5429,8458,8458,triangles,-0.947700023651123,-0.6014950275421143,-0.22012299299240112,0.8473680019378662,0.7610309720039368,0.23186099529266357,1.7950680255889893,1.362525999546051,0.4519839882850647,2.2984855539239293
Helicopter,step2_results\resampled\Helicopter\D00986_refined_simplified.obj,.obj,5100,9865,9865,triangles,-0.780879020690918,-0.47191500663757324,-0.12294699996709824,0.9566749930381775,0.7322329878807068,0.1755490005016327,1.7375540137290955,1.20414799451828,0.2984960004687309,2.1349862307809655
Helicopter,step2_results\resampled\Helicopter\D00991_refined_simplified.obj,.obj,5111,9344,9344,triangles,-1.035979986190796,-0.3044300079345703,-0.25544899702072144,0.6560099720954895,0.5436310172080994,0.38460099697113037,1.6919899582862854,0.8480610251426697,0.6400499939918518,1.9979243018985056
Helicopter,step2_results\resampled\Helicopter\m1302_refined_simplified.obj,.obj,5108,9577,9577,triangles,0.02500000037252903,0.02500000037252903,0.02500000037252903,0.211885005235672,0.2897540032863617,0.9750000238418579,0.18688500486314297,0.26475400291383266,0.9500000234693289,1.0037533221331425
Helicopter,step2_results\resampled\Helicopter\m1304_refined_simplified.obj,.obj,5100,10156,10156,triangles,0.02500000037252903,0.02500000037252903,0.02500000037252903,0.26650598645210266,0.37327098846435547,0.9750000238418579,0.24150598607957363,0.34827098809182644,0.9500000234693289,1.0402489447485392
Helicopter,step2_results\resampled\Helicopter\m1305_simplified.obj,.obj,6498,12956,12956,triangles,0.02500000037252903,0.02500000037252903,0.02500000037252903,0.9750000238418579,0.27109700441360474,0.16668400168418884,0.9500000234693289,0.2460970040410757,0.1416840013116598,0.9915332249689877
Helicopter,step2_results\resampled\Helicopter\m1306_simplified.obj,.obj,6503,12870,12870,triangles,0.02500000037252903,0.02500000037252903,0.02500000037252903,0.7519620060920715,0.3108370006084442,0.9750000238418579,0.7269620057195425,0.2858370002359152,0.9500000234693289,1.2299091808159544
Helicopter,step2_results\resampled\Helicopter\m1307_simplified.obj,.obj,9008,17736,17736,triangles,0.02500000037252903,0.02500000037252903,0.02500000037252903,0.7539550065994263,0.3369379937648773,0.9750000238418579,0.7289550062268972,0.3119379933923483,0.9500000234693289,1.237408888531445
Helicopter,step2_results\resampled\Helicopter\m1308_simplified.obj,.obj,8999,17948,17948,triangles,0.02500000037252903,0.02500000037252903,0.02500000037252903,0.9153349995613098,0.2512750029563904,0.9750000238418579,0.8903349991887808,0.22627500258386135,0.9500000234693289,1.3215130843720535
Helicopter,step2_results\resampled\Helicopter\m1309_refined_simplified.obj,.obj,5124,9189,9189,triangles,0.02500000037252903,0.02500000037252903,0.02500000037252903,0.9750000238418579,0.26252299547195435,0.6524850130081177,0.9500000234693289,0.23752299509942532,0.6274850126355886,1.1630368261044066
Helicopter,step2_results\resampled\Helicopter\m1310_refined.obj,.obj,5364,10664,10664,triangles,0.02500000037252903,0.02500000037252903,0.02500000037252903,0.7745199799537659,0.29927000403404236,0.9750000238418579,0.7495199795812368,0.27427000366151333,0.9500000234693289,1.2407676169580142
Helicopter,step2_results\resampled\Helicopter\m1311_refined_simplified.obj,.obj,5100,10196,10196,triangles,0.02500000037252903,0.02500000037252903,0.02500000037252903,0.8518790006637573,0.20723000168800354,0.9750000238418579,0.8268790002912283,0.1822300013154745,0.9500000234693289,1.2725709014014834
Helicopter,step2_results\resampled\Helicopter\m1312_refined_simplified.obj,.obj,5102,9810,9810,triangles,0.02500000037252903,0.02500000037252903,0.02500000037252903,0.9750000238418579,0.31124499440193176,0.8396919965744019,0.9500000234693289,0.28624499402940273,0.8146919962018728,1.2838065624828416
Helicopter,step2_results\resampled\Helicopter\m1313_refined_simplified.obj,.obj,5134,9765,9765,triangles,0.02500000037252903,0.02500000037252903,0.02500000037252903,0.813506007194519,0.9750000238418579,0.2911500036716461,0.78850600682199,0.9500000234693289,0.2661500032991171,1.2629638124832419
Helicopter,step2_results\resampled\Helicopter\m1314_refined_simplified.obj,.obj,5126,9664,9664,triangles,0.02500000037252903,0.02500000037252903,0.02500000037252903,0.9750000238418579,0.767998993396759,0.39139899611473083,0.9500000234693289,0.74299899302423,0.3663989957422018,1.2604744235039596
Helicopter,step2_results\resampled\Helicopter\m1315_refined_simplified.obj,.obj,5116,9572,9572,triangles,0.02500000037252903,0.02500000037252903,0.02500000037252903,0.7522460222244263,0.9750000238418579,0.22625400125980377,0.7272460218518972,0.9500000234693289,0.20125400088727474,1.2132147352238476
Helicopter,step2_results\resampled\Helicopter\m1316_refined.obj,.obj,5580,10464,10464,triangles,0.02500000037252903,0.02500000037252903,0.02500000037252903,0.9750000238418579,0.5808510184288025,0.25824299454689026,0.9500000234693289,0.5558510180562735,0.23324299417436123,1.1251100804798355
Helicopter,step2_results\resampled\Helicopter\m1317_refined_simplified.obj,.obj,5110,9762,9762,triangles,0.02500000037252903,0.02500000037252903,0.02500000037252903,0.9750000238418579,0.6693170070648193,0.22407299280166626,0.9500000234693289,0.6443170066922903,0.19907299242913723,1.165021247024847
Helicopter,step2_results\resampled\Helicopter\m1318_refined_simplified.obj,.obj,5113,9646,9646,triangles,0.02500000037252903,0.02500000037252903,0.02500000037252903,0.9750000238418579,0.7591300010681152,0.25031301379203796,0.9500000234693289,0.7341300006955862,0.22531301341950893,1.2215616466348338
Helicopter,step2_results\resampled\Helicopter\m1319_refined_simplified.obj,.obj,5120,9743,9743,triangles,0.02500000037252903,0.02500000037252903,0.02500000037252903,0.6877350211143494,0.9750000238418579,0.17855499684810638,0.6627350207418203,0.9500000234693289,0.15355499647557735,1.1684591945172929
Helicopter,step2_results\resampled\Helicopter\m1320_simplified.obj,.obj,6556,12070,12070,triangles,0.02500000037252903,0.02500000037252903,0.02500000037252903,0.7627130150794983,0.31256601214408875,0.9750000238418579,0.7377130147069693,0.2875660117715597,0.9500000234693289,1.2366950908716228
Helicopter,step2_results\resampled\Helicopter\m1321_refined_simplified.obj,.obj,5124,9843,9843,triangles,0.02500000037252903,0.02500000037252903,0.02500000037252903,0.6589620113372803,0.2797609865665436,0.9750000238418579,0.6339620109647512,0.25476098619401455,0.9500000234693289,1.1701756432368364
Helicopter,step2_results\resampled\Helicopter\m1322_refined_simplified.obj,.obj,5104,10128,10128,triangles,0.02500000037252903,0.02500000037252903,0.02500000037252903,0.8584759831428528,0.9750000238418579,0.29043900966644287,0.8334759827703238,0.9500000234693289,0.26543900929391384,1.2913714129179168
Helicopter,step2_results\resampled\Helicopter\m1323_kept.obj,.obj,5729,10160,10160,triangles,0.02500000037252903,0.02500000037252903,0.02500000037252903,0.802266001701355,0.47494199872016907,0.9750000238418579,0.777266001328826,0.44994199834764004,0.9500000234693289,1.3073217979099467
Helicopter,step2_results\resampled\Helicopter\m1325_refined.obj,.obj,5423,9368,9368,triangles,0.02500000037252903,0.02500000037252903,0.02500000037252903,0.8377230167388916,0.9750000238418579,0.2997229993343353,0.8127230163663626,0.9500000234693289,0.2747229989618063,1.2800357307832984
Helicopter,step2_results\resampled\Helicopter\m1326_refined.obj,.obj,5297,8940,8940,triangles,0.02500000037252903,0.02500000037252903,0.02500000037252903,0.9750000238418579,0.3034699857234955,0.8401489853858948,0.9500000234693289,0.27846998535096645,0.8151489850133657,1.2823858409626228
Helicopter,step2_results\resampled\Helicopter\m1327_simplified.obj,.obj,6531,12416,12416,triangles,0.02500000037252903,0.02500000037252903,0.02500000037252903,0.7627120018005371,0.9750000238418579,0.31255900859832764,0.7377120014280081,0.9500000234693289,0.2875590082257986,1.236692857929748
Helicopter,step2_results\resampled\Helicopter\m1328_refined_simplified.obj,.obj,5099,10210,10210,triangles,0.02500000037252903,0.02500000037252903,0.02500000037252903,0.9750000238418579,0.31891700625419617,0.7893810272216797,0.9500000234693289,0.29391700588166714,0.7643810268491507,1.254258986471746
Helicopter,step2_results\resampled\Helicopter\m1329_refined_simplified.obj,.obj,5103,10071,10071,triangles,0.02500000037252903,0.02500000037252903,0.02500000037252903,0.7871289849281311,0.5745440125465393,0.9750000238418579,0.7621289845556021,0.5495440121740103,0.9500000234693289,1.3361658785524302
Helicopter,step2_results\resampled\Helicopter\m1330_refined_simplified.obj,.obj,5102,10072,10072,triangles,0.02500000037252903,0.02500000037252903,0.02500000037252903,0.22257100045681,0.2513270080089569,0.9750000238418579,0.19757100008428097,0.22632700763642788,0.9500000234693289,0.9963725503302908
Helicopter,step2_results\resampled\Helicopter\m1332_refined_simplified.obj,.obj,5092,10075,10075,triangles,0.02500000037252903,0.02500000037252903,0.02500000037252903,0.729324996471405,0.32098400592803955,0.9750000238418579,0.704324996098876,0.2959840055555105,0.9500000234693289,1.219089937726537
Helicopter,step2_results\resampled\Helicopter\m1333_refined_simplified.obj,.obj,5096,10054,10054,triangles,0.02500000037252903,0.02500000037252903,0.02500000037252903,0.8159409761428833,0.27301499247550964,0.9750000238418579,0.7909409757703543,0.2480149921029806,0.9500000234693289,1.2607930472730753
Helicopter,step2_results\resampled\Helicopter\m1334_refined_simplified.obj,.obj,5140,10164,10164,triangles,0.02500000037252903,0.02500000037252903,0.02500000037252903,0.8155390024185181,0.2724060118198395,0.9750000238418579,0.790539002045989,0.24740601144731045,0.9500000234693289,1.2604212362729614
Helicopter,step2_results\resampled\Helicopter\m1336_refined_simplified.obj,.obj,5104,10145,10145,triangles,0.02500000037252903,0.02500000037252903,0.02500000037252903,0.7404209971427917,0.28615298867225647,0.9750000238418579,0.7154209967702627,0.26115298829972744,0.9500000234693289,1.2175911179494368
House,step2_results\resampled\House\D00001_simplified.obj,.obj,9142,11062,11062,triangles,-0.7259830236434937,-0.9893379807472229,-0.5420399904251099,1.0082999467849731,0.7531589865684509,0.43992750346660614,1.7342829704284668,1.7424969673156738,0.981967493891716,2.647318126270903
House,step2_results\resampled\House\D00044_simplified.obj,.obj,9054,16826,16826,triangles,-0.7085829973220825,-0.6989160180091858,-0.4886240065097809,0.9321770071983337,0.9935060143470764,0.48147401213645935,1.6407600045204163,1.6924220323562622,0.9700980186462402,2.549014690781538
House,step2_results\resampled\House\D00091_refined_simplified.obj,.obj,5108,9688,9688,triangles,-1.1309100389480593,-0.7420369982719421,-0.34843599796295166,0.5424100160598755,0.5683000087738037,0.7033979892730716,1.6733200550079348,1.3103370070457458,1.0518339872360234,2.371357799917632
House,step2_results\resampled\House\D00095_refined_simplified.obj,.obj,5106,10149,10149,triangles,-0.7593610286712646,-0.9414889812469482,-0.22935999929904938,1.1738500595092773,0.9149649712023358,0.4979209899902344,1.933211088180542,1.856453952449284,0.7272809892892838,2.777168346789651
House,step2_results\resampled\House\D00286_simplified.obj,.obj,9023,14773,14773,triangles,-0.8574159741401672,-0.9198020100593567,-0.38752099871635437,0.8803420066833496,0.8546940088272095,0.5212370157241821,1.7377579808235168,1.7744960188865662,0.9087580144405365,2.6447079327914462
House,step2_results\resampled\House\D00325_simplified.obj,.obj,6536,12664,12664,triangles,-0.6121320128440857,-0.7827420234680176,-0.9449419975280762,1.003059983253479,0.7849670052528381,0.6841380000114441,1.6151919960975647,1.5677090287208557,1.6290799975395203,2.7785712913966933
House,step2_results\resampled\House\D00359_simplified.obj,.obj,9016,11221,11221,triangles,-1.0119400024414062,-0.9339029788970947,-0.4204294979572296,0.7227479815483093,0.8271639943122864,0.6091859936714172,1.7346879839897156,1.761066973209381,1.0296154916286469,2.6777989742564423
House,step2_results\resampled\House\D00389_simplified.obj,.obj,9297,8995,8995,triangles,-1.08364999294281,-0.8306789994239807,-0.4548891086172222,0.7490379810333252,0.8713369965553284,0.4763849973678589,1.8326879739761353,1.702015995979309,0.9312741059850811,2.6688715070239897
House,step2_results\resampled\House\D00415_simplified.obj,.obj,9035,15059,15059,triangles,-0.7961940169334412,-0.6316220164299011,-0.9684739708900452,0.7809889912605286,0.44628700613975525,0.3976980000734329,1.5771830081939697,1.0779090225696564,1.366171970963478,2.348578284094249
House,step2_results\resampled\House\D00454_kept.obj,.obj,5500,10204,10204,triangles,-0.7917730212211609,-0.6312459707260132,-0.254815012216568,1.0614900588989258,0.4801650047302246,0.497624009847641,1.8532630801200867,1.1114109754562378,0.752439022064209,2.2882270172397057
House,step2_results\resampled\House\D00568_refined_simplified.obj,.obj,5128,9936,9936,triangles,-0.5683850049972534,-0.5735669732093811,-0.8770800232887268,1.0051000118255615,0.6857360005378721,0.44176501035690385,1.573485016822815,1.2593029737472532,1.3188450336456308,2.40853717028123
House,step2_results\resampled\House\D00574_simplified.obj,.obj,12452,8956,8956,triangles,-0.9380199909210205,-0.8805400133132935,-0.3999499976634979,0.5380539894104004,0.8419100046157837,0.340938001871109,1.476073980331421,1.7224500179290771,0.7408879995346069,2.386324262863225
House,step2_results\resampled\House\D00665_refined_simplified.obj,.obj,5111,8655,8655,triangles,-0.8085119724273682,-0.8170560002326968,-0.6251940131187439,0.8738390110697375,0.7965480089187622,0.6420410275459292,1.6823509834971055,1.613604009151459,1.267235040664673,2.6532823781708075
House,step2_results\resampled\House\D00873_kept.obj,.obj,6349,11067,11067,triangles,-0.7278910279273987,-0.8048179745674133,-0.4700239896774292,1.060920000076294,1.0081499814987183,0.3698889911174774,1.7888110280036926,1.8129679560661316,0.8399129807949066,2.681818696134774
House,step2_results\resampled\House\D00889_refined_simplified.obj,.obj,5100,10180,10180,triangles,-0.8035709857940674,-0.9056140184402466,-0.34213900566101074,1.030169963836673,0.8091530215359692,0.5823330283164978,1.8337409496307404,1.7147670399762158,0.9244720339775085,2.675384161825728
House,step2_results\resampled\House\D00901_simplified.obj,.obj,9036,14496,14496,triangles,-0.8113740086555481,-1.0002299547195435,-0.5166019797325134,0.9754210114479065,0.7823420166969299,0.38500499725341797,1.7867950201034546,1.7825719714164734,0.9016069769859314,2.6801295524835784
House,step2_results\resampled\House\D00903_simplified.obj,.obj,9116,10723,10723,triangles,-1.0563700199127197,-0.7895259857177734,-0.4602012485265732,0.7291640043258667,0.6776639819145203,0.4362330138683319,1.7855340242385864,1.4671899676322937,0.8964342623949051,2.4787844883389902
House,step2_results\resampled\House\D00941_simplified.obj,.obj,6522,12063,12063,triangles,-0.7630969882011414,-0.6262480020523071,-0.369733989238739,1.006790041923523,0.2220429927110672,0.42777499556541443,1.7698870301246643,0.8482909947633743,0.7975089848041534,2.1185179470666493
House,step2_results\resampled\House\D00946_simplified.obj,.obj,6520,12674,12674,triangles,-0.5867409706115723,-0.7918999791145325,-0.6389840245246887,0.9471179842948914,0.7725690007209778,0.5861709713935852,1.5338589549064636,1.5644689798355103,1.225154995918274,2.5102372888708784
House,step2_results\resampled\House\D00965_refined_simplified.obj,.obj,5126,9503,9503,triangles,-0.9241440296173096,-0.9204930067062378,-0.3974120020866394,0.7853360176086426,0.7992079854011536,0.33755600452423096,1.7094800472259521,1.7197009921073914,0.7349680066108704,2.533746535243876
House,step2_results\resampled\House\m423_refined_simplified.obj,.obj,5110,9963,9963,triangles,0.02500000037252903,0.02500000037252903,0.02500000037252903,0.9750000238418579,0.30910900235176086,0.3908349871635437,0.9500000234693289,0.28410900197923183,0.36583498679101467,1.0569073787034238
House,step2_results\resampled\House\m429_simplified.obj,.obj,9042,17554,17554,triangles,0.02500000037252903,0.02500000037252903,0.02500000037252903,0.9750000238418579,0.5635349750518799,0.9463899731636047,0.9500000234693289,0.5385349746793509,0.9213899727910757,1.428803501362085
House,step2_results\resampled\House\m430_refined_simplified.obj,.obj,5130,9476,9476,triangles,0.02500000037252903,0.02500000037252903,0.02500000037252903,0.9750000238418579,0.45201098918914795,0.7223899960517883,0.9500000234693289,0.4270109888166189,0.6973899956792593,1.2534716730885422
House,step2_results\resampled\House\m431_refined_simplified.obj,.obj,5097,8539,8539,triangles,0.02500000037252903,0.02500000037252903,0.02500000037252903,0.9750000238418579,0.1652670055627823,0.48245400190353394,0.9500000234693289,0.14026700519025326,0.4574540015310049,1.0636912337955486
House,step2_results\resampled\House\m432_refined_simplified.obj,.obj,5125,9605,9605,triangles,0.02500000037252903,0.02500000037252903,0.02500000037252903,0.9750000238418579,0.32979899644851685,0.9566429853439331,0.9500000234693289,0.3047989960759878,0.9316429849714041,1.3650498613776285
House,step2_results\resampled\House\m433_refined_simplified.obj,.obj,5148,9637,9637,triangles,0.02500000037252903,0.02500000037252903,0.02500000037252903,0.9750000238418579,0.22406800091266632,0.8886359930038452,0.9500000234693289,0.1990680005401373,0.8636359926313162,1.299228710119605
House,step2_results\resampled\House\m434_refined_simplified.obj,.obj,5104,10036,10036,triangles,0.025000000372528863,0.02500000037252903,0.02500000037252902,0.6583330035209656,0.9750000238418648,0.9750000238418581,0.6333330031484368,0.9500000234693358,0.9500000234693291,1.4852982131748769
House,step2_results\resampled\House\m435_refined_simplified.obj,.obj,5102,9791,9791,triangles,0.02500000037252903,0.02500000037252903,0.02500000037252903,0.9750000238418579,0.34562501311302185,0.5,0.9500000234693289,0.3206250127404928,0.47499999962747097,1.1094707941323485
House,step2_results\resampled\House\m436_refined_simplified.obj,.obj,5110,9339,9339,triangles,0.02500000037252903,0.02500000037252903,0.02500000037252903,0.9750000238418579,0.35156700015068054,0.4856559932231903,0.9500000234693289,0.3265669997781515,0.4606559928506613,1.1051470461821165
House,step2_results\resampled\House\m439_refined_simplified.obj,.obj,5106,10032,10032,triangles,0.02500000037252903,0.02500000037252903,0.02500000037252903,0.5888339877128601,0.19120199978351593,0.9750000238418579,0.5638339873403311,0.1662019994109869,0.9500000234693289,1.117153487431352
House,step2_results\resampled\House\m440_refined_simplified.obj,.obj,5097,10278,10278,triangles,0.025000000372529023,0.02500000037252903,0.02500000037252903,0.6518039703369141,0.465721994638443,0.975000023841858,0.626803969964385,0.44072199426591396,0.950000023469329,1.22049954427872
House,step2_results\resampled\House\m441_refined_simplified.obj,.obj,5125,6527,6527,triangles,0.02500000037252903,0.02500000037252903,0.02500000037252903,0.6778929829597473,0.43759700655937195,0.9750000238418579,0.6528929825872183,0.4125970061868429,0.9500000234693289,1.2243388341540526
House,step2_results\resampled\House\m443_refined_simplified.obj,.obj,5100,9649,9649,triangles,0.02500000037252903,0.02500000037252903,0.02500000037252903,0.5785120129585266,0.46466898918151855,0.9750000238418579,0.5535120125859976,0.4396689888089895,0.9500000234693289,1.184138679542665
House,step2_results\resampled\House\m446_simplified.obj,.obj,8978,15367,15367,triangles,0.02500000037252903,0.02500000037252903,0.02500000037252903,0.9750000238418579,0.2787170112133026,0.6903340220451355,0.9500000234693289,0.2537170108407736,0.6653340216726065,1.187241225099915
House,step2_results\resampled\House\m447_refined.obj,.obj,5213,9480,9480,triangles,0.02500000037252903,0.02500000037252903,0.02500000037252903,0.9750000238418579,0.47641199827194214,0.4652569890022278,0.9500000234693289,0.4514119978994131,0.44025698862969875,1.140218861656198
House,step2_results\resampled\House\m448_refined_simplified.obj,.obj,5094,9781,9781,triangles,0.02500000037252903,0.025000000372529023,0.02500000037252903,0.7145630121231079,0.9750000238418594,0.899308979511261,0.6895630117505789,0.9500000234693303,0.874308979138732,1.4636985286488706
House,step2_results\resampled\House\m449_refined_simplified.obj,.obj,5094,9747,9747,triangles,0.02500000037252903,0.02500000037252903,0.02500000037252903,0.6805840134620667,0.5246779918670688,0.9750000238418579,0.6555840130895376,0.49967799149453973,0.9500000234693289,1.2577633076196515
House,step2_results\resampled\House\m451_refined_simplified.obj,.obj,5096,9791,9791,triangles,0.02500000037252903,0.02500000037252903,0.02500000037252903,0.9750000238418581,0.2466610074043274,0.5374240279197693,0.9500000234693291,0.22166100703179836,0.5124240275472403,1.101912896121019
House,step2_results\resampled\House\m452_refined_simplified.obj,.obj,5100,10186,10186,triangles,0.025000000372529307,0.02500000037252903,0.02500000037252903,0.9750000238418578,0.7434419989585876,0.766430974006653,0.9500000234693284,0.7184419985860586,0.741430973634124,1.4029892510593585
House,step2_results\resampled\House\m453_refined_simplified.obj,.obj,5080,10478,10478,triangles,0.02500000037252903,0.02500000037252903,0.02500000037252903,0.9750000238418579,0.8251979947090149,0.7390609979629517,0.9500000234693289,0.8001979943364859,0.7140609975904226,1.4327246710417496
House,step2_results\resampled\House\m454_refined_simplified.obj,.obj,5109,9380,9380,triangles,0.02500000037252903,0.02500000037252903,0.02500000037252903,0.9750000238418579,0.3874000012874603,0.5550500154495239,0.9500000234693289,0.3624000009149313,0.5300500150769949,1.146641541083346
House,step2_results\resampled\House\m456_refined_simplified.obj,.obj,5091,8238,8238,triangles,0.02500000037252903,0.02500000037252903,0.02500000037252892,0.9750000238418581,0.4844619929790497,0.9427949786186218,0.9500000234693291,0.45946199260652065,0.9177949782460929,1.3985538921812868
House,step2_results\resampled\House\m457_refined_simplified.obj,.obj,5100,9649,9649,triangles,0.02500000037252903,0.02500000037252903,0.02500000037252903,0.5785120129585266,0.46466898918151855,0.9750000238418579,0.5535120125859976,0.4396689888089895,0.9500000234693289,1.184138679542665
House,step2_results\resampled\House\m460_refined_simplified.obj,.obj,5137,8046,8046,triangles,0.02500000037252903,0.02500000037252903,0.02500000037252903,0.9750000238418579,0.680990993976593,0.7550039887428284,0.9500000234693289,0.655990993604064,0.7300039883702993,1.3659172930005377
House,step2_results\resampled\House\m461_refined_simplified.obj,.obj,5101,10156,10156,triangles,0.02500000037252909,0.02500000037252903,0.02500000037252903,0.9750000238418575,0.8252350091934209,0.7160570025444042,0.9500000234693283,0.8002350088208918,0.6910570021718752,1.421420379122614
House,step2_results\resampled\House\m462_refined_simplified.obj,.obj,5066,9811,9811,triangles,0.02500000037252903,0.02500000037252903,0.02500000037252903,0.6802470088005066,0.6038200259208679,0.9750000238418579,0.6552470084279776,0.5788200255483389,0.9500000234693289,1.2910775765310616
HumanHead,step2_results\resampled\HumanHead\D00013_kept.obj,.obj,5243,10203,10203,triangles,-3.8057398796081543,-0.9056689739227295,15.18019962310791,-1.6852400302886963,1.5712800025939941,18.308799743652344,2.120499849319458,2.4769489765167236,3.1286001205444336,4.518842170014542
HumanHead,step2_results\resampled\HumanHead\D00061_refined_simplified.obj,.obj,5093,8565,8565,triangles,2.837739944458008,3.5615100860595703,10.78339958190918,4.058420181274414,5.1757001876831055,12.925000190734863,1.2206802368164062,1.6141901016235352,2.1416006088256836,2.9465442627688616
HumanHead,step2_results\resampled\HumanHead\D00072_kept.obj,.obj,5284,10387,10387,triangles,-1.9750399589538574,-0.9509310126304626,0.004770999774336815,-0.28024598956108093,0.9170719981193542,2.4265999794006348,1.6947939693927765,1.868003010749817,2.421828979626298,3.496715237679251
HumanHead,step2_results\resampled\HumanHead\D00106_kept.obj,.obj,5276,10432,10432,triangles,-0.48428499698638916,-0.1720619946718216,-0.06294599920511246,0.4574829936027527,0.6532580256462097,1.1352499723434448,0.9417679905891418,0.8253200203180313,1.1981959715485573,1.7331340600978498
HumanHead,step2_results\resampled\HumanHead\D00131_kept.obj,.obj,5161,10222,10222,triangles,0.0009756590006873012,-7.303140163421631,5.1474199295043945,3.734499931335449,-2.343250036239624,11.029000282287598,3.733524272334762,4.959890127182007,5.881580352783203,8.551765958682203
HumanHead,step2_results\resampled\HumanHead\D00205_refined_simplified.obj,.obj,5110,10054,10054,triangles,-4.163459777832031,1.337209939956665,-4.339260101318364,1.0695199966430664,8.197699546813965,4.804200172424316,5.232979774475098,6.8604896068573,9.14346027374268,12.571923510082815
HumanHead,step2_results\resampled\HumanHead\D00313_kept.obj,.obj,6146,12288,12288,triangles,0.15434600412845612,0.15390899777412415,0.16412700712680817,0.46303901076316833,0.46172699332237244,0.4923819899559021,0.3086930066347122,0.3078179955482483,0.32825498282909393,0.5457056207156461
HumanHead,step2_results\resampled\HumanHead\D00434_refined_simplified.obj,.obj,5110,9822,9822,triangles,-2.332787036895752,-2.775222063064575,-0.34586501121520996,2.5163779258728027,4.0882649421691895,5.5621747970581055,4.849164962768555,6.863487005233765,5.908039808273315,10.272623281484487
HumanHead,step2_results\resampled\HumanHead\D00487_refined_simplified.obj,.obj,5102,10073,10073,triangles,-0.38386398553848267,-1.3598790168762207,-0.007895000278949738,0.39067599177360535,-0.56734299659729,0.9737809896469116,0.774539977312088,0.7925360202789307,0.9816759899258614,1.4804436055085297
HumanHead,step2_results\resampled\HumanHead\D00488_kept.obj,.obj,6211,12349,12349,triangles,-0.10679999738931656,1.6164000034332275,-0.005185999907553196,0.10700300335884094,1.8566399812698364,0.25221800804138184,0.2138030007481575,0.2402399778366089,0.25740400794893503,0.4119269272432022
HumanHead,step2_results\resampled\HumanHead\D00566_refined_simplified.obj,.obj,5104,9970,9970,triangles,11598.7734375,-11225.927734375004,7202.792480468752,11787.05078125,-10979.020507812502,7483.17626953125,188.27734375,246.90722656250182,280.3837890624982,418.3618121523351
HumanHead,step2_results\resampled\HumanHead\D00578_simplified.obj,.obj,6509,12907,12907,triangles,-33.61429977416992,-30.340499877929688,-0.2881219983100891,0.06044299900531769,1.3721878729036643,39.26219940185547,33.67474277317524,31.712687750833354,39.55032140016556,60.85976329298174
HumanHead,step2_results\resampled\HumanHead\D00591_kept.obj,.obj,5167,10112,10112,triangles,-1.157289981842041,-1.1996500492095947,-2.4486000537872314,1.214169979095459,2.5581300258636475,2.3743700981140137,2.3714599609375,3.757780075073242,4.822970151901245,6.557878812930098
HumanHead,step2_results\resampled\HumanHead\D00610_refined_simplified.obj,.obj,5104,10072,10072,triangles,-0.5046449899673462,-0.99549800157547,-0.3786430060863495,1.3707000017166138,0.9964500069618225,2.166300058364868,1.87534499168396,1.9919480085372925,2.5449430644512177,3.7365105255904405
HumanHead,step2_results\resampled\HumanHead\D00629_refined_simplified.obj,.obj,5117,9453,9453,triangles,-2.2392330169677734,-3.1315109729766846,0.3023810088634491,-0.9273809790611267,-1.9199309349060059,1.8077130317687988,1.3118520379066467,1.2115800380706787,1.5053320229053497,2.335574117255858
HumanHead,step2_results\resampled\HumanHead\D00653_refined_simplified.obj,.obj,5110,10070,10070,triangles,-3.1400909423828125,3.6998958587646484,-1.5812320709228516,-1.5196740627288818,5.59638786315918,1.4329249858856201,1.6204168796539307,1.8964920043945312,3.0141570568084717,3.9124896868500594
HumanHead,step2_results\resampled\HumanHead\D00690_refined_simplified.obj,.obj,5098,9980,9980,triangles,8.090760231018066,9.937339782714844,0.6140519976615906,11.137100219726562,13.690099716186523,4.810930252075195,3.046339988708496,3.7527599334716797,4.196878254413605,6.401342166096469
HumanHead,step2_results\resampled\HumanHead\D00758_refined_simplified.obj,.obj,5110,10061,10061,triangles,25.2852783203125,0.006541000213474035,2.4747629165649414,25.875211715698242,0.6671249866485596,3.2570579051971436,0.5899333953857422,0.6605839864350855,0.7822949886322021,1.1816844178395842
HumanHead,step2_results\resampled\HumanHead\D00910_refined.obj,.obj,5332,10616,10616,triangles,-0.9341930150985718,-0.30669501423835754,0.0,0.9341930150985718,1.7013099193572998,2.3157799243927,1.8683860301971436,2.0080049335956573,2.3157799243927,3.5896778169357484
HumanHead,step2_results\resampled\HumanHead\D00984_refined_simplified.obj,.obj,5100,10157,10157,triangles,0.7022169828414917,-2.2411000728607178,-1.3924599885940556,5.718389987945557,1.9349000453948975,5.266769886016846,5.016173005104065,4.176000118255615,6.659229874610901,9.324500583286806
HumanHead,step2_results\resampled\HumanHead\m340_refined_simplified.obj,.obj,5103,10086,10086,triangles,0.02500000037252903,0.02500000037252903,0.02500000037252903,0.8990089893341064,0.9750000238418579,0.9484450221061707,0.8740089889615774,0.9500000234693289,0.9234450217336416,1.5871806656905854
HumanHead,step2_results\resampled\HumanHead\m341_refined_simplified.obj,.obj,5111,9921,9921,triangles,0.02500000037252903,0.02500000037252903,0.02500000037252903,0.6778550148010254,0.9750000238418579,0.821645975112915,0.6528550144284964,0.9500000234693289,0.796645974740386,1.4012011003158031
HumanHead,step2_results\resampled\HumanHead\m342_refined_simplified.obj,.obj,5135,9429,9429,triangles,0.03555599972605705,0.02500000037252903,0.02500000037252903,0.7036449909210205,0.9750000238418579,0.8280879855155945,0.6680889911949635,0.9500000234693289,0.8030879851430655,1.4120174420412723
HumanHead,step2_results\resampled\HumanHead\m343_refined_simplified.obj,.obj,5120,9831,9831,triangles,0.02500000037252903,0.02500000037252903,0.02500000037252903,0.6915649771690369,0.9750000238418579,0.8310679793357849,0.6665649767965078,0.9500000234693289,0.8060679789632559,1.4129948689196867
HumanHead,step2_results\resampled\HumanHead\m344_refined_simplified.obj,.obj,5115,9499,9499,triangles,0.02500000037252903,0.02500000037252903,0.02500000037252903,0.5652710199356079,0.7646970152854919,0.9750000238418579,0.5402710195630789,0.7396970149129629,0.9500000234693289,1.31967590454725
HumanHead,step2_results\resampled\HumanHead\m345_refined_simplified.obj,.obj,5136,9413,9413,triangles,0.02500000037252903,0.02500000037252903,0.02500000037252903,0.956833004951477,0.9750000238418579,0.9010689854621887,0.931833004578948,0.9500000234693289,0.8760689850896597,1.593207349860771
HumanHead,step2_results\resampled\HumanHead\m346_refined_simplified.obj,.obj,5102,10055,10055,triangles,0.02500000037252903,0.02500000037252903,0.02500000037252903,0.6009140014648438,0.9750000238418579,0.7592480182647705,0.5759140010923147,0.9500000234693289,0.7342480178922415,1.3316520315099472
HumanHead,step2_results\resampled\HumanHead\m347_refined_simplified.obj,.obj,5104,9179,9179,triangles,0.02500000037252903,0.02500000037252903,0.02500000037252903,0.5773329734802246,0.9750000238418579,0.7613310217857361,0.5523329731076956,0.9500000234693289,0.736331021413207,1.3227831004624788
HumanHead,step2_results\resampled\HumanHead\m348_simplified.obj,.obj,6506,12745,12745,triangles,0.025094499811530113,0.02500000037252903,0.02500000037252903,0.6016195118427277,0.9750000238418579,0.7460150122642517,0.5765250120311975,0.9500000234693289,0.7210150118917227,1.324667422964164
HumanHead,step2_results\resampled\HumanHead\m349_simplified.obj,.obj,9025,17370,17370,triangles,0.02500000037252903,0.025092000141739845,0.02500000037252903,0.716152012348175,0.9750000238418579,0.7976439893245697,0.691152011975646,0.9499080237001181,0.7726439889520407,1.4060565745415683
HumanHead,step2_results\resampled\HumanHead\m350_refined_simplified.obj,.obj,5114,10011,10011,triangles,0.02500000037252903,0.02500000037252903,0.02500000037252903,0.9750000238418579,0.9429919719696045,0.950643002986908,0.9500000234693289,0.9179919715970755,0.9256430026143789,1.6130791278785348
HumanHead,step2_results\resampled\HumanHead\m351_refined_simplified.obj,.obj,5111,9810,9810,triangles,0.02500000037252903,0.02500000037252903,0.02500000037252903,0.736532986164093,0.9750000238418579,0.8424550294876099,0.711532985791564,0.9500000234693289,0.8174550291150808,1.4411842210788741
HumanHead,step2_results\resampled\HumanHead\m352_refined_simplified.obj,.obj,5100,9777,9777,triangles,0.02500000037252903,0.02500000037252903,0.02500000037252903,0.747310996055603,0.9750000238418579,0.9410669803619385,0.722310995683074,0.9500000234693289,0.9160669799894094,1.504464001198871
HumanHead,step2_results\resampled\HumanHead\m353_simplified.obj,.obj,6500,12996,12996,triangles,0.02500000037252903,0.02500000037252903,0.02500000037252903,0.6998010277748108,0.9750000238418579,0.8540859818458557,0.6748010274022818,0.9500000234693289,0.8290859814733267,1.4301188887118756
HumanHead,step2_results\resampled\HumanHead\m354_refined_simplified.obj,.obj,5095,10169,10169,triangles,0.02500000037252903,0.02500000037252903,0.02500000037252903,0.5484390258789062,0.9750000238418579,0.7051569819450378,0.5234390255063772,0.9500000234693289,0.6801569815725088,1.2802741806334366
HumanHead,step2_results\resampled\HumanHead\m355_simplified.obj,.obj,9000,17996,17996,triangles,0.02500000037252903,0.02500000037252903,0.02500000037252903,0.5834239721298218,0.9750000238418579,0.7837809920310974,0.5584239717572927,0.9500000234693289,0.7587809916585684,1.337940944185234
HumanHead,step2_results\resampled\HumanHead\m356_refined_simplified.obj,.obj,5100,10194,10194,triangles,0.02500000037252903,0.02500000037252903,0.02500000037252903,0.7434120178222656,0.9750000238418579,0.9204249978065491,0.7184120174497366,0.9500000234693289,0.89542499743402,1.4901012708663934
HumanHead,step2_results\resampled\HumanHead\m357_refined_simplified.obj,.obj,5107,10206,10206,triangles,0.02500000037252903,0.02500000037252903,0.025000000372531694,0.7637619972229004,0.9750000238418579,0.934332013130188,0.7387619968503714,0.9500000234693289,0.9093320127576563,1.5083613764638644
HumanHead,step2_results\resampled\HumanHead\m358_refined_simplified.obj,.obj,5100,10016,10016,triangles,0.02500000037252903,0.02500000037252903,0.02500000037252903,0.6396179795265198,0.9750000238418579,0.8039680123329163,0.6146179791539907,0.9500000234693289,0.7789680119603872,1.3736980994922352
HumanHead,step2_results\resampled\HumanHead\m359_refined_simplified.obj,.obj,5099,10173,10173,triangles,0.02500000037252903,0.02500000037252903,0.02500000037252903,0.8483330011367798,0.9591670036315918,0.9750000238418579,0.8233330007642508,0.9341670032590628,0.9500000234693289,1.5662200562874966
HumanHead,step2_results\resampled\HumanHead\m360_refined_simplified.obj,.obj,5100,10196,10196,triangles,0.02500000037252903,0.02500000037252903,0.02500000037252903,0.7457889914512634,0.9750000238418579,0.8846889734268188,0.7207889910787344,0.9500000234693289,0.8596889730542898,1.470068687049406
HumanHead,step2_results\resampled\HumanHead\m361_refined_simplified.obj,.obj,5101,10138,10138,triangles,0.02500000037252903,0.025000000372528985,0.02500000037252903,0.6756849884986877,0.9750000238418579,0.7407529950141907,0.6506849881261587,0.9500000234693289,0.7157529946416616,1.3557998922049563
HumanHead,step2_results\resampled\HumanHead\m362_refined_simplified.obj,.obj,5101,10190,10190,triangles,0.02500000037252903,0.02500000037252903,0.02500000037252903,0.7247830033302307,0.9750000238418579,0.7757480144500732,0.6997830029577017,0.9500000234693289,0.7507480140775442,1.3985059443783572
HumanHead,step2_results\resampled\HumanHead\m363_refined_simplified.obj,.obj,5111,9923,9923,triangles,0.02500000037252903,0.02500000037252903,0.02500000037252903,0.7131119966506958,0.9750000238418579,0.895097017288208,0.6881119962781668,0.9500000234693289,0.870097016915679,1.4605023049825059
HumanHead,step2_results\resampled\HumanHead\m364_refined_simplified.obj,.obj,5099,9996,9996,triangles,0.02500000037252903,0.02500000037252903,0.02500000037252903,0.6717420220375061,0.9750000238418579,0.911965012550354,0.6467420216649771,0.9500000234693289,0.886965012177825,1.4517169903278793
HumanHead,step2_results\resampled\HumanHead\m365_simplified.obj,.obj,9000,17996,17996,triangles,0.02500000037252903,0.02500000037252903,0.02500000037252903,0.8234120011329651,0.9750000238418579,0.6855980157852173,0.7984120007604361,0.9500000234693289,0.6605980154126883,1.4058276941066392
HumanHead,step2_results\resampled\HumanHead\m366_refined_simplified.obj,.obj,5107,10128,10128,triangles,0.02500000037252903,0.2662700116634369,0.02500000037252903,0.4659630060195923,0.9750000238418579,0.4744440019130707,0.44096300564706326,0.708730012178421,0.44944400154054165,0.9480224222203244
HumanHead,step2_results\resampled\HumanHead\m367_refined_simplified.obj,.obj,5116,9940,9940,triangles,0.02500000037252903,0.02500000037252903,0.02500000037252903,0.6033229827880859,0.9750000238418579,0.6309859752655029,0.5783229824155569,0.9500000234693289,0.6059859748929739,1.2665609019501345
HumanHead,step2_results\resampled\HumanHead\m368_refined_simplified.obj,.obj,5134,9850,9850,triangles,0.02500000037252903,0.02500000037252903,0.02500000037252903,0.7106890082359314,0.9750000238418579,0.9141899943351746,0.6856890078634024,0.9500000234693289,0.8891899939626455,1.47082572232733
HumanHead,step2_results\resampled\HumanHead\m369_simplified.obj,.obj,6507,12822,12822,triangles,0.02500000037252903,0.02500000037252903,0.02500000037252903,0.9750000238418579,0.8811479806900024,0.7149189710617065,0.9500000234693289,0.8561479803174734,0.6899189706891775,1.4530924247652757
HumanHead,step2_results\resampled\HumanHead\m370_kept.obj,.obj,5641,10539,10539,triangles,0.02500000037252903,0.02500000037252903,0.02500000037252903,0.5177410244941711,0.9750000238418579,0.6464329957962036,0.4927410241216421,0.9500000234693289,0.6214329954236746,1.2375268600096772
Humanoid,step2_results\resampled\Humanoid\m118_refined_simplified.obj,.obj,5101,9968,9968,triangles,0.02500000037252903,0.02500000037252903,0.02500000037252903,0.28393301367759705,0.9750000238418579,0.19722400605678558,0.258933013305068,0.9500000234693289,0.17222400568425655,0.9996036505059887
Humanoid,step2_results\resampled\Humanoid\m119_refined_simplified.obj,.obj,5089,9934,9934,triangles,0.02500000037252903,0.02500000037252903,0.02500000037252903,0.2752789855003357,0.9750000238418579,0.21672099828720093,0.25027898512780666,0.9500000234693289,0.1917209979146719,1.000947828825123
Humanoid,step2_results\resampled\Humanoid\m120_refined_simplified.obj,.obj,5095,9982,9982,triangles,0.02500000037252903,0.02500000037252903,0.02500000037252903,0.2723959982395172,0.9750000238418579,0.22287499904632568,0.24739599786698818,0.9500000234693289,0.19787499867379665,1.0014286492069633
Humanoid,step2_results\resampled\Humanoid\m121_refined_simplified.obj,.obj,5094,9951,9951,triangles,0.02500000037252903,0.02500000037252903,0.02500000037252903,0.31611600518226624,0.9750000238418579,0.2052769958972931,0.2911160048097372,0.9500000234693289,0.18027699552476406,1.0098259097307536
Humanoid,step2_results\resampled\Humanoid\m122_refined_simplified.obj,.obj,5079,9960,9960,triangles,0.02500000037252903,0.02500000037252903,0.02500000037252903,0.2816750109195709,0.9750000238418579,0.2758829891681671,0.2566750105470419,0.9500000234693289,0.2508829887956381,1.0155414219509127
Humanoid,step2_results\resampled\Humanoid\m123_refined_simplified.obj,.obj,5098,9983,9983,triangles,0.02500000037252903,0.02500000037252903,0.02500000037252903,0.273173987865448,0.9750000238418579,0.28505900502204895,0.24817398749291897,0.9500000234693289,0.2600590046495199,1.0157367073012376
Humanoid,step2_results\resampled\Humanoid\m124_refined_simplified.obj,.obj,5096,9923,9923,triangles,0.02500000037252903,0.02500000037252903,0.02500000037252903,0.2991490066051483,0.9750000238418579,0.2341960072517395,0.2741490062326193,0.9500000234693289,0.20919600687921047,1.0106535961961767
Humanoid,step2_results\resampled\Humanoid\m125_refined_simplified.obj,.obj,5100,10200,10200,triangles,0.02500000037252903,0.02500000037252903,0.02500000037252903,0.3530749976634979,0.2918649911880493,0.9750000238418579,0.3280749972909689,0.2668649908155203,0.9500000234693289,1.0398798833337253
Humanoid,step2_results\resampled\Humanoid\m126_refined_simplified.obj,.obj,5110,9919,9919,triangles,0.02500000037252903,0.02500000037252903,0.02500000037252903,0.258991003036499,0.9750000238418579,0.17484399676322937,0.23399100266397,0.9500000234693289,0.14984399639070034,0.9898005138277872
Humanoid,step2_results\resampled\Humanoid\m128_refined_simplified.obj,.obj,5099,9965,9965,triangles,0.02500000037252903,0.02500000037252903,0.02500000037252903,0.2848530113697052,0.9750000238418579,0.24294200539588928,0.25985301099717617,0.9500000234693289,0.21794200502336025,1.0087231282515665
Humanoid,step2_results\resampled\Humanoid\m129_refined_simplified.obj,.obj,5144,9756,9756,triangles,0.02500000037252903,0.02961999922990799,0.02500000037252903,0.2724530100822449,0.9750000238418579,0.20593500137329102,0.24745300970971584,0.9453800246119499,0.18093500100076199,0.9938379432970113
Humanoid,step2_results\resampled\Humanoid\m130_refined_simplified.obj,.obj,5119,10046,10046,triangles,0.02500000037252903,0.02500000037252903,0.02500000037252903,0.2920149862766266,0.9750000238418579,0.17854399979114532,0.26701498590409756,0.9500000234693289,0.1535439994186163,0.9986855396202324
Humanoid,step2_results\resampled\Humanoid\m131_refined_simplified.obj,.obj,5132,8528,8528,triangles,0.02500000037252903,0.02500000037252903,0.02500000037252903,0.32292699813842773,0.19752700626850128,0.9750000238418579,0.2979269977658987,0.17252700589597225,0.9500000234693289,1.0104583654723018
Humanoid,step2_results\resampled\Humanoid\m132_refined_simplified.obj,.obj,5124,8690,8690,triangles,0.02500000037252903,0.02500000037252903,0.02500000037252903,0.1963759958744049,0.3035059869289398,0.9750000238418579,0.17137599550187588,0.2785059865564108,0.9500000234693289,1.0047066044242687
Humanoid,step2_results\resampled\Humanoid\m133_refined_simplified.obj,.obj,5150,9687,9687,triangles,0.02500000037252903,0.02500000037252903,0.02500000037252903,0.33487799763679504,0.9750000238418579,0.21525900065898895,0.309877997264266,0.9500000234693289,0.19025900028645992,1.0172133035751356
Humanoid,step2_results\resampled\Humanoid\m134_refined_simplified.obj,.obj,5100,9655,9655,triangles,0.02500000037252903,0.02500000037252903,0.02500000037252903,0.23793600499629974,0.9750000238418579,0.1846109926700592,0.2129360046237707,0.9500000234693289,0.15961099229753017,0.9865685255059894
Humanoid,step2_results\resampled\Humanoid\m135_refined_simplified.obj,.obj,5090,9988,9988,triangles,0.02500000037252903,0.02500000037252903,0.02500000037252903,0.2967210114002228,0.9750000238418579,0.26892900466918945,0.27172101102769375,0.9500000234693289,0.24392900429666042,1.017759161866302
Humanoid,step2_results\resampled\Humanoid\m136_refined_simplified.obj,.obj,5099,9976,9976,triangles,0.02500000037252903,0.02500000037252903,0.02500000037252903,0.2909719944000244,0.9750000238418579,0.20573300123214722,0.2659719940274954,0.9500000234693289,0.1807330008596182,1.0029484352639522
Humanoid,step2_results\resampled\Humanoid\m137_refined_simplified.obj,.obj,5100,10181,10181,triangles,0.02500000037252903,0.02500000037252903,0.02500000037252903,0.4103339910507202,0.9750000238418579,0.2320069968700409,0.3853339906781912,0.9500000234693289,0.20700699649751186,1.0458652999132472
Humanoid,step2_results\resampled\Humanoid\m138_simplified.obj,.obj,6499,12976,12976,triangles,0.02500000037252903,0.02500000037252903,0.02500000037252903,0.38038700819015503,0.2540445029735565,0.9750000238418579,0.355387007817626,0.2290445026010275,0.9500000234693289,1.0398371767200107
Humanoid,step2_results\resampled\Humanoid\m139_simplified.obj,.obj,9001,17842,17842,triangles,0.02500000037252903,0.02500000037252903,0.02526400052011013,0.5232470035552979,0.9744837582111359,0.24683800339698792,0.4982470031827688,0.9494837578386068,0.22157400287687778,1.0949267196168038
Humanoid,step2_results\resampled\Humanoid\m140_simplified.obj,.obj,6500,12995,12995,triangles,0.02500000037252903,0.02500000037252903,0.02500000037252903,0.3972899913787842,0.22133124619722366,0.9750000238418579,0.37228999100625515,0.19633124582469463,0.9500000234693289,1.0390600752999026
Humanoid,step2_results\resampled\Humanoid\m141_refined_simplified.obj,.obj,5131,8536,8536,triangles,0.02500000037252903,0.02500000037252903,0.02500000037252903,0.32501500844955444,0.9750000238418579,0.324737012386322,0.3000150080770254,0.9500000234693289,0.299737012013793,1.0403611517324836
Humanoid,step2_results\resampled\Humanoid\m143_kept.obj,.obj,5647,10130,10130,triangles,0.02500000037252903,0.02500000037252903,0.02500000037252903,0.4086979925632477,0.9750000238418579,0.18971799314022064,0.38369799219071865,0.9500000234693289,0.1647179927676916,1.0377168259907572
Humanoid,step2_results\resampled\Humanoid\m144_refined_simplified.obj,.obj,5104,10139,10139,triangles,0.02500000037252903,0.02500000037252903,0.02500000037252903,0.3324120044708252,0.9750000238418579,0.20435799658298492,0.30741200409829617,0.9500000234693289,0.1793579962104559,1.0144808897461233
Humanoid,step2_results\resampled\Humanoid\m145_simplified.obj,.obj,9000,17992,17992,triangles,0.02500000037252903,0.02500000037252903,0.02509049978107214,0.3755429983139038,0.9750000238418579,0.5042070150375366,0.3505429979413748,0.9500000234693289,0.4791165152564645,1.1202379538245213
Humanoid,step2_results\resampled\Humanoid\m146_refined_simplified.obj,.obj,5112,8519,8519,triangles,0.02500000037252903,0.02500000037252903,0.02500000037252903,0.3573789894580841,0.9750000238418579,0.3991149961948395,0.3323789890855551,0.9500000234693289,0.37411499582231045,1.0737494433415964
Humanoid,step2_results\resampled\Humanoid\m147_refined_simplified.obj,.obj,5112,9247,9247,triangles,0.02500000037252903,0.02500000037252903,0.02500000037252903,0.35596799850463867,0.9750000238418579,0.2351589947938919,0.33096799813210964,0.9500000234693289,0.21015899442136288,1.0277191558570367
Humanoid,step2_results\resampled\Humanoid\m148_refined_simplified.obj,.obj,5123,9900,9900,triangles,0.02500000037252903,0.02500000037252903,0.02500000037252903,0.5373790264129639,0.9750000238418579,0.2186020016670227,0.5123790260404348,0.9500000234693289,0.19360200129449368,1.096592014298437
Humanoid,step2_results\resampled\Humanoid\m149_simplified.obj,.obj,9000,17990,17990,triangles,0.02500000037252903,0.02500000037252903,0.02500000037252903,0.19911399483680725,0.9750000238418579,0.3184800148010254,0.17411399446427822,0.9500000234693289,0.29348001442849636,1.0094286733241644
Humanoid,step2_results\resampled\Humanoid\m150_refined_simplified.obj,.obj,5138,8552,8552,triangles,0.02500000037252903,0.02500000037252903,0.02500000037252903,0.23790200054645538,0.9750000238418579,0.38409799337387085,0.21290200017392635,0.9500000234693289,0.3590979930013418,1.03767946633215
Humanoid,step2_results\resampled\Humanoid\m151_refined_simplified.obj,.obj,5104,10158,10158,triangles,0.02500000037252903,0.02500000037252903,0.02500000037252903,0.29827800393104553,0.9750000238418579,0.23972100019454956,0.2732780035585165,0.9500000234693289,0.21472099982202053,1.0115760078141542
Humanoid,step2_results\resampled\Humanoid\m152_simplified.obj,.obj,9026,17183,17183,triangles,0.02500000037252903,0.02500000037252903,0.02500000037252903,0.3755109906196594,0.9749175012111664,0.24931199848651886,0.3505109902471304,0.9499175008386374,0.22431199811398983,1.0370713983045898
Humanoid,step2_results\resampled\Humanoid\m153_simplified.obj,.obj,8822,16364,16364,triangles,0.02500000037252903,0.02500000037252903,0.02500000037252903,0.32611799240112305,0.9750000238418579,0.2229900062084198,0.301117992028594,0.9500000234693289,0.19799000583589077,1.0160571500294429
Humanoid,step2_results\resampled\Humanoid\m154_refined_simplified.obj,.obj,5118,9884,9884,triangles,0.02500000037252903,0.02500000037252903,0.02500000037252903,0.31696099042892456,0.9750000238418579,0.2390419989824295,0.29196099005639553,0.9500000234693289,0.21404199860990047,1.0166391894253126
Humanoid,step2_results\resampled\Humanoid\m155_refined_simplified.obj,.obj,5100,10196,10196,triangles,0.02500000037252903,0.02500000037252903,0.02500000037252903,0.5110139846801758,0.9750000238418579,0.20178300142288208,0.48601398430764675,0.9500000234693289,0.17678300105035305,1.0816477555076274
Humanoid,step2_results\resampled\Humanoid\m156_simplified.obj,.obj,9002,17868,17868,triangles,0.02504749968647957,0.02510249987244606,0.02500000037252903,0.40951400995254517,0.9750000238418579,0.21108250319957733,0.3844665102660656,0.9498975239694118,0.1860825028270483,1.041511642478261
Humanoid,step2_results\resampled\Humanoid\m157_refined_simplified.obj,.obj,5106,10148,10148,triangles,0.39571699500083923,0.03670699894428253,0.02500000037252903,0.6562389731407166,0.6929600238800049,0.1975329965353012,0.2605219781398773,0.6562530249357224,0.17253299616277218,0.7268475552659607
Humanoid,step2_results\resampled\Humanoid\m158_refined_simplified.obj,.obj,5099,10068,10068,triangles,0.02500000037252903,0.02500000037252903,0.02500000037252903,0.3666450083255768,0.9750000238418579,0.23907999694347382,0.34164500795304775,0.9500000234693289,0.21407999657094479,1.0320133724825369
Humanoid,step2_results\resampled\Humanoid\m159_refined_simplified.obj,.obj,5099,10072,10072,triangles,0.02500000037252903,0.02500000037252903,0.02500000037252903,0.317126989364624,0.9750000238418579,0.21410199999809265,0.292126988992095,0.9500000234693289,0.18910199962556362,1.011730096691652
Humanoid,step2_results\resampled\Humanoid\m160_refined_simplified.obj,.obj,5117,9845,9845,triangles,0.02500000037252903,0.02500000037252903,0.02500000037252903,0.3679330050945282,0.9750000238418579,0.4099630117416382,0.34293300472199917,0.9500000234693289,0.38496301136910915,1.08087909149995
Humanoid,step2_results\resampled\Humanoid\m161_refined_simplified.obj,.obj,5102,9846,9846,triangles,0.02500000037252903,0.02500000037252903,0.02500000037252903,0.3496919870376587,0.9750000238418579,0.18209800124168396,0.32469198666512966,0.9500000234693289,0.15709800086915493,1.0161715960768432
Humanoid,step2_results\resampled\Humanoid\m162_refined_simplified.obj,.obj,5110,10038,10038,triangles,0.02500000037252903,0.02500000037252903,0.02500000037252903,0.3564690053462982,0.9750000238418579,0.25365298986434937,0.3314690049737692,0.9500000234693289,0.22865298949182034,1.031820689583986
Humanoid,step2_results\resampled\Humanoid\m163_refined_simplified.obj,.obj,5102,9996,9996,triangles,0.02500000037252903,0.02500000037252903,0.02500000037252903,0.2980400025844574,0.9750000238418579,0.1940920054912567,0.27304000221192837,0.9500000234693289,0.16909200511872768,1.0028175275665494
Humanoid,step2_results\resampled\Humanoid\m164_refined_simplified.obj,.obj,5105,10150,10150,triangles,0.02500000037252903,0.02500000037252903,0.02500000037252903,0.3267650008201599,0.9750000238418579,0.2027059942483902,0.3017650004476309,0.9500000234693289,0.17770599387586117,1.0124927557006478
Humanoid,step2_results\resampled\Humanoid\m165_refined_simplified.obj,.obj,5096,7006,7006,triangles,0.02500000037252903,0.02500000037252903,0.02500000037252903,0.336124986410141,0.9750000238418579,0.19837699830532074,0.31112498603761196,0.9500000234693289,0.1733769979327917,1.0145730062153324
Humanoid,step2_results\resampled\Humanoid\m166_refined_simplified.obj,.obj,5097,7091,7091,triangles,0.02500000037252903,0.02500000037252903,0.02500000037252903,0.2952750027179718,0.9750000238418579,0.32211101055145264,0.27027500234544277,0.9500000234693289,0.2971110101789236,1.0314182342067135
Humanoid,step2_results\resampled\Humanoid\m167_refined_simplified.obj,.obj,5132,10247,10247,triangles,0.02500000037252903,0.02500000037252903,0.02500000037252903,0.3560410141944885,0.9750000238418579,0.5005959868431091,0.3310410138219595,0.9500000234693289,0.4755959864705801,1.1127801848392702
Humanoid,step2_results\resampled\Humanoid\m168_refined_simplified.obj,.obj,5100,10196,10196,triangles,0.02500000037252903,0.02500000037252903,0.02500000037252903,0.392551988363266,0.9750000238418579,0.21295499801635742,0.36755198799073696,0.9500000234693289,0.1879549976438284,1.0358192842416867
Humanoid,step2_results\resampled\Humanoid\m169_refined_simplified.obj,.obj,5129,10128,10128,triangles,0.02500000037252903,0.02500000037252903,0.02500000037252903,0.3181000053882599,0.9750000238418579,0.19057099521160126,0.29310000501573086,0.9500000234693289,0.16557099483907223,1.0078796614000833
Humanoid,step2_results\resampled\Humanoid\m170_simplified.obj,.obj,9042,18022,18022,triangles,0.02515350002795458,0.02500000037252903,0.02500000037252903,0.3502250015735626,0.9750000238418579,0.15293699502944946,0.32507150154560804,0.9500000234693289,0.12793699465692043,1.012195337032673
Humanoid,step2_results\resampled\Humanoid\m171_refined_simplified.obj,.obj,5126,9604,9604,triangles,0.02500000037252903,0.02500000037252903,0.02500000037252903,0.4885999858379364,0.9750000238418579,0.2247370034456253,0.46359998546540737,0.9500000234693289,0.19973700307309628,1.0757880188549571
Humanoid,step2_results\resampled\Humanoid\m172_refined_simplified.obj,.obj,5108,10137,10137,triangles,0.02500000037252903,0.02500000037252903,0.02500000037252903,0.3162989914417267,0.9750000238418579,0.1593800038099289,0.29129899106919765,0.9500000234693289,0.13438000343739986,1.0027029131868987
Humanoid,step2_results\resampled\Humanoid\m173_refined_simplified.obj,.obj,5148,9615,9615,triangles,0.02500000037252903,0.02500000037252903,0.02500000037252903,0.2869279980659485,0.9750000238418579,0.1773969978094101,0.26192799769341946,0.9500000234693289,0.15239699743688107,0.9971615543106273
Humanoid,step2_results\resampled\Humanoid\m174_refined_simplified.obj,.obj,5105,10126,10126,triangles,0.02500000037252903,0.02500000037252903,0.02500000037252903,0.405800998210907,0.9750000238418579,0.23369599878787994,0.38080099783837795,0.9500000234693289,0.20869599841535091,1.0445398337550416
Humanoid,step2_results\resampled\Humanoid\m175_refined_simplified.obj,.obj,5086,9698,9698,triangles,0.02511800080537796,0.04178699851036072,0.03133099898695946,0.33559200167655945,0.9702079892158508,0.33303600549697876,0.3104740008711815,0.9284209907054901,0.3017050065100193,1.024395212870859
Humanoid,step2_results\resampled\Humanoid\m176_refined_simplified.obj,.obj,5108,10088,10088,triangles,0.02500000037252903,0.02500000037252903,0.02500000037252903,0.4327870011329651,0.9750000238418579,0.1945749968290329,0.40778700076043606,0.9500000234693289,0.16957499645650387,1.047638278225906
Humanoid,step2_results\resampled\Humanoid\m177_refined_simplified.obj,.obj,5110,10082,10082,triangles,0.02500000037252903,0.02500000037252903,0.02500000037252903,0.3800329864025116,0.9750000238418579,0.33315300941467285,0.35503298602998257,0.9500000234693289,0.3081530090421438,1.0599560098149445
Humanoid,step2_results\resampled\Humanoid\m178_simplified.obj,.obj,9000,17996,17996,triangles,0.02500000037252903,0.02500000037252903,0.02500000037252903,0.34222498536109924,0.9750000238418579,0.18469500541687012,0.3172249849885702,0.9500000234693289,0.1596950050443411,1.0142160668855706
Humanoid,step2_results\resampled\Humanoid\m179_simplified.obj,.obj,9003,17962,17962,triangles,0.02500000037252903,0.02500000037252903,0.02500000037252903,0.39096799492836,0.9750000238418579,0.18217399716377258,0.36596799455583096,0.9500000234693289,0.15717399679124355,1.0301146940502675
Humanoid,step2_results\resampled\Humanoid\m180_simplified.obj,.obj,9069,17482,17482,triangles,0.02500000037252903,0.02519600000232458,0.02500000037252903,0.29786399006843567,0.9750000238418579,0.17385299503803253,0.27286398969590664,0.9498040238395333,0.1488529946655035,0.9993696286136702
Humanoid,step2_results\resampled\Humanoid\m181_simplified.obj,.obj,6516,12880,12880,triangles,0.02500000037252903,0.02500000037252903,0.02500000037252903,0.44460800290107727,0.9750000238418579,0.22908399999141693,0.41960800252854824,0.9500000234693289,0.2040839996188879,1.05840502610209
Humanoid,step2_results\resampled\Humanoid\m182_simplified.obj,.obj,9006,17940,17940,triangles,0.02500000037252903,0.02500000037252903,0.02500000037252903,0.3934360146522522,0.9750000238418579,0.16645699739456177,0.36843601427972317,0.9500000234693289,0.14145699702203274,1.0287153266169144
Humanoid,step2_results\resampled\Humanoid\m183_refined_simplified.obj,.obj,5108,10100,10100,triangles,0.02500000037252903,0.02500000037252903,0.02500000037252903,0.8996180295944214,0.9750000238418579,0.38356199860572815,0.8746180292218924,0.9500000234693289,0.3585619982331991,1.3401579937487584
Humanoid,step2_results\resampled\Humanoid\m184_refined_simplified.obj,.obj,5092,9952,9952,triangles,0.02500000037252903,0.02500000037252903,0.02500000037252903,0.28363099694252014,0.9750000238418579,0.17797499895095825,0.2586309965699911,0.9500000234693289,0.15297499857842922,0.9963891745540908
Humanoid,step2_results\resampled\Humanoid\m185_refined_simplified.obj,.obj,5091,9989,9989,triangles,0.02500000037252903,0.02500000037252903,0.02500000037252903,0.2971619963645935,0.9750000238418579,0.3048650026321411,0.2721619959920645,0.9500000234693289,0.2798650022596121,1.0270816015019852
Humanoid,step2_results\resampled\Humanoid\m186_refined_simplified.obj,.obj,5099,9564,9564,triangles,0.02500000037252903,0.02500000037252903,0.02500000037252903,0.32282501459121704,0.9750000238418579,0.18246200680732727,0.297825014218688,0.9500000234693289,0.15746200643479824,1.0079653104926576
Humanoid,step2_results\resampled\Humanoid\m187_refined_simplified.obj,.obj,5110,10112,10112,triangles,0.02500000037252903,0.02500000037252903,0.02500000037252903,0.562915027141571,0.9750000238418579,0.4761430025100708,0.537915026769042,0.9500000234693289,0.45114300213754177,1.1812631497652581
Humanoid,step2_results\resampled\Humanoid\m188_refined_simplified.obj,.obj,5107,9736,9736,triangles,0.02500000037252903,0.02500000037252903,0.02500000037252903,0.3093949854373932,0.9750000238418579,0.19366100430488586,0.28439498506486416,0.9500000234693289,0.16866100393235683,1.0058961608283632
Humanoid,step2_results\resampled\Humanoid\m189_refined_simplified.obj,.obj,5102,9992,9992,triangles,0.02500000037252903,0.02500000037252903,0.02500000037252903,0.2878130078315735,0.9750000238418579,0.17387300729751587,0.26281300745904446,0.9500000234693289,0.14887300692498684,0.9968620233875299
Humanoid,step2_results\resampled\Humanoid\m190_refined_simplified.obj,.obj,5157,9566,9566,triangles,0.02500000037252903,0.02500000037252903,0.02500000037252903,0.4628480076789856,0.9750000238418579,0.45632699131965637,0.43784800730645657,0.9500000234693289,0.43132699094712734,1.1314830512267797
Humanoid,step2_results\resampled\Humanoid\m191_refined_simplified.obj,.obj,5101,10162,10162,triangles,0.02500000037252903,0.02500000037252903,0.02500000037252903,0.5189999938011169,0.9750000238418579,0.2151000052690506,0.4939999934285879,0.9500000234693289,0.19010000489652157,1.0875081838592424
Humanoid,step2_results\resampled\Humanoid\m192_refined_simplified.obj,.obj,5098,9943,9943,triangles,0.02500000037252903,0.02500000037252903,0.02500000037252903,0.2789910137653351,0.9750000238418579,0.2476540058851242,0.25399101339280605,0.9500000234693289,0.22265400551259518,1.0082590369775184
Humanoid,step2_results\resampled\Humanoid\m193_simplified.obj,.obj,6550,12442,12442,triangles,0.02500000037252903,0.02500000037252903,0.02500000037252903,0.38865798711776733,0.9749789908528328,0.5198259949684143,0.3636579867452383,0.9499789904803038,0.4948259945958853,1.1311763693630557
Humanoid,step2_results\resampled\Humanoid\m194_refined_simplified.obj,.obj,5112,8523,8523,triangles,0.02500000037252903,0.02500000037252903,0.02500000037252903,0.23730400204658508,0.9750000238418579,0.39653199911117554,0.21230400167405605,0.9500000234693289,0.3715319987386465,1.0419256498451683
Humanoid,step2_results\resampled\Humanoid\m195_simplified.obj,.obj,9009,17541,17541,triangles,0.0250410009175539,0.025032000616192818,0.025158999487757683,0.2923389971256256,0.9727270007133484,0.42935851216316223,0.2672979962080717,0.9476950000971556,0.40419951267540455,1.0644018404874318
Humanoid,step2_results\resampled\Humanoid\m196_refined_simplified.obj,.obj,5114,9679,9679,triangles,0.02500000037252903,0.02500000037252903,0.02500000037252903,0.44089600443840027,0.9750000238418579,0.19482600688934326,0.41589600406587124,0.9500000234693289,0.16982600651681423,1.050861743179917
Humanoid,step2_results\resampled\Humanoid\m197_refined_simplified.obj,.obj,5133,8530,8530,triangles,0.02500000037252903,0.02500000037252903,0.02500000037252903,0.18568100035190582,0.9750000238418579,0.2968989908695221,0.1606809999793768,0.9500000234693289,0.27189899049699306,1.0011231139971657
Humanoid,step2_results\resampled\Humanoid\m198_refined_simplified.obj,.obj,5783,5096,5096,triangles,0.02500000037252903,0.02500000037252903,0.02500000037252903,0.4064440131187439,0.9750000238418579,0.35781100392341614,0.38144401274621487,0.9500000234693289,0.3328110035508871,1.0764584262925385
Humanoid,step2_results\resampled\Humanoid\m199_kept.obj,.obj,6540,12936,12936,triangles,0.02500000037252903,0.02500000037252903,0.02500000037252903,0.3766210079193115,0.22585199773311615,0.9750000238418579,0.3516210075467825,0.20085199736058712,0.9500000234693289,1.0327046539953604
Humanoid,step2_results\resampled\Humanoid\m202_refined_simplified.obj,.obj,5102,10134,10134,triangles,0.02500000037252903,0.02500000037252903,0.02500000037252903,0.2956230044364929,0.9750000238418579,0.22571200132369995,0.2706230040639639,0.9500000234693289,0.20071200095117092,1.0079792469322733
Humanoid,step2_results\resampled\Humanoid\m203_refined_simplified.obj,.obj,5101,10170,10170,triangles,0.02500000037252903,0.02500000037252903,0.02500000037252903,0.3426080048084259,0.9750000238418579,0.23432500660419464,0.3176080044358969,0.9500000234693289,0.2093250062316656,1.0233239210080867
Humanoid,step2_results\resampled\Humanoid\m204_refined_simplified.obj,.obj,5117,9865,9865,triangles,0.02500000037252903,0.02500000037252903,0.02500000037252903,0.34075599908828735,0.9750000238418579,0.35374200344085693,0.3157559987157583,0.9500000234693289,0.3287420030683279,1.0536950222422463
Humanoid,step2_results\resampled\Humanoid\m205_refined_simplified.obj,.obj,5103,10118,10118,triangles,0.02500000037252903,0.02500000037252903,0.02500000037252903,0.38361600041389465,0.9750000238418579,0.23181499540805817,0.3586160000413656,0.9500000234693289,0.20681499503552914,1.0362808124485081
Humanoid,step2_results\resampled\Humanoid\m206_refined_simplified.obj,.obj,5153,9692,9692,triangles,0.02500000037252903,0.02500000037252903,0.02500000037252903,0.2837890088558197,0.2607179880142212,0.9750000238418579,0.2587890084832907,0.23571798764169216,0.9500000234693289,1.0124400057293959
Humanoid,step2_results\resampled\Humanoid\m207_refined_simplified.obj,.obj,5114,9496,9496,triangles,0.02500000037252903,0.02500000037252903,0.02500000037252903,0.35499098896980286,0.9750000238418579,0.30667001008987427,0.3299909885972738,0.9500000234693289,0.28167000971734524,1.0443812002910149
Humanoid,step2_results\resampled\Humanoid\m208_refined.obj,.obj,5554,11104,11104,triangles,0.02500000037252903,0.02500000037252903,0.02500000037252903,0.3687320053577423,0.9750000238418579,0.17902399599552155,0.3437320049852133,0.9500000234693289,0.15402399562299252,1.0219467339693158
Humanoid,step2_results\resampled\Humanoid\m210_refined_simplified.obj,.obj,5100,10184,10184,triangles,0.02500000037252903,0.02500000037252903,0.02500000037252903,0.622534990310669,0.9750000238418579,0.5989270210266113,0.5975349899381399,0.9500000234693289,0.5739270206540823,1.2605317662911038
Humanoid,step2_results\resampled\Humanoid\m211_refined_simplified.obj,.obj,5100,10196,10196,triangles,0.02500000037252903,0.02500000037252903,0.02500000037252903,0.3399670124053955,0.9750000238418579,0.22807300090789795,0.3149670120328665,0.9500000234693289,0.20307300053536892,1.0212457621978537
Humanoid,step2_results\resampled\Humanoid\m212_refined_simplified.obj,.obj,5100,10196,10196,triangles,0.02500000037252903,0.02500000037252903,0.02500000037252903,0.556397020816803,0.9750000238418579,0.18317699432373047,0.531397020444274,0.9500000234693289,0.15817699395120144,1.0999558169963992
Humanoid,step2_results\resampled\Humanoid\m213_refined_simplified.obj,.obj,5102,10138,10138,triangles,0.02500000037252903,0.02500000037252903,0.02500000037252903,0.2956230044364929,0.9750000238418579,0.21991699934005737,0.2706230040639639,0.9500000234693289,0.19491699896752834,1.006841343711529
Humanoid,step2_results\resampled\Humanoid\m214_refined_simplified.obj,.obj,5159,10260,10260,triangles,0.02500000037252903,0.02500000037252903,0.02500000037252903,0.2931399941444397,0.9750000238418579,0.22571200132369995,0.26813999377191067,0.9500000234693289,0.20071200095117092,1.007315446212133
Humanoid,step2_results\resampled\Humanoid\m215_refined_simplified.obj,.obj,5104,10146,10146,triangles,0.02500000037252903,0.02500000037252903,0.02500000037252903,0.2942869961261749,0.9750000238418579,0.18724499642848969,0.2692869957536459,0.9500000234693289,0.16224499605596066,1.0006692607544954
Humanoid,step2_results\resampled\Humanoid\m216_simplified.obj,.obj,6514,12342,12342,triangles,0.02500000037252903,0.02500000037252903,0.02500000037252903,0.38491499423980713,0.9750000238418579,0.49185800552368164,0.3599149938672781,0.9500000234693289,0.4668580051511526,1.118031861968129
Humanoid,step2_results\resampled\Humanoid\m217_refined_simplified.obj,.obj,5107,9287,9287,triangles,0.02500000037252903,0.02500000037252903,0.02500000037252903,0.32655900716781616,0.9750000238418579,0.2919270098209381,0.30155900679528713,0.9500000234693289,0.2669270094484091,1.031837151659193
Humanoid,step2_results\resampled\Humanoid\m218_refined_simplified.obj,.obj,5103,10172,10172,triangles,0.02500000037252903,0.02500000037252903,0.02500000037252903,0.7503809928894043,0.9750000238418579,0.4945020079612732,0.7253809925168753,0.9500000234693289,0.46950200758874416,1.2841766872305203
Humanoid,step2_results\resampled\Humanoid\m219_refined_simplified.obj,.obj,5143,8678,8678,triangles,0.02500000037252903,0.02500000037252903,0.02500000037252903,0.8977569937705994,0.9750000238418579,0.18576300144195557,0.8727569933980703,0.9500000234693289,0.16076300106942654,1.30001906010251
Humanoid,step2_results\resampled\Humanoid\m220_simplified.obj,.obj,9011,17673,17673,triangles,0.02500000037252903,0.025005999952554703,0.02500000037252903,0.9293190240859985,0.9750000238418579,0.22505800426006317,0.9043190237134695,0.9499940238893032,0.20005800388753414,1.3267647670159686
Humanoid,step2_results\resampled\Humanoid\m221_simplified.obj,.obj,9001,17955,17955,triangles,0.02500000037252903,0.02500000037252903,0.02500000037252903,0.9269819855690002,0.9750000238418579,0.2113720029592514,0.9019819851964712,0.9500000234693289,0.18637200258672237,1.3231802861133013
Humanoid,step2_results\resampled\Humanoid\m222_simplified.obj,.obj,8998,17964,17964,triangles,0.025304500246420503,0.02500000037252903,0.02500000037252903,0.974695511162281,0.9633449912071228,0.2232694998383522,0.9493910109158605,0.9383449908345938,0.19826949946582317,1.3494982059456921
Humanoid,step2_results\resampled\Humanoid\m223_simplified.obj,.obj,8990,17901,17901,triangles,0.02500000037252903,0.02500000037252903,0.02500000037252903,0.9304909706115723,0.9750000238418579,0.1925099939107895,0.9054909702390432,0.9500000234693289,0.16750999353826046,1.323054624613571
Humanoid,step2_results\resampled\Humanoid\m224_simplified.obj,.obj,6505,12885,12885,triangles,0.025855000130832195,0.02500000037252903,0.025200000032782555,0.9735614955425262,0.9545480012893677,0.19828100502490997,0.947706495411694,0.9295480009168386,0.17308100499212742,1.3387173419893728
Humanoid,step2_results\resampled\Humanoid\m226_kept.obj,.obj,6368,12712,12712,triangles,0.02500000037252903,0.02500000037252903,0.02500000037252903,0.8545590043067932,0.9750000238418579,0.26301199197769165,0.8295590039342642,0.9500000234693289,0.23801199160516262,1.283478824814804
Humanoid,step2_results\resampled\Humanoid\m227_simplified.obj,.obj,6559,11235,11235,triangles,0.02500000037252903,0.02500000037252903,0.02500000037252903,0.8912720084190369,0.9750000238418579,0.27188900113105774,0.8662720080465078,0.9500000234693289,0.2468890007585287,1.3091529380527698
Humanoid,step2_results\resampled\Humanoid\m228_simplified.obj,.obj,9117,16272,16272,triangles,0.02522899955511093,0.02500000037252903,0.02691599912941456,0.9565370082855225,0.9743160009384155,0.3776780068874359,0.9313080087304115,0.9493160005658865,0.35076200775802135,1.3753433978982312
Humanoid,step2_results\resampled\Humanoid\m229_simplified.obj,.obj,9010,17726,17726,triangles,0.02500000037252903,0.02500000037252903,0.02500000037252903,0.9311919808387756,0.9750000238418579,0.2114180028438568,0.9061919804662466,0.9500000234693289,0.18641800247132778,1.326060187811422
Humanoid,step2_results\resampled\Humanoid\m230_simplified.obj,.obj,9047,17376,17376,triangles,0.025598499923944473,0.02500000037252903,0.02500000037252903,0.9007009863853455,0.9750000238418579,0.2153950035572052,0.875102486461401,0.9500000234693289,0.19039500318467617,1.3055859464778046
Humanoid,step2_results\resampled\Humanoid\m231_simplified.obj,.obj,9010,17293,17293,triangles,0.025108500383794308,0.02500000037252903,0.02500000037252903,0.9051379859447479,0.9749975204467773,0.3486579954624176,0.8800294855609536,0.9499975200742483,0.3236579950898886,1.3348039861303624
Humanoid,step2_results\resampled\Humanoid\m232_refined_simplified.obj,.obj,5126,10248,10248,triangles,0.02500000037252903,0.02500000037252903,0.02500000037252903,0.892350971698761,0.9750000238418579,0.29253700375556946,0.867350971326232,0.9500000234693289,0.26753700338304043,1.3139154463782898
Humanoid,step2_results\resampled\Humanoid\m233_refined_simplified.obj,.obj,5106,10148,10148,triangles,0.02500000037252903,0.02500000037252903,0.02500000037252903,0.9672790169715881,0.9750000238418579,0.2073879987001419,0.9422790165990591,0.9500000234693289,0.18238799832761288,1.3504277735771613
Humanoid,step2_results\resampled\Humanoid\m234_refined_simplified.obj,.obj,5101,10039,10039,triangles,0.02500000037252903,0.02500000037252903,0.02500000037252903,0.8432639837265015,0.9750000238418579,0.21480199694633484,0.8182639833539724,0.9500000234693289,0.1898019965738058,1.268101253429488
Humanoid,step2_results\resampled\Humanoid\m235_refined_simplified.obj,.obj,5100,10196,10196,triangles,0.02500000037252903,0.02500000037252903,0.02500000037252903,0.8490480184555054,0.9750000238418579,0.24792799353599548,0.8240480180829763,0.9500000234693289,0.22292799316346645,1.2772047881346582
Humanoid,step2_results\resampled\Humanoid\m236_refined_simplified.obj,.obj,5119,9990,9990,triangles,0.02500000037252903,0.02500000037252903,0.02500000037252903,0.9750000238418579,0.9563040137290955,0.262472003698349,0.9500000234693289,0.9313040133565664,0.23747200332581997,1.3513771354619522
Humanoid,step2_results\resampled\Humanoid\m237_refined_simplified.obj,.obj,5100,10196,10196,triangles,0.02500000037252903,0.02500000037252903,0.02500000037252903,0.9255120158195496,0.9750000238418579,0.15041999518871307,0.9005120154470205,0.9500000234693289,0.12541999481618404,1.3149722847481888
Humanoid,step2_results\resampled\Humanoid\m238_refined_simplified.obj,.obj,5115,9486,9486,triangles,0.02500000037252903,0.02500000037252903,0.02500000037252903,0.9007049798965454,0.9750000238418579,0.20163600146770477,0.8757049795240164,0.9500000234693289,0.17663600109517574,1.3040550343592783
Humanoid,step2_results\resampled\Humanoid\m239_refined_simplified.obj,.obj,5092,9390,9390,triangles,0.02500000037252903,0.02500000037252903,0.02500000037252903,0.7349100112915039,0.9750000238418579,0.21661800146102905,0.7099100109189749,0.9500000234693289,0.19161800108850002,1.2013283175451483
Humanoid,step2_results\resampled\Humanoid\m240_refined_simplified.obj,.obj,5106,10132,10132,triangles,0.02500000037252903,0.02500000037252903,0.02500000037252903,0.9039610028266907,0.9750000238418579,0.19241300225257874,0.8789610024541616,0.9500000234693289,0.1674130018800497,1.3050285826852375
Humanoid,step2_results\resampled\Humanoid\m241_refined_simplified.obj,.obj,5094,9336,9336,triangles,0.02500000037252903,0.02500000037252903,0.02500000037252903,0.7985320091247559,0.9750000238418579,0.33680400252342224,0.7735320087522268,0.9500000234693289,0.3118040021508932,1.2641493380583224
Humanoid,step2_results\resampled\Humanoid\m242_refined_simplified.obj,.obj,5117,9266,9266,triangles,0.02500000037252903,0.02500000037252903,0.02500000037252903,0.8682529926300049,0.9750000238418579,0.4411639869213104,0.8432529922574759,0.9500000234693289,0.4161639865487814,1.3367004590569596
Humanoid,step2_results\resampled\Humanoid\m243_refined_simplified.obj,.obj,5114,9342,9342,triangles,0.02500000037252903,0.02500000037252903,0.02500000037252903,0.9190469980239868,0.9750000238418579,0.2029539942741394,0.8940469976514578,0.9500000234693289,0.17795399390161037,1.316619801820877
Humanoid,step2_results\resampled\Humanoid\m244_refined_simplified.obj,.obj,5107,9401,9401,triangles,0.02500000037252903,0.02500000037252903,0.02500000037252903,0.8732349872589111,0.9750000238418579,0.2036219984292984,0.8482349868863821,0.9500000234693289,0.17862199805676937,1.2860437223359316
Humanoid,step2_results\resampled\Humanoid\m245_refined_simplified.obj,.obj,5103,9321,9321,triangles,0.02500000037252903,0.02500000037252903,0.02500000037252903,0.9167420268058777,0.9750000238418579,0.18465900421142578,0.8917420264333487,0.9500000234693289,0.15965900383889675,1.3127051777935552
Humanoid,step2_results\resampled\Humanoid\m246_refined_simplified.obj,.obj,5098,9329,9329,triangles,0.02500000037252903,0.02500000037252903,0.02500000037252903,0.7930120229721069,0.9750000238418579,0.1812949925661087,0.7680120225995779,0.9500000234693289,0.15629499219357967,1.2315724241935635
Humanoid,step2_results\resampled\Humanoid\m248_refined_simplified.obj,.obj,5100,9803,9803,triangles,0.02500000037252903,0.02500000037252903,0.02500000037252903,0.9172660112380981,0.9750000238418579,0.17127500474452972,0.8922660108655691,0.9500000234693289,0.1462750043720007,1.3115010696304101
Humanoid,step2_results\resampled\Humanoid\m249_simplified.obj,.obj,6500,12782,12782,triangles,0.02500000037252903,0.02500000037252903,0.02500000037252903,0.7312459945678711,0.9750000238418579,0.3049669861793518,0.7062459941953421,0.9500000234693289,0.2799669858068228,1.2164147985167109
Humanoid,step2_results\resampled\Humanoid\m250_simplified.obj,.obj,8926,17276,17276,triangles,0.02500000037252903,0.02500000037252903,0.02500000037252903,0.7189919948577881,0.9750000238418579,0.18581900000572205,0.6939919944852591,0.9500000234693289,0.16081899963319302,1.187429022571191
Humanoid,step2_results\resampled\Humanoid\m251_simplified.obj,.obj,6499,12976,12976,triangles,0.02500000037252903,0.02500000037252903,0.02500000037252903,0.7422379851341248,0.9750000238418579,0.19003400206565857,0.7172379847615957,0.9500000234693289,0.16503400169312954,1.201734826445272
Humanoid,step2_results\resampled\Humanoid\m252_simplified.obj,.obj,6507,12878,12878,triangles,0.025258999317884445,0.02500000037252903,0.02500000037252903,0.9747430086135864,0.970691978931427,0.25342199206352234,0.949484009295702,0.945691978558898,0.2284219916909933,1.3594226011461499
Humanoid,step2_results\resampled\Humanoid\m253_simplified.obj,.obj,9043,17663,17663,triangles,0.02500000037252903,0.02500000037252903,0.02500000037252903,0.7174999713897705,0.9750000238418579,0.24255000054836273,0.6924999710172415,0.9500000234693289,0.2175500001758337,1.1955685915191612
Humanoid,step2_results\resampled\Humanoid\m254_simplified.obj,.obj,9073,17557,17557,triangles,0.02511250041425228,0.02500000037252903,0.02500000037252903,0.6740419864654541,0.9750000238418579,0.16933800280094147,0.6489294860512018,0.9500000234693289,0.14433800242841244,1.1595011778361533
Humanoid,step2_results\resampled\Humanoid\m255_simplified.obj,.obj,9032,17044,17044,triangles,0.025072000920772552,0.02500149980187416,0.02500000037252903,0.9450194835662842,0.9750000238418579,0.18019799888134003,0.9199474826455116,0.9499985240399837,0.155197998508811,1.3314980229970685
Humanoid,step2_results\resampled\Humanoid\m256_simplified.obj,.obj,6519,12644,12644,triangles,0.02500000037252903,0.02500000037252903,0.02500000037252903,0.554639995098114,0.9750000238418579,0.7998600006103516,0.529639994725585,0.9500000234693289,0.7748600002378225,1.3354499573451644
Humanoid,step2_results\resampled\Humanoid\m257_refined_simplified.obj,.obj,5101,10154,10154,triangles,0.02500000037252903,0.02500000037252903,0.02500000037252903,0.4098140001296997,0.8991379737854004,0.9750000238418579,0.3848139997571707,0.8741379734128714,0.9500000234693289,1.3471076629442797
Humanoid,step2_results\resampled\Humanoid\m258_simplified.obj,.obj,8999,17628,17628,triangles,0.02500000037252903,0.02500000037252903,0.02500000037252903,0.6838979721069336,0.9750000238418579,0.16063599288463593,0.6588979717344046,0.9500000234693289,0.1356359925121069,1.1640634450974663
Humanoid,step2_results\resampled\Humanoid\m259_refined_simplified.obj,.obj,5104,10132,10132,triangles,0.02500000037252903,0.02500000037252903,0.02500000037252903,0.38921698927879333,0.9750000238418579,0.6183239817619324,0.3642169889062643,0.9500000234693289,0.5933239813894033,1.1777892029100303
Humanoid,step2_results\resampled\Humanoid\m260_refined_simplified.obj,.obj,5099,10120,10120,triangles,0.02500000037252903,0.02500000037252903,0.02500000037252903,0.44204598665237427,0.9750000238418579,0.34929201006889343,0.41704598627984524,0.9500000234693289,0.3242920096963644,1.087010904644825
Humanoid,step2_results\resampled\Humanoid\m261_refined_simplified.obj,.obj,5099,9963,9963,triangles,0.02500000037252903,0.02500000037252903,0.02500000037252903,0.27493301033973694,0.9750000238418579,0.34747499227523804,0.2499330099672079,0.9500000234693289,0.322474991902709,1.033903609852314
Humanoid,step2_results\resampled\Humanoid\m262_refined_simplified.obj,.obj,5101,9952,9952,triangles,0.02500000037252903,0.02500000037252903,0.02500000037252903,0.2745850086212158,0.9750000238418579,0.3442330062389374,0.2495850082486868,0.9500000234693289,0.31923300586640835,1.032812874130026
Humanoid,step2_results\resampled\Humanoid\m263_refined_simplified.obj,.obj,5094,10001,10001,triangles,0.02500000037252903,0.02500000037252903,0.02500000037252903,0.3134180009365082,0.9750000238418579,0.5288249850273132,0.28841800056397915,0.9500000234693289,0.5038249846547842,1.113339392460108
Humanoid,step2_results\resampled\Humanoid\m264_simplified.obj,.obj,6499,12981,12981,triangles,0.02500000037252903,0.02500000037252903,0.02500000037252903,0.33549201488494873,0.3808470070362091,0.9750000238418579,0.3104920145124197,0.3558470066636801,0.9500000234693289,1.0609111309714905
Humanoid,step2_results\resampled\Humanoid\m265_simplified.obj,.obj,9000,17996,17996,triangles,0.02500000037252903,0.02500000037252903,0.02500000037252903,0.38013649731874466,0.8259779810905457,0.9750000238418579,0.35513649694621563,0.8009779807180166,0.9500000234693289,1.2923574202402626
Humanoid,step2_results\resampled\Humanoid\m266_refined_simplified.obj,.obj,5101,10138,10138,triangles,0.02500000037252903,0.02500000037252903,0.02500000037252903,0.3127799928188324,0.9750000238418579,0.8932679891586304,0.28777999244630337,0.9500000234693289,0.8682679887861013,1.3187898502016087
Insect,step2_results\resampled\Insect\D00081_refined_simplified.obj,.obj,5103,10158,10158,triangles,-0.8751909732818604,-0.3506450057029724,-0.3502359986305237,0.8691779971122742,1.0442999601364136,0.2258860021829605,1.7443689703941345,1.394944965839386,0.5761220008134842,2.3066449927147157
Insect,step2_results\resampled\Insect\D00082_kept.obj,.obj,6502,12872,12872,triangles,-0.590599000453949,-0.8350459933280945,-0.34407201409339905,0.938289999961853,0.8015459775924683,0.45194900035858154,1.528889000415802,1.6365919709205627,0.7960210144519806,2.376885422211858
Insect,step2_results\resampled\Insect\D00102_refined_simplified.obj,.obj,5112,9251,9251,triangles,-0.8868029713630676,-0.5789099931716919,-0.4697340130805969,0.8134729862213135,0.5497099757194519,0.6218060255050659,1.700275957584381,1.1286199688911438,1.0915400385856628,2.314342459955942
Insect,step2_results\resampled\Insect\D00109_refined_simplified.obj,.obj,5119,8692,8692,triangles,-0.8467609882354736,-0.6153789758682251,-0.4250060021877289,0.8401539921760559,0.7640619874000549,0.6120280027389526,1.6869149804115295,1.37944096326828,1.0370340049266815,2.41329216002821
Insect,step2_results\resampled\Insect\D00117_kept.obj,.obj,5090,9716,9716,triangles,-1.0401599407196045,-0.5710539817810059,-0.6049330234527588,0.6515470147132874,0.7922750115394592,0.2578830122947693,1.6917069554328918,1.363328993320465,0.8628160357475281,2.3377317807291957
Insect,step2_results\resampled\Insect\D00136_refined.obj,.obj,5302,10128,10128,triangles,-1.016569972038269,-0.4069400131702423,-0.3554770052433014,0.42848700284957886,0.6161010265350342,0.18806500732898712,1.445056974887848,1.0230410397052765,0.5435420125722885,1.8520908587389564
Insect,step2_results\resampled\Insect\D00160_refined_simplified.obj,.obj,5104,10160,10160,triangles,-0.9927859902381897,-0.8973289728164673,-0.2513499855995178,0.780601978302002,0.987546980381012,0.3179129958152768,1.7733879685401917,1.8848759531974792,0.5692629814147947,2.649853314414682
Insect,step2_results\resampled\Insect\D00180_refined_simplified.obj,.obj,5114,9257,9257,triangles,-0.815002977848053,-0.5242050290107727,-0.639428973197937,0.8891839981079102,0.5724689960479736,0.4733079969882965,1.7041869759559631,1.0966740250587463,1.1127369701862335,2.311953877367739
Insect,step2_results\resampled\Insect\D00231_refined_simplified.obj,.obj,5103,10152,10152,triangles,-0.8323330283164978,-0.8976770043373108,-0.21349099278450012,0.8365970253944397,0.8643820285797119,0.149851992726326,1.6689300537109375,1.7620590329170227,0.3633429855108261,2.454016643135084
Insect,step2_results\resampled\Insect\D00291_refined_simplified.obj,.obj,5101,10158,10158,triangles,-0.8510019779205322,-0.5044689774513245,-0.23882299661636353,0.9419739842414856,0.467633992433548,0.09713499993085861,1.7929759621620178,0.9721029698848724,0.33595799654722214,2.0670304207712635
Insect,step2_results\resampled\Insect\D00294_refined_simplified.obj,.obj,5092,8801,8801,triangles,-0.6461229920387268,-0.7114400267601013,-0.21603499352931976,1.0073699951171875,0.7966229915618896,0.28258100152015686,1.6534929871559143,1.508063018321991,0.4986159950494766,2.292795463255151
Insect,step2_results\resampled\Insect\D00309_refined_simplified.obj,.obj,5108,9721,9721,triangles,-0.8650850057601929,-0.8711839914321899,-0.3698660135269165,0.8247460126876831,0.7227200269699097,0.41884198784828186,1.689831018447876,1.5939040184020996,0.7887080013751984,2.4531855213620117
Insect,step2_results\resampled\Insect\D00315_refined_simplified.obj,.obj,5103,10150,10150,triangles,-0.8475409746170044,-0.5763149857521057,-0.3869909942150116,1.054710030555725,0.5217829942703247,0.31821000576019287,1.9022510051727295,1.0980979800224304,0.7052009999752045,2.3068780875408286
Insect,step2_results\resampled\Insect\D00333_kept.obj,.obj,5923,11271,11271,triangles,-0.9969850182533264,-0.6701210141181946,-0.19650700688362122,0.8794479966163635,0.7839710116386414,0.1662980020046234,1.87643301486969,1.454092025756836,0.36280500888824463,2.401460379256125
Insect,step2_results\resampled\Insect\D00399_refined_simplified.obj,.obj,5113,9921,9921,triangles,-0.8424659967422485,-0.7627660036087036,-0.202457994222641,0.5451329946517944,0.788802981376648,0.1172579973936081,1.387598991394043,1.5515689849853516,0.3197159916162491,2.1059476706180047
Insect,step2_results\resampled\Insect\D00430_simplified.obj,.obj,9006,17787,17787,triangles,-0.5646492540836334,-0.7324659824371338,-0.41058799624443054,0.873722493648529,0.6291889846324921,0.22941075265407562,1.4383717477321625,1.3616549670696259,0.6399987488985062,2.081493678253939
Insect,step2_results\resampled\Insect\D00510_refined_simplified.obj,.obj,5105,10102,10102,triangles,-1.1402000188827515,-0.783653974533081,-0.249672994017601,0.5792289972305298,0.7071750164031982,0.37224000692367554,1.7194290161132812,1.4908289909362793,0.6219130009412766,2.359191175468439
Insect,step2_results\resampled\Insect\D00590_refined_simplified.obj,.obj,5100,10196,10196,triangles,-0.8595499992370605,-0.5259109735488892,-0.1104850023984909,0.8054710030555725,0.6323149800300598,0.15400199592113495,1.665021002292633,1.158225953578949,0.26448699831962585,2.045418213935614
Insect,step2_results\resampled\Insect\D00615_refined_simplified.obj,.obj,5096,8965,8965,triangles,-0.8457450270652771,-0.7669870257377625,-0.4167250096797943,0.8412169814109802,0.6117100119590759,0.589214026927948,1.6869620084762573,1.3786970376968384,1.0059390366077423,2.399699915649371
Insect,step2_results\resampled\Insect\D00662_simplified.obj,.obj,9027,16212,16212,triangles,-0.6189929842948914,-0.6483070254325867,-0.40040336921811104,1.1095499992370605,0.8628180027008057,0.46924249827861786,1.728542983531952,1.5111250281333923,0.8696458674967289,2.455125990946865
Insect,step2_results\resampled\Insect\D00668_simplified.obj,.obj,9006,17956,17956,triangles,-0.5308730006217957,-0.5394420027732849,-0.5297939777374268,0.8786435127258301,0.3774079978466034,0.4127030074596405,1.4095165133476257,0.9168500006198883,0.9424969851970673,1.9276024725398901
Insect,step2_results\resampled\Insect\D00672_refined_simplified.obj,.obj,5143,8409,8409,triangles,-1.0457299947738647,-0.5737109780311584,-0.30229198932647705,0.7520239949226379,0.7073969841003418,0.3502500057220459,1.7977539896965027,1.2811079621315002,0.652541995048523,2.301948755599986
Insect,step2_results\resampled\Insect\D00695_refined_simplified.obj,.obj,5149,10124,10124,triangles,-0.5799040198326111,-0.5119460225105286,-0.24385599792003632,0.8698800206184387,0.49165600538253784,0.11418399959802628,1.4497840404510498,1.0036020278930664,0.3580399975180626,1.7992452401383143
Insect,step2_results\resampled\Insect\D00713_refined_simplified.obj,.obj,5155,10005,10005,triangles,-0.8915730118751526,-0.8588240146636963,-0.27260100841522217,0.7435629963874817,0.4364140033721924,0.5820140242576599,1.6351360082626343,1.2952380180358887,0.8546150326728821,2.2542577809454425
Insect,step2_results\resampled\Insect\D00732_simplified.obj,.obj,9016,17948,17948,triangles,-0.9251329898834229,-0.9003130197525024,-0.32058900594711304,0.77286297082901,0.6050739884376526,0.486050009727478,1.6979959607124329,1.505387008190155,0.8066390156745911,2.408328638004356
Insect,step2_results\resampled\Insect\D00734_refined_simplified.obj,.obj,5116,9946,9946,triangles,-0.8248410224914551,-0.8090350031852722,-0.3299790024757385,0.8580549955368042,0.8116390109062195,0.3134939968585968,1.6828960180282593,1.6206740140914917,0.6434729993343353,2.4233820929269747
Insect,step2_results\resampled\Insect\D00746_refined_simplified.obj,.obj,5104,10032,10032,triangles,-0.8555790185928345,-0.5901119709014893,-0.37110599875450134,0.8425920009613037,0.7682240009307861,0.3488070070743561,1.6981710195541382,1.3583359718322754,0.7199130058288574,2.2906628211041045
Insect,step2_results\resampled\Insect\D00752_simplified.obj,.obj,9001,17946,17946,triangles,-0.7745140194892883,-0.8234530091285706,-0.2873310148715973,0.8952490091323853,0.6836240291595459,0.28923800587654114,1.6697630286216736,1.5070770382881165,0.5765690207481384,2.322029630899135
Insect,step2_results\resampled\Insect\D00753_simplified.obj,.obj,9012,17792,17792,triangles,-0.6311650276184082,-0.38339298963546753,-0.3538210093975067,0.8897110223770142,0.4132139980792999,0.4689039885997772,1.5208760499954224,0.7966069877147675,0.8227249979972839,1.9038180256146606
Insect,step2_results\resampled\Insect\D00774_refined_simplified.obj,.obj,5108,10100,10100,triangles,-0.9166139960289001,-0.5894960165023804,-0.15340399742126465,0.9314690232276917,0.632748007774353,0.4001699984073639,1.8480830192565918,1.2222440242767334,0.5535739958286285,2.283798473990737
Insect,step2_results\resampled\Insect\D00786_refined_simplified.obj,.obj,5122,9923,9923,triangles,-1.0365999937057495,-0.47007501125335693,-0.5065209865570068,0.704783022403717,0.48062801361083984,0.1940779983997345,1.7413830161094666,0.9507030248641968,0.7005989849567413,2.10406511020996
Insect,step2_results\resampled\Insect\D00787_refined_simplified.obj,.obj,5129,9249,9249,triangles,-1.0313299894332886,-0.26969701051712036,-0.0159939993172884,0.9435840249061584,0.24101099371910095,0.015816999599337578,1.974914014339447,0.5107080042362213,0.03181099891662598,2.0401274394697424
Insect,step2_results\resampled\Insect\D00788_kept.obj,.obj,6170,9646,9646,triangles,-0.8454779982566833,-0.5788229703903198,-0.40424099564552307,0.7336170077323914,0.6671590209007263,0.46761900186538696,1.5790950059890747,1.2459819912910461,0.87185999751091,2.1922937795425503
Insect,step2_results\resampled\Insect\D00806_refined_simplified.obj,.obj,5102,10164,10164,triangles,-0.8218309879302979,-0.7346490025520325,-0.38111498951911926,0.6625180244445801,0.7203879952430725,0.4499180018901825,1.484349012374878,1.455036997795105,0.8310329914093018,2.238535344438761
Insect,step2_results\resampled\Insect\D00814_refined.obj,.obj,5304,10512,10512,triangles,-0.755761981010437,-0.6393579840660095,-0.11430200189352036,0.7172920107841492,0.7179009914398193,0.1679850071668625,1.4730539917945862,1.3572589755058289,0.28228700906038284,2.0228015090011557
Insect,step2_results\resampled\Insect\D00855_refined_simplified.obj,.obj,5102,10160,10160,triangles,-1.040369987487793,-0.7549489736557007,-0.20269499719142914,0.7588689923286438,0.6514220237731934,0.3346729874610901,1.7992389798164368,1.406370997428894,0.5373679846525192,2.3460402042227546
Insect,step2_results\resampled\Insect\D00884_simplified.obj,.obj,9028,16203,16203,triangles,-0.6040769815444946,-0.6647834777832031,-0.38058287650346756,1.0492199659347534,0.8023380041122437,0.4618910104036331,1.653296947479248,1.4671214818954468,0.8424738869071007,2.3655017415558266
Insect,step2_results\resampled\Insect\D00895_refined_simplified.obj,.obj,5106,9586,9586,triangles,-0.9836249947547913,-0.6255970001220703,-0.7316229939460754,0.7077149748802185,0.4309130012989044,0.3885970115661621,1.6913399696350098,1.0565100014209747,1.1202200055122375,2.287299092103466
Insect,step2_results\resampled\Insect\D00973_simplified.obj,.obj,6505,12888,12888,triangles,-1.0391700267791748,-0.7012230157852173,-0.3020099997520447,0.7953630089759827,0.418971985578537,0.4651300013065338,1.8345330357551575,1.1201950013637543,0.7671400010585785,2.2822909721552884
Insect,step2_results\resampled\Insect\D00989_refined_simplified.obj,.obj,5102,10166,10166,triangles,-0.7100070118904114,-0.6136999726295471,-0.1726990044116974,1.0652600526809692,0.6553379893302917,0.22777900099754333,1.7752670645713806,1.2690379619598389,0.4004780054092407,2.2186511966200615
Insect,step2_results\resampled\Insect\m0_refined_simplified.obj,.obj,5112,10120,10120,triangles,0.02500000037252903,0.02500000037252903,0.02500000037252903,0.6425489783287048,0.5475410223007202,0.9750000238418579,0.6175489779561758,0.5225410219281912,0.9500000234693289,1.247764362515696
Insect,step2_results\resampled\Insect\m1_refined_simplified.obj,.obj,5120,9836,9836,triangles,0.02500000037252903,0.02500000037252903,0.02500000037252903,0.42485499382019043,0.38484498858451843,0.9750000238418579,0.3998549934476614,0.3598449882119894,0.9500000234693289,1.0917291220435779
Insect,step2_results\resampled\Insect\m10_refined.obj,.obj,5304,10512,10512,triangles,0.02500000037252903,0.02500000037252903,0.02500000037252903,0.8941090106964111,0.9750000238418579,0.2224379926919937,0.8691090103238821,0.9500000234693289,0.19743799231946468,1.3026251483942048
Insect,step2_results\resampled\Insect\m11_refined_simplified.obj,.obj,5100,10188,10188,triangles,0.02500000037252903,0.02500000037252903,0.02500000037252903,0.9750000238418579,0.509119987487793,0.10096199810504913,0.9500000234693289,0.48411998711526394,0.0759619977325201,1.0689445409448162
Insect,step2_results\resampled\Insect\m12_refined_simplified.obj,.obj,5113,10085,10085,triangles,0.02500000037252903,0.02500000037252903,0.02500000037252903,0.9750000238418579,0.37754398584365845,0.5634719729423523,0.9500000234693289,0.3525439854711294,0.5384719725698233,1.1474926455218917
Insect,step2_results\resampled\Insect\m13_refined_simplified.obj,.obj,5109,9645,9645,triangles,0.02500000037252903,0.02500000037252903,0.02500000037252903,0.5532879829406738,0.17751500010490417,0.9750000238418579,0.5282879825681448,0.15251499973237514,0.9500000234693289,1.0976561675957606
Insect,step2_results\resampled\Insect\m14_refined_simplified.obj,.obj,5104,10099,10099,triangles,0.02500000037252903,0.02500000037252903,0.02500000037252903,0.9750000238418579,0.7159389853477478,0.7735750079154968,0.9500000234693289,0.6909389849752188,0.7485750075429678,1.3929326141160832
Insect,step2_results\resampled\Insect\m15_refined_simplified.obj,.obj,5100,10188,10188,triangles,0.02500000037252903,0.02500000037252903,0.02500000037252903,0.9750000238418579,0.41692399978637695,0.5038419961929321,0.9500000234693289,0.3919239994138479,0.4788419958204031,1.1337522316933
Insect,step2_results\resampled\Insect\m16_refined_simplified.obj,.obj,5117,9961,9961,triangles,0.02500000037252903,0.02500000037252903,0.02500000037252903,0.9750000238418579,0.2701359987258911,0.7186650037765503,0.9500000234693289,0.24513599835336208,0.6936650034040213,1.2015668267840645
Insect,step2_results\resampled\Insect\m17_refined_simplified.obj,.obj,5108,10100,10100,triangles,0.02500000037252903,0.02500000037252903,0.02500000037252903,0.9750000238418579,0.2938219904899597,0.6547210216522217,0.9500000234693289,0.2688219901174307,0.6297210212796926,1.1710311147036019
Insect,step2_results\resampled\Insect\m18_refined_simplified.obj,.obj,5104,10032,10032,triangles,0.02500000037252903,0.02500000037252903,0.02500000037252903,0.9750000238418579,0.423911988735199,0.7866830229759216,0.9500000234693289,0.39891198836266994,0.7616830226033926,1.2813242548135209
Insect,step2_results\resampled\Insect\m19_refined_simplified.obj,.obj,5144,8473,8473,triangles,0.02500000037252903,0.02500000037252903,0.02500000037252903,0.9750000238418579,0.3465079963207245,0.6357139945030212,0.9500000234693289,0.32150799594819546,0.6107139941304922,1.1742397620065372
Insect,step2_results\resampled\Insect\m2_refined_simplified.obj,.obj,5119,9843,9843,triangles,0.02500000037252903,0.02500000037252903,0.02500000037252903,0.6168299913406372,0.5154430270195007,0.9750000238418579,0.5918299909681082,0.4904430266469717,0.9500000234693289,1.22200537854286
Insect,step2_results\resampled\Insect\m20_refined_simplified.obj,.obj,5122,9936,9936,triangles,0.02500000037252903,0.02500000037252903,0.02500000037252903,0.9750000238418579,0.41875600814819336,0.9287919998168945,0.9500000234693289,0.39375600777566433,0.9037919994443655,1.3690813768767722
Insect,step2_results\resampled\Insect\m21_refined_simplified.obj,.obj,5105,10072,10072,triangles,0.02500000037252903,0.02500000037252903,0.02500000037252903,0.9750000238418579,0.524133026599884,0.8282549977302551,0.9500000234693289,0.499133026227355,0.8032549973577261,1.3404672369150854
Insect,step2_results\resampled\Insect\m22_refined_simplified.obj,.obj,5104,10162,10162,triangles,0.02500000037252903,0.02500000037252903,0.02500000037252903,0.9750000238418579,0.42875000834465027,0.6840620040893555,0.9500000234693289,0.40375000797212124,0.6590620037168264,1.2246945897947177
Insect,step2_results\resampled\Insect\m23_refined_simplified.obj,.obj,5100,10152,10152,triangles,0.02500000037252903,0.02500000037252903,0.02500000037252903,0.4756309986114502,0.4259360134601593,0.9750000238418579,0.45063099823892117,0.40093601308763027,0.9500000234693289,1.1253079701824458
Insect,step2_results\resampled\Insect\m24_refined_simplified.obj,.obj,5133,10224,10224,triangles,0.02500000037252903,0.02500000037252903,0.02500000037252903,0.9750000238418579,0.42875000834465027,0.856249988079071,0.9500000234693289,0.40375000797212124,0.831249987706542,1.325326622229909
Insect,step2_results\resampled\Insect\m25_refined_simplified.obj,.obj,5100,10192,10192,triangles,0.02500000037252903,0.02500000037252903,0.02500000037252903,0.8174729943275452,0.5024020075798035,0.9750000238418579,0.7924729939550161,0.47740200720727444,0.9500000234693289,1.326056622933307
Insect,step2_results\resampled\Insect\m26_kept.obj,.obj,5266,10274,10274,triangles,0.02500000037252903,0.02500000037252903,0.02500000037252903,0.8457720279693604,0.42481300234794617,0.9750000238418579,0.8207720275968313,0.39981300197541714,0.9500000234693289,1.3175800554143697
Insect,step2_results\resampled\Insect\m3_refined_simplified.obj,.obj,5102,10144,10144,triangles,0.02500000037252903,0.02500000037252903,0.02500000037252903,0.9314060211181641,0.556331992149353,0.9750000238418579,0.906406020745635,0.531331991776824,0.9500000234693289,1.416469415314425
Insect,step2_results\resampled\Insect\m4_refined_simplified.obj,.obj,5112,9743,9743,triangles,0.02500000037252903,0.02500000037252903,0.02500000037252903,0.5567449927330017,0.9750000238418579,0.33224499225616455,0.5317449923604727,0.9500000234693289,0.3072449918836355,1.1312171615254694
Insect,step2_results\resampled\Insect\m6_simplified.obj,.obj,6511,12529,12529,triangles,0.02500000037252903,0.02500000037252903,0.02500000037252903,0.6681470274925232,0.7022280097007751,0.974250003695488,0.6431470271199942,0.6772280093282461,0.949250003322959,1.3316724236540394
Insect,step2_results\resampled\Insect\m7_refined_simplified.obj,.obj,5142,10185,10185,triangles,0.02500000037252903,0.02500000037252903,0.02500000037252903,0.5708289742469788,0.5774539709091187,0.9750000238418579,0.5458289738744497,0.5524539705365896,0.9500000234693289,1.227043072949847
Insect,step2_results\resampled\Insect\m8_refined.obj,.obj,5595,10704,10704,triangles,0.02500000037252903,0.02500000037252903,0.02500000037252903,0.4784890115261078,0.9750000238418579,0.8342220187187195,0.45348901115357876,0.9500000234693289,0.8092220183461905,1.3277773167233498
Insect,step2_results\resampled\Insect\m9_refined_simplified.obj,.obj,5092,9598,9598,triangles,0.02500000037252903,0.02500000037252903,0.02500000037252903,0.8304349780082703,0.9750000238418579,0.48259299993515015,0.8054349776357412,0.9500000234693289,0.4575929995626211,1.3268823990993057
Jet,step2_results\resampled\Jet\m1147_refined_simplified.obj,.obj,5102,10136,10136,triangles,0.02500000037252903,0.02500000037252903,0.02500000037252903,0.9750000238418579,0.3313100039958954,0.8846719861030579,0.9500000234693289,0.30631000362336636,0.8596719857305288,1.317331312146395
Jet,step2_results\resampled\Jet\m1149_refined_simplified.obj,.obj,5115,10098,10098,triangles,0.02500000037252903,0.02500000037252903,0.02500000037252903,0.9750000238418579,0.3056339919567108,0.7692970037460327,0.9500000234693289,0.2806339915841818,0.7442970033735037,1.239045403145088
Jet,step2_results\resampled\Jet\m1150_refined_simplified.obj,.obj,5100,10190,10190,triangles,0.02500000037252903,0.02500000037252903,0.02500000037252903,0.7432559728622437,0.2012380063533783,0.9750000238418579,0.7182559724897146,0.17623800598084927,0.9500000234693289,1.2039316929797044
Jet,step2_results\resampled\Jet\m1151_refined_simplified.obj,.obj,5102,10144,10144,triangles,0.02500000037252903,0.02500000037252903,0.02500000037252903,0.9750000238418579,0.2673569917678833,0.9498289823532104,0.9500000234693289,0.24235699139535427,0.9248289819806814,1.3477928630844418
Jet,step2_results\resampled\Jet\m1152_refined_simplified.obj,.obj,5148,9419,9419,triangles,0.02500000037252903,0.02500000037252903,0.02500000037252903,0.9224539995193481,0.41383999586105347,0.9750000238418579,0.8974539991468191,0.38883999548852444,0.9500000234693289,1.3634956058850574
Jet,step2_results\resampled\Jet\m1153_refined_simplified.obj,.obj,5103,10166,10166,triangles,0.02500000037252903,0.02500000037252903,0.02500000037252903,0.7912700176239014,0.36446699500083923,0.9750000238418579,0.7662700172513723,0.3394669946283102,0.9500000234693289,1.266849487655152
Jet,step2_results\resampled\Jet\m1154_refined_simplified.obj,.obj,5103,10166,10166,triangles,0.02500000037252903,0.02500000037252903,0.02500000037252903,0.8497580289840698,0.28414100408554077,0.9750000238418579,0.8247580286115408,0.25914100371301174,0.9500000234693289,1.2844765121076787
Jet,step2_results\resampled\Jet\m1155_refined_simplified.obj,.obj,5108,8179,8179,triangles,0.02500000037252903,0.02500000037252903,0.02500000037252903,0.8166249990463257,0.2285189926624298,0.9750000238418579,0.7916249986737967,0.20351899228990078,0.9500000234693289,1.2532318872976822
Jet,step2_results\resampled\Jet\m1156_refined_simplified.obj,.obj,5123,9939,9939,triangles,0.02500000037252903,0.02500000037252903,0.02500000037252903,0.9750000238418579,0.21292999386787415,0.8321030139923096,0.9500000234693289,0.18792999349534512,0.8071030136197805,1.2606478499727898
Jet,step2_results\resampled\Jet\m1157_refined_simplified.obj,.obj,5119,9558,9558,triangles,0.02500000037252903,0.02500000037252903,0.02500000037252903,0.9750000238418579,0.7037100195884705,0.18583199381828308,0.9500000234693289,0.6787100192159414,0.16083199344575405,1.178564493310215
Jet,step2_results\resampled\Jet\m1158_refined_simplified.obj,.obj,5121,9935,9935,triangles,0.02500000037252903,0.02500000037252903,0.02500000037252903,0.9085749983787537,0.4539949893951416,0.9750000238418579,0.8835749980062246,0.42899498902261257,0.9500000234693289,1.3664704615541226
Jet,step2_results\resampled\Jet\m1159_refined_simplified.obj,.obj,5148,9419,9419,triangles,0.02500000037252903,0.02500000037252903,0.02500000037252903,0.9224539995193481,0.41383999586105347,0.9750000238418579,0.8974539991468191,0.38883999548852444,0.9500000234693289,1.3634956058850574
Jet,step2_results\resampled\Jet\m1161_refined_simplified.obj,.obj,5138,7020,7020,triangles,0.02500000037252903,0.02500000037252903,0.02500000037252903,0.9315909743309021,0.32613998651504517,0.9750000238418579,0.9065909739583731,0.30113998614251614,0.9500000234693289,1.3472536991630164
Jet,step2_results\resampled\Jet\m1162_refined_simplified.obj,.obj,5102,10160,10160,triangles,0.02500000037252903,0.02500000037252903,0.02500000037252903,0.8308159708976746,0.9750000238418579,0.2738569974899292,0.8058159705251455,0.9500000234693289,0.24885699711740017,1.270342169637534
Jet,step2_results\resampled\Jet\m1163_refined_simplified.obj,.obj,5124,8914,8914,triangles,0.02500000037252903,0.02500000037252903,0.02500000037252903,0.9310340285301208,0.30274900794029236,0.9750000238418579,0.9060340281575918,0.27774900756776333,0.9500000234693289,1.3418428432480738
Jet,step2_results\resampled\Jet\m1165_refined_simplified.obj,.obj,5103,9828,9828,triangles,0.02500000037252903,0.02500000037252903,0.02500000037252903,0.9750000238418579,0.7945830225944519,0.27184098958969116,0.9500000234693289,0.7695830222219229,0.24684098921716213,1.247272442829417
Jet,step2_results\resampled\Jet\m1166_refined.obj,.obj,5314,10304,10304,triangles,0.02500000037252903,0.02500000037252903,0.02500000037252903,0.8718069791793823,0.25202399492263794,0.9750000238418579,0.8468069788068533,0.2270239945501089,0.9500000234693289,1.292718839519717
Jet,step2_results\resampled\Jet\m1167_refined_simplified.obj,.obj,5157,6846,6846,triangles,0.02500000037252903,0.02500000037252903,0.02500000037252903,0.6977720260620117,0.28348401188850403,0.9750000238418579,0.6727720256894827,0.258484011515975,0.9500000234693289,1.1924496749764522
Jet,step2_results\resampled\Jet\m1168_refined_simplified.obj,.obj,5081,9827,9827,triangles,0.02500000037252903,0.02500000037252903,0.02500000037252903,0.6513739824295044,0.24423100054264069,0.9750000238418579,0.6263739820569754,0.21923100017011166,0.9500000234693289,1.15883848806692
Jet,step2_results\resampled\Jet\m1169_refined_simplified.obj,.obj,5106,9793,9793,triangles,0.02500000037252903,0.02500000037252903,0.02500000037252903,0.6634529829025269,0.3095009922981262,0.9750000238418579,0.6384529825299978,0.2845009919255972,0.9500000234693289,1.1794333681475286
Jet,step2_results\resampled\Jet\m1171_refined_simplified.obj,.obj,5103,9239,9239,triangles,0.02500000037252903,0.02500000037252903,0.02500000037252903,0.9750000238418579,0.2807379961013794,0.7363809943199158,0.9500000234693289,0.25573799572885036,0.7113809939473867,1.214069555503599
Jet,step2_results\resampled\Jet\m1172_refined_simplified.obj,.obj,5111,9686,9686,triangles,0.02500000037252903,0.02500000037252903,0.02500000037252903,0.9750000238418579,0.7706940174102783,0.204025000333786,0.9500000234693289,0.7456940170377493,0.17902499996125698,1.2209052224676362
Jet,step2_results\resampled\Jet\m1173_refined_simplified.obj,.obj,5111,9900,9900,triangles,0.02500000037252903,0.02500000037252903,0.02500000037252903,0.9750000238418579,0.7901610136032104,0.2615390121936798,0.9500000234693289,0.7651610132306814,0.23653901182115078,1.2425466288527183
Jet,step2_results\resampled\Jet\m1174_refined_simplified.obj,.obj,5095,10166,10166,triangles,0.02500000037252903,0.02500000037252903,0.02500000037252903,0.5128740072250366,0.21756300330162048,0.9750000238418579,0.4878740068525076,0.19256300292909145,0.9500000234693289,1.0851735350860319
Jet,step2_results\resampled\Jet\m1175_refined_simplified.obj,.obj,5101,10106,10106,triangles,0.02500000037252903,0.02500000037252903,0.02500000037252903,0.66525799036026,0.32135099172592163,0.9750000238418579,0.640257989987731,0.2963509913533926,0.9500000234693289,1.1833233913056032
Jet,step2_results\resampled\Jet\m1176_refined_simplified.obj,.obj,5116,8233,8233,triangles,0.02500000037252903,0.02500000037252903,0.02500000037252903,0.8048909902572632,0.22056399285793304,0.9750000238418579,0.7798909898847342,0.19556399248540401,0.9500000234693289,1.2445783526367262
Jet,step2_results\resampled\Jet\m1177_refined_simplified.obj,.obj,5101,10184,10184,triangles,0.02500000037252903,0.02500000037252903,0.02500000037252903,0.8572829961776733,0.3076770007610321,0.9750000238418579,0.8322829958051443,0.2826770003885031,0.9500000234693289,1.2942570518435481
Jet,step2_results\resampled\Jet\m1178_refined_simplified.obj,.obj,5103,10038,10038,triangles,0.02500000037252903,0.02500000037252903,0.02500000037252903,0.46833300590515137,0.2144719958305359,0.9750000238418579,0.44333300553262234,0.18947199545800686,0.9500000234693289,1.065337427977236
Jet,step2_results\resampled\Jet\m1179_refined_simplified.obj,.obj,5097,9330,9330,triangles,0.02500000037252903,0.02500000037252903,0.02500000037252903,0.609266996383667,0.21774399280548096,0.9750000238418579,0.584266996011138,0.19274399243295193,0.9500000234693289,1.1318207516380845
Jet,step2_results\resampled\Jet\m1180_refined_simplified.obj,.obj,5100,10192,10192,triangles,0.02500000037252903,0.02500000037252903,0.02500000037252903,0.6568490266799927,0.23170800507068634,0.9750000238418579,0.6318490263074636,0.2067080046981573,0.9500000234693289,1.159509135731025
Jet,step2_results\resampled\Jet\m1181_refined_simplified.obj,.obj,5101,10184,10184,triangles,0.02500000037252903,0.02500000037252903,0.02500000037252903,0.749210000038147,0.2388399988412857,0.9750000238418579,0.7242099996656179,0.21383999846875668,0.9500000234693289,1.2135516936465944
Jet,step2_results\resampled\Jet\m1182_refined_simplified.obj,.obj,5100,10196,10196,triangles,0.02500000037252903,0.02500000037252903,0.02500000037252903,0.9501429796218872,0.9750000238418579,0.24835099279880524,0.9251429792493582,0.9500000234693289,0.2233509924262762,1.3447212508411943
Jet,step2_results\resampled\Jet\m1183_refined_simplified.obj,.obj,5138,9448,9448,triangles,0.02500000037252903,0.02500000037252903,0.02500000037252903,0.9750000238418579,0.8269169926643372,0.22265799343585968,0.9500000234693289,0.8019169922918081,0.19765799306333065,1.2588246857048397
Jet,step2_results\resampled\Jet\m1184_refined_simplified.obj,.obj,5104,10136,10136,triangles,0.02500000037252903,0.07872000336647034,0.02500000037252903,0.5101789832115173,0.2406727302860503,0.9750000238418579,0.4851789828389883,0.16195272691957996,0.9500000234693289,1.0789473461374697
Jet,step2_results\resampled\Jet\m1185_refined_simplified.obj,.obj,5090,9986,9986,triangles,0.02500000037252903,0.02500000037252903,0.02500000037252903,0.4588058218359947,0.24775899946689606,0.9553449749946594,0.4338058214634657,0.22275899909436703,0.9303449746221304,1.0504050810129246
Jet,step2_results\resampled\Jet\m1187_refined_simplified.obj,.obj,5093,10173,10173,triangles,0.02500000037252903,0.02500000037252903,0.02500000037252903,0.6583330035209656,0.2685900032520294,0.9750000238418579,0.6333330031484365,0.2435900028795004,0.9500000234693289,1.1674531369487933
Jet,step2_results\resampled\Jet\m1188_refined_simplified.obj,.obj,5100,10180,10180,triangles,0.02500000037252903,0.02500000037252903,0.02500000037252903,0.7874540090560913,0.27522000670433044,0.9750000238418579,0.7624540086835623,0.2502200063318014,0.9500000234693289,1.243561904980225
Jet,step2_results\resampled\Jet\m1190_refined_simplified.obj,.obj,5076,10121,10121,triangles,0.03131699934601784,0.02500000037252903,0.02500000037252903,0.6772860288619995,0.2784910015761852,0.9720387607812881,0.6459690295159817,0.2534910012036562,0.9470387604087591,1.1740596613893224
Jet,step2_results\resampled\Jet\m1191_refined_simplified.obj,.obj,5118,9905,9905,triangles,0.02500000037252903,0.02500000037252903,0.02500000037252903,0.9750000238418579,0.8901200294494629,0.17625999450683594,0.9500000234693289,0.8651200290769339,0.1512599941343069,1.2937589787620067
Jet,step2_results\resampled\Jet\m1193_refined_simplified.obj,.obj,5130,10254,10254,triangles,0.02500000037252903,0.02500000037252903,0.02500000037252903,0.5214070081710815,0.21136100590229034,0.9750000238418579,0.4964070077985525,0.18636100552976131,0.9500000234693289,1.0879569781775846
Jet,step2_results\resampled\Jet\m1194_refined_simplified.obj,.obj,5085,9432,9432,triangles,0.02500000037252903,0.02500000037252903,0.02500000037252903,0.9750000238418579,0.7503780126571655,0.2515830099582672,0.9500000234693289,0.7253780122846365,0.22658300958573818,1.2165579170473826
Jet,step2_results\resampled\Jet\m1195_refined_simplified.obj,.obj,5123,9495,9495,triangles,0.02500000037252903,0.02500000037252903,0.02500000037252903,0.9750000238418579,0.7357000112533569,0.23713700473308563,0.9500000234693289,0.7107000108808279,0.2121370043605566,1.2052371794285162
Jet,step2_results\resampled\Jet\m1196_refined_simplified.obj,.obj,5100,9459,9459,triangles,0.02500000037252903,0.02500000037252903,0.02500000037252903,0.9750000238418579,0.6764289736747742,0.22814199328422546,0.9500000234693289,0.6514289733022451,0.20314199291169643,1.1696693640227902
Jet,step2_results\resampled\Jet\m1197_refined_simplified.obj,.obj,5101,10126,10126,triangles,0.02500000037252903,0.036309998482465744,0.02500000037252903,0.6854760050773621,0.24751524440944195,0.9750000238418579,0.660476004704833,0.2112052459269762,0.9500000234693289,1.1761531589421756
Jet,step2_results\resampled\Jet\m1198_refined_simplified.obj,.obj,5102,9978,9978,triangles,0.02500000037252903,0.02500000037252903,0.02500000037252903,0.6648979783058167,0.23902200162410736,0.9750000238418579,0.6398979779332876,0.21402200125157833,0.9500000234693289,1.1652359777206358
Jet,step2_results\resampled\Jet\m1199_refined_simplified.obj,.obj,5099,9980,9980,triangles,0.02500000037252903,0.02500000037252903,0.02500000037252903,0.9750000238418579,0.22118400037288666,0.5576980113983154,0.9500000234693289,0.19618400000035763,0.5326980110257864,1.1066866663146775
Jet,step2_results\resampled\Jet\m1200_refined_simplified.obj,.obj,5093,10100,10100,triangles,0.02500000037252903,0.02500000037252903,0.02500000037252903,0.483720988035202,0.2878178895275596,0.8818960189819336,0.458720987662673,0.26281788915503057,0.8568960186094046,1.006860950722975
Jet,step2_results\resampled\Jet\m1201_kept.obj,.obj,6739,11190,11190,triangles,0.02500000037252903,0.02500000037252903,0.02500000037252903,0.9750000238418579,0.6777610182762146,0.3220619857311249,0.9500000234693289,0.6527610179036856,0.29706198535859585,1.1903120659018676
Jet,step2_results\resampled\Jet\m1202_refined_simplified.obj,.obj,5102,10168,10168,triangles,0.02500000037252903,0.02500000037252903,0.02500000037252903,0.5660549998283386,0.23368999361991882,0.9750000238418579,0.5410549994558096,0.2086899932473898,0.9500000234693289,1.1130103639721631
Jet,step2_results\resampled\Jet\m1204_refined_simplified.obj,.obj,5111,10034,10034,triangles,0.02500000037252903,0.02500000037252903,0.02500000037252903,0.6667219996452332,0.33327800035476685,0.9498339891433716,0.6417219992727041,0.3082779999822378,0.9248339887708426,1.1671162565954567
Jet,step2_results\resampled\Jet\m1205_refined_simplified.obj,.obj,5122,9577,9577,triangles,0.02500000037252903,0.02500000037252903,0.02500000037252903,0.9750000238418579,0.7742949724197388,0.21694999933242798,0.9500000234693289,0.7492949720472097,0.19194999895989895,1.2250664479234012
Jet,step2_results\resampled\Jet\m1207_refined.obj,.obj,5473,10480,10480,triangles,0.02500000037252903,0.02500000037252903,0.02500000037252903,0.9750000238418579,0.14862999320030212,0.382876992225647,0.9500000234693289,0.1236299928277731,0.35787699185311794,1.022673144761393
Jet,step2_results\resampled\Jet\m1208_refined_simplified.obj,.obj,5125,9759,9759,triangles,0.02500000037252903,0.02500000037252903,0.02500000037252903,0.7185959815979004,0.2188500016927719,0.9750000238418579,0.6935959812253714,0.19385000132024288,0.9500000234693289,1.192121324687873
Jet,step2_results\resampled\Jet\m1209_refined_simplified.obj,.obj,5100,10196,10196,triangles,0.02500000037252903,0.02500000037252903,0.02500000037252903,0.9366499781608582,0.2751860022544861,0.9750000238418579,0.9116499777883291,0.25018600188195705,0.9500000234693289,1.3402234000833089
Jet,step2_results\resampled\Jet\m1210_refined_simplified.obj,.obj,5100,10167,10167,triangles,0.02500000037252903,0.02500000037252903,0.02500000037252903,0.6778600215911865,0.22597500681877136,0.9750000238418579,0.6528600212186575,0.20097500644624233,0.9500000234693289,1.17009281901626
Jet,step2_results\resampled\Jet\m1211_refined_simplified.obj,.obj,5097,9871,9871,triangles,0.02500000037252903,0.02500000037252903,0.02500000037252903,0.918097972869873,0.31777501106262207,0.9750000238418579,0.893097972497344,0.29277501069009304,0.9500000234693289,1.336353710645193
Jet,step2_results\resampled\Jet\m1212_refined_simplified.obj,.obj,5108,9621,9621,triangles,0.02500000037252903,0.02500000037252903,0.02500000037252903,0.6255760192871094,0.31820398569107056,0.9750000238418579,0.6005760189145803,0.2932039853185415,0.9500000234693289,1.1615335449713398
Jet,step2_results\resampled\Jet\m1213_refined_simplified.obj,.obj,5103,10168,10168,triangles,0.02500000037252903,0.02500000037252903,0.02500000037252903,0.4576300084590912,0.1757500022649765,0.9750000238418579,0.43263000808656216,0.15075000189244747,0.9500000234693289,1.054701062652009
Jet,step2_results\resampled\Jet\m1214_refined_simplified.obj,.obj,5100,10183,10183,triangles,0.02500000037252903,0.02500000037252903,0.02500000037252903,0.6226270198822021,0.2226240038871765,0.9750000238418579,0.5976270195096731,0.19762400351464748,0.9500000234693289,1.1396110502293746
Jet,step2_results\resampled\Jet\m1215_refined_simplified.obj,.obj,5100,10188,10188,triangles,0.02500000037252903,0.02500000037252903,0.02500000037252903,0.2416599988937378,0.6949130296707153,0.9750000238418579,0.21665999852120876,0.6699130292981863,0.9500000234693289,1.1824656723873248
Jet,step2_results\resampled\Jet\m1216_refined_simplified.obj,.obj,5100,10194,10194,triangles,0.02500000037252903,0.02500000037252903,0.02500000037252903,0.6698629856109619,0.2213740050792694,0.9750000238418579,0.6448629852384329,0.19637400470674038,0.9500000234693289,1.1648652557471664
Jet,step2_results\resampled\Jet\m1217_refined_simplified.obj,.obj,5099,10143,10143,triangles,0.02500000037252903,0.02500000037252903,0.02500000037252903,0.6065750122070312,0.2731899917125702,0.9750000238418579,0.5815750118345022,0.24818999134004116,0.9500000234693289,1.141195781092533
Jet,step2_results\resampled\Jet\m1218_refined_simplified.obj,.obj,5109,9804,9804,triangles,0.02500000037252903,0.02500000037252903,0.02500000037252903,0.6929060220718384,0.2265080064535141,0.9750000238418579,0.6679060216993093,0.20150800608098507,0.9500000234693289,1.1786449740819573
Jet,step2_results\resampled\Jet\m1219_refined_simplified.obj,.obj,5100,10196,10196,triangles,0.02500000037252903,0.02500000037252903,0.02500000037252903,0.17778900265693665,0.7274860143661499,0.9750000238418579,0.15278900228440762,0.7024860139936209,0.9500000234693289,1.1913568414490412
Jet,step2_results\resampled\Jet\m1220_refined_simplified.obj,.obj,5100,10186,10186,triangles,0.02500000037252903,0.02500000037252903,0.02500000037252903,0.6734300255775452,0.23167400062084198,0.9750000238418579,0.6484300252050161,0.20667400024831295,0.9500000234693289,1.1686212750749247
Jet,step2_results\resampled\Jet\m1221_refined.obj,.obj,5345,10488,10488,triangles,0.02500000037252903,0.02500000037252903,0.02500000037252903,0.9750000238418579,0.8465380072593689,0.2191389948129654,0.9500000234693289,0.8215380068868399,0.19413899444043636,1.2708716262918416
Jet,step2_results\resampled\Jet\m1222_refined_simplified.obj,.obj,5110,10058,10058,triangles,0.02500000037252903,0.02500000037252903,0.02500000037252903,0.9750000238418579,0.8952959775924683,0.3837679922580719,0.9500000234693289,0.8702959772199392,0.35876799188554287,1.3373965771447598
Jet,step2_results\resampled\Jet\m1223_refined_simplified.obj,.obj,5100,10196,10196,triangles,0.02500000037252903,0.02500000037252903,0.02500000037252903,0.685617983341217,0.21557800471782684,0.9750000238418579,0.660617982968688,0.1905780043452978,0.9500000234693289,1.172704625962386
Jet,step2_results\resampled\Jet\m1224_refined_simplified.obj,.obj,5097,9816,9816,triangles,0.02500000037252903,0.02500000037252903,0.02500000037252903,0.9750000238418579,0.43666699528694153,0.16496700048446655,0.9500000234693289,0.4116669949144125,0.13996700011193752,1.0447777373269032
Jet,step2_results\resampled\Jet\m1225_refined_simplified.obj,.obj,5104,9850,9850,triangles,0.02500000037252903,0.02500000037252903,0.02500000037252903,0.9750000238418579,0.731328010559082,0.18014299869537354,0.9500000234693289,0.706328010186553,0.1551429983228445,1.1939299194234236
Jet,step2_results\resampled\Jet\m1226_refined_simplified.obj,.obj,5100,10196,10196,triangles,0.02500000037252903,0.02500000037252903,0.02500000037252903,0.9750000238418579,0.2547920048236847,0.5043789744377136,0.9500000234693289,0.22979200445115566,0.4793789740651846,1.088626938247072
Jet,step2_results\resampled\Jet\m1227_refined_simplified.obj,.obj,5126,9273,9273,triangles,0.02500000037252903,0.02500000037252903,0.02500000037252903,0.9750000238418579,0.7685030102729797,0.15892499685287476,0.9500000234693289,0.7435030099004507,0.13392499648034573,1.2137679658835192
Jet,step2_results\resampled\Jet\m1228_refined_simplified.obj,.obj,5113,9055,9055,triangles,0.02500000037252903,0.02500000037252903,0.02500000037252903,0.9750000238418579,0.7055789828300476,0.16931000351905823,0.9500000234693289,0.6805789824575186,0.1443100031465292,1.1775029396832892
Jet,step2_results\resampled\Jet\m1229_refined_simplified.obj,.obj,5110,9792,9792,triangles,0.02500000037252903,0.02500000037252903,0.02500000037252903,0.5012919902801514,0.9750000238418579,0.22504299879074097,0.47629198990762234,0.9500000234693289,0.20004299841821194,1.0813747294338059
Jet,step2_results\resampled\Jet\m1230_refined_simplified.obj,.obj,5124,9640,9640,triangles,0.02500000037252903,0.02500000037252903,0.02500000037252903,0.9750000238418579,0.6149590015411377,0.31129899621009827,0.9500000234693289,0.5899590011686087,0.28629899583756924,1.1543477737099805
Jet,step2_results\resampled\Jet\m1231_refined_simplified.obj,.obj,5102,9769,9769,triangles,0.02500000037252903,0.02500000037252903,0.02500000037252903,0.5856729313327378,0.1946450024843216,0.9750000238418579,0.5606729309602088,0.16964500211179256,0.9500000234693289,1.1160795701224653
Jet,step2_results\resampled\Jet\m1232_refined_simplified.obj,.obj,5090,10114,10114,triangles,0.02500000037252903,0.02500000037252903,0.02500000037252903,0.9493240118026733,0.24238699674606323,0.9750000238418579,0.9243240114301443,0.2173869963735342,0.9500000234693289,1.343179820013071
Jet,step2_results\resampled\Jet\m1233_refined_simplified.obj,.obj,5104,10095,10095,triangles,0.02500000037252903,0.02500000037252903,0.02500000037252903,0.512499988079071,0.2593749910593033,0.9750000238418579,0.487499987706542,0.23437499068677425,0.9500000234693289,1.0932007678670141
Jet,step2_results\resampled\Jet\m1234_refined_simplified.obj,.obj,5100,10084,10084,triangles,0.02500000037252903,0.02500000037252903,0.02500000037252903,0.8524190187454224,0.2349189966917038,0.9750000238418579,0.8274190183728933,0.20991899631917477,0.9500000234693289,1.2771798078471714
Jet,step2_results\resampled\Jet\m1235_refined_simplified.obj,.obj,5100,10104,10104,triangles,0.02500000037252903,0.02500000037252903,0.02500000037252903,0.9750000238418579,0.23880499601364136,0.9485499858856201,0.9500000234693289,0.21380499564111233,0.9235499855130911,1.3420719788796918
Jet,step2_results\resampled\Jet\m1236_refined_simplified.obj,.obj,5069,9889,9889,triangles,0.02500000037252903,0.02500000037252903,0.02500000037252903,0.6628170013427734,0.21892300248146057,0.9750000238418579,0.6378170009702444,0.19392300210893154,0.9500000234693289,1.1605674052226966
Jet,step2_results\resampled\Jet\m1237_refined_simplified.obj,.obj,5103,9973,9973,triangles,0.02500000037252903,0.02500000037252903,0.02500000037252903,0.9750000238418579,0.3088900148868561,0.9369369745254517,0.9500000234693289,0.28389001451432705,0.9119369741529226,1.347116412846291
Jet,step2_results\resampled\Jet\m1238_refined_simplified.obj,.obj,5100,10081,10081,triangles,0.02500000037252903,0.02500000037252903,0.02500000037252903,0.507876992225647,0.24773499369621277,0.9750000238418579,0.48287699185311794,0.22273499332368374,0.9500000234693289,1.0887061638035043
Jet,step2_results\resampled\Jet\m1239_refined_simplified.obj,.obj,5113,9593,9593,triangles,0.02500000037252903,0.02500000037252903,0.02500000037252903,0.9750000238418579,0.7683389782905579,0.24776999652385712,0.9500000234693289,0.7433389779180288,0.2227699961513281,1.2266537212551911
Jet,step2_results\resampled\Jet\m1240_refined_simplified.obj,.obj,5095,10146,10146,triangles,0.02500000037252903,0.07872000336647034,0.02500000037252903,0.8619049787521362,0.29360100626945496,0.9750000238418579,0.8369049783796072,0.21488100290298462,0.9500000234693289,1.2841665907649555
Jet,step2_results\resampled\Jet\m1241_refined_simplified.obj,.obj,5142,9450,9450,triangles,0.02500000037252903,0.02500000037252903,0.02500000037252903,0.9750000238418579,0.7038540244102478,0.26375898718833923,0.9500000234693289,0.6788540240377188,0.2387589868158102,1.1917838244955505
Jet,step2_results\resampled\Jet\m1242_refined_simplified.obj,.obj,5133,9765,9765,triangles,0.02500000037252903,0.02500000037252903,0.029577000066637993,0.9750000238418579,0.594074010848999,0.23528699576854706,0.9500000234693289,0.56907401047647,0.20570999570190907,1.126348914112842
Jet,step2_results\resampled\Jet\m1243_refined_simplified.obj,.obj,5099,10137,10137,triangles,0.02500000037252903,0.02500000037252903,0.02500000037252903,0.6772699952125549,0.24855999648571014,0.9750000238418579,0.6522699948400259,0.22355999611318111,0.9500000234693289,1.1738548728963296
Jet,step2_results\resampled\Jet\m1245_refined_simplified.obj,.obj,5100,10196,10196,triangles,0.02500000037252903,0.02500000037252903,0.02500000037252903,0.9750000238418579,0.3128949999809265,0.7493360042572021,0.9500000234693289,0.2878949996083975,0.7243360038846731,1.228839380030955
Jet,step2_results\resampled\Jet\m1246_refined_simplified.obj,.obj,5083,9923,9923,triangles,0.02500000037252903,0.02500000037252903,0.02500000037252903,0.8114749789237976,0.3325819969177246,0.9750000238418579,0.7864749785512686,0.3075819965451956,0.9500000234693289,1.2710820670112817
Jet,step2_results\resampled\Jet\m1247_refined_simplified.obj,.obj,5100,10196,10196,triangles,0.02500000037252903,0.02500000037252903,0.02500000037252903,0.6805319786071777,0.33894801139831543,0.9750000238418579,0.6555319782346487,0.3139480110257864,0.9500000234693289,1.1961544936616695
Jet,step2_results\resampled\Jet\m1248_refined_simplified.obj,.obj,5103,9824,9824,triangles,0.02500000037252903,0.02500000037252903,0.02500000037252903,0.9750000238418579,0.38858500123023987,0.6348789930343628,0.9500000234693289,0.36358500085771084,0.6098789926618338,1.1860212827477592
Jet,step2_results\resampled\Jet\m1249_refined_simplified.obj,.obj,5100,10196,10196,triangles,0.02500000037252903,0.02500000037252903,0.02500000037252903,0.9750000238418579,0.6304290294647217,0.3811669945716858,0.9500000234693289,0.6054290290921926,0.35616699419915676,1.1814818160327745
Jet,step2_results\resampled\Jet\m1250_refined_simplified.obj,.obj,5100,10096,10096,triangles,0.02500000037252903,0.02500000037252903,0.02500000037252903,0.874904990196228,0.2258549928665161,0.9750000238418579,0.849904989823699,0.20085499249398708,0.9500000234693289,1.2904190266454951
Jet,step2_results\resampled\Jet\m1251_refined_simplified.obj,.obj,5106,9793,9793,triangles,0.02500000037252903,0.02500000037252903,0.02500000037252903,0.6634529829025269,0.3095009922981262,0.9750000238418579,0.6384529825299978,0.2845009919255972,0.9500000234693289,1.1794333681475286
Jet,step2_results\resampled\Jet\m1252_refined_simplified.obj,.obj,5106,8639,8639,triangles,0.02500000037252903,0.02500000037252903,0.02500000037252903,0.9750000238418579,0.6043609976768494,0.23945699632167816,0.9500000234693289,0.5793609973043203,0.21445699594914913,1.1332038708461578
Jet,step2_results\resampled\Jet\m1253_refined_simplified.obj,.obj,5099,9494,9494,triangles,0.02500000037252903,0.02500000037252903,0.02500000037252903,0.9750000238418579,0.7153369784355164,0.2310580015182495,0.9500000234693289,0.6903369780629873,0.20605800114572048,1.1922772696436985
Jet,step2_results\resampled\Jet\m1255_refined_simplified.obj,.obj,5102,9800,9800,triangles,0.02500000037252903,0.02500000037252903,0.02500000037252903,0.9750000238418579,0.24672499299049377,0.5078700184822083,0.9500000234693289,0.22172499261796474,0.4828700181096792,1.0884968862299993
Jet,step2_results\resampled\Jet\m1256_simplified.obj,.obj,6568,11686,11686,triangles,0.02500000037252903,0.02500000037252903,0.02500000037252903,0.4776360094547272,0.1367579996585846,0.9750000238418579,0.45263600908219814,0.11175799928605556,0.9500000234693289,1.058238749864135
Jet,step2_results\resampled\Jet\m1257_simplified.obj,.obj,6506,12410,12410,triangles,0.02500000037252903,0.02500000037252903,0.02500000037252903,0.4776360094547272,0.9750000238418579,0.1367579996585846,0.45263600908219814,0.9500000234693289,0.11175799928605556,1.058238749864135
Jet,step2_results\resampled\Jet\m1258_refined_simplified.obj,.obj,5106,8001,8001,triangles,0.02500000037252903,0.02500000037252903,0.03659950103610754,0.6977720260620117,0.28348401188850403,0.9750000238418579,0.6727720256894827,0.258484011515975,0.9384005228057504,1.1832293623646373
Jet,step2_results\resampled\Jet\m1259_kept.obj,.obj,6739,11190,11190,triangles,0.02500000037252903,0.02500000037252903,0.02500000037252903,0.9750000238418579,0.6777610182762146,0.3220619857311249,0.9500000234693289,0.6527610179036856,0.29706198535859585,1.1903120659018676
Jet,step2_results\resampled\Jet\m1260_simplified.obj,.obj,6476,11679,11679,triangles,0.02500000037252903,0.02500000037252903,0.02500000037252903,0.9750000238418579,0.34361299872398376,0.593563973903656,0.9500000234693289,0.31861299835145473,0.568563973531127,1.1520760735766253
Jet,step2_results\resampled\Jet\m1261_refined_simplified.obj,.obj,5109,9465,9465,triangles,0.02500000037252903,0.02500000037252903,0.02500000037252903,0.9750000238418579,0.7199789881706238,0.2491540014743805,0.9500000234693289,0.6949789877980947,0.22415400110185146,1.198224041772889
Jet,step2_results\resampled\Jet\m1262_refined_simplified.obj,.obj,5141,9571,9571,triangles,0.02500000037252903,0.02500000037252903,0.02500000037252903,0.9750000238418579,0.6549490094184875,0.22785499691963196,0.9500000234693289,0.6299490090459585,0.20285499654710293,1.157793568911935
Jet,step2_results\resampled\Jet\m1263_refined_simplified.obj,.obj,5125,9534,9534,triangles,0.02500000037252903,0.02500000037252903,0.02500000037252903,0.9750000238418579,0.9180870056152344,0.2736639976501465,0.9500000234693289,0.8930870052427053,0.24866399727761745,1.3273802119465214
Jet,step2_results\resampled\Jet\m1264_refined_simplified.obj,.obj,5102,9784,9784,triangles,0.02500000037252903,0.02500000037252903,0.02500000037252903,0.857276976108551,0.9750000238418579,0.24806900322437286,0.832276975736022,0.9500000234693289,0.22306900285184383,1.2825540101552606
Jet,step2_results\resampled\Jet\m1265_refined.obj,.obj,5577,10656,10656,triangles,0.02500000037252903,0.02500000037252903,0.02500000037252903,0.9750000238418579,0.14952300488948822,0.3834410011768341,0.9500000234693289,0.12452300451695919,0.3584410008043051,1.0229789706065555
Jet,step2_results\resampled\Jet\m1266_refined_simplified.obj,.obj,5135,9018,9018,triangles,0.02500000037252903,0.02500000037252903,0.02500000037252903,0.9750000238418579,0.6855120062828064,0.20085099339485168,0.9500000234693289,0.6605120059102774,0.17585099302232265,1.170341713471019
Jet,step2_results\resampled\Jet\m1267_refined_simplified.obj,.obj,5124,9435,9435,triangles,0.02500000037252903,0.02500000037252903,0.02500000037252903,0.9750000238418579,0.9064450263977051,0.18816499412059784,0.9500000234693289,0.881445026025176,0.1631649937480688,1.3061654541753338
Jet,step2_results\resampled\Jet\m1268_refined_simplified.obj,.obj,5107,9794,9794,triangles,0.02500000037252903,0.02500000037252903,0.02500000037252903,0.571528971195221,0.9750000238418579,0.10552799701690674,0.5465289708226919,0.9500000234693289,0.08052799664437771,1.0989443656454103
Jet,step2_results\resampled\Jet\m1269_refined_simplified.obj,.obj,5101,9352,9352,triangles,0.02500000037252903,0.02500000037252903,0.02500000037252903,0.5283190011978149,0.9750000238418579,0.10267899930477142,0.5033190008252859,0.9500000234693289,0.0776789989322424,1.0778979952011252
Jet,step2_results\resampled\Jet\m1270_refined_simplified.obj,.obj,5110,9833,9833,triangles,0.02500000037252903,0.02500000037252903,0.02500000037252903,0.4487540125846863,0.9750000238418579,0.12962999939918518,0.42375401221215725,0.9500000234693289,0.10462999902665615,1.0454735501933774
Jet,step2_results\resampled\Jet\m1271_refined_simplified.obj,.obj,5109,9760,9760,triangles,0.02500000037252903,0.02500000037252903,0.02500000037252903,0.4493449926376343,0.9750000238418579,0.16898100078105927,0.42434499226510525,0.9500000234693289,0.14398100040853024,1.0503805241581923
Jet,step2_results\resampled\Jet\m1273_refined_simplified.obj,.obj,5100,10024,10024,triangles,0.02500000037252903,0.02500000037252903,0.02500000037252903,0.9750000238418579,0.5476670265197754,0.1484369933605194,0.9500000234693289,0.5226670261472464,0.12343699298799038,1.0912916915523772
Jet,step2_results\resampled\Jet\m1274_refined_simplified.obj,.obj,5098,9595,9595,triangles,0.02500000037252903,0.02500000037252903,0.02500000037252903,0.6516339778900146,0.9750000238418579,0.15641599893569946,0.6266339775174856,0.9500000234693289,0.13141599856317043,1.1456178905068939
Jet,step2_results\resampled\Jet\m1275_refined_simplified.obj,.obj,5095,9560,9560,triangles,0.02500000037252903,0.02500000037252903,0.02500000037252903,0.5542799830436707,0.9750000238418579,0.17699499428272247,0.5292799826711416,0.9500000234693289,0.15199499391019344,1.098061848359121
Jet,step2_results\resampled\Jet\m1276_refined_simplified.obj,.obj,5103,9087,9087,triangles,0.02500000037252903,0.02500000037252903,0.02500000037252903,0.43133899569511414,0.9750000238418579,0.10786300152540207,0.4063389953225851,0.9500000234693289,0.08286300115287304,1.036570161962785
Jet,step2_results\resampled\Jet\m1277_refined_simplified.obj,.obj,5146,9827,9827,triangles,0.025279000401496887,0.02500000037252903,0.027793999761343002,0.47960999608039856,0.9750000238418579,0.11860299855470657,0.4543309956789017,0.9500000234693289,0.09080899879336357,1.0569593050293662
Jet,step2_results\resampled\Jet\m1278_refined_simplified.obj,.obj,5123,9890,9890,triangles,0.02500000037252903,0.02500000037252903,0.02500000037252903,0.46888598799705505,0.9750000238418579,0.15069900453090668,0.443885987624526,0.9500000234693289,0.12569900415837765,1.056094244964688
Jet,step2_results\resampled\Jet\m1279_refined_simplified.obj,.obj,5123,9613,9613,triangles,0.02500000037252903,0.02500000037252903,0.02500000037252903,0.4551680088043213,0.9750000238418579,0.16065500676631927,0.43016800843179226,0.9500000234693289,0.13565500639379025,1.0516400719017887
Jet,step2_results\resampled\Jet\m1280_refined_simplified.obj,.obj,5128,9615,9615,triangles,0.02500000037252903,0.02500000037252903,0.02500000037252903,0.44775399565696716,0.9750000238418579,0.13687899708747864,0.42275399528443813,0.9500000234693289,0.11187899671494961,1.045819245867384
Jet,step2_results\resampled\Jet\m1281_refined_simplified.obj,.obj,5080,9765,9765,triangles,0.02500000037252903,0.02500000037252903,0.02500000037252903,0.5607560276985168,0.9750000238418579,0.11058299988508224,0.5357560273259878,0.9500000234693289,0.08558299951255322,1.0940105187855442
Jet,step2_results\resampled\Jet\m1282_refined_simplified.obj,.obj,5133,9894,9894,triangles,0.02500000037252903,0.02500000037252903,0.02500000037252903,0.6898959875106812,0.9750000238418579,0.12646499276161194,0.6648959871381521,0.9500000234693289,0.10146499238908291,1.1639939273830684
Jet,step2_results\resampled\Jet\m1283_refined_simplified.obj,.obj,5119,9339,9339,triangles,0.02500000037252903,0.02500000037252903,0.030270999297499657,0.5425509810447693,0.9750000238418579,0.19604499638080597,0.5175509806722403,0.9500000234693289,0.1657739970833063,1.094458807034554
Jet,step2_results\resampled\Jet\m1284_kept.obj,.obj,6270,11557,11557,triangles,0.02500000037252903,0.02500000037252903,0.02500000037252903,0.44402000308036804,0.16530199348926544,0.9750000238418579,0.419020002707839,0.1403019931167364,0.9500000234693289,1.047741598168905
Jet,step2_results\resampled\Jet\m1285_refined_simplified.obj,.obj,5135,9804,9804,triangles,0.02500000037252903,0.02500000037252903,0.02500000037252903,0.3838619887828827,0.35298600792884827,0.9750000238418579,0.35886198841035366,0.32798600755631924,0.9500000234693289,1.067172334944217
Jet,step2_results\resampled\Jet\m1286_refined_simplified.obj,.obj,5112,9262,9262,triangles,0.02500000037252903,0.02500000037252903,0.02500000037252903,0.584867000579834,0.9750000238418579,0.13899999856948853,0.559867000207305,0.9500000234693289,0.1139999981969595,1.1085788659819196
Jet,step2_results\resampled\Jet\m1287_refined_simplified.obj,.obj,5121,9591,9591,triangles,0.02500000037252903,0.02500000037252903,0.02500000037252903,0.46847599744796753,0.9750000238418579,0.11583200097084045,0.4434759970754385,0.9500000234693289,0.09083200059831142,1.0523409413809155
Jet,step2_results\resampled\Jet\m1288_refined_simplified.obj,.obj,5102,9560,9560,triangles,0.02500000037252903,0.02500000037252903,0.02500000037252903,0.6909070014953613,0.9750000238418579,0.2406959980726242,0.6659070011228323,0.9500000234693289,0.21569599770009518,1.1800241277872112
Jet,step2_results\resampled\Jet\m1289_kept.obj,.obj,5078,9742,9742,triangles,0.04899299889802933,0.02500000037252903,0.02500000037252903,0.7402589917182922,0.9750000238418579,0.23592600226402283,0.6912659928202629,0.9500000234693289,0.2109260018914938,1.1936659900053448
Jet,step2_results\resampled\Jet\m1290_refined_simplified.obj,.obj,5106,9526,9526,triangles,0.02500000037252903,0.02500000037252903,0.02500000037252903,0.4802339971065521,0.9750000238418579,0.13258899748325348,0.4552339967340231,0.9500000234693289,0.10758899711072445,1.058920879326425
Jet,step2_results\resampled\Jet\m1291_refined_simplified.obj,.obj,5117,9774,9774,triangles,0.02500000037252903,0.02500000037252903,0.02500000037252903,0.6129339933395386,0.9750000238418579,0.1857690066099167,0.5879339929670095,0.9500000234693289,0.16076900623738766,1.1287218869342501
Jet,step2_results\resampled\Jet\m1292_refined_simplified.obj,.obj,5102,9118,9118,triangles,0.02500000037252903,0.02500000037252903,0.02500000037252903,0.6714749932289124,0.9750000238418579,0.21065400540828705,0.6464749928563833,0.9500000234693289,0.18565400503575802,1.1640005887310383
Jet,step2_results\resampled\Jet\m1293_refined_simplified.obj,.obj,5112,9564,9564,triangles,0.02500000037252903,0.02500000037252903,0.02500000037252903,0.6676470041275024,0.9750000238418579,0.22116300463676453,0.6426470037549734,0.9500000234693289,0.1961630042642355,1.16360437446279
Jet,step2_results\resampled\Jet\m1294_refined_simplified.obj,.obj,5106,9329,9329,triangles,0.02500000037252903,0.02500000037252903,0.02500000037252903,0.4393799901008606,0.9750000238418579,0.11004000157117844,0.41437998972833157,0.9500000234693289,0.0850400011986494,1.039924334883478
Jet,step2_results\resampled\Jet\m1295_refined_simplified.obj,.obj,5100,9361,9361,triangles,0.02500000037252903,0.02500000037252903,0.02500000037252903,0.5000330209732056,0.9750000238418579,0.06877700239419937,0.47503302060067654,0.9500000234693289,0.04377700202167034,1.0630488423203956
Jet,step2_results\resampled\Jet\m1296_refined_simplified.obj,.obj,5116,9780,9780,triangles,0.4289950132369995,0.02500000037252903,0.02500000037252903,0.9375190138816833,0.9750000238418579,0.12982100248336792,0.5085240006446838,0.9500000234693289,0.10482100211083889,1.082628350962102
Jet,step2_results\resampled\Jet\m1297_refined_simplified.obj,.obj,5113,9737,9737,triangles,0.06414800137281418,0.02500000037252903,0.04506700113415718,0.3396719992160797,0.9750000238418579,0.08921399712562561,0.27552399784326553,0.9500000234693289,0.04414699599146843,0.9901325543755907
Jet,step2_results\resampled\Jet\m1298_refined_simplified.obj,.obj,5109,9996,9996,triangles,0.02500000037252903,0.02500000037252903,0.02500000037252903,0.726535975933075,0.3150649964809418,0.9750000238418579,0.7015359755605459,0.29006499610841274,0.9500000234693289,1.2160552913271607
Jet,step2_results\resampled\Jet\m1299_refined_simplified.obj,.obj,5109,9205,9205,triangles,0.02500000037252903,0.02500000037252903,0.02500000037252903,0.6322829723358154,0.5867999792098999,0.9750000238418579,0.6072829719632864,0.5617999788373709,0.9500000234693289,1.2597269024871849
Jet,step2_results\resampled\Jet\m1300_refined_simplified.obj,.obj,5094,9838,9838,triangles,0.02500000037252903,0.02500000037252903,0.02500000037252903,0.7235170006752014,0.17377899587154388,0.9750000238418579,0.6985170003026724,0.14877899549901485,0.9500000234693289,1.1885121933767717
Jet,step2_results\resampled\Jet\m1301_refined_simplified.obj,.obj,5100,10196,10196,triangles,0.02500000037252903,0.02500000037252903,0.02500000037252903,0.6490200161933899,0.1367650032043457,0.9750000238418579,0.6240200158208609,0.11176500283181667,0.9500000234693289,1.1421000133940937
Knife,step2_results\resampled\Knife\D01015_refined_simplified.obj,.obj,5098,9721,9721,triangles,-0.15774500370025635,-0.6628730297088623,-0.019050000235438347,0.9664480090141296,2.6678929328918457,0.06984999775886536,1.124193012714386,3.330765962600708,0.0888999979943037,3.5164918650693133
Knife,step2_results\resampled\Knife\D01025_refined_simplified.obj,.obj,5097,10157,10157,triangles,1.7749109268188474,7.311092853546143,-0.40257498621941235,11.11461067199707,9.347743034362802,0.6375250220298767,9.339699745178223,2.0366501808166593,1.040100008249289,9.615598957748958
Knife,step2_results\resampled\Knife\D01032_refined_simplified.obj,.obj,5100,10192,10192,triangles,-0.11299999803304672,-0.0122060002759099,0.0,0.2488349974155426,0.008205999620258808,0.05511299893260002,0.3618349954485893,0.02041199989616871,0.05511299893260002,0.36657694461379675
Knife,step2_results\resampled\Knife\D01051_refined_simplified.obj,.obj,5100,9179,9179,triangles,-0.0,-0.010990999639034271,-0.0011820000363513827,0.41999998688697815,0.010990999639034271,0.03999999910593033,0.41999998688697815,0.021981999278068542,0.04118199914228171,0.4225862685070088
Knife,step2_results\resampled\Knife\D01054_refined_simplified.obj,.obj,5097,10188,10188,triangles,0.003573999973013997,-0.033018000423908234,0.0,0.2102240025997162,0.0037150001153349876,0.00317499996162951,0.2066500026267022,0.03673300053924322,0.00317499996162951,0.2099133572190879
Knife,step2_results\resampled\Knife\D01057_refined_simplified.obj,.obj,5075,10047,10047,triangles,-0.010521000251173973,0.0,-0.040261998772621155,0.010521000251173973,0.43186500668525696,0.016401000320911407,0.021042000502347946,0.43186500668525696,0.05666299909353256,0.4360743574789413
Knife,step2_results\resampled\Knife\D01063_refined_simplified.obj,.obj,5090,9684,9684,triangles,-0.0010100000072270632,-0.024723999202251434,0.022117000073194504,0.41909998655319214,0.025279000401496887,0.0824349969625473,0.4201099865604192,0.05000299960374832,0.0603179968893528,0.42735343864992126
Knife,step2_results\resampled\Knife\D01075_refined_simplified.obj,.obj,5097,10195,10195,triangles,-0.2730500102043153,0.0,0.0,0.46990001201629666,11.34279727935791,7.014756202697754,0.742950022220612,11.34279727935791,7.014756202697754,13.357313705959497
Knife,step2_results\resampled\Knife\D01077_refined.obj,.obj,5275,10528,10528,triangles,-61.42073059082031,-0.15040600299835205,9.118599891662598,51.19369888305664,20.596342086791992,14.198599815368652,112.61442947387695,20.746748089790344,5.079999923706055,114.62217796418318
Knife,step2_results\resampled\Knife\D01107_refined_simplified.obj,.obj,5104,10170,10170,triangles,-0.23785600066184998,0.08916299790143967,0.7899309992790222,-0.021929999813437462,0.1015319973230362,0.8313130140304565,0.2159260008484125,0.012368999421596527,0.041382014751434326,0.22020331771789456
Knife,step2_results\resampled\Knife\D01119_refined_simplified.obj,.obj,5100,10192,10192,triangles,-0.03860300034284592,-0.037053998559713364,0.0024309998843818903,-0.00010399999882793054,0.032572999596595764,0.005288000218570232,0.038499000344017986,0.06962699815630913,0.002857000334188342,0.07961315438202989
Knife,step2_results\resampled\Knife\D01120_refined_simplified.obj,.obj,5094,10179,10179,triangles,1.6094000339508057,-4.324329853057861,-0.11429999768733978,2.0682830810546875,-0.2666800022125244,0.10795000195503322,0.45888304710388184,4.057649850845337,0.22224999964237302,4.089558781253249
Knife,step2_results\resampled\Knife\D01132_refined_simplified.obj,.obj,5098,10193,10193,triangles,0.05494600161910057,0.06136099994182587,-0.010998000390827656,0.40498700737953186,0.12489400058984756,0.0067449999041855335,0.3500410057604313,0.0635330006480217,0.01774300029501319,0.3562021363560087
Knife,step2_results\resampled\Knife\D01150_refined_simplified.obj,.obj,5097,10136,10136,triangles,0.35762101411819375,-0.1392599940299988,0.07664699852466583,3.5508739948272705,4.407340049743676,26.53030014373681,3.193252980709077,4.546600043773675,26.453653145212144,27.03080097377883
Knife,step2_results\resampled\Knife\D01160_refined_simplified.obj,.obj,5094,10040,10040,triangles,0.0376180000603199,0.12552399933338165,0.5873749852180481,0.48664000630378723,0.22365300357341766,0.6159499883651733,0.44902200624346733,0.09812900424003601,0.028575003147125244,0.4605068885140673
Knife,step2_results\resampled\Knife\D01168_refined_simplified.obj,.obj,5100,10192,10192,triangles,1.5406129360198975,3.522268056869507,-0.1777999997138977,4.335103988647461,4.492631912231445,0.0,2.7944910526275635,0.9703638553619385,0.1777999997138977,2.9635112780123944
Knife,step2_results\resampled\Knife\D01174_refined_simplified.obj,.obj,5100,10174,10174,triangles,0.17871400713920593,0.46067801117897034,0.1396999955177307,3.8335330486297607,0.9011980295181274,0.24764999747276306,3.654819041490555,0.4405200183391571,0.10795000195503235,3.6828539633715534
Knife,step2_results\resampled\Knife\D01175_refined.obj,.obj,5316,10624,10624,triangles,0.15096700191497803,-0.2726399898529053,0.0,0.73089998960495,0.24400299787521362,0.04399999976158142,0.5799329876899719,0.5166429877281189,0.04399999976158142,0.7779320323515889
Knife,step2_results\resampled\Knife\D01187_refined.obj,.obj,5591,10304,10304,triangles,16962.544921875,13182.3779296875,0.0,28346.939453125,31010.10546875,569.7359008789062,11384.39453125,17827.7275390625,569.7359008789062,21160.26717806164
Knife,step2_results\resampled\Knife\D01189_refined_simplified.obj,.obj,5097,10083,10083,triangles,0.0749950036406517,0.03498300164937973,0.0,0.12272100150585175,0.3547320067882538,0.01269999984651804,0.04772599786520004,0.31974900513887405,0.01269999984651804,0.3235405494766156
Knife,step2_results\resampled\Knife\m722_refined_simplified.obj,.obj,5093,10004,10004,triangles,0.02500000037252903,0.02500000037252903,0.02500000037252903,0.09315100312232971,0.1745080053806305,0.9750000238418579,0.06815100274980068,0.14950800500810146,0.9500000234693289,0.9641043757441573
Knife,step2_results\resampled\Knife\m723_kept.obj,.obj,5076,10136,10136,triangles,0.02500000037252903,0.02500000037252903,0.02500000037252903,0.35238200426101685,0.0884379968047142,0.9750000238418579,0.3273820038884878,0.06343799643218517,0.9500000234693289,1.0068283867934482
Knife,step2_results\resampled\Knife\m724_refined_simplified.obj,.obj,5100,10192,10192,triangles,0.02500000037252903,0.02500000037252903,0.02500000037252903,0.9750000238418579,0.15430599451065063,0.10665600001811981,0.9500000234693289,0.1293059941381216,0.08165599964559078,0.9622306308728142
Knife,step2_results\resampled\Knife\m725_refined_simplified.obj,.obj,5100,10192,10192,triangles,0.02500000037252903,0.02500000037252903,0.02500000037252903,0.9750000238418579,0.26978299021720886,0.0872339978814125,0.9500000234693289,0.24478298984467983,0.062233997508883476,0.9830014380228351
Knife,step2_results\resampled\Knife\m726_refined_simplified.obj,.obj,5088,10150,10150,triangles,0.02500000037252903,0.02500000037252903,0.02500000037252903,0.06533999741077423,0.3172299861907959,0.9750000238418579,0.0403399970382452,0.29222998581826687,0.9500000234693289,0.9947490761815844
Knife,step2_results\resampled\Knife\m727_refined_simplified.obj,.obj,5103,10160,10160,triangles,0.02500000037252903,0.02500000037252903,0.02500000037252903,0.4428569972515106,0.9750000238418579,0.08107099682092667,0.4178569968789816,0.9500000234693289,0.056070996448397636,1.0393500233680486
Knife,step2_results\resampled\Knife\m728_refined_simplified.obj,.obj,5146,9876,9876,triangles,0.02500000037252903,0.02500000037252903,0.02500000037252903,0.1255359947681427,0.3185499906539917,0.9750000238418579,0.10053599439561367,0.29354999028146267,0.9500000234693289,0.9993893773475316
MilitaryVehicle,step2_results\resampled\MilitaryVehicle\D00017_simplified.obj,.obj,9054,14662,14662,triangles,-0.8362399935722351,-0.48656225204467773,-0.3075670003890991,0.7073447555303574,0.5920150056481361,0.2558377534151077,1.5435847491025925,1.0785772576928139,0.5634047538042068,1.9655553146842353
MilitaryVehicle,step2_results\resampled\MilitaryVehicle\D00051_refined_simplified.obj,.obj,5097,9851,9851,triangles,-1.1700199842453003,-0.6080589890480042,-0.5135539770126343,0.696291983127594,0.7321670055389404,0.340829998254776,1.8663119673728943,1.3402259945869446,0.8543839752674103,2.4513869652340876
MilitaryVehicle,step2_results\resampled\MilitaryVehicle\D00100_refined_simplified.obj,.obj,5128,8980,8980,triangles,-0.963919997215271,-0.5367019772529602,-0.7054280042648315,0.7312489748001099,0.5473870038986206,0.6024649739265442,1.6951689720153809,1.0840889811515808,1.3078929781913757,2.399881414807878
MilitaryVehicle,step2_results\resampled\MilitaryVehicle\D00173_simplified.obj,.obj,9051,10793,10793,triangles,-0.9740030169487,-0.3621070086956024,-0.6317949891090393,0.9485390186309814,0.5163699984550476,0.4292599856853485,1.9225420355796814,0.87847700715065,1.0610549747943878,2.3651062111878076
MilitaryVehicle,step2_results\resampled\MilitaryVehicle\D00272_simplified.obj,.obj,9014,16672,16672,triangles,-0.9865614771842957,-0.507906973361969,-0.4183194935321808,0.7743260264396667,0.4056040048599243,0.21160300076007843,1.7608875036239624,0.9135109782218933,0.6299224942922592,2.0813527948347277
MilitaryVehicle,step2_results\resampled\MilitaryVehicle\D00334_kept.obj,.obj,5859,9906,9906,triangles,-0.5609170198440552,-0.3081449866294861,-0.20603199303150177,1.0781700611114502,0.35490500926971436,0.43577900528907776,1.6390870809555054,0.6630499958992004,0.6418109983205795,1.8810005618240595
MilitaryVehicle,step2_results\resampled\MilitaryVehicle\D00458_simplified.obj,.obj,9035,16246,16246,triangles,-0.8372219800949097,-0.4308069944381714,-0.35281801223754883,0.9580940008163452,0.46328499913215637,0.3181540071964264,1.7953159809112549,0.8940919935703278,0.6709720194339752,2.1148908754697513
MilitaryVehicle,step2_results\resampled\MilitaryVehicle\D00529_simplified.obj,.obj,9094,15993,15993,triangles,-0.6895210146903992,-0.2969369888305664,-0.29365700483322144,0.990633487701416,0.4072920083999634,0.292620986700058,1.6801545023918152,0.7042289972305298,0.5862779915332794,1.9137866954820493
MilitaryVehicle,step2_results\resampled\MilitaryVehicle\D00577_simplified.obj,.obj,9112,12740,12740,triangles,-0.8581500053405762,-0.35555699467658997,-0.4734559953212738,0.9510740041732788,0.5772449970245361,0.41940799355506897,1.809224009513855,0.9328019917011261,0.8928639888763428,2.2227499128231116
MilitaryVehicle,step2_results\resampled\MilitaryVehicle\D00611_refined_simplified.obj,.obj,5130,9263,9263,triangles,-0.9082930088043213,-0.4101719856262207,-0.27114298939704895,0.9117270112037659,0.38705599308013916,0.3944379985332489,1.8200200200080872,0.7972279787063599,0.6655809879302979,2.095481656984078
MilitaryVehicle,step2_results\resampled\MilitaryVehicle\D00723_simplified.obj,.obj,9050,12308,12308,triangles,-0.9422140121459961,-0.3999679982662201,-0.45502937212586403,0.8886849880218506,0.5198240280151367,0.3310759961605072,1.8308990001678467,0.9197920262813568,0.7861053682863712,2.194577446907499
MilitaryVehicle,step2_results\resampled\MilitaryVehicle\D00761_simplified.obj,.obj,6510,12892,12892,triangles,-0.9222779870033264,-0.38232699036598206,-0.4399400055408478,0.7519320249557495,0.385562002658844,0.6361799836158752,1.674210011959076,0.767888993024826,1.076119989156723,2.133229219004689
MilitaryVehicle,step2_results\resampled\MilitaryVehicle\D00778_refined_simplified.obj,.obj,5148,8527,8527,triangles,-0.8307939767837524,-0.312142014503479,-0.514739990234375,0.7800300121307373,0.3224639892578125,0.27617499232292175,1.6108239889144897,0.6346060037612915,0.7909149825572968,1.9034246013188632
MilitaryVehicle,step2_results\resampled\MilitaryVehicle\D00799_refined_simplified.obj,.obj,5107,10118,10118,triangles,-0.6858410239219666,-0.6949639916419983,-0.3701219856739044,1.0935200452804565,0.7742779850959778,0.1592479944229126,1.779361069202423,1.469241976737976,0.529369980096817,2.367494535712767
MilitaryVehicle,step2_results\resampled\MilitaryVehicle\D00801_simplified.obj,.obj,8965,18327,18327,triangles,-0.9560495540499687,-0.2926584929227829,-0.22553600370883942,0.6188719868659973,0.2199070006608963,0.2521919906139374,1.574921540915966,0.5125654935836792,0.4777279943227768,1.7237532543300575
MilitaryVehicle,step2_results\resampled\MilitaryVehicle\D00918_simplified.obj,.obj,9017,16018,16018,triangles,-0.9492049813270569,-0.4795779883861542,-0.2851180136203766,0.9060260057449341,0.6845759749412537,0.6342729926109314,1.855230987071991,1.1641539633274078,0.919391006231308,2.375377083341094
MilitaryVehicle,step2_results\resampled\MilitaryVehicle\D00932_simplified.obj,.obj,9024,14170,14170,triangles,-0.9525940120220184,-0.4280799925327301,-0.34461501240730286,0.7681639790534973,0.594245970249176,0.6226930022239685,1.7207579910755157,1.0223259627819061,0.9673080146312714,2.223025693328372
MilitaryVehicle,step2_results\resampled\MilitaryVehicle\D00933_simplified.obj,.obj,9111,9251,9251,triangles,-0.6085755228996277,-0.29483699798583984,-0.2015800029039383,1.0193350315093994,0.31428098678588867,0.4730994999408722,1.627910554409027,0.6091179847717285,0.6746795028448105,1.8644865041312577
MilitaryVehicle,step2_results\resampled\MilitaryVehicle\D00952_simplified.obj,.obj,6512,12796,12796,triangles,-0.7669849991798401,-0.5787249803543091,-0.6920329928398132,0.8177030086517334,0.6996449828147888,0.34576600790023804,1.5846880078315735,1.278369963169098,1.0377990007400513,2.2852773597170235
MilitaryVehicle,step2_results\resampled\MilitaryVehicle\D00971_simplified.obj,.obj,6551,10647,10647,triangles,-0.6533240079879761,-0.34828299283981323,-0.3230940103530884,1.0018500089645386,0.3626199960708618,0.32270899415016174,1.6551740169525146,0.710902988910675,0.6458030045032501,1.9136472001553158
Monitor,step2_results\resampled\Monitor\D00007_refined_simplified.obj,.obj,5103,10174,10174,triangles,-1.0474400520324707,-0.9810659885406494,-0.44599398970603943,0.8275420069694519,0.7753559947013855,0.28883498907089233,1.8749820590019226,1.756421983242035,0.7348289787769318,2.6721806699482955
Monitor,step2_results\resampled\Monitor\D00141_refined_simplified.obj,.obj,5105,10054,10054,triangles,-0.6330220103263855,-0.7973769903182983,-0.48718899488449097,0.995261013507843,0.9650539755821228,0.2663019895553589,1.6282830238342285,1.7624309659004211,0.7534909844398499,2.5149984451095717
Monitor,step2_results\resampled\Monitor\D00229_refined_simplified.obj,.obj,5105,9247,9247,triangles,-0.5694869756698608,-0.8073059916496277,-0.42340898513793945,1.0061899423599243,0.6350250244140625,0.3865860104560852,1.5756769180297852,1.4423310160636902,0.8099949955940247,2.2845499344068894
Monitor,step2_results\resampled\Monitor\D00336_simplified.obj,.obj,6513,10347,10347,triangles,-0.9947590231895447,-0.9050790071487427,-0.7904819846153259,0.8549249768257141,0.7017239928245544,0.8193359971046448,1.8496840000152588,1.6068029999732971,1.6098179817199707,2.931665177830612
Monitor,step2_results\resampled\Monitor\D00339_refined_simplified.obj,.obj,5109,9089,9089,triangles,-0.5308579802513123,-0.6359850168228149,-0.11476399749517441,0.8246030211448669,0.6639140248298645,0.39403799176216125,1.3554610013961792,1.2998990416526794,0.5088019892573357,1.9457367522529119
Monitor,step2_results\resampled\Monitor\D00364_simplified.obj,.obj,9022,17666,17666,triangles,-0.9210109710693359,-0.5563750267028809,-0.8293409943580627,0.6289499998092651,1.0704200267791748,0.6751120090484619,1.549960970878601,1.6267950534820557,1.5044530034065247,2.7041116834812007
Monitor,step2_results\resampled\Monitor\D00387_simplified.obj,.obj,9000,17992,17992,triangles,-0.7784050107002258,-0.7622380256652832,-0.19628100097179413,1.0242799520492554,0.9435449838638306,0.1584710031747818,1.8026849627494812,1.7057830095291138,0.3547520041465759,2.5070336525398518
Monitor,step2_results\resampled\Monitor\D00391_refined_simplified.obj,.obj,5101,10049,10049,triangles,-0.8661770224571228,-0.7020459771156311,-0.1776610016822815,1.0253700017929077,0.6345729827880859,0.20326900482177734,1.8915470242500305,1.336618959903717,0.38093000650405884,2.347255431089344
Monitor,step2_results\resampled\Monitor\D00412_refined_simplified.obj,.obj,5111,8707,8707,triangles,-1.1750099658966064,-0.7714589834213257,-0.3759090006351471,0.48699501156806946,0.874891996383667,0.36520299315452576,1.662004977464676,1.6463509798049927,0.7411119937896729,2.4539721027674952
Monitor,step2_results\resampled\Monitor\D00444_simplified.obj,.obj,6511,12799,12799,triangles,-0.9689779877662659,-0.8359169960021973,-0.5235310196876526,0.8029040098190308,0.6139259934425354,0.18730700016021729,1.7718819975852966,1.4498429894447327,0.7108380198478699,2.3972695296670627
Monitor,step2_results\resampled\Monitor\D00469_refined_simplified.obj,.obj,5101,10186,10186,triangles,-0.5929729689705261,-0.9536219835281375,-0.6586229801177979,1.1652500629425049,0.7906410098075867,0.9133189916610718,1.758223031913031,1.7442629933357243,1.5719419717788696,2.933394481229893
Monitor,step2_results\resampled\Monitor\D00548_refined_simplified.obj,.obj,5091,10127,10127,triangles,-0.825767993927002,-0.7089059948921204,-0.21211500465869904,1.1090600490570068,0.9458100199699402,0.28645700216293335,1.9348280429840088,1.6547160148620605,0.4985720068216324,2.594266503608382
Monitor,step2_results\resampled\Monitor\D00659_refined_simplified.obj,.obj,5104,10034,10034,triangles,-0.5615400075912476,-0.7879570127903066,-0.8509629964828495,1.1416399478912354,0.7012439966201781,0.583625968342831,1.703179955482483,1.4892010094104848,1.4345889648256804,2.6789152851828177
Monitor,step2_results\resampled\Monitor\D00852_kept.obj,.obj,6196,11984,11984,triangles,-0.6447589993476868,-0.7294750213623047,-0.820065975189209,0.8713229894638062,0.7246659994125366,0.4904560148715973,1.516081988811493,1.4541410207748413,1.3105219900608063,2.4759843681921025
Monitor,step2_results\resampled\Monitor\D00863_simplified.obj,.obj,8757,16878,16878,triangles,-0.6344019770622253,-0.7037410140037537,-0.5014470219612122,0.8384580016136169,0.6387019753456116,0.16421599686145782,1.4728599786758423,1.3424429893493652,0.66566301882267,2.101089467649194
Monitor,step2_results\resampled\Monitor\D00915_refined_simplified.obj,.obj,5108,10075,10075,triangles,-1.0424799919128418,-1.202180027961731,-0.4133659899234772,0.5474290251731873,0.3884649872779846,0.37848401069641113,1.589909017086029,1.5906450152397156,0.7918500006198883,2.3843214277022584
Monitor,step2_results\resampled\Monitor\D00919_refined_simplified.obj,.obj,5101,10074,10074,triangles,-0.6974999904632568,-0.7096620202064514,-0.5881549715995789,0.8578019738197327,0.5255740284919739,0.22119100391864777,1.5553019642829895,1.2352360486984253,0.8093459755182266,2.144717511513853
Monitor,step2_results\resampled\Monitor\D00920_refined_simplified.obj,.obj,5097,10169,10169,triangles,-0.6586989760398866,-0.9582210183143618,-0.20678099989891052,1.1117399930953982,0.33127900958061235,0.23777599632740026,1.7704389691352849,1.2895000278949742,0.4445569962263108,2.2349262601409716
Monitor,step2_results\resampled\Monitor\D00978_simplified.obj,.obj,9000,17934,17934,triangles,-0.7432050108909607,-0.7782899737358093,-0.4688569903373718,0.9820020198822021,0.7795469760894775,0.9239389896392822,1.7252070307731628,1.5578369498252869,1.392795979976654,2.709811045646769
Monitor,step2_results\resampled\Monitor\D01000_simplified.obj,.obj,9048,16842,16842,triangles,-0.9708349704742432,-1.2573299407958984,-0.19364100694656372,0.8755859732627869,0.5136930048465729,0.25766700506210327,1.84642094373703,1.7710229456424713,0.451308012008667,2.5979744989445326
Monoplane,step2_results\resampled\Monoplane\D00011_refined_simplified.obj,.obj,5105,9918,9918,triangles,-1.04298996925354,-0.9846349954605103,-0.25535398721694946,0.7595310211181641,1.001710057258606,0.21092799305915833,1.802520990371704,1.9863450527191162,0.4662819802761078,2.722511244113145
Monoplane,step2_results\resampled\Monoplane\D00019_refined_simplified.obj,.obj,5102,10061,10061,triangles,-1.052109956741333,-0.9683759808540344,-0.14271700382232666,0.7200019955635071,0.9978280067443848,0.20946599543094635,1.77211195230484,1.9662039875984192,0.352182999253273,2.6702755957602253
Monoplane,step2_results\resampled\Monoplane\D00043_refined_simplified.obj,.obj,5113,9735,9735,triangles,-0.983905017375946,-0.8922290205955505,-0.13770799338817596,0.780938982963562,0.8867869973182678,0.3104270100593567,1.764844000339508,1.7790160179138184,0.44813500344753265,2.5456624518665505
Monoplane,step2_results\resampled\Monoplane\D00098_refined_simplified.obj,.obj,5097,9945,9945,triangles,-0.7434059977531433,-0.9130989909172058,-0.28917500376701355,0.9866979718208313,0.8796030282974243,0.12542900443077087,1.7301039695739746,1.7927020192146301,0.4146040081977844,2.525655708691409
Monoplane,step2_results\resampled\Monoplane\D00167_refined_simplified.obj,.obj,5114,9714,9714,triangles,-0.963204026222229,-0.33239299058914185,-0.1114410012960434,0.9738550186157227,0.32153600454330444,0.06897500157356262,1.9370590448379517,0.6539289951324463,0.18041600286960602,2.0524061021042823
Monoplane,step2_results\resampled\Monoplane\D00169_refined_simplified.obj,.obj,5108,10035,10035,triangles,-1.1866300106048584,-0.8414919972419739,-0.15199600160121918,0.7222340106964111,0.8264989852905273,0.19769300520420074,1.9088640213012695,1.6679909825325012,0.3496890068054199,2.558952553508711
Monoplane,step2_results\resampled\Monoplane\D00262_refined_simplified.obj,.obj,5096,9659,9659,triangles,-0.7844589948654175,-0.4875819981098175,-0.14461499452590942,0.9388989806175232,0.49419501423835754,0.2734209895133972,1.7233579754829407,0.981777012348175,0.41803598403930664,2.0269688940848796
Monoplane,step2_results\resampled\Monoplane\D00301_refined_simplified.obj,.obj,5122,9540,9540,triangles,-1.0284899473190308,-0.6287400126457214,-0.1423339992761612,0.7507309913635254,0.6299939751625061,0.1307229995727539,1.7792209386825562,1.2587339878082275,0.2730569988489151,2.196496875784351
Monoplane,step2_results\resampled\Monoplane\D00304_refined_simplified.obj,.obj,5085,9612,9612,triangles,-1.0715099573135376,-0.6083890199661255,-0.1542080044746399,0.6842740178108215,0.3128350079059601,0.24723200500011444,1.7557839751243591,0.9212240278720856,0.40144000947475433,2.0230138798435013
Monoplane,step2_results\resampled\Monoplane\D00319_refined_simplified.obj,.obj,5106,10120,10120,triangles,-0.9156749844551086,-0.7174519896507263,-0.11102499812841415,0.8357099890708923,0.8555859923362732,0.32229700684547424,1.751384973526001,1.5730379819869995,0.4333220049738884,2.393651139631879
Monoplane,step2_results\resampled\Monoplane\D00402_refined.obj,.obj,5580,10688,10688,triangles,-0.9146959781646729,-0.796746015548706,-0.1668960005044937,0.9892799854278564,0.7554489970207214,0.15059800446033478,1.9039759635925293,1.5521950125694275,0.3174940049648285,2.4769409097053794
Monoplane,step2_results\resampled\Monoplane\D00482_refined_simplified.obj,.obj,5109,9218,9218,triangles,-0.6166110038757324,-0.9785969853401184,-0.2002429962158203,0.710669994354248,0.9830430150032043,0.15408900380134583,1.3272809982299805,1.9616400003433228,0.35433200001716614,2.3948397661316485
Monoplane,step2_results\resampled\Monoplane\D00617_simplified.obj,.obj,6502,12964,12964,triangles,-1.1185100078582764,-1.047279953956604,-0.1520729959011078,0.7325229942798615,0.8957390189170837,0.3525730073451996,1.8510330021381378,1.9430189728736877,0.5046460032463074,2.730625110216362
Monoplane,step2_results\resampled\Monoplane\D00688_kept.obj,.obj,5849,10072,10072,triangles,-0.8504400253295898,-0.9915030002593994,-0.2311369925737381,0.574101984500885,0.9952170252799988,0.12626199424266815,1.4245420098304749,1.9867200255393982,0.35739898681640625,2.470649799835766
Monoplane,step2_results\resampled\Monoplane\D00798_refined_simplified.obj,.obj,5142,9595,9595,triangles,-0.9957129955291748,-0.6938679814338684,-0.0982619971036911,0.6230130195617676,0.44828900694847107,0.3036459982395172,1.6187260150909424,1.1421569883823395,0.4019079953432083,2.0214664317676942
Monoplane,step2_results\resampled\Monoplane\D00840_refined_simplified.obj,.obj,5106,10002,10002,triangles,-0.8149669766426086,-0.9370399713516235,-0.18399299681186676,0.9773809909820557,0.8662109971046448,0.13734999299049377,1.7923479676246643,1.8032509684562683,0.32134298980236053,2.5627107931606044
Monoplane,step2_results\resampled\Monoplane\D00864_refined_simplified.obj,.obj,5130,9752,9752,triangles,-0.6728709936141968,-0.8814700245857239,-0.12634199857711792,0.5598210096359253,0.8894659876823425,0.2853130102157593,1.232692003250122,1.7709360122680664,0.4116550087928772,2.196634648886561
Monoplane,step2_results\resampled\Monoplane\D00925_refined_simplified.obj,.obj,5110,10084,10084,triangles,-0.7021129727363586,-0.9704380035400391,-0.25702598690986633,0.9363080263137817,0.9811829924583435,0.11664199829101562,1.6384209990501404,1.9516209959983826,0.37366798520088196,2.5754369814294167
Monoplane,step2_results\resampled\Monoplane\D00963_refined_simplified.obj,.obj,5121,9745,9745,triangles,-0.985040009021759,-0.5192610025405884,-0.13142099976539612,0.9915289878845215,0.4736979901790619,0.0919720008969307,1.9765689969062805,0.9929589927196503,0.2233930006623268,2.2232177116735197
Monoplane,step2_results\resampled\Monoplane\D00995_refined_simplified.obj,.obj,5107,9606,9606,triangles,-1.002769947052002,-0.5392850041389465,-0.05356400087475777,0.9663090109825134,0.4299960136413574,0.18625900149345398,1.9690789580345154,0.969281017780304,0.23982300236821175,2.2077800404180707
Motorcycle,step2_results\resampled\Motorcycle\D00021_simplified.obj,.obj,6534,12101,12101,triangles,-0.7822740077972412,-0.599835991859436,-0.44083601236343384,0.9638429880142212,0.5895699858665466,0.33327850699424744,1.7461169958114624,1.1894059777259827,0.7741145193576813,2.250080983429779
Motorcycle,step2_results\resampled\Motorcycle\D00039_simplified.obj,.obj,9041,17478,17478,triangles,-0.8733760118484497,-0.6978150010108948,-0.3641580045223236,0.8498478755354881,0.5621269941329956,0.37450599670410156,1.7232238873839378,1.2599419951438904,0.7386640012264252,2.258888864881495
Motorcycle,step2_results\resampled\Motorcycle\D00054_refined_simplified.obj,.obj,5090,10273,10273,triangles,-0.8185639977455139,-0.5212960243225098,-0.1663060039281845,0.9287970066070557,0.7659059762954712,0.7569299936294556,1.7473610043525696,1.287202000617981,0.9232359975576401,2.3585004085463295
Motorcycle,step2_results\resampled\Motorcycle\D00224_refined_simplified.obj,.obj,5138,9877,9877,triangles,-0.9902819991111755,-0.6235139966011047,-0.3711400032043457,0.8375449776649475,0.439532995223999,0.3824650049209595,1.827826976776123,1.0630469918251038,0.7536050081253052,2.244758533145711
Motorcycle,step2_results\resampled\Motorcycle\D00269_refined_simplified.obj,.obj,5103,9462,9462,triangles,-0.9931989908218384,-0.5469210147857666,-0.38864800333976746,0.8137760162353516,0.5305910110473633,0.36190301179885864,1.80697500705719,1.0775120258331299,0.7505510151386261,2.233722827091573
Motorcycle,step2_results\resampled\Motorcycle\D00288_kept.obj,.obj,6529,12510,12510,triangles,-0.9438390135765076,-0.468997985124588,-0.3095810115337372,0.971983015537262,0.4483039975166321,0.3019469976425171,1.9158220291137695,0.9173019826412201,0.6115280091762543,2.2103808451491314
Motorcycle,step2_results\resampled\Motorcycle\D00342_simplified.obj,.obj,9047,17388,17388,triangles,-0.8996589779853821,-0.5934960246086121,-0.38198718428611755,0.8742280006408691,0.40503400564193726,0.35577340330928564,1.7738869786262512,0.9985300302505493,0.7377605875954032,2.165185423667231
Motorcycle,step2_results\resampled\Motorcycle\D00345_simplified.obj,.obj,8996,17491,17491,triangles,-0.9174320101737976,-0.47523799538612366,-0.23483499884605408,0.8680300116539001,0.47766101360321045,0.32579898834228516,1.7854620218276978,0.9528990089893341,0.5606339871883392,2.100048004287664
Motorcycle,step2_results\resampled\Motorcycle\D00395_simplified.obj,.obj,6538,11529,11529,triangles,-1.001039981842041,-0.429872989654541,-0.3046639859676361,0.9468640089035034,0.6050919890403748,0.35932499170303345,1.9479039907455444,1.0349649786949158,0.6639889776706696,2.303554606853401
Motorcycle,step2_results\resampled\Motorcycle\D00396_refined_simplified.obj,.obj,5121,9479,9479,triangles,-0.9843320250511169,-0.5971260070800781,-0.31209298968315125,0.7997509837150574,0.5159299969673157,0.30245399475097656,1.7840830087661743,1.1130560040473938,0.6145469844341278,2.190779278337094
Motorcycle,step2_results\resampled\Motorcycle\D00476_simplified.obj,.obj,9019,15206,15206,triangles,-0.9846979975700378,-0.5502970218658447,-0.7023196220397949,0.9416549801826477,0.6948829889297485,0.2538509964942932,1.9263529777526855,1.2451800107955933,0.9561706185340881,2.4850696782845776
Motorcycle,step2_results\resampled\Motorcycle\D00521_simplified.obj,.obj,9007,17609,17609,triangles,-1.0549399852752686,-0.3987469971179962,-0.42295899987220764,0.9137430191040039,0.31215500831604004,0.2752250134944916,1.9686830043792725,0.7109020054340363,0.6981840133666992,2.2064803079979582
Motorcycle,step2_results\resampled\Motorcycle\D00544_simplified.obj,.obj,9020,16008,16008,triangles,-0.9309409856796265,-0.527987003326416,-0.48090100288391113,0.9941149950027466,0.6664649844169617,0.4619869887828827,1.925055980682373,1.1944519877433777,0.9428879916667938,2.4538936090659105
Motorcycle,step2_results\resampled\Motorcycle\D00594_simplified.obj,.obj,9036,15899,15899,triangles,-0.9646450281143188,-0.5331479907035828,-0.47707200050354004,0.9570369720458984,0.6605880260467529,0.46538400650024414,1.9216820001602173,1.1937360167503357,0.9424560070037842,2.4507326889247323
Motorcycle,step2_results\resampled\Motorcycle\D00703_simplified.obj,.obj,8971,17967,17967,triangles,-0.8483022451400757,-0.549767017364502,-0.3640190064907074,0.9629600048065186,0.4762749969959259,0.26200398802757263,1.8112622499465942,1.0260420143604279,0.62602299451828,2.1737842448090468
Motorcycle,step2_results\resampled\Motorcycle\D00768_simplified.obj,.obj,6498,13042,13042,triangles,-0.8403890132904053,-0.7124220132827759,-0.4339059889316559,1.0339200496673584,0.40735700726509094,0.3954089879989624,1.8743090629577637,1.1197790205478668,0.8293149769306183,2.3355305284466272
Motorcycle,step2_results\resampled\Motorcycle\D00858_simplified.obj,.obj,9027,17730,17730,triangles,-0.7478150129318237,-0.6845099925994873,-0.34454700350761414,1.0407600402832031,0.681443989276886,0.3858180046081543,1.7885750532150269,1.3659539818763733,0.7303650081157684,2.3660650977238564
Motorcycle,step2_results\resampled\Motorcycle\D00880_kept.obj,.obj,5713,11152,11152,triangles,-0.9373739957809448,-0.575314998626709,-0.4723320007324219,0.924530029296875,0.6827589869499207,0.3551810085773468,1.8619040250778198,1.2580739855766296,0.8275130093097687,2.394622001979135
Motorcycle,step2_results\resampled\Motorcycle\D00886_simplified.obj,.obj,8985,16968,16968,triangles,-1.0296800136566162,-0.7525720000267029,-0.3074607476592064,0.9154260158538818,0.4297710061073303,0.3135875016450882,1.945106029510498,1.1823430061340332,0.6210482493042946,2.3594646380389106
Motorcycle,step2_results\resampled\Motorcycle\D00945_refined_simplified.obj,.obj,5143,9077,9077,triangles,-1.0205199718475342,-0.5166929960250854,-0.25336700677871704,0.8756999969482422,0.5663859844207764,0.3130269944667816,1.8962199687957764,1.0830789804458618,0.5663940012454987,2.255994772287912
Motorcycle,step2_results\resampled\Motorcycle\m1479_simplified.obj,.obj,9019,16006,16006,triangles,0.02500000037252903,0.02500000037252903,0.02500000037252903,0.9750000238418579,0.5752000212669373,0.482230007648468,0.9500000234693289,0.5502000208944082,0.457230007275939,1.1892347905848903
Motorcycle,step2_results\resampled\Motorcycle\m1480_simplified.obj,.obj,6534,12100,12100,triangles,0.02793250046670437,0.02500000037252903,0.02514900080859661,0.4435015022754669,0.6348299980163574,0.9750000238418579,0.41556900180876255,0.6098299976438284,0.9498510230332613,1.2028329839374776
Motorcycle,step2_results\resampled\Motorcycle\m1481_refined_simplified.obj,.obj,5117,9941,9941,triangles,0.02500000037252903,0.02500000037252903,0.02500000037252903,0.3481079936027527,0.5789480209350586,0.9750000238418579,0.32310799323022366,0.5539480205625296,0.9500000234693289,1.1461924922830948
Motorcycle,step2_results\resampled\Motorcycle\m1482_simplified.obj,.obj,8985,16968,16968,triangles,0.02500000037252903,0.026060374919325113,0.02500000037252903,0.9750000238418579,0.32971837371587753,0.5916140079498291,0.9500000234693289,0.3036579987965524,0.5666140075773001,1.1470656731014406
Motorcycle,step2_results\resampled\Motorcycle\m1483_simplified.obj,.obj,8971,17966,17966,triangles,0.02500000037252903,0.02500000037252903,0.02500000037252903,0.3478640019893646,0.5465940237045288,0.9750000238418579,0.3228640016168356,0.5215940233319998,0.9500000234693289,1.1308410734083831
Motorcycle,step2_results\resampled\Motorcycle\m1484_refined_simplified.obj,.obj,5112,9852,9852,triangles,0.02500000037252903,0.02500000037252903,0.02500000037252903,0.41662999987602234,0.5560020208358765,0.9750000238418579,0.3916299995034933,0.5310020204633474,0.9500000234693289,1.156649145955241
Mug,step2_results\resampled\Mug\D00172_refined_simplified.obj,.obj,5160,10320,10320,triangles,-0.6333019733428955,-0.9040279984474182,-0.5900480151176453,1.0380500555038452,0.6317200064659119,0.5825849771499634,1.6713520288467407,1.53574800491333,1.1726329922676086,2.5548009068183526
Mug,step2_results\resampled\Mug\D00202_simplified.obj,.obj,9000,18000,18000,triangles,-0.9113864898681641,-0.7870879992842674,-0.5083630084991455,0.6226582527160645,0.9366269707679749,0.668292760848999,1.5340447425842285,1.7237149700522423,1.1766557693481445,2.590174775912388
Mug,step2_results\resampled\Mug\D00227_simplified.obj,.obj,9016,17562,17562,triangles,-0.7942529916763306,-0.7592520117759705,-0.8474630117416382,0.839443027973175,0.8188920021057129,0.5115320086479187,1.6336960196495056,1.5781440138816833,1.3589950203895569,2.646954604562164
Mug,step2_results\resampled\Mug\D00321_refined_simplified.obj,.obj,5100,10192,10192,triangles,-0.5999209880828857,-0.6154850125312805,-0.5311830043792725,1.0156699419021606,0.6582379937171936,0.5650420188903809,1.6155909299850464,1.2737230062484741,1.0962250232696533,2.331139989648659
Mug,step2_results\resampled\Mug\D00341_simplified.obj,.obj,6500,13000,13000,triangles,-1.017840027809143,-0.7326710224151611,-0.49050500988960266,0.7103599905967712,0.9178770184516907,0.48615801334381104,1.7282000184059143,1.6505480408668518,0.9766630232334137,2.5816380071146763
Mug,step2_results\resampled\Mug\D00372_refined_simplified.obj,.obj,5099,10020,10020,triangles,-0.7219600081443787,-0.9124699831008911,-0.8424199819564819,1.0277400016784668,0.8709269762039185,0.7071840167045593,1.7497000098228455,1.7833969593048096,1.5496039986610413,2.939936630524201
Mug,step2_results\resampled\Mug\D00427_kept.obj,.obj,5476,10944,10944,triangles,-1.1350200176239014,-0.7430599927902222,-0.3415299952030182,0.6705440282821655,0.6685289740562439,0.5573570132255554,1.805564045906067,1.411588966846466,0.8988870084285736,2.461837279170382
Mug,step2_results\resampled\Mug\D00684_refined_simplified.obj,.obj,5100,10200,10200,triangles,-1.0071899890899658,-0.6722080111503601,-0.6759269833564758,0.6895660161972046,0.6996639966964722,0.6695299744606018,1.6967560052871704,1.3718720078468323,1.3454569578170776,2.563448492310731
Mug,step2_results\resampled\Mug\D00685_kept.obj,.obj,5703,11040,11040,triangles,-0.8654289841651917,-0.3897939920425415,-0.6334519982337952,0.7516149878501892,0.7396349906921387,0.6158109903335571,1.6170439720153809,1.1294289827346802,1.2492629885673523,2.3347588845695837
Mug,step2_results\resampled\Mug\D00705_refined_simplified.obj,.obj,5100,10200,10200,triangles,-0.9008679986000061,-0.5237699747085571,-0.4635480046272278,0.851468026638031,0.6687129735946655,0.5281689763069153,1.752336025238037,1.1924829483032227,0.9917169809341431,2.3401281370074845
Mug,step2_results\resampled\Mug\D00728_simplified.obj,.obj,6500,12971,12971,triangles,-0.7181209921836853,-0.8169659972190857,-0.5671499967575073,1.015720009803772,0.8299649953842163,0.5592700242996216,1.7338410019874573,1.646930992603302,1.126420021057129,2.643370647186752
Mug,step2_results\resampled\Mug\D00745_refined_simplified.obj,.obj,5100,10184,10184,triangles,-0.9440640211105347,-0.8025699853897095,-0.5096880197525024,0.8036090135574341,0.8105909824371338,0.5734750032424927,1.7476730346679688,1.6131609678268433,1.0831630229949951,2.6134061067138497
Mug,step2_results\resampled\Mug\D00747_simplified.obj,.obj,9000,17992,17992,triangles,-0.9266679883003235,-0.6740279793739319,-0.3047190010547638,0.7878400087356567,0.7266020178794861,0.6167759895324707,1.7145079970359802,1.400629997253418,0.9214949905872345,2.3980106502648826
Mug,step2_results\resampled\Mug\D00760_refined_simplified.obj,.obj,5100,10190,10190,triangles,-0.7042490243911743,-0.6399319767951965,-0.8698650002479553,0.5221350193023682,0.9666529893875122,0.6745089888572693,1.2263840436935425,1.6065849661827087,1.5443739891052246,2.5436635183166825
Mug,step2_results\resampled\Mug\D00770_refined_simplified.obj,.obj,5100,10192,10192,triangles,-0.6720880270004272,-0.9038500189781189,-0.6776649951934814,0.9930539727210999,0.6206719875335693,0.7921550273895264,1.665141999721527,1.5245220065116882,1.4698200225830078,2.6939257833802595
Mug,step2_results\resampled\Mug\D00825_refined_simplified.obj,.obj,5110,10082,10082,triangles,-0.9628049731254578,-0.7280430197715759,-0.6804569959640503,0.8146250247955322,1.0445799827575684,0.7220590114593506,1.77742999792099,1.7726230025291443,1.4025160074234009,2.875500105665748
Mug,step2_results\resampled\Mug\D00833_refined_simplified.obj,.obj,5109,10061,10061,triangles,-0.8320099711418152,-0.5518749952316284,-0.5830209851264954,0.5465149879455566,1.0109000205993652,0.5997570157051086,1.3785249590873718,1.5627750158309937,1.182778000831604,2.3961553814775054
Mug,step2_results\resampled\Mug\D00908_refined_simplified.obj,.obj,5099,10067,10067,triangles,-0.5648369789123535,-0.9418230056762695,-0.697970986366272,0.9118970036506653,0.745917022228241,0.5605829954147339,1.4767339825630188,1.6877400279045105,1.2585539817810059,2.5716080148623695
Mug,step2_results\resampled\Mug\D00913_kept.obj,.obj,6672,13344,13344,triangles,-1.0472999811172485,-0.6093630194664001,-0.596327006816864,0.6976140141487122,0.7914869785308838,0.5051029920578003,1.7449139952659607,1.400849997997284,1.1014299988746643,2.4940436263596215
Mug,step2_results\resampled\Mug\D00923_refined_simplified.obj,.obj,5100,10192,10192,triangles,-1.139780044555664,-0.7726460099220276,-0.6336879730224609,0.6522600054740906,0.7983710169792175,0.5829949975013733,1.7920400500297546,1.5710170269012451,1.2166829705238342,2.675783902053186
Mug,step2_results\resampled\Mug\m503_refined_simplified.obj,.obj,5102,9980,9980,triangles,0.02500000037252903,0.02500000037252903,0.02500000037252903,0.8853030204772949,0.9750000238418579,0.5707949995994568,0.8603030201047659,0.9500000234693289,0.5457949992269278,1.3930231556489752
Mug,step2_results\resampled\Mug\m504_refined_simplified.obj,.obj,5100,10200,10200,triangles,0.02500000037252903,0.02500000037252903,0.02500000037252903,0.9750000238418579,0.7369670271873474,0.7702609896659851,0.9500000234693289,0.7119670268148184,0.7452609892934561,1.401717173336304
Mug,step2_results\resampled\Mug\m506_simplified.obj,.obj,6506,12977,12977,triangles,0.02500000037252903,0.02500000037252903,0.02500000037252903,0.9750000238418579,0.3899010121822357,0.6826840043067932,0.9500000234693289,0.3649010118097067,0.6576840039342642,1.21169346042738
Mug,step2_results\resampled\Mug\m507_refined_simplified.obj,.obj,5096,10145,10145,triangles,0.02500000037252903,0.02500000037252903,0.02500000037252903,0.9750000238418579,0.6950430274009705,0.6772390007972717,0.9500000234693289,0.6700430270284414,0.6522390004247427,1.3329941546519362
Mug,step2_results\resampled\Mug\m508_refined_simplified.obj,.obj,5100,10192,10192,triangles,0.02500000037252903,0.02500000037252903,0.02500000037252903,0.9750000238418579,0.8095059990882874,0.6249250173568726,0.9500000234693289,0.7845059987157583,0.5999250169843435,1.3703502226133288
Mug,step2_results\resampled\Mug\m509_kept.obj,.obj,5874,11720,11720,triangles,0.02500000037252903,0.02500000037252903,0.02500000037252903,0.9750000238418579,0.8892719745635986,0.7143459916114807,0.9500000234693289,0.8642719741910696,0.6893459912389517,1.4576227171669174
MultiSeat,step2_results\resampled\MultiSeat\D00036_refined_simplified.obj,.obj,5102,10180,10180,triangles,-0.8328570127487183,-0.4760890007019043,-0.5727379918098454,0.8800150156021118,0.7004370093345642,0.46413901448249817,1.71287202835083,1.1765260100364685,1.0368770062923436,2.3223388994668266
MultiSeat,step2_results\resampled\MultiSeat\D00046_refined_simplified.obj,.obj,5101,10176,10176,triangles,-1.0879499912261963,-0.8048880100250244,-0.5328440070152283,0.6656820178031921,0.7027639746665955,0.6482930183410645,1.7536320090293884,1.5076519846916199,1.1811370253562927,2.5967911742580574
MultiSeat,step2_results\resampled\MultiSeat\D00053_refined_simplified.obj,.obj,5103,10108,10108,triangles,-1.0351500511169434,-0.4209449887275696,-0.4254339933395386,0.7848860025405884,0.488523006439209,0.3504669964313507,1.8200360536575317,0.9094679951667786,0.7759009897708893,2.17754118601082
MultiSeat,step2_results\resampled\MultiSeat\D00145_refined_simplified.obj,.obj,5101,10174,10174,triangles,-0.8962669968605042,-0.5302109718322754,-0.42673298716545105,0.9207479953765869,0.355446994304657,0.31345799565315247,1.817014992237091,0.8856579661369324,0.7401909828186035,2.1526300671602017
MultiSeat,step2_results\resampled\MultiSeat\D00146_simplified.obj,.obj,9001,17938,17938,triangles,-0.9058820009231567,-0.6162009835243225,-0.34813401103019714,0.9068289995193481,0.4727169871330261,0.4779219925403595,1.8127110004425049,1.0889179706573486,0.8260560035705566,2.270249334099835
MultiSeat,step2_results\resampled\MultiSeat\D00237_refined_simplified.obj,.obj,5102,10164,10164,triangles,-0.7876279950141907,-0.332612007856369,-0.4154689908027649,1.0597599744796753,0.6778020262718201,0.5648990273475647,1.847387969493866,1.010414034128189,0.9803680181503296,2.3226924637596507
MultiSeat,step2_results\resampled\MultiSeat\D00245_refined_simplified.obj,.obj,5105,10162,10162,triangles,-0.8805850148200989,-0.5495349764823914,-0.4236609935760498,0.8567010164260864,0.388265997171402,0.2671949863433838,1.7372860312461853,0.9378009736537933,0.6908559799194336,2.0916298442935752
MultiSeat,step2_results\resampled\MultiSeat\D00263_simplified.obj,.obj,9011,17602,17602,triangles,-0.8415449857711792,-0.6518610119819641,-0.6975370049476624,0.8215929865837097,0.6970739960670471,0.3526630103588104,1.663137972354889,1.3489350080490112,1.0502000153064728,2.3850730896931926
MultiSeat,step2_results\resampled\MultiSeat\D00273_simplified.obj,.obj,9022,17812,17812,triangles,-1.0352699756622314,-0.4955660104751587,-0.4184440076351166,0.8714200258255005,0.4077939987182617,0.29830899834632874,1.906690001487732,0.9033600091934204,0.7167530059814453,2.228286547903268
MultiSeat,step2_results\resampled\MultiSeat\D00285_refined_simplified.obj,.obj,5109,10118,10118,triangles,-0.9197540283203125,-0.5916479825973511,-0.5528069734573364,0.7829040288925171,0.6744959950447083,0.3161799907684326,1.7026580572128296,1.2661439776420593,0.868986964225769,2.292881020878611
MultiSeat,step2_results\resampled\MultiSeat\D00289_simplified.obj,.obj,9000,17950,17950,triangles,-0.8663740158081055,-0.520160973072052,-0.34929201006889343,1.0184099674224854,0.4073300063610077,0.2388180047273636,1.8847839832305908,0.9274909794330597,0.588110014796257,2.1814040363664686
MultiSeat,step2_results\resampled\MultiSeat\D00329_refined_simplified.obj,.obj,5101,10186,10186,triangles,-0.9443029761314392,-0.5780649781227112,-0.6361770033836365,0.7091569900512695,0.6028439998626709,0.4595490097999573,1.6534599661827087,1.180908977985382,1.0957260131835938,2.3084824820696856
MultiSeat,step2_results\resampled\MultiSeat\D00586_refined_simplified.obj,.obj,5105,10162,10162,triangles,-0.9082270264625549,-0.4838539958000183,-0.25295498967170715,0.9646689891815186,0.4785979986190796,0.4209679961204529,1.8728960156440735,0.9624519944190979,0.67392298579216,2.210933178039482
MultiSeat,step2_results\resampled\MultiSeat\D00588_refined_simplified.obj,.obj,5138,9757,9757,triangles,-1.1301300525665283,-0.6050450205802917,-0.5484899878501892,0.7088810205459595,0.5540400147438049,0.23406599462032318,1.8390110731124878,1.1590850353240967,0.7825559824705124,2.310375231827721
MultiSeat,step2_results\resampled\MultiSeat\D00607_refined_simplified.obj,.obj,5100,10160,10160,triangles,-0.8474820256233215,-0.5875629782676697,-0.32703399658203125,0.9530500173568726,0.5961059927940369,0.5173230201958333,1.800532042980194,1.1836689710617065,0.8443570167778646,2.314287502155842
MultiSeat,step2_results\resampled\MultiSeat\D00637_simplified.obj,.obj,6506,12903,12903,triangles,-0.9391800165176392,-0.4610080122947693,-0.5478330254554749,0.866811990737915,0.7066789865493774,0.4466559886932373,1.8059920072555542,1.1676869988441467,0.9944890141487122,2.3694109936444274
MultiSeat,step2_results\resampled\MultiSeat\D00648_simplified.obj,.obj,9007,17938,17938,triangles,-0.8915089964866638,-0.3098292499780655,-0.40264201164245605,0.8349149823188782,0.5493209958076477,0.3916679918766022,1.726423978805542,0.8591502457857132,0.7943100035190582,2.085571212190765
MultiSeat,step2_results\resampled\MultiSeat\D00652_refined_simplified.obj,.obj,5102,10168,10168,triangles,-0.9372550249099731,-0.4863030016422272,-0.5122860074043274,0.7450720071792603,0.660368025302887,0.367792010307312,1.6823270320892334,1.1466710269451141,0.8800780177116394,2.218020740253071
MultiSeat,step2_results\resampled\MultiSeat\D00749_simplified.obj,.obj,9012,17197,17197,triangles,-0.8715900182723999,-0.47891199588775635,-0.36005300283432007,0.9460489749908447,0.3732599914073944,0.4772617518901825,1.8176389932632446,0.8521719872951508,0.8373147547245026,2.1751102510541718
MultiSeat,step2_results\resampled\MultiSeat\D00985_simplified.obj,.obj,9002,17972,17972,triangles,-0.7496569752693176,-0.8530089855194092,-0.4954040050506592,0.9685549736022949,0.585319995880127,0.5172100067138672,1.7182119488716125,1.4383289813995361,1.0126140117645264,2.4589489008112513
MultiSeat,step2_results\resampled\MultiSeat\m774_refined_simplified.obj,.obj,5106,10132,10132,triangles,0.02500000037252903,0.02500000037252903,0.02500000037252903,0.9750000238418579,0.9750000238418579,0.5000010132789612,0.9500000234693289,0.9500000234693289,0.47500101290643215,1.4250003689282285
MultiSeat,step2_results\resampled\MultiSeat\m775_refined_simplified.obj,.obj,5112,9992,9992,triangles,0.02500000037252903,0.02500000037252903,0.02500000037252903,0.9750000238418579,0.6180639863014221,0.3968200087547302,0.9500000234693289,0.5930639859288931,0.3718200083822012,1.1800318023811611
MultiSeat,step2_results\resampled\MultiSeat\m776_refined_simplified.obj,.obj,5075,9969,9969,triangles,0.02500000037252903,0.02500000037252903,0.02500000037252903,0.9750000238418579,0.4208349883556366,0.23490500450134277,0.9500000234693289,0.39583498798310757,0.20990500412881374,1.0503549367055072
MultiSeat,step2_results\resampled\MultiSeat\m777_refined_simplified.obj,.obj,5121,10002,10002,triangles,0.02500000037252903,0.02500000037252903,0.02500000037252903,0.9750000238418579,0.3955009877681732,0.19682000577449799,0.9500000234693289,0.3705009873956442,0.17182000540196896,1.0340663134002603
MultiSeat,step2_results\resampled\MultiSeat\m778_refined_simplified.obj,.obj,5098,10145,10145,triangles,0.02500000037252903,0.025000000372528874,0.02500000037252903,0.5455989837646484,0.8008310198783875,0.9750000238418581,0.5205989833921194,0.7758310195058585,0.9500000234693291,1.3324552964089016
MultiSeat,step2_results\resampled\MultiSeat\m779_refined_simplified.obj,.obj,5102,10152,10152,triangles,0.02500000037252903,0.02500000037252903,0.02500000037252903,0.9750000238418579,0.3699580132961273,0.2429399937391281,0.9500000234693289,0.3449580129235983,0.21793999336659908,1.0339216198438623
MultiSeat,step2_results\resampled\MultiSeat\m780_refined_simplified.obj,.obj,5140,9676,9676,triangles,0.02500000037252903,0.02500000037252903,0.02500000037252903,0.9750000238418579,0.911266028881073,0.626570999622345,0.9500000234693289,0.886266028508544,0.6015709992498159,1.4317315338492949
MultiSeat,step2_results\resampled\MultiSeat\m781_refined_simplified.obj,.obj,5096,9661,9661,triangles,0.02500000037252903,0.02500000037252903,0.02500000037252903,0.9750000238418579,0.6405820250511169,0.4428369998931885,0.9500000234693289,0.6155820246785879,0.41783699952065945,1.2066602802228732
MultiSeat,step2_results\resampled\MultiSeat\m782_refined_simplified.obj,.obj,5116,9731,9731,triangles,0.02500000037252903,0.02500000037252903,0.02500000037252903,0.9750000238418579,0.4238399863243103,0.34787100553512573,0.9500000234693289,0.3988399859517813,0.3228710051625967,1.079731015096097
MultiSeat,step2_results\resampled\MultiSeat\m783_refined_simplified.obj,.obj,5080,10044,10044,triangles,0.02500000037252903,0.02500000037252903,0.02500000037252903,0.9750000238418579,0.47636398673057556,0.6076070070266724,0.9500000234693289,0.45136398635804653,0.5826070066541433,1.2023561938856777
MultiSeat,step2_results\resampled\MultiSeat\m784_refined_simplified.obj,.obj,5100,10188,10188,triangles,0.025000000372529012,0.025000000372528825,0.02500000037252903,0.9750000238418591,0.3812499940395355,0.27735599875450134,0.9500000234693301,0.3562499936670067,0.2523559983819723,1.0455131048910062
MultiSeat,step2_results\resampled\MultiSeat\m829_refined_simplified.obj,.obj,5104,10160,10160,triangles,0.02500000037252903,0.02500000037252903,0.02500000037252903,0.9750000238418579,0.32135099172592163,0.3575890064239502,0.9500000234693289,0.2963509913533926,0.33258900605142117,1.0492565947441723
MultiSeat,step2_results\resampled\MultiSeat\m830_refined_simplified.obj,.obj,5102,10148,10148,triangles,0.02500000037252885,0.02500000037252903,0.02500000037252903,0.43998199701309204,0.2565920054912567,0.9750000238418579,0.4149819966405632,0.23159200511872768,0.9500000234693289,1.0622358302008206
MultiSeat,step2_results\resampled\MultiSeat\m831_refined_simplified.obj,.obj,5100,10175,10175,triangles,0.02500000037252903,0.02500000037252903,0.02500000037252903,0.9750000238418579,0.4232339859008789,0.3895469903945923,0.9500000234693289,0.3982339855283499,0.36454699002206326,1.0926961424639814
MultiSeat,step2_results\resampled\MultiSeat\m832_refined_simplified.obj,.obj,5123,8807,8807,triangles,0.02500000037252903,0.02500000037252903,0.02500000037252903,0.9750000238418579,0.31978198885917664,0.4273830056190491,0.9500000234693289,0.2947819884866476,0.40238300524652004,1.0729904697801786
MultiSeat,step2_results\resampled\MultiSeat\m833_refined_simplified.obj,.obj,5108,9832,9832,triangles,0.02500000037252903,0.02500000037252903,0.02500000037252903,0.9750000238418579,0.4272089898586273,0.4748769998550415,0.9500000234693289,0.4022089894860983,0.4498769994825125,1.125460541502252
MultiSeat,step2_results\resampled\MultiSeat\m834_refined_simplified.obj,.obj,5127,10079,10079,triangles,0.02500000037252903,0.02500000037252903,0.02500000037252903,0.9750000092992913,0.5128269791603088,0.3397200107574463,0.9500000089267623,0.4878269787877798,0.31472001038491726,1.1133390602735287
MultiSeat,step2_results\resampled\MultiSeat\m835_refined_simplified.obj,.obj,5108,9675,9675,triangles,0.02500000037252903,0.02500000037252903,0.02500000037252903,0.9750000238418579,0.44062501192092896,0.41687300801277166,0.9500000234693289,0.4156250115483999,0.39187300764024263,1.108516417980962
MultiSeat,step2_results\resampled\MultiSeat\m836_refined_simplified.obj,.obj,5107,9949,9949,triangles,0.02500000037252903,0.02500000037252903,0.02500000037252903,0.9750000238418579,0.5,0.5,0.9500000234693289,0.47499999962747097,0.47499999962747097,1.1635076466804677
MultiSeat,step2_results\resampled\MultiSeat\m837_simplified.obj,.obj,9108,17464,17464,triangles,0.02500000037252903,0.025001000612974167,0.02500000037252903,0.9750000238418579,0.39698800444602966,0.4220220148563385,0.9500000234693289,0.3719870038330555,0.39702201448380947,1.0947606384946442
MultiSeat,step2_results\resampled\MultiSeat\m838_refined_simplified.obj,.obj,5103,10174,10174,triangles,0.02500000037252903,0.02500000037252903,0.02500000037252903,0.9750000238418579,0.49438801407814026,0.4621579945087433,0.9500000234693289,0.46938801370561123,0.43715799413621426,1.146268844486067
MultiSeat,step2_results\resampled\MultiSeat\m839_refined_simplified.obj,.obj,5101,10186,10186,triangles,0.02500000037252903,0.02500000037252903,0.02500000037252903,0.5331640243530273,0.5161259770393372,0.9750000238418579,0.5081640239804983,0.49112597666680813,0.9500000234693289,1.184033548856072
MultiSeat,step2_results\resampled\MultiSeat\m840_refined_simplified.obj,.obj,5124,9627,9627,triangles,0.025000000372528676,0.02500000037252903,0.02500000037252853,0.9750000238418637,0.8524450063705444,0.8524140119552784,0.950000023469335,0.8274450059980154,0.82741401158275,1.5072422595940747
MultiSeat,step2_results\resampled\MultiSeat\m841_refined_simplified.obj,.obj,5099,10070,10070,triangles,0.02500000037252903,0.02500000037252903,0.02500000037252903,0.6583330035209656,0.9750000238418586,0.3416669964790344,0.6333330031484365,0.9500000234693295,0.3166669961065054,1.1848581028510805
MultiSeat,step2_results\resampled\MultiSeat\m843_simplified.obj,.obj,6506,11994,11994,triangles,0.10324300080537796,0.11190599948167801,0.02500000037252903,0.5114880204200745,0.48559001088142395,0.9750000238418579,0.4082450196146965,0.37368401139974594,0.9500000234693289,1.0994561296421677
Musical_Instrument,step2_results\resampled\Musical_Instrument\m625_refined_simplified.obj,.obj,5123,9948,9948,triangles,0.02500000037252903,0.02500000037252903,0.02500000037252903,0.9750000238418579,0.35284000635147095,0.09836900234222412,0.9500000234693289,0.3278400059789419,0.07336900196969509,1.007651787356142
Musical_Instrument,step2_results\resampled\Musical_Instrument\m626_refined_simplified.obj,.obj,5115,9896,9896,triangles,0.02500000037252903,0.02500000037252903,0.02500000037252903,0.9750000238418579,0.640330970287323,0.0845780000090599,0.9500000234693289,0.615330969914794,0.059577999636530876,1.133438037639772
Musical_Instrument,step2_results\resampled\Musical_Instrument\m627_simplified.obj,.obj,6541,11363,11363,triangles,0.02500000037252903,0.02500000037252903,0.02500000037252903,0.3565810024738312,0.9750000238418579,0.09129100292921066,0.33158100210130215,0.9500000234693289,0.06629100255668163,1.0083850963625947
Musical_Instrument,step2_results\resampled\Musical_Instrument\m628_simplified.obj,.obj,9026,17608,17608,triangles,0.02500000037252903,0.02500000037252903,0.02500000037252903,0.9750000238418579,0.29044198989868164,0.07530000060796738,0.9500000234693289,0.2654419895261526,0.05030000023543835,0.9876687625003702
Musical_Instrument,step2_results\resampled\Musical_Instrument\m629_simplified.obj,.obj,6537,12714,12714,triangles,0.02500000037252903,0.02500000037252903,0.02500000037252903,0.9750000238418579,0.3002080023288727,0.061896998435258865,0.9500000234693289,0.27520800195634365,0.036896998062729836,0.9897478857762563
Musical_Instrument,step2_results\resampled\Musical_Instrument\m630_refined_simplified.obj,.obj,5115,9833,9833,triangles,0.02500000037252903,0.02500000037252903,0.02500000037252903,0.3974210023880005,0.9750000238418579,0.11872199922800064,0.37242100201547146,0.9500000234693289,0.09372199885547161,1.0246859325683153
Musical_Instrument,step2_results\resampled\Musical_Instrument\m631_simplified.obj,.obj,9081,17246,17246,triangles,0.025018000043928623,0.02500000037252903,0.02500000037252903,0.9750000238418579,0.335657000541687,0.1479800045490265,0.9499820237979293,0.310657000169158,0.12298000417649746,1.0070241798092838
Musical_Instrument,step2_results\resampled\Musical_Instrument\m632_refined_simplified.obj,.obj,5135,9940,9940,triangles,0.02500000037252903,0.02500000037252903,0.02500000037252903,0.3634899854660034,0.9750000238418579,0.1105939969420433,0.3384899850934744,0.9500000234693289,0.08559399656951427,1.0121273866707925
Musical_Instrument,step2_results\resampled\Musical_Instrument\m633_refined_simplified.obj,.obj,5097,8237,8237,triangles,0.06034500151872635,0.057440999895334244,0.02500000037252903,0.4838849902153015,0.9750000238418579,0.08576200157403946,0.42353998869657516,0.9175590239465237,0.06076200120151043,1.0124192339346405
Musical_Instrument,step2_results\resampled\Musical_Instrument\m634_refined_simplified.obj,.obj,5145,9540,9540,triangles,0.02500000037252903,0.02500000037252903,0.02500000037252903,0.9750000238418579,0.07982499897480011,0.32719799876213074,0.9500000234693289,0.05482499860227108,0.3021979983896017,0.9984134691069357
Musical_Instrument,step2_results\resampled\Musical_Instrument\m635_simplified.obj,.obj,9018,16144,16144,triangles,0.025016000494360924,0.02502650022506714,0.02500000037252903,0.30820900201797485,0.11030299961566925,0.9750000238418579,0.28319300152361393,0.08527649939060211,0.9500000234693289,0.9949725634669503
Musical_Instrument,step2_results\resampled\Musical_Instrument\m637_simplified.obj,.obj,6542,12738,12738,triangles,0.02500000037252903,0.02500000037252903,0.02500000037252903,0.9750000238418579,0.08219199627637863,0.3126490116119385,0.9500000234693289,0.0571919959038496,0.28764901123940945,0.9942398717885947
Musical_Instrument,step2_results\resampled\Musical_Instrument\m638_refined_simplified.obj,.obj,5119,10050,10050,triangles,0.02500000037252903,0.02500000037252903,0.02500000037252903,0.3048489987850189,0.9750000238418579,0.11649399995803833,0.2798489984124899,0.9500000234693289,0.0914939995855093,0.9945786336254928
Musical_Instrument,step2_results\resampled\Musical_Instrument\m639_simplified.obj,.obj,9035,17360,17360,triangles,0.02500000037252903,0.02500000037252903,0.02500000037252903,0.9750000238418579,0.3656669855117798,0.16346824914216995,0.9500000234693289,0.34066698513925076,0.13846824876964092,1.0186891062895111
Musical_Instrument,step2_results\resampled\Musical_Instrument\m640_refined_simplified.obj,.obj,5106,10140,10140,triangles,0.02500000037252903,0.02500000037252903,0.02500000037252903,0.3895210027694702,0.9750000238418579,0.18077300488948822,0.3645210023969412,0.9500000234693289,0.1557730045169592,1.0293885732396861
Musical_Instrument,step2_results\resampled\Musical_Instrument\m641_refined_simplified.obj,.obj,5091,9990,9990,triangles,0.02500000037252903,0.02500000037252903,0.02500000037252903,0.3306100070476532,0.11990000307559967,0.9750000238418579,0.30561000667512417,0.09490000270307064,0.9500000234693289,1.002448767411451
Musical_Instrument,step2_results\resampled\Musical_Instrument\m643_refined_simplified.obj,.obj,5120,9896,9896,triangles,0.02500000037252903,0.02500000037252903,0.02500000037252903,0.6782910227775574,0.7672619819641113,0.9750000238418579,0.6532910224050283,0.7422619815915823,0.9500000234693289,1.3712191852008908
Musical_Instrument,step2_results\resampled\Musical_Instrument\m644_simplified.obj,.obj,9069,17483,17483,triangles,0.02500000037252903,0.02500000037252903,0.02500000037252903,0.5757960081100464,0.6578360199928284,0.9750000238418579,0.5507960077375174,0.6328360196202993,0.9500000234693289,1.267421679813067
Musical_Instrument,step2_results\resampled\Musical_Instrument\m645_refined_simplified.obj,.obj,5154,8190,8190,triangles,0.02500000037252893,0.02500000037252903,0.02500000037252903,0.6359959840774536,0.7246879935264587,0.9750000238418579,0.6109959837049247,0.6996879931539297,0.9500000234693289,1.328675816163991
Musical_Instrument,step2_results\resampled\Musical_Instrument\m646_refined_simplified.obj,.obj,5105,10050,10050,triangles,0.02500000037252903,0.02500000037252903,0.02500000037252903,0.6679080128669739,0.6983240246772766,0.9750000238418579,0.6429080124944448,0.6733240243047476,0.9500000234693289,1.3301112730998197
Musical_Instrument,step2_results\resampled\Musical_Instrument\m647_refined_simplified.obj,.obj,5159,9376,9376,triangles,0.02500000037252903,0.02500000037252903,0.02500000037252903,0.5633919835090637,0.39515599608421326,0.9750000238418579,0.5383919831365347,0.3701559957116842,0.9500000234693289,1.1529880455836152
NonWheelChair,step2_results\resampled\NonWheelChair\D00037_refined_simplified.obj,.obj,5105,10142,10142,triangles,-0.9236699938774109,-0.9477779865264893,-0.5941910147666931,0.7600880265235901,0.7382100224494934,0.5785760283470154,1.683758020401001,1.6859880089759827,1.1727670431137085,2.65574456134041
NonWheelChair,step2_results\resampled\NonWheelChair\D00101_simplified.obj,.obj,9001,17966,17966,triangles,-0.71977299451828,-0.5184720158576965,-0.6213089823722839,0.9810609817504883,0.3423730134963989,0.3434560000896454,1.7008339762687683,0.8608450293540955,0.9647649824619293,2.1365069273884063
NonWheelChair,step2_results\resampled\NonWheelChair\D00170_refined_simplified.obj,.obj,5101,9963,9963,triangles,-1.00068998336792,-0.49629199504852295,-0.619392991065979,0.8711150288581848,0.6957100033760071,0.6432600021362305,1.8718050122261047,1.19200199842453,1.2626529932022095,2.5531970839097675
NonWheelChair,step2_results\resampled\NonWheelChair\D00185_refined_simplified.obj,.obj,5083,9624,9624,triangles,-0.6197749972343445,-0.4809440076351166,-0.2979699969291687,1.1492199897766113,0.586933970451355,1.046910047531128,1.7689949870109558,1.0678779780864716,1.3448800444602966,2.4654429569834853
NonWheelChair,step2_results\resampled\NonWheelChair\D00240_refined_simplified.obj,.obj,5101,10174,10174,triangles,-1.096250057220459,-0.3473469913005829,-0.4600389897823334,0.7787119746208191,0.6541290283203125,0.40536201000213623,1.874962031841278,1.0014760196208954,0.8654009997844696,2.2950720531499758
NonWheelChair,step2_results\resampled\NonWheelChair\D00306_refined_simplified.obj,.obj,5102,10116,10116,triangles,-0.6888489723205566,-0.6116549968719482,-0.7782679796218872,0.9043939709663391,0.43182599544525146,0.5001239776611328,1.5932429432868958,1.0434809923171997,1.27839195728302,2.2938094197440835
NonWheelChair,step2_results\resampled\NonWheelChair\D00357_simplified.obj,.obj,9002,17964,17964,triangles,-1.1722099781036377,-0.5387700200080872,-0.34688499569892883,0.6023290157318115,0.5987420082092285,0.8245729804039001,1.7745389938354492,1.1375120282173157,1.171457976102829,2.411480052738678
NonWheelChair,step2_results\resampled\NonWheelChair\D00419_simplified.obj,.obj,9000,17956,17956,triangles,-0.9636480212211609,-0.5930089950561523,-0.8006920218467712,0.8964710235595703,0.42874300479888916,0.4553219974040985,1.8601190447807312,1.0217519998550415,1.2560140192508698,2.466088243862835
NonWheelChair,step2_results\resampled\NonWheelChair\D00443_simplified.obj,.obj,9009,17713,17713,triangles,-0.9791849851608276,-0.40682199597358704,-0.40950700640678406,0.8214110136032104,0.5742560029029846,0.7901059985160828,1.800595998764038,0.9810779988765717,1.1996130049228668,2.3756538788773067
NonWheelChair,step2_results\resampled\NonWheelChair\D00445_refined_simplified.obj,.obj,5106,10132,10132,triangles,-1.0170199871063232,-0.35254400968551636,-0.4687039852142334,0.8091530203819275,0.4191739857196808,0.42240801453590393,1.8261730074882507,0.7717179954051971,0.8911119997501373,2.1736000353812996
NonWheelChair,step2_results\resampled\NonWheelChair\D00480_kept.obj,.obj,5063,10066,10066,triangles,-0.9655150175094604,-0.46327999234199524,-0.563211977481842,0.9141010046005249,0.4137279987335205,0.5609409809112549,1.8796160221099854,0.8770079910755157,1.124152958393097,2.3591988642009025
NonWheelChair,step2_results\resampled\NonWheelChair\D00481_refined_simplified.obj,.obj,5105,10160,10160,triangles,-1.1011300086975098,-0.46990299224853516,-0.2321760058403015,0.7338500022888184,0.2962050139904022,0.5118160247802734,1.8349800109863281,0.7661080062389374,0.743992030620575,2.1231102796533463
NonWheelChair,step2_results\resampled\NonWheelChair\D00512_refined_simplified.obj,.obj,5103,9616,9616,triangles,-0.7184420228004456,-0.5524809956550598,-0.3948430120944977,1.0982199907302856,0.6586369872093201,1.0166300535202026,1.8166620135307312,1.2111179828643799,1.4114730656147003,2.5998699688212823
NonWheelChair,step2_results\resampled\NonWheelChair\D00694_refined_simplified.obj,.obj,5104,10160,10160,triangles,-0.5711899995803833,-0.5287830233573914,-0.8844730257987976,0.9075570106506348,0.37300699949264526,0.3476000130176544,1.478747010231018,0.9017900228500366,1.232073038816452,2.1255403874209144
NonWheelChair,step2_results\resampled\NonWheelChair\D00707_refined.obj,.obj,5215,10272,10272,triangles,-0.962028980255127,-0.5449100136756897,-0.5681210160255432,0.8438779711723328,0.742251992225647,0.7999609708786011,1.8059069514274597,1.2871620059013367,1.3680819869041443,2.6057118546649716
NonWheelChair,step2_results\resampled\NonWheelChair\D00741_refined_simplified.obj,.obj,5102,9959,9959,triangles,-0.7903590202331543,-0.40204301476478577,-0.42067399621009827,0.9693869948387146,0.5801169872283936,0.7361090183258057,1.759746015071869,0.9821600019931793,1.156783014535904,2.323680539531056
NonWheelChair,step2_results\resampled\NonWheelChair\D00853_refined_simplified.obj,.obj,5100,10188,10188,triangles,-0.9126989841461182,-0.4015539884567261,-0.7098730206489563,0.6921150088310242,0.7038630247116089,0.4172019958496094,1.6048139929771423,1.105417013168335,1.1270750164985657,2.251149221591604
NonWheelChair,step2_results\resampled\NonWheelChair\D00914_refined_simplified.obj,.obj,5101,10112,10112,triangles,-0.9324520230293274,-0.31539198756217957,-0.43293899297714233,0.71424800157547,0.8158529996871948,0.4460340142250061,1.6467000246047974,1.1312449872493744,0.8789730072021484,2.1826428337225185
NonWheelChair,step2_results\resampled\NonWheelChair\D00928_refined_simplified.obj,.obj,5100,10163,10163,triangles,-0.8091269731521606,-0.42021501064300537,-0.37591099739074707,1.1239800453186035,0.5209739804267883,0.37998300790786743,1.9331070184707642,0.9411889910697937,0.7558940052986145,2.2790601591485657
NonWheelChair,step2_results\resampled\NonWheelChair\D00936_refined_simplified.obj,.obj,5100,10156,10156,triangles,-0.9350550174713135,-0.41700899600982666,-0.36269301176071167,0.8347160220146179,0.4820689857006073,0.8198080062866211,1.7697710394859314,0.899077981710434,1.1825010180473328,2.3105712296059173
NonWheelChair,step2_results\resampled\NonWheelChair\m785_refined_simplified.obj,.obj,5112,9963,9963,triangles,0.02500000037252903,0.02500000037252903,0.02500000037252903,0.5696070194244385,0.9750000238418579,0.5696070194244385,0.5446070190519094,0.9500000234693289,0.5446070190519094,1.2229855497890967
NonWheelChair,step2_results\resampled\NonWheelChair\m786_refined_simplified.obj,.obj,5101,10166,10166,triangles,0.02500000037252903,0.02500000037252903,0.02500000037252903,0.7566779851913452,0.9750000238418579,0.7806119918823242,0.7316779848188162,0.9500000234693289,0.7556119915097952,1.4173221933539488
NonWheelChair,step2_results\resampled\NonWheelChair\m787_refined.obj,.obj,5410,10712,10712,triangles,0.02500000037252903,0.02500000037252903,0.02500000037252903,0.5728060007095337,0.9750000238418579,0.5728060007095337,0.5478060003370047,0.9500000234693289,0.5478060003370047,1.2258396602338244
NonWheelChair,step2_results\resampled\NonWheelChair\m788_refined_simplified.obj,.obj,5102,10176,10176,triangles,0.02500000037252903,0.02500000037252903,0.02500000037252903,0.3400369882583618,0.9750000238418579,0.33129599690437317,0.3150369878858328,0.9500000234693289,0.30629599653184414,1.0466926892929649
NonWheelChair,step2_results\resampled\NonWheelChair\m789_refined_simplified.obj,.obj,5101,10109,10109,triangles,0.02500000037252903,0.02500000037252903,0.02500000037252903,0.5115870237350464,0.9750000238418579,0.5139889717102051,0.48658702336251736,0.9500000234693289,0.48898897133767605,1.174043095455358
NonWheelChair,step2_results\resampled\NonWheelChair\m790_refined_simplified.obj,.obj,5112,10072,10072,triangles,0.02500000037252903,0.02500000037252903,0.02500000037252903,0.6605290174484253,0.9750000238418579,0.6848620176315308,0.6355290170758963,0.9500000234693289,0.6598620172590017,1.31977841244593
NonWheelChair,step2_results\resampled\NonWheelChair\m791_refined_simplified.obj,.obj,5108,10148,10148,triangles,0.02500000037252903,0.02500000037252903,0.02500000037252903,0.5109509825706482,0.9750000238418579,0.5108969807624817,0.48595098219811916,0.9500000234693289,0.48589698038995266,1.1724948943356284
NonWheelChair,step2_results\resampled\NonWheelChair\m793_refined_simplified.obj,.obj,5079,9589,9589,triangles,0.02500000037252903,0.02500000037252903,0.02500000037252903,0.8847110271453857,0.9750000238418624,0.7700830101966858,0.8597110267728567,0.9500000234693333,0.7450830098241568,1.4821443201237854
NonWheelChair,step2_results\resampled\NonWheelChair\m794_refined_simplified.obj,.obj,5101,9914,9914,triangles,0.02500000037252903,0.02500000037252903,0.02500000037252903,0.7061790227890015,0.9750000238418579,0.6740530133247375,0.6811790224164724,0.9500000234693289,0.6490530129522085,1.3370769307688792
NonWheelChair,step2_results\resampled\NonWheelChair\m795_refined_simplified.obj,.obj,5106,10160,10160,triangles,0.02500000037252903,0.02500000037252903,0.02500000037252903,0.39464500546455383,0.9750000238418579,0.549344003200531,0.3696450050920248,0.9500000234693289,0.524344002828002,1.1463307147952113
NonWheelChair,step2_results\resampled\NonWheelChair\m796_simplified.obj,.obj,9000,17905,17905,triangles,0.02500000037252903,0.02500000037252903,0.02500000037252903,0.7103649973869324,0.9750000238418579,0.6919440031051636,0.6853649970144033,0.9500000234693289,0.6669440027326345,1.347976085286867
NonWheelChair,step2_results\resampled\NonWheelChair\m797_refined_simplified.obj,.obj,5103,9262,9262,triangles,0.02500000037252903,0.02500000037252903,0.02500000037252903,0.6359099745750427,0.9750000238418579,0.610617995262146,0.6109099742025137,0.9500000234693289,0.585617994889617,1.2722654900257166
NonWheelChair,step2_results\resampled\NonWheelChair\m798_refined_simplified.obj,.obj,5117,10009,10009,triangles,0.02500000037252903,0.02500000037252903,0.02500000037252903,0.596759021282196,0.9750000238418584,0.6473379731178284,0.571759020909667,0.9500000234693293,0.6223379727452993,1.2715002850585746
NonWheelChair,step2_results\resampled\NonWheelChair\m799_refined_simplified.obj,.obj,5107,10120,10120,triangles,0.02500000037252903,0.02500000037252903,0.02500000037252903,0.6463289856910706,0.9750000238418579,0.6888319849967957,0.6213289853185415,0.9500000234693289,0.6638319846242666,1.314999108896613
NonWheelChair,step2_results\resampled\NonWheelChair\m800_refined_simplified.obj,.obj,5114,10048,10048,triangles,0.02500000037252903,0.02500000037252903,0.02500000037252903,0.7277780175209045,0.9750000238418579,0.7277780175209045,0.7027780171483755,0.9500000234693289,0.7027780171483755,1.3748796046802536
NonWheelChair,step2_results\resampled\NonWheelChair\m801_simplified.obj,.obj,6511,12914,12914,triangles,0.02500000037252903,0.02500000037252903,0.02500000037252903,0.46936100721359253,0.9750000238418579,0.5450199842453003,0.4443610068410635,0.9500000234693289,0.5200199838727713,1.1706312539051598
NonWheelChair,step2_results\resampled\NonWheelChair\m804_refined_simplified.obj,.obj,5103,9949,9949,triangles,0.02500000037252903,0.02500000037252903,0.02500000037252903,0.7021840214729309,0.9750000238418579,0.6690409779548645,0.6771840211004019,0.9500000234693289,0.6440409775823355,1.33261660796744
NonWheelChair,step2_results\resampled\NonWheelChair\m805_refined_simplified.obj,.obj,5119,10056,10056,triangles,0.02500000037252903,0.02500000037252903,0.02500000037252903,0.7297620177268982,0.9750000238418579,0.7297620177268982,0.7047620173543692,0.9500000234693289,0.7047620173543692,1.3769092369515594
NonWheelChair,step2_results\resampled\NonWheelChair\m806_refined_simplified.obj,.obj,5101,10162,10162,triangles,0.02500000037252903,0.02500000037252903,0.02500000037252903,0.3582890033721924,0.9750000238418579,0.4115450084209442,0.33328900299966335,0.9500000234693289,0.3865450080484152,1.0784241500260388
NonWheelChair,step2_results\resampled\NonWheelChair\m807_refined_simplified.obj,.obj,5101,10182,10182,triangles,0.02500000037252903,0.02500000037252903,0.02500000037252903,0.4050000011920929,0.9750000238418581,0.40383800864219666,0.38000000081956387,0.9500000234693291,0.3788380082696676,1.0910629137333572
NonWheelChair,step2_results\resampled\NonWheelChair\m808_refined_simplified.obj,.obj,5065,9527,9527,triangles,0.02500000037252903,0.02500000037252903,0.02500000037252903,0.5508530139923096,0.9750000238418579,0.6245790123939514,0.5258530136197805,0.9500000234693289,0.5995790120214224,1.2403694724481555
NonWheelChair,step2_results\resampled\NonWheelChair\m809_refined_simplified.obj,.obj,5103,10146,10146,triangles,0.02500000037252903,0.02500000037252903,0.02500000037252903,0.24254199862480164,0.9750000238418579,0.22571800649166107,0.2175419982522726,0.9500000234693289,0.20071800611913204,0.9950438601266565
NonWheelChair,step2_results\resampled\NonWheelChair\m810_refined_simplified.obj,.obj,5106,10156,10156,triangles,0.02500000037252903,0.02500000037252903,0.02500000037252903,0.38295701146125793,0.9750000238418579,0.3994959890842438,0.3579570110887289,0.9500000234693289,0.37449598871171474,1.082072322878867
NonWheelChair,step2_results\resampled\NonWheelChair\m811_refined_simplified.obj,.obj,5110,9419,9419,triangles,0.02500000037252903,0.02500000037252903,0.02500000037252903,0.5382519960403442,0.9750000238418579,0.5567330121994019,0.5132519956678152,0.9500000234693289,0.5317330118268728,1.2036061031397265
NonWheelChair,step2_results\resampled\NonWheelChair\m812_refined_simplified.obj,.obj,5106,9510,9510,triangles,0.02500000037252903,0.02500000037252903,0.02500000037252903,0.4601530134677887,0.9750000238418579,0.47582298517227173,0.43515301309525967,0.9500000234693289,0.4508229847997427,1.1380244079198643
NonWheelChair,step2_results\resampled\NonWheelChair\m813_refined_simplified.obj,.obj,5078,9454,9454,triangles,0.02500000037252903,0.02500000037252903,0.02500000037252903,0.4026840031147003,0.9750000238418579,0.4162839949131012,0.3776840027421713,0.9500000234693289,0.39128399454057217,1.0946453374964424
NonWheelChair,step2_results\resampled\NonWheelChair\m814_refined_simplified.obj,.obj,5104,9458,9458,triangles,0.02500000037252903,0.02500000037252903,0.02500000037252903,0.5382519960403442,0.9750000238418579,0.5567330121994019,0.5132519956678152,0.9500000234693289,0.5317330118268728,1.2036061031397265
NonWheelChair,step2_results\resampled\NonWheelChair\m815_refined_simplified.obj,.obj,5099,9428,9428,triangles,0.02500000037252903,0.02500000037252903,0.02500000037252903,0.4601530134677887,0.9750000238418579,0.47582298517227173,0.43515301309525967,0.9500000234693289,0.4508229847997427,1.1380244079198643
NonWheelChair,step2_results\resampled\NonWheelChair\m816_refined_simplified.obj,.obj,5092,9442,9442,triangles,0.02500000037252903,0.02500000037252903,0.02500000037252903,0.4026840031147003,0.9750000238418579,0.4162839949131012,0.3776840027421713,0.9500000234693289,0.39128399454057217,1.0946453374964424
NonWheelChair,step2_results\resampled\NonWheelChair\m817_refined.obj,.obj,5528,11008,11008,triangles,0.02500000037252903,0.02500000037252903,0.02500000037252903,0.49638599157333374,0.9750000238418579,0.5594850182533264,0.4713859912008047,0.9500000234693289,0.5344850178807974,1.1875937990875192
NonWheelChair,step2_results\resampled\NonWheelChair\m818_refined_simplified.obj,.obj,5106,10066,10066,triangles,0.02500000037252903,0.02500000037252903,0.02500000037252903,0.7073659896850586,0.9750000238418579,0.7073659896850586,0.6823659893125296,0.9500000234693289,0.6823659893125296,1.3541590494962767
NonWheelChair,step2_results\resampled\NonWheelChair\m819_refined_simplified.obj,.obj,5104,9377,9377,triangles,0.02500000037252903,0.02500000037252903,0.02500000037252903,0.48337098956108093,0.9750000238418579,0.5056080222129822,0.4583709891885519,0.9500000234693289,0.48060802184045315,1.159132468261851
NonWheelChair,step2_results\resampled\NonWheelChair\m820_refined_simplified.obj,.obj,5129,9856,9856,triangles,0.02500000037252903,0.02500000037252903,0.02500000037252903,0.5569999814033508,0.9750000238418579,0.5665000081062319,0.5319999810308218,0.9500000234693289,0.5415000077337029,1.2160371222886743
NonWheelChair,step2_results\resampled\NonWheelChair\m821_refined_simplified.obj,.obj,5111,10110,10110,triangles,0.02500000037252903,0.02500000037252903,0.02500000037252903,0.444242000579834,0.9750000238418579,0.3976629972457886,0.41924200020730495,0.9500000234693289,0.37266299687325954,1.1032414099226453
NonWheelChair,step2_results\resampled\NonWheelChair\m822_refined_simplified.obj,.obj,5102,10176,10176,triangles,0.02500000037252903,0.02500000037252903,0.02500000037252903,0.49796101450920105,0.9750000238418579,0.5284789800643921,0.472961014136672,0.9500000234693289,0.5034789796918631,1.1745991863084506
NonWheelChair,step2_results\resampled\NonWheelChair\m823_refined_simplified.obj,.obj,5107,10146,10146,triangles,0.02500000037252903,0.02500000037252903,0.02500000037252903,0.6424580216407776,0.9750000238418579,0.5475959777832031,0.6174580212682486,0.9500000234693289,0.5225959774106741,1.2477423645232393
NonWheelChair,step2_results\resampled\NonWheelChair\m824_refined_simplified.obj,.obj,5112,9886,9886,triangles,0.02500000037252903,0.02500000037252903,0.02500000037252903,0.5041409730911255,0.9750000238418579,0.5227580070495605,0.47914097271859646,0.9500000234693289,0.4977580066770315,1.174665547949943
NonWheelChair,step2_results\resampled\NonWheelChair\m826_refined_simplified.obj,.obj,5100,10144,10144,triangles,0.02500000037252903,0.02500000037252903,0.02500000037252903,0.5128700137138367,0.9750000238418579,0.49817800521850586,0.48787001334130764,0.9500000234693289,0.47317800484597683,1.1680815976546297
NonWheelChair,step2_results\resampled\NonWheelChair\m827_refined_simplified.obj,.obj,5101,10158,10158,triangles,0.02500000037252903,0.02500000037252903,0.02500000037252903,0.463793009519577,0.9750000238418579,0.38938501477241516,0.438793009147048,0.9500000234693289,0.36438501439988613,1.1080684943572991
NonWheelChair,step2_results\resampled\NonWheelChair\m828_refined_simplified.obj,.obj,5104,10160,10160,triangles,0.02500000037252903,0.02500000037252903,0.02500000037252903,0.5089809894561768,0.9750000238418579,0.4704360067844391,0.48398098908364773,0.9500000234693289,0.44543600641191006,1.1554872903646767
PianoBoard,step2_results\resampled\PianoBoard\D00008_refined_simplified.obj,.obj,5077,9762,9762,triangles,2.4806931018829346,0.9160810112953186,0.0,3.2079579830169687,2.2984750270843506,0.954259991645813,0.7272648811340341,1.382394015789032,0.954259991645813,1.8304479107246112
PianoBoard,step2_results\resampled\PianoBoard\D00065_refined_simplified.obj,.obj,5105,9788,9788,triangles,0.17738899588584897,0.16510699689388275,-0.0,0.5463889837265017,2.7341070175170907,0.9969999790191654,0.3689999878406527,2.569000020623208,0.9969999790191654,2.7802753559949167
PianoBoard,step2_results\resampled\PianoBoard\D00075_refined_simplified.obj,.obj,5109,10066,10066,triangles,0.9071599841117859,1.5570769309997559,-7.888609052210118e-31,3.0886509418487558,2.638934135437014,1.4861689805984497,2.18149095773697,1.081857204437258,1.4861689805984497,2.852720815006964
PianoBoard,step2_results\resampled\PianoBoard\D00104_refined_simplified.obj,.obj,5111,9818,9818,triangles,1.7062089443206787,8.733144760131836,-0.0008679999737069011,3.774599075317383,9.488105773925781,1.496000051498413,2.068390130996704,0.7549610137939453,1.49686805147212,2.6624833952292146
PianoBoard,step2_results\resampled\PianoBoard\D00122_refined_simplified.obj,.obj,5111,9363,9363,triangles,3.5376391410827632,3.260586977005005,0.0,5.007638931274414,3.8625869750976567,1.162999987602234,1.4699997901916508,0.6019999980926518,1.162999987602234,1.9687235336709537
PianoBoard,step2_results\resampled\PianoBoard\D00181_simplified.obj,.obj,6469,9888,9888,triangles,0.9758260250091553,1.4560070037841797,-0.0,2.486034870147705,2.064007043838501,1.1690499782562256,1.5102088451385498,0.6080000400543213,1.1690499782562256,2.004263619462682
PianoBoard,step2_results\resampled\PianoBoard\D00212_refined_simplified.obj,.obj,4912,9841,9841,triangles,-4.578949928283691,2.064929962158203,0.0,-3.1989500522613525,2.589669942855835,0.9630799889564514,1.3799998760223389,0.5247399806976318,0.9630799889564514,1.7627463715159308
PianoBoard,step2_results\resampled\PianoBoard\D00235_refined_simplified.obj,.obj,5118,9548,9548,triangles,0.0,0.0,0.0,0.7272660136222839,1.3823939561843872,0.7845199704170227,0.7272660136222839,1.3823939561843872,0.7845199704170227,1.747970391239021
PianoBoard,step2_results\resampled\PianoBoard\D00253_refined_simplified.obj,.obj,5092,10153,10153,triangles,-4.338734978715565e-30,-0.014999999664723873,0.0,1.024399995803833,2.5757000446319585,1.3242000341415407,1.024399995803833,2.5907000442966823,1.3242000341415407,3.0845790314631563
PianoBoard,step2_results\resampled\PianoBoard\D00332_refined_simplified.obj,.obj,5106,8844,8844,triangles,0.0,-0.5587999820709229,-4.930380657631324e-32,1.4731999635696418,9.860761315262648e-32,1.1430000066757204,1.4731999635696418,0.5587999820709229,1.1430000066757204,1.9465416943607332
PianoBoard,step2_results\resampled\PianoBoard\D00381_refined_simplified.obj,.obj,5107,9563,9563,triangles,2.0820939540863037,0.2581520080566406,0.0,3.432339906692505,0.5719130039215088,0.8021860122680664,1.3502459526062012,0.31376099586486816,0.8021860122680664,1.6015968573065082
PianoBoard,step2_results\resampled\PianoBoard\D00441_refined_simplified.obj,.obj,5075,10072,10072,triangles,0.9664689898490905,0.6068999767303467,-0.040571000427007675,2.5285689830780065,1.2719299793243408,1.3827159404754643,1.562099993228916,0.6650300025939941,1.423286940902472,2.215438333454457
PianoBoard,step2_results\resampled\PianoBoard\D00460_refined_simplified.obj,.obj,5086,10045,10045,triangles,-0.8889999985694887,-4.333498001098633,-0.008093000389635563,3.0353000164031987,4.779545783996584,5.727700233459474,3.9243000149726877,9.113043785095217,5.73579323384911,11.460672827458536
PianoBoard,step2_results\resampled\PianoBoard\D00623_kept.obj,.obj,5694,10102,10102,triangles,-0.00323212007060647,-0.1174750030040741,0.0,1.5272300243377686,0.5931950211524963,0.8634840250015259,1.530462144408375,0.7106700241565704,0.8634840250015259,1.8955133658549121
PianoBoard,step2_results\resampled\PianoBoard\D00718_refined_simplified.obj,.obj,5070,9408,9408,triangles,-0.8698840141296388,0.2873629927635192,-0.0,-0.09951499849557875,2.5119180679321302,1.0286060571670532,0.77036901563406,2.224555075168611,1.0286060571670532,2.569074565587415
PianoBoard,step2_results\resampled\PianoBoard\D00721_refined_simplified.obj,.obj,5101,10116,10116,triangles,0.0,-0.02539999969303608,-8.709016988746045e-34,2.300287961959842,3.7219429016113312,2.38601303100586,2.300287961959842,3.7473429013043673,2.38601303100586,5.002695444660145
PianoBoard,step2_results\resampled\PianoBoard\D00755_simplified.obj,.obj,6541,12608,12608,triangles,33.68349838256836,-272.3290100097656,1.9400000572204588,131.83399963378906,-55.60960006713867,149.1020050048828,98.1505012512207,216.71940994262695,147.16200494766235,279.74538287872076
PianoBoard,step2_results\resampled\PianoBoard\D00885_kept.obj,.obj,6603,12497,12497,triangles,1.0598950386047363,0.38714399933815,0.0,2.533094882965088,1.003093957901001,1.4020010232925415,1.4731998443603516,0.615949958562851,1.4020010232925415,2.1249279992955703
PianoBoard,step2_results\resampled\PianoBoard\D00962_refined_simplified.obj,.obj,5142,10286,10286,triangles,1.5355639457702637,0.9721969962120056,0.0,2.485443115234375,2.803905010223389,1.5233900547027592,0.9498791694641113,1.8317080140113835,1.5233900547027592,2.564788869272212
PianoBoard,step2_results\resampled\PianoBoard\D00966_refined_simplified.obj,.obj,5126,8837,8837,triangles,0.0,10.105400085449219,-5.676836546757927e-29,1.523169994354248,13.899999618530282,2.676680088043213,1.523169994354248,3.7945995330810636,2.676680088043213,4.887090007549193
PlantIndoors,step2_results\resampled\PlantIndoors\D00049_simplified.obj,.obj,9076,11403,11403,triangles,-0.5892320275306702,-0.5122150182723999,-0.6614180207252502,1.0132100582122803,1.1541800498962402,0.6640490293502808,1.6024420857429504,1.6663950681686401,1.325467050075531,2.66487449276939
PlantIndoors,step2_results\resampled\PlantIndoors\D00073_simplified.obj,.obj,9030,12882,12882,triangles,-0.8933349847793579,-0.5335670113563538,-0.49783098697662354,0.7655580043792725,0.6743370294570923,0.5251039862632751,1.6588929891586304,1.207904040813446,1.0229349732398987,2.2928920778724886
PlantIndoors,step2_results\resampled\PlantIndoors\D00080_simplified.obj,.obj,40034,8963,8963,triangles,-1.098520040512085,-0.8340409994125366,-0.8482450246810913,0.8273190259933472,0.7070090174674988,0.6972029805183411,1.9258390665054321,1.5410500168800354,1.5454480051994324,2.9106873417423893
PlantIndoors,step2_results\resampled\PlantIndoors\D00087_refined_simplified.obj,.obj,5134,7129,7129,triangles,-0.6429020166397095,-0.6404899954795837,-0.660539984703064,1.062440037727356,1.054069995880127,0.7051389813423157,1.7053420543670654,1.6945599913597107,1.3656789660453796,2.7649238913591607
PlantIndoors,step2_results\resampled\PlantIndoors\D00128_simplified.obj,.obj,9042,9968,9968,triangles,-0.6782860159873962,-0.8062899708747864,-0.8499050140380859,0.9987149834632874,0.6413000226020813,0.5691699981689453,1.6770009994506836,1.4475899934768677,1.4190750122070312,2.6308977615337574
PlantIndoors,step2_results\resampled\PlantIndoors\D00159_simplified.obj,.obj,9044,10121,10121,triangles,-1.0229899883270264,-0.7600499987602234,-0.7665659785270691,0.7350029945373535,0.8128150105476379,0.9546890258789062,1.7579929828643799,1.5728650093078613,1.7212550044059753,2.920130554529717
PlantIndoors,step2_results\resampled\PlantIndoors\D00238_simplified.obj,.obj,9096,11526,11526,triangles,-0.7852010130882263,-0.8749539852142334,-0.7784860134124756,0.7672839760780334,0.89935302734375,0.8773319721221924,1.5524849891662598,1.7743070125579834,1.655817985534668,2.8809908395583426
PlantIndoors,step2_results\resampled\PlantIndoors\D00280_simplified.obj,.obj,6536,8277,8277,triangles,-0.7333469986915588,-0.7673519849777222,-0.5547080039978027,0.6712530255317688,0.5733299851417542,0.6476119756698608,1.4046000242233276,1.3406819701194763,1.2023199796676636,2.283835087426337
PlantIndoors,step2_results\resampled\PlantIndoors\D00370_simplified.obj,.obj,6537,6957,6957,triangles,-0.9827679991722107,-0.6864920258522034,-0.774878978729248,0.8602489829063416,0.6136119961738586,0.5883190035820007,1.8430169820785522,1.300104022026062,1.3631979823112488,2.635391963882363
PlantIndoors,step2_results\resampled\PlantIndoors\D00379_simplified.obj,.obj,6568,7712,7712,triangles,-0.8959739804267883,-0.8611159920692444,-0.8802499771118164,0.794052004814148,0.6769949793815613,0.7202439904212952,1.6900259852409363,1.5381109714508057,1.6004939675331116,2.7899021723703537
PlantIndoors,step2_results\resampled\PlantIndoors\D00466_refined_simplified.obj,.obj,5121,7422,7422,triangles,-0.8458510041236877,-0.8556309938430786,-0.8677330017089844,0.9998120069503784,0.7299780249595642,0.9114599823951721,1.8456630110740662,1.5856090188026428,1.7791929841041565,3.014325063034961
PlantIndoors,step2_results\resampled\PlantIndoors\D00491_simplified.obj,.obj,9114,11037,11037,triangles,-0.9885370135307312,-0.8955950140953064,-0.9513170123100281,0.6400769948959351,0.6254280209541321,0.5890550017356873,1.6286140084266663,1.5210230350494385,1.5403720140457153,2.7089925439634994
PlantIndoors,step2_results\resampled\PlantIndoors\D00595_simplified.obj,.obj,9618,8992,8992,triangles,-0.8792420029640198,-0.7411419749259949,-0.7210749983787537,0.9252399802207947,0.6921749711036682,0.5907350182533264,1.8044819831848145,1.433316946029663,1.31181001663208,2.651678377019102
PlantIndoors,step2_results\resampled\PlantIndoors\D00609_kept.obj,.obj,6696,10794,10794,triangles,-0.8498129844665527,-0.8261820077896118,-0.8316630125045776,0.8204389810562134,0.8211219906806946,0.786080002784729,1.6702519655227661,1.6473039984703064,1.6177430152893066,2.8496393728375984
PlantIndoors,step2_results\resampled\PlantIndoors\D00622_simplified.obj,.obj,9050,12660,12660,triangles,-0.8683260083198547,-0.48851001262664795,-0.3898810148239136,0.528285026550293,0.45400500297546387,0.38305699825286865,1.3966110348701477,0.9425150156021118,0.7729380130767822,1.8537233098322947
PlantIndoors,step2_results\resampled\PlantIndoors\D00624_simplified.obj,.obj,8985,10523,10523,triangles,-0.5320199728012085,-0.7289019823074341,-0.8214460015296936,0.829882025718689,0.7315080165863037,0.6462990045547485,1.3619019985198975,1.4604099988937378,1.4677450060844421,2.478275574129543
PlantIndoors,step2_results\resampled\PlantIndoors\D00657_kept.obj,.obj,5671,7624,7624,triangles,-0.7060499787330627,-0.5116649866104126,-0.27285298705101013,0.8897560238838196,0.4347360134124756,0.23386800289154053,1.5958060026168823,0.9464010000228882,0.5067209899425507,1.9232882811686745
PlantIndoors,step2_results\resampled\PlantIndoors\D00667_refined_simplified.obj,.obj,5103,8477,8477,triangles,-0.698652982711792,-0.48299700021743774,-0.7483130097389221,0.6978930234909058,0.8299170136451721,0.5089330077171326,1.3965460062026978,1.3129140138626099,1.2572460174560547,2.2923244760824426
PlantIndoors,step2_results\resampled\PlantIndoors\D00800_simplified.obj,.obj,9073,11098,11098,triangles,-0.5592020153999329,-0.8942009806632996,-0.8981289863586426,0.8012589812278748,0.8786540031433105,0.6869890093803406,1.3604609966278076,1.77285498380661,1.5851179957389832,2.739793418739638
PlantIndoors,step2_results\resampled\PlantIndoors\D00968_simplified.obj,.obj,6545,9553,9553,triangles,-0.9324550032615662,-0.8247029781341553,-0.7286570072174072,0.6663039922714233,0.6116960048675537,0.8066800236701965,1.5987589955329895,1.436398983001709,1.5353370308876038,2.6413125832776325
PlantIndoors,step2_results\resampled\PlantIndoors\m1000_simplified.obj,.obj,9078,11410,11410,triangles,0.025203999131917953,0.02500000037252903,0.02500000037252903,0.8797399997711182,0.9750000238418579,0.8122180104255676,0.8545360006392002,0.9500000234693289,0.7872180100530386,1.5008144510005328
PlantIndoors,step2_results\resampled\PlantIndoors\m1001_simplified.obj,.obj,9120,13057,13057,triangles,0.02500000037252903,0.02500000037252903,0.02500000037252903,0.6625339984893799,0.9750000238418579,0.625,0.6375339981168509,0.9500000234693289,0.599999999627471,1.2918783390472754
PlantIndoors,step2_results\resampled\PlantIndoors\m1002_simplified.obj,.obj,6569,7593,7593,triangles,0.02500000037252903,0.02500000037252903,0.02500000037252903,0.9750000238418579,0.7680370211601257,0.972461998462677,0.9500000234693289,0.7430370207875967,0.947461998090148,1.533717150154359
PlantIndoors,step2_results\resampled\PlantIndoors\m1003_simplified.obj,.obj,6569,7712,7712,triangles,0.02500000037252903,0.02500000037252903,0.02500000037252903,0.9612879753112793,0.9750000238418579,0.9631010293960571,0.9362879749387503,0.9500000234693289,0.9381010290235281,1.6306957893064034
PlantIndoors,step2_results\resampled\PlantIndoors\m1004_simplified.obj,.obj,9068,11100,11100,triangles,0.02500000037252903,0.02500000037252903,0.02500000037252903,0.9750000238418579,0.7448089718818665,0.8821009993553162,0.9500000234693289,0.7198089715093374,0.8571009989827871,1.468075993439831
PlantIndoors,step2_results\resampled\PlantIndoors\m1005_simplified.obj,.obj,9039,9406,9406,triangles,0.02500000037252903,0.02500000037252903,0.02500000037252903,0.4855009913444519,0.9750000238418579,0.49078500270843506,0.4605009909719229,0.9500000234693289,0.46578500233590603,1.1539137210722943
PlantIndoors,step2_results\resampled\PlantIndoors\m1006_simplified.obj,.obj,8691,12550,12550,triangles,0.02500000037252903,0.02500000037252903,0.02500000037252903,0.9750000238418579,0.5797420144081116,0.9190289974212646,0.9500000234693289,0.5547420140355825,0.8940289970487356,1.4175777207236109
PlantIndoors,step2_results\resampled\PlantIndoors\m1007_simplified.obj,.obj,6537,6958,6958,triangles,0.02500000037252903,0.02500000037252903,0.02500000037252903,0.758171021938324,0.9750000238418579,0.7451469898223877,0.733171021565795,0.9500000234693289,0.7201469894498587,1.3995183020844177
PlantIndoors,step2_results\resampled\PlantIndoors\m1008_kept.obj,.obj,5383,7952,7952,triangles,0.02500000037252903,0.02500000037252903,0.02500000037252903,0.923550009727478,0.808322012424469,0.9750000238418579,0.898550009354949,0.78332201205194,0.9500000234693289,1.524298375800684
PlantIndoors,step2_results\resampled\PlantIndoors\m1009_kept.obj,.obj,5331,6734,6734,triangles,0.02500000037252903,0.02500000037252903,0.02500000037252903,0.6405689716339111,0.9750000238418579,0.6410040259361267,0.6155689712613821,0.9500000234693289,0.6160040255635977,1.2887537245269474
PlantIndoors,step2_results\resampled\PlantIndoors\m1010_kept.obj,.obj,6257,7196,7196,triangles,0.02500000037252903,0.02500000037252903,0.02500000037252903,0.9750000238418579,0.6917840242385864,0.8036540150642395,0.9500000234693289,0.6667840238660574,0.7786540146917105,1.3976419619023517
PlantIndoors,step2_results\resampled\PlantIndoors\m1011_simplified.obj,.obj,6562,8945,8945,triangles,0.02500000037252903,0.02500000037252903,0.02500000037252903,0.8707450032234192,0.9750000238418579,0.8571249842643738,0.8457450028508902,0.9500000234693289,0.8321249838918447,1.519939684084859
PlantIndoors,step2_results\resampled\PlantIndoors\m1012_refined_simplified.obj,.obj,5110,8059,8059,triangles,0.02500000037252903,0.02500000037252903,0.02500000037252903,0.9750000238418579,0.5811190009117126,0.9435660243034363,0.9500000234693289,0.5561190005391836,0.9185660239309072,1.4337126377599738
PlantIndoors,step2_results\resampled\PlantIndoors\m1013_kept.obj,.obj,6365,7424,7424,triangles,0.02500000037252903,0.02500000037252903,0.02500000037252903,0.9041410088539124,0.8907849788665771,0.9750000238418579,0.8791410084813833,0.8657849784940481,0.9500000234693289,1.557232348229168
PlantIndoors,step2_results\resampled\PlantIndoors\m1014_simplified.obj,.obj,9615,8992,8992,triangles,0.02500000037252903,0.02500000037252903,0.02500000037252903,0.7198179960250854,0.9750000238418579,0.801019012928009,0.6948179956525564,0.9500000234693289,0.77601901255548,1.4097792733339298
PlantIndoors,step2_results\resampled\PlantIndoors\m1015_refined_simplified.obj,.obj,5160,9080,9080,triangles,0.02500000037252903,0.02500000037252903,0.02500000037252903,0.5070509910583496,0.9750000238418579,0.5467730164527893,0.4820509906858206,0.9500000234693289,0.5217730160802603,1.1862210091388528
PlantIndoors,step2_results\resampled\PlantIndoors\m1016_kept.obj,.obj,5305,7909,7909,triangles,0.02500000037252903,0.02500000037252903,0.02500000037252903,0.7412530183792114,0.9750000238418579,0.6197540163993835,0.7162530180066824,0.9500000234693289,0.5947540160268545,1.3301318618751594
PlantIndoors,step2_results\resampled\PlantIndoors\m1017_simplified.obj,.obj,9048,12652,12652,triangles,0.02500000037252903,0.02500000037252903,0.02500000037252903,0.6548799872398376,0.9750000238418579,0.6112390160560608,0.6298799868673086,0.9500000234693289,0.5862390156835318,1.281766369490666
PlantIndoors,step2_results\resampled\PlantIndoors\m1018_simplified.obj,.obj,8984,10519,10519,triangles,0.02500000037252903,0.02500000037252903,0.02500000037252903,0.9442030191421509,0.8768640160560608,0.9750000238418579,0.9192030187696218,0.8518640156835318,0.9500000234693289,1.572611374600662
PlantIndoors,step2_results\resampled\PlantIndoors\m1020_simplified.obj,.obj,9095,11530,11530,triangles,0.02500000037252903,0.02500000037252903,0.02500000037252903,0.9750000238418579,0.8366360068321228,0.8512679934501648,0.9500000234693289,0.8116360064595938,0.8262679930776358,1.497989268305333
PlantIndoors,step2_results\resampled\PlantIndoors\m1021_simplified.obj,.obj,6545,9558,9558,triangles,0.02500000037252903,0.02500000037252903,0.02500000037252903,0.9038450121879578,0.9750000238418579,0.9031599760055542,0.8788450118154287,0.9500000234693289,0.8781599756330252,1.5639800325414586
PlantIndoors,step2_results\resampled\PlantIndoors\m1022_simplified.obj,.obj,6536,8280,8280,triangles,0.02500000037252903,0.02500000037252903,0.02500000037252903,0.9201760292053223,0.9750000238418579,0.9176440238952637,0.8951760288327932,0.9500000234693289,0.8926440235227346,1.5813454777244067
PlantIndoors,step2_results\resampled\PlantIndoors\m1023_refined_simplified.obj,.obj,5127,7305,7305,triangles,0.02500000037252903,0.02500000037252903,0.02500000037252903,0.9665300250053406,0.8133170008659363,0.9750000238418579,0.9415300246328115,0.7883170004934072,0.9500000234693289,1.552553549847383
PlantIndoors,step2_results\resampled\PlantIndoors\m1025_kept.obj,.obj,6696,10794,10794,triangles,0.02500000037252903,0.02500000037252903,0.02500000037252903,0.8861520290374756,0.7034149765968323,0.9750000238418579,0.8611520286649466,0.6784149762243032,0.9500000234693289,1.450630807969726
PlantIndoors,step2_results\resampled\PlantIndoors\m1026_refined_simplified.obj,.obj,5109,8507,8507,triangles,0.02500000037252903,0.02500000037252903,0.02500000037252903,0.9505370259284973,0.9750000238418579,0.9586009979248047,0.9255370255559683,0.9500000234693289,0.9336009975522757,1.6219524200473079
PlantIndoors,step2_results\resampled\PlantIndoors\m1027_refined_simplified.obj,.obj,5137,7052,7052,triangles,0.02500000037252903,0.02500000037252903,0.02500000037252903,0.9465129971504211,0.9750000238418579,0.8890269994735718,0.9215129967778921,0.9500000234693289,0.8640269991010427,1.5805786608068104
PlantIndoors,step2_results\resampled\PlantIndoors\m1029_refined_simplified.obj,.obj,5103,10095,10095,triangles,0.02500000037252903,0.02500000037252903,0.02500000037252903,0.4871259927749634,0.9750000238418579,0.6642940044403076,0.46212599240243435,0.9500000234693289,0.6392940040677786,1.2348106336935527
PlantIndoors,step2_results\resampled\PlantIndoors\m1030_refined_simplified.obj,.obj,5122,8275,8275,triangles,0.02500000037252903,0.02500000037252903,0.02500000037252903,0.9750000238418579,0.664002001285553,0.8905159831047058,0.9500000234693289,0.639002000913024,0.8655159827321768,1.4352496361704536
PlantIndoors,step2_results\resampled\PlantIndoors\m1031_refined_simplified.obj,.obj,5112,9457,9457,triangles,0.02500000037252903,0.02500000037252903,0.02500000037252903,0.6675699949264526,0.909267008304596,0.9750000238418579,0.6425699945539236,0.8842670079320669,0.9500000234693289,1.4482142050849676
PlantIndoors,step2_results\resampled\PlantIndoors\m1032_refined_simplified.obj,.obj,5103,10170,10170,triangles,0.02500000037252903,0.02500000037252903,0.02500000037252903,0.8920860290527344,0.8973810076713562,0.9750000238418579,0.8670860286802053,0.8723810072988272,0.9500000234693289,1.5541514879894596
PlantIndoors,step2_results\resampled\PlantIndoors\m1033_refined_simplified.obj,.obj,5063,8945,8945,triangles,0.02500000037252903,0.02500000037252903,0.02500000037252903,0.4910129904747009,0.9750000238418579,0.5416970252990723,0.4660129901021719,0.9500000234693289,0.5166970249265432,1.1775584771482193
PlantIndoors,step2_results\resampled\PlantIndoors\m1034_refined_simplified.obj,.obj,5098,10116,10116,triangles,0.02500000037252903,0.02500000037252903,0.02500000037252903,0.3868899941444397,0.9750000238418579,0.4851039946079254,0.36188999377191067,0.9500000234693289,0.4601039942353964,1.1158674194075766
PlantIndoors,step2_results\resampled\PlantIndoors\m1035_refined_simplified.obj,.obj,5104,9823,9823,triangles,0.02500000037252903,0.02500000037252903,0.02500000037252903,0.876645028591156,0.9750000238418579,0.7504670023918152,0.851645028218627,0.9500000234693289,0.7254670020192862,1.4676858211824773
PlantIndoors,step2_results\resampled\PlantIndoors\m1036_refined_simplified.obj,.obj,5100,10090,10090,triangles,0.02500000037252903,0.02500000037252903,0.02500000037252903,0.5841599702835083,0.9750000238418579,0.3643510043621063,0.5591599699109793,0.9500000234693289,0.3393510039895773,1.153394564080873
PlantIndoors,step2_results\resampled\PlantIndoors\m989_refined_simplified.obj,.obj,5114,7611,7611,triangles,0.02500000037252903,0.02500000037252903,0.02500000037252903,0.7216479778289795,0.9750000238418579,0.6596860289573669,0.6966479774564505,0.9500000234693289,0.6346860285848379,1.3381497688848891
PlantIndoors,step2_results\resampled\PlantIndoors\m990_refined_simplified.obj,.obj,5108,9081,9081,triangles,0.02500000037252903,0.02500000037252903,0.02500000037252903,0.9273219704627991,0.5429649949073792,0.9750000238418579,0.90232197009027,0.5179649945348501,0.9500000234693289,1.4088905982590696
PlantIndoors,step2_results\resampled\PlantIndoors\m991_refined_simplified.obj,.obj,5128,6581,6581,triangles,0.02500000037252903,0.02500000037252903,0.02500000037252903,0.9750000238418579,0.8143669962882996,0.9586960077285767,0.9500000234693289,0.7893669959157705,0.9336960073560476,1.5483502617255043
PlantIndoors,step2_results\resampled\PlantIndoors\m992_refined_simplified.obj,.obj,5116,9082,9082,triangles,0.02500000037252903,0.02500000037252903,0.02500000037252903,0.9144449830055237,0.5102630257606506,0.9750000238418579,0.8894449826329947,0.4852630253881216,0.9500000234693289,1.3889177893351234
PlantIndoors,step2_results\resampled\PlantIndoors\m993_refined_simplified.obj,.obj,5155,9626,9626,triangles,0.02500000037252903,0.02500000037252903,0.02500000037252903,0.29302099347114563,0.9750000238418579,0.22593900561332703,0.2680209930986166,0.9500000234693289,0.200939005240798,1.007329033216285
PlantIndoors,step2_results\resampled\PlantIndoors\m994_refined_simplified.obj,.obj,5113,8909,8909,triangles,0.02500000037252903,0.02500000037252903,0.02500000037252903,0.9750000238418579,0.6450799703598022,0.8637120127677917,0.9500000234693289,0.6200799699872732,0.8387120123952627,1.4108284989704647
PlantIndoors,step2_results\resampled\PlantIndoors\m995_simplified.obj,.obj,7240,4599,4599,triangles,0.02500000037252903,0.02500000037252903,0.02500000037252903,0.8689159750938416,0.9328439831733704,0.9750000238418579,0.8439159747213125,0.9078439828008413,0.9500000234693289,1.561689762433385
PlantIndoors,step2_results\resampled\PlantIndoors\m996_refined_simplified.obj,.obj,5099,9522,9522,triangles,0.02500000037252903,0.02500000037252903,0.02500000037252903,0.7235869765281677,0.9750000238418579,0.6576610207557678,0.6985869761556387,0.9500000234693289,0.6326610203832388,1.3382016942742097
PlantIndoors,step2_results\resampled\PlantIndoors\m997_refined_simplified.obj,.obj,5112,8125,8125,triangles,0.02500000037252903,0.02500000037252903,0.02500000037252903,0.8843690156936646,0.7680240273475647,0.9750000238418579,0.8593690153211355,0.7430240269750357,0.9500000234693289,1.4809118318616885
PlantIndoors,step2_results\resampled\PlantIndoors\m998_refined_simplified.obj,.obj,5099,9864,9864,triangles,0.02500000037252903,0.02500000037252903,0.02500000037252903,0.5508170127868652,0.9750000238418579,0.506434977054596,0.5258170124143362,0.9500000234693289,0.4814349766820669,1.18775553541498
PlantIndoors,step2_results\resampled\PlantIndoors\m999_refined_simplified.obj,.obj,5160,7649,7649,triangles,0.02500000037252903,0.02500000037252903,0.02500000037252903,0.8052189946174622,0.9750000238418579,0.6466270089149475,0.7802189942449331,0.9500000234693289,0.6216270085424185,1.3775564820803887
PlantWildNonTree,step2_results\resampled\PlantWildNonTree\m1052_refined_simplified.obj,.obj,5033,8286,8286,triangles,0.02500000037252903,0.02500000037252903,0.02500000037252903,0.9750000238418579,0.9289079904556274,0.9155340194702148,0.9500000234693289,0.9039079900830984,0.8905340190976858,1.5851184619132002
PlantWildNonTree,step2_results\resampled\PlantWildNonTree\m961_kept.obj,.obj,6513,9427,9427,triangles,0.02500000037252903,0.02500000037252903,0.02500000037252903,0.9750000238418579,0.5932750105857849,0.8927789926528931,0.9500000234693289,0.5682750102132559,0.867778992280364,1.4065834178134353
PlantWildNonTree,step2_results\resampled\PlantWildNonTree\m962_simplified.obj,.obj,9113,10470,10470,triangles,0.02500000037252903,0.02500000037252903,0.02500000037252903,0.9750000238418579,0.9141865074634552,0.9629600048065186,0.9500000234693289,0.8891865070909262,0.9379600044339895,1.6040329357285954
PlantWildNonTree,step2_results\resampled\PlantWildNonTree\m963_simplified.obj,.obj,8236,11696,11696,triangles,0.02500000037252903,0.02500000037252903,0.02500000037252903,0.9750000238418579,0.5974799990653992,0.9468590021133423,0.9500000234693289,0.5724799986928701,0.9218590017408133,1.4422404142810874
PlantWildNonTree,step2_results\resampled\PlantWildNonTree\m964_simplified.obj,.obj,9067,11621,11621,triangles,0.02500000037252903,0.02500000037252903,0.02500000037252903,0.6251820027828217,0.9749839901924133,0.562192976474762,0.6001820024102926,0.9499839898198843,0.5371929761022329,1.2454976156159068
PlantWildNonTree,step2_results\resampled\PlantWildNonTree\m965_simplified.obj,.obj,9043,14012,14012,triangles,0.02500000037252903,0.02500000037252903,0.02500000037252903,0.6236709952354431,0.9750000238418579,0.7784209847450256,0.5986709948629141,0.9500000234693289,0.7534209843724966,1.3522389523951373
PlantWildNonTree,step2_results\resampled\PlantWildNonTree\m966_simplified.obj,.obj,7912,5272,5272,triangles,0.02500000037252903,0.02500000037252903,0.02500000037252903,0.9750000238418579,0.4460960030555725,0.8968049883842468,0.9500000234693289,0.4210960026830435,0.8718049880117178,1.3564165382320708
PlantWildNonTree,step2_results\resampled\PlantWildNonTree\m967_simplified.obj,.obj,9085,9118,9118,triangles,0.02500000037252903,0.02500000037252903,0.02500000037252903,0.20017600059509277,0.47188600897789,0.9750000238418579,0.17517600022256374,0.446886008605361,0.9500000234693289,1.0643748307494554
PlantWildNonTree,step2_results\resampled\PlantWildNonTree\m968_simplified.obj,.obj,6276,8784,8784,triangles,0.0250450000166893,0.02511449996381998,0.02500000037252903,0.6883959770202637,0.5959939956665039,0.9750000238418579,0.6633509770035744,0.5708794957026839,0.9500000234693289,1.2916802862539447
PlantWildNonTree,step2_results\resampled\PlantWildNonTree\m971_refined_simplified.obj,.obj,5112,5692,5692,triangles,0.02500000037252903,0.02500000037252903,0.02500000037252903,0.9750000238418579,0.6298530101776123,0.5708799958229065,0.9500000234693289,0.6048530098050833,0.5458799954503775,1.2515319322713654
PlantWildNonTree,step2_results\resampled\PlantWildNonTree\m972_simplified.obj,.obj,10189,8975,8975,triangles,0.02500000037252903,0.02500000037252903,0.02500000037252903,0.9750000238418579,0.6348389983177185,0.6097689867019653,0.9500000234693289,0.6098389979451895,0.5847689863294363,1.2713608517566028
PlantWildNonTree,step2_results\resampled\PlantWildNonTree\m973_simplified.obj,.obj,9076,9855,9855,triangles,0.02500000037252903,0.02500000037252903,0.02500000037252903,0.6794260144233704,0.9750000238418579,0.5579289793968201,0.6544260140508413,0.9500000234693289,0.532928979024291,1.2707425975161417
PlantWildNonTree,step2_results\resampled\PlantWildNonTree\m974_refined_simplified.obj,.obj,5112,8648,8648,triangles,0.02500000037252903,0.02500000037252903,0.02500000037252903,0.3782770037651062,0.9750000238418579,0.21522800624370575,0.35327700339257717,0.9500000234693289,0.19022800587117672,1.0312571841861218
PlantWildNonTree,step2_results\resampled\PlantWildNonTree\m975_refined_simplified.obj,.obj,5102,10172,10172,triangles,0.02500000037252903,0.02500000037252903,0.02500000037252903,0.6369540095329285,0.9750000238418579,0.19907799363136292,0.6119540091603994,0.9500000234693289,0.17407799325883389,1.1433682266252785
PlantWildNonTree,step2_results\resampled\PlantWildNonTree\m976_refined_simplified.obj,.obj,5111,8922,8922,triangles,0.02500000037252903,0.02500000037252903,0.02500000037252903,0.7476739883422852,0.9750000238418579,0.7088019847869873,0.7226739879697561,0.9500000234693289,0.6838019844144583,1.3756245459314063
PlantWildNonTree,step2_results\resampled\PlantWildNonTree\m977_refined_simplified.obj,.obj,5101,10120,10120,triangles,0.02500000037252903,0.02500000037252903,0.02500000037252903,0.5706250071525574,0.9750000238418579,0.6512529850006104,0.5456250067800283,0.9500000234693289,0.6262529846280813,1.2619031236077558
PlantWildNonTree,step2_results\resampled\PlantWildNonTree\m978_refined_simplified.obj,.obj,5152,6898,6898,triangles,0.02500000037252903,0.02500000037252903,0.02500000037252903,0.41011399030685425,0.9750000238418579,0.4650160074234009,0.3851139899343252,0.9500000234693289,0.44001600705087185,1.1155388457135207
PlantWildNonTree,step2_results\resampled\PlantWildNonTree\m979_refined_simplified.obj,.obj,5098,7646,7646,triangles,0.02500000037252903,0.02500000037252903,0.02500000037252903,0.4805450141429901,0.9750000238418579,0.4606519937515259,0.4555450137704611,0.9500000234693289,0.43565199337899685,1.1400938397772127
PlantWildNonTree,step2_results\resampled\PlantWildNonTree\m980_simplified.obj,.obj,6488,11753,11753,triangles,0.02500000037252903,0.02500000037252903,0.02500000037252903,0.40894149243831635,0.9749807566404343,0.43858150392770767,0.3839414920657873,0.9499807562679052,0.41358150355517864,1.104954373126785
PlantWildNonTree,step2_results\resampled\PlantWildNonTree\m981_refined_simplified.obj,.obj,5160,9515,9515,triangles,0.02500000037252903,0.02500000037252903,0.02500000037252903,0.4228590130805969,0.9750000238418579,0.3096800148487091,0.3978590127080679,0.9500000234693289,0.2846800144761801,1.0685665862392113
PlantWildNonTree,step2_results\resampled\PlantWildNonTree\m982_refined_simplified.obj,.obj,5105,10146,10146,triangles,0.02500000037252903,0.02500000037252903,0.02500000037252903,0.35783299803733826,0.9750000238418579,0.37325501441955566,0.3328329976648092,0.9500000234693289,0.34825501404702663,1.0651569854886007
PlantWildNonTree,step2_results\resampled\PlantWildNonTree\m983_refined_simplified.obj,.obj,5063,9713,9713,triangles,0.02500000037252903,0.02500000037252903,0.02500000037252903,0.9734299778938293,0.8326749801635742,0.9750000238418579,0.9484299775213003,0.8076749797910452,0.9500000234693289,1.5666391862305897
PlantWildNonTree,step2_results\resampled\PlantWildNonTree\m984_refined_simplified.obj,.obj,5110,8244,8244,triangles,0.02500000037252903,0.02500000037252903,0.02500000037252903,0.5553680062294006,0.9750000238418579,0.4038339853286743,0.5303680058568716,0.9500000234693289,0.3788339849561453,1.152087433481536
PlantWildNonTree,step2_results\resampled\PlantWildNonTree\m985_simplified.obj,.obj,9070,14783,14783,triangles,0.2498999983072281,0.02605300024151802,0.18691100180149078,0.7534890174865723,0.7522439956665039,0.33227693289518356,0.5035890191793442,0.7261909954249859,0.14536593109369278,0.8955928293577847
PlantWildNonTree,step2_results\resampled\PlantWildNonTree\m986_kept.obj,.obj,6656,11843,11843,triangles,0.1512729972600937,0.1521719992160797,0.02500000037252903,0.581171989440918,0.6082050204277039,0.913329005241394,0.4298989921808243,0.45603302121162415,0.888329004868865,1.0871557757767734
PlantWildNonTree,step2_results\resampled\PlantWildNonTree\m987_refined_simplified.obj,.obj,5109,8223,8223,triangles,0.02500000037252903,0.02500000037252903,0.02500000037252903,0.5532029867172241,0.40004199743270874,0.9750000238418579,0.5282029863446951,0.3750419970601797,0.9500000234693289,1.1498499636622455
PlantWildNonTree,step2_results\resampled\PlantWildNonTree\m988_refined_simplified.obj,.obj,5159,10122,10122,triangles,0.02500000037252903,0.02500000037252903,0.02500000037252903,0.2721860110759735,0.9750000238418579,0.24273599684238434,0.24718601070344448,0.9500000234693289,0.2177359964698553,1.0054898968353334
Quadruped,step2_results\resampled\Quadruped\D00111_refined_simplified.obj,.obj,5100,10110,10110,triangles,-0.7402979731559753,-0.5094010233879089,-0.27901899814605713,0.9672499895095825,0.46230998635292053,0.30123698711395264,1.7075479626655579,0.9717110097408295,0.5802559852600098,2.048570071948945
Quadruped,step2_results\resampled\Quadruped\D00150_simplified.obj,.obj,9007,17701,17701,triangles,-0.8581539988517761,-0.6906430125236511,-0.32244598865509033,0.9191629886627197,0.5739730000495911,0.381307989358902,1.7773169875144958,1.2646160125732422,0.7037539780139923,2.2920250860177704
Quadruped,step2_results\resampled\Quadruped\D00218_refined_simplified.obj,.obj,5100,10196,10196,triangles,-0.7465999722480774,-0.5242149829864502,-0.2697010040283203,1.090749979019165,0.5184509754180908,0.3747049868106842,1.8373499512672424,1.042665958404541,0.6444059908390045,2.2086797471038206
Quadruped,step2_results\resampled\Quadruped\D00226_refined_simplified.obj,.obj,5100,10197,10197,triangles,-0.905314028263092,-0.7352749705314636,-0.27711400389671326,0.9086290001869202,0.4382840096950531,0.28682100772857666,1.8139430284500122,1.1735589802265167,0.5639350116252899,2.23285751624897
Quadruped,step2_results\resampled\Quadruped\D00261_refined_simplified.obj,.obj,5100,10196,10196,triangles,-0.8806920051574707,-0.45200198888778687,-0.3002859950065613,0.9337769746780396,0.681738018989563,0.2641560137271881,1.8144689798355103,1.1337400078773499,0.5644420087337494,2.212749164607331
Quadruped,step2_results\resampled\Quadruped\D00326_refined_simplified.obj,.obj,5138,10211,10211,triangles,-0.9199659824371338,-0.7782179713249207,-0.2067600041627884,0.9733870029449463,0.6645029783248901,0.22501400113105774,1.89335298538208,1.4427209496498108,0.43177400529384613,2.419226747839313
Quadruped,step2_results\resampled\Quadruped\D00380_refined_simplified.obj,.obj,5099,10076,10076,triangles,-0.7667859792709351,-0.5715010166168213,-0.2672629952430725,1.0742000341415405,0.6843500137329102,0.23817099630832672,1.8409860134124756,1.2558510303497314,0.5054339915513992,2.2851378146244095
Quadruped,step2_results\resampled\Quadruped\D00409_simplified.obj,.obj,9004,17657,17657,triangles,-1.0279899835586548,-0.5493299961090088,-0.3805899918079376,0.7639449834823608,0.6882069706916809,0.15969499945640564,1.7919349670410156,1.2375369668006897,0.5402849912643433,2.2437550093733605
Quadruped,step2_results\resampled\Quadruped\D00508_simplified.obj,.obj,9005,17925,17925,triangles,-0.8883320093154907,-0.5434420108795166,-0.2441840022802353,1.0724700093269348,0.6974275186657906,0.18994000554084778,1.9608020186424255,1.2408695295453072,0.43412400782108307,2.360712900763844
Quadruped,step2_results\resampled\Quadruped\D00509_simplified.obj,.obj,6500,12996,12996,triangles,-0.7740749716758728,-0.4311789870262146,-0.22929400205612183,1.1007800102233887,0.4545220136642456,0.20740699768066406,1.8748549818992615,0.8857010006904602,0.4367009997367859,2.1190222341796394
Quadruped,step2_results\resampled\Quadruped\D00583_simplified.obj,.obj,9032,17606,17606,triangles,-1.0248099565505981,-0.3446100056171417,-0.14531999826431274,0.47762200236320496,0.44964200258255005,0.14710499346256256,1.502431958913803,0.7942520081996918,0.2924249917268753,1.7244275628397019
Quadruped,step2_results\resampled\Quadruped\D00663_simplified.obj,.obj,9023,15370,15370,triangles,-0.9095450043678284,-0.5455060005187988,-0.26089999079704285,0.8578220009803772,0.8556510210037231,0.24197399616241455,1.7673670053482056,1.401157021522522,0.5028739869594574,2.31078111843503
Quadruped,step2_results\resampled\Quadruped\D00700_simplified.obj,.obj,6505,12870,12870,triangles,-1.0913100242614746,-0.513617992401123,-0.23080599308013916,0.8580570220947266,0.6633380055427551,0.22279700636863708,1.9493670463562012,1.1769559979438782,0.45360299944877625,2.32185550446717
Quadruped,step2_results\resampled\Quadruped\D00757_refined_simplified.obj,.obj,5100,10192,10192,triangles,-0.9581900238990784,-0.5863109827041626,-0.38038501143455505,0.8568080067634583,0.8713679909706116,0.33815300464630127,1.8149980306625366,1.4576789736747742,0.7185380160808563,2.4362558819130316
Quadruped,step2_results\resampled\Quadruped\D00794_simplified.obj,.obj,6500,12996,12996,triangles,-0.7692739963531494,-0.47547799348831177,-0.20118799805641174,0.7388539910316467,0.65134197473526,0.17501799762248993,1.5081279873847961,1.1268199682235718,0.3762059956789017,1.9198187982998398
Quadruped,step2_results\resampled\Quadruped\D00795_simplified.obj,.obj,9021,15705,15705,triangles,-0.6977959871292114,-0.5896170139312744,-0.29490599036216736,1.1328599452972412,0.5189170241355896,0.255964994430542,1.8306559324264526,1.108534038066864,0.5508709847927094,2.2098886167333145
Quadruped,step2_results\resampled\Quadruped\D00831_refined_simplified.obj,.obj,5111,10104,10104,triangles,-0.9272099733352661,-0.9944279789924622,-0.45882201194763184,0.9525899887084961,0.5278720259666443,0.2930760085582733,1.8797999620437622,1.5223000049591064,0.7518980205059052,2.533060566910891
Quadruped,step2_results\resampled\Quadruped\D00841_refined_simplified.obj,.obj,5107,10117,10117,triangles,-1.0018399953842163,-0.5045779943466187,-0.19708199799060822,0.7872260212898254,0.718940019607544,0.21342900395393372,1.7890660166740417,1.2235180139541626,0.41051100194454193,2.2059630153757728
Quadruped,step2_results\resampled\Quadruped\D00867_kept.obj,.obj,6344,12676,12676,triangles,-0.8709589838981628,-0.6285160183906555,-0.4125550091266632,1.0302499532699585,0.7253310084342957,0.4296950101852417,1.9012089371681213,1.3538470268249512,0.8422500193119049,2.4813065690965317
Quadruped,step2_results\resampled\Quadruped\D00934_refined_simplified.obj,.obj,5105,10105,10105,triangles,-0.9244070053100586,-0.6879389882087708,-0.20276199281215668,0.9982969760894775,0.6788399815559387,0.32795199751853943,1.9227039813995361,1.3667789697647095,0.5307139903306961,2.417960440498032
Quadruped,step2_results\resampled\Quadruped\m100_refined_simplified.obj,.obj,5100,10196,10196,triangles,0.02500000037252903,0.02500000037252903,0.02500000037252903,0.5580310225486755,0.4584690034389496,0.9750000238418579,0.5330310221761465,0.43346900306642056,0.9500000234693289,1.1723981797210663
Quadruped,step2_results\resampled\Quadruped\m101_refined_simplified.obj,.obj,5104,10102,10102,triangles,0.02500000037252903,0.02500000037252903,0.02500000037252903,0.40878599882125854,0.6851590275764465,0.9750000238418579,0.3837859984487295,0.6601590272039175,0.9500000234693289,1.2188526073302859
Quadruped,step2_results\resampled\Quadruped\m102_refined_simplified.obj,.obj,5105,10056,10056,triangles,0.02500000037252903,0.02500000037252903,0.02500000037252903,0.4010019898414612,0.45062100887298584,0.9750000238418579,0.37600198946893215,0.4256210085004568,0.9500000234693289,1.1068110875633954
Quadruped,step2_results\resampled\Quadruped\m103_simplified.obj,.obj,9037,17490,17490,triangles,0.02500000037252903,0.02500000037252903,0.02500000037252903,0.24866299331188202,0.730226993560791,0.9750000238418579,0.223662992939353,0.705226993188262,0.9500000234693289,1.2041055979122726
Quadruped,step2_results\resampled\Quadruped\m104_refined_simplified.obj,.obj,5101,10180,10180,triangles,0.02500000037252903,0.02500000037252903,0.02500000037252903,0.9750000238418579,0.7815939784049988,0.28227698802948,0.9500000234693289,0.7565939780324697,0.25727698765695095,1.2414209360907997
Quadruped,step2_results\resampled\Quadruped\m105_refined_simplified.obj,.obj,5118,10050,10050,triangles,0.02500000037252903,0.02500000037252903,0.02500000037252903,0.26955100893974304,0.9750000238418579,0.9464809894561768,0.244551008567214,0.9500000234693289,0.9214809890836477,1.345894666616056
Quadruped,step2_results\resampled\Quadruped\m106_refined.obj,.obj,5506,11008,11008,triangles,0.02500000037252903,0.02500000037252903,0.02500000037252903,0.21347999572753906,0.658840000629425,0.9750000238418579,0.18847999535501003,0.633840000256896,0.9500000234693289,1.15748775335483
Quadruped,step2_results\resampled\Quadruped\m107_refined_simplified.obj,.obj,5137,10212,10212,triangles,0.02500000037252903,0.02500000037252903,0.02500000037252903,0.2638779878616333,0.8880630135536194,0.9750000238418579,0.23887798748910427,0.8630630131810904,0.9500000234693289,1.3055422253683688
Quadruped,step2_results\resampled\Quadruped\m108_simplified.obj,.obj,8999,18003,18003,triangles,0.02500000037252903,0.02500000037252903,0.02500000037252903,0.9750000238418579,0.9071159958839417,0.2825529873371124,0.9500000234693289,0.8821159955114126,0.2575529869645834,1.3217269821045474
Quadruped,step2_results\resampled\Quadruped\m109_refined_simplified.obj,.obj,5105,10154,10154,triangles,0.02500000037252903,0.02500000037252903,0.02500000037252903,0.8332200050354004,0.9750000238418579,0.46559301018714905,0.8082200046628714,0.9500000234693289,0.44059300981462,1.3228158680732867
Quadruped,step2_results\resampled\Quadruped\m110_refined_simplified.obj,.obj,5100,10196,10196,triangles,0.02500000037252903,0.02500000037252903,0.02500000037252903,0.470550000667572,0.7193989753723145,0.9750000238418579,0.445550000295043,0.6943989749997854,0.9500000234693289,1.2582546577841034
Quadruped,step2_results\resampled\Quadruped\m111_refined_simplified.obj,.obj,5096,10136,10136,triangles,0.02500000037252903,0.02500000037252903,0.02500000037252903,0.41453099250793457,0.6780809760093689,0.9750000238418579,0.38953099213540554,0.6530809756368399,0.9500000234693289,1.2168603860609835
Quadruped,step2_results\resampled\Quadruped\m112_simplified.obj,.obj,6500,12924,12924,triangles,0.025305500254034996,0.02500000037252903,0.02500000037252903,0.9370560050010681,0.9750000238418579,0.6557660102844238,0.9117505047470331,0.9500000234693289,0.6307660099118948,1.4600187624679237
Quadruped,step2_results\resampled\Quadruped\m273_refined_simplified.obj,.obj,5101,10174,10174,triangles,0.02500000037252903,0.02500000037252903,0.02500000037252903,0.210439994931221,0.38204801082611084,0.9750000238418579,0.18543999455869198,0.3570480104535818,0.9500000234693289,1.0316837296102492
Quadruped,step2_results\resampled\Quadruped\m274_simplified.obj,.obj,9000,17974,17974,triangles,0.025676999241113663,0.02514900080859661,0.025127999484539032,0.9750000238418579,0.3498769998550415,0.9126240015029907,0.9493230246007442,0.3247279990464449,0.8874960020184517,1.3395191794075025
Quadruped,step2_results\resampled\Quadruped\m275_simplified.obj,.obj,9000,17994,17994,triangles,0.025055999867618084,0.02500000037252903,0.02500000037252903,0.2194489985704422,0.9750000238418579,0.4927759915590286,0.19439299870282412,0.9500000234693289,0.4677759911864996,1.076616487179587
Quadruped,step2_results\resampled\Quadruped\m276_refined_simplified.obj,.obj,5100,10127,10127,triangles,0.02500000037252903,0.02500000037252903,0.02500000037252903,0.14239400625228882,0.37386998534202576,0.9750000238418579,0.11739400587975979,0.3488699849694967,0.9500000234693289,1.018818758965911
Quadruped,step2_results\resampled\Quadruped\m277_refined_simplified.obj,.obj,5100,10146,10146,triangles,0.02500000037252903,0.02500000037252903,0.02500000037252903,0.9750000238418579,0.2760230004787445,0.7556719779968262,0.9500000234693289,0.2510230001062155,0.7306719776242971,1.2244975010425507
Quadruped,step2_results\resampled\Quadruped\m278_refined.obj,.obj,5252,10336,10336,triangles,0.02500000037252903,0.02500000037252903,0.02500000037252903,0.9750000238418579,0.20178699493408203,0.9609869718551636,0.9500000234693289,0.176786994561553,0.9359869714826345,1.345297475216194
Quadruped,step2_results\resampled\Quadruped\m279_refined_simplified.obj,.obj,5100,10174,10174,triangles,0.02500000037252903,0.02500000037252903,0.02500000037252903,0.9750000238418579,0.2510699927806854,0.9487519860267639,0.9500000234693289,0.2260699924081564,0.9237519856542349,1.3442192592948856
Quadruped,step2_results\resampled\Quadruped\m280_refined_simplified.obj,.obj,5122,9875,9875,triangles,0.02500000037252903,0.02500000037252903,0.02500000037252903,0.7612760066986084,0.9750000238418579,0.2099580019712448,0.7362760063260794,0.9500000234693289,0.18495800159871578,1.2160640873073247
Quadruped,step2_results\resampled\Quadruped\m281_simplified.obj,.obj,8996,17942,17942,triangles,0.02500000037252903,0.02500000037252903,0.02500000037252903,0.9750000238418579,0.7778300046920776,0.2468159943819046,0.9500000234693289,0.7528300043195486,0.22181599400937557,1.2322562214060289
Quadruped,step2_results\resampled\Quadruped\m282_refined_simplified.obj,.obj,5107,9990,9990,triangles,0.02500000037252903,0.02500000037252903,0.02500000037252903,0.9750000238418579,0.44330599904060364,0.929980993270874,0.9500000234693289,0.4183059986680746,0.904980992898345,1.3771240142487877
Quadruped,step2_results\resampled\Quadruped\m86_refined_simplified.obj,.obj,5154,9509,9509,triangles,0.02500000037252903,0.02500000037252903,0.02500000037252903,0.1880899965763092,0.6272690296173096,0.9750000238418579,0.16308999620378017,0.6022690292447805,0.9500000234693289,1.136585401560712
Quadruped,step2_results\resampled\Quadruped\m87_refined_simplified.obj,.obj,5103,10045,10045,triangles,0.02500000037252903,0.02500000037252903,0.02500000037252903,0.3059140145778656,0.8115590214729309,0.9750000238418579,0.28091401420533657,0.7865590211004019,0.9500000234693289,1.2649457781435154
Quadruped,step2_results\resampled\Quadruped\m88_refined_simplified.obj,.obj,5101,10186,10186,triangles,0.02500000037252903,0.02500000037252903,0.02500000037252903,0.24439699947834015,0.6179990172386169,0.9750000238418579,0.21939699910581112,0.5929990168660879,0.9500000234693289,1.1411761134077893
Quadruped,step2_results\resampled\Quadruped\m89_simplified.obj,.obj,9000,17965,17965,triangles,0.02500000037252903,0.02500000037252903,0.02500000037252903,0.3660759925842285,0.8323839902877808,0.9750000238418579,0.3410759922116995,0.8073839899152517,0.9500000234693289,1.2925562982811976
Quadruped,step2_results\resampled\Quadruped\m90_refined_simplified.obj,.obj,5101,10127,10127,triangles,0.02500000037252903,0.02500000037252903,0.02500000037252903,0.48543301224708557,0.5734999775886536,0.9750000238418579,0.46043301187455654,0.5484999772161245,0.9500000234693289,1.1896851802143666
Quadruped,step2_results\resampled\Quadruped\m91_refined_simplified.obj,.obj,5110,10103,10103,triangles,0.02500000037252903,0.02500000037252903,0.02500000037252903,0.3383359909057617,0.8610699772834778,0.9750000238418579,0.3133359905332327,0.8360699769109488,0.9500000234693289,1.3037225524807958
Quadruped,step2_results\resampled\Quadruped\m92_refined_simplified.obj,.obj,5104,10105,10105,triangles,0.02500000037252903,0.02500000037252903,0.02500000037252903,0.33551400899887085,0.8902559876441956,0.9750000238418579,0.3105140086263418,0.8652559872716665,0.9500000234693289,1.3219632815076188
Quadruped,step2_results\resampled\Quadruped\m93_refined_simplified.obj,.obj,5108,10124,10124,triangles,0.02500000037252903,0.02500000037252903,0.02500000037252903,0.9750000238418579,0.657725989818573,0.29666000604629517,0.9500000234693289,0.632725989446044,0.27166000567376614,1.1733036184188947
Quadruped,step2_results\resampled\Quadruped\m94_refined_simplified.obj,.obj,5110,9826,9826,triangles,-39746300.00000001,-172210000.0,-454395008.00000006,55866200.00000002,21099000.000000037,8049400.0,95612500.00000003,193309000.00000003,462444408.00000006,510259688.9111666
Quadruped,step2_results\resampled\Quadruped\m95_refined_simplified.obj,.obj,5100,10196,10196,triangles,0.02500000037252903,0.02500000037252903,0.02500000037252903,0.25472599267959595,0.41323599219322205,0.9750000238418579,0.22972599230706692,0.388235991820693,0.9500000234693289,1.051665945763287
Quadruped,step2_results\resampled\Quadruped\m96_kept.obj,.obj,5169,10034,10034,triangles,0.02500000037252903,0.02500000037252903,0.02500000037252903,0.2722879946231842,0.5374540090560913,0.9750000238418579,0.24728799425065517,0.5124540086835623,0.9500000234693289,1.1073664739859566
Quadruped,step2_results\resampled\Quadruped\m97_refined_simplified.obj,.obj,5106,10024,10024,triangles,0.02500000037252903,0.02500000037252903,0.02500000037252903,0.28037700057029724,0.5435069799423218,0.9750000238418579,0.2553770001977682,0.5185069795697927,0.9500000234693289,1.112010316806605
Quadruped,step2_results\resampled\Quadruped\m98_refined_simplified.obj,.obj,5099,9983,9983,triangles,0.02500000037252903,0.02500000037252903,0.02500000037252903,0.2796280086040497,0.5195590257644653,0.9750000238418579,0.25462800823152065,0.4945590253919363,0.9500000234693289,1.1008742420296238
Quadruped,step2_results\resampled\Quadruped\m99_refined_simplified.obj,.obj,5101,10184,10184,triangles,0.02500000037252903,0.02500000037252903,0.02500000037252903,0.337893009185791,0.5118449926376343,0.9750000238418579,0.312893008813262,0.48684499226510525,0.9500000234693289,1.1123938718140944
RectangleTable,step2_results\resampled\RectangleTable\D00134_refined_simplified.obj,.obj,5105,10072,10072,triangles,-0.7062060236930847,-0.36907899379730225,-0.10044600069522858,0.7281550168991089,0.4853540062904358,0.6181110143661499,1.4343610405921936,0.854433000087738,0.7185570150613785,1.8176279955759844
RectangleTable,step2_results\resampled\RectangleTable\D00187_refined_simplified.obj,.obj,5134,8907,8907,triangles,-0.5639119744300842,-0.24951499700546265,-0.2734900116920471,0.6860899925231934,0.8316469788551331,0.28037700057029724,1.2500019669532776,1.0811619758605957,0.5538670122623444,1.743038956164281
RectangleTable,step2_results\resampled\RectangleTable\D00188_refined_simplified.obj,.obj,5104,10168,10168,triangles,-0.7438589954937344,-0.6118649840354919,-0.27440899595853796,1.15863001030549,0.4778609871864319,0.4969489872455597,1.9024890057992243,1.0897259712219238,0.7713579832040977,2.324211747624381
RectangleTable,step2_results\resampled\RectangleTable\D00230_refined_simplified.obj,.obj,5160,9184,9184,triangles,-0.7468420267105103,-0.6089280247688293,-0.22704699635505676,0.6017979979515076,0.6687989830970764,0.7652919888496399,1.3486400246620178,1.2777270078659058,0.9923389852046967,2.106217672584535
RectangleTable,step2_results\resampled\RectangleTable\D00243_refined_simplified.obj,.obj,5100,10111,10111,triangles,-0.7812420129776001,-0.24133600294589996,-0.2689409852027893,0.793694019317627,0.701574981212616,0.47488901019096375,1.574936032295227,0.9429109841585159,0.743829995393753,1.9806028607260173
RectangleTable,step2_results\resampled\RectangleTable\D00295_refined_simplified.obj,.obj,5102,10184,10184,triangles,-0.8572409749031067,-0.5381960272815798,-0.8960210084915161,0.6251130104064941,0.7026529908180237,0.13443200290203094,1.4823539853096008,1.2408490180996035,1.030453011393547,2.1906421506425997
RectangleTable,step2_results\resampled\RectangleTable\D00302_refined_simplified.obj,.obj,5122,9790,9790,triangles,-0.8237709999084473,-0.4171130061149597,-0.4770129919052124,0.6541560292243958,0.5337160229682922,0.43961000442504883,1.477927029132843,0.950829029083252,0.9166229963302612,1.9820549597300012
RectangleTable,step2_results\resampled\RectangleTable\D00317_refined_simplified.obj,.obj,5112,8433,8433,triangles,-1.147979974746704,-0.9230509996414199,-0.032533999532461166,0.6490389704704285,0.8759790062904357,0.5092120170593263,1.7970189452171326,1.7990300059318556,0.5417460165917874,2.599860534375938
RectangleTable,step2_results\resampled\RectangleTable\D00418_refined_simplified.obj,.obj,5106,6525,6525,triangles,-1.0625799894332886,-0.8748649954795837,-0.0808359980583191,0.7245910167694092,0.9122089743614197,0.5946710109710693,1.7871710062026978,1.7870739698410034,0.6755070090293884,2.6160893139078176
RectangleTable,step2_results\resampled\RectangleTable\D00421_refined.obj,.obj,5324,10624,10624,triangles,-1.0768100023269653,-0.34642601013183594,-0.39041000604629517,0.7901260256767273,0.4346829950809479,0.1558379977941513,1.8669360280036926,0.7811090052127838,0.5462480038404465,2.0961794513787178
RectangleTable,step2_results\resampled\RectangleTable\D00505_refined_simplified.obj,.obj,5103,10162,10162,triangles,-0.9168789982795715,-0.4665969908237457,-0.14868800342082977,0.8333460092544556,0.5910509824752808,0.36754098534584045,1.750225007534027,1.0576479732990265,0.5162289887666702,2.1091228464136655
RectangleTable,step2_results\resampled\RectangleTable\D00523_simplified.obj,.obj,8998,18081,18081,triangles,-0.9773790240287781,-1.0485000610351562,-0.1978364959359169,0.9795200228691101,0.8977739810943604,0.2578490078449249,1.9568990468978882,1.9462740421295166,0.4556855037808418,2.7973354831290846
RectangleTable,step2_results\resampled\RectangleTable\D00530_refined_simplified.obj,.obj,5102,10154,10154,triangles,-0.6188579797744751,-0.6260309815406799,-0.6913170218467712,0.4631569981575012,0.4917370080947876,0.49360201155417094,1.0820149779319763,1.1177679896354675,1.1849190334009423,1.9555548590716327
RectangleTable,step2_results\resampled\RectangleTable\D00571_refined_simplified.obj,.obj,5106,10129,10129,triangles,-0.5433440208435059,-0.6744400262832642,-0.7649340033531189,0.6894419789314266,0.6102079749107362,0.3173039853572847,1.2327859997749324,1.2846480011940002,1.0822379887104037,2.0835836610083023
RectangleTable,step2_results\resampled\RectangleTable\D00603_simplified.obj,.obj,6523,12480,12480,triangles,-0.882731020450592,-0.58194500207901,-0.6391729712486267,0.7578399777412415,0.3827950060367584,0.304298996925354,1.6405709981918335,0.9647400081157684,0.9434719681739807,2.124225938570906
RectangleTable,step2_results\resampled\RectangleTable\D00678_refined_simplified.obj,.obj,5101,10075,10075,triangles,-0.5962970256805419,-0.5852919816970825,-0.8011749982833862,0.7738980054855347,0.4967060089111328,0.37047699093818753,1.3701950311660767,1.0819979906082153,1.1716519892215738,2.1025989772087526
RectangleTable,step2_results\resampled\RectangleTable\D00714_refined_simplified.obj,.obj,5103,10142,10142,triangles,-0.8603010177612305,-0.6357889771461487,-0.5683339834213257,0.9450740218162537,0.37329399585723877,0.4790610074996948,1.8053750395774841,1.0090829730033875,1.0473949909210205,2.3183321045400724
RectangleTable,step2_results\resampled\RectangleTable\D00766_refined_simplified.obj,.obj,5108,8360,8360,triangles,-0.9383460283279419,-0.8438079953193665,-0.04863699898123741,0.7519940137863159,0.8468970060348511,0.6371170282363892,1.6903400421142578,1.6907050013542175,0.6857540272176266,2.4871653434028445
RectangleTable,step2_results\resampled\RectangleTable\D00944_refined_simplified.obj,.obj,5104,10172,10172,triangles,-0.8778120279312134,-0.6627280116081238,-0.5064020156860352,0.6303139925003052,0.7171350121498108,0.8396589756011963,1.5081260204315186,1.3798630237579346,1.3460609912872314,2.447518386060085
RectangleTable,step2_results\resampled\RectangleTable\D00954_refined_simplified.obj,.obj,5128,9703,9703,triangles,-0.7086039781570435,-0.7365540266036987,-0.7133070230484009,0.5855460166931152,0.4467869997024536,0.7643190026283264,1.2941499948501587,1.1833410263061523,1.4776260256767273,2.293141702003425
RectangleTable,step2_results\resampled\RectangleTable\m763_refined_simplified.obj,.obj,5096,9738,9738,triangles,0.02500000037252903,0.02500000037252903,0.025000000372529026,0.975000023841858,0.954509973526001,0.6583340167999268,0.950000023469329,0.929509973153472,0.6333340164273977,1.4722774232961506
RectangleTable,step2_results\resampled\RectangleTable\m764_refined_simplified.obj,.obj,5102,9998,9998,triangles,0.02500000037252903,0.02500000037252903,0.025000000372529023,0.7103689908981327,0.648972988128664,0.9750000238418511,0.6853689905256036,0.623972987756135,0.9500000234693221,1.3272426256020846
RectangleTable,step2_results\resampled\RectangleTable\m765_refined_simplified.obj,.obj,5106,9829,9829,triangles,0.02500000037252903,0.02500000037252903,0.02500000037252903,0.9750000238418579,0.5707420110702515,0.8642730116844177,0.9500000234693289,0.5457420106977224,0.8392730113118887,1.380113609217967
RectangleTable,step2_results\resampled\RectangleTable\m870_refined_simplified.obj,.obj,5100,10196,10196,triangles,0.02500000037252903,0.02500000037252903,0.02500000037252903,0.5708069801330566,0.4406589865684509,0.9750000238418579,0.5458069797605276,0.4156589861959219,0.9500000234693289,1.1718266495316003
RectangleTable,step2_results\resampled\RectangleTable\m871_refined_simplified.obj,.obj,5103,10046,10046,triangles,0.02500000037252903,0.02500000037252903,0.05693857809819747,0.8956220149993896,0.9750000238418579,0.8621267348062247,0.8706220146268606,0.9500000234693289,0.8051881567080272,1.5194771155392666
RectangleTable,step2_results\resampled\RectangleTable\m872_refined_simplified.obj,.obj,5113,10098,10098,triangles,0.02500000037252903,0.02500000037252903,0.02500000037252903,0.9750000238418579,0.36996200680732727,0.4472459852695465,0.9500000234693289,0.34496200643479824,0.4222459848970175,1.0953494886276707
RectangleTable,step2_results\resampled\RectangleTable\m873_refined_simplified.obj,.obj,5087,9876,9876,triangles,0.025000000372529026,0.02500000037252903,0.02500000037252903,0.6781250238418579,0.5801560282707214,0.9750000238418579,0.6531250234693289,0.5551560278981924,0.9500000234693289,1.2795587349493713
RectangleTable,step2_results\resampled\RectangleTable\m874_refined_simplified.obj,.obj,5111,9708,9708,triangles,0.025000000372528943,0.02500000037252903,0.025000000372529016,0.9750000238418584,0.3558039963245392,0.43214300274849005,0.9500000234693294,0.33080399595201015,0.407143002375961,1.0852173757884898
RectangleTable,step2_results\resampled\RectangleTable\m875_refined_simplified.obj,.obj,5099,9201,9201,triangles,0.02500000037252903,0.02500000037252903,0.02500000037252902,0.975000023841858,0.26380398869514465,0.3844830095767975,0.950000023469329,0.23880398832261562,0.35948300920426846,1.0434344365301875
RectangleTable,step2_results\resampled\RectangleTable\m876_refined_simplified.obj,.obj,5106,9721,9721,triangles,0.02500000037252903,0.02500000037252903,0.02500000037252903,0.9750000238418579,0.6642860174179077,0.9749959707260132,0.9500000234693289,0.6392860170453787,0.9499959703534842,1.487843741751575
RectangleTable,step2_results\resampled\RectangleTable\m877_refined_simplified.obj,.obj,5102,10176,10176,triangles,0.02500000037252903,0.02500000037252903,0.02500000037252903,0.9750000238418586,0.35135200619697576,0.9750000238418591,0.9500000234693295,0.32635200582444673,0.9500000234693301,1.3825721394882418
RectangleTable,step2_results\resampled\RectangleTable\m878_refined_simplified.obj,.obj,5105,9778,9778,triangles,0.02500000037252903,0.02500000037252903,0.02500000037252903,0.8851220011711121,0.9750000238418579,0.8851230144500732,0.860122000798583,0.9500000234693289,0.8601230140775442,1.5434122910600792
RectangleTable,step2_results\resampled\RectangleTable\m879_refined_simplified.obj,.obj,5102,10113,10113,triangles,0.02500000037252903,0.02500000037252903,0.02500000037252903,0.9750000238418579,0.3812499940395355,0.5000020265579224,0.9500000234693289,0.3562499936670065,0.47500202618539333,1.1202861364221628
RectangleTable,step2_results\resampled\RectangleTable\m881_refined_simplified.obj,.obj,5107,10060,10060,triangles,0.02500000037252903,0.02500000037252903,0.02500000037252903,0.9750000238418579,0.6583330035209656,0.3416669964790344,0.9500000234693289,0.6333330031484365,0.3166669961065054,1.18485810285108
RectangleTable,step2_results\resampled\RectangleTable\m882_refined_simplified.obj,.obj,5116,9904,9904,triangles,0.02500000037252903,0.02500000037252903,0.02500000037252903,0.9750000238418579,0.8097829818725586,0.5314450263977051,0.9500000234693289,0.7847829815000296,0.506445026025176,1.332242822097174
RectangleTable,step2_results\resampled\RectangleTable\m883_refined.obj,.obj,5514,11008,11008,triangles,0.02500000037252903,0.02500000037252903,0.02500000037252903,0.9750000238418579,0.9750000238418579,0.9750000238418579,0.9500000234693289,0.9500000234693289,0.9500000234693289,1.6454483078405036
RectangleTable,step2_results\resampled\RectangleTable\m886_refined_simplified.obj,.obj,5106,9833,9833,triangles,0.02500000037252903,0.02500000037252903,0.02500000037252903,0.9750000238418579,0.46186500787734985,0.7114959955215454,0.9500000234693289,0.4368650075048208,0.6864959951490164,1.2508508427184877
RectangleTable,step2_results\resampled\RectangleTable\m887_refined_simplified.obj,.obj,5105,10146,10146,triangles,0.02500000037252903,0.02500000037252903,0.025000000372529002,0.975000023841858,0.6880210041999817,0.3416669964790344,0.950000023469329,0.6630210038274527,0.3166669961065054,1.20098912673313
RectangleTable,step2_results\resampled\RectangleTable\m888_refined_simplified.obj,.obj,5100,10188,10188,triangles,0.025000000372528964,0.02500000037252903,0.02500000037252886,0.9750000238418579,0.559374988079071,0.5,0.950000023469329,0.534374987706542,0.47499999962747114,1.1889834615015424
RectangleTable,step2_results\resampled\RectangleTable\m889_refined_simplified.obj,.obj,5100,10196,10196,triangles,0.02500000037252903,0.02500000037252903,0.02500000037252903,0.5993059873580933,0.5650500059127808,0.9750000238418579,0.5743059869855642,0.5400500055402517,0.9500000234693289,1.234496423552217
RectangleTable,step2_results\resampled\RectangleTable\m890_refined_simplified.obj,.obj,5098,10150,10150,triangles,0.02500000037252903,0.02500000037252903,0.02500000037252903,0.9750000238418579,0.5684159994125366,0.6507959961891174,0.9500000234693289,0.5434159990400076,0.6257959958165884,1.2607226582339395
RectangleTable,step2_results\resampled\RectangleTable\m891_refined_simplified.obj,.obj,5102,10184,10184,triangles,0.02500000037252903,0.02500000037252903,0.02500000037252903,0.9750000238418579,0.3539949953556061,0.5753359794616699,0.9500000234693289,0.32899499498307705,0.5503359790891409,1.1461271487909375
RectangleTable,step2_results\resampled\RectangleTable\m892_refined_simplified.obj,.obj,5093,9267,9267,triangles,0.02500000037252902,0.02500000037252903,0.025000000372529023,0.9750000238418579,0.31524801254272466,0.5527999997138977,0.9500000234693289,0.29024801217019564,0.5277999993413687,1.1248630105329378
RectangleTable,step2_results\resampled\RectangleTable\m893_refined_simplified.obj,.obj,5102,9938,9938,triangles,0.02500000037252903,0.02500000037252903,0.02500000037252903,0.9750000238418579,0.9156100153923035,0.5712860226631165,0.9500000234693289,0.8906100150197744,0.5462860222905874,1.4121312480061194
RectangleTable,step2_results\resampled\RectangleTable\m894_refined_simplified.obj,.obj,5079,9802,9802,triangles,0.02500000037252903,0.02500000037252903,0.025000000372529023,0.9750000238418579,0.4271480143070221,0.9750000238418579,0.9500000234693289,0.40214801393449306,0.9500000234693289,1.4023990567220546
RectangleTable,step2_results\resampled\RectangleTable\m895_refined_simplified.obj,.obj,5118,9791,9791,triangles,0.02500000037252903,0.02500000037252903,0.02500000037252903,0.975000023841858,0.3266110122203827,0.6187520027160645,0.950000023469329,0.30161101184785366,0.5937520023435354,1.1601770069030715
RectangleTable,step2_results\resampled\RectangleTable\m896_refined.obj,.obj,5520,10240,10240,triangles,0.02500000037252903,0.02500000037252903,0.02500000037252903,0.8562449812889099,0.9750000238418579,0.8562449812889099,0.8312449809163809,0.9500000234693289,0.8312449809163809,1.5114352388339616
RectangleTable,step2_results\resampled\RectangleTable\m897_refined_simplified.obj,.obj,5078,9770,9770,triangles,0.02500000037252903,0.02500000037252903,0.02500000037252903,0.9750000238418579,0.6172659993171692,0.2625020146369934,0.9500000234693289,0.5922659989446402,0.23750201426446438,1.144415250194306
RectangleTable,step2_results\resampled\RectangleTable\m898_refined_simplified.obj,.obj,5159,9395,9395,triangles,0.02500000037252903,0.02500000037252903,0.02500000037252903,0.9750000238418579,0.3809269964694978,0.5000020265579224,0.9500000234693289,0.35592699609696876,0.47500202618539333,1.1201834653406406
RectangleTable,step2_results\resampled\RectangleTable\m901_refined_simplified.obj,.obj,5102,10184,10184,triangles,0.02500000037252903,0.02500000037252903,0.025000000372528988,0.9750000238418579,0.7446460127830505,0.7552629709243782,0.9500000234693289,0.7196460124105215,0.7302629705518492,1.3977390435733348
RectangleTable,step2_results\resampled\RectangleTable\m902_refined_simplified.obj,.obj,5102,10180,10180,triangles,0.02500000037252903,0.02500000037252903,0.02500000037252903,0.9750000238418579,0.5961809754371643,0.4368489980697643,0.9500000234693289,0.5711809750646353,0.41184899769723526,1.1825258338707574
RectangleTable,step2_results\resampled\RectangleTable\m904_refined_simplified.obj,.obj,5108,9906,9906,triangles,0.02500000037252903,0.02500000037252903,0.02500000037252903,0.40595099329948425,0.9750000238418579,0.40595099329948425,0.3809509929269552,0.9500000234693289,0.3809509929269552,1.0921297370806233
RectangleTable,step2_results\resampled\RectangleTable\m905_refined_simplified.obj,.obj,5148,9727,9727,triangles,0.025000000372529023,0.02500000037252903,0.025000000372529023,0.9750000238418579,0.8410500288009687,0.9750000238418579,0.9500000234693289,0.8160500284284397,0.9500000234693289,1.5719216704662826
RectangleTable,step2_results\resampled\RectangleTable\m906_refined_simplified.obj,.obj,5102,10160,10160,triangles,0.02500000037252903,0.02500000037252903,0.02500000037252903,0.7325119972229004,0.35051101446151733,0.9750000239898204,0.7075119968503714,0.3255110140889883,0.9500000236172914,1.2284261031308703
RectangleTable,step2_results\resampled\RectangleTable\m907_refined_simplified.obj,.obj,5094,9629,9629,triangles,0.02500000037252903,0.025000000372529002,0.02500000037252903,0.4609139859676361,0.9750000238418579,0.4611159861087802,0.4359139855951071,0.9500000234693289,0.43611598573625115,1.1325714990427045
RectangleTable,step2_results\resampled\RectangleTable\m908_refined_simplified.obj,.obj,5159,9395,9395,triangles,0.02500000037252903,0.02500000037252903,0.02500000037252903,0.9750000238418579,0.3809269964694978,0.5000020265579224,0.9500000234693289,0.35592699609696876,0.47500202618539333,1.1201834653406406
RectangleTable,step2_results\resampled\RectangleTable\m910_refined_simplified.obj,.obj,5148,7602,7602,triangles,0.025000000372529026,0.02500000037252903,0.02500000037252903,0.9750000238418579,0.5461040139198303,0.7612169981002808,0.9500000234693289,0.5211040135473013,0.7362169977277517,1.3099866049964388
RectangleTable,step2_results\resampled\RectangleTable\m912_refined_simplified.obj,.obj,5100,10188,10188,triangles,0.02500000037252903,0.02500000037252903,0.02500000037252903,0.9750000238418579,0.5,0.5,0.9500000234693289,0.47499999962747097,0.47499999962747097,1.1635076466804677
RectangleTable,step2_results\resampled\RectangleTable\m913_refined_simplified.obj,.obj,5101,10182,10182,triangles,0.02500000037252903,0.02500000037252903,0.02500000037252903,0.6842420101165771,0.9029150009155273,0.9750000238418579,0.6592420097440481,0.8779150005429983,0.9500000234693289,1.4518384277120886
RectangleTable,step2_results\resampled\RectangleTable\m914_refined_simplified.obj,.obj,5110,9993,9993,triangles,0.02500000037252903,0.02500000037252903,0.02500000037252903,0.9750000238418579,0.28820300102233887,0.3799870014190674,0.9500000234693289,0.26320300064980984,0.35498700104653835,1.0477555225599167
RectangleTable,step2_results\resampled\RectangleTable\m915_refined_simplified.obj,.obj,5101,10182,10182,triangles,0.025000000372529002,0.02500000037252903,0.02500000037252895,0.9750000238418579,0.6365630030632031,0.5,0.9500000234693289,0.6115630026906741,0.474999999627471,1.2256159065946624
RectangleTable,step2_results\resampled\RectangleTable\m917_refined.obj,.obj,5514,11008,11008,triangles,0.02500000037252903,0.02500000037252903,0.02500000037252903,0.9750000238418579,0.4050000011920929,0.6583330035209656,0.9500000234693289,0.38000000081956387,0.6333330031484365,1.2033331783390715
RectangleTable,step2_results\resampled\RectangleTable\m919_refined_simplified.obj,.obj,5092,10150,10150,triangles,0.02500000037252903,0.02500000037252903,0.024999994360130617,0.8559960126876831,0.9750000238418579,0.9037200212478638,0.8309960123151541,0.9500000234693289,0.8787200268877331,1.5379217479211975
RectangleTable,step2_results\resampled\RectangleTable\m920_refined_simplified.obj,.obj,5110,9559,9559,triangles,0.02500000037252903,0.02500000037252903,0.02500000037252903,0.9750000238418579,0.9750000238418579,0.6768059730529785,0.9500000234693289,0.9500000234693289,0.6518059726804495,1.4932686011583307
Rocket,step2_results\resampled\Rocket\D00015_refined_simplified.obj,.obj,5101,10182,10182,triangles,-0.37626099586486816,-0.19414499402046204,-0.2076369971036911,1.1706700325012207,0.23252099752426147,0.21903499960899353,1.5469310283660889,0.4266659915447235,0.42667199671268463,1.660448273100188
Rocket,step2_results\resampled\Rocket\D00343_refined_simplified.obj,.obj,5142,10163,10163,triangles,-0.6388019919395447,-0.19231100380420685,-0.19809000194072723,0.9383959770202637,0.19690600037574768,0.19072699546813965,1.5771979689598083,0.38921700417995453,0.3888169974088669,1.6703957516432475
Rocket,step2_results\resampled\Rocket\D00346_refined_simplified.obj,.obj,5107,10102,10102,triangles,-1.0173499584197998,-0.1781339943408966,-0.17675399780273438,0.4250720143318176,0.16742900013923645,0.1672080010175705,1.4424219727516174,0.34556299448013306,0.34396199882030487,1.522598038637645
Rocket,step2_results\resampled\Rocket\D00354_refined_simplified.obj,.obj,5103,10034,10034,triangles,-0.9560149908065796,-0.310124009847641,-0.3051379919052124,0.9336469769477844,0.4024220108985901,0.3105739951133728,1.889661967754364,0.7125460207462311,0.6157119870185852,2.1113136751835238
Rocket,step2_results\resampled\Rocket\D00426_refined_simplified.obj,.obj,5104,10072,10072,triangles,-1.0222400426864624,-0.19621600210666656,-0.11351100355386734,0.7736070156097412,0.13697999715805054,0.10123000293970108,1.7958470582962036,0.3331959992647171,0.21474100649356842,1.839075836007589
Rocket,step2_results\resampled\Rocket\D00428_refined_simplified.obj,.obj,5100,10188,10188,triangles,-1.0546900033950806,-0.11514300107955933,-0.15094299614429474,0.894491970539093,0.2177180051803589,0.179190993309021,1.9491819739341736,0.3328610062599182,0.33013398945331573,2.0047681332240517
Rocket,step2_results\resampled\Rocket\D00433_refined_simplified.obj,.obj,5101,10166,10166,triangles,-0.8187069892883301,-0.2336059957742691,-0.2537589967250824,0.7936819791793823,0.26736098527908325,0.24972699582576752,1.6123889684677124,0.5009669810533524,0.5034859925508499,1.7618922346264534
Rocket,step2_results\resampled\Rocket\D00437_refined_simplified.obj,.obj,5144,9809,9809,triangles,-1.0895999670028687,-0.18998000025749207,-0.20773500204086304,0.8294510245323181,0.1479939967393875,0.08267299830913544,1.9190509915351868,0.3379739969968796,0.2904080003499985,1.9701065802198403
Rocket,step2_results\resampled\Rocket\D00472_refined_simplified.obj,.obj,5114,10024,10024,triangles,-0.9406309723854065,-0.2146420031785965,-0.17599600553512573,0.9100199937820435,0.15640699863433838,0.17153899371623993,1.85065096616745,0.3710490018129349,0.34753499925136566,1.919209977055022
Rocket,step2_results\resampled\Rocket\D00485_refined_simplified.obj,.obj,5104,10142,10142,triangles,-0.8134400248527527,-0.22146299481391907,-0.22958000004291534,0.9401779770851135,0.24250400066375732,0.23443500697612762,1.7536180019378662,0.4639669954776764,0.46401500701904297,1.8723651877644005
Rocket,step2_results\resampled\Rocket\D00528_refined_simplified.obj,.obj,5100,10184,10184,triangles,-1.0481799840927124,-0.23942899703979492,-0.2385610044002533,0.8203020095825195,0.24358299374580383,0.23620200157165527,1.868481993675232,0.48301199078559875,0.47476300597190857,1.9874419377105634
Rocket,step2_results\resampled\Rocket\D00564_simplified.obj,.obj,9058,16760,16760,triangles,-1.1968400478363037,-0.13806049525737762,-0.18841449916362762,0.5940970182418823,0.2451380044221878,0.1768839955329895,1.790937066078186,0.38319849967956543,0.3652984946966171,1.8675491037820198
Rocket,step2_results\resampled\Rocket\D00585_refined_simplified.obj,.obj,5101,10178,10178,triangles,-1.0160900354385376,-0.31008800864219666,-0.38735800981521606,0.7862229943275452,0.472135990858078,0.3964740037918091,1.8023130297660828,0.7822239995002747,0.7838320136070251,2.1153248611534936
Rocket,step2_results\resampled\Rocket\D00614_refined_simplified.obj,.obj,5131,9646,9646,triangles,-0.9310420155525208,-0.08997099846601486,-0.15713900327682495,0.849058985710144,0.21905900537967682,0.14733099937438965,1.7801010012626648,0.3090300038456917,0.3044700026512146,1.8322011626695471
Rocket,step2_results\resampled\Rocket\D00697_refined_simplified.obj,.obj,5100,10196,10196,triangles,-0.6712480187416077,-0.28216099739074707,-0.26760798692703247,0.9410279989242554,0.22349399328231812,0.23547600209712982,1.612276017665863,0.5056549906730652,0.5030839890241623,1.7630128833180814
Rocket,step2_results\resampled\Rocket\D00719_kept.obj,.obj,6491,12970,12970,triangles,-0.6992869973182678,-0.17796200513839722,-0.16217200458049774,0.9907569885253906,0.15734000504016876,0.15573599934577942,1.6900439858436584,0.335302010178566,0.31790800392627716,1.7520678100680054
Rocket,step2_results\resampled\Rocket\D00764_refined_simplified.obj,.obj,5101,10166,10166,triangles,-0.5479530096054077,-0.11415799707174301,-0.1412609964609146,0.9942499995231628,0.16771399974822998,0.14037400484085083,1.5422030091285706,0.281871996819973,0.28163500130176544,1.5928465770169902
Rocket,step2_results\resampled\Rocket\D00851_refined_simplified.obj,.obj,5100,10188,10188,triangles,-1.0605299472808838,-0.11148100346326828,-0.17360100150108337,0.8888260126113892,0.22199299931526184,0.15794700384140015,1.949355959892273,0.3334740027785301,0.3315480053424835,2.0052724624706837
Rocket,step2_results\resampled\Rocket\D00942_refined_simplified.obj,.obj,5100,10196,10196,triangles,-0.5904790163040161,-0.19228500127792358,-0.18634599447250366,0.9069349765777588,0.15667200088500977,0.16068300604820251,1.497413992881775,0.34895700216293335,0.3470290005207062,1.576213431816606
Rocket,step2_results\resampled\Rocket\D00975_simplified.obj,.obj,6519,12772,12772,triangles,-0.9615949988365173,-0.1394519954919815,-0.19642099738121033,0.9693360030651093,0.28387999534606934,0.26492100954055786,1.9309310019016266,0.42333199083805084,0.4613420069217682,2.029911563571756
RoundTable,step2_results\resampled\RoundTable\D00083_refined_simplified.obj,.obj,5100,10154,10154,triangles,-0.5825309753417969,-0.7769359946250916,-0.7805010080337524,0.9616069793701172,0.833361029624939,0.8356379866600037,1.544137954711914,1.6102970242500305,1.616138994693756,2.7548727338409194
RoundTable,step2_results\resampled\RoundTable\D00094_simplified.obj,.obj,9000,17906,17906,triangles,-0.7352839708328247,-0.5488830208778381,-0.6563720107078552,0.41731101274490356,0.8458240032196045,0.6290850043296814,1.1525949835777283,1.3947070240974426,1.2854570150375366,2.219478005465362
RoundTable,step2_results\resampled\RoundTable\D00107_refined_simplified.obj,.obj,5098,8861,8861,triangles,-0.27663901448249817,-0.5709699988365173,-0.6310160160064697,0.8619970083236694,0.727171003818512,0.6880499720573425,1.1386360228061676,1.2981410026550293,1.3190659880638123,2.1729236378834886
RoundTable,step2_results\resampled\RoundTable\D00194_refined_simplified.obj,.obj,5141,9529,9529,triangles,-0.6745820045471191,-0.7644000053405762,-0.7472630143165588,0.9953640103340149,0.5971729755401611,0.8717920184135437,1.669946014881134,1.3615729808807373,1.6190550327301025,2.6951697300709117
RoundTable,step2_results\resampled\RoundTable\D00344_refined_simplified.obj,.obj,5101,10166,10166,triangles,-1.0025999546051025,-0.8515530228614807,-0.19463500380516052,0.7090740203857422,0.8654239773750305,0.7664179801940918,1.7116739749908447,1.7169770002365112,0.9610529839992523,2.6079610146733394
RoundTable,step2_results\resampled\RoundTable\D00401_refined_simplified.obj,.obj,5143,9407,9407,triangles,-1.0999200344085693,-1.021340012550354,-0.9940369725227356,0.7374420166015625,0.83685702085495,0.44099798798561096,1.8373620510101318,1.858197033405304,1.4350349605083466,2.981295164744615
RoundTable,step2_results\resampled\RoundTable\D00407_refined_simplified.obj,.obj,5126,9325,9325,triangles,-0.8156189918518066,-0.9580690264701843,-0.579912006855011,1.171159982681271,1.0285099744796753,0.13784000277519226,1.9867789745330777,1.9865790009498596,0.7177520096302032,2.899819781984709
RoundTable,step2_results\resampled\RoundTable\D00492_simplified.obj,.obj,9000,17980,17980,triangles,-0.8296769857406616,-0.8046560287475586,-0.6545505225658417,1.0540200471878052,0.6567630171775818,0.2070630043745041,1.8836970329284668,1.4614190459251404,0.8616135269403458,2.535042013352607
RoundTable,step2_results\resampled\RoundTable\D00501_refined_simplified.obj,.obj,5102,10184,10184,triangles,-0.7249730229377747,-0.8223720192909241,-0.18543300032615662,0.9191740155220032,0.8038190007209778,0.5835890173912048,1.6441470384597778,1.6261910200119019,0.7690220177173615,2.437029253287184
RoundTable,step2_results\resampled\RoundTable\D00503_refined_simplified.obj,.obj,5102,10066,10066,triangles,-0.6003419756889343,-0.4512380063533783,-0.39132800698280334,0.6280930042266846,0.39717501401901245,0.44149699807167053,1.228434979915619,0.8484130203723907,0.8328250050544739,1.709518833491364
RoundTable,step2_results\resampled\RoundTable\D00524_refined_simplified.obj,.obj,5101,10182,10182,triangles,-0.7599030137062073,-0.6312710046768188,-0.4825209975242615,0.539376974105835,0.6061549782752991,0.7978090047836304,1.2992799878120422,1.237425982952118,1.2803300023078918,2.2042224172763514
RoundTable,step2_results\resampled\RoundTable\D00581_refined_simplified.obj,.obj,5094,10088,10088,triangles,-0.7488059997558594,-0.9522340297698975,-0.7174199819564819,1.1997300386428833,0.9933919906616211,0.40484800934791565,1.9485360383987427,1.9456260204315186,1.1222679913043976,2.973506137310845
RoundTable,step2_results\resampled\RoundTable\D00646_refined_simplified.obj,.obj,5114,9794,9794,triangles,-0.6530579924583435,-0.8258870244026184,-0.3452019989490509,0.9958170056343079,0.820855975151062,0.6922039985656738,1.6488749980926514,1.6467429995536804,1.0374059975147247,2.550835641430787
RoundTable,step2_results\resampled\RoundTable\D00649_refined_simplified.obj,.obj,5102,10184,10184,triangles,-0.9218909740447998,-0.8903359770774841,-0.9089570045471191,0.8588460087776184,0.8914070129394531,0.11657500267028809,1.7807369828224182,1.7817429900169373,1.0255320072174072,2.71980664428436
RoundTable,step2_results\resampled\RoundTable\D00702_kept.obj,.obj,6647,13237,13237,triangles,-0.8432610034942627,-0.7284740209579468,-0.35174301266670227,0.598222017288208,0.8194969892501831,0.8365560173988342,1.4414830207824707,1.5479710102081299,1.1882990300655365,2.426137286408918
RoundTable,step2_results\resampled\RoundTable\D00756_refined_simplified.obj,.obj,5100,10196,10196,triangles,-0.8528040051460266,-0.26964500546455383,-0.38405799865722656,0.4216670095920563,0.5136359930038452,0.3985700011253357,1.2744710147380829,0.783280998468399,0.7826279997825623,1.6882867280212877
RoundTable,step2_results\resampled\RoundTable\D00827_refined_simplified.obj,.obj,5100,10172,10172,triangles,-0.671222984790802,-0.5943359732627869,-0.9268590211868286,1.0460599660873413,1.240149974822998,0.8443530201911926,1.7172829508781433,1.834485948085785,1.7712120413780212,3.0743440800638178
RoundTable,step2_results\resampled\RoundTable\D00866_refined_simplified.obj,.obj,5094,9902,9902,triangles,-0.7354210019111633,-0.8229680061340332,-0.5827000141143799,0.5879759788513184,0.5161240100860596,0.5651900172233582,1.3233969807624817,1.3390920162200928,1.147890031337738,2.2050393467328875
RoundTable,step2_results\resampled\RoundTable\D00909_refined_simplified.obj,.obj,5102,10163,10163,triangles,-0.7470980286598206,-0.7357460260391235,-0.5573239922523499,0.7659969925880432,0.6278579831123352,0.7666419744491577,1.5130950212478638,1.3636040091514587,1.3239659667015076,2.429353477385056
RoundTable,step2_results\resampled\RoundTable\D00948_refined_simplified.obj,.obj,5100,10184,10184,triangles,-0.3737260103225708,-0.445699006319046,-0.44605201482772827,0.7798680067062378,0.44419801235198975,0.4465410113334656,1.1535940170288086,0.8898970186710358,0.8925930261611938,1.7086304955477818
RoundTable,step2_results\resampled\RoundTable\m921_refined_simplified.obj,.obj,5117,9777,9777,triangles,0.02500000037252903,0.02500000037252903,0.02500000037252903,0.9750000238418579,0.4686790108680725,0.9750000238418579,0.9500000234693289,0.4436790104955435,0.9500000234693289,1.4148678926096794
RoundTable,step2_results\resampled\RoundTable\m922_refined_simplified.obj,.obj,5101,10182,10182,triangles,0.02500000037252903,0.02500000037252903,0.02500000037252903,0.9750000238418579,0.5356249809265137,0.9285039901733401,0.9500000234693289,0.5106249805539846,0.903503989800811,1.4069674391909242
RoundTable,step2_results\resampled\RoundTable\m923_refined_simplified.obj,.obj,5104,10172,10172,triangles,0.02500000037252903,0.02500000037252903,0.02500000037252903,0.9744200110435486,0.5262230038642883,0.9750000238418579,0.9494200106710196,0.5012230034917593,0.9500000234693289,1.4335699845084593
RoundTable,step2_results\resampled\RoundTable\m924_refined_simplified.obj,.obj,5131,9083,9083,triangles,0.02500000037252903,0.02500000037252903,0.02500000037252903,0.9750000238418595,0.3363260030746463,0.9750000238418579,0.9500000234693304,0.31132600270211724,0.9500000234693289,1.3791025955823346
RoundTable,step2_results\resampled\RoundTable\m925_refined_simplified.obj,.obj,5115,9058,9058,triangles,0.02500000037252903,0.02500000037252903,0.02500000037252903,0.9749069809913635,0.5685920119285583,0.9750000238418579,0.9499069806188345,0.5435920115560293,0.9500000234693289,1.4492465599226538
RoundTable,step2_results\resampled\RoundTable\m926_refined_simplified.obj,.obj,5124,9008,9008,triangles,0.02500000037252903,0.02500000037252903,0.02500000037252903,0.9750000238418595,0.7916049957275466,0.9750000238418579,0.9500000234693304,0.7666049953550176,0.9500000234693289,1.5468300837799607
RoundTable,step2_results\resampled\RoundTable\m927_refined_simplified.obj,.obj,5104,10172,10172,triangles,0.02500000037252903,0.02500000037252903,0.02500000037252903,0.9744240045547485,0.35466399788856506,0.9750000238418579,0.9494240041822195,0.32966399751603603,0.9500000234693289,1.3829621598465294
RoundTable,step2_results\resampled\RoundTable\m928_refined_simplified.obj,.obj,5131,9623,9623,triangles,0.02500000037252903,0.02500000037252903,0.02500000037252903,0.9750000238418579,0.8046759963035583,0.9750000238418579,0.9500000234693289,0.7796759959310293,0.9500000234693289,1.5533495253208445
RoundTable,step2_results\resampled\RoundTable\m929_refined_simplified.obj,.obj,5074,9346,9346,triangles,0.02500000037252903,0.02500000037252903,0.02500000037252861,0.9750000238418579,0.5625540018081667,0.9750000238418579,0.9500000234693289,0.5375540014356377,0.9500000234693293,1.4470536941119072
RoundTable,step2_results\resampled\RoundTable\m930_refined_simplified.obj,.obj,5101,10178,10178,triangles,0.02500000037252903,0.02500000037252903,0.02500000037252903,0.6410809755325317,0.9750000238418579,0.6410809755325317,0.6160809751600027,0.9500000234693289,0.6160809751600027,1.2890351354792178
RoundTable,step2_results\resampled\RoundTable\m931_refined_simplified.obj,.obj,5101,10182,10182,triangles,0.02500000037252903,0.02500000037252903,0.02500000037252903,0.8112069964408875,0.9750000238418579,0.7727270126342773,0.7862069960683584,0.9500000234693289,0.7477270122617483,1.4421224532349664
RoundTable,step2_results\resampled\RoundTable\m932_simplified.obj,.obj,8686,17128,17128,triangles,0.02500000037252903,0.02500000037252903,0.02500000037252903,0.9750000238418579,0.6202070116996765,0.9750000238418579,0.9500000234693289,0.5952070113271475,0.9500000234693289,1.4694459757052811
RoundTable,step2_results\resampled\RoundTable\m933_refined_simplified.obj,.obj,5100,10190,10190,triangles,0.02500000037252903,0.02500000037252903,0.02500000037252903,0.9750000238418579,0.559374988079071,0.9285039901733398,0.9500000234693289,0.534374987706542,0.9035039898008108,1.4157599131434948
RoundTable,step2_results\resampled\RoundTable\m934_refined_simplified.obj,.obj,5102,10184,10184,triangles,0.02500000037252903,0.02500000037252903,0.02500000037252903,0.9750000238418579,0.8148980140686035,0.9750000238418579,0.9500000234693289,0.7898980136960745,0.9500000234693289,1.558505361307575
RoundTable,step2_results\resampled\RoundTable\m935_refined_simplified.obj,.obj,5099,10104,10104,triangles,0.02500000037252903,0.02500000037252903,0.02500000037252903,0.8762030005455017,0.9750000238418579,0.8761860132217407,0.8512030001729727,0.9500000234693289,0.8511860128492117,1.5334810792981222
RoundTable,step2_results\resampled\RoundTable\m937_refined_simplified.obj,.obj,5100,10196,10196,triangles,0.02500000037252903,0.02500000037252903,0.02500000037252767,0.9750000238418958,0.7638890147209167,0.9750000238626897,0.9500000234693667,0.7388890143483877,0.950000023490162,1.5332831000007263
RoundTable,step2_results\resampled\RoundTable\m938_refined_simplified.obj,.obj,5099,10164,10164,triangles,0.02500000037252903,0.02500000037252903,0.02500000037252903,0.874750018119812,0.8767349720001221,0.9750000238418579,0.849750017747283,0.851734971627593,0.9500000234693289,1.5329799734982483
Shelf,step2_results\resampled\Shelf\D00057_refined_simplified.obj,.obj,5136,9808,9808,triangles,-0.956341028213501,-0.7027689814567566,-0.3004379868507385,0.7300869822502136,0.4623349905014038,0.2020300030708313,1.6864280104637146,1.1651039719581604,0.5024679899215698,2.110445635605217
Shelf,step2_results\resampled\Shelf\D00074_refined_simplified.obj,.obj,5122,10028,10028,triangles,-0.7583280205726624,-0.6353809833526611,-0.28478699922561646,1.0382000207901,0.850288987159729,0.1602039933204651,1.7965280413627625,1.4856699705123901,0.44499099254608154,2.3733405251105784
Shelf,step2_results\resampled\Shelf\D00129_refined.obj,.obj,5552,10944,10944,triangles,-0.7601349949836731,-0.7312210202217102,-0.2802180051803589,0.7635539770126343,0.9239770174026489,0.1984499990940094,1.5236889719963074,1.6551980376243591,0.4786680042743683,2.300093842749617
Shelf,step2_results\resampled\Shelf\D00171_refined.obj,.obj,5439,10536,10536,triangles,-0.8252289891242981,-0.6358510255813599,-0.29162800312042236,0.9171149730682373,0.2972800135612488,0.26191601157188416,1.7423439621925354,0.9331310391426086,0.5535440146923065,2.0525367219618325
Shelf,step2_results\resampled\Shelf\D00198_refined_simplified.obj,.obj,5103,9936,9936,triangles,-0.7994340062141418,-0.7508559823036194,-0.09850999712944031,0.7446470260620117,0.645359992980957,0.27292001247406006,1.5440810322761536,1.3962159752845764,0.37143000960350037,2.114607655313134
Shelf,step2_results\resampled\Shelf\D00242_refined_simplified.obj,.obj,5094,9958,9958,triangles,-1.1716300249099731,-1.0262199640274048,-0.1938520073890686,0.7579960227012639,0.9027760028839111,0.39470300078392023,1.929626047611237,1.928995966911316,0.5885550081729889,2.79121463195244
Shelf,step2_results\resampled\Shelf\D00337_refined.obj,.obj,5378,10164,10164,triangles,-0.7419469952583313,-1.0939799547195435,-0.30006998777389526,1.1261199712753296,0.7054029703140259,0.10837599635124207,1.8680669665336609,1.7993829250335693,0.40844598412513733,2.6256963313194825
Shelf,step2_results\resampled\Shelf\D00352_refined_simplified.obj,.obj,5100,10196,10196,triangles,-0.7196580171585083,-0.8329370021820068,-0.259647011756897,1.075510023783174,0.5028619766235352,0.2251890003681183,1.7951680409416824,1.335798978805542,0.48483601212501526,2.2895530493198044
Shelf,step2_results\resampled\Shelf\D00468_refined_simplified.obj,.obj,5104,10095,10095,triangles,-1.1469700336456299,-1.0218800306320195,-0.3820210099220276,0.7287439703941346,0.8316119909286499,0.3765429854392992,1.8757140040397644,1.8534920215606694,0.7585639953613268,2.743930581118714
Shelf,step2_results\resampled\Shelf\D00592_refined_simplified.obj,.obj,5102,10168,10168,triangles,-0.7646849751472473,-0.8908510208129883,-0.3158150017261505,1.21042001247406,1.0631500482559204,0.17753697541835825,1.9751049876213074,1.9540010690689087,0.49335197714450874,2.8218001459000246
Shelf,step2_results\resampled\Shelf\D00631_kept.obj,.obj,5444,10680,10680,triangles,-0.8333230018615723,-0.7254679799079895,-0.1268550008535385,1.0091899633407593,0.8300729990005493,0.18488800525665283,1.8425129652023315,1.5555409789085388,0.31174300611019135,2.4314081240838696
Shelf,step2_results\resampled\Shelf\D00691_refined_simplified.obj,.obj,5133,5670,5670,triangles,-0.796913027765196,-0.4534510076035076,-0.14336200058460236,0.9402769804000854,0.5194540023803711,0.10998299717903137,1.7371900081652814,0.9729050099838787,0.25334499776363373,2.0071265457894967
Shelf,step2_results\resampled\Shelf\D00725_refined_simplified.obj,.obj,5100,10112,10112,triangles,-0.7575759887695312,-0.7468810081481934,-0.22956199944019323,1.093209981918335,0.890021026134491,0.19606199860572823,1.8507859706878662,1.6369020342826843,0.42562399804592144,2.5071922077986786
Shelf,step2_results\resampled\Shelf\D00772_refined_simplified.obj,.obj,5101,10048,10048,triangles,-0.5712149739265442,-0.9348959922790527,-0.22338800132274628,0.9578700065612793,0.7450169920921326,0.11264999955892563,1.5290849804878235,1.6799129843711853,0.3360380008816719,2.2963296911917723
Shelf,step2_results\resampled\Shelf\D00781_refined_simplified.obj,.obj,5108,9699,9699,triangles,-0.7933210134506226,-0.8972979784011841,-0.5672109723091125,1.1508100032806396,0.9338880181312561,0.478877991437912,1.9441310167312622,1.8311859965324402,1.0460889637470245,2.868307808479829
Shelf,step2_results\resampled\Shelf\D00818_refined_simplified.obj,.obj,5106,10094,10094,triangles,-0.5398899912834167,-0.6049969792366028,-0.22033299505710602,0.9812759757041931,0.6651909947395325,0.21604900062084198,1.5211659669876099,1.2701879739761353,0.436381995677948,2.029224638749199
Shelf,step2_results\resampled\Shelf\D00881_refined_simplified.obj,.obj,5098,9752,9752,triangles,-0.7673079967498779,-0.9635810256004333,-0.1905519962310791,1.1737500429153442,0.9607189893722534,0.1286650002002716,1.9410580396652222,1.9243000149726868,0.3192169964313507,2.751824186205131
Shelf,step2_results\resampled\Shelf\D00887_refined_simplified.obj,.obj,5108,9774,9774,triangles,-0.754656970500946,-0.4709230065345764,-0.1294959932565689,1.1267499923706055,0.7044119834899902,0.18028299510478973,1.8814069628715515,1.1753349900245667,0.30977898836135864,2.2398811397812586
Shelf,step2_results\resampled\Shelf\D00917_refined_simplified.obj,.obj,5100,10194,10194,triangles,-0.9468309879302979,-0.4131909906864166,-0.155799999833107,0.8822320103645325,0.5216590166091919,0.39255398511886597,1.8290629982948303,0.9348500072956085,0.548353984951973,2.1260545808338462
Shelf,step2_results\resampled\Shelf\D00956_refined.obj,.obj,5288,10304,10304,triangles,-0.8037970066070557,-0.7210519909858704,-0.21574799716472626,0.9346910119056702,0.5544999837875366,0.17969900369644165,1.7384880185127258,1.275551974773407,0.3954470008611679,2.1922024909553257
Shelf,step2_results\resampled\Shelf\m844_refined_simplified.obj,.obj,5097,9977,9977,triangles,0.02500000037252903,0.025000000372529026,0.02500000037252903,0.9750000238418579,0.8269609808921814,0.20429599285125732,0.9500000234693289,0.8019609805196524,0.1792959924787283,1.2561005181858258
Shelf,step2_results\resampled\Shelf\m845_refined_simplified.obj,.obj,5100,9878,9878,triangles,0.02500000037252903,0.025000000372529023,0.02500000037252903,0.785638988018036,0.9750000238418579,0.2630240023136139,0.760638987645507,0.9500000234693289,0.23802400194108486,1.2400512649153488
Shelf,step2_results\resampled\Shelf\m846_refined_simplified.obj,.obj,5102,10097,10097,triangles,0.02500000037252903,0.02500000037252903,0.025000000372529026,0.5509999990463257,0.9750000238418579,0.2678050100803375,0.5259999986737967,0.9500000234693289,0.2428050097078085,1.1127130429431338
Shelf,step2_results\resampled\Shelf\m847_refined_simplified.obj,.obj,5104,9995,9995,triangles,0.025000000372529026,0.02500000037252903,0.02500000037252903,0.6604130268096925,0.9750000238418579,0.22502200305461884,0.6354130264371635,0.9500000234693289,0.2000220026820898,1.1602838274813256
Shelf,step2_results\resampled\Shelf\m849_refined_simplified.obj,.obj,5107,10120,10120,triangles,0.02500000037252903,0.02500000037252903,0.02500000037252903,0.9750000238418579,0.6621270179748535,0.1787559986114502,0.9500000234693289,0.6371270176023245,0.15375599823892117,1.154154144014137
Shelf,step2_results\resampled\Shelf\m850_refined_simplified.obj,.obj,5097,9991,9991,triangles,0.02500000037252903,0.02500000037252903,0.02500000037252903,0.9750000238418579,0.7835500240325928,0.19802799820899963,0.9500000234693289,0.7585500236600637,0.1730279978364706,1.2279400926029358
Shelf,step2_results\resampled\Shelf\m851_refined_simplified.obj,.obj,5085,10055,10055,triangles,0.02500000037252903,0.02500000037252903,0.025000000372528964,0.8392860293388367,0.9750000238418635,0.29642900824546814,0.8142860289663076,0.9500000234693344,0.27142900787293917,1.2803263208558755
Shelf,step2_results\resampled\Shelf\m852_refined_simplified.obj,.obj,5121,9727,9727,triangles,0.02500000037252903,0.02500000037252903,0.02500000037252903,0.7952700257301331,0.9750000238418579,0.2817569971084595,0.770270025357604,0.9500000234693289,0.25675699673593044,1.2496960078070922
Shelf,step2_results\resampled\Shelf\m853_refined_simplified.obj,.obj,5114,9697,9697,triangles,0.02500000037252903,0.02500000037252903,0.02500000037252901,0.7557690143585205,0.9750000238418579,0.2076919972896576,0.7307690139859915,0.9500000234693289,0.1826919969171286,1.2123942271931814
Shelf,step2_results\resampled\Shelf\m854_refined_simplified.obj,.obj,5108,10104,10104,triangles,0.02500000037252903,0.02500000037252903,0.025000000372528895,0.9742689728736877,0.9750000238418579,0.19341899454593658,0.9492689725011587,0.9500000234693289,0.1684189941734077,1.3535052952772344
Shelf,step2_results\resampled\Shelf\m855_refined_simplified.obj,.obj,5135,9624,9624,triangles,0.02500000037252901,0.025000000372528797,0.025000000372528457,0.9750000238418582,0.8166670203208923,0.5000000000000002,0.9500000234693292,0.7916670199483635,0.47499999962747175,1.3247119365023274
Shelf,step2_results\resampled\Shelf\m856_refined_simplified.obj,.obj,5100,10168,10168,triangles,0.02500000037252903,0.02500000037252903,0.02500000037252903,0.975000023841858,0.7911049723625183,0.4080530107021335,0.950000023469329,0.7661049719899893,0.3830530103296045,1.2791194164041448
Shelf,step2_results\resampled\Shelf\m857_refined_clamped.obj,.obj,112,168,168,triangles,0.02500000037252903,0.02500000037252903,0.02500000037252903,0.9750000238418579,0.6686109900474548,0.3315829932689667,0.9500000234693289,0.6436109896749258,0.30658299289643764,1.1877408312234619
Shelf,step2_results\resampled\Shelf\m858_refined_simplified.obj,.obj,5115,9539,9539,triangles,0.02500000037252903,0.02500000037252903,0.02500000037252903,0.9750000238418579,0.5,0.11999999731779099,0.9500000234693289,0.47499999962747097,0.09499999694526196,1.066372375700638
Shelf,step2_results\resampled\Shelf\m859_refined_simplified.obj,.obj,5114,9832,9832,triangles,0.02500000037252903,0.02500000037252903,0.02500000037252903,0.6778219938278198,0.9750000238418579,0.32231301069259644,0.6528219934552908,0.9500000234693289,0.2973130103200674,1.1904081761464198
Shelf,step2_results\resampled\Shelf\m860_refined_simplified.obj,.obj,5102,10176,10176,triangles,0.02500000037252903,0.02500000037252897,0.02500000037252903,0.9750000238418579,0.7882949709892273,0.29169899225234985,0.9500000234693289,0.7632949706166984,0.2666989918798208,1.2474965366806372
Shelf,step2_results\resampled\Shelf\m861_refined_simplified.obj,.obj,5102,10132,10132,triangles,0.02500000037252903,0.02500000037252903,0.02500000037252902,0.9750000238418586,0.9106240272521974,0.1768639981746674,0.9500000234693295,0.8856240268796683,0.15186399780213836,1.3076286305395481
Shelf,step2_results\resampled\Shelf\m862_refined_simplified.obj,.obj,5106,10131,10131,triangles,0.02500000037252903,0.02500000037252903,0.02500000037252903,0.4682460129261017,0.9750000238418581,0.9125360250473022,0.44324601255357265,0.9500000234693291,0.8875360246747732,1.3735673508539243
Shelf,step2_results\resampled\Shelf\m863_refined_simplified.obj,.obj,5125,9210,9210,triangles,0.02500000037252903,0.02500000037252903,0.025000000372529006,0.5902889966964722,0.9750000238418579,0.21343299746513367,0.5652889963239431,0.9500000234693289,0.18843299709260466,1.121409242136856
Shelf,step2_results\resampled\Shelf\m864_refined_simplified.obj,.obj,5152,9178,9178,triangles,0.02500000037252903,0.02500000037252903,0.02500000037252903,0.5,0.9750000238418579,0.18333600461483002,0.47499999962747097,0.9500000234693289,0.158336004242301,1.0738693283995222
Shelf,step2_results\resampled\Shelf\m865_refined_simplified.obj,.obj,5151,9328,9328,triangles,0.02500000037252903,0.02500000037252903,0.025000000372529023,0.7229570150376382,0.9750000238418579,0.257656991481781,0.6979570146651092,0.9500000234693289,0.23265699110925198,1.2015711857497113
Shelf,step2_results\resampled\Shelf\m866_refined_simplified.obj,.obj,5112,9318,9318,triangles,0.02500000037252903,0.02500000037252903,0.025000000372529026,0.9369950294494629,0.9750000238418579,0.3290039896965027,0.9119950290769339,0.9500000234693289,0.30400398932397366,1.351537422041156
Shelf,step2_results\resampled\Shelf\m868_refined.obj,.obj,5544,10880,10880,triangles,0.02500000037252903,0.02500000037252903,0.02500000037252903,0.3877269923686981,0.9750000238418579,0.1977269947528839,0.3627269919961691,0.9500000234693289,0.17272699438035488,1.0314579632258338
Ship,step2_results\resampled\Ship\D00027_refined_simplified.obj,.obj,5157,6277,6277,triangles,-0.7018600106239319,-0.40356799960136414,-0.19676700234413147,1.030060052871704,0.3027620017528534,0.18072199821472168,1.731920063495636,0.7063300013542175,0.37748900055885315,1.90812660027963
Ship,step2_results\resampled\Ship\D00042_refined_simplified.obj,.obj,5131,9696,9696,triangles,-1.0025800466537476,-0.20301899313926697,-0.42215898633003235,0.9647039771080017,0.2557539939880371,0.20810699462890625,1.9672840237617493,0.4587729871273041,0.6302659809589386,2.116108288963507
Ship,step2_results\resampled\Ship\D00099_refined.obj,.obj,5376,10752,10752,triangles,-0.9213939905166626,-0.25668901205062866,-0.11703599989414215,0.950875997543335,0.45070400834083557,0.19312100112438202,1.8722699880599976,0.7073930203914642,0.31015700101852417,2.0253387762963375
Ship,step2_results\resampled\Ship\D00175_simplified.obj,.obj,9028,17600,17600,triangles,-0.6809009909629822,-0.2470490038394928,-0.165009006857872,0.8651180267333984,0.21947100013494492,0.2170650064945221,1.5460190176963806,0.4665200039744377,0.3820740133523941,1.659456618555121
Ship,step2_results\resampled\Ship\D00247_kept.obj,.obj,6122,10502,10502,triangles,-0.9428290128707886,-0.2498439997434616,-0.12714199721813202,0.9904469847679138,0.193791002035141,0.14993199706077576,1.9332759976387024,0.4436350017786026,0.2770739942789078,2.0027825883392056
Ship,step2_results\resampled\Ship\D00258_simplified.obj,.obj,6518,9987,9987,triangles,-0.9641379714012146,-0.3683539927005768,-0.13321000337600708,0.8956760168075562,0.3216229975223541,0.11915300041437149,1.8598139882087708,0.6899769902229309,0.25236300379037857,1.9996658229454767
Ship,step2_results\resampled\Ship\D00292_refined_simplified.obj,.obj,5154,6273,6273,triangles,-0.7044169902801514,-0.41085800528526306,-0.18118399381637573,1.025670051574707,0.29695799946784973,0.17597000300884247,1.7300870418548584,0.7078160047531128,0.3571539968252182,1.9030931785981948
Ship,step2_results\resampled\Ship\D00429_simplified.obj,.obj,9034,17541,17541,triangles,-0.6839709877967834,-0.24445100128650665,-0.32785698771476746,1.0017499923706055,0.30011799931526184,0.3123989999294281,1.685720980167389,0.5445690006017685,0.6402559876441956,1.883650272504733
Ship,step2_results\resampled\Ship\D00467_refined_simplified.obj,.obj,5131,6913,6913,triangles,-1.012279987335205,-0.26938700675964355,-0.09382099658250809,0.9518600106239319,0.15080499649047852,0.10043799877166748,1.964139997959137,0.42019200325012207,0.19425899535417557,2.0179553534343326
Ship,step2_results\resampled\Ship\D00539_simplified.obj,.obj,9010,16922,16922,triangles,-1.0313299894332886,-0.21571700274944305,-0.19872649759054184,0.8959900140762329,0.14839500188827515,0.2288309931755066,1.9273200035095215,0.3641120046377182,0.42755749076604843,2.0074723798247884
Ship,step2_results\resampled\Ship\D00543_simplified.obj,.obj,6546,12360,12360,triangles,-0.8397939801216125,-0.616998016834259,-0.23085999488830566,1.064560055732727,0.2156360000371933,0.20071099698543549,1.9043540358543396,0.8326340168714523,0.43157099187374115,2.1227569858448434
Ship,step2_results\resampled\Ship\D00647_refined_simplified.obj,.obj,5106,10126,10126,triangles,-0.9744210243225098,-0.22814400494098663,-0.1432410031557083,0.9819830060005188,0.16888900101184845,0.12685300409793854,1.9564040303230286,0.3970330059528351,0.27009400725364685,2.014473308444286
Ship,step2_results\resampled\Ship\D00771_simplified.obj,.obj,8998,17468,17468,triangles,-0.8479809761047363,-0.49735649675130844,-0.11553499847650528,1.0913300514221191,0.25620201230049133,0.0899989977478981,1.9393110275268555,0.7535585090517998,0.20553399622440338,2.090698905068736
Ship,step2_results\resampled\Ship\D00791_refined_simplified.obj,.obj,5137,6247,6247,triangles,-1.0043699741363525,-0.305310994386673,-0.17992399632930756,0.7252680063247681,0.40603700280189514,0.18462400138378143,1.7296379804611206,0.7113479971885681,0.364547997713089,1.9054025189430273
Ship,step2_results\resampled\Ship\D00809_simplified.obj,.obj,9030,17125,17125,triangles,-0.9813290238380432,-0.4387165568768978,-0.16165299713611603,0.8987622559070587,0.26363998651504517,0.19202199764549732,1.880091279745102,0.702356543391943,0.35367499478161335,2.037923927960224
Ship,step2_results\resampled\Ship\D00837_kept.obj,.obj,6122,10502,10502,triangles,-0.9240000247955322,-0.27326101064682007,-0.12480899691581726,1.0079699754714966,0.16785599291324615,0.15383200347423553,1.9319700002670288,0.4411170035600662,0.2786410003900528,2.001182925137021
Ship,step2_results\resampled\Ship\D00896_refined_simplified.obj,.obj,5134,9642,9642,triangles,-1.1369400024414062,-0.4447529911994934,-0.2599549889564514,0.7578439712524414,0.33524399995803833,0.2511970102787018,1.8947839736938477,0.7799969911575317,0.5111519992351532,2.1118423188069566
Ship,step2_results\resampled\Ship\D00907_simplified.obj,.obj,6501,12803,12803,triangles,-0.6187819838523865,-0.2843489944934845,-0.26467299461364746,0.8766170144081116,0.34891849756240845,0.3106600046157837,1.495398998260498,0.6332674920558929,0.5753329992294312,1.7228621362417813
Ship,step2_results\resampled\Ship\D00935_refined_simplified.obj,.obj,5104,10160,10160,triangles,-0.9145269989967346,-0.12009599804878235,-0.06067200005054474,0.9650580286979675,0.20828400552272797,0.1141979992389679,1.8795850276947021,0.3283800035715103,0.17486999928951263,1.916051361454393
Ship,step2_results\resampled\Ship\D00949_refined_simplified.obj,.obj,5108,9972,9972,triangles,-1.0136499404907227,-0.24717199802398682,-0.20975899696350098,0.933230996131897,0.5141199827194214,0.385996013879776,1.9468809366226196,0.7612919807434082,0.595755010843277,2.1736685336715125
Ship,step2_results\resampled\Ship\m1427_refined_simplified.obj,.obj,5117,9037,9037,triangles,0.02500000037252903,0.02500000037252903,0.02500000037252903,0.9750000238418579,0.21973900496959686,0.18160000443458557,0.9500000234693289,0.19473900459706783,0.15660000406205654,0.9823171004189117
Ship,step2_results\resampled\Ship\m1428_refined_simplified.obj,.obj,5127,8827,8827,triangles,0.02500000037252903,0.02500000037252903,0.02500000037252903,0.9750000238418579,0.23986800014972687,0.1463399976491928,0.9500000234693289,0.21486799977719784,0.12133999727666378,0.9815251891108451
Ship,step2_results\resampled\Ship\m1429_refined_simplified.obj,.obj,5101,8735,8735,triangles,0.02500000037252903,0.02500000037252903,0.02500000037252903,0.9750000238418579,0.30166199803352356,0.13237999379634857,0.9500000234693289,0.27666199766099453,0.10737999342381954,0.9952750215539407
Ship,step2_results\resampled\Ship\m1430_refined_simplified.obj,.obj,5098,8810,8810,triangles,0.02500000037252903,0.02500000037252903,0.02500000037252903,0.9750000238418579,0.3671109974384308,0.13890500366687775,0.9500000234693289,0.34211099706590176,0.11390500329434872,1.0161271223034234
Ship,step2_results\resampled\Ship\m1431_refined_simplified.obj,.obj,5104,8881,8881,triangles,0.02500000037252903,0.02500000037252903,0.02500000037252903,0.9750000238418579,0.3185169994831085,0.17669300734996796,0.9500000234693289,0.2935169991105795,0.15169300697743893,1.005814615982718
Ship,step2_results\resampled\Ship\m1432_refined_simplified.obj,.obj,5105,9066,9066,triangles,0.02500000037252903,0.02500000037252903,0.02500000037252903,0.9750000238418579,0.2621549963951111,0.11944899708032608,0.9500000234693289,0.23715499602258205,0.09444899670779705,0.9836987088073796
Ship,step2_results\resampled\Ship\m1433_refined_simplified.obj,.obj,5102,8558,8558,triangles,0.02500000037252903,0.02500000037252903,0.02500000037252903,0.9750000238418579,0.3132619857788086,0.1954289972782135,0.9500000234693289,0.28826198540627956,0.17042899690568447,1.0072939292025804
Ship,step2_results\resampled\Ship\m1434_refined_simplified.obj,.obj,5109,10080,10080,triangles,0.02500000037252903,0.02500000037252903,0.02500000037252903,0.47231999039649963,0.2765580117702484,0.9750000238418579,0.4473199900239706,0.2515580113977194,0.9500000234693289,1.0797576816884173
Ship,step2_results\resampled\Ship\m1435_refined_simplified.obj,.obj,5157,6288,6288,triangles,0.02500000037252903,0.02500000037252903,0.02500000037252903,0.21916000545024872,0.4035220146179199,0.9750000238418579,0.1941600050777197,0.3785220142453909,0.9500000234693289,1.0409020450704731
Ship,step2_results\resampled\Ship\m1436_refined_simplified.obj,.obj,5107,10143,10143,triangles,0.02500000037252903,0.02500000037252903,0.02500000037252903,0.15596899390220642,0.2097959965467453,0.9750000238418579,0.1309689935296774,0.18479599617421627,0.9500000234693289,0.97662811861011
Ship,step2_results\resampled\Ship\m1437_refined_simplified.obj,.obj,5100,9177,9177,triangles,0.02500000037252903,0.02500000037252903,0.02500000037252903,0.9750000238418579,0.2849609851837158,0.12736399471759796,0.9500000234693289,0.2599609848111868,0.10236399434506893,0.9902313596094626
Ship,step2_results\resampled\Ship\m1438_refined_simplified.obj,.obj,5121,9991,9991,triangles,0.02500000037252903,0.02500000037252903,0.02500000037252903,0.9750000238418579,0.1929900050163269,0.18789100646972656,0.9500000234693289,0.16799000464379787,0.16289100609719753,0.9783936662301662
Ship,step2_results\resampled\Ship\m1439_refined_simplified.obj,.obj,5089,10164,10164,triangles,0.02500000037252903,0.02500000037252903,0.02500000037252903,0.9750000238418579,0.2687000036239624,0.12269899994134903,0.9500000234693289,0.24370000325143337,0.09769899956882,0.9856139359268529
Ship,step2_results\resampled\Ship\m1440_refined_simplified.obj,.obj,5117,7483,7483,triangles,0.02500000037252903,0.02500000037252903,0.02500000037252903,0.9750000238418579,0.22190800309181213,0.2621710002422333,0.9500000234693289,0.1969080027192831,0.23717099986970425,0.9987606766917777
Ship,step2_results\resampled\Ship\m1441_refined_simplified.obj,.obj,5135,7227,7227,triangles,0.02500000037252903,0.02500000037252903,0.02500000037252903,0.9750000238418579,0.42543599009513855,0.23985899984836578,0.9500000234693289,0.4004359897226095,0.21485899947583675,1.0530970592080338
Ship,step2_results\resampled\Ship\m1442_simplified.obj,.obj,6411,11894,11894,triangles,0.02500000037252903,0.02500000037252903,0.02500000037252903,0.16498300433158875,0.3052560091018677,0.9750000238418579,0.13998300395905972,0.28025600872933865,0.9500000234693289,1.0003193072304595
Ship,step2_results\resampled\Ship\m1444_kept.obj,.obj,6251,11722,11722,triangles,0.02500000037252903,0.02500000037252903,0.02500000037252903,0.23151899874210358,0.4593200087547302,0.9750000238418579,0.20651899836957455,0.4343200083822012,0.9500000234693289,1.064792942764185
Ship,step2_results\resampled\Ship\m1446_kept.obj,.obj,6119,10502,10502,triangles,0.02500000037252903,0.02500000037252903,0.02500000037252903,0.9750000238418579,0.15990400314331055,0.24461199343204498,0.9500000234693289,0.13490400277078152,0.21961199305951595,0.9843416896844699
Ship,step2_results\resampled\Ship\m1447_refined_simplified.obj,.obj,5095,9829,9829,triangles,0.02500000037252903,0.02500000037252903,0.02500000037252903,0.12187699973583221,0.1790820062160492,0.9750000238418579,0.09687699936330318,0.15408200584352016,0.9500000234693289,0.9672778619001499
Ship,step2_results\resampled\Ship\m1448_refined_simplified.obj,.obj,5103,10102,10102,triangles,0.02500000037252903,0.02500000037252903,0.02500000037252903,0.1860869973897934,0.9750000238418579,0.6817389726638794,0.16108699701726437,0.9500000234693289,0.6567389722913504,1.166085392639006
Ship,step2_results\resampled\Ship\m1449_refined.obj,.obj,5280,10560,10560,triangles,0.02500000037252903,0.02500000037252903,0.02500000037252903,0.2238990068435669,0.8492980003356934,0.9750000238418579,0.19889900647103786,0.8242979999631643,0.9500000234693289,1.2733923402118312
Ship,step2_results\resampled\Ship\m1450_refined_simplified.obj,.obj,5142,9880,9880,triangles,0.02500000037252903,0.02500000037252903,0.02500000037252903,0.2384829968214035,0.843388020992279,0.9750000238418579,0.21348299644887447,0.81838802061975,0.9500000234693289,1.2719410311246462
Ship,step2_results\resampled\Ship\m1451_refined_simplified.obj,.obj,5098,10123,10123,triangles,0.02500000037252903,0.02500000037252903,0.02500000037252903,0.18149499595165253,0.9750000238418579,0.6914539933204651,0.1564949955791235,0.9500000234693289,0.6664539929479361,1.1709618494849792
Ship,step2_results\resampled\Ship\m1452_refined_simplified.obj,.obj,5116,10045,10045,triangles,0.02500000037252903,0.02500000037252903,0.02500000037252903,0.603551983833313,0.9750000238418579,0.15859299898147583,0.578551983460784,0.9500000234693289,0.1335929986089468,1.1202988580889757
Ship,step2_results\resampled\Ship\m1453_simplified.obj,.obj,6517,12846,12846,triangles,0.02500000037252903,0.02500000037252903,0.02500000037252903,0.44008898735046387,0.690945029258728,0.9750000238418579,0.41508898697793484,0.665945028886199,0.9500000234693289,1.2321857381094516
Ship,step2_results\resampled\Ship\m1454_refined_simplified.obj,.obj,5104,10156,10156,triangles,0.02500000037252903,0.02500000037252903,0.02500000037252903,0.6373770236968994,0.8209909796714783,0.9750000238418579,0.6123770233243704,0.7959909792989492,0.9500000234693289,1.3824280460163711
Ship,step2_results\resampled\Ship\m1455_refined_simplified.obj,.obj,5103,10154,10154,triangles,0.02500000037252903,0.02500000037252903,0.02500000037252903,0.4024389982223511,0.7060940265655518,0.9750000238418579,0.37743899784982204,0.6810940261930227,0.9500000234693289,1.2283522761021877
Ship,step2_results\resampled\Ship\m1456_refined_simplified.obj,.obj,5102,10130,10130,triangles,0.02500000037252903,0.02500000037252903,0.02500000037252903,0.8828439712524414,0.9750000238418579,0.27011701464653015,0.8578439708799124,0.9500000234693289,0.24511701427400112,1.3032569484385426
Ship,step2_results\resampled\Ship\m1457_refined_simplified.obj,.obj,5155,10050,10050,triangles,0.02500000037252903,0.02500000037252903,0.02500000037252903,0.37519699335098267,0.5973299741744995,0.9750000238418579,0.35019699297845364,0.5723299738019705,0.9500000234693289,1.1630561368201626
Ship,step2_results\resampled\Ship\m1458_refined_simplified.obj,.obj,5101,9985,9985,triangles,0.02500000037252903,0.02500000037252903,0.02500000037252903,0.9750000238418579,0.8908799886703491,0.5548139810562134,0.9500000234693289,0.8658799882978201,0.5298139806836843,1.3903061004161097
Ship,step2_results\resampled\Ship\m1459_refined_simplified.obj,.obj,5105,10012,10012,triangles,0.02500000037252903,0.02500000037252903,0.02500000037252903,0.9750000238418579,0.6644049882888794,0.4202600121498108,0.9500000234693289,0.6394049879163504,0.39526001177728176,1.211432730313248
Ship,step2_results\resampled\Ship\m1460_refined_simplified.obj,.obj,5123,9968,9968,triangles,0.02500000037252903,0.02500000037252903,0.02500000037252903,0.6778889894485474,0.5188390016555786,0.9750000238418579,0.6528889890760183,0.4938390012830496,0.9500000234693289,1.2540498538083207
Ship,step2_results\resampled\Ship\m1461_simplified.obj,.obj,9040,14000,14000,triangles,0.02500000037252903,0.02500000037252903,0.02500000037252903,0.718675971031189,0.5133990049362183,0.9750000238418579,0.6936759706586599,0.48839900456368923,0.9500000234693289,1.273663999852301
Ship,step2_results\resampled\Ship\m1462_refined_simplified.obj,.obj,5127,9920,9920,triangles,0.02500000037252903,0.02500000037252903,0.02500000037252903,0.5483580231666565,0.5249519944190979,0.9750000238418579,0.5233580227941275,0.49995199404656887,0.9500000234693289,1.1943013275408532
Ship,step2_results\resampled\Ship\m1463_refined_simplified.obj,.obj,5093,10147,10147,triangles,0.02500000037252903,0.02500000037252903,0.02500000037252903,0.9750000238418579,0.1641550064086914,0.12240999937057495,0.9500000234693289,0.13915500603616238,0.09740999899804592,0.9650662506799463
Ship,step2_results\resampled\Ship\m1464_refined_simplified.obj,.obj,5122,10004,10004,triangles,0.02500000037252903,0.02500000037252903,0.02500000037252903,0.1937199980020523,0.34244099259376526,0.9750000238418579,0.16871999762952328,0.31744099222123623,0.9500000234693289,1.0157437008095274
Ship,step2_results\resampled\Ship\m1465_simplified.obj,.obj,6542,9870,9870,triangles,0.02500000037252903,0.02500000037252903,0.02500000037252903,0.9750000238418579,0.22725200653076172,0.151761993765831,0.9500000234693289,0.2022520061582327,0.12676199339330196,0.9795277033120598
Ship,step2_results\resampled\Ship\m1466_simplified.obj,.obj,6529,12535,12535,triangles,0.02500000037252903,0.02500000037252903,0.02500000037252903,0.16951599717140198,0.21258899569511414,0.9750000238418579,0.14451599679887295,0.1875889953225851,0.9500000234693289,0.9790682045131658
Ship,step2_results\resampled\Ship\m1467_refined_simplified.obj,.obj,5107,10142,10142,triangles,0.02500000037252903,0.02500000037252903,0.02500000037252903,0.1595270037651062,0.2947329878807068,0.9750000238418579,0.13452700339257717,0.26973298750817776,0.9500000234693289,0.9966711813750805
Ship,step2_results\resampled\Ship\m1468_refined_simplified.obj,.obj,5141,9392,9392,triangles,0.02500000037252903,0.02500000037252903,0.02500000037252903,0.9750000238418579,0.22714799642562866,0.17899300158023834,0.9500000234693289,0.20214799605309963,0.1539930012077093,0.9834010887328563
Ship,step2_results\resampled\Ship\m1469_refined_simplified.obj,.obj,5151,9776,9776,triangles,0.02500000037252903,0.02500000037252903,0.02500000037252903,0.1292240023612976,0.28801000118255615,0.9750000238418579,0.10422400198876858,0.2630100008100271,0.9500000234693289,0.9912300175581704
Ship,step2_results\resampled\Ship\m1470_refined_simplified.obj,.obj,5122,9951,9951,triangles,0.02500000037252903,0.02500000037252903,0.02500000037252903,0.12240500003099442,0.16415399312973022,0.9750000238418579,0.09740499965846539,0.1391539927572012,0.9500000234693289,0.9650655999725937
Ship,step2_results\resampled\Ship\m1471_refined_simplified.obj,.obj,5105,8129,8129,triangles,0.02500000037252903,0.02500000037252903,0.02500000037252903,0.9750000238418579,0.3503130078315735,0.4531559944152832,0.9500000234693289,0.32531300745904446,0.4281559940427542,1.0916254635398135
Sign,step2_results\resampled\Sign\m1670_refined_simplified.obj,.obj,5160,8961,8961,triangles,0.02500000037252903,0.02500000037252903,0.02500000037252903,0.33560699224472046,0.9750000238418579,0.06853599846363068,0.31060699187219143,0.9500000234693289,0.043535998091101646,1.000435970525553
Sign,step2_results\resampled\Sign\m1671_refined_simplified.obj,.obj,5063,9351,9351,triangles,0.02500000037252903,0.02500000037252903,0.02500000037252903,0.33883801102638245,0.9750000238418579,0.07553199678659439,0.3138380106538534,0.9500000234693289,0.05053199641406536,1.0017723414950548
Sign,step2_results\resampled\Sign\m1672_refined_simplified.obj,.obj,5102,9499,9499,triangles,0.02500000037252903,0.02500000037252903,0.02500000037252903,0.6707519888877869,0.9750000238418579,0.11303000152111053,0.6457519885152578,0.9500000234693289,0.0880300011485815,1.1520611773535963
Sign,step2_results\resampled\Sign\m1673_refined_simplified.obj,.obj,5158,9531,9531,triangles,0.02500000037252903,0.02500000037252903,0.02500000037252903,0.42899999022483826,0.9750000238418579,0.07255499809980392,0.4039999898523092,0.9500000234693289,0.047554997727274895,1.0334299754706329
Sign,step2_results\resampled\Sign\m1674_refined_simplified.obj,.obj,5100,10178,10178,triangles,0.02500000037252903,0.02500000037252903,0.02500000037252903,0.5964019894599915,0.9750000238418579,0.0837780013680458,0.5714019890874624,0.9500000234693289,0.05877800099551678,1.1101599574502148
Sign,step2_results\resampled\Sign\m1675_refined_simplified.obj,.obj,5138,9984,9984,triangles,0.02500000037252903,0.02500000037252903,0.02500000037252903,0.3186340034008026,0.9750000238418579,0.04499199986457825,0.2936340030282736,0.9500000234693289,0.019991999492049217,0.9945454501277574
Sign,step2_results\resampled\Sign\m1676_refined_simplified.obj,.obj,5103,10178,10178,triangles,0.02500000037252903,0.02500000037252903,0.02500000037252903,0.2319590002298355,0.9750000238418579,0.05774499848484993,0.20695899985730648,0.9500000234693289,0.0327449981123209,0.9728331342604639
Sign,step2_results\resampled\Sign\m1678_refined_simplified.obj,.obj,5150,9475,9475,triangles,0.02500000037252903,0.02500000037252903,0.02500000037252903,0.20924100279808044,0.9750000238418579,0.04540399834513664,0.18424100242555141,0.9500000234693289,0.020403997972607613,0.9679158613742022
Sign,step2_results\resampled\Sign\m1679_refined_simplified.obj,.obj,5102,10122,10122,triangles,0.02500000037252903,0.02500000037252903,0.02500000037252903,0.15441399812698364,0.9750000238418579,0.08402200043201447,0.1294139977544546,0.9500000234693289,0.059022000059485435,0.9605892066318137
Sign,step2_results\resampled\Sign\m1680_refined_simplified.obj,.obj,5100,10188,10188,triangles,0.02500000037252903,0.02500000037252903,0.02500000037252903,0.37756800651550293,0.9750000238418579,0.052018001675605774,0.3525680061429739,0.9500000234693289,0.027018001303076744,1.013673623974586
Sign,step2_results\resampled\Sign\m1681_kept.obj,.obj,6540,13032,13032,triangles,0.02500000037252903,0.02500000037252903,0.02500000037252903,0.41661301255226135,0.9750000238418579,0.0576310008764267,0.3916130121797323,0.9500000234693289,0.03263100050389767,1.0280688586345246
Sign,step2_results\resampled\Sign\m1682_refined_simplified.obj,.obj,5108,10036,10036,triangles,0.02500000037252903,0.02500000037252903,0.02500000037252903,0.9750000238418579,0.8527420163154602,0.35730698704719543,0.9500000234693289,0.8277420159429312,0.3323069866746664,1.3031058371988784
Sign,step2_results\resampled\Sign\m1683_refined_simplified.obj,.obj,5112,10120,10120,triangles,0.02500000037252903,0.02500000037252903,0.02500000037252903,0.9704920053482056,0.9750000238418579,0.35865700244903564,0.9454920049756765,0.9500000234693289,0.3336570020765066,1.3812248807125262
Sign,step2_results\resampled\Sign\m1684_refined_simplified.obj,.obj,5100,10188,10188,triangles,0.02500000037252903,0.02500000037252903,0.025000000372529026,0.9750000238418584,0.9423300027847316,0.1042070016264922,0.9500000234693293,0.9173300024122025,0.07920700125396317,1.32297699411779
Sign,step2_results\resampled\Sign\m1685_refined_simplified.obj,.obj,5114,10052,10052,triangles,0.02500000037252903,0.02500000037252903,0.02500000037252903,0.8074619770050049,0.9750000238418579,0.30696600675582886,0.7824619766324759,0.9500000234693289,0.2819660063832998,1.2626367720857308
Skyscraper,step2_results\resampled\Skyscraper\D00006_simplified.obj,.obj,16662,8978,8978,triangles,-0.8654900193214417,-0.38378599286079407,-0.42766401171684265,1.0593700408935547,0.4525339901447296,0.32560598850250244,1.9248600602149963,0.8363199830055237,0.7532700002193451,2.2297831864590987
Skyscraper,step2_results\resampled\Skyscraper\D00058_simplified.obj,.obj,30707,8979,8979,triangles,-0.8667309880256653,-0.3165315091609955,-0.18560700118541718,0.9661459922790527,0.23656199872493744,0.20952199399471283,1.832876980304718,0.5530935078859329,0.39512899518013,1.9548599377522082
Skyscraper,step2_results\resampled\Skyscraper\D00059_refined_simplified.obj,.obj,5128,8639,8639,triangles,-0.9211680293083191,-0.36932700872421265,-0.3136099874973297,0.9901689887046814,0.2657809853553772,0.3288170099258423,1.9113370180130005,0.6351079940795898,0.642426997423172,2.1140680707084107
Skyscraper,step2_results\resampled\Skyscraper\D00105_simplified.obj,.obj,6543,12526,12526,triangles,-1.0301799774169922,-0.30471500754356384,-0.2062930017709732,0.5165629982948303,0.18433299660682678,0.17632900178432465,1.5467429757118225,0.4890480041503906,0.38262200355529785,1.6667277464787147
Skyscraper,step2_results\resampled\Skyscraper\D00125_simplified.obj,.obj,6540,12553,12553,triangles,-0.9859679937362671,-0.20807300508022308,-0.1667640060186386,0.5597400069236755,0.25884801149368286,0.1840440034866333,1.5457080006599426,0.46692101657390594,0.3508080095052719,1.6523603476710573
Skyscraper,step2_results\resampled\Skyscraper\D00126_simplified.obj,.obj,9084,12222,12222,triangles,-0.789563000202179,-0.29139798879623413,-0.21888700127601624,1.0617550015449524,0.3811019957065582,0.15625600516796112,1.8513180017471313,0.6724999845027924,0.37514300644397736,2.005085247073818
Skyscraper,step2_results\resampled\Skyscraper\D00130_refined_simplified.obj,.obj,5097,9810,9810,triangles,-0.941440999507904,-0.1796720027923584,-0.18570899963378906,0.8763530252209918,0.22912900149822235,0.20734499394893646,1.817794024728896,0.40880100429058075,0.3930539935827255,1.904201885126783
Skyscraper,step2_results\resampled\Skyscraper\D00259_simplified.obj,.obj,16488,8966,8966,triangles,-0.9138854742050171,-0.18257300555706024,-0.12942300736904144,0.683791995048523,0.11705999821424484,0.1389549970626831,1.59767746925354,0.2996330037713051,0.26837800443172455,1.647537552219119
Skyscraper,step2_results\resampled\Skyscraper\D00300_kept.obj,.obj,6372,10967,10967,triangles,-0.8816440105438232,-0.1824750006198883,-0.19238300621509552,0.9007840156555176,0.22764599323272705,0.19267000257968903,1.7824280261993408,0.41012099385261536,0.38505300879478455,1.8690946251491527
Skyscraper,step2_results\resampled\Skyscraper\D00520_simplified.obj,.obj,21074,8983,8983,triangles,-0.857574999332428,-0.3780730068683624,-0.2556839883327484,1.1101800203323364,0.2744539976119995,0.2666989862918854,1.9677550196647644,0.6525270044803619,0.5223829746246338,2.1379278007382925
Skyscraper,step2_results\resampled\Skyscraper\D00532_simplified.obj,.obj,9066,9710,9710,triangles,-0.906174510717392,-0.29371199011802673,-0.256521999835968,1.0035137236118317,0.42910701036453247,0.2290399968624115,1.9096882343292236,0.7228190004825592,0.4855619966983795,2.0988441848864796
Skyscraper,step2_results\resampled\Skyscraper\D00584_simplified.obj,.obj,9013,13304,13304,triangles,-0.7973660230636597,-0.29321399331092834,-0.17946499586105347,1.1175400018692017,0.3685869872570038,0.26706600189208984,1.9149060249328613,0.6618009805679321,0.4465309977531433,2.0746651667580642
Skyscraper,step2_results\resampled\Skyscraper\D00589_kept.obj,.obj,5516,10976,10976,triangles,-0.8910009860992432,-0.2497519999742508,-0.21074099838733673,0.8423399925231934,0.1854490041732788,0.22190800309181213,1.7333409786224365,0.4352010041475296,0.43264900147914886,1.8387648084145258
Skyscraper,step2_results\resampled\Skyscraper\D00641_refined_simplified.obj,.obj,5138,9935,9935,triangles,-0.8672320246696472,-0.18314899504184723,-0.2056789994239807,1.0021799802780151,0.2677589952945709,0.21675199270248413,1.8694120049476624,0.45090799033641815,0.42243099212646484,1.9688746031935642
Skyscraper,step2_results\resampled\Skyscraper\D00664_simplified.obj,.obj,6513,9406,9406,triangles,-0.7713689804077148,-0.28435298800468445,-0.2481040060520172,0.7792344838380814,0.30120500922203064,0.26777100563049316,1.5506034642457962,0.5855579972267151,0.5158750116825104,1.7359079178129397
Skyscraper,step2_results\resampled\Skyscraper\D00729_simplified.obj,.obj,8917,12625,12625,triangles,-1.0828649997711182,-0.3667519986629486,-0.3316659927368164,0.8272757679224014,0.600892499089241,0.3476479947566986,1.9101407676935196,0.9676444977521896,0.679313987493515,2.2464285254686414
Skyscraper,step2_results\resampled\Skyscraper\D00822_simplified.obj,.obj,6505,12801,12801,triangles,-0.9628530144691467,-0.20790299773216248,-0.20802000164985657,0.7638760209083557,0.1923370063304901,0.1856199949979782,1.7267290353775024,0.4002400040626526,0.3936399966478348,1.8156920634922376
Skyscraper,step2_results\resampled\Skyscraper\D00870_simplified.obj,.obj,9282,8998,8998,triangles,-0.8770660161972046,-0.3968920111656189,-0.2314859926700592,1.0381749868392944,0.23909499496221542,0.21762649714946747,1.915241003036499,0.6359870061278343,0.4491124898195267,2.0674451867431927
Skyscraper,step2_results\resampled\Skyscraper\D00872_refined.obj,.obj,5417,10688,10688,triangles,-1.251230001449585,-0.24728700518608093,-0.1813410073518753,0.4516949951648712,0.25722798705101013,0.373555988073349,1.7029249966144562,0.5045149922370911,0.5548969954252243,1.860752427653469
Skyscraper,step2_results\resampled\Skyscraper\D00998_refined_simplified.obj,.obj,5119,8324,8324,triangles,-1.177970051765442,-0.18578700721263885,-0.16049499809741974,0.46710601449012756,0.16659000515937805,0.17230400443077087,1.6450760662555695,0.3523770123720169,0.3327990025281906,1.714992710975439
Spoon,step2_results\resampled\Spoon\D00014_refined_simplified.obj,.obj,5100,10193,10193,triangles,3.419584035873413,0.8359410166740417,-0.025512000545859337,4.279628753662109,5.102340221405029,0.27828601002693176,0.8600447177886963,4.2663992047309875,0.3037980105727911,4.362812432589032
Spoon,step2_results\resampled\Spoon\D00085_refined_simplified.obj,.obj,5156,10304,10304,triangles,-1.4221370220184326,1.32852303981781,-0.0010130000300705433,3.045569896697998,2.2119269371032715,0.3489220142364502,4.467706918716431,0.8834038972854614,0.34993501426652074,4.567631998256374
Spoon,step2_results\resampled\Spoon\D00144_refined_simplified.obj,.obj,5096,10134,10134,triangles,0.12135600298643112,0.3002859950065613,0.031977999955415726,0.18604899942874908,0.6186460256576538,0.055897001177072525,0.06469299644231796,0.31836003065109253,0.0239190012216568,0.3257459309404984
Spoon,step2_results\resampled\Spoon\D00157_refined_simplified.obj,.obj,5123,9684,9684,triangles,-0.8848459720611572,-0.6883999705314636,0.0,0.9222859740257263,6.321997165679932,0.4557360112667084,1.8071319460868835,7.010397136211395,0.4557360112667084,7.253901652899216
Spoon,step2_results\resampled\Spoon\D00196_refined_simplified.obj,.obj,5119,10170,10170,triangles,0.11268000304698944,-0.10232800245285034,0.0,0.14601799845695496,0.10509400069713593,0.019050000235438347,0.033337995409965515,0.20742200314998627,0.019050000235438347,0.21094599270353062
Spoon,step2_results\resampled\Spoon\D00338_refined_simplified.obj,.obj,5084,10053,10053,triangles,-0.5389770269393921,0.16909100115299225,2.6479723747030448e-08,13.447721424564278,12.13092041015625,4.74391508102417,13.98669845150367,11.961829409003258,4.743915054544447,19.005731409975358
Spoon,step2_results\resampled\Spoon\D00422_refined_simplified.obj,.obj,5109,9916,9916,triangles,-0.02784300036728382,-0.11695700138807297,0.06464699655771255,0.03943200036883354,-0.0933149978518486,0.1060980036854744,0.06727500073611736,0.023642003536224365,0.04145100712776184,0.08248064043857323
Spoon,step2_results\resampled\Spoon\D00474_refined_simplified.obj,.obj,5112,10111,10111,triangles,-0.1502559930086136,0.020604999735951424,0.0,-0.016979999840259552,0.04324999824166298,0.006850000005215406,0.13327599316835403,0.022644998505711555,0.006850000005215406,0.13535955382759757
Spoon,step2_results\resampled\Spoon\D00497_refined_simplified.obj,.obj,5114,10224,10224,triangles,0.006004999857395887,0.035645000636577606,-0.0,0.054753001779317856,0.058795999735593796,0.2480420023202896,0.04874800192192197,0.02315099909901619,0.2480420023202896,0.2538447780942537
Spoon,step2_results\resampled\Spoon\D00517_refined_simplified.obj,.obj,5104,9969,9969,triangles,-10.1766996383667,-10.1766996383667,0.0,10.176699638366703,69.78179931640626,10.176699638366742,20.353399276733402,79.95849895477296,10.176699638366742,83.13355299004184
Spoon,step2_results\resampled\Spoon\D00562_refined_simplified.obj,.obj,5097,10059,10059,triangles,-4.919050216674805,10.806300163269043,0.344215989112854,-3.8188700675964355,11.712900161743164,0.45606398582458496,1.1001801490783691,0.9065999984741211,0.11184799671173096,1.4299754865129004
Spoon,step2_results\resampled\Spoon\D00593_refined_simplified.obj,.obj,5114,10224,10224,triangles,0.0,0.0,0.0,1.5975840091705322,0.31181100010871887,8.357558250427246,1.5975840091705322,0.31181100010871887,8.357558250427246,8.514592220149519
Spoon,step2_results\resampled\Spoon\D00661_refined_simplified.obj,.obj,5097,9695,9695,triangles,2.737790107727051,-0.5918840169906616,0.011548999696969986,4.410130023956299,-0.20866699516773224,0.18198299407958984,1.672339916229248,0.3832170218229294,0.17043399438261986,1.7241298755226355
Spoon,step2_results\resampled\Spoon\D00669_refined_simplified.obj,.obj,5100,10196,10196,triangles,-0.3365499973297119,-0.044449999928474426,0.018272999674081802,0.3365499973297119,1.0836189985275269,0.6696569919586182,0.6730999946594238,1.1280689984560013,0.6513839922845364,1.4662552211305449
Spoon,step2_results\resampled\Spoon\D00674_refined_simplified.obj,.obj,5090,10008,10008,triangles,-0.5599250197410583,-2.1786839962005615,-0.2575570046901703,1.0509929656982422,1.5161409378051758,0.2637139859670871,1.6109179854393005,3.6948249340057373,0.5212709906572575,4.064297171032541
Spoon,step2_results\resampled\Spoon\D00683_refined_simplified.obj,.obj,5078,10081,10081,triangles,-1.884310007095337,1.3668299913406372,0.002340999897569418,-1.8404700756072998,1.520780086517334,0.0450626015663147,0.04383993148803711,0.15395009517669678,0.04272160166874528,0.16567349409888332
Spoon,step2_results\resampled\Spoon\D00790_refined_simplified.obj,.obj,5108,9978,9978,triangles,-0.018030999228379363,-3.277824878692627,-0.0,13.033793449401855,8.96806526184082,11.785622596740723,13.051824448630235,12.245890140533447,11.785622596740723,21.429252127983418
Spoon,step2_results\resampled\Spoon\D00842_refined_simplified.obj,.obj,5103,10117,10117,triangles,0.48266100883483887,1.8353530168533325,-0.2984499931335449,1.2102420330047607,1.9647910594940186,-0.2583619952201843,0.7275810241699219,0.12943804264068604,0.040087997913360596,0.7400914816369029
Spoon,step2_results\resampled\Spoon\D00927_refined_simplified.obj,.obj,5100,10196,10196,triangles,-0.12847900390625,-0.08558300137519836,-0.0,0.6662260293960571,0.0864420011639595,0.11714400351047516,0.7947050333023071,0.17202500253915787,0.11714400351047516,0.8215055745477815
Spoon,step2_results\resampled\Spoon\D00964_refined_simplified.obj,.obj,5088,10049,10049,triangles,-2.809999942779548,-5.619999885559082,0.8799999952316284,2.80999995016478,19.855871200561523,3.137549877166749,5.619999892944328,25.475871086120605,2.2575498819351205,26.18589196232879
Starship,step2_results\resampled\Starship\m1353_refined_simplified.obj,.obj,5117,9885,9885,triangles,0.02500000037252903,0.02500000037252903,0.02500000037252903,0.4899879992008209,0.9750000238418579,0.33610600233078003,0.4649879988282919,0.9500000234693289,0.311106001958251,1.1024975410859257
Starship,step2_results\resampled\Starship\m1354_kept.obj,.obj,5720,11360,11360,triangles,0.02500000037252903,0.02500000037252903,0.02500000037252903,0.9750000238418579,0.27981099486351013,0.5048779845237732,0.9500000234693289,0.2548109944909811,0.47987798415124416,1.0944000946538108
Starship,step2_results\resampled\Starship\m1355_simplified.obj,.obj,6576,11203,11203,triangles,0.02500000037252903,0.02500000037252903,0.02500000037252903,0.8592519760131836,0.9750000238418579,0.32801100611686707,0.8342519756406546,0.9500000234693289,0.30301100574433804,1.3001123309369294
Starship,step2_results\resampled\Starship\m1356_refined_simplified.obj,.obj,5116,9264,9264,triangles,0.02500000037252903,0.02500000037252903,0.02500000037252903,0.9750000238418579,0.6144449710845947,0.6887680292129517,0.9500000234693289,0.5894449707120657,0.6637680288404226,1.3002051431217205
Starship,step2_results\resampled\Starship\m1357_simplified.obj,.obj,7033,6490,6490,triangles,0.02500000037252903,0.02509699948132038,0.02500000037252903,0.9750000238418579,0.16797800362110138,0.42287200689315796,0.9500000234693289,0.142881004139781,0.39787200652062893,1.0398159257813226
Starship,step2_results\resampled\Starship\m1358_refined_simplified.obj,.obj,5108,9399,9399,triangles,0.02500000037252903,0.02500000037252903,0.02500000037252903,0.45471999049186707,0.23064200580120087,0.9750000238418579,0.42971999011933804,0.20564200542867184,0.9500000234693289,1.0627548865550398
Starship,step2_results\resampled\Starship\m1359_refined_simplified.obj,.obj,5106,10163,10163,triangles,0.02500000037252903,0.02500000037252903,0.02500000037252903,0.4712119996547699,0.35606101155281067,0.9750000238418579,0.44621199928224087,0.33106101118028164,0.9500000234693289,1.1005483115333423
Starship,step2_results\resampled\Starship\m1360_refined_simplified.obj,.obj,5109,7072,7072,triangles,0.02500000037252903,0.02500000037252903,0.02500000037252903,0.4398150146007538,0.23260000348091125,0.9750000238418579,0.41481501422822475,0.20760000310838223,0.9500000234693289,1.057198799616935
Starship,step2_results\resampled\Starship\m1361_refined_simplified.obj,.obj,5147,10165,10165,triangles,0.02500000037252903,0.02500000037252903,0.02500000037252903,0.8417559862136841,0.21772000193595886,0.9750000238418579,0.816755985841155,0.19272000156342983,0.9500000234693289,1.2675690845084897
Starship,step2_results\resampled\Starship\m1362_simplified.obj,.obj,9084,14956,14956,triangles,0.02500000037252903,0.02500000037252903,0.02500000037252903,0.9750000238418579,0.22279799729585648,0.7189000248908997,0.9500000234693289,0.19779799692332745,0.6939000245183706,1.1929464934376568
Starship,step2_results\resampled\Starship\m1364_simplified.obj,.obj,6579,9963,9963,triangles,0.02500000037252903,0.02500000037252903,0.02500000037252903,0.8592510223388672,0.9750000238418579,0.32801100611686707,0.8342510219663382,0.9500000234693289,0.30301100574433804,1.3001117189864109
Starship,step2_results\resampled\Starship\m1365_refined_simplified.obj,.obj,5098,9558,9558,triangles,0.02500000037252903,0.02500000037252903,0.02500000037252903,0.9750000238418579,0.7504439949989319,0.20100699365139008,0.9500000234693289,0.7254439946264029,0.17600699327886105,1.2082001057831036
Starship,step2_results\resampled\Starship\m1366_refined_simplified.obj,.obj,5098,10067,10067,triangles,0.02500000037252903,0.02500000037252903,0.02500000037252903,0.4767870008945465,0.9750000238418579,0.2455350011587143,0.4517870005220175,0.9500000234693289,0.22053500078618526,1.0748242763373785
Starship,step2_results\resampled\Starship\m1368_simplified.obj,.obj,9062,16663,16663,triangles,0.02500000037252903,0.02500000037252903,0.02500000037252903,0.3607940077781677,0.13669987674802542,0.9750000238418579,0.3357940074056387,0.11169987637549639,0.9500000234693289,1.0137724213962247
Starship,step2_results\resampled\Starship\m1369_refined_simplified.obj,.obj,5136,9581,9581,triangles,0.02500000037252903,0.02500000037252903,0.02500000037252903,0.9750000238418579,0.40535199642181396,0.20091299712657928,0.9500000234693289,0.38035199604928493,0.17591299675405025,1.0383222370330856
Starship,step2_results\resampled\Starship\m1370_refined_simplified.obj,.obj,5158,9525,9525,triangles,0.02500000037252903,0.02500000037252903,0.02500000037252903,0.4325070083141327,0.2561889886856079,0.9750000238418579,0.40750700794160366,0.23118898831307888,0.9500000234693289,1.0592499017844978
Starship,step2_results\resampled\Starship\m1371_refined.obj,.obj,5531,9652,9652,triangles,0.02500000037252903,0.02500000037252903,0.02500000037252903,0.4215199947357178,0.2205449938774109,0.9750000238418579,0.39651999436318874,0.19554499350488186,0.9500000234693289,1.0478387256664705
Starship,step2_results\resampled\Starship\m1372_refined_simplified.obj,.obj,5111,9755,9755,triangles,0.02500000037252903,0.02500000037252903,0.02500000037252903,0.7468010187149048,0.9750000238418579,0.18723300099372864,0.7218010183423758,0.9500000234693289,0.1622330006211996,1.2040831786726256
Starship,step2_results\resampled\Starship\m1373_kept.obj,.obj,6063,11589,11589,triangles,0.02500000037252903,0.02500000037252903,0.02500000037252903,0.4685570001602173,0.9750000238418579,0.26704299449920654,0.44355699978768826,0.9500000234693289,0.2420429941266775,1.0760240088669897
Starship,step2_results\resampled\Starship\m1374_simplified.obj,.obj,6455,12497,12497,triangles,0.02500000037252903,0.02500000037252903,0.02500000037252903,0.38293400406837463,0.9750000238418579,0.16353900730609894,0.3579340036958456,0.9500000234693289,0.1385390069335699,1.0246022896888347
Starship,step2_results\resampled\Starship\m1375_refined_simplified.obj,.obj,5100,10110,10110,triangles,0.02500000037252903,0.02500000037252903,0.02500000037252903,0.8278170228004456,0.4103519916534424,0.9750000238418579,0.8028170224279165,0.38535199128091335,0.9500000234693289,1.3021180335422424
Starship,step2_results\resampled\Starship\m1376_refined_simplified.obj,.obj,5100,10192,10192,triangles,0.02500000037252903,0.02500000037252903,0.02500000037252903,0.9750000238418579,0.17106500267982483,0.2529999911785126,0.9500000234693289,0.1460650023072958,0.22799999080598354,0.9878355254283399
Starship,step2_results\resampled\Starship\m1378_refined_simplified.obj,.obj,5110,9675,9675,triangles,0.02500000037252903,0.02500000037252903,0.02500000037252903,0.9750000238418579,0.15102100372314453,0.9750000238418579,0.9500000234693289,0.1260210033506155,0.9500000234693289,1.3494003788605318
Starship,step2_results\resampled\Starship\m1379_refined_simplified.obj,.obj,5120,9953,9953,triangles,0.02500000037252903,0.02500000037252903,0.02500000037252903,0.9749869704246521,0.11309199780225754,0.9750000238418579,0.9499869700521231,0.08809199742972851,0.9500000234693289,1.346378656943023
Starship,step2_results\resampled\Starship\m1380_simplified.obj,.obj,9024,15303,15303,triangles,0.02500000037252903,0.02500000037252903,0.02500000037252903,0.9750000238418579,0.38665899634361267,0.9750000238418579,0.9500000234693289,0.36165899597108364,0.9500000234693289,1.3913293350426645
Starship,step2_results\resampled\Starship\m1381_simplified.obj,.obj,9007,17651,17651,triangles,0.02516175014898181,0.02500000037252903,0.025033249985426664,0.9748382568359375,0.44905099272727966,0.9748382568359375,0.9496765066869557,0.42405099235475063,0.9498050068505108,1.4084865148479366
Starship,step2_results\resampled\Starship\m1382_simplified.obj,.obj,6500,12974,12974,triangles,0.02500000037252903,0.02500000037252903,0.02500000037252903,0.9750000238418579,0.2833789885044098,0.9750000238418579,0.9500000234693289,0.25837898813188076,0.9500000234693289,1.368122725010993
Starship,step2_results\resampled\Starship\m1383_simplified.obj,.obj,6573,8238,8238,triangles,0.025252999737858772,0.02500000037252903,0.02500000037252903,0.9747470021247864,0.24170899391174316,0.9747470021247864,0.9494940023869276,0.21670899353921413,0.9497470017522573,1.360338566602788
Starship,step2_results\resampled\Starship\m1384_refined_simplified.obj,.obj,5131,9905,9905,triangles,0.02500000037252903,0.02500000037252903,0.02500000037252903,0.9562410116195679,0.19520500302314758,0.9750000238418579,0.9312410112470388,0.17020500265061855,0.9500000234693289,1.3411486153843764
Starship,step2_results\resampled\Starship\m1385_simplified.obj,.obj,9108,16698,16698,triangles,0.02500000037252903,0.02500000037252903,0.02500000037252903,0.9750000238418579,0.3129970133304596,0.9750000238418579,0.9500000234693289,0.28799701295793056,0.9500000234693289,1.3740241514093343
Starship,step2_results\resampled\Starship\m1386_refined_simplified.obj,.obj,5103,10176,10176,triangles,0.02500000037252903,0.02500000037252903,0.02500000037252903,0.9750000238418579,0.36141499876976013,0.9317629933357239,0.9500000234693289,0.3364149983972311,0.9067629929631948,1.3556895740345227
SubmachineGun,step2_results\resampled\SubmachineGun\D00052_refined_simplified.obj,.obj,5126,10012,10012,triangles,-1.0699599981307983,-0.3136740028858185,-0.09149199724197388,0.6012250185012817,0.4601919949054718,0.13335800170898438,1.67118501663208,0.7738659977912903,0.22484999895095825,1.8553397167045502
SubmachineGun,step2_results\resampled\SubmachineGun\D00060_refined_simplified.obj,.obj,5115,9871,9871,triangles,-0.9093520045280457,-0.1953119933605194,-0.0601079985499382,1.055359959602356,0.31678900122642517,0.03246999904513359,1.9647119641304016,0.5121009945869446,0.09257799759507179,2.032464321038082
SubmachineGun,step2_results\resampled\SubmachineGun\D00062_refined_simplified.obj,.obj,5109,10090,10090,triangles,-0.6681789755821228,-0.26220598816871643,-0.09831500053405762,0.9554359912872314,0.3341990113258362,0.10724200308322906,1.6236149668693542,0.5964049994945526,0.20555700361728668,1.7418605471737365
SubmachineGun,step2_results\resampled\SubmachineGun\D00064_kept.obj,.obj,6530,13248,13248,triangles,-0.8126440048217773,-0.3025279939174652,-0.2535969913005829,1.087209939956665,0.4496240019798279,0.1638759970664978,1.8998539447784424,0.7521519958972931,0.4174729883670807,2.0855362217997153
SubmachineGun,step2_results\resampled\SubmachineGun\D00068_simplified.obj,.obj,9016,17743,17743,triangles,-0.8003010153770447,-0.19946299493312836,-0.04807300120592117,0.8058000206947327,0.3540729880332947,0.03445500135421753,1.6061010360717773,0.553535982966423,0.0825280025601387,1.7008155378276641
SubmachineGun,step2_results\resampled\SubmachineGun\D00119_simplified.obj,.obj,9027,17752,17752,triangles,-1.244480013847351,-0.15109600126743317,-0.16014699637889862,0.7424439787864685,0.3204610049724579,0.17006100714206696,1.9869239926338196,0.47155700623989105,0.3302080035209656,2.06863971929071
SubmachineGun,step2_results\resampled\SubmachineGun\D00219_refined.obj,.obj,5218,10128,10128,triangles,-0.7976760268211365,-0.2545819878578186,-0.05914299935102463,1.1590900421142578,0.5310879945755005,0.06714999675750732,1.9567660689353943,0.7856699824333191,0.12629299610853195,2.11238270460154
SubmachineGun,step2_results\resampled\SubmachineGun\D00256_refined_simplified.obj,.obj,5118,9753,9753,triangles,-0.876583993434906,-0.762328028678894,-0.13851100206375122,0.919526994228363,0.2967039942741394,0.0994660034775734,1.796110987663269,1.0590320229530334,0.23797700554132462,2.0986177738719203
SubmachineGun,step2_results\resampled\SubmachineGun\D00371_simplified.obj,.obj,9026,14849,14849,triangles,-0.687516987323761,-0.2434297502040863,-0.1920669972896576,1.0049799680709839,0.2295054979622364,0.14205700159072876,1.6924969553947449,0.4729352481663227,0.33412399888038635,1.7888131650919954
SubmachineGun,step2_results\resampled\SubmachineGun\D00384_refined_simplified.obj,.obj,5122,9644,9644,triangles,-0.9058250188827515,-0.11894699931144714,-0.03457299992442131,0.8555099964141846,0.2575269937515259,0.042452000081539154,1.761335015296936,0.376473993062973,0.07702500000596046,1.8027663615093763
SubmachineGun,step2_results\resampled\SubmachineGun\D00431_refined.obj,.obj,5482,10832,10832,triangles,-0.9022110104560852,-0.4626069962978363,-0.07889799773693085,0.9657059907913208,0.2796120047569275,0.07624399662017822,1.867917001247406,0.7422190010547638,0.15514199435710907,2.0159543664202655
SubmachineGun,step2_results\resampled\SubmachineGun\D00459_simplified.obj,.obj,9021,17681,17681,triangles,-0.9287340044975281,-0.1314990073442459,-0.07000499963760376,0.813884973526001,0.32769399881362915,0.0669960007071495,1.742618978023529,0.45919300615787506,0.13700100034475327,1.8073041784845012
SubmachineGun,step2_results\resampled\SubmachineGun\D00489_refined_simplified.obj,.obj,5102,10152,10152,triangles,-0.8411870002746582,-0.8081390261650085,-0.0864579975605011,0.8928719758987427,0.6195030212402344,0.09444399923086166,1.7340589761734009,1.427642047405243,0.18090199679136276,2.2534080590985024
SubmachineGun,step2_results\resampled\SubmachineGun\D00537_refined_simplified.obj,.obj,5098,10174,10174,triangles,-0.9486140012741089,-0.23761099576950073,-0.030618999153375626,0.747389018535614,0.19582000374794006,0.029982000589370728,1.696003019809723,0.4334309995174408,0.06060099974274635,1.7515596352154863
SubmachineGun,step2_results\resampled\SubmachineGun\D00613_refined_simplified.obj,.obj,5108,10094,10094,triangles,-0.8788819909095764,-0.2688229978084564,-0.0671909973025322,0.9256389737129211,0.43392500281333923,0.050680000334978104,1.8045209646224976,0.7027480006217957,0.1178709976375103,1.940114490493822
SubmachineGun,step2_results\resampled\SubmachineGun\D00733_refined_simplified.obj,.obj,5157,9193,9193,triangles,-0.7793480157852173,-0.6174759864807129,-0.07568400353193283,0.9423270225524902,0.19111500680446625,0.1471560001373291,1.7216750383377075,0.8085909932851791,0.22284000366926193,1.9151088740049156
SubmachineGun,step2_results\resampled\SubmachineGun\D00878_refined_simplified.obj,.obj,5108,10059,10059,triangles,-0.8880969882011414,-0.3946380019187927,-0.0650629997253418,0.9031310081481934,0.18168599903583527,0.0612649992108345,1.7912279963493347,0.576324000954628,0.1263279989361763,1.8858965645806827
SubmachineGun,step2_results\resampled\SubmachineGun\D00893_refined_simplified.obj,.obj,5118,9971,9971,triangles,-0.9155250191688538,-0.1807750016450882,-0.0795070007443428,0.9498850107192993,0.35685598850250244,0.04273200035095215,1.865410029888153,0.5376309901475906,0.12223900109529495,1.9451848330076948
SubmachineGun,step2_results\resampled\SubmachineGun\D00960_refined_simplified.obj,.obj,5104,9782,9782,triangles,-1.0972800254821777,-0.36975398659706116,-0.0628649964928627,0.6176930069923401,0.3567480146884918,0.04794599860906601,1.7149730324745178,0.726502001285553,0.11081099510192871,1.8658019017629488
SubmachineGun,step2_results\resampled\SubmachineGun\D00970_refined_simplified.obj,.obj,5105,9873,9873,triangles,-0.8476719856262207,-0.16262300312519073,-0.06219099834561348,0.8848320245742798,0.21764199435710907,0.04020800068974495,1.7325040102005005,0.3802649974822998,0.10239899903535843,1.7766983899003435
Sword,step2_results\resampled\Sword\D00066_simplified.obj,.obj,9009,17910,17910,triangles,-1.1684000492095947,-0.16746799647808075,-0.04671650007367134,0.36557599902153015,0.1493930071592331,0.04021700099110603,1.5339760482311249,0.31686100363731384,0.08693350106477737,1.568770488561091
Sword,step2_results\resampled\Sword\D00071_simplified.obj,.obj,9002,17975,17975,triangles,-1.2506300210952759,-0.36844000220298767,-0.039413999766111374,0.37005001306533813,0.21272100508213043,0.046615999191999435,1.620680034160614,0.5811610072851181,0.08602999895811081,1.7238773303910677
Sword,step2_results\resampled\Sword\D00133_simplified.obj,.obj,9003,17898,17898,triangles,-0.3141170144081116,-0.17997999489307404,-0.08341000229120255,1.075160026550293,0.18902599811553955,0.079926997423172,1.3892770409584045,0.3690059930086136,0.16333699971437454,1.4466979971252143
Sword,step2_results\resampled\Sword\D00149_refined_simplified.obj,.obj,5100,10165,10165,triangles,-1.1498000621795654,-0.15289899706840515,-0.05027899891138077,0.6909989714622498,0.22797000408172607,0.06156500056385994,1.8407990336418152,0.3808690011501312,0.11184399947524071,1.8831121470885257
Sword,step2_results\resampled\Sword\D00162_refined_simplified.obj,.obj,5100,10196,10196,triangles,-0.5286610126495361,-0.1733189970254898,-0.04142399877309799,1.308500051498413,0.1838179975748062,0.02486800029873848,1.8371610641479492,0.357136994600296,0.06629199907183647,1.872725884285871
Sword,step2_results\resampled\Sword\D00177_kept.obj,.obj,5076,10136,10136,triangles,-1.0564000606536865,-0.22123199701309204,-0.04110400006175041,0.21427899599075317,0.21665099263191223,0.043765999376773834,1.2706790566444397,0.4378829896450043,0.08486999943852425,1.3466884177195353
Sword,step2_results\resampled\Sword\D00195_refined_simplified.obj,.obj,5096,10053,10053,triangles,-0.746990978717804,-0.14611899852752686,-0.1018960028886795,0.9145489931106567,0.1387690007686615,0.0990699976682663,1.6615399718284607,0.28488799929618835,0.2009660005569458,1.6977230585424
Sword,step2_results\resampled\Sword\D00249_simplified.obj,.obj,9005,17958,17958,triangles,-0.4686509966850281,-0.05697299912571907,-0.03851599991321564,0.9838299751281738,0.06646999716758728,0.03424200043082237,1.452480971813202,0.12344299629330635,0.07275800034403801,1.4595317308737608
Sword,step2_results\resampled\Sword\D00356_refined_simplified.obj,.obj,5101,10108,10108,triangles,-1.2178000211715698,-0.09254100173711777,-0.10628200322389603,0.23831500113010406,0.10780499875545502,0.09526000171899796,1.456115022301674,0.20034600049257278,0.20154200494289398,1.4835864173826798
Sword,step2_results\resampled\Sword\D00484_kept.obj,.obj,6595,13162,13162,triangles,-1.0737700462341309,-0.15535500645637512,-0.033838000148534775,0.45832499861717224,0.17509900033473969,0.049097999930381775,1.532095044851303,0.3304540067911148,0.08293600007891655,1.5695201359559896
Sword,step2_results\resampled\Sword\D00513_refined_simplified.obj,.obj,5141,9386,9386,triangles,-1.2615699768066406,-0.2277269959449768,-0.0696130022406578,0.32641100883483887,0.1902180016040802,0.06644199788570404,1.5879809856414795,0.417944997549057,0.13605500012636185,1.647687043948137
Sword,step2_results\resampled\Sword\D00540_kept.obj,.obj,5573,10922,10922,triangles,-0.6034169793128967,-0.1454859972000122,-0.032972998917102814,0.9934369921684265,0.13921800255775452,0.03545200079679489,1.5968539714813232,0.2847039997577667,0.0684249997138977,1.6234780424445512
Sword,step2_results\resampled\Sword\D00635_refined_simplified.obj,.obj,5100,10196,10196,triangles,-0.8239560127258301,-0.3544049859046936,-0.0928720012307167,0.9211469888687134,0.38075798749923706,0.0988750010728836,1.7451030015945435,0.7351629734039307,0.1917470023036003,1.903317103514496
Sword,step2_results\resampled\Sword\D00712_refined_simplified.obj,.obj,5104,10131,10131,triangles,-1.0905499458312988,-0.15661300718784332,-0.07689099758863449,0.9042590260505676,0.19889700412750244,0.07670799642801285,1.9948089718818665,0.35551001131534576,0.15359899401664734,2.0320538510110286
Sword,step2_results\resampled\Sword\D00807_refined_simplified.obj,.obj,5081,9860,9860,triangles,-0.9626349806785583,-0.125900998711586,-0.035521000623703,0.7613809704780579,0.11181899905204773,0.02666199952363968,1.7240159511566162,0.23771999776363373,0.06218300014734268,1.741438635923333
Sword,step2_results\resampled\Sword\D00808_refined_simplified.obj,.obj,5100,10136,10136,triangles,-0.9408739805221558,-0.1664389967918396,-0.15832899510860443,0.6705600023269653,0.1610019952058792,0.16918399930000305,1.611433982849121,0.3274409919977188,0.3275129944086075,1.6766639036574753
Sword,step2_results\resampled\Sword\D00812_refined_simplified.obj,.obj,5102,10177,10177,triangles,-1.0539400577545166,-0.11418499797582626,-0.036389999091625214,0.38625600934028625,0.11432400345802307,0.07205300033092499,1.4401960670948029,0.22850900143384933,0.1084429994225502,1.4622383388269478
Sword,step2_results\resampled\Sword\D00906_simplified.obj,.obj,9002,17973,17973,triangles,-1.2141300439834595,-0.21204400062561035,-0.057739999145269394,0.3003450036048889,0.12502700090408325,0.05056700110435486,1.5144750475883484,0.3370710015296936,0.10830700024962425,1.5553076660722254
Sword,step2_results\resampled\Sword\D00916_refined_simplified.obj,.obj,5102,10183,10183,triangles,-0.7202759981155396,-0.05384700000286102,-0.02738099917769432,0.9412059783935547,0.08812200278043747,0.027281999588012695,1.6614819765090942,0.1419690027832985,0.054662998765707016,1.6684320781649788
Sword,step2_results\resampled\Sword\D00992_kept.obj,.obj,5856,11648,11648,triangles,-0.9135410189628601,-0.14970000088214874,-0.028824999928474426,0.5738170146942139,0.15379199385643005,0.03463499993085861,1.487358033657074,0.3034919947385788,0.06345999985933304,1.5193315907782559
Sword,step2_results\resampled\Sword\m687_refined_simplified.obj,.obj,5150,10150,10150,triangles,0.02500000037252903,0.02500000037252903,0.02500000037252903,0.45907101035118103,0.9750000238418579,0.1122799962759018,0.434071009978652,0.9500000234693289,0.08727999590337276,1.048110435011743
Sword,step2_results\resampled\Sword\m688_refined_simplified.obj,.obj,5100,10179,10179,triangles,0.02500000037252903,0.02500000037252903,0.02500000037252903,0.11913000047206879,0.9750000238418579,0.3758139908313751,0.09413000009953976,0.9500000234693289,0.3508139904588461,1.017069789843413
Sword,step2_results\resampled\Sword\m689_refined_simplified.obj,.obj,5091,10176,10176,triangles,0.02500000037252903,0.02500000037252903,0.02500000037252903,0.8872690200805664,0.9750000238418579,0.20283399522304535,0.8622690197080374,0.9500000234693289,0.17783399485051632,1.2952346647092483
Sword,step2_results\resampled\Sword\m690_refined_simplified.obj,.obj,5099,10172,10172,triangles,0.02500000037252903,0.02500000037252903,0.02500000037252903,0.1552489995956421,0.9750000238418579,0.15224599838256836,0.13024899922311306,0.9500000234693289,0.12724599801003933,0.9672933321386635
Sword,step2_results\resampled\Sword\m691_simplified.obj,.obj,6579,12486,12486,triangles,0.02500000037252903,0.02500000037252903,0.02500000037252903,0.11588200181722641,0.9750000238418579,0.2366040050983429,0.09088200144469738,0.9500000234693289,0.21160400472581387,0.9775151342021879
Sword,step2_results\resampled\Sword\m692_refined_simplified.obj,.obj,5102,10178,10178,triangles,0.02500000037252903,0.02500000037252903,0.02500000037252903,0.17573000490665436,0.9750000238418579,0.09643500298261642,0.15073000453412533,0.9500000234693289,0.0714350026100874,0.9645322900019916
Sword,step2_results\resampled\Sword\m693_refined_simplified.obj,.obj,5108,9155,9155,triangles,0.02500000037252903,0.02500000037252903,0.02500000037252903,0.11075100302696228,0.9750000238418579,0.11932600289583206,0.08575100265443325,0.9500000234693289,0.09432600252330303,0.958514827115362
Sword,step2_results\resampled\Sword\m694_refined_simplified.obj,.obj,5111,8784,8784,triangles,0.02500000037252903,0.02500000037252903,0.02500000037252903,0.32531899213790894,0.9750000238418579,0.10899999737739563,0.3003189917653799,0.9500000234693289,0.0839999970048666,0.9998737624838033
Sword,step2_results\resampled\Sword\m695_simplified.obj,.obj,6502,12956,12956,triangles,0.02500000037252903,0.02500000037252903,0.02500000037252903,0.09636499732732773,0.26767998933792114,0.9749905169010162,0.0713649969547987,0.2426799889653921,0.9499905165284872,0.983091308744342
Sword,step2_results\resampled\Sword\m696_kept.obj,.obj,5413,10814,10814,triangles,0.02500000037252903,0.02500000037252903,0.02500000037252903,0.2972640097141266,0.13937599956989288,0.9750000238418579,0.27226400934159756,0.11437599919736385,0.9500000234693289,0.9948414972079132
Sword,step2_results\resampled\Sword\m697_refined_simplified.obj,.obj,5101,10186,10186,triangles,0.02500000037252903,0.02500000037252903,0.02500000037252903,0.20353099703788757,0.06507299840450287,0.9750000238418579,0.17853099666535854,0.04007299803197384,0.9500000234693289,0.96746018343564
Sword,step2_results\resampled\Sword\m698_refined_simplified.obj,.obj,5123,9743,9743,triangles,0.02500000037252903,0.02500000037252903,0.02500000037252903,0.2903279960155487,0.9750000238418579,0.10722699761390686,0.2653279956430197,0.9500000234693289,0.08222699724137783,0.9897778886896803
Sword,step2_results\resampled\Sword\m699_refined_simplified.obj,.obj,5094,10167,10167,triangles,0.02500000037252903,0.02500000037252903,0.02500000037252903,0.19693000614643097,0.19683100283145905,0.9750000238418579,0.17193000577390194,0.17183100245893002,0.9500000234693289,0.9806048464509953
Sword,step2_results\resampled\Sword\m700_refined_simplified.obj,.obj,5159,10152,10152,triangles,0.02500000037252903,0.02500000037252903,0.02500000037252903,0.4183709919452667,0.9750000238418579,0.0977339968085289,0.3933709915727377,0.9500000234693289,0.07273399643599987,1.0307914511869976
Sword,step2_results\resampled\Sword\m701_refined_simplified.obj,.obj,5102,10181,10181,triangles,0.02500000037252903,0.02500000037252903,0.02500000037252903,0.044047001749277115,0.3070099949836731,0.9750000238418579,0.019047001376748085,0.28200999461114407,0.9500000234693289,0.9911571368424629
Sword,step2_results\resampled\Sword\m702_refined_simplified.obj,.obj,5103,10178,10178,triangles,0.02500000037252903,0.02500000037252903,0.02500000037252903,0.12357799708843231,0.12357799708843231,0.9750000238418579,0.09857799671590328,0.09857799671590328,0.9500000234693289,0.9601746130078459
Sword,step2_results\resampled\Sword\m703_refined_simplified.obj,.obj,5138,9945,9945,triangles,0.02500000037252903,0.02500000037252903,0.02500000037252903,0.05076000094413757,0.12084099650382996,0.9750000238418579,0.025760000571608543,0.09584099613130093,0.9500000234693289,0.9551696806120966
Sword,step2_results\resampled\Sword\m704_refined_simplified.obj,.obj,5100,10196,10196,triangles,0.02500000037252903,0.02500000037252903,0.02500000037252903,0.05493500083684921,0.08612699806690216,0.9750000238418579,0.029935000464320183,0.06112699769437313,0.9500000234693289,0.9524351204631485
Sword,step2_results\resampled\Sword\m705_simplified.obj,.obj,6504,12956,12956,triangles,0.02500000037252903,0.02500000037252903,0.02500000037252903,0.4660690128803253,0.9750000238418579,0.09460700303316116,0.4410690125077963,0.9500000234693289,0.06960700266063213,1.0497080799944931
Sword,step2_results\resampled\Sword\m707_refined_simplified.obj,.obj,5101,10170,10170,triangles,0.02500000037252903,0.02500000037252903,0.02500000037252903,0.2698169946670532,0.9750000238418579,0.06556099653244019,0.2448169942945242,0.9500000234693289,0.040560996159911156,0.9818760612707771
Sword,step2_results\resampled\Sword\m709_kept.obj,.obj,6594,13160,13160,triangles,0.02500000037252903,0.02500000037252903,0.02500000037252903,0.22979199886322021,0.07643099874258041,0.9750000238418579,0.20479199849069118,0.051430998370051384,0.9500000234693289,0.9731828989613807
Sword,step2_results\resampled\Sword\m710_simplified.obj,.obj,9009,17910,17910,triangles,0.02500000037252903,0.025010500103235245,0.02500000037252903,0.22104300558567047,0.07887750118970871,0.9750000238418579,0.19604300521314144,0.053867001086473465,0.9500000234693289,0.9715114812964257
Sword,step2_results\resampled\Sword\m711_simplified.obj,.obj,6534,11991,11991,triangles,0.02500000037252903,0.02500000037252903,0.02500000037252903,0.22871999442577362,0.055601999163627625,0.9750000238418579,0.2037199940532446,0.030601998791098595,0.9500000234693289,0.9720794015402187
Sword,step2_results\resampled\Sword\m712_refined_simplified.obj,.obj,5136,9744,9744,triangles,0.02500000037252903,0.02500000037252903,0.02500000037252903,0.9750000238418579,0.05649999901652336,0.20900799334049225,0.9500000234693289,0.03149999864399433,0.18400799296796322,0.9681690120957163
Sword,step2_results\resampled\Sword\m713_refined_simplified.obj,.obj,5103,10140,10140,triangles,0.02500000037252903,0.02500000037252903,0.02500000037252903,0.10421399772167206,0.1383029967546463,0.9750000238418579,0.07921399734914303,0.11330299638211727,0.9500000234693289,0.9600064952680901
Sword,step2_results\resampled\Sword\m714_refined_simplified.obj,.obj,5101,10186,10186,triangles,0.02500000037252903,0.02500000037252903,0.02500000037252903,0.20353099703788757,0.06507299840450287,0.9750000238418579,0.17853099666535854,0.04007299803197384,0.9500000234693289,0.96746018343564
Sword,step2_results\resampled\Sword\m715_kept.obj,.obj,5413,10814,10814,triangles,0.02500000037252903,0.02500000037252903,0.02500000037252903,0.2972640097141266,0.13937599956989288,0.9750000238418579,0.27226400934159756,0.11437599919736385,0.9500000234693289,0.9948414972079132
Sword,step2_results\resampled\Sword\m716_refined_simplified.obj,.obj,5099,10155,10155,triangles,0.02500000037252903,0.02500000037252903,0.02500000037252903,0.21077799797058105,0.09569799900054932,0.9750000238418579,0.18577799759805202,0.07069799862802029,0.9500000234693289,0.970572880310013
Sword,step2_results\resampled\Sword\m717_simplified.obj,.obj,9032,17608,17608,triangles,0.02500000037252903,0.02500000037252903,0.02500000037252903,0.16253000497817993,0.05370200052857399,0.9750000238418579,0.1375300046056509,0.02870200015604496,0.9500000234693289,0.9603324172241159
Sword,step2_results\resampled\Sword\m718_refined.obj,.obj,5302,10592,10592,triangles,0.02500000037252903,0.02500000037252903,0.02500000037252903,0.9750000238418579,0.20096799731254578,0.0662740021944046,0.9500000234693289,0.17596799694001675,0.04127400182187557,0.9670410145206869
Sword,step2_results\resampled\Sword\m719_refined_simplified.obj,.obj,5100,10180,10180,triangles,0.02500000037252903,0.02500000037252903,0.02500000037252903,0.19904600083827972,0.1894250065088272,0.9750000238418579,0.1740460004657507,0.16442500613629818,0.9500000234693289,0.979707934801373
Sword,step2_results\resampled\Sword\m720_refined_simplified.obj,.obj,5102,10172,10172,triangles,0.02500000037252903,0.02500000037252903,0.02500000037252903,0.1503099948167801,0.9750000238418579,0.0886090025305748,0.12530999444425106,0.9500000234693289,0.06360900215804577,0.9603378282952755
Sword,step2_results\resampled\Sword\m721_refined_simplified.obj,.obj,5100,10180,10180,triangles,0.02500000037252903,0.02500000037252903,0.02500000037252903,0.18139900267124176,0.10418199747800827,0.9750000238418579,0.15639900229871273,0.07918199710547924,0.9500000234693289,0.9660385505648159
Tool,step2_results\resampled\Tool\D01003_refined_simplified.obj,.obj,5100,10196,10196,triangles,-0.6221209764480591,-0.07923900336027145,-0.9318540096282959,0.5654810070991516,0.07778599858283997,0.8083800077438354,1.1876019835472107,0.15702500194311142,1.7402340173721313,2.112692537445913
Tool,step2_results\resampled\Tool\D01012_refined_simplified.obj,.obj,5100,10196,10196,triangles,-0.6004610061645508,-0.080424003303051,-0.9820110201835632,0.6100500226020813,0.08709800243377686,0.8787729740142822,1.210511028766632,0.16752200573682785,1.8607839941978455,2.2261890409923923
Tool,step2_results\resampled\Tool\D01040_refined_simplified.obj,.obj,5100,10196,10196,triangles,-0.741894006729126,-0.07958000153303146,-0.9601380228996277,0.5139219760894775,0.08422499895095825,0.8541960120201111,1.2558159828186035,0.16380500048398972,1.8143340349197388,2.2126260079720557
Tool,step2_results\resampled\Tool\D01044_kept.obj,.obj,5201,10398,10398,triangles,-0.6036149859428406,-0.0799190029501915,-0.9193300008773804,0.6680700182914734,0.08011700212955475,0.8465070128440857,1.271685004234314,0.16003600507974625,1.765837013721466,2.1819657724045665
Tool,step2_results\resampled\Tool\D01069_kept.obj,.obj,6198,12392,12392,triangles,-0.5787960290908813,-0.07837899774312973,-0.8241750001907349,0.6851549744606018,0.08148200064897537,0.7904000282287598,1.2639510035514832,0.1598609983921051,1.6145750284194946,2.056691566711337
Tool,step2_results\resampled\Tool\D01084_refined_simplified.obj,.obj,5100,10196,10196,triangles,-0.6905590295791626,-0.079646997153759,-0.9752330183982849,0.5110200047492981,0.08500999957323074,0.8563179969787598,1.2015790343284607,0.16465699672698975,1.8315510153770447,2.1966982551633145
Tool,step2_results\resampled\Tool\D01086_refined_simplified.obj,.obj,5100,10196,10196,triangles,-0.6061000227928162,-0.08130499720573425,-0.9621809720993042,0.5874980092048645,0.08304999768733978,0.8411939740180969,1.1935980319976807,0.16435499489307404,1.8033749461174011,2.1688360986065724
Tool,step2_results\resampled\Tool\D01111_refined_simplified.obj,.obj,5100,10196,10196,triangles,-0.7534400224685669,-0.07608100026845932,-0.7358440160751343,0.9598519802093506,0.07591599971055984,0.6822770237922668,1.7132920026779175,0.15199699997901917,1.4181210398674011,2.2292464776595096
Tool,step2_results\resampled\Tool\D01113_refined_simplified.obj,.obj,5100,10196,10196,triangles,-0.7684249877929688,-0.07549899816513062,-0.698498010635376,0.968271017074585,0.07909999787807465,0.6798670291900635,1.7366960048675537,0.15459899604320526,1.3783650398254395,2.2225894910921977
Tool,step2_results\resampled\Tool\D01127_kept.obj,.obj,6104,12204,12204,triangles,-0.7710480093955994,-0.07877399772405624,-0.8788359761238098,0.7249270081520081,0.08208700269460678,0.7354699969291687,1.4959750175476074,0.16086100041866302,1.6143059730529785,2.206762626386622
Tool,step2_results\resampled\Tool\D01131_refined_simplified.obj,.obj,5100,10196,10196,triangles,-0.675741970539093,-0.07954200357198715,-0.9697870016098022,0.5160599946975708,0.08539000153541565,0.8658999800682068,1.1918019652366638,0.1649320051074028,1.835686981678009,2.1948442280382543
Tool,step2_results\resampled\Tool\D01140_refined_simplified.obj,.obj,5100,10196,10196,triangles,-0.7077680230140686,-0.0804930031299591,-0.9752579927444458,0.5047249794006348,0.08386900275945663,0.8378250002861023,1.2124930024147034,0.16436200588941574,1.813082993030548,2.187332642626911
Tool,step2_results\resampled\Tool\D01142_kept.obj,.obj,5110,10216,10216,triangles,-0.7704949975013733,-0.07752300053834915,-0.8167369961738586,0.844980001449585,0.08204399794340134,0.6626499891281128,1.6154749989509583,0.1595669984817505,1.4793869853019714,2.1963166783323684
Tool,step2_results\resampled\Tool\D01148_refined_simplified.obj,.obj,5100,10196,10196,triangles,-0.5931879878044128,-0.08099000155925751,-0.9868729710578918,0.6236410140991211,0.08747100085020065,0.8838419914245605,1.216829001903534,0.16846100240945816,1.8707149624824524,2.2379960679281976
Tool,step2_results\resampled\Tool\D01152_refined_simplified.obj,.obj,5100,10196,10196,triangles,-0.7555739879608154,-0.0631370022892952,-0.9611390233039856,0.7903389930725098,0.07642299681901932,0.6014559864997864,1.5459129810333252,0.13955999910831451,1.562595009803772,2.2025047339204757
Tool,step2_results\resampled\Tool\D01154_kept.obj,.obj,5202,10400,10400,triangles,-0.7664740085601807,-0.07916100323200226,-0.9340749979019165,0.6263260245323181,0.0795150026679039,0.8186259865760803,1.3928000330924988,0.15867600589990616,1.7527009844779968,2.2443330296595807
Tool,step2_results\resampled\Tool\D01156_kept.obj,.obj,5508,11012,11012,triangles,-0.7606130242347717,-0.07958400249481201,-0.7625120282173157,0.9114729762077332,0.08470699936151505,0.6699609756469727,1.6720860004425049,0.16429100185632706,1.4324730038642883,2.2079044438033875
Tool,step2_results\resampled\Tool\D01159_refined_simplified.obj,.obj,5100,10196,10196,triangles,-0.6047760248184204,-0.083685003221035,-0.9658039808273315,0.6721280217170715,0.08820199966430664,0.9078699946403503,1.276904046535492,0.17188700288534164,1.8736739754676819,2.27391364219587
Tool,step2_results\resampled\Tool\D01165_refined_simplified.obj,.obj,5100,10196,10196,triangles,-0.7592499852180481,-0.06504300236701965,-0.8763830065727234,0.8141220211982727,0.07830700278282166,0.593641996383667,1.5733720064163208,0.1433500051498413,1.4700250029563904,2.158013485562107
Tool,step2_results\resampled\Tool\D01176_refined_simplified.obj,.obj,5100,10196,10196,triangles,-0.7918919920921326,-0.07724899798631668,-0.6727920174598694,0.9866719841957092,0.08248800039291382,0.7032560110092163,1.7785639762878418,0.1597369983792305,1.3760480284690857,2.2543987897117232
Tool,step2_results\resampled\Tool\m1099_refined_simplified.obj,.obj,5100,10196,10196,triangles,0.02500000037252903,0.02500000037252903,0.02500000037252903,0.38470301032066345,0.9750000238418579,0.08375699818134308,0.3597030099481344,0.9500000234693289,0.05875699780881405,1.0175159383267556
Tool,step2_results\resampled\Tool\m1100_refined_simplified.obj,.obj,5100,10188,10188,triangles,0.02500000037252903,0.02500000037252903,0.02500000037252903,0.2391580045223236,0.9750000238418579,0.20101900398731232,0.21415800414979458,0.9500000234693289,0.1760190036147833,0.9896193131536439
Tool,step2_results\resampled\Tool\m1101_refined_simplified.obj,.obj,5100,10192,10192,triangles,0.02500000037252903,0.02500000037252903,0.02500000037252903,0.22878199815750122,0.9750000238418579,0.05430399999022484,0.2037819977849722,0.9500000234693289,0.02930399961769581,0.9720524016772726
Tool,step2_results\resampled\Tool\m1102_refined_simplified.obj,.obj,5029,9970,9970,triangles,0.02500000037252903,0.02500000037252903,0.02500000037252903,0.2010670006275177,0.9750000238418579,0.05666700005531311,0.17606700025498867,0.9500000234693289,0.03166699968278408,0.9666966597849735
Tool,step2_results\resampled\Tool\m1103_refined_simplified.obj,.obj,5102,10145,10145,triangles,0.02500000037252903,0.02500000037252903,0.02500000037252903,0.1985280066728592,0.9750000238418579,0.07148099690675735,0.17352800630033016,0.9500000234693289,0.046480996534228325,0.9668363339268482
Tool,step2_results\resampled\Tool\m1104_refined_simplified.obj,.obj,5100,10184,10184,triangles,0.02500000037252903,0.02500000037252903,0.02500000037252903,0.27899399399757385,0.9750000238418579,0.07379300147294998,0.2539939936250448,0.9500000234693289,0.04879300110042095,0.9845779554437071
Tool,step2_results\resampled\Tool\m1105_refined_simplified.obj,.obj,5100,10192,10192,triangles,0.02500000037252903,0.02500000037252903,0.02500000037252903,0.9750000238418579,0.2809840142726898,0.09757100045681,0.9500000234693289,0.2559840139001608,0.07257100008428097,0.9865568458114291
Tool,step2_results\resampled\Tool\m1106_refined_simplified.obj,.obj,5085,9875,9875,triangles,0.02500000037252903,0.02500000037252903,0.02500000037252903,0.9750000238418579,0.2960529923439026,0.08237800002098083,0.9500000234693289,0.27105299197137356,0.057377999648451805,0.9895766791371028
Tool,step2_results\resampled\Tool\m1107_refined_simplified.obj,.obj,5100,10085,10085,triangles,0.02500000037252903,0.02500000037252903,0.02500000037252903,0.9750000238418579,0.30424800515174866,0.10106699913740158,0.9500000234693289,0.2792480047792196,0.07606699876487255,0.9931090982696692
Tool,step2_results\resampled\Tool\m1108_refined_simplified.obj,.obj,5106,9009,9009,triangles,0.02500000037252903,0.02500000037252903,0.02500000037252903,0.9750000238418579,0.5327290296554565,0.0999160036444664,0.9500000234693289,0.5077290292829275,0.07491600327193737,1.079769058324302
Tool,step2_results\resampled\Tool\m1109_refined_simplified.obj,.obj,5105,10048,10048,triangles,0.02500000037252903,0.02500000037252903,0.02500000037252903,0.5863999724388123,0.9750000238418579,0.15717899799346924,0.5613999720662832,0.9500000234693289,0.1321789976209402,1.1113690928939068
Tool,step2_results\resampled\Tool\m1110_refined_simplified.obj,.obj,5100,10188,10188,triangles,0.02500000037252903,0.02500000037252903,0.02500000037252903,0.14672699570655823,0.9750000238418579,0.39283499121665955,0.1217269953340292,0.9500000234693289,0.3678349908441305,1.0259727513311832
Tool,step2_results\resampled\Tool\m1111_refined_simplified.obj,.obj,5100,10192,10192,triangles,0.02500000037252903,0.02500000037252903,0.02500000037252903,0.4552749991416931,0.9750000238418579,0.16089800000190735,0.4302749987691641,0.9500000234693289,0.13589799962937832,1.0517152111958807
Tool,step2_results\resampled\Tool\m1112_refined_simplified.obj,.obj,5100,10178,10178,triangles,0.02500000037252903,0.02500000037252903,0.02500000037252903,0.43172401189804077,0.9750000238418579,0.11843699961900711,0.40672401152551174,0.9500000234693289,0.09343699924647808,1.0376198431850252
Tool,step2_results\resampled\Tool\m1113_refined_simplified.obj,.obj,5100,10192,10192,triangles,0.02500000037252903,0.02500000037252903,0.02500000037252903,0.13480299711227417,0.12527300417423248,0.9750000238418579,0.10980299673974514,0.10027300380170345,0.9500000234693289,0.9615671676883369
Tool,step2_results\resampled\Tool\m1114_refined_simplified.obj,.obj,5103,10139,10139,triangles,0.02500000037252903,0.02500000037252903,0.02500000037252903,0.118988998234272,0.9750000238418579,0.118988998234272,0.09398899786174297,0.9500000234693289,0.09398899786174297,0.9592538287803886
Tool,step2_results\resampled\Tool\m1115_refined_simplified.obj,.obj,5123,9711,9711,triangles,0.02500000037252903,0.02500000037252903,0.02500000037252903,0.13345099985599518,0.9750000238418579,0.13345099985599518,0.10845099948346615,0.9500000234693289,0.10845099948346615,0.9623010356274438
Tool,step2_results\resampled\Tool\m1116_refined_simplified.obj,.obj,5100,10120,10120,triangles,0.02500000037252903,0.02500000037252903,0.02500000037252903,0.12102899700403214,0.9750000238418579,0.1081639975309372,0.0960289966315031,0.9500000234693289,0.08316399715840816,0.958455978753924
Tool,step2_results\resampled\Tool\m1117_refined_simplified.obj,.obj,5144,10272,10272,triangles,0.02500000037252903,0.02500000037252903,0.02500000037252903,0.2709450125694275,0.11390399932861328,0.9750000238418579,0.24594501219689846,0.08890399895608425,0.9500000234693289,0.9853389846375923
Tool,step2_results\resampled\Tool\m587_refined_simplified.obj,.obj,5100,10140,10140,triangles,0.02500000037252903,0.02500000037252903,0.02500000037252903,0.7439709901809692,0.9750000238418579,0.7440310120582581,0.7189709898084402,0.9500000234693289,0.719031011685729,1.391554858618106
Tool,step2_results\resampled\Tool\m588_refined_simplified.obj,.obj,5102,10112,10112,triangles,0.02500000037252903,0.025000000372529023,0.02500000037252903,0.7390379905700684,0.9750000238418579,0.7257410287857056,0.7140379901975393,0.9500000234693289,0.7007410284131765,1.3796333878747002
Tool,step2_results\resampled\Tool\m589_refined_simplified.obj,.obj,5102,9379,9379,triangles,0.02500000037252903,0.02500000037252903,0.02500000037252903,0.47846299409866333,0.9750000238418579,0.654105007648468,0.4534629937261343,0.9500000234693289,0.629105007275939,1.226336756951553
Tool,step2_results\resampled\Tool\m590_refined_simplified.obj,.obj,5111,9193,9193,triangles,0.02500000037252903,0.02500000037252903,0.02500000037252903,0.4534440040588379,0.9750000238418579,0.33891698718070984,0.42844400368630886,0.9500000234693289,0.3139169868081808,1.0883970706930475
Tool,step2_results\resampled\Tool\m591_refined_simplified.obj,.obj,5101,10130,10130,triangles,0.02500000037252903,0.02500000037252903,0.02500000037252903,0.5387589931488037,0.9750000238418579,0.5659379959106445,0.5137589927762747,0.9500000234693289,0.5409379955381155,1.2079164963965894
Train,step2_results\resampled\Train\D01008_refined_simplified.obj,.obj,5122,9530,9530,triangles,-74.64640045166016,18.600500106811523,1.1831300258636475,-68.88030242919922,26.309099197387695,4.87076997756958,5.7660980224609375,7.708599090576172,3.6876399517059326,10.308689284156229
Train,step2_results\resampled\Train\D01014_refined_simplified.obj,.obj,5106,8883,8883,triangles,-27.286500930786136,-3.2470673054542297e-16,-4.440892098500626e-16,18.224500656127933,3.5560500621795677,5.715260028839112,45.51100158691407,3.556050062179568,5.715260028839113,46.006096929494774
Train,step2_results\resampled\Train\D01016_simplified.obj,.obj,6472,8673,8673,triangles,-0.00634999992325902,-3.507874011993408,-0.10159999877214432,3.244849920272827,42.212127685546875,4.720892906188965,3.251199920196086,45.72000169754028,4.822492904961109,46.08845076548537
Train,step2_results\resampled\Train\D01027_refined_simplified.obj,.obj,5018,9702,9702,triangles,1.4946550130844116,-1.0311958860943555,0.6041989922523499,2.9551830291748047,3.5306000709533705,2.614264965057373,1.460528016090393,4.5617959570477264,2.010065972805023,5.194563471029161
Train,step2_results\resampled\Train\D01031_refined_simplified.obj,.obj,5102,10040,10040,triangles,2.6339259147644025,-3.4265360832214364,-0.012405999936163425,14.62588691711426,-1.5506449937820432,2.7244369983673096,11.991961002349857,1.8758910894393932,2.736842998303473,12.442524087124793
Train,step2_results\resampled\Train\D01035_refined_simplified.obj,.obj,5137,9273,9273,triangles,0.38999998569488525,-0.0,0.0,15.536743164062502,2.44710111618042,4.75,15.146743178367617,2.44710111618042,4.75,16.06158873786268
Train,step2_results\resampled\Train\D01047_kept.obj,.obj,5450,10401,10401,triangles,-3.7797200679779053,0.5143669843673706,0.0171549990773201,0.6301230192184448,22.293100357055664,5.883450031280518,4.40984308719635,21.778733372688293,5.8662950322031975,22.982022556276288
Train,step2_results\resampled\Train\D01055_simplified.obj,.obj,9092,16798,16798,triangles,0.8260999917984002,0.8843169808387756,0.27358099818229675,2.501850128173828,12.267999649047852,2.7310400009155273,1.675750136375428,11.383682668209076,2.4574590027332306,11.765860544820365
Train,step2_results\resampled\Train\D01059_simplified.obj,.obj,6234,11607,11607,triangles,0.0,-0.0,0.0,0.1345990002155304,0.029666999354958534,0.035565998405218124,0.1345990002155304,0.029666999354958534,0.035565998405218124,0.14234451851865404
Train,step2_results\resampled\Train\D01061_kept.obj,.obj,5913,11345,11345,triangles,-25.608299255371094,0.15070199966430664,0.45674100518226624,-8.081780433654785,3.4269800186157227,6.784520149230957,17.52651882171631,3.276278018951416,6.327779144048691,18.919663013946572
Train,step2_results\resampled\Train\D01064_kept.obj,.obj,5037,9653,9653,triangles,0.8567969799041748,0.5058789849281311,0.0,2.7567999362945557,5.843319892883301,3.0487101078033447,1.9000029563903809,5.33744090795517,3.0487101078033447,6.433732975623698
Train,step2_results\resampled\Train\D01089_refined_simplified.obj,.obj,5109,9950,9950,triangles,4.046049118041992,-3.0319120883941655,-0.08846499770879745,9.630212783813478,26.316553115844727,5.8187270164489755,5.584163665771486,29.34846520423889,5.907192014157773,30.453410501660937
Train,step2_results\resampled\Train\D01094_refined_simplified.obj,.obj,5106,9736,9736,triangles,-0.5489789843559265,2.088275909423828,3.0615859031677246,0.5489789843559265,10.534035682678223,4.556336879730225,1.097957968711853,8.445759773254395,1.4947509765625,8.647002389875611
Train,step2_results\resampled\Train\D01095_kept.obj,.obj,5909,10752,10752,triangles,-6.9238600730896,-7.38608980178833,0.0,-1.1061300039291382,7.000259876251221,5.241680145263672,5.817730069160461,14.38634967803955,5.241680145263672,16.37950704269496
Train,step2_results\resampled\Train\D01134_simplified.obj,.obj,6475,10786,10786,triangles,-25.741548551970276,-325.5974426269531,-39.60837173461914,48.98944899677835,247.98585510253906,97.95666051991749,74.73099754874863,573.5832977294922,137.56503225453662,594.5642602175665
Train,step2_results\resampled\Train\D01137_kept.obj,.obj,6415,11272,11272,triangles,0.538748025894165,0.907263994216919,-0.9935420155525208,3.8293979167938232,63.678863525390625,2.8892500400543213,3.290649890899658,62.771599531173706,3.882792055606842,62.977600450903246
Train,step2_results\resampled\Train\D01147_refined_simplified.obj,.obj,5102,9442,9442,triangles,-1.7052400112152108,-3.7096600532531743,0.018803000450134277,2.3310699462890634,23.509399414062504,3.9848499298095708,4.036309957504274,27.219059467315677,3.9660469293594365,27.801052580868173
Train,step2_results\resampled\Train\D01149_simplified.obj,.obj,6532,9753,9753,triangles,-1.1211999654769897,0.8016049861907959,0.04471220076084137,37.507999420166016,3.6089401245117188,3.693561306780223,38.629199385643005,2.807335138320923,3.6488491060193815,38.90257415073085
Train,step2_results\resampled\Train\D01163_refined_simplified.obj,.obj,5095,9476,9476,triangles,1.5594799518585205,1.3164600133895874,0.0,3.4502599239349365,7.836319923400879,2.479990005493164,1.890779972076416,6.5198599100112915,2.479990005493164,7.227307422292463
Train,step2_results\resampled\Train\D01180_simplified.obj,.obj,9016,16794,16794,triangles,0.762365996837616,-5.3194899559021,0.0012049999786540866,3.7922301292419434,12.043399810791016,5.397910118103027,3.0298641324043274,17.362889766693115,5.396705118124373,18.432971649822406
Train,step2_results\resampled\Train\m1578_refined_simplified.obj,.obj,5105,10118,10118,triangles,0.02500000037252903,0.02500000037252903,0.02500000037252903,0.2087319940328598,0.3700149953365326,0.9750000238418579,0.18373199366033077,0.34501499496400356,0.9500000234693289,1.0272744700595535
Train,step2_results\resampled\Train\m1580_refined.obj,.obj,5366,10256,10256,triangles,0.02500000037252903,0.02500000037252903,0.02500000037252903,0.9750000238418579,0.4023360013961792,0.3808850049972534,0.9500000234693289,0.37733600102365017,0.3558850046247244,1.082375461093324
Train,step2_results\resampled\Train\m1581_simplified.obj,.obj,9018,17508,17508,triangles,0.02500000037252903,0.02500000037252903,0.02500000037252903,0.17244000732898712,0.28279849886894226,0.9750000238418579,0.1474400069564581,0.25779849849641323,0.9500000234693289,0.9953384680951757
Train,step2_results\resampled\Train\m1582_simplified.obj,.obj,6464,12868,12868,triangles,0.02500000037252903,0.02500000037252903,0.02500000037252903,0.19493800401687622,0.2730815038084984,0.9750000238418579,0.1699380036443472,0.24808150343596935,0.9500000234693289,0.9964554189834096
Train,step2_results\resampled\Train\m1583_refined_simplified.obj,.obj,5104,10139,10139,triangles,0.02500000037252903,0.02500000037252903,0.02500000037252903,0.3235720098018646,0.567857027053833,0.975000023841858,0.2985720094293356,0.542857026681304,0.950000023469329,1.1341688766773945
Train,step2_results\resampled\Train\m1584_refined_simplified.obj,.obj,5101,10170,10170,triangles,0.02500000037252903,0.02500000037252903,0.02500000037252903,0.9750000238418579,0.5080509781837463,0.37630200386047363,0.9500000234693289,0.4830509778112173,0.3513020034879446,1.122163708828058
Train,step2_results\resampled\Train\m1585_kept.obj,.obj,5303,10237,10237,triangles,0.02500000037252903,0.02500000037252903,0.02500000037252903,0.3023029863834381,0.399058997631073,0.9750000238418579,0.2773029860109091,0.37405899725854397,0.9500000234693289,1.0579778466831709
Train,step2_results\resampled\Train\m1586_kept.obj,.obj,5520,10567,10567,triangles,0.02500000037252903,0.02500000037252903,0.02500000037252903,0.30340999364852905,0.37714898586273193,0.9750000238418579,0.278409993276,0.3521489854902029,0.9500000234693289,1.050724072689613
Train,step2_results\resampled\Train\m1587_refined_simplified.obj,.obj,5109,9948,9948,triangles,0.02500000037252903,0.02500000037252903,0.02500000037252903,0.32792600989341736,0.47314199805259705,0.9750000238418579,0.30292600952088833,0.448141997680068,0.9500000234693289,1.0932042178479997
Train,step2_results\resampled\Train\m1588_refined_simplified.obj,.obj,5115,9050,9050,triangles,0.02500000037252903,0.02500000037252903,0.02500000037252903,0.2698419988155365,0.4330289959907532,0.9750000238418579,0.24484199844300747,0.40802899561822414,0.9500000234693289,1.062513675233645
Tree,step2_results\resampled\Tree\D00096_simplified.obj,.obj,24757,8976,8976,triangles,-0.6711755096912384,-0.36999548971652985,-0.33004800975322723,1.188670039176941,0.35702499747276306,0.3587779998779297,1.8598455488681793,0.7270204871892929,0.6888260096311569,2.112360179037211
Tree,step2_results\resampled\Tree\D00200_simplified.obj,.obj,17889,8954,8954,triangles,-0.7402499914169312,-0.3845770061016083,-0.39964500069618225,0.8557050228118896,0.4015809893608093,0.36555999517440796,1.5959550142288208,0.7861579954624176,0.7652049958705902,1.9366609117181335
Tree,step2_results\resampled\Tree\D00221_simplified.obj,.obj,23493,8966,8966,triangles,-0.8317739963531494,-0.7882050275802612,-0.7276229858398438,0.7030979990959167,0.8013970255851746,0.8565089702606201,1.5348719954490662,1.5896020531654358,1.5841319561004639,2.7188491653970526
Tree,step2_results\resampled\Tree\D00223_simplified.obj,.obj,28516,8970,8970,triangles,-0.8281800150871277,-0.7612490057945251,-0.7843400239944458,0.7002410292625427,0.8602030277252197,0.8175190091133118,1.5284210443496704,1.6214520335197449,1.6018590331077576,2.74429042700753
Tree,step2_results\resampled\Tree\D00367_refined_simplified.obj,.obj,5142,7780,7780,triangles,-1.080199956893921,-0.7145739793777466,-0.5167229771614075,0.39131900668144226,0.47317999601364136,0.446289986371994,1.4715189635753632,1.187753975391388,0.9630129635334015,2.1221502147947353
Tree,step2_results\resampled\Tree\D00385_simplified.obj,.obj,12507,7304,7304,triangles,-1.0767799615859985,-0.8560720086097717,-0.5902220010757446,0.6175850033760071,0.8211010098457336,0.7031009793281555,1.6943649649620056,1.6771730184555054,1.2933229804039001,2.712280645502356
Tree,step2_results\resampled\Tree\D00393_simplified.obj,.obj,9236,8997,8997,triangles,-1.1300300359725952,-0.8459609746932983,-0.5218459963798523,0.6816530227661133,0.8706510066986084,1.0506099462509155,1.8116830587387085,1.7166119813919067,1.5724559426307678,2.949842350278046
Tree,step2_results\resampled\Tree\D00439_simplified.obj,.obj,25310,8961,8961,triangles,-0.6401320099830627,-0.6955067627131939,-0.44413599371910095,0.6562790274620056,0.6240180134773254,0.5342389941215515,1.2964110374450684,1.3195247761905193,0.9783749878406525,2.0926167422206663
Tree,step2_results\resampled\Tree\D00456_refined_simplified.obj,.obj,5116,7763,7763,triangles,-0.4134660065174103,-0.20614999532699585,-0.20977400243282318,0.9739469885826111,0.22649699449539185,0.2214989960193634,1.3874129951000214,0.4326469898223877,0.4312729984521866,1.5159467787388594
Tree,step2_results\resampled\Tree\D00479_simplified.obj,.obj,14421,8962,8962,triangles,-0.7281039953231812,-0.7538380026817322,-0.7437260150909424,0.6886749863624573,0.6650840044021606,0.7467039823532104,1.4167789816856384,1.4189220070838928,1.4904299974441528,2.498396270092988
Tree,step2_results\resampled\Tree\D00533_simplified.obj,.obj,24092,8977,8977,triangles,-0.6583179831504822,-0.3079119920730591,-0.33881399035453796,0.6978150010108948,0.36801600456237793,0.3091770112514496,1.356132984161377,0.675927996635437,0.6479910016059875,1.6479889761549886
Tree,step2_results\resampled\Tree\D00573_simplified.obj,.obj,16282,8959,8959,triangles,-0.6761410236358643,-0.5046820044517517,-0.5111309885978699,0.5896850228309631,0.5306820273399353,0.5334939956665039,1.2658260464668274,1.035364031791687,1.0446249842643738,1.940498805975185
Tree,step2_results\resampled\Tree\D00612_simplified.obj,.obj,11361,4779,4779,triangles,-1.0367399454116821,-0.6092429757118225,-0.5230380296707153,0.9354479908943176,0.5792199969291687,0.6178150177001953,1.9721879363059998,1.1884629726409912,1.1408530473709106,2.5697305635309458
Tree,step2_results\resampled\Tree\D00727_simplified.obj,.obj,18054,8964,8964,triangles,-0.772599995136261,-0.8141499757766724,-0.9169560074806213,0.9702780246734619,0.8046990036964417,0.8333410024642944,1.742878019809723,1.618848979473114,1.7502970099449158,2.953275373767085
Tree,step2_results\resampled\Tree\D00765_simplified.obj,.obj,16724,8976,8976,triangles,-0.88817298412323,-0.6306570172309875,-0.5399090051651001,0.9746379852294922,0.8197960257530212,0.8249670267105103,1.8628109693527222,1.4504530429840088,1.3648760318756104,2.727043329291068
Tree,step2_results\resampled\Tree\D00777_simplified.obj,.obj,17990,8956,8956,triangles,-0.9361275136470795,-0.4993380010128021,-0.492264986038208,0.8742210268974304,0.4823879897594452,0.4965369999408722,1.8103485405445099,0.9817259907722473,0.9888019859790802,2.2844861843936726
Tree,step2_results\resampled\Tree\D00810_simplified.obj,.obj,9069,9916,9916,triangles,-0.8328149914741516,-0.6301990151405334,-0.3786090016365051,0.5859569907188416,0.9777910113334656,0.5407630205154419,1.4187719821929932,1.607990026473999,0.919372022151947,2.333193257707438
Tree,step2_results\resampled\Tree\D00834_simplified.obj,.obj,24504,8982,8982,triangles,-0.5913900136947632,-0.3712794929742813,-0.3852590024471283,0.914514884352684,0.40193501114845276,0.3871139883995056,1.5059048980474472,0.7732145041227341,0.7723729908466339,1.8606908040667132
Tree,step2_results\resampled\Tree\D00911_simplified.obj,.obj,11240,8963,8963,triangles,-0.7225670218467712,-0.857903003692627,-0.6891890168190002,0.8464159965515137,0.8362579941749573,0.9773960113525391,1.568983018398285,1.6941609978675842,1.6665850281715393,2.8476999235950777
Tree,step2_results\resampled\Tree\D00996_simplified.obj,.obj,17867,8962,8962,triangles,-0.93196702003479,-0.9997609853744507,-0.8921530246734619,0.7276309728622437,0.8376700282096863,0.9080010056495667,1.6595979928970337,1.837431013584137,1.8001540303230286,3.0612044623966126
Tree,step2_results\resampled\Tree\m1050_kept.obj,.obj,5410,4629,4629,triangles,0.02500000037252903,0.02500000037252903,0.02500000037252903,0.5811020135879517,0.9750000238418579,0.5407699942588806,0.5561020132154226,0.9500000234693289,0.5157699938863516,1.2156348877387069
Tree,step2_results\resampled\Tree\m1062_refined.obj,.obj,5290,10496,10496,triangles,0.02500000037252903,0.02500000037252903,0.02500000037252903,0.5970190167427063,0.9041280150413513,0.9750000238418579,0.5720190163701773,0.8791280146688223,0.9500000234693289,1.4151225621324732
Tree,step2_results\resampled\Tree\m1063_refined_simplified.obj,.obj,5139,9804,9804,triangles,0.02500000037252903,0.02500000037252903,0.02500000037252903,0.7841140031814575,0.9750000238418579,0.7388759851455688,0.7591140028089285,0.9500000234693289,0.7138759847730398,1.410096817771034
Tree,step2_results\resampled\Tree\m1064_refined_simplified.obj,.obj,5141,5206,5206,triangles,0.02500000037252903,0.02500000037252903,0.02500000037252903,0.5169259905815125,0.9750000238418579,0.5370910167694092,0.4919259902089834,0.9500000234693289,0.5120910163968801,1.1860558306880853
Tree,step2_results\resampled\Tree\m1065_refined_simplified.obj,.obj,5886,5090,5090,triangles,0.02500000037252903,0.02500000037252903,0.02500000037252903,0.5382519960403442,0.9750000238418579,0.5198699831962585,0.5132519956678152,0.9500000234693289,0.4948699828237295,1.1877811059065886
Tree,step2_results\resampled\Tree\m1066_refined_simplified.obj,.obj,5103,7324,7324,triangles,0.02500000037252903,0.02500000037252903,0.02500000037252903,0.46743500232696533,0.9750000238418579,0.37068799138069153,0.4424350019544363,0.9500000234693289,0.3456879910081625,1.1035166345250111
Tree,step2_results\resampled\Tree\m1067_refined_simplified.obj,.obj,5125,9731,9731,triangles,0.02500000037252903,0.02500000037252903,0.02500000037252903,0.7613660097122192,0.9750000238418579,0.6266710162162781,0.7363660093396902,0.9500000234693289,0.601671015843749,1.344151388649744
Tree,step2_results\resampled\Tree\m1068_refined_simplified.obj,.obj,5098,9065,9065,triangles,0.02500000037252903,0.02500000037252903,0.02500000037252903,0.9750000238418579,0.8536829948425293,0.9010059833526611,0.9500000234693289,0.8286829944700003,0.8760059829801321,1.5351228068569887
Tree,step2_results\resampled\Tree\m1069_simplified.obj,.obj,9977,8995,8995,triangles,0.02500000037252903,0.02500000037252903,0.02500000037252903,0.9071909785270691,0.974826991558075,0.9697549939155579,0.8821909781545401,0.9498269911855459,0.9447549935430288,1.6040555579363016
Tree,step2_results\resampled\Tree\m1070_refined_simplified.obj,.obj,5117,7336,7336,triangles,0.02500000037252903,0.02500000037252903,0.02500000037252903,0.31470298767089844,0.9750000238418579,0.42737099528312683,0.2897029872983694,0.9500000234693289,0.4023709949105978,1.0716017371144322
Tree,step2_results\resampled\Tree\m1071_refined_simplified.obj,.obj,5139,9585,9585,triangles,0.02500000037252903,0.02500000037252903,0.02500000037252903,0.9546650052070618,0.701216995716095,0.9750000238418579,0.9296650048345327,0.6762169953435659,0.9500000234693289,1.491323737689841
Tree,step2_results\resampled\Tree\m1072_refined_simplified.obj,.obj,5117,6961,6961,triangles,0.02500000037252903,0.02500000037252903,0.02500000037252903,0.47714701294898987,0.9750000238418579,0.5387070178985596,0.45214701257646084,0.9500000234693289,0.5137070175260305,1.1708252924450484
Tree,step2_results\resampled\Tree\m1075_refined_simplified.obj,.obj,5104,10172,10172,triangles,0.02500000037252903,0.02500000037252903,0.02500000037252903,0.36259299516677856,0.9750000238418579,0.6402509808540344,0.33759299479424953,0.9500000234693289,0.6152509804815054,1.1811023849393114
Tree,step2_results\resampled\Tree\m1077_refined_simplified.obj,.obj,5122,10039,10039,triangles,0.02500000037252903,0.02500000037252903,0.02500000037252903,0.6984879970550537,0.9750000238418579,0.7153270244598389,0.6734879966825247,0.9500000234693289,0.6903270240873098,1.3537494326692836
Tree,step2_results\resampled\Tree\m1078_refined_simplified.obj,.obj,5135,7785,7785,triangles,0.02500000037252903,0.02500000037252903,0.02500000037252903,0.2714740037918091,0.9750000238418579,0.39805901050567627,0.24647400341928005,0.9500000234693289,0.37305901013314724,1.0499630964918607
Tree,step2_results\resampled\Tree\m1079_refined_simplified.obj,.obj,5104,10158,10158,triangles,0.02500000037252903,0.02500000037252903,0.02500000037252903,0.29100000858306885,0.9750000238418579,0.2779810130596161,0.2660000082105398,0.9500000234693289,0.25298101268708706,1.0184573833695334
Tree,step2_results\resampled\Tree\m1082_refined_simplified.obj,.obj,5101,10178,10178,triangles,0.02500000037252903,0.02500000037252903,0.02500000037252903,0.45791101455688477,0.9750000238418579,0.436722993850708,0.43291101418435574,0.9500000234693289,0.411722993478179,1.1222423152565961
Tree,step2_results\resampled\Tree\m1086_kept.obj,.obj,6247,6856,6856,triangles,0.02500000037252903,0.02500000037252903,0.02500000037252903,0.32207098603248596,0.9750000238418579,0.33330100774765015,0.29707098565995693,0.9500000234693289,0.3083010073751211,1.0420176228170126
Tree,step2_results\resampled\Tree\m1089_refined_simplified.obj,.obj,5067,9901,9901,triangles,0.02500000037252903,0.02500000037252903,0.02500000037252903,0.5783529877662659,0.9750000238418579,0.5592790246009827,0.5533529873937368,0.9500000234693289,0.5342790242284536,1.2223557783967018
Tree,step2_results\resampled\Tree\m1090_kept.obj,.obj,5482,10928,10928,triangles,0.02500000037252903,0.02500000037252903,0.02500000037252903,0.9750000238418579,0.6905699968338013,0.7593820095062256,0.9500000234693289,0.6655699964612722,0.7343820091336966,1.3728803298614298
Tree,step2_results\resampled\Tree\m1091_refined_simplified.obj,.obj,5115,8483,8483,triangles,0.02500000037252903,0.02500000037252903,0.02500000037252903,0.5637170076370239,0.9750000238418579,0.6382870078086853,0.5387170072644949,0.9500000234693289,0.6132870074361563,1.2525322399035226
Tree,step2_results\resampled\Tree\m1092_refined_simplified.obj,.obj,5103,10170,10170,triangles,0.02500000037252903,0.02500000037252903,0.02500000037252903,0.9750000238418579,0.7474079728126526,0.933538019657135,0.9500000234693289,0.7224079724401236,0.908538019284606,1.4999382173017564
Tree,step2_results\resampled\Tree\m1093_refined_simplified.obj,.obj,5102,9659,9659,triangles,0.02500000037252903,0.02500000037252903,0.02500000037252903,0.8755670189857483,0.9750000238418579,0.7932329773902893,0.8505670186132193,0.9500000234693289,0.7682329770177603,1.48867263181731
Tree,step2_results\resampled\Tree\m1095_refined_simplified.obj,.obj,5129,8667,8667,triangles,0.02500000037252903,0.02500000037252903,0.02500000037252903,0.9656890034675598,0.9750000238418579,0.9515780210494995,0.9406890030950308,0.9500000234693289,0.9265780206769705,1.6266353843247419
Tree,step2_results\resampled\Tree\m1096_refined_simplified.obj,.obj,5110,9587,9587,triangles,0.02500000037252903,0.02500000037252903,0.02500000037252903,0.5658249855041504,0.9750000238418579,0.5632529854774475,0.5408249851316214,0.9500000234693289,0.5382529851049185,1.2184859396434164
Tree,step2_results\resampled\Tree\m1097_refined_simplified.obj,.obj,5115,9495,9495,triangles,0.02500000037252903,0.02500000037252903,0.02500000037252903,0.4185270071029663,0.9750000238418579,0.02841999940574169,0.3935270067304373,0.9500000234693289,0.0034199990332126617,1.0282875308061117
Tree,step2_results\resampled\Tree\m1098_refined_simplified.obj,.obj,5150,6526,6526,triangles,0.02500000037252903,0.02500000037252903,0.02500000037252903,0.9090620279312134,0.8626400232315063,0.9750000238418579,0.8840620275586843,0.8376400228589773,0.9500000234693289,1.5445732488483948
Truck,step2_results\resampled\Truck\D00002_refined_simplified.obj,.obj,5113,10047,10047,triangles,2.6790060997009277,-0.8995109796524048,-0.027326999232172966,8.419631004333496,1.4225319623947144,1.8613610267639182,5.740624904632568,2.322042942047119,1.8886880259960912,6.474086822088466
Truck,step2_results\resampled\Truck\D00003_kept.obj,.obj,6683,11777,11777,triangles,0.3340170085430145,-0.829617977142334,-0.018505999818444252,3.092600107192993,6.455039978027344,2.9798500537872314,2.7585830986499786,7.284657955169678,2.9983560536056757,8.346625740990667
Truck,step2_results\resampled\Truck\D00010_simplified.obj,.obj,6526,11904,11904,triangles,7.221640110015869,13.397199630737305,-0.27998799085617065,10.900400161743164,24.312000274658203,3.685150146484375,3.678760051727295,10.914800643920898,3.9651381373405457,12.181480577619173
Truck,step2_results\resampled\Truck\D00029_kept.obj,.obj,5209,9199,9199,triangles,0.03423770144581795,0.00192095001693815,0.005035359878093004,2.6183199882507324,15.758199691772461,3.8717598915100098,2.5840822868049145,15.756278741755523,3.8667245316319168,16.428309701743512
Truck,step2_results\resampled\Truck\D00047_refined_simplified.obj,.obj,5113,10007,10007,triangles,1.5873370170593262,0.45479199290275574,-0.20914900302886963,17.731708526611328,3.2964649200439453,4.455437183380128,16.144371509552002,2.8416729271411896,4.6645861864089975,17.043303692468758
Truck,step2_results\resampled\Truck\D00056_refined_simplified.obj,.obj,5117,8931,8931,triangles,-4.282360076904297,2.6412858963012695,-0.0,11.899513244628906,5.831699848175049,4.455437183380128,16.181873321533203,3.1904139518737793,4.455437183380128,17.084574500803498
Truck,step2_results\resampled\Truck\D00112_simplified.obj,.obj,6508,11357,11357,triangles,-0.0018785500433295965,-0.0006071300012990832,0.0022812900133430958,3.3237600326538086,13.248100280761719,4.503890037536621,3.325638582697138,13.248707410763018,4.501608747523278,14.382371200692493
Truck,step2_results\resampled\Truck\D00158_simplified.obj,.obj,6512,11567,11567,triangles,-0.5696520209312439,-2.1195199489593506,0.005011000204831362,2.188930034637451,5.288060188293457,3.2085299491882324,2.758582055568695,7.407580137252808,3.203518948983401,8.529041687295452
Truck,step2_results\resampled\Truck\D00241_refined_simplified.obj,.obj,5107,10088,10088,triangles,-2.990010023117066,-0.11475200206041336,0.0,14.432456016540527,3.0756618976593018,3.8902368545532227,17.422466039657593,3.190413899719715,3.8902368545532227,18.134359832623566
Truck,step2_results\resampled\Truck\D00287_kept.obj,.obj,5281,9855,9855,triangles,-2.2901101112365723,-5.080100059509277,-2.369810104370117,2.2898600101470947,5.0744099617004395,2.37037992477417,4.579970121383667,10.154510021209717,4.740190029144287,12.10618030577831
Truck,step2_results\resampled\Truck\D00303_simplified.obj,.obj,6521,11419,11419,triangles,0.005387039855122566,0.0006035530241206288,0.0022763400338590145,3.022130012512207,17.270099639892578,4.599999904632568,3.0167429726570845,17.269496086868457,4.597723564598709,18.123887420581358
Truck,step2_results\resampled\Truck\D00331_refined_simplified.obj,.obj,5073,9696,9696,triangles,-1.580090045928955,-0.17497000098228455,0.0,15.50010013580323,2.5849599838256836,3.631609916687012,17.080190181732185,2.759929984807968,3.631609916687012,17.678764118347246
Truck,step2_results\resampled\Truck\D00406_refined_simplified.obj,.obj,5105,9217,9217,triangles,-0.33562400937080383,-0.09708499908447266,0.00019799999427050352,0.14494599401950836,0.08867599815130234,0.22267000377178192,0.4805700033903122,0.185760997235775,0.22247200377751142,0.5612026984231058
Truck,step2_results\resampled\Truck\D00424_refined_simplified.obj,.obj,5040,9710,9710,triangles,-0.1405699998140335,0.0788135975599289,-0.09934800118207932,19.756399154663086,2.5586800575256348,4.018290042877197,19.89696915447712,2.479866459965706,4.117638044059277,20.469344451040953
Truck,step2_results\resampled\Truck\D00518_kept.obj,.obj,5427,9669,9669,triangles,0.0013261099811643362,0.007482420187443495,0.00021899999410379678,2.4813199043273926,11.041500091552734,3.827579975128174,2.4799937943462282,11.03401767136529,3.82736097513407,11.939372145384217
Truck,step2_results\resampled\Truck\D00804_kept.obj,.obj,6539,11691,11691,triangles,-3.060699939727783,-3.7659199237823486,-0.03413200005888939,0.1735450029373169,6.758810043334961,4.264790058135986,3.2342449426651,10.52472996711731,4.298922058194876,11.819941289715715
Truck,step2_results\resampled\Truck\D00835_simplified.obj,.obj,9003,14899,14899,triangles,4.803259849548339,0.5679969787597656,0.0,8.037500381469728,10.586199760437012,3.2386100292558004,3.2342405319213894,10.018202781677246,3.2386100292558004,11.014231417340255
Truck,step2_results\resampled\Truck\D00926_kept.obj,.obj,5602,9986,9986,triangles,9.174650192260742,0.0,0.0017037299694493413,11.706899642944336,19.377399444580078,4.144559860229492,2.5322494506835938,19.377399444580078,4.142856130260043,19.976464988364004
Truck,step2_results\resampled\Truck\D00947_refined_simplified.obj,.obj,5099,9924,9924,triangles,2.161185979843139,16.63475227355957,-0.0009530349702575602,23.07510566711427,24.383960723876953,9.389467239379883,20.91391968727113,7.749208450317383,9.39042027435014,24.199633493526786
Truck,step2_results\resampled\Truck\D00987_simplified.obj,.obj,9067,15421,15421,triangles,-0.6304550021886826,0.009249920025467873,-0.10591500252485275,2.4247375428676605,10.813597557180568,3.963320016860962,3.055192545056343,10.8043476371551,4.069235019385815,11.942646398301456
Truck,step2_results\resampled\Truck\m1570_refined_simplified.obj,.obj,5155,9575,9575,triangles,0.02500000037252903,0.02500000037252903,0.025000000372529023,0.23303499817848206,0.36178201436996466,0.9750000238418579,0.20803499780595303,0.3367820139974356,0.9500000234693289,1.0291747810046732
Truck,step2_results\resampled\Truck\m1571_simplified.obj,.obj,9001,17237,17237,triangles,0.02500000037252903,0.02500000037252903,0.02500000037252903,0.3169260025024414,0.4130220115184784,0.9750000238418579,0.2919260021299124,0.38802201114594936,0.9500000234693289,1.066902955495497
Truck,step2_results\resampled\Truck\m1572_simplified.obj,.obj,6503,12522,12522,triangles,0.02500000037252903,0.02500000037252903,0.02500000037252903,0.18612200021743774,0.2655229866504669,0.9750000238418579,0.16112199984490871,0.2405229862779379,0.9500000234693289,0.993132242127807
Truck,step2_results\resampled\Truck\m1573_refined.obj,.obj,5458,9960,9960,triangles,0.02500000037252903,0.02500000037252903,0.02500000037252903,0.28759199380874634,0.3229610025882721,0.9750000238418579,0.2625919934362173,0.29796100221574306,0.9500000234693289,1.029677307922216
Truck,step2_results\resampled\Truck\m1574_refined_simplified.obj,.obj,5115,10048,10048,triangles,0.02500000037252903,0.02500000037252903,0.02500000037252903,0.418846994638443,0.4601460099220276,0.9750000238418579,0.39384699426591396,0.43514600954949856,0.9500000234693289,1.1166770119917722
Truck,step2_results\resampled\Truck\m1575_simplified.obj,.obj,9064,17326,17326,triangles,0.02507374994456768,0.02500000037252903,0.02500000037252903,0.39713000506162643,0.4728130102157593,0.9750000238418579,0.37205625511705875,0.44781300984323025,0.9500000234693289,1.1142093130773538
Truck,step2_results\resampled\Truck\m1576_refined_simplified.obj,.obj,5114,9765,9765,triangles,0.02500000037252903,0.025000000372529026,0.02500000037252903,0.9750000238418579,0.37992700934410095,0.31818199157714844,0.9500000234693289,0.3549270089715719,0.2931819912046194,1.0556651487360647
TruckNonContainer,step2_results\resampled\TruckNonContainer\D00055_simplified.obj,.obj,6535,12540,12540,triangles,0.0,0.0,0.0,2.548205852508545,5.852849960327148,3.7579169273376465,2.548205852508545,5.852849960327148,3.7579169273376465,7.407506014687475
TruckNonContainer,step2_results\resampled\TruckNonContainer\D00143_refined_simplified.obj,.obj,5052,9716,9716,triangles,0.9750099778175354,6.848130226135254,-0.003855000017210841,5.282350063323975,8.747859954833984,3.1591501235961923,4.307340085506439,1.8997297286987305,3.163005123613403,5.67157412596512
TruckNonContainer,step2_results\resampled\TruckNonContainer\D00148_refined_simplified.obj,.obj,5110,9766,9766,triangles,2.858734130859374,9.622424125671387,0.007120999973267317,4.643761157989505,14.17353916168213,2.014579057693482,1.7850270271301305,4.551115036010744,2.0074580577202146,5.284776003965913
TruckNonContainer,step2_results\resampled\TruckNonContainer\D00215_refined_simplified.obj,.obj,5129,9233,9233,triangles,-85.72694516081812,-320.1085815429688,-45.55376434326172,92.94817352294913,169.1104736328133,134.99522399902952,178.67511868376727,489.2190551757821,180.54898834229124,551.2331804011511
TruckNonContainer,step2_results\resampled\TruckNonContainer\D00252_refined_simplified.obj,.obj,5097,9948,9948,triangles,-4.195119857788108,0.2910340130329132,0.0,16.338682174682617,12.247428894043026,9.390420913696289,20.533802032470724,11.956394881010112,9.390420913696289,25.549411135987622
TruckNonContainer,step2_results\resampled\TruckNonContainer\D00266_simplified.obj,.obj,6497,11925,11925,triangles,-0.1616169959306717,-0.0010059999767690897,0.0,2.140079975128174,5.7752299308776855,2.213599920272827,2.3016969710588455,5.776235930854455,2.213599920272827,6.600207199967843
TruckNonContainer,step2_results\resampled\TruckNonContainer\D00267_kept.obj,.obj,6035,11840,11840,triangles,5.122250080108643,-5.807740211486816,1.0570199489593506,142.4199981689453,56.454898834228516,76.19439697265625,137.29774808883667,62.26263904571533,75.1373770236969,168.44267059508365
TruckNonContainer,step2_results\resampled\TruckNonContainer\D00275_kept.obj,.obj,5492,10837,10837,triangles,12.756999969482422,7.9588799476623535,0.07654400169849396,40.46670150756836,16.052499771118164,10.2298002243042,27.709701538085938,8.09361982345581,10.153256222605705,30.60102699417653
TruckNonContainer,step2_results\resampled\TruckNonContainer\D00283_simplified.obj,.obj,6572,10253,10253,triangles,0.8555650115013123,0.6739839911460876,0.0034907199442386627,0.9408590197563171,0.854656994342804,0.11643899977207184,0.08529400825500488,0.1806730031967163,0.11294827982783318,0.22951060072334786
TruckNonContainer,step2_results\resampled\TruckNonContainer\D00353_simplified.obj,.obj,9017,15901,15901,triangles,1.1020400052075274e-05,-0.0005899809766560793,0.0,3.3232898712158203,7.411290168762208,4.190989971160889,3.3232788508157682,7.411880149738864,4.190989971160889,9.140270598442013
TruckNonContainer,step2_results\resampled\TruckNonContainer\D00553_simplified.obj,.obj,6537,12260,12260,triangles,-1.3367509841918945,-3.1253719329833993,-1.8668999671936035,3.696526050567627,10.824456214904787,4.135613918304443,5.0332770347595215,13.949828147888187,6.002513885498047,15.998804830669322
TruckNonContainer,step2_results\resampled\TruckNonContainer\D00572_refined_simplified.obj,.obj,5069,9753,9753,triangles,0.0019506700336933136,0.0,0.0,2.7567200660705566,9.245790481567383,2.584660053253174,2.7547693960368633,9.245790481567383,2.584660053253174,9.987685600040983
TruckNonContainer,step2_results\resampled\TruckNonContainer\D00608_simplified.obj,.obj,6535,11827,11827,triangles,-2.33768892288208,0.21610300242900848,-0.0009619999909773469,-0.3507060110569,5.219584941864014,2.1477210521698,1.98698291182518,5.003481939435005,2.148683052160777,5.79653098575178
TruckNonContainer,step2_results\resampled\TruckNonContainer\D00619_kept.obj,.obj,5231,10302,10302,triangles,-293.26800537109375,18.199399948120117,-4.226109981536865,191.8800048828125,153.76100158691406,228.3000030517578,485.14801025390625,135.56160163879395,232.52611303329468,554.8098169053716
TruckNonContainer,step2_results\resampled\TruckNonContainer\D00699_kept.obj,.obj,5071,10235,10235,triangles,-0.0015869999770075083,0.1311420053243637,-0.012699699960649014,2.2895100116729736,5.665689945220947,2.317319869995117,2.291097011649981,5.534547939896584,2.330019569955766,6.427234056122575
TruckNonContainer,step2_results\resampled\TruckNonContainer\D00731_refined_simplified.obj,.obj,5065,10015,10015,triangles,3.4757699966430664,-0.1334560066461563,0.0,6.098999977111816,7.7103400230407715,3.0549800395965594,2.62322998046875,7.843796029686928,3.0549800395965594,8.816993519794368
TruckNonContainer,step2_results\resampled\TruckNonContainer\D00737_refined_simplified.obj,.obj,5112,9231,9231,triangles,-72.41590118408203,-245.39799499511727,-1.0896300077438354,72.84220123291016,48.10260009765626,140.697998046875,145.2581024169922,293.50059509277355,141.78762805461884,356.8560593670122
TruckNonContainer,step2_results\resampled\TruckNonContainer\D00783_kept.obj,.obj,5246,10001,10001,triangles,8.064629554748535,-1.3954899311065674,-0.00015000499843154103,15.866600036621094,1.4768600463867188,2.8320000171661377,7.801970481872559,2.872349977493286,2.8321500221645692,8.783063903972415
TruckNonContainer,step2_results\resampled\TruckNonContainer\D00879_refined_simplified.obj,.obj,5109,9915,9915,triangles,1.9126689434051514,1.6656880378723145,-0.035787999629974365,9.544556617736816,5.952464103698731,4.2001771926879945,7.631887674331665,4.286776065826417,4.235965192317969,9.724482486111393
TruckNonContainer,step2_results\resampled\TruckNonContainer\D00943_simplified.obj,.obj,6462,10955,10955,triangles,0.758437991142273,-0.05079999938607216,0.14615899324417114,2.329987049102783,4.299259185791016,2.2487690448760986,1.5715490579605103,4.350059185177088,2.1026100516319275,5.08072341161608
Vase,step2_results\resampled\Vase\m527_refined_simplified.obj,.obj,5100,10196,10196,triangles,0.02500000037252903,0.02500000037252903,0.02500000037252903,0.9750000238418579,0.9750000238418579,0.9750000238418579,0.9500000234693289,0.9500000234693289,0.9500000234693289,1.6454483078405036
Vase,step2_results\resampled\Vase\m528_refined_simplified.obj,.obj,5101,10037,10037,triangles,0.02500000037252903,0.02500000037252903,0.02500000037252903,0.4042989909648895,0.35588300228118896,0.9750000238418579,0.3792989905923605,0.33088300190865993,0.9500000234693289,1.0751052645244534
Vase,step2_results\resampled\Vase\m529_refined_simplified.obj,.obj,5098,9393,9393,triangles,0.02500000037252903,0.02500000037252903,0.02500000037252903,0.9706419706344604,0.6504499912261963,0.9750000238418579,0.9456419702619314,0.6254499908536673,0.9500000234693289,1.4791641124538701
Vase,step2_results\resampled\Vase\m531_refined_simplified.obj,.obj,5100,10200,10200,triangles,0.02500000037252903,0.02500000037252903,0.02500000037252903,0.4951069951057434,0.9750000238418579,0.49513500928878784,0.4701069947332144,0.9500000234693289,0.4701350089162588,1.159537648244985
Vase,step2_results\resampled\Vase\m532_refined_simplified.obj,.obj,5104,10106,10106,triangles,0.02500000037252903,0.02500000037252903,0.02500000037252903,0.422870010137558,0.422870010137558,0.9750000238418579,0.39787000976502895,0.39787000976502895,0.9500000234693289,1.1041291291930369
Vase,step2_results\resampled\Vase\m533_refined_simplified.obj,.obj,5103,10142,10142,triangles,0.02500000037252903,0.02500000037252903,0.02500000037252903,0.6159570217132571,0.9750000238418579,0.5251060128211975,0.590957021340728,0.9500000234693289,0.5001060124486685,1.2254942959275408
Vase,step2_results\resampled\Vase\m534_refined_simplified.obj,.obj,5100,10198,10198,triangles,0.02500000037252903,0.02500000037252903,0.02500000037252903,0.6397839784622192,0.9750000238418579,0.6397839784622192,0.6147839780896902,0.9500000234693289,0.6147839780896902,1.2877960723745414
Vase,step2_results\resampled\Vase\m535_refined_simplified.obj,.obj,5101,10018,10018,triangles,0.02500000037252903,0.02500000037252903,0.02500000037252903,0.674140989780426,0.9750000238418579,0.674140989780426,0.649140989407897,0.9500000234693289,0.649140989407897,1.3210859521055593
Vase,step2_results\resampled\Vase\m536_refined_simplified.obj,.obj,5100,10196,10196,triangles,0.02500000037252903,0.02500000037252903,0.02500000037252903,0.5,0.5,0.9750000238418579,0.47499999962747097,0.47499999962747097,0.9500000234693289,1.1635076466804677
Vase,step2_results\resampled\Vase\m537_refined_simplified.obj,.obj,5100,10200,10200,triangles,0.02500000037252903,0.02500000037252903,0.02500000037252903,0.5716050267219543,0.9750000238418579,0.5717210173606873,0.5466050263494253,0.9500000234693289,0.5467210169881582,1.2248187497906566
Vase,step2_results\resampled\Vase\m538_refined_simplified.obj,.obj,5099,10149,10149,triangles,0.02500000037252903,0.025000000372528267,0.02500000037252903,0.9750000238418579,0.5395349860191345,0.9745830297470093,0.9500000234693289,0.5145349856466063,0.9495830293744802,1.4383859793956884
Vase,step2_results\resampled\Vase\m539_refined_simplified.obj,.obj,5101,10137,10137,triangles,0.02500000037252903,0.02500000037252903,0.02500000037252903,0.753296971321106,0.9750000238418579,0.7527999877929688,0.7282969709485769,0.9500000234693289,0.7277999874204397,1.4009315986777477
Vase,step2_results\resampled\Vase\m540_refined_simplified.obj,.obj,5100,10196,10196,triangles,0.02500000037252903,0.02500000037252903,0.02500000037252903,0.9319660067558289,0.8032609820365906,0.9750000238418579,0.9069660063832998,0.7782609816640615,0.9500000234693289,1.5266884216850882
Vase,step2_results\resampled\Vase\m541_refined_simplified.obj,.obj,5123,7281,7281,triangles,0.02500000037252903,0.02500000037252903,0.02500000037252903,0.8903130292892456,0.9750000238418579,0.890699028968811,0.8653130289167166,0.9500000234693289,0.865699028596282,1.5494197270969845
Vase,step2_results\resampled\Vase\m542_refined_simplified.obj,.obj,5097,10146,10146,triangles,0.02500000037252903,0.02500000037252903,0.02500000037252903,0.6422460079193115,0.9385920166969299,0.9750000238418579,0.6172460075467825,0.9135920163244009,0.9500000234693289,1.4553841591538133
Vase,step2_results\resampled\Vase\m543_refined_simplified.obj,.obj,5106,10016,10016,triangles,0.02500000037252903,0.02500000037252903,0.02500000037252903,0.8903130292892456,0.9750000238418579,0.8906970024108887,0.8653130289167166,0.9500000234693289,0.8656970020383596,1.549418594809986
Vase,step2_results\resampled\Vase\m544_refined_simplified.obj,.obj,5100,10196,10196,triangles,0.02500000037252903,0.02500000037252903,0.02500000037252903,0.6690689921379089,0.9750000238418579,0.6690689921379089,0.6440689917653799,0.9500000234693289,0.6440689917653799,1.3161116126298222
Vase,step2_results\resampled\Vase\m545_refined_simplified.obj,.obj,5100,10196,10196,triangles,0.02500000037252903,0.02500000037252903,0.02500000037252903,0.9750000238418579,0.40960898995399475,0.9750000238418579,0.9500000234693289,0.3846089895814657,0.9500000234693289,1.3974706308364147
Vase,step2_results\resampled\Vase\m546_refined_simplified.obj,.obj,5100,10196,10196,triangles,0.02500000037252903,0.02500000037252903,0.02500000037252903,0.6690580248832703,0.9750000238418579,0.6690580248832703,0.6440580245107412,0.9500000234693289,0.6440580245107412,1.3161008785291053
Vase,step2_results\resampled\Vase\m547_refined_simplified.obj,.obj,5087,10064,10064,triangles,0.02500000037252903,0.02500000037252903,0.02500000037252903,0.9750000238418579,0.7143359780311584,0.9750000238418579,0.9500000234693289,0.6893359776586294,0.9500000234693289,1.5100278736758568
Violin,step2_results\resampled\Violin\D00108_refined_simplified.obj,.obj,5136,9487,9487,triangles,2.687619924545288,-2.4687299728393555,0.4838710129261017,4.7081298828125,3.1091699600219727,1.082800030708313,2.020509958267212,5.577899932861328,0.5989290177822113,5.962729586423733
Violin,step2_results\resampled\Violin\D00216_refined_simplified.obj,.obj,5110,9927,9927,triangles,0.22086100280284882,-0.2596780061721802,0.13358600437641144,0.42876699566841125,-0.14730900526046753,0.7234910130500793,0.20790599286556244,0.11236900091171265,0.5899050086736679,0.6354837633595307
Violin,step2_results\resampled\Violin\D00250_refined_simplified.obj,.obj,5097,10058,10058,triangles,-0.17854000627994537,0.12051700055599213,0.06250379979610443,0.431318998336792,0.19607900083065033,0.2699739933013916,0.6098590046167374,0.0755620002746582,0.20747019350528717,0.6485996473871586
Violin,step2_results\resampled\Violin\D00324_refined_simplified.obj,.obj,5100,9652,9652,triangles,1.7268400192260742,2.256040096282959,0.09574499726295471,2.7056798934936523,5.337399959564209,0.6599760055541992,0.9788398742675781,3.08135986328125,0.5642310082912445,3.2819601973842043
Violin,step2_results\resampled\Violin\D00340_refined_simplified.obj,.obj,5099,9516,9516,triangles,0.6864320039749146,-0.0375249981880188,1.097749948501587,0.901885986328125,0.0263179000467062,1.700890064239502,0.21545398235321045,0.063842898234725,0.603140115737915,0.6436414633778751
Violin,step2_results\resampled\Violin\D00349_refined_simplified.obj,.obj,5120,9915,9915,triangles,-14.737775802612305,17.900774002075195,0.4243299961090088,-14.28261947631836,18.740747451782227,1.5018960237503052,0.4551563262939453,0.8399734497070312,1.0775660276412964,1.4400941710543704
Violin,step2_results\resampled\Violin\D00358_simplified.obj,.obj,6499,12830,12830,triangles,0.4878700077533722,-0.012720099650323391,-0.061643000692129135,0.6950169801712036,0.5966899991035461,0.02287299931049347,0.20714697241783142,0.6094100987538695,0.0845160000026226,0.649179090006385
Violin,step2_results\resampled\Violin\D00376_refined_simplified.obj,.obj,5101,10114,10114,triangles,3.634774923324585,2.7794508934020996,-0.6019020080566406,4.934042930603027,4.432217121124268,3.4739809036254883,1.2992680072784424,1.652766227722168,4.075882911682129,4.586126368513917
Violin,step2_results\resampled\Violin\D00506_refined_simplified.obj,.obj,5155,9277,9277,triangles,4.275600910186751,12.040583610534668,-1.4025980234146123,10.733775138855037,19.922489166259766,18.005327224731445,6.458174228668287,7.881905555725098,19.407925248146057,21.920310490383812
Violin,step2_results\resampled\Violin\D00570_refined_simplified.obj,.obj,5140,9537,9537,triangles,1.8882999420166016,0.7428460121154785,0.3413589894771576,2.600860118865967,1.7944700717926025,2.1323399543762207,0.7125601768493652,1.051624059677124,1.790980964899063,2.195738596726435
Violin,step2_results\resampled\Violin\D00598_simplified.obj,.obj,6503,12377,12377,triangles,-8.066539764404297,-13432.6884765625,-0.5266950130462646,52653.53125,-1.724020004272461,5949.68798828125,52661.597789764404,13430.964456558228,5950.214683294296,54672.11119740613
Violin,step2_results\resampled\Violin\D00602_refined_simplified.obj,.obj,5083,9724,9724,triangles,9.936690330505371,20.73200035095215,1.7929199934005737,10.037599563598633,20.93910026550293,2.540489912033081,0.10090923309326172,0.20709991455078125,0.7475699186325073,0.7822619965041282
Violin,step2_results\resampled\Violin\D00620_refined_simplified.obj,.obj,5104,9947,9947,triangles,-0.341623991727829,-0.4466949999332428,0.019050000235438347,-0.02412400022149086,0.3757439851760864,0.08254999667406082,0.3174999915063381,0.8224389851093292,0.06349999643862247,0.8838802964100361
Violin,step2_results\resampled\Violin\D00675_refined_simplified.obj,.obj,5101,10001,10001,triangles,0.15058499574661255,0.41961199045181274,0.0008989999769255519,0.33972498774528503,0.5925319790840149,0.5779880285263062,0.18913999199867249,0.17291998863220215,0.5770890285493806,0.6314325030546706
Violin,step2_results\resampled\Violin\D00701_refined_simplified.obj,.obj,5111,9641,9641,triangles,4.581153869628906,0.039218999445438385,-0.08230400085449219,5.563618183135986,2.816739082336426,0.11906299740076065,0.9824643135070801,2.7775200828909874,0.20136699825525284,2.95303278108524
Violin,step2_results\resampled\Violin\D00704_refined_simplified.obj,.obj,5103,8829,8829,triangles,0.32303598523139954,0.018012000247836113,1.311959981918335,1.010759949684143,0.3137910068035126,1.5328199863433838,0.6877239644527435,0.29577900655567646,0.22086000442504883,0.780530981804242
Violin,step2_results\resampled\Violin\D00743_refined_simplified.obj,.obj,5085,9837,9837,triangles,-14.618172645568851,-6.018688201904297,6.502399921417233,0.9910730123519897,54.57381057739261,13.569950103759766,15.609245657920841,60.5924987792969,7.067550182342533,62.968640797688714
Violin,step2_results\resampled\Violin\D00891_refined_simplified.obj,.obj,5117,9693,9693,triangles,36.637001037597656,11.9891996383667,-2.220446049250313e-16,62.436599731445334,86.56449890136719,7.194550037384035,25.799598693847678,74.57529926300049,7.194550037384035,79.23923335804108
Violin,step2_results\resampled\Violin\D00898_simplified.obj,.obj,6551,11314,11314,triangles,-1.1866199970245361,-0.14581400156021118,-0.062187399715185165,-0.980584979057312,-0.030920999124646187,0.5222300291061401,0.20603501796722412,0.114893002435565,0.5844174288213253,0.6302337358056469
Violin,step2_results\resampled\Violin\D00993_simplified.obj,.obj,6506,12618,12618,triangles,4.529530048370361,0.19465699791908264,-3.447740077972412,4.98730993270874,0.5207819938659668,-1.9446499347686768,0.4577798843383789,0.32612499594688416,1.5030901432037354,1.6047429433035187
Wheel,step2_results\resampled\Wheel\m733_refined_simplified.obj,.obj,5102,10164,10164,triangles,0.02500000037252903,0.02500000037252903,0.02500000037252903,0.9709479808807373,0.9750000238418579,0.4380429983139038,0.9459479805082083,0.9500000234693289,0.4130429979413748,1.4028264841268436
Wheel,step2_results\resampled\Wheel\m734_refined_simplified.obj,.obj,5117,8741,8741,triangles,0.02500000037252903,0.02500000037252903,0.02500000037252903,0.203916996717453,0.9750000238418579,0.969793975353241,0.17891699634492397,0.9500000234693289,0.9447939749807119,1.3517200121817643
Wheel,step2_results\resampled\Wheel\m735_refined_simplified.obj,.obj,5103,10166,10166,triangles,0.02500000037252903,0.02500000037252903,0.02500000037252903,0.9750000238418579,0.9750000238418579,0.11351700127124786,0.9500000234693289,0.9500000234693289,0.08851700089871883,1.346415741378403
Wheel,step2_results\resampled\Wheel\m736_refined_simplified.obj,.obj,5102,10168,10168,triangles,0.02500000037252903,0.02500000037252903,0.02500000037252903,0.23611199855804443,0.9750000238418579,0.9750000238418579,0.2111119981855154,0.9500000234693289,0.9500000234693289,1.3599883694213462
Wheel,step2_results\resampled\Wheel\m737_refined_simplified.obj,.obj,5157,9634,9634,triangles,0.02500000037252903,0.02500000037252903,0.02500000037252903,0.539529025554657,0.9750000238418579,0.97496098279953,0.514529025182128,0.9500000234693289,0.949960982427001,1.4386333898809207
Wheel,step2_results\resampled\Wheel\m738_refined_simplified.obj,.obj,5119,9644,9644,triangles,0.02500000037252903,0.02500000037252903,0.02500000037252903,0.9750000238418579,0.9750000238418579,0.5020819902420044,0.9500000234693289,0.9500000234693289,0.47708198986947536,1.4256953791891411
Wheel,step2_results\resampled\Wheel\m739_refined_simplified.obj,.obj,5098,10232,10232,triangles,0.02500000037252903,0.02500000037252903,0.02500000037252903,0.9750000238418579,0.9750000238418579,0.4136349856853485,0.9500000234693289,0.9500000234693289,0.3886349853128195,1.398584012847475
Wheel,step2_results\resampled\Wheel\m740_refined_simplified.obj,.obj,5128,8761,8761,triangles,0.02500000037252903,0.02500000037252903,0.02500000037252903,0.9750000238418579,0.9750000238418579,0.47783300280570984,0.9500000234693289,0.9500000234693289,0.4528330024331808,1.4177650783102609
Wheel,step2_results\resampled\Wheel\m741_refined_simplified.obj,.obj,5095,10070,10070,triangles,0.02500000037252903,0.02500000037252903,0.02500000037252903,0.9750000238418579,0.911666989326477,0.911666989326477,0.9500000234693289,0.886666988953948,0.886666988953948,1.5731677415943432
Wheel,step2_results\resampled\Wheel\m742_refined_simplified.obj,.obj,5145,10286,10286,triangles,0.02500000037252903,0.02500000037252903,0.02500000037252893,0.9750000238418579,0.9750000238418579,0.20104500651359558,0.9500000234693289,0.9500000234693289,0.17604500614106666,1.3549877982368177
Wheel,step2_results\resampled\Wheel\m743_refined_simplified.obj,.obj,5100,10196,10196,triangles,0.02500000037252903,0.02500000037252903,0.02500000037252903,0.9750000238418579,0.9750000238418579,0.1113789975643158,0.9500000234693289,0.9500000234693289,0.08637899719178677,1.346276873581103
Wheel,step2_results\resampled\Wheel\m744_refined_simplified.obj,.obj,5100,10200,10200,triangles,0.02500000037252903,0.02500000037252903,0.02500000037252903,0.9747009873390198,0.9750000238418579,0.41322600841522217,0.9497009869664907,0.9500000234693289,0.38822600804269314,1.3982673001102532
Wheel,step2_results\resampled\Wheel\m745_refined_simplified.obj,.obj,5100,10200,10200,triangles,0.02500000037252903,0.02500000037252903,0.02500000037252903,0.9736610054969788,0.9750000238418579,0.52919602394104,0.9486610051244497,0.9500000234693289,0.504196023568511,1.4341099600162308
Wheel,step2_results\resampled\Wheel\m746_refined_simplified.obj,.obj,5101,10063,10063,triangles,0.02500000037252903,0.02500000037252903,0.02500000037252903,0.9750000238418579,0.9750000238418579,0.6901440024375916,0.9500000234693289,0.9500000234693289,0.6651440020650625,1.4991386302362362
Wheel,step2_results\resampled\Wheel\m747_refined_simplified.obj,.obj,5100,10196,10196,triangles,0.02500000037252903,0.02500000037252903,0.02500000037252903,0.9750000238418579,0.9750000238418579,0.15291999280452728,0.9500000234693289,0.9500000234693289,0.12791999243199825,1.3495790505365934
Wheel,step2_results\resampled\Wheel\m748_refined_simplified.obj,.obj,5097,10187,10187,triangles,0.02500000037252903,0.02500000037252903,0.02500000037252903,0.9750000238418579,0.9750000238418579,0.37589800357818604,0.9500000234693289,0.9500000234693289,0.350898003205657,1.388571027292867
Wheel,step2_results\resampled\Wheel\m749_refined_simplified.obj,.obj,5101,10176,10176,triangles,0.02500000037252903,0.02500000037252903,0.02500000037252903,0.9069030284881592,0.9750000238418579,0.7327529788017273,0.8819030281156301,0.9500000234693289,0.7077529784291983,1.4768775420009082
WheelChair,step2_results\resampled\WheelChair\D00004_simplified.obj,.obj,9029,17586,17586,triangles,-0.5391849875450134,-0.39583900570869446,-0.41090500354766846,1.246019959449768,0.4359710067510605,0.3810819983482361,1.7852049469947815,0.8318100124597549,0.7919870018959045,2.1227595273075566
WheelChair,step2_results\resampled\WheelChair\D00070_simplified.obj,.obj,6513,12906,12906,triangles,-1.2667800188064575,-0.6564059853553772,-0.6784759759902954,0.6722639799118042,0.5257350206375122,0.5520070195198059,1.9390439987182617,1.1821410059928894,1.2304829955101013,2.5829125787092946
WheelChair,step2_results\resampled\WheelChair\D00088_simplified.obj,.obj,9036,17675,17675,triangles,-0.8608180284500122,-0.5691900253295898,-0.6673706248402596,0.8822770118713379,0.4252002462744713,0.4491885006427765,1.74309504032135,0.9943902716040611,1.116559125483036,2.296496595371552
WheelChair,step2_results\resampled\WheelChair\D00183_refined_simplified.obj,.obj,5143,9752,9752,triangles,-0.9647589921951294,-0.5349820256233215,-0.4780009984970093,0.8870959877967834,0.6008399724960327,0.5947059988975525,1.8518549799919128,1.1358219981193542,1.0727069973945618,2.4228410555775106
WheelChair,step2_results\resampled\WheelChair\D00203_refined_simplified.obj,.obj,5092,9250,9250,triangles,-1.192460060119629,-0.43372800946235657,-0.6274369955062866,0.6181010007858276,0.598671019077301,0.559673011302948,1.8105610609054565,1.0323990285396576,1.1871100068092346,2.3985848489605996
WheelChair,step2_results\resampled\WheelChair\D00274_refined_simplified.obj,.obj,5120,8915,8915,triangles,-0.7024549841880798,-0.4584159851074219,-0.4132060110569,1.1638699769973755,0.5331670045852661,0.6923109889030457,1.8663249611854553,0.991582989692688,1.1055169999599457,2.3850730645815066
WheelChair,step2_results\resampled\WheelChair\D00290_refined_simplified.obj,.obj,5111,10086,10086,triangles,-0.8682860136032104,-0.4584830105304718,-0.5440369844436646,0.9927809834480286,0.565172016620636,0.503620982170105,1.861066997051239,1.0236550271511078,1.0476579666137695,2.368338488716161
WheelChair,step2_results\resampled\WheelChair\D00365_simplified.obj,.obj,6503,12930,12930,triangles,-0.8826910257339478,-0.6423760056495667,-0.5708410143852234,0.9208809733390808,0.38807299733161926,0.42266300320625305,1.8035719990730286,1.030449002981186,0.9935040175914764,2.3025523526199367
WheelChair,step2_results\resampled\WheelChair\D00394_simplified.obj,.obj,9004,17749,17749,triangles,-1.1042699813842773,-0.48533299565315247,-0.5730720162391663,0.7944740056991577,0.5746989846229553,0.5359960198402405,1.898743987083435,1.0600319802761078,1.1090680360794067,2.4410916484938903
WheelChair,step2_results\resampled\WheelChair\D00449_simplified.obj,.obj,9010,17926,17926,triangles,-0.984499990940094,-0.382533997297287,-0.6348029971122742,0.7946410179138184,0.7855029702186584,0.6397989988327026,1.7791410088539124,1.1680369675159454,1.2746019959449768,2.4807787758960855
WheelChair,step2_results\resampled\WheelChair\D00453_refined_simplified.obj,.obj,5117,8673,8673,triangles,-0.5879369974136353,-0.7458329796791077,-0.5436270236968994,1.0418299436569214,0.3536370098590851,0.5951570272445679,1.6297669410705566,1.0994699895381927,1.1387840509414673,2.271960311004629
WheelChair,step2_results\resampled\WheelChair\D00499_refined_simplified.obj,.obj,5107,8604,8604,triangles,-0.6894630193710327,-0.4549809992313385,-0.3802340030670166,1.1651400327682495,0.4853909909725189,0.6932169795036316,1.8546030521392822,0.9403719902038574,1.0734509825706482,2.3401172989716126
WheelChair,step2_results\resampled\WheelChair\D00526_refined_simplified.obj,.obj,5111,9904,9904,triangles,-0.883463978767395,-0.5190119743347168,-0.5645710229873657,0.903357982635498,0.6378419995307922,0.6820279955863953,1.786821961402893,1.156853973865509,1.246599018573761,2.466790009650024
WheelChair,step2_results\resampled\WheelChair\D00604_refined_simplified.obj,.obj,5123,9175,9175,triangles,-0.7111700177192688,-0.718189001083374,-0.5247830152511597,1.164620041847229,0.34290099143981934,0.616595983505249,1.8757900595664978,1.0610899925231934,1.1413789987564087,2.4386976726530776
WheelChair,step2_results\resampled\WheelChair\D00628_simplified.obj,.obj,9013,17648,17648,triangles,-0.7720489799976349,-0.548346996307373,-0.609342485666275,0.9892209768295288,0.5234106332063675,0.5772950053215027,1.7612699568271637,1.0717576295137405,1.1866374909877777,2.3788326574731227
WheelChair,step2_results\resampled\WheelChair\D00687_simplified.obj,.obj,6511,12914,12914,triangles,-0.8329730033874512,-0.3838210105895996,-0.4465959966182709,0.9970139861106873,0.5451949834823608,0.5250899791717529,1.8299869894981384,0.9290159940719604,0.9716859757900238,2.270704017374564
WheelChair,step2_results\resampled\WheelChair\D00720_simplified.obj,.obj,9013,17156,17156,triangles,-1.2559750080108643,-0.5112959742546082,-0.42643800377845764,0.6250360012054443,0.625330001115799,0.5237770080566406,1.8810110092163086,1.136625975370407,0.9502150118350983,2.3943745724920444
WheelChair,step2_results\resampled\WheelChair\D00782_refined_simplified.obj,.obj,5157,9658,9658,triangles,-1.182569980621338,-0.4252229928970337,-0.5961030125617981,0.7008900046348572,0.7024180293083191,0.6133700013160706,1.883459985256195,1.1276410222053528,1.2094730138778687,2.5063560725324754
WheelChair,step2_results\resampled\WheelChair\D00821_simplified.obj,.obj,6511,12914,12914,triangles,-0.8248680233955383,-0.3468250036239624,-0.46827200055122375,1.00177001953125,0.5289729833602905,0.5085470080375671,1.8266380429267883,0.8757979869842529,0.9768190085887909,2.248956208869676
WheelChair,step2_results\resampled\WheelChair\D00846_simplified.obj,.obj,6503,12654,12654,triangles,-0.9151549935340881,-0.560325026512146,-0.6271759867668152,0.9493919909000397,0.519415020942688,0.5379930138587952,1.8645469844341278,1.079740047454834,1.1651690006256104,2.449488278653125
