# Created by Open3D 
# object name: m1091_refined_simplified_norm
# number of vertices: 5115
# number of triangles: 8483
v -0.0822748 0.0835942 0.186034
vn -0.243891 0.818953 0.519454
v -0.0758253 0.102005 0.156486
vn -0.152779 0.857357 0.491526
v -0.0937885 0.0704141 0.199567
vn -0.331598 0.769733 0.545485
v -0.058259 0.111508 0.135531
vn 0.0992749 0.917389 0.385412
v -0.0582737 0.102643 0.155487
vn 0.0706907 0.905082 0.41932
v -0.0495106 0.106325 0.145168
vn 0.131023 0.912836 0.386735
v -0.026419 0.118695 0.0858582
vn 0.331652 0.926552 0.177506
v -0.0138569 0.118137 0.0584034
vn 0.367448 0.921747 0.123954
v -0.0410053 0.127279 0.064994
vn 0.301228 0.941829 0.149066
v -0.107757 0.12178 0.102822
vn -0.283629 0.873047 0.396666
v -0.130498 0.100761 0.127931
vn -0.39514 0.813811 0.426118
v -0.116184 0.106251 0.130386
vn -0.325626 0.844929 0.424339
v -0.162264 0.0241952 0.180287
vn -0.709532 0.401015 0.579441
v -0.170014 -0.0432637 0.20638
vn -0.814975 0.225317 0.533898
v -0.145015 0.0505815 0.178416
vn -0.665414 0.498593 0.555543
v -0.15455 -0.0760532 0.239398
vn -0.898707 0.127844 0.419502
v -0.142191 -0.0309058 0.244098
vn -0.831453 0.260799 0.49058
v -0.146292 -0.03305 0.231348
vn -0.791263 0.255915 0.555348
v -0.138034 0.00995414 0.223296
vn -0.739975 0.375087 0.558344
v -0.12028 0.0441436 0.210975
vn -0.5143 0.630297 0.581567
v -0.121652 0.0294541 0.22355
vn -0.572324 0.563463 0.595781
v -0.119764 0.0323836 0.222895
vn -0.523809 0.594954 0.609634
v -0.123023 0.0147657 0.236124
vn -0.615084 0.517721 0.594673
v -0.121136 0.0176942 0.23547
vn -0.618651 0.528582 0.581267
v -0.119248 0.0206236 0.234815
vn -0.56703 0.572578 0.592141
v -0.0587558 0.121866 0.106796
vn 0.156366 0.94422 0.289824
v -0.0498148 0.119473 0.10941
vn 0.210057 0.936522 0.280719
v -0.0593716 0.126654 0.0899929
vn 0.171784 0.956496 0.23581
v -0.134124 0.0525289 0.188487
vn -0.6392 0.556242 0.531053
v -0.155677 -0.0205722 0.219741
vn -0.803616 0.282302 0.523934
v -0.135424 0.0415878 0.198387
vn -0.681396 0.504258 0.530493
v -0.099039 0.0890015 0.170116
vn -0.331811 0.771076 0.543455
v -0.101892 0.0738005 0.190193
vn -0.3481 0.747415 0.56586
v -0.0917474 0.0958458 0.161681
vn -0.153776 0.828137 0.539019
v -0.0844569 0.10269 0.153246
vn -0.216308 0.847015 0.485568
v -0.0694095 0.125896 0.0975908
vn 0.0452797 0.954693 0.294128
v -0.0754653 0.126735 0.0957856
vn 0.043425 0.953744 0.297466
v -0.0817937 0.123593 0.106274
vn -0.054529 0.937 0.345047
v -0.0815211 0.127574 0.0939792
vn -0.0234336 0.954602 0.29696
v -0.0866221 0.112377 0.133254
vn -0.1455 0.90077 0.409198
v -0.0894727 0.109494 0.13821
vn -0.400804 0.873125 0.277504
v -0.0809495 0.115289 0.127169
vn -0.0772067 0.925484 0.370836
v -0.0923243 0.10661 0.143164
vn -0.288632 0.864879 0.410702
v -0.0838011 0.112406 0.132123
vn -0.0812126 0.906937 0.413364
v -0.0752779 0.118201 0.121083
vn 0.00409714 0.936227 0.351373
v -0.0651116 0.113954 0.130943
vn -0.0228544 0.921606 0.387454
v -0.0685358 0.112602 0.134357
vn 0.0345563 0.916758 0.397945
v -0.0704685 0.107979 0.143715
vn -0.0378275 0.911125 0.41039
v -0.0719611 0.111249 0.137771
vn -0.117148 0.898058 0.423991
v -0.0407316 0.105237 0.143752
vn 0.202118 0.909828 0.362438
v -0.0445369 0.110528 0.132397
vn 0.210495 0.921706 0.325808
v -0.0451211 0.10578 0.14446
vn 0.173551 0.909578 0.377555
v -0.05568 0.132084 0.0588876
vn 0.213954 0.967684 0.133456
v -0.0601842 0.130735 0.0722656
vn 0.180772 0.96597 0.184997
v -0.115232 0.0981279 0.145248
vn -0.32344 0.830541 0.453418
v -0.0996411 0.113889 0.125281
vn -0.200397 0.88865 0.412483
v -0.167667 -0.0859058 0.216334
vn -0.798911 0.0633788 0.5981
v -0.171259 -0.109483 0.204386
vn -0.830442 -0.0903774 0.549726
v -0.121681 0.0561194 0.196677
vn -0.62221 0.560201 0.546836
v -0.13229 0.0398605 0.203449
vn -0.686555 0.53108 0.496584
v -0.135161 0.0249068 0.213373
vn -0.751733 0.458778 0.47373
v -0.116772 0.0102984 0.246272
vn -0.595408 0.537879 0.596805
v -0.115563 0.0224142 0.236231
vn -0.573703 0.555826 0.6016
v -0.11801 0.0154616 0.240543
vn -0.578003 0.540117 0.611708
v -0.114355 0.0345289 0.22619
vn -0.453885 0.656564 0.602422
v -0.116801 0.0275763 0.230502
vn -0.605669 0.562348 0.562965
v -0.0749948 0.130694 0.0814898
vn 0.0793503 0.969035 0.233827
v -0.112959 0.082931 0.170058
vn -0.561459 0.68472 0.464674
v -0.0704306 0.114557 0.129635
vn -0.0528998 0.928472 0.367615
v -0.0782085 0.106969 0.145509
vn -0.0209298 0.88194 0.470897
v -0.0689011 0.117866 0.121499
vn 0.0203884 0.922933 0.384421
v -0.076679 0.110277 0.137373
vn -0.0500526 0.910408 0.410673
v -0.0842527 0.117129 0.122956
vn -0.0883182 0.906592 0.412663
v -0.0658642 0.120772 0.112086
vn 0.0429427 0.950628 0.307347
v -0.0720895 0.118033 0.121291
vn 0.0260358 0.934806 0.354202
v -0.0628264 0.123678 0.102672
vn 0.0797574 0.943284 0.322264
v -0.0730211 0.0929731 0.17334
vn -0.188766 0.837888 0.512164
v -0.0795874 0.0801552 0.190502
vn -0.157982 0.819166 0.551369
v -0.0861527 0.0673384 0.207663
vn -0.273077 0.799449 0.53508
v -0.0570253 0.0959426 0.168738
vn 0.0400103 0.886461 0.46107
v -0.0576495 0.0992921 0.162112
vn 0.0725582 0.8928 0.444572
v -0.0607011 0.0974236 0.166057
vn 0.0148643 0.883603 0.468001
v -0.0643758 0.0989057 0.163376
vn 0.017326 0.890699 0.454264
v -0.00806848 0.117007 0.0412466
vn 0.414427 0.90763 0.0667651
v -0.00519688 0.114265 0.0570876
vn 0.419442 0.901414 0.107342
v 0.00346207 0.110392 0.0557708
vn 0.428478 0.899236 0.0882116
v -0.143956 0.0807815 0.143955
vn -0.558194 0.69346 0.455558
v -0.137227 0.090771 0.135942
vn -0.497485 0.721451 0.481681
v -0.139894 0.0968521 0.124766
vn -0.536965 0.723861 0.433237
v -0.174337 -0.00480371 0.181829
vn -0.699432 0.386457 0.601204
v -0.152336 0.0620942 0.156994
vn -0.673283 0.474468 0.567071
v -0.131241 -0.00151423 0.239911
vn -0.798571 0.312838 0.514215
v -0.14297 -0.0486447 0.249489
vn -0.73942 0.22528 0.634434
v -0.143748 -0.0663837 0.25488
vn -0.821804 0.246196 0.513834
v -0.123772 -0.00861741 0.253519
vn -0.686228 0.440157 0.579096
v -0.123398 0.0030742 0.244821
vn -0.652736 0.465506 0.597696
v -0.124913 0.000618363 0.245261
vn -0.671604 0.446009 0.591628
v -0.124538 0.01231 0.236565
vn -0.635293 0.497703 0.590503
v -0.126054 0.0098542 0.237003
vn -0.703705 0.432934 0.563353
v -0.0344264 0.115123 0.110794
vn 0.27636 0.923643 0.265537
v -0.161111 -0.110524 0.224748
vn -0.906546 0.0247914 0.421379
v -0.158394 -0.0655479 0.222245
vn -0.773582 0.0817043 0.628407
v -0.105101 0.0508752 0.216298
vn -0.391293 0.723731 0.568422
v -0.109727 0.0427026 0.221244
vn -0.542928 0.637875 0.54621
v -0.0915569 0.130008 0.0851245
vn -0.0535487 0.961187 0.270653
v -0.086539 0.128791 0.0895518
vn -0.0303708 0.954471 0.296754
v -0.0990632 0.0970952 0.157146
vn -0.28061 0.814343 0.508039
v -0.102642 0.094771 0.156611
vn -0.396796 0.818236 0.415985
v -0.104906 0.0442226 0.223743
vn -0.41077 0.674542 0.613401
v -0.104713 0.03757 0.23119
vn -0.447742 0.681748 0.578573
v -0.0602432 0.117917 0.119326
vn 0.13028 0.934739 0.330591
v -0.0611916 0.116425 0.123614
vn 0.0951926 0.933379 0.346038
v -0.062139 0.114931 0.127902
vn 0.0736085 0.925898 0.370534
v -0.0232453 0.115348 0.0948835
vn 0.351622 0.911275 0.214336
v -0.0200716 0.112 0.103909
vn 0.346095 0.907482 0.238105
v -0.0996569 0.125894 0.0939729
vn -0.116085 0.937036 0.329375
v -0.100836 0.128214 0.0883403
vn -0.185599 0.944615 0.270658
v -0.125302 0.0770636 0.167919
vn -0.515682 0.645973 0.562842
v -0.118336 0.0937036 0.149982
vn -0.44868 0.700247 0.555284
v -0.156224 -0.103248 0.231204
vn -0.859748 -0.0980812 0.501212
v -0.157898 -0.130442 0.223012
vn -0.901452 -0.143945 0.408246
v -0.113545 0.0714521 0.185046
vn -0.368608 0.733 0.571698
v -0.119924 0.0515352 0.203158
vn -0.44298 0.661396 0.605248
v -0.119568 0.0589278 0.19534
vn -0.47377 0.675897 0.564539
v -0.0619232 0.123835 0.101743
vn 0.126361 0.947946 0.292286
v -0.104898 0.0971068 0.153849
vn -0.266487 0.774148 0.574177
v -0.0661179 0.124787 0.100132
vn 0.0905086 0.950394 0.297589
v -0.0656664 0.124866 0.0996677
vn 0.110463 0.955106 0.2749
v -0.0957169 0.053671 0.21957
vn -0.314905 0.753409 0.577243
v -0.0633958 0.107618 0.145459
vn 0.0637347 0.909772 0.410187
v -0.00795162 0.11253 0.0783845
vn 0.389359 0.907189 0.159397
v -0.125578 0.108519 0.117369
vn -0.332588 0.827287 0.452748
v -0.114206 0.119029 0.104815
vn -0.261483 0.887557 0.379301
v -0.120657 0.116277 0.106807
vn -0.35917 0.852508 0.379773
v -0.135704 0.0797637 0.154297
vn -0.572978 0.591957 0.566819
v -0.153385 -0.0873501 0.241418
vn -0.80621 0.0226135 0.591197
v -0.152221 -0.0986458 0.243438
vn -0.87268 0.0886471 0.480178
v -0.123268 0.0253057 0.226222
vn -0.569788 0.555596 0.60552
v -0.121897 0.0399952 0.213648
vn -0.536747 0.59472 0.598508
v -0.123514 0.0358468 0.216319
vn -0.585805 0.562369 0.583587
v -0.0543579 0.113957 0.128009
vn 0.156542 0.928438 0.336895
v -0.15606 0.00527945 0.203372
vn -0.783456 0.356892 0.508749
v -0.11457 0.0531005 0.206267
vn -0.434048 0.684002 0.586297
v -0.07464 0.127263 0.093634
vn 0.0569571 0.96187 0.267512
v -0.0685843 0.126424 0.0954403
vn 0.0781137 0.960919 0.26558
v -0.067759 0.126951 0.0932897
vn 0.113496 0.960426 0.254364
v -0.101321 0.0975752 0.153483
vn -0.40286 0.833353 0.378452
v -0.0984706 0.100458 0.148528
vn -0.1483 0.83216 0.534338
v -0.110318 0.0885394 0.163801
vn -0.457973 0.704178 0.542582
v -0.0663158 0.11609 0.124183
vn 0.0659875 0.930961 0.359105
v -0.0628916 0.117443 0.12077
vn -0.0644526 0.948202 0.311061
v -0.0606716 0.120931 0.110596
vn 0.067031 0.939658 0.335484
v -0.0366422 0.106452 0.137787
vn 0.233599 0.90898 0.345235
v -0.0325516 0.107667 0.13182
vn 0.267986 0.913423 0.306336
v -0.0810411 0.13381 0.069874
vn 0.0635044 0.980226 0.187416
v -0.100521 0.103891 0.144541
vn -0.242082 0.833661 0.496393
v -0.160331 -0.159913 0.193048
vn -0.676394 -0.281679 0.68055
v -0.118078 0.0674752 0.185633
vn -0.677345 0.611983 0.408265
v -0.114475 0.078831 0.174589
vn -0.476099 0.715665 0.511031
v -0.113675 0.026832 0.234172
vn -0.495594 0.603756 0.624392
v -0.114883 0.0147173 0.244212
vn -0.628069 0.532726 0.567215
v -0.112996 0.0191363 0.242153
vn -0.533281 0.600277 0.596053
v -0.113717 0.0808805 0.172323
vn -0.592854 0.685749 0.422223
v -0.0647863 0.119398 0.116048
vn 0.12619 0.926079 0.355604
v -0.0711506 0.0988426 0.162573
vn -0.299709 0.85859 0.41593
v -0.069279 0.104712 0.151805
vn -0.0810653 0.876788 0.473994
v -0.0535916 0.102017 0.155774
vn 0.0942853 0.90089 0.423683
v -0.0529674 0.0986668 0.1624
vn 0.0919208 0.892104 0.442381
v -0.0489095 0.101392 0.156061
vn 0.125007 0.902476 0.412202
v -0.0312895 0.126008 0.0489856
vn 0.338418 0.935733 0.0993846
v -0.130122 0.0955878 0.136522
vn -0.44868 0.756845 0.47526
v -0.136852 0.0855984 0.144535
vn -0.524673 0.719016 0.455778
v -0.129747 0.0904152 0.145114
vn -0.427516 0.774476 0.466279
v -0.175741 -0.0561837 0.199241
vn -0.79385 0.192567 0.576819
v -0.127395 0.0291973 0.218766
vn -0.758961 0.425064 0.493253
v -0.121696 0.00790155 0.243102
vn -0.644284 0.480338 0.595124
v -0.12207 -0.00379006 0.251799
vn -0.689635 0.446276 0.570299
v -0.120367 0.00103735 0.25008
vn -0.645321 0.483617 0.591334
v -0.0448316 0.124343 0.0864992
vn 0.252544 0.943531 0.214406
v -0.150608 -0.0250974 0.229428
vn -0.826498 0.250982 0.503894
v -0.0882495 0.0903616 0.173155
vn -0.225536 0.814947 0.533849
v -0.0980611 0.122255 0.106272
vn -0.146121 0.922093 0.358319
v -0.0875727 0.108319 0.141159
vn -0.131191 0.88615 0.444439
v -0.08282 0.110029 0.139153
vn -0.0984203 0.872712 0.478212
v -0.102908 0.122017 0.104547
vn -0.186145 0.897547 0.3997
v -0.0648411 0.125393 0.0975161
vn 0.153733 0.956863 0.246534
v -0.107607 0.0928226 0.158826
vn -0.678994 0.697087 0.230297
v -0.0909295 0.0995152 0.154634
vn -0.183577 0.855235 0.484637
v -0.0714063 0.1229 0.10769
vn 0.0254231 0.938642 0.343954
v -0.0836379 0.106359 0.146199
vn -0.128247 0.885647 0.446299
v -0.0671958 0.109333 0.141374
vn -0.103455 0.916874 0.385537
v -0.0448211 0.103314 0.149907
vn 0.175779 0.900379 0.398019
v -0.132714 0.0195752 0.221031
vn -0.610708 0.485009 0.625941
v -0.119807 0.010831 0.242448
vn -0.617551 0.505157 0.602866
v -0.11857 0.00566788 0.248176
vn -0.647692 0.491044 0.582556
v -0.0790495 0.114115 0.130118
vn -0.0933035 0.921226 0.377672
v -0.0758611 0.113947 0.130326
vn 0.0679519 0.890916 0.449056
v -0.0811569 0.0729531 0.201693
vn -0.345354 0.810448 0.473186
v -0.07616 0.0785679 0.195722
vn -0.345205 0.810465 0.473265
v -0.0745906 0.085771 0.184532
vn -0.345409 0.81044 0.473159
v -0.0646906 0.093812 0.172576
vn -0.000545195 0.87486 0.484376
v -0.0650053 0.0887184 0.181775
vn -0.000571835 0.874844 0.484404
v -0.0610158 0.09233 0.175257
vn -0.000625555 0.874861 0.484374
v 0.00868836 0.108395 0.0461771
vn 0.443447 0.894588 0.0553758
v 0.0139147 0.106398 0.0365834
vn 0.443447 0.894589 0.0553765
v -0.157733 0.0692857 0.141537
vn -0.623744 0.659186 0.420021
v -0.150844 0.0750331 0.142747
vn -0.623754 0.659183 0.42001
v -0.167897 0.0409447 0.157392
vn -0.586533 0.444291 0.677188
v -0.138325 -0.0508469 0.256741
vn -0.881812 0.260702 0.39299
v -0.132902 -0.035309 0.258603
vn -0.881833 0.260692 0.392951
v -0.126972 -0.0186437 0.256521
vn -0.735551 0.398781 0.547666
v -0.125372 -0.0136311 0.25502
vn -0.735601 0.398748 0.547624
v -0.109048 0.0350057 0.229226
vn -0.506787 0.616727 0.602341
v -0.100215 0.0456205 0.22538
vn -0.541912 0.669457 0.508094
v -0.0627674 0.111275 0.13668
vn 0.0511915 0.92061 0.387112
v -0.155059 -0.114544 0.233225
vn -0.945171 -0.0395005 0.324178
v -0.121541 0.0473868 0.20583
vn -0.628492 0.579256 0.519096
v -0.111639 0.0857352 0.16693
vn -0.621953 0.695102 0.360566
v -0.0909348 0.0605047 0.213617
vn -0.472129 0.743276 0.473957
v -0.0638853 0.103262 0.154418
vn 0.015761 0.898857 0.437959
v -0.147984 -0.0825142 0.249159
vn -0.940188 0.136171 0.312255
v -0.124784 0.022851 0.226661
vn -0.659473 0.506485 0.555489
v -0.108855 0.0283531 0.236671
vn -0.595864 0.591097 0.543645
v -0.0614053 0.117931 0.11925
vn -0.0111026 0.945058 0.326714
v -0.0604579 0.119425 0.114961
vn 0.0403625 0.945103 0.32427
v -0.0263116 0.109834 0.117864
vn 0.333546 0.897508 0.288489
v -0.159115 -0.145177 0.20803
vn -0.952277 -0.175375 0.249823
v -0.160721 -0.135218 0.208898
vn -0.952277 -0.175382 0.249818
v -0.0612969 0.122384 0.10617
vn 0.7899 0.606942 0.0876348
v -0.0747548 0.208567 -0.161839
vn 0.326783 0.915684 -0.233955
v -0.0505632 0.204388 -0.136504
vn 0.36942 0.91285 -0.17388
v -0.0648127 0.204161 -0.159801
vn 0.311618 0.928985 -0.1997
v -0.0790632 0.203932 -0.183097
vn 0.290653 0.906957 -0.304878
v -0.0633927 0.211249 -0.116773
vn 0.385339 0.921592 -0.0467045
v -0.0601958 0.210379 -0.101008
vn 0.406635 0.91359 -0.000445143
v -0.0433306 0.202869 -0.104986
vn 0.408828 0.912603 0.00395063
v -0.00641479 0.156948 -0.017186
vn 0.544601 0.738356 0.397795
v 0.0103757 0.16239 -0.0516376
vn 0.528237 0.779013 0.337794
v -0.0210579 0.179982 -0.0434955
vn 0.519794 0.796882 0.307886
v 0.0136568 0.173267 -0.183496
vn 0.363308 0.921313 -0.138528
v 0.00290417 0.179796 -0.167704
vn 0.374078 0.920934 -0.1093
v 0.0241105 0.172595 -0.144591
vn 0.396227 0.917424 -0.0365754
v -0.0213169 0.158355 -0.255927
vn 0.155614 0.873155 -0.461936
v -0.04902 0.136718 -0.296445
vn 0.11705 0.810561 -0.573838
v -0.0268685 0.171898 -0.230264
vn 0.195683 0.885803 -0.420786
v -0.0893558 0.132084 -0.30666
vn 0.106647 0.727636 -0.677622
v -0.091019 0.156712 -0.278113
vn 0.151386 0.788497 -0.596117
v -0.0808927 0.151492 -0.279602
vn 0.113394 0.790194 -0.602275
v -0.0817243 0.163807 -0.265329
vn 0.196122 0.789969 -0.580935
v -0.0724295 0.1709 -0.252544
vn 0.171001 0.840741 -0.513724
v -0.0713516 0.187271 -0.22078
vn 0.223668 0.895353 -0.385117
v -0.0818685 0.184067 -0.231494
vn 0.178702 0.88067 -0.438732
v -0.0824432 0.185815 -0.228614
vn 0.179852 0.889539 -0.419968
v -0.0923864 0.180864 -0.24221
vn 0.173035 0.862968 -0.474704
v -0.0929611 0.182611 -0.239329
vn 0.19309 0.855467 -0.480512
v -0.0935358 0.184358 -0.236449
vn 0.209033 0.866538 -0.453229
v -0.0145316 0.187739 -0.0902892
vn 0.457801 0.878554 0.136241
v -0.01938 0.189629 -0.0859029
vn 0.451921 0.884129 0.118677
v -0.00625897 0.182619 -0.0867134
vn 0.470022 0.868679 0.156449
v -0.0242274 0.191517 -0.0815155
vn 0.465946 0.870202 0.160133
v 0.00201365 0.177499 -0.0831386
vn 0.480229 0.856822 0.187715
v -0.0627263 0.152472 -0.278201
vn 0.125621 0.81918 -0.55961
v -0.0506906 0.177567 -0.230977
vn 0.219696 0.868151 -0.445025
v -0.0421653 0.179038 -0.222782
vn 0.241273 0.886949 -0.393839
v -0.0470464 0.197346 -0.170356
vn 0.29694 0.929922 -0.216959
v -0.0643685 0.19864 -0.186017
vn 0.265809 0.922219 -0.280817
v -0.0408948 0.199749 -0.144104
vn 0.345751 0.9298 -0.12621
v 0.0147852 0.175162 -0.110283
vn 0.455439 0.885157 0.0952488
v 0.00329574 0.181465 -0.116183
vn 0.433132 0.900154 0.0460381
v 0.00249786 0.179925 -0.0980229
vn 0.455304 0.883882 0.107003
v -0.0195464 0.191928 -0.1353
vn 0.403076 0.912859 -0.0649436
v -0.0252832 0.193309 -0.147143
vn 0.402611 0.907021 -0.123354
v -0.01584 0.190537 -0.116113
vn 0.423926 0.905625 0.0113656
v -0.0661916 0.212913 -0.090585
vn 0.412468 0.910365 0.0332586
v -0.0514611 0.205919 -0.0880713
vn 0.434588 0.897856 0.0706195
v 0.0274284 0.156963 -0.0665429
vn 0.538453 0.784579 0.307414
v 0.0189968 0.165854 -0.0767176
vn 0.513929 0.817017 0.261458
v -0.0121116 0.184302 -0.174486
vn 0.358735 0.923806 -0.133762
v -0.00274111 0.184238 -0.145919
vn 0.383542 0.921084 -0.0670784
v 8.10143e-05 0.182017 -0.156811
vn 0.384863 0.918806 -0.087618
v -0.0670621 0.106614 -0.329832
vn 0.0236183 0.720191 -0.693374
v -0.067919 0.113587 -0.32331
vn 0.0617399 0.685882 -0.725089
v -0.0687769 0.120558 -0.316788
vn 0.0264084 0.728633 -0.684395
v -0.0572548 0.187051 -0.212924
vn 0.251643 0.873748 -0.416223
v -0.0571558 0.179377 -0.230429
vn 0.262775 0.867534 -0.422296
v -0.105266 0.183456 -0.24204
vn 0.179339 0.859735 -0.478218
v -0.0889958 0.189759 -0.224272
vn 0.214828 0.889719 -0.402801
v -0.0994011 0.183908 -0.239244
vn 0.158657 0.866779 -0.472781
v 0.0203431 0.167644 -0.0871113
vn 0.490484 0.845967 0.2092
v 0.0105052 0.171676 -0.0799281
vn 0.496996 0.84153 0.211713
v 0.0216884 0.169434 -0.097505
vn 0.481437 0.860721 0.165464
v -0.0376042 0.190311 -0.186114
vn 0.346278 0.89147 -0.292188
v -0.0539232 0.178472 -0.230703
vn 0.216224 0.892074 -0.396802
v -0.0348464 0.199026 -0.121401
vn 0.406195 0.911454 -0.0652524
v -0.0210527 0.192712 -0.109168
vn 0.404438 0.914423 0.0161329
v -0.0111243 0.188517 -0.127207
vn 0.38507 0.922662 -0.0204041
v 0.0002768 0.182851 -0.13105
vn 0.41223 0.911079 0.00129395
v -0.00737584 0.184369 -0.0929008
vn 0.444127 0.891948 0.0847377
v -0.0694653 0.210443 -0.14379
vn 0.345923 0.910225 -0.227656
v -0.0923906 0.208771 -0.180149
vn 0.323505 0.906634 -0.27085
v -0.0777358 0.216351 -0.123691
vn 0.36046 0.928578 -0.0883856
v -0.0720622 0.213906 -0.125963
vn 0.355919 0.928001 -0.110163
v -0.0663874 0.211459 -0.128233
vn 0.368827 0.924494 -0.0963198
v 0.00371363 0.139058 -0.00411657
vn 0.573896 0.637437 0.514118
v -0.00135056 0.148003 -0.0106513
vn 0.575841 0.669167 0.469705
v -0.0190211 0.152516 0.00457188
vn 0.560111 0.659395 0.501472
v -0.00297689 0.166807 -0.22675
vn 0.182301 0.894124 -0.409035
v -0.0204685 0.145217 -0.278218
vn 0.135018 0.875353 -0.46425
v -0.0977474 0.149308 -0.287862
vn 0.0663367 0.772022 -0.632125
v -0.104476 0.141904 -0.297611
vn 0.124381 0.772352 -0.622898
v -0.0912358 0.172018 -0.256348
vn 0.163061 0.790003 -0.591021
v -0.107624 0.174179 -0.257283
vn 0.164174 0.823542 -0.542978
v -0.100005 0.177522 -0.249746
vn 0.15545 0.835197 -0.527523
v -0.0995095 0.176064 -0.252067
vn 0.157215 0.825144 -0.542606
v -0.0918906 0.179406 -0.24453
vn 0.177057 0.849919 -0.496274
v -0.0913958 0.177947 -0.246851
vn 0.174338 0.833008 -0.525075
v -0.0384337 0.196209 -0.0649281
vn 0.474613 0.859276 0.190757
v -0.0378443 0.198718 -0.0847934
vn 0.442419 0.889297 0.115826
v -0.0449474 0.201065 -0.0764997
vn 0.456565 0.882453 0.113249
v -0.0863895 0.111534 -0.326131
vn 0.0808609 0.696614 -0.712875
v -0.0657516 0.136515 -0.297494
vn 0.100186 0.758949 -0.643397
v -0.0864032 0.197156 -0.206756
vn 0.256872 0.900362 -0.351234
v 0.0300294 0.168238 -0.11817
vn 0.451492 0.888181 0.0853751
v -0.0343558 0.194487 -0.162686
vn 0.319536 0.929796 -0.182694
v -0.09324 0.196596 -0.211675
vn 0.184586 0.914279 -0.360584
v -0.100076 0.196036 -0.216594
vn 0.243163 0.892582 -0.379695
v -0.0344779 0.198543 -0.101661
vn 0.424939 0.904107 0.0449151
v -0.0256263 0.194217 -0.0983344
vn 0.436424 0.896748 0.0733329
v -0.0291285 0.196087 -0.101686
vn 0.433604 0.899778 0.0488566
v -0.0326306 0.197956 -0.105039
vn 0.42239 0.906327 0.0125775
v -0.0441369 0.19471 -0.0451081
vn 0.482532 0.839466 0.249919
v 0.0332379 0.1678 -0.130302
vn 0.465715 0.882649 0.0635603
v -0.0278327 0.183446 -0.199293
vn 0.252336 0.914913 -0.315055
v -0.014779 0.183992 -0.18073
vn 0.290677 0.920387 -0.261526
v -0.0208242 0.177946 -0.205498
vn 0.31881 0.899911 -0.297524
v -0.0948927 0.101582 -0.334514
vn 0.0476417 0.648736 -0.759521
v -0.0515569 0.191639 -0.195984
vn 0.253846 0.927637 -0.273955
v -0.0643485 0.187837 -0.215168
vn 0.198123 0.919298 -0.340057
v -0.0573464 0.188405 -0.209555
vn 0.256007 0.906253 -0.336402
v -0.0108569 0.185894 -0.0908629
vn 0.457808 0.884839 0.0864366
v -0.020079 0.190978 -0.0943124
vn 0.444403 0.889812 0.103638
v -0.00718216 0.184049 -0.0914366
vn 0.458684 0.87682 0.144205
v -0.0164042 0.189133 -0.094885
vn 0.438174 0.888264 0.137808
v -0.0271727 0.19104 -0.167397
vn 0.285225 0.936409 -0.204415
v -0.096159 0.203054 -0.19853
vn 0.278356 0.907138 -0.315623
v -0.0462622 0.204102 -0.110674
vn 0.393672 0.919244 -0.00364214
v -0.0491948 0.205335 -0.116362
vn 0.390394 0.919881 -0.0375718
v -0.0300643 0.175491 -0.0186239
vn 0.533482 0.758816 0.373623
v 0.0281999 0.170196 -0.161606
vn 0.375183 0.924913 -0.0614271
v 0.0209284 0.171731 -0.17255
vn 0.32673 0.941284 -0.0850391
v -0.00880215 0.176125 -0.203969
vn 0.232906 0.907584 -0.349352
v -0.0946653 0.12721 -0.311786
vn 0.0197388 0.714301 -0.69956
v -0.0999737 0.122336 -0.316912
vn 0.0935542 0.703448 -0.704562
v -0.0954969 0.139524 -0.297513
vn 0.102558 0.732666 -0.672817
v -0.0742022 0.184354 -0.228386
vn 0.181644 0.877667 -0.443516
v -0.0727769 0.185813 -0.224583
vn 0.20952 0.884162 -0.417562
v -0.0315885 0.196009 -0.088986
vn 0.444286 0.890549 0.0976375
v -0.0267411 0.194119 -0.0933734
vn 0.43924 0.892019 0.106636
v -0.0389495 0.2005 -0.0964566
vn 0.430907 0.899969 0.0661489
v -0.0459537 0.158965 -0.263886
vn 0.185968 0.838651 -0.511938
v -0.0707379 0.191415 -0.210876
vn 0.232715 0.911476 -0.339198
v 0.00532942 0.177809 -0.0941976
vn 0.471404 0.868856 0.15122
v -0.0332811 0.190615 -0.179362
vn 0.328986 0.907724 -0.260395
v -0.0333274 0.198418 -0.110008
vn 0.467596 0.882682 -0.0471741
v -0.0167253 0.189389 -0.0943366
vn 0.432489 0.900076 0.0530721
v -0.0563137 0.207693 -0.0813008
vn 0.442685 0.892797 0.0833287
v -0.0611664 0.209468 -0.0745302
vn 0.443385 0.884057 0.147828
v 0.0365736 0.161538 -0.100051
vn 0.513137 0.831512 0.212788
v -0.0209937 0.190407 -0.157179
vn 0.342491 0.932504 -0.114614
v -0.0781032 0.0932194 -0.340068
vn -0.132363 0.668406 -0.731924
v -0.0891443 0.0798247 -0.350304
vn 0.0589429 0.614409 -0.786783
v -0.0409769 0.190108 -0.1906
vn 0.315571 0.896977 -0.309592
v -0.10467 0.185599 -0.238134
vn 0.214076 0.842223 -0.494804
v -0.104073 0.187742 -0.234229
vn 0.186102 0.882557 -0.43181
v -0.0509316 0.205482 -0.126547
vn 0.395379 0.904285 -0.161071
v -0.0747316 0.215787 -0.115344
vn 0.363302 0.92919 -0.0679483
v -0.0717274 0.215223 -0.106998
vn 0.387178 0.921568 -0.0283962
v 0.00504417 0.153148 -0.0258271
vn 0.555296 0.717202 0.421033
v 0.0101084 0.144203 -0.0192923
vn 0.575973 0.669142 0.469579
v 0.0165042 0.149348 -0.0344671
vn 0.554655 0.735304 0.389469
v 0.00544838 0.170288 -0.208499
vn 0.338248 0.913126 -0.22757
v -0.00330531 0.177591 -0.191607
vn 0.337022 0.922256 -0.189367
v -0.0439642 0.128609 -0.305509
vn 0.0721008 0.811146 -0.580383
v -0.074079 0.18102 -0.234957
vn 0.220158 0.824659 -0.521026
v -0.099419 0.179899 -0.245967
vn 0.162748 0.838643 -0.519799
v -0.107038 0.176557 -0.253504
vn 0.178083 0.820162 -0.54371
v -0.106452 0.178935 -0.249725
vn 0.169127 0.837458 -0.519673
v -0.0152474 0.184635 -0.0732282
vn 0.484205 0.855069 0.185478
v -0.00626845 0.177752 -0.0649397
vn 0.501426 0.828273 0.250072
v -0.0682853 0.153222 -0.278338
vn 0.121778 0.793463 -0.596311
v -0.0738453 0.153972 -0.278476
vn 0.121863 0.799264 -0.588495
v -0.057739 0.2032 -0.16025
vn 0.303401 0.93064 -0.204591
v 0.0145442 0.176914 -0.134868
vn 0.418303 0.908305 0.00213961
v -0.02812 0.195574 -0.13426
vn 0.355592 0.931611 -0.0752008
v -0.0322874 0.197358 -0.0973955
vn 0.433375 0.898645 0.067993
v -0.0816011 0.143028 -0.292568
vn 0.141169 0.742746 -0.654522
v -0.00568216 0.184973 -0.105041
vn 0.424268 0.90368 0.0579538
v -0.0495727 0.205439 -0.0987324
vn 0.414852 0.909146 0.0367603
v -0.00119374 0.183219 -0.110612
vn 0.430984 0.900098 0.0638457
v -0.0507474 0.204935 -0.131525
vn 0.341844 0.93543 -0.0900763
v -0.0419453 0.201404 -0.123257
vn 0.43668 0.895851 -0.0822299
v -0.0732537 0.17596 -0.24375
vn 0.155088 0.862491 -0.481722
v -0.0999937 0.181647 -0.243087
vn 0.16387 0.847129 -0.505489
v -0.105859 0.181195 -0.245883
vn 0.183274 0.834699 -0.519315
v -0.0021274 0.177626 -0.0740386
vn 0.478308 0.853738 0.205797
v -0.0655 0.166675 -0.254452
vn 0.269224 0.809597 -0.521605
v -0.0888369 0.213188 -0.161564
vn 0.383636 0.879273 -0.282316
v -0.07528 0.213855 -0.134409
vn 0.345344 0.928406 -0.137116
v -0.0841727 0.216251 -0.140585
vn 0.345342 0.928408 -0.137104
v -0.0809548 0.216302 -0.132138
vn 0.345321 0.928419 -0.137085
v -0.0109632 0.126474 0.0243129
vn 0.569884 0.601071 0.560309
v -0.00362426 0.132767 0.0100982
vn 0.569904 0.601079 0.56028
v 0.0217337 0.168451 -0.193418
vn 0.368196 0.912662 -0.177427
v 0.0179547 0.16542 -0.209269
vn 0.337221 0.906591 -0.253722
v 0.0135915 0.169369 -0.200959
vn 0.337205 0.906603 -0.2537
v 0.0141747 0.16239 -0.22512
vn 0.337267 0.906563 -0.253761
v 0.00981154 0.166339 -0.216809
vn 0.337231 0.906588 -0.253717
v 0.00278628 0.156076 -0.248925
vn 0.097281 0.905556 -0.412922
v -0.106487 0.15101 -0.287177
vn 0.210377 0.75631 -0.619464
v -0.108499 0.160115 -0.276743
vn 0.210326 0.756333 -0.619455
v -0.100086 0.173571 -0.255778
vn 0.178289 0.803737 -0.567644
v -0.108777 0.169194 -0.264704
vn 0.17826 0.803739 -0.56765
v -0.1082 0.171687 -0.260993
vn 0.178236 0.803757 -0.567632
v 0.0333021 0.164888 -0.109111
vn 0.502407 0.854125 0.134378
v -0.0981169 0.199546 -0.207563
vn 0.319396 0.857875 -0.402538
v -0.0409127 0.201646 -0.1107
vn 0.417088 0.908688 -0.0180026
v 0.0307189 0.168998 -0.145954
vn 0.476533 0.879106 -0.00941011
v -0.0117906 0.180058 -0.192349
vn 0.178018 0.945058 -0.274182
v -0.0657748 0.186379 -0.218971
vn 0.277553 0.857645 -0.432908
v -0.0452053 0.20321 -0.0922639
vn 0.432073 0.899615 0.0632946
v -0.0577916 0.208397 -0.122298
vn 0.385226 0.919009 -0.0838001
v 0.0249673 0.169324 -0.177511
vn 0.386435 0.913302 -0.128639
v -0.102225 0.132119 -0.307262
vn 0.195856 0.711108 -0.675252
v -0.082799 0.181151 -0.237619
vn 0.208397 0.847523 -0.488134
v -0.102075 0.191889 -0.225412
vn 0.260464 0.849586 -0.458653
v -0.0246779 0.193673 -0.0996881
vn 0.481657 0.876243 -0.0143417
v -0.0211758 0.191803 -0.0963355
vn 0.470984 0.881988 0.0164876
v -0.0178864 0.187199 -0.168954
vn 0.238918 0.951054 -0.195995
v -0.0240832 0.190724 -0.162287
vn 0.331078 0.932802 -0.142365
v 0.0898094 0.132652 -0.184659
vn 0.409859 0.912122 -0.00698178
v 0.0784631 0.137287 -0.166174
vn 0.398609 0.915659 0.0517749
v 0.0788768 0.133108 -0.131147
vn 0.407042 0.904822 0.124953
v 0.0626715 0.131589 -0.103163
vn 0.292696 0.911976 0.287452
v 0.0593547 0.135778 -0.114314
vn 0.303784 0.918092 0.254603
v 0.0476242 0.139099 -0.111755
vn 0.295461 0.912355 0.283391
v 0.0560389 0.139969 -0.125467
vn 0.31375 0.919971 0.234976
v 0.0370242 0.108702 -0.0430018
vn 0.170159 0.79688 0.579679
v 0.0297915 0.0856679 -0.0137755
vn 0.122982 0.728001 0.674455
v 0.0655652 0.0911099 -0.0275176
vn 0.15596 0.778996 0.607323
v 0.139005 0.101315 -0.0861323
vn 0.316833 0.917992 0.238554
v 0.157894 0.101987 -0.121716
vn 0.352386 0.924035 0.148269
v 0.139259 0.108516 -0.117501
vn 0.347013 0.920633 0.178934
v 0.16015 0.100618 -0.183559
vn 0.431195 0.888323 -0.157965
v 0.181714 0.0870752 -0.198542
vn 0.428831 0.873161 -0.231721
v 0.189086 0.0654384 -0.247067
vn 0.476903 0.810579 -0.33989
v 0.166554 0.0608026 -0.282048
vn 0.525558 0.742195 -0.415854
v 0.145868 0.085431 -0.262305
vn 0.517115 0.781967 -0.348023
v 0.142025 0.0996205 -0.230926
vn 0.482163 0.828901 -0.283623
v 0.12115 0.11599 -0.206959
vn 0.420822 0.89479 -0.149194
v 0.120382 0.109584 -0.236979
vn 0.451371 0.861052 -0.234208
v 0.117996 0.111331 -0.235264
vn 0.47154 0.855137 -0.215384
v 0.11561 0.113078 -0.233549
vn 0.444091 0.873936 -0.197535
v 0.0737115 0.116458 -0.0727734
vn 0.246102 0.882096 0.401672
v 0.0606368 0.120236 -0.0729703
vn 0.236814 0.874043 0.424226
v 0.0809336 0.106218 -0.0562608
vn 0.221497 0.854642 0.469602
v 0.166619 0.081191 -0.243073
vn 0.485348 0.803672 -0.344309
v 0.143215 0.106286 -0.200326
vn 0.46172 0.875164 -0.144581
v 0.14386 0.107758 -0.188518
vn 0.445051 0.886948 -0.123505
v 0.104538 0.126066 -0.153505
vn 0.365172 0.929907 0.0438539
v 0.102548 0.12736 -0.176773
vn 0.385909 0.922222 -0.0240917
v 0.0911326 0.128469 -0.130112
vn 0.32681 0.933322 0.148678
v 0.0914378 0.108645 -0.0668155
vn 0.263986 0.884464 0.384753
v 0.100113 0.106263 -0.0671092
vn 0.256755 0.888046 0.38138
v 0.104407 0.110184 -0.0795524
vn 0.283223 0.900155 0.330916
v 0.108788 0.10388 -0.0674029
vn 0.272808 0.885973 0.375005
v 0.10074 0.120648 -0.109111
vn 0.3376 0.910175 0.240016
v 0.104621 0.122029 -0.121687
vn 0.378538 0.907041 0.184353
v 0.0903673 0.119257 -0.0925545
vn 0.311145 0.9065 0.285387
v 0.0451905 0.134639 -0.0963387
vn 0.262258 0.893202 0.365255
v 0.0361305 0.141633 -0.108224
vn 0.278942 0.910379 0.305616
v 0.0882042 0.0856815 -0.0267913
vn 0.176976 0.773903 0.608074
v 0.0885905 0.0901278 -0.033386
vn 0.199984 0.806956 0.555723
v 0.0889758 0.0945742 -0.0399818
vn 0.203556 0.827366 0.523479
v 0.132903 0.11302 -0.132702
vn 0.359708 0.922626 0.139181
v 0.126589 0.112989 -0.11906
vn 0.342369 0.925743 0.160572
v 0.120275 0.112958 -0.105418
vn 0.326001 0.919155 0.221081
v 0.19866 0.0353331 -0.283789
vn 0.487845 0.704291 -0.515734
v 0.18851 0.0492784 -0.275419
vn 0.496522 0.731743 -0.466924
v 0.126103 0.11577 -0.191602
vn 0.46797 0.873718 -0.132743
v 0.138113 0.108096 -0.204337
vn 0.490282 0.859061 -0.147101
v 0.110845 0.112176 -0.245638
vn 0.457158 0.859803 -0.227474
v 0.110627 0.118479 -0.221549
vn 0.429225 0.891366 -0.145716
v 0.113228 0.112628 -0.239593
vn 0.438499 0.866764 -0.237566
v 0.113119 0.115779 -0.227549
vn 0.476604 0.858659 -0.188557
v 0.105122 0.0981541 -0.0533503
vn 0.235697 0.858605 0.455242
v 0.12219 0.119031 -0.158592
vn 0.452467 0.8915 0.0224122
v 0.0800726 0.127746 -0.109383
vn 0.35637 0.905906 0.228768
v 0.0818179 0.121432 -0.0910292
vn 0.284794 0.914417 0.287635
v 0.101381 0.117236 -0.0974503
vn 0.295543 0.922657 0.247706
v 0.112341 0.111571 -0.092485
vn 0.300565 0.91108 0.282124
v 0.0807263 0.113088 -0.0698039
vn 0.272837 0.890565 0.363942
v 0.0855473 0.116173 -0.0811797
vn 0.259038 0.898845 0.353521
v 0.0700242 0.139163 -0.149369
vn 0.408286 0.91021 0.0694238
v 0.0780536 0.137491 -0.191593
vn 0.421347 0.906619 0.0225453
v 0.0502673 0.145071 -0.140308
vn 0.328375 0.928709 0.172246
v 0.0531536 0.142519 -0.132887
vn 0.316653 0.928081 0.195951
v 0.0559663 0.142625 -0.138099
vn 0.33711 0.928085 0.158163
v 0.0588515 0.140073 -0.130679
vn 0.331436 0.922586 0.197447
v 0.0616652 0.140178 -0.13589
vn 0.337682 0.925489 0.171584
v 0.0282863 0.0677784 0.00269185
vn 0.0743736 0.64281 0.762407
v 0.0057326 0.0812363 -0.00645865
vn 0.0676571 0.659397 0.748745
v 0.197536 0.0739373 -0.214264
vn 0.403117 0.867853 -0.290393
v 0.186382 0.0847321 -0.189481
vn 0.468796 0.867407 -0.166838
v 0.175229 0.0955268 -0.164697
vn 0.426504 0.890287 -0.159635
v 0.130866 0.100738 -0.246534
vn 0.522345 0.789992 -0.321042
v 0.149324 0.0706236 -0.285742
vn 0.531253 0.762505 -0.369265
v 0.119517 0.102899 -0.258395
vn 0.494783 0.82042 -0.286532
v 0.121895 0.104784 -0.249046
vn 0.471761 0.833402 -0.287893
v 0.122327 0.108125 -0.238338
vn 0.464792 0.850253 -0.247058
v 0.124273 0.106667 -0.239698
vn 0.48529 0.833182 -0.265145
v 0.0389347 0.124929 -0.070526
vn 0.221254 0.86198 0.45611
v 0.182001 0.0402542 -0.294265
vn 0.545357 0.696599 -0.466192
v 0.100579 0.125876 -0.206969
vn 0.422972 0.901941 -0.0871625
v 0.117052 0.100419 -0.0650881
vn 0.267086 0.888003 0.37432
v 0.125315 0.0969584 -0.0627734
vn 0.274034 0.882462 0.382316
v 0.108588 0.123206 -0.139241
vn 0.3583 0.929792 0.0843117
v 0.0972873 0.124756 -0.223488
vn 0.436643 0.892648 -0.111907
v 0.0668768 0.127263 -0.0946934
vn 0.285578 0.903474 0.319657
v 0.0666021 0.129133 -0.0995334
vn 0.290762 0.908557 0.29997
v 0.0710831 0.122937 -0.086225
vn 0.265315 0.894987 0.358617
v 0.0705326 0.126676 -0.0959039
vn 0.310757 0.898369 0.310424
v 0.0212452 0.12343 -0.0599218
vn 0.18241 0.839475 0.511868
v 0.135936 0.0965205 -0.0694597
vn 0.303261 0.870454 0.387741
v 0.13747 0.0989173 -0.0777966
vn 0.283944 0.906342 0.312922
v 0.138324 0.112166 -0.161566
vn 0.396148 0.914993 -0.0765189
v 0.136767 0.112438 -0.150327
vn 0.414121 0.909537 0.035303
v 0.13521 0.112711 -0.139088
vn 0.36009 0.932442 -0.029776
v 0.1815 0.0303015 -0.306195
vn 0.543549 0.645926 -0.536036
v 0.118717 0.120358 -0.175325
vn 0.372559 0.927609 -0.0272208
v 0.123737 0.117125 -0.1892
vn 0.386276 0.91761 -0.0937194
v 0.0767905 0.114613 -0.0706871
vn 0.27682 0.88512 0.374077
v 0.0798684 0.112769 -0.0685997
vn 0.242163 0.882424 0.403342
v 0.117053 0.11976 -0.137789
vn 0.347088 0.936281 0.0539219
v 0.0860821 0.110867 -0.0683102
vn 0.257786 0.883903 0.390208
v 0.0856526 0.110707 -0.0677081
vn 0.247385 0.874451 0.417296
v 0.0802979 0.112929 -0.0692018
vn 0.244964 0.879568 0.407864
v 0.0878315 0.131774 -0.207605
vn 0.433723 0.899829 -0.0468276
v 0.0610905 0.137012 -0.120474
vn 0.309891 0.921925 0.232428
v 0.0644073 0.132822 -0.109322
vn 0.296243 0.917018 0.267053
v 0.0661421 0.134055 -0.115482
vn 0.312017 0.918394 0.243306
v 0.0134747 0.104211 -0.0309555
vn 0.135346 0.758815 0.637088
v 0.153601 0.0989152 -0.0957881
vn 0.30865 0.931882 0.190607
v 0.155432 0.104844 -0.152008
vn 0.406718 0.910106 -0.0792879
v 0.16578 0.0510563 -0.296788
vn 0.527404 0.72484 -0.443229
v 0.124254 0.113074 -0.214466
vn 0.42559 0.884444 -0.191393
v 0.060061 0.12922 -0.0939366
vn 0.266837 0.898369 0.348899
v 0.169122 0.0876836 -0.221164
vn 0.485128 0.838658 -0.247595
v 0.114843 0.120135 -0.199298
vn 0.395646 0.915026 -0.0786923
v 0.0998463 0.105204 -0.064745
vn 0.253938 0.870967 0.420633
v 0.0911705 0.107586 -0.0644513
vn 0.250866 0.872627 0.419033
v 0.0909031 0.106528 -0.0620871
vn 0.239579 0.867577 0.435789
v 0.110743 0.119991 -0.129908
vn 0.348196 0.927178 0.138205
v 0.120747 0.119334 -0.150705
vn 0.426678 0.904169 0.020595
v 0.0767421 0.127442 -0.104699
vn 0.372588 0.870614 0.321263
v 0.0774694 0.122927 -0.0933071
vn 0.240902 0.918269 0.314243
v 0.0734126 0.127138 -0.100014
vn 0.374439 0.884478 0.278379
v 0.0748663 0.118109 -0.0772313
vn 0.299382 0.892452 0.337491
v 0.0288579 0.138187 -0.0930534
vn 0.231579 0.885989 0.401739
v 0.117745 0.0902584 -0.0450587
vn 0.238865 0.8362 0.493673
v 0.114602 0.119127 -0.126101
vn 0.327215 0.935973 0.129941
v 0.196473 0.00854471 -0.313823
vn 0.551869 0.625235 -0.551835
v 0.122781 0.118827 -0.164172
vn 0.440936 0.897496 -0.00875564
v 0.108619 0.114318 -0.242374
vn 0.49395 0.842252 -0.215928
v 0.106393 0.11646 -0.239112
vn 0.43056 0.882564 -0.188939
v 0.0718157 0.134202 -0.124116
vn 0.401461 0.904755 0.142292
v 0.0496568 0.141955 -0.124734
vn 0.313133 0.922455 0.225885
v 0.0467715 0.144507 -0.132154
vn 0.312105 0.929158 0.198131
v 0.0432757 0.143943 -0.124001
vn 0.299828 0.922916 0.241516
v 0.0583378 0.0780668 -0.0107829
vn 0.127985 0.720686 0.681346
v 0.168942 0.0990068 -0.145601
vn 0.40941 0.910611 0.0563073
v 0.159982 0.102658 -0.142409
vn 0.397695 0.914857 0.0698262
v 0.151021 0.10631 -0.139217
vn 0.370879 0.92372 0.0958674
v 0.198966 0.0573289 -0.250249
vn 0.448534 0.811149 -0.375307
v 0.128824 0.10974 -0.219189
vn 0.493334 0.837213 -0.236001
v 0.117369 0.105277 -0.255231
vn 0.500991 0.820201 -0.276185
v 0.115222 0.107654 -0.252067
vn 0.478069 0.83749 -0.264689
v 0.117802 0.108618 -0.244523
vn 0.467396 0.842581 -0.267577
v 0.0624663 0.106471 -0.0485987
vn 0.201354 0.834339 0.513161
v 0.158676 0.0826921 -0.250858
vn 0.518108 0.781993 -0.346483
v 0.0898231 0.13192 -0.153407
vn 0.374865 0.92686 0.020194
v 0.125378 0.105634 -0.0855481
vn 0.304456 0.908305 0.286861
v 0.09376 0.124293 -0.114199
vn 0.311377 0.9316 0.187525
v 0.0853863 0.109648 -0.0653429
vn 0.240342 0.871336 0.427796
v 0.0823073 0.111493 -0.0674303
vn 0.227755 0.86836 0.440543
v 0.0902431 0.113693 -0.077526
vn 0.27101 0.902896 0.333664
v 0.0843494 0.132514 -0.142277
vn 0.255771 0.963873 0.0743604
v 0.115226 0.116607 -0.216424
vn 0.445198 0.878932 -0.171106
v 0.0753463 0.133655 -0.127631
vn 0.292905 0.944744 0.147193
v 0.0726137 0.13067 -0.112065
vn 0.375429 0.895856 0.237689
v 0.0454494 0.14152 -0.117878
vn 0.294505 0.919822 0.25922
v 0.115416 0.110367 -0.242808
vn 0.464594 0.847135 -0.257902
v 0.113034 0.109915 -0.248852
vn 0.488196 0.83471 -0.254799
v 0.150945 0.0944889 -0.225592
vn 0.451846 0.853315 -0.26017
v 0.0904779 0.130194 -0.14176
vn 0.412609 0.904147 0.110774
v 0.0849473 0.129833 -0.131396
vn 0.337265 0.927258 0.162621
v 0.0679768 0.141908 -0.175578
vn 0.473062 0.879301 0.0551492
v 0.0593726 0.142575 -0.146471
vn 0.346126 0.928381 0.135296
v 0.057081 0.144971 -0.157052
vn 0.346168 0.928374 0.135234
v 0.0536747 0.145022 -0.14868
vn 0.346117 0.928383 0.13531
v -0.00183794 0.0551942 0.013474
vn 0.0347 0.601051 0.798457
v 0.170567 0.09717 -0.123465
vn 0.398816 0.911566 0.0999695
v 0.186661 0.0911099 -0.151805
vn 0.419629 0.906608 0.0444201
v 0.169755 0.0980889 -0.134533
vn 0.419629 0.906608 0.0444201
v 0.184898 0.0901615 -0.17084
vn 0.352771 0.905547 -0.235663
v 0.194566 0.0847962 -0.176983
vn 0.352782 0.905545 -0.235656
v 0.196052 0.0793668 -0.195623
vn 0.352767 0.905548 -0.235664
v 0.132149 0.0888342 -0.273224
vn 0.576266 0.756334 -0.309639
v 0.124004 0.102291 -0.252153
vn 0.517411 0.803796 -0.293594
v 0.123735 0.0979142 -0.264609
vn 0.517431 0.80377 -0.293631
v 0.0683368 0.130366 -0.105692
vn 0.317367 0.908671 0.271285
v 0.144768 0.0977173 -0.0826239
vn 0.355023 0.879044 0.318183
v 0.17364 0.0406784 -0.301492
vn 0.590399 0.658632 -0.466512
v 0.123996 0.115099 -0.201833
vn 0.497866 0.857854 -0.12734
v 0.0639042 0.137116 -0.125686
vn 0.338854 0.919033 0.201385
v 0.162084 0.0980426 -0.109627
vn 0.370495 0.913232 0.169533
v 0.16533 0.100186 -0.158352
vn 0.328924 0.92911 -0.169007
v 0.124263 0.109871 -0.227082
vn 0.485163 0.847605 -0.214901
v 0.10184 0.120608 -0.231301
vn 0.50317 0.849641 -0.157891
v 0.123259 0.117975 -0.176686
vn 0.454006 0.889952 -0.0431872
v 0.0773673 0.115438 -0.0729155
vn -0.622352 -0.773785 -0.118048
v 0.155464 0.067532 -0.0701829
vn 0.736001 0.66489 0.127369
v 0.152574 0.0701194 -0.0663797
vn 0.708359 0.703316 0.05978
v 0.163013 0.0591437 -0.078265
vn 0.813244 0.550735 0.187949
v 0.149684 0.0727068 -0.0625755
vn 0.672867 0.736673 0.0675518
v 0.160122 0.061731 -0.0744608
vn 0.788165 0.599699 0.138404
v 0.17056 0.0507563 -0.0863471
vn 0.828383 0.541623 0.142919
v 0.182779 0.02903 -0.0907113
vn 0.880204 0.46668 0.0863165
v 0.183877 0.0281836 -0.0961355
vn -0.425961 0.876897 -0.222733
v 0.183612 0.0286974 -0.0957629
vn 0.900817 0.416974 0.121082
v 0.184975 0.0273384 -0.10156
vn 0.901987 0.40721 0.143523
v 0.184709 0.027851 -0.101187
vn 0.917532 0.372551 0.139073
v 0.184445 0.0283647 -0.100814
vn 0.896291 0.423491 0.131595
v 0.136047 0.0836352 -0.0463503
vn 0.517618 0.852262 -0.0756345
v 0.134279 0.0849405 -0.0412145
vn 0.630022 0.77633 0.0196266
v 0.14383 0.0769889 -0.0515681
vn 0.669346 0.740938 0.054657
v 0.13251 0.0862458 -0.0360776
vn 0.613994 0.789302 -0.003756
v 0.142062 0.0782942 -0.0464313
vn 0.64602 0.763258 0.00979455
v 0.151614 0.0703426 -0.056786
vn 0.695404 0.718096 0.0273942
v 0.143657 0.0773858 -0.0635408
vn 0.670064 0.735553 0.0998792
v 0.13185 0.0872394 -0.0568976
vn 0.520044 0.847356 0.107435
v 0.140767 0.0799731 -0.0597365
vn 0.653928 0.738768 0.163095
v 0.181636 0.0303447 -0.0855039
vn -0.97004 -0.174527 -0.169006
v 0.180492 0.0316595 -0.0802966
vn 0.897857 0.435757 0.0630051
v 0.182733 0.0294994 -0.0909281
vn 0.916818 0.382185 0.115666
v 0.130115 0.087771 -0.0377734
vn 0.548543 0.835791 -0.0235382
v 0.124181 0.0919058 -0.0291966
vn 0.523494 0.851266 -0.0360616
v 0.128346 0.0890763 -0.0326376
vn 0.55365 0.832619 -0.0147496
v -0.000103195 0.112118 0.0102592
vn -0.0880365 0.995237 -0.0418593
v 0.00991155 0.113566 0.0128403
vn -0.115873 0.987772 -0.104306
v 0.0297705 0.115296 0.00716659
vn 0.00259805 0.997579 -0.0694978
v 0.0199263 0.115013 0.0154213
vn -0.0660019 0.99524 -0.0717067
v 0.149592 0.0734426 -0.0708429
vn 0.687831 0.703407 0.179186
v 0.143718 0.0793542 -0.0715018
vn 0.587364 0.801712 0.110729
v 0.137784 0.0832963 -0.0641997
vn 0.588016 0.807775 0.0416856
v 0.190768 0.0371784 -0.142234
vn 0.908806 0.345773 0.233481
v 0.184041 0.0466226 -0.134863
vn 0.862701 0.471265 0.183456
v 0.181832 0.0482437 -0.128639
vn 0.856059 0.457525 0.240486
v 0.177315 0.0560657 -0.12749
vn 0.818767 0.522481 0.237977
v 0.179574 0.0521552 -0.128065
vn 0.848858 0.449275 0.278553
v 0.18675 0.0153584 -0.0505113
vn 0.94266 0.333752 0.00115838
v 0.190234 0.00303204 -0.0657723
vn 0.972519 0.229999 0.0361628
v 0.189793 0.00692152 -0.0786481
vn 0.962598 0.264414 0.0590863
v 0.193716 -0.00929427 -0.0810334
vn 0.986982 0.149958 0.05813
v 0.109418 0.104745 0.0150624
vn 0.41885 0.894817 -0.154487
v 0.115198 0.101636 0.0124466
vn 0.392177 0.897847 -0.200168
v 0.117904 0.0989773 0.00582238
vn 0.437521 0.886376 -0.151371
v 0.120977 0.0985289 0.00982976
vn 0.495931 0.852812 -0.163601
v 0.123683 0.09587 0.00320555
vn 0.500533 0.854567 -0.138501
v 0.12639 0.093211 -0.00341762
vn 0.530536 0.837022 -0.133885
v 0.140802 0.0800426 -0.0525218
vn 0.517987 0.847819 -0.113544
v 0.138787 0.0816047 -0.0500471
vn 0.525561 0.84892 -0.0558689
v 0.149392 0.0718278 -0.0591271
vn 0.6894 0.723927 0.025629
v 0.159996 0.062051 -0.0682071
vn 0.732935 0.680063 0.0178896
v 0.142816 0.0784805 -0.0549976
vn 0.591254 0.806419 -0.0103563
v 0.185988 0.0300257 -0.113303
vn 0.908597 0.376388 0.181059
v 0.187026 0.0318816 -0.1209
vn 0.894013 0.391533 0.217811
v 0.183857 0.0358415 -0.11501
vn 0.897947 0.389294 0.205286
v 0.188064 0.0337373 -0.128498
vn 0.916031 0.335251 0.220212
v 0.184896 0.0376973 -0.122608
vn 0.894605 0.389074 0.21978
v 0.181726 0.0416574 -0.116719
vn 0.867751 0.450394 0.210128
v 0.115248 0.0996973 0.00067712
vn 0.461972 0.878156 -0.124195
v 0.138139 0.0826637 -0.0257376
vn 0.59416 0.801752 -0.0645537
v 0.123336 0.0932563 -0.0170481
vn 0.53928 0.839703 -0.0638463
v 0.180245 0.030432 -0.0672397
vn 0.90809 0.416707 0.0415576
v 0.182661 0.0248899 -0.0567292
vn 0.923863 0.382489 0.0134269
v 0.186208 0.0196279 -0.087506
vn 0.938849 0.333433 0.0859393
v 0.112024 0.0995837 -0.0120934
vn 0.395865 0.911949 -0.107884
v 0.105839 0.103083 -0.00354603
vn 0.326119 0.933937 -0.146317
v 0.107535 0.102525 -0.00332709
vn 0.383723 0.916747 -0.111051
v 0.0996536 0.106582 0.00500238
vn 0.287843 0.944702 -0.157112
v 0.101349 0.106024 0.00522028
vn 0.325714 0.934998 -0.140322
v 0.103045 0.105466 0.00543922
vn 0.342731 0.929044 -0.139326
v 0.0396094 0.116569 0.0193603
vn 0.0355024 0.992197 -0.119518
v 0.0588694 0.116563 0.0223413
vn 0.109576 0.980769 -0.161511
v 0.075321 0.11298 0.00755186
vn 0.153371 0.979611 -0.129771
v 0.131084 0.0896531 -0.0730334
vn 0.483891 0.870248 0.0922917
v 0.124403 0.094051 -0.0739439
vn 0.507687 0.823603 0.252847
v 0.0953936 0.106337 -0.0557166
vn 0.347973 0.931133 0.109112
v 0.117722 0.0984489 -0.0748544
vn 0.393018 0.909897 0.132755
v 0.16103 0.0729552 -0.113967
vn 0.730242 0.636361 0.248578
v 0.142346 0.0874236 -0.10142
vn 0.645591 0.738915 0.192916
v 0.146392 0.0822626 -0.0962871
vn 0.685739 0.699212 0.20215
v 0.197719 -0.0542111 -0.150241
vn 0.97985 -0.177049 0.0924491
v 0.200309 -0.0328879 -0.145807
vn 0.990822 -0.0778199 0.11053
v 0.197398 -0.0328774 -0.114168
vn 0.996436 -0.00839729 0.0839371
v 0.172334 0.0440847 -0.051786
vn 0.842813 0.537932 -0.0172081
v 0.16981 0.0483205 -0.0421355
vn 0.828518 0.559223 -0.0287591
v 0.172081 0.0451889 -0.0376176
vn 0.84452 0.533915 -0.0414758
v 0.167286 0.0525552 -0.032485
vn 0.813032 0.579 -0.0611496
v 0.132017 0.0912278 0.00454239
vn 0.590776 0.795456 -0.13503
v 0.137245 0.0870447 0.00187502
vn 0.541933 0.813016 -0.212869
v 0.151461 0.0720226 -0.0193081
vn 0.676214 0.729241 -0.104606
v 0.142473 0.0828615 -0.000792354
vn 0.658884 0.741347 -0.127579
v 0.18029 0.0367962 -0.0982671
vn 0.877468 0.453966 0.154809
v 0.177478 0.0402363 -0.0915324
vn 0.865626 0.487937 0.112294
v 0.182367 0.0325805 -0.0995408
vn 0.903255 0.393029 0.172214
v 0.174665 0.0436753 -0.0847966
vn 0.852581 0.512766 0.100879
v 0.179555 0.0360205 -0.092805
vn 0.889783 0.439427 0.123246
v 0.177266 0.0445984 -0.103507
vn 0.853079 0.491607 0.174869
v 0.175425 0.0437763 -0.0923071
vn 0.872301 0.454908 0.179302
v 0.165747 0.0546647 -0.0682945
vn 0.790474 0.609669 0.0587764
v 0.160425 0.0604836 -0.0540608
vn 0.758655 0.651274 0.0168491
v 0.171312 0.0468542 -0.0749639
vn 0.853198 0.508428 0.116427
v 0.176877 0.0390426 -0.0816323
vn 0.849423 0.522015 0.0773369
v 0.110541 0.0991068 -0.0326744
vn 0.386888 0.921231 -0.0406275
v 0.107179 0.103987 0.00590871
vn 0.398761 0.907203 -0.134061
v 0.0748357 0.111693 -0.00769445
vn 0.196847 0.976935 -0.0827567
v 0.0950252 0.1063 -0.0112734
vn 0.272141 0.959279 -0.0756483
v 0.110715 0.0991721 -0.0270155
vn 0.383039 0.920091 -0.0819317
v 0.0605778 0.113408 -0.0283555
vn 0.196413 0.9799 0.034893
v 0.0402915 0.114887 -0.00943867
vn 0.068104 0.997009 0.0365443
v 0.0873284 0.10793 -0.0335439
vn 0.326576 0.944673 0.0306738
v 0.171177 0.0568931 -0.108621
vn 0.822147 0.5257 0.218434
v 0.153084 0.0739026 -0.0899008
vn 0.737279 0.653572 0.171064
v 0.16716 0.059471 -0.0991018
vn 0.798181 0.574495 0.18128
v 0.163142 0.0620489 -0.0895829
vn 0.786936 0.597035 0.155823
v 0.193023 0.00760152 -0.114013
vn 0.965288 0.224748 0.133072
v 0.199074 -0.00177323 -0.140198
vn 0.98214 0.108921 0.153417
v 0.196764 0.00840995 -0.137763
vn 0.966794 0.174671 0.186546
v 0.194455 0.0185931 -0.135328
vn 0.953533 0.230363 0.194184
v 0.179194 0.0324731 -0.0557713
vn 0.909853 0.414819 0.00958309
v 0.178142 0.0345152 -0.0443039
vn 0.88166 0.471402 -0.0213425
v 0.152057 0.0698879 -0.0354365
vn 0.709199 0.704346 -0.0305423
v 0.163627 0.0564689 -0.0462745
vn 0.74826 0.662316 -0.0379934
v 0.16146 0.0583857 -0.0500976
vn 0.777201 0.629234 0.00480098
v 0.167245 0.0516763 -0.0555166
vn 0.780305 0.625119 -0.0187424
v 0.170863 0.0468826 -0.0647587
vn 0.816079 0.576957 0.0336955
v 0.170206 0.04917 -0.076546
vn 0.823297 0.563302 0.0698057
v 0.162872 0.0583573 -0.0682513
vn 0.787722 0.61259 0.0650201
v 0.16733 0.0528637 -0.0765018
vn 0.813175 0.576412 0.0805964
v 0.145098 0.0762763 -0.0305871
vn 0.65637 0.7528 -0.0497168
v 0.075061 0.111404 -0.0126302
vn 0.172555 0.983734 -0.049917
v 0.0752863 0.111113 -0.0175671
vn 0.218994 0.975726 0.000817704
v 0.189123 0.0218899 -0.114445
vn 0.94393 0.290877 0.156162
v 0.0984547 0.109235 0.0186361
vn 0.304559 0.937775 -0.166801
v 0.102817 0.106611 0.0122719
vn 0.326632 0.931473 -0.160219
v 0.100749 0.107351 0.0120371
vn 0.304552 0.93859 -0.162165
v 0.105112 0.104727 0.00567397
vn 0.348041 0.925837 -0.147286
v 0.107558 0.10161 -0.0115345
vn 0.287474 0.95081 -0.115411
v 0.0528757 0.114318 -0.0323187
vn 0.159005 0.986113 0.0479384
v 0.203429 -0.015389 -0.159945
vn 0.989286 -0.03729 0.14115
v 0.201252 -0.00858164 -0.150071
vn 0.980931 0.037115 0.190779
v 0.201869 -0.0241385 -0.152875
vn 0.987406 -0.0567314 0.147685
v 0.199692 -0.0173311 -0.143002
vn 0.989639 0.0135357 0.142942
v 0.176125 0.0395047 -0.0312818
vn 0.853681 0.517343 -0.0598785
v 0.177134 0.0370099 -0.0377934
vn 0.865143 0.498284 -0.056928
v 0.168035 0.0505405 -0.0478839
vn 0.76407 0.643415 -0.0470518
v 0.154427 0.0669236 -0.065626
vn 0.770416 0.613027 0.175089
v 0.166038 0.0553679 -0.0762555
vn 0.789778 0.60468 0.103022
v 0.185481 0.0286815 -0.107431
vn 0.872039 0.455347 0.179465
v 0.184558 0.0299131 -0.105262
vn 0.909701 0.381852 0.163198
v 0.185064 0.0312573 -0.111133
vn 0.90778 0.384167 0.16838
v 0.184141 0.0324889 -0.108965
vn 0.893282 0.413314 0.17669
v 0.146998 0.0744605 -0.043805
vn 0.658294 0.752759 -0.00189066
v 0.124092 0.0917152 -0.0490187
vn 0.425785 0.90013 -0.0920479
v 0.10183 0.102061 -0.0373408
vn 0.366512 0.929669 -0.0372034
v 0.116334 0.096191 -0.0411387
vn 0.504763 0.862891 0.0251724
v 0.118102 0.0957447 -0.020645
vn 0.427331 0.898589 -0.099632
v 0.120598 0.0943731 -0.0223124
vn 0.509379 0.859475 -0.0428426
v 0.114519 0.0982121 -0.0137597
vn 0.435932 0.895979 -0.0847608
v 0.117014 0.0968405 -0.0154271
vn 0.46299 0.882328 -0.0844891
v 0.0297684 0.115791 0.0173908
vn -0.0499435 0.988754 -0.140967
v 0.0349189 0.115313 0.012214
vn -0.03598 0.996536 -0.0749762
v 0.0499115 0.115613 0.00900659
vn 0.0612234 0.992323 -0.10746
v 0.137401 0.0845036 -0.0722671
vn 0.60121 0.769525 0.215354
v 0.112562 0.098712 -0.0536945
vn 0.424482 0.901764 0.08147
v 0.169173 0.064511 -0.120728
vn 0.778792 0.597194 0.191944
v 0.168578 0.0633615 -0.114739
vn 0.774605 0.589163 0.229946
v 0.195644 -0.0105584 -0.108782
vn 0.988541 0.114344 0.0985484
v 0.177498 0.0362321 -0.071205
vn 0.871815 0.488468 0.036577
v 0.174916 0.0401584 -0.0614955
vn 0.874275 0.484036 0.0367676
v 0.177226 0.0363131 -0.0658145
vn 0.87181 0.488477 0.0365733
v 0.174644 0.0402395 -0.056105
vn 0.855598 0.517632 -0.00313703
v 0.176955 0.0363942 -0.0604229
vn 0.866401 0.499343 0.00224956
v 0.126497 0.0948784 0.00718554
vn 0.467617 0.858761 -0.209439
v 0.14011 0.0826226 -0.0126713
vn 0.612928 0.78151 -0.116455
v 0.137418 0.0826194 -0.0481987
vn 0.530116 0.844937 -0.0711244
v 0.145201 0.0759742 -0.0534166
vn 0.645419 0.762459 -0.0457274
v 0.189416 0.0354584 -0.135366
vn 0.90493 0.335264 0.262105
v 0.184948 0.040991 -0.128568
vn 0.890446 0.384947 0.242738
v 0.120819 0.0964542 -0.00137024
vn 0.45367 0.877493 -0.155529
v 0.0200936 0.113503 0.000409746
vn -0.0802136 0.996478 -0.0244463
v 0.0933968 0.109702 0.0135592
vn 0.226439 0.956633 -0.183243
v 0.0962473 0.108862 0.0126961
vn 0.268946 0.94939 -0.162257
v 0.087141 0.112822 0.0221161
vn 0.226502 0.956624 -0.183215
v 0.0899905 0.111982 0.0212529
vn 0.226473 0.95663 -0.183219
v 0.09284 0.111142 0.0203898
vn 0.267953 0.948744 -0.167589
v 0.0773084 0.114822 0.0230119
vn 0.099957 0.964513 -0.244384
v 0.0925989 0.108865 0.00575606
vn 0.172279 0.970978 -0.165896
v 0.110747 0.102113 -0.0759639
vn 0.41861 0.872849 0.250798
v 0.103772 0.105777 -0.0770744
vn 0.418588 0.872877 0.250738
v 0.0912189 0.108553 -0.0657818
vn 0.418621 0.872835 0.250828
v 0.0786652 0.111329 -0.0544902
vn 0.330539 0.937995 0.104448
v 0.132003 0.0932931 -0.0955797
vn 0.552375 0.819048 0.155055
v 0.136401 0.0898552 -0.0930871
vn 0.593621 0.780583 0.195713
v 0.121661 0.0991626 -0.0897397
vn 0.552382 0.819047 0.155037
v 0.126059 0.0957247 -0.0872471
vn 0.552384 0.819045 0.155042
v 0.130457 0.0922868 -0.0847545
vn 0.60225 0.77959 0.171857
v 0.196272 -0.0631227 -0.169769
vn 0.958828 -0.278407 0.0560181
v 0.202086 -0.0437058 -0.172795
vn 0.978604 -0.185627 0.0887524
v 0.194825 -0.0720353 -0.189298
vn 0.958828 -0.278403 0.0560481
v 0.164825 0.0570773 -0.022905
vn 0.795688 0.600525 -0.0790643
v 0.168444 0.0516994 -0.0273324
vn 0.8011 0.592944 -0.0815898
v 0.162364 0.0615994 -0.013326
vn 0.795691 0.60052 -0.0790676
v 0.165983 0.0562215 -0.0177524
vn 0.795654 0.600566 -0.0790931
v 0.169602 0.0508447 -0.0221797
vn 0.821201 0.566034 -0.0723535
v 0.147377 0.0781616 -0.00349025
vn 0.626111 0.758106 -0.182376
v 0.160261 0.0618868 -0.0269092
vn 0.686364 0.717214 -0.12045
v 0.152281 0.0734626 -0.00618918
vn 0.626018 0.758161 -0.182466
v 0.17577 0.0413595 -0.0832144
vn 0.867448 0.486204 0.105549
v 0.191789 0.0202415 -0.124886
vn 0.940231 0.278415 0.196091
v 0.10558 0.105545 0.0113834
vn 0.359322 0.919949 -0.156788
v 0.101218 0.108169 0.0177476
vn 0.30418 0.935944 -0.177438
v 0.10398 0.107103 0.0168592
vn 0.355317 0.919683 -0.167133
v 0.114817 0.0973847 -0.0202092
vn 0.342802 0.92504 -0.163668
v 0.122077 0.0931605 -0.028885
vn 0.435828 0.897864 -0.0624069
v 0.10855 0.09973 -0.0200787
vn 0.426498 0.904277 -0.0195758
v 0.0265779 0.114602 -0.0106766
vn 0.00938096 0.999637 0.025271
v 0.139066 0.0847373 -0.0798618
vn 0.63024 0.764199 0.137103
v 0.147424 0.076491 -0.0750176
vn 0.698556 0.703285 0.131947
v 0.199253 0.00503733 -0.145097
vn 0.973828 0.115352 0.19584
v 0.20143 -0.00177003 -0.15497
vn 0.983759 0.087091 0.156949
v 0.19943 0.0118479 -0.149995
vn 0.966435 0.164068 0.197699
v 0.180002 0.0310826 -0.0425018
vn 0.886588 0.461095 -0.0367754
v 0.178994 0.0335773 -0.0359902
vn 0.886978 0.460166 -0.0389383
v 0.181862 0.0276499 -0.0406987
vn 0.905281 0.423858 -0.0284824
v 0.171795 0.0450426 -0.0585134
vn 0.798511 0.601305 -0.0285135
v 0.175556 0.0395447 -0.0691439
vn 0.832908 0.553061 0.0196957
v 0.170352 0.0495215 -0.080526
vn 0.838668 0.531293 0.119852
v 0.173164 0.0460815 -0.0872618
vn 0.848568 0.516784 0.113431
v 0.182216 0.0346426 -0.103616
vn 0.893132 0.423743 0.150855
v 0.156373 0.0645626 -0.0560503
vn 0.738004 0.674505 0.0198085
v 0.187556 0.0259573 -0.113873
vn 0.929872 0.337932 0.145398
v 0.186768 0.0240594 -0.104425
vn 0.920547 0.365757 0.137168
v 0.1852 0.0281279 -0.103853
vn 0.923683 0.353425 0.147989
v 0.184413 0.02623 -0.0944039
vn 0.925171 0.361549 0.115506
v 0.112097 0.100413 -0.00475867
vn 0.432728 0.895893 -0.100612
v 0.0623736 0.113653 0.00065607
vn 0.122623 0.991211 -0.0496401
v 0.0724684 0.110956 -0.00113339
vn 0.132885 0.979095 -0.153995
v 0.168299 0.0530626 -0.0813008
vn 0.788768 0.610146 0.0746155
v 0.184293 0.0304268 -0.104889
vn 0.905509 0.391258 0.164226
v 0.149305 0.0724016 -0.0502955
vn 0.689597 0.724027 0.0155408
v 0.158681 0.0625037 -0.0625397
vn 0.772089 0.628898 0.0914591
v 0.184694 0.0267847 -0.0979818
vn 0.910467 0.39187 0.132238
v 0.124762 0.0915426 -0.0257524
vn 0.501688 0.862525 -0.0660279
v 0.178723 0.0340268 -0.0703597
vn 0.891063 0.450989 0.0511349
v 0.1786 0.0334131 -0.0638313
vn 0.90043 0.43118 0.0575224
v 0.139223 0.08155 -0.0194271
vn 0.59432 0.797418 -0.104441
v 0.155805 0.0661973 -0.0624966
vn 0.710293 0.703832 0.0102694
v 0.181779 0.044951 -0.122679
vn 0.868252 0.430956 0.245794
v 0.132264 0.0879373 -0.0145776
vn 0.563178 0.821239 -0.0916318
v 0.0979421 0.108304 0.012914
vn 0.29326 0.942921 -0.157792
v 0.0956473 0.110189 0.0195129
vn 0.265964 0.947384 -0.178122
v 0.0657705 0.112824 -0.0434039
vn 0.293697 0.931158 0.216071
v 0.172863 0.0451742 -0.0267313
vn 0.84373 0.533416 -0.0598937
v 0.180661 0.0337036 -0.0912229
vn 0.886799 0.451529 0.0985301
v 0.179828 0.0340363 -0.0861713
vn 0.900065 0.41757 0.124569
v 0.166852 0.0564026 -0.087965
vn 0.810282 0.570582 0.13371
v 0.159303 0.06479 -0.0798829
vn 0.764389 0.63278 0.123686
v 0.17387 0.0429626 -0.0731955
vn 0.832155 0.553129 0.0395816
v 0.176821 0.0379563 -0.0777355
vn 0.875509 0.477587 0.07345
v 0.191259 0.0261657 -0.131912
vn 0.9309 0.296837 0.212869
v 0.192612 0.0278857 -0.138781
vn 0.93731 0.268479 0.222191
v 0.106699 0.105924 0.0159603
vn 0.338313 0.922365 -0.186514
v 0.129062 0.0883973 -0.0376176
vn 0.447979 0.885332 -0.124505
v 0.155283 0.06927 -0.0823008
vn 0.734858 0.664905 0.133732
v 0.151444 0.072011 -0.0726008
vn 0.717141 0.691292 0.0884526
v 0.196942 0.0152205 -0.142662
vn 0.950726 0.214444 0.223907
v 0.195099 0.0245131 -0.146114
vn 0.944228 0.2616 0.199996
v 0.184306 0.0215047 -0.045605
vn 0.92345 0.3832 -0.0199639
v 0.173209 0.0432142 -0.0669513
vn 0.855195 0.515665 0.0522572
v 0.179167 0.0342878 -0.0799271
vn 0.849558 0.526767 0.0277036
v 0.163017 0.0587089 -0.0722313
vn 0.705368 0.706532 -0.0571722
v 0.182934 0.0370731 -0.112842
vn 0.89281 0.40385 0.199488
v 0.142568 0.0785626 -0.0347713
vn 0.644232 0.764198 -0.0310853
v 0.0958094 0.103652 -0.0293534
vn 0.354355 0.934769 0.0253067
v 0.182328 0.028331 -0.0808218
vn 0.933428 0.347433 0.0894559
v 0.110029 0.101153 -0.00499445
vn 0.385731 0.914783 -0.11993
v 0.197977 -0.0217226 -0.127294
vn 0.994077 0.0404254 0.100875
v 0.182452 0.0289447 -0.0873502
vn 0.93054 0.34369 0.126384
v 0.178995 0.0339458 -0.0757513
vn 0.867595 0.495949 0.0362472
v 0.0577884 0.113 -0.0135029
vn 0.118732 0.991626 0.0508032
v 0.177548 0.0354552 -0.0523639
vn 0.867926 0.496658 -0.00603775
v 0.0373715 0.067532 -0.138384
vn 0.523849 0.660945 -0.53734
v 0.0389094 0.0701194 -0.133862
vn 0.415896 0.7211 -0.554117
v 0.0348915 0.0591437 -0.14916
vn 0.603807 0.555722 -0.571481
v 0.0404473 0.0727068 -0.129341
vn 0.468533 0.732284 -0.494203
v 0.0364294 0.061731 -0.144639
vn 0.523836 0.620984 -0.583074
v 0.0324126 0.0507563 -0.159937
vn 0.574679 0.557239 -0.599357
v 0.0356273 0.02903 -0.17251
vn 0.56385 0.466547 -0.681474
v 0.0317442 0.0281836 -0.176452
vn -0.429266 0.871898 0.235637
v 0.0319052 0.0286974 -0.176026
vn 0.604109 0.417013 -0.679083
v 0.027861 0.0273384 -0.180394
vn 0.623503 0.406763 -0.667674
v 0.0280231 0.027851 -0.179967
vn 0.62854 0.370692 -0.683757
v 0.0281842 0.0283647 -0.179541
vn 0.610411 0.42336 -0.669451
v 0.0462726 0.0836352 -0.108959
vn 0.270462 0.832378 -0.483733
v 0.049541 0.0849405 -0.104621
vn 0.368493 0.776388 -0.511307
v 0.0462989 0.0769889 -0.11833
vn 0.416061 0.742299 -0.525248
v 0.0528105 0.0862458 -0.100283
vn 0.335056 0.79414 -0.50703
v 0.0463252 0.0703426 -0.127702
vn 0.396428 0.733458 -0.552163
v 0.0362768 0.0773858 -0.124881
vn 0.488419 0.723258 -0.488206
v 0.0351821 0.0872394 -0.111379
vn 0.33721 0.844029 -0.417018
v 0.0393042 0.0303447 -0.16865
vn -0.682342 -0.17522 0.709724
v 0.0429821 0.0316595 -0.16479
vn 0.555786 0.438046 -0.706554
v 0.035421 0.0294994 -0.172592
vn 0.608511 0.382148 -0.695469
v 0.0500652 0.087771 -0.0992439
vn 0.287275 0.835763 -0.467946
v 0.0538579 0.0919058 -0.0895302
vn 0.277975 0.843308 -0.459958
v 0.0170694 0.112118 0.0355687
vn -0.0839122 0.995239 0.0495734
v 0.0325494 0.115013 0.0218498
vn -0.105524 0.994408 -0.00426229
v 0.03188 0.115154 0.0154613
vn -0.106038 0.99381 0.0331365
v 0.0312105 0.115296 0.0090729
vn -0.0460311 0.998325 -0.0350479
v 0.0297105 0.0793542 -0.129384
vn 0.43771 0.788316 -0.432399
v -0.00262005 0.0371784 -0.207945
vn 0.704407 0.321277 -0.632924
v -0.000269524 0.0466226 -0.198245
vn 0.634471 0.471359 -0.612591
v 0.000516787 0.042711 -0.20044
vn 0.691915 0.411988 -0.592891
v 0.00207997 0.0560657 -0.188544
vn 0.65216 0.5153 -0.556016
v 0.00286731 0.0521552 -0.190739
vn 0.688195 0.455443 -0.564764
v 0.00365469 0.0482437 -0.192933
vn 0.684749 0.443955 -0.577947
v 0.0711747 0.0153584 -0.153322
vn 0.536728 0.314996 -0.782752
v 0.0604705 0.00303204 -0.164743
vn 0.57382 0.22996 -0.786034
v 0.0603631 0.0111405 -0.162449
vn 0.544821 0.298875 -0.783482
v 0.0497652 -0.00929427 -0.176164
vn 0.596473 0.161883 -0.786138
v 0.0496579 -0.0011869 -0.17387
vn 0.582642 0.228318 -0.779999
v 0.0495505 0.00692152 -0.171578
vn 0.587299 0.264346 -0.764984
v 0.0822936 0.104745 -0.0525418
vn 0.096119 0.895598 -0.434356
v 0.0833568 0.101636 -0.0587965
vn 0.0534337 0.897851 -0.437045
v 0.0793789 0.0989773 -0.064745
vn 0.111355 0.887971 -0.446215
v 0.08442 0.0985289 -0.0650502
vn 0.141879 0.852772 -0.502644
v 0.0804421 0.09587 -0.0709997
vn 0.165229 0.854533 -0.492415
v 0.0764652 0.093211 -0.0769481
vn 0.185749 0.837006 -0.514703
v 0.0428884 0.0784805 -0.119406
vn 0.334327 0.809138 -0.48324
v 0.0438136 0.0800426 -0.116352
vn 0.247717 0.830043 -0.499665
v 0.0422158 0.0702658 -0.130222
vn 0.360309 0.731922 -0.578331
v 0.0447389 0.0816047 -0.113299
vn 0.248699 0.84114 -0.480242
v 0.043141 0.0718278 -0.127168
vn 0.382399 0.733884 -0.561414
v 0.0415431 0.062051 -0.141037
vn 0.439257 0.667345 -0.601418
v 0.0186926 0.0300257 -0.187803
vn 0.658184 0.376225 -0.65211
v 0.0129747 0.0318816 -0.192911
vn 0.680497 0.391412 -0.619452
v 0.0160863 0.0358415 -0.186991
vn 0.672289 0.3892 -0.629723
v 0.00725679 0.0337373 -0.198021
vn 0.699037 0.342524 -0.627715
v 0.0103673 0.0376973 -0.192101
vn 0.682434 0.389013 -0.618832
v 0.0134789 0.0416574 -0.18618
vn 0.670129 0.429156 -0.605601
v 0.0634557 0.0932563 -0.0820355
vn 0.248563 0.839732 -0.48277
v 0.0736305 0.0996973 -0.0654187
vn 0.171034 0.872617 -0.457478
v 0.069081 0.0911805 -0.0822934
vn 0.204917 0.85047 -0.484468
v 0.0645315 0.0826637 -0.0991692
vn 0.276895 0.802365 -0.528714
v 0.0536705 0.030432 -0.157283
vn 0.547617 0.407011 -0.731066
v 0.0587031 0.0276605 -0.155346
vn 0.520952 0.431079 -0.736736
v 0.0469368 0.02503 -0.165421
vn 0.558823 0.398815 -0.727092
v 0.0637347 0.0248899 -0.153409
vn 0.527783 0.382484 -0.758387
v 0.0519694 0.0222584 -0.163484
vn 0.560476 0.356329 -0.747593
v 0.0402031 0.0196279 -0.17356
vn 0.596238 0.333429 -0.730291
v 0.0612379 0.0995837 -0.0698871
vn 0.131872 0.911975 -0.388473
v 0.0648663 0.103083 -0.0599797
vn 0.0611272 0.933924 -0.352206
v 0.0659947 0.102525 -0.0612629
vn 0.122445 0.916765 -0.380196
v 0.0684947 0.106582 -0.0500713
vn 0.0307812 0.944688 -0.326523
v 0.0696231 0.106024 -0.0513555
vn 0.0657305 0.935013 -0.348468
v 0.0707526 0.105466 -0.0526397
vn 0.0760255 0.929066 -0.362016
v 0.0534431 0.116566 0.000585548
vn -0.149809 0.978874 -0.139149
v 0.0600631 0.116563 -0.00656393
vn -0.083917 0.97619 -0.200029
v 0.0585326 0.114771 -0.0175197
vn -0.0278703 0.987128 -0.157483
v 0.0570021 0.11298 -0.0284755
vn -0.0202356 0.981438 -0.190709
v 0.0468221 0.116569 0.00773607
vn -0.0765842 0.993303 -0.0865063
v 0.0213757 0.0896531 -0.119767
vn 0.399239 0.849846 -0.344049
v 0.0123936 0.0984489 -0.109708
vn 0.401243 0.878344 -0.259839
v 0.0140842 0.102393 -0.0951018
vn 0.38349 0.879479 -0.281874
v 0.0157747 0.106337 -0.0804955
vn 0.272937 0.936373 -0.220708
v 0.00418627 0.0729552 -0.167482
vn 0.612122 0.63141 -0.476055
v 0.00416418 0.0801899 -0.156229
vn 0.531223 0.713122 -0.457448
v 0.00742101 0.0776089 -0.15647
vn 0.6336 0.628156 -0.451631
v 0.00414207 0.0874236 -0.144978
vn 0.512877 0.757601 -0.403729
v 0.0106568 0.0822626 -0.145459
vn 0.540055 0.71836 -0.43852
v 0.0243558 -0.0328774 -0.197744
vn 0.627827 -0.0417338 -0.777233
v -0.00537162 -0.0542111 -0.218183
vn 0.620899 -0.174498 -0.764221
v 0.0120547 -0.0328826 -0.207799
vn 0.631941 -0.0537282 -0.773152
v -0.00280953 -0.043549 -0.218018
vn 0.639786 -0.142067 -0.755309
v -0.000246372 -0.0328879 -0.217852
vn 0.653841 -0.0417481 -0.755479
v 0.0620568 0.0440847 -0.142082
vn 0.465911 0.530723 -0.707997
v 0.0686463 0.0483205 -0.134593
vn 0.439244 0.559428 -0.702926
v 0.06786 0.0446363 -0.138017
vn 0.444246 0.548295 -0.708532
v 0.0752358 0.0525552 -0.127105
vn 0.398698 0.583676 -0.707363
v 0.0744494 0.0488721 -0.130528
vn 0.408188 0.573139 -0.710559
v 0.0736631 0.0451889 -0.13395
vn 0.430318 0.538862 -0.724192
v 0.0862105 0.0912278 -0.0771597
vn 0.218379 0.795469 -0.565279
v 0.0869231 0.0870447 -0.082986
vn 0.126325 0.813086 -0.568273
v 0.0773105 0.0720226 -0.106617
vn 0.291376 0.729252 -0.619106
v 0.0876357 0.0828615 -0.0888134
vn 0.262509 0.741389 -0.617601
v 0.0279726 0.0367962 -0.174671
vn 0.615628 0.455779 -0.642858
v 0.0319842 0.0402363 -0.168573
vn 0.576977 0.488087 -0.65488
v 0.0280789 0.0325805 -0.177106
vn 0.647792 0.393101 -0.652561
v 0.0359947 0.0436753 -0.162477
vn 0.56045 0.51275 -0.650372
v 0.0320894 0.0360205 -0.171008
vn 0.599933 0.439229 -0.668699
v 0.0249547 0.0406973 -0.174883
vn 0.626515 0.450168 -0.636261
v 0.0301926 0.0437763 -0.167304
vn 0.636803 0.454696 -0.622683
v 0.0219368 0.0445984 -0.175094
vn 0.616591 0.505142 -0.60386
v 0.0271747 0.0476774 -0.167515
vn 0.581547 0.529959 -0.617209
v 0.0446884 0.0546647 -0.145853
vn 0.497757 0.606167 -0.620322
v 0.0491 0.0575742 -0.139667
vn 0.472361 0.618627 -0.627834
v 0.0422715 0.0468542 -0.154196
vn 0.575385 0.507206 -0.641619
v 0.0535115 0.0604836 -0.133482
vn 0.406564 0.675646 -0.614986
v 0.0466831 0.0497626 -0.148009
vn 0.503557 0.565003 -0.653607
v 0.0398547 0.0390426 -0.162538
vn 0.553781 0.503215 -0.663401
v 0.0433473 0.0991068 -0.0801681
vn 0.187431 0.916998 -0.352115
v 0.0734536 0.103987 -0.0558039
vn 0.120857 0.9059 -0.405881
v 0.0735421 0.101843 -0.0606113
vn 0.0890584 0.910213 -0.404451
v 0.0440905 0.111693 -0.0365976
vn 0.0362187 0.985651 -0.164862
v 0.0482515 0.108996 -0.045966
vn 0.0973173 0.967087 -0.235101
v 0.0461136 0.105433 -0.0568713
vn 0.0552327 0.955563 -0.289566
v 0.0524136 0.1063 -0.0553355
vn 0.0951724 0.953637 -0.285516
v 0.0502747 0.102736 -0.0662408
vn 0.12062 0.936353 -0.329686
v 0.0481368 0.0991721 -0.077145
vn 0.164319 0.91784 -0.361344
v 0.0189894 0.113408 -0.0363302
vn 0.138763 0.9799 -0.14332
v 0.0233284 0.114887 -0.00893444
vn 0.0667298 0.997466 -0.0246667
v 0.0296452 0.10793 -0.0614113
vn 0.204723 0.943466 -0.260693
v 0.0142915 0.0568931 -0.172904
vn 0.622789 0.546286 -0.560095
v 0.0169915 0.0653973 -0.16017
vn 0.588312 0.609274 -0.531671
v 0.0255831 0.0620489 -0.155599
vn 0.562647 0.60326 -0.565248
v 0.0196926 0.0739026 -0.147436
vn 0.55292 0.650302 -0.520948
v 0.0220379 0.00760152 -0.194031
vn 0.652854 0.232697 -0.720856
v 0.0128757 0.00291415 -0.203861
vn 0.673805 0.183754 -0.715696
v 0.0136031 0.0130973 -0.200585
vn 0.683733 0.219598 -0.695906
v 0.00371363 -0.00177323 -0.21369
vn 0.684152 0.0879535 -0.724016
v 0.00443996 0.00840995 -0.210414
vn 0.699672 0.173054 -0.693189
v 0.00516733 0.0185931 -0.207139
vn 0.698916 0.237098 -0.67476
v 0.0625894 0.0324731 -0.149998
vn 0.516728 0.414908 -0.748894
v 0.0715084 0.0345152 -0.142713
vn 0.474429 0.470553 -0.743974
v 0.067621 0.0297026 -0.148061
vn 0.495852 0.43484 -0.751695
v 0.0630157 0.0631784 -0.123957
vn 0.443887 0.643798 -0.623288
v 0.0617568 0.0564689 -0.131783
vn 0.340632 0.696449 -0.631608
v 0.0561189 0.0516763 -0.13995
vn 0.408374 0.635767 -0.655005
v 0.05048 0.0468826 -0.148119
vn 0.470178 0.589852 -0.656512
v 0.0642747 0.0698879 -0.116129
vn 0.373506 0.698016 -0.610955
v 0.040341 0.04917 -0.154165
vn 0.518318 0.563297 -0.643462
v 0.0431158 0.0583573 -0.143445
vn 0.494367 0.612635 -0.616668
v 0.0387684 0.0528637 -0.151757
vn 0.521648 0.576394 -0.62901
v 0.0181147 0.0507457 -0.174
vn 0.638783 0.501227 -0.58372
v 0.0138852 0.0492752 -0.179542
vn 0.662118 0.471932 -0.582134
v 0.0177084 0.0431278 -0.180638
vn 0.643689 0.458442 -0.612777
v 0.0644031 0.0762763 -0.107649
vn 0.325878 0.752753 -0.571985
v 0.0590221 0.0715742 -0.116325
vn 0.387221 0.712614 -0.585013
v 0.0437189 0.105401 -0.0583829
vn 0.145867 0.949777 -0.276852
v 0.0401231 0.111404 -0.039545
vn 0.0805242 0.975559 -0.204452
v 0.0361568 0.111113 -0.0424913
vn 0.13069 0.975514 -0.176897
v 0.0194989 0.0218899 -0.19104
vn 0.661277 0.281606 -0.695278
v 0.031121 0.0136142 -0.183796
vn 0.621942 0.295227 -0.725278
v 0.0298505 0.0207584 -0.1823
vn 0.632325 0.313626 -0.708381
v 0.0791273 0.109235 -0.0414545
vn 0.0320489 0.937768 -0.345781
v 0.0762905 0.106611 -0.0486292
vn 0.0498851 0.931458 -0.360412
v 0.07494 0.107351 -0.0470471
vn 0.0358706 0.938589 -0.343168
v 0.0721031 0.104727 -0.0542218
vn 0.0725344 0.925828 -0.370919
v 0.0592052 0.10161 -0.0658734
vn 0.026761 0.950628 -0.309176
v 0.0558094 0.103955 -0.060605
vn 0.13197 0.934404 -0.330866
v 0.0581042 0.107295 -0.0471745
vn 0.0458661 0.956498 -0.288111
v 0.0547084 0.10964 -0.041905
vn -0.0283826 0.971173 -0.236679
v 0.0113968 0.114318 -0.0321618
vn 0.128645 0.986114 -0.105019
v -0.0102222 -0.015389 -0.228345
vn 0.681838 -0.014821 -0.731353
v -0.00325478 -0.00858164 -0.221018
vn 0.706687 0.0371359 -0.706551
v -0.00523478 -0.0241385 -0.223099
vn 0.680711 -0.0501594 -0.730833
v 0.00173363 -0.0173311 -0.215771
vn 0.676672 0.0123555 -0.736181
v 0.0811757 0.0395047 -0.133761
vn 0.433353 0.508649 -0.743963
v 0.076342 0.0370099 -0.138237
vn 0.439939 0.493645 -0.750179
v 0.0774189 0.0423468 -0.133856
vn 0.419809 0.53025 -0.736611
v 0.0725852 0.0398521 -0.138331
vn 0.456992 0.507484 -0.730492
v 0.0628873 0.0505405 -0.136337
vn 0.361043 0.661266 -0.657552
v 0.0623221 0.0535047 -0.13406
vn 0.450992 0.596199 -0.664194
v 0.0416673 0.0755931 -0.124373
vn 0.314716 0.785037 -0.533545
v 0.0393484 0.0640373 -0.139944
vn 0.53835 0.624244 -0.566126
v 0.0405694 0.0669236 -0.134977
vn 0.469048 0.67433 -0.570328
v 0.0382505 0.0553679 -0.150548
vn 0.522229 0.596804 -0.609181
v 0.0232768 0.0286815 -0.184099
vn 0.636451 0.455646 -0.622348
v 0.0245589 0.0299131 -0.18212
vn 0.644013 0.381379 -0.663172
v 0.0199747 0.0312573 -0.185824
vn 0.647273 0.384016 -0.65846
v 0.0212568 0.0324889 -0.183846
vn 0.645842 0.407768 -0.645456
v 0.0536589 0.0803531 -0.108449
vn 0.363771 0.772878 -0.519933
v 0.0545073 0.0744605 -0.116614
vn 0.352734 0.759714 -0.546272
v 0.0395694 0.096191 -0.0897029
vn 0.21048 0.913947 -0.346986
v 0.0575484 0.0957447 -0.0797092
vn 0.156647 0.898506 -0.41006
v 0.057561 0.0943731 -0.0827092
vn 0.259209 0.854641 -0.449889
v 0.0612515 0.0982121 -0.0728881
vn 0.173445 0.896008 -0.408763
v 0.0612642 0.0968405 -0.0758892
vn 0.188901 0.882316 -0.431086
v 0.0439989 0.115613 -0.00659549
vn -0.0418229 0.994786 -0.0930181
v 0.0270516 0.098712 -0.0935945
vn 0.287025 0.910243 -0.298454
v 0.00313365 0.064511 -0.178013
vn 0.59447 0.597277 -0.538392
v 0.00492417 0.0597131 -0.181359
vn 0.658617 0.532953 -0.531211
v 0.00597679 0.0681584 -0.170827
vn 0.654026 0.581564 -0.48377
v 0.00776838 0.0633615 -0.174172
vn 0.623752 0.58921 -0.51358
v 0.037061 -0.0210858 -0.186954
vn 0.611862 0.0622894 -0.788508
v 0.0388031 -0.00992689 -0.184721
vn 0.605052 0.133089 -0.784983
v 0.0260978 -0.0217184 -0.195511
vn 0.622613 0.0589659 -0.780305
v 0.02784 -0.0105584 -0.193278
vn 0.635488 0.103026 -0.765206
v 0.0488463 0.0362321 -0.157224
vn 0.517959 0.48832 -0.702326
v 0.0554515 0.0401584 -0.149653
vn 0.519452 0.484004 -0.704208
v 0.0531631 0.0363131 -0.153984
vn 0.517961 0.488318 -0.702327
v 0.0597684 0.0402395 -0.146413
vn 0.480691 0.514071 -0.710399
v 0.0574799 0.0363942 -0.150744
vn 0.496045 0.492378 -0.715195
v 0.0853147 0.0948784 -0.071105
vn 0.0878512 0.858766 -0.50478
v 0.0764652 0.0826226 -0.0934955
vn 0.24628 0.781479 -0.573269
v 0.0455052 0.0826194 -0.111128
vn 0.268673 0.83258 -0.484382
v 0.0455326 0.0759742 -0.120501
vn 0.322941 0.762497 -0.560632
v 0.00231785 0.0354584 -0.202983
vn 0.724035 0.327717 -0.606939
v 0.00545575 0.040991 -0.195477
vn 0.702576 0.384449 -0.59882
v 0.0779621 0.102221 -0.0589808
vn 0.12201 0.893444 -0.432285
v 0.0750473 0.0964542 -0.0711829
vn 0.12464 0.877531 -0.463037
v 0.0272694 0.115091 6.97486e-05
vn -0.0144493 0.999761 -0.016408
v 0.0674547 0.0201247 -0.153365
vn 0.501837 0.38462 -0.774744
v 0.0566431 0.0159058 -0.162493
vn 0.54664 0.34154 -0.764549
v 0.0720894 0.109702 -0.0401008
vn -0.0251792 0.956617 -0.290257
v 0.0729673 0.108862 -0.042945
vn 0.0159038 0.949379 -0.313729
v 0.0756852 0.112822 -0.0301292
vn -0.0252563 0.956629 -0.290213
v 0.0765631 0.111982 -0.0329744
vn -0.0251826 0.956617 -0.290257
v 0.077441 0.111142 -0.0358187
vn 0.0108605 0.948746 -0.315854
v 0.0709305 0.114822 -0.0214776
vn -0.146735 0.96451 -0.21952
v 0.0651747 0.108865 -0.0438029
vn -0.0412014 0.97098 -0.235584
v 0.00757363 0.102113 -0.104545
vn 0.442072 0.872825 -0.206761
v 0.00991365 0.104889 -0.0878239
vn 0.304168 0.922652 -0.237054
v 0.00275366 0.105777 -0.0993829
vn 0.442098 0.87281 -0.206766
v 0.00743469 0.111329 -0.0659397
vn 0.317836 0.927046 -0.198913
v 0.00319997 0.0932931 -0.133137
vn 0.437505 0.819035 -0.371175
v 0.0113084 0.0922868 -0.1258
vn 0.477608 0.785789 -0.392971
v 0.0022568 0.0991626 -0.121297
vn 0.437503 0.819037 -0.371173
v -0.0223706 -0.0631227 -0.227903
vn 0.582618 -0.278436 -0.763564
v -0.013499 -0.0489585 -0.226299
vn 0.610698 -0.227184 -0.758574
v -0.0393695 -0.0720353 -0.237624
vn 0.582636 -0.27845 -0.763545
v -0.0304979 -0.0578711 -0.23602
vn 0.582628 -0.278417 -0.763563
v -0.0216264 -0.0437058 -0.234414
vn 0.620795 -0.185639 -0.761677
v 0.0818021 0.0570773 -0.119708
vn 0.379281 0.600617 -0.70385
v 0.0801547 0.0516994 -0.125185
vn 0.3799 0.595675 -0.707706
v 0.0883673 0.0615994 -0.112311
vn 0.379304 0.600606 -0.703847
v 0.08672 0.0562215 -0.117788
vn 0.379286 0.600625 -0.703841
v 0.0850736 0.0508447 -0.123264
vn 0.400906 0.562984 -0.722719
v 0.088141 0.0781616 -0.0943871
vn 0.198972 0.758044 -0.621111
v 0.0759294 0.0618868 -0.118162
vn 0.28398 0.717169 -0.636414
v 0.0886463 0.0734626 -0.0999608
vn 0.198871 0.758089 -0.621089
v 0.0379242 0.0413595 -0.162507
vn 0.572822 0.485981 -0.660074
v 0.0519957 0.0536836 -0.1408
vn 0.493017 0.584062 -0.64483
v 0.0123326 0.0202415 -0.199089
vn 0.684468 0.290263 -0.668768
v 0.0770989 0.105545 -0.0514166
vn 0.0659089 0.921807 -0.382005
v 0.0799357 0.108169 -0.0442418
vn 0.0230085 0.935934 -0.351422
v 0.0807442 0.107103 -0.0470281
vn 0.0550055 0.922092 -0.383042
v 0.052941 0.0931605 -0.0876113
vn 0.170716 0.909465 -0.379116
v 0.0560736 0.0973847 -0.0767429
vn 0.0560485 0.925039 -0.375713
v 0.0146326 0.114602 0.00174238
vn 0.0261949 0.999637 0.00635781
v 0.0199347 0.0793195 -0.13882
vn 0.47054 0.74097 -0.47912
v 0.02428 0.0751963 -0.140929
vn 0.527439 0.681443 -0.50739
v 0.0201778 0.0847373 -0.130203
vn 0.464517 0.771153 -0.435369
v 0.0245221 0.0806142 -0.132312
vn 0.470534 0.740968 -0.479129
v 0.0288673 0.076491 -0.134422
vn 0.50834 0.681147 -0.526905
v -0.000248474 0.00503733 -0.216579
vn 0.706898 0.115352 -0.697846
v -0.00721688 -0.00177003 -0.223905
vn 0.680186 0.0871238 -0.727843
v -0.00421058 0.0118479 -0.219466
vn 0.704332 0.164028 -0.69066
v 0.0740421 0.0310826 -0.143248
vn 0.465075 0.461013 -0.755759
v 0.0788757 0.0335773 -0.138771
vn 0.463666 0.460189 -0.757126
v 0.0765757 0.0276499 -0.143783
vn 0.480049 0.428889 -0.765249
v 0.0556115 0.0480068 -0.143122
vn 0.477604 0.560135 -0.676863
v 0.0561779 0.0450426 -0.145399
vn 0.422722 0.601436 -0.677924
v 0.0494673 0.0395447 -0.15446
vn 0.485014 0.548391 -0.681196
v 0.0371221 0.0495215 -0.156512
vn 0.568363 0.531297 -0.628241
v 0.0331115 0.0460815 -0.162609
vn 0.568205 0.517062 -0.640149
v 0.0215968 0.0385437 -0.17947
vn 0.646273 0.422801 -0.635272
v 0.0246147 0.0346426 -0.179259
vn 0.626449 0.420786 -0.656126
v 0.0540094 0.0674721 -0.125048
vn 0.427389 0.683567 -0.591671
v 0.0495979 0.0645626 -0.131233
vn 0.436576 0.670101 -0.600305
v 0.0412294 0.0873352 -0.104554
vn 0.318388 0.829437 -0.458981
v 0.0190957 0.0259573 -0.189421
vn 0.640548 0.337812 -0.689625
v 0.0264884 0.0240594 -0.183484
vn 0.62998 0.362353 -0.686896
v 0.0260863 0.0281279 -0.181865
vn 0.639241 0.353286 -0.683052
v 0.0334789 0.02623 -0.175928
vn 0.617122 0.359663 -0.699859
v 0.0673589 0.100413 -0.065846
vn 0.158621 0.895876 -0.415025
v 0.0482063 0.110956 -0.030965
vn 0.0533213 0.98249 -0.17852
v 0.0137305 0.0686321 -0.160804
vn 0.581427 0.634387 -0.509407
v 0.0110305 0.0601268 -0.173539
vn 0.645045 0.545578 -0.535034
v 0.0157768 -0.00616584 -0.203484
vn 0.660081 0.0763696 -0.747303
v 0.0249389 -0.00147847 -0.193654
vn 0.647633 0.176152 -0.741311
v 0.0353315 0.0530626 -0.155242
vn 0.517362 0.595765 -0.61433
v 0.0247199 0.0304268 -0.181693
vn 0.642404 0.39111 -0.659052
v 0.0504168 0.0724016 -0.122159
vn 0.398525 0.724014 -0.563011
v 0.0455063 0.0625037 -0.136778
vn 0.507516 0.628903 -0.588989
v 0.0400084 0.0844489 -0.109522
vn 0.448041 0.77347 -0.448334
v 0.0306705 0.0267847 -0.178161
vn 0.618637 0.392221 -0.680772
v 0.0570379 0.0915426 -0.088086
vn 0.215637 0.866131 -0.450908
v 0.0376052 0.115454 0.00123922
vn -0.12318 0.989113 -0.0805075
v 0.0376505 0.113494 -0.0137629
vn -0.0642194 0.993262 -0.0964653
v 0.0311168 0.0929752 -0.102487
vn 0.413481 0.839498 -0.352529
v 0.00571155 0.0558026 -0.183553
vn 0.669754 0.499576 -0.549412
v 0.00897365 0.0525689 -0.182919
vn 0.666248 0.487495 -0.564325
v 0.0386958 -0.00181846 -0.182428
vn 0.611786 0.192588 -0.767221
v 0.0357947 0.00726152 -0.182805
vn 0.617803 0.2368 -0.74983
v 0.0502305 0.0340268 -0.157767
vn 0.538475 0.455085 -0.709184
v 0.0483263 0.0310457 -0.161037
vn 0.551213 0.431266 -0.714265
v 0.0555747 0.0334131 -0.154013
vn 0.551222 0.431219 -0.714286
v 0.0703694 0.08155 -0.0965386
vn 0.245901 0.797353 -0.551145
v 0.0439337 0.0661973 -0.134369
vn 0.405616 0.703861 -0.583143
v 0.00856734 0.044951 -0.189557
vn 0.688881 0.42647 -0.586145
v 0.0704989 0.0879373 -0.0880587
vn 0.260179 0.810673 -0.524515
v 0.0448768 0.0132742 -0.172568
vn 0.590363 0.318647 -0.741576
v 0.0740968 0.108304 -0.0442292
vn 0.0330703 0.942939 -0.331318
v 0.0782842 0.110189 -0.0386366
vn 0.001044 0.947388 -0.320085
v 0.00941576 0.112824 -0.0490502
vn 0.343231 0.931205 -0.122675
v 0.0154168 0.0835005 -0.13783
vn 0.461344 0.784117 -0.415118
v -0.0109369 -0.0382974 -0.226133
vn 0.644578 -0.117228 -0.755498
v -0.0159242 -0.0295479 -0.23138
vn 0.638911 -0.0936489 -0.763559
v 0.0831242 0.0451742 -0.128512
vn 0.422143 0.533394 -0.732998
v 0.0340189 0.0337036 -0.171039
vn 0.57773 0.451425 -0.680032
v 0.037741 0.0340363 -0.167524
vn 0.606406 0.417825 -0.67653
v 0.0451673 0.0429626 -0.155328
vn 0.509035 0.541146 -0.669362
v 0.0430536 0.0379563 -0.160314
vn 0.550433 0.47763 -0.684758
v 0.0464378 0.0903889 -0.0952218
vn 0.236536 0.864991 -0.44254
v 0.0472042 0.0914036 -0.0930523
vn 0.131282 0.887732 -0.441245
v 0.00621154 0.0261657 -0.20258
vn 0.700483 0.294691 -0.649986
v 0.00127364 0.0278857 -0.207542
vn 0.708351 0.268468 -0.652813
v 0.0771873 0.103399 -0.0562239
vn 0.0673094 0.916226 -0.394968
v 0.0815189 0.105924 -0.049785
vn 0.0344475 0.922372 -0.384764
v 0.0505389 0.0961657 -0.0823787
vn 0.216013 0.886191 -0.409882
v 0.0496063 0.0883973 -0.098285
vn 0.147219 0.885342 -0.441018
v 0.0331189 0.072011 -0.136403
vn 0.474377 0.691327 -0.545008
v 0.000477856 0.0152205 -0.213302
vn 0.71728 0.214422 -0.662972
v -0.00341583 0.0245131 -0.213706
vn 0.693853 0.261572 -0.67093
v 0.0701547 0.0262699 -0.148596
vn 0.486142 0.416872 -0.768039
v 0.0738747 0.0215047 -0.148552
vn 0.499872 0.383165 -0.776732
v 0.0499736 0.0432142 -0.151289
vn 0.518645 0.516936 -0.681018
v 0.0425473 0.0342878 -0.163485
vn 0.498362 0.52648 -0.688806
v 0.0398968 0.0587089 -0.145792
vn 0.388123 0.68546 -0.616039
v 0.0173673 0.0370731 -0.185013
vn 0.663543 0.402306 -0.630762
v 0.05952 0.0785626 -0.107892
vn 0.314693 0.776473 -0.545946
v 0.036841 0.0229289 -0.174744
vn 0.606714 0.364518 -0.706417
v 0.0435747 0.028331 -0.166605
vn 0.596101 0.347463 -0.723832
v 0.0660084 0.101153 -0.0642639
vn 0.116223 0.914799 -0.386827
v 0.050501 0.114296 -0.0175355
vn -0.0669583 0.985115 -0.158317
v 0.0092126 0.0728121 -0.159816
vn 0.587744 0.647366 -0.485258
v 0.0137968 -0.0217226 -0.205565
vn 0.642624 0.0340867 -0.765423
v 0.0655715 0.0407921 -0.142347
vn 0.469439 0.511101 -0.720002
v 0.0382305 0.0289447 -0.170359
vn 0.62506 0.343689 -0.700841
v 0.0459136 0.0339458 -0.161007
vn 0.515352 0.495738 -0.699039
v 0.0133778 0.0278131 -0.19453
vn 0.678412 0.307966 -0.667019
v 0.0151747 0.0780826 -0.146447
vn 0.524393 0.686041 -0.504342
v 0.0644937 0.0354552 -0.146729
vn 0.480391 0.496598 -0.722921
v -0.0872895 0.131065 0.233619
vn -0.215243 0.915092 0.340994
v -0.0727295 0.139662 0.216398
vn -0.162255 0.944481 0.285707
v -0.0674632 0.148435 0.179638
vn -0.0727226 0.97792 0.195916
v -0.0436758 0.148496 0.176435
vn 0.0598995 0.994105 0.0903708
v -0.0332948 0.148677 0.162994
vn 0.0894681 0.995494 0.031424
v -0.0468495 0.150176 0.151876
vn 0.0738592 0.99687 0.0282012
v -0.00317795 0.125894 0.0654245
vn 0.222081 0.90389 -0.3656
v -0.0387306 0.136161 0.0714571
vn 0.176991 0.928593 -0.326174
v -0.013618 0.138047 0.0929992
vn 0.202176 0.942154 -0.267341
v -0.12029 0.148812 0.121547
vn -0.131181 0.99093 0.0291578
v -0.146053 0.141079 0.157263
vn -0.230147 0.960427 0.156884
v -0.126336 0.145712 0.156021
vn -0.180384 0.977804 0.106587
v -0.158912 0.112495 0.219305
vn -0.480739 0.705069 0.521314
v -0.170531 0.102132 0.22275
vn -0.355348 0.628411 0.691973
v -0.174875 0.0764194 0.237191
vn -0.716152 0.537587 0.445114
v -0.182148 0.0917689 0.226194
vn -0.521247 0.568524 0.636461
v -0.190839 0.0403437 0.255077
vn -0.558466 0.382355 0.736152
v -0.168588 0.0155647 0.281175
vn -0.638847 0.249919 0.727609
v -0.151594 0.052311 0.283574
vn -0.644716 0.360466 0.674096
v -0.146435 0.08455 0.264256
vn -0.542928 0.532244 0.649573
v -0.122738 0.111212 0.249541
vn -0.325693 0.783253 0.529565
v -0.125496 0.0890952 0.275059
vn -0.412895 0.677605 0.60858
v -0.122927 0.0914415 0.2743
vn -0.446069 0.677587 0.58472
v -0.120359 0.0937878 0.27354
vn -0.383478 0.730616 0.564929
v -0.0530979 0.148963 0.117679
vn 0.103563 0.987555 -0.118361
v -0.0403611 0.147863 0.120008
vn 0.134363 0.982866 -0.126175
v -0.0576716 0.146407 0.098755
vn 0.105554 0.974369 -0.198655
v -0.143197 0.115445 0.227749
vn -0.415794 0.749819 0.514672
v -0.170688 0.0596362 0.263651
vn -0.574792 0.428734 0.696995
v -0.143702 0.111672 0.233199
vn -0.472255 0.744642 0.471681
v -0.144206 0.107899 0.23865
vn -0.497515 0.653346 0.570629
v -0.0972927 0.141299 0.199832
vn -0.154148 0.938295 0.309583
v -0.0991158 0.132564 0.223931
vn -0.193507 0.903161 0.383216
v -0.0796779 0.148319 0.176928
vn -0.0687809 0.981109 0.180818
v -0.0695885 0.148967 0.108315
vn 0.0346121 0.992216 -0.119618
v -0.0868179 0.149233 0.106008
vn -0.0024196 0.992396 -0.12306
v -0.084499 0.150655 0.12006
vn -0.0211919 0.998723 -0.0458591
v -0.0858264 0.150688 0.152925
vn -0.0756241 0.993618 0.08369
v -0.0919085 0.148997 0.165987
vn -0.161274 0.981643 0.101826
v -0.0726664 0.151294 0.136453
vn -0.00540311 0.999947 -0.00880853
v -0.057 0.150849 0.147003
vn 0.00241914 0.99858 0.0532222
v -0.0651264 0.150828 0.156155
vn -0.0228244 0.996698 0.0779257
v -0.0215285 0.147339 0.160758
vn 0.141315 0.989963 0.00159544
v -0.0286769 0.148294 0.14706
vn 0.137031 0.989226 -0.0515206
v -0.0274116 0.148009 0.161876
vn 0.118578 0.992485 0.0302133
v -0.0603348 0.137474 0.0660834
vn 0.119914 0.934031 -0.336463
v -0.0630464 0.142358 0.0798876
vn 0.102889 0.9562 -0.274036
v -0.122634 0.143258 0.173471
vn -0.17627 0.972458 0.152491
v -0.104895 0.149793 0.14592
vn -0.101971 0.992606 0.0658419
v -0.192493 -0.0133121 0.258227
vn -0.58184 -0.0152875 0.81316
v -0.189819 -0.00337634 0.261659
vn -0.670337 -0.0746988 0.738288
v -0.191665 0.0135163 0.256652
vn -0.654896 0.0643814 0.752971
v -0.187145 0.00655837 0.265092
vn -0.518743 0.15986 0.839852
v -0.125585 0.11933 0.234368
vn -0.434301 0.744326 0.507308
v -0.139591 0.107052 0.243426
vn -0.518447 0.713431 0.471412
v -0.116744 0.0857899 0.284229
vn -0.425382 0.677288 0.600275
v -0.113931 0.104597 0.264618
vn -0.32376 0.787352 0.524648
v -0.118552 0.0897889 0.278884
vn -0.372825 0.678037 0.633456
v -0.0808916 0.146553 0.0912919
vn 0.0459698 0.977115 -0.207687
v -0.116236 0.136596 0.202401
vn -0.343508 0.904955 0.251116
v -0.130221 0.122248 0.220526
vn -0.410315 0.842088 0.350043
v -0.063919 0.151039 0.136087
vn 0.0318936 0.999399 0.0135994
v -0.0844874 0.15125 0.140119
vn -0.0184984 0.998503 0.051482
v -0.0595243 0.148971 0.113337
vn 0.0451452 0.995786 -0.0798218
v -0.0614569 0.144843 0.199962
vn -0.164881 0.959166 0.229816
v -0.0670937 0.142252 0.20818
vn -0.0598178 0.963064 0.262543
v -0.0688727 0.137171 0.220991
vn -0.0959854 0.945526 0.311075
v -0.0762874 0.1295 0.242019
vn -0.20867 0.9279 0.308963
v -0.0509064 0.14742 0.186774
vn 0.0224587 0.989702 0.141374
v -0.0401779 0.146148 0.192711
vn 0.040314 0.987069 0.155147
v 0.00025575 0.117204 0.0500361
vn 0.244813 0.860071 -0.447598
v 0.0200242 0.118693 0.0641308
vn 0.256332 0.877689 -0.404915
v -0.15923 0.13738 0.156672
vn -0.329981 0.921898 0.203019
v -0.161626 0.129813 0.180209
vn -0.344304 0.906205 0.245455
v -0.198366 0.0687921 0.232047
vn -0.462552 0.596118 0.656269
v -0.171177 0.117985 0.197767
vn -0.457226 0.695522 0.55425
v -0.136667 0.0760362 0.27914
vn -0.67819 0.443921 0.585655
v -0.144131 0.0641731 0.281357
vn -0.60727 0.497772 0.61923
v -0.145152 0.0498552 0.2858
vn -0.569718 0.371164 0.733252
v -0.153636 0.0236742 0.292461
vn -0.721318 0.295511 0.626398
v -0.126271 0.07055 0.290916
vn -0.511024 0.558927 0.653035
v -0.125883 0.0798226 0.282988
vn -0.470166 0.584823 0.661004
v -0.127948 0.07785 0.283509
vn -0.504088 0.555331 0.66144
v -0.127561 0.0871226 0.27558
vn -0.449888 0.636392 0.626583
v -0.129625 0.08515 0.276101
vn -0.499565 0.591682 0.63273
v -0.0190443 0.144731 0.120981
vn 0.173691 0.97456 -0.141646
v -0.177878 -0.0129332 0.271996
vn -0.650252 0.108065 0.751993
v -0.178917 0.0330973 0.264371
vn -0.669203 0.226693 0.707657
v -0.101702 0.117086 0.25343
vn -0.272086 0.849962 0.451147
v -0.102419 0.148013 0.0980213
vn -0.0313269 0.990508 -0.133839
v -0.0989832 0.145006 0.184229
vn -0.160669 0.96227 0.219593
v -0.100562 0.107339 0.26894
vn -0.296915 0.814029 0.499197
v -0.0525611 0.150209 0.132525
vn 0.0927472 0.994199 -0.0544564
v -0.0530348 0.150424 0.137762
vn 0.0698154 0.996961 -0.0345696
v -0.0535074 0.150638 0.142999
vn 0.0508501 0.9987 0.00344123
v -0.000827423 0.139686 0.113121
vn 0.214907 0.962475 -0.165704
v -0.114175 0.148213 0.103547
vn -0.111511 0.986205 -0.122334
v -0.146082 0.122074 0.210962
vn -0.222127 0.792322 0.56823
v -0.142524 0.12673 0.19959
vn -0.288928 0.873937 0.390838
v -0.133253 0.131654 0.20262
vn -0.292796 0.871155 0.394157
v -0.126137 0.140965 0.179874
vn -0.271849 0.908594 0.317104
v -0.173233 0.00131524 0.276586
vn -0.856672 0.117462 0.50231
v -0.171048 -0.00679532 0.276369
vn -0.694618 -0.0773111 0.715212
v -0.175694 -0.0210448 0.271779
vn -0.616853 -0.18658 0.764644
v -0.173508 -0.0291564 0.271562
vn -0.749282 -0.107469 0.653473
v -0.115472 0.12999 0.219914
vn -0.191841 0.903514 0.383222
v -0.119139 0.125699 0.226229
vn -0.236252 0.862032 0.448426
v -0.122806 0.12141 0.232543
vn -0.299047 0.840047 0.452649
v -0.0584979 0.148732 0.112183
vn 0.0977878 0.984502 -0.145578
v -0.0555295 0.14947 0.122354
vn 0.0837952 0.991803 -0.0964668
v -0.107367 0.144344 0.18142
vn -0.154228 0.942583 0.296227
v -0.138225 0.123549 0.215185
vn -0.471084 0.814385 0.338906
v -0.0981379 0.143152 0.19203
vn -0.137973 0.960159 0.243019
v -0.0645569 0.148969 0.110826
vn 0.0588851 0.991169 -0.118814
v -0.0640432 0.14885 0.11025
vn 0.0724161 0.98637 -0.147749
v -0.0590106 0.148851 0.11276
vn 0.081728 0.987921 -0.131656
v -0.0851569 0.150969 0.146522
vn -0.10706 0.993724 0.0324229
v -0.0879969 0.12533 0.244844
vn -0.123183 0.886851 0.445332
v -0.0887043 0.119595 0.256069
vn -0.260822 0.892807 0.367244
v -0.0521927 0.149948 0.164562
vn 0.0480718 0.995955 0.0759175
v 0.00997576 0.130088 0.085775
vn 0.236376 0.918355 -0.317413
v -0.136805 0.146352 0.129682
vn -0.176514 0.981547 0.0735353
v -0.165597 0.111479 0.20789
vn -0.408609 0.781298 0.471819
v -0.153978 0.121843 0.204446
vn -0.40855 0.827592 0.384938
v -0.149045 0.131189 0.189586
vn -0.352273 0.812855 0.463865
v -0.165334 -0.00266479 0.284558
vn -0.705811 0.114667 0.699058
v -0.126188 0.0970352 0.265287
vn -0.344229 0.716599 0.606623
v -0.12688 0.104976 0.255514
vn -0.375863 0.738221 0.56014
v -0.0428821 0.149784 0.142403
vn 0.107633 0.993233 -0.0436304
v -0.172016 0.0792342 0.248015
vn -0.595686 0.586339 0.548967
v -0.115215 0.117962 0.243747
vn -0.256571 0.849276 0.461411
v -0.0683169 0.148113 0.103287
vn 0.0638614 0.983152 -0.171274
v -0.0996127 0.145244 0.173693
vn -0.113821 0.976954 0.180571
v -0.113399 0.139798 0.19446
vn -0.320227 0.905074 0.279814
v -0.0559548 0.150232 0.13464
vn -0.0648619 0.996364 -0.0552419
v -0.0549085 0.149614 0.122277
vn 0.0835035 0.996194 -0.0249751
v -0.0123906 0.145736 0.145935
vn 0.184449 0.979986 -0.074875
v -0.0761316 0.140902 0.0730034
vn 0.0640539 0.944683 -0.321669
v -0.0919285 0.144329 0.0799234
vn 0.0200287 0.967962 -0.250298
v -0.102813 0.147355 0.169276
vn -0.114155 0.974784 0.191743
v -0.182538 -0.0242016 0.259443
vn -0.351658 -0.219771 0.909966
v -0.185212 -0.0341364 0.256011
vn -0.351644 -0.219771 0.909971
v -0.177931 -0.0549606 0.253795
vn -0.630687 -0.237167 0.738909
v -0.121688 0.126752 0.221188
vn -0.510209 0.805101 0.302488
v -0.117791 0.134173 0.208009
vn -0.36761 0.870754 0.326574
v -0.111636 0.0928531 0.28021
vn -0.364665 0.740857 0.564048
v -0.117014 0.135385 0.205204
vn -0.544509 0.814332 0.200929
v -0.0572169 0.149292 0.117807
vn 0.0314914 0.995632 -0.0878893
v -0.0592274 0.149364 0.173043
vn -0.0748169 0.984796 0.156778
v -0.0308064 0.147549 0.176414
vn 0.0793445 0.991361 0.104441
v -0.0296148 0.127878 0.0560382
vn 0.200942 0.892786 -0.403181
v -0.142283 0.137415 0.177184
vn -0.26253 0.941362 0.211932
v -0.198998 0.0293194 0.25088
vn -0.553793 0.337278 0.761286
v -0.132074 0.0997974 0.258479
vn -0.538221 0.607653 0.584018
v -0.123563 0.0837205 0.281434
vn -0.463297 0.603267 0.649172
v -0.123951 0.0744479 0.289362
vn -0.524493 0.565859 0.636169
v -0.12163 0.0783458 0.287808
vn -0.468823 0.607262 0.641434
v -0.0386674 0.142943 0.0939708
vn 0.153281 0.962054 -0.225737
v -0.163431 0.0565036 0.271639
vn -0.633762 0.396194 0.664362
v -0.0822432 0.14286 0.201743
vn -0.11216 0.951299 0.28714
v -0.106496 0.150076 0.123213
vn -0.0793275 0.996692 -0.017642
v -0.0796579 0.150442 0.159443
vn -0.032022 0.991158 0.128763
v -0.0648179 0.149664 0.116738
vn 0.0831585 0.993851 -0.0731072
v -0.0701116 0.150357 0.12014
vn 0.0318743 0.998336 -0.0480479
v -0.0779685 0.150523 0.136533
vn -0.0555708 0.99778 -0.0366967
v -0.128802 0.123849 0.216555
vn -0.332658 0.859345 0.388414
v -0.0320506 0.148113 0.169704
vn 0.0944554 0.993338 0.0660109
v -0.0261674 0.147445 0.168586
vn 0.124054 0.990442 0.0602869
v -0.0449748 0.132676 0.0610603
vn 0.153475 0.905496 -0.395629
v -0.120995 0.0860668 0.280674
vn -0.435651 0.629909 0.642979
v -0.119186 0.0820679 0.286018
vn -0.48144 0.615817 0.623686
v -0.0635074 0.137038 0.227218
vn -0.263746 0.932399 0.247123
v -0.0624822 0.14094 0.21359
vn -0.263764 0.932395 0.247119
v -0.0502411 0.145179 0.198092
vn 0.00917531 0.981016 0.193711
v -0.0495769 0.142938 0.20941
vn 0.00917666 0.981015 0.193713
v 0.0247073 0.112792 0.0560434
vn 0.266252 0.84555 -0.462769
v 0.0293915 0.106891 0.0479561
vn 0.26625 0.845556 -0.462758
v -0.180519 0.120454 0.18233
vn -0.408886 0.8801 0.241323
v -0.192119 0.101472 0.203761
vn -0.319724 0.654292 0.685331
v -0.138768 0.0489078 0.295261
vn -0.74843 0.380694 0.543069
v -0.130136 0.07379 0.284812
vn -0.574753 0.514027 0.636738
v -0.130645 0.0624299 0.293522
vn -0.574736 0.514023 0.636756
v -0.128458 0.06649 0.292219
vn -0.574736 0.514023 0.636756
v -0.108387 0.139589 0.196118
vn -0.0873382 0.930801 0.354938
v -0.0946337 0.113467 0.262505
vn -0.420747 0.818317 0.391572
v -0.0528506 0.150293 0.153781
vn 0.029046 0.999121 0.0302247
v 0.0045747 0.134887 0.0994487
vn 0.246026 0.940837 -0.233017
v -0.137592 0.136077 0.18473
vn -0.159944 0.858635 0.486995
v -0.124843 0.113193 0.244029
vn -0.478784 0.751986 0.453081
v -0.17958 0.0428963 0.256553
vn -0.470379 0.293475 0.832236
v -0.114817 0.138197 0.198431
vn -0.333417 0.909662 0.247683
v -0.160112 0.124587 0.193676
vn -0.226118 0.758031 0.611768
v -0.128253 0.0950626 0.265808
vn -0.487104 0.660622 0.571234
v -0.0542085 0.150126 0.132638
vn -0.0532737 0.997533 -0.0457205
v -0.0537348 0.149911 0.127401
vn 0.0566807 0.995875 -0.0708537
v -0.175719 -0.0420584 0.262679
vn -0.809546 -0.232459 0.539071
v -0.0567032 0.149173 0.117231
vn 0.894988 0.285007 -0.343172
v -0.114294 0.0739373 -0.0391818
vn -0.65415 0.754511 0.0529215
v -0.0932716 0.0897468 -0.0129397
vn -0.578129 0.815034 0.0385433
v -0.12093 0.0679226 -0.0529776
vn -0.608884 0.789149 -0.0806397
v -0.0664663 0.103983 0.00570766
vn -0.431596 0.898103 0.0844699
v -0.0673737 0.104491 -0.00443655
vn 0.937771 -0.332391 -0.100511
v -0.0670232 0.103759 0.00526448
vn -0.42735 0.900242 0.0832832
v -0.0682811 0.104998 -0.0145797
vn -0.507698 0.858951 0.0666708
v -0.0679306 0.104267 -0.00487973
vn -0.486904 0.869492 0.0831211
v -0.0675811 0.103536 0.00482134
vn -0.480654 0.873805 0.0737314
v -0.150188 0.0561026 -0.101481
vn -0.653478 0.722224 0.226624
v -0.135172 0.0522573 -0.0825934
vn -0.781056 0.26757 0.564233
v -0.117158 0.0721573 -0.0658608
vn -0.673771 0.724994 0.142887
v -0.147699 0.0467015 -0.0583944
vn -0.782945 0.609315 0.125429
v -0.0708906 0.105242 -0.0337176
vn -0.47788 0.875977 0.0655348
v -0.068679 0.104612 -0.014005
vn -0.450086 0.889491 0.0789195
v -0.160111 0.0463331 -0.112791
vn -0.835849 0.327118 0.440853
v -0.147641 0.0492952 -0.0976923
vn -0.775395 0.0596954 0.628649
v -0.216808 -0.0898922 -0.180616
vn -0.983692 0.0247968 0.178141
v -0.215285 -0.104071 -0.1759
vn -0.975725 -0.0327642 0.216534
v -0.215394 -0.0849427 -0.173492
vn -0.983695 0.024797 0.178126
v -0.213763 -0.11825 -0.171183
vn -0.990003 0.0167541 0.140046
v -0.213871 -0.0991216 -0.168776
vn -0.978385 -0.0312423 0.204416
v -0.213979 -0.0799942 -0.166368
vn -0.974034 0.107397 0.199308
v -0.130852 0.0564552 -0.0317071
vn -0.747082 0.649211 0.142807
v -0.0974558 0.0791815 0.0746656
vn -0.584002 0.80512 0.103557
v -0.0743548 0.0903195 0.0922371
vn -0.401032 0.906197 0.134092
v -0.0928137 0.0822931 0.0734403
vn -0.535961 0.83845 0.0987269
v -0.0881716 0.0854047 0.0722161
vn -0.509131 0.855187 0.0971596
v -0.0294127 0.122951 -0.0534397
vn -0.240588 0.966036 0.0942995
v -0.050939 0.119583 -0.0979797
vn -0.356957 0.931651 0.0678793
v -0.044819 0.118045 -0.0489186
vn -0.31805 0.94386 0.0892914
v -0.0755706 0.103782 -0.0496166
vn -0.523012 0.850251 0.0594315
v -0.178668 0.0548415 -0.187644
vn -0.400416 0.880321 0.254367
v -0.184256 0.0472026 -0.191031
vn -0.827208 0.465392 0.314862
v -0.167575 0.0585405 -0.163965
vn -0.367388 0.929012 0.0443061
v -0.189842 0.0395637 -0.194418
vn -0.818196 0.497435 0.288294
v -0.178708 0.0490521 -0.179191
vn -0.818195 0.497436 0.288294
v -0.132577 0.0554016 -0.0756808
vn -0.66376 0.747374 0.0292389
v -0.128512 0.0600436 -0.0665597
vn -0.627119 0.776494 -0.0614816
v -0.119742 0.0681542 -0.0605387
vn -0.73018 0.681788 0.0447402
v -0.106907 0.0809058 -0.0453976
vn -0.679312 0.731586 0.0575878
v -0.0720706 0.0951321 0.0625498
vn -0.420659 0.900421 0.110846
v -0.0690411 0.100233 0.0302476
vn -0.432647 0.896388 0.0964624
v -0.0753643 0.0962257 0.0371066
vn -0.454543 0.885303 0.0981293
v -0.0816874 0.0922194 0.0439666
vn -0.510164 0.855579 0.0878508
v -0.164715 0.0494816 -0.136618
vn -0.441815 0.896918 -0.0183766
v -0.130088 0.0585994 -0.125663
vn -0.497761 0.862177 0.0942604
v -0.178619 0.0435531 -0.168737
vn -0.662457 0.682226 0.309385
v -0.208184 -0.0722911 -0.13665
vn -0.976546 0.15047 0.154001
v -0.197304 -0.0420227 -0.116161
vn -0.957997 0.253239 0.134582
v -0.202093 -0.0478406 -0.13093
vn -0.961737 0.194449 0.193007
v -0.186425 -0.0117542 -0.0956723
vn -0.903481 0.400581 0.1525
v -0.196001 -0.023389 -0.125211
vn -0.930133 0.323762 0.173296
v -0.0687632 0.108323 -0.0598187
vn -0.455455 0.887926 0.0644027
v -0.0581558 0.110713 -0.0256082
vn -0.378316 0.921772 0.0849322
v -0.0617295 0.113516 -0.0824302
vn -0.422289 0.904036 0.0662613
v -0.191176 0.02187 -0.173133
vn -0.88005 0.37825 0.287123
v -0.183505 0.0281415 -0.158208
vn -0.871058 0.405405 0.277318
v -0.190224 0.0244668 -0.173941
vn -0.87081 0.405483 0.277981
v -0.175835 0.0344131 -0.143284
vn -0.851866 0.456652 0.2565
v -0.182554 0.0307384 -0.159015
vn -0.85662 0.444452 0.26204
v -0.189274 0.0270626 -0.174748
vn -0.864596 0.418324 0.27835
v -0.215092 -0.0329974 -0.19564
vn -0.930373 0.228811 0.286447
v -0.216183 -0.0471763 -0.192143
vn -0.936089 0.150459 0.31796
v -0.209683 -0.0232574 -0.184326
vn -0.940201 0.225439 0.255342
v -0.217274 -0.0613553 -0.188646
vn -0.957084 0.187955 0.220596
v -0.210775 -0.0374364 -0.180829
vn -0.954526 0.182249 0.235934
v -0.204276 -0.0135174 -0.173011
vn -0.932219 0.246977 0.264519
v -0.162133 0.0162299 -0.0159344
vn -0.881006 0.470238 0.0520099
v -0.148637 0.0381405 -0.0237481
vn -0.790647 0.612269 -0.00192771
v -0.170586 0.00335415 -0.0338829
vn -0.888877 0.447649 0.0975043
v -0.179039 -0.00952057 -0.0518323
vn -0.913927 0.400327 0.0668992
v -0.141684 0.0408036 0.035574
vn -0.787914 0.612891 0.0596314
v -0.130959 0.0517068 0.0455403
vn -0.742478 0.666175 0.0702646
v -0.13821 0.0453868 0.0288498
vn -0.757192 0.651088 0.0523844
v -0.120233 0.062611 0.0555066
vn -0.683352 0.728875 0.0420738
v -0.134734 0.0499689 0.0221245
vn -0.727877 0.683395 0.0562748
v 0.00756206 0.112585 0.0234245
vn 0.206865 0.959769 0.189871
v -0.00971793 0.120426 -0.0125871
vn -0.0337119 0.988718 0.145943
v -0.0094232 0.116202 0.0131824
vn 0.00470211 0.986824 0.16173
v -0.00912847 0.111976 0.0389519
vn -0.00877927 0.986222 0.165195
v -0.0903916 0.0973331 -0.121061
vn -0.602092 0.798003 0.0260241
v -0.0829758 0.101215 -0.0851597
vn -0.56528 0.823939 0.0397944
v -0.0822937 0.102926 -0.112967
vn -0.558677 0.828669 0.0344611
v -0.144971 0.06753 -0.178923
vn 0.101646 0.933884 -0.342826
v -0.166406 0.0691615 -0.180833
vn -0.547836 0.488393 0.679226
v -0.1398 0.0733415 -0.161559
vn -0.230546 0.966988 0.10855
v -0.113193 0.0775215 -0.142284
vn -0.376194 0.924057 -0.0677973
v -0.123535 0.0658984 -0.177011
vn -0.116824 0.952695 -0.28058
v -0.0847737 0.0959584 -0.0192818
vn -0.554227 0.829891 0.064132
v -0.0769074 0.0987426 0.00431398
vn -0.519195 0.852207 0.0646429
v -0.0722443 0.101139 0.00456764
vn -0.458895 0.886387 0.0610927
v -0.0857242 0.0922374 0.0189171
vn -0.557319 0.827347 0.0699459
v -0.103658 0.0849752 -0.0749545
vn -0.655479 0.754885 0.0222412
v -0.100554 0.0868952 -0.0615134
vn -0.647221 0.76121 0.0408007
v -0.0914769 0.0924847 -0.0513334
vn -0.577209 0.815695 0.0383653
v -0.0974485 0.0888142 -0.0480713
vn -0.636416 0.77095 0.0247249
v -0.0883716 0.0944036 -0.0378924
vn -0.539294 0.841913 0.0185683
v -0.0792958 0.0999931 -0.0277134
vn -0.536997 0.84178 0.0551471
v -0.170936 0.0243931 -0.102204
vn -0.794155 0.596672 0.11533
v -0.151757 0.0398973 -0.0889418
vn -0.664515 0.741287 0.0944078
v -0.186797 0.0333458 -0.176632
vn -0.842286 0.463941 0.274431
v -0.187661 0.00912683 -0.140964
vn -0.908449 0.347412 0.232432
v -0.193352 -0.00545849 -0.142552
vn -0.922942 0.340483 0.179582
v -0.179914 0.0180131 -0.127269
vn -0.885462 0.395144 0.244578
v -0.199041 -0.0200447 -0.144141
vn -0.93636 0.277551 0.214931
v -0.185603 0.00342681 -0.128858
vn -0.901481 0.353447 0.249814
v -0.172165 0.0268984 -0.113573
vn -0.781908 0.583787 0.21866
v -0.199206 -0.0506037 -0.102399
vn -0.958794 0.266486 0.0984872
v -0.192816 -0.0311795 -0.0990355
vn -0.951251 0.303015 0.0574706
v -0.203696 -0.061448 -0.119524
vn -0.970762 0.205241 0.124487
v -0.123178 0.0631163 0.00475609
vn -0.684684 0.727021 0.0514649
v -0.100181 0.0809289 0.0358529
vn -0.604857 0.793578 0.0661895
v -0.107413 0.0780036 -0.00120287
vn -0.649249 0.758887 0.0506673
v -0.046059 0.110549 0.0173171
vn -0.274631 0.954753 0.114124
v -0.0558421 0.101298 0.0651224
vn -0.305394 0.942782 0.133776
v -0.0360822 0.10729 0.0579424
vn -0.144974 0.97835 0.147697
v -0.0708779 0.109752 -0.103122
vn -0.496437 0.866697 0.0488531
v -0.0975264 0.0907331 -0.0921208
vn -0.674278 0.738052 0.02509
v -0.105567 0.0837416 -0.101034
vn -0.654668 0.755913 -0.00237384
v -0.0876137 0.0966057 -0.0582155
vn -0.597727 0.800595 0.0420873
v -0.113607 0.0767499 -0.109948
vn -0.537542 0.84172 0.0505548
v -0.102178 0.0848605 -0.0467345
vn -0.633181 0.772672 0.045399
v -0.116873 0.0717879 -0.100309
vn -0.717961 0.695976 0.0122104
v -0.184988 0.00217417 -0.123172
vn -0.902401 0.381268 0.200767
v -0.183468 0.000501538 -0.113707
vn -0.903069 0.36382 0.228258
v -0.197521 -0.0217164 -0.134677
vn -0.943068 0.266791 0.198608
v -0.0604032 0.104327 0.0274476
vn -0.366853 0.924551 0.103074
v -0.192587 0.02895 -0.187519
vn -0.863562 0.409678 0.293981
v -0.188035 0.0302047 -0.17569
vn -0.860797 0.423846 0.281751
v -0.198379 0.0245541 -0.198404
vn -0.870298 0.393307 0.296464
v -0.193826 0.0258089 -0.186575
vn -0.871398 0.392917 0.293737
v -0.183499 0.0185257 -0.142118
vn -0.880941 0.417461 0.222865
v -0.195968 -0.00219529 -0.156988
vn -0.919365 0.271123 0.285063
v -0.179337 0.0279247 -0.143271
vn -0.888499 0.379454 0.258039
v -0.191806 0.00720367 -0.158142
vn -0.898339 0.362133 0.248689
v -0.200795 -0.06421 -0.0940323
vn -0.966465 0.224453 0.124768
v -0.189123 -0.0300627 -0.0771155
vn -0.931352 0.354415 0.0835039
v -0.189917 -0.0368658 -0.0729324
vn -0.945845 0.314641 0.0798593
v -0.140321 0.0471131 -0.0116334
vn -0.730944 0.68005 0.0570328
v -0.0227106 0.10488 0.0794813
vn -0.031839 0.984439 0.172815
v -0.0939179 0.0935079 -0.0914629
vn -0.611532 0.791021 0.0177416
v -0.105359 0.0841268 -0.117202
vn -0.725 0.687251 0.045409
v -0.0903095 0.0962826 -0.090805
vn -0.653207 0.756327 0.0359116
v -0.101752 0.0869015 -0.116544
vn -0.666691 0.744919 0.0248699
v -0.109833 0.0774047 -0.0422629
vn -0.632554 0.773945 -0.0297589
v -0.0987358 0.0868857 -0.0315481
vn -0.63085 0.774297 0.0499191
v -0.0677537 0.102108 0.0179771
vn -0.407523 0.908134 0.0960121
v -0.07188 0.0995963 0.0231571
vn -0.467116 0.87971 0.0889514
v -0.0691727 0.10179 0.0144329
vn -0.430875 0.897712 0.0919819
v -0.121364 0.0684195 -0.0912187
vn -0.452528 0.888667 -0.074095
v -0.164506 0.02977 -0.0865155
vn -0.816451 0.568072 0.10345
v -0.0680895 0.105589 -0.0212734
vn -0.437168 0.89638 0.0734019
v -0.0652874 0.105936 -0.00883023
vn -0.417291 0.905027 0.0824282
v -0.167973 0.0403731 -0.128038
vn -0.839008 0.487251 0.24218
v -0.173263 0.0375436 -0.140673
vn -0.839231 0.486033 0.24385
v -0.165401 0.0435037 -0.125427
vn -0.810924 0.543052 0.217938
v -0.170692 0.0406752 -0.138064
vn -0.823547 0.513397 0.241233
v -0.166252 0.0184668 -0.059665
vn -0.843636 0.533288 0.0623078
v -0.108844 0.0708963 0.0650856
vn -0.643256 0.75781 0.109298
v -0.107751 0.0737005 0.0520792
vn -0.652558 0.755358 0.0600159
v -0.0195653 0.121689 -0.0330134
vn -0.109735 0.987409 0.113937
v -0.0290316 0.117373 -0.00472918
vn -0.156889 0.978787 0.131763
v -0.0789421 0.103383 -0.0779924
vn -0.5341 0.844208 0.0452778
v -0.0749074 0.105551 -0.070826
vn -0.513418 0.856633 0.050811
v -0.172538 0.0620015 -0.184239
vn -0.566298 0.0955749 0.818641
v -0.126781 0.0623878 -0.152631
vn -0.446345 0.88405 0.138682
v -0.133874 0.0538299 -0.0791366
vn -0.527267 0.830444 -0.179869
v -0.210974 -0.0952711 -0.153917
vn -0.990265 0.0163521 0.138228
v -0.211081 -0.0761427 -0.151509
vn -0.980909 0.104054 0.164287
v -0.205821 0.00898786 -0.202302
vn -0.89338 0.333165 0.301452
v -0.198498 0.0154289 -0.187718
vn -0.893421 0.333017 0.301495
v -0.204032 0.012911 -0.201334
vn -0.893399 0.33313 0.301435
v -0.19671 0.019352 -0.18675
vn -0.884251 0.364545 0.291902
v -0.202242 0.0168331 -0.200367
vn -0.883265 0.364642 0.294752
v -0.210276 -0.00518581 -0.201939
vn -0.914486 0.233212 0.330648
v -0.212683 -0.0190911 -0.198789
vn -0.914498 0.233242 0.330593
v -0.202902 0.00321204 -0.187468
vn -0.914496 0.233248 0.330596
v -0.205311 -0.0106932 -0.184319
vn -0.924769 0.268875 0.269273
v -0.19553 0.01161 -0.172999
vn -0.915346 0.283679 0.285775
v -0.174073 -0.00739953 -0.00797023
vn -0.891288 0.45335 0.00896715
v -0.168103 0.00441524 -0.0119524
vn -0.891281 0.453363 0.00895577
v -0.188786 -0.0354584 -0.0518671
vn -0.917836 0.391656 0.0646748
v -0.17546 -0.00961425 -0.0339008
vn -0.908045 0.410577 0.0829512
v -0.161054 0.0143815 0.015855
vn -0.828627 0.55545 0.0696573
v -0.15137 0.027592 0.025715
vn -0.828636 0.555434 0.0696815
v -0.155994 0.02279 0.00899818
vn -0.828648 0.555415 0.0696895
v -0.14631 0.0360016 0.0188571
vn -0.803504 0.593028 0.0519425
v -0.150935 0.0311994 0.00214029
vn -0.796973 0.600819 0.0620493
v 0.0221947 0.100211 0.0536108
vn 0.336493 0.917304 0.212899
v 0.000815751 0.104612 0.0684382
vn 0.262821 0.94199 0.208756
v -0.0977042 0.0921847 -0.157165
vn -0.625261 0.780264 0.0153731
v -0.0940474 0.0947594 -0.139113
vn -0.625255 0.780269 0.0153754
v -0.0919664 0.0966342 -0.149624
vn -0.625216 0.7803 0.0153739
v -0.0862285 0.101083 -0.142082
vn -0.592605 0.805167 0.0228933
v -0.111686 0.0790837 -0.168653
vn -0.756364 0.652772 0.0424426
v -0.117611 0.072491 -0.172832
vn -0.756333 0.652812 0.0423975
v -0.106448 0.0838857 -0.149166
vn -0.75631 0.65284 0.0423838
v -0.112374 0.0772931 -0.153345
vn -0.724961 0.688713 0.0103141
v -0.101212 0.0886879 -0.129679
vn -0.715669 0.69809 0.022085
v -0.171551 0.0256457 -0.107888
vn -0.83845 0.506087 0.202181
v -0.196311 0.0283468 -0.19741
vn -0.867868 0.393981 0.302629
v -0.190519 0.0327436 -0.186525
vn -0.852811 0.43115 0.294658
v -0.194242 0.0321405 -0.196418
vn -0.850653 0.436134 0.293558
v -0.170727 0.0356184 -0.128046
vn -0.865109 0.41726 0.278354
v -0.17489 0.0262194 -0.126892
vn -0.860056 0.458622 0.223539
v -0.162118 0.043311 -0.112821
vn -0.826011 0.452548 0.336014
v -0.209286 -0.0922395 -0.134027
vn -0.986645 0.111873 0.118388
v -0.133584 0.0539015 -0.0185618
vn -0.695703 0.717829 0.0268068
v -0.126847 0.0606889 -0.0254892
vn -0.691724 0.721258 0.0361114
v -0.0353432 0.102596 0.0833529
vn -0.12007 0.975621 0.183704
v -0.0479758 0.100313 0.0872245
vn -0.252889 0.955151 0.154058
v -0.0745169 0.10863 -0.127109
vn -0.544672 0.838219 0.0268588
v -0.0726969 0.109191 -0.115116
vn -0.496652 0.867253 0.0347665
v -0.0686127 0.111715 -0.119738
vn -0.496626 0.867268 0.0347634
v -0.0667937 0.112276 -0.107744
vn -0.487172 0.872107 0.0457453
v -0.0627085 0.1148 -0.112366
vn -0.450579 0.891287 0.0508577
v -0.08478 0.0990131 -0.0715702
vn -0.615747 0.785214 0.0655291
v -0.0883885 0.0962384 -0.0722281
vn -0.571286 0.819984 0.0354789
v -0.0792506 0.101745 -0.0523355
vn -0.565345 0.822897 0.0567923
v -0.0878211 0.0928142 -0.0136165
vn -0.556742 0.828132 0.0650786
v -0.0743937 0.0991699 0.0137361
vn -0.478704 0.873542 0.0881333
v -0.0788021 0.0959173 0.0210371
vn -0.487308 0.869343 0.0823046
v -0.0671643 0.103085 0.0107087
vn -0.397824 0.912534 0.0949648
v -0.178744 0.0370099 -0.157348
vn -0.836376 0.484033 0.257268
v -0.205524 -0.0354626 -0.157503
vn -0.953012 0.222972 0.205065
v -0.199834 -0.0208763 -0.155914
vn -0.938521 0.280452 0.201307
v -0.212006 -0.0508806 -0.170865
vn -0.947386 0.206277 0.244765
v -0.103965 0.0773152 0.0439666
vn -0.627541 0.776758 0.0532821
v -0.0728927 0.107652 -0.0869734
vn -0.520572 0.85258 0.0459536
v -0.0960042 0.0883162 -0.0222439
vn -0.656214 0.750605 0.0773009
v -0.0697306 0.101566 0.0139898
vn -0.459025 0.88459 0.0824423
v -0.212993 -0.0654374 -0.168617
vn -0.958608 0.105783 0.264348
v -0.206511 -0.0500195 -0.155254
vn -0.957732 0.146947 0.247298
v -0.0941758 0.0831668 0.054034
vn -0.55981 0.824412 0.0834143
v -0.148832 0.05857 -0.144814
vn -0.705669 0.159337 0.690394
v -0.20499 -0.0516911 -0.14579
vn -0.968441 0.192206 0.158678
v -0.195758 0.0219479 -0.187558
vn -0.876611 0.383538 0.290607
v -0.200311 0.0206941 -0.199386
vn -0.88135 0.364523 0.300575
v -0.199902 -0.000954258 -0.173005
vn -0.913502 0.317839 0.253952
v -0.187433 0.0197668 -0.158134
vn -0.895797 0.311648 0.316898
v -0.194791 -0.0498343 -0.0729492
vn -0.935757 0.351632 0.0267275
v -0.145627 0.0391563 -0.00474602
vn -0.795498 0.600538 0.0808507
v -0.00415688 0.108294 0.053695
vn 0.130689 0.971345 0.198518
v -0.0109474 0.104747 0.0739603
vn 0.107998 0.972482 0.206434
v -0.0803727 0.104856 -0.134596
vn -0.562827 0.826233 0.0237591
v -0.107202 0.0831047 -0.135982
vn -0.681256 0.732044 -0.000969953
v -0.0957611 0.0924847 -0.110242
vn -0.716128 0.694929 0.0650683
v -0.0734379 0.101765 -0.011446
vn -0.498012 0.86296 0.0853478
v -0.0737885 0.102496 -0.021146
vn -0.456776 0.888469 0.0444946
v -0.100342 0.0838752 -0.0070713
vn -0.611927 0.789181 0.0523317
v -0.0834548 0.0982995 -0.0429639
vn -0.603175 0.793951 0.0763033
v -0.153668 0.0395773 -0.0980829
vn -0.726706 0.537452 0.427835
v -0.167141 0.0351047 -0.113197
vn -0.799809 0.472665 0.369992
v -0.148644 0.0477847 -0.0977071
vn -0.734443 0.425368 0.528824
v -0.208735 -0.0822658 -0.135339
vn -0.987823 0.0726654 0.137573
v -0.0737653 0.103371 -0.0334576
vn -0.568648 0.8171 0.0947976
v -0.102821 0.0838952 -0.0384723
vn -0.695604 0.710937 0.103455
v -0.179982 0.0338689 -0.156406
vn -0.853615 0.447715 0.266257
v -0.119986 0.0699542 -0.147458
vn -0.780419 0.34353 0.522431
v -0.214407 -0.0703869 -0.175741
vn -0.986948 0.0877347 0.135043
v 0.154424 0.0617173 -0.0595471
vn 0.689888 0.723667 0.0189792
v 0.161059 0.0557037 -0.0733429
vn 0.736558 0.676375 0.000289178
v 0.1334 0.0775279 -0.033306
vn 0.595295 0.802184 0.0460965
v 0.108409 0.0927794 -0.034945
vn 0.486272 0.872028 0.0557426
v 0.107502 0.092272 -0.0248008
vn -0.850319 0.523903 -0.0498298
v 0.10806 0.0920479 -0.0252439
vn 0.488224 0.868757 0.0830588
v 0.106595 0.0917637 -0.0146566
vn 0.431562 0.89796 0.0861515
v 0.107153 0.0915405 -0.0150997
vn 0.426886 0.900465 0.0832529
v 0.10771 0.0913173 -0.0155429
vn 0.476739 0.875683 0.0768011
v 0.175301 0.0400384 -0.102959
vn 0.828474 0.55913 0.0317079
v 0.177737 0.0368952 -0.12329
vn 0.778082 0.628048 -0.0120086
v 0.166294 0.0499878 -0.0945923
vn 0.732357 0.680598 -0.0209708
v 0.157287 0.0599373 -0.0862271
vn 0.713476 0.700571 0.0123057
v 0.18194 0.031212 -0.0795123
vn 0.824804 0.565322 -0.0104792
v 0.109715 0.0929005 -0.0445134
vn 0.499421 0.862747 0.0790381
v 0.11102 0.0930216 -0.0540829
vn 0.466878 0.881713 0.0678761
v 0.108807 0.0923931 -0.0343692
vn 0.440323 0.894448 0.0779612
v 0.185437 0.02589 -0.135232
vn 0.818804 0.573813 -0.0172887
v 0.226814 -0.145512 -0.181663
vn 0.995731 0.00763523 -0.0919902
v 0.226753 -0.132212 -0.188273
vn 0.998574 -0.0199975 -0.0494982
v 0.227543 -0.106973 -0.182528
vn 0.990831 0.122031 -0.0579926
v 0.226691 -0.118913 -0.194884
vn 0.992127 0.0487195 -0.11537
v 0.227117 -0.112944 -0.188706
vn 0.992117 0.0487157 -0.115455
v 0.170981 0.0442352 -0.0520734
vn 0.794624 0.607074 -0.00581453
v 0.114482 0.0780994 0.0718708
vn 0.394802 0.907818 0.141412
v 0.137585 0.0669615 0.0543003
vn 0.584028 0.805096 0.103593
v 0.128301 0.0731858 0.0518497
vn 0.523496 0.846803 0.0942105
v 0.0910673 0.107364 -0.118345
vn 0.356997 0.931635 0.0678885
v 0.069541 0.110732 -0.073805
vn 0.216403 0.971363 0.0981035
v 0.0849473 0.105826 -0.0692839
vn 0.318073 0.943852 0.0892945
v 0.112055 0.092171 -0.0524639
vn 0.54963 0.831022 0.0854875
v 0.1157 0.0915616 -0.0699829
vn 0.520857 0.851714 0.0573655
v 0.11336 0.0922921 -0.0620324
vn 0.493188 0.867452 0.0655164
v 0.193817 0.00725945 -0.220336
vn 0.865236 0.500888 -0.02188
v 0.184801 0.0237352 -0.213148
vn 0.835173 0.54984 -0.0127662
v 0.180702 0.0313215 -0.18811
vn 0.814177 0.580486 -0.0123552
v 0.168639 0.0478237 -0.086925
vn 0.772347 0.635025 0.0149228
v 0.170673 0.0455037 -0.091486
vn 0.814863 0.575335 0.0706263
v 0.157837 0.0582552 -0.0763439
vn 0.73805 0.668044 0.0948625
v 0.172706 0.0431826 -0.0960471
vn 0.819862 0.571121 0.0405888
v 0.15987 0.0559352 -0.080905
vn 0.730243 0.681709 0.0449178
v 0.147035 0.0686868 -0.0657629
vn 0.649261 0.758484 0.0562243
v 0.10917 0.0880141 0.0098824
vn 0.42371 0.900689 0.0960695
v 0.112199 0.082912 0.0421845
vn 0.436191 0.893436 0.107282
v 0.115493 0.0840068 0.0167424
vn 0.454641 0.885255 0.098111
v 0.121816 0.0799995 0.0236013
vn 0.510145 0.855591 0.0878366
v 0.184826 0.0261405 -0.159817
vn 0.814371 0.580015 -0.0195592
v 0.190369 0.0155689 -0.193398
vn 0.837691 0.545661 -0.0229779
v 0.170218 0.0463805 -0.146029
vn 0.772608 0.634835 -0.00788516
v 0.228912 -0.09529 -0.154464
vn 0.984132 0.156336 -0.0839212
v 0.218849 -0.045209 -0.146742
vn 0.955809 0.289309 -0.0522478
v 0.21503 -0.0303742 -0.117323
vn 0.923354 0.379388 -0.0590036
v 0.105375 0.0986994 -0.0914902
vn 0.452934 0.889293 0.0633138
v 0.101858 0.101296 -0.102797
vn 0.40666 0.910903 0.069876
v 0.0982831 0.0984941 -0.0459734
vn 0.378311 0.921774 0.0849277
v 0.108892 0.0961036 -0.0801839
vn 0.449323 0.890937 0.0658875
v 0.194316 0.01017 -0.166918
vn 0.8714 0.489205 -0.0366101
v 0.198009 0.00168893 -0.182323
vn 0.902295 0.43062 -0.0207429
v 0.199314 -0.00187317 -0.19954
vn 0.896429 0.441571 -0.0378142
v 0.201703 -0.00679319 -0.197729
vn 0.916853 0.397652 -0.0354031
v 0.22425 -0.0919932 -0.206616
vn 0.978908 0.193539 -0.0654295
v 0.221828 -0.0785542 -0.211782
vn 0.983799 0.179206 0.00501131
v 0.219672 -0.0670069 -0.201213
vn 0.977675 0.195713 -0.0764674
v 0.219407 -0.0651143 -0.216948
vn 0.963469 0.266002 -0.0311444
v 0.217249 -0.0535679 -0.20638
vn 0.964377 0.252477 -0.0789503
v 0.215092 -0.0420216 -0.195811
vn 0.954031 0.298545 -0.0263891
v 0.186424 0.0246215 -0.0445313
vn 0.823326 0.563291 -0.0695491
v 0.200494 0.00302683 -0.036786
vn 0.893671 0.447177 -0.0372248
v 0.214069 -0.0245721 -0.0729913
vn 0.919882 0.386357 -0.067426
v 0.16036 0.0503921 0.0351413
vn 0.677139 0.734195 0.0493953
v 0.171086 0.0394879 0.025175
vn 0.740027 0.669527 0.0639775
v 0.174743 0.0376837 0.00176029
vn 0.732453 0.679651 0.039847
v 0.181814 0.0285847 0.0152077
vn 0.806132 0.590544 0.0375413
v 0.178278 0.0331341 0.00848448
vn 0.766804 0.64115 0.0306467
v 0.0498463 0.108207 -0.0329534
vn 0.0337316 0.988715 0.145961
v 0.0325663 0.100366 0.00305924
vn -0.156691 0.971728 0.176613
v 0.0492568 0.0997563 0.0185866
vn -0.00642986 0.985786 0.167882
v 0.123105 0.0889952 -0.105525
vn 0.567663 0.822369 0.0383195
v 0.13052 0.0851142 -0.141426
vn 0.604523 0.796198 0.0249021
v 0.122423 0.0907058 -0.133332
vn 0.558656 0.828683 0.034459
v 0.174706 0.0392584 -0.205459
vn 0.792328 0.610095 0.000941997
v 0.169185 0.0464689 -0.201418
vn 0.804303 0.592793 0.0411401
v 0.153322 0.0653015 -0.162649
vn 0.718122 0.695846 0.0099487
v 0.163664 0.0536794 -0.197377
vn 0.735117 0.677879 0.00914425
v 0.120968 0.085131 -0.0278502
vn 0.566325 0.819012 0.0921712
v 0.124901 0.0837394 -0.0396482
vn 0.5685 0.820654 0.0577462
v 0.116305 0.0875278 -0.0275955
vn 0.483055 0.872778 0.0701166
v 0.117036 0.0865226 -0.0160523
vn 0.505954 0.860199 0.0637758
v 0.125853 0.0800184 -0.0014492
vn 0.551616 0.831071 0.0710001
v 0.137577 0.0765952 -0.0684366
vn 0.626034 0.779238 0.0294919
v 0.143786 0.0727552 -0.0953197
vn 0.670269 0.741748 0.0234576
v 0.119425 0.0877731 -0.0480797
vn 0.539861 0.840095 0.0528273
v 0.1983 0.00508256 -0.124573
vn 0.891798 0.452266 -0.0123114
v 0.196269 0.00409626 -0.201616
vn 0.874736 0.483525 -0.0322639
v 0.193319 0.00983205 -0.197507
vn 0.886127 0.46332 -0.0106311
v 0.217523 -0.0442911 -0.166072
vn 0.957455 0.285118 -0.0445835
v 0.206754 -0.0147806 -0.164148
vn 0.931605 0.361379 -0.0389503
v 0.207418 -0.0189679 -0.151161
vn 0.932157 0.361625 0.0176163
v 0.197312 0.00635522 -0.136249
vn 0.883374 0.468668 0.000899869
v 0.226759 -0.0698111 -0.122333
vn 0.961708 0.258715 -0.0904637
v 0.163307 0.0508973 -0.0156103
vn 0.69769 0.714777 0.0481975
v 0.147542 0.0657847 -0.0215692
vn 0.643389 0.763842 0.0509457
v 0.14031 0.0687089 0.0154866
vn 0.601198 0.796275 0.0671409
v 0.0762105 0.095071 0.0375761
vn 0.144974 0.97835 0.147697
v 0.0959694 0.0890794 0.0447571
vn 0.294889 0.945794 0.136069
v 0.0861884 0.0983289 -0.00304814
vn 0.274643 0.95475 0.114125
v 0.111006 0.0975331 -0.123488
vn 0.503931 0.862519 0.0459867
v 0.106432 0.0994142 -0.113142
vn 0.479857 0.87575 0.0529019
v 0.153736 0.06453 -0.130314
vn 0.713396 0.700743 0.00507179
v 0.137655 0.0785131 -0.112486
vn 0.672411 0.739898 0.0203541
v 0.132698 0.08145 -0.0955334
vn 0.672591 0.73679 0.0690002
v 0.127742 0.0843868 -0.0785808
vn 0.584797 0.80972 0.0486541
v 0.100532 0.0921079 0.00708133
vn 0.366845 0.924554 0.103078
v 0.201121 -0.00843426 -0.224133
vn 0.91104 0.410299 -0.0407602
v 0.198695 -0.002169 -0.212874
vn 0.902455 0.428527 -0.0440305
v 0.197825 0.00368261 -0.166881
vn 0.917945 0.396201 -0.0200623
v 0.229899 -0.0825543 -0.113213
vn 0.963634 0.262354 -0.0507961
v 0.178973 0.0340731 -0.0321671
vn 0.762643 0.646084 0.0308495
v 0.0628389 0.0926615 0.059115
vn 0.04712 0.983476 0.174798
v 0.130437 0.0840626 -0.11117
vn 0.67704 0.734764 0.0416999
v 0.134046 0.0812879 -0.111828
vn 0.610009 0.792383 0.00428251
v 0.138864 0.0746658 -0.0519144
vn 0.630154 0.774631 0.053418
v 0.107882 0.0898889 -0.00238709
vn 0.408001 0.90793 0.0959037
v 0.112007 0.0873762 0.00279186
vn 0.472892 0.876832 0.0868319
v 0.161493 0.0562005 -0.111584
vn 0.734994 0.678057 0.00471698
v 0.194634 0.0119942 -0.108486
vn 0.876199 0.481886 -0.00781053
v 0.109956 0.0945626 -0.0671334
vn 0.463919 0.883379 0.0664866
v 0.105418 0.0937163 -0.0291966
vn 0.4169 0.905151 0.083038
v 0.189877 0.0180299 -0.151076
vn 0.875957 0.482349 0.00615595
v 0.190443 0.0171342 -0.16147
vn 0.85172 0.523266 -0.0276667
v 0.200309 0.00287625 -0.0811408
vn 0.843328 0.531641 -0.0784651
v 0.147878 0.0614815 0.031714
vn 0.650357 0.757322 0.059155
v 0.0691599 0.105154 -0.0250945
vn 0.156883 0.978788 0.131767
v 0.119403 0.0902784 -0.0877545
vn 0.543852 0.837515 0.0528512
v 0.115036 0.093331 -0.0911913
vn 0.52061 0.852405 0.048695
v 0.11907 0.0911637 -0.0983587
vn 0.531245 0.84612 0.0431348
v 0.170808 0.0447131 -0.189228
vn 0.785758 0.61824 -0.0190712
v 0.16691 0.0501678 -0.172998
vn 0.763495 0.645813 0.00111517
v 0.174003 0.04161 -0.0995029
vn 0.832999 0.549726 0.0625699
v 0.164997 0.0515605 -0.0911366
vn 0.754181 0.652902 0.0702191
v 0.113341 0.0805058 0.0570277
vn 0.418041 0.901253 0.113948
v 0.192093 0.0114141 -0.206867
vn 0.84216 0.536141 -0.0576074
v 0.207412 -0.0246437 -0.227399
vn 0.935552 0.351767 -0.0316497
v 0.203049 -0.0116374 -0.211784
vn 0.923648 0.380844 -0.0428083
v 0.205903 -0.0205627 -0.226619
vn 0.935549 0.351774 -0.0316766
v 0.204396 -0.0164826 -0.225839
vn 0.920495 0.388497 -0.0419322
v 0.21215 -0.0386574 -0.225998
vn 0.964227 0.265071 0.00173576
v 0.206146 -0.0170048 -0.19723
vn 0.951589 0.305864 -0.0304258
v 0.212939 -0.0203216 -0.028705
vn 0.891192 0.445573 -0.0850964
v 0.218392 -0.0354079 -0.0505944
vn 0.891192 0.445573 -0.0850964
v 0.223844 -0.0504942 -0.0724839
vn 0.92374 0.382229 -0.0246089
v 0.200923 0.00201732 -0.00467657
vn 0.825457 0.562966 0.0411134
v 0.190321 0.0185689 -0.0184534
vn 0.802805 0.595441 0.0308715
v 0.0252505 0.0941784 0.0181519
vn -0.336482 0.917296 0.212952
v 0.03594 0.0963784 0.0255655
vn -0.244533 0.947819 0.204554
v 0.0179347 0.087991 0.0332445
vn -0.336485 0.917294 0.212952
v 0.0286242 0.090191 0.0406582
vn -0.33651 0.917289 0.212936
v 0.0393126 0.0923921 0.0480718
vn -0.176011 0.962903 0.204544
v 0.137834 0.0799658 -0.17753
vn 0.625168 0.780339 0.0153668
v 0.126358 0.0888626 -0.162448
vn 0.600485 0.799358 0.0210839
v 0.151815 0.0668637 -0.189019
vn 0.75628 0.652876 0.0423364
v 0.141341 0.0764689 -0.150045
vn 0.715702 0.698055 0.022115
v 0.135764 0.078571 -0.0869502
vn 0.605659 0.795234 0.0279289
v 0.196932 0.00179207 -0.211957
vn 0.886608 0.460251 -0.0457668
v 0.199357 -0.00447319 -0.223216
vn 0.910101 0.41301 -0.0337562
v 0.197594 -0.000512117 -0.222297
vn 0.883195 0.466603 -0.0474241
v 0.187433 0.0228616 -0.135326
vn 0.874204 0.485558 -0.000955689
v 0.230365 -0.09867 -0.13155
vn 0.980504 0.159279 -0.115071
v 0.230831 -0.114785 -0.149888
vn 0.99074 0.0925397 -0.0993462
v 0.166977 0.04847 -0.0458555
vn 0.708848 0.704332 0.0380912
v 0.0881042 0.0880931 0.0668582
vn 0.229253 0.960184 0.159656
v 0.114645 0.096411 -0.147474
vn 0.522982 0.8518 0.0304568
v 0.102837 0.102582 -0.132732
vn 0.473152 0.879786 0.0458674
v 0.124907 0.0867942 -0.0919355
vn 0.615732 0.785226 0.0655263
v 0.119378 0.0895247 -0.0727018
vn 0.575848 0.815971 0.0509031
v 0.181636 0.0299089 -0.097706
vn 0.814988 0.579126 0.0202019
v 0.220707 -0.0615416 -0.178196
vn 0.968991 0.234209 -0.0787549
v 0.223892 -0.0787922 -0.190319
vn 0.976137 0.212309 -0.0456239
v 0.111964 0.0947173 -0.0856871
vn 0.49087 0.869496 0.0549832
v 0.152161 0.0643121 -0.0759945
vn 0.702394 0.710149 0.0482782
v 0.202758 -0.0124585 -0.224986
vn 0.923157 0.382888 -0.0343247
v 0.226872 -0.0665248 -0.0928492
vn 0.927945 0.347255 -0.135394
v 0.0510757 0.0925268 0.0535929
vn -0.108045 0.972474 0.206449
v 0.120501 0.0926363 -0.154962
vn 0.562819 0.826239 0.023729
v 0.185009 0.0247689 -0.116148
vn 0.834534 0.550923 0.00609114
v 0.104084 0.0859952 0.0434708
vn 0.369169 0.921658 0.119414
v 0.102347 0.101938 -0.117764
vn 0.444691 0.894119 0.0529299
v 0.12356 0.0869563 -0.0756408
vn 0.542849 0.838918 0.0391308
v 0.113894 0.091152 -0.0538229
vn 0.568557 0.81717 0.0947372
v 0.22407 -0.0853932 -0.198467
vn 0.966604 0.209137 -0.148119
v 0.160117 0.0577342 -0.167823
vn 0.756794 0.652453 0.0395823
v 0.213534 -0.033468 -0.101738
vn 0.901114 0.409175 -0.143419
v -0.166782 0.157062 0.0257698
vn -0.218894 0.975317 0.0290256
v -0.132845 0.162878 0.022174
vn -0.138993 0.989174 0.0470802
v -0.185048 0.152105 0.0135234
vn -0.266709 0.962225 -0.0546831
v -0.103916 0.161262 0.0361603
vn 0.0365877 0.959561 0.279111
v -0.125797 0.158471 0.0466508
vn -0.0137536 0.94993 0.312161
v -0.111645 0.156083 0.0529898
vn 0.0444652 0.93343 0.355993
v -0.00660951 0.128444 0.0414329
vn 0.450225 0.789327 0.417444
v -0.0232358 0.147058 0.0147118
vn 0.391317 0.886835 0.245752
v -0.0395474 0.143523 0.0453845
vn 0.372691 0.845472 0.382465
v -0.126404 0.132049 -0.0759681
vn -0.157644 0.790868 -0.591334
v -0.12173 0.147409 -0.0542766
vn -0.117921 0.86316 -0.490967
v -0.0890811 0.147786 -0.0583829
vn -0.0422542 0.875381 -0.481583
v -0.1948 0.0979868 -0.0752734
vn -0.523288 0.555427 -0.646274
v -0.202177 0.0823058 -0.0827766
vn -0.545302 0.42223 -0.724132
v -0.224671 0.0650089 -0.073745
vn -0.609756 0.4535 -0.650027
v -0.247163 0.0477121 -0.0647123
vn -0.598733 0.284638 -0.748665
v -0.187424 0.113667 -0.0677692
vn -0.445985 0.621522 -0.644056
v -0.277382 0.0534752 -0.0347576
vn -0.633989 0.343734 -0.692752
v -0.259114 0.0864499 -0.0334176
vn -0.59198 0.487443 -0.641841
v -0.254099 0.080891 -0.0371092
vn -0.620749 0.473585 -0.62481
v -0.230816 0.108307 -0.0394608
vn -0.526088 0.624376 -0.577396
v -0.207777 0.134307 -0.0215144
vn -0.425 0.839164 -0.33938
v -0.221459 0.127278 -0.0191923
vn -0.473271 0.798055 -0.372991
v -0.231757 0.124609 -0.012365
vn -0.475386 0.808617 -0.346621
v -0.235141 0.120249 -0.0168713
vn -0.501841 0.773324 -0.387462
v -0.0726463 0.158563 0.0318824
vn 0.213688 0.939044 0.269322
v -0.0555664 0.158819 0.00602344
vn 0.247907 0.966731 0.0630388
v -0.0730085 0.161314 0.0179003
vn 0.18441 0.971039 0.151908
v -0.24283 0.0772752 -0.0554766
vn -0.599132 0.433496 -0.673143
v -0.202668 0.122293 -0.0468692
vn -0.448711 0.654178 -0.608859
v -0.191587 0.126658 -0.0495902
vn -0.39815 0.703677 -0.588485
v -0.156198 0.157693 -0.00655973
vn -0.237296 0.955343 -0.176101
v -0.17842 0.152346 -0.00216812
vn -0.280272 0.948486 -0.147721
v -0.132516 0.163262 0.00744661
vn -0.1297 0.990415 -0.0475071
v -0.0673043 0.161218 -0.00360604
vn 0.145279 0.984595 -0.0973004
v -0.0684221 0.158752 -0.0242271
vn 0.125371 0.966798 -0.222673
v -0.0812979 0.161626 -0.0166492
vn 0.0573213 0.97855 -0.197874
v -0.124767 0.16229 -0.010265
vn -0.0886495 0.970957 -0.222226
v -0.0944137 0.164355 0.00272871
vn 0.035974 0.998491 -0.0414811
v -0.111871 0.163658 -0.00720393
vn -0.0507201 0.985365 -0.162734
v -0.101295 0.163518 0.0238087
vn 0.00565137 0.996131 0.0876971
v -0.111163 0.164343 0.0177582
vn -0.0343787 0.998567 0.0410215
v -0.107372 0.150983 0.0629666
vn 0.0921036 0.887268 0.451966
v -0.095979 0.15508 0.0524108
vn 0.141684 0.909759 0.390211
v -0.0228716 0.148586 -0.00895656
vn 0.360541 0.930558 -0.0638063
v -0.0378274 0.153997 -0.00678708
vn 0.307226 0.951369 -0.0225727
v -0.0230537 0.147823 0.00287713
vn 0.410258 0.909649 0.0650147
v -0.10881 0.158229 -0.0322165
vn -0.0548946 0.949163 -0.309962
v -0.136908 0.149647 -0.0443629
vn -0.147894 0.900573 -0.408774
v -0.280155 0.0167889 -0.0369397
vn -0.729528 0.106642 -0.675586
v -0.276295 0.0247931 -0.0407976
vn -0.732323 0.0251756 -0.680492
v -0.272435 0.0327963 -0.0446555
vn -0.711913 0.144289 -0.687284
v -0.259799 0.0402542 -0.0546839
vn -0.699337 0.337869 -0.629898
v -0.206187 0.124542 -0.040705
vn -0.41789 0.704413 -0.573733
v -0.193712 0.137786 -0.0289724
vn -0.40949 0.760736 -0.503586
v -0.242306 0.120485 -0.00596921
vn -0.499257 0.807028 -0.315355
v -0.220558 0.132778 -0.00823023
vn -0.421805 0.867696 -0.263028
v -0.0530137 0.156323 -0.0225218
vn 0.224639 0.960668 -0.163262
v -0.162005 0.150229 -0.0279376
vn -0.2397 0.850739 -0.467747
v -0.0924621 0.164105 0.0125298
vn 0.0307472 0.99882 0.0376
v -0.0999243 0.163514 -0.00982287
vn -0.0210717 0.985394 -0.168984
v -0.0701306 0.161614 0.00939082
vn 0.116644 0.992687 0.0311064
v -0.190692 0.150289 0.0273255
vn -0.249417 0.967489 0.0419099
v -0.150072 0.159244 0.0341634
vn -0.213056 0.97226 0.0965231
v -0.139903 0.154963 0.0542561
vn -0.0714688 0.944307 0.321211
v -0.136405 0.15919 0.0420097
vn -0.076283 0.956072 0.283031
v 0.0127115 0.117571 0.0375603
vn 0.523351 0.685694 0.505893
v 0.00246837 0.11163 0.0542834
vn 0.504507 0.66212 0.554139
v -0.150645 0.116447 -0.0842555
vn -0.24879 0.702853 -0.666409
v -0.139496 0.117698 -0.0870081
vn -0.249725 0.653646 -0.714412
v -0.128346 0.11895 -0.0897597
vn -0.169148 0.704006 -0.689756
v -0.217247 0.0532878 -0.0858113
vn -0.529378 0.416023 -0.739381
v -0.185872 0.0930268 -0.0847039
vn -0.409032 0.482929 -0.774256
v -0.169567 0.103747 -0.0866303
vn -0.469882 0.474096 -0.74461
v -0.244317 0.108188 -0.0254366
vn -0.577427 0.572303 -0.582278
v -0.262053 0.0880552 -0.025266
vn -0.637701 0.557288 -0.531759
v -0.279788 0.0679226 -0.0250966
vn -0.625008 0.459509 -0.631044
v -0.254195 0.108545 -0.0124355
vn -0.550688 0.714704 -0.431208
v -0.244668 0.114396 -0.0146534
vn -0.545179 0.73404 -0.404927
v -0.246005 0.112502 -0.0164071
vn -0.554044 0.709345 -0.435734
v -0.236478 0.118353 -0.018626
vn -0.516786 0.748722 -0.415147
v -0.237815 0.116458 -0.0203797
vn -0.532535 0.724631 -0.437397
v -0.0690348 0.150231 0.0519171
vn 0.239029 0.881159 0.407952
v -0.288635 0.0299973 -0.0279113
vn -0.680126 0.157474 -0.715983
v -0.280535 0.0313963 -0.0362839
vn -0.723017 0.148095 -0.67477
v -0.257632 0.0550352 -0.050066
vn -0.608886 0.219839 -0.762187
v -0.206537 0.142457 0.00209819
vn -0.366831 0.911246 -0.18726
v -0.192479 0.147402 -3.44654e-05
vn -0.346312 0.929281 -0.128473
v -0.0637085 0.151926 -0.0451608
vn 0.121732 0.935391 -0.332002
v -0.142436 0.159249 -0.0130902
vn -0.184719 0.958861 -0.215558
v -0.221432 0.13635 0.0067024
vn -0.394245 0.903143 -0.170009
v -0.20324 0.144227 0.0101129
vn -0.374816 0.918887 -0.123128
v -0.0954506 0.161844 0.0299466
vn 0.0899889 0.972736 0.213746
v -0.0969432 0.162899 0.0262656
vn 0.0561502 0.981282 0.18421
v -0.0869853 0.162427 0.0237319
vn 0.126707 0.972032 0.197736
v -0.0919643 0.162663 0.0249982
vn 0.0818301 0.98712 0.137471
v -0.0570074 0.139548 0.0629287
vn 0.282158 0.801616 0.527066
v -0.0482769 0.141535 0.0541571
vn 0.334805 0.790819 0.512359
v -0.0711306 0.147623 -0.0570502
vn 0.0936856 0.873585 -0.47757
v -0.165547 0.139912 -0.0471997
vn -0.363224 0.787734 -0.497538
v -0.154452 0.143541 -0.0467913
vn -0.251409 0.825797 -0.50483
v -0.143355 0.147168 -0.0463829
vn -0.340949 0.816399 -0.466097
v -0.283008 0.0417363 -0.0313345
vn -0.501875 -0.0116576 -0.864861
v -0.288128 0.039011 -0.0254155
vn -0.730826 0.107622 -0.674026
v -0.293755 0.0272721 -0.0219923
vn -0.754072 -0.00974285 -0.656719
v -0.298875 0.0245479 -0.0160723
vn -0.71468 -0.0499244 -0.697668
v -0.177935 0.147187 -0.0219281
vn -0.309521 0.913541 -0.263892
v -0.199556 0.137155 -0.0239976
vn -0.394975 0.861187 -0.319924
v -0.191334 0.140004 -0.0264797
vn -0.367398 0.86618 -0.338749
v -0.0688158 0.161343 0.0100898
vn 0.271413 0.954901 0.120413
v -0.0779011 0.161885 0.0169108
vn 0.153429 0.980028 0.126508
v -0.0799969 0.16187 0.0208161
vn 0.153246 0.971287 0.181984
v -0.141381 0.156667 -0.0238829
vn -0.218436 0.9343 -0.281724
v -0.153464 0.14829 -0.0355418
vn -0.340248 0.894471 -0.290092
v -0.0687179 0.161416 0.00289291
vn 0.156535 0.987664 0.00396413
v -0.06806 0.16128 0.00324134
vn 0.184243 0.982814 0.0114183
v -0.206233 0.144537 0.016695
vn -0.321268 0.944858 -0.0634863
v -0.110217 0.161587 0.035314
vn 0.0182463 0.971375 0.236851
v -0.116518 0.161911 0.0344666
vn -0.0175078 0.968914 0.246776
v -0.0254379 0.127556 0.0584266
vn 0.415401 0.739304 0.529973
v -0.099479 0.137305 -0.0746281
vn -0.0832635 0.812479 -0.577013
v -0.179447 0.10542 -0.0756313
vn -0.378819 0.592327 -0.711087
v -0.156718 0.128535 -0.068486
vn -0.387145 0.716402 -0.580419
v -0.283745 0.0492615 -0.0293344
vn -0.728035 0.317034 -0.607827
v -0.290107 0.0450479 -0.0239113
vn -0.661846 0.294891 -0.689202
v -0.225007 0.124739 -0.0204745
vn -0.48383 0.79034 -0.375861
v -0.211325 0.131768 -0.0227955
vn -0.448144 0.81349 -0.370678
v -0.214874 0.12923 -0.0240766
vn -0.463347 0.793076 -0.3954
v -0.0943758 0.160305 0.0371529
vn 0.110911 0.951016 0.288561
v -0.0835106 0.159434 0.0345171
vn 0.140994 0.95358 0.266094
v -0.232885 0.0819194 -0.060546
vn -0.566173 0.484588 -0.666801
v -0.22294 0.0865636 -0.0656144
vn -0.47976 0.516909 -0.708968
v -0.189365 0.146427 -0.00860182
vn -0.344171 0.905667 -0.247616
v -0.200311 0.140509 -0.0150355
vn -0.366418 0.894701 -0.255438
v -0.0621927 0.160282 -0.00399444
vn 0.209102 0.976462 -0.0529049
v -0.154257 0.152721 -0.0270229
vn -0.215062 0.883924 -0.415243
v -0.0777579 0.162094 0.0176161
vn 0.0883171 0.991687 0.0935769
v -0.0916621 0.147104 0.065994
vn 0.186184 0.838521 0.512072
v -0.0439958 0.150148 -0.0390187
vn 0.267023 0.934438 -0.235635
v -0.129625 0.1591 -0.0222334
vn -0.158046 0.94299 -0.292901
v -0.306034 0.00871104 -0.00280078
vn -0.751216 -0.0871694 -0.654275
v -0.167432 0.148496 -0.0280555
vn -0.285445 0.832442 -0.474933
v -0.239237 0.123179 -0.00401339
vn -0.489409 0.803468 -0.338994
v -0.236168 0.125874 -0.00205657
vn -0.458601 0.857294 -0.233951
v -0.137766 0.160904 0.0317782
vn -0.132539 0.991158 0.00625267
v -0.125461 0.162565 0.0293919
vn -0.102184 0.988835 0.108463
v -0.131694 0.154304 0.0566476
vn -0.0326301 0.929209 0.368111
v -0.123484 0.153645 0.0590382
vn -0.0031371 0.923785 0.382899
v 0.00445574 0.12726 0.027274
vn 0.512233 0.791156 0.334199
v -0.003799 0.136951 0.0169876
vn 0.449716 0.860827 0.238187
v -0.143931 0.13537 -0.0653923
vn -0.21023 0.795659 -0.568094
v -0.250315 0.032932 -0.0651008
vn -0.625549 0.268965 -0.732357
v -0.231884 0.116178 -0.0269029
vn -0.441741 0.558471 -0.702121
v -0.219452 0.124169 -0.0283692
vn -0.501836 0.666574 -0.551216
v -0.241729 0.11747 -0.0131576
vn -0.534186 0.75307 -0.384098
v -0.251256 0.111617 -0.0109397
vn -0.543841 0.725411 -0.42192
v -0.248317 0.114691 -0.00944394
vn -0.52946 0.760928 -0.375047
v -0.0466022 0.153939 0.0236655
vn 0.298575 0.926205 0.23021
v -0.249514 0.0811973 -0.0469365
vn -0.593942 0.446881 -0.668977
v -0.155262 0.15983 0.0114298
vn -0.217352 0.975238 -0.0408499
v -0.0882043 0.155318 -0.0416176
vn 0.0299504 0.944207 -0.327987
v -0.116718 0.164296 0.00213185
vn -0.0833426 0.994283 -0.0667459
v -0.0906811 0.161366 0.0304424
vn 0.138481 0.963626 0.228578
v -0.0991463 0.160784 0.0366571
vn 0.067595 0.959125 0.274791
v -0.194244 0.113238 -0.0564071
vn -0.442603 0.678522 -0.586268
v -0.204043 0.137408 -0.0182745
vn -0.41446 0.846915 -0.333103
v -0.147819 0.154693 -0.0254534
vn -0.149944 0.867145 -0.474949
v -0.0786779 0.162976 1.39712e-05
vn 0.0815069 0.994938 -0.0587792
v -0.104967 0.151364 -0.0479471
vn -0.0604051 0.910554 -0.408952
v -0.235052 0.0671373 -0.0651629
vn -0.453803 0.263175 -0.851353
v -0.240165 0.094752 -0.0431987
vn -0.550082 0.55217 -0.626513
v -0.178463 0.137507 -0.036946
vn -0.344677 0.831973 -0.434763
v -0.115427 0.152313 0.0610024
vn 0.0406233 0.896601 0.440972
v -0.225134 0.116237 -0.0339155
vn -0.522828 0.707287 -0.47581
v -0.245312 0.117588 -0.00770709
vn -0.524435 0.76646 -0.37082
v -0.17493 0.153584 0.038035
vn -0.21873 0.975542 0.0218001
v -0.156524 0.154814 0.0487308
vn -0.107221 0.948895 0.296819
v -0.148214 0.154889 0.051494
vn -0.107163 0.948881 0.296885
v 0.0262821 0.092612 0.0525287
vn 0.543249 0.628924 0.556179
v -0.142684 0.106119 -0.0948303
vn -0.25542 0.588526 -0.767071
v -0.157022 0.0932889 -0.0998997
vn -0.255444 0.588527 -0.767062
v -0.153834 0.104868 -0.0920776
vn -0.255443 0.588526 -0.767063
v -0.175672 0.0888457 -0.0928313
vn -0.543292 0.502455 -0.672587
v -0.181776 0.0739447 -0.0990324
vn -0.543292 0.502455 -0.672586
v -0.273885 0.0792858 -0.0222302
vn -0.521443 0.453253 -0.722951
v -0.267981 0.0906489 -0.0193639
vn -0.521495 0.453287 -0.722893
v -0.256149 0.0994184 -0.0224008
vn -0.521432 0.45323 -0.722974
v -0.248874 0.109278 -0.0176376
vn -0.558908 0.67914 -0.475806
v -0.259933 0.102098 -0.0148955
vn -0.558908 0.679145 -0.475799
v -0.257064 0.105322 -0.013665
vn -0.5589 0.679105 -0.475865
v -0.154934 0.153873 -0.0205734
vn -0.265415 0.936419 -0.229511
v -0.106731 0.162406 0.0303655
vn 0.026286 0.983091 0.181221
v -0.294491 0.0347984 -0.0199924
vn -0.641211 -0.0190957 -0.767127
v -0.203104 0.134616 -0.0252787
vn -0.410055 0.79697 -0.4435
v -0.247687 0.0596794 -0.0551344
vn -0.638119 0.313247 -0.703335
v -0.163143 0.116141 -0.0775586
vn -0.502513 0.664951 -0.552559
v -0.284948 0.0564857 -0.0245039
vn -0.504263 0.183756 -0.843773
v -0.226344 0.122844 -0.0222281
vn -0.489898 0.752601 -0.439991
v -0.2288 0.131112 0.0023224
vn -0.437608 0.853117 -0.28406
v -0.179383 0.14425 -0.0272681
vn -0.331509 0.861757 -0.384027
v 0.138365 0.0144689 0.0161224
vn 0.851053 0.481304 -0.209893
v 0.130587 0.0262668 0.0138119
vn 0.817423 0.537949 -0.205986
v 0.126434 0.033931 0.0203045
vn 0.802298 0.57391 -0.16415
v 0.12228 0.0415942 0.0267971
vn 0.755683 0.625125 -0.195353
v 0.106234 0.0570542 0.0247624
vn 0.654253 0.732753 -0.187153
v 0.108432 0.0531994 0.0179276
vn 0.667333 0.719771 -0.191302
v 0.104279 0.0568858 0.0172382
vn 0.656764 0.730548 -0.186977
v 0.110629 0.0493457 0.0110919
vn 0.685185 0.702035 -0.194083
v 0.106477 0.053031 0.0104034
vn 0.669192 0.718405 -0.189935
v 0.102324 0.0567173 0.00971397
vn 0.637909 0.747767 -0.184163
v 0.0429821 0.0969605 0.0394729
vn 0.377635 0.916561 -0.131556
v 0.0720621 0.0870468 0.0595961
vn 0.441328 0.885289 -0.146603
v 0.0661884 0.0851647 0.0303108
vn 0.444427 0.884104 -0.144378
v 0.134927 0.0474899 0.0908992
vn 0.72756 0.652673 -0.211364
v 0.143742 0.0362394 0.0913413
vn 0.772574 0.596778 -0.216759
v 0.139492 0.0399026 0.0849076
vn 0.766202 0.613051 -0.192621
v 0.152556 0.0249899 0.0917845
vn 0.809223 0.544747 -0.220018
v 0.148306 0.0286531 0.0853498
vn 0.794357 0.574374 -0.197717
v 0.144056 0.0323152 0.078915
vn 0.774322 0.598523 -0.205415
v 0.165945 -0.0169301 0.0761656
vn 0.940446 0.216622 -0.261984
v 0.169417 -0.0254016 0.0816213
vn 0.946489 0.16978 -0.274468
v 0.168445 -0.0425879 0.0752171
vn 0.935141 0.0760554 -0.346016
v 0.167473 -0.0597743 0.0688129
vn 0.965552 0.0254253 -0.258967
v 0.162475 -0.00845949 0.0707098
vn 0.93367 0.251959 -0.254513
v 0.157856 -0.0725763 0.038855
vn 0.976592 -0.145733 -0.158208
v 0.158 -0.0606774 0.0350982
vn 0.982223 -0.0672518 -0.175258
v 0.158385 -0.0503648 0.0393603
vn 0.999136 -0.0230305 -0.0345902
v 0.158144 -0.0487795 0.0313403
vn 0.975485 -0.0135421 -0.21965
v 0.158529 -0.0384658 0.0356034
vn 0.984408 0.0345134 -0.172481
v 0.158915 -0.0281532 0.0398655
vn 0.977818 0.118573 -0.172663
v 0.15193 -0.00695845 0.0324813
vn 0.917996 0.313511 -0.242889
v 0.152546 -0.0148879 0.0269129
vn 0.951504 0.222811 -0.212121
v 0.151837 -0.0130111 0.0257034
vn 0.92716 0.273 -0.256603
v 0.153161 -0.0228174 0.0213445
vn 0.95509 0.181071 -0.234555
v 0.152453 -0.0209406 0.020135
vn 0.949859 0.20903 -0.232538
v 0.151743 -0.0190637 0.0189256
vn 0.935637 0.241429 -0.257478
v 0.0995747 0.0673447 0.0455698
vn 0.578353 0.797004 -0.174047
v 0.0964378 0.0685152 0.040454
vn 0.582693 0.793453 -0.175786
v 0.0956336 0.0728594 0.0582013
vn 0.54956 0.818359 -0.168142
v 0.093302 0.0696847 0.0353382
vn 0.554918 0.814408 -0.169723
v 0.157676 -0.00529003 0.0564445
vn 0.927278 0.308578 -0.211978
v 0.160852 -0.0257785 0.055134
vn 0.944371 0.164567 -0.284747
v 0.158021 -0.00836795 0.0540824
vn 0.937544 0.271807 -0.217098
v 0.164026 -0.0462679 0.0538245
vn 0.966222 -0.00389275 -0.257683
v 0.161197 -0.0288564 0.0527719
vn 0.969874 0.145863 -0.195112
v 0.158366 -0.0114448 0.0517203
vn 0.94584 0.232852 -0.226203
v 0.105573 0.0664647 0.0618266
vn 0.61503 0.767487 -0.180838
v 0.109848 0.0646205 0.0684371
vn 0.618761 0.762896 -0.187416
v 0.111226 0.0623868 0.0642329
vn 0.625197 0.758509 -0.183828
v 0.114124 0.0627763 0.0750487
vn 0.635707 0.749659 -0.184087
v 0.115503 0.0605426 0.0708434
vn 0.64802 0.739915 -0.180543
v 0.116881 0.0583099 0.0666382
vn 0.671875 0.714398 -0.195498
v 0.125343 0.0460194 0.0521319
vn 0.72808 0.658752 -0.189591
v 0.128006 0.0427152 0.0512582
vn 0.763746 0.639264 -0.0896317
v 0.120267 0.0508279 0.051315
vn 0.691105 0.69689 -0.191619
v 0.130669 0.039411 0.0503855
vn 0.76509 0.621454 -0.16862
v 0.12293 0.0475236 0.0504413
vn 0.708345 0.677049 -0.19963
v 0.115193 0.0556363 0.0504982
vn 0.672201 0.716972 -0.184652
v 0.110063 0.0560942 0.0343592
vn 0.698888 0.693761 -0.173932
v 0.113163 0.0533857 0.0351403
vn 0.67279 0.713559 -0.195413
v 0.116262 0.0506774 0.0359224
vn 0.716739 0.673128 -0.182164
v 0.0957336 0.0604447 0.0021129
vn 0.610015 0.771465 -0.180894
v 0.0955273 0.063312 0.0138234
vn 0.589305 0.789182 -0.172947
v 0.0990284 0.0585805 0.00591292
vn 0.63521 0.750397 -0.182788
v 0.0836115 0.0839615 0.077295
vn 0.478892 0.865638 -0.146059
v 0.091461 0.0782868 0.0716855
vn 0.517915 0.840843 -0.157315
v 0.145056 0.0266679 0.0682719
vn 0.785058 0.582442 -0.210818
v 0.132744 0.0429784 0.0687634
vn 0.743888 0.636666 -0.203193
v 0.144556 0.029492 0.073594
vn 0.792459 0.56646 -0.226123
v 0.158634 -0.0926332 0.060634
vn 0.927412 -0.231741 -0.293602
v 0.159908 -0.0862932 0.0588677
vn 0.924404 -0.262837 -0.276394
v 0.163054 -0.0762037 0.0647234
vn 0.951482 -0.19715 -0.236249
v 0.161183 -0.0799532 0.0571024
vn 0.945451 -0.175732 -0.274301
v 0.164328 -0.0698638 0.0629582
vn 0.937109 -0.0976322 -0.335103
v 0.152126 -0.000705801 0.0417087
vn 0.936109 0.284699 -0.206508
v 0.154588 -0.00622055 0.0440508
vn 0.919686 0.306066 -0.245971
v 0.155521 -0.014429 0.0407866
vn 0.93728 0.248234 -0.244718
v 0.15705 -0.0117364 0.0463919
vn 0.950071 0.247042 -0.190616
v 0.157982 -0.0199448 0.0431287
vn 0.964574 0.184515 -0.18855
v 0.150677 -0.0237921 0.0110792
vn 0.947872 0.209293 -0.24028
v 0.15018 -0.0172911 0.0151971
vn 0.942599 0.227071 -0.244837
v 0.151209 -0.021428 0.0150024
vn 0.943821 0.210229 -0.254962
v 0.149684 -0.0107911 0.0193161
vn 0.906738 0.344443 -0.243279
v 0.150714 -0.0149269 0.0191203
vn 0.930202 0.24442 -0.273832
v 0.1062 0.0696826 0.0781971
vn 0.576174 0.799292 -0.170751
v 0.151552 0.00270678 0.0484371
vn 0.907875 0.372775 -0.191841
v 0.157708 -0.0115911 0.0490561
vn 0.937298 0.247865 -0.245022
v 0.146054 0.017151 0.0504813
vn 0.878053 0.450728 -0.160834
v 0.152209 0.0028531 0.0511013
vn 0.909455 0.384773 -0.15761
v 0.113478 0.054391 0.0401845
vn 0.685007 0.708489 -0.169732
v 0.121744 0.0448458 0.0363277
vn 0.719025 0.660909 -0.214946
v 0.110693 0.0581047 0.0444466
vn 0.666453 0.718913 -0.197494
v 0.118959 0.0485594 0.0405898
vn 0.701671 0.685771 -0.193328
v 0.127225 0.0390142 0.0367329
vn 0.762117 0.622098 -0.179366
v 0.121889 0.0510605 0.0571477
vn 0.708317 0.674306 -0.208804
v 0.119385 0.0546847 0.0618929
vn 0.682885 0.707914 -0.180352
v 0.124813 0.0506437 0.0677013
vn 0.694083 0.689421 -0.207236
v 0.10619 0.0626784 0.0483508
vn 0.629187 0.759687 -0.164315
v 0.112942 0.056871 0.0474718
vn 0.655907 0.7306 -0.189761
v 0.101688 0.067251 0.0522561
vn 0.621092 0.762133 -0.18275
v 0.108441 0.0614436 0.0513771
vn 0.626209 0.756565 -0.18834
v 0.123317 0.0359184 0.0132403
vn 0.799525 0.567443 -0.196893
v 0.129221 0.0253636 0.00891608
vn 0.806053 0.545235 -0.230211
v 0.132857 0.0205384 0.00920134
vn 0.833444 0.506991 -0.219845
v 0.135125 0.0148089 0.00459186
vn 0.836223 0.514764 -0.189077
v 0.112488 0.0445774 0.00111082
vn 0.713722 0.670653 -0.202055
v 0.111559 0.0469615 0.00610133
vn 0.697871 0.688094 -0.198755
v 0.114337 0.0441479 0.00636764
vn 0.725945 0.657555 -0.201558
v 0.113407 0.0465321 0.0113582
vn 0.707338 0.680164 -0.192482
v 0.116185 0.0437184 0.0116234
vn 0.720214 0.664728 -0.198567
v 0.0285094 0.103148 0.0478034
vn 0.334268 0.935542 -0.114132
v 0.0258431 0.102647 0.0366824
vn 0.330316 0.936036 -0.121355
v 0.0231778 0.102146 0.0255624
vn 0.336894 0.932225 -0.132135
v 0.161144 0.00913104 0.0913855
vn 0.865799 0.451326 -0.216095
v 0.15685 0.0170605 0.0915845
vn 0.853445 0.467975 -0.229415
v 0.159506 0.0147353 0.0961634
vn 0.869765 0.441778 -0.219866
v 0.155212 0.0226647 0.0963634
vn 0.827857 0.51701 -0.217608
v 0.157867 0.0203384 0.100942
vn 0.851545 0.480968 -0.208666
v 0.172776 -0.0419774 0.0876066
vn 0.942931 0.133396 -0.305101
v 0.167554 -0.0144122 0.0853897
vn 0.941919 0.240186 -0.234734
v 0.16569 -0.00342264 0.0891582
vn 0.932887 0.216536 -0.287808
v 0.155849 -0.0325311 0.025874
vn 0.977848 0.0252428 -0.207787
v 0.156997 -0.0406553 0.0286076
vn 0.965588 0.0505192 -0.255122
v 0.155556 -0.0492416 0.0254613
vn 0.967495 -0.0108035 -0.252661
v 0.156702 -0.0573658 0.028195
vn 0.965864 -0.0708485 -0.249172
v 0.155261 -0.0659521 0.0250487
vn 0.977553 -0.0491135 -0.204883
v 0.152752 -0.0345858 0.0131287
vn 0.965112 0.117826 -0.233829
v 0.152957 -0.0287016 0.0172371
vn 0.959247 0.138533 -0.246278
v 0.153495 -0.0302395 0.0182297
vn 0.964109 0.115595 -0.239024
v 0.1537 -0.0243553 0.0223382
vn 0.953726 0.177201 -0.242915
v 0.154239 -0.0258922 0.0233308
vn 0.962292 0.14198 -0.232026
v 0.0814757 0.0744384 0.0195392
vn 0.530424 0.831712 -0.164031
v 0.154894 -0.0908732 0.0446782
vn 0.950464 -0.220117 -0.219471
v 0.15946 -0.06857 0.0492508
vn 0.942833 -0.130139 -0.306805
v 0.158038 -0.0854132 0.0508908
vn 0.93469 -0.230263 -0.2708
v 0.162605 -0.06311 0.0554634
vn 0.964639 -0.10496 -0.241775
v 0.145186 0.000202574 0.0166719
vn 0.885612 0.406414 -0.224763
v 0.141807 0.0143205 0.0287666
vn 0.875793 0.421387 -0.235414
v 0.147435 -0.00529423 0.017994
vn 0.923229 0.330645 -0.19576
v 0.120044 0.0614626 0.0898224
vn 0.652666 0.734792 -0.184681
v 0.117084 0.0621194 0.082435
vn 0.640336 0.744119 -0.190411
v 0.113122 0.0655721 0.0840097
vn 0.608147 0.77382 -0.177087
v 0.136757 0.0302952 0.0469582
vn 0.816646 0.535059 -0.216337
v 0.133713 0.0348531 0.0486718
vn 0.791543 0.589353 -0.161627
v 0.141405 0.0237226 0.0487203
vn 0.825517 0.550315 -0.125199
v 0.138361 0.0282805 0.050434
vn 0.809992 0.559026 -0.17721
v 0.145414 -0.00338581 0.0125477
vn 0.89819 0.355013 -0.259269
v 0.145642 -0.00697426 0.00842343
vn 0.903239 0.367014 -0.222397
v 0.105037 0.0596794 0.0313898
vn 0.632837 0.752215 -0.18355
v 0.106743 0.057732 0.0292455
vn 0.652412 0.734882 -0.185221
v 0.103839 0.0623036 0.0380171
vn 0.618976 0.764588 -0.179648
v 0.105545 0.0603573 0.035874
vn 0.635964 0.751364 -0.176072
v 0.107253 0.05841 0.0337297
vn 0.652446 0.735948 -0.180818
v 0.0743663 0.077831 0.0150013
vn 0.507847 0.845816 -0.163363
v 0.0672558 0.0812237 0.0104645
vn 0.461948 0.872695 -0.158137
v 0.127486 0.0544763 0.0903613
vn 0.67933 0.709014 -0.189234
v 0.123845 0.058772 0.0925519
vn 0.65429 0.732233 -0.18905
v 0.127645 0.0560805 0.0952813
vn 0.698935 0.696845 -0.160926
v 0.152516 0.0106563 0.0618908
vn 0.890924 0.377324 -0.252746
v 0.147326 0.0228742 0.0676971
vn 0.872799 0.419947 -0.248731
v 0.156375 -0.0817248 0.0417666
vn 0.970867 -0.199428 -0.132834
v 0.153947 -0.0865469 0.0389898
vn 0.932362 -0.263226 -0.247816
v 0.152466 -0.0956953 0.0419013
vn 0.915023 -0.316767 -0.249784
v 0.150039 -0.100517 0.0391245
vn 0.92911 -0.299415 -0.217037
v 0.149713 0.00151099 0.0371382
vn 0.898855 0.367067 -0.23942
v 0.151498 -0.0028111 0.0366097
vn 0.896597 0.355869 -0.263574
v 0.147494 0.0099805 0.041794
vn 0.848228 0.471898 -0.240462
v 0.14928 0.00565941 0.0412666
vn 0.881392 0.395681 -0.25804
v 0.151065 0.00133732 0.0407392
vn 0.897006 0.370039 -0.241768
v 0.100162 0.067631 0.0488329
vn 0.605975 0.775505 -0.177162
v 0.101706 0.0648247 0.041794
vn 0.603675 0.777129 -0.177897
v 0.100749 0.0679173 0.052095
vn 0.592626 0.785301 -0.179154
v 0.102294 0.065111 0.0450561
vn 0.592785 0.784369 -0.18268
v 0.148761 0.0116826 0.0552592
vn 0.853082 0.427159 -0.299643
v 0.139846 0.0286552 0.054075
vn 0.826135 0.492491 -0.273775
v 0.138265 0.0247594 0.0386171
vn 0.832037 0.512354 -0.212622
v 0.10363 0.0668573 0.0570413
vn 0.606749 0.773623 -0.182657
v 0.103161 0.067191 0.0569613
vn 0.592192 0.786324 -0.176076
v 0.101219 0.0675847 0.0521761
vn 0.589575 0.788251 -0.176243
v 0.123617 0.0485394 0.0546403
vn 0.722671 0.668785 -0.174566
v 0.132595 0.0373373 0.0531035
vn 0.758077 0.606286 -0.240286
v 0.130868 0.0398574 0.0556108
vn 0.747354 0.628517 -0.215471
v 0.140903 0.00414156 0.00662554
vn 0.86141 0.451902 -0.231857
v 0.111308 0.0502815 0.0169129
vn 0.685769 0.701792 -0.192895
v 0.10911 0.0541363 0.0237477
vn 0.665325 0.721999 -0.189895
v 0.111987 0.0512184 0.0227329
vn 0.680517 0.707474 -0.190728
v 0.0460505 0.0927163 0.0181424
vn 0.392469 0.909585 -0.136469
v 0.148397 0.0320784 0.0951066
vn 0.783455 0.572688 -0.241301
v 0.139583 0.0433289 0.0946634
vn 0.743418 0.630948 -0.221887
v 0.144239 0.0391668 0.0984287
vn 0.760024 0.618363 -0.199976
v 0.157246 0.0101142 0.0785929
vn 0.905402 0.325497 -0.272576
v 0.155979 -0.0659426 0.0318519
vn 0.961631 -0.128517 -0.242382
v 0.155835 -0.0778405 0.0356098
vn 0.941463 -0.189438 -0.278857
v 0.153815 -0.0831058 0.0323645
vn 0.9611 -0.168576 -0.21879
v 0.097462 0.0655152 0.0308455
vn 0.596456 0.783424 -0.174602
v 0.100599 0.0643458 0.0359613
vn 0.594722 0.783268 -0.181097
v 0.101623 0.0613468 0.0263519
vn 0.610764 0.771535 -0.178051
v 0.164963 -0.0400174 0.0588129
vn 0.970603 0.0435062 -0.23672
v 0.161787 -0.019529 0.0601224
vn 0.957063 0.231217 -0.174839
v 0.1659 -0.0337679 0.0638013
vn 0.960532 0.145532 -0.237065
v 0.145485 0.00676366 0.0295498
vn 0.889733 0.412863 -0.194731
v 0.149163 -0.0007932 0.0303319
vn 0.875767 0.415162 -0.246319
v 0.10868 0.0656805 0.0692308
vn 0.603483 0.777566 -0.176632
v 0.104403 0.0675247 0.0626203
vn 0.595576 0.784832 -0.171252
v 0.103235 0.0685847 0.0634129
vn 0.579704 0.795926 -0.174484
v 0.13735 0.0304163 0.0513013
vn 0.802352 0.582901 -0.128285
v 0.134687 0.0337205 0.052175
vn 0.778152 0.590456 -0.214105
v 0.144032 0.0214215 0.0522182
vn 0.859627 0.473703 -0.191436
v 0.109138 0.0579794 0.0402729
vn 0.644692 0.74099 -0.187901
v 0.106038 0.0606879 0.0394908
vn 0.670643 0.730653 -0.127999
v 0.102013 0.0652816 0.0446224
vn 0.637874 0.748464 -0.181434
v 0.0864021 0.0676415 0.00242238
vn 0.552232 0.815579 -0.17283
v 0.0960484 0.0774731 0.084454
vn 0.517137 0.845678 -0.131901
v 0.108486 0.0709837 0.0916129
vn 0.551428 0.82047 -0.150849
v 0.140545 0.0307373 0.0623877
vn 0.781291 0.595425 -0.187227
v 0.136034 0.0348058 0.0565034
vn 0.783045 0.577986 -0.229723
v 0.15253 -0.0990006 0.0512076
vn 0.908355 -0.335269 -0.249972
v 0.151256 -0.105341 0.0529729
vn 0.88097 -0.282785 -0.379375
v 0.143878 -0.118049 0.0453129
vn 0.91054 -0.343359 -0.230263
v 0.152142 0.00124678 0.0476613
vn 0.928735 0.359817 -0.0893457
v 0.149681 0.00676153 0.0453192
vn 0.924572 0.361312 -0.120915
v 0.147235 0.0142289 0.0489297
vn 0.885029 0.426948 -0.185579
v 0.149483 -0.014648 0.0146434
vn 0.924541 0.273445 -0.265429
v 0.14998 -0.021149 0.0105255
vn 0.954995 0.207342 -0.212117
v 0.149283 -0.0185058 0.00997187
vn 0.932336 0.273565 -0.236457
v 0.107343 0.0703331 0.0849055
vn 0.575868 0.798464 -0.175589
v 0.146644 0.0156899 0.0497055
vn 0.891534 0.432272 -0.135309
v 0.106353 0.0616931 0.044535
vn 0.620021 0.755113 -0.21302
v 0.128962 0.0429331 0.0568255
vn 0.722241 0.638958 -0.264764
v 0.10185 0.0662668 0.0484392
vn 0.622477 0.763802 -0.170675
v 0.120254 0.0411068 0.0185729
vn 0.796385 0.592877 -0.119448
v 0.11719 0.0462963 0.0239056
vn 0.742496 0.63973 -0.19861
v 0.107538 0.0510489 0.00638659
vn 0.690947 0.693874 -0.202808
v 0.108467 0.0486647 0.00139608
vn 0.690947 0.693874 -0.202808
v 0.104446 0.052752 0.0016803
vn 0.67003 0.715031 -0.199477
v 0.0426673 0.0988984 0.0552308
vn 0.337445 0.935099 -0.108259
v 0.0568263 0.0946489 0.0626571
vn 0.395317 0.908299 -0.13681
v 0.152997 0.0215468 0.0858434
vn 0.838227 0.496497 -0.225536
v 0.157292 0.0136173 0.0856445
vn 0.857777 0.469784 -0.20862
v 0.153438 0.0181037 0.0799034
vn 0.833895 0.506672 -0.218867
v 0.168818 -0.0462553 0.0781708
vn 0.951162 0.0236295 -0.307787
v 0.16822 -0.067109 0.0747203
vn 0.943435 -0.0117669 -0.331348
v 0.156592 -0.0325532 0.0326876
vn 0.962675 0.112554 -0.246146
v 0.155444 -0.02443 0.029955
vn 0.988813 0.103539 -0.107373
v 0.155039 -0.0163279 0.034035
vn 0.964649 0.152147 -0.215182
v 0.152498 -0.0259869 0.0167382
vn 0.957771 0.15311 -0.243375
v 0.152293 -0.0318711 0.0126298
vn 0.966961 0.122401 -0.223617
v 0.151834 -0.0291564 0.0121318
vn 0.95848 0.155915 -0.238759
v 0.082481 0.0791121 0.0473234
vn 0.506251 0.847607 -0.158971
v 0.162881 -0.0468963 0.049435
vn 0.968075 -0.0201743 -0.249846
v 0.158315 -0.0691984 0.0448624
vn 0.979029 -0.153369 -0.134089
v 0.161735 -0.0475247 0.0450466
vn 0.985394 -0.000332147 -0.170291
v 0.138786 0.01455 0.0219413
vn 0.855526 0.465135 -0.227432
v 0.132386 0.0288984 0.0272098
vn 0.81226 0.538502 -0.224165
v 0.137097 0.0216089 0.0279877
vn 0.829884 0.512872 -0.21967
v 0.128646 0.0509647 0.080535
vn 0.692189 0.694005 -0.198067
v 0.12725 0.0424173 0.0475687
vn 0.73337 0.651269 -0.194981
v 0.130295 0.0378584 0.045855
vn 0.751756 0.603496 -0.265809
v 0.123833 0.0454226 0.0447519
vn 0.744164 0.632613 -0.214524
v 0.10273 0.0618247 0.0321845
vn 0.618553 0.76479 -0.180246
v 0.103928 0.0592005 0.0255571
vn 0.635618 0.750221 -0.182095
v 0.164187 -0.0211132 0.067255
vn 0.932174 0.207193 -0.296854
v 0.159795 -0.0600501 0.0419508
vn 0.98769 -0.155952 0.0121672
v 0.148328 0.00459418 0.0360635
vn 0.857947 0.430771 -0.279935
v 0.150547 -0.00387532 0.0314066
vn 0.913766 0.325298 -0.243338
v 0.101993 0.068251 0.057754
vn 0.594837 0.784155 -0.176834
v 0.141939 0.0250384 0.0531466
vn 0.84391 0.521056 -0.127738
v 0.150854 0.00806574 0.0543308
vn 0.885043 0.420469 -0.199762
v 0.10557 0.0646858 0.0543529
vn 0.61455 0.761522 -0.205943
v 0.107512 0.0642931 0.0591392
vn 0.617028 0.767298 -0.17473
v 0.109452 0.0621205 0.0564508
vn 0.645279 0.738796 -0.194409
v 0.11567 0.0565899 0.0567992
vn 0.653933 0.720939 -0.229387
v 0.117397 0.05407 0.0542919
vn 0.67377 0.715022 -0.186489
v 0.127333 0.0352468 0.0270035
vn 0.754713 0.59156 -0.283665
v 0.101974 0.059032 0.0180329
vn 0.628361 0.755886 -0.183847
v 0.136352 0.0416405 0.0797245
vn 0.746147 0.634133 -0.202831
v 0.166686 -0.0467711 0.0663066
vn 0.987141 0.0294273 -0.157119
v 0.150454 -0.00992796 0.0246287
vn 0.907376 0.307203 -0.286871
v 0.151199 0.00498789 0.0519687
vn 0.884254 0.389567 -0.257549
v 0.125528 0.0422184 0.0407424
vn 0.745184 0.63787 -0.194479
v 0.113166 0.0602152 0.0615445
vn 0.643867 0.740512 -0.192555
v 0.112322 0.0588784 0.053474
vn 0.658363 0.73439 -0.165014
v 0.103385 0.0547342 0.00569712
vn 0.643622 0.740023 -0.195234
v 0.100089 0.0565984 0.00189713
vn 0.643663 0.740005 -0.19517
v 0.0702189 0.0893047 0.0699761
vn 0.423805 0.897765 -0.12003
v 0.148747 0.02521 0.0794087
vn 0.820404 0.52601 -0.224164
v 0.149247 0.0223857 0.0740876
vn 0.823515 0.529486 -0.203637
v 0.167846 -0.0634416 0.0717666
vn 0.970081 -0.0845447 -0.227586
v 0.163426 -0.0798711 0.0676771
vn 0.929844 -0.168769 -0.326968
v 0.156977 -0.0222406 0.0369497
vn 0.946343 0.176779 -0.270524
v 0.153583 -0.00851633 0.0378719
vn 0.9593 0.246501 -0.137769
v 0.151788 -0.02411 0.0155287
vn 0.952981 0.175072 -0.247339
v 0.151256 -0.0264743 0.0116055
vn 0.959997 0.162325 -0.22816
v 0.16005 -0.0294848 0.0483835
vn 0.95591 0.137264 -0.259604
v 0.159393 -0.0296301 0.0457192
vn 0.980629 0.133742 -0.143105
v 0.129805 0.0339562 0.0319708
vn 0.782179 0.58935 -0.202147
v 0.124324 0.0397878 0.0315655
vn 0.750529 0.632385 -0.191819
v 0.119513 0.05053 0.0476245
vn 0.700026 0.691807 -0.177107
v 0.117262 0.0517637 0.0445992
vn 0.675801 0.694237 -0.247646
v 0.131745 0.0199015 0.00346555
vn 0.838988 0.526165 -0.138745
v 0.128365 0.0249942 0.00234028
vn 0.838977 0.526173 -0.138779
v 0.125841 0.0304563 0.00778974
vn 0.838988 0.526165 -0.138744
v 0.118 0.0398215 0.00600659
vn 0.738023 0.642216 -0.207077
v 0.119816 0.0359247 0.000390798
vn 0.737979 0.642272 -0.207062
v 0.116152 0.040251 0.00075081
vn 0.738032 0.642207 -0.207072
v 0.163002 0.0100468 0.101827
vn 0.884325 0.424416 -0.194525
v 0.168136 -0.000245841 0.10271
vn 0.884329 0.424383 -0.19458
v 0.16464 0.0044426 0.0970477
vn 0.884334 0.424372 -0.194579
v 0.169118 -0.0105553 0.0942592
vn 0.915121 0.182631 -0.359443
v 0.172545 -0.017689 0.0993613
vn 0.915136 0.182626 -0.359409
v 0.154853 -0.0575732 0.0211213
vn 0.99097 -0.0141802 -0.13333
v 0.154444 -0.0491942 0.017195
vn 0.990969 -0.0141772 -0.133336
v 0.155147 -0.0408626 0.021535
vn 0.990974 -0.0141604 -0.133301
v 0.153833 -0.0329859 0.0186992
vn 0.973505 0.0833651 -0.212928
v 0.153427 -0.0400795 0.0140676
vn 0.973522 0.0833612 -0.212854
v 0.153089 -0.0373322 0.0135982
vn 0.973517 0.0833778 -0.212868
v 0.149385 -0.104461 0.044995
vn 0.916561 -0.374787 -0.139465
v 0.147235 -0.00915216 0.0133224
vn 0.926017 0.28953 -0.242209
v 0.114265 0.0662236 0.0907182
vn 0.61387 0.774201 -0.154195
v 0.141996 0.0222616 0.0479434
vn 0.820282 0.501141 -0.275671
v 0.143273 -0.00141635 0.0075245
vn 0.917725 0.36646 -0.153261
v 0.10962 0.0548142 0.0282308
vn 0.666907 0.721831 -0.184918
v 0.151926 -0.0918121 0.0357445
vn 0.950539 -0.267436 -0.157969
v 0.152246 -0.00536268 0.0364761
vn 0.939694 0.285492 -0.188335
v 0.153427 -0.0120616 0.032214
vn 0.950511 0.233798 -0.204617
v 0.152679 -0.00951003 0.0323476
vn 0.939695 0.285493 -0.188327
v 0.134517 0.0266668 0.0327498
vn 0.840104 0.531324 -0.109175
v 0.163541 -0.0568606 0.0604519
vn 0.960128 -0.0583987 -0.273392
v 0.160325 -0.0378385 0.0424561
vn 0.990181 0.131431 -0.0476147
v 0.145042 0.0192857 0.0513498
vn 0.870723 0.470448 -0.143247
v 0.138014 0.00947524 0.00560871
vn 0.882074 0.453106 -0.128997
v 0.114086 0.0474679 0.0171782
vn 0.707369 0.680283 -0.191946
v 0.151054 0.0297531 0.0996855
vn 0.807713 0.560083 -0.184138
v 0.154538 -0.074529 0.0287066
vn 0.986383 -0.127479 -0.103909
v 0.153833 -0.0189774 0.0277719
vn 0.956595 0.195124 -0.216454
v 0.153295 -0.0174395 0.0267792
vn 0.956613 0.195057 -0.216436
v 0.149423 -0.00579215 0.0248234
vn 0.866502 0.389353 -0.312376
v 0.147462 -0.0127405 0.00919713
vn 0.943917 0.273144 -0.185507
v 0.104633 0.0618458 0.0391761
vn 0.652716 0.741793 -0.153964
v 0.102925 0.0637931 0.0413203
vn 0.644353 0.748 -0.159078
v 0.118065 0.0635321 0.0934466
vn 0.622893 0.775574 -0.102421
v 0.14168 0.0288405 0.0621003
vn 0.81747 0.490598 -0.301754
v 0.146958 -0.109283 0.0422182
vn 0.915088 -0.374445 -0.149682
v 0.149149 0.00778366 0.044834
vn 0.896133 0.394922 -0.202442
v 0.147364 0.0121047 0.0453613
vn 0.85272 0.461874 -0.24401
v 0.101381 0.0665994 0.0483592
vn 0.269354 0.921596 -0.279479
v 0.13794 0.03173 0.0552887
vn 0.799307 0.570276 -0.189455
v 0.10264 0.0273763 0.130404
vn 0.61621 0.593303 0.517954
v 0.100941 0.0321805 0.126556
vn 0.567525 0.627546 0.533011
v 0.0840684 0.0484121 0.123352
vn 0.534174 0.712405 0.455123
v 0.0992421 0.0369857 0.122709
vn 0.561242 0.658804 0.500983
v 0.0758968 0.0606363 0.109041
vn 0.437848 0.81736 0.374448
v 0.0888557 0.0554142 0.1048
vn 0.465655 0.791948 0.394948
v 0.0804105 0.0609373 0.103123
vn 0.439186 0.815746 0.376397
v 0.0849231 0.0612384 0.0972045
vn 0.429087 0.825346 0.366998
v 0.0487231 0.0816552 0.0794203
vn 0.264967 0.933979 0.23974
v 0.0290505 0.0896658 0.0656645
vn 0.207018 0.958792 0.194583
v 0.0296021 0.0855426 0.0833466
vn 0.244201 0.946048 0.212977
v 0.0301547 0.0814194 0.101029
vn 0.271011 0.931267 0.243504
v 0.0431526 0.0493615 0.170478
vn 0.517918 0.739387 0.430194
v 0.0536337 0.0314299 0.185427
vn 0.584648 0.652648 0.48191
v 0.058002 0.0380321 0.171082
vn 0.547874 0.696504 0.463376
v 0.0744084 -0.00899637 0.193411
vn 0.783412 0.254402 0.567049
v 0.0859926 -0.0368227 0.18447
vn 0.803346 0.119436 0.583412
v 0.077241 0.00556047 0.181464
vn 0.742938 0.351333 0.569744
v 0.104161 -0.045828 0.15941
vn 0.73813 -0.0820283 0.669654
v 0.105865 -0.0356342 0.157373
vn 0.747149 0.00793919 0.66461
v 0.101981 -0.0273237 0.160132
vn 0.641737 0.0457267 0.765561
v 0.107568 -0.0254395 0.155336
vn 0.771567 0.0715494 0.632112
v 0.103684 -0.01713 0.158095
vn 0.73462 0.121698 0.667475
v 0.099801 -0.0088195 0.160855
vn 0.719677 0.214779 0.660254
v 0.0996357 0.00902469 0.150901
vn 0.707379 0.426098 0.563964
v 0.104761 0.00284576 0.148211
vn 0.718613 0.329566 0.612357
v 0.105106 0.00446048 0.146936
vn 0.730092 0.384505 0.564909
v 0.109887 -0.00333317 0.14552
vn 0.744528 0.286074 0.603192
v 0.110233 -0.00171739 0.144247
vn 0.735467 0.315774 0.599478
v 0.110578 -0.000102665 0.142972
vn 0.740906 0.35131 0.572398
v 0.0563242 0.0673868 0.11552
vn 0.377707 0.866986 0.325074
v 0.0583473 0.068572 0.110017
vn 0.380356 0.865423 0.326146
v 0.0445621 0.0708805 0.119537
vn 0.351396 0.884795 0.306037
v 0.0603705 0.0697563 0.104514
vn 0.360639 0.878569 0.313139
v 0.0524663 0.0703184 0.112026
vn 0.346594 0.889367 0.298158
v 0.0849115 0.00898472 0.169351
vn 0.707412 0.389861 0.589557
v 0.0939147 -0.0246637 0.173051
vn 0.788823 0.102947 0.605938
v 0.0916031 -0.0102174 0.17013
vn 0.70392 0.247292 0.66584
v 0.0892915 0.0042289 0.167208
vn 0.726963 0.357348 0.586368
v 0.0475978 0.0657889 0.129758
vn 0.411539 0.841787 0.349327
v 0.0426589 0.0621942 0.144347
vn 0.426352 0.828121 0.363923
v 0.0506326 0.0592142 0.141781
vn 0.451752 0.805772 0.38295
v 0.0667126 0.0504373 0.140393
vn 0.488882 0.757493 0.432664
v 0.0690221 0.0478784 0.142073
vn 0.441809 0.735843 0.513166
v 0.064261 0.0542479 0.135767
vn 0.4682 0.787539 0.400712
v 0.0713315 0.0453205 0.143753
vn 0.505873 0.721672 0.472526
v 0.0665705 0.0516899 0.137447
vn 0.487604 0.770658 0.410278
v 0.0618105 0.0580594 0.13114
vn 0.448551 0.804328 0.38969
v 0.0709336 0.0593426 0.11768
vn 0.461792 0.788898 0.405449
v 0.0722021 0.0571847 0.120668
vn 0.457547 0.801589 0.384846
v 0.0734715 0.0550257 0.123655
vn 0.488546 0.760293 0.428109
v 0.0867547 0.0645605 0.0874476
vn 0.405961 0.844777 0.348635
v 0.0778263 0.0661005 0.0939961
vn 0.37814 0.864889 0.330117
v 0.0858389 0.0628994 0.0923255
vn 0.420552 0.83183 0.362208
v 0.0813747 0.0636689 0.0956003
vn 0.413602 0.838226 0.355401
v 0.0234221 0.0781563 0.12064
vn 0.274936 0.926288 0.257683
v 0.0320673 0.0742258 0.123853
vn 0.321369 0.902476 0.286809
v 0.0668179 0.0341384 0.165797
vn 0.560745 0.680347 0.471904
v 0.0586315 0.0470784 0.155994
vn 0.51314 0.74187 0.431643
v 0.0905263 -0.0640701 0.172538
vn 0.814612 -0.180127 0.551328
v 0.0932221 -0.0531195 0.172601
vn 0.811322 -0.105218 0.575053
v 0.0882589 -0.0504469 0.178504
vn 0.778338 -0.138629 0.61235
v 0.0924073 0.0135847 0.156353
vn 0.695007 0.394742 0.600952
v 0.0924736 0.00894363 0.159713
vn 0.712061 0.418401 0.563835
v 0.0961042 0.0023826 0.158603
vn 0.731074 0.357976 0.580848
v 0.09254 0.00430262 0.163073
vn 0.707213 0.355458 0.611145
v 0.0961705 -0.00225847 0.161963
vn 0.714465 0.287515 0.637867
v 0.116209 -0.00353426 0.137596
vn 0.74018 0.316289 0.593376
v 0.112337 0.00156363 0.139553
vn 0.737699 0.335496 0.585869
v 0.113394 -0.00181846 0.140283
vn 0.74884 0.317975 0.58149
v 0.108464 0.00666259 0.14151
vn 0.684971 0.453915 0.569892
v 0.109521 0.00328049 0.14224
vn 0.749617 0.354934 0.558656
v 0.0356568 0.0673279 0.13966
vn 0.368226 0.872297 0.321727
v 0.08688 0.0159184 0.159742
vn 0.658614 0.485774 0.574674
v 0.0812189 0.0275331 0.156411
vn 0.606273 0.539732 0.584057
v 0.0636979 0.0603247 0.123983
vn 0.45754 0.802806 0.382308
v 0.079581 0.0457973 0.133101
vn 0.513822 0.72715 0.455236
v 0.0608084 0.0541026 0.140439
vn 0.495147 0.77062 0.401217
v 0.0525294 0.0669352 0.121086
vn 0.407649 0.840619 0.356627
v 0.0571694 0.0624973 0.126113
vn 0.415779 0.837204 0.355272
v 0.0627547 0.059192 0.127561
vn 0.44088 0.815722 0.374463
v 0.0950368 0.0447057 0.116426
vn 0.554629 0.665924 0.49893
v 0.0971389 0.0408457 0.119567
vn 0.560895 0.684553 0.465601
v 0.102205 0.0365142 0.118781
vn 0.584104 0.650786 0.485076
v 0.104308 0.0326552 0.121923
vn 0.605543 0.617247 0.502318
v 0.109375 0.0283237 0.121138
vn 0.582012 0.624001 0.521426
v 0.0975463 0.0522489 0.100598
vn 0.487889 0.770994 0.409308
v 0.0946926 0.0516068 0.105128
vn 0.49984 0.756234 0.422221
v 0.0918378 0.0509647 0.109656
vn 0.490091 0.76501 0.417817
v 0.014981 0.0934984 0.0585876
vn 0.175282 0.968639 0.176112
v 0.0285968 0.0939889 0.0414634
vn 0.188124 0.967445 0.169293
v 0.0500957 0.0271626 0.195031
vn 0.620237 0.589163 0.517872
v 0.0598063 0.018672 0.192234
vn 0.631501 0.563703 0.532396
v 0.0733063 -0.0230711 0.199594
vn 0.792658 0.223308 0.567298
v 0.0691199 -0.00723847 0.197137
vn 0.738279 0.289713 0.609107
v 0.0649347 0.00859522 0.194679
vn 0.752258 0.334691 0.567529
v 0.108865 -0.0116195 0.15032
vn 0.759198 0.113769 0.64084
v 0.108217 -0.01853 0.152828
vn 0.785035 0.1449 0.602266
v 0.110582 -0.0255332 0.149842
vn 0.791735 0.0768824 0.606008
v 0.109934 -0.0324427 0.15235
vn 0.794914 0.00982843 0.606643
v 0.112299 -0.0394458 0.149364
vn 0.765477 0.0306486 0.642733
v 0.116785 -0.0125732 0.140473
vn 0.759168 0.217616 0.61344
v 0.113336 -0.00795322 0.142997
vn 0.762309 0.240916 0.600703
v 0.11303 -0.00927952 0.144007
vn 0.762893 0.215416 0.609582
v 0.109582 -0.00465847 0.146531
vn 0.750688 0.282261 0.597324
v 0.109277 -0.00598476 0.147541
vn 0.752665 0.243662 0.611657
v 0.0654168 0.0742563 0.0857645
vn 0.332471 0.897376 0.290136
v 0.100108 -0.0616448 0.160325
vn 0.78577 -0.161806 0.59698
v 0.0970115 -0.0431542 0.166688
vn 0.835915 -0.0481494 0.546743
v 0.0951757 0.0265194 0.140476
vn 0.638912 0.552827 0.534952
v 0.107063 0.0157889 0.136307
vn 0.665761 0.505444 0.548898
v 0.0350157 0.0603363 0.15767
vn 0.427061 0.825371 0.3693
v 0.0391578 0.0647616 0.142003
vn 0.395216 0.852151 0.342991
v 0.0778052 0.0382742 0.146774
vn 0.582267 0.65773 0.477866
v 0.0745684 0.0417973 0.145263
vn 0.521454 0.692699 0.49825
v 0.0795115 0.0329036 0.151593
vn 0.520328 0.655955 0.546793
v 0.0762747 0.0364268 0.150082
vn 0.549596 0.665191 0.505436
v 0.113996 0.0104226 0.13195
vn 0.678376 0.480092 0.556164
v 0.0701957 0.0622889 0.111861
vn 0.419691 0.833087 0.360313
v 0.0728178 0.0609058 0.11203
vn 0.4346 0.81935 0.373882
v 0.0644947 0.0639415 0.11468
vn 0.40681 0.843366 0.351055
v 0.0671168 0.0625584 0.11485
vn 0.415651 0.83263 0.366008
v 0.0697389 0.0611752 0.115018
vn 0.431107 0.820087 0.376304
v 0.0641378 0.0798489 0.0689108
vn 0.288605 0.923771 0.251704
v 0.035421 0.0558416 0.167028
vn 0.451664 0.799665 0.395646
v 0.0767978 0.0216257 0.168249
vn 0.683377 0.484015 0.546558
v 0.0687547 0.0311321 0.167327
vn 0.644136 0.543645 0.538088
v 0.102135 -0.0537364 0.159868
vn 0.719548 -0.145085 0.679118
v 0.103373 -0.0576784 0.156286
vn 0.789717 -0.205025 0.578198
v 0.101346 -0.0655869 0.156742
vn 0.784242 -0.263989 0.561493
v 0.102584 -0.069528 0.15316
vn 0.766431 -0.248253 0.592413
v 0.0943052 0.0156384 0.151754
vn 0.684011 0.480647 0.548733
v 0.0960084 0.0121637 0.152915
vn 0.7029 0.469825 0.534038
v 0.0889737 0.022251 0.152607
vn 0.652954 0.562708 0.506962
v 0.0906778 0.0187763 0.153768
vn 0.682762 0.509622 0.523566
v 0.092381 0.0153016 0.154928
vn 0.684021 0.483523 0.546188
v 0.0542147 0.0674205 0.117873
vn 0.397357 0.850656 0.344226
v 0.0604094 0.0656637 0.1151
vn 0.394845 0.853308 0.340533
v 0.0521042 0.0674542 0.120226
vn 0.388118 0.859657 0.332197
v 0.0582989 0.0656973 0.117453
vn 0.391268 0.859074 0.330003
v 0.0743389 0.0365531 0.153387
vn 0.624368 0.619141 0.476266
v 0.0755684 0.0290889 0.160817
vn 0.717897 0.546987 0.430614
v 0.0851905 0.0343331 0.143227
vn 0.585703 0.620264 0.521752
v 0.0814979 0.0363037 0.145
vn 0.580888 0.661301 0.474606
v 0.0870821 0.028292 0.147916
vn 0.64383 0.584749 0.493509
v 0.0833894 0.0302626 0.149691
vn 0.609704 0.609451 0.506784
v 0.0500631 0.0663626 0.125422
vn 0.400907 0.850508 0.340456
v 0.0498505 0.0666215 0.124992
vn 0.385362 0.860749 0.332578
v 0.0523168 0.0671952 0.120656
vn 0.383566 0.862343 0.330517
v 0.0705252 0.0434952 0.14689
vn 0.541296 0.71357 0.444767
v 0.105543 0.0282826 0.124873
vn 0.627798 0.582826 0.51593
v 0.107243 0.0234773 0.12872
vn 0.651162 0.537123 0.536178
v 0.111845 0.0195784 0.127037
vn 0.629522 0.551782 0.547027
v 0.0783842 0.0584226 0.110816
vn 0.448016 0.808743 0.381074
v 0.0808705 0.0562089 0.11259
vn 0.461802 0.794529 0.394287
v 0.0466031 0.0878121 0.0559435
vn 0.227128 0.951737 0.206422
v 0.0431958 0.04235 0.182426
vn 0.563937 0.700359 0.437575
v 0.0670663 0.0202142 0.181703
vn 0.697846 0.435704 0.568484
v 0.107696 -0.0398911 0.153857
vn 0.79276 -0.0551527 0.607034
v 0.105993 -0.0500848 0.155894
vn 0.81355 -0.120072 0.568963
v 0.107823 -0.0543416 0.152377
vn 0.777847 -0.102148 0.620097
v 0.0719747 0.0638679 0.106176
vn 0.400755 0.848545 0.345495
v 0.0864126 -0.0148659 0.180308
vn 0.760029 0.20491 0.61674
v 0.092201 0.0242552 0.145313
vn 0.636971 0.554086 0.535962
v 0.0992115 0.0141774 0.1474
vn 0.672251 0.51638 0.5305
v 0.046321 0.0665563 0.129255
vn 0.383186 0.859241 0.33893
v 0.0450442 0.0673247 0.128752
vn 0.380013 0.864901 0.327927
v 0.0749231 0.0380942 0.149751
vn 0.503182 0.686155 0.525357
v 0.0726137 0.040652 0.148071
vn 0.554282 0.69439 0.458906
v 0.0785147 0.0308678 0.155749
vn 0.631949 0.559168 0.53663
v 0.0659631 0.0604415 0.120314
vn 0.435588 0.825401 0.359134
v 0.0646947 0.0626005 0.117327
vn 0.401649 0.814742 0.418179
v 0.0584557 0.0658573 0.116973
vn 0.421353 0.830244 0.364907
v 0.0839179 0.0673152 0.083715
vn 0.392684 0.856913 0.333915
v 0.08108 0.0700699 0.0799824
vn 0.355947 0.88116 0.311223
v 0.0251621 0.0728605 0.134935
vn 0.300665 0.905675 0.298919
v 0.0269031 0.0675647 0.14923
vn 0.346542 0.880558 0.323306
v 0.0700379 0.0413131 0.151655
vn 0.559703 0.698014 0.446665
v 0.093541 -0.0744837 0.162101
vn 0.860292 -0.214463 0.462497
v 0.0965568 -0.0848964 0.151663
vn 0.773517 -0.290595 0.563229
v 0.0878852 0.0147847 0.15978
vn 0.58728 0.468236 0.660195
v 0.0878179 0.0194258 0.15642
vn 0.608817 0.470964 0.638385
v 0.0832294 0.0252668 0.156487
vn 0.62409 0.538927 0.565747
v 0.112136 0.00377208 0.138666
vn 0.735888 0.391047 0.552767
v 0.116009 -0.00132581 0.136709
vn 0.723128 0.313101 0.615673
v 0.115808 0.000882569 0.135821
vn 0.716701 0.391845 0.576886
v 0.03128 0.0674458 0.144444
vn 0.377168 0.867793 0.323542
v 0.0822242 0.0264005 0.156449
vn 0.589251 0.54278 0.598477
v 0.0610768 0.063091 0.120478
vn 0.434414 0.836097 0.335004
v 0.0554926 0.0663963 0.11903
vn 0.402406 0.842067 0.359156
v 0.0911894 0.0446331 0.120116
vn 0.535462 0.71577 0.448278
v 0.0890863 0.0484931 0.116974
vn 0.490934 0.695008 0.525308
v 0.0831368 0.0522815 0.117523
vn 0.512743 0.738302 0.438183
v 0.0948979 0.0554342 0.0974666
vn 0.476997 0.785076 0.395133
v 0.0922494 0.0586195 0.094335
vn 0.465345 0.79665 0.385748
v 0.0194115 0.086771 0.0903045
vn 0.218939 0.953519 0.207045
v 0.0634105 0.0265868 0.179335
vn 0.605053 0.616894 0.503341
v 0.0780263 -0.0331974 0.194032
vn 0.867093 0.141879 0.477515
v 0.0827463 -0.0433237 0.18847
vn 0.817578 0.0797691 0.570265
v 0.104269 -0.01209 0.154836
vn 0.767899 0.212382 0.604339
v 0.104918 -0.00517954 0.152329
vn 0.677358 0.193919 0.709634
v 0.100969 0.00125946 0.154337
vn 0.739612 0.25381 0.623342
v 0.11321 -0.00567739 0.142334
vn 0.757067 0.256395 0.600925
v 0.11666 -0.0102974 0.13981
vn 0.751892 0.222271 0.620689
v 0.116534 -0.00802161 0.139148
vn 0.753525 0.259202 0.604164
v 0.0451947 0.07621 0.102523
vn 0.315272 0.907559 0.27738
v 0.0965947 -0.024929 0.169595
vn 0.790374 0.0897476 0.606015
v 0.0996915 -0.0434195 0.163232
vn 0.721482 -0.0929546 0.686165
v 0.0992747 -0.0251953 0.166139
vn 0.749336 0.126875 0.649921
v 0.0901273 0.0383068 0.131866
vn 0.586689 0.654756 0.47654
v 0.0471863 0.0526858 0.159389
vn 0.482473 0.776058 0.406145
v 0.0713589 0.0478563 0.139337
vn 0.502583 0.748357 0.432865
v 0.0745958 0.0443331 0.140848
vn 0.57596 0.706814 0.410712
v 0.0713863 0.0503921 0.134921
vn 0.515439 0.755001 0.405335
v 0.101718 -0.0355122 0.162774
vn 0.610679 -0.111084 0.784048
v 0.0940926 0.0182142 0.150003
vn 0.678698 0.538776 0.499089
v 0.0994231 0.0116016 0.149151
vn 0.703223 0.438265 0.559823
v 0.0764273 0.03371 0.154568
vn 0.509253 0.62146 0.595356
v 0.0817137 0.0199268 0.16255
vn 0.68512 0.518373 0.511761
v 0.0782884 0.0423626 0.139074
vn 0.538179 0.703036 0.46487
v 0.0532231 0.0648416 0.125469
vn 0.424942 0.841109 0.334604
v 0.0507568 0.0642678 0.129804
vn 0.401455 0.844929 0.353452
v 0.0539168 0.0627479 0.129851
vn 0.445749 0.818708 0.361973
v 0.0603147 0.0565921 0.135121
vn 0.457973 0.802862 0.381671
v 0.104895 0.00703734 0.145186
vn 0.735659 0.420955 0.530663
v 0.0578631 0.0604036 0.130495
vn 0.422642 0.818551 0.389035
v 0.0770358 0.0558121 0.117601
vn 0.453629 0.774166 0.441461
v 0.0885863 0.0599289 0.0957697
vn 0.4363 0.823618 0.362348
v 0.0895021 0.06159 0.0908919
vn 0.436279 0.82362 0.362368
v 0.0843694 -0.0400732 0.18647
vn 0.772756 0.00467913 0.634685
v 0.0866368 -0.0536974 0.180505
vn 0.841694 -0.0928332 0.531915
v 0.100385 -0.00377952 0.157596
vn 0.767319 0.283084 0.5754
v 0.0966884 0.00742258 0.155346
vn 0.661767 0.351437 0.662236
v 0.113556 -0.00406161 0.141059
vn 0.753932 0.280023 0.594284
v 0.116372 -0.00577847 0.138372
vn 0.745398 0.265327 0.611542
v 0.0959073 -0.0104458 0.164607
vn 0.705895 0.230781 0.669666
v 0.0665979 0.0542258 0.133031
vn 0.465674 0.784007 0.410465
v 0.10799 0.0324805 0.117723
vn 0.542613 0.63361 0.551461
v 0.106607 0.0366373 0.114309
vn 0.542605 0.63359 0.551492
v 0.100822 0.040671 0.115367
vn 0.542661 0.633576 0.551453
v 0.0972347 0.048211 0.107921
vn 0.516197 0.74051 0.430332
v 0.102632 0.0454573 0.106187
vn 0.516177 0.740551 0.430286
v 0.100088 0.0488531 0.103393
vn 0.51622 0.740526 0.430276
v 0.053041 0.0187784 0.199743
vn 0.630647 0.536722 0.560548
v 0.0559873 0.0103952 0.204457
vn 0.630612 0.536797 0.560515
v 0.0636284 0.00245626 0.200414
vn 0.815309 0.293043 0.499397
v 0.0623231 -0.00368371 0.206148
vn 0.815292 0.29305 0.49942
v 0.0678147 -0.0133774 0.202871
vn 0.815308 0.293056 0.49939
v 0.114175 -0.0322006 0.146778
vn 0.713827 0.0641316 0.69738
v 0.11605 -0.0249553 0.144192
vn 0.713826 0.0641315 0.69738
v 0.112458 -0.0182879 0.147256
vn 0.713828 0.0641303 0.697378
v 0.113118 -0.0115837 0.144553
vn 0.752994 0.178574 0.633333
v 0.116959 -0.0171837 0.141564
vn 0.752893 0.178334 0.633521
v 0.116873 -0.0148785 0.141018
vn 0.752899 0.178479 0.633474
v 0.0983326 -0.0732711 0.155994
vn 0.701649 -0.340348 0.625981
v 0.0805168 0.031771 0.151631
vn 0.642798 0.61205 0.460658
v 0.11292 0.0150005 0.129493
vn 0.628879 0.477108 0.613904
v 0.0753052 0.058692 0.113805
vn 0.444758 0.808528 0.385322
v 0.0393084 0.0490963 0.174727
vn 0.445983 0.772642 0.451801
v 0.0679105 0.0256731 0.174515
vn 0.730614 0.499711 0.465287
v 0.105203 -0.0619353 0.152769
vn 0.731401 -0.219026 0.645818
v 0.0967284 0.0100847 0.153451
vn 0.68283 0.394882 0.614664
v 0.101076 0.00486679 0.151973
vn 0.710513 0.341037 0.61552
v 0.100356 0.00694574 0.151437
vn 0.682896 0.394894 0.614583
v 0.0995379 -0.0170069 0.163497
vn 0.627289 0.220861 0.746813
v 0.0798673 0.0292005 0.15608
vn 0.554537 0.570043 0.60625
v 0.110609 0.023951 0.124088
vn 0.573696 0.563195 0.594713
v 0.0863547 0.0535868 0.111123
vn 0.480437 0.77341 0.413542
v 0.0466452 0.0347563 0.188728
vn 0.553284 0.666298 0.499924
v 0.066001 0.0144047 0.188192
vn 0.787261 0.389459 0.478061
v 0.110061 -0.0468932 0.150871
vn 0.70021 -0.0665947 0.710824
v 0.105176 -0.000558483 0.149757
vn 0.729409 0.300208 0.614685
v 0.105482 0.00076681 0.148747
vn 0.729448 0.300232 0.614627
v 0.103838 0.0104205 0.144455
vn 0.716484 0.50457 0.481726
v 0.114902 0.00565207 0.133886
vn 0.68532 0.381863 0.620094
v 0.0640968 0.0635163 0.115995
vn 0.40972 0.824283 0.390752
v 0.0614747 0.0648995 0.115827
vn 0.407801 0.829594 0.381409
v 0.0726084 0.0749594 0.0744466
vn 0.3411 0.899624 0.272631
v 0.0311621 0.0617026 0.158129
vn 0.348486 0.850691 0.39355
v 0.0693968 0.0362226 0.159491
vn 0.661559 0.602944 0.445868
v 0.0995705 -0.0772121 0.152412
vn 0.70978 -0.338536 0.617743
v 0.0878052 0.0202847 0.155708
vn 0.649118 0.507467 0.566677
v 0.0861021 0.0237595 0.154547
vn 0.642114 0.583793 0.496865
v 0.05528 0.0666563 0.118599
vn 0.265145 0.963196 0.0441851
v 0.0721884 0.0389331 0.15252
vn 0.563065 0.679696 0.470076
v 0.0338368 0.0252794 0.229594
vn 0.348674 0.571469 0.742866
v 0.0359652 0.0523247 0.201202
vn 0.483349 0.656717 0.578876
v 0.0334916 0.0337489 0.222341
vn 0.397522 0.616072 0.680023
v 0.0463768 0.0597868 0.179277
vn 0.56393 0.688682 0.455741
v 0.0434431 0.063751 0.176572
vn 0.836179 0.534334 -0.12366
v 0.043401 0.0634373 0.177187
vn 0.548369 0.704737 0.450152
v 0.0405105 0.0677152 0.173866
vn 0.579847 0.70453 0.409163
v 0.0404673 0.0674015 0.174481
vn 0.581142 0.708184 0.400936
v 0.0404252 0.0670878 0.175097
vn 0.548196 0.702165 0.454362
v 0.0334631 0.00585836 0.244614
vn 0.262254 0.557525 0.787648
v 0.0376336 -0.00365109 0.249816
vn 0.296535 0.557315 0.775543
v 0.0398989 0.0223099 0.229098
vn 0.352452 0.604312 0.714552
v 0.0219368 0.0107458 0.244775
vn 0.202995 0.500102 0.841838
v 0.0489494 0.0559184 0.182215
vn -0.504997 -0.709319 -0.491777
v 0.051522 0.05205 0.185153
vn 0.567175 0.699676 0.434471
v 0.0460157 0.0598826 0.17951
vn 0.584736 0.702871 0.405039
v 0.0343431 -0.00398268 0.250753
vn 0.182037 0.532121 0.826868
v 0.0352221 -0.0138237 0.256893
vn 0.198399 0.509237 0.837446
v 0.0364273 -0.00873743 0.253354
vn 0.229807 0.518475 0.823634
v -0.0323011 -0.130576 0.280774
vn -0.349682 0.11678 0.929562
v -0.0166664 -0.119018 0.286111
vn -0.328706 0.167617 0.929439
v -0.0158537 -0.112367 0.285469
vn -0.318483 0.129562 0.939033
v -0.0150411 -0.105715 0.284827
vn -0.307159 0.182992 0.933899
v 0.0274389 0.0309057 0.227568
vn 0.397247 0.530656 0.748732
v 0.0213863 0.0280626 0.232794
vn 0.209997 0.535772 0.817832
v 0.0100031 0.0975468 0.165394
vn 0.561966 0.729559 0.389792
v 0.00675049 0.0833889 0.189141
vn 0.455836 0.694161 0.557094
v 0.0114126 0.0857553 0.181683
vn 0.510363 0.691579 0.511125
v 0.0785126 0.0339321 0.17722
vn 0.618812 0.712467 0.330851
v 0.073941 0.043931 0.161602
vn 0.671552 0.697521 0.249962
v 0.0714831 0.0434173 0.169639
vn 0.62394 0.714828 0.315785
v 0.0693684 0.0539299 0.145984
vn 0.66707 0.71573 0.206757
v 0.0644537 0.0529015 0.162058
vn 0.640286 0.715556 0.27931
v 0.0511421 -0.0565321 0.277726
vn 0.137052 0.476379 0.868493
v 0.0543052 -0.0507921 0.274191
vn 0.0831185 0.488935 0.868351
v 0.0538652 -0.0315216 0.263382
vn 0.220108 0.535211 0.815538
v 0.0574684 -0.0450522 0.270656
vn 0.215439 0.52023 0.826406
v 0.0332 0.0160142 0.237295
vn 0.171321 0.586347 0.791736
v 0.0332063 0.0130742 0.239479
vn 0.175327 0.58738 0.790092
v 0.0362673 0.0253942 0.227554
vn 0.254947 0.655175 0.711159
v 0.0332136 0.0101331 0.241663
vn 0.179882 0.590719 0.786571
v 0.0362736 0.0224531 0.229739
vn 0.269403 0.634384 0.724554
v 0.0393347 0.0347731 0.217814
vn 0.38186 0.650664 0.656368
v 0.0317884 0.0760405 0.17184
vn 0.575106 0.706517 0.412415
v 0.0203778 0.0871457 0.168761
vn 0.573349 0.710988 0.407144
v 0.0229126 0.077371 0.181061
vn 0.531912 0.693189 0.486373
v 0.0426336 -0.0232648 0.260935
vn 0.208685 0.511597 0.833498
v 0.0449137 -0.032489 0.265746
vn 0.224478 0.493688 0.840168
v 0.0460557 -0.0154879 0.254852
vn 0.221937 0.538326 0.812988
v 0.0471926 -0.0417122 0.270557
vn 0.144371 0.496407 0.856001
v 0.0494779 -0.0077111 0.248768
vn 0.293942 0.555842 0.777585
v 0.060521 0.0431458 0.187795
vn 0.58109 0.704052 0.408223
v 0.07012 0.0368815 0.18511
vn 0.59573 0.709497 0.376457
v 0.0568526 0.0507721 0.179622
vn 0.585756 0.706818 0.396609
v 0.0531852 0.0583973 0.171449
vn 0.614653 0.712377 0.338705
v 0.0364158 -0.0341953 0.268071
vn 0.0977437 0.453024 0.886124
v 0.0367579 -0.0446911 0.273087
vn 0.0326339 0.431816 0.901371
v 0.0382736 -0.0437385 0.272575
vn 0.105415 0.441171 0.89121
v 0.0371 -0.0551858 0.278101
vn 0.0106707 0.402716 0.915263
v 0.0386158 -0.0542332 0.277591
vn 0.0444881 0.416622 0.90799
v 0.0401326 -0.0532816 0.277079
vn 0.064169 0.426713 0.902108
v -0.000963196 -0.107297 0.289329
vn -0.22488 0.220212 0.949176
v 0.00685154 -0.101437 0.289835
vn -0.282182 0.297478 0.912075
v 0.0191947 -0.07355 0.284558
vn -0.128323 0.319873 0.93873
v 0.0146652 -0.0955774 0.290341
vn -0.152249 0.297112 0.942626
v 0.00849468 0.0214973 0.241372
vn 0.150163 0.469414 0.870116
v 0.00170944 0.0178426 0.244695
vn 0.229047 0.387051 0.893157
v -0.000107399 0.00372891 0.251277
vn 0.0737704 0.458127 0.88582
v -0.00507582 0.0141878 0.248019
vn 0.0715562 0.386856 0.91936
v -0.00689267 7.41416e-05 0.254601
vn 0.0101671 0.421576 0.906736
v -0.00870951 -0.0140395 0.261183
vn -0.0249971 0.326411 0.944897
v -0.00215582 0.0571963 0.219103
vn 0.263398 0.607549 0.749337
v -0.00574634 0.0477142 0.228054
vn 0.21381 0.555677 0.803435
v -0.00139793 0.0471668 0.226969
vn 0.264909 0.585322 0.766304
v 0.00294944 0.0466184 0.225884
vn 0.310621 0.591738 0.743882
v 0.0014347 0.0666784 0.210154
vn 0.378104 0.605285 0.700476
v 0.0578652 0.0707373 0.113654
vn 0.704907 0.708148 0.0404015
v 0.0440526 0.0843257 0.0808571
vn 0.71577 0.695712 -0.0604716
v 0.03948 0.0895573 0.101447
vn 0.696801 0.714881 0.0584324
v 0.0628305 0.0294237 0.205029
vn 0.516702 0.682656 0.516721
v 0.0666884 0.0214868 0.21129
vn 0.492634 0.673837 0.550686
v 0.0672694 0.0244615 0.20713
vn 0.512698 0.680375 0.52367
v 0.0705452 0.0135499 0.217551
vn 0.487435 0.669575 0.560425
v 0.0717084 0.0194994 0.209231
vn 0.521338 0.682996 0.511589
v 0.0633684 -0.034049 0.262464
vn 0.269773 0.572207 0.774469
v 0.0687958 -0.0235848 0.253183
vn 0.305917 0.610652 0.730424
v 0.0649978 -0.00454058 0.239419
vn 0.336201 0.61589 0.712494
v 0.0372863 0.0642057 0.183892
vn 0.545273 0.678977 0.491596
v 0.0394452 0.0585984 0.189488
vn 0.497667 0.701186 0.510553
v 0.0388557 0.0656468 0.179495
vn 0.590201 0.680785 0.433814
v 0.0416052 0.052991 0.195083
vn 0.502245 0.682953 0.530401
v 0.0410158 0.0600394 0.185091
vn 0.550032 0.697413 0.459435
v 0.0292442 0.06677 0.189136
vn 0.503558 0.680627 0.532144
v 0.0448663 0.0377163 0.210773
vn 0.460332 0.645912 0.609009
v 0.0499936 0.0251668 0.220403
vn 0.448993 0.647047 0.616226
v 0.0464579 0.0516889 0.191747
vn 0.52521 0.680084 0.511509
v 0.0272136 -0.00203636 0.249955
vn 0.243764 0.501433 0.830147
v 0.0212273 -0.0200858 0.262616
vn 0.0538062 0.444848 0.893988
v 0.0272199 -0.00497638 0.25214
vn 0.0937011 0.54191 0.835197
v 0.0437947 -0.0509321 0.275683
vn 0.105131 0.455996 0.883751
v 0.00911153 -0.0625216 0.279903
vn -0.086016 0.2927 0.952328
v 0.0229505 -0.0460458 0.274495
vn -0.0350282 0.365426 0.930181
v 0.0172168 -0.0432963 0.272046
vn -0.103444 0.413376 0.904665
v 0.0253231 -0.0240711 0.264188
vn 0.0566181 0.450301 0.89108
v 0.00134626 -0.0351427 0.269729
vn -0.0182736 0.381009 0.924391
v -0.0159737 -0.0578606 0.274761
vn -0.11795 0.285336 0.951142
v -0.0181611 -0.086069 0.280521
vn -0.203418 0.168389 0.964503
v 0.0151779 0.0460342 0.221128
vn 0.359957 0.627229 0.690662
v 0.0255884 0.0510721 0.210503
vn 0.423049 0.647062 0.634304
v 0.0176631 0.06785 0.198276
vn 0.461406 0.662425 0.590167
v 0.0424684 0.0767352 0.150897
vn 0.641347 0.719484 0.26649
v 0.0307484 0.0934762 0.131598
vn 0.672257 0.720996 0.168037
v 0.0242852 0.0922584 0.152062
vn 0.619117 0.724296 0.303463
v 0.0669136 0.0349742 0.192556
vn 0.574972 0.698256 0.426434
v 0.0733063 0.0268026 0.197317
vn 0.553344 0.694684 0.459592
v 0.0551263 0.00744893 0.234119
vn 0.370849 0.606374 0.703408
v 0.0582947 0.0213794 0.218466
vn 0.395124 0.6475 0.651629
v 0.0524915 0.0376795 0.204348
vn 0.456643 0.668491 0.587023
v 0.0404694 0.0438826 0.206449
vn 0.453821 0.672657 0.584448
v 0.0497358 0.00872786 0.234586
vn 0.308933 0.618483 0.722523
v 0.0151694 -0.0413037 0.271259
vn -0.000944273 0.37751 0.926005
v 0.00288416 -0.0550048 0.27679
vn -0.0729284 0.29876 0.951538
v 0.0120557 -0.0375448 0.269702
vn -0.0822944 0.411637 0.907625
v 0.0353863 0.0772626 0.1639
vn 0.610589 0.715398 0.339688
v 0.0443684 -0.0664837 0.282814
vn 0.0331573 0.41045 0.91128
v 0.044081 -0.058708 0.279249
vn 0.0593968 0.41786 0.906568
v 0.0422505 -0.0598827 0.279947
vn 0.0337692 0.407273 0.912682
v 0.0419631 -0.0521069 0.276381
vn 0.0618301 0.43678 0.897441
v 0.0330779 -0.0375248 0.270115
vn 0.0220887 0.387823 0.921469
v -0.0245485 -0.060789 0.273636
vn -0.118521 0.253601 0.960021
v 0.0245957 0.103337 0.110484
vn 0.689959 0.719765 0.0767751
v 0.0793305 0.0169679 0.20476
vn 0.535315 0.687556 0.490617
v 0.0613189 0.0247026 0.212277
vn 0.41945 0.659769 0.623512
v 0.0598073 0.0230405 0.215371
vn 0.492205 0.643531 0.586176
v 0.0631589 0.0100805 0.225849
vn 0.416584 0.646048 0.639593
v 0.0361894 0.0296742 0.223117
vn 0.441772 0.597727 0.668999
v 0.0391779 0.0433331 0.208939
vn 0.416376 0.659332 0.626029
v 0.0368063 0.0701731 0.174849
vn 0.577288 0.705882 0.410451
v 0.0324452 0.0743363 0.173835
vn 0.558882 0.712297 0.424599
v 0.033102 0.072631 0.175831
vn 0.553857 0.696642 0.455996
v 0.0401336 -0.0134574 0.255376
vn 0.291984 0.526936 0.798176
v 0.0412989 0.00343942 0.243193
vn 0.305288 0.560933 0.769515
v 0.0437989 -0.00636686 0.248753
vn 0.242899 0.55623 0.794738
v 0.0449642 0.01053 0.236571
vn 0.357306 0.598591 0.716952
v 0.0200926 -0.0102374 0.257616
vn 0.090665 0.467398 0.879386
v 0.0358189 -0.02401 0.262482
vn 0.0781126 0.483094 0.872077
v 0.0368094 -0.0211605 0.260815
vn 0.207454 0.495758 0.843319
v 0.0374063 -0.0313469 0.266404
vn 0.135996 0.464578 0.875027
v 0.0383958 -0.0284974 0.264738
vn 0.155939 0.479589 0.863526
v 0.000169417 -0.0921932 0.286491
vn -0.201535 0.255632 0.945535
v 0.0149399 0.0247795 0.237082
vn 0.316631 0.461218 0.828868
v 0.00745994 -0.00382795 0.255858
vn 0.0749915 0.438887 0.895408
v 0.00409259 0.0750331 0.199648
vn 0.351467 0.687397 0.635575
v 0.00900731 0.07089 0.201411
vn 0.410378 0.63936 0.650238
v 0.0636168 0.0623331 0.129819
vn 0.696132 0.707774 0.120236
v 0.0531463 0.0715762 0.136034
vn 0.672214 0.721189 0.167374
v 0.0555052 0.0711563 0.124843
vn 0.679956 0.723982 0.116233
v 0.0547757 0.0448405 0.19226
vn 0.538774 0.691705 0.480902
v 0.0588031 0.037132 0.198644
vn 0.526893 0.688288 0.498642
v 0.058221 0.0410731 0.193819
vn 0.538792 0.69172 0.48086
v 0.0622494 0.0333647 0.200203
vn 0.530237 0.686881 0.497034
v 0.0616673 0.0373047 0.195378
vn 0.537962 0.687929 0.487187
v 0.0604179 -0.0395511 0.26656
vn 0.128512 0.546951 0.827242
v 0.0595473 -0.0161311 0.251211
vn 0.26719 0.576478 0.772194
v 0.0333389 0.00799629 0.243139
vn 0.181811 0.565731 0.804296
v 0.0491673 -0.0491227 0.274141
vn 0.176204 0.466283 0.86691
v 0.0372168 -0.0659479 0.282525
vn -0.0426782 0.379335 0.924274
v 0.0389894 -0.0633764 0.281551
vn 0.000224991 0.388114 0.921611
v 0.0373336 -0.0767111 0.286947
vn -0.042749 0.379286 0.924291
v 0.0391063 -0.0741385 0.285973
vn -0.0426312 0.37931 0.924287
v 0.04088 -0.0715669 0.284999
vn -0.00109653 0.391192 0.920309
v 0.0223663 -0.0898058 0.289712
vn -0.187693 0.350512 0.917558
v 0.0232589 -0.0780163 0.285391
vn -0.0748962 0.30435 0.949611
v 0.0300673 -0.0840342 0.289082
vn -0.187703 0.350516 0.917554
v 0.03096 -0.0722448 0.284761
vn -0.187693 0.350512 0.917558
v 0.0318526 -0.0604553 0.28044
vn -0.0854893 0.345206 0.934625
v -0.0121442 0.01023 0.250357
vn 0.120005 0.337337 0.933704
v -0.0132485 -0.00626792 0.256459
vn 0.0230408 0.373461 0.92736
v -0.0192137 0.00627309 0.252695
vn 0.119939 0.33738 0.933697
v -0.0203179 -0.0102248 0.258798
vn 0.12006 0.337333 0.933698
v -0.0214221 -0.0267227 0.2649
vn -0.0207975 0.326064 0.945119
v -0.0101453 0.0372774 0.235302
vn 0.135617 0.525898 0.839666
v -0.00387689 0.0384205 0.233574
vn 0.1989 0.529659 0.824561
v -0.0145442 0.0268394 0.24255
vn 0.13563 0.525861 0.839687
v -0.00827584 0.0279826 0.240821
vn 0.135638 0.525858 0.839688
v -0.00200847 0.0291258 0.239093
vn 0.212035 0.542031 0.813169
v 0.0280452 0.0947226 0.0482392
vn 0.709484 0.693138 -0.127246
v 0.0278779 0.0978005 0.0640719
vn 0.709474 0.693151 -0.127235
v 0.0277094 0.100878 0.0799045
vn 0.695811 0.717886 -0.022073
v 0.035881 0.0926026 0.0803813
vn 0.711925 0.699069 -0.0668181
v 0.0742357 0.005391 0.223673
vn 0.475383 0.65548 0.586819
v 0.074721 0.01049 0.217585
vn 0.482511 0.66483 0.570249
v 0.0779273 -0.00276687 0.229796
vn 0.47532 0.655537 0.586806
v 0.0784115 0.00233209 0.223708
vn 0.475405 0.655507 0.586771
v 0.0788968 0.00742998 0.217618
vn 0.49812 0.667512 0.553447
v 0.0737063 -0.0137237 0.242852
vn 0.260723 0.633458 0.728529
v 0.0707642 -0.00391742 0.235378
vn 0.260817 0.633435 0.728515
v 0.0678221 0.00588892 0.227906
vn 0.38536 0.619365 0.684021
v 0.0232747 -0.0220785 0.263401
vn 0.0866937 0.441324 0.89315
v 0.0460789 -0.0639774 0.281601
vn 0.0319455 0.417546 0.908094
v 0.0477905 -0.0614711 0.280389
vn 0.09022 0.44008 0.893415
v 0.033361 -0.0264543 0.264133
vn -0.0199197 0.475697 0.879383
v 0.0336452 -0.0153837 0.258151
vn 0.105146 0.467511 0.877712
v -0.02828 -0.0955343 0.278901
vn -0.252358 0.150425 0.95587
v 0.0102063 0.0310773 0.234561
vn 0.244396 0.568454 0.785577
v 0.0220536 0.0326352 0.228971
vn 0.345225 0.612252 0.711314
v 0.0216347 0.102752 0.124851
vn 0.642011 0.749212 0.162796
v 0.0186747 0.102168 0.139217
vn 0.625588 0.735188 0.261034
v 0.0792684 0.02139 0.198017
vn 0.572343 0.688123 0.445993
v 0.0792063 0.0258121 0.191274
vn 0.577495 0.70084 0.418715
v 0.0562357 0.0320299 0.207252
vn 0.508003 0.669162 0.542361
v 0.0577484 0.033692 0.204158
vn 0.425789 0.693762 0.58086
v 0.0541768 0.0426815 0.196039
vn 0.481665 0.689808 0.540521
v 0.0403915 0.0481626 0.202011
vn 0.487842 0.673722 0.555075
v 0.0382326 0.0537689 0.196415
vn 0.513137 0.678035 0.526268
v 0.0351936 0.0684184 0.179861
vn 0.544582 0.70505 0.454241
v 0.0474789 0.0178489 0.228487
vn 0.409121 0.609496 0.67907
v 0.0455494 0.0627036 0.175379
vn 0.592876 0.707759 0.384154
v 0.0405147 -0.0258816 0.262837
vn 0.168494 0.48655 0.857251
v 0.0410958 -0.0397153 0.270211
vn 0.12074 0.458586 0.880409
v 0.058921 0.00262365 0.234838
vn 0.377159 0.616183 0.691426
v 0.0367642 0.0698594 0.175464
vn 0.572144 0.699165 0.428743
v 0.0380147 -0.0160743 0.257277
vn 0.191478 0.509638 0.838812
v -0.00296532 -0.0841185 0.282364
vn -0.279167 0.261412 0.923975
v 0.0565947 0.0446773 0.190266
vn 0.556921 0.696718 0.452131
v 0.056021 0.0475984 0.186474
vn 0.556532 0.69675 0.452561
v 0.0610936 0.0402258 0.191587
vn 0.55653 0.696751 0.452563
v -0.006079 -0.0803595 0.280808
vn -0.143665 0.204247 0.96832
v 0.0405063 -0.0624237 0.281039
vn 0.0245617 0.398174 0.916981
v 0.0426242 -0.0690258 0.283907
vn -0.00400215 0.397295 0.917682
v 0.0324652 -0.04899 0.275278
vn -0.134025 0.412822 0.900897
v 0.0753031 0.0134647 0.213424
vn 0.511893 0.674539 0.531942
v 0.0791136 0.0121994 0.21119
vn 0.52733 0.67381 0.517593
v 0.0645705 0.0152963 0.220091
vn 0.301339 0.668755 0.679678
v 0.0494336 0.0487331 0.191812
vn 0.554644 0.686553 0.470123
v 0.0292684 -0.00696899 0.252926
vn 0.123452 0.525741 0.841639
v 0.0293936 -0.00910585 0.2544
vn 0.0286783 0.541634 0.840125
v 0.0494663 -0.0590016 0.279057
vn 0.0525283 0.446145 0.893418
v 0.0335536 -0.00476268 0.251382
vn 0.0501811 0.537045 0.84206
v 0.07886 0.0298721 0.184248
vn 0.601813 0.704018 0.377068
v 0.0533347 0.0401805 0.200194
vn 0.499136 0.693883 0.519028
v 0.0502768 0.0512342 0.187658
vn 0.451378 0.721032 0.52571
v 0.0392568 0.0390531 0.213376
vn 0.283071 0.6928 0.663248
v 0.00211469 -0.0450732 0.273259
vn 0.146351 0.341399 0.928454
v 0.0392642 -0.0408901 0.270909
vn 0.103148 0.449146 0.887484
v -0.000625301 -0.00893319 0.25852
vn 0.0991844 0.332114 0.93801
v 0.0531484 0.0484458 0.188707
vn 0.557573 0.696664 0.451411
v 0.0674863 0.0320542 0.196348
vn 0.53654 0.685486 0.492173
v -0.0401169 -0.0161311 0.235272
vn -0.128104 0.587547 0.798985
v -0.0347453 -0.0103363 0.231621
vn -0.12789 0.610761 0.781418
v -0.0322222 0.00262365 0.220915
vn -0.00481618 0.609119 0.793064
v -0.0293737 -0.00454058 0.227971
vn -0.0709346 0.618429 0.782632
v -0.0268506 0.00841942 0.217264
vn -0.0712219 0.643491 0.762133
v -0.0243264 0.0213794 0.206557
vn 0.0327098 0.636703 0.770415
v -0.00954319 0.0373047 0.188506
vn 0.211277 0.687822 0.694452
v -0.00807372 0.0194994 0.20555
vn 0.180992 0.682156 0.708453
v -0.00056532 0.0268026 0.196162
vn 0.237637 0.693958 0.67967
v 0.0137157 0.0715762 0.133249
vn 0.494656 0.721691 0.48423
v 0.0198157 0.0895573 0.0965624
vn 0.562577 0.719013 0.408077
v 0.00830837 0.0915163 0.107236
vn 0.539176 0.711457 0.450686
v -0.003199 0.0934762 0.117911
vn 0.46967 0.723788 0.505511
v 0.00525787 0.0825257 0.125579
vn 0.490634 0.72132 0.488851
v -0.0577895 0.07089 0.166554
vn 0.0326036 0.645058 0.763438
v -0.0666885 0.0587542 0.175483
vn -0.0576276 0.618722 0.783493
v -0.0626558 0.0460342 0.186633
vn -0.0449353 0.629475 0.775721
v -0.0755885 0.0466184 0.184412
vn -0.128657 0.596825 0.79199
v -0.087159 -0.00382795 0.212428
vn -0.417749 0.406059 0.812775
v -0.103761 -0.0140395 0.208665
vn -0.475891 0.350406 0.806687
v -0.102071 -0.0308448 0.214494
vn -0.52979 0.351467 0.771877
v -0.116982 -0.0578606 0.216561
vn -0.60746 0.266094 0.748456
v -0.0918811 -0.07355 0.243072
vn -0.603675 0.33062 0.725442
v -0.08348 -0.0460458 0.236381
vn -0.525956 0.353643 0.773503
v -0.0963327 -0.0691195 0.235656
vn -0.581583 0.300173 0.756081
v -0.109185 -0.0921932 0.23493
vn -0.679057 0.243461 0.692538
v -0.0652148 -0.0284974 0.235972
vn -0.307837 0.482848 0.819814
v -0.0676485 -0.0408901 0.241708
vn -0.368682 0.44916 0.813836
v -0.06572 -0.0397153 0.242053
vn -0.326478 0.461823 0.824701
v -0.0700832 -0.0532816 0.247444
vn -0.409784 0.426737 0.806209
v -0.0681537 -0.0521069 0.24779
vn -0.409337 0.436813 0.801023
v -0.0662243 -0.0509321 0.248135
vn -0.371674 0.451707 0.811061
v -0.0130601 0.0627036 0.163061
vn 0.310379 0.707765 0.634613
v -0.00449057 0.0583973 0.163624
vn 0.33247 0.710258 0.620481
v -0.01586 0.0772626 0.147987
vn 0.35074 0.715607 0.60406
v -0.0772358 -0.0102374 0.22044
vn -0.378862 0.455195 0.805767
v -0.101861 -0.0550048 0.228013
vn -0.544957 0.299363 0.783201
v -0.0780369 -0.0151616 0.222876
vn -0.388209 0.458538 0.799398
v -0.078839 -0.0200858 0.225311
vn -0.445308 0.421039 0.790207
v -0.0450779 0.01053 0.215211
vn -0.0557686 0.60004 0.798024
v -0.0474906 -0.0077111 0.227991
vn -0.150266 0.562402 0.813095
v -0.03244 0.0251668 0.203943
vn 0.0301836 0.63755 0.769818
v -0.0239621 0.072631 0.157037
vn 0.239894 0.696637 0.676127
v -0.0353906 0.077371 0.156273
vn 0.199996 0.692083 0.693558
v -0.0341221 0.06677 0.166455
vn 0.157581 0.680612 0.715496
v -0.0358063 0.0433331 0.188547
vn 0.0580455 0.662299 0.746987
v -0.0402422 0.0347731 0.196234
vn -0.0132877 0.670102 0.74215
v -0.0265895 0.052991 0.17792
vn 0.150974 0.684859 0.712863
v -0.0163053 0.0426815 0.185214
vn 0.134206 0.689873 0.711382
v -0.0191664 0.0401805 0.18834
vn 0.17243 0.686229 0.706652
v -0.0203158 0.0320299 0.195886
vn 0.143826 0.672884 0.725632
v -0.0220284 0.0376795 0.191468
vn 0.110745 0.657425 0.745337
v -0.0231769 0.0295299 0.199013
vn 0.00633225 0.678837 0.734261
v 0.00298944 0.0368815 0.184056
vn 0.316797 0.709496 0.629488
v 0.00760416 0.0258121 0.19402
vn 0.289708 0.701763 0.650844
v -0.0174716 0.102168 0.118222
vn 0.414803 0.738514 0.531541
v -0.0192779 0.0922584 0.132122
vn 0.374394 0.724291 0.578992
v -0.0608021 0.0326352 0.196897
vn -0.070346 0.612261 0.78752
v -0.0545316 0.0418531 0.189892
vn -0.0336887 0.619099 0.78459
v -0.0617285 0.0393342 0.191766
vn -0.0734993 0.600047 0.796581
v -0.04826 0.0510721 0.182888
vn 0.0453649 0.65132 0.757446
v -0.129662 -0.0955343 0.213772
vn -0.710866 0.166098 0.683433
v -0.125742 -0.0908016 0.217072
vn -0.737592 0.152109 0.657892
v -0.121823 -0.086069 0.220372
vn -0.612882 0.185774 0.768026
v -0.0658948 -0.0153837 0.227879
vn -0.385828 0.475556 0.790559
v -0.0710158 -0.0197269 0.228323
vn -0.33053 0.473199 0.816598
v -0.0746874 -0.0307142 0.232131
vn -0.382721 0.444137 0.810103
v -0.0761369 -0.0240711 0.228768
vn -0.467748 0.444308 0.76407
v -0.0798085 -0.0350585 0.232575
vn -0.502326 0.428149 0.751237
v -0.0652232 -0.0614711 0.254226
vn -0.396546 0.438145 0.80671
v -0.0629474 -0.0515922 0.249858
vn -0.379467 0.445786 0.810728
v -0.0657242 -0.0562016 0.25118
vn -0.386372 0.433717 0.814006
v -0.0606716 -0.0417122 0.245492
vn -0.28511 0.502026 0.816506
v -0.0634485 -0.0463227 0.246813
vn -0.38468 0.460988 0.799694
v -0.0312285 0.0871457 0.144424
vn 0.281756 0.710991 0.644287
v -0.0669548 -0.00696899 0.221147
vn -0.327618 0.52574 0.785025
v -0.0774874 -0.0220785 0.227039
vn -0.39885 0.431461 0.809173
v -0.0577727 0.0101331 0.213524
vn -0.266734 0.578139 0.771108
v -0.0683053 -0.00497638 0.219418
vn -0.36393 0.547573 0.753471
v -0.0213695 0.0446847 0.184513
vn 0.109551 0.695124 0.710494
v -0.0207106 0.0516889 0.177558
vn 0.185318 0.669086 0.71971
v -0.0414179 0.0516984 0.181573
vn 0.0821411 0.663371 0.743769
v -0.0345748 0.0523247 0.180259
vn 0.0894173 0.665457 0.741061
v -0.0190085 0.0593879 0.168869
vn 0.211726 0.710521 0.671068
v -0.0173074 0.0670878 0.16018
vn 0.247193 0.697953 0.672129
v -0.0219485 0.0600394 0.16905
vn 0.241628 0.694173 0.678041
v -0.0251979 0.000674141 0.223765
vn -0.0190283 0.636926 0.77069
v -0.0312895 -0.0140627 0.234849
vn -0.0627889 0.592611 0.803038
v -0.0332064 -0.0235848 0.241726
vn -0.0857979 0.611488 0.786588
v -0.0210221 0.00588892 0.219557
vn -0.0501071 0.620332 0.782737
v -0.00623058 0.00742998 0.216442
vn 0.150649 0.670269 0.726666
v -0.00979268 0.01049 0.214262
vn 0.119993 0.66482 0.737303
v -0.0133537 0.0135499 0.212083
vn 0.129328 0.66958 0.731394
v 0.020821 0.100878 0.072035
vn 0.630673 0.709006 0.315535
v 0.0270768 0.0869415 0.0889161
vn 0.623659 0.69705 0.353795
v 0.0343389 0.0843257 0.0812687
vn 0.653279 0.695844 0.298376
v -0.08664 0.0291258 0.19318
vn -0.257561 0.533595 0.805567
v -0.0811137 0.0378721 0.188796
vn -0.20928 0.540647 0.814802
v -0.084159 0.0477142 0.181793
vn -0.230556 0.555619 0.798831
v -0.0938664 0.0141878 0.199252
vn -0.439942 0.385679 0.810989
v -0.116573 -0.0267227 0.205303
vn -0.507419 0.361424 0.782239
v -0.0853969 -0.0670027 0.244567
vn -0.538009 0.358703 0.762809
v -0.0953127 -0.0845637 0.244385
vn -0.590151 0.274339 0.75925
v -0.0987432 -0.0955774 0.245697
vn -0.599061 0.309848 0.738323
v -0.0789116 -0.0604553 0.246061
vn -0.568747 0.326924 0.75475
v -0.0735211 -0.0715669 0.254619
vn -0.475116 0.391208 0.788176
v -0.0718022 -0.0624237 0.251032
vn -0.451451 0.398206 0.798514
v -0.0733643 -0.0633764 0.25069
vn -0.474603 0.388134 0.790002
v -0.0716453 -0.0542332 0.247101
vn -0.429582 0.416647 0.801164
v -0.0732084 -0.0551858 0.246759
vn -0.461977 0.402748 0.790172
v 0.0100052 0.0529015 0.161379
vn 0.403046 0.716717 0.569096
v 0.00275679 0.05565 0.162501
vn 0.363075 0.712192 0.600799
v -0.121366 -0.105715 0.22567
vn -0.706631 0.224714 0.670952
v -0.121595 -0.0958922 0.223021
vn -0.692699 0.172726 0.700238
v -0.0512558 -0.0315216 0.242778
vn -0.209764 0.536584 0.81736
v -0.0559643 -0.0366163 0.244135
vn -0.326314 0.512928 0.793992
v -0.0455685 0.0857553 0.150882
vn 0.174214 0.691586 0.700969
v -0.0455706 0.0223099 0.206196
vn -0.0257877 0.605604 0.795348
v -0.0429064 0.0285415 0.201215
vn -0.0602006 0.638818 0.766999
v -0.0516716 0.0162215 0.20986
vn -0.187543 0.637619 0.747175
v -0.0490074 0.0224531 0.204879
vn -0.0914208 0.61477 0.78339
v -0.0456863 -0.0238258 0.239026
vn -0.268191 0.572155 0.775056
v -0.0460158 -0.0305921 0.243069
vn -0.231339 0.533168 0.813766
v -0.0515853 -0.0382869 0.246822
vn -0.251299 0.505603 0.825358
v -0.0519158 -0.0450522 0.250867
vn -0.275275 0.521278 0.807771
v -0.011259 0.0446773 0.18151
vn 0.244349 0.696758 0.674405
v -0.0116948 0.0410731 0.185394
vn 0.213919 0.691771 0.689704
v -0.0129748 0.05205 0.174515
vn 0.257311 0.698935 0.667294
v -0.0134106 0.0484458 0.178398
vn 0.245244 0.696712 0.674127
v -0.0138464 0.0448405 0.182282
vn 0.213724 0.691764 0.689772
v 0.0162494 0.0534152 0.155755
vn 0.436339 0.712376 0.549663
v 0.0224947 0.0539299 0.150132
vn 0.493964 0.711245 0.50013
v -0.0555969 0.0771394 0.160714
vn 0.0800492 0.665412 0.742172
v -0.0534053 0.0833889 0.154875
vn 0.104785 0.70941 0.696963
v -0.0781 0.00345837 0.211406
vn -0.254012 0.436821 0.86294
v -0.0752506 0.0121174 0.206129
vn -0.256957 0.514955 0.817799
v -0.0690411 0.0107458 0.210383
vn -0.259575 0.500121 0.826135
v -0.0633432 0.0280626 0.19983
vn -0.183098 0.523243 0.832281
v -0.122393 -0.112367 0.225801
vn -0.746874 0.128202 0.65249
v -0.12342 -0.119018 0.225933
vn -0.747638 0.159431 0.644685
v -0.061699 -0.0160743 0.22938
vn -0.27799 0.510438 0.813741
v -0.0645548 -0.0211605 0.231792
vn -0.256542 0.495736 0.829718
v -0.0581832 -0.00365109 0.222789
vn -0.161923 0.546895 0.821393
v -0.061039 -0.00873743 0.2252
vn -0.220134 0.516137 0.827734
v -0.0638948 -0.0138237 0.227613
vn -0.261278 0.509223 0.820016
v -0.0166 0.0677152 0.159169
vn 0.286952 0.704397 0.649218
v -0.0147874 0.0598826 0.166841
vn 0.292511 0.702875 0.648386
v -0.0510222 0.0252794 0.2035
vn -0.0838367 0.571522 0.816293
v -0.0731379 0.000254148 0.215412
vn -0.354193 0.51306 0.781867
v -0.0453243 0.0164205 0.210703
vn -0.0354545 0.606415 0.794358
v -0.0516306 0.00343942 0.218999
vn -0.127218 0.556334 0.821162
v -0.0518769 0.00932892 0.214492
vn -0.137963 0.580099 0.802777
v -0.0206348 0.0698594 0.158609
vn 0.26966 0.699185 0.662136
v -0.0202811 0.0701731 0.158102
vn 0.283616 0.70607 0.648867
v -0.0169537 0.0674015 0.159674
vn 0.29156 0.708209 0.642987
v -0.0360064 -0.0192953 0.237428
vn -0.131758 0.576221 0.806604
v -0.0413779 -0.0250901 0.241078
vn -0.163116 0.552661 0.817287
v -0.042639 -0.034049 0.246885
vn -0.191773 0.568999 0.799664
v -0.0115306 0.0333647 0.192941
vn 0.1984 0.686872 0.699173
v -0.0135179 0.0294237 0.197376
vn 0.173817 0.681694 0.71069
v 0.0292873 0.0707373 0.116495
vn 0.561007 0.712635 0.421216
v -0.0721864 0.0566489 0.17728
vn -0.069207 0.593602 0.801777
v -0.0632863 0.0687847 0.168351
vn 0.0195741 0.618949 0.785187
v -0.0687842 0.0666784 0.170148
vn -0.0775169 0.615338 0.784442
v -0.0829853 0.00883414 0.206486
vn -0.332148 0.488212 0.807048
v -0.0788106 0.0214973 0.200543
vn -0.274274 0.458682 0.845213
v -0.0912864 0.00372891 0.204603
vn -0.378473 0.450509 0.808579
v -0.101748 -0.0904237 0.239926
vn -0.645058 0.24209 0.724771
v -0.111617 -0.107297 0.236779
vn -0.681601 0.220216 0.6978
v -0.0693558 -0.0437385 0.242627
vn -0.368656 0.441158 0.818213
v -0.0669221 -0.0313469 0.23689
vn -0.333937 0.464576 0.820156
v -0.0686295 -0.0341953 0.237809
vn -0.372496 0.453018 0.809951
v -0.00662109 0.0431458 0.181415
vn 0.28517 0.703657 0.650803
v -0.0995432 -0.0351427 0.221169
vn -0.477919 0.37739 0.793203
v -0.0523506 -0.00636686 0.225053
vn -0.201192 0.556237 0.806302
v -0.0596232 -0.0232648 0.234895
vn -0.247648 0.516999 0.819379
v -0.0234979 0.0743363 0.154989
vn 0.262876 0.711457 0.65171
v -0.0230337 0.0760405 0.15294
vn 0.280498 0.706565 0.649682
v -0.0292116 0.0767058 0.154607
vn 0.254911 0.702146 0.66484
v -0.0555358 0.0160142 0.209773
vn -0.213855 0.578006 0.787512
v -0.0181937 0.0487331 0.179148
vn 0.217898 0.691743 0.688485
v -0.0153327 0.0512342 0.176021
vn 0.116156 0.721016 0.683113
v -0.014359 0.0597868 0.166829
vn 0.22597 0.695707 0.681857
v 0.0142452 0.0339321 0.181616
vn 0.380438 0.709607 0.593064
v -0.0383863 0.0975468 0.136194
vn 0.280949 0.729556 0.623551
v -0.0479211 0.0424099 0.189996
vn 0.0137129 0.634656 0.772673
v -0.0541927 0.033192 0.197
vn -0.0653419 0.631534 0.77259
v -0.0475832 0.0337489 0.197104
vn -0.0251182 0.593377 0.804533
v -0.127948 -0.108323 0.216839
vn -0.768056 0.111296 0.630637
v -0.131867 -0.113055 0.213539
vn -0.695612 0.0780976 0.71416
v -0.134074 -0.130576 0.213307
vn -0.77853 0.116792 0.616644
v -0.0676074 -0.00910585 0.222475
vn -0.412787 0.542839 0.731391
v -0.0624864 -0.00476268 0.222031
vn -0.390626 0.537057 0.74765
v -0.059079 0.00585836 0.216181
vn -0.262222 0.554818 0.789568
v -0.0608253 -0.0491227 0.24958
vn -0.315142 0.463485 0.828171
v -0.0631011 -0.0590016 0.253948
vn -0.415232 0.446147 0.792802
v -0.060979 -0.0565321 0.253669
vn -0.338402 0.473485 0.813201
v -0.0584253 0.00799629 0.214853
vn -0.293371 0.567695 0.769192
v -0.0175348 0.0557373 0.172193
vn 0.284189 0.67684 0.679062
v -0.041079 0.0430363 0.188681
vn 0.155651 0.601542 0.783531
v -0.0158337 0.0634373 0.163505
vn 0.239448 0.704789 0.667786
v -0.023959 0.0100805 0.215391
vn 0.0275667 0.646068 0.762782
v -0.0197832 0.0152963 0.211184
vn -0.0921488 0.668802 0.737708
v -0.0185453 0.0247026 0.202811
vn 0.0382584 0.659788 0.750477
v -0.00273374 0.0121994 0.211042
vn 0.185458 0.67382 0.715243
v 0.000763111 0.0169679 0.205643
vn 0.206164 0.687492 0.696313
v 0.00240312 0.103337 0.0966435
vn 0.540891 0.724082 0.427951
v -0.0747127 0.0388478 0.189999
vn -0.234493 0.549949 0.801604
v -0.0802379 0.0301015 0.194383
vn -0.234481 0.549952 0.801606
v -0.0738358 0.0310773 0.195587
vn -0.180852 0.574874 0.798006
v -0.120162 -0.0437553 0.208242
vn -0.465508 0.244846 0.850501
v -0.123752 -0.060789 0.211181
vn -0.616804 0.272323 0.738507
v -0.0822116 -0.0555374 0.240457
vn -0.506925 0.38413 0.771668
v -0.0757274 -0.04899 0.241952
vn -0.578915 0.41283 0.703157
v -0.0725432 -0.0375248 0.237842
vn -0.482036 0.406948 0.775909
v -0.0697443 -0.0598827 0.250994
vn -0.441158 0.407294 0.799682
v -0.0714632 -0.0690258 0.254581
vn -0.476086 0.397319 0.784525
v -0.0694053 -0.0664837 0.254542
vn -0.440897 0.410432 0.79822
v -0.00379162 0.0675668 0.152056
vn 0.371535 0.716527 0.590382
v -0.00309268 0.0767352 0.140489
vn 0.417526 0.719724 0.55468
v -0.0981274 -0.0625216 0.233889
vn -0.585835 0.314008 0.747125
v -0.0431811 -0.0120363 0.230561
vn -0.0906746 0.555736 0.826399
v -0.0351053 0.00744893 0.218343
vn -0.0364532 0.614746 0.787882
v -0.0487558 0.06785 0.168326
vn 0.0915487 0.662429 0.74351
v -0.0318748 0.0377163 0.193048
vn 0.0809159 0.645907 0.759116
v -0.0589032 -0.0134574 0.228841
vn -0.14081 0.527488 0.837812
v -0.0198169 0.0718783 0.156054
vn 0.282583 0.704977 0.650504
v -0.0209179 0.0656468 0.163141
vn 0.284553 0.678608 0.677142
v -0.0242453 0.0684184 0.16157
vn 0.232863 0.705069 0.669815
v -0.0245274 0.0642057 0.166102
vn 0.183892 0.691237 0.698838
v -0.0295516 0.0582647 0.17318
vn 0.230451 0.658631 0.716309
v -0.0629243 -0.0370985 0.241515
vn -0.352064 0.471048 0.808804
v -0.0194463 0.0766521 0.150463
vn 0.313158 0.711509 0.629037
v -0.0214358 0.0230405 0.204684
vn 0.114055 0.649277 0.751951
v -0.0174253 0.033692 0.194013
vn 0.0657856 0.693766 0.717189
v 0.0041831 0.02139 0.199832
vn 0.260993 0.688019 0.677135
v -0.067319 0.0318563 0.196242
vn -0.150199 0.588063 0.794747
v -0.126706 -0.0781616 0.212477
vn -0.656639 0.166545 0.735587
v -0.0780116 -0.0417848 0.237112
vn -0.413508 0.389697 0.82289
v -0.069219 -0.0264543 0.23286
vn -0.469815 0.475688 0.743636
v -0.0678148 -0.058708 0.251339
vn -0.420018 0.417845 0.805599
v -0.0673148 -0.0639774 0.254384
vn -0.440234 0.417565 0.79488
v -0.0284411 -0.0186543 0.238561
vn -0.151445 0.633388 0.75887
v -0.0236758 -0.0137237 0.235397
vn -0.151473 0.633394 0.75886
v -0.0223485 -0.00391742 0.227477
vn -0.151439 0.633388 0.758871
v -0.0133432 0.005391 0.219232
vn 0.105463 0.655424 0.747861
v -0.0133337 -0.00276687 0.22638
vn 0.105413 0.655439 0.747856
v -0.00978214 0.00233209 0.221411
vn 0.105405 0.655444 0.747852
v 0.0374179 0.0947226 0.0450655
vn 0.67366 0.693156 0.256354
v -0.0991664 0.0268394 0.189687
vn -0.316153 0.52588 0.789619
v -0.0929032 0.0279826 0.191433
vn -0.31621 0.525891 0.789589
v -0.108394 0.00627309 0.195978
vn -0.378087 0.337394 0.862099
v -0.112483 -0.0102248 0.200641
vn -0.378046 0.337364 0.862129
v -0.0918179 -0.0898058 0.249123
vn -0.633431 0.350512 0.68986
v -0.0848927 -0.0840342 0.25255
vn -0.633434 0.350514 0.689856
v -0.0819021 -0.0722448 0.249306
vn -0.63343 0.350512 0.689861
v -0.0753864 -0.0659479 0.25061
vn -0.512809 0.379337 0.77015
v -0.0775642 -0.0767111 0.254461
vn -0.512703 0.379362 0.770208
v -0.0755421 -0.0741385 0.25454
vn -0.512775 0.379338 0.770172
v -0.12772 -0.118146 0.219489
vn -0.81379 0.134837 0.5653
v -0.0561179 -0.0440269 0.248223
vn -0.318702 0.479832 0.817429
v -0.0523243 0.0140836 0.211189
vn -0.0679386 0.557842 0.827162
v -0.0472769 -0.0395511 0.248876
vn -0.316046 0.546962 0.775208
v -0.0136821 0.037132 0.189829
vn 0.1944 0.688352 0.698842
v -0.0610948 0.0750331 0.162512
vn -0.0260162 0.687364 0.725847
v -0.117519 -0.113157 0.231356
vn -0.762628 0.198199 0.615724
v -0.0662622 -0.02401 0.232711
vn -0.382149 0.483085 0.787776
v -0.0601474 -0.032489 0.240193
vn -0.224663 0.494934 0.839385
v -0.0379222 -0.0288174 0.244305
vn -0.249038 0.599468 0.760669
v -0.0134358 0.0214868 0.20473
vn 0.138764 0.67384 0.72573
v -0.0863379 0.0178426 0.199897
vn -0.26369 0.387067 0.883542
v -0.10518 -0.101437 0.241238
vn -0.711732 0.297572 0.636308
v -0.070919 -0.0446911 0.242283
vn -0.43628 0.43179 0.789441
v -0.0564474 -0.0507921 0.252268
vn -0.375869 0.488908 0.787205
v -0.0583116 0.0222468 0.203743
vn -0.112297 0.57328 0.811628
v -0.128747 -0.124797 0.219619
vn -0.815318 0.136997 0.562573
v -0.0614863 -0.00398268 0.221897
vn -0.269761 0.53213 0.802537
v -0.0586306 0.00110367 0.219485
vn -0.13906 0.556175 0.819348
v -0.0136674 0.0559184 0.170672
vn -0.178752 -0.709338 -0.681826
v -0.015479 0.063751 0.162998
vn 0.776036 0.537737 0.329556
v 0.0495263 0.173384 -0.176563
vn 0.389342 0.910415 -0.139847
v 0.0466199 0.175702 -0.166114
vn 0.417782 0.904614 -0.0844494
v 0.0537673 0.173839 -0.122111
vn 0.378722 0.925136 0.026327
v 0.0437147 0.178018 -0.155666
vn 0.391831 0.91848 -0.0535153
v 0.0459031 0.17232 -0.0907439
vn 0.360843 0.912226 0.194002
v 0.039641 0.17651 -0.100549
vn 0.36035 0.918575 0.162383
v 0.0290694 0.179831 -0.0948555
vn 0.361399 0.913125 0.188662
v 0.0333789 0.1807 -0.110356
vn 0.363958 0.922038 0.131837
v 0.0389357 0.126399 0.00424449
vn 0.304132 0.728005 0.61442
v 0.0695347 0.131842 -0.0188281
vn 0.311846 0.773139 0.552275
v 0.0378315 0.149433 -0.0258439
vn 0.323371 0.796878 0.510311
v 0.123973 0.142047 -0.0954134
vn 0.370326 0.915125 0.159389
v 0.132323 0.142718 -0.134824
vn 0.377463 0.925424 0.0333406
v 0.119773 0.145648 -0.110525
vn 0.389266 0.914569 0.109702
v 0.115572 0.149248 -0.125637
vn 0.379586 0.9235 0.0553342
v 0.117445 0.14135 -0.194892
vn 0.361401 0.894272 -0.263945
v 0.134044 0.127807 -0.21524
vn 0.348343 0.873164 -0.340943
v 0.127755 0.10617 -0.263919
vn 0.364756 0.810576 -0.45817
v 0.0820115 0.126163 -0.266651
vn 0.42166 0.784123 -0.455362
v 0.0869663 0.140352 -0.235428
vn 0.41048 0.820805 -0.397222
v 0.0964526 0.101534 -0.29133
vn 0.394584 0.744045 -0.539166
v 0.0689989 0.153518 -0.220961
vn 0.374542 0.87278 -0.313007
v 0.0644926 0.150315 -0.235284
vn 0.379212 0.857015 -0.348891
v 0.0608526 0.15381 -0.230671
vn 0.378713 0.868639 -0.319441
v 0.0735042 0.156722 -0.206638
vn 0.358609 0.894825 -0.265872
v 0.0648915 0.15719 -0.0645734
vn 0.346031 0.884316 0.313446
v 0.05858 0.159079 -0.062866
vn 0.349539 0.881856 0.316467
v 0.0706389 0.15207 -0.0576334
vn 0.347713 0.868663 0.352873
v 0.0522684 0.160968 -0.0611587
vn 0.344841 0.878397 0.330912
v 0.0763863 0.14695 -0.0506924
vn 0.342001 0.853724 0.392671
v 0.107259 0.121923 -0.253886
vn 0.371622 0.803677 -0.464758
v 0.0965442 0.147017 -0.206344
vn 0.39479 0.871193 -0.291827
v 0.10042 0.14849 -0.195171
vn 0.393767 0.886948 -0.241391
v 0.0722705 0.166797 -0.150677
vn 0.351148 0.932952 -0.07935
v 0.0681073 0.167445 -0.161586
vn 0.370731 0.924693 -0.0866074
v 0.0658326 0.1692 -0.124493
vn 0.365382 0.929793 0.0445155
v 0.0639442 0.168092 -0.172494
vn 0.366993 0.917891 -0.150973
v 0.0835747 0.149376 -0.0637323
vn 0.35726 0.884144 0.30109
v 0.100089 0.144612 -0.0690808
vn 0.362549 0.885162 0.291627
v 0.0925305 0.150915 -0.0795524
vn 0.368382 0.901214 0.228272
v 0.0808568 0.161379 -0.106954
vn 0.388619 0.912863 0.125126
v 0.081121 0.16276 -0.120111
vn 0.427469 0.900678 0.0777775
v 0.0782852 0.161374 -0.104146
vn 0.34488 0.927874 0.141803
v 0.0754494 0.159989 -0.0881797
vn 0.374156 0.900237 0.222664
v 0.0570957 0.16787 -0.0906766
vn 0.400529 0.90371 0.151279
v 0.0590042 0.168173 -0.0960987
vn 0.369891 0.911217 0.181283
v 0.0609136 0.168477 -0.10152
vn 0.379296 0.917244 0.12165
v 0.0189957 0.182365 -0.0882913
vn 0.352399 0.910366 0.216906
v 0.03098 0.175371 -0.079365
vn 0.352786 0.893197 0.278821
v 0.0914978 0.126413 -0.0243671
vn 0.346054 0.789599 0.506734
v 0.0886031 0.135306 -0.0372608
vn 0.340826 0.824302 0.452066
v 0.0805168 0.129127 -0.0215976
vn 0.327933 0.773744 0.542014
v 0.100652 0.15369 -0.108788
vn 0.373146 0.919479 0.123776
v 0.105273 0.153753 -0.138496
vn 0.380363 0.923805 0.0436911
v 0.126836 0.0760647 -0.301856
vn 0.36322 0.701199 -0.613507
v 0.119386 0.09001 -0.291013
vn 0.348595 0.73174 -0.585695
v 0.0825 0.156502 -0.193239
vn 0.376818 0.885305 -0.272477
v 0.0905336 0.148828 -0.20879
vn 0.430714 0.859068 -0.276563
v 0.0529389 0.152908 -0.240977
vn 0.379958 0.856396 -0.349597
v 0.0561547 0.156059 -0.229369
vn 0.372426 0.864378 -0.33786
v 0.0593705 0.159211 -0.217761
vn 0.379897 0.891383 -0.247212
v 0.100438 0.138886 -0.0545597
vn 0.352062 0.858597 0.372644
v 0.0878378 0.159763 -0.160431
vn 0.422059 0.894994 -0.144404
v 0.0676515 0.162164 -0.0843566
vn 0.353058 0.914414 0.197982
v 0.0846873 0.157968 -0.0959208
vn 0.352374 0.922655 0.156654
v 0.0724536 0.153819 -0.0636534
vn 0.357473 0.892245 0.275883
v 0.0402337 0.179894 -0.137184
vn 0.411586 0.910219 -0.0457944
v 0.0363136 0.178223 -0.179989
vn 0.411231 0.906623 -0.0944651
v 0.023741 0.185803 -0.123031
vn 0.363141 0.92871 0.075014
v 0.0346463 0.180806 -0.116141
vn 0.373044 0.922578 0.0984263
v 0.0359136 0.18091 -0.121926
vn 0.37199 0.92546 0.0717399
v 0.0420263 0.10851 0.0204887
vn 0.288531 0.65285 0.700383
v 0.0178252 0.121968 0.0179087
vn 0.271403 0.659395 0.701098
v 0.136359 0.139739 -0.160828
vn 0.391611 0.918627 -0.0525885
v 0.140192 0.138821 -0.150413
vn 0.389724 0.918821 -0.0623212
v 0.144023 0.137902 -0.139999
vn 0.392414 0.919715 -0.0116411
v 0.137139 0.136258 -0.180918
vn 0.348134 0.894121 -0.28169
v 0.144919 0.114669 -0.234715
vn 0.331096 0.875341 -0.352354
v 0.0804421 0.118759 -0.278392
vn 0.346135 0.772009 -0.533098
v 0.0788726 0.111355 -0.290133
vn 0.393579 0.772355 -0.498562
v 0.0719358 0.14147 -0.247359
vn 0.396434 0.78906 -0.469281
v 0.05776 0.143631 -0.255631
vn 0.392996 0.823437 -0.409274
v 0.0611263 0.146973 -0.245458
vn 0.378127 0.835122 -0.399488
v 0.062621 0.145514 -0.2473
vn 0.386645 0.825016 -0.412133
v 0.0659873 0.148857 -0.237126
vn 0.378954 0.850119 -0.365638
v 0.0674821 0.147398 -0.238968
vn 0.393789 0.832968 -0.388709
v 0.032081 0.16566 -0.0528292
vn 0.33684 0.859851 0.383661
v 0.0421747 0.163314 -0.0569934
vn 0.34578 0.871847 0.34687
v 0.107935 0.0809858 -0.307334
vn 0.389327 0.71684 -0.578417
v 0.0537273 0.166608 -0.200976
vn 0.383426 0.899772 -0.208315
v 0.117252 0.13769 -0.069186
vn 0.366983 0.883606 0.2908
v 0.0800947 0.163937 -0.13808
vn 0.356229 0.933354 -0.0441839
v 0.0806073 0.163349 -0.129096
vn 0.430098 0.902122 0.0345216
v 0.0839663 0.16185 -0.149256
vn 0.45302 0.891449 -0.00956874
v 0.0844789 0.161262 -0.140271
vn 0.41554 0.909574 0.00159713
v 0.0460115 0.165488 -0.215948
vn 0.396858 0.88664 -0.237429
v 0.0586579 0.163669 -0.0767787
vn 0.357481 0.898799 0.25371
v 0.0570589 0.165538 -0.0813555
vn 0.370096 0.89812 0.237507
v 0.05546 0.167408 -0.0859334
vn 0.382229 0.903506 0.193853
v 0.0506821 0.169864 -0.0883387
vn 0.370835 0.908774 0.191338
v 0.018 0.164162 -0.0377576
vn 0.3194 0.831233 0.455011
v 0.125618 0.137252 -0.0785387
vn 0.386145 0.882632 0.268054
v 0.102527 0.152897 -0.167737
vn 0.367892 0.914903 -0.166156
v 0.105732 0.153443 -0.145271
vn 0.368853 0.921508 -0.121534
v 0.10605 0.0760089 -0.312999
vn 0.341631 0.646792 -0.681871
v 0.104165 0.0710331 -0.318664
vn 0.377799 0.657836 -0.651551
v 0.0766958 0.158906 -0.191098
vn 0.381357 0.901405 -0.205026
v 0.0771968 0.157289 -0.198459
vn 0.342106 0.914058 -0.217857
v 0.0798873 0.16109 -0.175559
vn 0.348006 0.929943 -0.118735
v 0.0803884 0.159473 -0.18292
vn 0.358779 0.916503 -0.176918
v 0.0808884 0.157856 -0.19028
vn 0.386778 0.902249 -0.190655
v 0.0684263 0.155346 -0.0634166
vn 0.368902 0.885034 0.283947
v 0.0617747 0.160429 -0.0706766
vn 0.346803 0.890213 0.29538
v 0.071961 0.153501 -0.0622597
vn 0.330234 0.880037 0.341292
v 0.0653094 0.158585 -0.0695197
vn 0.327614 0.888294 0.321874
v 0.0886336 0.160492 -0.139017
vn 0.329738 0.942396 -0.056243
v 0.0761831 0.165367 -0.144379
vn 0.376751 0.926009 -0.0237778
v 0.0722073 0.153661 -0.0629565
vn 0.348675 0.87934 0.324326
v 0.0777684 0.151438 -0.0629955
vn 0.352763 0.874492 0.332898
v 0.0412999 0.172506 -0.198076
vn 0.404002 0.899833 -0.164567
v 0.0458421 0.174787 -0.103542
vn 0.367038 0.918379 0.147865
v 0.0185158 0.144943 -0.00777234
vn 0.305725 0.75881 0.5751
v 0.129658 0.140847 -0.102066
vn 0.328869 0.937722 0.111902
v 0.135343 0.139647 -0.108719
vn 0.360797 0.928269 0.0902377
v 0.121606 0.145575 -0.163264
vn 0.353277 0.914095 -0.199064
v 0.0868294 0.108975 -0.285969
vn 0.356333 0.740426 -0.569909
v 0.0940494 0.0966615 -0.298309
vn 0.335348 0.714284 -0.614281
v 0.0916463 0.0917879 -0.305287
vn 0.392733 0.715757 -0.577453
v 0.0694557 0.15206 -0.224997
vn 0.352604 0.879602 -0.31933
v 0.073961 0.155264 -0.210673
vn 0.360653 0.889537 -0.280451
v 0.0744189 0.153806 -0.21471
vn 0.378316 0.874677 -0.303013
v 0.0459347 0.169952 -0.0811555
vn 0.351734 0.897197 0.267061
v 0.115704 0.128415 -0.233514
vn 0.393634 0.834983 -0.38452
v 0.0695557 0.160867 -0.197533
vn 0.361401 0.91145 -0.196591
v 0.084361 0.14726 -0.0590397
vn 0.353246 0.868758 0.347098
v 0.0848726 0.161413 -0.136281
vn 0.499004 0.865499 0.0436562
v 0.0886242 0.160066 -0.15245
vn 0.371357 0.921357 -0.11487
v 0.0647736 0.15884 -0.0691765
vn 0.364213 0.899231 0.242348
v 0.0161852 0.178918 -0.071706
vn 0.343104 0.886929 0.30925
v 0.114859 0.13099 -0.0500713
vn 0.365678 0.836207 0.408701
v 0.0895 0.159858 -0.127107
vn 0.357162 0.932516 0.0533724
v 0.121646 0.0626699 -0.315989
vn 0.214632 0.668357 -0.712202
v 0.116456 0.0492763 -0.330123
vn 0.37164 0.628055 -0.683689
v 0.0846842 0.15803 -0.179599
vn 0.483446 0.85799 -0.17359
v 0.0868684 0.159559 -0.165959
vn 0.416986 0.899103 -0.133176
v 0.0549136 0.158202 -0.22562
vn 0.332553 0.892977 -0.303316
v 0.0504568 0.157192 -0.233478
vn 0.39961 0.865272 -0.302683
v 0.0873536 0.15966 -0.163195
vn 0.533057 0.836906 -0.124254
v 0.0489179 0.174933 -0.113405
vn 0.400854 0.914873 0.0482017
v 0.0215147 0.184674 -0.105427
vn 0.357323 0.923163 0.141739
v 0.067201 0.118798 -0.000747086
vn 0.310807 0.720723 0.619643
v 0.128625 0.143391 -0.155291
vn 0.401542 0.914855 -0.0424843
v 0.120892 0.147043 -0.149753
vn 0.382962 0.923709 -0.0100461
v 0.136374 0.0980605 -0.2697
vn 0.331691 0.820336 -0.465865
v 0.0747242 0.145971 -0.233933
vn 0.494544 0.787924 -0.366881
v 0.0775126 0.150472 -0.220508
vn 0.409239 0.837182 -0.362835
v 0.0797621 0.138317 -0.24358
vn 0.380787 0.832872 -0.401653
v 0.0599326 0.149351 -0.241825
vn 0.377039 0.841474 -0.386993
v 0.0565663 0.146008 -0.251999
vn 0.405314 0.820248 -0.403626
v 0.0553726 0.148386 -0.248365
vn 0.382122 0.841336 -0.382277
v 0.0565063 0.154086 -0.0496976
vn 0.338071 0.856749 0.389474
v 0.0607452 0.147203 -0.0382366
vn 0.334514 0.837159 0.432742
v 0.0974768 0.123424 -0.259179
vn 0.409665 0.787189 -0.460986
v 0.0610494 0.170372 -0.15951
vn 0.347108 0.933819 -0.0865938
v 0.055941 0.16963 -0.173751
vn 0.374128 0.91789 -0.132312
v 0.0581547 0.172652 -0.146526
vn 0.356712 0.934184 -0.00747697
v 0.111037 0.146366 -0.0910945
vn 0.372144 0.904796 0.207008
v 0.0769326 0.163893 -0.115016
vn 0.379846 0.918715 0.10807
v 0.0764189 0.164482 -0.124
vn 0.295845 0.954383 0.0403593
v 0.0727442 0.165025 -0.10992
vn 0.334921 0.935703 0.110849
v 0.0538399 0.173017 -0.161545
vn 0.373791 0.923621 -0.0848826
v 0.0522957 0.16681 -0.0789671
vn 0.35838 0.899582 0.249633
v 0.0459189 0.171136 -0.0859492
vn 0.356192 0.907422 0.222964
v 0.117504 0.144207 -0.0932545
vn 0.366259 0.911908 0.185142
v 0.116575 0.134883 -0.214204
vn 0.419711 0.854808 -0.305199
v 0.078161 0.15038 -0.0606492
vn 0.350007 0.872021 0.342161
v 0.0746263 0.152226 -0.061806
vn 0.340298 0.868343 0.360802
v 0.0886284 0.160279 -0.145733
vn 0.457047 0.888985 -0.0285351
v 0.0725073 0.165911 -0.130298
vn 0.388598 0.920722 0.0355221
v 0.0794715 0.154425 -0.0736997
vn 0.351738 0.903673 0.244246
v 0.055961 0.173246 -0.134319
vn 0.385269 0.922482 0.0243695
v 0.06514 0.139523 -0.0285324
vn 0.334072 0.806819 0.487276
v 0.113304 0.147807 -0.108366
vn 0.388422 0.912667 0.127147
v 0.092221 0.131888 -0.247303
vn 0.314101 0.833292 -0.454935
v 0.086001 0.15267 -0.076626
vn 0.355063 0.90009 0.252522
v 0.131605 0.0870626 -0.285778
vn 0.299104 0.743923 -0.597591
v 0.0822389 0.145412 -0.227968
vn 0.319182 0.865921 -0.385101
v 0.0800063 0.153487 -0.206873
vn 0.470164 0.839728 -0.271668
v 0.0541558 0.150647 -0.244671
vn 0.399022 0.834736 -0.379469
v 0.101783 0.14864 -0.0853239
vn 0.356489 0.909691 0.213019
v 0.0740968 0.162507 -0.0990502
vn 0.382881 0.909303 0.163
v 0.0310431 0.182639 -0.161814
vn 0.470011 0.879262 -0.0773794
v 0.0307937 0.183307 -0.131466
vn 0.369985 0.928391 0.034653
v 0.0256747 0.185703 -0.141005
vn 0.369968 0.928399 0.0346365
v 0.0160421 0.0959257 0.0391561
vn 0.253402 0.601062 0.757966
v 0.0290347 0.102218 0.0298224
vn 0.253424 0.601068 0.757954
v 0.147852 0.134872 -0.155838
vn 0.415699 0.906573 -0.0729361
v 0.15168 0.131842 -0.171678
vn 0.415751 0.906548 -0.0729549
v 0.14402 0.135791 -0.166253
vn 0.415675 0.906584 -0.0729424
v 0.15234 0.125528 -0.198058
vn 0.274184 0.905543 -0.32375
v 0.0723431 0.12046 -0.281751
vn 0.468649 0.756311 -0.456466
v 0.0658136 0.129566 -0.273368
vn 0.468649 0.756311 -0.456466
v 0.0637905 0.143023 -0.250867
vn 0.41659 0.803728 -0.424823
v 0.0600999 0.138646 -0.262766
vn 0.416646 0.803686 -0.424846
v 0.0589294 0.141138 -0.259199
vn 0.416682 0.803675 -0.424832
v 0.112196 0.065131 -0.318729
vn 0.457098 0.596777 -0.659483
v 0.13048 0.138449 -0.0936292
vn 0.428992 0.879037 0.207991
v 0.0979052 0.0814099 -0.311975
vn 0.43895 0.658649 -0.611149
v 0.0776536 0.155831 -0.202496
vn 0.443276 0.857956 -0.25965
v 0.0882305 0.159914 -0.156441
vn 0.493231 0.866072 -0.0814947
v 0.139683 0.138774 -0.124359
vn 0.402886 0.913226 0.0608444
v 0.0852589 0.101571 -0.29771
vn 0.481012 0.711117 -0.512777
v 0.0709505 0.150602 -0.226839
vn 0.407599 0.84736 -0.340358
v 0.0170926 0.171539 -0.0547324
vn 0.298929 0.880908 0.366937
v 0.0976157 0.156651 -0.136189
vn 0.301876 0.951049 -0.0661632
v 0.11031 0.0601542 -0.324393
vn 0.435238 0.599599 -0.671602
v 0.0833778 0.160325 -0.170759
vn 0.331452 0.939042 -0.0913186
v 0.0890663 0.160175 -0.133062
vn 0.359619 0.932804 0.0234736
v 0.212645 0.00179941 -0.084306
vn 0.882289 0.464264 0.0776185
v 0.202342 0.0192584 -0.078105
vn 0.851231 0.510933 0.119805
v 0.187516 0.0345721 -0.0498102
vn 0.806402 0.573139 0.145698
v 0.170429 0.0544279 -0.0491408
vn 0.724721 0.656738 0.208507
v 0.175458 0.0526121 -0.0608997
vn 0.745255 0.638669 0.191562
v 0.169889 0.0579878 -0.0580144
vn 0.73341 0.645706 0.212541
v 0.164321 0.0633626 -0.0551302
vn 0.712866 0.665601 0.220901
v 0.165401 0.0562436 -0.0373829
vn 0.705733 0.670689 0.228292
v 0.10647 0.087191 0.000104508
vn 0.455459 0.797716 0.39523
v 0.0699894 0.0922131 0.0243624
vn 0.346023 0.825434 0.446012
v 0.10532 0.0792173 0.0172761
vn 0.418911 0.812512 0.405386
v 0.104169 0.0712426 0.0344476
vn 0.420449 0.808163 0.412425
v 0.186537 0.0102594 0.0296887
vn 0.706123 0.665922 0.240702
v 0.200226 -0.00367217 0.0210319
vn 0.756891 0.624993 0.191048
v 0.195557 0.00397944 0.0163866
vn 0.747654 0.630194 0.209448
v 0.213915 -0.0176037 0.012375
vn 0.790882 0.588799 0.166797
v 0.204577 -0.00230057 0.00308345
vn 0.776234 0.601366 0.189261
v 0.236907 -0.0512027 -0.0344176
vn 0.926817 0.374515 -0.0273609
v 0.247202 -0.077428 -0.0303513
vn 0.941078 0.327251 -0.0853173
v 0.253587 -0.116802 -0.0582871
vn 0.96841 0.201123 -0.147414
v 0.242313 -0.0898858 -0.0987966
vn 0.978558 0.147466 -0.143795
v 0.239526 -0.0654669 -0.0808176
vn 0.971744 0.207241 -0.112982
v 0.246178 -0.123277 -0.0961239
vn 0.979173 0.0888845 -0.182537
v 0.229112 -0.0341911 -0.078726
vn 0.924634 0.378636 -0.0410586
v 0.233602 -0.0516711 -0.100241
vn 0.950365 0.299161 -0.0854988
v 0.232662 -0.0486806 -0.10076
vn 0.955132 0.28889 -0.0653024
v 0.231722 -0.0456901 -0.101279
vn 0.945217 0.320372 -0.0626558
v 0.149208 0.0582068 -0.00290076
vn 0.608963 0.734493 0.299473
v 0.143589 0.0666458 -0.0119902
vn 0.595789 0.741811 0.307818
v 0.141339 0.0620773 0.00261292
vn 0.562571 0.760378 0.324559
v 0.139088 0.0575099 0.017215
vn 0.552338 0.7599 0.342746
v 0.247561 -0.0942458 -0.071586
vn 0.970938 0.192154 -0.142673
v 0.235062 -0.0476311 -0.0584902
vn 0.938471 0.344666 -0.021854
v 0.232602 -0.0413174 -0.0494218
vn 0.91822 0.395941 -0.010184
v 0.207312 0.00640572 -0.0500471
vn 0.842922 0.531566 0.0831904
v 0.214806 -0.00360792 -0.069445
vn 0.876305 0.480209 0.0385855
v 0.191858 0.0264342 -0.0404871
vn 0.790833 0.594167 0.146796
v 0.152416 0.0481984 0.014595
vn 0.624047 0.722068 0.298634
v 0.16049 0.0366268 0.0258508
vn 0.63034 0.715198 0.301933
v 0.167497 0.035971 0.0119234
vn 0.675767 0.688536 0.263168
v 0.184659 0.0281774 -0.0163166
vn 0.74855 0.625091 0.22121
v 0.192995 0.0204731 -0.0242144
vn 0.780217 0.582261 0.228545
v 0.170312 0.0412047 -0.00915655
vn 0.69693 0.671546 0.251623
v 0.167942 0.0501005 -0.0272797
vn 0.725714 0.653502 0.215115
v 0.176354 0.0422636 -0.0307587
vn 0.754368 0.622517 0.208331
v 0.157379 0.0722426 -0.0600176
vn 0.695291 0.682531 0.225214
v 0.155501 0.0711647 -0.0517323
vn 0.67942 0.692003 0.243969
v 0.160849 0.0678026 -0.0575734
vn 0.705624 0.673256 0.220958
v 0.153623 0.0700878 -0.0434481
vn 0.639458 0.718098 0.274641
v 0.158973 0.0667247 -0.0492892
vn 0.691304 0.681219 0.240916
v 0.114368 0.0575037 0.0503571
vn 0.443505 0.791473 0.420564
v 0.128052 0.0554205 0.0380592
vn 0.496216 0.779501 0.382292
v 0.209351 -0.00447319 -0.0137797
vn 0.791314 0.588148 0.167043
v 0.190504 0.016051 0.000230807
vn 0.743677 0.635064 0.208899
v 0.252104 -0.155526 -0.0738724
vn 0.969138 0.0175923 -0.245892
v 0.251568 -0.138506 -0.0763229
vn 0.968266 0.0533738 -0.244156
v 0.227297 -0.0293153 -0.0640871
vn 0.929142 0.368251 0.0329454
v 0.234193 -0.0459648 -0.0649481
vn 0.945015 0.326884 0.00967495
v 0.233412 -0.0473911 -0.0724524
vn 0.935872 0.3464 -0.0644206
v 0.231582 -0.0493963 -0.112851
vn 0.952882 0.290548 -0.0871632
v 0.228372 -0.0344827 -0.0964829
vn 0.928522 0.370184 -0.0284872
v 0.231652 -0.0475427 -0.107065
vn 0.948184 0.299069 -0.107262
v 0.137789 0.0489952 0.0371877
vn 0.536668 0.765142 0.355732
v 0.147528 0.0425699 0.0363161
vn 0.575845 0.744751 0.337266
v 0.21581 -0.00898896 -0.041786
vn 0.890678 0.438021 0.121781
v 0.225436 -0.02831 -0.0501387
vn 0.906455 0.412508 0.0904283
v 0.165698 0.047451 -0.0136734
vn 0.700361 0.67884 0.220613
v 0.178018 0.0320447 -0.0058755
vn 0.719389 0.662673 0.208191
v 0.157858 0.0509331 -0.00454707
vn 0.655118 0.694325 0.29788
v 0.150017 0.0544163 0.00457818
vn 0.644184 0.712814 0.277349
v 0.192441 0.0329973 -0.0707302
vn 0.851998 0.500472 0.153709
v 0.197392 0.0261278 -0.0744176
vn 0.835761 0.534263 0.126749
v 0.201452 0.0199668 -0.0842324
vn 0.854779 0.513571 0.0748214
v 0.206402 0.0130973 -0.0879197
vn 0.87713 0.47596 0.0640756
v 0.210462 0.00693733 -0.0977334
vn 0.885243 0.453537 0.103194
v 0.180598 0.0506626 -0.0771397
vn 0.774255 0.61286 0.157897
v 0.178028 0.0516373 -0.0690197
vn 0.762343 0.625466 0.166208
v 0.1818 0.0476247 -0.0713818
vn 0.788963 0.595907 0.149777
v 0.179229 0.0485994 -0.0632618
vn 0.767415 0.615404 0.179866
v 0.183001 0.0445858 -0.0656229
vn 0.782879 0.600557 0.162577
v 0.0463894 0.0904152 0.0405708
vn 0.245567 0.835412 0.491714
v 0.0473494 0.104626 0.0159782
vn 0.241668 0.846658 0.474096
v 0.228207 -0.0373332 0.000705542
vn 0.847701 0.514509 0.129169
v 0.221061 -0.0274679 0.00654027
vn 0.837323 0.531943 0.126199
v 0.223908 -0.0325069 0.0101634
vn 0.847036 0.517595 0.120935
v 0.219608 -0.0276805 0.0196213
vn 0.817162 0.553373 0.161321
v 0.254281 -0.100853 -0.0304039
vn 0.944862 0.31277 -0.0970078
v 0.245599 -0.0765858 -0.0200955
vn 0.937596 0.34671 -0.026575
v 0.236918 -0.0523185 -0.00978604
vn 0.916187 0.396029 -0.0613422
v 0.242003 -0.110345 -0.110793
vn 0.972739 0.127334 -0.193818
v 0.237602 -0.0664016 -0.0992218
vn 0.977108 0.156243 -0.144388
v 0.234997 -0.0648153 -0.115098
vn 0.969663 0.217179 -0.112194
v 0.2343 -0.0582437 -0.107669
vn 0.964509 0.236071 -0.118288
v 0.235034 -0.0606827 -0.107212
vn 0.968549 0.218516 -0.11901
v 0.234336 -0.0541111 -0.0997839
vn 0.958024 0.270507 -0.0949537
v 0.23507 -0.0565511 -0.099326
vn 0.966126 0.238838 -0.0977588
v 0.131979 0.0811668 -0.024545
vn 0.561371 0.760456 0.32645
v 0.142801 0.0756268 -0.0339966
vn 0.621931 0.729551 0.28453
v 0.247172 -0.14832 -0.0919734
vn 0.975704 0.0119375 -0.218768
v 0.249564 -0.116376 -0.0739544
vn 0.965638 0.112502 -0.23428
v 0.222199 -0.0182932 -0.0931881
vn 0.910321 0.413823 0.00809843
v 0.164157 0.0269489 0.0412897
vn 0.630191 0.712895 0.307636
v 0.202906 0.0100742 -0.0358555
vn 0.834949 0.541757 0.0967454
v 0.19795 0.0152731 -0.0300345
vn 0.811197 0.549588 0.199781
v 0.209359 0.000542571 -0.0388208
vn 0.839281 0.507194 0.195861
v 0.204402 0.00574261 -0.0329997
vn 0.82187 0.551626 0.142263
v 0.224356 -0.0251795 -0.107264
vn 0.927808 0.373024 -0.00501703
v 0.157858 0.0561026 -0.0167755
vn 0.65341 0.707441 0.269412
v 0.164114 0.0534079 -0.0256787
vn 0.693494 0.673261 0.256487
v 0.164758 0.0548258 -0.0315302
vn 0.686896 0.685415 0.241618
v 0.110701 0.090812 -0.0133039
vn 0.486533 0.792584 0.367555
v 0.114933 0.0944331 -0.0267134
vn 0.512065 0.788632 0.340365
v 0.1738 0.017892 0.0424245
vn 0.669408 0.68056 0.297876
v 0.222755 -0.0225016 -0.0329092
vn 0.888955 0.456975 0.03053
v 0.213018 -0.00911319 -0.017345
vn 0.864634 0.499328 0.0554921
v 0.245171 -0.140977 -0.0975039
vn 0.952332 -0.0305333 -0.303533
v 0.244163 -0.158678 -0.0988839
vn 0.958133 -0.0659413 -0.278627
v 0.223016 -0.0205501 -0.0605208
vn 0.891241 0.453526 -0.00173517
v 0.225869 -0.0261711 -0.0639671
vn 0.906056 0.423114 0.00615959
v 0.220162 -0.014929 -0.0570734
vn 0.866869 0.496207 0.0481409
v 0.148701 0.0552857 0.00509291
vn 0.616441 0.727777 0.300568
v 0.205523 0.00465209 -0.0288334
vn 0.829525 0.55181 0.0859874
v 0.151217 0.0513068 0.0095866
vn 0.6225 0.722965 0.29969
v 0.150559 0.0517415 0.0098445
vn 0.599382 0.736023 0.314662
v 0.149359 0.054851 0.00483608
vn 0.605131 0.735844 0.30389
v 0.21532 -0.00356375 -0.0934608
vn 0.896854 0.442317 0.00299178
v 0.217996 -0.00892585 -0.102617
vn 0.91202 0.402666 0.0779755
v 0.210169 0.00516576 -0.0903608
vn 0.88572 0.463029 0.0332357
v 0.174789 0.0510573 -0.0532166
vn 0.735051 0.649276 0.195295
v 0.174121 0.0495036 -0.0455334
vn 0.727233 0.653491 0.209959
v 0.0822578 0.102124 -0.00391972
vn 0.388235 0.821025 0.418558
v 0.198481 -0.00353006 0.0312561
vn 0.749638 0.630519 0.201216
v 0.225622 -0.0304374 -0.0136408
vn 0.897082 0.441862 0.00132332
v 0.243842 -0.134691 -0.105272
vn 0.967944 0.0470842 -0.246712
v 0.232585 -0.0463448 -0.0910681
vn 0.935852 0.33974 -0.0935831
v 0.231569 -0.0410195 -0.0818965
vn 0.9379 0.342485 -0.0552039
v 0.150983 0.063831 -0.0215629
vn 0.635587 0.719768 0.279219
v 0.158377 0.0610152 -0.0311365
vn 0.65399 0.70877 0.264464
v 0.247083 -0.0878911 -0.0633197
vn 0.968771 0.220463 -0.113486
v 0.239604 -0.0614269 -0.0522366
vn 0.945097 0.319324 0.0694577
v 0.246605 -0.0815374 -0.0550523
vn 0.960005 0.267423 -0.0829161
v 0.225307 -0.0249553 -0.0776081
vn 0.90211 0.431471 0.0054717
v 0.148416 0.0497426 0.0185708
vn 0.5872 0.741896 0.323707
v 0.212299 -0.00407001 -0.0365976
vn 0.864583 0.489402 0.113935
v 0.160501 0.0531678 -0.0167123
vn 0.713275 0.62279 0.321514
v 0.153059 0.0562352 -0.00614394
vn 0.660636 0.706603 0.253517
v 0.164706 0.0492489 -0.0184513
vn 0.661382 0.717465 0.218673
v 0.148995 0.0759278 -0.047605
vn 0.641497 0.711892 0.285818
v 0.150872 0.0770047 -0.0558892
vn 0.66857 0.702867 0.242883
v 0.144365 0.0817678 -0.0517618
vn 0.603925 0.745005 0.28327
v 0.146017 0.0361847 0.0526308
vn 0.537024 0.755248 0.375773
v 0.199147 0.0115647 -0.0209892
vn 0.789086 0.599516 0.133878
v 0.247575 -0.168849 -0.0827271
vn 0.908238 -0.0314699 -0.417269
v 0.243045 -0.182171 -0.0915808
vn 0.961557 -0.100649 -0.255496
v 0.217998 -0.0122248 -0.0457071
vn 0.890216 0.446906 0.0882662
v 0.230556 -0.0455648 -0.112229
vn 0.962354 0.266382 -0.0539973
v 0.229531 -0.0417342 -0.111608
vn 0.946064 0.321484 -0.0401299
v 0.228952 -0.038109 -0.104046
vn 0.930195 0.353662 -0.0982819
v 0.151538 0.0553258 -0.00078288
vn 0.655279 0.691836 0.303269
v 0.181121 0.042311 -0.0488671
vn 0.806761 0.56707 0.166036
v 0.169478 0.0618563 -0.0685018
vn 0.738341 0.647009 0.190348
v 0.0809557 0.0756068 0.0464487
vn 0.33991 0.821303 0.458173
v 0.216478 -0.0191911 0.00291082
vn 0.823949 0.551404 0.130616
v 0.223624 -0.0290553 -0.00292498
vn 0.839222 0.525707 0.139066
v 0.21904 -0.0207784 -0.00655446
vn 0.818521 0.5557 0.14567
v 0.255123 -0.114487 -0.0418639
vn 0.922947 0.279495 -0.264674
v 0.255965 -0.12812 -0.0533239
vn 0.968722 0.195074 -0.153376
v 0.235722 -0.0569395 -0.0906134
vn 0.980475 0.196634 -0.0020195
v 0.233842 -0.0474764 -0.082005
vn 0.964482 0.250201 -0.084698
v 0.233502 -0.0543837 -0.107127
vn 0.963282 0.244745 -0.110399
v 0.2342 -0.0609564 -0.114556
vn 0.971695 0.214648 -0.0986656
v 0.233402 -0.0570964 -0.114013
vn 0.964228 0.243886 -0.103849
v 0.123809 0.0706699 0.0119256
vn 0.51594 0.777191 0.36025
v 0.245626 -0.0928627 -0.0823081
vn 0.978997 0.151714 -0.136188
v 0.201712 0.0170731 -0.060185
vn 0.832736 0.545782 0.093129
v 0.180459 0.0198184 0.020915
vn 0.699414 0.669025 0.251447
v 0.188828 0.0257552 -0.0248187
vn 0.755285 0.619919 0.212709
v 0.193785 0.0205563 -0.0306397
vn 0.771923 0.630217 0.083432
v 0.184663 0.0310384 -0.0254229
vn 0.754912 0.632241 0.174298
v 0.207178 0.00943627 -0.072246
vn 0.858764 0.507884 0.0676664
v 0.222735 -0.0199416 -0.0673408
vn 0.876285 0.481542 -0.0155529
v 0.154986 0.0502163 0.00432765
vn 0.631583 0.732084 0.255256
v 0.156185 0.0471079 0.00933607
vn 0.629365 0.715734 0.302695
v 0.159955 0.0460173 0.00407713
vn 0.672296 0.695067 0.254754
v 0.161349 0.0621889 -0.0431334
vn 0.685526 0.688331 0.237179
v 0.228515 -0.0353227 -0.0894429
vn 0.938814 0.341509 -0.0447315
v 0.174532 0.0462058 -0.0380734
vn 0.761321 0.598771 0.248724
v 0.254035 -0.141823 -0.0635987
vn 0.956187 0.0770524 -0.282436
v 0.236684 -0.0564722 -0.0814113
vn 0.948807 0.291799 -0.120911
v 0.230569 -0.0383953 -0.073046
vn 0.952006 0.303427 0.0402109
v 0.232562 -0.0513932 -0.107646
vn 0.959545 0.260526 -0.106766
v 0.232492 -0.0532459 -0.113432
vn 0.966203 0.241865 -0.0891737
v 0.240344 -0.0702469 -0.0703997
vn 0.954425 0.278882 -0.106287
v 0.206118 0.0146331 -0.0952103
vn 0.881181 0.445563 0.158095
v 0.201775 0.0223279 -0.0926871
vn 0.881195 0.445516 0.158149
v 0.197107 0.0276626 -0.0817092
vn 0.881182 0.445569 0.158074
v 0.186842 0.0416574 -0.0757387
vn 0.803798 0.578768 0.137607
v 0.190683 0.0387289 -0.0858555
vn 0.803732 0.578865 0.137588
v 0.18564 0.0446952 -0.0814976
vn 0.803789 0.578796 0.137548
v 0.0113021 0.10193 0.0324519
vn 0.164078 0.851311 0.498345
v 0.0288452 0.0961721 0.0365119
vn 0.164068 0.851317 0.498338
v 0.236838 -0.0541006 0.00802556
vn 0.855988 0.499228 0.134371
v 0.246868 -0.0746353 -0.00569339
vn 0.914082 0.38328 -0.132479
v 0.250575 -0.0877448 -0.0180492
vn 0.914076 0.383296 -0.132474
v 0.240296 -0.0980637 -0.113154
vn 0.989017 0.121303 -0.0844494
v 0.238587 -0.0857816 -0.115514
vn 0.989008 0.121329 -0.0845104
v 0.235718 -0.0645522 -0.10771
vn 0.977255 0.185937 -0.101984
v 0.236365 -0.0725522 -0.116093
vn 0.977246 0.18597 -0.102005
v 0.235681 -0.0686837 -0.115596
vn 0.977249 0.185956 -0.102006
v 0.169118 0.0514563 -0.035606
vn 0.722942 0.649089 0.236722
v 0.244003 -0.146685 -0.102079
vn 0.979007 -0.0401183 -0.199838
v 0.228719 -0.0335953 -0.0729324
vn 0.944921 0.325873 0.0305296
v 0.156 0.065551 -0.0372924
vn 0.656399 0.705741 0.26659
v 0.178561 0.0470447 -0.0555776
vn 0.768779 0.61052 0.19038
v 0.242923 -0.122517 -0.108033
vn 0.992609 0.0498873 -0.11063
v 0.23332 -0.0487848 -0.0906113
vn 0.958877 0.278355 -0.055438
v 0.158586 0.0548215 -0.0159113
vn 0.717265 0.621018 0.31602
v 0.129648 0.0881005 -0.0392376
vn 0.568265 0.775274 0.275725
v 0.159908 0.0270384 0.0475277
vn 0.601973 0.691067 0.400069
v 0.243604 -0.170425 -0.0952323
vn 0.963491 -0.12022 -0.239233
v 0.15088 0.0557605 -0.000526047
vn -0.86427 0.402915 -0.301158
v 0.164874 -0.0304627 0.130404
vn 0.528299 0.435814 0.728675
v 0.159385 -0.0122679 0.122709
vn 0.504912 0.489678 0.71083
v 0.134864 0.00937523 0.123352
vn 0.488463 0.555865 0.67262
v 0.121659 0.0325268 0.109041
vn 0.428689 0.681592 0.593008
v 0.142601 0.0226373 0.1048
vn 0.44485 0.652448 0.613531
v 0.136243 0.03367 0.0972045
vn 0.422449 0.690698 0.586918
v 0.0459526 0.0875068 0.0656645
vn 0.237583 0.904178 0.354987
v 0.0477368 0.07189 0.101029
vn 0.286796 0.864014 0.413796
v 0.0777442 0.0723384 0.0794203
vn 0.286464 0.861674 0.418875
v 0.0687431 0.0111731 0.170478
vn 0.483071 0.588419 0.648387
v 0.0856789 -0.0227879 0.185427
vn 0.518256 0.491231 0.700073
v 0.0927378 -0.0102837 0.171082
vn 0.497222 0.539372 0.679594
v 0.12383 -0.0717826 0.181464
vn 0.603415 0.220499 0.766336
v 0.121542 -0.0855669 0.187437
vn 0.674282 0.196519 0.711845
v 0.137975 -0.152055 0.18447
vn 0.640864 0.0594109 0.765352
v 0.119254 -0.0993521 0.193411
vn 0.630063 0.169083 0.757913
v 0.170087 -0.149803 0.157373
vn 0.598436 -0.000830628 0.80117
v 0.172841 -0.130495 0.155336
vn 0.602051 0.047649 0.797035
v 0.166564 -0.114756 0.158095
vn 0.544115 0.0704109 0.836051
v 0.160287 -0.0990164 0.160855
vn 0.630827 0.121587 0.766338
v 0.167334 -0.169109 0.15941
vn 0.612215 -0.0274969 0.790213
v 0.16002 -0.0652205 0.150901
vn 0.590922 0.29883 0.749341
v 0.176589 -0.0886248 0.14552
vn 0.601226 0.220362 0.768094
v 0.177147 -0.0855669 0.144247
vn 0.587449 0.217712 0.779426
v 0.177704 -0.082509 0.142972
vn 0.596134 0.251824 0.76237
v 0.0965684 0.0497973 0.104514
vn 0.374535 0.766379 0.521907
v 0.07102 0.0519279 0.119537
vn 0.363251 0.779083 0.510958
v 0.0900273 0.045311 0.11552
vn 0.386589 0.749582 0.537285
v 0.136225 -0.0652985 0.169351
vn 0.575541 0.278597 0.768854
v 0.150776 -0.129026 0.173051
vn 0.631303 0.0576224 0.773393
v 0.143306 -0.0743058 0.167208
vn 0.582304 0.233879 0.778603
v 0.136675 -0.0172879 0.143227
vn 0.532866 0.480451 0.696578
v 0.152813 -0.032089 0.140476
vn 0.552996 0.423653 0.717435
v 0.127613 0.00442258 0.133101
vn 0.495755 0.561862 0.662222
v 0.0759263 0.0422868 0.129758
vn 0.405015 0.719255 0.564478
v 0.0719347 0.0388826 0.137053
vn 0.414348 0.716554 0.56113
v 0.0808294 0.0298352 0.141781
vn 0.438801 0.667854 0.601186
v 0.0679442 0.0354784 0.144347
vn 0.413284 0.706235 0.574829
v 0.106815 0.0132079 0.140393
vn 0.461794 0.601851 0.651553
v 0.110548 0.00836364 0.142073
vn 0.390505 0.555492 0.734122
v 0.0988926 0.0276457 0.13114
vn 0.433891 0.663838 0.609145
v 0.114281 0.00351841 0.143753
vn 0.460795 0.563946 0.685298
v 0.113639 0.0300752 0.11768
vn 0.424001 0.64129 0.639507
v 0.115689 0.0259879 0.120668
vn 0.45437 0.662852 0.595126
v 0.117739 0.0219005 0.123655
vn 0.45793 0.608082 0.648488
v 0.139204 0.0399605 0.0874476
vn 0.41382 0.711571 0.56782
v 0.131989 0.0414184 0.0907213
vn 0.400592 0.72531 0.559867
v 0.124775 0.0428752 0.0939961
vn 0.385805 0.74544 0.543574
v 0.0368568 0.065711 0.12064
vn 0.297612 0.838913 0.455689
v 0.0508284 0.0582658 0.123853
vn 0.336751 0.806709 0.485611
v 0.106985 -0.0176585 0.165797
vn 0.504964 0.522802 0.686796
v 0.0937557 0.00684993 0.155994
vn 0.478344 0.590119 0.650343
v 0.1453 -0.203657 0.172538
vn 0.645297 -0.116552 0.754988
v 0.149658 -0.182918 0.172601
vn 0.655992 -0.0725784 0.75127
v 0.14834 -0.0565879 0.156353
vn 0.541655 0.283019 0.791524
v 0.148447 -0.0653774 0.159713
vn 0.588389 0.295007 0.752841
v 0.154314 -0.0778027 0.158603
vn 0.577605 0.245259 0.778601
v 0.148555 -0.0741669 0.163073
vn 0.563697 0.230949 0.793038
v 0.186803 -0.0890079 0.137596
vn 0.596495 0.217508 0.772583
v 0.180545 -0.0793532 0.139553
vn 0.597846 0.231929 0.767326
v 0.182254 -0.0857585 0.140283
vn 0.608024 0.220328 0.762734
v 0.174288 -0.0696974 0.14151
vn 0.564265 0.315019 0.76313
v 0.175997 -0.0761037 0.14224
vn 0.575047 0.242473 0.781363
v 0.0566273 0.0451984 0.13966
vn 0.384064 0.750513 0.537797
v 0.0638231 0.0485626 0.129598
vn 0.359139 0.77716 0.51676
v 0.139406 -0.0521669 0.159742
vn 0.535309 0.339696 0.773338
v 0.130258 -0.0301669 0.156411
vn 0.495605 0.397755 0.772118
v 0.101945 0.0319363 0.123983
vn 0.442834 0.669859 0.595976
v 0.0972736 0.0201552 0.140439
vn 0.472638 0.627555 0.618698
v 0.0838947 0.0444573 0.121086
vn 0.411208 0.715419 0.564875
v 0.152586 0.00235311 0.116426
vn 0.513962 0.510443 0.689414
v 0.175759 -0.02867 0.121138
vn 0.504189 0.461286 0.730074
v 0.156645 0.0166415 0.100598
vn 0.463456 0.624849 0.62831
v 0.152033 0.0154257 0.105128
vn 0.469882 0.606492 0.641387
v 0.14742 0.01421 0.109656
vn 0.46262 0.616167 0.637433
v 0.0232157 0.0947647 0.0585876
vn 0.176728 0.941196 0.287955
v 0.0452189 0.0956963 0.0414634
vn 0.18587 0.941457 0.281268
v 0.0799621 -0.0308711 0.195031
vn 0.534453 0.422406 0.732075
v 0.0956536 -0.0469522 0.192234
vn 0.539476 0.410868 0.734951
v 0.117474 -0.12601 0.199594
vn 0.633358 0.161444 0.756831
v 0.103943 -0.0660353 0.194679
vn 0.633112 0.229972 0.739109
v 0.173887 -0.117409 0.152828
vn 0.600233 0.103968 0.793039
v 0.176663 -0.14376 0.15235
vn 0.646416 0.0145801 0.762846
v 0.180486 -0.157024 0.149364
vn 0.607247 0.0329894 0.793828
v 0.174934 -0.104322 0.15032
vn 0.600888 0.058969 0.797155
v 0.182161 -0.0973753 0.142997
vn 0.605902 0.161122 0.779052
v 0.176095 -0.0911374 0.146531
vn 0.605551 0.191447 0.772435
v 0.1756 -0.093649 0.147541
vn 0.600653 0.157184 0.783907
v 0.187734 -0.106126 0.140473
vn 0.603862 0.146312 0.783545
v 0.114748 0.0506005 0.0898803
vn 0.372496 0.764087 0.526704
v 0.104723 0.0583247 0.0857645
vn 0.345235 0.802345 0.486883
v 0.160782 -0.199066 0.160325
vn 0.614657 -0.107942 0.781374
v 0.172024 -0.0524121 0.136307
vn 0.559463 0.362426 0.745418
v 0.0555926 0.0319605 0.15767
vn 0.420743 0.694093 0.584132
v 0.0617684 0.0337195 0.151008
vn 0.421447 0.700671 0.57571
v 0.124741 -0.00982581 0.146774
vn 0.517256 0.515288 0.683319
v 0.122269 -0.0133237 0.150082
vn 0.465255 0.496134 0.733068
v 0.183227 -0.0625774 0.13195
vn 0.573928 0.343648 0.743312
v 0.112445 0.0356573 0.111861
vn 0.415504 0.703623 0.576429
v 0.116683 0.0330373 0.11203
vn 0.425712 0.684521 0.591777
v 0.103233 0.0387879 0.11468
vn 0.40168 0.725019 0.559465
v 0.10747 0.0361678 0.11485
vn 0.410147 0.701001 0.583418
v 0.111708 0.0335479 0.115018
vn 0.421776 0.684343 0.594793
v 0.102654 0.0689173 0.0689108
vn 0.317138 0.83989 0.440464
v 0.0559189 0.0277037 0.162349
vn 0.430076 0.682505 0.59095
v 0.0562463 0.0234457 0.167028
vn 0.429679 0.646012 0.630907
v 0.123112 -0.0413564 0.168249
vn 0.582251 0.354849 0.731482
v 0.116973 -0.0475669 0.174396
vn 0.55103 0.373831 0.746067
v 0.110116 -0.0233521 0.167327
vn 0.56875 0.423346 0.705196
v 0.164786 -0.213997 0.15316
vn 0.625182 -0.158634 0.764188
v 0.14279 -0.0401732 0.152607
vn 0.56709 0.409354 0.714729
v 0.145544 -0.0467532 0.153768
vn 0.583216 0.371483 0.722398
v 0.148298 -0.0533332 0.154928
vn 0.574784 0.346714 0.741223
v 0.0832084 0.0454394 0.120226
vn 0.395154 0.739982 0.544316
v 0.11914 -0.0130858 0.153387
vn 0.577763 0.465247 0.670623
v 0.133765 -0.0249995 0.149691
vn 0.532094 0.453843 0.714775
v 0.139733 -0.02873 0.147916
vn 0.564736 0.437684 0.699647
v 0.0795673 0.0438626 0.124992
vn 0.389664 0.743442 0.543558
v 0.0835515 0.0449478 0.120656
vn 0.389117 0.745743 0.540791
v 0.112977 6.15305e-05 0.14689
vn 0.519328 0.561707 0.644037
v 0.17975 -0.0452353 0.127037
vn 0.536681 0.4111 0.736865
v 0.125677 0.0283321 0.110816
vn 0.435911 0.671246 0.599509
v 0.129696 0.0241384 0.11259
vn 0.444508 0.652603 0.613614
v 0.0743189 0.0839952 0.0559435
vn 0.250462 0.895541 0.367798
v 0.0772452 -0.0124458 0.183927
vn 0.543308 0.53674 0.645543
v 0.0688115 -0.00210475 0.182426
vn 0.504008 0.561031 0.656674
v 0.11332 -0.0716922 0.187557
vn 0.600678 0.286785 0.746284
v 0.115608 -0.0579069 0.181583
vn 0.564347 0.327873 0.757636
v 0.107387 -0.0440322 0.181703
vn 0.62645 0.308848 0.715663
v 0.173046 -0.157864 0.153857
vn 0.628008 -0.037301 0.777313
v 0.170293 -0.17717 0.155894
vn 0.648827 -0.0913509 0.755433
v 0.173252 -0.185232 0.152377
vn 0.602248 -0.0857628 0.793689
v 0.169468 -0.0808616 0.148747
vn 0.612282 0.249942 0.750093
v 0.162346 -0.0730985 0.151973
vn 0.593888 0.261793 0.760763
v 0.115319 0.0386489 0.106176
vn 0.402198 0.725507 0.558459
v 0.138653 -0.110469 0.180308
vn 0.600585 0.138176 0.787531
v 0.159336 -0.0554637 0.1474
vn 0.560347 0.368419 0.741808
v 0.0698715 0.0403363 0.136549
vn 0.395605 0.732426 0.55412
v 0.0738621 0.0437405 0.129255
vn 0.38698 0.739792 0.550413
v 0.0717979 0.0451952 0.128752
vn 0.385644 0.749591 0.537952
v 0.120084 -0.0101669 0.149751
vn 0.484574 0.515267 0.706886
v 0.125887 -0.0238532 0.155749
vn 0.550098 0.420434 0.721545
v 0.105606 0.0321584 0.120314
vn 0.42465 0.69231 0.583421
v 0.0934726 0.0424163 0.116973
vn 0.416517 0.698498 0.581906
v 0.130036 0.0503921 0.0799824
vn 0.367847 0.778665 0.508301
v 0.0424821 0.0456489 0.14923
vn 0.347967 0.780618 0.519186
v 0.112189 -0.00406794 0.151655
vn 0.524851 0.533583 0.66319
v 0.150172 -0.22338 0.162101
vn 0.745362 -0.158576 0.647526
v 0.155043 -0.243101 0.151663
vn 0.604388 -0.213507 0.767548
v 0.141032 -0.0543132 0.15978
vn 0.458133 0.31168 0.832448
v 0.133508 -0.0344595 0.156487
vn 0.528363 0.392682 0.752751
v 0.180223 -0.0751711 0.138666
vn 0.610874 0.276954 0.741707
v 0.18648 -0.0848258 0.136709
vn 0.574432 0.212043 0.790611
v 0.186158 -0.0806437 0.135821
vn 0.586281 0.273498 0.762544
v 0.0886831 0.0434373 0.11903
vn 0.399348 0.713194 0.576087
v 0.142972 0.00952995 0.116974
vn 0.428654 0.517592 0.740509
v 0.133358 0.0167068 0.117523
vn 0.475785 0.584562 0.657203
v 0.152365 0.0226742 0.0974666
vn 0.458169 0.643437 0.613246
v 0.148084 0.0287068 0.094335
vn 0.435959 0.67152 0.599167
v 0.0303757 0.0820258 0.0903045
vn 0.24152 0.897483 0.369043
v 0.101481 -0.0319595 0.179335
vn 0.529631 0.460837 0.712124
v 0.125992 -0.131859 0.19094
vn 0.654488 0.0784978 0.751986
v 0.125101 -0.145188 0.194032
vn 0.742993 0.103729 0.661213
v 0.132728 -0.164367 0.18847
vn 0.668271 0.0382844 0.742932
v 0.167507 -0.105212 0.154836
vn 0.611708 0.144392 0.777795
v 0.168555 -0.0921258 0.152329
vn 0.504744 0.123319 0.854416
v 0.162175 -0.079929 0.154337
vn 0.583162 0.170751 0.794208
v 0.181959 -0.0930658 0.142334
vn 0.605458 0.174913 0.776418
v 0.18753 -0.101816 0.13981
vn 0.593199 0.149533 0.791047
v 0.187328 -0.0975069 0.139148
vn 0.601468 0.176477 0.779161
v 0.0843063 0.05591 0.103519
vn 0.352038 0.78835 0.504553
v 0.0883842 0.0601731 0.0941445
vn 0.332535 0.818935 0.467725
v 0.0720442 0.0620226 0.102523
vn 0.323362 0.825285 0.462971
v 0.159436 -0.130034 0.166139
vn 0.620664 0.0435458 0.782866
v 0.144655 -0.0097627 0.131866
vn 0.524859 0.499804 0.688999
v 0.0716021 0.0264731 0.151868
vn 0.431012 0.675134 0.598684
v 0.0654263 0.0247152 0.158529
vn 0.436009 0.663812 0.607659
v 0.0752599 0.0174689 0.159389
vn 0.468395 0.616912 0.632476
v 0.114324 0.00832154 0.139337
vn 0.468731 0.595531 0.652406
v 0.114368 0.0131247 0.134921
vn 0.491253 0.595563 0.63559
v 0.109276 0.0387184 0.110429
vn 0.402972 0.723196 0.560893
v 0.151063 -0.0478184 0.150003
vn 0.590118 0.399722 0.701415
v 0.0775031 0.0453173 0.124489
vn 0.391997 0.740561 0.54581
v 0.122514 -0.018469 0.154568
vn 0.378656 0.418395 0.82557
v 0.0861368 0.0365268 0.129851
vn 0.429878 0.696921 0.574026
v 0.0964757 0.0248668 0.135121
vn 0.436114 0.662197 0.609344
v 0.16852 -0.0689858 0.145186
vn 0.592618 0.278743 0.755716
v 0.0714084 0.0485615 0.124144
vn 0.37713 0.762718 0.52539
v 0.135352 -0.158211 0.18647
vn 0.613458 -0.00483364 0.789713
v 0.139015 -0.184012 0.180505
vn 0.698071 -0.0657513 0.713003
v 0.16123 -0.0894732 0.157596
vn 0.624154 0.196497 0.756188
v 0.155257 -0.0682584 0.155346
vn 0.511687 0.231845 0.8273
v 0.182517 -0.0900079 0.141059
vn 0.606142 0.192154 0.771796
v 0.187065 -0.0932574 0.138372
vn 0.592482 0.179994 0.785218
v 0.0715326 0.0569752 0.111031
vn 0.355374 0.794328 0.492699
v 0.153996 -0.102101 0.164607
vn 0.529201 0.148918 0.835326
v 0.171284 -0.0129269 0.114309
vn 0.461849 0.460198 0.758231
v 0.161935 -0.00528689 0.115367
vn 0.461937 0.460232 0.758157
v 0.15614 0.0089942 0.107921
vn 0.481535 0.589328 0.648704
v 0.164861 0.00377835 0.106187
vn 0.481515 0.589356 0.648693
v 0.160753 0.0102099 0.103393
vn 0.481543 0.589353 0.648675
v 0.0155252 0.104176 0.025814
vn 0.14695 0.959334 0.241008
v 0.0894831 -0.0626258 0.204457
vn 0.527869 0.383263 0.757934
v 0.0997231 -0.089289 0.206148
vn 0.694395 0.212977 0.687355
v 0.108598 -0.107649 0.202871
vn 0.694378 0.212978 0.687371
v 0.183516 -0.143302 0.146778
vn 0.534683 0.0410198 0.844057
v 0.186546 -0.129578 0.144192
vn 0.534648 0.0410101 0.844079
v 0.181807 -0.104255 0.144553
vn 0.588268 0.118882 0.79988
v 0.188015 -0.114861 0.141564
vn 0.588414 0.119046 0.799748
v 0.187874 -0.110493 0.141018
vn 0.588309 0.118887 0.799849
v 0.0490368 0.0388047 0.15345
vn 0.384267 0.722453 0.574804
v 0.181489 -0.0539069 0.129493
vn 0.505847 0.327483 0.798044
v 0.120702 0.0288426 0.113805
vn 0.431812 0.669459 0.604452
v 0.0625294 0.010671 0.174727
vn 0.412855 0.610411 0.675981
v 0.108752 -0.0336921 0.174515
vn 0.645455 0.376731 0.664426
v 0.155322 -0.0632153 0.153451
vn 0.545583 0.269133 0.793666
v 0.120046 0.0407615 0.100087
vn 0.398333 0.725653 0.561034
v 0.166813 -0.0625806 0.144455
vn 0.607696 0.341707 0.716897
v 0.128073 -0.02701 0.15608
vn 0.451802 0.396565 0.799131
v 0.138558 0.0191742 0.111123
vn 0.455248 0.625474 0.633665
v 0.0743863 -0.0164879 0.188728
vn 0.488651 0.502065 0.713548
v 0.176869 -0.171128 0.150871
vn 0.519926 -0.0422017 0.853168
v 0.168974 -0.0833742 0.149757
vn 0.579323 0.203401 0.789312
v 0.184693 -0.0716111 0.133886
vn 0.545277 0.259276 0.79715
v 0.10259 0.0379826 0.115995
vn 0.397729 0.682728 0.612939
v 0.0983526 0.0406026 0.115827
vn 0.39903 0.696755 0.596077
v 0.0493642 0.0345478 0.158129
vn 0.33956 0.707413 0.619892
v 0.159915 -0.228549 0.152412
vn 0.563711 -0.229527 0.79344
v 0.08834 0.0439279 0.118599
vn 0.376418 0.825198 0.42114
v -0.167152 0.163465 0.0282435
vn -0.213282 0.902307 0.374637
v -0.13327 0.170225 0.0262687
vn -0.131601 0.897399 0.421137
v -0.185685 0.163139 0.0164308
vn -0.276374 0.892979 0.355255
v -0.10412 0.164809 0.0376992
vn 0.0397857 0.875795 0.481041
v -0.125884 0.159993 0.0472192
vn -0.0138066 0.884295 0.466725
v -0.107903 0.160799 0.0453382
vn 0.0333938 0.878012 0.477473
v -0.111686 0.156789 0.0529761
vn 0.0479162 0.874569 0.482528
v -0.0396663 0.145579 0.042214
vn 0.370155 0.763227 0.529594
v -0.0068095 0.13191 0.0324645
vn 0.503973 0.682524 0.529313
v -0.0317927 0.152252 0.0269129
vn 0.418036 0.734008 0.535236
v -0.0239201 0.158926 0.0116129
vn 0.409189 0.741451 0.531803
v -0.0923243 0.204006 -0.0355113
vn -0.0466844 0.88817 0.457138
v -0.130756 0.207459 -0.0507534
vn -0.156854 0.89499 0.417599
v -0.124768 0.20008 -0.0327092
vn -0.106075 0.898399 0.426177
v -0.208323 0.188847 -0.0825744
vn -0.522709 0.803019 0.286245
v -0.253706 0.161123 -0.104834
vn -0.619897 0.759959 0.195422
v -0.191771 0.189014 -0.0566555
vn -0.468999 0.831855 0.296745
v -0.262408 0.143572 -0.0586944
vn -0.618704 0.77245 0.143272
v -0.233879 0.161406 -0.0455397
vn -0.589002 0.781536 0.205616
v -0.281883 0.131483 -0.0915018
vn -0.679298 0.726324 0.104916
v -0.209635 0.166508 -0.0183208
vn -0.423002 0.848267 0.31861
v -0.223318 0.159506 -0.0205418
vn -0.472983 0.836169 0.277685
v -0.233387 0.152875 -0.0167892
vn -0.476604 0.836088 0.271671
v -0.237002 0.152503 -0.0227629
vn -0.512732 0.821719 0.248765
v -0.0735358 0.170452 0.0210919
vn 0.163084 0.844197 0.510622
v -0.0732295 0.166899 0.0268813
vn 0.164531 0.844553 0.509569
v -0.0649642 0.171792 0.015534
vn 0.200554 0.835991 0.510781
v -0.0729222 0.163347 0.0326698
vn 0.20456 0.832256 0.515271
v -0.0646569 0.168239 0.0213224
vn 0.235967 0.818016 0.524565
v -0.0563916 0.173131 0.00997607
vn 0.251116 0.817994 0.517519
v -0.194754 0.181548 -0.0400123
vn -0.42392 0.85917 0.286564
v -0.2476 0.159964 -0.0768913
vn -0.620457 0.762111 0.184984
v -0.205793 0.176448 -0.0409755
vn -0.457782 0.849229 0.263144
v -0.157339 0.177471 0.00235292
vn -0.229042 0.884299 0.406885
v -0.179465 0.170469 0.00385185
vn -0.315005 0.877387 0.361889
v -0.15636 0.17327 0.00916554
vn -0.201279 0.89187 0.405037
v -0.133255 0.176071 0.0144792
vn -0.101067 0.888608 0.447395
v -0.0683716 0.179729 0.00382977
vn 0.137442 0.854378 0.501147
v -0.0701706 0.189045 -0.0114681
vn 0.12318 0.861717 0.492209
v -0.0827527 0.186843 -0.00482709
vn 0.0586596 0.874389 0.481668
v -0.119499 0.183434 0.0021108
vn -0.0387558 0.947447 0.317556
v -0.125995 0.183572 0.0009087
vn -0.0770911 0.909218 0.409121
v -0.110636 0.181445 0.00568554
vn -0.0228621 0.883829 0.46725
v -0.0952769 0.179316 0.0104613
vn 0.0532842 0.881061 0.469992
v -0.113003 0.183297 0.00331397
vn -0.0613553 0.89765 0.436417
v -0.101692 0.170402 0.0273129
vn 0.01666 0.890556 0.454568
v -0.111673 0.173179 0.0226613
vn -0.0277302 0.892535 0.450124
v -0.107374 0.151024 0.0628087
vn 0.0777991 0.865108 0.495515
v -0.0960243 0.155867 0.0521824
vn 0.144571 0.852038 0.503121
v -0.0390653 0.17546 -0.00258181
vn 0.304375 0.799235 0.518246
v -0.0242411 0.172334 -0.00738184
vn 0.381184 0.770048 0.511592
v -0.139484 0.194291 -0.0259271
vn -0.128759 0.896162 0.424634
v -0.110819 0.193067 -0.0155145
vn -0.0520844 0.89129 0.450433
v -0.286724 0.130654 -0.13375
vn -0.744623 0.662452 0.0818227
v -0.27853 0.138426 -0.116179
vn -0.725165 0.677673 0.122044
v -0.195815 0.174238 -0.0216471
vn -0.417343 0.86966 0.26366
v -0.202402 0.173666 -0.0288787
vn -0.416457 0.854084 0.311615
v -0.214846 0.167823 -0.0335934
vn -0.454659 0.849342 0.268147
v -0.208988 0.173092 -0.0361102
vn -0.45967 0.860528 0.219532
v -0.221434 0.167249 -0.040825
vn -0.47361 0.861673 0.182245
v -0.24375 0.145511 -0.0140313
vn -0.498358 0.827181 0.259638
v -0.221952 0.156926 -0.00922183
vn -0.421532 0.853084 0.307504
v -0.05474 0.186263 -0.0119966
vn 0.223527 0.830337 0.510466
v -0.186456 0.178282 -0.0257281
vn -0.347196 0.884617 0.311299
v -0.163923 0.183472 -0.015345
vn -0.281407 0.914669 0.290156
v -0.0930906 0.174986 0.0179803
vn 0.0362598 0.871943 0.488262
v -0.101141 0.184598 0.0011287
vn -0.0169032 0.876933 0.480314
v -0.0708506 0.174094 0.0141024
vn 0.118782 0.8634 0.490338
v -0.191048 0.156475 0.028055
vn -0.242988 0.905882 0.346893
v -0.150303 0.163253 0.0360319
vn -0.193786 0.90999 0.366559
v -0.136538 0.161497 0.0430603
vn -0.071236 0.891286 0.44781
v -0.139936 0.155538 0.0542855
vn -0.0746857 0.88836 0.453033
v 0.00241049 0.112632 0.0455845
vn 0.620456 0.584926 0.522395
v 0.0124042 0.122892 0.0217476
vn 0.612942 0.601076 0.512844
v -0.133741 0.212459 -0.0632724
vn -0.213936 0.902032 0.374927
v -0.155798 0.205751 -0.0622197
vn -0.245965 0.897849 0.365197
v -0.175211 0.201573 -0.0702766
vn -0.455875 0.846834 0.273954
v -0.224804 0.184256 -0.104161
vn -0.538153 0.788234 0.298459
v -0.283199 0.127043 -0.0716366
vn -0.648488 0.750583 0.126839
v -0.246734 0.150087 -0.0367523
vn -0.593291 0.791465 0.146934
v -0.256047 0.140657 -0.0269334
vn -0.554959 0.805576 0.207527
v -0.238438 0.152324 -0.025225
vn -0.524262 0.815167 0.246277
v -0.239874 0.152144 -0.0276871
vn -0.546888 0.80991 0.212037
v -0.0690863 0.151124 0.0508655
vn 0.24423 0.816718 0.522804
v -0.293867 0.120707 -0.117588
vn -0.740845 0.668655 0.0636301
v -0.207523 0.159555 0.00347502
vn -0.362328 0.872391 0.328103
v -0.193495 0.165012 0.00366344
vn -0.345504 0.876699 0.334702
v -0.0663485 0.197682 -0.0273839
vn 0.105291 0.869087 0.483323
v -0.0605442 0.191972 -0.0196903
vn 0.174434 0.849133 0.498544
v -0.143767 0.182328 -0.00190602
vn -0.204057 0.89403 0.398837
v -0.134881 0.18295 -0.00049866
vn -0.124855 0.91484 0.38403
v -0.153845 0.182899 -0.00862497
vn -0.152384 0.938951 0.308465
v -0.144959 0.183522 -0.00721868
vn -0.160898 0.915065 0.369821
v -0.222326 0.151856 0.00482344
vn -0.398844 0.862785 0.310687
v -0.0957548 0.167123 0.032195
vn 0.0814347 0.868553 0.48886
v -0.10071 0.166936 0.0334424
vn 0.051931 0.87605 0.479417
v -0.0873895 0.169436 0.0266908
vn 0.111337 0.861625 0.495183
v -0.0923443 0.16925 0.0279382
vn 0.0863192 0.876403 0.47378
v -0.097299 0.169064 0.0291856
vn 0.0569424 0.883592 0.464782
v -0.0570095 0.139594 0.0623034
vn 0.316461 0.77837 0.542211
v -0.0833327 0.203627 -0.0355197
vn 0.0378135 0.887102 0.460021
v -0.07434 0.203248 -0.0355282
vn 0.107831 0.890653 0.441712
v -0.168378 0.18899 -0.0318271
vn -0.34809 0.867024 0.356515
v -0.146046 0.193834 -0.0281229
vn -0.299464 0.871487 0.38837
v -0.303704 0.108247 -0.124074
vn -0.765948 0.642143 0.0312443
v -0.179664 0.177163 -0.0125766
vn -0.303258 0.869004 0.390982
v -0.201474 0.1704 -0.0186166
vn -0.388557 0.842959 0.372079
v -0.193313 0.174293 -0.0189134
vn -0.362132 0.862749 0.352881
v -0.0715285 0.172007 0.017814
vn 0.135299 0.860617 0.49095
v -0.0804632 0.169945 0.0238919
vn 0.141894 0.851077 0.505505
v -0.06952 0.17356 0.0145371
vn 0.178465 0.837272 0.516842
v -0.0784548 0.171498 0.020614
vn 0.164585 0.834875 0.525257
v -0.143092 0.186332 -0.0102376
vn -0.226676 0.875247 0.427272
v -0.0701853 0.173827 0.0143192
vn 0.171784 0.843475 0.508959
v -0.206826 0.154832 0.0167676
vn -0.309081 0.887451 0.341907
v -0.110432 0.165316 0.0370855
vn 0.0236613 0.876324 0.481141
v -0.116744 0.165824 0.0364719
vn -0.00647874 0.88388 0.467669
v -0.0325622 0.136735 0.0488245
vn 0.425734 0.735699 0.52678
v -0.0254579 0.12789 0.0554361
vn 0.465101 0.704394 0.536199
v -0.103674 0.210019 -0.0481082
vn -0.0859152 0.891111 0.445577
v -0.176264 0.193782 -0.0527145
vn -0.352061 0.878785 0.322166
v -0.160758 0.198549 -0.0487734
vn -0.38821 0.850431 0.355049
v -0.294342 0.118451 -0.0976702
vn -0.703691 0.706378 0.0764803
v -0.22695 0.158401 -0.0227745
vn -0.483109 0.824024 0.295955
v -0.213265 0.165404 -0.0205534
vn -0.446066 0.839585 0.310036
v -0.216897 0.164298 -0.022785
vn -0.463946 0.840759 0.279069
v -0.0837464 0.163505 0.0354761
vn 0.142199 0.853981 0.500495
v -0.0945695 0.163663 0.0382813
vn 0.110588 0.859142 0.499645
v -0.22796 0.173576 -0.0736629
vn -0.535487 0.817325 0.212684
v -0.201863 0.167414 -0.0106681
vn -0.35811 0.863066 0.356195
v -0.0658263 0.179441 0.00342345
vn 0.175756 0.84853 0.499107
v -0.0632811 0.179153 0.00301607
vn 0.184661 0.843158 0.504961
v -0.141055 0.184259 -0.00642499
vn -0.0971375 0.952451 0.288793
v -0.156116 0.184947 -0.0137587
vn -0.253474 0.890505 0.377825
v -0.0782864 0.171264 0.0212024
vn 0.0825009 0.869254 0.487434
v -0.0464369 0.192446 -0.025565
vn 0.25288 0.832602 0.492773
v -0.131261 0.187456 -0.0083671
vn -0.147301 0.880816 0.449963
v -0.298915 0.113636 -0.142221
vn -0.838513 0.520615 0.1608
v -0.311105 0.0966184 -0.150692
vn -0.778943 0.62656 -0.0258982
v -0.18918 0.177612 -0.0261239
vn -0.306992 0.933257 0.186514
v -0.182594 0.178186 -0.0188923
vn -0.320711 0.9215 0.219049
v -0.169373 0.182132 -0.0161376
vn -0.290288 0.894103 0.341047
v -0.237419 0.147547 -0.00774182
vn -0.457505 0.844514 0.278362
v -0.166647 0.182802 -0.0157408
vn -0.265722 0.929535 0.255648
v -0.0745685 0.172678 0.0176519
vn 0.119816 0.872669 0.473385
v -0.125761 0.167763 0.0322571
vn -0.115326 0.904933 0.409629
v -0.131716 0.154694 0.0565961
vn -0.0420942 0.880819 0.471578
v -0.123496 0.15385 0.0589066
vn 0.00696949 0.878723 0.477282
v 0.00395576 0.135946 0.0150466
vn 0.581392 0.636495 0.506812
v -0.00449374 0.148999 0.0083445
vn 0.485054 0.69987 0.524314
v -0.147682 0.20039 -0.0438818
vn -0.206244 0.895642 0.394066
v -0.257648 0.160052 -0.118048
vn -0.633528 0.740151 0.22543
v -0.221724 0.163554 -0.0285523
vn -0.523389 0.825437 0.211464
v -0.243482 0.147856 -0.0215966
vn -0.539552 0.810036 0.229621
v -0.249962 0.143209 -0.0204302
vn -0.535673 0.8138 0.225353
v -0.0470442 0.161602 0.0231708
vn 0.299437 0.796546 0.525216
v -0.273774 0.137068 -0.0938166
vn -0.643124 0.76558 0.0166883
v -0.253681 0.153429 -0.070046
vn -0.598564 0.776832 0.195583
v -0.167692 0.170833 0.0103613
vn -0.277449 0.84651 0.45436
v -0.155918 0.171198 0.0168719
vn -0.197429 0.892481 0.405585
v -0.0906264 0.197301 -0.0229482
vn 0.014373 0.883889 0.467476
v -0.117588 0.179393 0.010474
vn -0.0641818 0.885599 0.459995
v -0.130678 0.18086 0.00428449
vn -0.143481 0.851024 0.505144
v -0.205748 0.166962 -0.0144945
vn -0.411267 0.854831 0.316422
v -0.0664011 0.176356 0.00877607
vn 0.179566 0.843286 0.506581
v -0.0684085 0.174803 0.012054
vn 0.206775 0.830581 0.517088
v -0.175435 0.183248 -0.026885
vn -0.302438 0.894479 0.329299
v -0.075239 0.176766 0.0108129
vn 0.117087 0.841516 0.527392
v -0.074 0.179584 0.00567713
vn 0.13813 0.861461 0.488678
v -0.0796274 0.179438 0.00752343
vn 0.0732003 0.864031 0.498088
v -0.0963158 0.181368 0.00541817
vn 0.0423112 0.880662 0.471852
v -0.0598369 0.176142 0.00649607
vn 0.207162 0.831937 0.514748
v -0.113726 0.169083 0.0297855
vn -0.0183729 0.916455 0.399717
v -0.143583 0.19734 -0.0349039
vn -0.176986 0.904484 0.388052
v -0.272186 0.145353 -0.125899
vn -0.744511 0.645652 0.169813
v -0.20877 0.168896 -0.0250997
vn -0.416448 0.890047 0.185438
v -0.246856 0.14436 -0.0172302
vn -0.526826 0.822147 0.215707
v -0.175115 0.156793 0.0386519
vn -0.212159 0.932897 0.29102
v -0.146567 0.158772 0.0460055
vn -0.113363 0.891354 0.438903
v -0.156596 0.156046 0.0489508
vn -0.113412 0.89134 0.438921
v -0.148266 0.155792 0.0516182
vn -0.113402 0.89134 0.438923
v 0.0261736 0.0944816 0.0329982
vn 0.676027 0.530248 0.511688
v 0.0192894 0.108687 0.0273729
vn 0.676021 0.530265 0.511679
v -0.163777 0.210366 -0.0809229
vn -0.259602 0.906011 0.334293
v -0.182213 0.202243 -0.0814282
vn -0.523168 0.765536 0.3745
v -0.189216 0.202912 -0.0925787
vn -0.52318 0.765505 0.374546
v -0.276837 0.130465 -0.0588744
vn -0.581512 0.810294 0.0725827
v -0.270475 0.133888 -0.0461123
vn -0.58149 0.810314 0.0725341
v -0.250935 0.145001 -0.0306113
vn -0.565673 0.807499 0.167211
v -0.261996 0.137857 -0.0335344
vn -0.565669 0.807506 0.167189
v -0.259022 0.139257 -0.0302334
vn -0.565666 0.807503 0.167213
v -0.15657 0.18223 -0.00902181
vn -0.259747 0.851435 0.455621
v -0.214577 0.153345 0.010795
vn -0.35256 0.90667 0.231629
v -0.107021 0.167444 0.0328287
vn 0.0261245 0.885682 0.463556
v -0.205105 0.169295 -0.0208492
vn -0.411659 0.880904 0.233548
v -0.0952969 0.159765 0.0452319
vn 0.102415 0.863009 0.494698
v -0.0590106 0.182708 -0.00449026
vn 0.180749 0.845137 0.503064
v -0.16002 0.184209 -0.0145513
vn -0.228167 0.941647 0.247467
v -0.126641 0.16366 0.0397666
vn -0.0473841 0.894325 0.444903
v -0.0115243 0.120261 0.0505098
vn 0.542116 0.634318 0.551136
v -0.167984 0.20006 -0.059525
vn -0.456926 0.785402 0.417567
v -0.228385 0.158221 -0.0252366
vn -0.492725 0.840353 0.225896
v -0.307405 0.102432 -0.137384
vn -0.766102 0.639293 -0.0662718
v -0.181342 0.178213 -0.017525
vn -0.328095 0.895302 0.301311
v -0.0973895 -0.00584792 0.214906
vn -0.0890788 0.60628 0.790247
v -0.0806022 0.00529626 0.207606
vn -0.0547143 0.642693 0.764167
v -0.0727169 0.0302173 0.186192
vn 0.0147471 0.658108 0.752779
v -0.049619 0.0455331 0.16814
vn 0.136137 0.712566 0.688271
v -0.0473222 0.0284131 0.185184
vn 0.114785 0.702948 0.701918
v -0.0426053 0.0404826 0.171968
vn 0.138354 0.713113 0.687261
v -0.0355906 0.0354331 0.175796
vn 0.153403 0.720994 0.675748
v -0.0132758 0.0784847 0.112882
vn 0.328778 0.790368 0.516936
v -0.00374529 0.0957752 0.0761971
vn 0.3933 0.805569 0.44314
v -0.0397053 0.0995426 0.0975445
vn 0.330203 0.790015 0.516567
v -0.125003 0.0778268 0.146189
vn 0.00301493 0.651367 0.758757
v -0.152814 0.0544878 0.164047
vn -0.0771296 0.605652 0.791983
v -0.132606 0.0539257 0.166268
vn -0.0355937 0.635318 0.77143
v -0.196835 -0.00383636 0.188299
vn -0.319375 0.397531 0.860215
v -0.217491 -0.0459732 0.196195
vn -0.422727 0.331658 0.843389
v -0.170893 0.00598259 0.192061
vn -0.265021 0.456464 0.849356
v -0.205308 -0.0789858 0.214564
vn -0.496684 0.323441 0.805414
v -0.178272 -0.0610574 0.222707
vn -0.424539 0.371837 0.825532
v -0.165144 -0.0346111 0.216015
vn -0.351768 0.410301 0.841375
v -0.136605 -0.0177374 0.215607
vn -0.19497 0.515924 0.834152
v -0.140408 -0.0296543 0.221342
vn -0.24404 0.482772 0.841056
v -0.137394 -0.0285248 0.221688
vn -0.213736 0.491587 0.844191
v -0.144212 -0.0415701 0.227079
vn -0.274175 0.463755 0.842472
v -0.141198 -0.0404406 0.227424
vn -0.273628 0.474455 0.836672
v -0.138183 -0.0393111 0.22777
vn -0.2451 0.494201 0.834081
v -0.0551127 0.0699553 0.142695
vn 0.198127 0.739664 0.64315
v -0.0417232 0.0658152 0.143259
vn 0.224772 0.75145 0.620323
v -0.0573 0.0769542 0.135158
vn 0.203402 0.746195 0.633893
v -0.0594885 0.0839531 0.127621
vn 0.22918 0.755368 0.613919
v -0.155387 -0.00018059 0.200074
vn -0.257453 0.51295 0.818901
v -0.174626 -0.0217048 0.20386
vn -0.296283 0.416068 0.859712
v -0.157892 -0.00965001 0.204944
vn -0.283539 0.480079 0.830138
v -0.193865 -0.0432279 0.207647
vn -0.434574 0.334841 0.836078
v -0.108911 0.00224682 0.207626
vn -0.0955632 0.581268 0.808081
v -0.0853948 0.0338616 0.183578
vn 0.0190104 0.652491 0.757558
v -0.10514 0.0197878 0.194846
vn -0.0537234 0.60361 0.795468
v -0.0721485 0.0795005 0.136672
vn 0.153655 0.724666 0.671751
v -0.0900053 0.0840563 0.135907
vn 0.128613 0.71487 0.687327
v -0.0880221 0.0738658 0.146089
vn 0.0996857 0.699818 0.707332
v -0.0906548 0.051331 0.16818
vn 0.0330895 0.67254 0.739321
v -0.0975864 0.0430994 0.175869
vn -0.036995 0.671759 0.739845
v -0.08692 0.0518563 0.166712
vn 0.0778118 0.673704 0.734893
v -0.0762527 0.0606131 0.157554
vn 0.120468 0.712407 0.691349
v -0.0834537 0.0559721 0.162868
vn 0.0596386 0.710347 0.701321
v -0.0601842 0.0507015 0.164849
vn 0.0999088 0.69881 0.708296
v -0.0691274 0.0458931 0.171101
vn 0.0606939 0.688187 0.72299
v -0.0228264 0.0344826 0.173654
vn 0.179317 0.731065 0.658323
v -0.0300358 0.0451258 0.163691
vn 0.208701 0.746103 0.632277
v -0.0620064 0.107902 0.0978561
vn 0.264036 0.784912 0.560534
v -0.0648285 0.098372 0.111756
vn 0.244568 0.768769 0.590915
v -0.12971 0.0410426 0.176531
vn -0.0444638 0.628085 0.776873
v -0.110114 0.058771 0.162522
vn 0.0168115 0.65926 0.751727
v -0.237304 -0.0821974 0.193406
vn -0.54229 0.205924 0.814565
v -0.225055 -0.0730963 0.200007
vn -0.510246 0.238392 0.826328
v -0.137666 -0.00512897 0.207514
vn -0.25529 0.499311 0.827958
v -0.145668 -0.00930581 0.207958
vn -0.200653 0.475476 0.85654
v -0.153672 -0.0134837 0.208402
vn -0.301879 0.504355 0.809009
v -0.136619 -0.0494448 0.23386
vn -0.267725 0.477142 0.837053
v -0.133062 -0.0399448 0.229493
vn -0.260115 0.482028 0.836653
v -0.137401 -0.0443784 0.230815
vn -0.252086 0.46962 0.846114
v -0.129506 -0.0304458 0.225126
vn -0.19083 0.523874 0.830145
v -0.0835011 0.0934573 0.124058
vn 0.187295 0.743571 0.64189
v -0.0714948 0.0887047 0.125839
vn 0.206938 0.755761 0.621291
v -0.124977 0.0194057 0.193158
vn -0.173669 0.603631 0.778118
v -0.0670674 0.0593636 0.157193
vn 0.118397 0.70134 0.702926
v -0.0994221 0.0593731 0.161208
vn 0.0524604 0.675347 0.735632
v -0.0887306 0.0599742 0.159893
vn 0.0892039 0.676316 0.731191
v -0.0617495 0.074171 0.139814
vn 0.157816 0.724546 0.670915
v -0.0675537 0.0153236 0.199191
vn -0.0311191 0.646242 0.762498
v -0.0835979 -0.00385951 0.214482
vn -0.0394844 0.608323 0.792706
v -0.0865927 -0.0130153 0.221359
vn -0.0543022 0.62785 0.776438
v -0.0555727 0.0226921 0.191717
vn 0.0767866 0.682714 0.72664
v -0.0444421 0.0168068 0.196077
vn 0.0897717 0.685878 0.722158
v 0.0189484 0.0907447 0.0609034
vn 0.462975 0.812794 0.353583
v -0.00217477 0.106663 0.0516687
vn 0.458408 0.819825 0.343146
v -0.170081 0.03767 0.172814
vn -0.160216 0.565128 0.809297
v -0.168143 0.0466068 0.16712
vn -0.170264 0.5555 0.813898
v -0.166204 0.0555426 0.161427
vn -0.136686 0.591656 0.794519
v -0.216852 -0.0160332 0.184937
vn -0.344537 0.378814 0.858949
v -0.199112 0.00363524 0.181911
vn -0.359973 0.450366 0.817061
v -0.181373 0.0233036 0.178886
vn -0.250286 0.411723 0.876265
v -0.188993 -0.0822384 0.225331
vn -0.445433 0.349146 0.824431
v -0.173499 -0.0653532 0.225513
vn -0.389418 0.348087 0.852754
v -0.158006 -0.0484679 0.225696
vn -0.390082 0.394506 0.831986
v -0.149583 -0.0591511 0.234253
vn -0.324181 0.433887 0.840624
v -0.146898 -0.0503605 0.230666
vn -0.305706 0.4383 0.845244
v -0.149339 -0.0512753 0.230323
vn -0.323862 0.430457 0.842508
v -0.146653 -0.0424848 0.226736
vn -0.288931 0.455423 0.842086
v -0.149095 -0.0434005 0.226393
vn -0.314087 0.444701 0.838803
v -0.0190737 0.0605279 0.141013
vn 0.264302 0.764899 0.587429
v -0.224342 -0.0919869 0.205303
vn -0.552689 0.245963 0.796265
v -0.114795 -0.0206458 0.222412
vn -0.148677 0.558914 0.815788
v -0.105907 0.0921195 0.130517
vn 0.0995567 0.704797 0.702388
v -0.0947043 0.0927889 0.127288
vn 0.149336 0.72821 0.668887
v -0.105912 0.0311142 0.185831
vn -0.063096 0.619272 0.782637
v -0.101748 0.0371068 0.18085
vn -0.06859 0.665464 0.743272
v -0.115825 -0.0336574 0.230501
vn -0.172069 0.541359 0.822996
v -0.052299 0.0526226 0.161144
vn 0.156013 0.723063 0.672934
v -0.0529811 0.0491562 0.165029
vn 0.136089 0.715098 0.685649
v -0.054979 0.059711 0.154149
vn 0.166307 0.729096 0.663898
v -0.0556611 0.0562457 0.158033
vn 0.145671 0.725347 0.672794
v -0.0563422 0.0527795 0.161917
vn 0.1339 0.717276 0.683802
v 0.000440995 0.0615184 0.129767
vn 0.320516 0.777557 0.540994
v -0.118153 0.0898447 0.134509
vn 0.0451863 0.698837 0.713852
v -0.142584 0.0199963 0.190018
vn -0.192179 0.510297 0.838251
v -0.138133 0.0283215 0.184741
vn -0.142561 0.58315 0.799757
v -0.13368 0.0366468 0.179465
vn -0.11829 0.52514 0.842754
v -0.227552 -0.104778 0.205567
vn -0.581307 0.195614 0.789821
v -0.125618 0.00615313 0.202423
vn -0.103126 0.566231 0.81777
v -0.135574 -0.0106827 0.211428
vn -0.156352 0.520249 0.83958
v -0.134542 -0.00362793 0.207248
vn -0.15727 0.536547 0.829086
v -0.057879 0.0723647 0.140749
vn 0.179198 0.73441 0.654622
v -0.0550453 0.0648331 0.148422
vn 0.178464 0.734438 0.654791
v -0.0606443 0.0747742 0.138803
vn 0.186004 0.736628 0.650217
v -0.0578116 0.0672426 0.146476
vn 0.191941 0.734883 0.650465
v -0.134908 0.0168942 0.191604
vn -0.136437 0.566704 0.812546
v -0.11443 0.0339689 0.183134
vn -0.0356012 0.602594 0.797253
v -0.128507 0.0269826 0.186576
vn -0.0544653 0.527448 0.84784
v -0.105525 0.025451 0.190338
vn -0.0623023 0.61893 0.782971
v -0.0663969 0.0771373 0.137738
vn 0.182066 0.736839 0.651091
v -0.10158 0.0469721 0.171514
vn 0.0261757 0.651634 0.758082
v -0.0909663 -0.00889002 0.217062
vn -0.0730803 0.589626 0.804363
v -0.09936 -0.0144616 0.220713
vn -0.103944 0.572195 0.813504
v -0.101331 -0.0230753 0.226519
vn -0.122481 0.590413 0.797754
v -0.0527242 0.0417436 0.172575
vn 0.125887 0.708954 0.693929
v -0.0558285 0.0379541 0.17701
vn 0.110087 0.701979 0.703638
v -0.00111058 0.0780826 0.104506
vn 0.358866 0.798828 0.482794
v 0.0110536 0.0776805 0.0961287
vn 0.402653 0.801979 0.441249
v -0.142183 0.0737784 0.149782
vn -0.0294439 0.632372 0.774105
v -0.157848 0.0303342 0.180178
vn -0.202944 0.484526 0.85091
v -0.20721 -0.0862469 0.21549
vn -0.499941 0.236942 0.833017
v -0.20911 -0.093509 0.216414
vn -0.502921 0.292506 0.813333
v -0.143076 -0.0323943 0.22226
vn -0.244081 0.474355 0.84582
v -0.139273 -0.0204785 0.216524
vn -0.219573 0.495247 0.840547
v -0.14194 -0.0232185 0.217442
vn -0.246789 0.487303 0.837634
v -0.0450527 0.05115 0.16105
vn 0.183557 0.734603 0.653196
v -0.190243 -0.024129 0.200802
vn -0.366467 0.412603 0.833943
v -0.127868 -0.0127069 0.214529
vn -0.142863 0.545047 0.826144
v -0.0714232 0.0811394 0.134623
vn 0.16643 0.740367 0.651273
v -0.0706969 0.0827794 0.132574
vn 0.189432 0.74148 0.643679
v -0.0803516 0.0834173 0.13424
vn 0.162706 0.731125 0.662558
v -0.109534 0.0340805 0.182638
vn -0.0933819 0.673843 0.73295
v -0.121481 0.0250615 0.189408
vn -0.14449 0.597883 0.788454
v -0.0586632 0.0589258 0.155656
vn 0.0732133 0.737223 0.671671
v -0.0571432 0.067151 0.146462
vn 0.155636 0.719943 0.676357
v -0.0631358 0.0565216 0.158782
vn 0.162751 0.706517 0.688727
v -0.0176379 0.0383868 0.167452
vn 0.208056 0.739844 0.6398
v -0.0124485 0.042291 0.16125
vn 0.253273 0.756413 0.603069
v -0.0946864 0.103459 0.115828
vn 0.194471 0.761347 0.618491
v -0.109056 0.0421131 0.176739
vn -0.00891292 0.620246 0.784357
v -0.240751 -0.0990448 0.193173
vn -0.526559 0.0960504 0.844695
v -0.244197 -0.115892 0.19294
vn -0.635382 0.15982 0.755478
v -0.132341 0.00508363 0.201664
vn -0.258827 0.57815 0.77379
v -0.127017 0.0152952 0.195816
vn -0.183578 0.585926 0.789297
v -0.129986 -0.0446963 0.233303
vn -0.222148 0.50504 0.834017
v -0.0721432 0.0193552 0.195026
vn 0.0173959 0.660875 0.750295
v -0.0636843 0.0334152 0.182446
vn 0.0240695 0.674576 0.737813
v -0.0335137 0.0259773 0.185278
vn 0.128159 0.706909 0.695597
v -0.0165632 0.107844 0.063974
vn 0.403618 0.826382 0.392665
v -0.0309527 0.109025 0.0762782
vn 0.373443 0.7996 0.470298
v -0.150076 0.0395447 0.175221
vn -0.10665 0.5898 0.800476
v -0.222461 -0.03241 0.187876
vn -0.318239 0.271962 0.908163
v -0.22807 -0.0487879 0.190815
vn -0.453558 0.300814 0.838925
v -0.153032 -0.0374437 0.221587
vn -0.410121 0.475287 0.778398
v -0.148056 -0.0264195 0.217476
vn -0.309117 0.42759 0.849478
v -0.143683 -0.0479174 0.230628
vn -0.297931 0.446801 0.843568
v -0.146368 -0.0567069 0.234214
vn -0.325036 0.440722 0.836729
v -0.143154 -0.0542637 0.234176
vn -0.297677 0.450198 0.841849
v -0.0395379 0.0834457 0.120123
vn 0.272051 0.771053 0.575731
v -0.190948 -0.0468405 0.210584
vn -0.420784 0.343257 0.839712
v -0.188032 -0.0504532 0.213523
vn -0.410432 0.386044 0.826145
v -0.0895579 0.0168247 0.197978
vn -0.0279713 0.621717 0.782742
v -0.110888 0.0749026 0.147959
vn 0.06023 0.680915 0.729882
v -0.0910495 0.0445131 0.174275
vn 0.0343729 0.673363 0.738513
v -0.0952116 0.0385215 0.179256
vn 0.0506602 0.621072 0.782115
v -0.0845116 0.0459279 0.172681
vn 0.049575 0.662493 0.747426
v -0.0473358 0.0483415 0.164595
vn 0.154616 0.723515 0.67277
v -0.117946 0.0763647 0.147074
vn 0.044551 0.665916 0.744695
v -0.196671 -0.0647195 0.214043
vn -0.442653 0.298879 0.845417
v -0.132237 -0.0152216 0.215068
vn -0.20164 0.527078 0.825549
v -0.0629053 0.0763678 0.137634
vn 0.202388 0.746347 0.634038
v -0.117955 0.0295152 0.186271
vn -0.0987153 0.624048 0.775125
v -0.138434 0.0124405 0.19474
vn -0.160884 0.55964 0.812969
v -0.0730306 0.0713994 0.145736
vn 0.134793 0.708616 0.6926
v -0.0403222 0.0432921 0.168422
vn 0.164474 0.725754 0.668004
v -0.0619337 0.0420584 0.173648
vn 0.0411912 0.708661 0.704346
v -0.0281706 0.03023 0.179466
vn 0.16709 0.716167 0.677632
v -0.046479 0.108463 0.0870666
vn 0.311746 0.813475 0.490992
v -0.142861 -0.0157742 0.212495
vn -0.3191 0.524931 0.789065
v -0.140668 -0.0467869 0.230973
vn -0.281783 0.455477 0.844476
v -0.139886 -0.0518542 0.234018
vn -0.297042 0.457776 0.837978
v -0.0803821 0.053271 0.165117
vn 0.0716055 0.695842 0.714616
v -0.0791474 -0.00827321 0.218196
vn -0.0963088 0.652611 0.751548
v -0.0717011 -0.00353213 0.215032
vn -0.0960643 0.652528 0.75165
v -0.0696274 0.00589626 0.207112
vn -0.0962209 0.652582 0.751584
v -0.0555411 0.00700259 0.206015
vn 0.0665378 0.672148 0.737421
v 0.0237589 0.100743 0.0247003
vn 0.490938 0.820832 0.291915
v -0.189654 0.0354679 0.169321
vn -0.206244 0.557219 0.804345
v -0.204073 0.0156952 0.175612
vn -0.251545 0.364765 0.896478
v -0.210462 -0.000168983 0.180274
vn -0.251543 0.364775 0.896474
v -0.178172 -0.0766879 0.228757
vn -0.461133 0.414635 0.784496
v -0.167352 -0.0711385 0.232185
vn -0.461159 0.414643 0.784477
v -0.162679 -0.0598037 0.22894
vn -0.461152 0.414627 0.784489
v -0.152498 -0.053749 0.230244
vn -0.354603 0.426263 0.832199
v -0.155901 -0.0640985 0.234095
vn -0.354579 0.426224 0.83223
v -0.152742 -0.0616248 0.234174
vn -0.354569 0.426224 0.832234
v -0.100297 0.0977899 0.123172
vn 0.123246 0.737778 0.663697
v -0.116464 0.0232047 0.190823
vn -0.0431921 0.573852 0.817819
v -0.108578 -0.0283658 0.228511
vn -0.205998 0.578986 0.788885
v -0.0560853 0.0453668 0.169463
vn 0.123614 0.710026 0.693241
v -0.218331 -0.0991437 0.210991
vn -0.600891 0.253733 0.757991
v -0.138241 -0.0134237 0.212346
vn -0.253882 0.520195 0.815439
v -0.0375443 0.0481384 0.16237
vn 0.180275 0.735639 0.652944
v -0.077099 0.0881184 0.128316
vn 0.179707 0.736016 0.652676
v -0.0939611 -0.0180448 0.223939
vn -0.159861 0.625763 0.763456
v -0.0557011 0.0303236 0.184363
vn 0.0875665 0.691995 0.716572
v -0.199051 -0.0878732 0.220873
vn -0.541192 0.367642 0.756275
v -0.145517 -0.033309 0.221918
vn -0.293684 0.472623 0.83089
v -0.0567432 0.0599658 0.15419
vn 0.120954 0.730053 0.672602
v -0.0560611 0.063431 0.150306
vn 0.125479 0.73027 0.671536
v -0.106419 0.096652 0.125169
vn 0.0670918 0.764331 0.641324
v -0.235874 -0.110335 0.199254
vn -0.668681 0.182631 0.720772
v -0.13078 0.00583314 0.201532
vn -0.17465 0.559086 0.810506
v -0.0588937 0.0709626 0.142633
vn 0.326412 0.740338 0.587669
v -0.136738 -0.783649 -0.258093
vn -0.83163 0.240663 0.500473
v -0.131881 -0.783649 -0.248351
vn -0.804565 0.437935 0.401109
v -0.12863 -0.704974 -0.235737
vn -0.96322 -0.0160871 0.268231
v -0.127024 -0.783649 -0.238609
vn -0.941643 0.253855 0.221059
v -0.137278 -0.743687 -0.256113
vn -0.804409 -0.0402345 0.592712
v -0.137817 -0.703726 -0.254132
vn -0.818365 -0.0364952 0.573539
v -0.126264 -0.783649 -0.22775
vn -0.824053 0.563572 0.057648
v -0.127094 -0.74484 -0.226928
vn -0.997283 -0.022853 0.0700308
v -0.125505 -0.783649 -0.216891
vn -0.888117 0.426934 -0.170222
v -0.126334 -0.74484 -0.216069
vn -0.992623 -0.0186589 -0.119798
v -0.127162 -0.706031 -0.215246
vn -0.997465 0.00153219 -0.0711405
v -0.128959 -0.783649 -0.206569
vn -0.777476 0.572567 -0.260189
v -0.129572 -0.745194 -0.206336
vn -0.948426 -0.0133714 -0.316716
v -0.132414 -0.783649 -0.196247
vn -0.752006 0.434856 -0.495366
v -0.133026 -0.745194 -0.196013
vn -0.871224 -0.0109052 -0.490765
v -0.133639 -0.706739 -0.195781
vn -0.871001 0.017744 -0.490961
v -0.130401 -0.706385 -0.205513
vn -0.948923 0.0122024 -0.31527
v -0.139555 -0.783649 -0.188031
vn -0.616554 0.576728 -0.535953
v -0.139743 -0.745318 -0.188275
vn -0.754883 -0.00797187 -0.655812
v -0.146697 -0.783649 -0.179815
vn -0.504235 0.436566 -0.745089
v -0.146885 -0.745318 -0.18006
vn -0.616697 -0.0080467 -0.787159
v -0.147074 -0.706988 -0.180304
vn -0.615043 0.0222289 -0.78818
v -0.140357 -0.706864 -0.188042
vn -0.75516 0.0223499 -0.655159
v -0.156438 -0.783649 -0.174959
vn -0.364902 0.575388 -0.731967
v -0.15606 -0.745194 -0.175493
vn -0.445893 -0.00797772 -0.895051
v -0.166179 -0.783649 -0.170103
vn -0.142341 0.270918 -0.95202
v -0.165801 -0.745194 -0.170638
vn -0.240418 -0.0111318 -0.970606
v -0.165422 -0.706739 -0.171172
vn -0.215337 0.0155192 -0.976417
v -0.156248 -0.706864 -0.175738
vn -0.445193 0.0224466 -0.895153
v -0.177038 -0.783649 -0.169344
vn -0.0620202 0.458049 -0.886761
v -0.185888 -0.706031 -0.169776
vn 0.0601788 0.000434898 -0.998188
v -0.187897 -0.783649 -0.168584
vn 0.233449 0.259967 -0.936973
v -0.186893 -0.74484 -0.16918
vn 0.186866 -0.0199136 -0.982183
v -0.198219 -0.783649 -0.172038
vn 0.283968 0.446331 -0.848617
v -0.205358 -0.704974 -0.176327
vn 0.493627 -0.0192781 -0.86946
v -0.208542 -0.783649 -0.175492
vn 0.510559 0.250293 -0.822607
v -0.216757 -0.783649 -0.182633
vn 0.54992 0.545284 -0.632656
v -0.214704 -0.743687 -0.18266
vn 0.655064 -0.0343556 -0.754792
v -0.224973 -0.783649 -0.189774
vn 0.761121 0.393347 -0.515725
v -0.22292 -0.743687 -0.189801
vn 0.785569 -0.0407575 -0.617431
v -0.220867 -0.703726 -0.189827
vn 0.755951 -0.0391491 -0.653456
v -0.22983 -0.783649 -0.199516
vn 0.757603 0.532299 -0.37775
v -0.227514 -0.743063 -0.198999
vn 0.893237 -0.0457202 -0.447256
v -0.234686 -0.783649 -0.209257
vn 0.905923 0.380033 -0.186757
v -0.232371 -0.743063 -0.20874
vn 0.961414 -0.0514098 -0.27026
v -0.230056 -0.702477 -0.208224
vn 0.960619 -0.0647039 -0.270229
v -0.225461 -0.703102 -0.199025
vn 0.892017 -0.0517108 -0.449033
v -0.235446 -0.783649 -0.220115
vn 0.851402 0.521123 -0.0595469
v -0.233104 -0.742534 -0.218986
vn 0.995882 -0.0553203 -0.0718294
v -0.236205 -0.783649 -0.230974
vn 0.91249 0.369846 0.174862
v -0.233864 -0.742534 -0.229845
vn 0.991182 -0.0596981 0.118301
v -0.231522 -0.701418 -0.228714
vn 0.989679 -0.0824447 0.117208
v -0.230788 -0.701948 -0.218469
vn 0.994555 -0.0724426 -0.0749223
v -0.232751 -0.783649 -0.241298
vn 0.813897 0.513232 0.272332
v -0.230625 -0.74218 -0.239576
vn 0.947064 -0.0621013 0.314982
v -0.229297 -0.783649 -0.251622
vn 0.777916 0.363746 0.512383
v -0.227171 -0.74218 -0.2499
vn 0.869697 -0.0649036 0.489299
v -0.225045 -0.700711 -0.248178
vn 0.867775 -0.0936275 0.488059
v -0.228284 -0.701065 -0.238446
vn 0.946128 -0.0877625 0.311672
v -0.222156 -0.783649 -0.259835
vn 0.649321 0.509628 0.564501
v -0.220454 -0.742056 -0.257639
vn 0.753559 -0.0655933 0.654099
v -0.215015 -0.783649 -0.26805
vn 0.522385 0.362357 0.771888
v -0.213313 -0.742056 -0.265852
vn 0.614979 -0.0666766 0.78572
v -0.211611 -0.700463 -0.263655
vn 0.6123 -0.0969787 0.784655
v -0.218327 -0.700587 -0.255917
vn 0.752478 -0.0958465 0.651606
v -0.205274 -0.783649 -0.272908
vn 0.383672 0.510629 0.76945
v -0.204139 -0.74218 -0.270419
vn 0.444639 -0.0655894 0.893305
v -0.195532 -0.783649 -0.277765
vn 0.186418 0.365822 0.911824
v -0.194398 -0.74218 -0.275276
vn 0.266353 -0.0650032 0.961681
v -0.193264 -0.700711 -0.272787
vn 0.262678 -0.0921406 0.960474
v -0.202437 -0.700587 -0.268221
vn 0.44251 -0.0957389 0.891638
v -0.184673 -0.783649 -0.278523
vn 0.0596707 0.51625 0.854357
v -0.184164 -0.742534 -0.275975
vn 0.0677601 -0.062086 0.995768
v -0.173814 -0.783649 -0.279282
vn -0.176214 0.37383 0.910604
v -0.173305 -0.742534 -0.276733
vn -0.122634 -0.0598846 0.990644
v -0.172797 -0.701418 -0.274185
vn -0.126416 -0.079732 0.988768
v -0.183031 -0.701065 -0.273486
vn 0.0648666 -0.0875415 0.994047
v -0.163491 -0.783649 -0.275829
vn -0.269811 0.525788 0.80669
v -0.163571 -0.743063 -0.273458
vn -0.318858 -0.0553029 0.946188
v -0.153168 -0.783649 -0.272377
vn -0.50829 0.38566 0.770005
v -0.153247 -0.743063 -0.270005
vn -0.492221 -0.0517338 0.868932
v -0.153326 -0.702477 -0.267633
vn -0.495057 -0.0612756 0.866697
v -0.163061 -0.701948 -0.270909
vn -0.321609 -0.0721818 0.944117
v -0.144953 -0.783649 -0.265234
vn -0.552971 0.538135 0.636108
v -0.145493 -0.743687 -0.263254
vn -0.656647 -0.0457169 0.752811
v -0.145572 -0.703102 -0.260883
vn -0.658067 -0.0515951 0.75119
v -0.132537 -0.665092 -0.241576
vn -0.895231 -0.0223044 0.445043
v -0.127257 -0.626457 -0.229018
vn -0.962794 0.00361625 0.270213
v -0.136847 -0.663915 -0.250202
vn -0.788412 -0.0413898 0.613753
v -0.131567 -0.625282 -0.237645
vn -0.895331 -0.0163246 0.445102
v -0.135877 -0.624105 -0.246271
vn -0.78974 -0.0391871 0.612188
v -0.12652 -0.667239 -0.212523
vn -0.995815 0.0227132 -0.0885206
v -0.125877 -0.628449 -0.2098
vn -0.997076 0.0379532 -0.0663194
v -0.126567 -0.627453 -0.219408
vn -0.996907 0.0257565 0.0742471
v -0.129555 -0.667906 -0.203397
vn -0.94882 0.0379242 -0.313532
v -0.132793 -0.668261 -0.193663
vn -0.871783 0.0460096 -0.487727
v -0.131946 -0.629782 -0.191546
vn -0.870461 0.0745598 -0.486557
v -0.128912 -0.629115 -0.200673
vn -0.948385 0.0633715 -0.310724
v -0.139091 -0.668495 -0.186407
vn -0.754776 0.0526758 -0.653865
v -0.145807 -0.668619 -0.178669
vn -0.616123 0.0538214 -0.785809
v -0.144541 -0.63025 -0.177033
vn -0.613252 0.0839958 -0.785408
v -0.138244 -0.630015 -0.18429
vn -0.753971 0.0829304 -0.651652
v -0.15441 -0.668385 -0.174388
vn -0.44406 0.0526752 -0.894447
v -0.163583 -0.668261 -0.169823
vn -0.265785 0.0464692 -0.962912
v -0.161745 -0.629782 -0.168473
vn -0.212033 0.0776199 -0.974175
v -0.153143 -0.630015 -0.172753
vn -0.442123 0.083025 -0.893104
v -0.173179 -0.667594 -0.169169
vn -0.066155 0.0379172 -0.997089
v -0.183413 -0.667239 -0.16847
vn 0.163045 0.0227724 -0.986356
v -0.180937 -0.628449 -0.167166
vn 0.12844 0.0509856 -0.990406
v -0.171341 -0.629115 -0.16782
vn -0.0631678 0.0671663 -0.99574
v -0.192542 -0.666245 -0.171545
vn 0.319787 0.0113473 -0.947422
v -0.199197 -0.626457 -0.173314
vn 0.494092 0.00193874 -0.869408
v -0.190066 -0.627453 -0.17024
vn 0.321781 0.0283709 -0.946389
v -0.217305 -0.663915 -0.187904
vn 0.766415 -0.037599 -0.641244
v -0.213743 -0.624105 -0.185981
vn 0.75384 -0.0371444 -0.656007
v -0.206471 -0.625282 -0.179648
vn 0.655027 -0.0171133 -0.755411
v -0.221615 -0.662741 -0.19653
vn 0.890786 -0.0574748 -0.450773
v -0.22621 -0.662116 -0.205729
vn 0.958371 -0.0742855 -0.275693
v -0.222363 -0.621755 -0.203234
vn 0.957059 -0.0874212 -0.276398
v -0.218053 -0.62293 -0.194607
vn 0.8893 -0.063285 -0.452924
v -0.226899 -0.661118 -0.215338
vn 0.992954 -0.0891928 -0.0780213
v -0.227633 -0.660589 -0.225583
vn 0.988493 -0.102684 0.111073
v -0.223743 -0.61976 -0.222451
vn 0.986153 -0.125163 0.108792
v -0.223054 -0.620757 -0.212843
vn 0.990966 -0.106004 -0.0821528
v -0.224598 -0.659924 -0.234711
vn 0.944608 -0.113107 0.308096
v -0.221359 -0.65957 -0.244443
vn 0.867311 -0.121528 0.482703
v -0.217674 -0.618429 -0.240707
vn 0.864376 -0.15002 0.479945
v -0.220708 -0.619094 -0.23158
vn 0.942769 -0.138463 0.303341
v -0.215062 -0.659337 -0.251698
vn 0.750648 -0.125949 0.648587
v -0.208344 -0.659212 -0.259437
vn 0.611616 -0.128273 0.780687
v -0.205078 -0.617963 -0.255218
vn 0.607648 -0.158307 0.778269
v -0.211376 -0.618195 -0.247963
vn 0.748409 -0.155971 0.644637
v -0.199743 -0.659446 -0.263717
vn 0.439954 -0.125968 0.889141
v -0.19057 -0.65957 -0.268283
vn 0.261149 -0.121948 0.957565
v -0.187875 -0.618429 -0.263778
vn 0.256203 -0.148764 0.955107
v -0.196477 -0.618195 -0.259498
vn 0.436646 -0.155892 0.886024
v -0.180974 -0.660235 -0.268935
vn 0.0617965 -0.11312 0.991658
v -0.17074 -0.660589 -0.269634
vn -0.128206 -0.103462 0.986336
v -0.168683 -0.61976 -0.265085
vn -0.133117 -0.122894 0.983452
v -0.178279 -0.619094 -0.264431
vn 0.0577314 -0.138259 0.988712
v -0.161611 -0.661587 -0.266561
vn -0.32419 -0.0892179 0.941775
v -0.151875 -0.662116 -0.263285
vn -0.496184 -0.0753435 0.864942
v -0.150423 -0.621755 -0.258937
vn -0.499536 -0.0845844 0.862154
v -0.159554 -0.620757 -0.26201
vn -0.327675 -0.10578 0.93885
v -0.144602 -0.663291 -0.256952
vn -0.659444 -0.0574858 0.749553
v -0.143151 -0.62293 -0.252604
vn -0.661132 -0.0631722 0.747605
v -0.129397 -0.586253 -0.232367
vn -0.895333 -0.0102858 0.445279
v -0.125086 -0.58743 -0.22374
vn -0.9619 0.0165905 0.272899
v -0.122916 -0.548402 -0.218462
vn -0.972802 0.0418575 0.227826
v -0.133405 -0.584601 -0.240402
vn -0.789774 -0.0415186 0.611992
v -0.126925 -0.546749 -0.226497
vn -0.89516 -0.00437215 0.445723
v -0.130934 -0.545096 -0.234532
vn -0.791136 -0.0391719 0.610384
v -0.124454 -0.58883 -0.214787
vn -0.996025 0.045166 0.0767727
v -0.123764 -0.589826 -0.205178
vn -0.991583 0.0674744 -0.1105
v -0.121651 -0.551202 -0.200557
vn -0.989804 0.0946041 -0.10648
v -0.122283 -0.549802 -0.209509
vn -0.994702 0.0641544 0.0803223
v -0.126604 -0.590761 -0.196668
vn -0.947378 0.088861 -0.307535
v -0.129639 -0.591427 -0.187542
vn -0.870309 0.102647 -0.48169
v -0.127333 -0.553073 -0.183537
vn -0.867937 0.130938 -0.479105
v -0.124492 -0.552137 -0.192046
vn -0.946054 0.114029 -0.303282
v -0.13552 -0.591756 -0.180772
vn -0.752492 0.113124 -0.648814
v -0.141817 -0.591991 -0.173516
vn -0.613276 0.115506 -0.781377
v -0.139094 -0.553731 -0.169998
vn -0.609152 0.145408 -0.779609
v -0.133213 -0.553402 -0.176767
vn -0.750575 0.143157 -0.645092
v -0.149843 -0.591662 -0.169517
vn -0.439756 0.113126 -0.890964
v -0.158445 -0.591427 -0.165237
vn -0.233101 0.101673 -0.967123
v -0.155146 -0.553073 -0.162
vn -0.205323 0.126561 -0.970477
v -0.14712 -0.553402 -0.165999
vn -0.436638 0.143234 -0.888161
v -0.173045 -0.551202 -0.160762
vn 0.134297 0.0882332 -0.987005
v -0.185501 -0.588425 -0.166818
vn 0.323827 0.0451413 -0.945039
v -0.194631 -0.58743 -0.169892
vn 0.493351 0.0185356 -0.869633
v -0.190065 -0.548402 -0.16647
vn 0.455916 0.0364715 -0.889275
v -0.201407 -0.585777 -0.175785
vn 0.655253 -0.0102748 -0.75534
v -0.20868 -0.584601 -0.182119
vn 0.782126 -0.0394314 -0.621871
v -0.203617 -0.545096 -0.178256
vn 0.782885 -0.0414488 -0.620784
v -0.196841 -0.546749 -0.172363
vn 0.655614 -0.00432539 -0.755084
v -0.212688 -0.582947 -0.190153
vn 0.887842 -0.0688603 -0.454966
v -0.216999 -0.581772 -0.19878
vn 0.954396 -0.0965747 -0.282491
v -0.211635 -0.541789 -0.194326
vn 0.952605 -0.109481 -0.283825
v -0.207626 -0.543443 -0.18629
vn 0.886125 -0.0744518 -0.457427
v -0.217632 -0.580373 -0.207733
vn 0.988723 -0.122437 -0.0862315
v -0.218321 -0.579375 -0.217343
vn 0.984232 -0.144967 0.101356
v -0.212899 -0.53899 -0.212233
vn 0.981079 -0.167051 0.0978725
v -0.212267 -0.54039 -0.20328
vn 0.986097 -0.138817 -0.0913327
v -0.215481 -0.578439 -0.225851
vn 0.94034 -0.163479 0.298388
v -0.212446 -0.577773 -0.23498
vn 0.86302 -0.177604 0.47292
v -0.207218 -0.537118 -0.229251
vn 0.859051 -0.205715 0.468735
v -0.210059 -0.538054 -0.220742
vn 0.937591 -0.188402 0.29228
v -0.206564 -0.577444 -0.241749
vn 0.745553 -0.185822 0.640017
v -0.200266 -0.57721 -0.249004
vn 0.605833 -0.189346 0.772731
v -0.195455 -0.536458 -0.242791
vn 0.600746 -0.219032 0.768849
v -0.201337 -0.536788 -0.236021
vn 0.742333 -0.215508 0.634428
v -0.192241 -0.577541 -0.253003
vn 0.432904 -0.185812 0.882081
v -0.183639 -0.577773 -0.257283
vn 0.253546 -0.1783 0.950749
v -0.179403 -0.537118 -0.250788
vn 0.247302 -0.204687 0.947072
v -0.18743 -0.536788 -0.246789
vn 0.428342 -0.215392 0.87757
v -0.17469 -0.57871 -0.257903
vn 0.0534815 -0.163469 0.985098
v -0.165094 -0.579375 -0.258555
vn -0.135841 -0.146337 0.979864
v -0.161504 -0.53899 -0.252027
vn -0.141845 -0.165253 0.975998
v -0.170454 -0.538054 -0.251408
vn 0.0482379 -0.188193 0.980947
v -0.156583 -0.580774 -0.255701
vn -0.331096 -0.122439 0.93562
v -0.147454 -0.581772 -0.252627
vn -0.501104 -0.0984538 0.859768
v -0.144484 -0.541789 -0.246318
vn -0.505113 -0.107274 0.856361
v -0.152995 -0.54039 -0.249172
vn -0.335371 -0.138576 0.931839
v -0.140679 -0.583426 -0.246734
vn -0.662767 -0.0688742 0.745652
v -0.137708 -0.543443 -0.240425
vn -0.664701 -0.074347 0.743401
v -0.12328 -0.508099 -0.219315
vn -0.894898 0.00160154 0.446269
v -0.119271 -0.509752 -0.211281
vn -0.967061 0.0446485 0.250597
v -0.115625 -0.471103 -0.2041
vn -0.970825 0.0629802 0.231372
v -0.126975 -0.506046 -0.226743
vn -0.791085 -0.0415394 0.610294
v -0.119321 -0.46905 -0.211527
vn -0.894459 0.00740567 0.447089
v -0.123017 -0.466996 -0.218954
vn -0.792432 -0.0390628 0.608708
v -0.114498 -0.474585 -0.18753
vn -0.986427 0.131555 -0.0982557
v -0.120727 -0.514056 -0.186162
vn -0.944221 0.139134 -0.298477
v -0.123568 -0.514992 -0.177651
vn -0.866893 0.158713 -0.472554
v -0.119804 -0.476911 -0.171767
vn -0.862693 0.192437 -0.467685
v -0.129036 -0.515401 -0.171371
vn -0.747999 0.173075 -0.640736
v -0.134917 -0.515729 -0.164603
vn -0.608062 0.176728 -0.773969
v -0.130739 -0.477728 -0.159207
vn -0.60226 0.213829 -0.769129
v -0.125272 -0.477319 -0.165487
vn -0.744505 0.207042 -0.634701
v -0.142364 -0.515321 -0.160882
vn -0.43306 0.173066 -0.884595
v -0.150391 -0.514992 -0.156883
vn -0.253926 0.159885 -0.953918
v -0.145636 -0.476911 -0.151766
vn -0.246664 0.186096 -0.951065
v -0.138187 -0.477319 -0.155486
vn -0.428673 0.202862 -0.88039
v -0.158686 -0.513829 -0.156287
vn -0.0528805 0.139174 -0.988855
v -0.162226 -0.474585 -0.150574
vn 0.140232 0.125783 -0.982097
v -0.153931 -0.475748 -0.15117
vn -0.0477524 0.164122 -0.985284
v -0.184025 -0.509752 -0.161143
vn 0.472424 0.0474733 -0.880092
v -0.177986 -0.471103 -0.155817
vn 0.458239 0.0580703 -0.88693
v -0.170106 -0.472844 -0.153195
vn 0.332604 0.0924752 -0.938522
v -0.190291 -0.5077 -0.16658
vn 0.65611 0.00158838 -0.754664
v -0.197066 -0.506046 -0.172473
vn 0.780344 -0.0384717 -0.624166
v -0.190516 -0.466996 -0.16669
vn 0.781126 -0.0405414 -0.623055
v -0.184251 -0.46905 -0.161253
vn 0.65681 0.00742745 -0.75402
v -0.200761 -0.503992 -0.179899
vn 0.884398 -0.0798269 -0.459857
v -0.204771 -0.502338 -0.187934
vn 0.949518 -0.118131 -0.290621
v -0.197906 -0.462888 -0.181543
vn 0.947221 -0.13071 -0.292724
v -0.194211 -0.464943 -0.174117
vn 0.882441 -0.0851372 -0.462655
v -0.205335 -0.500599 -0.19622
vn 0.983223 -0.154817 -0.0964537
v -0.205967 -0.4992 -0.205173
vn 0.978447 -0.186277 0.0891164
v -0.199035 -0.459409 -0.198112
vn 0.974511 -0.207871 0.0843646
v -0.198471 -0.461149 -0.189828
vn 0.979975 -0.170671 -0.102574
v -0.203314 -0.498036 -0.213056
vn 0.934292 -0.212949 0.285921
v -0.200473 -0.497101 -0.221564
vn 0.856757 -0.232807 0.460182
v -0.193727 -0.457083 -0.213878
vn 0.851794 -0.260408 0.454572
v -0.196381 -0.458246 -0.205996
vn 0.930711 -0.237328 0.278303
v -0.195005 -0.496692 -0.227844
vn 0.738414 -0.244945 0.628289
v -0.189124 -0.496362 -0.234613
vn 0.597979 -0.249748 0.761609
v -0.182793 -0.456266 -0.226437
vn 0.591595 -0.278934 0.756447
v -0.18826 -0.456674 -0.220157
vn 0.734054 -0.274139 0.621299
v -0.181676 -0.49677 -0.238336
vn 0.423417 -0.244941 0.872194
v -0.17365 -0.497101 -0.242333
vn 0.243487 -0.233873 0.941285
v -0.167896 -0.457083 -0.233879
vn 0.235991 -0.2597 0.93641
v -0.175344 -0.456674 -0.230158
vn 0.41776 -0.274087 0.866229
v -0.165355 -0.498264 -0.242928
vn 0.0428402 -0.212952 0.976123
v -0.156405 -0.4992 -0.243548
vn -0.145393 -0.188352 0.97128
v -0.151305 -0.459409 -0.235068
vn -0.152536 -0.206641 0.966453
v -0.159601 -0.458246 -0.234473
vn 0.0363567 -0.2371 0.970805
v -0.148525 -0.500939 -0.240928
vn -0.339544 -0.154805 0.927763
v -0.140015 -0.502338 -0.238073
vn -0.50718 -0.120871 0.853322
v -0.135545 -0.462888 -0.229828
vn -0.511727 -0.129258 0.849369
v -0.143425 -0.461149 -0.232448
vn -0.344569 -0.170487 0.92315
v -0.133751 -0.504393 -0.232635
vn -0.666623 -0.0798038 0.741111
v -0.129281 -0.464943 -0.224391
vn -0.668866 -0.0850055 0.738507
v -0.114217 -0.43093 -0.202463
vn -0.893913 0.0132296 0.448045
v -0.110522 -0.432984 -0.195037
vn -0.957225 0.0609074 0.282861
v -0.105418 -0.394864 -0.185972
vn -0.955695 0.0735725 0.285015
v -0.117591 -0.428552 -0.20927
vn -0.792337 -0.0414925 0.608671
v -0.108792 -0.392486 -0.19278
vn -0.893205 0.0188613 0.449255
v -0.112165 -0.390108 -0.199587
vn -0.793714 -0.038881 0.607048
v -0.110034 -0.435 -0.187429
vn -0.989594 0.110988 0.0915709
v -0.104442 -0.398896 -0.170759
vn -0.982112 0.166851 -0.087277
v -0.10493 -0.396881 -0.178366
vn -0.987198 0.126679 0.0969195
v -0.114595 -0.439251 -0.164013
vn -0.86163 0.213937 -0.460244
v -0.109385 -0.40159 -0.156261
vn -0.857652 0.236263 -0.456741
v -0.106914 -0.400244 -0.16351
vn -0.936747 0.209363 -0.280486
v -0.119495 -0.402536 -0.144685
vn -0.619474 0.258594 -0.741202
v -0.131985 -0.439658 -0.148502
vn -0.423743 0.23232 -0.875482
v -0.139434 -0.439251 -0.144781
vn -0.244328 0.215576 -0.945426
v -0.133232 -0.40159 -0.137797
vn -0.282836 0.247262 -0.92675
v -0.147071 -0.437904 -0.144203
vn -0.0425714 0.18866 -0.981119
v -0.155365 -0.436741 -0.143607
vn 0.14362 0.153943 -0.977586
v -0.148505 -0.398896 -0.13664
vn 0.151884 0.171987 -0.97332
v -0.140868 -0.400244 -0.137219
vn -0.0363764 0.213058 -0.976362
v -0.162608 -0.434725 -0.145985
vn 0.33664 0.110891 -0.935081
v -0.170488 -0.432984 -0.148606
vn 0.500553 0.0648377 -0.863275
v -0.162991 -0.394864 -0.141396
vn 0.505672 0.0731147 -0.859622
v -0.155747 -0.396881 -0.139018
vn 0.341098 0.126799 -0.931437
v -0.176235 -0.430606 -0.153577
vn 0.657602 0.0132159 -0.75325
v -0.182499 -0.428552 -0.159013
vn 0.778621 -0.0372823 -0.626386
v -0.174482 -0.390108 -0.151337
vn 0.779385 -0.0394237 -0.625303
v -0.168737 -0.392486 -0.146366
vn 0.658586 0.0188951 -0.752268
v -0.185872 -0.426174 -0.16582
vn 0.880492 -0.0902307 -0.465394
v -0.189567 -0.424119 -0.173246
vn 0.943727 -0.13874 -0.300219
v -0.181228 -0.385352 -0.164948
vn 0.94096 -0.150943 -0.303002
v -0.177855 -0.38773 -0.158143
vn 0.878284 -0.0952413 -0.468558
v -0.190056 -0.422105 -0.180853
vn 0.976499 -0.18613 -0.108654
v -0.19062 -0.420365 -0.189138
vn 0.971204 -0.226381 0.0742609
v -0.182205 -0.381321 -0.180164
vn 0.966517 -0.247345 0.0683042
v -0.181717 -0.383336 -0.172556
vn 0.97265 -0.201358 -0.115788
v -0.188148 -0.419017 -0.196387
vn 0.926591 -0.261287 0.270478
v -0.185495 -0.417854 -0.20427
vn 0.848726 -0.286921 0.44423
v -0.177262 -0.378626 -0.194662
vn 0.842809 -0.313892 0.437202
v -0.179734 -0.379973 -0.187412
vn 0.922189 -0.284975 0.261451
v -0.18044 -0.417381 -0.210058
vn 0.729093 -0.303066 0.613657
v -0.174973 -0.416973 -0.216337
vn 0.587717 -0.309145 0.747675
v -0.167153 -0.37768 -0.206237
vn 0.580169 -0.337728 0.741177
v -0.172207 -0.378152 -0.200449
vn 0.723813 -0.331686 0.605045
v -0.168104 -0.417446 -0.219781
vn 0.41157 -0.303078 0.859508
v -0.160656 -0.417854 -0.223503
vn 0.231255 -0.288454 0.929148
v -0.153416 -0.378626 -0.213126
vn 0.222331 -0.31355 0.923177
v -0.160284 -0.378152 -0.209681
vn 0.404589 -0.33161 0.852257
v -0.153019 -0.419202 -0.224081
vn 0.0298603 -0.261277 0.964802
v -0.144723 -0.420365 -0.224676
vn -0.157131 -0.229204 0.960612
v -0.138142 -0.381321 -0.214283
vn -0.165324 -0.246781 0.954865
v -0.145779 -0.379973 -0.213704
vn 0.0223268 -0.284814 0.958323
v -0.137481 -0.422381 -0.222298
vn -0.349682 -0.18612 0.918195
v -0.129601 -0.424119 -0.219678
vn -0.514185 -0.1426 0.845742
v -0.123657 -0.385352 -0.209527
vn -0.51951 -0.150343 0.841134
v -0.130899 -0.383336 -0.211905
vn -0.355647 -0.201147 0.912718
v -0.123856 -0.426497 -0.214708
vn -0.671008 -0.0902368 0.735939
v -0.117911 -0.38773 -0.204557
vn -0.673473 -0.0951808 0.733059
v -0.102252 -0.355042 -0.18186
vn -0.892388 0.0244918 0.450604
v -0.0988779 -0.35742 -0.175052
vn -0.953483 0.081938 0.290096
v -0.0923379 -0.319975 -0.164132
vn -0.951484 0.0942571 0.292906
v -0.105299 -0.352415 -0.188041
vn -0.793524 -0.0414214 0.607128
v -0.0953853 -0.317349 -0.170313
vn -0.891413 0.0299347 0.452201
v -0.0984327 -0.314723 -0.176496
vn -0.794976 -0.0385803 0.605413
v -0.0984695 -0.359646 -0.168127
vn -0.984504 0.142398 0.102343
v -0.0979811 -0.361663 -0.160521
vn -0.978564 0.190985 -0.077049
v -0.09152 -0.324428 -0.150283
vn -0.974738 0.211779 -0.0709546
v -0.0919285 -0.322202 -0.157207
vn -0.981515 0.157585 0.108603
v -0.100273 -0.36315 -0.153908
vn -0.932651 0.237009 -0.272008
v -0.102744 -0.364497 -0.146659
vn -0.854566 0.268128 -0.444775
v -0.0961032 -0.327404 -0.137058
vn -0.849218 0.294929 -0.438002
v -0.0938116 -0.325916 -0.14367
vn -0.928869 0.260565 -0.263266
v -0.107387 -0.36502 -0.141365
vn -0.732763 0.290645 -0.615291
v -0.112442 -0.365493 -0.135577
vn -0.557744 0.296764 -0.775147
v -0.105391 -0.328449 -0.126469
vn -0.583227 0.325375 -0.744296
v -0.100747 -0.327927 -0.131763
vn -0.727841 0.319327 -0.606859
v -0.125599 -0.364497 -0.128963
vn -0.259888 0.273992 -0.925952
v -0.117966 -0.327404 -0.120129
vn -0.222229 0.29513 -0.929254
v -0.118731 -0.36497 -0.132407
vn -0.411954 0.290632 -0.863613
v -0.111678 -0.327927 -0.1233
vn -0.405294 0.31938 -0.856582
v -0.132576 -0.363009 -0.1284
vn -0.0298906 0.237022 -0.971044
v -0.140213 -0.361663 -0.127821
vn 0.154475 0.19499 -0.968564
v -0.131919 -0.324428 -0.119003
vn 0.163906 0.212173 -0.963389
v -0.124943 -0.325916 -0.119566
vn -0.0223028 0.260705 -0.965161
v -0.146813 -0.359435 -0.129951
vn 0.34568 0.14239 -0.927486
v -0.154056 -0.35742 -0.132329
vn 0.50585 0.0871021 -0.858213
v -0.145121 -0.319975 -0.123262
vn 0.511598 0.0947574 -0.853984
v -0.13852 -0.322202 -0.121132
vn 0.35098 0.157684 -0.923011
v -0.159278 -0.354793 -0.136827
vn 0.659675 0.0245082 -0.751151
v -0.165023 -0.352415 -0.141798
vn 0.776895 -0.0358771 -0.628608
v -0.155565 -0.314723 -0.13226
vn 0.77765 -0.0380867 -0.627542
v -0.150343 -0.317349 -0.127761
vn 0.661001 0.0299678 -0.749786
v -0.168072 -0.349788 -0.147981
vn 0.876096 -0.100038 -0.471644
v -0.171444 -0.34741 -0.154786
vn 0.937069 -0.158284 -0.311202
v -0.16166 -0.309467 -0.144624
vn 0.933838 -0.170012 -0.31471
v -0.158613 -0.312095 -0.138442
vn 0.873645 -0.104696 -0.475166
v -0.171853 -0.345183 -0.16171
vn 0.968594 -0.216161 -0.122881
v -0.172341 -0.343168 -0.169318
vn 0.962576 -0.264996 0.0567886
v -0.162478 -0.305014 -0.158472
vn 0.957185 -0.285194 0.0496108
v -0.16207 -0.307241 -0.151548
vn 0.964169 -0.230628 -0.131103
v -0.17005 -0.341681 -0.17593
vn 0.917287 -0.308206 0.252176
v -0.167578 -0.340333 -0.18318
vn 0.838958 -0.339655 0.425187
v -0.157895 -0.302041 -0.171698
vn 0.832108 -0.365875 0.416812
v -0.160186 -0.303527 -0.165085
vn 0.912142 -0.331059 0.241655
v -0.162935 -0.33981 -0.188474
vn 0.717904 -0.359962 0.595853
v -0.157881 -0.339337 -0.194262
vn 0.575412 -0.367365 0.730715
v -0.148608 -0.300994 -0.182286
vn 0.566716 -0.395246 0.72292
v -0.153252 -0.301517 -0.176992
vn 0.711621 -0.387887 0.58578
v -0.151593 -0.339861 -0.197431
vn 0.397152 -0.359956 0.844217
v -0.144723 -0.340333 -0.200877
vn 0.216386 -0.341688 0.914564
v -0.136032 -0.302041 -0.188626
vn 0.206061 -0.365959 0.907531
v -0.14232 -0.301517 -0.185457
vn 0.388966 -0.387809 0.83565
v -0.137747 -0.34182 -0.201439
vn 0.014488 -0.308203 0.95121
v -0.130111 -0.343168 -0.202018
vn -0.170777 -0.268788 0.947939
v -0.12208 -0.305014 -0.189752
vn -0.180287 -0.285408 0.941296
v -0.129056 -0.303527 -0.189189
vn 0.00562217 -0.330921 0.943642
v -0.12351 -0.345394 -0.199887
vn -0.36158 -0.216142 0.906942
v -0.116266 -0.34741 -0.197509
vn -0.522487 -0.163303 0.836863
v -0.108877 -0.309467 -0.185491
vn -0.528411 -0.170383 0.831716
v -0.115478 -0.307241 -0.187622
vn -0.368392 -0.230434 0.90066
v -0.111045 -0.350037 -0.193011
vn -0.675963 -0.100048 0.730112
v -0.103655 -0.312095 -0.180993
vn -0.678742 -0.104607 0.726888
v -0.0874358 -0.280725 -0.157572
vn -0.890337 0.0353574 0.453928
v -0.0843874 -0.283351 -0.151391
vn -0.948804 0.101946 0.298963
v -0.0764379 -0.246726 -0.13865
vn -0.94637 0.113853 0.302359
v -0.0901569 -0.277925 -0.163129
vn -0.794719 -0.0412166 0.605576
v -0.079159 -0.243927 -0.144207
vn -0.889137 0.0405923 0.455838
v -0.08188 -0.241128 -0.149764
vn -0.796174 -0.0381994 0.60386
v -0.0840579 -0.285722 -0.145149
vn -0.978233 0.172644 0.115123
v -0.0836495 -0.287948 -0.138225
vn -0.97142 0.22955 -0.0604069
v -0.075779 -0.251468 -0.126166
vn -0.966894 0.249587 -0.053123
v -0.0761085 -0.249097 -0.132408
vn -0.974673 0.187096 0.122508
v -0.0857611 -0.289534 -0.132248
vn -0.924593 0.283896 -0.254031
v -0.0880527 -0.291023 -0.125636
vn -0.845881 0.320929 -0.426017
v -0.0800022 -0.254642 -0.114213
vn -0.8397 0.346948 -0.417769
v -0.0778906 -0.253054 -0.12019
vn -0.920111 0.306616 -0.243687
v -0.0922853 -0.29158 -0.120834
vn -0.722297 0.347712 -0.597816
v -0.0969285 -0.292103 -0.11554
vn -0.579197 0.355435 -0.733619
v -0.0884664 -0.255755 -0.104611
vn -0.570296 0.383143 -0.726612
v -0.0842348 -0.255198 -0.109412
vn -0.716384 0.375733 -0.587894
v -0.102637 -0.291545 -0.112645
vn -0.397939 0.347722 -0.84896
v -0.108924 -0.291023 -0.109474
vn -0.2175 0.323718 -0.920815
v -0.0998822 -0.254642 -0.0988208
vn -0.20606 0.347639 -0.914706
v -0.0941748 -0.255198 -0.101716
vn -0.389774 0.375794 -0.840747
v -0.115239 -0.289436 -0.108927
vn -0.0144369 0.283905 -0.958744
v -0.122216 -0.287948 -0.108364
vn 0.167631 0.234659 -0.957515
v -0.112512 -0.251468 -0.097725
vn 0.178359 0.250837 -0.951456
v -0.106197 -0.253054 -0.0982724
vn -0.00550523 0.306748 -0.951775
v -0.128175 -0.285577 -0.110246
vn 0.356448 0.172617 -0.918231
v -0.134776 -0.283351 -0.112376
vn 0.512353 0.108499 -0.851894
v -0.124432 -0.246726 -0.101489
vn 0.518752 0.115447 -0.847094
v -0.118472 -0.249097 -0.0996071
vn 0.362759 0.18717 -0.912893
v -0.139475 -0.280551 -0.116402
vn 0.662381 0.0353479 -0.748333
v -0.144697 -0.277925 -0.120901
vn 0.77518 -0.0342289 -0.630812
v -0.133828 -0.241128 -0.109542
vn 0.775894 -0.0364887 -0.629807
v -0.12913 -0.243927 -0.105516
vn 0.663996 0.040562 -0.746635
v -0.147418 -0.275126 -0.126458
vn 0.871239 -0.109131 -0.478575
v -0.150465 -0.272497 -0.13264
vn 0.929541 -0.176537 -0.323709
v -0.139271 -0.235528 -0.120654
vn 0.925894 -0.187684 -0.327865
v -0.13655 -0.238328 -0.115098
vn 0.868551 -0.113368 -0.482459
v -0.150795 -0.270126 -0.138881
vn 0.959546 -0.244657 -0.139335
v -0.151204 -0.267899 -0.145805
vn 0.952662 -0.301832 0.0365003
v -0.139931 -0.230784 -0.133138
vn 0.94663 -0.321102 0.0280239
v -0.1396 -0.233156 -0.126897
vn 0.95459 -0.258213 -0.148608
v -0.149093 -0.266312 -0.151781
vn 0.906545 -0.353434 0.23078
v -0.146801 -0.264826 -0.158394
vn 0.827544 -0.390779 0.403067
v -0.135707 -0.227611 -0.14509
vn 0.81992 -0.416118 0.393162
v -0.137819 -0.229197 -0.139114
vn 0.900747 -0.375305 0.218633
v -0.142568 -0.26427 -0.163195
vn 0.704687 -0.415423 0.575188
v -0.137925 -0.263747 -0.168489
vn 0.561057 -0.424215 0.710814
v -0.127243 -0.226501 -0.154692
vn 0.551097 -0.451234 0.701911
v -0.131476 -0.227055 -0.149891
vn 0.697485 -0.442527 0.563634
v -0.132218 -0.264303 -0.171385
vn 0.380416 -0.415431 0.826257
v -0.12593 -0.264826 -0.174554
vn 0.198941 -0.393397 0.897586
v -0.115827 -0.227611 -0.160483
vn 0.187257 -0.416702 0.889547
v -0.121536 -0.227055 -0.157587
vn 0.371066 -0.44248 0.816408
v -0.119615 -0.266412 -0.175103
vn -0.00349508 -0.353451 0.935447
v -0.112639 -0.267899 -0.175666
vn -0.186742 -0.306715 0.933302
v -0.103198 -0.230784 -0.16158
vn -0.197556 -0.322208 0.925826
v -0.109513 -0.229197 -0.161031
vn -0.0137502 -0.375167 0.926855
v -0.106679 -0.270271 -0.173783
vn -0.3752 -0.244632 0.894081
v -0.100078 -0.272497 -0.171652
vn -0.531814 -0.182931 0.826868
v -0.0912779 -0.235528 -0.157814
vn -0.538429 -0.189175 0.821162
v -0.0972379 -0.233156 -0.159697
vn -0.382884 -0.258036 0.887027
v -0.095379 -0.275297 -0.167627
vn -0.681436 -0.109147 0.723693
v -0.086579 -0.238328 -0.153789
vn -0.684458 -0.113319 0.720192
v -0.0698316 -0.208263 -0.129687
vn -0.887802 0.0457059 0.45795
v -0.0671106 -0.211063 -0.12413
vn -0.943238 0.120707 0.309405
v -0.0577842 -0.175398 -0.10961
vn -0.940389 0.132097 0.313399
v -0.0722306 -0.205366 -0.134624
vn -0.795797 -0.0410531 0.60417
v -0.0601821 -0.172502 -0.114547
vn -0.886325 0.0506078 0.460291
v -0.0625811 -0.169605 -0.119484
vn -0.797324 -0.0377846 0.602367
v -0.0668569 -0.213518 -0.118568
vn -0.970826 0.201297 0.130296
v -0.0665274 -0.215889 -0.112326
vn -0.96302 0.266313 -0.0408706
v -0.0572758 -0.18031 -0.098485
vn -0.957893 0.285316 -0.032181
v -0.0575306 -0.177854 -0.104048
vn -0.966729 0.214762 0.138965
v -0.0684579 -0.21753 -0.106983
vn -0.91512 0.329084 -0.232934
v -0.0705695 -0.219116 -0.101006
vn -0.835793 0.372046 -0.403772
v -0.0611358 -0.183591 -0.0877987
vn -0.828784 0.397185 -0.394158
v -0.0592063 -0.181951 -0.0931418
vn -0.909995 0.35082 -0.220986
v -0.0743895 -0.219691 -0.0966966
vn -0.709932 0.403371 -0.577311
v -0.0786211 -0.220249 -0.0918955
vn -0.565432 0.412552 -0.714204
v -0.0687758 -0.184742 -0.0791797
vn -0.555262 0.439431 -0.706106
v -0.0649558 -0.184167 -0.0834892
vn -0.703153 0.430598 -0.565828
v -0.0837485 -0.219673 -0.0892765
vn -0.381199 0.403372 -0.831853
v -0.0894569 -0.219116 -0.0863808
vn -0.200125 0.375597 -0.904918
v -0.0790316 -0.183591 -0.0739418
vn -0.187221 0.398463 -0.897873
v -0.0739043 -0.184167 -0.0765608
vn -0.371719 0.430643 -0.822418
v -0.0951127 -0.217475 -0.0858513
vn 0.00367163 0.329065 -0.9443
v -0.101427 -0.215889 -0.0853029
vn 0.183161 0.272699 -0.944504
v -0.0903432 -0.18031 -0.0728808
vn 0.19523 0.28763 -0.937632
v -0.0846874 -0.181951 -0.0734113
vn 0.0140251 0.350897 -0.936309
v -0.106751 -0.213433 -0.0869408
vn 0.369215 0.201309 -0.907279
v -0.11271 -0.211063 -0.0888229
vn 0.520161 0.128886 -0.844287
v -0.100988 -0.175398 -0.0761576
vn 0.527198 0.134964 -0.838956
v -0.0956664 -0.177854 -0.0745187
vn 0.376514 0.214907 -0.901139
v -0.116888 -0.208166 -0.0923829
vn 0.665761 0.0456529 -0.744767
v -0.121586 -0.205366 -0.0964092
vn 0.773465 -0.0322954 -0.633015
v -0.109345 -0.169605 -0.0832755
vn 0.774252 -0.034665 -0.631927
v -0.105166 -0.172502 -0.0797166
vn 0.667671 0.0505442 -0.742739
v -0.123985 -0.20247 -0.101345
vn 0.865904 -0.117373 -0.486246
v -0.126706 -0.19967 -0.106902
vn 0.921186 -0.193217 -0.337762
v -0.114143 -0.163812 -0.0931492
vn 0.917131 -0.203649 -0.342633
v -0.111744 -0.166709 -0.0882124
vn 0.863014 -0.12113 -0.490443
v -0.12696 -0.197214 -0.112465
vn 0.949454 -0.271291 -0.157919
v -0.127291 -0.194842 -0.118706
vn 0.941587 -0.336504 0.0133647
v -0.114651 -0.158901 -0.104274
vn 0.934977 -0.354691 0.00362674
v -0.114397 -0.161356 -0.0987113
vn 0.944 -0.283778 -0.168329
v -0.125361 -0.193201 -0.124049
vn 0.894504 -0.39664 0.206251
v -0.12325 -0.191614 -0.130025
vn 0.81481 -0.439976 0.3775
v -0.110792 -0.155617 -0.114961
vn 0.806451 -0.464258 0.366198
v -0.112721 -0.157258 -0.109618
vn 0.88813 -0.417338 0.192493
v -0.11943 -0.191039 -0.134333
vn 0.689775 -0.469195 0.551423
v -0.115198 -0.190484 -0.139134
vn 0.54459 -0.479404 0.688181
v -0.103152 -0.154467 -0.123578
vn 0.533515 -0.505475 0.678128
v -0.106972 -0.155043 -0.119269
vn 0.681767 -0.49534 0.538361
v -0.11007 -0.191058 -0.141754
vn 0.361168 -0.469197 0.805861
v -0.104362 -0.191614 -0.144649
vn 0.179126 -0.443366 0.87826
v -0.0928958 -0.155617 -0.128816
vn 0.165728 -0.465455 0.869417
v -0.0980242 -0.155043 -0.126197
vn 0.350462 -0.495282 0.794904
v -0.0987064 -0.193255 -0.145181
vn -0.0241667 -0.396678 0.91764
v -0.0923906 -0.194842 -0.145729
vn -0.204932 -0.3427 0.91682
v -0.0815842 -0.158901 -0.129879
vn -0.217042 -0.356935 0.908565
v -0.08724 -0.157258 -0.129347
vn -0.0357642 -0.417274 0.908077
v -0.0870685 -0.197298 -0.14409
vn -0.390653 -0.271256 0.879665
v -0.0811085 -0.19967 -0.142208
vn -0.542316 -0.201221 0.815723
v -0.070939 -0.163812 -0.126602
vn -0.549743 -0.206462 0.809417
v -0.0762611 -0.161356 -0.128241
vn -0.399281 -0.283641 0.87185
v -0.0769295 -0.202567 -0.138649
vn -0.687511 -0.117395 0.716622
v -0.06676 -0.166709 -0.123043
vn -0.690897 -0.121049 0.712747
v -0.0495148 -0.137936 -0.0982976
vn -0.884681 0.0553183 0.462903
v -0.0471169 -0.140833 -0.0933608
vn -0.942417 0.150421 0.298705
v -0.0364495 -0.106268 -0.0771113
vn -0.942906 0.172186 0.285096
v -0.0516 -0.135016 -0.102624
vn -0.796809 -0.0408857 0.602846
v -0.0385337 -0.103348 -0.0814376
vn -0.882896 0.0597252 0.465755
v -0.040619 -0.100428 -0.0857639
vn -0.798426 -0.0373107 0.600936
v -0.0469327 -0.143311 -0.088466
vn -0.962361 0.228365 0.147348
v -0.046679 -0.145767 -0.0829039
vn -0.958016 0.286206 0.0170761
v -0.0360811 -0.111224 -0.0673229
vn -0.947369 0.319921 -0.011952
v -0.0484221 -0.147422 -0.0781892
vn -0.904691 0.371881 -0.207938
v -0.0503516 -0.149062 -0.072846
vn -0.824422 0.421195 -0.378052
v -0.0395674 -0.114532 -0.0578934
vn -0.841056 0.433321 -0.323816
v -0.0537579 -0.149642 -0.0690271
vn -0.695892 0.457369 -0.553668
v -0.0575779 -0.150216 -0.0647176
vn -0.549605 0.46811 -0.691959
v -0.046379 -0.115692 -0.0502566
vn -0.538231 0.49402 -0.682826
v -0.0429727 -0.115112 -0.0540755
vn -0.688397 0.483655 -0.540543
v -0.0621285 -0.149637 -0.0623755
vn -0.361835 0.457367 -0.812337
v -0.0672558 -0.149062 -0.0597566
vn -0.18002 0.425685 -0.886784
v -0.0554801 -0.114532 -0.0455724
vn -0.165336 0.447228 -0.879006
v -0.0509295 -0.115112 -0.0479145
vn -0.351029 0.483686 -0.801765
v -0.0722569 -0.147408 -0.0592492
vn 0.0247402 0.372113 -0.927858
v -0.0779127 -0.145767 -0.0587197
vn 0.201414 0.308636 -0.929611
v -0.0654821 -0.111224 -0.0445576
vn 0.214962 0.322071 -0.921988
v -0.0604811 -0.112878 -0.045065
vn 0.0366157 0.39269 -0.918942
v -0.0826043 -0.143289 -0.0601239
vn 0.384146 0.227992 -0.89468
v -0.0879264 -0.140833 -0.0617618
vn 0.5291 0.148039 -0.835546
v -0.0748653 -0.106268 -0.0473671
vn 0.536955 0.153058 -0.82961
v -0.0701737 -0.108746 -0.0459618
vn 0.392745 0.240383 -0.887675
v -0.0915937 -0.137913 -0.0648639
vn 0.669722 0.0552734 -0.740552
v -0.0957727 -0.135016 -0.0684229
vn 0.771749 -0.030077 -0.635215
v -0.082199 -0.100428 -0.0535702
vn 0.772581 -0.0325657 -0.63408
v -0.0785327 -0.103348 -0.0504682
vn 0.67195 0.0597713 -0.738181
v -0.0978569 -0.132095 -0.0727492
vn 0.860153 -0.124661 -0.494567
v -0.100256 -0.129198 -0.077686
vn 0.912038 -0.208039 -0.353421
v -0.0863685 -0.0945858 -0.0622239
vn 0.90761 -0.217653 -0.358987
v -0.0842842 -0.0975069 -0.0578966
vn 0.857009 -0.127841 -0.499191
v -0.10044 -0.126722 -0.0825787
vn 0.938386 -0.295714 -0.178844
v -0.100694 -0.124266 -0.0881418
vn 0.929495 -0.368615 -0.0127453
v -0.0867379 -0.0896311 -0.0720092
vn 0.922407 -0.385478 -0.0239097
v -0.0865527 -0.092108 -0.0671165
vn 0.932474 -0.30689 -0.190556
v -0.0989516 -0.122612 -0.0928576
vn 0.881374 -0.437436 0.178412
v -0.0970221 -0.12097 -0.0982008
vn 0.800977 -0.486878 0.348405
v -0.0832516 -0.0863237 -0.0814408
vn 0.762613 -0.5268 0.375371
v -0.0849948 -0.0879774 -0.076725
vn 0.874505 -0.456792 0.163038
v -0.0936158 -0.12039 -0.10202
vn 0.673288 -0.521016 0.524619
v -0.0897958 -0.119815 -0.106328
vn 0.526251 -0.532755 0.662746
v -0.076439 -0.0851627 -0.0890776
vn 0.512194 -0.564088 0.647658
v -0.0798453 -0.0857437 -0.0852597
vn 0.663169 -0.549644 0.508033
v -0.0852453 -0.120395 -0.10867
vn 0.339305 -0.52101 0.783212
v -0.0801179 -0.12097 -0.111289
vn 0.156362 -0.491158 0.856922
v -0.067339 -0.0863237 -0.0937618
vn 0.0888248 -0.505292 0.858365
v -0.0718895 -0.0857437 -0.0914197
vn 0.327285 -0.546063 0.771168
v -0.0751158 -0.122624 -0.111795
vn -0.0477933 -0.437465 0.897964
v -0.06946 -0.124266 -0.112327
vn -0.225552 -0.376402 0.898581
v -0.0573358 -0.0896311 -0.0947765
vn -0.241687 -0.393396 0.887033
v -0.0623369 -0.0879774 -0.0942692
vn -0.0621787 -0.459767 0.88586
v -0.0647685 -0.126743 -0.110924
vn -0.408047 -0.29575 0.86373
v -0.0594453 -0.129198 -0.109285
vn -0.5541 -0.217955 0.803411
v -0.0479527 -0.0945858 -0.0919681
vn -0.562283 -0.222047 0.796576
v -0.0526442 -0.092108 -0.0933724
vn -0.417891 -0.306773 0.855136
v -0.055779 -0.132121 -0.106183
vn -0.694261 -0.124607 0.708854
v -0.0442853 -0.0975069 -0.088866
vn -0.697913 -0.127712 0.704703
v -0.0265706 -0.0700174 -0.0635134
vn -0.88102 0.0640201 0.468727
v -0.0244864 -0.0729374 -0.0591871
vn -0.929466 0.153112 0.335634
v -0.0125232 -0.0396069 -0.0412629
vn -0.925805 0.162903 0.341098
v -0.0283527 -0.0671448 -0.067246
vn -0.797782 -0.0407039 0.601571
v -0.0143053 -0.0367342 -0.0449955
vn -0.878996 0.0679502 0.471963
v -0.0160874 -0.0338616 -0.0487271
vn -0.799405 -0.0369114 0.599658
v -0.0243611 -0.0753764 -0.0549502
vn -0.952929 0.252634 0.167637
v -0.0241769 -0.0778542 -0.0500555
vn -0.937088 0.348076 -0.0266442
v -0.0122727 -0.0444837 -0.0327892
vn -0.937096 0.348504 0.0198768
v -0.0123979 -0.0420448 -0.037026
vn -0.947903 0.263175 0.179497
v -0.0274695 -0.0811364 -0.041245
vn -0.826454 0.460707 -0.323608
v -0.0153727 -0.0477406 -0.0245955
vn -0.804233 0.490562 -0.335496
v -0.0257274 -0.0794827 -0.0459587
vn -0.893378 0.412026 -0.179196
v -0.0138232 -0.0461121 -0.0286923
vn -0.887101 0.431391 -0.164174
v -0.03046 -0.0817079 -0.0379134
vn -0.680471 0.509422 -0.526734
v -0.0338653 -0.0822869 -0.0340944
vn -0.531871 0.521887 -0.666894
v -0.0213527 -0.0488827 -0.0179334
vn -0.519309 0.546685 -0.656851
v -0.0183621 -0.0483122 -0.0212639
vn -0.672434 0.534612 -0.511881
v -0.0378401 -0.0817164 -0.0320344
vn -0.33955 0.50941 -0.790701
v -0.0423906 -0.0811364 -0.0296924
vn -0.156729 0.473557 -0.866707
v -0.0293011 -0.0477406 -0.0138124
vn -0.0869346 0.485014 -0.870175
v -0.0253263 -0.0483122 -0.0158734
vn -0.327145 0.534634 -0.779194
v -0.0467442 -0.0795079 -0.0292176
vn 0.0491312 0.412514 -0.909626
v -0.0517453 -0.0778542 -0.0287092
vn 0.222199 0.342124 -0.913005
v -0.0380085 -0.0444837 -0.0128618
vn 0.239691 0.358158 -0.902369
v -0.0336548 -0.0461121 -0.0133376
vn 0.0643929 0.434332 -0.898448
v -0.0558158 -0.0754153 -0.0298913
vn 0.401454 0.252236 -0.880461
v -0.0605074 -0.0729374 -0.0312966
vn 0.539676 0.165526 -0.82544
v -0.0461495 -0.0396069 -0.015225
vn 0.548293 0.169273 -0.818976
v -0.042079 -0.0420448 -0.0140439
vn 0.411068 0.263277 -0.872759
v -0.0636748 -0.0700648 -0.0339566
vn 0.674354 0.0640582 -0.735624
v -0.0673422 -0.0671448 -0.0370576
vn 0.770066 -0.0275455 -0.637369
v -0.0524843 -0.0338616 -0.020545
vn 0.770951 -0.0301777 -0.636179
v -0.0493169 -0.0367342 -0.017885
vn 0.677025 0.0679594 -0.732815
v -0.0691242 -0.06427 -0.0407902
vn 0.853926 -0.130774 -0.503695
v -0.0712085 -0.061349 -0.0451176
vn 0.902121 -0.220627 -0.370812
v -0.0560485 -0.0281121 -0.0280113
vn 0.897349 -0.229196 -0.377139
v -0.0542663 -0.0309869 -0.0242776
vn 0.850563 -0.133291 -0.5087
v -0.0713337 -0.0589121 -0.0493534
vn 0.926439 -0.317463 -0.202305
v -0.0715179 -0.0564353 -0.054246
vn 0.916595 -0.397567 -0.0423516
v -0.056299 -0.0232385 -0.0364829
vn 0.90916 -0.412801 -0.0549856
v -0.0561737 -0.0256753 -0.0322471
vn 0.920139 -0.327052 -0.215363
v -0.0699685 -0.0548069 -0.0583429
vn 0.867403 -0.475389 0.147033
v -0.0682253 -0.0531532 -0.0630587
vn 0.771121 -0.537999 0.340485
v -0.053199 -0.0199816 -0.0446766
vn 0.720235 -0.581268 0.378667
v -0.0547485 -0.02161 -0.0405797
vn 0.860331 -0.493002 0.129536
v -0.047219 -0.0188374 -0.0513397
vn 0.492827 -0.607912 0.622546
v -0.0578548 -0.0525721 -0.0722692
vn 0.314241 -0.570536 0.758776
v -0.0533053 -0.0531532 -0.0746113
vn 0.101467 -0.529262 0.842369
v -0.0392706 -0.0199816 -0.0554597
vn 0.0703117 -0.554848 0.828975
v -0.0305632 -0.0232385 -0.0564113
vn -0.264646 -0.417934 0.869076
v -0.039879 -0.0588722 -0.0744123
vn -0.428541 -0.316962 0.846101
v -0.0351874 -0.061349 -0.0730081
vn -0.567134 -0.232863 0.790021
v -0.0224222 -0.0281121 -0.0540471
vn -0.543296 -0.259194 0.798528
v -0.03202 -0.0642237 -0.0703481
vn -0.701501 -0.130753 0.700571
v -0.0192548 -0.0309869 -0.0513871
vn -0.705476 -0.133191 0.696106
v -0.00109266 -0.00476902 -0.0254576
vn -0.876812 0.0715972 0.475472
v 0.000688386 -0.00764165 -0.021725
vn -0.921277 0.165764 0.351811
v 0.013901 0.0243236 -0.00218814
vn -0.917245 0.174368 0.35813
v -0.00258846 -0.00200901 -0.0286166
vn -0.798571 -0.0407265 0.600521
v 0.0124063 0.0270826 -0.00534602
vn -0.874465 0.0747664 0.479292
v 0.0109105 0.0298426 -0.00850498
vn -0.800296 -0.0365628 0.59849
v 0.000768381 -0.00997953 -0.0181281
vn -0.942651 0.273459 0.191389
v 0.000893645 -0.0124174 -0.0138924
vn -0.932194 0.359867 0.038851
v 0.01406 0.0196479 0.00500555
vn -0.925829 0.374341 0.0520576
v 0.013981 0.0219857 0.00140872
vn -0.937242 0.282524 0.204346
v -0.000454769 -0.0139816 -0.0104029
vn -0.881003 0.449553 -0.147432
v -0.00200531 -0.0156111 -0.00630603
vn -0.799788 0.511551 -0.314094
v 0.0113631 0.0165194 0.0119824
vn -0.761355 0.552538 -0.339176
v 0.0127115 0.0180837 0.00849396
vn -0.875074 0.466459 -0.129079
v -0.00457583 -0.0161595 -0.00345762
vn -0.664161 0.559183 -0.49619
v -0.00756532 -0.0167311 -0.000126037
vn -0.512494 0.573643 -0.638971
v 0.00622205 0.0154215 0.0176803
vn -0.498972 0.597181 -0.628013
v 0.00879258 0.0159699 0.0148319
vn -0.654285 0.586586 -0.477314
v -0.0109664 -0.0161816 0.00164871
vn -0.314015 0.559187 -0.767271
v -0.0149411 -0.0156111 0.00370871
vn -0.100233 0.510516 -0.854006
v -0.000581099 0.0165194 0.0212308
vn -0.0577143 0.521056 -0.851569
v 0.00281997 0.0159699 0.0194561
vn -0.299907 0.583154 -0.754974
v -0.00801163 0.0196479 0.022094
vn 0.264139 0.381491 -0.88583
v -0.0264727 -0.0100805 0.00363818
vn 0.421968 0.273131 -0.86449
v -0.0305432 -0.00764165 0.00245713
vn 0.551611 0.181078 -0.814209
v -0.0149358 0.0243236 0.0201392
vn 0.530741 0.208404 -0.821512
v -0.0332253 -0.00488164 0.000219231
vn 0.679881 0.071562 -0.729822
v -0.0363937 -0.00200901 -0.00244077
vn 0.768355 -0.0246529 -0.639549
v -0.0203021 0.0298426 0.0156635
vn 0.78852 -0.0542661 -0.612611
v -0.017619 0.0270826 0.0179013
vn 0.682987 0.0747453 -0.726597
v -0.0378885 0.000748929 -0.00559972
vn 0.847232 -0.135485 -0.513656
v -0.0396706 0.00362363 -0.00933235
vn 0.89144 -0.230379 -0.390205
v -0.0232927 0.0353605 0.00934658
vn 0.884855 -0.237238 -0.400937
v -0.0217969 0.0326015 0.0125045
vn 0.843345 -0.137639 -0.519446
v -0.0397495 0.00596258 -0.0129292
vn 0.913742 -0.335854 -0.228642
v -0.0398748 0.0083994 -0.017165
vn 0.903178 -0.4225 -0.0759109
v -0.0234516 0.0400384 0.0021529
vn 0.894236 -0.437171 -0.0960408
v -0.0233716 0.0376994 0.00574976
vn 0.906266 -0.344968 -0.244293
v -0.0385274 0.00996362 -0.0206534
vn 0.853089 -0.509734 0.111405
v -0.0369769 0.0115921 -0.0247503
vn 0.756135 -0.579889 0.303295
v -0.0207548 0.0431668 -0.00482392
vn 0.737164 -0.607742 0.295362
v -0.0221032 0.0416026 -0.00133551
vn 0.844638 -0.527744 0.0898469
v -0.0156148 0.0442636 -0.0105218
vn 0.470149 -0.6557 0.590776
v -0.00881056 0.0431668 -0.0140724
vn 0.0817309 -0.596197 0.798667
v -0.00138109 0.0400384 -0.0149366
vn -0.293621 -0.442823 0.847169
v -0.008439 0.00362363 -0.0335145
vn -0.562049 -0.26029 0.78508
v 0.00554416 0.0353605 -0.0129818
vn -0.536101 -0.289905 0.792812
v -0.00575582 0.000864687 -0.0312766
vn -0.709437 -0.135463 0.691628
v 0.00822734 0.0326015 -0.0107429
vn -0.713801 -0.137056 0.686807
v 0.0268136 0.0575616 0.015734
vn -0.87209 0.0778657 0.48311
v 0.0283084 0.0548016 0.0188929
vn -0.91219 0.174895 0.370568
v 0.0427157 0.0852805 0.0399729
vn -0.952467 -0.0589905 0.298876
v 0.0255863 0.0601405 0.0131255
vn -0.810475 -0.0252508 0.585228
v 0.040261 0.0904374 0.0347561
vn -0.877618 -0.241652 0.413995
v 0.0283589 0.0526184 0.0218708
vn -0.931661 0.290547 0.218152
v 0.0284379 0.0502805 0.0254677
vn -0.920889 0.382709 0.0741465
v 0.0428158 0.0809121 0.0459297
vn -0.990302 0.136615 -0.025281
v 0.0427663 0.0830963 0.0429519
vn -0.99512 0.0708388 0.0686874
v 0.027302 0.0488173 0.0283624
vn -0.869147 0.482272 -0.109535
v 0.0259536 0.0472531 0.0318519
vn -0.772086 0.560356 -0.299807
v 0.0405442 0.0779878 0.0517203
vn -0.888089 0.288194 -0.358109
v 0.0416799 0.07945 0.0488245
vn -0.939368 0.234861 -0.249855
v 0.0362494 0.0769658 0.0564613
vn -0.649509 0.508135 -0.56563
v 0.0212357 0.0461931 0.0370708
vn -0.4542 0.62294 -0.636905
v 0.0383968 0.0774763 0.0540908
vn -0.746594 0.211912 -0.630627
v 0.0184031 0.0467047 0.0385561
vn -0.285161 0.606377 -0.742287
v 0.015001 0.0472531 0.0403319
vn -0.0985293 0.560832 -0.822046
v 0.0305842 0.0779878 0.0594319
vn -0.266438 0.327835 -0.906386
v 0.0334168 0.0774763 0.0579466
vn -0.38819 0.338896 -0.857005
v 0.0119136 0.0487163 0.0407066
vn 0.110368 0.482696 -0.868806
v 0.0244094 0.0809121 0.0601813
vn 0.172236 0.280957 -0.944139
v 0.0274968 0.07945 0.0598066
vn -0.00641377 0.235432 -0.97187
v 0.00186627 0.0548016 0.0393656
vn 0.547289 0.20945 -0.810312
v 0.0186684 0.0852805 0.0585918
vn 0.421122 0.129371 -0.89773
v 0.0215389 0.0830963 0.0593866
vn 0.350896 0.123401 -0.928248
v -0.000352688 0.0573805 0.0375245
vn 0.686317 0.0775399 -0.723158
v -0.00303477 0.0601405 0.0352866
vn 0.777701 -0.0367595 -0.627558
v 0.0142315 0.0904374 0.0549098
vn 0.612853 -0.232499 -0.755219
v 0.0164494 0.0878594 0.0567508
vn 0.548566 -0.118914 -0.827608
v 0.0117768 0.0955963 0.0496929
vn 0.804042 -0.297606 -0.514731
v -0.00580846 0.0676637 0.0265413
vn 0.900261 -0.348157 -0.261373
v 0.0116768 0.0999668 0.0437361
vn 0.798462 -0.558253 -0.225415
v -0.00475267 0.0714647 0.0200487
vn 0.840113 -0.538219 0.0673101
v 0.0139473 0.102891 0.0379456
vn 0.702068 -0.704421 0.104362
v -0.00125689 0.0735405 0.0141908
vn 0.617933 -0.662104 0.424002
v 0.018242 0.103915 0.0332055
vn 0.411604 -0.798737 0.438863
v 0.0160947 0.103404 0.035575
vn 0.381371 -0.912434 0.148391
v 0.0239084 0.102891 0.030234
vn 0.0466738 -0.71896 0.693482
v 0.0210747 0.103404 0.0317192
vn 0.148407 -0.812906 0.563169
v 0.0300821 0.0999668 0.0294855
vn -0.313554 -0.58 0.751853
v 0.0358242 0.0955963 0.0310729
vn -0.58727 -0.373007 0.718318
v 0.0229021 0.0628994 0.0108876
vn -0.718599 -0.137844 0.681626
v 0.0380421 0.0930174 0.032915
vn -0.813709 -0.396072 0.425447
v -0.15394 -0.783649 -0.231271
vn 0 1 0
v -0.158797 -0.783649 -0.241013
vn 0 1 0
v -0.180856 -0.783649 -0.223934
vn 0 1 0
v -0.15318 -0.783649 -0.220413
vn 0 1 0
v -0.156635 -0.783649 -0.210091
vn 0 1 0
v -0.163776 -0.783649 -0.201874
vn 0 1 0
v -0.173518 -0.783649 -0.197019
vn 0 1 0
v -0.184377 -0.783649 -0.19626
vn 0 1 0
v -0.194699 -0.783649 -0.199713
vn 0 1 0
v -0.202915 -0.783649 -0.206854
vn 0 1 0
v -0.207772 -0.783649 -0.216595
vn 0 1 0
v -0.208531 -0.783649 -0.227454
vn 0 1 0
v -0.205076 -0.783649 -0.237778
vn 0 1 0
v -0.197935 -0.783649 -0.245992
vn 0 1 0
v -0.188194 -0.783649 -0.250849
vn 0 1 0
v -0.177335 -0.783649 -0.251608
vn 0 1 0
v -0.167012 -0.783649 -0.248155
vn 0 1 0
v 0.0272463 0.0904374 0.0448329
vn -0.413602 -0.737277 -0.534187
f 1//1 2//2 3//3
f 4//4 5//5 6//6
f 7//7 8//8 9//9
f 10//10 11//11 12//12
f 13//13 14//14 15//15
f 16//16 17//17 18//18
f 17//17 19//19 18//18
f 20//20 21//21 22//22
f 21//21 23//23 24//24
f 24//24 25//25 22//22
f 21//21 24//24 22//22
f 26//26 27//27 28//28
f 29//29 30//30 31//31
f 32//32 33//33 34//34
f 33//33 35//35 34//34
f 36//36 37//37 38//38
f 37//37 39//39 38//38
f 40//40 41//41 42//42
f 41//41 43//43 44//44
f 44//44 45//45 42//42
f 41//41 44//44 42//42
f 46//46 47//47 48//48
f 47//47 49//49 2//2
f 47//47 2//2 48//48
f 50//50 51//51 52//52
f 51//51 6//6 52//52
f 53//53 54//54 9//9
f 55//55 56//56 12//12
f 57//57 14//14 58//58
f 59//59 60//60 61//61
f 61//61 19//19 59//59
f 62//62 63//63 64//64
f 63//63 65//65 66//66
f 66//66 25//25 64//64
f 63//63 66//66 64//64
f 54//54 67//67 28//28
f 60//60 68//68 31//31
f 49//49 69//69 70//70
f 69//69 71//71 72//72
f 72//72 35//35 70//70
f 69//69 72//72 70//70
f 73//73 38//38 56//56
f 71//71 74//74 75//75
f 76//76 45//45 75//75
f 74//74 76//76 75//75
f 77//77 1//1 78//78
f 1//1 79//79 78//78
f 80//80 81//81 82//82
f 5//5 83//83 82//82
f 81//81 5//5 82//82
f 84//84 8//8 85//85
f 85//85 86//86 84//84
f 87//87 88//88 89//89
f 88//88 11//11 89//89
f 90//90 13//13 91//91
f 92//92 17//17 93//93
f 93//93 94//94 92//92
f 95//95 96//96 97//97
f 96//96 23//23 98//98
f 98//98 99//99 97//97
f 96//96 98//98 97//97
f 100//100 27//27 51//51
f 101//101 102//102 57//57
f 102//102 30//30 57//57
f 103//103 33//33 104//104
f 33//33 65//65 104//104
f 105//105 106//106 67//67
f 106//106 39//39 67//67
f 107//107 43//43 108//108
f 108//108 68//68 107//107
f 3//3 103//103 109//109
f 109//109 110//110 3//3
f 4//4 111//111 112//112
f 112//112 113//113 4//4
f 7//7 100//100 114//114
f 100//100 115//115 114//114
f 10//10 116//116 117//117
f 116//116 105//105 117//117
f 118//118 119//119 15//15
f 16//16 101//101 120//120
f 101//101 121//121 120//120
f 20//20 122//122 123//123
f 122//122 124//124 123//123
f 26//26 125//125 111//111
f 29//29 126//126 118//118
f 32//32 107//107 122//122
f 36//36 127//127 128//128
f 76//76 125//125 128//128
f 127//127 76//76 128//128
f 40//40 73//73 126//126
f 3//3 129//129 1//1
f 4//4 130//130 5//5
f 8//8 7//7 131//131
f 11//11 10//10 132//132
f 133//133 134//134 132//132
f 10//10 133//133 132//132
f 15//15 135//135 13//13
f 17//17 16//16 136//136
f 136//136 137//137 17//17
f 23//23 21//21 138//138
f 21//21 20//20 139//139
f 139//139 140//140 138//138
f 21//21 139//139 138//138
f 27//27 26//26 141//141
f 30//30 29//29 142//142
f 33//33 32//32 143//143
f 39//39 37//37 144//144
f 37//37 36//36 145//145
f 145//145 146//146 144//144
f 37//37 145//145 144//144
f 43//43 41//41 147//147
f 41//41 40//40 148//148
f 148//148 149//149 147//147
f 41//41 148//148 147//147
f 49//49 47//47 150//150
f 47//47 46//46 151//151
f 151//151 152//152 150//150
f 47//47 151//151 150//150
f 51//51 50//50 153//153
f 153//153 154//154 51//51
f 54//54 53//53 155//155
f 56//56 55//55 156//156
f 58//58 157//157 57//57
f 158//158 159//159 60//60
f 59//59 158//158 60//60
f 65//65 63//63 160//160
f 63//63 62//62 161//161
f 161//161 162//162 160//160
f 63//63 161//161 160//160
f 67//67 54//54 155//155
f 68//68 60//60 163//163
f 60//60 159//159 163//163
f 71//71 69//69 164//164
f 69//69 49//49 150//150
f 150//150 152//152 164//164
f 69//69 150//150 164//164
f 73//73 56//56 156//156
f 74//74 71//71 164//164
f 164//164 152//152 76//76
f 74//74 164//164 76//76
f 1//1 77//77 165//165
f 165//165 166//166 1//1
f 5//5 81//81 167//167
f 81//81 80//80 168//168
f 168//168 169//169 167//167
f 81//81 168//168 167//167
f 8//8 84//84 170//170
f 11//11 88//88 171//171
f 88//88 87//87 172//172
f 172//172 173//173 171//171
f 88//88 172//172 171//171
f 13//13 90//90 174//174
f 92//92 175//175 17//17
f 23//23 96//96 176//176
f 96//96 95//95 177//177
f 177//177 178//178 176//176
f 96//96 177//177 176//176
f 27//27 100//100 179//179
f 30//30 102//102 180//180
f 102//102 101//101 180//180
f 33//33 103//103 181//181
f 39//39 106//106 182//182
f 106//106 105//105 182//182
f 43//43 107//107 183//183
f 107//107 184//184 183//183
f 103//103 3//3 181//181
f 111//111 4//4 141//141
f 100//100 7//7 179//179
f 105//105 116//116 182//182
f 116//116 10//10 185//185
f 116//116 185//185 182//182
f 15//15 142//142 118//118
f 101//101 16//16 180//180
f 122//122 20//20 143//143
f 125//125 26//26 186//186
f 26//26 146//146 186//186
f 29//29 149//149 187//187
f 126//126 29//29 187//187
f 107//107 32//32 188//188
f 188//188 184//184 107//107
f 76//76 127//127 189//189
f 127//127 36//36 189//189
f 73//73 40//40 189//189
f 2//2 181//181 3//3
f 6//6 141//141 4//4
f 179//179 7//7 9//9
f 12//12 182//182 185//185
f 185//185 10//10 12//12
f 14//14 142//142 15//15
f 19//19 180//180 18//18
f 180//180 16//16 18//18
f 25//25 143//143 22//22
f 143//143 20//20 22//22
f 28//28 146//146 26//26
f 31//31 149//149 29//29
f 35//35 190//190 34//34
f 190//190 184//184 188//188
f 188//188 32//32 34//34
f 190//190 188//188 34//34
f 189//189 36//36 38//38
f 45//45 189//189 42//42
f 189//189 40//40 42//42
f 2//2 166//166 48//48
f 191//191 46//46 48//48
f 166//166 191//191 48//48
f 6//6 169//169 192//192
f 192//192 50//50 52//52
f 6//6 192//192 52//52
f 9//9 170//170 53//53
f 173//173 55//55 12//12
f 14//14 174//174 58//58
f 19//19 193//193 59//59
f 193//193 175//175 59//59
f 25//25 194//194 64//64
f 194//194 178//178 195//195
f 195//195 62//62 64//64
f 194//194 195//195 64//64
f 179//179 54//54 28//28
f 31//31 180//180 60//60
f 35//35 181//181 70//70
f 181//181 49//49 70//70
f 38//38 182//182 56//56
f 45//45 196//196 75//75
f 196//196 184//184 197//197
f 197//197 71//71 75//75
f 196//196 197//197 75//75
f 79//79 198//198 78//78
f 198//198 199//199 200//200
f 200//200 77//77 78//78
f 198//198 200//200 78//78
f 83//83 201//201 82//82
f 201//201 202//202 203//203
f 203//203 80//80 82//82
f 201//201 203//203 82//82
f 86//86 204//204 84//84
f 204//204 205//205 84//84
f 89//89 206//206 207//207
f 207//207 87//87 89//89
f 208//208 90//90 91//91
f 94//94 209//209 92//92
f 209//209 210//210 92//92
f 99//99 211//211 212//212
f 212//212 95//95 97//97
f 99//99 212//212 97//97
f 51//51 154//154 100//100
f 65//65 160//160 104//104
f 160//160 162//162 213//213
f 213//213 103//103 104//104
f 160//160 213//213 104//104
f 155//155 105//105 67//67
f 68//68 163//163 107//107
f 163//163 159//159 107//107
f 110//110 214//214 3//3
f 214//214 129//129 3//3
f 113//113 215//215 4//4
f 215//215 130//130 4//4
f 115//115 131//131 114//114
f 131//131 7//7 114//114
f 117//117 134//134 133//133
f 133//133 10//10 117//117
f 119//119 135//135 15//15
f 121//121 216//216 120//120
f 216//216 137//137 136//136
f 136//136 16//16 120//120
f 216//216 136//136 120//120
f 124//124 217//217 123//123
f 217//217 140//140 139//139
f 139//139 20//20 123//123
f 217//217 139//139 123//123
f 111//111 141//141 26//26
f 118//118 142//142 29//29
f 143//143 32//32 122//122
f 125//125 186//186 128//128
f 186//186 146//146 145//145
f 145//145 36//36 128//128
f 186//186 145//145 128//128
f 187//187 149//149 148//148
f 148//148 40//40 126//126
f 187//187 148//148 126//126
f 166//166 2//2 1//1
f 169//169 6//6 167//167
f 6//6 5//5 167//167
f 9//9 8//8 170//170
f 173//173 12//12 171//171
f 12//12 11//11 171//171
f 174//174 14//14 13//13
f 175//175 193//193 17//17
f 193//193 19//19 17//17
f 178//178 194//194 176//176
f 194//194 25//25 24//24
f 24//24 23//23 176//176
f 194//194 24//24 176//176
f 28//28 27//27 179//179
f 31//31 30//30 180//180
f 181//181 35//35 33//33
f 38//38 39//39 182//182
f 184//184 196//196 183//183
f 196//196 45//45 44//44
f 44//44 43//43 183//183
f 196//196 44//44 183//183
f 2//2 49//49 181//181
f 6//6 51//51 141//141
f 9//9 54//54 179//179
f 182//182 12//12 56//56
f 142//142 14//14 57//57
f 180//180 19//19 61//61
f 180//180 61//61 60//60
f 143//143 25//25 66//66
f 66//66 65//65 143//143
f 146//146 28//28 67//67
f 149//149 31//31 218//218
f 31//31 68//68 218//218
f 184//184 190//190 197//197
f 190//190 35//35 72//72
f 72//72 71//71 197//197
f 190//190 72//72 197//197
f 189//189 38//38 73//73
f 189//189 45//45 76//76
f 129//129 219//219 1//1
f 219//219 79//79 1//1
f 130//130 220//220 5//5
f 220//220 83//83 5//5
f 131//131 86//86 85//85
f 85//85 8//8 131//131
f 89//89 11//11 132//132
f 134//134 89//89 132//132
f 135//135 91//91 13//13
f 137//137 221//221 17//17
f 221//221 94//94 93//93
f 221//221 93//93 17//17
f 140//140 222//222 138//138
f 222//222 99//99 98//98
f 98//98 23//23 138//138
f 222//222 98//98 138//138
f 51//51 27//27 141//141
f 57//57 30//30 142//142
f 143//143 65//65 33//33
f 146//146 67//67 144//144
f 67//67 39//39 144//144
f 149//149 218//218 147//147
f 218//218 68//68 108//108
f 108//108 43//43 147//147
f 218//218 108//108 147//147
f 162//162 223//223 213//213
f 223//223 110//110 109//109
f 109//109 103//103 213//213
f 223//223 109//109 213//213
f 152//152 224//224 225//225
f 224//224 113//113 112//112
f 112//112 111//111 225//225
f 224//224 112//112 225//225
f 154//154 226//226 100//100
f 226//226 115//115 100//100
f 117//117 105//105 155//155
f 156//156 119//119 118//118
f 157//157 227//227 228//228
f 227//227 121//121 101//101
f 227//227 101//101 228//228
f 159//159 124//124 122//122
f 152//152 225//225 229//229
f 111//111 125//125 229//229
f 225//225 111//111 229//229
f 118//118 126//126 156//156
f 159//159 122//122 107//107
f 152//152 229//229 76//76
f 229//229 125//125 76//76
f 156//156 126//126 73//73
f 230//230 231//231 232//232
f 233//233 230//230 232//232
f 234//234 235//235 236//236
f 237//237 238//238 239//239
f 240//240 241//241 242//242
f 243//243 244//244 245//245
f 246//246 247//247 248//248
f 249//249 250//250 248//248
f 247//247 249//249 248//248
f 251//251 252//252 253//253
f 252//252 254//254 255//255
f 255//255 256//256 253//253
f 252//252 255//255 253//253
f 257//257 258//258 259//259
f 260//260 261//261 259//259
f 258//258 260//260 259//259
f 262//262 263//263 264//264
f 265//265 266//266 267//267
f 268//268 269//269 270//270
f 271//271 272//272 273//273
f 274//274 275//275 235//235
f 276//276 277//277 238//238
f 278//278 279//279 280//280
f 280//280 241//241 278//278
f 281//281 282//282 244//244
f 282//282 283//283 244//244
f 284//284 285//285 250//250
f 286//286 287//287 288//288
f 287//287 256//256 288//288
f 277//277 289//289 290//290
f 291//291 261//261 290//290
f 289//289 291//291 290//290
f 285//285 292//292 293//293
f 292//292 263//263 293//293
f 294//294 295//295 267//267
f 279//279 296//296 297//297
f 296//296 269//269 297//297
f 298//298 273//273 295//295
f 299//299 230//230 300//300
f 301//301 234//234 302//302
f 234//234 303//303 302//302
f 304//304 305//305 306//306
f 305//305 237//237 306//306
f 243//243 307//307 308//308
f 309//309 310//310 311//311
f 247//247 309//309 311//311
f 312//312 313//313 314//314
f 313//313 254//254 315//315
f 315//315 316//316 314//314
f 313//313 315//315 314//314
f 317//317 260//260 318//318
f 318//318 275//275 319//319
f 317//317 318//318 319//319
f 320//320 262//262 321//321
f 321//321 283//283 320//320
f 322//322 266//266 287//287
f 323//323 268//268 291//291
f 324//324 272//272 292//292
f 233//233 322//322 325//325
f 325//325 326//326 233//233
f 327//327 328//328 329//329
f 329//329 330//330 236//236
f 327//327 329//329 236//236
f 239//239 317//317 331//331
f 242//242 323//323 332//332
f 333//333 334//334 335//335
f 245//245 333//333 335//335
f 320//320 336//336 246//246
f 251//251 337//337 338//338
f 337//337 339//339 338//338
f 257//257 340//340 341//341
f 340//340 342//342 343//343
f 343//343 328//328 341//341
f 340//340 343//343 341//341
f 264//264 344//344 333//333
f 265//265 324//324 337//337
f 298//298 342//342 270//270
f 296//296 344//344 271//271
f 233//233 345//345 230//230
f 346//346 347//347 234//234
f 236//236 346//346 234//234
f 239//239 348//348 237//237
f 242//242 349//349 350//350
f 240//240 242//242 350//350
f 245//245 351//351 243//243
f 247//247 246//246 352//352
f 352//352 353//353 354//354
f 247//247 352//352 354//354
f 254//254 252//252 355//355
f 252//252 251//251 356//356
f 252//252 356//356 355//355
f 260//260 258//258 357//357
f 258//258 257//257 358//358
f 358//358 359//359 357//357
f 258//258 358//358 357//357
f 262//262 264//264 360//360
f 265//265 361//361 266//266
f 268//268 270//270 362//362
f 272//272 271//271 363//363
f 364//364 365//365 294//294
f 275//275 274//274 366//366
f 274//274 367//367 366//366
f 277//277 276//276 368//368
f 279//279 278//278 369//369
f 282//282 281//281 370//370
f 370//370 371//371 283//283
f 282//282 370//370 283//283
f 285//285 284//284 372//372
f 287//287 286//286 373//373
f 373//373 374//374 287//287
f 291//291 289//289 368//368
f 289//289 277//277 368//368
f 292//292 285//285 372//372
f 294//294 365//365 295//295
f 296//296 279//279 369//369
f 298//298 295//295 365//365
f 299//299 375//375 230//230
f 234//234 301//301 376//376
f 376//376 377//377 234//234
f 237//237 305//305 378//378
f 305//305 304//304 379//379
f 379//379 380//380 378//378
f 305//305 379//379 378//378
f 240//240 381//381 382//382
f 243//243 308//308 383//383
f 247//247 311//311 384//384
f 254//254 313//313 385//385
f 313//313 312//312 386//386
f 386//386 387//387 385//385
f 313//313 386//386 385//385
f 260//260 317//317 388//388
f 317//317 389//389 388//388
f 262//262 320//320 390//390
f 320//320 391//391 390//390
f 322//322 392//392 266//266
f 268//268 323//323 393//393
f 272//272 324//324 394//394
f 233//233 392//392 322//322
f 328//328 327//327 395//395
f 236//236 359//359 395//395
f 327//327 236//236 395//395
f 317//317 239//239 389//389
f 323//323 242//242 393//393
f 245//245 360//360 333//333
f 320//320 246//246 396//396
f 396//396 391//391 320//320
f 337//337 251//251 361//361
f 342//342 340//340 362//362
f 340//340 257//257 362//362
f 344//344 264//264 363//363
f 324//324 265//265 394//394
f 270//270 397//397 298//298
f 271//271 397//397 296//296
f 231//231 392//392 232//232
f 392//392 233//233 232//232
f 235//235 398//398 236//236
f 398//398 359//359 236//236
f 238//238 389//389 239//239
f 241//241 393//393 242//242
f 244//244 360//360 245//245
f 250//250 391//391 248//248
f 396//396 246//246 248//248
f 391//391 396//396 248//248
f 361//361 251//251 253//253
f 256//256 361//361 253//253
f 261//261 362//362 259//259
f 362//362 257//257 259//259
f 263//263 363//363 264//264
f 394//394 265//265 267//267
f 269//269 399//399 270//270
f 399//399 397//397 270//270
f 273//273 397//397 271//271
f 231//231 400//400 401//401
f 400//400 375//375 364//364
f 400//400 364//364 401//401
f 235//235 377//377 274//274
f 238//238 380//380 276//276
f 241//241 382//382 278//278
f 383//383 281//281 244//244
f 250//250 402//402 284//284
f 402//402 384//384 284//284
f 256//256 403//403 288//288
f 403//403 387//387 404//404
f 404//404 286//286 288//288
f 403//403 404//404 288//288
f 261//261 405//405 290//290
f 389//389 277//277 290//290
f 405//405 389//389 290//290
f 263//263 391//391 406//406
f 406//406 285//285 293//293
f 263//263 406//406 293//293
f 267//267 392//392 294//294
f 269//269 393//393 297//297
f 393//393 279//279 297//297
f 273//273 394//394 295//295
f 300//300 407//407 299//299
f 303//303 408//408 302//302
f 408//408 409//409 410//410
f 410//410 301//301 302//302
f 408//408 410//410 302//302
f 306//306 411//411 412//412
f 412//412 304//304 306//306
f 413//413 414//414 415//415
f 414//414 416//416 417//417
f 417//417 381//381 415//415
f 414//414 417//417 415//415
f 307//307 418//418 308//308
f 310//310 419//419 311//311
f 419//419 420//420 311//311
f 316//316 421//421 314//314
f 421//421 422//422 423//423
f 423//423 312//312 314//314
f 421//421 423//423 314//314
f 275//275 366//366 319//319
f 367//367 317//317 319//319
f 366//366 367//367 319//319
f 283//283 371//371 320//320
f 287//287 374//374 322//322
f 424//424 323//323 291//291
f 368//368 424//424 291//291
f 292//292 372//372 324//324
f 326//326 425//425 233//233
f 425//425 345//345 233//233
f 330//330 426//426 236//236
f 426//426 347//347 346//346
f 426//426 346//346 236//236
f 331//331 348//348 239//239
f 427//427 349//349 242//242
f 427//427 242//242 332//332
f 334//334 428//428 335//335
f 428//428 351//351 245//245
f 428//428 245//245 335//335
f 336//336 353//353 352//352
f 336//336 352//352 246//246
f 339//339 429//429 338//338
f 429//429 355//355 356//356
f 356//356 251//251 338//338
f 429//429 356//356 338//338
f 328//328 395//395 341//341
f 395//395 359//359 358//358
f 358//358 257//257 341//341
f 395//395 358//358 341//341
f 333//333 360//360 264//264
f 361//361 265//265 337//337
f 342//342 362//362 270//270
f 344//344 363//363 271//271
f 375//375 400//400 230//230
f 400//400 231//231 230//230
f 377//377 235//235 234//234
f 380//380 238//238 378//378
f 238//238 237//237 378//378
f 382//382 241//241 240//240
f 383//383 244//244 243//243
f 384//384 402//402 247//247
f 402//402 250//250 249//249
f 402//402 249//249 247//247
f 387//387 403//403 385//385
f 403//403 256//256 255//255
f 255//255 254//254 385//385
f 403//403 255//255 385//385
f 389//389 405//405 388//388
f 405//405 261//261 260//260
f 405//405 260//260 388//388
f 391//391 263//263 390//390
f 263//263 262//262 390//390
f 392//392 267//267 266//266
f 393//393 269//269 268//268
f 273//273 272//272 394//394
f 392//392 231//231 294//294
f 359//359 398//398 430//430
f 235//235 275//275 430//430
f 398//398 235//235 430//430
f 389//389 238//238 277//277
f 280//280 279//279 393//393
f 241//241 280//280 393//393
f 244//244 283//283 360//360
f 250//250 285//285 406//406
f 391//391 250//250 406//406
f 361//361 256//256 287//287
f 362//362 261//261 291//291
f 263//263 292//292 363//363
f 267//267 295//295 394//394
f 397//397 399//399 296//296
f 399//399 269//269 296//296
f 397//397 273//273 298//298
f 345//345 300//300 230//230
f 347//347 431//431 234//234
f 431//431 303//303 234//234
f 348//348 306//306 237//237
f 349//349 432//432 350//350
f 432//432 413//413 240//240
f 432//432 240//240 350//350
f 351//351 307//307 243//243
f 353//353 433//433 354//354
f 433//433 310//310 309//309
f 309//309 247//247 354//354
f 433//433 309//309 354//354
f 434//434 316//316 315//315
f 315//315 254//254 355//355
f 434//434 315//315 355//355
f 359//359 430//430 357//357
f 430//430 275//275 318//318
f 318//318 260//260 357//357
f 430//430 318//318 357//357
f 360//360 283//283 321//321
f 321//321 262//262 360//360
f 361//361 287//287 266//266
f 362//362 291//291 268//268
f 292//292 272//272 363//363
f 374//374 435//435 322//322
f 435//435 326//326 325//325
f 435//435 325//325 322//322
f 365//365 436//436 437//437
f 436//436 330//330 329//329
f 329//329 328//328 437//437
f 436//436 329//329 437//437
f 331//331 317//317 367//367
f 368//368 332//332 424//424
f 332//332 323//323 424//424
f 369//369 438//438 333//333
f 438//438 334//334 333//333
f 371//371 336//336 320//320
f 372//372 339//339 337//337
f 437//437 328//328 343//343
f 343//343 342//342 365//365
f 437//437 343//343 365//365
f 369//369 333//333 439//439
f 333//333 344//344 439//439
f 337//337 324//324 372//372
f 365//365 342//342 298//298
f 369//369 439//439 296//296
f 439//439 344//344 296//296
f 440//440 441//441 442//442
f 443//443 444//444 445//445
f 444//444 446//446 445//445
f 447//447 448//448 449//449
f 450//450 451//451 452//452
f 453//453 454//454 455//455
f 456//456 457//457 458//458
f 459//459 460//460 461//461
f 461//461 462//462 459//459
f 463//463 464//464 465//465
f 466//466 467//467 468//468
f 469//469 470//470 471//471
f 472//472 473//473 474//474
f 473//473 475//475 474//474
f 476//476 477//477 478//478
f 479//479 445//445 480//480
f 481//481 482//482 449//449
f 482//482 483//483 449//449
f 484//484 485//485 452//452
f 485//485 486//486 452//452
f 487//487 488//488 455//455
f 489//489 490//490 458//458
f 491//491 492//492 493//493
f 494//494 462//462 493//493
f 492//492 494//494 493//493
f 483//483 495//495 465//465
f 496//496 467//467 490//490
f 497//497 498//498 471//471
f 486//486 499//499 500//500
f 499//499 474//474 500//500
f 498//498 501//501 502//502
f 502//502 478//478 498//498
f 503//503 441//441 504//504
f 505//505 506//506 507//507
f 506//506 446//446 508//508
f 508//508 509//509 507//507
f 506//506 508//508 507//507
f 510//510 448//448 511//511
f 512//512 454//454 513//513
f 454//454 514//514 513//513
f 515//515 457//457 516//516
f 517//517 460//460 518//518
f 519//519 520//520 518//518
f 460//460 519//519 518//518
f 521//521 464//464 479//479
f 466//466 488//488 522//522
f 523//523 470//470 492//492
f 524//524 475//475 495//495
f 524//524 495//495 525//525
f 526//526 477//477 496//496
f 523//523 527//527 440//440
f 443//443 528//528 529//529
f 530//530 531//531 529//529
f 528//528 530//530 529//529
f 447//447 521//521 532//532
f 525//525 533//533 534//534
f 450//450 525//525 534//534
f 453//453 535//535 536//536
f 536//536 537//537 453//453
f 522//522 538//538 456//456
f 539//539 540//540 459//459
f 463//463 541//541 530//530
f 541//541 542//542 530//530
f 543//543 535//535 468//468
f 469//469 526//526 539//539
f 472//472 544//544 545//545
f 544//544 501//501 546//546
f 546//546 542//542 545//545
f 544//544 546//546 545//545
f 476//476 499//499 543//543
f 441//441 440//440 547//547
f 446//446 444//444 548//548
f 444//444 443//443 549//549
f 549//549 550//550 548//548
f 444//444 549//549 548//548
f 447//447 551//551 448//448
f 450//450 552//552 451//451
f 454//454 453//453 553//553
f 456//456 554//554 457//457
f 459//459 555//555 460//460
f 464//464 463//463 556//556
f 466//466 468//468 557//557
f 470//470 469//469 558//558
f 475//475 473//473 559//559
f 473//473 472//472 560//560
f 560//560 561//561 559//559
f 473//473 560//560 559//559
f 477//477 476//476 562//562
f 562//562 563//563 477//477
f 497//497 564//564 565//565
f 564//564 566//566 567//567
f 564//564 567//567 565//565
f 479//479 480//480 568//568
f 482//482 481//481 569//569
f 482//482 569//569 483//483
f 486//486 485//485 570//570
f 485//485 484//484 570//570
f 488//488 487//487 571//571
f 490//490 489//489 572//572
f 492//492 491//491 573//573
f 573//573 574//574 492//492
f 495//495 483//483 569//569
f 490//490 572//572 496//496
f 498//498 497//497 565//565
f 565//565 567//567 498//498
f 499//499 486//486 570//570
f 501//501 498//498 567//567
f 503//503 575//575 441//441
f 446//446 506//506 576//576
f 506//506 505//505 577//577
f 577//577 578//578 576//576
f 506//506 577//577 576//576
f 510//510 579//579 448//448
f 451//451 580//580 581//581
f 451//451 581//581 582//582
f 454//454 512//512 583//583
f 457//457 515//515 584//584
f 460//460 517//517 585//585
f 585//585 586//586 587//587
f 460//460 585//585 587//587
f 464//464 521//521 588//588
f 522//522 589//589 466//466
f 523//523 590//590 470//470
f 475//475 524//524 591//591
f 524//524 525//525 591//591
f 477//477 526//526 592//592
f 440//440 590//590 523//523
f 530//530 528//528 556//556
f 528//528 443//443 556//556
f 521//521 447//447 588//588
f 450//450 591//591 525//525
f 535//535 453//453 557//557
f 456//456 589//589 522//522
f 539//539 459//459 558//558
f 542//542 541//541 593//593
f 541//541 463//463 594//594
f 594//594 561//561 593//593
f 541//541 594//594 593//593
f 468//468 563//563 543//543
f 469//469 592//592 526//526
f 501//501 544//544 595//595
f 544//544 472//472 595//595
f 499//499 476//476 595//595
f 442//442 596//596 440//440
f 596//596 590//590 440//440
f 445//445 556//556 443//443
f 588//588 447//447 449//449
f 591//591 450//450 452//452
f 557//557 453//453 455//455
f 458//458 589//589 456//456
f 462//462 597//597 459//459
f 597//597 558//558 459//459
f 465//465 561//561 594//594
f 594//594 463//463 465//465
f 467//467 563//563 468//468
f 592//592 469//469 471//471
f 595//595 472//472 474//474
f 595//595 476//476 478//478
f 598//598 575//575 599//599
f 599//599 566//566 442//442
f 598//598 599//599 442//442
f 445//445 600//600 480//480
f 600//600 578//578 480//480
f 449//449 579//579 481//481
f 582//582 484//484 452//452
f 455//455 583//583 487//487
f 584//584 489//489 458//458
f 462//462 601//601 493//493
f 601//601 586//586 602//602
f 602//602 491//491 493//493
f 601//601 602//602 493//493
f 588//588 483//483 465//465
f 467//467 603//603 490//490
f 603//603 589//589 490//490
f 604//604 590//590 605//605
f 605//605 497//497 471//471
f 604//604 605//605 471//471
f 474//474 591//591 500//500
f 591//591 486//486 500//500
f 478//478 592//592 498//498
f 504//504 606//606 503//503
f 509//509 607//607 507//507
f 607//607 608//608 609//609
f 609//609 505//505 507//507
f 607//607 609//609 507//507
f 511//511 610//610 510//510
f 611//611 612//612 613//613
f 612//612 580//580 613//613
f 514//514 614//614 513//513
f 614//614 615//615 616//616
f 616//616 512//512 513//513
f 614//614 616//616 513//513
f 516//516 617//617 515//515
f 520//520 618//618 518//518
f 618//618 619//619 517//517
f 618//618 517//517 518//518
f 568//568 521//521 479//479
f 488//488 571//571 522//522
f 492//492 574//574 523//523
f 495//495 569//569 525//525
f 496//496 572//572 526//526
f 527//527 547//547 440//440
f 531//531 620//620 529//529
f 620//620 550//550 549//549
f 549//549 443//443 529//529
f 620//620 549//549 529//529
f 551//551 447//447 532//532
f 533//533 621//621 534//534
f 621//621 552//552 450//450
f 621//621 450//450 534//534
f 537//537 553//553 453//453
f 538//538 622//622 456//456
f 622//622 554//554 456//456
f 540//540 623//623 459//459
f 623//623 555//555 459//459
f 556//556 463//463 530//530
f 535//535 557//557 468//468
f 539//539 558//558 469//469
f 542//542 593//593 545//545
f 593//593 561//561 560//560
f 560//560 472//472 545//545
f 593//593 560//560 545//545
f 543//543 563//563 562//562
f 562//562 476//476 543//543
f 575//575 598//598 441//441
f 598//598 442//442 441//441
f 578//578 600//600 576//576
f 445//445 446//446 576//576
f 600//600 445//445 576//576
f 579//579 449//449 448//448
f 452//452 451//451 582//582
f 455//455 454//454 583//583
f 584//584 458//458 457//457
f 586//586 601//601 587//587
f 601//601 462//462 461//461
f 461//461 460//460 587//587
f 601//601 461//461 587//587
f 465//465 464//464 588//588
f 589//589 603//603 466//466
f 603//603 467//467 466//466
f 590//590 604//604 470//470
f 604//604 471//471 470//470
f 474//474 475//475 591//591
f 478//478 477//477 592//592
f 590//590 596//596 605//605
f 442//442 497//497 605//605
f 596//596 442//442 605//605
f 556//556 445//445 479//479
f 449//449 483//483 588//588
f 591//591 452//452 486//486
f 455//455 488//488 557//557
f 589//589 458//458 490//490
f 558//558 597//597 492//492
f 597//597 462//462 494//494
f 597//597 494//494 492//492
f 561//561 465//465 495//495
f 563//563 467//467 496//496
f 471//471 498//498 592//592
f 595//595 474//474 499//499
f 595//595 478//478 502//502
f 502//502 501//501 595//595
f 547//547 504//504 441//441
f 550//550 624//624 548//548
f 624//624 509//509 508//508
f 508//508 446//446 548//548
f 624//624 508//508 548//548
f 551//551 511//511 448//448
f 552//552 625//625 451//451
f 625//625 611//611 451//451
f 626//626 514//514 454//454
f 626//626 454//454 553//553
f 554//554 516//516 457//457
f 555//555 627//627 460//460
f 627//627 520//520 519//519
f 627//627 519//519 460//460
f 556//556 479//479 464//464
f 557//557 488//488 466//466
f 492//492 470//470 558//558
f 561//561 495//495 559//559
f 495//495 475//475 559//559
f 563//563 496//496 477//477
f 574//574 628//628 523//523
f 628//628 527//527 523//523
f 567//567 531//531 530//530
f 532//532 521//521 568//568
f 569//569 533//533 525//525
f 570//570 537//537 536//536
f 536//536 535//535 570//570
f 571//571 538//538 522//522
f 572//572 629//629 539//539
f 629//629 540//540 539//539
f 567//567 530//530 630//630
f 530//530 542//542 630//630
f 570//570 535//535 543//543
f 572//572 539//539 526//526
f 630//630 542//542 546//546
f 546//546 501//501 567//567
f 630//630 546//546 567//567
f 543//543 499//499 570//570
f 631//631 632//632 633//633
f 632//632 634//634 635//635
f 635//635 636//636 633//633
f 632//632 635//635 633//633
f 637//637 638//638 639//639
f 638//638 640//640 641//641
f 641//641 642//642 639//639
f 638//638 641//641 639//639
f 643//643 644//644 645//645
f 644//644 646//646 647//647
f 647//647 648//648 645//645
f 644//644 647//647 645//645
f 631//631 649//649 632//632
f 649//649 650//650 651//651
f 651//651 634//634 632//632
f 649//649 651//651 632//632
f 637//637 652//652 638//638
f 652//652 653//653 654//654
f 654//654 640//640 638//638
f 652//652 654//654 638//638
f 643//643 655//655 644//644
f 655//655 656//656 657//657
f 657//657 646//646 644//644
f 655//655 657//657 644//644
f 658//658 659//659 660//660
f 659//659 661//661 660//660
f 631//631 662//662 649//649
f 662//662 663//663 664//664
f 664//664 650//650 649//649
f 662//662 664//664 649//649
f 665//665 666//666 667//667
f 666//666 668//668 669//669
f 666//666 669//669 667//667
f 670//670 671//671 672//672
f 671//671 673//673 672//672
f 674//674 675//675 676//676
f 675//675 677//677 678//678
f 678//678 679//679 676//676
f 675//675 678//678 676//676
f 680//680 681//681 682//682
f 682//682 683//683 684//684
f 680//680 682//682 684//684
f 685//685 686//686 687//687
f 686//686 688//688 689//689
f 689//689 690//690 687//687
f 686//686 689//689 687//687
f 691//691 692//692 693//693
f 694//694 695//695 696//696
f 697//697 698//698 699//699
f 698//698 700//700 701//701
f 701//701 702//702 699//699
f 698//698 701//701 699//699
f 703//703 704//704 705//705
f 706//706 707//707 708//708
f 707//707 709//709 708//708
f 710//710 711//711 712//712
f 713//713 714//714 715//715
f 716//716 717//717 718//718
f 717//717 719//719 718//718
f 720//720 721//721 722//722
f 721//721 723//723 722//722
f 724//724 725//725 726//726
f 725//725 727//727 728//728
f 728//728 642//642 726//726
f 725//725 728//728 726//726
f 724//724 729//729 730//730
f 729//729 636//636 730//730
f 731//731 732//732 733//733
f 732//732 734//734 733//733
f 684//684 735//735 680//680
f 735//735 681//681 680//680
f 693//693 736//736 691//691
f 737//737 738//738 739//739
f 740//740 741//741 742//742
f 743//743 744//744 745//745
f 744//744 746//746 745//745
f 747//747 748//748 749//749
f 749//749 750//750 747//747
f 694//694 751//751 695//695
f 751//751 752//752 695//695
f 753//753 754//754 755//755
f 756//756 757//757 755//755
f 754//754 756//756 755//755
f 731//731 758//758 759//759
f 758//758 727//727 760//760
f 760//760 683//683 759//759
f 758//758 760//760 759//759
f 729//729 690//690 743//743
f 753//753 732//732 761//761
f 732//732 692//692 761//761
f 737//737 735//735 762//762
f 735//735 763//763 762//762
f 747//747 764//764 696//696
f 765//765 766//766 767//767
f 766//766 736//736 768//768
f 768//768 702//702 767//767
f 766//766 768//768 767//767
f 769//769 738//738 705//705
f 770//770 740//740 708//708
f 771//771 772//772 773//773
f 772//772 748//748 774//774
f 774//774 714//714 773//773
f 772//772 774//774 773//773
f 775//775 776//776 718//718
f 776//776 752//752 718//718
f 777//777 754//754 722//722
f 778//778 779//779 634//634
f 684//684 778//778 634//634
f 640//640 780//780 781//781
f 780//780 685//685 782//782
f 782//782 783//783 781//781
f 780//780 782//782 781//781
f 693//693 784//784 646//646
f 650//650 742//742 785//785
f 786//786 787//787 785//785
f 742//742 786//786 785//785
f 656//656 788//788 789//789
f 788//788 697//697 790//790
f 790//790 791//791 789//789
f 788//788 790//790 789//789
f 661//661 792//792 793//793
f 703//703 794//794 793//793
f 792//792 703//703 793//793
f 663//663 795//795 796//796
f 795//795 706//706 796//796
f 668//668 797//797 798//798
f 797//797 710//710 798//798
f 673//673 715//715 799//799
f 800//800 801//801 802//802
f 801//801 716//716 803//803
f 803//803 804//804 802//802
f 801//801 803//803 802//802
f 677//677 805//805 806//806
f 805//805 720//720 806//806
f 681//681 807//807 808//808
f 807//807 643//643 645//645
f 645//645 648//648 808//808
f 807//807 645//645 808//808
f 688//688 809//809 810//810
f 809//809 665//665 667//667
f 809//809 667//667 810//810
f 691//691 674//674 676//676
f 676//676 679//679 811//811
f 691//691 676//676 811//811
f 741//741 812//812 660//660
f 812//812 658//658 660//660
f 695//695 670//670 672//672
f 700//700 813//813 814//814
f 813//813 815//815 816//816
f 816//816 817//817 814//814
f 813//813 816//816 814//814
f 704//704 818//818 819//819
f 820//820 821//821 822//822
f 822//822 823//823 709//709
f 820//820 822//822 709//709
f 711//711 824//824 825//825
f 824//824 826//826 827//827
f 827//827 828//828 825//825
f 824//824 827//827 825//825
f 713//713 829//829 830//830
f 829//829 831//831 830//830
f 719//719 832//832 833//833
f 832//832 834//834 835//835
f 835//835 836//836 833//833
f 832//832 835//835 833//833
f 723//723 837//837 838//838
f 837//837 839//839 838//838
f 727//727 758//758 840//840
f 758//758 731//731 733//733
f 733//733 734//734 840//840
f 758//758 733//733 840//840
f 729//729 743//743 745//745
f 745//745 746//746 729//729
f 732//732 753//753 755//755
f 755//755 757//757 732//732
f 735//735 737//737 739//739
f 747//747 750//750 841//841
f 764//764 747//747 841//841
f 736//736 766//766 842//842
f 766//766 765//765 843//843
f 843//843 844//844 842//842
f 766//766 843//843 842//842
f 738//738 769//769 845//845
f 845//845 846//846 847//847
f 738//738 845//845 847//847
f 740//740 770//770 848//848
f 744//744 849//849 850//850
f 748//748 772//772 851//851
f 772//772 771//771 852//852
f 852//852 853//853 851//851
f 772//772 852//852 851//851
f 752//752 776//776 854//854
f 776//776 775//775 855//855
f 855//855 856//856 854//854
f 776//776 855//855 854//854
f 754//754 777//777 857//857
f 857//857 858//858 754//754
f 727//727 725//725 859//859
f 725//725 724//724 860//860
f 860//860 779//779 859//859
f 725//725 860//860 859//859
f 729//729 724//724 861//861
f 861//861 783//783 729//729
f 732//732 731//731 862//862
f 862//862 784//784 732//732
f 684//684 787//787 735//735
f 764//764 863//863 864//864
f 863//863 685//685 865//865
f 865//865 866//866 864//864
f 863//863 865//865 864//864
f 736//736 693//693 867//867
f 693//693 791//791 867//867
f 738//738 737//737 868//868
f 868//868 794//794 869//869
f 738//738 868//868 869//869
f 742//742 796//796 740//740
f 744//744 743//743 798//798
f 748//748 747//747 799//799
f 754//754 753//753 806//806
f 636//636 870//870 730//730
f 870//870 779//779 860//860
f 860//860 724//724 730//730
f 870//870 860//860 730//730
f 642//642 871//871 726//726
f 871//871 783//783 861//861
f 861//861 724//724 726//726
f 871//871 861//861 726//726
f 648//648 872//872 873//873
f 872//872 784//784 862//862
f 862//862 731//731 873//873
f 872//872 862//862 873//873
f 634//634 787//787 684//684
f 640//640 874//874 780//780
f 874//874 866//866 865//865
f 865//865 685//685 780//780
f 874//874 865//865 780//780
f 646//646 875//875 693//693
f 875//875 791//791 693//693
f 660//660 794//794 868//868
f 868//868 737//737 660//660
f 650//650 796//796 742//742
f 798//798 743//743 667//667
f 799//799 747//747 672//672
f 653//653 876//876 694//694
f 876//876 804//804 877//877
f 876//876 877//877 694//694
f 679//679 806//806 878//878
f 806//806 753//753 878//878
f 683//683 879//879 759//759
f 879//879 648//648 873//873
f 873//873 731//731 759//759
f 879//879 873//873 759//759
f 690//690 880//880 743//743
f 880//880 667//667 743//743
f 692//692 881//881 761//761
f 881//881 679//679 878//878
f 878//878 753//753 761//761
f 881//881 878//878 761//761
f 763//763 660//660 762//762
f 660//660 737//737 762//762
f 672//672 747//747 696//696
f 702//702 882//882 767//767
f 882//882 817//817 883//883
f 883//883 765//765 767//767
f 882//882 883//883 767//767
f 705//705 819//819 769//769
f 708//708 823//823 884//884
f 884//884 770//770 708//708
f 712//712 828//828 849//849
f 714//714 830//830 773//773
f 830//830 771//771 773//773
f 718//718 836//836 885//885
f 885//885 775//775 718//718
f 838//838 777//777 722//722
f 642//642 886//886 639//639
f 886//886 734//734 887//887
f 887//887 637//637 639//639
f 886//886 887//887 639//639
f 636//636 888//888 633//633
f 888//888 746//746 889//889
f 889//889 631//631 633//633
f 888//888 889//889 633//633
f 734//734 890//890 887//887
f 890//890 757//757 891//891
f 891//891 637//637 887//887
f 890//890 891//891 887//887
f 739//739 643//643 807//807
f 681//681 739//739 807//807
f 688//688 892//892 809//809
f 892//892 750//750 893//893
f 893//893 665//665 809//809
f 892//892 893//893 809//809
f 691//691 844//844 894//894
f 894//894 674//674 691//691
f 739//739 846//846 895//895
f 895//895 643//643 739//739
f 741//741 848//848 812//812
f 848//848 658//658 812//812
f 746//746 896//896 889//889
f 896//896 850//850 897//897
f 897//897 631//631 889//889
f 896//896 897//897 889//889
f 750//750 898//898 893//893
f 898//898 853//853 899//899
f 899//899 665//665 893//893
f 898//898 899//899 893//893
f 695//695 856//856 900//900
f 900//900 670//670 695//695
f 757//757 901//901 891//891
f 901//901 858//858 902//902
f 902//902 637//637 891//891
f 901//901 902//902 891//891
f 683//683 903//903 684//684
f 903//903 779//779 778//778
f 903//903 778//778 684//684
f 690//690 904//904 687//687
f 904//904 783//783 782//782
f 782//782 685//685 687//687
f 904//904 782//782 687//687
f 692//692 905//905 693//693
f 905//905 784//784 693//693
f 763//763 906//906 742//742
f 906//906 787//787 786//786
f 906//906 786//786 742//742
f 696//696 866//866 907//907
f 907//907 694//694 696//696
f 702//702 908//908 699//699
f 908//908 791//791 790//790
f 790//790 697//697 699//699
f 908//908 790//790 699//699
f 705//705 794//794 703//703
f 796//796 706//706 708//708
f 798//798 710//710 712//712
f 714//714 909//909 715//715
f 909//909 799//799 715//715
f 718//718 804//804 803//803
f 803//803 716//716 718//718
f 806//806 720//720 722//722
f 779//779 870//870 634//634
f 870//870 636//636 635//635
f 870//870 635//635 634//634
f 783//783 871//871 781//781
f 871//871 642//642 641//641
f 641//641 640//640 781//781
f 871//871 641//641 781//781
f 784//784 872//872 646//646
f 872//872 648//648 647//647
f 872//872 647//647 646//646
f 787//787 634//634 651//651
f 651//651 650//650 785//785
f 787//787 651//651 785//785
f 866//866 874//874 910//910
f 874//874 640//640 654//654
f 654//654 653//653 910//910
f 874//874 654//654 910//910
f 791//791 875//875 789//789
f 875//875 646//646 657//657
f 657//657 656//656 789//789
f 875//875 657//657 789//789
f 794//794 660//660 793//793
f 660//660 661//661 793//793
f 796//796 650//650 664//664
f 664//664 663//663 796//796
f 798//798 667//667 669//669
f 669//669 668//668 798//798
f 672//672 673//673 799//799
f 804//804 876//876 802//802
f 876//876 653//653 911//911
f 911//911 800//800 802//802
f 876//876 911//911 802//802
f 806//806 679//679 678//678
f 678//678 677//677 806//806
f 648//648 879//879 808//808
f 879//879 683//683 682//682
f 682//682 681//681 808//808
f 879//879 682//682 808//808
f 667//667 880//880 810//810
f 880//880 690//690 689//689
f 689//689 688//688 810//810
f 880//880 689//689 810//810
f 679//679 881//881 811//811
f 881//881 692//692 691//691
f 881//881 691//691 811//811
f 660//660 763//763 912//912
f 912//912 741//741 660//660
f 696//696 695//695 672//672
f 817//817 882//882 814//814
f 882//882 702//702 701//701
f 701//701 700//700 814//814
f 882//882 701//701 814//814
f 819//819 705//705 704//704
f 823//823 708//708 709//709
f 828//828 712//712 825//825
f 712//712 711//711 825//825
f 830//830 714//714 713//713
f 836//836 718//718 833//833
f 718//718 719//719 833//833
f 722//722 723//723 838//838
f 734//734 886//886 840//840
f 886//886 642//642 728//728
f 728//728 727//727 840//840
f 886//886 728//728 840//840
f 746//746 888//888 729//729
f 888//888 636//636 729//729
f 757//757 890//890 732//732
f 890//890 734//734 732//732
f 739//739 681//681 735//735
f 750//750 892//892 841//841
f 892//892 688//688 764//764
f 892//892 764//764 841//841
f 844//844 691//691 842//842
f 691//691 736//736 842//842
f 846//846 739//739 847//847
f 739//739 738//738 847//847
f 848//848 741//741 740//740
f 896//896 746//746 744//744
f 896//896 744//744 850//850
f 853//853 898//898 851//851
f 898//898 750//750 749//749
f 749//749 748//748 851//851
f 898//898 749//749 851//851
f 856//856 695//695 854//854
f 695//695 752//752 854//854
f 858//858 901//901 754//754
f 901//901 757//757 756//756
f 901//901 756//756 754//754
f 779//779 903//903 859//859
f 903//903 683//683 760//760
f 760//760 727//727 859//859
f 903//903 760//760 859//859
f 783//783 904//904 729//729
f 904//904 690//690 729//729
f 784//784 905//905 732//732
f 905//905 692//692 732//732
f 787//787 906//906 735//735
f 906//906 763//763 735//735
f 866//866 696//696 864//864
f 696//696 764//764 864//864
f 791//791 908//908 867//867
f 908//908 702//702 768//768
f 768//768 736//736 867//867
f 908//908 768//768 867//867
f 794//794 705//705 869//869
f 705//705 738//738 869//869
f 796//796 708//708 740//740
f 712//712 744//744 798//798
f 909//909 714//714 774//774
f 774//774 748//748 799//799
f 909//909 774//774 799//799
f 804//804 718//718 913//913
f 718//718 752//752 913//913
f 722//722 754//754 806//806
f 914//914 915//915 916//916
f 915//915 917//917 918//918
f 918//918 919//919 916//916
f 915//915 918//918 916//916
f 920//920 921//921 922//922
f 921//921 923//923 924//924
f 924//924 925//925 922//922
f 921//921 924//924 922//922
f 926//926 927//927 928//928
f 929//929 930//930 928//928
f 927//927 929//929 928//928
f 914//914 931//931 915//915
f 932//932 917//917 915//915
f 931//931 932//932 915//915
f 920//920 933//933 921//921
f 933//933 934//934 935//935
f 935//935 923//923 921//921
f 933//933 935//935 921//921
f 926//926 936//936 927//927
f 936//936 937//937 929//929
f 936//936 929//929 927//927
f 938//938 939//939 940//940
f 940//940 941//941 938//938
f 914//914 942//942 931//931
f 942//942 932//932 931//931
f 943//943 944//944 945//945
f 944//944 946//946 947//947
f 947//947 948//948 945//945
f 944//944 947//947 945//945
f 949//949 950//950 951//951
f 950//950 952//952 953//953
f 953//953 954//954 951//951
f 950//950 953//953 951//951
f 955//955 956//956 957//957
f 956//956 958//958 959//959
f 959//959 960//960 957//957
f 956//956 959//959 957//957
f 961//961 962//962 963//963
f 962//962 964//964 965//965
f 965//965 966//966 963//963
f 962//962 965//965 963//963
f 967//967 968//968 969//969
f 968//968 970//970 971//971
f 971//971 972//972 969//969
f 968//968 971//971 969//969
f 973//973 974//974 975//975
f 975//975 976//976 973//973
f 977//977 978//978 979//979
f 978//978 980//980 981//981
f 981//981 982//982 979//979
f 978//978 981//981 979//979
f 983//983 984//984 985//985
f 984//984 986//986 987//987
f 987//987 988//988 985//985
f 984//984 987//987 985//985
f 989//989 990//990 991//991
f 991//991 992//992 993//993
f 989//989 991//991 993//993
f 994//994 995//995 996//996
f 996//996 997//997 994//994
f 998//998 999//999 1000//1000
f 999//999 1001//1001 1002//1002
f 999//999 1002//1002 1000//1000
f 1003//1003 1004//1004 1005//1005
f 1006//1006 1007//1007 1005//1005
f 1004//1004 1006//1006 1005//1005
f 1008//1008 1009//1009 1010//1010
f 1009//1009 1011//1011 1012//1012
f 1012//1012 1013//1013 1010//1010
f 1009//1009 1012//1012 1010//1010
f 1014//1014 1015//1015 1016//1016
f 1015//1015 1017//1017 1016//1016
f 1018//1018 1019//1019 1020//1020
f 1019//1019 1021//1021 1022//1022
f 1022//1022 925//925 1020//1020
f 1019//1019 1022//1022 1020//1020
f 1018//1018 1023//1023 1024//1024
f 1023//1023 1025//1025 1026//1026
f 1026//1026 919//919 1024//1024
f 1023//1023 1026//1026 1024//1024
f 1027//1027 1028//1028 1029//1029
f 1028//1028 1030//1030 1031//1031
f 1031//1031 1032//1032 1029//1029
f 1028//1028 1031//1031 1029//1029
f 961//961 1033//1033 962//962
f 1033//1033 964//964 962//962
f 973//973 1034//1034 1035//1035
f 1035//1035 974//974 973//973
f 1036//1036 1037//1037 1038//1038
f 1037//1037 1039//1039 1040//1040
f 1040//1040 1041//1041 1038//1038
f 1037//1037 1040//1040 1038//1038
f 1042//1042 1043//1043 1044//1044
f 1045//1045 1046//1046 1047//1047
f 1046//1046 1048//1048 1047//1047
f 1049//1049 1050//1050 1051//1051
f 1050//1050 1052//1052 1053//1053
f 1053//1053 1054//1054 1051//1051
f 1050//1050 1053//1053 1051//1051
f 977//977 1055//1055 978//978
f 1055//1055 1056//1056 1057//1057
f 1057//1057 980//980 978//978
f 1055//1055 1057//1057 978//978
f 1058//1058 1059//1059 1060//1060
f 1060//1060 1061//1061 1062//1062
f 1058//1058 1060//1060 1062//1062
f 1027//1027 1063//1063 1064//1064
f 1063//1063 1021//1021 1065//1065
f 1065//1065 966//966 1064//1064
f 1063//1063 1065//1065 1064//1064
f 1045//1045 1066//1066 1067//1067
f 1066//1066 1025//1025 1068//1068
f 1068//1068 972//972 1067//1067
f 1066//1066 1068//1068 1067//1067
f 1062//1062 1030//1030 1069//1069
f 1070//1070 976//976 1069//1069
f 1030//1030 1070//1070 1069//1069
f 1036//1036 1071//1071 1072//1072
f 1033//1033 1073//1073 1072//1072
f 1071//1071 1033//1033 1072//1072
f 1049//1049 1074//1074 1075//1075
f 1076//1076 982//982 1075//1075
f 1074//1074 1076//1076 1075//1075
f 1077//1077 1078//1078 1079//1079
f 1078//1078 1034//1034 1080//1080
f 1080//1080 988//988 1079//1079
f 1078//1078 1080//1080 1079//1079
f 1081//1081 1082//1082 1083//1083
f 1082//1082 1039//1039 1084//1084
f 1084//1084 992//992 1083//1083
f 1082//1082 1084//1084 1083//1083
f 1042//1042 997//997 1085//1085
f 1086//1086 1087//1087 1088//1088
f 1087//1087 1052//1052 1089//1089
f 1089//1089 1007//1007 1088//1088
f 1087//1087 1089//1089 1088//1088
f 1090//1090 1091//1091 1092//1092
f 1091//1091 1056//1056 1093//1093
f 1093//1093 1013//1013 1092//1092
f 1091//1091 1093//1093 1092//1092
f 1094//1094 1095//1095 1016//1016
f 1095//1095 1059//1059 1016//1016
f 917//917 1096//1096 1097//1097
f 1096//1096 961//961 1098//1098
f 1098//1098 1099//1099 1097//1097
f 1096//1096 1098//1098 1097//1097
f 923//923 1100//1100 1101//1101
f 1100//1100 967//967 1102//1102
f 1102//1102 1103//1103 1101//1101
f 1100//1100 1102//1102 1101//1101
f 929//929 973//973 1104//1104
f 973//973 1105//1105 1104//1104
f 932//932 1044//1044 1106//1106
f 937//937 1107//1107 1108//1108
f 1107//1107 983//983 1109//1109
f 1109//1109 1110//1110 1108//1108
f 1107//1107 1109//1109 1108//1108
f 993//993 1111//1111 939//939
f 994//994 1112//1112 942//942
f 946//946 1113//1113 1114//1114
f 1113//1113 998//998 1115//1115
f 1115//1115 1116//1116 1114//1114
f 1113//1113 1115//1115 1114//1114
f 952//952 1117//1117 1118//1118
f 1117//1117 1003//1003 1119//1119
f 1119//1119 1120//1120 1118//1118
f 1117//1117 1119//1119 1118//1118
f 1121//1121 1122//1122 1123//1123
f 1122//1122 1008//1008 1124//1124
f 1124//1124 1125//1125 1123//1123
f 1122//1122 1124//1124 1123//1123
f 958//958 1126//1126 1127//1127
f 1126//1126 1014//1014 1127//1127
f 964//964 1128//1128 1129//1129
f 1128//1128 926//926 928//928
f 928//928 930//930 1129//1129
f 1128//1128 928//928 1129//1129
f 970//970 1130//1130 1131//1131
f 1130//1130 943//943 945//945
f 945//945 948//948 1131//1131
f 1130//1130 945//945 1131//1131
f 974//974 1132//1132 1133//1133
f 1132//1132 955//955 957//957
f 957//957 960//960 1133//1133
f 1132//1132 957//957 1133//1133
f 1043//1043 938//938 1134//1134
f 938//938 941//941 1134//1134
f 980//980 1135//1135 1136//1136
f 1135//1135 949//949 951//951
f 951//951 954//954 1136//1136
f 1135//1135 951//951 1136//1136
f 986//986 1137//1137 1138//1138
f 1137//1137 1139//1139 1140//1140
f 1140//1140 1141//1141 1138//1138
f 1137//1137 1140//1140 1138//1138
f 990//990 1142//1142 1143//1143
f 995//995 1144//1144 1145//1145
f 1146//1146 1147//1147 1145//1145
f 1144//1144 1146//1146 1145//1145
f 1001//1001 1148//1148 1149//1149
f 1148//1148 1150//1150 1149//1149
f 1004//1004 1151//1151 1152//1152
f 1151//1151 1153//1153 1154//1154
f 1154//1154 1155//1155 1152//1152
f 1151//1151 1154//1154 1152//1152
f 1011//1011 1156//1156 1157//1157
f 1156//1156 1158//1158 1159//1159
f 1159//1159 1160//1160 1157//1157
f 1156//1156 1159//1159 1157//1157
f 1017//1017 1161//1161 1162//1162
f 1161//1161 1163//1163 1162//1162
f 1021//1021 1063//1063 1164//1164
f 1063//1063 1027//1027 1029//1029
f 1029//1029 1032//1032 1164//1164
f 1063//1063 1029//1029 1164//1164
f 1025//1025 1066//1066 1047//1047
f 1066//1066 1045//1045 1047//1047
f 1062//1062 1061//1061 1165//1165
f 1030//1030 1062//1062 1165//1165
f 1071//1071 1036//1036 1038//1038
f 1038//1038 1041//1041 1033//1033
f 1071//1071 1038//1038 1033//1033
f 1074//1074 1049//1049 1051//1051
f 1051//1051 1054//1054 1166//1166
f 1074//1074 1051//1051 1166//1166
f 1034//1034 1078//1078 1167//1167
f 1078//1078 1077//1077 1168//1168
f 1168//1168 1169//1169 1167//1167
f 1078//1078 1168//1168 1167//1167
f 1039//1039 1082//1082 1170//1170
f 1082//1082 1081//1081 1171//1171
f 1082//1082 1171//1171 1170//1170
f 1042//1042 1085//1085 1172//1172
f 1048//1048 1173//1173 1174//1174
f 1173//1173 1175//1175 1176//1176
f 1176//1176 1177//1177 1174//1174
f 1173//1173 1176//1176 1174//1174
f 1052//1052 1087//1087 1178//1178
f 1087//1087 1086//1086 1179//1179
f 1179//1179 1180//1180 1178//1178
f 1087//1087 1179//1179 1178//1178
f 1056//1056 1091//1091 1181//1181
f 1091//1091 1090//1090 1182//1182
f 1182//1182 1183//1183 1181//1181
f 1091//1091 1182//1182 1181//1181
f 1059//1059 1095//1095 1184//1184
f 1095//1095 1094//1094 1185//1185
f 1185//1185 1186//1186 1184//1184
f 1095//1095 1185//1185 1184//1184
f 1021//1021 1019//1019 1187//1187
f 1019//1019 1018//1018 1188//1188
f 1188//1188 1099//1099 1187//1187
f 1019//1019 1188//1188 1187//1187
f 1025//1025 1023//1023 1189//1189
f 1023//1023 1018//1018 1190//1190
f 1190//1190 1103//1103 1189//1189
f 1023//1023 1190//1190 1189//1189
f 1030//1030 1028//1028 1191//1191
f 1028//1028 1027//1027 1192//1192
f 1192//1192 1105//1105 1191//1191
f 1028//1028 1192//1192 1191//1191
f 1033//1033 961//961 1193//1193
f 1193//1193 1106//1106 1033//1033
f 1074//1074 1194//1194 1195//1195
f 1194//1194 967//967 1196//1196
f 1196//1196 1197//1197 1195//1195
f 1194//1194 1196//1196 1195//1195
f 1034//1034 973//973 1198//1198
f 973//973 1110//1110 1198//1198
f 1039//1039 1037//1037 1199//1199
f 1036//1036 1111//1111 1199//1199
f 1037//1037 1036//1036 1199//1199
f 1044//1044 1112//1112 1042//1042
f 1048//1048 1046//1046 1200//1200
f 1046//1046 1045//1045 1201//1201
f 1201//1201 1116//1116 1200//1200
f 1046//1046 1201//1201 1200//1200
f 1052//1052 1050//1050 1202//1202
f 1050//1050 1049//1049 1203//1203
f 1203//1203 1120//1120 1202//1202
f 1050//1050 1203//1203 1202//1202
f 1059//1059 1058//1058 1127//1127
f 1058//1058 1062//1062 1127//1127
f 919//919 1204//1204 1024//1024
f 1204//1204 1099//1099 1188//1188
f 1188//1188 1018//1018 1024//1024
f 1204//1204 1188//1188 1024//1024
f 925//925 1205//1205 1020//1020
f 1205//1205 1103//1103 1190//1190
f 1190//1190 1018//1018 1020//1020
f 1205//1205 1190//1190 1020//1020
f 930//930 1206//1206 1207//1207
f 1206//1206 1105//1105 1192//1192
f 1192//1192 1027//1027 1207//1207
f 1206//1206 1192//1192 1207//1207
f 917//917 1208//1208 1096//1096
f 1208//1208 1106//1106 1193//1193
f 1193//1193 961//961 1096//1096
f 1208//1208 1193//1193 1096//1096
f 923//923 1209//1209 1100//1100
f 1209//1209 1197//1197 1196//1196
f 1196//1196 967//967 1100//1100
f 1209//1209 1196//1196 1100//1100
f 929//929 1210//1210 973//973
f 1210//1210 1110//1110 973//973
f 941//941 1211//1211 1212//1212
f 1211//1211 1111//1111 1036//1036
f 1211//1211 1036//1036 1212//1212
f 932//932 1213//1213 1044//1044
f 1213//1213 1112//1112 1044//1044
f 948//948 1214//1214 1215//1215
f 1214//1214 1116//1116 1201//1201
f 1201//1201 1045//1045 1215//1215
f 1214//1214 1201//1201 1215//1215
f 954//954 1216//1216 1217//1217
f 1216//1216 1120//1120 1203//1203
f 1203//1203 1049//1049 1217//1217
f 1216//1216 1203//1203 1217//1217
f 934//934 1218//1218 1219//1219
f 1218//1218 1125//1125 1220//1220
f 1220//1220 977//977 1219//1219
f 1218//1218 1220//1220 1219//1219
f 960//960 1127//1127 1221//1221
f 1127//1127 1062//1062 1221//1221
f 966//966 1222//1222 1064//1064
f 1222//1222 930//930 1207//1207
f 1207//1207 1027//1027 1064//1064
f 1222//1222 1207//1207 1064//1064
f 972//972 1223//1223 1067//1067
f 1223//1223 948//948 1215//1215
f 1215//1215 1045//1045 1067//1067
f 1223//1223 1215//1215 1067//1067
f 976//976 1224//1224 1069//1069
f 1224//1224 960//960 1221//1221
f 1221//1221 1062//1062 1069//1069
f 1224//1224 1221//1221 1069//1069
f 1073//1073 941//941 1212//1212
f 1212//1212 1036//1036 1072//1072
f 1073//1073 1212//1212 1072//1072
f 982//982 1225//1225 1075//1075
f 1225//1225 954//954 1217//1217
f 1217//1217 1049//1049 1075//1075
f 1225//1225 1217//1217 1075//1075
f 988//988 1226//1226 1079//1079
f 1226//1226 1141//1141 1227//1227
f 1227//1227 1077//1077 1079//1079
f 1226//1226 1227//1227 1079//1079
f 992//992 1143//1143 1083//1083
f 1143//1143 1081//1081 1083//1083
f 997//997 1147//1147 1228//1228
f 997//997 1228//1228 1085//1085
f 1002//1002 1149//1149 1229//1229
f 1149//1149 1175//1175 1229//1229
f 1007//1007 1230//1230 1088//1088
f 1230//1230 1155//1155 1231//1231
f 1231//1231 1086//1086 1088//1088
f 1230//1230 1231//1231 1088//1088
f 1013//1013 1160//1160 1092//1092
f 1232//1232 1090//1090 1092//1092
f 1160//1160 1232//1232 1092//1092
f 1162//1162 1094//1094 1016//1016
f 925//925 1233//1233 922//922
f 1233//1233 1032//1032 1234//1234
f 1234//1234 920//920 922//922
f 1233//1233 1234//1234 922//922
f 919//919 1047//1047 916//916
f 1047//1047 914//914 916//916
f 1032//1032 1235//1235 1234//1234
f 1235//1235 1061//1061 1236//1236
f 1236//1236 920//920 1234//1234
f 1235//1235 1236//1236 1234//1234
f 964//964 1237//1237 1128//1128
f 1237//1237 1041//1041 1238//1238
f 1238//1238 926//926 1128//1128
f 1237//1237 1238//1238 1128//1128
f 970//970 1239//1239 1130//1130
f 1239//1239 1054//1054 1240//1240
f 1240//1240 943//943 1130//1130
f 1239//1239 1240//1240 1130//1130
f 974//974 1241//1241 1132//1132
f 1241//1241 1169//1169 1242//1242
f 1242//1242 955//955 1132//1132
f 1241//1241 1242//1242 1132//1132
f 1041//1041 1243//1243 1238//1238
f 1243//1243 1170//1170 1244//1244
f 1244//1244 926//926 1238//1238
f 1243//1243 1244//1244 1238//1238
f 1043//1043 1172//1172 938//938
f 1047//1047 1177//1177 1245//1245
f 1245//1245 914//914 1047//1047
f 1054//1054 1246//1246 1240//1240
f 1246//1246 1180//1180 1247//1247
f 1247//1247 943//943 1240//1240
f 1246//1246 1247//1247 1240//1240
f 980//980 1248//1248 1135//1135
f 1248//1248 1183//1183 1249//1249
f 1249//1249 949//949 1135//1135
f 1248//1248 1249//1249 1135//1135
f 1061//1061 1250//1250 1236//1236
f 1250//1250 1186//1186 1251//1251
f 1251//1251 920//920 1236//1236
f 1250//1250 1251//1251 1236//1236
f 966//966 1252//1252 963//963
f 1252//1252 1099//1099 1098//1098
f 1098//1098 961//961 963//963
f 1252//1252 1098//1098 963//963
f 972//972 1253//1253 969//969
f 1253//1253 1103//1103 1102//1102
f 1102//1102 967//967 969//969
f 1253//1253 1102//1102 969//969
f 976//976 1254//1254 973//973
f 1254//1254 1105//1105 973//973
f 1073//1073 1106//1106 1044//1044
f 982//982 1255//1255 979//979
f 1255//1255 1197//1197 1256//1256
f 1256//1256 977//977 979//979
f 1255//1255 1256//1256 979//979
f 988//988 1257//1257 985//985
f 1257//1257 1110//1110 1109//1109
f 1109//1109 983//983 985//985
f 1257//1257 1109//1109 985//985
f 992//992 1258//1258 993//993
f 1258//1258 1111//1111 993//993
f 997//997 1112//1112 994//994
f 1002//1002 1259//1259 1000//1000
f 1259//1259 1116//1116 1115//1115
f 1115//1115 998//998 1000//1000
f 1259//1259 1115//1115 1000//1000
f 1007//1007 1260//1260 1005//1005
f 1260//1260 1120//1120 1119//1119
f 1119//1119 1003//1003 1005//1005
f 1260//1260 1119//1119 1005//1005
f 1013//1013 1261//1261 1010//1010
f 1261//1261 1125//1125 1124//1124
f 1124//1124 1008//1008 1010//1010
f 1261//1261 1124//1124 1010//1010
f 1127//1127 1014//1014 1016//1016
f 1099//1099 1204//1204 1097//1097
f 1204//1204 919//919 918//918
f 918//918 917//917 1097//1097
f 1204//1204 918//918 1097//1097
f 1103//1103 1205//1205 1101//1101
f 1205//1205 925//925 924//924
f 924//924 923//923 1101//1101
f 1205//1205 924//924 1101//1101
f 1105//1105 1206//1206 1104//1104
f 1206//1206 930//930 929//929
f 1206//1206 929//929 1104//1104
f 1208//1208 917//917 932//932
f 1208//1208 932//932 1106//1106
f 1197//1197 1209//1209 1262//1262
f 1209//1209 923//923 935//935
f 935//935 934//934 1262//1262
f 1209//1209 935//935 1262//1262
f 1110//1110 1210//1210 1108//1108
f 929//929 937//937 1108//1108
f 1210//1210 929//929 1108//1108
f 1111//1111 1211//1211 939//939
f 1211//1211 941//941 940//940
f 1211//1211 940//940 939//939
f 1112//1112 1213//1213 942//942
f 1213//1213 932//932 942//942
f 1116//1116 1214//1214 1114//1114
f 1214//1214 948//948 947//947
f 947//947 946//946 1114//1114
f 1214//1214 947//947 1114//1114
f 1120//1120 1216//1216 1118//1118
f 1216//1216 954//954 953//953
f 953//953 952//952 1118//1118
f 1216//1216 953//953 1118//1118
f 1125//1125 1218//1218 1123//1123
f 1218//1218 934//934 1263//1263
f 1263//1263 1121//1121 1123//1123
f 1218//1218 1263//1263 1123//1123
f 1127//1127 960//960 959//959
f 959//959 958//958 1127//1127
f 930//930 1222//1222 1129//1129
f 1222//1222 966//966 965//965
f 965//965 964//964 1129//1129
f 1222//1222 965//965 1129//1129
f 948//948 1223//1223 1131//1131
f 1223//1223 972//972 971//971
f 971//971 970//970 1131//1131
f 1223//1223 971//971 1131//1131
f 960//960 1224//1224 1133//1133
f 1224//1224 976//976 975//975
f 975//975 974//974 1133//1133
f 1224//1224 975//975 1133//1133
f 941//941 1073//1073 1134//1134
f 1073//1073 1043//1043 1134//1134
f 954//954 1225//1225 1136//1136
f 1225//1225 982//982 981//981
f 981//981 980//980 1136//1136
f 1225//1225 981//981 1136//1136
f 1141//1141 1226//1226 1138//1138
f 1226//1226 988//988 987//987
f 987//987 986//986 1138//1138
f 1226//1226 987//987 1138//1138
f 1143//1143 992//992 991//991
f 991//991 990//990 1143//1143
f 1147//1147 997//997 1145//1145
f 996//996 995//995 1145//1145
f 997//997 996//996 1145//1145
f 1002//1002 1001//1001 1149//1149
f 1155//1155 1230//1230 1152//1152
f 1230//1230 1007//1007 1006//1006
f 1006//1006 1004//1004 1152//1152
f 1230//1230 1006//1006 1152//1152
f 1160//1160 1013//1013 1012//1012
f 1012//1012 1011//1011 1157//1157
f 1160//1160 1012//1012 1157//1157
f 1016//1016 1017//1017 1162//1162
f 1032//1032 1233//1233 1164//1164
f 1233//1233 925//925 1022//1022
f 1022//1022 1021//1021 1164//1164
f 1233//1233 1022//1022 1164//1164
f 1047//1047 919//919 1026//1026
f 1026//1026 1025//1025 1047//1047
f 1061//1061 1235//1235 1165//1165
f 1235//1235 1032//1032 1031//1031
f 1031//1031 1030//1030 1165//1165
f 1235//1235 1031//1031 1165//1165
f 1041//1041 1237//1237 1033//1033
f 1237//1237 964//964 1033//1033
f 1054//1054 1239//1239 1166//1166
f 1239//1239 970//970 1264//1264
f 1264//1264 1074//1074 1166//1166
f 1239//1239 1264//1264 1166//1166
f 1169//1169 1241//1241 1167//1167
f 1241//1241 974//974 1035//1035
f 1035//1035 1034//1034 1167//1167
f 1241//1241 1035//1035 1167//1167
f 1243//1243 1041//1041 1040//1040
f 1040//1040 1039//1039 1170//1170
f 1243//1243 1040//1040 1170//1170
f 1172//1172 1043//1043 1042//1042
f 1177//1177 1047//1047 1174//1174
f 1047//1047 1048//1048 1174//1174
f 1180//1180 1246//1246 1178//1178
f 1246//1246 1054//1054 1053//1053
f 1053//1053 1052//1052 1178//1178
f 1246//1246 1053//1053 1178//1178
f 1183//1183 1248//1248 1181//1181
f 1248//1248 980//980 1057//1057
f 1057//1057 1056//1056 1181//1181
f 1248//1248 1057//1057 1181//1181
f 1186//1186 1250//1250 1184//1184
f 1250//1250 1061//1061 1060//1060
f 1060//1060 1059//1059 1184//1184
f 1250//1250 1060//1060 1184//1184
f 1099//1099 1252//1252 1187//1187
f 1252//1252 966//966 1065//1065
f 1065//1065 1021//1021 1187//1187
f 1252//1252 1065//1065 1187//1187
f 1103//1103 1253//1253 1189//1189
f 1253//1253 972//972 1068//1068
f 1068//1068 1025//1025 1189//1189
f 1253//1253 1068//1068 1189//1189
f 1105//1105 1254//1254 1191//1191
f 1254//1254 976//976 1070//1070
f 1070//1070 1030//1030 1191//1191
f 1254//1254 1070//1070 1191//1191
f 1106//1106 1073//1073 1033//1033
f 1197//1197 1255//1255 1195//1195
f 1255//1255 982//982 1076//1076
f 1076//1076 1074//1074 1195//1195
f 1255//1255 1076//1076 1195//1195
f 1110//1110 1257//1257 1198//1198
f 1257//1257 988//988 1080//1080
f 1080//1080 1034//1034 1198//1198
f 1257//1257 1080//1080 1198//1198
f 1111//1111 1258//1258 1199//1199
f 1258//1258 992//992 1084//1084
f 1084//1084 1039//1039 1199//1199
f 1258//1258 1084//1084 1199//1199
f 1112//1112 997//997 1042//1042
f 1116//1116 1259//1259 1200//1200
f 1259//1259 1002//1002 1265//1265
f 1265//1265 1048//1048 1200//1200
f 1259//1259 1265//1265 1200//1200
f 1120//1120 1260//1260 1202//1202
f 1260//1260 1007//1007 1089//1089
f 1089//1089 1052//1052 1202//1202
f 1260//1260 1089//1089 1202//1202
f 1125//1125 1261//1261 1266//1266
f 1261//1261 1013//1013 1093//1093
f 1093//1093 1056//1056 1266//1266
f 1261//1261 1093//1093 1266//1266
f 1016//1016 1059//1059 1127//1127
f 1267//1267 1268//1268 1269//1269
f 1270//1270 1271//1271 1272//1272
f 1273//1273 1274//1274 1275//1275
f 1276//1276 1277//1277 1278//1278
f 1279//1279 1280//1280 1281//1281
f 1280//1280 1282//1282 1283//1283
f 1280//1280 1283//1283 1281//1281
f 1284//1284 1285//1285 1286//1286
f 1287//1287 1288//1288 1289//1289
f 1289//1289 1290//1290 1287//1287
f 1291//1291 1292//1292 1293//1293
f 1294//1294 1295//1295 1296//1296
f 1295//1295 1297//1297 1296//1296
f 1298//1298 1299//1299 1300//1300
f 1301//1301 1302//1302 1303//1303
f 1304//1304 1305//1305 1306//1306
f 1307//1307 1308//1308 1269//1269
f 1309//1309 1310//1310 1311//1311
f 1310//1310 1271//1271 1311//1311
f 1312//1312 1313//1313 1274//1274
f 1314//1314 1315//1315 1278//1278
f 1316//1316 1317//1317 1318//1318
f 1317//1317 1319//1319 1283//1283
f 1317//1317 1283//1283 1318//1318
f 1320//1320 1321//1321 1286//1286
f 1322//1322 1323//1323 1324//1324
f 1323//1323 1290//1290 1324//1324
f 1313//1313 1325//1325 1293//1293
f 1321//1321 1326//1326 1327//1327
f 1327//1327 1297//1297 1321//1321
f 1308//1308 1328//1328 1300//1300
f 1315//1315 1329//1329 1303//1303
f 1328//1328 1330//1330 1306//1306
f 1331//1331 1332//1332 1333//1333
f 1332//1332 1268//1268 1334//1334
f 1332//1332 1334//1334 1333//1333
f 1270//1270 1335//1335 1336//1336
f 1337//1337 1273//1273 1338//1338
f 1277//1277 1339//1339 1340//1340
f 1341//1341 1282//1282 1342//1342
f 1343//1343 1344//1344 1345//1345
f 1285//1285 1346//1346 1345//1345
f 1344//1344 1285//1285 1345//1345
f 1347//1347 1348//1348 1349//1349
f 1348//1348 1288//1288 1350//1350
f 1350//1350 1351//1351 1349//1349
f 1348//1348 1350//1350 1349//1349
f 1352//1352 1292//1292 1310//1310
f 1353//1353 1295//1295 1354//1354
f 1354//1354 1319//1319 1353//1353
f 1355//1355 1299//1299 1323//1323
f 1302//1302 1325//1325 1356//1356
f 1357//1357 1305//1305 1326//1326
f 1355//1355 1358//1358 1267//1267
f 1272//1272 1359//1359 1360//1360
f 1360//1360 1361//1361 1272//1272
f 1352//1352 1362//1362 1275//1275
f 1356//1356 1363//1363 1276//1276
f 1279//1279 1364//1364 1365//1365
f 1364//1364 1366//1366 1367//1367
f 1364//1364 1367//1367 1365//1365
f 1284//1284 1368//1368 1369//1369
f 1368//1368 1353//1353 1370//1370
f 1370//1370 1371//1371 1369//1369
f 1368//1368 1370//1370 1369//1369
f 1287//1287 1372//1372 1373//1373
f 1373//1373 1374//1374 1287//1287
f 1291//1291 1375//1375 1376//1376
f 1376//1376 1359//1359 1291//1291
f 1294//1294 1377//1377 1378//1378
f 1377//1377 1366//1366 1378//1378
f 1298//1298 1379//1379 1372//1372
f 1379//1379 1357//1357 1372//1372
f 1301//1301 1380//1380 1381//1381
f 1380//1380 1330//1330 1382//1382
f 1382//1382 1375//1375 1381//1381
f 1380//1380 1382//1382 1381//1381
f 1304//1304 1383//1383 1377//1377
f 1383//1383 1329//1329 1377//1377
f 1384//1384 1385//1385 1268//1268
f 1267//1267 1384//1384 1268//1268
f 1272//1272 1386//1386 1270//1270
f 1275//1275 1387//1387 1273//1273
f 1276//1276 1388//1388 1277//1277
f 1282//1282 1280//1280 1389//1389
f 1280//1280 1279//1279 1390//1390
f 1390//1390 1391//1391 1389//1389
f 1280//1280 1390//1390 1389//1389
f 1285//1285 1284//1284 1392//1392
f 1288//1288 1287//1287 1393//1393
f 1287//1287 1394//1394 1393//1393
f 1291//1291 1395//1395 1292//1292
f 1295//1295 1294//1294 1396//1396
f 1299//1299 1298//1298 1397//1397
f 1301//1301 1398//1398 1302//1302
f 1305//1305 1304//1304 1399//1399
f 1399//1399 1400//1400 1305//1305
f 1308//1308 1307//1307 1401//1401
f 1401//1401 1402//1402 1308//1308
f 1310//1310 1309//1309 1403//1403
f 1313//1313 1312//1312 1404//1404
f 1404//1404 1405//1405 1313//1313
f 1315//1315 1314//1314 1406//1406
f 1319//1319 1317//1317 1407//1407
f 1317//1317 1316//1316 1408//1408
f 1408//1408 1409//1409 1407//1407
f 1317//1317 1408//1408 1407//1407
f 1321//1321 1320//1320 1410//1410
f 1410//1410 1411//1411 1321//1321
f 1323//1323 1322//1322 1412//1412
f 1325//1325 1313//1313 1405//1405
f 1326//1326 1321//1321 1413//1413
f 1321//1321 1411//1411 1413//1413
f 1308//1308 1402//1402 1328//1328
f 1329//1329 1315//1315 1406//1406
f 1330//1330 1328//1328 1414//1414
f 1328//1328 1402//1402 1414//1414
f 1268//1268 1332//1332 1415//1415
f 1332//1332 1331//1331 1415//1415
f 1336//1336 1416//1416 1270//1270
f 1273//1273 1337//1337 1417//1417
f 1340//1340 1418//1418 1277//1277
f 1282//1282 1341//1341 1419//1419
f 1285//1285 1344//1344 1420//1420
f 1344//1344 1343//1343 1420//1420
f 1288//1288 1348//1348 1421//1421
f 1348//1348 1347//1347 1422//1422
f 1422//1422 1423//1423 1421//1421
f 1348//1348 1422//1422 1421//1421
f 1292//1292 1352//1352 1424//1424
f 1353//1353 1425//1425 1295//1295
f 1299//1299 1355//1355 1426//1426
f 1302//1302 1356//1356 1427//1427
f 1305//1305 1357//1357 1428//1428
f 1355//1355 1267//1267 1426//1426
f 1359//1359 1272//1272 1395//1395
f 1352//1352 1275//1275 1424//1424
f 1356//1356 1276//1276 1427//1427
f 1366//1366 1364//1364 1396//1396
f 1364//1364 1279//1279 1396//1396
f 1353//1353 1368//1368 1425//1425
f 1368//1368 1284//1284 1425//1425
f 1372//1372 1287//1287 1397//1397
f 1375//1375 1291//1291 1398//1398
f 1377//1377 1294//1294 1400//1400
f 1357//1357 1379//1379 1428//1428
f 1379//1379 1298//1298 1428//1428
f 1330//1330 1380//1380 1429//1429
f 1301//1301 1430//1430 1429//1429
f 1380//1380 1301//1301 1429//1429
f 1329//1329 1383//1383 1430//1430
f 1383//1383 1304//1304 1431//1431
f 1383//1383 1431//1431 1430//1430
f 1269//1269 1426//1426 1267//1267
f 1271//1271 1395//1395 1272//1272
f 1274//1274 1424//1424 1275//1275
f 1427//1427 1276//1276 1278//1278
f 1283//1283 1396//1396 1281//1281
f 1396//1396 1279//1279 1281//1281
f 1425//1425 1284//1284 1286//1286
f 1290//1290 1397//1397 1287//1287
f 1293//1293 1398//1398 1291//1291
f 1297//1297 1432//1432 1296//1296
f 1400//1400 1294//1294 1296//1296
f 1432//1432 1400//1400 1296//1296
f 1428//1428 1298//1298 1300//1300
f 1303//1303 1430//1430 1301//1301
f 1306//1306 1430//1430 1431//1431
f 1431//1431 1304//1304 1306//1306
f 1415//1415 1307//1307 1269//1269
f 1271//1271 1433//1433 1311//1311
f 1433//1433 1416//1416 1434//1434
f 1434//1434 1309//1309 1311//1311
f 1433//1433 1434//1434 1311//1311
f 1274//1274 1417//1417 1435//1435
f 1435//1435 1312//1312 1274//1274
f 1278//1278 1418//1418 1314//1314
f 1283//1283 1419//1419 1318//1318
f 1419//1419 1316//1316 1318//1318
f 1420//1420 1320//1320 1286//1286
f 1290//1290 1436//1436 1324//1324
f 1436//1436 1423//1423 1437//1437
f 1437//1437 1322//1322 1324//1324
f 1436//1436 1437//1437 1324//1324
f 1293//1293 1424//1424 1313//1313
f 1297//1297 1425//1425 1321//1321
f 1426//1426 1308//1308 1300//1300
f 1303//1303 1427//1427 1315//1315
f 1306//1306 1428//1428 1328//1328
f 1334//1334 1438//1438 1439//1439
f 1439//1439 1331//1331 1333//1333
f 1334//1334 1439//1439 1333//1333
f 1335//1335 1440//1440 1336//1336
f 1440//1440 1441//1441 1336//1336
f 1442//1442 1443//1443 1337//1337
f 1442//1442 1337//1337 1338//1338
f 1339//1339 1444//1444 1340//1340
f 1342//1342 1445//1445 1341//1341
f 1346//1346 1446//1446 1345//1345
f 1446//1446 1343//1343 1345//1345
f 1351//1351 1447//1447 1349//1349
f 1447//1447 1448//1448 1449//1449
f 1449//1449 1347//1347 1349//1349
f 1447//1447 1449//1449 1349//1349
f 1310//1310 1403//1403 1352//1352
f 1323//1323 1412//1412 1355//1355
f 1325//1325 1405//1405 1356//1356
f 1413//1413 1411//1411 1450//1450
f 1450//1450 1357//1357 1326//1326
f 1413//1413 1450//1450 1326//1326
f 1358//1358 1451//1451 1267//1267
f 1451//1451 1385//1385 1384//1384
f 1451//1451 1384//1384 1267//1267
f 1361//1361 1452//1452 1272//1272
f 1452//1452 1386//1386 1272//1272
f 1362//1362 1453//1453 1275//1275
f 1453//1453 1387//1387 1275//1275
f 1363//1363 1388//1388 1276//1276
f 1367//1367 1454//1454 1365//1365
f 1454//1454 1391//1391 1390//1390
f 1390//1390 1279//1279 1365//1365
f 1454//1454 1390//1390 1365//1365
f 1371//1371 1392//1392 1369//1369
f 1392//1392 1284//1284 1369//1369
f 1374//1374 1455//1455 1287//1287
f 1455//1455 1394//1394 1287//1287
f 1359//1359 1395//1395 1291//1291
f 1366//1366 1396//1396 1378//1378
f 1396//1396 1294//1294 1378//1378
f 1397//1397 1298//1298 1372//1372
f 1375//1375 1398//1398 1381//1381
f 1398//1398 1301//1301 1381//1381
f 1377//1377 1400//1400 1399//1399
f 1399//1399 1304//1304 1377//1377
f 1269//1269 1268//1268 1415//1415
f 1416//1416 1433//1433 1270//1270
f 1433//1433 1271//1271 1270//1270
f 1417//1417 1274//1274 1273//1273
f 1418//1418 1278//1278 1277//1277
f 1283//1283 1282//1282 1419//1419
f 1286//1286 1285//1285 1420//1420
f 1423//1423 1436//1436 1421//1421
f 1436//1436 1290//1290 1289//1289
f 1289//1289 1288//1288 1421//1421
f 1436//1436 1289//1289 1421//1421
f 1293//1293 1292//1292 1424//1424
f 1425//1425 1297//1297 1295//1295
f 1300//1300 1299//1299 1426//1426
f 1427//1427 1303//1303 1302//1302
f 1428//1428 1306//1306 1305//1305
f 1269//1269 1308//1308 1426//1426
f 1395//1395 1271//1271 1310//1310
f 1424//1424 1274//1274 1313//1313
f 1278//1278 1315//1315 1427//1427
f 1283//1283 1319//1319 1456//1456
f 1396//1396 1283//1283 1456//1456
f 1425//1425 1286//1286 1321//1321
f 1397//1397 1290//1290 1323//1323
f 1293//1293 1325//1325 1398//1398
f 1400//1400 1432//1432 1457//1457
f 1432//1432 1297//1297 1327//1327
f 1327//1327 1326//1326 1457//1457
f 1432//1432 1327//1327 1457//1457
f 1428//1428 1300//1300 1328//1328
f 1303//1303 1329//1329 1430//1430
f 1430//1430 1306//1306 1429//1429
f 1306//1306 1330//1330 1429//1429
f 1385//1385 1334//1334 1268//1268
f 1386//1386 1335//1335 1270//1270
f 1387//1387 1338//1338 1273//1273
f 1388//1388 1339//1339 1277//1277
f 1391//1391 1458//1458 1389//1389
f 1342//1342 1282//1282 1389//1389
f 1458//1458 1342//1342 1389//1389
f 1392//1392 1346//1346 1285//1285
f 1394//1394 1459//1459 1393//1393
f 1459//1459 1351//1351 1350//1350
f 1350//1350 1288//1288 1393//1393
f 1459//1459 1350//1350 1393//1393
f 1395//1395 1310//1310 1292//1292
f 1456//1456 1319//1319 1354//1354
f 1354//1354 1295//1295 1396//1396
f 1456//1456 1354//1354 1396//1396
f 1323//1323 1299//1299 1397//1397
f 1398//1398 1325//1325 1302//1302
f 1400//1400 1457//1457 1305//1305
f 1457//1457 1326//1326 1305//1305
f 1412//1412 1358//1358 1355//1355
f 1402//1402 1460//1460 1461//1461
f 1460//1460 1361//1361 1360//1360
f 1360//1360 1359//1359 1461//1461
f 1460//1460 1360//1360 1461//1461
f 1403//1403 1362//1362 1352//1352
f 1405//1405 1363//1363 1356//1356
f 1367//1367 1366//1366 1406//1406
f 1409//1409 1462//1462 1353//1353
f 1462//1462 1371//1371 1370//1370
f 1462//1462 1370//1370 1353//1353
f 1411//1411 1374//1374 1373//1373
f 1411//1411 1373//1373 1372//1372
f 1402//1402 1461//1461 1463//1463
f 1461//1461 1359//1359 1376//1376
f 1376//1376 1375//1375 1463//1463
f 1461//1461 1376//1376 1463//1463
f 1406//1406 1366//1366 1377//1377
f 1411//1411 1372//1372 1450//1450
f 1372//1372 1357//1357 1450//1450
f 1402//1402 1463//1463 1414//1414
f 1463//1463 1375//1375 1382//1382
f 1382//1382 1330//1330 1414//1414
f 1463//1463 1382//1382 1414//1414
f 1377//1377 1329//1329 1406//1406
f 1464//1464 1465//1465 1466//1466
f 1467//1467 1468//1468 1469//1469
f 1468//1468 1470//1470 1471//1471
f 1471//1471 1472//1472 1469//1469
f 1468//1468 1471//1471 1469//1469
f 1473//1473 1474//1474 1475//1475
f 1476//1476 1464//1464 1466//1466
f 1477//1477 1470//1470 1468//1468
f 1468//1468 1467//1467 1478//1478
f 1477//1477 1468//1468 1478//1478
f 1479//1479 1480//1480 1473//1473
f 1480//1480 1474//1474 1473//1473
f 1481//1481 1482//1482 1483//1483
f 1482//1482 1484//1484 1485//1485
f 1485//1485 1486//1486 1483//1483
f 1482//1482 1485//1485 1483//1483
f 1487//1487 1464//1464 1476//1476
f 1488//1488 1489//1489 1490//1490
f 1489//1489 1491//1491 1490//1490
f 1492//1492 1493//1493 1494//1494
f 1495//1495 1470//1470 1477//1477
f 1496//1496 1497//1497 1498//1498
f 1497//1497 1499//1499 1500//1500
f 1497//1497 1500//1500 1498//1498
f 1501//1501 1502//1502 1503//1503
f 1502//1502 1504//1504 1503//1503
f 1505//1505 1506//1506 1507//1507
f 1505//1505 1507//1507 1508//1508
f 1509//1509 1510//1510 1511//1511
f 1512//1512 1513//1513 1514//1514
f 1515//1515 1516//1516 1514//1514
f 1513//1513 1515//1515 1514//1514
f 1517//1517 1518//1518 1519//1519
f 1520//1520 1521//1521 1522//1522
f 1521//1521 1523//1523 1524//1524
f 1524//1524 1525//1525 1522//1522
f 1521//1521 1524//1524 1522//1522
f 1526//1526 1527//1527 1528//1528
f 1527//1527 1529//1529 1530//1530
f 1530//1530 1531//1531 1528//1528
f 1527//1527 1530//1530 1528//1528
f 1532//1532 1533//1533 1534//1534
f 1533//1533 1535//1535 1534//1534
f 1536//1536 1537//1537 1538//1538
f 1537//1537 1539//1539 1540//1540
f 1537//1537 1540//1540 1538//1538
f 1541//1541 1542//1542 1543//1543
f 1543//1543 1544//1544 1541//1541
f 1545//1545 1546//1546 1547//1547
f 1548//1548 1549//1549 1550//1550
f 1550//1550 1551//1551 1552//1552
f 1548//1548 1550//1550 1552//1552
f 1553//1553 1554//1554 1555//1555
f 1555//1555 1472//1472 1553//1553
f 1556//1556 1554//1554 1465//1465
f 1557//1557 1558//1558 1559//1559
f 1558//1558 1560//1560 1561//1561
f 1561//1561 1562//1562 1559//1559
f 1558//1558 1561//1561 1559//1559
f 1563//1563 1502//1502 1564//1564
f 1502//1502 1501//1501 1564//1564
f 1565//1565 1509//1509 1511//1511
f 1566//1566 1567//1567 1568//1568
f 1567//1567 1569//1569 1570//1570
f 1570//1570 1571//1571 1568//1568
f 1567//1567 1570//1570 1568//1568
f 1572//1572 1573//1573 1574//1574
f 1573//1573 1515//1515 1513//1513
f 1513//1513 1512//1512 1574//1574
f 1573//1573 1513//1513 1574//1574
f 1575//1575 1576//1576 1577//1577
f 1578//1578 1579//1579 1580//1580
f 1581//1581 1517//1517 1519//1519
f 1582//1582 1583//1583 1584//1584
f 1583//1583 1585//1585 1584//1584
f 1553//1553 1560//1560 1586//1586
f 1586//1586 1504//1504 1553//1553
f 1556//1556 1576//1576 1508//1508
f 1557//1557 1585//1585 1587//1587
f 1585//1585 1510//1510 1587//1587
f 1563//1563 1588//1588 1589//1589
f 1588//1588 1569//1569 1590//1590
f 1590//1590 1516//1516 1589//1589
f 1588//1588 1590//1590 1589//1589
f 1591//1591 1578//1578 1518//1518
f 1565//1565 1592//1592 1593//1593
f 1592//1592 1594//1594 1595//1595
f 1595//1595 1525//1525 1593//1593
f 1592//1592 1595//1595 1593//1593
f 1566//1566 1596//1596 1597//1597
f 1596//1596 1598//1598 1599//1599
f 1599//1599 1531//1531 1597//1597
f 1596//1596 1599//1599 1597//1597
f 1572//1572 1600//1600 1601//1601
f 1602//1602 1535//1535 1601//1601
f 1600//1600 1602//1602 1601//1601
f 1575//1575 1603//1603 1540//1540
f 1580//1580 1604//1604 1544//1544
f 1582//1582 1605//1605 1606//1606
f 1605//1605 1607//1607 1608//1608
f 1608//1608 1551//1551 1606//1606
f 1605//1605 1608//1608 1606//1606
f 1609//1609 1610//1610 1502//1502
f 1466//1466 1609//1609 1502//1502
f 1506//1506 1611//1611 1612//1612
f 1611//1611 1467//1467 1613//1613
f 1611//1611 1613//1613 1612//1612
f 1509//1509 1473//1473 1614//1614
f 1515//1515 1476//1476 1615//1615
f 1517//1517 1477//1477 1616//1616
f 1616//1616 1617//1617 1517//1517
f 1523//1523 1618//1618 1619//1619
f 1618//1618 1479//1479 1620//1620
f 1620//1620 1621//1621 1619//1619
f 1618//1618 1620//1620 1619//1619
f 1533//1533 1487//1487 1622//1622
f 1539//1539 1623//1623 1624//1624
f 1623//1623 1488//1488 1624//1624
f 1542//1542 1625//1625 1626//1626
f 1625//1625 1492//1492 1626//1626
f 1546//1546 1495//1495 1627//1627
f 1495//1495 1628//1628 1627//1627
f 1549//1549 1629//1629 1630//1630
f 1629//1629 1496//1496 1630//1630
f 1474//1474 1631//1631 1475//1475
f 1631//1631 1501//1501 1475//1475
f 1505//1505 1491//1491 1489//1489
f 1499//1499 1511//1511 1500//1500
f 1511//1511 1498//1498 1500//1500
f 1484//1484 1632//1632 1485//1485
f 1632//1632 1512//1512 1633//1633
f 1633//1633 1486//1486 1485//1485
f 1632//1632 1633//1633 1485//1485
f 1519//1519 1494//1494 1493//1493
f 1634//1634 1635//1635 1636//1636
f 1635//1635 1520//1520 1637//1637
f 1637//1637 1638//1638 1636//1636
f 1635//1635 1637//1637 1636//1636
f 1639//1639 1640//1640 1641//1641
f 1640//1640 1526//1526 1642//1642
f 1642//1642 1643//1643 1641//1641
f 1640//1640 1642//1642 1641//1641
f 1644//1644 1645//1645 1646//1646
f 1645//1645 1532//1532 1647//1647
f 1645//1645 1647//1647 1646//1646
f 1648//1648 1649//1649 1650//1650
f 1649//1649 1536//1536 1651//1651
f 1651//1651 1652//1652 1650//1650
f 1649//1649 1651//1651 1650//1650
f 1653//1653 1541//1541 1654//1654
f 1655//1655 1656//1656 1657//1657
f 1545//1545 1658//1658 1657//1657
f 1656//1656 1545//1545 1657//1657
f 1659//1659 1660//1660 1661//1661
f 1660//1660 1552//1552 1662//1662
f 1662//1662 1663//1663 1661//1661
f 1660//1660 1662//1662 1661//1661
f 1560//1560 1553//1553 1561//1561
f 1553//1553 1562//1562 1561//1561
f 1576//1576 1556//1556 1577//1577
f 1585//1585 1557//1557 1584//1584
f 1569//1569 1588//1588 1570//1570
f 1588//1588 1563//1563 1664//1664
f 1664//1664 1571//1571 1570//1570
f 1588//1588 1664//1664 1570//1570
f 1594//1594 1592//1592 1665//1665
f 1592//1592 1565//1565 1666//1666
f 1666//1666 1667//1667 1665//1665
f 1592//1592 1666//1666 1665//1665
f 1598//1598 1596//1596 1668//1668
f 1596//1596 1566//1566 1669//1669
f 1669//1669 1670//1670 1668//1668
f 1596//1596 1669//1669 1668//1668
f 1600//1600 1572//1572 1671//1671
f 1603//1603 1575//1575 1672//1672
f 1575//1575 1673//1673 1672//1672
f 1604//1604 1580//1580 1674//1674
f 1580//1580 1675//1675 1674//1674
f 1676//1676 1677//1677 1678//1678
f 1677//1677 1581//1581 1679//1679
f 1679//1679 1680//1680 1678//1678
f 1677//1677 1679//1679 1678//1678
f 1607//1607 1605//1605 1681//1681
f 1605//1605 1582//1582 1682//1682
f 1682//1682 1683//1683 1681//1681
f 1605//1605 1682//1682 1681//1681
f 1554//1554 1553//1553 1684//1684
f 1553//1553 1610//1610 1684//1684
f 1554//1554 1556//1556 1685//1685
f 1686//1686 1612//1612 1685//1685
f 1556//1556 1686//1686 1685//1685
f 1560//1560 1558//1558 1614//1614
f 1558//1558 1557//1557 1614//1614
f 1502//1502 1563//1563 1615//1615
f 1506//1506 1591//1591 1687//1687
f 1591//1591 1617//1617 1687//1687
f 1509//1509 1565//1565 1688//1688
f 1688//1688 1621//1621 1509//1509
f 1569//1569 1567//1567 1689//1689
f 1567//1567 1566//1566 1690//1690
f 1690//1690 1691//1691 1689//1689
f 1567//1567 1690//1690 1689//1689
f 1576//1576 1575//1575 1692//1692
f 1575//1575 1624//1624 1692//1692
f 1580//1580 1626//1626 1578//1578
f 1517//1517 1581//1581 1693//1693
f 1693//1693 1628//1628 1517//1517
f 1583//1583 1582//1582 1630//1630
f 1583//1583 1630//1630 1585//1585
f 1610//1610 1694//1694 1684//1684
f 1465//1465 1554//1554 1684//1684
f 1694//1694 1465//1465 1684//1684
f 1612//1612 1695//1695 1685//1685
f 1695//1695 1472//1472 1555//1555
f 1555//1555 1554//1554 1685//1685
f 1695//1695 1555//1555 1685//1685
f 1475//1475 1560//1560 1614//1614
f 1466//1466 1502//1502 1615//1615
f 1617//1617 1467//1467 1611//1611
f 1611//1611 1506//1506 1687//1687
f 1617//1617 1611//1611 1687//1687
f 1621//1621 1473//1473 1509//1509
f 1691//1691 1696//1696 1689//1689
f 1696//1696 1486//1486 1697//1697
f 1697//1697 1569//1569 1689//1689
f 1696//1696 1697//1697 1689//1689
f 1476//1476 1515//1515 1622//1622
f 1624//1624 1491//1491 1698//1698
f 1698//1698 1576//1576 1692//1692
f 1624//1624 1698//1698 1692//1692
f 1626//1626 1494//1494 1578//1578
f 1628//1628 1477//1477 1517//1517
f 1630//1630 1498//1498 1585//1585
f 1475//1475 1504//1504 1586//1586
f 1586//1586 1560//1560 1475//1475
f 1491//1491 1508//1508 1698//1698
f 1508//1508 1576//1576 1698//1698
f 1498//1498 1699//1699 1585//1585
f 1699//1699 1510//1510 1585//1585
f 1486//1486 1700//1700 1697//1697
f 1700//1700 1516//1516 1590//1590
f 1590//1590 1569//1569 1697//1697
f 1700//1700 1590//1590 1697//1697
f 1494//1494 1518//1518 1578//1578
f 1638//1638 1701//1701 1702//1702
f 1701//1701 1525//1525 1595//1595
f 1595//1595 1594//1594 1702//1702
f 1701//1701 1595//1595 1702//1702
f 1643//1643 1703//1703 1704//1704
f 1703//1703 1531//1531 1599//1599
f 1599//1599 1598//1598 1704//1704
f 1703//1703 1599//1599 1704//1704
f 1646//1646 1535//1535 1602//1602
f 1602//1602 1600//1600 1705//1705
f 1646//1646 1602//1602 1705//1705
f 1652//1652 1540//1540 1706//1706
f 1540//1540 1603//1603 1706//1706
f 1654//1654 1707//1707 1708//1708
f 1544//1544 1604//1604 1708//1708
f 1707//1707 1544//1544 1708//1708
f 1658//1658 1547//1547 1709//1709
f 1547//1547 1676//1676 1709//1709
f 1663//1663 1710//1710 1711//1711
f 1710//1710 1551//1551 1608//1608
f 1608//1608 1607//1607 1711//1711
f 1710//1710 1608//1608 1711//1711
f 1562//1562 1712//1712 1713//1713
f 1712//1712 1472//1472 1471//1471
f 1471//1471 1470//1470 1713//1713
f 1712//1712 1471//1471 1713//1713
f 1714//1714 1465//1465 1464//1464
f 1714//1714 1464//1464 1577//1577
f 1715//1715 1562//1562 1713//1713
f 1713//1713 1470//1470 1584//1584
f 1715//1715 1713//1713 1584//1584
f 1571//1571 1501//1501 1631//1631
f 1631//1631 1474//1474 1716//1716
f 1571//1571 1631//1631 1716//1716
f 1579//1579 1505//1505 1489//1489
f 1670//1670 1717//1717 1718//1718
f 1717//1717 1571//1571 1716//1716
f 1716//1716 1474//1474 1718//1718
f 1717//1717 1716//1716 1718//1718
f 1719//1719 1512//1512 1632//1632
f 1632//1632 1484//1484 1671//1671
f 1719//1719 1632//1632 1671//1671
f 1673//1673 1577//1577 1464//1464
f 1675//1675 1579//1579 1489//1489
f 1680//1680 1519//1519 1493//1493
f 1683//1683 1584//1584 1720//1720
f 1584//1584 1470//1470 1720//1720
f 1610//1610 1721//1721 1502//1502
f 1721//1721 1504//1504 1502//1502
f 1507//1507 1506//1506 1612//1612
f 1508//1508 1507//1507 1612//1612
f 1614//1614 1510//1510 1509//1509
f 1615//1615 1516//1516 1515//1515
f 1617//1617 1518//1518 1517//1517
f 1621//1621 1722//1722 1619//1619
f 1722//1722 1525//1525 1524//1524
f 1524//1524 1523//1523 1619//1619
f 1722//1722 1524//1524 1619//1619
f 1691//1691 1531//1531 1530//1530
f 1530//1530 1529//1529 1691//1691
f 1540//1540 1539//1539 1624//1624
f 1543//1543 1542//1542 1626//1626
f 1544//1544 1543//1543 1626//1626
f 1628//1628 1547//1547 1627//1627
f 1547//1547 1546//1546 1627//1627
f 1723//1723 1551//1551 1550//1550
f 1550//1550 1549//1549 1630//1630
f 1723//1723 1550//1550 1630//1630
f 1465//1465 1694//1694 1466//1466
f 1694//1694 1610//1610 1609//1609
f 1694//1694 1609//1609 1466//1466
f 1475//1475 1614//1614 1473//1473
f 1615//1615 1476//1476 1466//1466
f 1467//1467 1617//1617 1478//1478
f 1616//1616 1477//1477 1478//1478
f 1617//1617 1616//1616 1478//1478
f 1473//1473 1621//1621 1620//1620
f 1620//1620 1479//1479 1473//1473
f 1486//1486 1696//1696 1483//1483
f 1696//1696 1691//1691 1724//1724
f 1724//1724 1481//1481 1483//1483
f 1696//1696 1724//1724 1483//1483
f 1622//1622 1487//1487 1476//1476
f 1491//1491 1624//1624 1490//1490
f 1624//1624 1488//1488 1490//1490
f 1626//1626 1492//1492 1494//1494
f 1477//1477 1628//1628 1495//1495
f 1630//1630 1496//1496 1498//1498
f 1504//1504 1475//1475 1503//1503
f 1475//1475 1501//1501 1503//1503
f 1508//1508 1491//1491 1505//1505
f 1510//1510 1699//1699 1511//1511
f 1699//1699 1498//1498 1511//1511
f 1516//1516 1700//1700 1514//1514
f 1700//1700 1486//1486 1633//1633
f 1633//1633 1512//1512 1514//1514
f 1700//1700 1633//1633 1514//1514
f 1518//1518 1494//1494 1519//1519
f 1525//1525 1701//1701 1522//1522
f 1701//1701 1638//1638 1637//1637
f 1637//1637 1520//1520 1522//1522
f 1701//1701 1637//1637 1522//1522
f 1531//1531 1703//1703 1528//1528
f 1703//1703 1643//1643 1642//1642
f 1642//1642 1526//1526 1528//1528
f 1703//1703 1642//1642 1528//1528
f 1535//1535 1646//1646 1534//1534
f 1647//1647 1532//1532 1534//1534
f 1646//1646 1647//1647 1534//1534
f 1540//1540 1652//1652 1651//1651
f 1651//1651 1536//1536 1538//1538
f 1540//1540 1651//1651 1538//1538
f 1544//1544 1707//1707 1541//1541
f 1707//1707 1654//1654 1541//1541
f 1547//1547 1658//1658 1545//1545
f 1551//1551 1710//1710 1552//1552
f 1710//1710 1663//1663 1662//1662
f 1710//1710 1662//1662 1552//1552
f 1472//1472 1712//1712 1553//1553
f 1712//1712 1562//1562 1553//1553
f 1465//1465 1714//1714 1556//1556
f 1714//1714 1577//1577 1556//1556
f 1562//1562 1715//1715 1559//1559
f 1715//1715 1584//1584 1557//1557
f 1715//1715 1557//1557 1559//1559
f 1501//1501 1571//1571 1564//1564
f 1664//1664 1563//1563 1564//1564
f 1571//1571 1664//1664 1564//1564
f 1505//1505 1579//1579 1591//1591
f 1511//1511 1667//1667 1666//1666
f 1666//1666 1565//1565 1511//1511
f 1571//1571 1717//1717 1568//1568
f 1717//1717 1670//1670 1669//1669
f 1669//1669 1566//1566 1568//1568
f 1717//1717 1669//1669 1568//1568
f 1512//1512 1719//1719 1574//1574
f 1671//1671 1572//1572 1574//1574
f 1719//1719 1671//1671 1574//1574
f 1577//1577 1673//1673 1575//1575
f 1579//1579 1675//1675 1580//1580
f 1519//1519 1680//1680 1679//1679
f 1679//1679 1581//1581 1519//1519
f 1584//1584 1683//1683 1682//1682
f 1682//1682 1582//1582 1584//1584
f 1504//1504 1721//1721 1553//1553
f 1721//1721 1610//1610 1553//1553
f 1508//1508 1612//1612 1686//1686
f 1686//1686 1556//1556 1508//1508
f 1510//1510 1614//1614 1587//1587
f 1614//1614 1557//1557 1587//1587
f 1516//1516 1615//1615 1589//1589
f 1615//1615 1563//1563 1589//1589
f 1518//1518 1617//1617 1591//1591
f 1525//1525 1722//1722 1593//1593
f 1722//1722 1621//1621 1688//1688
f 1688//1688 1565//1565 1593//1593
f 1722//1722 1688//1688 1593//1593
f 1531//1531 1691//1691 1597//1597
f 1690//1690 1566//1566 1597//1597
f 1691//1691 1690//1690 1597//1597
f 1535//1535 1622//1622 1601//1601
f 1622//1622 1572//1572 1601//1601
f 1540//1540 1624//1624 1575//1575
f 1544//1544 1626//1626 1580//1580
f 1547//1547 1628//1628 1693//1693
f 1693//1693 1581//1581 1547//1547
f 1551//1551 1723//1723 1606//1606
f 1630//1630 1582//1582 1606//1606
f 1723//1723 1630//1630 1606//1606
f 1725//1725 1726//1726 1727//1727
f 1728//1728 1729//1729 1730//1730
f 1729//1729 1731//1731 1732//1732
f 1732//1732 1733//1733 1730//1730
f 1729//1729 1732//1732 1730//1730
f 1734//1734 1735//1735 1736//1736
f 1735//1735 1737//1737 1736//1736
f 1725//1725 1738//1738 1726//1726
f 1728//1728 1739//1739 1729//1729
f 1739//1739 1740//1740 1741//1741
f 1741//1741 1731//1731 1729//1729
f 1739//1739 1741//1741 1729//1729
f 1734//1734 1742//1742 1735//1735
f 1743//1743 1744//1744 1745//1745
f 1744//1744 1746//1746 1747//1747
f 1744//1744 1747//1747 1745//1745
f 1725//1725 1748//1748 1738//1738
f 1749//1749 1750//1750 1751//1751
f 1752//1752 1753//1753 1754//1754
f 1728//1728 1755//1755 1739//1739
f 1755//1755 1756//1756 1757//1757
f 1757//1757 1740//1740 1739//1739
f 1755//1755 1757//1757 1739//1739
f 1758//1758 1759//1759 1760//1760
f 1761//1761 1762//1762 1763//1763
f 1762//1762 1764//1764 1765//1765
f 1765//1765 1766//1766 1763//1763
f 1762//1762 1765//1765 1763//1763
f 1767//1767 1768//1768 1769//1769
f 1768//1768 1770//1770 1769//1769
f 1771//1771 1772//1772 1773//1773
f 1774//1774 1775//1775 1776//1776
f 1777//1777 1778//1778 1779//1779
f 1777//1777 1779//1779 1780//1780
f 1781//1781 1782//1782 1783//1783
f 1782//1782 1784//1784 1783//1783
f 1785//1785 1786//1786 1787//1787
f 1786//1786 1788//1788 1789//1789
f 1789//1789 1790//1790 1787//1787
f 1786//1786 1789//1789 1787//1787
f 1791//1791 1792//1792 1793//1793
f 1794//1794 1795//1795 1796//1796
f 1795//1795 1797//1797 1798//1798
f 1795//1795 1798//1798 1796//1796
f 1799//1799 1800//1800 1801//1801
f 1802//1802 1803//1803 1804//1804
f 1805//1805 1806//1806 1807//1807
f 1806//1806 1808//1808 1807//1807
f 1809//1809 1810//1810 1811//1811
f 1811//1811 1733//1733 1812//1812
f 1809//1809 1811//1811 1812//1812
f 1812//1812 1813//1813 1727//1727
f 1814//1814 1815//1815 1816//1816
f 1761//1761 1817//1817 1762//1762
f 1817//1817 1764//1764 1762//1762
f 1771//1771 1818//1818 1819//1819
f 1819//1819 1772//1772 1771//1771
f 1820//1820 1821//1821 1822//1822
f 1821//1821 1823//1823 1822//1822
f 1776//1776 1824//1824 1774//1774
f 1825//1825 1826//1826 1827//1827
f 1828//1828 1829//1829 1830//1830
f 1780//1780 1831//1831 1777//1777
f 1832//1832 1778//1778 1777//1777
f 1831//1831 1832//1832 1777//1777
f 1833//1833 1834//1834 1835//1835
f 1835//1835 1836//1836 1833//1833
f 1810//1810 1766//1766 1814//1814
f 1813//1813 1770//1770 1827//1827
f 1833//1833 1815//1815 1773//1773
f 1820//1820 1817//1817 1775//1775
f 1837//1837 1779//1779 1830//1830
f 1838//1838 1839//1839 1783//1783
f 1839//1839 1818//1818 1783//1783
f 1821//1821 1790//1790 1840//1840
f 1841//1841 1824//1824 1793//1793
f 1825//1825 1796//1796 1842//1842
f 1843//1843 1828//1828 1801//1801
f 1844//1844 1845//1845 1807//1807
f 1845//1845 1834//1834 1807//1807
f 1726//1726 1761//1761 1846//1846
f 1731//1731 1847//1847 1848//1848
f 1847//1847 1767//1767 1848//1848
f 1735//1735 1771//1771 1849//1849
f 1776//1776 1850//1850 1738//1738
f 1740//1740 1851//1851 1852//1852
f 1851//1851 1780//1780 1852//1852
f 1853//1853 1781//1781 1854//1854
f 1853//1853 1854//1854 1742//1742
f 1791//1791 1855//1855 1748//1748
f 1750//1750 1794//1794 1856//1856
f 1799//1799 1857//1857 1753//1753
f 1756//1756 1858//1858 1859//1859
f 1858//1858 1802//1802 1860//1860
f 1858//1858 1860//1860 1859//1859
f 1759//1759 1805//1805 1861//1861
f 1861//1861 1862//1862 1759//1759
f 1764//1764 1863//1863 1864//1864
f 1863//1863 1734//1734 1736//1736
f 1736//1736 1737//1737 1864//1864
f 1863//1863 1736//1736 1864//1864
f 1768//1768 1865//1865 1751//1751
f 1865//1865 1749//1749 1751//1751
f 1772//1772 1866//1866 1760//1760
f 1866//1866 1758//1758 1760//1760
f 1774//1774 1743//1743 1745//1745
f 1778//1778 1752//1752 1754//1754
f 1784//1784 1867//1867 1868//1868
f 1869//1869 1870//1870 1868//1868
f 1867//1867 1869//1869 1868//1868
f 1788//1788 1871//1871 1872//1872
f 1792//1792 1873//1873 1874//1874
f 1874//1874 1875//1875 1792//1792
f 1797//1797 1876//1876 1877//1877
f 1800//1800 1878//1878 1879//1879
f 1878//1878 1880//1880 1881//1881
f 1881//1881 1882//1882 1879//1879
f 1878//1878 1881//1881 1879//1879
f 1803//1803 1883//1883 1884//1884
f 1808//1808 1885//1885 1886//1886
f 1810//1810 1814//1814 1816//1816
f 1827//1827 1826//1826 1813//1813
f 1815//1815 1833//1833 1887//1887
f 1833//1833 1836//1836 1887//1887
f 1822//1822 1823//1823 1817//1817
f 1820//1820 1822//1822 1817//1817
f 1818//1818 1839//1839 1888//1888
f 1839//1839 1838//1838 1889//1889
f 1889//1889 1890//1890 1888//1888
f 1839//1839 1889//1889 1888//1888
f 1840//1840 1891//1891 1821//1821
f 1824//1824 1841//1841 1892//1892
f 1892//1892 1893//1893 1824//1824
f 1825//1825 1842//1842 1894//1894
f 1828//1828 1843//1843 1895//1895
f 1831//1831 1896//1896 1897//1897
f 1845//1845 1844//1844 1898//1898
f 1898//1898 1899//1899 1834//1834
f 1845//1845 1898//1898 1834//1834
f 1810//1810 1809//1809 1846//1846
f 1809//1809 1812//1812 1846//1846
f 1813//1813 1812//1812 1848//1848
f 1814//1814 1849//1849 1815//1815
f 1817//1817 1761//1761 1900//1900
f 1900//1900 1850//1850 1817//1817
f 1837//1837 1767//1767 1852//1852
f 1818//1818 1771//1771 1854//1854
f 1821//1821 1820//1820 1901//1901
f 1901//1901 1902//1902 1821//1821
f 1825//1825 1827//1827 1856//1856
f 1830//1830 1857//1857 1828//1828
f 1831//1831 1780//1780 1903//1903
f 1831//1831 1903//1903 1859//1859
f 1833//1833 1862//1862 1834//1834
f 1846//1846 1812//1812 1727//1727
f 1733//1733 1848//1848 1812//1812
f 1737//1737 1849//1849 1814//1814
f 1726//1726 1850//1850 1900//1900
f 1900//1900 1761//1761 1726//1726
f 1731//1731 1852//1852 1847//1847
f 1852//1852 1767//1767 1847//1847
f 1735//1735 1854//1854 1771//1771
f 1745//1745 1902//1902 1901//1901
f 1901//1901 1820//1820 1745//1745
f 1738//1738 1855//1855 1776//1776
f 1751//1751 1856//1856 1827//1827
f 1754//1754 1857//1857 1830//1830
f 1740//1740 1859//1859 1851//1851
f 1903//1903 1780//1780 1851//1851
f 1859//1859 1903//1903 1851//1851
f 1862//1862 1833//1833 1760//1760
f 1766//1766 1904//1904 1814//1814
f 1904//1904 1737//1737 1814//1814
f 1770//1770 1751//1751 1827//1827
f 1760//1760 1833//1833 1773//1773
f 1745//1745 1820//1820 1775//1775
f 1779//1779 1754//1754 1830//1830
f 1783//1783 1870//1870 1905//1905
f 1905//1905 1838//1838 1783//1783
f 1790//1790 1872//1872 1840//1840
f 1793//1793 1875//1875 1906//1906
f 1906//1906 1841//1841 1793//1793
f 1796//1796 1877//1877 1842//1842
f 1801//1801 1882//1882 1907//1907
f 1907//1907 1843//1843 1801//1801
f 1908//1908 1896//1896 1804//1804
f 1884//1884 1908//1908 1804//1804
f 1886//1886 1844//1844 1807//1807
f 1733//1733 1816//1816 1730//1730
f 1816//1816 1728//1728 1730//1730
f 1727//1727 1826//1826 1725//1725
f 1836//1836 1728//1728 1816//1816
f 1764//1764 1909//1909 1863//1863
f 1823//1823 1734//1734 1863//1863
f 1909//1909 1823//1823 1863//1863
f 1768//1768 1910//1910 1865//1865
f 1829//1829 1749//1749 1865//1865
f 1910//1910 1829//1829 1865//1865
f 1891//1891 1734//1734 1823//1823
f 1893//1893 1743//1743 1774//1774
f 1826//1826 1894//1894 1725//1725
f 1895//1895 1749//1749 1829//1829
f 1778//1778 1911//1911 1752//1752
f 1911//1911 1897//1897 1752//1752
f 1912//1912 1899//1899 1913//1913
f 1913//1913 1728//1728 1836//1836
f 1912//1912 1913//1913 1836//1836
f 1766//1766 1846//1846 1763//1763
f 1846//1846 1761//1761 1763//1763
f 1848//1848 1767//1767 1769//1769
f 1770//1770 1848//1848 1769//1769
f 1849//1849 1771//1771 1773//1773
f 1775//1775 1850//1850 1776//1776
f 1779//1779 1852//1852 1780//1780
f 1854//1854 1781//1781 1783//1783
f 1790//1790 1902//1902 1787//1787
f 1914//1914 1785//1785 1787//1787
f 1902//1902 1914//1914 1787//1787
f 1856//1856 1794//1794 1796//1796
f 1801//1801 1857//1857 1799//1799
f 1860//1860 1802//1802 1804//1804
f 1859//1859 1860//1860 1804//1804
f 1915//1915 1862//1862 1861//1861
f 1861//1861 1805//1805 1807//1807
f 1915//1915 1861//1861 1807//1807
f 1846//1846 1727//1727 1726//1726
f 1849//1849 1737//1737 1735//1735
f 1850//1850 1726//1726 1738//1738
f 1852//1852 1731//1731 1741//1741
f 1741//1741 1740//1740 1852//1852
f 1854//1854 1735//1735 1742//1742
f 1747//1747 1746//1746 1902//1902
f 1745//1745 1747//1747 1902//1902
f 1855//1855 1738//1738 1748//1748
f 1856//1856 1751//1751 1750//1750
f 1857//1857 1754//1754 1753//1753
f 1859//1859 1740//1740 1757//1757
f 1757//1757 1756//1756 1859//1859
f 1862//1862 1760//1760 1759//1759
f 1737//1737 1904//1904 1864//1864
f 1904//1904 1766//1766 1765//1765
f 1765//1765 1764//1764 1864//1864
f 1904//1904 1765//1765 1864//1864
f 1751//1751 1770//1770 1768//1768
f 1773//1773 1772//1772 1760//1760
f 1745//1745 1775//1775 1774//1774
f 1779//1779 1778//1778 1754//1754
f 1870//1870 1783//1783 1868//1868
f 1783//1783 1784//1784 1868//1868
f 1872//1872 1790//1790 1789//1789
f 1789//1789 1788//1788 1872//1872
f 1875//1875 1793//1793 1792//1792
f 1798//1798 1797//1797 1877//1877
f 1796//1796 1798//1798 1877//1877
f 1882//1882 1801//1801 1879//1879
f 1801//1801 1800//1800 1879//1879
f 1804//1804 1803//1803 1884//1884
f 1807//1807 1808//1808 1886//1886
f 1816//1816 1733//1733 1811//1811
f 1811//1811 1810//1810 1816//1816
f 1826//1826 1727//1727 1813//1813
f 1836//1836 1816//1816 1887//1887
f 1816//1816 1815//1815 1887//1887
f 1823//1823 1909//1909 1817//1817
f 1909//1909 1764//1764 1817//1817
f 1829//1829 1910//1910 1837//1837
f 1910//1910 1768//1768 1837//1837
f 1890//1890 1772//1772 1888//1888
f 1819//1819 1818//1818 1888//1888
f 1772//1772 1819//1819 1888//1888
f 1891//1891 1823//1823 1821//1821
f 1893//1893 1774//1774 1824//1824
f 1826//1826 1825//1825 1894//1894
f 1895//1895 1829//1829 1828//1828
f 1911//1911 1778//1778 1832//1832
f 1832//1832 1831//1831 1897//1897
f 1911//1911 1832//1832 1897//1897
f 1899//1899 1912//1912 1834//1834
f 1912//1912 1836//1836 1835//1835
f 1912//1912 1835//1835 1834//1834
f 1846//1846 1766//1766 1810//1810
f 1770//1770 1813//1813 1848//1848
f 1849//1849 1773//1773 1815//1815
f 1850//1850 1775//1775 1817//1817
f 1852//1852 1779//1779 1837//1837
f 1783//1783 1818//1818 1854//1854
f 1902//1902 1790//1790 1821//1821
f 1855//1855 1793//1793 1916//1916
f 1793//1793 1824//1824 1916//1916
f 1796//1796 1825//1825 1856//1856
f 1857//1857 1801//1801 1828//1828
f 1859//1859 1804//1804 1831//1831
f 1862//1862 1915//1915 1834//1834
f 1915//1915 1807//1807 1834//1834
f 1917//1917 1918//1918 1919//1919
f 1920//1920 1921//1921 1922//1922
f 1923//1923 1924//1924 1925//1925
f 1926//1926 1927//1927 1928//1928
f 1929//1929 1930//1930 1931//1931
f 1931//1931 1932//1932 1933//1933
f 1929//1929 1931//1931 1933//1933
f 1934//1934 1935//1935 1936//1936
f 1935//1935 1937//1937 1936//1936
f 1938//1938 1939//1939 1940//1940
f 1939//1939 1941//1941 1940//1940
f 1942//1942 1943//1943 1944//1944
f 1945//1945 1946//1946 1947//1947
f 1948//1948 1949//1949 1950//1950
f 1951//1951 1952//1952 1953//1953
f 1954//1954 1955//1955 1956//1956
f 1957//1957 1958//1958 1918//1918
f 1959//1959 1960//1960 1922//1922
f 1961//1961 1962//1962 1963//1963
f 1962//1962 1924//1924 1963//1963
f 1964//1964 1927//1927 1965//1965
f 1966//1966 1967//1967 1932//1932
f 1967//1967 1968//1968 1969//1969
f 1967//1967 1969//1969 1932//1932
f 1970//1970 1937//1937 1971//1971
f 1972//1972 1973//1973 1940//1940
f 1974//1974 1943//1943 1962//1962
f 1975//1975 1946//1946 1970//1970
f 1976//1976 1950//1950 1958//1958
f 1977//1977 1953//1953 1964//1964
f 1978//1978 1955//1955 1976//1976
f 1917//1917 1979//1979 1980//1980
f 1981//1981 1921//1921 1982//1982
f 1983//1983 1923//1923 1984//1984
f 1985//1985 1926//1926 1986//1986
f 1926//1926 1987//1987 1986//1986
f 1988//1988 1930//1930 1989//1989
f 1989//1989 1990//1990 1988//1988
f 1991//1991 1935//1935 1992//1992
f 1935//1935 1993//1993 1992//1992
f 1994//1994 1995//1995 1996//1996
f 1995//1995 1941//1941 1997//1997
f 1997//1997 1998//1998 1996//1996
f 1995//1995 1997//1997 1996//1996
f 1942//1942 1960//1960 1999//1999
f 2000//2000 1945//1945 2001//2001
f 2002//2002 1968//1968 2001//2001
f 1945//1945 2002//2002 2001//2001
f 2003//2003 2004//2004 1973//1973
f 2004//2004 1949//1949 1973//1973
f 1952//1952 1974//1974 2005//2005
f 2006//2006 1954//1954 1975//1975
f 2003//2003 2007//2007 2008//2008
f 1919//1919 2003//2003 2008//2008
f 1920//1920 2009//2009 2010//2010
f 2009//2009 2011//2011 2012//2012
f 2009//2009 2012//2012 2010//2010
f 1999//1999 2013//2013 2014//2014
f 1925//1925 1999//1999 2014//2014
f 2005//2005 2015//2015 1928//1928
f 1933//1933 2016//2016 2017//2017
f 2017//2017 2018//2018 1933//1933
f 1934//1934 2019//2019 2020//2020
f 2019//2019 2000//2000 2021//2021
f 2021//2021 2022//2022 2020//2020
f 2019//2019 2021//2021 2020//2020
f 1938//1938 2023//2023 2024//2024
f 2023//2023 2025//2025 2024//2024
f 1944//1944 2026//2026 2027//2027
f 2027//2027 2011//2011 2028//2028
f 1944//1944 2027//2027 2028//2028
f 1947//1947 2029//2029 2030//2030
f 2030//2030 2016//2016 1947//1947
f 1948//1948 2006//2006 2023//2023
f 1951//1951 2031//2031 2032//2032
f 1978//1978 2026//2026 2032//2032
f 2031//2031 1978//1978 2032//2032
f 1977//1977 2029//2029 1956//1956
f 1919//1919 2033//2033 1917//1917
f 1921//1921 1920//1920 2034//2034
f 2034//2034 2035//2035 1921//1921
f 1923//1923 1925//1925 2036//2036
f 1928//1928 2037//2037 1926//1926
f 1930//1930 1929//1929 2038//2038
f 1933//1933 2039//2039 2038//2038
f 1929//1929 1933//1933 2038//2038
f 1935//1935 1934//1934 2040//2040
f 2040//2040 2041//2041 1935//1935
f 1941//1941 1939//1939 2042//2042
f 1939//1939 1938//1938 2043//2043
f 2043//2043 2044//2044 2042//2042
f 1939//1939 2043//2043 2042//2042
f 1944//1944 2045//2045 2046//2046
f 1942//1942 1944//1944 2046//2046
f 1945//1945 1947//1947 2047//2047
f 1947//1947 2048//2048 2047//2047
f 1949//1949 1948//1948 2049//2049
f 1948//1948 2050//2050 2049//2049
f 1952//1952 1951//1951 2051//2051
f 1956//1956 2052//2052 1954//1954
f 1958//1958 1957//1957 2053//2053
f 1960//1960 1959//1959 2054//2054
f 1962//1962 1961//1961 2055//2055
f 1965//1965 2056//2056 1964//1964
f 1968//1968 1967//1967 2057//2057
f 1967//1967 1966//1966 2057//2057
f 1971//1971 2058//2058 1970//1970
f 1973//1973 1972//1972 2059//2059
f 2059//2059 2060//2060 1973//1973
f 1974//1974 1962//1962 2055//2055
f 1970//1970 2058//2058 1975//1975
f 1958//1958 2053//2053 1976//1976
f 1977//1977 1964//1964 2056//2056
f 1978//1978 1976//1976 2053//2053
f 1917//1917 1980//1980 2061//2061
f 2061//2061 2062//2062 1917//1917
f 1921//1921 1981//1981 2063//2063
f 2063//2063 2064//2064 1921//1921
f 2065//2065 2066//2066 1923//1923
f 1983//1983 2065//2065 1923//1923
f 1926//1926 1985//1985 2067//2067
f 1930//1930 1988//1988 2068//2068
f 1935//1935 1991//1991 2069//2069
f 2069//2069 2070//2070 1935//1935
f 1941//1941 1995//1995 2071//2071
f 1995//1995 1994//1994 2072//2072
f 2072//2072 2073//2073 2071//2071
f 1995//1995 2072//2072 2071//2071
f 1942//1942 1999//1999 2074//2074
f 1945//1945 2000//2000 2075//2075
f 1949//1949 2004//2004 2076//2076
f 2004//2004 2003//2003 2076//2076
f 2005//2005 2077//2077 1952//1952
f 1954//1954 2006//2006 2078//2078
f 2003//2003 1919//1919 2076//2076
f 2011//2011 2009//2009 2079//2079
f 2009//2009 1920//1920 2080//2080
f 2080//2080 2045//2045 2079//2079
f 2009//2009 2080//2080 2079//2079
f 1999//1999 1925//1925 2074//2074
f 1928//1928 2077//2077 2005//2005
f 2016//2016 1933//1933 2081//2081
f 1933//1933 2048//2048 2081//2081
f 2000//2000 2019//2019 2075//2075
f 2019//2019 1934//1934 2075//2075
f 2023//2023 1938//1938 2082//2082
f 2082//2082 2050//2050 2023//2023
f 2026//2026 1944//1944 2051//2051
f 2029//2029 1947//1947 2083//2083
f 1947//1947 2052//2052 2083//2083
f 2006//2006 1948//1948 2078//2078
f 1978//1978 2031//2031 2084//2084
f 2031//2031 1951//1951 2084//2084
f 1956//1956 2084//2084 1977//1977
f 1918//1918 2076//2076 1919//1919
f 1922//1922 2045//2045 2080//2080
f 2080//2080 1920//1920 1922//1922
f 1924//1924 2074//2074 1925//1925
f 1927//1927 2085//2085 1928//1928
f 2085//2085 2077//2077 1928//1928
f 1932//1932 2086//2086 1933//1933
f 2086//2086 2048//2048 1933//1933
f 1937//1937 2087//2087 1936//1936
f 2075//2075 1934//1934 1936//1936
f 2087//2087 2075//2075 1936//1936
f 1940//1940 2050//2050 2082//2082
f 2082//2082 1938//1938 1940//1940
f 1943//1943 2051//2051 1944//1944
f 1946//1946 2088//2088 1947//1947
f 2088//2088 2052//2052 1947//1947
f 1950//1950 2078//2078 1948//1948
f 2084//2084 1951//1951 1953//1953
f 1955//1955 2084//2084 1956//1956
f 2062//2062 1957//1957 1918//1918
f 1922//1922 2064//2064 2089//2089
f 2089//2089 1959//1959 1922//1922
f 2066//2066 1961//1961 1963//1963
f 1924//1924 2066//2066 1963//1963
f 1927//1927 2067//2067 1965//1965
f 2068//2068 1966//1966 1932//1932
f 1937//1937 2090//2090 1971//1971
f 2090//2090 2070//2070 1971//1971
f 1940//1940 2073//2073 2091//2091
f 2091//2091 1972//1972 1940//1940
f 1943//1943 2074//2074 1962//1962
f 1946//1946 2075//2075 1970//1970
f 1950//1950 2076//2076 1958//1958
f 1953//1953 2077//2077 1964//1964
f 1955//1955 2078//2078 1976//1976
f 1979//1979 2092//2092 1980//1980
f 1982//1982 2093//2093 2094//2094
f 2094//2094 1981//1981 1982//1982
f 1984//1984 2095//2095 1983//1983
f 1987//1987 2096//2096 1986//1986
f 2096//2096 2097//2097 2098//2098
f 2098//2098 1985//1985 1986//1986
f 2096//2096 2098//2098 1986//1986
f 1990//1990 2099//2099 1988//1988
f 2099//2099 2100//2100 1988//1988
f 1993//1993 2101//2101 1992//1992
f 2101//2101 2102//2102 2103//2103
f 2103//2103 1991//1991 1992//1992
f 2101//2101 2103//2103 1992//1992
f 1998//1998 2104//2104 1996//1996
f 2104//2104 2105//2105 2106//2106
f 2106//2106 1994//1994 1996//1996
f 2104//2104 2106//2106 1996//1996
f 1960//1960 2054//2054 1999//1999
f 1968//1968 2057//2057 2001//2001
f 2057//2057 2000//2000 2001//2001
f 1973//1973 2060//2060 2003//2003
f 1974//1974 2055//2055 2005//2005
f 1975//1975 2058//2058 2107//2107
f 2107//2107 2006//2006 1975//1975
f 2007//2007 2033//2033 2008//2008
f 2033//2033 1919//1919 2008//2008
f 2108//2108 2035//2035 2034//2034
f 2034//2034 1920//1920 2010//2010
f 2108//2108 2034//2034 2010//2010
f 2013//2013 2036//2036 2014//2014
f 2036//2036 1925//1925 2014//2014
f 2015//2015 2037//2037 1928//1928
f 2018//2018 2039//2039 1933//1933
f 2022//2022 2109//2109 2020//2020
f 2109//2109 2041//2041 2040//2040
f 2040//2040 1934//1934 2020//2020
f 2109//2109 2040//2040 2020//2020
f 2025//2025 2110//2110 2024//2024
f 2110//2110 2044//2044 2043//2043
f 2043//2043 1938//1938 2024//2024
f 2110//2110 2043//2043 2024//2024
f 2011//2011 2079//2079 2028//2028
f 2079//2079 2045//2045 1944//1944
f 2079//2079 1944//1944 2028//2028
f 2016//2016 2081//2081 1947//1947
f 2081//2081 2048//2048 1947//1947
f 2023//2023 2050//2050 1948//1948
f 2026//2026 2051//2051 2032//2032
f 2051//2051 1951//1951 2032//2032
f 2029//2029 2083//2083 1956//1956
f 2083//2083 2052//2052 1956//1956
f 2062//2062 1918//1918 1917//1917
f 2064//2064 1922//1922 1921//1921
f 2066//2066 1924//1924 1923//1923
f 2067//2067 1927//1927 1926//1926
f 2068//2068 1932//1932 1931//1931
f 1931//1931 1930//1930 2068//2068
f 2070//2070 2090//2090 1935//1935
f 2090//2090 1937//1937 1935//1935
f 2073//2073 1940//1940 2071//2071
f 1940//1940 1941//1941 2071//2071
f 2074//2074 1943//1943 1942//1942
f 2075//2075 1946//1946 1945//1945
f 1950//1950 1949//1949 2076//2076
f 2077//2077 1953//1953 1952//1952
f 2078//2078 1955//1955 1954//1954
f 2076//2076 1918//1918 1958//1958
f 2045//2045 1922//1922 1960//1960
f 1924//1924 1962//1962 2074//2074
f 2077//2077 2085//2085 1964//1964
f 2085//2085 1927//1927 1964//1964
f 2048//2048 2086//2086 2111//2111
f 2086//2086 1932//1932 1969//1969
f 1969//1969 1968//1968 2111//2111
f 2086//2086 1969//1969 2111//2111
f 2075//2075 2087//2087 1970//1970
f 2087//2087 1937//1937 1970//1970
f 2050//2050 1940//1940 1973//1973
f 2051//2051 1943//1943 1974//1974
f 2052//2052 2088//2088 1975//1975
f 2088//2088 1946//1946 1975//1975
f 2078//2078 1950//1950 1976//1976
f 2084//2084 1953//1953 1977//1977
f 2084//2084 1955//1955 1978//1978
f 2033//2033 1979//1979 1917//1917
f 2035//2035 1982//1982 1921//1921
f 1984//1984 1923//1923 2036//2036
f 2037//2037 1987//1987 1926//1926
f 2039//2039 2112//2112 2038//2038
f 2112//2112 1990//1990 1989//1989
f 1989//1989 1930//1930 2038//2038
f 2112//2112 1989//1989 2038//2038
f 2041//2041 2113//2113 1935//1935
f 2113//2113 1993//1993 1935//1935
f 2044//2044 2114//2114 2042//2042
f 2114//2114 1998//1998 1997//1997
f 1997//1997 1941//1941 2042//2042
f 2114//2114 1997//1997 2042//2042
f 2045//2045 1960//1960 2046//2046
f 1960//1960 1942//1942 2046//2046
f 2048//2048 2111//2111 2047//2047
f 2111//2111 1968//1968 2002//2002
f 2002//2002 1945//1945 2047//2047
f 2111//2111 2002//2002 2047//2047
f 2050//2050 1973//1973 2049//2049
f 1973//1973 1949//1949 2049//2049
f 2051//2051 1974//1974 1952//1952
f 2052//2052 1975//1975 1954//1954
f 2060//2060 2115//2115 2003//2003
f 2115//2115 2007//2007 2003//2003
f 2053//2053 2010//2010 2012//2012
f 2012//2012 2011//2011 2053//2053
f 2054//2054 2013//2013 1999//1999
f 2055//2055 2015//2015 2005//2005
f 2017//2017 2016//2016 2056//2056
f 2018//2018 2017//2017 2056//2056
f 2057//2057 2022//2022 2021//2021
f 2021//2021 2000//2000 2057//2057
f 2058//2058 2116//2116 2023//2023
f 2116//2116 2025//2025 2023//2023
f 2053//2053 2011//2011 2027//2027
f 2027//2027 2026//2026 2053//2053
f 2056//2056 2016//2016 2030//2030
f 2030//2030 2029//2029 2056//2056
f 2058//2058 2023//2023 2107//2107
f 2023//2023 2006//2006 2107//2107
f 2053//2053 2026//2026 1978//1978
f 2056//2056 2029//2029 1977//1977
f 2117//2117 2118//2118 2119//2119
f 2119//2119 2120//2120 2117//2117
f 2121//2121 2122//2122 2123//2123
f 2122//2122 2124//2124 2125//2125
f 2125//2125 2126//2126 2123//2123
f 2122//2122 2125//2125 2123//2123
f 2127//2127 2128//2128 2129//2129
f 2130//2130 2131//2131 2132//2132
f 2131//2131 2133//2133 2134//2134
f 2134//2134 2135//2135 2132//2132
f 2131//2131 2134//2134 2132//2132
f 2136//2136 2137//2137 2138//2138
f 2138//2138 2139//2139 2140//2140
f 2136//2136 2138//2138 2140//2140
f 2141//2141 2142//2142 2143//2143
f 2142//2142 2144//2144 2145//2145
f 2145//2145 2146//2146 2143//2143
f 2142//2142 2145//2145 2143//2143
f 2147//2147 2148//2148 2149//2149
f 2148//2148 2150//2150 2151//2151
f 2151//2151 2152//2152 2149//2149
f 2148//2148 2151//2151 2149//2149
f 2153//2153 2154//2154 2155//2155
f 2154//2154 2156//2156 2155//2155
f 2157//2157 2158//2158 2159//2159
f 2158//2158 2160//2160 2161//2161
f 2161//2161 2162//2162 2159//2159
f 2158//2158 2161//2161 2159//2159
f 2163//2163 2164//2164 2165//2165
f 2164//2164 2166//2166 2167//2167
f 2167//2167 2168//2168 2165//2165
f 2164//2164 2167//2167 2165//2165
f 2169//2169 2170//2170 2171//2171
f 2170//2170 2172//2172 2173//2173
f 2173//2173 2174//2174 2171//2171
f 2170//2170 2173//2173 2171//2171
f 2175//2175 2176//2176 2120//2120
f 2176//2176 2177//2177 2120//2120
f 2178//2178 2179//2179 2180//2180
f 2179//2179 2126//2126 2180//2180
f 2181//2181 2182//2182 2128//2128
f 2183//2183 2184//2184 2185//2185
f 2184//2184 2135//2135 2185//2185
f 2186//2186 2187//2187 2188//2188
f 2187//2187 2189//2189 2190//2190
f 2190//2190 2139//2139 2188//2188
f 2187//2187 2190//2190 2188//2188
f 2191//2191 2192//2192 2193//2193
f 2192//2192 2194//2194 2195//2195
f 2195//2195 2146//2146 2193//2193
f 2192//2192 2195//2195 2193//2193
f 2196//2196 2197//2197 2198//2198
f 2197//2197 2199//2199 2200//2200
f 2200//2200 2152//2152 2198//2198
f 2197//2197 2200//2200 2198//2198
f 2182//2182 2201//2201 2155//2155
f 2194//2194 2202//2202 2203//2203
f 2202//2202 2204//2204 2205//2205
f 2205//2205 2162//2162 2203//2203
f 2202//2202 2205//2205 2203//2203
f 2177//2177 2206//2206 2207//2207
f 2206//2206 2208//2208 2209//2209
f 2209//2209 2210//2210 2207//2207
f 2206//2206 2209//2209 2207//2207
f 2184//2184 2211//2211 2212//2212
f 2212//2212 2168//2168 2213//2213
f 2184//2184 2212//2212 2213//2213
f 2208//2208 2214//2214 2215//2215
f 2214//2214 2216//2216 2217//2217
f 2217//2217 2174//2174 2215//2215
f 2214//2214 2217//2217 2215//2215
f 2218//2218 2118//2118 2219//2219
f 2220//2220 2221//2221 2219//2219
f 2118//2118 2220//2220 2219//2219
f 2222//2222 2223//2223 2224//2224
f 2223//2223 2124//2124 2225//2225
f 2225//2225 2226//2226 2224//2224
f 2223//2223 2225//2225 2224//2224
f 2227//2227 2127//2127 2228//2228
f 2127//2127 2229//2229 2228//2228
f 2230//2230 2231//2231 2232//2232
f 2231//2231 2133//2133 2233//2233
f 2233//2233 2234//2234 2232//2232
f 2231//2231 2233//2233 2232//2232
f 2235//2235 2137//2137 2236//2236
f 2236//2236 2237//2237 2235//2235
f 2238//2238 2239//2239 2240//2240
f 2239//2239 2144//2144 2241//2241
f 2241//2241 2242//2242 2240//2240
f 2239//2239 2241//2241 2240//2240
f 2243//2243 2244//2244 2245//2245
f 2244//2244 2150//2150 2246//2246
f 2246//2246 2247//2247 2245//2245
f 2244//2244 2246//2246 2245//2245
f 2248//2248 2156//2156 2179//2179
f 2249//2249 2250//2250 2251//2251
f 2250//2250 2160//2160 2252//2252
f 2252//2252 2189//2189 2251//2251
f 2250//2250 2252//2252 2251//2251
f 2253//2253 2254//2254 2255//2255
f 2254//2254 2199//2199 2255//2255
f 2256//2256 2257//2257 2258//2258
f 2257//2257 2166//2166 2201//2201
f 2257//2257 2201//2201 2258//2258
f 2259//2259 2260//2260 2261//2261
f 2260//2260 2172//2172 2262//2262
f 2262//2262 2204//2204 2261//2261
f 2260//2260 2262//2262 2261//2261
f 2117//2117 2253//2253 2263//2263
f 2263//2263 2264//2264 2117//2117
f 2121//2121 2265//2265 2266//2266
f 2265//2265 2267//2267 2268//2268
f 2268//2268 2269//2269 2266//2266
f 2265//2265 2268//2268 2266//2266
f 2129//2129 2248//2248 2270//2270
f 2270//2270 2271//2271 2129//2129
f 2272//2272 2256//2256 2273//2273
f 2273//2273 2274//2274 2130//2130
f 2272//2272 2273//2273 2130//2130
f 2140//2140 2275//2275 2276//2276
f 2141//2141 2277//2277 2278//2278
f 2277//2277 2249//2249 2279//2279
f 2279//2279 2280//2280 2278//2278
f 2277//2277 2279//2279 2278//2278
f 2147//2147 2281//2281 2282//2282
f 2281//2281 2283//2283 2284//2284
f 2284//2284 2285//2285 2282//2282
f 2281//2281 2284//2284 2282//2282
f 2153//2153 2286//2286 2287//2287
f 2286//2286 2288//2288 2289//2289
f 2289//2289 2267//2267 2287//2287
f 2286//2286 2289//2289 2287//2287
f 2157//2157 2290//2290 2275//2275
f 2290//2290 2291//2291 2275//2275
f 2292//2292 2259//2259 2283//2283
f 2163//2163 2293//2293 2294//2294
f 2293//2293 2216//2216 2295//2295
f 2295//2295 2288//2288 2294//2294
f 2293//2293 2295//2295 2294//2294
f 2169//2169 2296//2296 2297//2297
f 2296//2296 2211//2211 2298//2298
f 2298//2298 2291//2291 2297//2297
f 2296//2296 2298//2298 2297//2297
f 2117//2117 2299//2299 2118//2118
f 2124//2124 2122//2122 2300//2300
f 2122//2122 2121//2121 2301//2301
f 2301//2301 2302//2302 2300//2300
f 2122//2122 2301//2301 2300//2300
f 2129//2129 2303//2303 2127//2127
f 2133//2133 2131//2131 2304//2304
f 2131//2131 2130//2130 2305//2305
f 2305//2305 2306//2306 2304//2304
f 2131//2131 2305//2305 2304//2304
f 2137//2137 2136//2136 2307//2307
f 2136//2136 2140//2140 2307//2307
f 2144//2144 2142//2142 2308//2308
f 2142//2142 2141//2141 2309//2309
f 2309//2309 2310//2310 2308//2308
f 2142//2142 2309//2309 2308//2308
f 2156//2156 2154//2154 2311//2311
f 2154//2154 2153//2153 2312//2312
f 2312//2312 2313//2313 2311//2311
f 2154//2154 2312//2312 2311//2311
f 2160//2160 2158//2158 2314//2314
f 2158//2158 2157//2157 2315//2315
f 2315//2315 2316//2316 2314//2314
f 2158//2158 2315//2315 2314//2314
f 2254//2254 2292//2292 2317//2317
f 2292//2292 2318//2318 2317//2317
f 2166//2166 2164//2164 2319//2319
f 2164//2164 2163//2163 2320//2320
f 2320//2320 2321//2321 2319//2319
f 2164//2164 2320//2320 2319//2319
f 2172//2172 2170//2170 2322//2322
f 2170//2170 2169//2169 2323//2323
f 2323//2323 2324//2324 2322//2322
f 2170//2170 2323//2323 2322//2322
f 2177//2177 2176//2176 2325//2325
f 2176//2176 2175//2175 2326//2326
f 2326//2326 2327//2327 2325//2325
f 2176//2176 2326//2326 2325//2325
f 2179//2179 2178//2178 2328//2328
f 2182//2182 2181//2181 2329//2329
f 2329//2329 2330//2330 2182//2182
f 2184//2184 2183//2183 2331//2331
f 2331//2331 2332//2332 2184//2184
f 2189//2189 2187//2187 2333//2333
f 2187//2187 2186//2186 2334//2334
f 2334//2334 2335//2335 2333//2333
f 2187//2187 2334//2334 2333//2333
f 2194//2194 2192//2192 2336//2336
f 2192//2192 2191//2191 2337//2337
f 2337//2337 2338//2338 2336//2336
f 2192//2192 2337//2337 2336//2336
f 2199//2199 2197//2197 2339//2339
f 2197//2197 2196//2196 2340//2340
f 2340//2340 2341//2341 2339//2339
f 2197//2197 2340//2340 2339//2339
f 2201//2201 2182//2182 2342//2342
f 2182//2182 2330//2330 2342//2342
f 2204//2204 2202//2202 2343//2343
f 2202//2202 2194//2194 2336//2336
f 2336//2336 2338//2338 2343//2343
f 2202//2202 2336//2336 2343//2343
f 2208//2208 2206//2206 2344//2344
f 2206//2206 2177//2177 2325//2325
f 2325//2325 2327//2327 2344//2344
f 2206//2206 2325//2325 2344//2344
f 2211//2211 2184//2184 2345//2345
f 2184//2184 2332//2332 2345//2345
f 2216//2216 2214//2214 2346//2346
f 2214//2214 2208//2208 2344//2344
f 2344//2344 2327//2327 2346//2346
f 2214//2214 2344//2344 2346//2346
f 2118//2118 2218//2218 2347//2347
f 2118//2118 2347//2347 2348//2348
f 2124//2124 2223//2223 2349//2349
f 2223//2223 2222//2222 2350//2350
f 2350//2350 2351//2351 2349//2349
f 2223//2223 2350//2350 2349//2349
f 2127//2127 2227//2227 2352//2352
f 2352//2352 2353//2353 2127//2127
f 2133//2133 2231//2231 2354//2354
f 2231//2231 2230//2230 2355//2355
f 2355//2355 2356//2356 2354//2354
f 2231//2231 2355//2355 2354//2354
f 2137//2137 2235//2235 2357//2357
f 2235//2235 2358//2358 2357//2357
f 2144//2144 2239//2239 2359//2359
f 2239//2239 2238//2238 2360//2360
f 2360//2360 2361//2361 2359//2359
f 2239//2239 2360//2360 2359//2359
f 2150//2150 2244//2244 2362//2362
f 2244//2244 2243//2243 2363//2363
f 2363//2363 2364//2364 2362//2362
f 2244//2244 2363//2363 2362//2362
f 2156//2156 2248//2248 2365//2365
f 2160//2160 2250//2250 2366//2366
f 2250//2250 2249//2249 2367//2367
f 2367//2367 2368//2368 2366//2366
f 2250//2250 2367//2367 2366//2366
f 2254//2254 2253//2253 2369//2369
f 2369//2369 2370//2370 2371//2371
f 2254//2254 2369//2369 2371//2371
f 2166//2166 2257//2257 2372//2372
f 2257//2257 2256//2256 2372//2372
f 2172//2172 2260//2260 2373//2373
f 2260//2260 2259//2259 2374//2374
f 2374//2374 2375//2375 2373//2373
f 2260//2260 2374//2374 2373//2373
f 2253//2253 2117//2117 2369//2369
f 2117//2117 2370//2370 2369//2369
f 2267//2267 2265//2265 2376//2376
f 2265//2265 2121//2121 2377//2377
f 2377//2377 2313//2313 2376//2376
f 2265//2265 2377//2377 2376//2376
f 2248//2248 2129//2129 2365//2365
f 2256//2256 2272//2272 2372//2372
f 2272//2272 2130//2130 2372//2372
f 2378//2378 2316//2316 2275//2275
f 2140//2140 2378//2378 2275//2275
f 2249//2249 2277//2277 2367//2367
f 2277//2277 2141//2141 2379//2379
f 2379//2379 2368//2368 2367//2367
f 2277//2277 2379//2379 2367//2367
f 2283//2283 2281//2281 2380//2380
f 2281//2281 2147//2147 2381//2381
f 2381//2381 2318//2318 2380//2380
f 2281//2281 2381//2381 2380//2380
f 2288//2288 2286//2286 2382//2382
f 2153//2153 2321//2321 2382//2382
f 2286//2286 2153//2153 2382//2382
f 2291//2291 2290//2290 2383//2383
f 2290//2290 2157//2157 2384//2384
f 2384//2384 2324//2324 2383//2383
f 2290//2290 2384//2384 2383//2383
f 2259//2259 2292//2292 2374//2374
f 2292//2292 2375//2375 2374//2374
f 2216//2216 2293//2293 2385//2385
f 2293//2293 2163//2163 2386//2386
f 2386//2386 2387//2387 2385//2385
f 2293//2293 2386//2386 2385//2385
f 2211//2211 2296//2296 2388//2388
f 2296//2296 2169//2169 2389//2389
f 2389//2389 2387//2387 2388//2388
f 2296//2296 2389//2389 2388//2388
f 2120//2120 2390//2390 2117//2117
f 2390//2390 2370//2370 2117//2117
f 2126//2126 2391//2391 2123//2123
f 2391//2391 2313//2313 2377//2377
f 2377//2377 2121//2121 2123//2123
f 2391//2391 2377//2377 2123//2123
f 2128//2128 2365//2365 2129//2129
f 2135//2135 2392//2392 2132//2132
f 2392//2392 2372//2372 2130//2130
f 2392//2392 2130//2130 2132//2132
f 2139//2139 2393//2393 2140//2140
f 2393//2393 2316//2316 2378//2378
f 2393//2393 2378//2378 2140//2140
f 2152//2152 2394//2394 2149//2149
f 2394//2394 2318//2318 2381//2381
f 2381//2381 2147//2147 2149//2149
f 2394//2394 2381//2381 2149//2149
f 2155//2155 2321//2321 2153//2153
f 2162//2162 2395//2395 2159//2159
f 2395//2395 2324//2324 2384//2384
f 2384//2384 2157//2157 2159//2159
f 2395//2395 2384//2384 2159//2159
f 2210//2210 2396//2396 2292//2292
f 2396//2396 2375//2375 2292//2292
f 2168//2168 2397//2397 2165//2165
f 2397//2397 2387//2387 2386//2386
f 2386//2386 2163//2163 2165//2165
f 2397//2397 2386//2386 2165//2165
f 2174//2174 2398//2398 2171//2171
f 2398//2398 2387//2387 2389//2389
f 2389//2389 2169//2169 2171//2171
f 2398//2398 2389//2389 2171//2171
f 2348//2348 2175//2175 2120//2120
f 2126//2126 2399//2399 2180//2180
f 2399//2399 2351//2351 2400//2400
f 2400//2400 2178//2178 2180//2180
f 2399//2399 2400//2400 2180//2180
f 2128//2128 2353//2353 2401//2401
f 2401//2401 2181//2181 2128//2128
f 2135//2135 2402//2402 2185//2185
f 2402//2402 2356//2356 2403//2403
f 2403//2403 2183//2183 2185//2185
f 2402//2402 2403//2403 2185//2185
f 2139//2139 2404//2404 2188//2188
f 2404//2404 2358//2358 2405//2405
f 2405//2405 2186//2186 2188//2188
f 2404//2404 2405//2405 2188//2188
f 2146//2146 2406//2406 2193//2193
f 2406//2406 2361//2361 2407//2407
f 2407//2407 2191//2191 2193//2193
f 2406//2406 2407//2407 2193//2193
f 2152//2152 2408//2408 2198//2198
f 2408//2408 2364//2364 2409//2409
f 2409//2409 2196//2196 2198//2198
f 2408//2408 2409//2409 2198//2198
f 2155//2155 2365//2365 2182//2182
f 2162//2162 2410//2410 2203//2203
f 2410//2410 2368//2368 2411//2411
f 2411//2411 2194//2194 2203//2203
f 2410//2410 2411//2411 2203//2203
f 2210//2210 2412//2412 2207//2207
f 2412//2412 2370//2370 2413//2413
f 2413//2413 2177//2177 2207//2207
f 2412//2412 2413//2413 2207//2207
f 2168//2168 2372//2372 2213//2213
f 2372//2372 2184//2184 2213//2213
f 2174//2174 2414//2414 2215//2215
f 2414//2414 2375//2375 2415//2415
f 2415//2415 2208//2208 2215//2215
f 2414//2414 2415//2415 2215//2215
f 2221//2221 2416//2416 2219//2219
f 2416//2416 2417//2417 2418//2418
f 2418//2418 2218//2218 2219//2219
f 2416//2416 2418//2418 2219//2219
f 2226//2226 2419//2419 2224//2224
f 2419//2419 2420//2420 2421//2421
f 2421//2421 2222//2222 2224//2224
f 2419//2419 2421//2421 2224//2224
f 2234//2234 2422//2422 2232//2232
f 2422//2422 2423//2423 2424//2424
f 2424//2424 2230//2230 2232//2232
f 2422//2422 2424//2424 2232//2232
f 2237//2237 2425//2425 2235//2235
f 2425//2425 2426//2426 2235//2235
f 2242//2242 2427//2427 2240//2240
f 2427//2427 2428//2428 2429//2429
f 2429//2429 2238//2238 2240//2240
f 2427//2427 2429//2429 2240//2240
f 2247//2247 2430//2430 2245//2245
f 2430//2430 2431//2431 2432//2432
f 2432//2432 2243//2243 2245//2245
f 2430//2430 2432//2432 2245//2245
f 2328//2328 2248//2248 2179//2179
f 2189//2189 2333//2333 2251//2251
f 2333//2333 2335//2335 2433//2433
f 2433//2433 2249//2249 2251//2251
f 2333//2333 2433//2433 2251//2251
f 2199//2199 2339//2339 2255//2255
f 2339//2339 2341//2341 2434//2434
f 2434//2434 2253//2253 2255//2255
f 2339//2339 2434//2434 2255//2255
f 2201//2201 2342//2342 2258//2258
f 2342//2342 2330//2330 2435//2435
f 2435//2435 2256//2256 2258//2258
f 2342//2342 2435//2435 2258//2258
f 2204//2204 2343//2343 2261//2261
f 2343//2343 2338//2338 2436//2436
f 2436//2436 2259//2259 2261//2261
f 2343//2343 2436//2436 2261//2261
f 2264//2264 2437//2437 2117//2117
f 2437//2437 2299//2299 2117//2117
f 2269//2269 2438//2438 2266//2266
f 2438//2438 2302//2302 2301//2301
f 2301//2301 2121//2121 2266//2266
f 2438//2438 2301//2301 2266//2266
f 2271//2271 2303//2303 2129//2129
f 2274//2274 2306//2306 2305//2305
f 2274//2274 2305//2305 2130//2130
f 2307//2307 2140//2140 2276//2276
f 2280//2280 2439//2439 2278//2278
f 2439//2439 2310//2310 2309//2309
f 2309//2309 2141//2141 2278//2278
f 2439//2439 2309//2309 2278//2278
f 2285//2285 2440//2440 2282//2282
f 2440//2440 2441//2441 2442//2442
f 2442//2442 2147//2147 2282//2282
f 2440//2440 2442//2442 2282//2282
f 2267//2267 2376//2376 2287//2287
f 2376//2376 2313//2313 2312//2312
f 2312//2312 2153//2153 2287//2287
f 2376//2376 2312//2312 2287//2287
f 2275//2275 2316//2316 2315//2315
f 2315//2315 2157//2157 2275//2275
f 2283//2283 2380//2380 2292//2292
f 2380//2380 2318//2318 2292//2292
f 2288//2288 2382//2382 2294//2294
f 2382//2382 2321//2321 2320//2320
f 2320//2320 2163//2163 2294//2294
f 2382//2382 2320//2320 2294//2294
f 2291//2291 2383//2383 2297//2297
f 2383//2383 2324//2324 2323//2323
f 2323//2323 2169//2169 2297//2297
f 2383//2383 2323//2323 2297//2297
f 2348//2348 2120//2120 2119//2119
f 2119//2119 2118//2118 2348//2348
f 2353//2353 2128//2128 2127//2127
f 2356//2356 2402//2402 2354//2354
f 2402//2402 2135//2135 2134//2134
f 2134//2134 2133//2133 2354//2354
f 2402//2402 2134//2134 2354//2354
f 2358//2358 2404//2404 2357//2357
f 2404//2404 2139//2139 2138//2138
f 2138//2138 2137//2137 2357//2357
f 2404//2404 2138//2138 2357//2357
f 2361//2361 2406//2406 2359//2359
f 2406//2406 2146//2146 2145//2145
f 2145//2145 2144//2144 2359//2359
f 2406//2406 2145//2145 2359//2359
f 2364//2364 2408//2408 2362//2362
f 2408//2408 2152//2152 2151//2151
f 2151//2151 2150//2150 2362//2362
f 2408//2408 2151//2151 2362//2362
f 2155//2155 2156//2156 2365//2365
f 2368//2368 2410//2410 2366//2366
f 2410//2410 2162//2162 2161//2161
f 2161//2161 2160//2160 2366//2366
f 2410//2410 2161//2161 2366//2366
f 2370//2370 2412//2412 2371//2371
f 2412//2412 2210//2210 2443//2443
f 2443//2443 2254//2254 2371//2371
f 2412//2412 2443//2443 2371//2371
f 2372//2372 2168//2168 2167//2167
f 2167//2167 2166//2166 2372//2372
f 2375//2375 2414//2414 2373//2373
f 2414//2414 2174//2174 2173//2173
f 2173//2173 2172//2172 2373//2373
f 2414//2414 2173//2173 2373//2373
f 2370//2370 2390//2390 2413//2413
f 2120//2120 2177//2177 2413//2413
f 2390//2390 2120//2120 2413//2413
f 2313//2313 2391//2391 2179//2179
f 2391//2391 2126//2126 2179//2179
f 2365//2365 2128//2128 2182//2182
f 2372//2372 2392//2392 2184//2184
f 2392//2392 2135//2135 2184//2184
f 2316//2316 2393//2393 2444//2444
f 2393//2393 2139//2139 2190//2190
f 2190//2190 2189//2189 2444//2444
f 2393//2393 2190//2190 2444//2444
f 2368//2368 2445//2445 2411//2411
f 2445//2445 2146//2146 2195//2195
f 2195//2195 2194//2194 2411//2411
f 2445//2445 2195//2195 2411//2411
f 2321//2321 2155//2155 2201//2201
f 2324//2324 2395//2395 2446//2446
f 2395//2395 2162//2162 2205//2205
f 2205//2205 2204//2204 2446//2446
f 2395//2395 2205//2205 2446//2446
f 2375//2375 2396//2396 2415//2415
f 2396//2396 2210//2210 2209//2209
f 2209//2209 2208//2208 2415//2415
f 2396//2396 2209//2209 2415//2415
f 2387//2387 2397//2397 2388//2388
f 2397//2397 2168//2168 2212//2212
f 2212//2212 2211//2211 2388//2388
f 2397//2397 2212//2212 2388//2388
f 2387//2387 2398//2398 2385//2385
f 2398//2398 2174//2174 2217//2217
f 2217//2217 2216//2216 2385//2385
f 2398//2398 2217//2217 2385//2385
f 2299//2299 2447//2447 2118//2118
f 2447//2447 2221//2221 2220//2220
f 2447//2447 2220//2220 2118//2118
f 2302//2302 2448//2448 2300//2300
f 2448//2448 2226//2226 2225//2225
f 2225//2225 2124//2124 2300//2300
f 2448//2448 2225//2225 2300//2300
f 2303//2303 2229//2229 2127//2127
f 2306//2306 2449//2449 2304//2304
f 2449//2449 2234//2234 2233//2233
f 2233//2233 2133//2133 2304//2304
f 2449//2449 2233//2233 2304//2304
f 2307//2307 2237//2237 2236//2236
f 2236//2236 2137//2137 2307//2307
f 2310//2310 2450//2450 2308//2308
f 2450//2450 2242//2242 2241//2241
f 2241//2241 2144//2144 2308//2308
f 2450//2450 2241//2241 2308//2308
f 2441//2441 2451//2451 2452//2452
f 2451//2451 2247//2247 2246//2246
f 2246//2246 2150//2150 2452//2452
f 2451//2451 2246//2246 2452//2452
f 2313//2313 2179//2179 2311//2311
f 2179//2179 2156//2156 2311//2311
f 2316//2316 2444//2444 2314//2314
f 2444//2444 2189//2189 2252//2252
f 2252//2252 2160//2160 2314//2314
f 2444//2444 2252//2252 2314//2314
f 2318//2318 2453//2453 2317//2317
f 2453//2453 2199//2199 2254//2254
f 2453//2453 2254//2254 2317//2317
f 2321//2321 2201//2201 2319//2319
f 2201//2201 2166//2166 2319//2319
f 2324//2324 2446//2446 2322//2322
f 2446//2446 2204//2204 2262//2262
f 2262//2262 2172//2172 2322//2322
f 2446//2446 2262//2262 2322//2322
f 2341//2341 2454//2454 2434//2434
f 2454//2454 2264//2264 2263//2263
f 2263//2263 2253//2253 2434//2434
f 2454//2454 2263//2263 2434//2434
f 2327//2327 2455//2455 2456//2456
f 2455//2455 2269//2269 2268//2268
f 2268//2268 2267//2267 2456//2456
f 2455//2455 2268//2268 2456//2456
f 2270//2270 2248//2248 2328//2328
f 2271//2271 2270//2270 2328//2328
f 2330//2330 2457//2457 2435//2435
f 2457//2457 2274//2274 2273//2273
f 2273//2273 2256//2256 2435//2435
f 2457//2457 2273//2273 2435//2435
f 2332//2332 2458//2458 2275//2275
f 2458//2458 2276//2276 2275//2275
f 2335//2335 2459//2459 2433//2433
f 2459//2459 2280//2280 2279//2279
f 2279//2279 2249//2249 2433//2433
f 2459//2459 2279//2279 2433//2433
f 2338//2338 2460//2460 2461//2461
f 2460//2460 2285//2285 2284//2284
f 2284//2284 2283//2283 2461//2461
f 2460//2460 2284//2284 2461//2461
f 2327//2327 2456//2456 2462//2462
f 2456//2456 2267//2267 2289//2289
f 2289//2289 2288//2288 2462//2462
f 2456//2456 2289//2289 2462//2462
f 2332//2332 2275//2275 2463//2463
f 2275//2275 2291//2291 2463//2463
f 2338//2338 2461//2461 2436//2436
f 2283//2283 2259//2259 2436//2436
f 2461//2461 2283//2283 2436//2436
f 2327//2327 2462//2462 2346//2346
f 2462//2462 2288//2288 2295//2295
f 2295//2295 2216//2216 2346//2346
f 2462//2462 2295//2295 2346//2346
f 2332//2332 2463//2463 2345//2345
f 2463//2463 2291//2291 2298//2298
f 2298//2298 2211//2211 2345//2345
f 2463//2463 2298//2298 2345//2345
f 2464//2464 2465//2465 2466//2466
f 2465//2465 2467//2467 2466//2466
f 2468//2468 2469//2469 2470//2470
f 2469//2469 2471//2471 2470//2470
f 2472//2472 2473//2473 2474//2474
f 2474//2474 2475//2475 2472//2472
f 2476//2476 2477//2477 2478//2478
f 2479//2479 2480//2480 2481//2481
f 2482//2482 2483//2483 2484//2484
f 2483//2483 2485//2485 2486//2486
f 2486//2486 2487//2487 2484//2484
f 2483//2483 2486//2486 2484//2484
f 2488//2488 2489//2489 2490//2490
f 2489//2489 2491//2491 2492//2492
f 2492//2492 2493//2493 2490//2490
f 2489//2489 2492//2492 2490//2490
f 2494//2494 2495//2495 2496//2496
f 2495//2495 2497//2497 2498//2498
f 2495//2495 2498//2498 2496//2496
f 2499//2499 2500//2500 2501//2501
f 2499//2499 2501//2501 2502//2502
f 2503//2503 2504//2504 2505//2505
f 2506//2506 2507//2507 2508//2508
f 2507//2507 2509//2509 2510//2510
f 2510//2510 2511//2511 2508//2508
f 2507//2507 2510//2510 2508//2508
f 2512//2512 2513//2513 2466//2466
f 2513//2513 2514//2514 2466//2466
f 2515//2515 2516//2516 2517//2517
f 2518//2518 2471//2471 2517//2517
f 2516//2516 2518//2518 2517//2517
f 2519//2519 2520//2520 2475//2475
f 2521//2521 2522//2522 2478//2478
f 2523//2523 2524//2524 2525//2525
f 2524//2524 2480//2480 2525//2525
f 2526//2526 2527//2527 2528//2528
f 2527//2527 2529//2529 2530//2530
f 2530//2530 2487//2487 2528//2528
f 2527//2527 2530//2530 2528//2528
f 2531//2531 2532//2532 2533//2533
f 2532//2532 2534//2534 2535//2535
f 2535//2535 2493//2493 2533//2533
f 2532//2532 2535//2535 2533//2533
f 2520//2520 2536//2536 2496//2496
f 2529//2529 2537//2537 2502//2502
f 2537//2537 2538//2538 2502//2502
f 2514//2514 2539//2539 2540//2540
f 2541//2541 2505//2505 2522//2522
f 2539//2539 2542//2542 2543//2543
f 2543//2543 2511//2511 2544//2544
f 2539//2539 2543//2543 2544//2544
f 2545//2545 2546//2546 2547//2547
f 2546//2546 2467//2467 2548//2548
f 2548//2548 2549//2549 2547//2547
f 2546//2546 2548//2548 2547//2547
f 2550//2550 2469//2469 2551//2551
f 2469//2469 2552//2552 2551//2551
f 2553//2553 2473//2473 2554//2554
f 2477//2477 2555//2555 2556//2556
f 2557//2557 2479//2479 2558//2558
f 2479//2479 2559//2559 2558//2558
f 2560//2560 2561//2561 2562//2562
f 2561//2561 2485//2485 2563//2563
f 2563//2563 2564//2564 2562//2562
f 2561//2561 2563//2563 2562//2562
f 2565//2565 2566//2566 2567//2567
f 2566//2566 2491//2491 2568//2568
f 2568//2568 2569//2569 2567//2567
f 2566//2566 2568//2568 2567//2567
f 2570//2570 2497//2497 2516//2516
f 2571//2571 2572//2572 2524//2524
f 2572//2572 2500//2500 2524//2524
f 2573//2573 2534//2534 2574//2574
f 2575//2575 2504//2504 2576//2576
f 2576//2576 2536//2536 2575//2575
f 2577//2577 2578//2578 2579//2579
f 2578//2578 2509//2509 2580//2580
f 2580//2580 2538//2538 2579//2579
f 2578//2578 2580//2580 2579//2579
f 2464//2464 2574//2574 2581//2581
f 2468//2468 2582//2582 2583//2583
f 2582//2582 2584//2584 2585//2585
f 2585//2585 2586//2586 2583//2583
f 2582//2582 2585//2585 2583//2583
f 2570//2570 2587//2587 2472//2472
f 2575//2575 2588//2588 2476//2476
f 2589//2589 2590//2590 2481//2481
f 2482//2482 2591//2591 2592//2592
f 2591//2591 2571//2571 2593//2593
f 2593//2593 2594//2594 2592//2592
f 2591//2591 2593//2593 2592//2592
f 2488//2488 2595//2595 2596//2596
f 2595//2595 2597//2597 2598//2598
f 2598//2598 2599//2599 2596//2596
f 2595//2595 2598//2598 2596//2596
f 2494//2494 2600//2600 2601//2601
f 2600//2600 2602//2602 2603//2603
f 2603//2603 2584//2584 2601//2601
f 2600//2600 2603//2603 2601//2601
f 2499//2499 2604//2604 2605//2605
f 2605//2605 2589//2589 2499//2499
f 2606//2606 2607//2607 2608//2608
f 2607//2607 2577//2577 2609//2609
f 2609//2609 2597//2597 2608//2608
f 2607//2607 2609//2609 2608//2608
f 2503//2503 2610//2610 2611//2611
f 2610//2610 2542//2542 2612//2612
f 2612//2612 2602//2602 2611//2611
f 2610//2610 2612//2612 2611//2611
f 2506//2506 2541//2541 2613//2613
f 2541//2541 2604//2604 2613//2613
f 2467//2467 2465//2465 2614//2614
f 2465//2465 2464//2464 2615//2615
f 2615//2615 2616//2616 2614//2614
f 2465//2465 2615//2615 2614//2614
f 2469//2469 2468//2468 2617//2617
f 2617//2617 2618//2618 2469//2469
f 2473//2473 2472//2472 2619//2619
f 2476//2476 2620//2620 2477//2477
f 2481//2481 2621//2621 2479//2479
f 2485//2485 2483//2483 2622//2622
f 2483//2483 2482//2482 2623//2623
f 2623//2623 2624//2624 2622//2622
f 2483//2483 2623//2623 2622//2622
f 2497//2497 2495//2495 2625//2625
f 2495//2495 2494//2494 2625//2625
f 2500//2500 2499//2499 2626//2626
f 2573//2573 2606//2606 2627//2627
f 2627//2627 2628//2628 2573//2573
f 2504//2504 2503//2503 2629//2629
f 2629//2629 2630//2630 2504//2504
f 2509//2509 2507//2507 2631//2631
f 2507//2507 2506//2506 2632//2632
f 2632//2632 2633//2633 2631//2631
f 2507//2507 2632//2632 2631//2631
f 2514//2514 2513//2513 2634//2634
f 2513//2513 2512//2512 2635//2635
f 2635//2635 2636//2636 2634//2634
f 2513//2513 2635//2635 2634//2634
f 2516//2516 2515//2515 2637//2637
f 2637//2637 2638//2638 2516//2516
f 2520//2520 2519//2519 2639//2639
f 2639//2639 2640//2640 2520//2520
f 2521//2521 2641//2641 2522//2522
f 2524//2524 2523//2523 2642//2642
f 2642//2642 2643//2643 2524//2524
f 2529//2529 2527//2527 2644//2644
f 2527//2527 2526//2526 2645//2645
f 2645//2645 2646//2646 2644//2644
f 2527//2527 2645//2645 2644//2644
f 2534//2534 2532//2532 2647//2647
f 2532//2532 2531//2531 2648//2648
f 2648//2648 2649//2649 2647//2647
f 2532//2532 2648//2648 2647//2647
f 2536//2536 2520//2520 2650//2650
f 2520//2520 2640//2640 2650//2650
f 2538//2538 2537//2537 2651//2651
f 2537//2537 2529//2529 2644//2644
f 2644//2644 2646//2646 2651//2651
f 2537//2537 2644//2644 2651//2651
f 2539//2539 2514//2514 2634//2634
f 2634//2634 2636//2636 2652//2652
f 2539//2539 2634//2634 2652//2652
f 2522//2522 2641//2641 2541//2541
f 2542//2542 2539//2539 2653//2653
f 2652//2652 2636//2636 2653//2653
f 2539//2539 2652//2652 2653//2653
f 2467//2467 2546//2546 2654//2654
f 2546//2546 2545//2545 2655//2655
f 2655//2655 2656//2656 2654//2654
f 2546//2546 2655//2655 2654//2654
f 2469//2469 2550//2550 2657//2657
f 2657//2657 2658//2658 2469//2469
f 2473//2473 2553//2553 2659//2659
f 2556//2556 2660//2660 2477//2477
f 2479//2479 2557//2557 2661//2661
f 2661//2661 2662//2662 2479//2479
f 2485//2485 2561//2561 2663//2663
f 2561//2561 2560//2560 2664//2664
f 2664//2664 2665//2665 2663//2663
f 2561//2561 2664//2664 2663//2663
f 2491//2491 2566//2566 2666//2666
f 2566//2566 2565//2565 2667//2667
f 2667//2667 2668//2668 2666//2666
f 2566//2566 2667//2667 2666//2666
f 2497//2497 2570//2570 2669//2669
f 2500//2500 2572//2572 2670//2670
f 2572//2572 2571//2571 2671//2671
f 2671//2671 2672//2672 2670//2670
f 2572//2572 2671//2671 2670//2670
f 2574//2574 2673//2673 2573//2573
f 2575//2575 2674//2674 2504//2504
f 2509//2509 2578//2578 2675//2675
f 2578//2578 2577//2577 2676//2676
f 2676//2676 2677//2677 2675//2675
f 2578//2578 2676//2676 2675//2675
f 2574//2574 2464//2464 2673//2673
f 2584//2584 2582//2582 2625//2625
f 2582//2582 2468//2468 2625//2625
f 2570//2570 2472//2472 2669//2669
f 2476//2476 2674//2674 2575//2575
f 2589//2589 2481//2481 2626//2626
f 2571//2571 2591//2591 2671//2671
f 2591//2591 2482//2482 2678//2678
f 2678//2678 2672//2672 2671//2671
f 2591//2591 2678//2678 2671//2671
f 2597//2597 2595//2595 2679//2679
f 2595//2595 2488//2488 2680//2680
f 2680//2680 2628//2628 2679//2679
f 2595//2595 2680//2680 2679//2679
f 2602//2602 2600//2600 2630//2630
f 2600//2600 2494//2494 2630//2630
f 2604//2604 2499//2499 2681//2681
f 2682//2682 2633//2633 2681//2681
f 2499//2499 2682//2682 2681//2681
f 2577//2577 2607//2607 2676//2676
f 2607//2607 2606//2606 2683//2683
f 2683//2683 2677//2677 2676//2676
f 2607//2607 2683//2683 2676//2676
f 2542//2542 2610//2610 2684//2684
f 2610//2610 2503//2503 2685//2685
f 2685//2685 2686//2686 2684//2684
f 2610//2610 2685//2685 2684//2684
f 2541//2541 2506//2506 2687//2687
f 2687//2687 2686//2686 2541//2541
f 2673//2673 2464//2464 2466//2466
f 2471//2471 2625//2625 2470//2470
f 2625//2625 2468//2468 2470//2470
f 2475//2475 2669//2669 2472//2472
f 2478//2478 2674//2674 2476//2476
f 2480//2480 2626//2626 2481//2481
f 2493//2493 2688//2688 2490//2490
f 2688//2688 2628//2628 2680//2680
f 2680//2680 2488//2488 2490//2490
f 2688//2688 2680//2680 2490//2490
f 2630//2630 2494//2494 2496//2496
f 2502//2502 2633//2633 2682//2682
f 2682//2682 2499//2499 2502//2502
f 2540//2540 2677//2677 2683//2683
f 2683//2683 2606//2606 2540//2540
f 2505//2505 2686//2686 2685//2685
f 2685//2685 2503//2503 2505//2505
f 2511//2511 2689//2689 2508//2508
f 2689//2689 2686//2686 2687//2687
f 2687//2687 2506//2506 2508//2508
f 2689//2689 2687//2687 2508//2508
f 2466//2466 2656//2656 2690//2690
f 2690//2690 2512//2512 2466//2466
f 2471//2471 2691//2691 2517//2517
f 2691//2691 2658//2658 2692//2692
f 2692//2692 2515//2515 2517//2517
f 2691//2691 2692//2692 2517//2517
f 2659//2659 2519//2519 2475//2475
f 2660//2660 2521//2521 2478//2478
f 2480//2480 2693//2693 2525//2525
f 2693//2693 2662//2662 2694//2694
f 2694//2694 2523//2523 2525//2525
f 2693//2693 2694//2694 2525//2525
f 2487//2487 2695//2695 2528//2528
f 2695//2695 2665//2665 2696//2696
f 2696//2696 2526//2526 2528//2528
f 2695//2695 2696//2696 2528//2528
f 2493//2493 2697//2697 2533//2533
f 2697//2697 2668//2668 2698//2698
f 2698//2698 2531//2531 2533//2533
f 2697//2697 2698//2698 2533//2533
f 2496//2496 2669//2669 2520//2520
f 2502//2502 2672//2672 2699//2699
f 2699//2699 2529//2529 2502//2502
f 2673//2673 2514//2514 2540//2540
f 2505//2505 2674//2674 2522//2522
f 2511//2511 2700//2700 2544//2544
f 2700//2700 2677//2677 2539//2539
f 2700//2700 2539//2539 2544//2544
f 2549//2549 2701//2701 2547//2547
f 2701//2701 2702//2702 2703//2703
f 2703//2703 2545//2545 2547//2547
f 2701//2701 2703//2703 2547//2547
f 2552//2552 2704//2704 2551//2551
f 2704//2704 2705//2705 2706//2706
f 2706//2706 2550//2550 2551//2551
f 2704//2704 2706//2706 2551//2551
f 2555//2555 2707//2707 2556//2556
f 2707//2707 2708//2708 2556//2556
f 2559//2559 2709//2709 2558//2558
f 2709//2709 2710//2710 2711//2711
f 2711//2711 2557//2557 2558//2558
f 2709//2709 2711//2711 2558//2558
f 2564//2564 2712//2712 2562//2562
f 2712//2712 2713//2713 2714//2714
f 2714//2714 2560//2560 2562//2562
f 2712//2712 2714//2714 2562//2562
f 2569//2569 2715//2715 2567//2567
f 2715//2715 2716//2716 2717//2717
f 2717//2717 2565//2565 2567//2567
f 2715//2715 2717//2717 2567//2567
f 2516//2516 2638//2638 2570//2570
f 2524//2524 2643//2643 2718//2718
f 2718//2718 2571//2571 2524//2524
f 2534//2534 2647//2647 2574//2574
f 2647//2647 2649//2649 2574//2574
f 2536//2536 2650//2650 2575//2575
f 2650//2650 2640//2640 2575//2575
f 2538//2538 2651//2651 2579//2579
f 2651//2651 2646//2646 2719//2719
f 2719//2719 2577//2577 2579//2579
f 2651//2651 2719//2719 2579//2579
f 2720//2720 2616//2616 2615//2615
f 2615//2615 2464//2464 2581//2581
f 2720//2720 2615//2615 2581//2581
f 2586//2586 2721//2721 2583//2583
f 2721//2721 2618//2618 2617//2617
f 2617//2617 2468//2468 2583//2583
f 2721//2721 2617//2617 2583//2583
f 2587//2587 2619//2619 2472//2472
f 2588//2588 2722//2722 2476//2476
f 2722//2722 2620//2620 2476//2476
f 2590//2590 2723//2723 2481//2481
f 2723//2723 2621//2621 2481//2481
f 2594//2594 2724//2724 2592//2592
f 2724//2724 2624//2624 2623//2623
f 2623//2623 2482//2482 2592//2592
f 2724//2724 2623//2623 2592//2592
f 2599//2599 2725//2725 2596//2596
f 2725//2725 2726//2726 2727//2727
f 2727//2727 2488//2488 2596//2596
f 2725//2725 2727//2727 2596//2596
f 2584//2584 2625//2625 2601//2601
f 2625//2625 2494//2494 2601//2601
f 2589//2589 2626//2626 2499//2499
f 2597//2597 2679//2679 2608//2608
f 2679//2679 2628//2628 2627//2627
f 2627//2627 2606//2606 2608//2608
f 2679//2679 2627//2627 2608//2608
f 2602//2602 2630//2630 2611//2611
f 2629//2629 2503//2503 2611//2611
f 2630//2630 2629//2629 2611//2611
f 2604//2604 2681//2681 2613//2613
f 2681//2681 2633//2633 2632//2632
f 2632//2632 2506//2506 2613//2613
f 2681//2681 2632//2632 2613//2613
f 2656//2656 2466//2466 2654//2654
f 2466//2466 2467//2467 2654//2654
f 2474//2474 2473//2473 2659//2659
f 2475//2475 2474//2474 2659//2659
f 2660//2660 2478//2478 2477//2477
f 2662//2662 2693//2693 2479//2479
f 2693//2693 2480//2480 2479//2479
f 2665//2665 2695//2695 2663//2663
f 2695//2695 2487//2487 2486//2486
f 2486//2486 2485//2485 2663//2663
f 2695//2695 2486//2486 2663//2663
f 2668//2668 2697//2697 2666//2666
f 2697//2697 2493//2493 2492//2492
f 2492//2492 2491//2491 2666//2666
f 2697//2697 2492//2492 2666//2666
f 2669//2669 2496//2496 2498//2498
f 2498//2498 2497//2497 2669//2669
f 2672//2672 2502//2502 2670//2670
f 2501//2501 2500//2500 2670//2670
f 2502//2502 2501//2501 2670//2670
f 2673//2673 2540//2540 2573//2573
f 2674//2674 2505//2505 2504//2504
f 2677//2677 2700//2700 2675//2675
f 2700//2700 2511//2511 2510//2510
f 2510//2510 2509//2509 2675//2675
f 2700//2700 2510//2510 2675//2675
f 2466//2466 2514//2514 2673//2673
f 2625//2625 2471//2471 2518//2518
f 2625//2625 2518//2518 2516//2516
f 2475//2475 2520//2520 2669//2669
f 2674//2674 2478//2478 2522//2522
f 2626//2626 2480//2480 2524//2524
f 2672//2672 2728//2728 2699//2699
f 2728//2728 2487//2487 2530//2530
f 2530//2530 2529//2529 2699//2699
f 2728//2728 2530//2530 2699//2699
f 2496//2496 2536//2536 2630//2630
f 2633//2633 2502//2502 2729//2729
f 2502//2502 2538//2538 2729//2729
f 2677//2677 2540//2540 2539//2539
f 2686//2686 2505//2505 2541//2541
f 2686//2686 2689//2689 2684//2684
f 2689//2689 2511//2511 2543//2543
f 2543//2543 2542//2542 2684//2684
f 2689//2689 2543//2543 2684//2684
f 2616//2616 2730//2730 2614//2614
f 2730//2730 2549//2549 2548//2548
f 2548//2548 2467//2467 2614//2614
f 2730//2730 2548//2548 2614//2614
f 2618//2618 2731//2731 2469//2469
f 2731//2731 2552//2552 2469//2469
f 2554//2554 2473//2473 2619//2619
f 2620//2620 2732//2732 2477//2477
f 2732//2732 2555//2555 2477//2477
f 2621//2621 2733//2733 2479//2479
f 2733//2733 2559//2559 2479//2479
f 2624//2624 2734//2734 2622//2622
f 2734//2734 2564//2564 2563//2563
f 2563//2563 2485//2485 2622//2622
f 2734//2734 2563//2563 2622//2622
f 2726//2726 2735//2735 2736//2736
f 2735//2735 2569//2569 2568//2568
f 2568//2568 2491//2491 2736//2736
f 2735//2735 2568//2568 2736//2736
f 2516//2516 2497//2497 2625//2625
f 2524//2524 2500//2500 2626//2626
f 2628//2628 2737//2737 2573//2573
f 2737//2737 2534//2534 2573//2573
f 2630//2630 2536//2536 2576//2576
f 2630//2630 2576//2576 2504//2504
f 2633//2633 2729//2729 2631//2631
f 2729//2729 2538//2538 2580//2580
f 2580//2580 2509//2509 2631//2631
f 2729//2729 2580//2580 2631//2631
f 2649//2649 2738//2738 2574//2574
f 2738//2738 2581//2581 2574//2574
f 2636//2636 2739//2739 2740//2740
f 2739//2739 2586//2586 2585//2585
f 2585//2585 2584//2584 2740//2740
f 2739//2739 2585//2585 2740//2740
f 2638//2638 2741//2741 2570//2570
f 2741//2741 2587//2587 2570//2570
f 2640//2640 2742//2742 2575//2575
f 2742//2742 2588//2588 2575//2575
f 2641//2641 2743//2743 2589//2589
f 2743//2743 2590//2590 2589//2589
f 2643//2643 2744//2744 2718//2718
f 2744//2744 2594//2594 2593//2593
f 2593//2593 2571//2571 2718//2718
f 2744//2744 2593//2593 2718//2718
f 2646//2646 2745//2745 2746//2746
f 2745//2745 2599//2599 2598//2598
f 2598//2598 2597//2597 2746//2746
f 2745//2745 2598//2598 2746//2746
f 2636//2636 2740//2740 2747//2747
f 2740//2740 2584//2584 2603//2603
f 2603//2603 2602//2602 2747//2747
f 2740//2740 2603//2603 2747//2747
f 2641//2641 2589//2589 2748//2748
f 2605//2605 2604//2604 2748//2748
f 2589//2589 2605//2605 2748//2748
f 2646//2646 2746//2746 2719//2719
f 2746//2746 2597//2597 2609//2609
f 2609//2609 2577//2577 2719//2719
f 2746//2746 2609//2609 2719//2719
f 2636//2636 2747//2747 2653//2653
f 2747//2747 2602//2602 2612//2612
f 2612//2612 2542//2542 2653//2653
f 2747//2747 2612//2612 2653//2653
f 2641//2641 2748//2748 2541//2541
f 2748//2748 2604//2604 2541//2541
f 2749//2749 2750//2750 2751//2751
f 2752//2752 2753//2753 2754//2754
f 2753//2753 2755//2755 2756//2756
f 2756//2756 2757//2757 2754//2754
f 2753//2753 2756//2756 2754//2754
f 2758//2758 2759//2759 2760//2760
f 2751//2751 2761//2761 2749//2749
f 2752//2752 2762//2762 2753//2753
f 2762//2762 2763//2763 2764//2764
f 2764//2764 2755//2755 2753//2753
f 2762//2762 2764//2764 2753//2753
f 2765//2765 2766//2766 2767//2767
f 2767//2767 2759//2759 2758//2758
f 2765//2765 2767//2767 2758//2758
f 2768//2768 2769//2769 2770//2770
f 2770//2770 2771//2771 2768//2768
f 2751//2751 2772//2772 2761//2761
f 2772//2772 2773//2773 2761//2761
f 2774//2774 2775//2775 2776//2776
f 2777//2777 2778//2778 2779//2779
f 2778//2778 2780//2780 2781//2781
f 2778//2778 2781//2781 2779//2779
f 2782//2782 2783//2783 2784//2784
f 2783//2783 2785//2785 2784//2784
f 2786//2786 2787//2787 2788//2788
f 2787//2787 2789//2789 2790//2790
f 2790//2790 2791//2791 2788//2788
f 2787//2787 2790//2790 2788//2788
f 2792//2792 2793//2793 2794//2794
f 2795//2795 2796//2796 2797//2797
f 2796//2796 2798//2798 2799//2799
f 2796//2796 2799//2799 2797//2797
f 2800//2800 2801//2801 2802//2802
f 2801//2801 2803//2803 2802//2802
f 2804//2804 2805//2805 2806//2806
f 2805//2805 2807//2807 2808//2808
f 2808//2808 2809//2809 2806//2806
f 2805//2805 2808//2808 2806//2806
f 2810//2810 2811//2811 2812//2812
f 2811//2811 2813//2813 2812//2812
f 2814//2814 2815//2815 2816//2816
f 2815//2815 2817//2817 2818//2818
f 2818//2818 2819//2819 2816//2816
f 2815//2815 2818//2818 2816//2816
f 2820//2820 2821//2821 2822//2822
f 2822//2822 2823//2823 2824//2824
f 2820//2820 2822//2822 2824//2824
f 2825//2825 2826//2826 2827//2827
f 2828//2828 2829//2829 2830//2830
f 2829//2829 2831//2831 2832//2832
f 2829//2829 2832//2832 2830//2830
f 2833//2833 2834//2834 2835//2835
f 2836//2836 2837//2837 2838//2838
f 2837//2837 2839//2839 2840//2840
f 2840//2840 2757//2757 2838//2838
f 2837//2837 2840//2840 2838//2838
f 2836//2836 2841//2841 2750//2750
f 2842//2842 2843//2843 2844//2844
f 2786//2786 2845//2845 2787//2787
f 2845//2845 2846//2846 2847//2847
f 2847//2847 2789//2789 2787//2787
f 2845//2845 2847//2847 2787//2787
f 2795//2795 2848//2848 2796//2796
f 2848//2848 2798//2798 2796//2796
f 2849//2849 2850//2850 2851//2851
f 2850//2850 2852//2852 2851//2851
f 2853//2853 2854//2854 2855//2855
f 2856//2856 2857//2857 2858//2858
f 2859//2859 2860//2860 2861//2861
f 2800//2800 2862//2862 2801//2801
f 2862//2862 2863//2863 2801//2801
f 2864//2864 2865//2865 2866//2866
f 2842//2842 2839//2839 2867//2867
f 2867//2867 2791//2791 2842//2842
f 2858//2858 2841//2841 2794//2794
f 2864//2864 2843//2843 2868//2868
f 2868//2868 2799//2799 2864//2864
f 2849//2849 2869//2869 2870//2870
f 2869//2869 2846//2846 2871//2871
f 2869//2869 2871//2871 2870//2870
f 2872//2872 2803//2803 2859//2859
f 2873//2873 2874//2874 2875//2875
f 2874//2874 2848//2848 2876//2876
f 2876//2876 2809//2809 2875//2875
f 2874//2874 2876//2876 2875//2875
f 2877//2877 2850//2850 2812//2812
f 2854//2854 2819//2819 2878//2878
f 2879//2879 2860//2860 2827//2827
f 2880//2880 2863//2863 2832//2832
f 2881//2881 2882//2882 2883//2883
f 2882//2882 2865//2865 2835//2835
f 2882//2882 2835//2835 2883//2883
f 2749//2749 2786//2786 2884//2884
f 2884//2884 2885//2885 2749//2749
f 2755//2755 2792//2792 2886//2886
f 2887//2887 2888//2888 2886//2886
f 2792//2792 2887//2887 2886//2886
f 2759//2759 2889//2889 2890//2890
f 2889//2889 2795//2795 2891//2891
f 2891//2891 2892//2892 2890//2890
f 2889//2889 2891//2891 2890//2890
f 2761//2761 2853//2853 2893//2893
f 2766//2766 2894//2894 2895//2895
f 2894//2894 2804//2804 2896//2896
f 2896//2896 2897//2897 2895//2895
f 2894//2894 2896//2896 2895//2895
f 2769//2769 2810//2810 2898//2898
f 2773//2773 2899//2899 2900//2900
f 2899//2899 2814//2814 2900//2900
f 2775//2775 2901//2901 2902//2902
f 2901//2901 2824//2824 2902//2902
f 2780//2780 2903//2903 2904//2904
f 2903//2903 2825//2825 2905//2905
f 2903//2903 2905//2905 2904//2904
f 2906//2906 2907//2907 2908//2908
f 2907//2907 2828//2828 2909//2909
f 2909//2909 2910//2910 2908//2908
f 2907//2907 2909//2909 2908//2908
f 2785//2785 2911//2911 2912//2912
f 2911//2911 2833//2833 2912//2912
f 2789//2789 2913//2913 2760//2760
f 2913//2913 2758//2758 2760//2760
f 2793//2793 2774//2774 2776//2776
f 2798//2798 2914//2914 2784//2784
f 2914//2914 2782//2782 2784//2784
f 2768//2768 2771//2771 2855//2855
f 2801//2801 2777//2777 2779//2779
f 2779//2779 2781//2781 2801//2801
f 2807//2807 2915//2915 2916//2916
f 2915//2915 2917//2917 2918//2918
f 2918//2918 2919//2919 2916//2916
f 2915//2915 2918//2918 2916//2916
f 2813//2813 2920//2920 2921//2921
f 2920//2920 2922//2922 2923//2923
f 2923//2923 2924//2924 2921//2921
f 2920//2920 2923//2923 2921//2921
f 2817//2817 2925//2925 2926//2926
f 2925//2925 2927//2927 2928//2928
f 2928//2928 2929//2929 2926//2926
f 2925//2925 2928//2928 2926//2926
f 2821//2821 2930//2930 2931//2931
f 2930//2930 2932//2932 2933//2933
f 2933//2933 2934//2934 2931//2931
f 2930//2930 2933//2933 2931//2931
f 2826//2826 2935//2935 2936//2936
f 2936//2936 2937//2937 2938//2938
f 2826//2826 2936//2936 2938//2938
f 2831//2831 2939//2939 2940//2940
f 2939//2939 2941//2941 2942//2942
f 2942//2942 2943//2943 2940//2940
f 2939//2939 2942//2942 2940//2940
f 2834//2834 2944//2944 2945//2945
f 2945//2945 2946//2946 2834//2834
f 2839//2839 2842//2842 2844//2844
f 2841//2841 2858//2858 2857//2857
f 2843//2843 2864//2864 2866//2866
f 2846//2846 2869//2869 2947//2947
f 2869//2869 2849//2849 2851//2851
f 2851//2851 2852//2852 2947//2947
f 2869//2869 2851//2851 2947//2947
f 2872//2872 2859//2859 2861//2861
f 2874//2874 2873//2873 2948//2948
f 2948//2948 2949//2949 2848//2848
f 2874//2874 2948//2948 2848//2848
f 2850//2850 2877//2877 2950//2950
f 2950//2950 2951//2951 2850//2850
f 2854//2854 2878//2878 2952//2952
f 2953//2953 2954//2954 2856//2856
f 2955//2955 2956//2956 2860//2860
f 2879//2879 2955//2955 2860//2860
f 2863//2863 2880//2880 2957//2957
f 2957//2957 2958//2958 2863//2863
f 2865//2865 2882//2882 2959//2959
f 2882//2882 2881//2881 2960//2960
f 2960//2960 2961//2961 2959//2959
f 2882//2882 2960//2960 2959//2959
f 2839//2839 2837//2837 2962//2962
f 2837//2837 2836//2836 2963//2963
f 2963//2963 2885//2885 2962//2962
f 2837//2837 2963//2963 2962//2962
f 2841//2841 2836//2836 2964//2964
f 2964//2964 2888//2888 2841//2841
f 2843//2843 2842//2842 2965//2965
f 2842//2842 2892//2892 2965//2965
f 2846//2846 2845//2845 2893//2893
f 2845//2845 2786//2786 2893//2893
f 2792//2792 2966//2966 2872//2872
f 2848//2848 2795//2795 2967//2967
f 2967//2967 2897//2897 2968//2968
f 2848//2848 2967//2967 2968//2968
f 2850//2850 2849//2849 2898//2898
f 2854//2854 2853//2853 2900//2900
f 2856//2856 2858//2858 2902//2902
f 2860//2860 2859//2859 2904//2904
f 2865//2865 2864//2864 2969//2969
f 2864//2864 2912//2912 2969//2969
f 2750//2750 2885//2885 2963//2963
f 2963//2963 2836//2836 2750//2750
f 2757//2757 2970//2970 2838//2838
f 2970//2970 2888//2888 2964//2964
f 2964//2964 2836//2836 2838//2838
f 2970//2970 2964//2964 2838//2838
f 2760//2760 2892//2892 2842//2842
f 2893//2893 2786//2786 2749//2749
f 2755//2755 2966//2966 2792//2792
f 2759//2759 2971//2971 2889//2889
f 2971//2971 2897//2897 2967//2967
f 2967//2967 2795//2795 2889//2889
f 2971//2971 2967//2967 2889//2889
f 2771//2771 2898//2898 2972//2972
f 2898//2898 2849//2849 2972//2972
f 2900//2900 2853//2853 2761//2761
f 2902//2902 2858//2858 2776//2776
f 2904//2904 2859//2859 2781//2781
f 2763//2763 2973//2973 2974//2974
f 2973//2973 2910//2910 2975//2975
f 2975//2975 2800//2800 2974//2974
f 2973//2973 2975//2975 2974//2974
f 2912//2912 2864//2864 2784//2784
f 2791//2791 2760//2760 2842//2842
f 2776//2776 2858//2858 2794//2794
f 2799//2799 2784//2784 2864//2864
f 2976//2976 2771//2771 2972//2972
f 2972//2972 2849//2849 2870//2870
f 2976//2976 2972//2972 2870//2870
f 2803//2803 2781//2781 2859//2859
f 2809//2809 2977//2977 2875//2875
f 2977//2977 2919//2919 2978//2978
f 2978//2978 2873//2873 2875//2875
f 2977//2977 2978//2978 2875//2875
f 2812//2812 2924//2924 2979//2979
f 2979//2979 2877//2877 2812//2812
f 2819//2819 2929//2929 2878//2878
f 2823//2823 2934//2934 2953//2953
f 2827//2827 2937//2937 2879//2879
f 2980//2980 2943//2943 2981//2981
f 2981//2981 2880//2880 2832//2832
f 2980//2980 2981//2981 2832//2832
f 2835//2835 2946//2946 2982//2982
f 2982//2982 2881//2881 2883//2883
f 2835//2835 2982//2982 2883//2883
f 2757//2757 2844//2844 2754//2754
f 2844//2844 2752//2752 2754//2754
f 2750//2750 2857//2857 2751//2751
f 2844//2844 2866//2866 2983//2983
f 2983//2983 2752//2752 2844//2844
f 2789//2789 2984//2984 2913//2913
f 2984//2984 2852//2852 2985//2985
f 2985//2985 2758//2758 2913//2913
f 2984//2984 2985//2985 2913//2913
f 2793//2793 2861//2861 2774//2774
f 2798//2798 2949//2949 2986//2986
f 2986//2986 2782//2782 2914//2914
f 2798//2798 2986//2986 2914//2914
f 2852//2852 2951//2951 2985//2985
f 2987//2987 2758//2758 2985//2985
f 2951//2951 2987//2987 2985//2985
f 2855//2855 2952//2952 2768//2768
f 2857//2857 2954//2954 2751//2751
f 2861//2861 2956//2956 2774//2774
f 2801//2801 2958//2958 2988//2988
f 2988//2988 2777//2777 2801//2801
f 2866//2866 2989//2989 2983//2983
f 2989//2989 2961//2961 2990//2990
f 2990//2990 2752//2752 2983//2983
f 2989//2989 2990//2990 2983//2983
f 2791//2791 2991//2991 2788//2788
f 2991//2991 2885//2885 2884//2884
f 2884//2884 2786//2786 2788//2788
f 2991//2991 2884//2884 2788//2788
f 2794//2794 2888//2888 2887//2887
f 2887//2887 2792//2792 2794//2794
f 2799//2799 2892//2892 2891//2891
f 2891//2891 2795//2795 2797//2797
f 2799//2799 2891//2891 2797//2797
f 2870//2870 2893//2893 2992//2992
f 2893//2893 2853//2853 2992//2992
f 2803//2803 2966//2966 2802//2802
f 2966//2966 2800//2800 2802//2802
f 2809//2809 2993//2993 2806//2806
f 2993//2993 2897//2897 2896//2896
f 2896//2896 2804//2804 2806//2806
f 2993//2993 2896//2896 2806//2806
f 2898//2898 2810//2810 2812//2812
f 2819//2819 2994//2994 2816//2816
f 2900//2900 2814//2814 2816//2816
f 2994//2994 2900//2900 2816//2816
f 2823//2823 2902//2902 2824//2824
f 2905//2905 2825//2825 2827//2827
f 2904//2904 2905//2905 2827//2827
f 2832//2832 2910//2910 2909//2909
f 2909//2909 2828//2828 2830//2830
f 2832//2832 2909//2909 2830//2830
f 2912//2912 2833//2833 2835//2835
f 2885//2885 2750//2750 2749//2749
f 2888//2888 2970//2970 2886//2886
f 2970//2970 2757//2757 2756//2756
f 2756//2756 2755//2755 2886//2886
f 2970//2970 2756//2756 2886//2886
f 2892//2892 2760//2760 2890//2890
f 2760//2760 2759//2759 2890//2890
f 2893//2893 2749//2749 2761//2761
f 2966//2966 2755//2755 2764//2764
f 2764//2764 2763//2763 2966//2966
f 2897//2897 2971//2971 2895//2895
f 2971//2971 2759//2759 2767//2767
f 2767//2767 2766//2766 2895//2895
f 2971//2971 2767//2767 2895//2895
f 2898//2898 2771//2771 2770//2770
f 2770//2770 2769//2769 2898//2898
f 2761//2761 2773//2773 2900//2900
f 2776//2776 2775//2775 2902//2902
f 2781//2781 2780//2780 2904//2904
f 2910//2910 2973//2973 2908//2908
f 2973//2973 2763//2763 2995//2995
f 2995//2995 2906//2906 2908//2908
f 2973//2973 2995//2995 2908//2908
f 2784//2784 2785//2785 2912//2912
f 2760//2760 2791//2791 2790//2790
f 2790//2790 2789//2789 2760//2760
f 2794//2794 2793//2793 2776//2776
f 2799//2799 2798//2798 2784//2784
f 2771//2771 2976//2976 2855//2855
f 2976//2976 2870//2870 2855//2855
f 2781//2781 2803//2803 2801//2801
f 2919//2919 2977//2977 2916//2916
f 2977//2977 2809//2809 2808//2808
f 2808//2808 2807//2807 2916//2916
f 2977//2977 2808//2808 2916//2916
f 2924//2924 2812//2812 2921//2921
f 2812//2812 2813//2813 2921//2921
f 2929//2929 2819//2819 2818//2818
f 2818//2818 2817//2817 2926//2926
f 2929//2929 2818//2818 2926//2926
f 2934//2934 2823//2823 2931//2931
f 2822//2822 2821//2821 2931//2931
f 2823//2823 2822//2822 2931//2931
f 2937//2937 2827//2827 2938//2938
f 2827//2827 2826//2826 2938//2938
f 2943//2943 2980//2980 2940//2940
f 2832//2832 2831//2831 2940//2940
f 2980//2980 2832//2832 2940//2940
f 2946//2946 2835//2835 2834//2834
f 2844//2844 2757//2757 2840//2840
f 2840//2840 2839//2839 2844//2844
f 2857//2857 2750//2750 2841//2841
f 2844//2844 2843//2843 2866//2866
f 2852//2852 2984//2984 2947//2947
f 2984//2984 2789//2789 2847//2847
f 2847//2847 2846//2846 2947//2947
f 2984//2984 2847//2847 2947//2947
f 2861//2861 2793//2793 2872//2872
f 2949//2949 2798//2798 2848//2848
f 2951//2951 2852//2852 2850//2850
f 2952//2952 2855//2855 2854//2854
f 2954//2954 2857//2857 2856//2856
f 2956//2956 2861//2861 2860//2860
f 2958//2958 2801//2801 2863//2863
f 2961//2961 2989//2989 2959//2959
f 2866//2866 2865//2865 2959//2959
f 2989//2989 2866//2866 2959//2959
f 2885//2885 2991//2991 2962//2962
f 2991//2991 2791//2791 2867//2867
f 2867//2867 2839//2839 2962//2962
f 2991//2991 2867//2867 2962//2962
f 2888//2888 2794//2794 2841//2841
f 2892//2892 2799//2799 2965//2965
f 2868//2868 2843//2843 2965//2965
f 2799//2799 2868//2868 2965//2965
f 2893//2893 2870//2870 2871//2871
f 2871//2871 2846//2846 2893//2893
f 2966//2966 2803//2803 2872//2872
f 2897//2897 2993//2993 2968//2968
f 2993//2993 2809//2809 2876//2876
f 2876//2876 2848//2848 2968//2968
f 2993//2993 2876//2876 2968//2968
f 2812//2812 2850//2850 2898//2898
f 2994//2994 2819//2819 2854//2854
f 2994//2994 2854//2854 2900//2900
f 2823//2823 2856//2856 2902//2902
f 2904//2904 2827//2827 2860//2860
f 2910//2910 2832//2832 2996//2996
f 2832//2832 2863//2863 2996//2996
f 2835//2835 2865//2865 2969//2969
f 2912//2912 2835//2835 2969//2969
f 2997//2997 2998//2998 2999//2999
f 2998//2998 3000//3000 3001//3001
f 3001//3001 3002//3002 2999//2999
f 2998//2998 3001//3001 2999//2999
f 3003//3003 3004//3004 3005//3005
f 3006//3006 3007//3007 3008//3008
f 3008//3008 3009//3009 3010//3010
f 3006//3006 3008//3008 3010//3010
f 3011//3011 3012//3012 3013//3013
f 3012//3012 3014//3014 3013//3013
f 3015//3015 3016//3016 3017//3017
f 3016//3016 3018//3018 3017//3017
f 3019//3019 3020//3020 3021//3021
f 3022//3022 3019//3019 3021//3021
f 3023//3023 3024//3024 3025//3025
f 3024//3024 3026//3026 3027//3027
f 3027//3027 3028//3028 3025//3025
f 3024//3024 3027//3027 3025//3025
f 3029//3029 3030//3030 3031//3031
f 3032//3032 3033//3033 3034//3034
f 3033//3033 3035//3035 3034//3034
f 3036//3036 3037//3037 3038//3038
f 3039//3039 3040//3040 3041//3041
f 3042//3042 3043//3043 3044//3044
f 3045//3045 3046//3046 3047//3047
f 3046//3046 3048//3048 3049//3049
f 3049//3049 3002//3002 3047//3047
f 3046//3046 3049//3049 3047//3047
f 3050//3050 3005//3005 3051//3051
f 3052//3052 3053//3053 3009//3009
f 3054//3054 3055//3055 3056//3056
f 3055//3055 3057//3057 3013//3013
f 3055//3055 3013//3013 3056//3056
f 3058//3058 3059//3059 3018//3018
f 3059//3059 3060//3060 3018//3018
f 3061//3061 3062//3062 3063//3063
f 3062//3062 3064//3064 3065//3065
f 3065//3065 3020//3020 3063//3063
f 3062//3062 3065//3065 3063//3063
f 3066//3066 3067//3067 3068//3068
f 3067//3067 3069//3069 3070//3070
f 3070//3070 3028//3028 3068//3068
f 3067//3067 3070//3070 3068//3068
f 3053//3053 3071//3071 3031//3031
f 3064//3064 3072//3072 3073//3073
f 3072//3072 3074//3074 3075//3075
f 3075//3075 3035//3035 3073//3073
f 3072//3072 3075//3075 3073//3073
f 3048//3048 3076//3076 3038//3038
f 3076//3076 3077//3077 3038//3038
f 3057//3057 3078//3078 3041//3041
f 3078//3078 3079//3079 3041//3041
f 3077//3077 3080//3080 3044//3044
f 3080//3080 3081//3081 3082//3082
f 3080//3080 3082//3082 3044//3044
f 3083//3083 3000//3000 3084//3084
f 3084//3084 3085//3085 3086//3086
f 3083//3083 3084//3084 3086//3086
f 3087//3087 3004//3004 3088//3088
f 3004//3004 3089//3089 3088//3088
f 3090//3090 3007//3007 3091//3091
f 3091//3091 3092//3092 3090//3090
f 3093//3093 3094//3094 3095//3095
f 3094//3094 3014//3014 3095//3095
f 3016//3016 3096//3096 3097//3097
f 3098//3098 3019//3019 3099//3099
f 3099//3099 3100//3100 3101//3101
f 3098//3098 3099//3099 3101//3101
f 3102//3102 3103//3103 3104//3104
f 3103//3103 3026//3026 3105//3105
f 3105//3105 3106//3106 3104//3104
f 3103//3103 3105//3105 3104//3104
f 3107//3107 3108//3108 3050//3050
f 3108//3108 3030//3030 3050//3050
f 3109//3109 3033//3033 3110//3110
f 3033//3033 3060//3060 3110//3110
f 3111//3111 3037//3037 3112//3112
f 3037//3037 3069//3069 3112//3112
f 3113//3113 3040//3040 3071//3071
f 3114//3114 3115//3115 3116//3116
f 3115//3115 3043//3043 3117//3117
f 3117//3117 3074//3074 3116//3116
f 3115//3115 3117//3117 3116//3116
f 2997//2997 3118//3118 3119//3119
f 3118//3118 3111//3111 3120//3120
f 3120//3120 3121//3121 3119//3119
f 3118//3118 3120//3120 3119//3119
f 3003//3003 3122//3122 3123//3123
f 3122//3122 3124//3124 3125//3125
f 3125//3125 3126//3126 3123//3123
f 3122//3122 3125//3125 3123//3123
f 3006//3006 3107//3107 3127//3127
f 3127//3127 3128//3128 3006//3006
f 3011//3011 3113//3113 3129//3129
f 3113//3113 3130//3130 3129//3129
f 3015//3015 3131//3131 3132//3132
f 3131//3131 3133//3133 3134//3134
f 3131//3131 3134//3134 3132//3132
f 3022//3022 3109//3109 3135//3135
f 3135//3135 3136//3136 3022//3022
f 3023//3023 3137//3137 3138//3138
f 3137//3137 3139//3139 3140//3140
f 3140//3140 3141//3141 3138//3138
f 3137//3137 3140//3140 3138//3138
f 3029//3029 3142//3142 3143//3143
f 3143//3143 3124//3124 3029//3029
f 3032//3032 3144//3144 3145//3145
f 3144//3144 3133//3133 3145//3145
f 3036//3036 3146//3146 3147//3147
f 3146//3146 3114//3114 3148//3148
f 3148//3148 3139//3139 3147//3147
f 3146//3146 3148//3148 3147//3147
f 3039//3039 3149//3149 3150//3150
f 3149//3149 3081//3081 3151//3151
f 3151//3151 3142//3142 3150//3150
f 3149//3149 3151//3151 3150//3150
f 3042//3042 3079//3079 3144//3144
f 3000//3000 2998//2998 3152//3152
f 2998//2998 2997//2997 3153//3153
f 3153//3153 3154//3154 3152//3152
f 2998//2998 3153//3153 3152//3152
f 3004//3004 3003//3003 3155//3155
f 3155//3155 3156//3156 3004//3004
f 3007//3007 3006//3006 3157//3157
f 3014//3014 3012//3012 3158//3158
f 3012//3012 3011//3011 3159//3159
f 3159//3159 3160//3160 3158//3158
f 3012//3012 3159//3159 3158//3158
f 3016//3016 3015//3015 3161//3161
f 3161//3161 3162//3162 3163//3163
f 3016//3016 3161//3161 3163//3163
f 3019//3019 3022//3022 3164//3164
f 3022//3022 3165//3165 3164//3164
f 3026//3026 3024//3024 3166//3166
f 3024//3024 3023//3023 3167//3167
f 3167//3167 3168//3168 3166//3166
f 3024//3024 3167//3167 3166//3166
f 3030//3030 3029//3029 3169//3169
f 3033//3033 3032//3032 3170//3170
f 3037//3037 3036//3036 3171//3171
f 3171//3171 3172//3172 3037//3037
f 3040//3040 3039//3039 3173//3173
f 3173//3173 3174//3174 3175//3175
f 3040//3040 3173//3173 3175//3175
f 3043//3043 3042//3042 3176//3176
f 3048//3048 3046//3046 3177//3177
f 3046//3046 3045//3045 3178//3178
f 3178//3178 3179//3179 3177//3177
f 3046//3046 3178//3178 3177//3177
f 3050//3050 3051//3051 3180//3180
f 3053//3053 3052//3052 3181//3181
f 3057//3057 3055//3055 3182//3182
f 3055//3055 3054//3054 3183//3183
f 3183//3183 3184//3184 3182//3182
f 3055//3055 3183//3183 3182//3182
f 3060//3060 3059//3059 3185//3185
f 3059//3059 3058//3058 3186//3186
f 3186//3186 3187//3187 3185//3185
f 3059//3059 3186//3186 3185//3185
f 3064//3064 3062//3062 3188//3188
f 3062//3062 3061//3061 3189//3189
f 3189//3189 3190//3190 3188//3188
f 3062//3062 3189//3189 3188//3188
f 3069//3069 3067//3067 3191//3191
f 3067//3067 3066//3066 3192//3192
f 3192//3192 3193//3193 3191//3191
f 3067//3067 3192//3192 3191//3191
f 3071//3071 3053//3053 3181//3181
f 3074//3074 3072//3072 3194//3194
f 3072//3072 3064//3064 3188//3188
f 3188//3188 3190//3190 3194//3194
f 3072//3072 3188//3188 3194//3194
f 3077//3077 3076//3076 3195//3195
f 3076//3076 3048//3048 3177//3177
f 3177//3177 3179//3179 3195//3195
f 3076//3076 3177//3177 3195//3195
f 3079//3079 3078//3078 3196//3196
f 3078//3078 3057//3057 3182//3182
f 3182//3182 3184//3184 3196//3196
f 3078//3078 3182//3182 3196//3196
f 3081//3081 3080//3080 3197//3197
f 3080//3080 3077//3077 3195//3195
f 3195//3195 3179//3179 3197//3197
f 3080//3080 3195//3195 3197//3197
f 3000//3000 3083//3083 3198//3198
f 3083//3083 3086//3086 3199//3199
f 3199//3199 3200//3200 3198//3198
f 3083//3083 3199//3199 3198//3198
f 3004//3004 3087//3087 3201//3201
f 3201//3201 3202//3202 3004//3004
f 3007//3007 3090//3090 3203//3203
f 3014//3014 3094//3094 3204//3204
f 3094//3094 3093//3093 3205//3205
f 3205//3205 3206//3206 3204//3204
f 3094//3094 3205//3205 3204//3204
f 3016//3016 3097//3097 3207//3207
f 3207//3207 3208//3208 3016//3016
f 3019//3019 3098//3098 3209//3209
f 3098//3098 3101//3101 3210//3210
f 3210//3210 3211//3211 3209//3209
f 3098//3098 3210//3210 3209//3209
f 3026//3026 3103//3103 3212//3212
f 3103//3103 3102//3102 3213//3213
f 3213//3213 3214//3214 3212//3212
f 3103//3103 3213//3213 3212//3212
f 3030//3030 3108//3108 3215//3215
f 3108//3108 3107//3107 3216//3216
f 3108//3108 3216//3216 3215//3215
f 3033//3033 3109//3109 3217//3217
f 3037//3037 3111//3111 3218//3218
f 3037//3037 3218//3218 3219//3219
f 3040//3040 3113//3113 3220//3220
f 3043//3043 3115//3115 3221//3221
f 3115//3115 3114//3114 3221//3221
f 3111//3111 3118//3118 3218//3218
f 3118//3118 2997//2997 3219//3219
f 3118//3118 3219//3219 3218//3218
f 3124//3124 3122//3122 3169//3169
f 3122//3122 3003//3003 3169//3169
f 3107//3107 3006//3006 3216//3216
f 3113//3113 3011//3011 3220//3220
f 3133//3133 3131//3131 3170//3170
f 3131//3131 3015//3015 3170//3170
f 3109//3109 3022//3022 3217//3217
f 3139//3139 3137//3137 3222//3222
f 3137//3137 3023//3023 3172//3172
f 3137//3137 3172//3172 3222//3222
f 3142//3142 3029//3029 3223//3223
f 3029//3029 3174//3174 3223//3223
f 3144//3144 3032//3032 3176//3176
f 3114//3114 3146//3146 3221//3221
f 3146//3146 3036//3036 3221//3221
f 3081//3081 3149//3149 3224//3224
f 3149//3149 3039//3039 3225//3225
f 3225//3225 3226//3226 3224//3224
f 3149//3149 3225//3225 3224//3224
f 3079//3079 3042//3042 3227//3227
f 3042//3042 3226//3226 3227//3227
f 3002//3002 3219//3219 2999//2999
f 3219//3219 2997//2997 2999//2999
f 3216//3216 3006//3006 3010//3010
f 3009//3009 3216//3216 3010//3010
f 3220//3220 3011//3011 3013//3013
f 3170//3170 3015//3015 3017//3017
f 3018//3018 3170//3170 3017//3017
f 3020//3020 3217//3217 3021//3021
f 3217//3217 3022//3022 3021//3021
f 3028//3028 3228//3228 3025//3025
f 3172//3172 3023//3023 3025//3025
f 3228//3228 3172//3172 3025//3025
f 3229//3229 3174//3174 3029//3029
f 3229//3229 3029//3029 3031//3031
f 3035//3035 3176//3176 3034//3034
f 3176//3176 3032//3032 3034//3034
f 3221//3221 3036//3036 3038//3038
f 3041//3041 3226//3226 3225//3225
f 3225//3225 3039//3039 3041//3041
f 3044//3044 3226//3226 3042//3042
f 3002//3002 3230//3230 3047//3047
f 3230//3230 3200//3200 3231//3231
f 3231//3231 3045//3045 3047//3047
f 3230//3230 3231//3231 3047//3047
f 3005//3005 3202//3202 3232//3232
f 3005//3005 3232//3232 3051//3051
f 3203//3203 3052//3052 3009//3009
f 3013//3013 3206//3206 3233//3233
f 3233//3233 3054//3054 3056//3056
f 3013//3013 3233//3233 3056//3056
f 3018//3018 3208//3208 3234//3234
f 3234//3234 3058//3058 3018//3018
f 3020//3020 3235//3235 3063//3063
f 3235//3235 3211//3211 3236//3236
f 3236//3236 3061//3061 3063//3063
f 3235//3235 3236//3236 3063//3063
f 3028//3028 3237//3237 3068//3068
f 3237//3237 3214//3214 3238//3238
f 3238//3238 3066//3066 3068//3068
f 3237//3237 3238//3238 3068//3068
f 3216//3216 3053//3053 3031//3031
f 3035//3035 3217//3217 3073//3073
f 3217//3217 3064//3064 3073//3073
f 3219//3219 3048//3048 3038//3038
f 3220//3220 3057//3057 3041//3041
f 3221//3221 3077//3077 3044//3044
f 3085//3085 3239//3239 3086//3086
f 3239//3239 3240//3240 3241//3241
f 3239//3239 3241//3241 3086//3086
f 3089//3089 3242//3242 3088//3088
f 3242//3242 3243//3243 3244//3244
f 3244//3244 3087//3087 3088//3088
f 3242//3242 3244//3244 3088//3088
f 3092//3092 3245//3245 3090//3090
f 3095//3095 3246//3246 3247//3247
f 3247//3247 3093//3093 3095//3095
f 3096//3096 3248//3248 3249//3249
f 3096//3096 3249//3249 3097//3097
f 3100//3100 3250//3250 3101//3101
f 3250//3250 3251//3251 3252//3252
f 3250//3250 3252//3252 3101//3101
f 3106//3106 3253//3253 3104//3104
f 3253//3253 3254//3254 3255//3255
f 3255//3255 3102//3102 3104//3104
f 3253//3253 3255//3255 3104//3104
f 3180//3180 3107//3107 3050//3050
f 3060//3060 3185//3185 3110//3110
f 3185//3185 3187//3187 3256//3256
f 3256//3256 3109//3109 3110//3110
f 3185//3185 3256//3256 3110//3110
f 3069//3069 3191//3191 3112//3112
f 3191//3191 3193//3193 3257//3257
f 3257//3257 3111//3111 3112//3112
f 3191//3191 3257//3257 3112//3112
f 3181//3181 3113//3113 3071//3071
f 3074//3074 3194//3194 3116//3116
f 3194//3194 3190//3190 3258//3258
f 3258//3258 3114//3114 3116//3116
f 3194//3194 3258//3258 3116//3116
f 3121//3121 3259//3259 3119//3119
f 3259//3259 3154//3154 3153//3153
f 3153//3153 2997//2997 3119//3119
f 3259//3259 3153//3153 3119//3119
f 3126//3126 3260//3260 3123//3123
f 3260//3260 3156//3156 3155//3155
f 3155//3155 3003//3003 3123//3123
f 3260//3260 3155//3155 3123//3123
f 3128//3128 3157//3157 3006//3006
f 3130//3130 3261//3261 3129//3129
f 3261//3261 3160//3160 3159//3159
f 3159//3159 3011//3011 3129//3129
f 3261//3261 3159//3159 3129//3129
f 3134//3134 3162//3162 3161//3161
f 3161//3161 3015//3015 3132//3132
f 3134//3134 3161//3161 3132//3132
f 3136//3136 3262//3262 3022//3022
f 3262//3262 3165//3165 3022//3022
f 3141//3141 3263//3263 3138//3138
f 3263//3263 3168//3168 3167//3167
f 3167//3167 3023//3023 3138//3138
f 3263//3263 3167//3167 3138//3138
f 3133//3133 3170//3170 3145//3145
f 3170//3170 3032//3032 3145//3145
f 3139//3139 3222//3222 3147//3147
f 3222//3222 3172//3172 3171//3171
f 3171//3171 3036//3036 3147//3147
f 3222//3222 3171//3171 3147//3147
f 3142//3142 3223//3223 3150//3150
f 3223//3223 3174//3174 3173//3173
f 3173//3173 3039//3039 3150//3150
f 3223//3223 3173//3173 3150//3150
f 3144//3144 3176//3176 3042//3042
f 3200//3200 3230//3230 3198//3198
f 3230//3230 3002//3002 3001//3001
f 3001//3001 3000//3000 3198//3198
f 3230//3230 3001//3001 3198//3198
f 3202//3202 3005//3005 3004//3004
f 3008//3008 3007//3007 3203//3203
f 3009//3009 3008//3008 3203//3203
f 3208//3208 3018//3018 3016//3016
f 3211//3211 3235//3235 3209//3209
f 3235//3235 3020//3020 3019//3019
f 3235//3235 3019//3019 3209//3209
f 3214//3214 3237//3237 3212//3212
f 3237//3237 3028//3028 3027//3027
f 3027//3027 3026//3026 3212//3212
f 3237//3237 3027//3027 3212//3212
f 3031//3031 3030//3030 3215//3215
f 3216//3216 3031//3031 3215//3215
f 3217//3217 3035//3035 3033//3033
f 3038//3038 3037//3037 3219//3219
f 3041//3041 3040//3040 3220//3220
f 3044//3044 3043//3043 3221//3221
f 3219//3219 3002//3002 3049//3049
f 3049//3049 3048//3048 3219//3219
f 3169//3169 3005//3005 3050//3050
f 3009//3009 3053//3053 3216//3216
f 3013//3013 3057//3057 3220//3220
f 3018//3018 3060//3060 3170//3170
f 3217//3217 3020//3020 3065//3065
f 3065//3065 3064//3064 3217//3217
f 3172//3172 3228//3228 3264//3264
f 3228//3228 3028//3028 3070//3070
f 3070//3070 3069//3069 3264//3264
f 3228//3228 3070//3070 3264//3264
f 3176//3176 3035//3035 3075//3075
f 3075//3075 3074//3074 3176//3176
f 3221//3221 3038//3038 3077//3077
f 3226//3226 3041//3041 3227//3227
f 3041//3041 3079//3079 3227//3227
f 3226//3226 3044//3044 3224//3224
f 3082//3082 3081//3081 3224//3224
f 3044//3044 3082//3082 3224//3224
f 3154//3154 3265//3265 3152//3152
f 3265//3265 3085//3085 3084//3084
f 3084//3084 3000//3000 3152//3152
f 3265//3265 3084//3084 3152//3152
f 3156//3156 3266//3266 3004//3004
f 3266//3266 3089//3089 3004//3004
f 3091//3091 3007//3007 3157//3157
f 3092//3092 3091//3091 3157//3157
f 3160//3160 3095//3095 3158//3158
f 3095//3095 3014//3014 3158//3158
f 3162//3162 3267//3267 3163//3163
f 3267//3267 3096//3096 3016//3016
f 3267//3267 3016//3016 3163//3163
f 3165//3165 3268//3268 3164//3164
f 3268//3268 3100//3100 3099//3099
f 3099//3099 3019//3019 3164//3164
f 3268//3268 3099//3099 3164//3164
f 3168//3168 3269//3269 3166//3166
f 3269//3269 3106//3106 3105//3105
f 3105//3105 3026//3026 3166//3166
f 3269//3269 3105//3105 3166//3166
f 3050//3050 3030//3030 3169//3169
f 3172//3172 3264//3264 3037//3037
f 3264//3264 3069//3069 3037//3037
f 3174//3174 3071//3071 3175//3175
f 3071//3071 3040//3040 3175//3175
f 3176//3176 3074//3074 3117//3117
f 3117//3117 3043//3043 3176//3176
f 3193//3193 3270//3270 3257//3257
f 3270//3270 3121//3121 3120//3120
f 3120//3120 3111//3111 3257//3257
f 3270//3270 3120//3120 3257//3257
f 3180//3180 3128//3128 3127//3127
f 3127//3127 3107//3107 3180//3180
f 3181//3181 3130//3130 3113//3113
f 3184//3184 3134//3134 3271//3271
f 3134//3134 3133//3133 3271//3271
f 3187//3187 3272//3272 3256//3256
f 3272//3272 3136//3136 3135//3135
f 3135//3135 3109//3109 3256//3256
f 3272//3272 3135//3135 3256//3256
f 3190//3190 3273//3273 3274//3274
f 3273//3273 3141//3141 3140//3140
f 3140//3140 3139//3139 3274//3274
f 3273//3273 3140//3140 3274//3274
f 3179//3179 3275//3275 3276//3276
f 3275//3275 3124//3124 3143//3143
f 3143//3143 3142//3142 3276//3276
f 3275//3275 3143//3143 3276//3276
f 3184//3184 3271//3271 3144//3144
f 3271//3271 3133//3133 3144//3144
f 3190//3190 3274//3274 3258//3258
f 3274//3274 3139//3139 3148//3148
f 3148//3148 3114//3114 3258//3258
f 3274//3274 3148//3148 3258//3258
f 3179//3179 3276//3276 3197//3197
f 3276//3276 3142//3142 3151//3151
f 3151//3151 3081//3081 3197//3197
f 3276//3276 3151//3151 3197//3197
f 3184//3184 3144//3144 3196//3196
f 3144//3144 3079//3079 3196//3196
f 3277//3277 3278//3278 3279//3279
f 3278//3278 3280//3280 3279//3279
f 3281//3281 3282//3282 3283//3283
f 3282//3282 3284//3284 3283//3283
f 3285//3285 3286//3286 3287//3287
f 3288//3288 3289//3289 3290//3290
f 3289//3289 3291//3291 3290//3290
f 3292//3292 3293//3293 3294//3294
f 3295//3295 3296//3296 3297//3297
f 3298//3298 3299//3299 3300//3300
f 3298//3298 3300//3300 3301//3301
f 3302//3302 3303//3303 3304//3304
f 3303//3303 3305//3305 3306//3306
f 3303//3303 3306//3306 3304//3304
f 3307//3307 3308//3308 3309//3309
f 3310//3310 3311//3311 3312//3312
f 3311//3311 3313//3313 3312//3312
f 3314//3314 3315//3315 3316//3316
f 3317//3317 3318//3318 3319//3319
f 3319//3319 3320//3320 3317//3317
f 3321//3321 3322//3322 3279//3279
f 3322//3322 3323//3323 3279//3279
f 3324//3324 3325//3325 3283//3283
f 3326//3326 3327//3327 3328//3328
f 3327//3327 3286//3286 3328//3328
f 3329//3329 3291//3291 3330//3330
f 3331//3331 3332//3332 3294//3294
f 3333//3333 3334//3334 3296//3296
f 3335//3335 3336//3336 3300//3300
f 3336//3336 3337//3337 3300//3300
f 3338//3338 3306//3306 3327//3327
f 3334//3334 3339//3339 3308//3308
f 3323//3323 3340//3340 3312//3312
f 3329//3329 3341//3341 3316//3316
f 3342//3342 3320//3320 3340//3340
f 3343//3343 3280//3280 3344//3344
f 3345//3345 3284//3284 3346//3346
f 3346//3346 3347//3347 3345//3345
f 3348//3348 3285//3285 3349//3349
f 3350//3350 3289//3289 3351//3351
f 3289//3289 3352//3352 3351//3351
f 3293//3293 3353//3353 3354//3354
f 3355//3355 3356//3356 3357//3357
f 3295//3295 3355//3355 3357//3357
f 3358//3358 3359//3359 3360//3360
f 3359//3359 3299//3299 3361//3361
f 3361//3361 3362//3362 3360//3360
f 3359//3359 3361//3361 3360//3360
f 3363//3363 3364//3364 3325//3325
f 3364//3364 3305//3305 3325//3325
f 3365//3365 3307//3307 3332//3332
f 3366//3366 3313//3313 3337//3337
f 3367//3367 3315//3315 3338//3338
f 3368//3368 3369//3369 3370//3370
f 3369//3369 3318//3318 3371//3371
f 3371//3371 3339//3339 3370//3370
f 3369//3369 3371//3371 3370//3370
f 3366//3366 3372//3372 3277//3277
f 3281//3281 3373//3373 3374//3374
f 3374//3374 3375//3375 3376//3376
f 3281//3281 3374//3374 3376//3376
f 3363//3363 3377//3377 3287//3287
f 3367//3367 3378//3378 3288//3288
f 3292//3292 3379//3379 3380//3380
f 3297//3297 3365//3365 3381//3381
f 3381//3381 3382//3382 3297//3297
f 3301//3301 3383//3383 3384//3384
f 3383//3383 3385//3385 3386//3386
f 3386//3386 3387//3387 3384//3384
f 3383//3383 3386//3386 3384//3384
f 3302//3302 3388//3388 3389//3389
f 3388//3388 3390//3390 3391//3391
f 3391//3391 3373//3373 3389//3389
f 3388//3388 3391//3391 3389//3389
f 3309//3309 3392//3392 3379//3379
f 3310//3310 3393//3393 3385//3385
f 3393//3393 3368//3368 3385//3385
f 3314//3314 3342//3342 3394//3394
f 3394//3394 3390//3390 3395//3395
f 3314//3314 3394//3394 3395//3395
f 3317//3317 3341//3341 3392//3392
f 3280//3280 3278//3278 3396//3396
f 3278//3278 3277//3277 3396//3396
f 3284//3284 3282//3282 3397//3397
f 3282//3282 3281//3281 3397//3397
f 3285//3285 3287//3287 3398//3398
f 3289//3289 3288//3288 3399//3399
f 3399//3399 3400//3400 3289//3289
f 3293//3293 3292//3292 3401//3401
f 3295//3295 3297//3297 3402//3402
f 3403//3403 3404//3404 3402//3402
f 3297//3297 3403//3403 3402//3402
f 3299//3299 3298//3298 3405//3405
f 3298//3298 3301//3301 3406//3406
f 3406//3406 3407//3407 3405//3405
f 3298//3298 3406//3406 3405//3405
f 3305//3305 3303//3303 3408//3408
f 3303//3303 3302//3302 3408//3408
f 3309//3309 3409//3409 3307//3307
f 3313//3313 3311//3311 3410//3410
f 3311//3311 3310//3310 3410//3410
f 3314//3314 3411//3411 3315//3315
f 3318//3318 3317//3317 3412//3412
f 3317//3317 3413//3413 3412//3412
f 3322//3322 3321//3321 3414//3414
f 3322//3322 3414//3414 3323//3323
f 3324//3324 3415//3415 3325//3325
f 3327//3327 3326//3326 3416//3416
f 3330//3330 3417//3417 3329//3329
f 3332//3332 3331//3331 3418//3418
f 3418//3418 3419//3419 3332//3332
f 3334//3334 3333//3333 3420//3420
f 3420//3420 3421//3421 3334//3334
f 3337//3337 3336//3336 3422//3422
f 3336//3336 3335//3335 3423//3423
f 3336//3336 3423//3423 3422//3422
f 3338//3338 3327//3327 3416//3416
f 3339//3339 3334//3334 3424//3424
f 3334//3334 3421//3421 3424//3424
f 3323//3323 3414//3414 3340//3340
f 3329//3329 3417//3417 3341//3341
f 3342//3342 3340//3340 3414//3414
f 3280//3280 3343//3343 3425//3425
f 3284//3284 3345//3345 3426//3426
f 3285//3285 3348//3348 3427//3427
f 3289//3289 3350//3350 3428//3428
f 3428//3428 3429//3429 3289//3289
f 3354//3354 3430//3430 3293//3293
f 3295//3295 3357//3357 3431//3431
f 3431//3431 3432//3432 3433//3433
f 3295//3295 3431//3431 3433//3433
f 3299//3299 3359//3359 3434//3434
f 3359//3359 3358//3358 3435//3435
f 3435//3435 3436//3436 3434//3434
f 3359//3359 3435//3435 3434//3434
f 3305//3305 3364//3364 3437//3437
f 3364//3364 3363//3363 3438//3438
f 3364//3364 3438//3438 3437//3437
f 3307//3307 3365//3365 3439//3439
f 3313//3313 3366//3366 3440//3440
f 3441//3441 3442//3442 3440//3440
f 3366//3366 3441//3441 3440//3440
f 3367//3367 3443//3443 3315//3315
f 3318//3318 3369//3369 3444//3444
f 3369//3369 3368//3368 3445//3445
f 3445//3445 3446//3446 3444//3444
f 3369//3369 3445//3445 3444//3444
f 3366//3366 3277//3277 3447//3447
f 3447//3447 3442//3442 3441//3441
f 3366//3366 3447//3447 3441//3441
f 3373//3373 3281//3281 3448//3448
f 3449//3449 3408//3408 3448//3448
f 3281//3281 3449//3449 3448//3448
f 3363//3363 3287//3287 3438//3438
f 3367//3367 3288//3288 3450//3450
f 3450//3450 3443//3443 3367//3367
f 3379//3379 3292//3292 3451//3451
f 3451//3451 3409//3409 3379//3379
f 3297//3297 3439//3439 3365//3365
f 3385//3385 3383//3383 3410//3410
f 3383//3383 3301//3301 3410//3410
f 3390//3390 3388//3388 3452//3452
f 3388//3388 3302//3302 3453//3453
f 3453//3453 3411//3411 3452//3452
f 3388//3388 3453//3453 3452//3452
f 3392//3392 3309//3309 3454//3454
f 3309//3309 3413//3413 3454//3454
f 3368//3368 3393//3393 3445//3445
f 3393//3393 3310//3310 3455//3455
f 3455//3455 3446//3446 3445//3445
f 3393//3393 3455//3455 3445//3445
f 3342//3342 3314//3314 3456//3456
f 3317//3317 3456//3456 3341//3341
f 3457//3457 3442//3442 3447//3447
f 3447//3447 3277//3277 3279//3279
f 3457//3457 3447//3447 3279//3279
f 3283//3283 3408//3408 3449//3449
f 3449//3449 3281//3281 3283//3283
f 3286//3286 3458//3458 3287//3287
f 3458//3458 3438//3438 3287//3287
f 3291//3291 3459//3459 3290//3290
f 3459//3459 3443//3443 3450//3450
f 3450//3450 3288//3288 3290//3290
f 3459//3459 3450//3450 3290//3290
f 3294//3294 3409//3409 3451//3451
f 3451//3451 3292//3292 3294//3294
f 3296//3296 3460//3460 3297//3297
f 3460//3460 3439//3439 3297//3297
f 3300//3300 3410//3410 3301//3301
f 3306//3306 3411//3411 3453//3453
f 3453//3453 3302//3302 3304//3304
f 3306//3306 3453//3453 3304//3304
f 3308//3308 3413//3413 3309//3309
f 3312//3312 3446//3446 3455//3455
f 3455//3455 3310//3310 3312//3312
f 3461//3461 3456//3456 3314//3314
f 3461//3461 3314//3314 3316//3316
f 3320//3320 3456//3456 3317//3317
f 3425//3425 3321//3321 3279//3279
f 3426//3426 3324//3324 3283//3283
f 3286//3286 3427//3427 3328//3328
f 3427//3427 3326//3326 3328//3328
f 3291//3291 3429//3429 3330//3330
f 3294//3294 3430//3430 3462//3462
f 3462//3462 3331//3331 3294//3294
f 3463//3463 3432//3432 3464//3464
f 3464//3464 3333//3333 3296//3296
f 3463//3463 3464//3464 3296//3296
f 3300//3300 3436//3436 3465//3465
f 3465//3465 3335//3335 3300//3300
f 3306//3306 3438//3438 3327//3327
f 3308//3308 3439//3439 3334//3334
f 3312//3312 3442//3442 3323//3323
f 3316//3316 3466//3466 3329//3329
f 3466//3466 3443//3443 3329//3329
f 3320//3320 3467//3467 3340//3340
f 3467//3467 3446//3446 3340//3340
f 3468//3468 3343//3343 3344//3344
f 3347//3347 3469//3469 3345//3345
f 3469//3469 3470//3470 3345//3345
f 3349//3349 3471//3471 3472//3472
f 3472//3472 3348//3348 3349//3349
f 3352//3352 3473//3473 3351//3351
f 3473//3473 3474//3474 3475//3475
f 3475//3475 3350//3350 3351//3351
f 3473//3473 3475//3475 3351//3351
f 3353//3353 3476//3476 3354//3354
f 3356//3356 3477//3477 3357//3357
f 3477//3477 3478//3478 3357//3357
f 3362//3362 3479//3479 3360//3360
f 3479//3479 3480//3480 3481//3481
f 3481//3481 3358//3358 3360//3360
f 3479//3479 3481//3481 3360//3360
f 3325//3325 3415//3415 3363//3363
f 3332//3332 3419//3419 3482//3482
f 3482//3482 3365//3365 3332//3332
f 3337//3337 3422//3422 3366//3366
f 3422//3422 3423//3423 3366//3366
f 3338//3338 3416//3416 3367//3367
f 3339//3339 3424//3424 3370//3370
f 3421//3421 3368//3368 3370//3370
f 3424//3424 3421//3421 3370//3370
f 3372//3372 3396//3396 3277//3277
f 3375//3375 3397//3397 3376//3376
f 3397//3397 3281//3281 3376//3376
f 3377//3377 3398//3398 3287//3287
f 3378//3378 3483//3483 3288//3288
f 3483//3483 3400//3400 3399//3399
f 3483//3483 3399//3399 3288//3288
f 3401//3401 3292//3292 3380//3380
f 3382//3382 3484//3484 3297//3297
f 3484//3484 3404//3404 3403//3403
f 3484//3484 3403//3403 3297//3297
f 3387//3387 3485//3485 3384//3384
f 3485//3485 3407//3407 3406//3406
f 3406//3406 3301//3301 3384//3384
f 3485//3485 3406//3406 3384//3384
f 3373//3373 3448//3448 3389//3389
f 3408//3408 3302//3302 3389//3389
f 3448//3448 3408//3408 3389//3389
f 3379//3379 3409//3409 3309//3309
f 3410//3410 3310//3310 3385//3385
f 3390//3390 3452//3452 3395//3395
f 3452//3452 3411//3411 3314//3314
f 3452//3452 3314//3314 3395//3395
f 3392//3392 3454//3454 3317//3317
f 3454//3454 3413//3413 3317//3317
f 3279//3279 3280//3280 3425//3425
f 3283//3283 3284//3284 3426//3426
f 3427//3427 3286//3286 3285//3285
f 3429//3429 3291//3291 3289//3289
f 3430//3430 3294//3294 3293//3293
f 3432//3432 3463//3463 3433//3433
f 3463//3463 3296//3296 3295//3295
f 3463//3463 3295//3295 3433//3433
f 3436//3436 3300//3300 3434//3434
f 3300//3300 3299//3299 3434//3434
f 3438//3438 3306//3306 3437//3437
f 3306//3306 3305//3305 3437//3437
f 3308//3308 3307//3307 3439//3439
f 3442//3442 3312//3312 3440//3440
f 3312//3312 3313//3313 3440//3440
f 3443//3443 3466//3466 3315//3315
f 3466//3466 3316//3316 3315//3315
f 3446//3446 3467//3467 3444//3444
f 3467//3467 3320//3320 3319//3319
f 3319//3319 3318//3318 3444//3444
f 3467//3467 3319//3319 3444//3444
f 3442//3442 3457//3457 3323//3323
f 3457//3457 3279//3279 3323//3323
f 3283//3283 3325//3325 3408//3408
f 3438//3438 3458//3458 3327//3327
f 3458//3458 3286//3286 3327//3327
f 3443//3443 3459//3459 3329//3329
f 3459//3459 3291//3291 3329//3329
f 3409//3409 3294//3294 3332//3332
f 3439//3439 3460//3460 3334//3334
f 3460//3460 3296//3296 3334//3334
f 3300//3300 3337//3337 3410//3410
f 3411//3411 3306//3306 3338//3338
f 3413//3413 3308//3308 3486//3486
f 3308//3308 3339//3339 3486//3486
f 3446//3446 3312//3312 3340//3340
f 3456//3456 3461//3461 3341//3341
f 3461//3461 3316//3316 3341//3341
f 3320//3320 3342//3342 3456//3456
f 3344//3344 3280//3280 3396//3396
f 3397//3397 3347//3347 3346//3346
f 3346//3346 3284//3284 3397//3397
f 3398//3398 3349//3349 3285//3285
f 3400//3400 3487//3487 3289//3289
f 3487//3487 3352//3352 3289//3289
f 3401//3401 3353//3353 3293//3293
f 3404//3404 3488//3488 3402//3402
f 3488//3488 3356//3356 3355//3355
f 3355//3355 3295//3295 3402//3402
f 3488//3488 3355//3355 3402//3402
f 3407//3407 3489//3489 3405//3405
f 3489//3489 3362//3362 3361//3361
f 3361//3361 3299//3299 3405//3405
f 3489//3489 3361//3361 3405//3405
f 3325//3325 3305//3305 3408//3408
f 3409//3409 3332//3332 3307//3307
f 3337//3337 3313//3313 3410//3410
f 3411//3411 3338//3338 3315//3315
f 3413//3413 3486//3486 3412//3412
f 3486//3486 3339//3339 3371//3371
f 3371//3371 3318//3318 3412//3412
f 3486//3486 3371//3371 3412//3412
f 3423//3423 3372//3372 3366//3366
f 3414//3414 3375//3375 3374//3374
f 3374//3374 3373//3373 3414//3414
f 3415//3415 3490//3490 3363//3363
f 3490//3490 3377//3377 3363//3363
f 3416//3416 3378//3378 3367//3367
f 3417//3417 3491//3491 3379//3379
f 3491//3491 3380//3380 3379//3379
f 3419//3419 3492//3492 3482//3482
f 3492//3492 3382//3382 3381//3381
f 3381//3381 3365//3365 3482//3482
f 3492//3492 3381//3381 3482//3482
f 3421//3421 3387//3387 3386//3386
f 3386//3386 3385//3385 3493//3493
f 3421//3421 3386//3386 3493//3493
f 3414//3414 3373//3373 3391//3391
f 3391//3391 3390//3390 3414//3414
f 3417//3417 3379//3379 3494//3494
f 3379//3379 3392//3392 3494//3494
f 3493//3493 3385//3385 3368//3368
f 3493//3493 3368//3368 3421//3421
f 3414//3414 3390//3390 3394//3394
f 3394//3394 3342//3342 3414//3414
f 3417//3417 3494//3494 3341//3341
f 3494//3494 3392//3392 3341//3341
f 3495//3495 3496//3496 3497//3497
f 3498//3498 3499//3499 3500//3500
f 3500//3500 3501//3501 3502//3502
f 3498//3498 3500//3500 3502//3502
f 3503//3503 3504//3504 3505//3505
f 3504//3504 3506//3506 3505//3505
f 3507//3507 3508//3508 3509//3509
f 3508//3508 3510//3510 3511//3511
f 3508//3508 3511//3511 3509//3509
f 3512//3512 3513//3513 3514//3514
f 3515//3515 3516//3516 3517//3517
f 3518//3518 3519//3519 3520//3520
f 3520//3520 3521//3521 3518//3518
f 3522//3522 3523//3523 3524//3524
f 3524//3524 3525//3525 3522//3522
f 3526//3526 3527//3527 3528//3528
f 3529//3529 3530//3530 3531//3531
f 3532//3532 3533//3533 3534//3534
f 3535//3535 3536//3536 3537//3537
f 3538//3538 3539//3539 3497//3497
f 3540//3540 3541//3541 3542//3542
f 3541//3541 3543//3543 3544//3544
f 3544//3544 3501//3501 3542//3542
f 3541//3541 3544//3544 3542//3542
f 3545//3545 3546//3546 3506//3506
f 3547//3547 3548//3548 3511//3511
f 3549//3549 3550//3550 3514//3514
f 3551//3551 3552//3552 3553//3553
f 3552//3552 3516//3516 3553//3553
f 3554//3554 3555//3555 3556//3556
f 3555//3555 3521//3521 3556//3556
f 3546//3546 3557//3557 3525//3525
f 3557//3557 3558//3558 3525//3525
f 3552//3552 3559//3559 3560//3560
f 3560//3560 3527//3527 3552//3552
f 3539//3539 3561//3561 3531//3531
f 3548//3548 3562//3562 3534//3534
f 3563//3563 3564//3564 3537//3537
f 3563//3563 3537//3537 3561//3561
f 3565//3565 3566//3566 3567//3567
f 3566//3566 3496//3496 3568//3568
f 3568//3568 3569//3569 3567//3567
f 3566//3566 3568//3568 3567//3567
f 3570//3570 3571//3571 3572//3572
f 3571//3571 3499//3499 3573//3573
f 3573//3573 3574//3574 3572//3572
f 3571//3571 3573//3573 3572//3572
f 3575//3575 3504//3504 3576//3576
f 3577//3577 3578//3578 3579//3579
f 3510//3510 3580//3580 3579//3579
f 3578//3578 3510//3510 3579//3579
f 3581//3581 3513//3513 3582//3582
f 3513//3513 3583//3583 3582//3582
f 3515//3515 3584//3584 3585//3585
f 3586//3586 3587//3587 3588//3588
f 3587//3587 3519//3519 3589//3589
f 3589//3589 3590//3590 3588//3588
f 3587//3587 3589//3589 3588//3588
f 3591//3591 3523//3523 3592//3592
f 3523//3523 3543//3543 3592//3592
f 3593//3593 3526//3526 3594//3594
f 3594//3594 3550//3550 3593//3593
f 3530//3530 3555//3555 3595//3595
f 3533//3533 3558//3558 3596//3596
f 3597//3597 3598//3598 3599//3599
f 3598//3598 3536//3536 3600//3600
f 3600//3600 3559//3559 3599//3599
f 3598//3598 3600//3600 3599//3599
f 3495//3495 3595//3595 3601//3601
f 3602//3602 3603//3603 3604//3604
f 3502//3502 3602//3602 3604//3604
f 3503//3503 3591//3591 3605//3605
f 3591//3591 3606//3606 3605//3605
f 3596//3596 3607//3607 3507//3507
f 3512//3512 3608//3608 3609//3609
f 3517//3517 3593//3593 3610//3610
f 3593//3593 3611//3611 3610//3610
f 3612//3612 3613//3613 3518//3518
f 3614//3614 3612//3612 3518//3518
f 3522//3522 3615//3615 3602//3602
f 3528//3528 3616//3616 3608//3608
f 3529//3529 3597//3597 3614//3614
f 3532//3532 3617//3617 3618//3618
f 3617//3617 3564//3564 3619//3619
f 3619//3619 3615//3615 3618//3618
f 3617//3617 3619//3619 3618//3618
f 3562//3562 3616//3616 3535//3535
f 3496//3496 3495//3495 3620//3620
f 3620//3620 3621//3621 3622//3622
f 3496//3496 3620//3620 3622//3622
f 3499//3499 3498//3498 3623//3623
f 3502//3502 3624//3624 3623//3623
f 3498//3498 3502//3502 3623//3623
f 3504//3504 3503//3503 3625//3625
f 3510//3510 3508//3508 3626//3626
f 3508//3508 3507//3507 3626//3626
f 3513//3513 3512//3512 3627//3627
f 3517//3517 3628//3628 3515//3515
f 3519//3519 3518//3518 3629//3629
f 3518//3518 3630//3630 3629//3629
f 3523//3523 3522//3522 3631//3631
f 3522//3522 3632//3632 3631//3631
f 3526//3526 3528//3528 3633//3633
f 3634//3634 3635//3635 3633//3633
f 3528//3528 3634//3634 3633//3633
f 3529//3529 3636//3636 3530//3530
f 3533//3533 3532//3532 3637//3637
f 3536//3536 3535//3535 3638//3638
f 3539//3539 3538//3538 3639//3639
f 3639//3639 3640//3640 3641//3641
f 3539//3539 3639//3639 3641//3641
f 3543//3543 3541//3541 3642//3642
f 3541//3541 3540//3540 3643//3643
f 3643//3643 3644//3644 3642//3642
f 3541//3541 3643//3643 3642//3642
f 3546//3546 3545//3545 3645//3645
f 3548//3548 3547//3547 3646//3646
f 3550//3550 3549//3549 3647//3647
f 3647//3647 3648//3648 3550//3550
f 3552//3552 3551//3551 3649//3649
f 3555//3555 3554//3554 3650//3650
f 3650//3650 3651//3651 3652//3652
f 3555//3555 3650//3650 3652//3652
f 3558//3558 3557//3557 3645//3645
f 3557//3557 3546//3546 3645//3645
f 3559//3559 3552//3552 3649//3649
f 3561//3561 3539//3539 3641//3641
f 3641//3641 3640//3640 3561//3561
f 3562//3562 3548//3548 3646//3646
f 3564//3564 3563//3563 3653//3653
f 3561//3561 3640//3640 3653//3653
f 3563//3563 3561//3561 3653//3653
f 3496//3496 3566//3566 3654//3654
f 3566//3566 3565//3565 3654//3654
f 3499//3499 3571//3571 3655//3655
f 3571//3571 3570//3570 3655//3655
f 3575//3575 3656//3656 3504//3504
f 3510//3510 3578//3578 3657//3657
f 3578//3578 3577//3577 3658//3658
f 3658//3658 3659//3659 3657//3657
f 3578//3578 3658//3658 3657//3657
f 3513//3513 3581//3581 3660//3660
f 3660//3660 3661//3661 3513//3513
f 3515//3515 3585//3585 3662//3662
f 3662//3662 3663//3663 3515//3515
f 3519//3519 3587//3587 3664//3664
f 3587//3587 3586//3586 3665//3665
f 3665//3665 3666//3666 3664//3664
f 3587//3587 3665//3665 3664//3664
f 3523//3523 3591//3591 3667//3667
f 3526//3526 3593//3593 3668//3668
f 3595//3595 3669//3669 3530//3530
f 3533//3533 3596//3596 3670//3670
f 3536//3536 3598//3598 3671//3671
f 3598//3598 3597//3597 3672//3672
f 3672//3672 3673//3673 3671//3671
f 3598//3598 3672//3672 3671//3671
f 3595//3595 3495//3495 3674//3674
f 3674//3674 3669//3669 3595//3595
f 3502//3502 3632//3632 3602//3602
f 3591//3591 3503//3503 3667//3667
f 3596//3596 3507//3507 3670//3670
f 3512//3512 3635//3635 3608//3608
f 3593//3593 3517//3517 3668//3668
f 3518//3518 3636//3636 3675//3675
f 3614//3614 3518//3518 3675//3675
f 3615//3615 3522//3522 3637//3637
f 3528//3528 3638//3638 3616//3616
f 3597//3597 3529//3529 3672//3672
f 3529//3529 3673//3673 3672//3672
f 3564//3564 3617//3617 3676//3676
f 3617//3617 3532//3532 3677//3677
f 3677//3677 3678//3678 3676//3676
f 3617//3617 3677//3677 3676//3676
f 3535//3535 3678//3678 3562//3562
f 3497//3497 3669//3669 3674//3674
f 3674//3674 3495//3495 3497//3497
f 3501//3501 3679//3679 3502//3502
f 3679//3679 3632//3632 3502//3502
f 3506//3506 3667//3667 3505//3505
f 3667//3667 3503//3503 3505//3505
f 3670//3670 3507//3507 3509//3509
f 3511//3511 3670//3670 3509//3509
f 3514//3514 3635//3635 3512//3512
f 3516//3516 3668//3668 3517//3517
f 3521//3521 3680//3680 3518//3518
f 3680//3680 3636//3636 3518//3518
f 3525//3525 3637//3637 3522//3522
f 3527//3527 3638//3638 3528//3528
f 3531//3531 3673//3673 3529//3529
f 3534//3534 3678//3678 3677//3677
f 3677//3677 3532//3532 3534//3534
f 3537//3537 3678//3678 3535//3535
f 3497//3497 3654//3654 3681//3681
f 3681//3681 3538//3538 3497//3497
f 3501//3501 3655//3655 3542//3542
f 3655//3655 3540//3540 3542//3542
f 3656//3656 3545//3545 3506//3506
f 3511//3511 3659//3659 3547//3547
f 3514//3514 3661//3661 3682//3682
f 3682//3682 3549//3549 3514//3514
f 3516//3516 3683//3683 3553//3553
f 3683//3683 3663//3663 3684//3684
f 3684//3684 3551//3551 3553//3553
f 3683//3683 3684//3684 3553//3553
f 3521//3521 3685//3685 3556//3556
f 3685//3685 3666//3666 3686//3686
f 3686//3686 3554//3554 3556//3556
f 3685//3685 3686//3686 3556//3556
f 3667//3667 3546//3546 3525//3525
f 3527//3527 3687//3687 3552//3552
f 3687//3687 3668//3668 3552//3552
f 3669//3669 3539//3539 3531//3531
f 3670//3670 3548//3548 3534//3534
f 3537//3537 3673//3673 3561//3561
f 3569//3569 3688//3688 3567//3567
f 3688//3688 3689//3689 3690//3690
f 3690//3690 3565//3565 3567//3567
f 3688//3688 3690//3690 3567//3567
f 3574//3574 3691//3691 3572//3572
f 3691//3691 3692//3692 3693//3693
f 3693//3693 3570//3570 3572//3572
f 3691//3691 3693//3693 3572//3572
f 3576//3576 3694//3694 3695//3695
f 3695//3695 3575//3575 3576//3576
f 3580//3580 3696//3696 3579//3579
f 3696//3696 3577//3577 3579//3579
f 3583//3583 3697//3697 3582//3582
f 3698//3698 3581//3581 3582//3582
f 3697//3697 3698//3698 3582//3582
f 3584//3584 3699//3699 3585//3585
f 3699//3699 3700//3700 3585//3585
f 3590//3590 3701//3701 3588//3588
f 3701//3701 3702//3702 3703//3703
f 3703//3703 3586//3586 3588//3588
f 3701//3701 3703//3703 3588//3588
f 3543//3543 3642//3642 3592//3592
f 3642//3642 3644//3644 3591//3591
f 3642//3642 3591//3591 3592//3592
f 3550//3550 3648//3648 3593//3593
f 3555//3555 3652//3652 3595//3595
f 3652//3652 3651//3651 3595//3595
f 3558//3558 3645//3645 3596//3596
f 3559//3559 3649//3649 3599//3599
f 3649//3649 3597//3597 3599//3599
f 3620//3620 3495//3495 3601//3601
f 3621//3621 3620//3620 3601//3601
f 3603//3603 3704//3704 3604//3604
f 3704//3704 3624//3624 3502//3502
f 3704//3704 3502//3502 3604//3604
f 3625//3625 3503//3503 3605//3605
f 3606//3606 3625//3625 3605//3605
f 3607//3607 3626//3626 3507//3507
f 3609//3609 3627//3627 3512//3512
f 3611//3611 3705//3705 3610//3610
f 3705//3705 3628//3628 3517//3517
f 3705//3705 3517//3517 3610//3610
f 3613//3613 3706//3706 3518//3518
f 3706//3706 3630//3630 3518//3518
f 3602//3602 3632//3632 3522//3522
f 3608//3608 3635//3635 3634//3634
f 3608//3608 3634//3634 3528//3528
f 3614//3614 3675//3675 3529//3529
f 3675//3675 3636//3636 3529//3529
f 3615//3615 3637//3637 3618//3618
f 3637//3637 3532//3532 3618//3618
f 3616//3616 3638//3638 3535//3535
f 3497//3497 3496//3496 3654//3654
f 3655//3655 3501//3501 3500//3500
f 3500//3500 3499//3499 3655//3655
f 3656//3656 3506//3506 3504//3504
f 3659//3659 3511//3511 3657//3657
f 3511//3511 3510//3510 3657//3657
f 3661//3661 3514//3514 3513//3513
f 3663//3663 3683//3683 3515//3515
f 3683//3683 3516//3516 3515//3515
f 3666//3666 3685//3685 3664//3664
f 3685//3685 3521//3521 3520//3520
f 3520//3520 3519//3519 3664//3664
f 3685//3685 3520//3520 3664//3664
f 3667//3667 3525//3525 3524//3524
f 3524//3524 3523//3523 3667//3667
f 3687//3687 3527//3527 3526//3526
f 3687//3687 3526//3526 3668//3668
f 3669//3669 3531//3531 3530//3530
f 3534//3534 3533//3533 3670//3670
f 3673//3673 3537//3537 3671//3671
f 3537//3537 3536//3536 3671//3671
f 3497//3497 3539//3539 3669//3669
f 3632//3632 3679//3679 3707//3707
f 3679//3679 3501//3501 3544//3544
f 3544//3544 3543//3543 3707//3707
f 3679//3679 3544//3544 3707//3707
f 3667//3667 3506//3506 3546//3546
f 3511//3511 3548//3548 3670//3670
f 3635//3635 3514//3514 3550//3550
f 3668//3668 3516//3516 3552//3552
f 3636//3636 3680//3680 3555//3555
f 3680//3680 3521//3521 3555//3555
f 3525//3525 3558//3558 3637//3637
f 3638//3638 3527//3527 3560//3560
f 3560//3560 3559//3559 3638//3638
f 3673//3673 3531//3531 3561//3561
f 3678//3678 3534//3534 3562//3562
f 3678//3678 3537//3537 3676//3676
f 3537//3537 3564//3564 3676//3676
f 3621//3621 3569//3569 3568//3568
f 3568//3568 3496//3496 3622//3622
f 3621//3621 3568//3568 3622//3622
f 3624//3624 3708//3708 3623//3623
f 3708//3708 3574//3574 3573//3573
f 3573//3573 3499//3499 3623//3623
f 3708//3708 3573//3573 3623//3623
f 3625//3625 3576//3576 3504//3504
f 3626//3626 3580//3580 3510//3510
f 3583//3583 3513//3513 3627//3627
f 3628//3628 3709//3709 3515//3515
f 3709//3709 3584//3584 3515//3515
f 3630//3630 3710//3710 3629//3629
f 3710//3710 3590//3590 3589//3589
f 3589//3589 3519//3519 3629//3629
f 3710//3710 3589//3589 3629//3629
f 3632//3632 3707//3707 3631//3631
f 3707//3707 3543//3543 3523//3523
f 3707//3707 3523//3523 3631//3631
f 3635//3635 3550//3550 3633//3633
f 3594//3594 3526//3526 3633//3633
f 3550//3550 3594//3594 3633//3633
f 3636//3636 3555//3555 3530//3530
f 3637//3637 3558//3558 3533//3533
f 3638//3638 3559//3559 3600//3600
f 3600//3600 3536//3536 3638//3638
f 3651//3651 3601//3601 3595//3595
f 3640//3640 3711//3711 3602//3602
f 3711//3711 3603//3603 3602//3602
f 3644//3644 3712//3712 3591//3591
f 3712//3712 3606//3606 3591//3591
f 3645//3645 3713//3713 3596//3596
f 3713//3713 3607//3607 3596//3596
f 3609//3609 3608//3608 3646//3646
f 3648//3648 3714//3714 3593//3593
f 3714//3714 3611//3611 3593//3593
f 3649//3649 3613//3613 3612//3612
f 3612//3612 3614//3614 3649//3649
f 3640//3640 3602//3602 3715//3715
f 3602//3602 3615//3615 3715//3715
f 3608//3608 3616//3616 3646//3646
f 3614//3614 3597//3597 3649//3649
f 3640//3640 3715//3715 3653//3653
f 3715//3715 3615//3615 3619//3619
f 3619//3619 3564//3564 3653//3653
f 3715//3715 3619//3619 3653//3653
f 3646//3646 3616//3616 3562//3562
f 3716//3716 3717//3717 3718//3718
f 3719//3719 3720//3720 3721//3721
f 3722//3722 3723//3723 3724//3724
f 3725//3725 3726//3726 3727//3727
f 3728//3728 3729//3729 3730//3730
f 3729//3729 3731//3731 3730//3730
f 3732//3732 3733//3733 3734//3734
f 3734//3734 3735//3735 3736//3736
f 3732//3732 3734//3734 3736//3736
f 3737//3737 3738//3738 3739//3739
f 3739//3739 3740//3740 3737//3737
f 3741//3741 3742//3742 3743//3743
f 3744//3744 3745//3745 3746//3746
f 3747//3747 3748//3748 3749//3749
f 3750//3750 3751//3751 3752//3752
f 3751//3751 3753//3753 3752//3752
f 3754//3754 3755//3755 3756//3756
f 3755//3755 3757//3757 3756//3756
f 3758//3758 3759//3759 3718//3718
f 3759//3759 3760//3760 3718//3718
f 3761//3761 3762//3762 3721//3721
f 3762//3762 3763//3763 3721//3721
f 3764//3764 3765//3765 3723//3723
f 3766//3766 3767//3767 3727//3727
f 3768//3768 3769//3769 3730//3730
f 3770//3770 3771//3771 3772//3772
f 3771//3771 3773//3773 3735//3735
f 3771//3771 3735//3735 3772//3772
f 3774//3774 3775//3775 3776//3776
f 3775//3775 3777//3777 3778//3778
f 3778//3778 3740//3740 3776//3776
f 3775//3775 3778//3778 3776//3776
f 3765//3765 3779//3779 3780//3780
f 3780//3780 3742//3742 3765//3765
f 3773//3773 3781//3781 3746//3746
f 3781//3781 3782//3782 3746//3746
f 3760//3760 3783//3783 3749//3749
f 3784//3784 3752//3752 3767//3767
f 3783//3783 3785//3785 3756//3756
f 3786//3786 3717//3717 3787//3787
f 3788//3788 3720//3720 3789//3789
f 3720//3720 3790//3790 3789//3789
f 3791//3791 3722//3722 3792//3792
f 3726//3726 3793//3793 3794//3794
f 3795//3795 3731//3731 3796//3796
f 3797//3797 3733//3733 3798//3798
f 3798//3798 3799//3799 3800//3800
f 3797//3797 3798//3798 3800//3800
f 3801//3801 3738//3738 3802//3802
f 3802//3802 3803//3803 3804//3804
f 3801//3801 3802//3802 3804//3804
f 3741//3741 3763//3763 3805//3805
f 3806//3806 3741//3741 3805//3805
f 3807//3807 3745//3745 3769//3769
f 3748//3748 3777//3777 3808//3808
f 3809//3809 3810//3810 3779//3779
f 3810//3810 3753//3753 3779//3779
f 3811//3811 3757//3757 3812//3812
f 3812//3812 3782//3782 3811//3811
f 3808//3808 3813//3813 3716//3716
f 3719//3719 3814//3814 3815//3815
f 3814//3814 3816//3816 3817//3817
f 3817//3817 3818//3818 3815//3815
f 3814//3814 3817//3817 3815//3815
f 3724//3724 3806//3806 3819//3819
f 3725//3725 3809//3809 3820//3820
f 3820//3820 3821//3821 3725//3725
f 3728//3728 3822//3822 3823//3823
f 3822//3822 3824//3824 3823//3823
f 3736//3736 3807//3807 3825//3825
f 3737//3737 3826//3826 3827//3827
f 3827//3827 3828//3828 3737//3737
f 3829//3829 3816//3816 3743//3743
f 3744//3744 3830//3830 3822//3822
f 3747//3747 3811//3811 3831//3831
f 3831//3831 3826//3826 3832//3832
f 3747//3747 3831//3831 3832//3832
f 3750//3750 3785//3785 3833//3833
f 3834//3834 3829//3829 3833//3833
f 3785//3785 3834//3834 3833//3833
f 3754//3754 3784//3784 3835//3835
f 3784//3784 3830//3830 3835//3835
f 3716//3716 3836//3836 3717//3717
f 3837//3837 3838//3838 3720//3720
f 3719//3719 3837//3837 3720//3720
f 3722//3722 3724//3724 3839//3839
f 3726//3726 3725//3725 3840//3840
f 3725//3725 3841//3841 3840//3840
f 3731//3731 3729//3729 3842//3842
f 3729//3729 3728//3728 3843//3843
f 3843//3843 3844//3844 3842//3842
f 3729//3729 3843//3843 3842//3842
f 3733//3733 3732//3732 3845//3845
f 3732//3732 3736//3736 3846//3846
f 3846//3846 3847//3847 3845//3845
f 3732//3732 3846//3846 3845//3845
f 3738//3738 3737//3737 3848//3848
f 3737//3737 3849//3849 3848//3848
f 3743//3743 3850//3850 3741//3741
f 3744//3744 3851//3851 3745//3745
f 3747//3747 3852//3852 3748//3748
f 3753//3753 3751//3751 3853//3853
f 3751//3751 3750//3750 3854//3854
f 3854//3854 3855//3855 3853//3853
f 3751//3751 3854//3854 3853//3853
f 3757//3757 3755//3755 3856//3856
f 3755//3755 3754//3754 3857//3857
f 3755//3755 3857//3857 3856//3856
f 3760//3760 3759//3759 3858//3858
f 3758//3758 3859//3859 3858//3858
f 3759//3759 3758//3758 3858//3858
f 3763//3763 3762//3762 3860//3860
f 3762//3762 3761//3761 3860//3860
f 3765//3765 3764//3764 3861//3861
f 3767//3767 3766//3766 3862//3862
f 3769//3769 3768//3768 3863//3863
f 3863//3863 3864//3864 3769//3769
f 3773//3773 3771//3771 3865//3865
f 3771//3771 3770//3770 3866//3866
f 3771//3771 3866//3866 3865//3865
f 3777//3777 3775//3775 3867//3867
f 3775//3775 3774//3774 3868//3868
f 3868//3868 3869//3869 3867//3867
f 3775//3775 3868//3868 3867//3867
f 3779//3779 3765//3765 3861//3861
f 3782//3782 3781//3781 3866//3866
f 3781//3781 3773//3773 3865//3865
f 3781//3781 3865//3865 3866//3866
f 3783//3783 3760//3760 3858//3858
f 3858//3858 3859//3859 3783//3783
f 3767//3767 3862//3862 3784//3784
f 3785//3785 3783//3783 3870//3870
f 3783//3783 3859//3859 3870//3870
f 3717//3717 3786//3786 3871//3871
f 3871//3871 3872//3872 3717//3717
f 3720//3720 3788//3788 3873//3873
f 3720//3720 3873//3873 3874//3874
f 3722//3722 3791//3791 3875//3875
f 3726//3726 3794//3794 3876//3876
f 3731//3731 3795//3795 3877//3877
f 3878//3878 3879//3879 3877//3877
f 3795//3795 3878//3878 3877//3877
f 3733//3733 3797//3797 3880//3880
f 3797//3797 3800//3800 3881//3881
f 3881//3881 3882//3882 3880//3880
f 3797//3797 3881//3881 3880//3880
f 3738//3738 3801//3801 3883//3883
f 3801//3801 3804//3804 3884//3884
f 3884//3884 3885//3885 3883//3883
f 3801//3801 3884//3884 3883//3883
f 3741//3741 3806//3806 3886//3886
f 3887//3887 3888//3888 3886//3886
f 3806//3806 3887//3887 3886//3886
f 3745//3745 3807//3807 3889//3889
f 3808//3808 3890//3890 3748//3748
f 3753//3753 3810//3810 3891//3891
f 3810//3810 3809//3809 3892//3892
f 3892//3892 3893//3893 3891//3891
f 3810//3810 3892//3892 3891//3891
f 3757//3757 3811//3811 3894//3894
f 3811//3811 3895//3895 3894//3894
f 3716//3716 3890//3890 3808//3808
f 3816//3816 3814//3814 3896//3896
f 3814//3814 3719//3719 3850//3850
f 3814//3814 3850//3850 3896//3896
f 3806//3806 3724//3724 3887//3887
f 3724//3724 3888//3888 3887//3887
f 3809//3809 3725//3725 3892//3892
f 3725//3725 3893//3893 3892//3892
f 3822//3822 3728//3728 3851//3851
f 3807//3807 3736//3736 3889//3889
f 3826//3826 3737//3737 3897//3897
f 3737//3737 3852//3852 3897//3897
f 3829//3829 3743//3743 3898//3898
f 3743//3743 3855//3855 3898//3898
f 3830//3830 3744//3744 3899//3899
f 3744//3744 3857//3857 3899//3899
f 3747//3747 3895//3895 3811//3811
f 3785//3785 3750//3750 3900//3900
f 3784//3784 3754//3754 3901//3901
f 3901//3901 3900//3900 3784//3784
f 3718//3718 3890//3890 3716//3716
f 3850//3850 3719//3719 3721//3721
f 3723//3723 3888//3888 3724//3724
f 3727//3727 3893//3893 3725//3725
f 3851//3851 3728//3728 3730//3730
f 3735//3735 3889//3889 3736//3736
f 3740//3740 3902//3902 3737//3737
f 3902//3902 3852//3852 3737//3737
f 3742//3742 3903//3903 3743//3743
f 3903//3903 3855//3855 3743//3743
f 3746//3746 3857//3857 3744//3744
f 3895//3895 3747//3747 3749//3749
f 3752//3752 3900//3900 3750//3750
f 3901//3901 3754//3754 3756//3756
f 3900//3900 3901//3901 3756//3756
f 3872//3872 3758//3758 3718//3718
f 3874//3874 3761//3761 3721//3721
f 3723//3723 3875//3875 3764//3764
f 3876//3876 3766//3766 3727//3727
f 3904//3904 3879//3879 3905//3905
f 3905//3905 3768//3768 3730//3730
f 3904//3904 3905//3905 3730//3730
f 3735//3735 3906//3906 3772//3772
f 3906//3906 3882//3882 3907//3907
f 3907//3907 3770//3770 3772//3772
f 3906//3906 3907//3907 3772//3772
f 3740//3740 3908//3908 3776//3776
f 3908//3908 3885//3885 3909//3909
f 3909//3909 3774//3774 3776//3776
f 3908//3908 3909//3909 3776//3776
f 3742//3742 3910//3910 3765//3765
f 3910//3910 3888//3888 3765//3765
f 3911//3911 3773//3773 3746//3746
f 3889//3889 3911//3911 3746//3746
f 3749//3749 3890//3890 3760//3760
f 3752//3752 3893//3893 3767//3767
f 3756//3756 3895//3895 3783//3783
f 3787//3787 3912//3912 3913//3913
f 3913//3913 3786//3786 3787//3787
f 3790//3790 3914//3914 3789//3789
f 3914//3914 3915//3915 3916//3916
f 3916//3916 3788//3788 3789//3789
f 3914//3914 3916//3916 3789//3789
f 3917//3917 3791//3791 3792//3792
f 3793//3793 3918//3918 3794//3794
f 3796//3796 3919//3919 3920//3920
f 3920//3920 3795//3795 3796//3796
f 3799//3799 3921//3921 3800//3800
f 3921//3921 3922//3922 3800//3800
f 3803//3803 3923//3923 3804//3804
f 3923//3923 3924//3924 3925//3925
f 3923//3923 3925//3925 3804//3804
f 3763//3763 3860//3860 3805//3805
f 3860//3860 3806//3806 3805//3805
f 3769//3769 3864//3864 3807//3807
f 3777//3777 3867//3867 3808//3808
f 3867//3867 3869//3869 3808//3808
f 3926//3926 3809//3809 3779//3779
f 3861//3861 3926//3926 3779//3779
f 3782//3782 3866//3866 3811//3811
f 3813//3813 3927//3927 3716//3716
f 3927//3927 3836//3836 3716//3716
f 3818//3818 3928//3928 3815//3815
f 3928//3928 3838//3838 3837//3837
f 3837//3837 3719//3719 3815//3815
f 3928//3928 3837//3837 3815//3815
f 3839//3839 3724//3724 3819//3819
f 3821//3821 3929//3929 3725//3725
f 3929//3929 3841//3841 3725//3725
f 3824//3824 3930//3930 3823//3823
f 3930//3930 3844//3844 3843//3843
f 3843//3843 3728//3728 3823//3823
f 3930//3930 3843//3843 3823//3823
f 3825//3825 3847//3847 3846//3846
f 3846//3846 3736//3736 3825//3825
f 3828//3828 3931//3931 3737//3737
f 3931//3931 3849//3849 3737//3737
f 3816//3816 3896//3896 3743//3743
f 3896//3896 3850//3850 3743//3743
f 3822//3822 3851//3851 3744//3744
f 3826//3826 3897//3897 3832//3832
f 3897//3897 3852//3852 3747//3747
f 3897//3897 3747//3747 3832//3832
f 3829//3829 3898//3898 3833//3833
f 3898//3898 3855//3855 3854//3854
f 3854//3854 3750//3750 3833//3833
f 3898//3898 3854//3854 3833//3833
f 3830//3830 3899//3899 3835//3835
f 3857//3857 3754//3754 3835//3835
f 3899//3899 3857//3857 3835//3835
f 3872//3872 3718//3718 3717//3717
f 3874//3874 3721//3721 3720//3720
f 3875//3875 3723//3723 3722//3722
f 3727//3727 3726//3726 3876//3876
f 3879//3879 3904//3904 3877//3877
f 3730//3730 3731//3731 3877//3877
f 3904//3904 3730//3730 3877//3877
f 3882//3882 3906//3906 3880//3880
f 3906//3906 3735//3735 3734//3734
f 3734//3734 3733//3733 3880//3880
f 3906//3906 3734//3734 3880//3880
f 3885//3885 3908//3908 3883//3883
f 3908//3908 3740//3740 3739//3739
f 3739//3739 3738//3738 3883//3883
f 3908//3908 3739//3739 3883//3883
f 3888//3888 3910//3910 3886//3886
f 3910//3910 3742//3742 3741//3741
f 3910//3910 3741//3741 3886//3886
f 3889//3889 3746//3746 3745//3745
f 3890//3890 3749//3749 3748//3748
f 3893//3893 3752//3752 3891//3891
f 3752//3752 3753//3753 3891//3891
f 3895//3895 3756//3756 3894//3894
f 3756//3756 3757//3757 3894//3894
f 3890//3890 3718//3718 3760//3760
f 3721//3721 3763//3763 3932//3932
f 3850//3850 3721//3721 3932//3932
f 3723//3723 3765//3765 3888//3888
f 3893//3893 3727//3727 3767//3767
f 3851//3851 3730//3730 3769//3769
f 3735//3735 3773//3773 3911//3911
f 3889//3889 3735//3735 3911//3911
f 3852//3852 3902//3902 3933//3933
f 3902//3902 3740//3740 3778//3778
f 3778//3778 3777//3777 3933//3933
f 3902//3902 3778//3778 3933//3933
f 3855//3855 3903//3903 3779//3779
f 3903//3903 3742//3742 3780//3780
f 3903//3903 3780//3780 3779//3779
f 3857//3857 3746//3746 3934//3934
f 3746//3746 3782//3782 3934//3934
f 3895//3895 3749//3749 3783//3783
f 3900//3900 3752//3752 3784//3784
f 3756//3756 3785//3785 3900//3900
f 3836//3836 3787//3787 3717//3717
f 3838//3838 3935//3935 3720//3720
f 3935//3935 3790//3790 3720//3720
f 3839//3839 3792//3792 3722//3722
f 3841//3841 3936//3936 3840//3840
f 3936//3936 3793//3793 3726//3726
f 3936//3936 3726//3726 3840//3840
f 3844//3844 3796//3796 3842//3842
f 3796//3796 3731//3731 3842//3842
f 3847//3847 3937//3937 3845//3845
f 3937//3937 3799//3799 3798//3798
f 3798//3798 3733//3733 3845//3845
f 3937//3937 3798//3798 3845//3845
f 3849//3849 3938//3938 3848//3848
f 3938//3938 3803//3803 3802//3802
f 3802//3802 3738//3738 3848//3848
f 3938//3938 3802//3802 3848//3848
f 3850//3850 3932//3932 3741//3741
f 3932//3932 3763//3763 3741//3741
f 3851//3851 3769//3769 3745//3745
f 3852//3852 3933//3933 3748//3748
f 3933//3933 3777//3777 3748//3748
f 3855//3855 3779//3779 3853//3853
f 3779//3779 3753//3753 3853//3853
f 3857//3857 3934//3934 3856//3856
f 3934//3934 3782//3782 3812//3812
f 3812//3812 3757//3757 3856//3856
f 3934//3934 3812//3812 3856//3856
f 3869//3869 3939//3939 3808//3808
f 3939//3939 3813//3813 3808//3808
f 3859//3859 3940//3940 3941//3941
f 3940//3940 3818//3818 3817//3817
f 3817//3817 3816//3816 3941//3941
f 3940//3940 3817//3817 3941//3941
f 3860//3860 3819//3819 3806//3806
f 3861//3861 3942//3942 3926//3926
f 3942//3942 3821//3821 3820//3820
f 3820//3820 3809//3809 3926//3926
f 3942//3942 3820//3820 3926//3926
f 3862//3862 3824//3824 3822//3822
f 3864//3864 3943//3943 3807//3807
f 3943//3943 3825//3825 3807//3807
f 3866//3866 3828//3828 3827//3827
f 3827//3827 3826//3826 3866//3866
f 3859//3859 3941//3941 3944//3944
f 3941//3941 3816//3816 3829//3829
f 3941//3941 3829//3829 3944//3944
f 3822//3822 3830//3830 3862//3862
f 3866//3866 3826//3826 3831//3831
f 3831//3831 3811//3811 3866//3866
f 3859//3859 3944//3944 3870//3870
f 3944//3944 3829//3829 3834//3834
f 3834//3834 3785//3785 3870//3870
f 3944//3944 3834//3834 3870//3870
f 3862//3862 3830//3830 3784//3784
f 3945//3945 3946//3946 3947//3947
f 3948//3948 3949//3949 3950//3950
f 3949//3949 3951//3951 3950//3950
f 3952//3952 3953//3953 3954//3954
f 3953//3953 3955//3955 3954//3954
f 3956//3956 3957//3957 3958//3958
f 3959//3959 3960//3960 3961//3961
f 3962//3962 3963//3963 3964//3964
f 3965//3965 3966//3966 3967//3967
f 3966//3966 3968//3968 3967//3967
f 3969//3969 3970//3970 3971//3971
f 3970//3970 3972//3972 3973//3973
f 3973//3973 3974//3974 3971//3971
f 3970//3970 3973//3973 3971//3971
f 3975//3975 3976//3976 3977//3977
f 3978//3978 3979//3979 3980//3980
f 3980//3980 3981//3981 3978//3978
f 3982//3982 3983//3983 3984//3984
f 3985//3985 3986//3986 3987//3987
f 3987//3987 3988//3988 3989//3989
f 3985//3985 3987//3987 3989//3989
f 3990//3990 3991//3991 3946//3946
f 3992//3992 3993//3993 3951//3951
f 3994//3994 3955//3955 3995//3995
f 3996//3996 3997//3997 3958//3958
f 3998//3998 3999//3999 3960//3960
f 4000//4000 4001//4001 4002//4002
f 4001//4001 4003//4003 4004//4004
f 4004//4004 3963//3963 4002//4002
f 4001//4001 4004//4004 4002//4002
f 4005//4005 4006//4006 3967//3967
f 4007//4007 3974//3974 3994//3994
f 4003//4003 4008//4008 3977//3977
f 4008//4008 4009//4009 3977//3977
f 4010//4010 3981//3981 3991//3991
f 4011//4011 3984//3984 3997//3997
f 4010//4010 4012//4012 3988//3988
f 3945//3945 4013//4013 4014//4014
f 3949//3949 4015//4015 4016//4016
f 3953//3953 4017//4017 4018//4018
f 3957//3957 4019//4019 4020//4020
f 3959//3959 4021//4021 4022//4022
f 3962//3962 4023//4023 4024//4024
f 4025//4025 3968//3968 4026//4026
f 4026//4026 4027//4027 4025//4025
f 4028//4028 3972//3972 3993//3993
f 3976//3976 3999//3999 4029//4029
f 4030//4030 4031//4031 4006//4006
f 4031//4031 3979//3979 4006//4006
f 4032//4032 3983//3983 4033//4033
f 3983//3983 4007//4007 4033//4033
f 4034//4034 4035//4035 4036//4036
f 4035//4035 3986//3986 4037//4037
f 4037//4037 4009//4009 4036//4036
f 4035//4035 4037//4037 4036//4036
f 4030//4030 4038//4038 3947//3947
f 3948//3948 4039//4039 4040//4040
f 4039//4039 4041//4041 4042//4042
f 4042//4042 4043//4043 4040//4040
f 4039//4039 4042//4042 4040//4040
f 3952//3952 4028//4028 4044//4044
f 3956//3956 4032//4032 4045//4045
f 4032//4032 4046//4046 4045//4045
f 4047//4047 4048//4048 3961//3961
f 4029//4029 4049//4049 3964//3964
f 3965//3965 4050//4050 4051//4051
f 4050//4050 4052//4052 4051//4051
f 3969//3969 4053//4053 4054//4054
f 4053//4053 4055//4055 4056//4056
f 4056//4056 4041//4041 4054//4054
f 4053//4053 4056//4056 4054//4054
f 3975//3975 4057//4057 4047//4047
f 3978//3978 4034//4034 4050//4050
f 3982//3982 4012//4012 4058//4058
f 4058//4058 4055//4055 3982//3982
f 3989//3989 4011//4011 4057//4057
f 3947//3947 4059//4059 3945//3945
f 3949//3949 3948//3948 4060//4060
f 4060//4060 4061//4061 3949//3949
f 3953//3953 3952//3952 4062//4062
f 4062//4062 4063//4063 3953//3953
f 3957//3957 3956//3956 4064//4064
f 3959//3959 3961//3961 4065//4065
f 4065//4065 4066//4066 3959//3959
f 3964//3964 4067//4067 3962//3962
f 3968//3968 3966//3966 4068//4068
f 3966//3966 3965//3965 4069//4069
f 4069//4069 4070//4070 4068//4068
f 3966//3966 4069//4069 4068//4068
f 3972//3972 3970//3970 4071//4071
f 3970//3970 3969//3969 4072//4072
f 3970//3970 4072//4072 4071//4071
f 3976//3976 3975//3975 4073//4073
f 3978//3978 4074//4074 3979//3979
f 4075//4075 4076//4076 3983//3983
f 3982//3982 4075//4075 3983//3983
f 3986//3986 3985//3985 4077//4077
f 3989//3989 4078//4078 4077//4077
f 3985//3985 3989//3989 4077//4077
f 3991//3991 3990//3990 4079//4079
f 3993//3993 3992//3992 2054//2054
f 3995//3995 4080//4080 3994//3994
f 3997//3997 3996//3996 4081//4081
f 3999//3999 3998//3998 4082//4082
f 4082//4082 4083//4083 3999//3999
f 4003//4003 4001//4001 4084//4084
f 4001//4001 4000//4000 4085//4085
f 4085//4085 4086//4086 4084//4084
f 4001//4001 4085//4085 4084//4084
f 4006//4006 4005//4005 4087//4087
f 4007//4007 3994//3994 4080//4080
f 4009//4009 4008//4008 4088//4088
f 4008//4008 4003//4003 4084//4084
f 4084//4084 4086//4086 4088//4088
f 4008//4008 4084//4084 4088//4088
f 3991//3991 4079//4079 4010//4010
f 4011//4011 3997//3997 4081//4081
f 4012//4012 4010//4010 4089//4089
f 4010//4010 4079//4079 4089//4089
f 4014//4014 4090//4090 3945//3945
f 4091//4091 4092//4092 3949//3949
f 4016//4016 4091//4091 3949//3949
f 3953//3953 4018//4018 4093//4093
f 4093//4093 4094//4094 3953//3953
f 4020//4020 4095//4095 3957//3957
f 4022//4022 4096//4096 3959//3959
f 4024//4024 4097//4097 3962//3962
f 3968//3968 4025//4025 4098//4098
f 4025//4025 4099//4099 4098//4098
f 3972//3972 4028//4028 4100//4100
f 3976//3976 4029//4029 4101//4101
f 4101//4101 4102//4102 3976//3976
f 3979//3979 4031//4031 4103//4103
f 4030//4030 4104//4104 4103//4103
f 4031//4031 4030//4030 4103//4103
f 3983//3983 4032//4032 4105//4105
f 3986//3986 4035//4035 4106//4106
f 4035//4035 4034//4034 4107//4107
f 4035//4035 4107//4107 4106//4106
f 3947//3947 4104//4104 4030//4030
f 4041//4041 4039//4039 4072//4072
f 4039//4039 3948//3948 4072//4072
f 4028//4028 3952//3952 4100//4100
f 4032//4032 3956//3956 4105//4105
f 4047//4047 3961//3961 4073//4073
f 4029//4029 3964//3964 4101//4101
f 3964//3964 4102//4102 4101//4101
f 4050//4050 3965//3965 4108//4108
f 4108//4108 4074//4074 4050//4050
f 4055//4055 4053//4053 4109//4109
f 4053//4053 3969//3969 4110//4110
f 4110//4110 4076//4076 4109//4109
f 4053//4053 4110//4110 4109//4109
f 4057//4057 3975//3975 4111//4111
f 4111//4111 4078//4078 4057//4057
f 4034//4034 3978//3978 4107//4107
f 3978//3978 4106//4106 4107//4107
f 4012//4012 3982//3982 4112//4112
f 4113//4113 4114//4114 4112//4112
f 3982//3982 4113//4113 4112//4112
f 4011//4011 3989//3989 4115//4115
f 4115//4115 4114//4114 4011//4011
f 3946//3946 4104//4104 3947//3947
f 4072//4072 3948//3948 3950//3950
f 3951//3951 4072//4072 3950//3950
f 4100//4100 3952//3952 3954//3954
f 3955//3955 4100//4100 3954//3954
f 4105//4105 3956//3956 3958//3958
f 3960//3960 4073//4073 3961//3961
f 3963//3963 4102//4102 3964//3964
f 3967//3967 4074//4074 4108//4108
f 4108//4108 3965//3965 3967//3967
f 3974//3974 4116//4116 3971//3971
f 4116//4116 4076//4076 4110//4110
f 4110//4110 3969//3969 3971//3971
f 4116//4116 4110//4110 3971//3971
f 3977//3977 4078//4078 4111//4111
f 4111//4111 3975//3975 3977//3977
f 3981//3981 4106//4106 3978//3978
f 3984//3984 4114//4114 4113//4113
f 4113//4113 3982//3982 3984//3984
f 3988//3988 4114//4114 4115//4115
f 3988//3988 4115//4115 3989//3989
f 3946//3946 4090//4090 4117//4117
f 4117//4117 3990//3990 3946//3946
f 3951//3951 4092//4092 3992//3992
f 3955//3955 4094//4094 3995//3995
f 3958//3958 4095//4095 4118//4118
f 4118//4118 3996//3996 3958//3958
f 3960//3960 4096//4096 4119//4119
f 4119//4119 3998//3998 3960//3960
f 3963//3963 4097//4097 4002//4002
f 4120//4120 4000//4000 4002//4002
f 4097//4097 4120//4120 4002//4002
f 3967//3967 4099//4099 4121//4121
f 4121//4121 4005//4005 3967//3967
f 3974//3974 4100//4100 3994//3994
f 4102//4102 4003//4003 3977//3977
f 3981//3981 4104//4104 3991//3991
f 3984//3984 4105//4105 3997//3997
f 3988//3988 4106//4106 4010//4010
f 4013//4013 4122//4122 4014//4014
f 4015//4015 4123//4123 4016//4016
f 4123//4123 4124//4124 4125//4125
f 4123//4123 4125//4125 4016//4016
f 4017//4017 4126//4126 4127//4127
f 4017//4017 4127//4127 4018//4018
f 4019//4019 4128//4128 4020//4020
f 4021//4021 4129//4129 4022//4022
f 4129//4129 4130//4130 4022//4022
f 4023//4023 4131//4131 4024//4024
f 4131//4131 4132//4132 4024//4024
f 4027//4027 4133//4133 4025//4025
f 4133//4133 4134//4134 4135//4135
f 4133//4133 4135//4135 4025//4025
f 2054//2054 4028//4028 3993//3993
f 3999//3999 4083//4083 4029//4029
f 4087//4087 4030//4030 4006//4006
f 4007//4007 4080//4080 4033//4033
f 4080//4080 4032//4032 4033//4033
f 4009//4009 4088//4088 4036//4036
f 4088//4088 4086//4086 4136//4136
f 4136//4136 4034//4034 4036//4036
f 4088//4088 4136//4136 4036//4036
f 4038//4038 4137//4137 3947//3947
f 4137//4137 4059//4059 3947//3947
f 4043//4043 4138//4138 4040//4040
f 4138//4138 4061//4061 4060//4060
f 4060//4060 3948//3948 4040//4040
f 4138//4138 4060//4060 4040//4040
f 4044//4044 4063//4063 4062//4062
f 4062//4062 3952//3952 4044//4044
f 4046//4046 4064//4064 4045//4045
f 4064//4064 3956//3956 4045//4045
f 4048//4048 4066//4066 4065//4065
f 4048//4048 4065//4065 3961//3961
f 4049//4049 4067//4067 3964//3964
f 4052//4052 4139//4139 4051//4051
f 4139//4139 4070//4070 4069//4069
f 4069//4069 3965//3965 4051//4051
f 4139//4139 4069//4069 4051//4051
f 4041//4041 4072//4072 4054//4054
f 4072//4072 3969//3969 4054//4054
f 4073//4073 3975//3975 4047//4047
f 4050//4050 4074//4074 3978//3978
f 4055//4055 4109//4109 3982//3982
f 4109//4109 4076//4076 4075//4075
f 4109//4109 4075//4075 3982//3982
f 4057//4057 4078//4078 3989//3989
f 4090//4090 3946//3946 3945//3945
f 4092//4092 3951//3951 3949//3949
f 4094//4094 3955//3955 3953//3953
f 4095//4095 3958//3958 3957//3957
f 4096//4096 3960//3960 3959//3959
f 4097//4097 3963//3963 3962//3962
f 4099//4099 3967//3967 4098//4098
f 3967//3967 3968//3968 4098//4098
f 4100//4100 3974//3974 3973//3973
f 3973//3973 3972//3972 4100//4100
f 4102//4102 3977//3977 3976//3976
f 4104//4104 3981//3981 3980//3980
f 3980//3980 3979//3979 4103//4103
f 4104//4104 3980//3980 4103//4103
f 3984//3984 3983//3983 4105//4105
f 3987//3987 3986//3986 4106//4106
f 3988//3988 3987//3987 4106//4106
f 4104//4104 3946//3946 3991//3991
f 4072//4072 3951//3951 4140//4140
f 3951//3951 3993//3993 4140//4140
f 4100//4100 3955//3955 3994//3994
f 4105//4105 3958//3958 3997//3997
f 3960//3960 3999//3999 4073//4073
f 4004//4004 4003//4003 4102//4102
f 3963//3963 4004//4004 4102//4102
f 4074//4074 3967//3967 4006//4006
f 4076//4076 4116//4116 4141//4141
f 4116//4116 3974//3974 4007//4007
f 4116//4116 4007//4007 4141//4141
f 4078//4078 3977//3977 4142//4142
f 3977//3977 4009//4009 4142//4142
f 4106//4106 3981//3981 4010//4010
f 4114//4114 3984//3984 4011//4011
f 4114//4114 3988//3988 4112//4112
f 3988//3988 4012//4012 4112//4112
f 4059//4059 4013//4013 3945//3945
f 4061//4061 4143//4143 3949//3949
f 4143//4143 4015//4015 3949//3949
f 4063//4063 4144//4144 3953//3953
f 4144//4144 4017//4017 3953//3953
f 4064//4064 4019//4019 3957//3957
f 4066//4066 4145//4145 3959//3959
f 4145//4145 4021//4021 3959//3959
f 4067//4067 4023//4023 3962//3962
f 4070//4070 4146//4146 4068//4068
f 4146//4146 4027//4027 4026//4026
f 4026//4026 3968//3968 4068//4068
f 4146//4146 4026//4026 4068//4068
f 4072//4072 4140//4140 4071//4071
f 3993//3993 3972//3972 4071//4071
f 4140//4140 3993//3993 4071//4071
f 3999//3999 3976//3976 4073//4073
f 4074//4074 4006//4006 3979//3979
f 4076//4076 4141//4141 3983//3983
f 4141//4141 4007//4007 3983//3983
f 4078//4078 4142//4142 4077//4077
f 4142//4142 4009//4009 4037//4037
f 4037//4037 3986//3986 4077//4077
f 4142//4142 4037//4037 4077//4077
f 4087//4087 4038//4038 4030//4030
f 4079//4079 4043//4043 4042//4042
f 4042//4042 4041//4041 4079//4079
f 4044//4044 4028//4028 2054//2054
f 4080//4080 4046//4046 4032//4032
f 4081//4081 4048//4048 4047//4047
f 4083//4083 4147//4147 4029//4029
f 4147//4147 4049//4049 4029//4029
f 4086//4086 4148//4148 4050//4050
f 4148//4148 4052//4052 4050//4050
f 4079//4079 4041//4041 4056//4056
f 4056//4056 4055//4055 4079//4079
f 4081//4081 4047//4047 4057//4057
f 4086//4086 4050//4050 4136//4136
f 4050//4050 4034//4034 4136//4136
f 4079//4079 4055//4055 4058//4058
f 4058//4058 4012//4012 4089//4089
f 4079//4079 4058//4058 4089//4089
f 4057//4057 4011//4011 4081//4081
f 4149//4149 4150//4150 4151//4151
f 4152//4152 4153//4153 4154//4154
f 4153//4153 4155//4155 4154//4154
f 4156//4156 4157//4157 4158//4158
f 4159//4159 4160//4160 4161//4161
f 4162//4162 4163//4163 4164//4164
f 4165//4165 4166//4166 4167//4167
f 4168//4168 4169//4169 4170//4170
f 4169//4169 4171//4171 4172//4172
f 4172//4172 4173//4173 4170//4170
f 4169//4169 4172//4172 4170//4170
f 4174//4174 4175//4175 4176//4176
f 4175//4175 4177//4177 4176//4176
f 4178//4178 4179//4179 4180//4180
f 4179//4179 4181//4181 4180//4180
f 4182//4182 4183//4183 4184//4184
f 4185//4185 4186//4186 4187//4187
f 4188//4188 4189//4189 4190//4190
f 4190//4190 4191//4191 4192//4192
f 4188//4188 4190//4190 4192//4192
f 4193//4193 4194//4194 4151//4151
f 4195//4195 4196//4196 4155//4155
f 4197//4197 4198//4198 4158//4158
f 4199//4199 4200//4200 4161//4161
f 4201//4201 4202//4202 4163//4163
f 4203//4203 4204//4204 4167//4167
f 4204//4204 4205//4205 4167//4167
f 4206//4206 4207//4207 4208//4208
f 4209//4209 4173//4173 4208//4208
f 4207//4207 4209//4209 4208//4208
f 4198//4198 4210//4210 4211//4211
f 4211//4211 4177//4177 4198//4198
f 4205//4205 4212//4212 4180//4180
f 4194//4194 4213//4213 4183//4183
f 4214//4214 4215//4215 4187//4187
f 4214//4214 4187//4187 4200//4200
f 4216//4216 4191//4191 4213//4213
f 4217//4217 4150//4150 4218//4218
f 4218//4218 4219//4219 4217//4217
f 4153//4153 4220//4220 4221//4221
f 4157//4157 4222//4222 4223//4223
f 4224//4224 4160//4160 4225//4225
f 4160//4160 4226//4226 4225//4225
f 4227//4227 4162//4162 4228//4228
f 4162//4162 4229//4229 4228//4228
f 4166//4166 4230//4230 4231//4231
f 4232//4232 4166//4166 4231//4231
f 4233//4233 4234//4234 4235//4235
f 4234//4234 4171//4171 4236//4236
f 4236//4236 4237//4237 4235//4235
f 4234//4234 4236//4236 4235//4235
f 4175//4175 4196//4196 4238//4238
f 4239//4239 4181//4181 4202//4202
f 4182//4182 4209//4209 4240//4240
f 4241//4241 4186//4186 4242//4242
f 4186//4186 4210//4210 4242//4242
f 4243//4243 4244//4244 4212//4212
f 4244//4244 4189//4189 4212//4212
f 4240//4240 4245//4245 4149//4149
f 4152//4152 4246//4246 4247//4247
f 4246//4246 4248//4248 4249//4249
f 4249//4249 4250//4250 4247//4247
f 4246//4246 4249//4249 4247//4247
f 4156//4156 4238//4238 4251//4251
f 4159//4159 4241//4241 4252//4252
f 4164//4164 4253//4253 4254//4254
f 4254//4254 4255//4255 4164//4164
f 4165//4165 4239//4239 4256//4256
f 4168//4168 4257//4257 4258//4258
f 4257//4257 4259//4259 4258//4258
f 4174//4174 4260//4260 4261//4261
f 4260//4260 4262//4262 4263//4263
f 4263//4263 4248//4248 4261//4261
f 4260//4260 4263//4263 4261//4261
f 4264//4264 4265//4265 4266//4266
f 4266//4266 4253//4253 4178//4178
f 4264//4264 4266//4266 4178//4178
f 4267//4267 4243//4243 4257//4257
f 4267//4267 4257//4257 4184//4184
f 4185//4185 4216//4216 4268//4268
f 4216//4216 4262//4262 4268//4268
f 4188//4188 4215//4215 4269//4269
f 4269//4269 4265//4265 4188//4188
f 4150//4150 4149//4149 4270//4270
f 4271//4271 4272//4272 4270//4270
f 4149//4149 4271//4271 4270//4270
f 4153//4153 4152//4152 4273//4273
f 4273//4273 4274//4274 4153//4153
f 4157//4157 4156//4156 4275//4275
f 4275//4275 4276//4276 4157//4157
f 4160//4160 4159//4159 4277//4277
f 4162//4162 4164//4164 4278//4278
f 4166//4166 4165//4165 4279//4279
f 4279//4279 4280//4280 4166//4166
f 4171//4171 4169//4169 4281//4281
f 4169//4169 4168//4168 4282//4282
f 4282//4282 4283//4283 4281//4281
f 4169//4169 4282//4282 4281//4281
f 4175//4175 4174//4174 4284//4284
f 4181//4181 4179//4179 4285//4285
f 4179//4179 4178//4178 4285//4285
f 4184//4184 4286//4286 4182//4182
f 4186//4186 4185//4185 4287//4287
f 4287//4287 4288//4288 4289//4289
f 4186//4186 4287//4287 4289//4289
f 4189//4189 4188//4188 4290//4290
f 4188//4188 4291//4291 4290//4290
f 4194//4194 4193//4193 4292//4292
f 4292//4292 4293//4293 4294//4294
f 4194//4194 4292//4292 4294//4294
f 4196//4196 4195//4195 4295//4295
f 4295//4295 4296//4296 4196//4196
f 4198//4198 4197//4197 4297//4297
f 4200//4200 4199//4199 4298//4298
f 4202//4202 4201//4201 4299//4299
f 4299//4299 4300//4300 4202//4202
f 4204//4204 4203//4203 4301//4301
f 4301//4301 4302//4302 4205//4205
f 4204//4204 4301//4301 4205//4205
f 4209//4209 4207//4207 4303//4303
f 4207//4207 4206//4206 4303//4303
f 4210//4210 4198//4198 4297//4297
f 4205//4205 4302//4302 4212//4212
f 4213//4213 4194//4194 4294//4294
f 4294//4294 4293//4293 4213//4213
f 4215//4215 4214//4214 4298//4298
f 4214//4214 4200//4200 4298//4298
f 4213//4213 4293//4293 4216//4216
f 4150//4150 4217//4217 4304//4304
f 4217//4217 4305//4305 4304//4304
f 4221//4221 4306//4306 4153//4153
f 4157//4157 4223//4223 4307//4307
f 4307//4307 4308//4308 4157//4157
f 4160//4160 4224//4224 4309//4309
f 4162//4162 4227//4227 4310//4310
f 4310//4310 4311//4311 4162//4162
f 4312//4312 4313//4313 4166//4166
f 4232//4232 4312//4312 4166//4166
f 4171//4171 4234//4234 4314//4314
f 4234//4234 4233//4233 4315//4315
f 4315//4315 4316//4316 4314//4314
f 4234//4234 4315//4315 4314//4314
f 4175//4175 4238//4238 4317//4317
f 4181//4181 4239//4239 4318//4318
f 4239//4239 4319//4319 4318//4318
f 4182//4182 4240//4240 4320//4320
f 4241//4241 4321//4321 4186//4186
f 4189//4189 4244//4244 4322//4322
f 4244//4244 4243//4243 4323//4323
f 4323//4323 4324//4324 4322//4322
f 4244//4244 4323//4323 4322//4322
f 4240//4240 4149//4149 4320//4320
f 4248//4248 4246//4246 4284//4284
f 4246//4246 4152//4152 4325//4325
f 4246//4246 4325//4325 4284//4284
f 4238//4238 4156//4156 4317//4317
f 4241//4241 4159//4159 4326//4326
f 4326//4326 4321//4321 4241//4241
f 4253//4253 4164//4164 4285//4285
f 4239//4239 4165//4165 4327//4327
f 4327//4327 4319//4319 4239//4239
f 4257//4257 4168//4168 4328//4328
f 4328//4328 4286//4286 4257//4257
f 4262//4262 4260//4260 4288//4288
f 4260//4260 4174//4174 4329//4329
f 4260//4260 4329//4329 4288//4288
f 4265//4265 4264//4264 4330//4330
f 4264//4264 4178//4178 4331//4331
f 4331//4331 4291//4291 4330//4330
f 4264//4264 4331//4331 4330//4330
f 4243//4243 4267//4267 4323//4323
f 4184//4184 4324//4324 4323//4323
f 4267//4267 4184//4184 4323//4323
f 4216//4216 4185//4185 4332//4332
f 4215//4215 4188//4188 4332//4332
f 4151//4151 4320//4320 4149//4149
f 4155//4155 4333//4333 4154//4154
f 4333//4333 4284//4284 4325//4325
f 4325//4325 4152//4152 4154//4154
f 4333//4333 4325//4325 4154//4154
f 4317//4317 4156//4156 4158//4158
f 4161//4161 4321//4321 4326//4326
f 4326//4326 4159//4159 4161//4161
f 4163//4163 4285//4285 4164//4164
f 4167//4167 4319//4319 4327//4327
f 4327//4327 4165//4165 4167//4167
f 4173//4173 4286//4286 4170//4170
f 4328//4328 4168//4168 4170//4170
f 4286//4286 4328//4328 4170//4170
f 4177//4177 4288//4288 4329//4329
f 4329//4329 4174//4174 4176//4176
f 4177//4177 4329//4329 4176//4176
f 4180//4180 4291//4291 4331//4331
f 4331//4331 4178//4178 4180//4180
f 4183//4183 4324//4324 4184//4184
f 4332//4332 4185//4185 4187//4187
f 4191//4191 4332//4332 4192//4192
f 4332//4332 4188//4188 4192//4192
f 4151//4151 4305//4305 4334//4334
f 4334//4334 4193//4193 4151//4151
f 4155//4155 4306//4306 4335//4335
f 4335//4335 4195//4195 4155//4155
f 4336//4336 4197//4197 4158//4158
f 4308//4308 4336//4336 4158//4158
f 4309//4309 4199//4199 4161//4161
f 4311//4311 4201//4201 4163//4163
f 4167//4167 4313//4313 4337//4337
f 4337//4337 4203//4203 4167//4167
f 4173//4173 4338//4338 4208//4208
f 4338//4338 4316//4316 4339//4339
f 4339//4339 4206//4206 4208//4208
f 4338//4338 4339//4339 4208//4208
f 4177//4177 4317//4317 4198//4198
f 4180//4180 4319//4319 4205//4205
f 4320//4320 4194//4194 4183//4183
f 4187//4187 4321//4321 4200//4200
f 4191//4191 4340//4340 4213//4213
f 4340//4340 4324//4324 4213//4213
f 4219//4219 4341//4341 4217//4217
f 4341//4341 4342//4342 4343//4343
f 4341//4341 4343//4343 4217//4217
f 4220//4220 4344//4344 4221//4221
f 4222//4222 4345//4345 4223//4223
f 4226//4226 4346//4346 4225//4225
f 4346//4346 4224//4224 4225//4225
f 4229//4229 4347//4347 4348//4348
f 4348//4348 4227//4227 4228//4228
f 4229//4229 4348//4348 4228//4228
f 4230//4230 4349//4349 4231//4231
f 4349//4349 4350//4350 4351//4351
f 4351//4351 4232//4232 4231//4231
f 4349//4349 4351//4351 4231//4231
f 4237//4237 4352//4352 4235//4235
f 4352//4352 4353//4353 4354//4354
f 4354//4354 4233//4233 4235//4235
f 4352//4352 4354//4354 4235//4235
f 4196//4196 4296//4296 4238//4238
f 4202//4202 4300//4300 4239//4239
f 4209//4209 4303//4303 4240//4240
f 4210//4210 4297//4297 4242//4242
f 4355//4355 4241//4241 4242//4242
f 4297//4297 4355//4355 4242//4242
f 4212//4212 4302//4302 4356//4356
f 4356//4356 4243//4243 4212//4212
f 4245//4245 4357//4357 4149//4149
f 4357//4357 4272//4272 4271//4271
f 4357//4357 4271//4271 4149//4149
f 4250//4250 4358//4358 4247//4247
f 4358//4358 4274//4274 4273//4273
f 4273//4273 4152//4152 4247//4247
f 4358//4358 4273//4273 4247//4247
f 4275//4275 4156//4156 4251//4251
f 4276//4276 4275//4275 4251//4251
f 4277//4277 4159//4159 4252//4252
f 4255//4255 4278//4278 4164//4164
f 4359//4359 4280//4280 4279//4279
f 4279//4279 4165//4165 4256//4256
f 4359//4359 4279//4279 4256//4256
f 4259//4259 4360//4360 4258//4258
f 4360//4360 4283//4283 4282//4282
f 4282//4282 4168//4168 4258//4258
f 4360//4360 4282//4282 4258//4258
f 4248//4248 4284//4284 4261//4261
f 4284//4284 4174//4174 4261//4261
f 4253//4253 4285//4285 4178//4178
f 4257//4257 4286//4286 4184//4184
f 4262//4262 4288//4288 4268//4268
f 4287//4287 4185//4185 4268//4268
f 4288//4288 4287//4287 4268//4268
f 4265//4265 4330//4330 4188//4188
f 4330//4330 4291//4291 4188//4188
f 4305//4305 4151//4151 4304//4304
f 4151//4151 4150//4150 4304//4304
f 4306//4306 4155//4155 4153//4153
f 4308//4308 4158//4158 4157//4157
f 4161//4161 4160//4160 4309//4309
f 4311//4311 4163//4163 4162//4162
f 4313//4313 4167//4167 4166//4166
f 4316//4316 4338//4338 4314//4314
f 4338//4338 4173//4173 4172//4172
f 4172//4172 4171//4171 4314//4314
f 4338//4338 4172//4172 4314//4314
f 4317//4317 4177//4177 4175//4175
f 4319//4319 4180//4180 4318//4318
f 4180//4180 4181//4181 4318//4318
f 4320//4320 4183//4183 4182//4182
f 4321//4321 4187//4187 4186//4186
f 4324//4324 4340//4340 4322//4322
f 4340//4340 4191//4191 4190//4190
f 4190//4190 4189//4189 4322//4322
f 4340//4340 4190//4190 4322//4322
f 4151//4151 4194//4194 4320//4320
f 4284//4284 4333//4333 4361//4361
f 4155//4155 4196//4196 4361//4361
f 4333//4333 4155//4155 4361//4361
f 4317//4317 4158//4158 4198//4198
f 4321//4321 4161//4161 4200//4200
f 4163//4163 4202//4202 4285//4285
f 4319//4319 4167//4167 4205//4205
f 4286//4286 4173//4173 4209//4209
f 4288//4288 4177//4177 4362//4362
f 4211//4211 4210//4210 4362//4362
f 4177//4177 4211//4211 4362//4362
f 4291//4291 4180//4180 4212//4212
f 4324//4324 4183//4183 4213//4213
f 4187//4187 4215//4215 4332//4332
f 4332//4332 4191//4191 4216//4216
f 4272//4272 4363//4363 4270//4270
f 4363//4363 4219//4219 4218//4218
f 4218//4218 4150//4150 4270//4270
f 4363//4363 4218//4218 4270//4270
f 4274//4274 4364//4364 4153//4153
f 4364//4364 4220//4220 4153//4153
f 4276//4276 4222//4222 4157//4157
f 4277//4277 4226//4226 4160//4160
f 4278//4278 4229//4229 4162//4162
f 4280//4280 4365//4365 4166//4166
f 4365//4365 4230//4230 4166//4166
f 4283//4283 4366//4366 4281//4281
f 4366//4366 4237//4237 4236//4236
f 4236//4236 4171//4171 4281//4281
f 4366//4366 4236//4236 4281//4281
f 4284//4284 4361//4361 4175//4175
f 4361//4361 4196//4196 4175//4175
f 4202//4202 4181//4181 4285//4285
f 4286//4286 4209//4209 4182//4182
f 4288//4288 4362//4362 4289//4289
f 4362//4362 4210//4210 4186//4186
f 4362//4362 4186//4186 4289//4289
f 4291//4291 4212//4212 4290//4290
f 4212//4212 4189//4189 4290//4290
f 4303//4303 4245//4245 4240//4240
f 4293//4293 4367//4367 4368//4368
f 4367//4367 4250//4250 4249//4249
f 4249//4249 4248//4248 4368//4368
f 4367//4367 4249//4249 4368//4368
f 4296//4296 4251//4251 4238//4238
f 4297//4297 4369//4369 4355//4355
f 4369//4369 4252//4252 4241//4241
f 4369//4369 4241//4241 4355//4355
f 4298//4298 4255//4255 4254//4254
f 4254//4254 4253//4253 4298//4298
f 4300//4300 4370//4370 4239//4239
f 4370//4370 4256//4256 4239//4239
f 4302//4302 4371//4371 4257//4257
f 4371//4371 4259//4259 4257//4257
f 4293//4293 4368//4368 4372//4372
f 4368//4368 4248//4248 4263//4263
f 4263//4263 4262//4262 4372//4372
f 4368//4368 4263//4263 4372//4372
f 4298//4298 4253//4253 4266//4266
f 4266//4266 4265//4265 4298//4298
f 4302//4302 4257//4257 4356//4356
f 4257//4257 4243//4243 4356//4356
f 4293//4293 4372//4372 4216//4216
f 4372//4372 4262//4262 4216//4216
f 4298//4298 4265//4265 4269//4269
f 4269//4269 4215//4215 4298//4298
f 4373//4373 4374//4374 4375//4375
f 4374//4374 4376//4376 4375//4375
f 4373//4373 4375//4375 4377//4377
f 4375//4375 4378//4378 4377//4377
f 4376//4376 4379//4379 4380//4380
f 4379//4379 4381//4381 4382//4382
f 4382//4382 4383//4383 4380//4380
f 4379//4379 4382//4382 4380//4380
f 4376//4376 4380//4380 4375//4375
f 4380//4380 4383//4383 4375//4375
f 4381//4381 4384//4384 4385//4385
f 4384//4384 4386//4386 4387//4387
f 4387//4387 4388//4388 4385//4385
f 4384//4384 4387//4387 4385//4385
f 4381//4381 4385//4385 4382//4382
f 4385//4385 4388//4388 4389//4389
f 4389//4389 4383//4383 4382//4382
f 4385//4385 4389//4389 4382//4382
f 4386//4386 4390//4390 4391//4391
f 4390//4390 4392//4392 4393//4393
f 4393//4393 4394//4394 4391//4391
f 4390//4390 4393//4393 4391//4391
f 4386//4386 4391//4391 4387//4387
f 4391//4391 4394//4394 4395//4395
f 4395//4395 4388//4388 4387//4387
f 4391//4391 4395//4395 4387//4387
f 4392//4392 4396//4396 4397//4397
f 4396//4396 4398//4398 4399//4399
f 4399//4399 4400//4400 4397//4397
f 4396//4396 4399//4399 4397//4397
f 4392//4392 4397//4397 4393//4393
f 4397//4397 4400//4400 4401//4401
f 4401//4401 4394//4394 4393//4393
f 4397//4397 4401//4401 4393//4393
f 4398//4398 4402//4402 4403//4403
f 4402//4402 4404//4404 4405//4405
f 4402//4402 4405//4405 4403//4403
f 4398//4398 4403//4403 4399//4399
f 4403//4403 4400//4400 4399//4399
f 4404//4404 4406//4406 4407//4407
f 4406//4406 4408//4408 4407//4407
f 4404//4404 4407//4407 4405//4405
f 4407//4407 4403//4403 4405//4405
f 4408//4408 4409//4409 4410//4410
f 4409//4409 4411//4411 4412//4412
f 4412//4412 4413//4413 4410//4410
f 4409//4409 4412//4412 4410//4410
f 4408//4408 4410//4410 4407//4407
f 4410//4410 4413//4413 4407//4407
f 4411//4411 4414//4414 4415//4415
f 4414//4414 4416//4416 4417//4417
f 4417//4417 4418//4418 4415//4415
f 4414//4414 4417//4417 4415//4415
f 4411//4411 4415//4415 4412//4412
f 4415//4415 4418//4418 4419//4419
f 4419//4419 4413//4413 4412//4412
f 4415//4415 4419//4419 4412//4412
f 4416//4416 4420//4420 4421//4421
f 4420//4420 4422//4422 4423//4423
f 4423//4423 4424//4424 4421//4421
f 4420//4420 4423//4423 4421//4421
f 4416//4416 4421//4421 4417//4417
f 4421//4421 4424//4424 4425//4425
f 4425//4425 4418//4418 4417//4417
f 4421//4421 4425//4425 4417//4417
f 4422//4422 4426//4426 4427//4427
f 4426//4426 4428//4428 4429//4429
f 4429//4429 4430//4430 4427//4427
f 4426//4426 4429//4429 4427//4427
f 4422//4422 4427//4427 4423//4423
f 4427//4427 4430//4430 4431//4431
f 4431//4431 4424//4424 4423//4423
f 4427//4427 4431//4431 4423//4423
f 4428//4428 4432//4432 4433//4433
f 4432//4432 4434//4434 4435//4435
f 4435//4435 4436//4436 4433//4433
f 4432//4432 4435//4435 4433//4433
f 4428//4428 4433//4433 4429//4429
f 4433//4433 4436//4436 4437//4437
f 4437//4437 4430//4430 4429//4429
f 4433//4433 4437//4437 4429//4429
f 4434//4434 4438//4438 4439//4439
f 4438//4438 4440//4440 4441//4441
f 4441//4441 4442//4442 4439//4439
f 4438//4438 4441//4441 4439//4439
f 4434//4434 4439//4439 4435//4435
f 4439//4439 4442//4442 4443//4443
f 4443//4443 4436//4436 4435//4435
f 4439//4439 4443//4443 4435//4435
f 4440//4440 4444//4444 4445//4445
f 4444//4444 4446//4446 4447//4447
f 4447//4447 4448//4448 4445//4445
f 4444//4444 4447//4447 4445//4445
f 4440//4440 4445//4445 4441//4441
f 4445//4445 4448//4448 4449//4449
f 4449//4449 4442//4442 4441//4441
f 4445//4445 4449//4449 4441//4441
f 4446//4446 4450//4450 4451//4451
f 4450//4450 4452//4452 4453//4453
f 4453//4453 4454//4454 4451//4451
f 4450//4450 4453//4453 4451//4451
f 4446//4446 4451//4451 4447//4447
f 4451//4451 4454//4454 4455//4455
f 4455//4455 4448//4448 4447//4447
f 4451//4451 4455//4455 4447//4447
f 4452//4452 4456//4456 4457//4457
f 4456//4456 4373//4373 4377//4377
f 4377//4377 4378//4378 4457//4457
f 4456//4456 4377//4377 4457//4457
f 4452//4452 4457//4457 4453//4453
f 4457//4457 4378//4378 4458//4458
f 4458//4458 4454//4454 4453//4453
f 4457//4457 4458//4458 4453//4453
f 4378//4378 4375//4375 4459//4459
f 4375//4375 4460//4460 4459//4459
f 4378//4378 4459//4459 4461//4461
f 4459//4459 4460//4460 4462//4462
f 4462//4462 4463//4463 4461//4461
f 4459//4459 4462//4462 4461//4461
f 4375//4375 4383//4383 4464//4464
f 4464//4464 4465//4465 4375//4375
f 4375//4375 4465//4465 4466//4466
f 4466//4466 4460//4460 4375//4375
f 4383//4383 4389//4389 4467//4467
f 4389//4389 4388//4388 4468//4468
f 4468//4468 4469//4469 4467//4467
f 4389//4389 4468//4468 4467//4467
f 4383//4383 4467//4467 4464//4464
f 4467//4467 4469//4469 4470//4470
f 4470//4470 4465//4465 4464//4464
f 4467//4467 4470//4470 4464//4464
f 4388//4388 4395//4395 4471//4471
f 4395//4395 4394//4394 4472//4472
f 4472//4472 4473//4473 4471//4471
f 4395//4395 4472//4472 4471//4471
f 4388//4388 4471//4471 4468//4468
f 4471//4471 4473//4473 4474//4474
f 4474//4474 4469//4469 4468//4468
f 4471//4471 4474//4474 4468//4468
f 4394//4394 4401//4401 4475//4475
f 4401//4401 4400//4400 4476//4476
f 4476//4476 4477//4477 4475//4475
f 4401//4401 4476//4476 4475//4475
f 4394//4394 4475//4475 4472//4472
f 4475//4475 4477//4477 4478//4478
f 4478//4478 4473//4473 4472//4472
f 4475//4475 4478//4478 4472//4472
f 4400//4400 4403//4403 4479//4479
f 4480//4480 4481//4481 4479//4479
f 4403//4403 4480//4480 4479//4479
f 4400//4400 4479//4479 4476//4476
f 4479//4479 4481//4481 4482//4482
f 4482//4482 4477//4477 4476//4476
f 4479//4479 4482//4482 4476//4476
f 4403//4403 4407//4407 4483//4483
f 4407//4407 4484//4484 4483//4483
f 4403//4403 4483//4483 4480//4480
f 4483//4483 4484//4484 4485//4485
f 4485//4485 4481//4481 4480//4480
f 4483//4483 4485//4485 4480//4480
f 4407//4407 4413//4413 4486//4486
f 4486//4486 4487//4487 4407//4407
f 4407//4407 4487//4487 4488//4488
f 4488//4488 4484//4484 4407//4407
f 4413//4413 4419//4419 4489//4489
f 4419//4419 4418//4418 4490//4490
f 4490//4490 4491//4491 4489//4489
f 4419//4419 4490//4490 4489//4489
f 4413//4413 4489//4489 4486//4486
f 4489//4489 4491//4491 4492//4492
f 4492//4492 4487//4487 4486//4486
f 4489//4489 4492//4492 4486//4486
f 4418//4418 4425//4425 4493//4493
f 4425//4425 4424//4424 4494//4494
f 4494//4494 4495//4495 4493//4493
f 4425//4425 4494//4494 4493//4493
f 4418//4418 4493//4493 4490//4490
f 4493//4493 4495//4495 4496//4496
f 4496//4496 4491//4491 4490//4490
f 4493//4493 4496//4496 4490//4490
f 4424//4424 4431//4431 4497//4497
f 4431//4431 4430//4430 4498//4498
f 4498//4498 4499//4499 4497//4497
f 4431//4431 4498//4498 4497//4497
f 4424//4424 4497//4497 4494//4494
f 4497//4497 4499//4499 4500//4500
f 4500//4500 4495//4495 4494//4494
f 4497//4497 4500//4500 4494//4494
f 4430//4430 4437//4437 4501//4501
f 4437//4437 4436//4436 4502//4502
f 4502//4502 4503//4503 4501//4501
f 4437//4437 4502//4502 4501//4501
f 4430//4430 4501//4501 4498//4498
f 4501//4501 4503//4503 4504//4504
f 4504//4504 4499//4499 4498//4498
f 4501//4501 4504//4504 4498//4498
f 4436//4436 4443//4443 4505//4505
f 4443//4443 4442//4442 4506//4506
f 4506//4506 4507//4507 4505//4505
f 4443//4443 4506//4506 4505//4505
f 4436//4436 4505//4505 4502//4502
f 4505//4505 4507//4507 4508//4508
f 4508//4508 4503//4503 4502//4502
f 4505//4505 4508//4508 4502//4502
f 4442//4442 4449//4449 4509//4509
f 4449//4449 4448//4448 4510//4510
f 4510//4510 4511//4511 4509//4509
f 4449//4449 4510//4510 4509//4509
f 4442//4442 4509//4509 4506//4506
f 4509//4509 4511//4511 4512//4512
f 4512//4512 4507//4507 4506//4506
f 4509//4509 4512//4512 4506//4506
f 4448//4448 4455//4455 4513//4513
f 4455//4455 4454//4454 4514//4514
f 4514//4514 4515//4515 4513//4513
f 4455//4455 4514//4514 4513//4513
f 4448//4448 4513//4513 4510//4510
f 4513//4513 4515//4515 4516//4516
f 4516//4516 4511//4511 4510//4510
f 4513//4513 4516//4516 4510//4510
f 4454//4454 4458//4458 4517//4517
f 4458//4458 4378//4378 4461//4461
f 4461//4461 4463//4463 4517//4517
f 4458//4458 4461//4461 4517//4517
f 4454//4454 4517//4517 4514//4514
f 4517//4517 4463//4463 4518//4518
f 4518//4518 4515//4515 4514//4514
f 4517//4517 4518//4518 4514//4514
f 4463//4463 4462//4462 4519//4519
f 4462//4462 4460//4460 4520//4520
f 4520//4520 4521//4521 4519//4519
f 4462//4462 4520//4520 4519//4519
f 4463//4463 4519//4519 4522//4522
f 4519//4519 4521//4521 4523//4523
f 4523//4523 4524//4524 4522//4522
f 4519//4519 4523//4523 4522//4522
f 4460//4460 4466//4466 4525//4525
f 4466//4466 4465//4465 4526//4526
f 4526//4526 4527//4527 4525//4525
f 4466//4466 4526//4526 4525//4525
f 4460//4460 4525//4525 4520//4520
f 4525//4525 4527//4527 4528//4528
f 4528//4528 4521//4521 4520//4520
f 4525//4525 4528//4528 4520//4520
f 4465//4465 4470//4470 4529//4529
f 4470//4470 4469//4469 4530//4530
f 4530//4530 4531//4531 4529//4529
f 4470//4470 4530//4530 4529//4529
f 4465//4465 4529//4529 4526//4526
f 4529//4529 4531//4531 4532//4532
f 4532//4532 4527//4527 4526//4526
f 4529//4529 4532//4532 4526//4526
f 4469//4469 4474//4474 4533//4533
f 4474//4474 4473//4473 4534//4534
f 4534//4534 4535//4535 4533//4533
f 4474//4474 4534//4534 4533//4533
f 4469//4469 4533//4533 4530//4530
f 4533//4533 4535//4535 4536//4536
f 4536//4536 4531//4531 4530//4530
f 4533//4533 4536//4536 4530//4530
f 4473//4473 4478//4478 4537//4537
f 4478//4478 4477//4477 4538//4538
f 4538//4538 4539//4539 4537//4537
f 4478//4478 4538//4538 4537//4537
f 4473//4473 4537//4537 4534//4534
f 4537//4537 4539//4539 4540//4540
f 4540//4540 4535//4535 4534//4534
f 4537//4537 4540//4540 4534//4534
f 4477//4477 4482//4482 4541//4541
f 4482//4482 4481//4481 4541//4541
f 4477//4477 4541//4541 4538//4538
f 4541//4541 4539//4539 4538//4538
f 4481//4481 4485//4485 4542//4542
f 4485//4485 4484//4484 4543//4543
f 4543//4543 4544//4544 4542//4542
f 4485//4485 4543//4543 4542//4542
f 4481//4481 4542//4542 4541//4541
f 4542//4542 4544//4544 4541//4541
f 4484//4484 4488//4488 4545//4545
f 4488//4488 4487//4487 4546//4546
f 4546//4546 4547//4547 4545//4545
f 4488//4488 4546//4546 4545//4545
f 4484//4484 4545//4545 4543//4543
f 4545//4545 4547//4547 4548//4548
f 4548//4548 4544//4544 4543//4543
f 4545//4545 4548//4548 4543//4543
f 4487//4487 4492//4492 4549//4549
f 4492//4492 4491//4491 4550//4550
f 4550//4550 4551//4551 4549//4549
f 4492//4492 4550//4550 4549//4549
f 4487//4487 4549//4549 4546//4546
f 4549//4549 4551//4551 4552//4552
f 4552//4552 4547//4547 4546//4546
f 4549//4549 4552//4552 4546//4546
f 4491//4491 4496//4496 4553//4553
f 4496//4496 4495//4495 4554//4554
f 4554//4554 4555//4555 4553//4553
f 4496//4496 4554//4554 4553//4553
f 4491//4491 4553//4553 4550//4550
f 4553//4553 4555//4555 4556//4556
f 4556//4556 4551//4551 4550//4550
f 4553//4553 4556//4556 4550//4550
f 4495//4495 4500//4500 4557//4557
f 4500//4500 4499//4499 4558//4558
f 4558//4558 4559//4559 4557//4557
f 4500//4500 4558//4558 4557//4557
f 4495//4495 4557//4557 4554//4554
f 4557//4557 4559//4559 4560//4560
f 4560//4560 4555//4555 4554//4554
f 4557//4557 4560//4560 4554//4554
f 4499//4499 4504//4504 4561//4561
f 4504//4504 4503//4503 4562//4562
f 4562//4562 4563//4563 4561//4561
f 4504//4504 4562//4562 4561//4561
f 4499//4499 4561//4561 4558//4558
f 4561//4561 4563//4563 4564//4564
f 4564//4564 4559//4559 4558//4558
f 4561//4561 4564//4564 4558//4558
f 4503//4503 4508//4508 4565//4565
f 4508//4508 4507//4507 4566//4566
f 4566//4566 4567//4567 4565//4565
f 4508//4508 4566//4566 4565//4565
f 4503//4503 4565//4565 4562//4562
f 4565//4565 4567//4567 4568//4568
f 4568//4568 4563//4563 4562//4562
f 4565//4565 4568//4568 4562//4562
f 4507//4507 4512//4512 4569//4569
f 4512//4512 4511//4511 4570//4570
f 4570//4570 4571//4571 4569//4569
f 4512//4512 4570//4570 4569//4569
f 4507//4507 4569//4569 4566//4566
f 4569//4569 4571//4571 4572//4572
f 4572//4572 4567//4567 4566//4566
f 4569//4569 4572//4572 4566//4566
f 4511//4511 4516//4516 4573//4573
f 4516//4516 4515//4515 4574//4574
f 4574//4574 4575//4575 4573//4573
f 4516//4516 4574//4574 4573//4573
f 4511//4511 4573//4573 4570//4570
f 4573//4573 4575//4575 4576//4576
f 4576//4576 4571//4571 4570//4570
f 4573//4573 4576//4576 4570//4570
f 4515//4515 4518//4518 4577//4577
f 4518//4518 4463//4463 4522//4522
f 4522//4522 4524//4524 4577//4577
f 4518//4518 4522//4522 4577//4577
f 4515//4515 4577//4577 4574//4574
f 4577//4577 4524//4524 4578//4578
f 4578//4578 4575//4575 4574//4574
f 4577//4577 4578//4578 4574//4574
f 4524//4524 4523//4523 4579//4579
f 4523//4523 4521//4521 4580//4580
f 4580//4580 4581//4581 4579//4579
f 4523//4523 4580//4580 4579//4579
f 4524//4524 4579//4579 4582//4582
f 4579//4579 4581//4581 4583//4583
f 4583//4583 4584//4584 4582//4582
f 4579//4579 4583//4583 4582//4582
f 4521//4521 4528//4528 4585//4585
f 4528//4528 4527//4527 4585//4585
f 4521//4521 4585//4585 4580//4580
f 4585//4585 4581//4581 4580//4580
f 4527//4527 4532//4532 4586//4586
f 4532//4532 4531//4531 4587//4587
f 4587//4587 4588//4588 4586//4586
f 4532//4532 4587//4587 4586//4586
f 4527//4527 4586//4586 4585//4585
f 4586//4586 4588//4588 4585//4585
f 4531//4531 4536//4536 4589//4589
f 4536//4536 4535//4535 4590//4590
f 4590//4590 4591//4591 4589//4589
f 4536//4536 4590//4590 4589//4589
f 4531//4531 4589//4589 4587//4587
f 4589//4589 4591//4591 4592//4592
f 4592//4592 4588//4588 4587//4587
f 4589//4589 4592//4592 4587//4587
f 4535//4535 4540//4540 4593//4593
f 4540//4540 4539//4539 4594//4594
f 4594//4594 4595//4595 4593//4593
f 4540//4540 4594//4594 4593//4593
f 4535//4535 4593//4593 4590//4590
f 4593//4593 4595//4595 4596//4596
f 4596//4596 4591//4591 4590//4590
f 4593//4593 4596//4596 4590//4590
f 4539//4539 4541//4541 4597//4597
f 4541//4541 4598//4598 4597//4597
f 4539//4539 4597//4597 4594//4594
f 4597//4597 4598//4598 4599//4599
f 4599//4599 4595//4595 4594//4594
f 4597//4597 4599//4599 4594//4594
f 4541//4541 4544//4544 4600//4600
f 4600//4600 4601//4601 4541//4541
f 4541//4541 4601//4601 4602//4602
f 4602//4602 4598//4598 4541//4541
f 4544//4544 4548//4548 4603//4603
f 4548//4548 4547//4547 4604//4604
f 4604//4604 4605//4605 4603//4603
f 4548//4548 4604//4604 4603//4603
f 4544//4544 4603//4603 4600//4600
f 4603//4603 4605//4605 4606//4606
f 4606//4606 4601//4601 4600//4600
f 4603//4603 4606//4606 4600//4600
f 4547//4547 4552//4552 4607//4607
f 4552//4552 4551//4551 4608//4608
f 4608//4608 4609//4609 4607//4607
f 4552//4552 4608//4608 4607//4607
f 4547//4547 4607//4607 4604//4604
f 4607//4607 4609//4609 4610//4610
f 4610//4610 4605//4605 4604//4604
f 4607//4607 4610//4610 4604//4604
f 4551//4551 4556//4556 4611//4611
f 4556//4556 4555//4555 4612//4612
f 4612//4612 4613//4613 4611//4611
f 4556//4556 4612//4612 4611//4611
f 4551//4551 4611//4611 4608//4608
f 4611//4611 4613//4613 4614//4614
f 4614//4614 4609//4609 4608//4608
f 4611//4611 4614//4614 4608//4608
f 4555//4555 4560//4560 4615//4615
f 4560//4560 4559//4559 4616//4616
f 4616//4616 4617//4617 4615//4615
f 4560//4560 4616//4616 4615//4615
f 4555//4555 4615//4615 4612//4612
f 4615//4615 4617//4617 4618//4618
f 4618//4618 4613//4613 4612//4612
f 4615//4615 4618//4618 4612//4612
f 4559//4559 4564//4564 4619//4619
f 4564//4564 4563//4563 4620//4620
f 4620//4620 4621//4621 4619//4619
f 4564//4564 4620//4620 4619//4619
f 4559//4559 4619//4619 4616//4616
f 4619//4619 4621//4621 4622//4622
f 4622//4622 4617//4617 4616//4616
f 4619//4619 4622//4622 4616//4616
f 4563//4563 4568//4568 4623//4623
f 4568//4568 4567//4567 4624//4624
f 4624//4624 4625//4625 4623//4623
f 4568//4568 4624//4624 4623//4623
f 4563//4563 4623//4623 4620//4620
f 4623//4623 4625//4625 4626//4626
f 4626//4626 4621//4621 4620//4620
f 4623//4623 4626//4626 4620//4620
f 4567//4567 4572//4572 4627//4627
f 4572//4572 4571//4571 4628//4628
f 4628//4628 4629//4629 4627//4627
f 4572//4572 4628//4628 4627//4627
f 4567//4567 4627//4627 4624//4624
f 4627//4627 4629//4629 4630//4630
f 4630//4630 4625//4625 4624//4624
f 4627//4627 4630//4630 4624//4624
f 4571//4571 4576//4576 4631//4631
f 4576//4576 4575//4575 4632//4632
f 4632//4632 4633//4633 4631//4631
f 4576//4576 4632//4632 4631//4631
f 4571//4571 4631//4631 4628//4628
f 4631//4631 4633//4633 4634//4634
f 4634//4634 4629//4629 4628//4628
f 4631//4631 4634//4634 4628//4628
f 4575//4575 4578//4578 4635//4635
f 4578//4578 4524//4524 4582//4582
f 4582//4582 4584//4584 4635//4635
f 4578//4578 4582//4582 4635//4635
f 4575//4575 4635//4635 4632//4632
f 4635//4635 4584//4584 4636//4636
f 4636//4636 4633//4633 4632//4632
f 4635//4635 4636//4636 4632//4632
f 4584//4584 4583//4583 4637//4637
f 4583//4583 4581//4581 4638//4638
f 4638//4638 4639//4639 4637//4637
f 4583//4583 4638//4638 4637//4637
f 4584//4584 4637//4637 4640//4640
f 4637//4637 4639//4639 4641//4641
f 4641//4641 4642//4642 4640//4640
f 4637//4637 4641//4641 4640//4640
f 4581//4581 4585//4585 4643//4643
f 4585//4585 4644//4644 4643//4643
f 4581//4581 4643//4643 4638//4638
f 4643//4643 4644//4644 4645//4645
f 4645//4645 4639//4639 4638//4638
f 4643//4643 4645//4645 4638//4638
f 4585//4585 4588//4588 4646//4646
f 4646//4646 4647//4647 4585//4585
f 4585//4585 4647//4647 4648//4648
f 4648//4648 4644//4644 4585//4585
f 4588//4588 4592//4592 4649//4649
f 4592//4592 4591//4591 4649//4649
f 4588//4588 4649//4649 4646//4646
f 4649//4649 4647//4647 4646//4646
f 4591//4591 4596//4596 4650//4650
f 4596//4596 4595//4595 4651//4651
f 4651//4651 4652//4652 4650//4650
f 4596//4596 4651//4651 4650//4650
f 4591//4591 4650//4650 4649//4649
f 4650//4650 4652//4652 4649//4649
f 4595//4595 4599//4599 4653//4653
f 4599//4599 4598//4598 4654//4654
f 4654//4654 4655//4655 4653//4653
f 4599//4599 4654//4654 4653//4653
f 4595//4595 4653//4653 4651//4651
f 4653//4653 4655//4655 4656//4656
f 4656//4656 4652//4652 4651//4651
f 4653//4653 4656//4656 4651//4651
f 4598//4598 4602//4602 4657//4657
f 4602//4602 4601//4601 4658//4658
f 4658//4658 4659//4659 4657//4657
f 4602//4602 4658//4658 4657//4657
f 4598//4598 4657//4657 4654//4654
f 4657//4657 4659//4659 4660//4660
f 4660//4660 4655//4655 4654//4654
f 4657//4657 4660//4660 4654//4654
f 4601//4601 4606//4606 4661//4661
f 4606//4606 4605//4605 4662//4662
f 4662//4662 4663//4663 4661//4661
f 4606//4606 4662//4662 4661//4661
f 4601//4601 4661//4661 4658//4658
f 4661//4661 4663//4663 4664//4664
f 4664//4664 4659//4659 4658//4658
f 4661//4661 4664//4664 4658//4658
f 4605//4605 4610//4610 4665//4665
f 4610//4610 4609//4609 4666//4666
f 4666//4666 4667//4667 4665//4665
f 4610//4610 4666//4666 4665//4665
f 4605//4605 4665//4665 4662//4662
f 4665//4665 4667//4667 4668//4668
f 4668//4668 4663//4663 4662//4662
f 4665//4665 4668//4668 4662//4662
f 4609//4609 4614//4614 4669//4669
f 4614//4614 4613//4613 4670//4670
f 4670//4670 4671//4671 4669//4669
f 4614//4614 4670//4670 4669//4669
f 4609//4609 4669//4669 4666//4666
f 4669//4669 4671//4671 4672//4672
f 4672//4672 4667//4667 4666//4666
f 4669//4669 4672//4672 4666//4666
f 4613//4613 4618//4618 4673//4673
f 4618//4618 4617//4617 4674//4674
f 4674//4674 4675//4675 4673//4673
f 4618//4618 4674//4674 4673//4673
f 4613//4613 4673//4673 4670//4670
f 4673//4673 4675//4675 4676//4676
f 4676//4676 4671//4671 4670//4670
f 4673//4673 4676//4676 4670//4670
f 4617//4617 4622//4622 4677//4677
f 4622//4622 4621//4621 4678//4678
f 4678//4678 4679//4679 4677//4677
f 4622//4622 4678//4678 4677//4677
f 4617//4617 4677//4677 4674//4674
f 4677//4677 4679//4679 4680//4680
f 4680//4680 4675//4675 4674//4674
f 4677//4677 4680//4680 4674//4674
f 4621//4621 4626//4626 4681//4681
f 4626//4626 4625//4625 4682//4682
f 4682//4682 4683//4683 4681//4681
f 4626//4626 4682//4682 4681//4681
f 4621//4621 4681//4681 4678//4678
f 4681//4681 4683//4683 4684//4684
f 4684//4684 4679//4679 4678//4678
f 4681//4681 4684//4684 4678//4678
f 4625//4625 4630//4630 4685//4685
f 4630//4630 4629//4629 4686//4686
f 4686//4686 4687//4687 4685//4685
f 4630//4630 4686//4686 4685//4685
f 4625//4625 4685//4685 4682//4682
f 4685//4685 4687//4687 4688//4688
f 4688//4688 4683//4683 4682//4682
f 4685//4685 4688//4688 4682//4682
f 4629//4629 4634//4634 4689//4689
f 4634//4634 4633//4633 4690//4690
f 4690//4690 4691//4691 4689//4689
f 4634//4634 4690//4690 4689//4689
f 4629//4629 4689//4689 4686//4686
f 4689//4689 4691//4691 4692//4692
f 4692//4692 4687//4687 4686//4686
f 4689//4689 4692//4692 4686//4686
f 4633//4633 4636//4636 4693//4693
f 4636//4636 4584//4584 4640//4640
f 4640//4640 4642//4642 4693//4693
f 4636//4636 4640//4640 4693//4693
f 4633//4633 4693//4693 4690//4690
f 4693//4693 4642//4642 4694//4694
f 4694//4694 4691//4691 4690//4690
f 4693//4693 4694//4694 4690//4690
f 4642//4642 4641//4641 4695//4695
f 4641//4641 4639//4639 4696//4696
f 4696//4696 4697//4697 4695//4695
f 4641//4641 4696//4696 4695//4695
f 4642//4642 4695//4695 4698//4698
f 4695//4695 4697//4697 4699//4699
f 4699//4699 4700//4700 4698//4698
f 4695//4695 4699//4699 4698//4698
f 4639//4639 4645//4645 4701//4701
f 4645//4645 4644//4644 4702//4702
f 4702//4702 4703//4703 4701//4701
f 4645//4645 4702//4702 4701//4701
f 4639//4639 4701//4701 4696//4696
f 4701//4701 4703//4703 4704//4704
f 4704//4704 4697//4697 4696//4696
f 4701//4701 4704//4704 4696//4696
f 4644//4644 4648//4648 4705//4705
f 4648//4648 4647//4647 4706//4706
f 4706//4706 4707//4707 4705//4705
f 4648//4648 4706//4706 4705//4705
f 4644//4644 4705//4705 4702//4702
f 4705//4705 4707//4707 4708//4708
f 4708//4708 4703//4703 4702//4702
f 4705//4705 4708//4708 4702//4702
f 4647//4647 4649//4649 4709//4709
f 4710//4710 4711//4711 4709//4709
f 4649//4649 4710//4710 4709//4709
f 4647//4647 4709//4709 4706//4706
f 4709//4709 4711//4711 4712//4712
f 4712//4712 4707//4707 4706//4706
f 4709//4709 4712//4712 4706//4706
f 4649//4649 4652//4652 4713//4713
f 4713//4713 4714//4714 4715//4715
f 4649//4649 4713//4713 4715//4715
f 4649//4649 4715//4715 4710//4710
f 4715//4715 4714//4714 4716//4716
f 4716//4716 4711//4711 4710//4710
f 4715//4715 4716//4716 4710//4710
f 4652//4652 4656//4656 4717//4717
f 4656//4656 4655//4655 4718//4718
f 4718//4718 4719//4719 4717//4717
f 4656//4656 4718//4718 4717//4717
f 4652//4652 4717//4717 4713//4713
f 4717//4717 4719//4719 4720//4720
f 4720//4720 4714//4714 4713//4713
f 4717//4717 4720//4720 4713//4713
f 4655//4655 4660//4660 4721//4721
f 4660//4660 4659//4659 4722//4722
f 4722//4722 4723//4723 4721//4721
f 4660//4660 4722//4722 4721//4721
f 4655//4655 4721//4721 4718//4718
f 4721//4721 4723//4723 4724//4724
f 4724//4724 4719//4719 4718//4718
f 4721//4721 4724//4724 4718//4718
f 4659//4659 4664//4664 4725//4725
f 4664//4664 4663//4663 4726//4726
f 4726//4726 4727//4727 4725//4725
f 4664//4664 4726//4726 4725//4725
f 4659//4659 4725//4725 4722//4722
f 4725//4725 4727//4727 4728//4728
f 4728//4728 4723//4723 4722//4722
f 4725//4725 4728//4728 4722//4722
f 4663//4663 4668//4668 4729//4729
f 4668//4668 4667//4667 4730//4730
f 4730//4730 4731//4731 4729//4729
f 4668//4668 4730//4730 4729//4729
f 4663//4663 4729//4729 4726//4726
f 4729//4729 4731//4731 4732//4732
f 4732//4732 4727//4727 4726//4726
f 4729//4729 4732//4732 4726//4726
f 4667//4667 4672//4672 4733//4733
f 4672//4672 4671//4671 4734//4734
f 4734//4734 4735//4735 4733//4733
f 4672//4672 4734//4734 4733//4733
f 4667//4667 4733//4733 4730//4730
f 4733//4733 4735//4735 4736//4736
f 4736//4736 4731//4731 4730//4730
f 4733//4733 4736//4736 4730//4730
f 4671//4671 4676//4676 4737//4737
f 4676//4676 4675//4675 4738//4738
f 4738//4738 4739//4739 4737//4737
f 4676//4676 4738//4738 4737//4737
f 4671//4671 4737//4737 4734//4734
f 4737//4737 4739//4739 4740//4740
f 4740//4740 4735//4735 4734//4734
f 4737//4737 4740//4740 4734//4734
f 4675//4675 4680//4680 4741//4741
f 4680//4680 4679//4679 4742//4742
f 4742//4742 4743//4743 4741//4741
f 4680//4680 4742//4742 4741//4741
f 4675//4675 4741//4741 4738//4738
f 4741//4741 4743//4743 4744//4744
f 4744//4744 4739//4739 4738//4738
f 4741//4741 4744//4744 4738//4738
f 4679//4679 4684//4684 4745//4745
f 4684//4684 4683//4683 4746//4746
f 4746//4746 4747//4747 4745//4745
f 4684//4684 4746//4746 4745//4745
f 4679//4679 4745//4745 4742//4742
f 4745//4745 4747//4747 4748//4748
f 4748//4748 4743//4743 4742//4742
f 4745//4745 4748//4748 4742//4742
f 4683//4683 4688//4688 4749//4749
f 4688//4688 4687//4687 4750//4750
f 4750//4750 4751//4751 4749//4749
f 4688//4688 4750//4750 4749//4749
f 4683//4683 4749//4749 4746//4746
f 4749//4749 4751//4751 4752//4752
f 4752//4752 4747//4747 4746//4746
f 4749//4749 4752//4752 4746//4746
f 4687//4687 4692//4692 4753//4753
f 4692//4692 4691//4691 4754//4754
f 4754//4754 4755//4755 4753//4753
f 4692//4692 4754//4754 4753//4753
f 4687//4687 4753//4753 4750//4750
f 4753//4753 4755//4755 4756//4756
f 4756//4756 4751//4751 4750//4750
f 4753//4753 4756//4756 4750//4750
f 4691//4691 4694//4694 4757//4757
f 4694//4694 4642//4642 4698//4698
f 4698//4698 4700//4700 4757//4757
f 4694//4694 4698//4698 4757//4757
f 4691//4691 4757//4757 4754//4754
f 4757//4757 4700//4700 4758//4758
f 4758//4758 4755//4755 4754//4754
f 4757//4757 4758//4758 4754//4754
f 4700//4700 4699//4699 4759//4759
f 4699//4699 4697//4697 4760//4760
f 4760//4760 4761//4761 4759//4759
f 4699//4699 4760//4760 4759//4759
f 4700//4700 4759//4759 4762//4762
f 4759//4759 4761//4761 4763//4763
f 4763//4763 4764//4764 4762//4762
f 4759//4759 4763//4763 4762//4762
f 4697//4697 4704//4704 4765//4765
f 4704//4704 4703//4703 4766//4766
f 4766//4766 4767//4767 4765//4765
f 4704//4704 4766//4766 4765//4765
f 4697//4697 4765//4765 4760//4760
f 4765//4765 4767//4767 4768//4768
f 4768//4768 4761//4761 4760//4760
f 4765//4765 4768//4768 4760//4760
f 4703//4703 4708//4708 4769//4769
f 4708//4708 4707//4707 4770//4770
f 4770//4770 4771//4771 4769//4769
f 4708//4708 4770//4770 4769//4769
f 4703//4703 4769//4769 4766//4766
f 4769//4769 4771//4771 4772//4772
f 4772//4772 4767//4767 4766//4766
f 4769//4769 4772//4772 4766//4766
f 4707//4707 4712//4712 4773//4773
f 4712//4712 4711//4711 4774//4774
f 4774//4774 4775//4775 4773//4773
f 4712//4712 4774//4774 4773//4773
f 4707//4707 4773//4773 4770//4770
f 4773//4773 4775//4775 4776//4776
f 4776//4776 4771//4771 4770//4770
f 4773//4773 4776//4776 4770//4770
f 4711//4711 4716//4716 4777//4777
f 4716//4716 4714//4714 4778//4778
f 4778//4778 4779//4779 4777//4777
f 4716//4716 4778//4778 4777//4777
f 4711//4711 4777//4777 4774//4774
f 4777//4777 4779//4779 4780//4780
f 4780//4780 4775//4775 4774//4774
f 4777//4777 4780//4780 4774//4774
f 4714//4714 4720//4720 4781//4781
f 4720//4720 4719//4719 4782//4782
f 4782//4782 4783//4783 4781//4781
f 4720//4720 4782//4782 4781//4781
f 4714//4714 4781//4781 4778//4778
f 4781//4781 4783//4783 4784//4784
f 4784//4784 4779//4779 4778//4778
f 4781//4781 4784//4784 4778//4778
f 4719//4719 4724//4724 4785//4785
f 4724//4724 4723//4723 4786//4786
f 4786//4786 4787//4787 4785//4785
f 4724//4724 4786//4786 4785//4785
f 4719//4719 4785//4785 4782//4782
f 4785//4785 4787//4787 4788//4788
f 4788//4788 4783//4783 4782//4782
f 4785//4785 4788//4788 4782//4782
f 4723//4723 4728//4728 4789//4789
f 4728//4728 4727//4727 4790//4790
f 4790//4790 4791//4791 4789//4789
f 4728//4728 4790//4790 4789//4789
f 4723//4723 4789//4789 4786//4786
f 4789//4789 4791//4791 4792//4792
f 4792//4792 4787//4787 4786//4786
f 4789//4789 4792//4792 4786//4786
f 4727//4727 4732//4732 4793//4793
f 4732//4732 4731//4731 4794//4794
f 4794//4794 4795//4795 4793//4793
f 4732//4732 4794//4794 4793//4793
f 4727//4727 4793//4793 4790//4790
f 4793//4793 4795//4795 4796//4796
f 4796//4796 4791//4791 4790//4790
f 4793//4793 4796//4796 4790//4790
f 4731//4731 4736//4736 4797//4797
f 4736//4736 4735//4735 4798//4798
f 4798//4798 4799//4799 4797//4797
f 4736//4736 4798//4798 4797//4797
f 4731//4731 4797//4797 4794//4794
f 4797//4797 4799//4799 4800//4800
f 4800//4800 4795//4795 4794//4794
f 4797//4797 4800//4800 4794//4794
f 4735//4735 4740//4740 4801//4801
f 4740//4740 4739//4739 4802//4802
f 4802//4802 4803//4803 4801//4801
f 4740//4740 4802//4802 4801//4801
f 4735//4735 4801//4801 4798//4798
f 4801//4801 4803//4803 4804//4804
f 4804//4804 4799//4799 4798//4798
f 4801//4801 4804//4804 4798//4798
f 4739//4739 4744//4744 4805//4805
f 4744//4744 4743//4743 4806//4806
f 4806//4806 4807//4807 4805//4805
f 4744//4744 4806//4806 4805//4805
f 4739//4739 4805//4805 4802//4802
f 4805//4805 4807//4807 4808//4808
f 4808//4808 4803//4803 4802//4802
f 4805//4805 4808//4808 4802//4802
f 4743//4743 4748//4748 4809//4809
f 4748//4748 4747//4747 4810//4810
f 4810//4810 4811//4811 4809//4809
f 4748//4748 4810//4810 4809//4809
f 4743//4743 4809//4809 4806//4806
f 4809//4809 4811//4811 4812//4812
f 4812//4812 4807//4807 4806//4806
f 4809//4809 4812//4812 4806//4806
f 4747//4747 4752//4752 4813//4813
f 4752//4752 4751//4751 4814//4814
f 4814//4814 4815//4815 4813//4813
f 4752//4752 4814//4814 4813//4813
f 4747//4747 4813//4813 4810//4810
f 4813//4813 4815//4815 4816//4816
f 4816//4816 4811//4811 4810//4810
f 4813//4813 4816//4816 4810//4810
f 4751//4751 4756//4756 4817//4817
f 4756//4756 4755//4755 4818//4818
f 4818//4818 4819//4819 4817//4817
f 4756//4756 4818//4818 4817//4817
f 4751//4751 4817//4817 4814//4814
f 4817//4817 4819//4819 4820//4820
f 4820//4820 4815//4815 4814//4814
f 4817//4817 4820//4820 4814//4814
f 4755//4755 4758//4758 4821//4821
f 4758//4758 4700//4700 4762//4762
f 4762//4762 4764//4764 4821//4821
f 4758//4758 4762//4762 4821//4821
f 4755//4755 4821//4821 4818//4818
f 4821//4821 4764//4764 4822//4822
f 4822//4822 4819//4819 4818//4818
f 4821//4821 4822//4822 4818//4818
f 4764//4764 4763//4763 4823//4823
f 4763//4763 4761//4761 4824//4824
f 4824//4824 4825//4825 4823//4823
f 4763//4763 4824//4824 4823//4823
f 4764//4764 4823//4823 4826//4826
f 4823//4823 4825//4825 4827//4827
f 4827//4827 4828//4828 4826//4826
f 4823//4823 4827//4827 4826//4826
f 4761//4761 4768//4768 4829//4829
f 4768//4768 4767//4767 4830//4830
f 4830//4830 4831//4831 4829//4829
f 4768//4768 4830//4830 4829//4829
f 4761//4761 4829//4829 4824//4824
f 4829//4829 4831//4831 4832//4832
f 4832//4832 4825//4825 4824//4824
f 4829//4829 4832//4832 4824//4824
f 4767//4767 4772//4772 4833//4833
f 4772//4772 4771//4771 4834//4834
f 4834//4834 4835//4835 4833//4833
f 4772//4772 4834//4834 4833//4833
f 4767//4767 4833//4833 4830//4830
f 4833//4833 4835//4835 4836//4836
f 4836//4836 4831//4831 4830//4830
f 4833//4833 4836//4836 4830//4830
f 4771//4771 4776//4776 4837//4837
f 4776//4776 4775//4775 4838//4838
f 4838//4838 4839//4839 4837//4837
f 4776//4776 4838//4838 4837//4837
f 4771//4771 4837//4837 4834//4834
f 4837//4837 4839//4839 4840//4840
f 4840//4840 4835//4835 4834//4834
f 4837//4837 4840//4840 4834//4834
f 4775//4775 4780//4780 4841//4841
f 4780//4780 4779//4779 4842//4842
f 4842//4842 4843//4843 4841//4841
f 4780//4780 4842//4842 4841//4841
f 4775//4775 4841//4841 4838//4838
f 4841//4841 4843//4843 4844//4844
f 4844//4844 4839//4839 4838//4838
f 4841//4841 4844//4844 4838//4838
f 4779//4779 4784//4784 4845//4845
f 4784//4784 4783//4783 4846//4846
f 4846//4846 4847//4847 4845//4845
f 4784//4784 4846//4846 4845//4845
f 4779//4779 4845//4845 4842//4842
f 4845//4845 4847//4847 4848//4848
f 4848//4848 4843//4843 4842//4842
f 4845//4845 4848//4848 4842//4842
f 4783//4783 4788//4788 4849//4849
f 4788//4788 4787//4787 4850//4850
f 4850//4850 4851//4851 4849//4849
f 4788//4788 4850//4850 4849//4849
f 4783//4783 4849//4849 4846//4846
f 4849//4849 4851//4851 4852//4852
f 4852//4852 4847//4847 4846//4846
f 4849//4849 4852//4852 4846//4846
f 4787//4787 4792//4792 4853//4853
f 4792//4792 4791//4791 4854//4854
f 4854//4854 4855//4855 4853//4853
f 4792//4792 4854//4854 4853//4853
f 4787//4787 4853//4853 4850//4850
f 4853//4853 4855//4855 4856//4856
f 4856//4856 4851//4851 4850//4850
f 4853//4853 4856//4856 4850//4850
f 4791//4791 4796//4796 4857//4857
f 4796//4796 4795//4795 4858//4858
f 4858//4858 4859//4859 4857//4857
f 4796//4796 4858//4858 4857//4857
f 4791//4791 4857//4857 4854//4854
f 4857//4857 4859//4859 4860//4860
f 4860//4860 4855//4855 4854//4854
f 4857//4857 4860//4860 4854//4854
f 4795//4795 4800//4800 4861//4861
f 4800//4800 4799//4799 4862//4862
f 4862//4862 4863//4863 4861//4861
f 4800//4800 4862//4862 4861//4861
f 4795//4795 4861//4861 4858//4858
f 4861//4861 4863//4863 4864//4864
f 4864//4864 4859//4859 4858//4858
f 4861//4861 4864//4864 4858//4858
f 4799//4799 4804//4804 4865//4865
f 4804//4804 4803//4803 4866//4866
f 4866//4866 4867//4867 4865//4865
f 4804//4804 4866//4866 4865//4865
f 4799//4799 4865//4865 4862//4862
f 4865//4865 4867//4867 4868//4868
f 4868//4868 4863//4863 4862//4862
f 4865//4865 4868//4868 4862//4862
f 4803//4803 4808//4808 4869//4869
f 4808//4808 4807//4807 4870//4870
f 4870//4870 4871//4871 4869//4869
f 4808//4808 4870//4870 4869//4869
f 4803//4803 4869//4869 4866//4866
f 4869//4869 4871//4871 4872//4872
f 4872//4872 4867//4867 4866//4866
f 4869//4869 4872//4872 4866//4866
f 4807//4807 4812//4812 4873//4873
f 4812//4812 4811//4811 4874//4874
f 4874//4874 4875//4875 4873//4873
f 4812//4812 4874//4874 4873//4873
f 4807//4807 4873//4873 4870//4870
f 4873//4873 4875//4875 4876//4876
f 4876//4876 4871//4871 4870//4870
f 4873//4873 4876//4876 4870//4870
f 4811//4811 4816//4816 4877//4877
f 4816//4816 4815//4815 4878//4878
f 4878//4878 4879//4879 4877//4877
f 4816//4816 4878//4878 4877//4877
f 4811//4811 4877//4877 4874//4874
f 4877//4877 4879//4879 4880//4880
f 4880//4880 4875//4875 4874//4874
f 4877//4877 4880//4880 4874//4874
f 4815//4815 4820//4820 4881//4881
f 4820//4820 4819//4819 4882//4882
f 4882//4882 4883//4883 4881//4881
f 4820//4820 4882//4882 4881//4881
f 4815//4815 4881//4881 4878//4878
f 4881//4881 4883//4883 4884//4884
f 4884//4884 4879//4879 4878//4878
f 4881//4881 4884//4884 4878//4878
f 4819//4819 4822//4822 4885//4885
f 4822//4822 4764//4764 4826//4826
f 4826//4826 4828//4828 4885//4885
f 4822//4822 4826//4826 4885//4885
f 4819//4819 4885//4885 4882//4882
f 4885//4885 4828//4828 4886//4886
f 4886//4886 4883//4883 4882//4882
f 4885//4885 4886//4886 4882//4882
f 4828//4828 4827//4827 4887//4887
f 4827//4827 4825//4825 4888//4888
f 4888//4888 4889//4889 4887//4887
f 4827//4827 4888//4888 4887//4887
f 4828//4828 4887//4887 4890//4890
f 4887//4887 4889//4889 4891//4891
f 4891//4891 4892//4892 4890//4890
f 4887//4887 4891//4891 4890//4890
f 4825//4825 4832//4832 4893//4893
f 4832//4832 4831//4831 4894//4894
f 4894//4894 4895//4895 4893//4893
f 4832//4832 4894//4894 4893//4893
f 4825//4825 4893//4893 4888//4888
f 4895//4895 4889//4889 4888//4888
f 4893//4893 4895//4895 4888//4888
f 4831//4831 4836//4836 4896//4896
f 4836//4836 4835//4835 4897//4897
f 4897//4897 4898//4898 4896//4896
f 4836//4836 4897//4897 4896//4896
f 4831//4831 4896//4896 4894//4894
f 4896//4896 4898//4898 4895//4895
f 4896//4896 4895//4895 4894//4894
f 4835//4835 4840//4840 4899//4899
f 4840//4840 4839//4839 4900//4900
f 4900//4900 4901//4901 4899//4899
f 4840//4840 4900//4900 4899//4899
f 4835//4835 4899//4899 4897//4897
f 4899//4899 4901//4901 4902//4902
f 4902//4902 4898//4898 4897//4897
f 4899//4899 4902//4902 4897//4897
f 4839//4839 4844//4844 4903//4903
f 4844//4844 4843//4843 4904//4904
f 4904//4904 4905//4905 4903//4903
f 4844//4844 4904//4904 4903//4903
f 4839//4839 4903//4903 4900//4900
f 4903//4903 4905//4905 4906//4906
f 4906//4906 4901//4901 4900//4900
f 4903//4903 4906//4906 4900//4900
f 4843//4843 4848//4848 4907//4907
f 4848//4848 4847//4847 4908//4908
f 4908//4908 4909//4909 4907//4907
f 4848//4848 4908//4908 4907//4907
f 4843//4843 4907//4907 4904//4904
f 4907//4907 4909//4909 4910//4910
f 4910//4910 4905//4905 4904//4904
f 4907//4907 4910//4910 4904//4904
f 4847//4847 4852//4852 4911//4911
f 4852//4852 4851//4851 4912//4912
f 4912//4912 4913//4913 4911//4911
f 4852//4852 4912//4912 4911//4911
f 4847//4847 4911//4911 4908//4908
f 4911//4911 4913//4913 4914//4914
f 4914//4914 4909//4909 4908//4908
f 4911//4911 4914//4914 4908//4908
f 4851//4851 4856//4856 4915//4915
f 4856//4856 4855//4855 4916//4916
f 4916//4916 4917//4917 4915//4915
f 4856//4856 4916//4916 4915//4915
f 4851//4851 4915//4915 4912//4912
f 4915//4915 4917//4917 4918//4918
f 4918//4918 4913//4913 4912//4912
f 4915//4915 4918//4918 4912//4912
f 4855//4855 4860//4860 4919//4919
f 4860//4860 4859//4859 4920//4920
f 4920//4920 4921//4921 4919//4919
f 4860//4860 4920//4920 4919//4919
f 4855//4855 4919//4919 4916//4916
f 4919//4919 4921//4921 4922//4922
f 4922//4922 4917//4917 4916//4916
f 4919//4919 4922//4922 4916//4916
f 4859//4859 4864//4864 4923//4923
f 4864//4864 4863//4863 4924//4924
f 4924//4924 4925//4925 4923//4923
f 4864//4864 4924//4924 4923//4923
f 4859//4859 4923//4923 4920//4920
f 4923//4923 4925//4925 4926//4926
f 4926//4926 4921//4921 4920//4920
f 4923//4923 4926//4926 4920//4920
f 4863//4863 4868//4868 4927//4927
f 4868//4868 4867//4867 4928//4928
f 4928//4928 4929//4929 4927//4927
f 4868//4868 4928//4928 4927//4927
f 4863//4863 4927//4927 4924//4924
f 4927//4927 4929//4929 4930//4930
f 4930//4930 4925//4925 4924//4924
f 4927//4927 4930//4930 4924//4924
f 4867//4867 4872//4872 4931//4931
f 4872//4872 4871//4871 4932//4932
f 4932//4932 4933//4933 4931//4931
f 4872//4872 4932//4932 4931//4931
f 4867//4867 4931//4931 4928//4928
f 4931//4931 4933//4933 4934//4934
f 4934//4934 4929//4929 4928//4928
f 4931//4931 4934//4934 4928//4928
f 4871//4871 4876//4876 4935//4935
f 4876//4876 4875//4875 4936//4936
f 4936//4936 4937//4937 4935//4935
f 4876//4876 4936//4936 4935//4935
f 4871//4871 4935//4935 4932//4932
f 4935//4935 4937//4937 4938//4938
f 4938//4938 4933//4933 4932//4932
f 4935//4935 4938//4938 4932//4932
f 4875//4875 4880//4880 4939//4939
f 4880//4880 4879//4879 4940//4940
f 4940//4940 4941//4941 4939//4939
f 4880//4880 4940//4940 4939//4939
f 4875//4875 4939//4939 4936//4936
f 4939//4939 4941//4941 4942//4942
f 4942//4942 4937//4937 4936//4936
f 4939//4939 4942//4942 4936//4936
f 4879//4879 4884//4884 4943//4943
f 4884//4884 4883//4883 4944//4944
f 4944//4944 4945//4945 4943//4943
f 4884//4884 4944//4944 4943//4943
f 4879//4879 4943//4943 4940//4940
f 4943//4943 4945//4945 4946//4946
f 4946//4946 4941//4941 4940//4940
f 4943//4943 4946//4946 4940//4940
f 4883//4883 4886//4886 4947//4947
f 4886//4886 4828//4828 4890//4890
f 4890//4890 4892//4892 4947//4947
f 4886//4886 4890//4890 4947//4947
f 4883//4883 4947//4947 4944//4944
f 4947//4947 4892//4892 4948//4948
f 4948//4948 4945//4945 4944//4944
f 4947//4947 4948//4948 4944//4944
f 4892//4892 4891//4891 4949//4949
f 4891//4891 4889//4889 4950//4950
f 4950//4950 4951//4951 4949//4949
f 4891//4891 4950//4950 4949//4949
f 4892//4892 4949//4949 4952//4952
f 4949//4949 4951//4951 4953//4953
f 4953//4953 4954//4954 4952//4952
f 4949//4949 4953//4953 4952//4952
f 4889//4889 4895//4895 4955//4955
f 4956//4956 4957//4957 4955//4955
f 4895//4895 4956//4956 4955//4955
f 4889//4889 4955//4955 4950//4950
f 4955//4955 4957//4957 4958//4958
f 4958//4958 4951//4951 4950//4950
f 4955//4955 4958//4958 4950//4950
f 4895//4895 4898//4898 4959//4959
f 4959//4959 4960//4960 4961//4961
f 4895//4895 4959//4959 4961//4961
f 4895//4895 4961//4961 4956//4956
f 4961//4961 4960//4960 4962//4962
f 4962//4962 4957//4957 4956//4956
f 4961//4961 4962//4962 4956//4956
f 4898//4898 4902//4902 4963//4963
f 4902//4902 4901//4901 4964//4964
f 4964//4964 4965//4965 4963//4963
f 4902//4902 4964//4964 4963//4963
f 4898//4898 4963//4963 4959//4959
f 4963//4963 4965//4965 4966//4966
f 4966//4966 4960//4960 4959//4959
f 4963//4963 4966//4966 4959//4959
f 4901//4901 4906//4906 4967//4967
f 4906//4906 4905//4905 4968//4968
f 4968//4968 4969//4969 4967//4967
f 4906//4906 4968//4968 4967//4967
f 4901//4901 4967//4967 4964//4964
f 4967//4967 4969//4969 4970//4970
f 4970//4970 4965//4965 4964//4964
f 4967//4967 4970//4970 4964//4964
f 4905//4905 4910//4910 4971//4971
f 4910//4910 4909//4909 4972//4972
f 4972//4972 4973//4973 4971//4971
f 4910//4910 4972//4972 4971//4971
f 4905//4905 4971//4971 4968//4968
f 4971//4971 4973//4973 4974//4974
f 4974//4974 4969//4969 4968//4968
f 4971//4971 4974//4974 4968//4968
f 4909//4909 4914//4914 4975//4975
f 4914//4914 4913//4913 4976//4976
f 4976//4976 4977//4977 4975//4975
f 4914//4914 4976//4976 4975//4975
f 4909//4909 4975//4975 4972//4972
f 4975//4975 4977//4977 4978//4978
f 4978//4978 4973//4973 4972//4972
f 4975//4975 4978//4978 4972//4972
f 4913//4913 4918//4918 4979//4979
f 4918//4918 4917//4917 4980//4980
f 4980//4980 4981//4981 4979//4979
f 4918//4918 4980//4980 4979//4979
f 4913//4913 4979//4979 4976//4976
f 4979//4979 4981//4981 4982//4982
f 4982//4982 4977//4977 4976//4976
f 4979//4979 4982//4982 4976//4976
f 4917//4917 4922//4922 4983//4983
f 4922//4922 4921//4921 4984//4984
f 4984//4984 4985//4985 4983//4983
f 4922//4922 4984//4984 4983//4983
f 4917//4917 4983//4983 4980//4980
f 4983//4983 4985//4985 4986//4986
f 4986//4986 4981//4981 4980//4980
f 4983//4983 4986//4986 4980//4980
f 4921//4921 4926//4926 4987//4987
f 4926//4926 4925//4925 4988//4988
f 4988//4988 4989//4989 4987//4987
f 4926//4926 4988//4988 4987//4987
f 4921//4921 4987//4987 4984//4984
f 4987//4987 4989//4989 4990//4990
f 4990//4990 4985//4985 4984//4984
f 4987//4987 4990//4990 4984//4984
f 4925//4925 4930//4930 4991//4991
f 4930//4930 4929//4929 4992//4992
f 4992//4992 4993//4993 4991//4991
f 4930//4930 4992//4992 4991//4991
f 4925//4925 4991//4991 4988//4988
f 4991//4991 4993//4993 4994//4994
f 4994//4994 4989//4989 4988//4988
f 4991//4991 4994//4994 4988//4988
f 4929//4929 4934//4934 4995//4995
f 4934//4934 4933//4933 4995//4995
f 4929//4929 4995//4995 4992//4992
f 4995//4995 4993//4993 4992//4992
f 4933//4933 4938//4938 4996//4996
f 4938//4938 4937//4937 4997//4997
f 4997//4997 4998//4998 4996//4996
f 4938//4938 4997//4997 4996//4996
f 4933//4933 4996//4996 4995//4995
f 4996//4996 4998//4998 4995//4995
f 4937//4937 4942//4942 4999//4999
f 4942//4942 4941//4941 4999//4999
f 4937//4937 4999//4999 4997//4997
f 4999//4999 4998//4998 4997//4997
f 4941//4941 4946//4946 5000//5000
f 4946//4946 4945//4945 5001//5001
f 5001//5001 5002//5002 5000//5000
f 4946//4946 5001//5001 5000//5000
f 4941//4941 5000//5000 4999//4999
f 5000//5000 5002//5002 4999//4999
f 4945//4945 4948//4948 5003//5003
f 4948//4948 4892//4892 4952//4952
f 4952//4952 4954//4954 5003//5003
f 4948//4948 4952//4952 5003//5003
f 4945//4945 5003//5003 5001//5001
f 5003//5003 4954//4954 5004//5004
f 5004//5004 5002//5002 5001//5001
f 5003//5003 5004//5004 5001//5001
f 4954//4954 4953//4953 5005//5005
f 4953//4953 4951//4951 5006//5006
f 5006//5006 5007//5007 5005//5005
f 4953//4953 5006//5006 5005//5005
f 4954//4954 5005//5005 5008//5008
f 5005//5005 5007//5007 5009//5009
f 5009//5009 5010//5010 5008//5008
f 5005//5005 5009//5009 5008//5008
f 4951//4951 4958//4958 5011//5011
f 4958//4958 4957//4957 5012//5012
f 5012//5012 5013//5013 5011//5011
f 4958//4958 5012//5012 5011//5011
f 4951//4951 5011//5011 5006//5006
f 5011//5011 5013//5013 5014//5014
f 5014//5014 5007//5007 5006//5006
f 5011//5011 5014//5014 5006//5006
f 4957//4957 4962//4962 5015//5015
f 4962//4962 4960//4960 5016//5016
f 5016//5016 5017//5017 5015//5015
f 4962//4962 5016//5016 5015//5015
f 4957//4957 5015//5015 5012//5012
f 5015//5015 5017//5017 5018//5018
f 5018//5018 5013//5013 5012//5012
f 5015//5015 5018//5018 5012//5012
f 4960//4960 4966//4966 5019//5019
f 4966//4966 4965//4965 5020//5020
f 5020//5020 5021//5021 5019//5019
f 4966//4966 5020//5020 5019//5019
f 4960//4960 5019//5019 5016//5016
f 5019//5019 5021//5021 5022//5022
f 5022//5022 5017//5017 5016//5016
f 5019//5019 5022//5022 5016//5016
f 4965//4965 4970//4970 5023//5023
f 4970//4970 4969//4969 5024//5024
f 5024//5024 5025//5025 5023//5023
f 4970//4970 5024//5024 5023//5023
f 4965//4965 5023//5023 5020//5020
f 5023//5023 5025//5025 5026//5026
f 5026//5026 5021//5021 5020//5020
f 5023//5023 5026//5026 5020//5020
f 4969//4969 4974//4974 5027//5027
f 4974//4974 4973//4973 5027//5027
f 4969//4969 5027//5027 5024//5024
f 5027//5027 5025//5025 5024//5024
f 4973//4973 4978//4978 5028//5028
f 4978//4978 4977//4977 5029//5029
f 5029//5029 5030//5030 5028//5028
f 4978//4978 5029//5029 5028//5028
f 4973//4973 5028//5028 5027//5027
f 5028//5028 5030//5030 5027//5027
f 4977//4977 4982//4982 5031//5031
f 4982//4982 4981//4981 5032//5032
f 5032//5032 5033//5033 5031//5031
f 4982//4982 5032//5032 5031//5031
f 4977//4977 5031//5031 5029//5029
f 5031//5031 5033//5033 5034//5034
f 5034//5034 5030//5030 5029//5029
f 5031//5031 5034//5034 5029//5029
f 4981//4981 4986//4986 5035//5035
f 4986//4986 4985//4985 5036//5036
f 5036//5036 5037//5037 5035//5035
f 4986//4986 5036//5036 5035//5035
f 4981//4981 5035//5035 5032//5032
f 5035//5035 5037//5037 5038//5038
f 5038//5038 5033//5033 5032//5032
f 5035//5035 5038//5038 5032//5032
f 4985//4985 4990//4990 5039//5039
f 4990//4990 4989//4989 5040//5040
f 5040//5040 5041//5041 5039//5039
f 4990//4990 5040//5040 5039//5039
f 4985//4985 5039//5039 5036//5036
f 5039//5039 5041//5041 5042//5042
f 5042//5042 5037//5037 5036//5036
f 5039//5039 5042//5042 5036//5036
f 4989//4989 4994//4994 5043//5043
f 4994//4994 4993//4993 5044//5044
f 5044//5044 5045//5045 5043//5043
f 4994//4994 5044//5044 5043//5043
f 4989//4989 5043//5043 5040//5040
f 5043//5043 5045//5045 5046//5046
f 5046//5046 5041//5041 5040//5040
f 5043//5043 5046//5046 5040//5040
f 4993//4993 4995//4995 5047//5047
f 4993//4993 5047//5047 5044//5044
f 5047//5047 5045//5045 5044//5044
f 4995//4995 4998//4998 5048//5048
f 4995//4995 5048//5048 5047//5047
f 4998//4998 4999//4999 5049//5049
f 4998//4998 5049//5049 5048//5048
f 4999//4999 5002//5002 5050//5050
f 5050//5050 5051//5051 4999//4999
f 4999//4999 5051//5051 5049//5049
f 5002//5002 5004//5004 5052//5052
f 5004//5004 4954//4954 5008//5008
f 5008//5008 5010//5010 5052//5052
f 5004//5004 5008//5008 5052//5052
f 5002//5002 5052//5052 5050//5050
f 5052//5052 5010//5010 5053//5053
f 5053//5053 5051//5051 5050//5050
f 5052//5052 5053//5053 5050//5050
f 5010//5010 5009//5009 5054//5054
f 5009//5009 5007//5007 5055//5055
f 5055//5055 5056//5056 5054//5054
f 5009//5009 5055//5055 5054//5054
f 5010//5010 5054//5054 5057//5057
f 5056//5056 5058//5058 5057//5057
f 5054//5054 5056//5056 5057//5057
f 5007//5007 5014//5014 5059//5059
f 5014//5014 5013//5013 5060//5060
f 5060//5060 5061//5061 5059//5059
f 5014//5014 5060//5060 5059//5059
f 5007//5007 5059//5059 5055//5055
f 5059//5059 5061//5061 5062//5062
f 5062//5062 5056//5056 5055//5055
f 5059//5059 5062//5062 5055//5055
f 5013//5013 5018//5018 5063//5063
f 5018//5018 5017//5017 5064//5064
f 5064//5064 5065//5065 5063//5063
f 5018//5018 5064//5064 5063//5063
f 5013//5013 5063//5063 5060//5060
f 5063//5063 5065//5065 5066//5066
f 5066//5066 5061//5061 5060//5060
f 5063//5063 5066//5066 5060//5060
f 5017//5017 5022//5022 5067//5067
f 5022//5022 5021//5021 5068//5068
f 5022//5022 5068//5068 5067//5067
f 5017//5017 5067//5067 5064//5064
f 5069//5069 5065//5065 5064//5064
f 5067//5067 5069//5069 5064//5064
f 5021//5021 5026//5026 5070//5070
f 5026//5026 5025//5025 5071//5071
f 5071//5071 5072//5072 5070//5070
f 5026//5026 5071//5071 5070//5070
f 5021//5021 5070//5070 5068//5068
f 5070//5070 5072//5072 5073//5073
f 5073//5073 5067//5067 5068//5068
f 5070//5070 5073//5073 5068//5068
f 5025//5025 5027//5027 5074//5074
f 5027//5027 5075//5075 5074//5074
f 5025//5025 5074//5074 5071//5071
f 5074//5074 5075//5075 5076//5076
f 5076//5076 5072//5072 5071//5071
f 5074//5074 5076//5076 5071//5071
f 5027//5027 5030//5030 5077//5077
f 5077//5077 5078//5078 5027//5027
f 5027//5027 5078//5078 5079//5079
f 5079//5079 5075//5075 5027//5027
f 5030//5030 5034//5034 5080//5080
f 5034//5034 5033//5033 5081//5081
f 5081//5081 5082//5082 5080//5080
f 5034//5034 5081//5081 5080//5080
f 5030//5030 5080//5080 5077//5077
f 5080//5080 5082//5082 5083//5083
f 5083//5083 5078//5078 5077//5077
f 5080//5080 5083//5083 5077//5077
f 5033//5033 5038//5038 5084//5084
f 5038//5038 5037//5037 5084//5084
f 5033//5033 5084//5084 5081//5081
f 5084//5084 5082//5082 5081//5081
f 5037//5037 5042//5042 5085//5085
f 5042//5042 5041//5041 5086//5086
f 5042//5042 5086//5086 5085//5085
f 5037//5037 5085//5085 5084//5084
f 5085//5085 5086//5086 5084//5084
f 5041//5041 5046//5046 5087//5087
f 5046//5046 5045//5045 5088//5088
f 5046//5046 5088//5088 5087//5087
f 5041//5041 5087//5087 5086//5086
f 5087//5087 5088//5088 5086//5086
f 5045//5045 5047//5047 5089//5089
f 5047//5047 5090//5090 5089//5089
f 5045//5045 5089//5089 5088//5088
f 5089//5089 5090//5090 5091//5091
f 5089//5089 5091//5091 5088//5088
f 5048//5048 5092//5092 5047//5047
f 5047//5047 5092//5092 5093//5093
f 5093//5093 5090//5090 5047//5047
f 5049//5049 5094//5094 5048//5048
f 5094//5094 5092//5092 5048//5048
f 5049//5049 5051//5051 5095//5095
f 5095//5095 5094//5094 5049//5049
f 5051//5051 5053//5053 5096//5096
f 5053//5053 5010//5010 5057//5057
f 5057//5057 5058//5058 5096//5096
f 5053//5053 5057//5057 5096//5096
f 5051//5051 5096//5096 5095//5095
f 5096//5096 5058//5058 5097//5097
f 5096//5096 5097//5097 5095//5095
f 4376//4376 4374//4374 5098//5098
f 4374//4374 4373//4373 5099//5099
f 5099//5099 5100//5100 5098//5098
f 4374//4374 5099//5099 5098//5098
f 4381//4381 4379//4379 5101//5101
f 4379//4379 4376//4376 5098//5098
f 5098//5098 5100//5100 5101//5101
f 4379//4379 5098//5098 5101//5101
f 4386//4386 4384//4384 5102//5102
f 4384//4384 4381//4381 5101//5101
f 5101//5101 5100//5100 5102//5102
f 4384//4384 5101//5101 5102//5102
f 4392//4392 4390//4390 5103//5103
f 4390//4390 4386//4386 5102//5102
f 5102//5102 5100//5100 5103//5103
f 4390//4390 5102//5102 5103//5103
f 4398//4398 4396//4396 5104//5104
f 4396//4396 4392//4392 5103//5103
f 5103//5103 5100//5100 5104//5104
f 4396//4396 5103//5103 5104//5104
f 4404//4404 4402//4402 5105//5105
f 4402//4402 4398//4398 5104//5104
f 5104//5104 5100//5100 5105//5105
f 4402//4402 5104//5104 5105//5105
f 4408//4408 4406//4406 5106//5106
f 4406//4406 4404//4404 5105//5105
f 5105//5105 5100//5100 5106//5106
f 4406//4406 5105//5105 5106//5106
f 4411//4411 4409//4409 5107//5107
f 4409//4409 4408//4408 5106//5106
f 5106//5106 5100//5100 5107//5107
f 4409//4409 5106//5106 5107//5107
f 4416//4416 4414//4414 5108//5108
f 4414//4414 4411//4411 5107//5107
f 5107//5107 5100//5100 5108//5108
f 4414//4414 5107//5107 5108//5108
f 4422//4422 4420//4420 5109//5109
f 4420//4420 4416//4416 5108//5108
f 5108//5108 5100//5100 5109//5109
f 4420//4420 5108//5108 5109//5109
f 4428//4428 4426//4426 5110//5110
f 4426//4426 4422//4422 5109//5109
f 5109//5109 5100//5100 5110//5110
f 4426//4426 5109//5109 5110//5110
f 4434//4434 4432//4432 5111//5111
f 4432//4432 4428//4428 5110//5110
f 5110//5110 5100//5100 5111//5111
f 4432//4432 5110//5110 5111//5111
f 4440//4440 4438//4438 5112//5112
f 4438//4438 4434//4434 5111//5111
f 5111//5111 5100//5100 5112//5112
f 4438//4438 5111//5111 5112//5112
f 4446//4446 4444//4444 5113//5113
f 4444//4444 4440//4440 5112//5112
f 5112//5112 5100//5100 5113//5113
f 4444//4444 5112//5112 5113//5113
f 4452//4452 4450//4450 5114//5114
f 4450//4450 4446//4446 5113//5113
f 5113//5113 5100//5100 5114//5114
f 4450//4450 5113//5113 5114//5114
f 4373//4373 4456//4456 5099//5099
f 4456//4456 4452//4452 5114//5114
f 5114//5114 5100//5100 5099//5099
f 4456//4456 5114//5114 5099//5099
f 5058//5058 5056//5056 5115//5115
f 5056//5056 5062//5062 5115//5115
f 5062//5062 5061//5061 5115//5115
f 5061//5061 5066//5066 5115//5115
f 5066//5066 5065//5065 5115//5115
f 5065//5065 5069//5069 5115//5115
f 5069//5069 5067//5067 5115//5115
f 5067//5067 5073//5073 5115//5115
f 5073//5073 5072//5072 5115//5115
f 5072//5072 5076//5076 5115//5115
f 5076//5076 5075//5075 5115//5115
f 5075//5075 5079//5079 5115//5115
f 5079//5079 5078//5078 5115//5115
f 5078//5078 5083//5083 5115//5115
f 5083//5083 5082//5082 5115//5115
f 5082//5082 5084//5084 5115//5115
f 5084//5084 5086//5086 5115//5115
f 5086//5086 5088//5088 5115//5115
f 5088//5088 5091//5091 5115//5115
f 5091//5091 5090//5090 5115//5115
f 5090//5090 5093//5093 5115//5115
f 5093//5093 5092//5092 5115//5115
f 5092//5092 5094//5094 5115//5115
f 5094//5094 5095//5095 5115//5115
f 5095//5095 5097//5097 5115//5115
f 5097//5097 5058//5058 5115//5115
