# Created by Open3D 
# object name: m1547_refined_simplified_norm
# number of vertices: 5112
# number of triangles: 10064
v -0.232164 -0.0389574 -0.138555
vn -0.571047 0.239336 -0.785254
v -0.238477 -0.0408237 -0.132348
vn -0.716361 0.205048 -0.66692
v -0.232071 -0.0268931 -0.134945
vn -0.571056 0.239325 -0.785251
v -0.244789 -0.04269 -0.126141
vn -0.716364 0.205054 -0.666915
v -0.238384 -0.0287595 -0.128738
vn -0.716365 0.205042 -0.666918
v -0.231978 -0.0148279 -0.131335
vn -0.571061 0.239327 -0.785246
v -0.251102 -0.0445563 -0.119934
vn -0.716363 0.205051 -0.666917
v -0.244697 -0.0306258 -0.122531
vn -0.716363 0.205043 -0.666919
v -0.257415 -0.0464226 -0.113727
vn -0.716363 0.205047 -0.666918
v -0.251009 -0.0324921 -0.116324
vn -0.716361 0.205041 -0.666922
v -0.244604 -0.0185605 -0.118921
vn -0.716361 0.205041 -0.666922
v -0.238198 -0.00462999 -0.121519
vn -0.716361 0.205049 -0.66692
v -0.238291 -0.0166942 -0.125128
vn -0.716365 0.205043 -0.666917
v -0.231793 0.00930054 -0.124116
vn -0.571047 0.239335 -0.785254
v -0.231886 -0.00276368 -0.127726
vn -0.57105 0.239341 -0.78525
v -0.263728 -0.0482889 -0.10752
vn -0.716363 0.205047 -0.666919
v -0.257322 -0.0343584 -0.110117
vn -0.716363 0.205042 -0.66692
v -0.27004 -0.0501553 -0.101313
vn -0.716359 0.205055 -0.66692
v -0.263635 -0.0362247 -0.10391
vn -0.716363 0.205036 -0.666922
v -0.257229 -0.0222932 -0.106508
vn -0.716356 0.205041 -0.666927
v -0.276353 -0.0520216 -0.0951062
vn -0.716352 0.205054 -0.666928
v -0.269948 -0.038091 -0.097703
vn -0.716358 0.205045 -0.666924
v -0.282666 -0.0538879 -0.0888988
vn -0.862138 0.323747 -0.38975
v -0.27626 -0.0399574 -0.0914967
vn -0.862134 0.323763 -0.389746
v -0.269855 -0.0260268 -0.0940935
vn -0.862143 0.323745 -0.389741
v -0.263449 -0.0120953 -0.0966914
vn -0.862143 0.323755 -0.389735
v -0.263542 -0.0241595 -0.100301
vn -0.716365 0.205035 -0.666919
v -0.257044 0.00183528 -0.0992883
vn -0.862132 0.323759 -0.389753
v -0.257137 -0.0102289 -0.102898
vn -0.716352 0.205053 -0.666928
v -0.250638 0.0157658 -0.101886
vn -0.862137 0.323751 -0.389751
v -0.250731 0.00370159 -0.105495
vn -0.716364 0.205051 -0.666916
v -0.244233 0.0296974 -0.104483
vn -0.862138 0.323739 -0.389759
v -0.244326 0.0176321 -0.108093
vn -0.716365 0.205042 -0.666918
v -0.244418 0.00556791 -0.111702
vn -0.716364 0.205051 -0.666916
v -0.237827 0.0436279 -0.10708
vn -0.862135 0.323758 -0.389749
v -0.23792 0.0315637 -0.11069
vn -0.716364 0.205043 -0.666919
v -0.231422 0.0575584 -0.109678
vn -0.605818 0.762656 -0.226586
v -0.231515 0.0454942 -0.113287
vn -0.571049 0.239339 -0.785251
v -0.231607 0.03343 -0.116897
vn -0.571061 0.239327 -0.785247
v -0.2317 0.0213647 -0.120507
vn -0.571056 0.239327 -0.78525
v -0.238013 0.0194984 -0.1143
vn -0.716365 0.205042 -0.666918
v -0.238106 0.00743422 -0.117909
vn -0.716362 0.205048 -0.666919
v -0.250917 -0.0204268 -0.112714
vn -0.716363 0.205041 -0.66692
v -0.250824 -0.00836262 -0.109105
vn -0.716365 0.20505 -0.666915
v -0.244511 -0.00649631 -0.115312
vn -0.716361 0.205049 -0.66692
v -0.228403 0.045749 -0.113287
vn -0.413495 0.167836 -0.894904
v -0.225384 0.0339395 -0.116897
vn -0.413491 0.167836 -0.894906
v -0.228496 0.0336848 -0.116897
vn -0.0234751 0.286733 -0.957723
v -0.222366 0.02213 -0.120507
vn -0.41349 0.167835 -0.894906
v -0.225477 0.0218753 -0.120507
vn -0.0234749 0.286729 -0.957724
v -0.219347 0.0103205 -0.124116
vn -0.413493 0.167835 -0.894905
v -0.222459 0.0100658 -0.124116
vn -0.023475 0.286729 -0.957724
v -0.22557 0.00981105 -0.124116
vn -0.0235223 0.286718 -0.957726
v -0.228681 0.00955527 -0.124116
vn -0.0235221 0.286717 -0.957726
v -0.228589 0.0216205 -0.120507
vn -0.0235224 0.286717 -0.957726
v -0.216328 -0.00148894 -0.127726
vn -0.41349 0.167834 -0.894907
v -0.21944 -0.00174368 -0.127726
vn -0.023475 0.286733 -0.957723
v -0.21331 -0.0132984 -0.131335
vn -0.413494 0.167844 -0.894903
v -0.216421 -0.0135532 -0.131335
vn -0.023475 0.286733 -0.957723
v -0.219533 -0.0138079 -0.131335
vn -0.0235227 0.286722 -0.957725
v -0.210291 -0.0251079 -0.134945
vn -0.413494 0.16783 -0.894905
v -0.213402 -0.0253626 -0.134945
vn -0.0234745 0.286729 -0.957724
v -0.207272 -0.0369174 -0.138555
vn -0.413493 0.167835 -0.894905
v -0.210384 -0.0371721 -0.138555
vn -0.0234748 0.286729 -0.957724
v -0.213495 -0.0374268 -0.138555
vn -0.0235067 0.286721 -0.957726
v -0.216607 -0.0376826 -0.138555
vn -0.0235378 0.286714 -0.957727
v -0.216514 -0.0256174 -0.134945
vn -0.0235223 0.286717 -0.957726
v -0.219718 -0.0379374 -0.138555
vn -0.0234748 0.286729 -0.957724
v -0.219625 -0.0258731 -0.134945
vn -0.0235225 0.286717 -0.957726
v -0.22283 -0.0381921 -0.138555
vn -0.0234745 0.286729 -0.957724
v -0.222737 -0.0261279 -0.134945
vn -0.0234747 0.286729 -0.957724
v -0.225941 -0.0384468 -0.138555
vn -0.0235067 0.286721 -0.957726
v -0.225848 -0.0263826 -0.134945
vn -0.0234744 0.286729 -0.957724
v -0.225755 -0.0143184 -0.131335
vn -0.0234747 0.286733 -0.957723
v -0.229052 -0.0387026 -0.138555
vn -0.0235381 0.286714 -0.957727
v -0.22896 -0.0266374 -0.134945
vn -0.0235225 0.286717 -0.957726
v -0.228867 -0.0145731 -0.131335
vn -0.023475 0.286733 -0.957723
v -0.228774 -0.00250895 -0.127726
vn -0.0234751 0.286733 -0.957723
v -0.222551 -0.00199842 -0.127726
vn -0.0235225 0.286721 -0.957725
v -0.222644 -0.0140637 -0.131335
vn -0.0235226 0.286721 -0.957725
v -0.225663 -0.0022542 -0.127726
vn -0.0235226 0.286722 -0.957725
v -0.19589 -0.0231805 -0.142627
vn -0.480625 0.141652 -0.86541
v -0.198909 -0.011371 -0.139018
vn -0.480626 0.14167 -0.865406
v -0.184508 -0.00944368 -0.1467
vn -0.480632 0.141677 -0.865402
v -0.201927 0.000438426 -0.135408
vn -0.48062 0.141666 -0.865411
v -0.204946 0.0122479 -0.131799
vn -0.480621 0.141655 -0.865412
v -0.190545 0.0141753 -0.139481
vn -0.480618 0.141651 -0.865414
v -0.176144 0.0161026 -0.147163
vn -0.480635 0.141667 -0.865402
v -0.187526 0.00236579 -0.14309
vn -0.480631 0.141675 -0.865403
v -0.161744 0.01803 -0.154846
vn -0.480639 0.141683 -0.865397
v -0.173126 0.00429317 -0.150773
vn -0.480649 0.141681 -0.865392
v -0.207965 0.0240574 -0.128189
vn -0.480626 0.141659 -0.865408
v -0.210983 0.0358668 -0.124579
vn -0.480623 0.141665 -0.865409
v -0.196583 0.0377942 -0.132262
vn -0.48063 0.141664 -0.865405
v -0.214002 0.0476763 -0.12097
vn -0.480618 0.141661 -0.865413
v -0.217021 0.0594858 -0.11736
vn -0.432866 0.617849 -0.656421
v -0.20262 0.0614132 -0.125042
vn -0.432861 0.617841 -0.656433
v -0.188219 0.0633405 -0.132725
vn -0.432879 0.617869 -0.656395
v -0.199601 0.0496037 -0.128652
vn -0.480628 0.141672 -0.865405
v -0.173818 0.065269 -0.140407
vn -0.432889 0.617866 -0.65639
v -0.185201 0.0515311 -0.136334
vn -0.480634 0.141675 -0.865401
v -0.159418 0.0671963 -0.14809
vn -0.432874 0.617846 -0.656419
v -0.1708 0.0534595 -0.144017
vn -0.480628 0.141661 -0.865407
v -0.145017 0.0691237 -0.155772
vn -0.432865 0.617843 -0.656428
v -0.156399 0.0553868 -0.151699
vn -0.480621 0.141652 -0.865412
v -0.167781 0.04165 -0.147626
vn -0.480624 0.141647 -0.865412
v -0.130615 0.0710511 -0.163454
vn -0.432867 0.617842 -0.656428
v -0.141998 0.0573142 -0.159382
vn -0.480619 0.141651 -0.865413
v -0.116214 0.0729784 -0.171137
vn -0.233925 0.89927 -0.369584
v -0.127597 0.0592416 -0.167064
vn -0.480623 0.141654 -0.865411
v -0.138979 0.0455047 -0.162991
vn -0.480619 0.14165 -0.865414
v -0.150361 0.0317679 -0.158918
vn -0.480623 0.141662 -0.865409
v -0.15338 0.0435774 -0.155309
vn -0.48062 0.141649 -0.865413
v -0.164762 0.0298395 -0.151236
vn -0.480628 0.14166 -0.865407
v -0.193564 0.0259847 -0.135871
vn -0.48062 0.141653 -0.865413
v -0.182182 0.0397216 -0.139944
vn -0.480622 0.141649 -0.865412
v -0.179163 0.0279121 -0.143554
vn -0.480621 0.141651 -0.865412
v -0.116214 0.0710511 -0.163454
vn 0 0.969941 0.243341
v -0.130615 0.0691237 -0.155772
vn 0 0.969941 0.243341
v -0.116214 0.0691237 -0.155772
vn 0 0.969941 0.243341
v -0.145017 0.0671963 -0.14809
vn 0 0.969941 0.243341
v -0.159418 0.065269 -0.140407
vn 0 0.969925 0.243403
v -0.145017 0.065269 -0.140407
vn 0 0.969925 0.243403
v -0.130615 0.065269 -0.140407
vn 0 0.969925 0.243403
v -0.130615 0.0671963 -0.14809
vn 0 0.969941 0.243341
v -0.116214 0.065269 -0.140407
vn 0 0.96992 0.243423
v -0.116214 0.0671963 -0.14809
vn 0 0.969941 0.243341
v -0.173818 0.0633405 -0.132725
vn 0 0.969925 0.243403
v -0.188219 0.0614132 -0.125042
vn 0 0.96994 0.243343
v -0.173818 0.0614132 -0.125042
vn 0 0.96994 0.243343
v -0.20262 0.0594858 -0.11736
vn 0 0.969941 0.24334
v -0.217021 0.0575584 -0.109678
vn 0 0.992059 0.125771
v -0.20262 0.0575584 -0.109678
vn 0 0.992059 0.125771
v -0.188219 0.0575584 -0.109678
vn 0 0.992059 0.12577
v -0.188219 0.0594858 -0.11736
vn 0 0.969941 0.24334
v -0.173818 0.0575584 -0.109678
vn 0 0.99206 0.125769
v -0.173818 0.0594858 -0.11736
vn 0 0.969941 0.24334
v -0.159418 0.0575584 -0.109678
vn 0 0.992059 0.12577
v -0.159418 0.0594858 -0.11736
vn 0 0.969941 0.24334
v -0.145017 0.0575584 -0.109678
vn 0 0.992059 0.12577
v -0.145017 0.0594858 -0.11736
vn 0 0.969941 0.24334
v -0.145017 0.0614132 -0.125042
vn 0 0.96994 0.243343
v -0.130615 0.0575584 -0.109678
vn 0 0.992059 0.125772
v -0.130615 0.0594858 -0.11736
vn 0 0.969941 0.24334
v -0.116214 0.0575584 -0.109678
vn 0 0.992059 0.12577
v -0.116214 0.0594858 -0.11736
vn 0 0.969941 0.24334
v -0.116214 0.0614132 -0.125042
vn 0 0.96994 0.243342
v -0.116214 0.0633405 -0.132725
vn 0 0.96993 0.243384
v -0.130615 0.0614132 -0.125042
vn 0 0.96994 0.243343
v -0.130615 0.0633405 -0.132725
vn 0 0.969925 0.243403
v -0.159418 0.0633405 -0.132725
vn 0 0.969925 0.243403
v -0.159418 0.0614132 -0.125042
vn 0 0.96994 0.243343
v -0.145017 0.0633405 -0.132725
vn 0 0.969925 0.243403
v -0.101813 0.0710511 -0.163454
vn 0.0819864 0.992076 0.0952055
v -0.101813 0.0691237 -0.155772
vn 0 0.969941 0.243341
v -0.0874123 0.0691237 -0.155772
vn 0.0819864 0.992076 0.0952058
v -0.101813 0.0671963 -0.14809
vn 0 0.969941 0.243341
v -0.101813 0.065269 -0.140407
vn 0 0.969925 0.243403
v -0.0874123 0.065269 -0.140407
vn 0 0.969925 0.243403
v -0.0730113 0.065269 -0.140407
vn 0 0.969925 0.243403
v -0.0874123 0.0671963 -0.14809
vn 0 0.969941 0.243341
v -0.0586102 0.065269 -0.140407
vn 0.0820153 0.99207 0.0952395
v -0.0730113 0.0671963 -0.14809
vn 0.0819866 0.992076 0.0952058
v -0.101813 0.0633405 -0.132725
vn 0 0.969925 0.243403
v -0.101813 0.0614132 -0.125042
vn 0 0.96994 0.243343
v -0.0874123 0.0614132 -0.125042
vn 0 0.96994 0.243343
v -0.101813 0.0594858 -0.11736
vn 0 0.969941 0.24334
v -0.101813 0.0575584 -0.109678
vn 0 0.992059 0.12577
v -0.0874123 0.0575584 -0.109678
vn 0 0.992059 0.12577
v -0.0730113 0.0575584 -0.109678
vn 0 0.992059 0.12577
v -0.0874123 0.0594858 -0.11736
vn 0 0.969941 0.24334
v -0.0586102 0.0575584 -0.109678
vn 0 0.992059 0.12577
v -0.0730113 0.0594858 -0.11736
vn 0 0.969941 0.24334
v -0.0442092 0.0575584 -0.109678
vn 0 0.992059 0.12577
v -0.0586102 0.0594858 -0.11736
vn 0 0.969941 0.24334
v -0.0298081 0.0575584 -0.109678
vn 0 0.992059 0.12577
v -0.0442092 0.0594858 -0.11736
vn 0 0.969941 0.24334
v -0.0586102 0.0614132 -0.125042
vn 0 0.96994 0.243343
v -0.0154071 0.0575584 -0.109678
vn 0 0.992059 0.12577
v -0.0298081 0.0594858 -0.11736
vn 0 0.969941 0.24334
v -0.00100601 0.0575584 -0.109678
vn 0.167943 0.940369 -0.295805
v -0.0154071 0.0594858 -0.11736
vn 0.081986 0.992076 0.0952052
v -0.0298081 0.0614132 -0.125042
vn 0.0819864 0.992076 0.0952062
v -0.0442092 0.0633405 -0.132725
vn 0.0820015 0.992073 0.095223
v -0.0442092 0.0614132 -0.125042
vn 0 0.96994 0.243343
v -0.0586102 0.0633405 -0.132725
vn 0 0.969925 0.243403
v -0.0874123 0.0633405 -0.132725
vn 0 0.969925 0.243403
v -0.0730113 0.0614132 -0.125042
vn 0 0.96994 0.243343
v -0.0730113 0.0633405 -0.132725
vn 0 0.969925 0.243403
v -0.006486 0.0575584 -0.11736
vn 0.492484 0.79629 -0.351257
v -0.011965 0.0575584 -0.125042
vn 0.492475 0.79629 -0.35127
v -0.0208871 0.0594858 -0.125042
vn 0.208807 0.96655 -0.148934
v -0.017445 0.0575584 -0.132725
vn 0.55062 0.736609 -0.392714
v -0.026366 0.0594858 -0.132725
vn 0.208807 0.96655 -0.148933
v -0.0229239 0.0575584 -0.140407
vn 0.54482 0.743079 -0.388593
v -0.031846 0.0594858 -0.140407
vn 0.208807 0.96655 -0.148933
v -0.0407671 0.0614132 -0.140407
vn 0.208808 0.96655 -0.148933
v -0.0496892 0.0633405 -0.140407
vn 0.208862 0.966532 -0.148971
v -0.0352881 0.0614132 -0.132725
vn 0.208808 0.96655 -0.148933
v -0.0284039 0.0575584 -0.14809
vn 0.54481 0.74307 -0.388625
v -0.037325 0.0594858 -0.14809
vn 0.208807 0.96655 -0.148933
v -0.0338839 0.0575584 -0.155772
vn 0.544817 0.743082 -0.388593
v -0.042805 0.0594858 -0.155772
vn 0.208819 0.966544 -0.148955
v -0.051726 0.0614132 -0.155772
vn 0.208808 0.96655 -0.148933
v -0.0393629 0.0575584 -0.163454
vn 0.553771 0.733022 -0.394989
v -0.048285 0.0594858 -0.163454
vn 0.208807 0.96655 -0.148933
v -0.0448428 0.0575584 -0.171137
vn 0.492482 0.796275 -0.351295
v -0.0537639 0.0594858 -0.171137
vn 0.208804 0.966552 -0.148924
v -0.062686 0.0614132 -0.171137
vn 0.208812 0.966548 -0.148939
v -0.0716071 0.0633405 -0.171137
vn 0.208855 0.966532 -0.14898
v -0.057206 0.0614132 -0.163454
vn 0.208819 0.966544 -0.148956
v -0.0805281 0.065269 -0.171137
vn 0.208875 0.966529 -0.148975
v -0.0661271 0.0633405 -0.163454
vn 0.208861 0.966532 -0.148971
v -0.0894502 0.0671963 -0.171137
vn 0.208812 0.966548 -0.148939
v -0.0750492 0.065269 -0.163454
vn 0.208861 0.966532 -0.148971
v -0.0983713 0.0691237 -0.171137
vn 0.208805 0.966552 -0.148925
v -0.0839702 0.0671963 -0.163454
vn 0.208808 0.966549 -0.148933
v -0.0695692 0.065269 -0.155772
vn 0.208861 0.966532 -0.148971
v -0.107293 0.0710511 -0.171137
vn 0.208811 0.966548 -0.148939
v -0.0928923 0.0691237 -0.163454
vn 0.208808 0.96655 -0.148933
v -0.0784913 0.0671963 -0.155772
vn 0.208808 0.96655 -0.148933
v -0.0640902 0.065269 -0.14809
vn 0.208861 0.966532 -0.148971
v -0.0462471 0.0614132 -0.14809
vn 0.208808 0.96655 -0.148933
v -0.0606481 0.0633405 -0.155772
vn 0.208861 0.966532 -0.148971
v -0.0551681 0.0633405 -0.14809
vn 0.208862 0.966532 -0.148971
v -0.0312955 0.0454426 -0.17147
vn 0.59726 0.679554 -0.426013
v 0.0105656 0.0158163 -0.16004
vn 0.597263 0.679554 -0.426008
v -0.0177481 0.0333279 -0.171802
vn 0.59727 0.679575 -0.425965
v 0.00934662 0.00909633 -0.172468
vn 0.597271 0.679548 -0.426008
v -0.00420076 0.0212121 -0.172135
vn 0.59727 0.679547 -0.42601
v -0.00389759 0.0454426 -0.133058
vn 0.597242 0.679563 -0.426023
v 0.00417084 0.0333279 -0.141073
vn 0.597232 0.679567 -0.426031
v 0.0015824 0.0454426 -0.125375
vn 0.597259 0.679565 -0.425997
v 0.00706135 0.0454426 -0.117693
vn 0.346283 0.667022 -0.659674
v 0.0151298 0.0333279 -0.125708
vn 0.346275 0.667029 -0.659671
v 0.0231971 0.0212121 -0.133724
vn 0.448757 0.681356 -0.578249
v 0.00964979 0.0333279 -0.133391
vn 0.597267 0.679551 -0.426009
v 0.0312645 0.00909633 -0.141739
vn 0.425206 0.679034 -0.598424
v 0.0393329 -0.00301946 -0.149754
vn 0.425202 0.67905 -0.59841
v 0.0474003 -0.0151342 -0.157769
vn 0.425201 0.679053 -0.598407
v 0.0554687 -0.02725 -0.165785
vn 0.450819 0.68154 -0.576425
v 0.0635361 -0.0393658 -0.1738
vn 0.0230808 0.667155 -0.744561
v 0.0499887 -0.02725 -0.173467
vn 0.597261 0.679553 -0.426014
v 0.0364414 -0.0151342 -0.173134
vn 0.597254 0.679559 -0.426013
v 0.022894 -0.00301946 -0.172801
vn 0.597246 0.679551 -0.426038
v 0.0698687 -0.02725 -0.163031
vn 0.00203396 0.663744 -0.747957
v 0.0618013 -0.0151342 -0.155016
vn 0.148448 0.612505 -0.776403
v 0.0762024 -0.0151342 -0.152262
vn 0.0122769 0.660704 -0.750546
v 0.053734 -0.00301946 -0.147001
vn 0.148445 0.612508 -0.776401
v 0.0456656 0.00909633 -0.138985
vn 0.148447 0.612491 -0.776414
v 0.0600666 0.00909633 -0.136232
vn 0.148447 0.612491 -0.776414
v 0.0744677 0.00909633 -0.133479
vn 0.148449 0.612489 -0.776415
v 0.068135 -0.00301946 -0.144247
vn 0.148448 0.612508 -0.7764
v 0.0888687 0.00909633 -0.130725
vn 0.0122819 0.660688 -0.75056
v 0.082535 -0.00301946 -0.141494
vn 0.0122748 0.660706 -0.750544
v 0.0375982 0.0212121 -0.13097
vn 0.148449 0.612489 -0.776415
v 0.0295308 0.0333279 -0.122955
vn 0.148448 0.612508 -0.7764
v 0.0439308 0.0333279 -0.120201
vn 0.148448 0.612508 -0.7764
v 0.0214624 0.0454426 -0.11494
vn 0.148445 0.612508 -0.776401
v 0.013395 0.0575584 -0.106924
vn 0.125857 0.74219 -0.658266
v 0.0277961 0.0575584 -0.104171
vn 0.125858 0.74219 -0.658266
v 0.0421972 0.0575584 -0.101418
vn 0.125859 0.742194 -0.658261
v 0.0358635 0.0454426 -0.112186
vn 0.148447 0.612506 -0.776402
v 0.0565971 0.0575584 -0.098664
vn 0.125865 0.742196 -0.658257
v 0.0502645 0.0454426 -0.109433
vn 0.148447 0.612506 -0.776402
v 0.0709982 0.0575584 -0.0959104
vn 0.125849 0.742191 -0.658266
v 0.0646656 0.0454426 -0.106679
vn 0.148447 0.612511 -0.776398
v 0.0853993 0.0575584 -0.0931577
vn 0.125849 0.742197 -0.658259
v 0.0790666 0.0454426 -0.103926
vn 0.148438 0.612506 -0.776404
v 0.0727329 0.0333279 -0.114695
vn 0.148445 0.612508 -0.776401
v 0.0998003 0.0575584 -0.090404
vn 0.125868 0.742194 -0.658259
v 0.0934677 0.0454426 -0.101172
vn 0.148454 0.6125 -0.776405
v 0.114201 0.0575584 -0.0876504
vn 0.00711187 0.773776 -0.633419
v 0.107869 0.0454426 -0.0984188
vn 0.0122779 0.660705 -0.750545
v 0.101535 0.0333279 -0.109188
vn 0.0122781 0.660711 -0.75054
v 0.0952024 0.0212121 -0.119956
vn 0.0122818 0.660688 -0.75056
v 0.087134 0.0333279 -0.111941
vn 0.148445 0.612508 -0.776401
v 0.0808014 0.0212121 -0.12271
vn 0.148447 0.612491 -0.776414
v 0.0519992 0.0212121 -0.128217
vn 0.148447 0.612491 -0.776414
v 0.0583319 0.0333279 -0.117448
vn 0.148445 0.612508 -0.776401
v 0.0664003 0.0212121 -0.125463
vn 0.148447 0.612491 -0.776414
v 0.380302 -0.0393658 -0.1738
vn -0.190054 0.673547 -0.714293
v 0.345057 0.0575584 -0.0876504
vn -0.0566112 0.758996 -0.648629
v 0.455908 0.0843184 -0.109678
vn -0.271277 0.938299 -0.214486
v 0.479037 0.09313 -0.171137
vn -0.516401 0.853315 -0.0719999
v 0.598871 0.09313 -0.171137
vn 0.318983 0.931432 -0.175169
v 0.571115 0.0843184 -0.109678
vn 0.11287 0.988379 0.101815
v 0.690239 0.0575584 -0.109678
vn 0.480692 0.845465 -0.232645
v 0.690239 -0.0349595 -0.138555
vn 0.456218 0.265133 -0.849452
v 0.717334 -0.00632262 -0.138555
vn 0.913484 0.405015 -0.038861
v -0.282666 -0.0538879 -0.0826925
vn -0.908552 0.417773 0
v -0.282666 -0.0538879 -0.0764851
vn -0.908552 0.417773 0
v -0.27626 -0.0399574 -0.0852893
vn -0.908553 0.41777 0
v -0.282666 -0.0538879 -0.0702788
vn -0.908552 0.417773 0
v -0.27626 -0.0399574 -0.079083
vn -0.908553 0.41777 0
v -0.282666 -0.0538879 -0.0640714
vn -0.908552 0.417773 0
v -0.27626 -0.0399574 -0.0728756
vn -0.908553 0.41777 0
v -0.269855 -0.0260268 -0.0816798
vn -0.908559 0.417757 0
v -0.263449 -0.0120953 -0.090484
vn -0.908559 0.417757 0
v -0.269855 -0.0260268 -0.0878872
vn -0.908559 0.417757 0
v -0.282666 -0.0538879 -0.0578651
vn -0.908552 0.417773 0
v -0.27626 -0.0399574 -0.0666693
vn -0.908553 0.41777 0
v -0.282666 -0.0538879 -0.0516577
vn -0.908552 0.417773 0
v -0.27626 -0.0399574 -0.0604619
vn -0.908553 0.41777 0
v -0.269855 -0.0260268 -0.0692662
vn -0.908559 0.417757 0
v -0.282666 -0.0538879 -0.0454514
vn -0.908552 0.417773 0
v -0.27626 -0.0399574 -0.0542556
vn -0.908553 0.41777 0
v -0.282666 -0.0538879 -0.0392441
vn -0.720716 0.660726 0.209785
v -0.27626 -0.0399574 -0.0480483
vn -0.716793 0.577017 0.391483
v -0.269855 -0.0260268 -0.0568525
vn -0.716792 0.577009 0.391497
v -0.263449 -0.0120953 -0.0656567
vn -0.716776 0.577013 0.39152
v -0.269855 -0.0260268 -0.0630598
vn -0.908559 0.417757 0
v -0.257044 0.00183528 -0.0744609
vn -0.716776 0.577017 0.391514
v -0.263449 -0.0120953 -0.071864
vn -0.908559 0.417757 0
v -0.250638 0.0157658 -0.0832651
vn -0.716792 0.57701 0.391495
v -0.257044 0.00183528 -0.0806683
vn -0.908553 0.41777 0
v -0.244233 0.0296974 -0.0920693
vn -0.716776 0.577012 0.391521
v -0.250638 0.0157658 -0.0894725
vn -0.908559 0.417757 0
v -0.257044 0.00183528 -0.0868746
vn -0.908553 0.41777 0
v -0.237827 0.0436279 -0.100874
vn -0.71676 0.577027 0.391529
v -0.244233 0.0296974 -0.0982767
vn -0.908559 0.417757 0
v -0.250638 0.0157658 -0.0956788
vn -0.908559 0.417757 0
v -0.257044 0.00183528 -0.0930819
vn -0.908553 0.41777 0
v -0.269855 -0.0260268 -0.0754735
vn -0.908559 0.417757 0
v -0.263449 -0.0120953 -0.0780704
vn -0.908559 0.417757 0
v -0.263449 -0.0120953 -0.0842777
vn -0.908559 0.417757 0
v -0.227677 0.0533468 -0.102822
vn -0.425831 0.648531 0.630932
v -0.234082 0.0394163 -0.0940177
vn -0.468003 0.615793 0.633855
v -0.223931 0.0491363 -0.0959651
vn -0.425847 0.648522 0.63093
v -0.240488 0.0254858 -0.0852135
vn -0.468003 0.615787 0.633861
v -0.246893 0.0115553 -0.0764093
vn -0.468003 0.615787 0.633861
v -0.236743 0.0212742 -0.0783567
vn -0.468003 0.615787 0.633861
v -0.226592 0.0309942 -0.0803051
vn -0.468003 0.615787 0.633861
v -0.230337 0.0352058 -0.0871609
vn -0.468003 0.615787 0.633861
v -0.216441 0.0407142 -0.0822525
vn -0.42584 0.648531 0.630926
v -0.220186 0.0449247 -0.0891093
vn -0.425815 0.648538 0.630936
v -0.253299 -0.00237631 -0.0676051
vn -0.468003 0.615787 0.633862
v -0.259704 -0.0163068 -0.0588009
vn -0.468003 0.615787 0.633861
v -0.249554 -0.00658683 -0.0607483
vn -0.468003 0.615787 0.633861
v -0.26611 -0.0302374 -0.0499967
vn -0.468003 0.615796 0.633852
v -0.272515 -0.0441679 -0.0411925
vn -0.600616 0.703436 0.38005
v -0.262365 -0.0344489 -0.0431398
vn -0.600619 0.703427 0.380063
v -0.252214 -0.0247289 -0.0450883
vn -0.600617 0.703434 0.380053
v -0.255959 -0.0205184 -0.051944
vn -0.468003 0.615786 0.633861
v -0.242063 -0.01501 -0.0470356
vn -0.600617 0.703415 0.380088
v -0.245809 -0.0107984 -0.0538925
vn -0.468003 0.615787 0.633861
v -0.231913 -0.00528999 -0.048984
vn -0.600612 0.703426 0.380076
v -0.235658 -0.00107842 -0.0558398
vn -0.468003 0.615787 0.633861
v -0.221762 0.00443001 -0.0509325
vn -0.600616 0.703435 0.380052
v -0.225507 0.00864053 -0.0577883
vn -0.467965 0.615787 0.633889
v -0.229252 0.0128521 -0.0646441
vn -0.468002 0.615786 0.633862
v -0.211611 0.014149 -0.0528798
vn -0.600619 0.703416 0.380081
v -0.215357 0.0183605 -0.0597367
vn -0.468003 0.615787 0.633861
v -0.201461 0.0238689 -0.0548283
vn -0.534184 0.756093 0.378115
v -0.205206 0.0280805 -0.061684
vn -0.425834 0.648536 0.630925
v -0.208951 0.0322911 -0.0685409
vn -0.42581 0.648542 0.630936
v -0.212696 0.0365026 -0.0753967
vn -0.425804 0.648509 0.630973
v -0.219102 0.0225721 -0.0665925
vn -0.467965 0.615787 0.633889
v -0.222847 0.0267826 -0.0734483
vn -0.468003 0.615787 0.633861
v -0.243148 0.00734369 -0.0695525
vn -0.468003 0.615786 0.633861
v -0.239403 0.00313212 -0.0626967
vn -0.468003 0.615786 0.633862
v -0.232997 0.0170637 -0.0715009
vn -0.468003 0.615787 0.633861
v -0.219369 0.0576426 -0.102822
vn -0.177305 0.93728 0.300114
v -0.215624 0.0534321 -0.0959651
vn -0.35927 0.694821 0.623015
v -0.207316 0.0577279 -0.0959651
vn -0.1773 0.937283 0.300109
v -0.211879 0.0492205 -0.0891093
vn -0.359258 0.694811 0.623034
v -0.208133 0.045009 -0.0822525
vn -0.359258 0.694856 0.622984
v -0.199825 0.0493047 -0.0822525
vn -0.35926 0.694837 0.623004
v -0.191518 0.0536005 -0.0822525
vn -0.359271 0.694804 0.623034
v -0.20357 0.0535163 -0.0891093
vn -0.359268 0.6948 0.623041
v -0.183209 0.0578963 -0.0822525
vn -0.177295 0.937264 0.300171
v -0.195263 0.0578121 -0.0891093
vn -0.177305 0.937261 0.300174
v -0.204388 0.0407984 -0.0753967
vn -0.359258 0.694801 0.623046
v -0.200643 0.0365869 -0.0685409
vn -0.35927 0.694798 0.623041
v -0.192335 0.0408826 -0.0685409
vn -0.359263 0.694803 0.62304
v -0.196898 0.0323753 -0.061684
vn -0.359261 0.694847 0.622992
v -0.193152 0.0281647 -0.0548283
vn -0.426697 0.825264 0.369957
v -0.184845 0.0324605 -0.0548283
vn -0.426725 0.825254 0.369947
v -0.176537 0.0367563 -0.0548283
vn -0.426684 0.825277 0.369944
v -0.18859 0.0366711 -0.061684
vn -0.359276 0.694826 0.623007
v -0.168229 0.0410511 -0.0548283
vn -0.426678 0.825262 0.369985
v -0.180282 0.0409669 -0.061684
vn -0.359261 0.694825 0.623016
v -0.159921 0.0453469 -0.0548283
vn -0.426702 0.825242 0.370001
v -0.171974 0.0452626 -0.061684
vn -0.359264 0.694803 0.623039
v -0.151613 0.0496426 -0.0548283
vn -0.426716 0.825235 0.370002
v -0.163666 0.0495584 -0.061684
vn -0.359264 0.694803 0.623039
v -0.17572 0.0494742 -0.0685409
vn -0.359276 0.694826 0.623007
v -0.143305 0.0539384 -0.0548283
vn -0.426702 0.825243 0.370001
v -0.155359 0.0538542 -0.061684
vn -0.359261 0.694825 0.623016
v -0.134998 0.0582342 -0.0548283
vn -0.130477 0.990448 0.0445829
v -0.14705 0.05815 -0.061684
vn -0.177297 0.937285 0.300104
v -0.159104 0.0580647 -0.0685409
vn -0.177284 0.937294 0.300085
v -0.171157 0.0579805 -0.0753967
vn -0.177288 0.937271 0.300154
v -0.167411 0.05377 -0.0685409
vn -0.359258 0.694848 0.622993
v -0.179465 0.0536847 -0.0753967
vn -0.359264 0.694817 0.623024
v -0.196081 0.0450942 -0.0753967
vn -0.359245 0.69484 0.62301
v -0.184027 0.0451784 -0.0685409
vn -0.359261 0.694826 0.623016
v -0.187772 0.049389 -0.0753967
vn -0.359255 0.694827 0.623018
v -0.132649 0.05815 -0.061684
vn 0 0.999923 -0.012383
v -0.130302 0.0580647 -0.0685409
vn 0 0.999924 -0.0123333
v -0.144703 0.0580647 -0.0685409
vn 0 0.999924 -0.0123585
v -0.127953 0.0579805 -0.0753967
vn 0 0.999925 -0.0122829
v -0.142354 0.0579805 -0.0753967
vn 0 0.999925 -0.0122829
v -0.125606 0.0578963 -0.0822525
vn 0 0.999925 -0.0122801
v -0.140007 0.0578963 -0.0822525
vn 0 0.999925 -0.0122808
v -0.154408 0.0578963 -0.0822525
vn 0 0.999925 -0.0122808
v -0.168809 0.0578963 -0.0822525
vn 0 0.999925 -0.0122808
v -0.156755 0.0579805 -0.0753967
vn 0 0.999925 -0.0122829
v -0.123258 0.0578121 -0.0891093
vn 0 0.999925 -0.0122815
v -0.137659 0.0578121 -0.0891093
vn 0 0.999925 -0.0122808
v -0.12091 0.0577279 -0.0959651
vn 0 0.999923 -0.0123843
v -0.135311 0.0577279 -0.0959651
vn 0 0.999924 -0.0123589
v -0.149712 0.0577279 -0.0959651
vn 0 0.999924 -0.0123589
v -0.118563 0.0576426 -0.102822
vn 0 0.999924 -0.0123315
v -0.132963 0.0576426 -0.102822
vn 0 0.999924 -0.0123574
v -0.147364 0.0576426 -0.102822
vn 0 0.999924 -0.0123574
v -0.161765 0.0576426 -0.102822
vn 0 0.999924 -0.0123574
v -0.176166 0.0576426 -0.102822
vn 0 0.999924 -0.0123574
v -0.190567 0.0576426 -0.102822
vn 0 0.999924 -0.0123574
v -0.178513 0.0577279 -0.0959651
vn 0 0.999924 -0.0123589
v -0.204968 0.0576426 -0.102822
vn 0 0.999924 -0.0123574
v -0.192914 0.0577279 -0.0959651
vn 0 0.999924 -0.0123589
v -0.180862 0.0578121 -0.0891093
vn 0 0.999925 -0.0122808
v -0.15206 0.0578121 -0.0891093
vn 0 0.999925 -0.0122808
v -0.164113 0.0577279 -0.0959651
vn 0 0.999924 -0.0123589
v -0.166461 0.0578121 -0.0891093
vn 0 0.999925 -0.0122808
v -0.104162 0.0576426 -0.102822
vn 0 0.999924 -0.0123574
v -0.106509 0.0577279 -0.0959651
vn 0 0.999924 -0.0123589
v -0.108857 0.0578121 -0.0891093
vn 0 0.999925 -0.0122808
v -0.0921081 0.0577279 -0.0959651
vn 0 0.999924 -0.0123589
v -0.0753597 0.0576426 -0.102822
vn 0 0.999924 -0.0123574
v -0.0897607 0.0576426 -0.102822
vn 0 0.999924 -0.0123574
v -0.111205 0.0578963 -0.0822525
vn 0 0.999925 -0.0122808
v -0.113552 0.0579805 -0.0753967
vn 0 0.999925 -0.0122829
v -0.0968039 0.0578963 -0.0822525
vn 0 0.999925 -0.0122808
v -0.115901 0.0580647 -0.0685409
vn 0 0.999924 -0.0123585
v -0.118248 0.05815 -0.061684
vn -0.0204237 0.997853 -0.0622213
v -0.1015 0.0580647 -0.0685409
vn -0.0204448 0.997851 -0.0622491
v -0.0847502 0.0579805 -0.0753967
vn -0.0204545 0.997852 -0.0622291
v -0.0991513 0.0579805 -0.0753967
vn 0 0.999925 -0.0122829
v -0.0680018 0.0578963 -0.0822525
vn -0.0204544 0.997853 -0.0622227
v -0.0824029 0.0578963 -0.0822525
vn 0 0.999925 -0.0122808
v -0.0512523 0.0578121 -0.0891093
vn -0.0204349 0.997854 -0.0622038
v -0.0656534 0.0578121 -0.0891093
vn 0 0.999925 -0.0122808
v -0.0345039 0.0577279 -0.0959651
vn -0.0204238 0.997853 -0.0622223
v -0.048905 0.0577279 -0.0959651
vn 0 0.999924 -0.0123589
v -0.063306 0.0577279 -0.0959651
vn 0 0.999924 -0.0123589
v -0.0177555 0.0576426 -0.102822
vn -0.020444 0.997851 -0.0622483
v -0.0321565 0.0576426 -0.102822
vn 0 0.999924 -0.0123574
v -0.0465576 0.0576426 -0.102822
vn 0 0.999924 -0.0123574
v -0.0609586 0.0576426 -0.102822
vn 0 0.999924 -0.0123574
v -0.0944555 0.0578121 -0.0891093
vn 0 0.999925 -0.0122808
v -0.0800544 0.0578121 -0.0891093
vn 0 0.999925 -0.0122808
v -0.0777071 0.0577279 -0.0959651
vn 0 0.999924 -0.0123589
v 0.00230135 0.0583489 -0.102822
vn 0.00268495 0.993267 -0.115817
v -0.0144481 0.0584332 -0.0959651
vn -0.0350088 0.994593 -0.0977662
v 0.00560872 0.0591395 -0.0959651
vn 0.0026853 0.993272 -0.115774
v -0.0311965 0.0585174 -0.0891093
vn -0.034992 0.994596 -0.0977462
v -0.047946 0.0586026 -0.0822525
vn -0.0349919 0.994596 -0.0977468
v -0.0278892 0.0593079 -0.0822525
vn -0.0350088 0.994594 -0.097762
v -0.00783338 0.0600142 -0.0822525
vn -0.0349915 0.994596 -0.0977452
v -0.0111407 0.0592237 -0.0891093
vn -0.035009 0.994594 -0.0977627
v 0.0122235 0.0607195 -0.0822525
vn 0.00270766 0.993269 -0.115797
v 0.00891609 0.059929 -0.0891093
vn 0.00269648 0.993274 -0.115752
v -0.0646944 0.0586868 -0.0753967
vn -0.035001 0.994598 -0.0977247
v -0.0814439 0.0587711 -0.0685409
vn -0.0350091 0.994594 -0.0977647
v -0.0613871 0.0594763 -0.0685409
vn -0.0349915 0.994596 -0.0977463
v -0.0981923 0.0588553 -0.061684
vn -0.0350094 0.994594 -0.0977625
v -0.114942 0.0589395 -0.0548283
vn -0.0351263 0.99818 -0.0490239
v -0.094885 0.0596458 -0.0548283
vn -0.0351266 0.998179 -0.0490438
v -0.0748292 0.0603511 -0.0548283
vn -0.035126 0.99818 -0.0490227
v -0.0781365 0.0595616 -0.061684
vn -0.0349915 0.994596 -0.0977451
v -0.0547723 0.0610574 -0.0548283
vn -0.0351266 0.998179 -0.0490438
v -0.0580797 0.0602669 -0.061684
vn -0.0350088 0.994594 -0.0977619
v -0.0347165 0.0617626 -0.0548283
vn -0.0351273 0.99818 -0.0490224
v -0.0380239 0.0609732 -0.061684
vn -0.0349922 0.994596 -0.0977457
v -0.0146607 0.0624689 -0.0548283
vn -0.035126 0.998179 -0.049044
v -0.0179681 0.0616784 -0.061684
vn -0.0350091 0.994594 -0.0977635
v -0.0212744 0.0608879 -0.0685409
vn -0.0349918 0.994596 -0.0977479
v 0.00539609 0.0631742 -0.0548283
vn -0.0351266 0.99818 -0.0490226
v 0.00208872 0.0623847 -0.061684
vn -0.0349915 0.994596 -0.0977451
v 0.0254519 0.0638805 -0.0548283
vn 0.00269848 0.998301 -0.0582016
v 0.0221445 0.06309 -0.061684
vn 0.00270756 0.993269 -0.115799
v 0.0188372 0.0622995 -0.0685409
vn 0.00269657 0.993274 -0.115753
v 0.0155298 0.06151 -0.0753967
vn 0.00268539 0.993272 -0.115777
v -0.00121864 0.0615942 -0.0685409
vn -0.0350094 0.994594 -0.0977637
v -0.00452601 0.0608037 -0.0753967
vn -0.0350008 0.994598 -0.0977244
v -0.0446387 0.0593921 -0.0753967
vn -0.0350002 0.994598 -0.0977238
v -0.0413313 0.0601826 -0.0685409
vn -0.0350088 0.994594 -0.0977631
v -0.0245818 0.0600984 -0.0753967
vn -0.0350004 0.994598 -0.0977241
v 0.013395 0.0575584 -0.102822
vn 0.0399308 0.995676 -0.0838706
v 0.0167024 0.0583489 -0.0959651
vn 0.0702994 0.986536 -0.147662
v 0.0277961 0.0575584 -0.0959651
vn 0.0399305 0.995676 -0.0838742
v 0.0200098 0.0591395 -0.0891093
vn 0.0702546 0.986554 -0.147563
v 0.0233171 0.059929 -0.0822525
vn 0.070254 0.986555 -0.147557
v 0.0344108 0.0591395 -0.0822525
vn 0.0702546 0.986555 -0.147558
v 0.0455045 0.0583489 -0.0822525
vn 0.0703016 0.986537 -0.147655
v 0.0311034 0.0583489 -0.0891093
vn 0.0702993 0.986537 -0.147657
v 0.0565971 0.0575584 -0.0822525
vn 0.0399313 0.995676 -0.0838699
v 0.0421972 0.0575584 -0.0891093
vn 0.0399348 0.995676 -0.0838752
v 0.0266235 0.0607195 -0.0753967
vn 0.0702994 0.986536 -0.147663
v 0.0299308 0.06151 -0.0685409
vn 0.0702546 0.986554 -0.147563
v 0.0410245 0.0607195 -0.0685409
vn 0.0702994 0.986537 -0.147657
v 0.0332382 0.0622995 -0.061684
vn 0.0702546 0.986554 -0.147563
v 0.0365456 0.06309 -0.0548283
vn 0.0708814 0.994703 -0.0744401
v 0.0476393 0.0622995 -0.0548283
vn 0.0708355 0.994711 -0.0743752
v 0.0587329 0.06151 -0.0548283
vn 0.0708354 0.994709 -0.074408
v 0.0443319 0.06151 -0.061684
vn 0.0702546 0.986554 -0.147563
v 0.0698266 0.0607195 -0.0548283
vn 0.0708814 0.994703 -0.0744396
v 0.0554256 0.0607195 -0.061684
vn 0.0702994 0.986537 -0.147657
v 0.0809203 0.059929 -0.0548283
vn 0.0708348 0.994711 -0.0743747
v 0.0665192 0.059929 -0.061684
vn 0.070254 0.986555 -0.147562
v 0.092014 0.0591395 -0.0548283
vn 0.0708352 0.994709 -0.074408
v 0.0776129 0.0591395 -0.061684
vn 0.0702545 0.986554 -0.147563
v 0.0632119 0.0591395 -0.0685409
vn 0.0702546 0.986554 -0.147563
v 0.103108 0.0583489 -0.0548283
vn 0.0708814 0.994703 -0.0744396
v 0.0887066 0.0583489 -0.061684
vn 0.0702993 0.986537 -0.147657
v 0.114201 0.0575584 -0.0548283
vn -0.02203 0.986828 -0.160268
v 0.0998003 0.0575584 -0.061684
vn 0.0399294 0.995676 -0.08387
v 0.0853993 0.0575584 -0.0685409
vn 0.0399332 0.995676 -0.0838739
v 0.0709982 0.0575584 -0.0753967
vn 0.0399299 0.995676 -0.0838756
v 0.0743056 0.0583489 -0.0685409
vn 0.0702993 0.986537 -0.147657
v 0.0599045 0.0583489 -0.0753967
vn 0.0703005 0.986535 -0.147667
v 0.0377171 0.059929 -0.0753967
vn 0.0702539 0.986554 -0.147568
v 0.0521182 0.059929 -0.0685409
vn 0.070254 0.986555 -0.147562
v 0.0488108 0.0591395 -0.0753967
vn 0.0702545 0.986553 -0.147569
v 0.114201 0.0575584 -0.0589314
vn 0 1 0
v 0.114201 0.0575584 -0.0630335
vn 0 1 0
v 0.0998003 0.0575584 -0.0657872
vn 0 1 0
v 0.114201 0.0575584 -0.0671367
vn 0 1 0
v 0.0998003 0.0575584 -0.0698904
vn 0 1 0
v 0.114201 0.0575584 -0.0712388
vn 0 1 0
v 0.0998003 0.0575584 -0.0739925
vn 0 1 0
v 0.0853993 0.0575584 -0.0767461
vn 0 1 0
v 0.0709982 0.0575584 -0.0794998
vn 0 1 0
v 0.0853993 0.0575584 -0.072643
vn 0 1 0
v 0.114201 0.0575584 -0.0753419
vn 0 1 0
v 0.0998003 0.0575584 -0.0780956
vn 0 1 0
v 0.114201 0.0575584 -0.0794451
vn 0 1 0
v 0.0998003 0.0575584 -0.0821977
vn 0 1 0
v 0.0853993 0.0575584 -0.0849514
vn 0 1 0
v 0.114201 0.0575584 -0.0835472
vn 0 1 0
v 0.0998003 0.0575584 -0.0863009
vn 0 1 0
v 0.0853993 0.0575584 -0.0890546
vn 0 1 0
v 0.0709982 0.0575584 -0.0918083
vn 0 1 0
v 0.0565971 0.0575584 -0.0945609
vn 0 1 0
v 0.0421972 0.0575584 -0.0973146
vn 0 1 0
v 0.0565971 0.0575584 -0.0904588
vn 0 1 0
v 0.0277961 0.0575584 -0.100068
vn 0 1 0
v 0.0421972 0.0575584 -0.0932114
vn 0 1 0
v 0.0565971 0.0575584 -0.0863556
vn 0 1 0
v 0.0853993 0.0575584 -0.0808493
vn 0 1 0
v 0.0709982 0.0575584 -0.0877051
vn 0 1 0
v 0.0709982 0.0575584 -0.0836019
vn 0 1 0
v 0.128602 0.0575584 -0.0548283
vn -7.19977e-07 0.821097 -0.570789
v 0.143003 0.0575584 -0.0548283
vn 0 0.845649 -0.53374
v 0.157405 0.0575584 -0.0548283
vn 0 0.845649 -0.53374
v 0.171805 0.0575584 -0.0548283
vn 0 0.845649 -0.53374
v 0.186206 0.0575584 -0.0548283
vn 0 0.845649 -0.53374
v 0.200607 0.0575584 -0.0548283
vn 0 0.845649 -0.53374
v 0.215008 0.0575584 -0.0548283
vn 0 0.845649 -0.53374
v 0.229409 0.0575584 -0.0548283
vn 0 0.845649 -0.53374
v 0.24381 0.0575584 -0.0548283
vn 0 0.845649 -0.53374
v 0.258211 0.0575584 -0.0548283
vn 0 0.845649 -0.53374
v 0.272612 0.0575584 -0.0548283
vn 0 0.845649 -0.53374
v 0.287012 0.0575584 -0.0548283
vn 0 0.845649 -0.53374
v 0.301413 0.0575584 -0.0548283
vn 0 0.845649 -0.53374
v 0.315814 0.0575584 -0.0548283
vn 0 0.845649 -0.53374
v 0.330215 0.0575584 -0.0548283
vn 0 0.845649 -0.53374
v 0.344616 0.0575584 -0.0548283
vn -0.0496411 0.848532 -0.52681
v 0.358528 0.0609037 -0.0548283
vn -0.233483 0.971003 -0.0513655
v 0.372439 0.0642489 -0.0548283
vn -0.233716 0.972076 -0.0210772
v 0.386351 0.0675932 -0.0548283
vn -0.233725 0.972074 -0.0210923
v 0.400261 0.0709384 -0.0548283
vn -0.233753 0.972066 -0.0211214
v 0.414173 0.0742837 -0.0548283
vn -0.23375 0.972068 -0.0210958
v 0.428085 0.0776289 -0.0548283
vn -0.233717 0.972076 -0.0210968
v 0.441996 0.0809732 -0.0548283
vn -0.233461 0.971009 -0.0513487
v 0.455908 0.0843184 -0.0548283
vn -0.0255502 0.986177 -0.163716
v 0.571115 0.0843184 -0.0548283
vn 0.109803 0.942728 -0.314973
v -0.282666 -0.0538879 -0.0330367
vn -0.69162 0.722261 0
v -0.272515 -0.0441679 -0.0343356
vn -0.691598 0.722282 0
v -0.282666 -0.0538879 -0.0268304
vn -0.69162 0.722261 0
v -0.272515 -0.0441679 -0.0281293
vn -0.691599 0.722282 0
v -0.262365 -0.0344489 -0.0294272
vn -0.691599 0.722282 0
v -0.282666 -0.0538879 -0.020623
vn -0.69162 0.722261 0
v -0.272515 -0.0441679 -0.0219219
vn -0.691599 0.722282 0
v -0.282666 -0.0538879 -0.0144167
vn -0.69162 0.722261 0
v -0.272515 -0.0441679 -0.0157146
vn -0.691599 0.722282 0
v -0.262365 -0.0344489 -0.0170135
vn -0.691599 0.722282 0
v -0.252214 -0.0247289 -0.0183125
vn -0.6916 0.72228 0
v -0.262365 -0.0344489 -0.0232209
vn -0.691599 0.722282 0
v -0.242063 -0.01501 -0.0196114
vn -0.691601 0.72228 0
v -0.252214 -0.0247289 -0.0245188
vn -0.6916 0.722281 0
v -0.282666 -0.0538879 -0.00820931
vn -0.69162 0.722261 0
v -0.272515 -0.0441679 -0.00950825
vn -0.691599 0.722282 0
v -0.282666 -0.0538879 -0.00200194
vn -0.69162 0.722261 0
v -0.272515 -0.0441679 -0.00330088
vn -0.691599 0.722282 0
v -0.262365 -0.0344489 -0.00459984
vn -0.691599 0.722282 0
v -0.282666 -0.0538879 0.00420438
vn -0.69162 0.722261 0
v -0.272515 -0.0441679 0.00290648
vn -0.691599 0.722282 0
v -0.282666 -0.0538879 0.0104117
vn -0.69162 0.722261 0
v -0.272515 -0.0441679 0.00911279
vn -0.691606 0.722275 0
v -0.262365 -0.0344489 0.0078149
vn -0.691592 0.722289 0
v -0.252214 -0.0247289 0.00651595
vn -0.691607 0.722274 0
v -0.262365 -0.0344489 0.00160753
vn -0.691599 0.722282 0
v -0.242063 -0.01501 0.00521701
vn -0.691594 0.722286 0
v -0.252214 -0.0247289 0.000308585
vn -0.6916 0.72228 0
v -0.231913 -0.00528999 0.00391805
vn -0.691619 0.722262 0
v -0.242063 -0.01501 -0.000990357
vn -0.691601 0.72228 0
v -0.221762 0.00443001 0.00261911
vn -0.691604 0.722277 0
v -0.231913 -0.00528999 -0.00228826
vn -0.691618 0.722263 0
v -0.242063 -0.01501 -0.00719667
vn -0.691601 0.72228 0
v -0.211611 0.014149 0.00132122
vn -0.691594 0.722286 0
v -0.221762 0.00443001 -0.00358721
vn -0.691599 0.722282 0
v -0.201461 0.0238689 2.22632e-05
vn -0.602036 0.798469 0
v -0.211611 0.014149 -0.00488615
vn -0.691601 0.72228 0
v -0.221762 0.00443001 -0.00979457
vn -0.691598 0.722282 0
v -0.231913 -0.00528999 -0.014703
vn -0.691618 0.722263 0
v -0.231913 -0.00528999 -0.00849563
vn -0.691618 0.722263 0
v -0.242063 -0.01501 -0.013404
vn -0.691601 0.72228 0
v -0.262365 -0.0344489 -0.0108062
vn -0.691599 0.722282 0
v -0.252214 -0.0247289 -0.00589878
vn -0.6916 0.72228 0
v -0.252214 -0.0247289 -0.0121051
vn -0.6916 0.72228 0
v -0.201461 0.0238689 -0.00683458
vn -0.604725 0.796434 0
v -0.201461 0.0238689 -0.0136904
vn -0.604726 0.796434 0
v -0.211611 0.014149 -0.0117419
vn -0.6916 0.72228 0
v -0.201461 0.0238689 -0.0205472
vn -0.604725 0.796434 0
v -0.211611 0.014149 -0.0185988
vn -0.6916 0.72228 0
v -0.201461 0.0238689 -0.027403
vn -0.604728 0.796432 0
v -0.211611 0.014149 -0.0254546
vn -0.6916 0.72228 0
v -0.221762 0.00443001 -0.0235072
vn -0.691599 0.722282 0
v -0.231913 -0.00528999 -0.0215588
vn -0.691618 0.722263 0
v -0.221762 0.00443001 -0.0166504
vn -0.691599 0.722282 0
v -0.201461 0.0238689 -0.0342588
vn -0.604723 0.796436 0
v -0.211611 0.014149 -0.0323114
vn -0.6916 0.72228 0
v -0.201461 0.0238689 -0.0411156
vn -0.604728 0.796432 0
v -0.211611 0.014149 -0.0391672
vn -0.6916 0.72228 0
v -0.221762 0.00443001 -0.0372198
vn -0.691599 0.722282 0
v -0.201461 0.0238689 -0.0479714
vn -0.604723 0.796436 0
v -0.211611 0.014149 -0.046024
vn -0.6916 0.72228 0
v -0.221762 0.00443001 -0.0440756
vn -0.691599 0.722282 0
v -0.231913 -0.00528999 -0.0421283
vn -0.691618 0.722263 0
v -0.242063 -0.01501 -0.0401798
vn -0.691601 0.72228 0
v -0.252214 -0.0247289 -0.0382314
vn -0.6916 0.72228 0
v -0.242063 -0.01501 -0.033324
vn -0.691601 0.72228 0
v -0.262365 -0.0344489 -0.0362841
vn -0.691599 0.722282 0
v -0.252214 -0.0247289 -0.0313756
vn -0.6916 0.72228 0
v -0.242063 -0.01501 -0.0264672
vn -0.691601 0.72228 0
v -0.221762 0.00443001 -0.030363
vn -0.691599 0.722282 0
v -0.231913 -0.00528999 -0.0352714
vn -0.691618 0.722263 0
v -0.231913 -0.00528999 -0.0284156
vn -0.691618 0.722263 0
v -0.193152 0.0281647 -0.0479714
vn -0.459305 0.888278 0
v -0.193152 0.0281647 -0.0411156
vn -0.459305 0.888278 0
v -0.193152 0.0281647 -0.0342588
vn -0.459305 0.888278 0
v -0.184845 0.0324605 -0.0411156
vn -0.459304 0.888279 0
v -0.176537 0.0367563 -0.0479714
vn -0.45926 0.888302 0
v -0.184845 0.0324605 -0.0479714
vn -0.459304 0.888279 0
v -0.193152 0.0281647 -0.027403
vn -0.459305 0.888278 0
v -0.193152 0.0281647 -0.0205472
vn -0.459305 0.888278 0
v -0.184845 0.0324605 -0.027403
vn -0.459304 0.888279 0
v -0.193152 0.0281647 -0.0136904
vn -0.459305 0.888278 0
v -0.193152 0.0281647 -0.00683458
vn -0.459305 0.888278 0
v -0.184845 0.0324605 -0.0136904
vn -0.459304 0.888279 0
v -0.176537 0.0367563 -0.0205472
vn -0.45926 0.888302 0
v -0.184845 0.0324605 -0.0205472
vn -0.459304 0.888279 0
v -0.168229 0.0410511 -0.027403
vn -0.459261 0.888301 0
v -0.176537 0.0367563 -0.027403
vn -0.45926 0.888302 0
v -0.159921 0.0453469 -0.0342588
vn -0.459305 0.888278 0
v -0.168229 0.0410511 -0.0342588
vn -0.459261 0.888301 0
v -0.151613 0.0496426 -0.0411156
vn -0.459305 0.888279 0
v -0.159921 0.0453469 -0.0411156
vn -0.459305 0.888278 0
v -0.168229 0.0410511 -0.0411156
vn -0.459261 0.888301 0
v -0.143305 0.0539384 -0.0479714
vn -0.459304 0.888279 0
v -0.151613 0.0496426 -0.0479714
vn -0.459305 0.888279 0
v -0.159921 0.0453469 -0.0479714
vn -0.459305 0.888278 0
v -0.168229 0.0410511 -0.0479714
vn -0.459261 0.888301 0
v -0.184845 0.0324605 -0.0342588
vn -0.459304 0.888279 0
v -0.176537 0.0367563 -0.0342588
vn -0.45926 0.888302 0
v -0.176537 0.0367563 -0.0411156
vn -0.45926 0.888302 0
v -0.134998 0.0582342 -0.0479714
vn -0.173643 0.984809 0
v -0.143305 0.0539384 -0.0411156
vn -0.459304 0.888279 0
v -0.134998 0.0582342 -0.0411156
vn -0.173643 0.984809 0
v -0.151613 0.0496426 -0.0342588
vn -0.459305 0.888279 0
v -0.159921 0.0453469 -0.027403
vn -0.459305 0.888278 0
v -0.151613 0.0496426 -0.027403
vn -0.459305 0.888279 0
v -0.143305 0.0539384 -0.027403
vn -0.459304 0.888279 0
v -0.143305 0.0539384 -0.0342588
vn -0.459304 0.888279 0
v -0.134998 0.0582342 -0.027403
vn -0.173643 0.984809 0
v -0.134998 0.0582342 -0.0342588
vn -0.173643 0.984809 0
v -0.168229 0.0410511 -0.0205472
vn -0.459261 0.888301 0
v -0.176537 0.0367563 -0.0136904
vn -0.45926 0.888302 0
v -0.168229 0.0410511 -0.0136904
vn -0.459261 0.888301 0
v -0.184845 0.0324605 -0.00683458
vn -0.459304 0.888279 0
v -0.193152 0.0281647 2.22632e-05
vn -0.459313 0.888275 0
v -0.184845 0.0324605 2.22632e-05
vn -0.459297 0.888283 0
v -0.176537 0.0367563 2.22632e-05
vn -0.459253 0.888305 0
v -0.176537 0.0367563 -0.00683458
vn -0.45926 0.888302 0
v -0.168229 0.0410511 2.22632e-05
vn -0.459269 0.888297 0
v -0.168229 0.0410511 -0.00683458
vn -0.459261 0.888301 0
v -0.159921 0.0453469 2.22632e-05
vn -0.459313 0.888275 0
v -0.159921 0.0453469 -0.00683458
vn -0.459305 0.888278 0
v -0.151613 0.0496426 2.22632e-05
vn -0.459297 0.888283 0
v -0.151613 0.0496426 -0.00683458
vn -0.459305 0.888279 0
v -0.151613 0.0496426 -0.0136904
vn -0.459305 0.888279 0
v -0.143305 0.0539384 2.22632e-05
vn -0.459312 0.888275 0
v -0.143305 0.0539384 -0.00683458
vn -0.459304 0.888279 0
v -0.134998 0.0582342 2.22632e-05
vn -0.173643 0.984809 0
v -0.134998 0.0582342 -0.00683458
vn -0.173643 0.984809 0
v -0.134998 0.0582342 -0.0136904
vn -0.173643 0.984809 0
v -0.134998 0.0582342 -0.0205472
vn -0.173643 0.984809 0
v -0.143305 0.0539384 -0.0136904
vn -0.459304 0.888279 0
v -0.143305 0.0539384 -0.0205472
vn -0.459304 0.888279 0
v -0.159921 0.0453469 -0.0205472
vn -0.459305 0.888278 0
v -0.159921 0.0453469 -0.0136904
vn -0.459305 0.888278 0
v -0.151613 0.0496426 -0.0205472
vn -0.459305 0.888279 0
v -0.114942 0.0589395 -0.0479714
vn -0.0351686 0.999381 0
v -0.114942 0.0589395 -0.0411156
vn -0.0351686 0.999381 0
v -0.094885 0.0596458 -0.0411156
vn -0.0351686 0.999381 0
v -0.114942 0.0589395 -0.0342588
vn -0.0351686 0.999381 0
v -0.114942 0.0589395 -0.027403
vn -0.0351686 0.999381 0
v -0.094885 0.0596458 -0.027403
vn -0.0351686 0.999381 0
v -0.0748292 0.0603511 -0.027403
vn -0.0351686 0.999381 0
v -0.094885 0.0596458 -0.0342588
vn -0.0351686 0.999381 0
v -0.0547723 0.0610574 -0.027403
vn -0.0351686 0.999381 0
v -0.0748292 0.0603511 -0.0342588
vn -0.0351686 0.999381 0
v -0.114942 0.0589395 -0.0205472
vn -0.0351686 0.999381 0
v -0.114942 0.0589395 -0.0136904
vn -0.0351686 0.999381 0
v -0.094885 0.0596458 -0.0136904
vn -0.0351686 0.999381 0
v -0.114942 0.0589395 -0.00683458
vn -0.0351686 0.999381 0
v -0.114942 0.0589395 2.22632e-05
vn -0.0351602 0.999382 0
v -0.094885 0.0596458 2.22632e-05
vn -0.035177 0.999381 0
v -0.0748292 0.0603511 2.22632e-05
vn -0.0351602 0.999382 0
v -0.094885 0.0596458 -0.00683458
vn -0.0351686 0.999381 0
v -0.0547723 0.0610574 2.22632e-05
vn -0.035177 0.999381 0
v -0.0748292 0.0603511 -0.00683458
vn -0.0351686 0.999381 0
v -0.0347165 0.0617626 2.22632e-05
vn -0.0351608 0.999382 0
v -0.0547723 0.0610574 -0.00683458
vn -0.0351686 0.999381 0
v -0.0146607 0.0624689 2.22632e-05
vn -0.0351776 0.999381 0
v -0.0347165 0.0617626 -0.00683458
vn -0.0351695 0.999381 0
v -0.0547723 0.0610574 -0.0136904
vn -0.0351686 0.999381 0
v 0.00539609 0.0631742 2.22632e-05
vn -0.0351596 0.999382 0
v -0.0146607 0.0624689 -0.00683458
vn -0.0351686 0.999381 0
v 0.0254519 0.0638805 2.22632e-05
vn -0.148568 0.984273 -0.0955716
v 0.00539609 0.0631742 -0.00683458
vn -0.0351686 0.999381 0
v -0.0146607 0.0624689 -0.0136904
vn -0.0351686 0.999381 0
v -0.0347165 0.0617626 -0.0205472
vn -0.0351695 0.999381 0
v -0.0347165 0.0617626 -0.0136904
vn -0.0351695 0.999381 0
v -0.0547723 0.0610574 -0.0205472
vn -0.0351686 0.999381 0
v -0.094885 0.0596458 -0.0205472
vn -0.0351686 0.999381 0
v -0.0748292 0.0603511 -0.0136904
vn -0.0351686 0.999381 0
v -0.0748292 0.0603511 -0.0205472
vn -0.0351686 0.999381 0
v 0.0254519 0.0638805 -0.00683458
vn 0.00270307 0.999996 0
v 0.0254519 0.0638805 -0.0136904
vn 0.00270307 0.999996 0
v 0.00539609 0.0631742 -0.0136904
vn -0.0351686 0.999381 0
v 0.0254519 0.0638805 -0.0205472
vn 0.00270307 0.999996 0
v 0.00539609 0.0631742 -0.0205472
vn -0.0351686 0.999381 0
v 0.0254519 0.0638805 -0.027403
vn 0.00270307 0.999996 0
v 0.00539609 0.0631742 -0.027403
vn -0.0351686 0.999381 0
v -0.0146607 0.0624689 -0.027403
vn -0.0351686 0.999381 0
v -0.0347165 0.0617626 -0.027403
vn -0.0351695 0.999381 0
v -0.0146607 0.0624689 -0.0205472
vn -0.0351686 0.999381 0
v 0.0254519 0.0638805 -0.0342588
vn 0.00270307 0.999996 0
v 0.00539609 0.0631742 -0.0342588
vn -0.0351686 0.999381 0
v 0.0254519 0.0638805 -0.0411156
vn 0.00270307 0.999996 0
v 0.00539609 0.0631742 -0.0411156
vn -0.0351686 0.999381 0
v -0.0146607 0.0624689 -0.0411156
vn -0.0351686 0.999381 0
v 0.0254519 0.0638805 -0.0479714
vn 0.00270307 0.999996 0
v 0.00539609 0.0631742 -0.0479714
vn -0.0351686 0.999381 0
v -0.0146607 0.0624689 -0.0479714
vn -0.0351686 0.999381 0
v -0.0347165 0.0617626 -0.0479714
vn -0.0351695 0.999381 0
v -0.0547723 0.0610574 -0.0479714
vn -0.0351686 0.999381 0
v -0.0748292 0.0603511 -0.0479714
vn -0.0351686 0.999381 0
v -0.0547723 0.0610574 -0.0411156
vn -0.0351686 0.999381 0
v -0.094885 0.0596458 -0.0479714
vn -0.0351686 0.999381 0
v -0.0748292 0.0603511 -0.0411156
vn -0.0351686 0.999381 0
v -0.0547723 0.0610574 -0.0342588
vn -0.0351686 0.999381 0
v -0.0146607 0.0624689 -0.0342588
vn -0.0351686 0.999381 0
v -0.0347165 0.0617626 -0.0411156
vn -0.0351695 0.999381 0
v -0.0347165 0.0617626 -0.0342588
vn -0.0351695 0.999381 0
v 0.0365456 0.06309 -0.0479714
vn 0.0710786 0.997471 0
v 0.0365456 0.06309 -0.0411156
vn 0.0710786 0.997471 0
v 0.0365456 0.06309 -0.0342588
vn 0.0710786 0.997471 0
v 0.0476393 0.0622995 -0.0411156
vn 0.0710323 0.997474 0
v 0.0587329 0.06151 -0.0479714
vn 0.0710323 0.997474 0
v 0.0476393 0.0622995 -0.0479714
vn 0.0710323 0.997474 0
v 0.0365456 0.06309 -0.027403
vn 0.0710786 0.997471 0
v 0.0365456 0.06309 -0.0205472
vn 0.0710786 0.997471 0
v 0.0476393 0.0622995 -0.027403
vn 0.0710323 0.997474 0
v 0.0365456 0.06309 -0.0136904
vn 0.0710786 0.997471 0
v 0.0365456 0.06309 -0.00683458
vn -0.165783 0.91271 -0.373465
v 0.0476393 0.0622995 -0.0136904
vn -0.165788 0.912717 -0.373447
v 0.0587329 0.06151 -0.0205472
vn -0.165812 0.912723 -0.373422
v 0.0476393 0.0622995 -0.0205472
vn 0.0710323 0.997474 0
v 0.0698266 0.0607195 -0.027403
vn -0.165774 0.912703 -0.373488
v 0.0587329 0.06151 -0.027403
vn 0.0710323 0.997474 0
v 0.0809203 0.059929 -0.0342588
vn -0.165801 0.912714 -0.373448
v 0.0698266 0.0607195 -0.0342588
vn 0.0710786 0.997471 0
v 0.092014 0.0591395 -0.0411156
vn -0.165787 0.912723 -0.373432
v 0.0809203 0.059929 -0.0411156
vn 0.0710315 0.997474 0
v 0.0698266 0.0607195 -0.0411156
vn 0.0710786 0.997471 0
v 0.103108 0.0583489 -0.0479714
vn -0.165784 0.912721 -0.373437
v 0.092014 0.0591395 -0.0479714
vn 0.0710322 0.997474 0
v 0.0809203 0.059929 -0.0479714
vn 0.0710315 0.997474 0
v 0.0698266 0.0607195 -0.0479714
vn 0.0710786 0.997471 0
v 0.0476393 0.0622995 -0.0342588
vn 0.0710323 0.997474 0
v 0.0587329 0.06151 -0.0342588
vn 0.0710323 0.997474 0
v 0.0587329 0.06151 -0.0411156
vn 0.0710323 0.997474 0
v 0.377887 0.130252 0.0275244
vn 0.0796085 0.959077 -0.271725
v 0.505645 0.103818 2.22632e-05
vn 0.00154629 0.994553 -0.104221
v 0.466864 0.0907237 -0.027403
vn -0.231724 0.963714 -0.132508
v 0.452953 0.0873784 -0.027403
vn -0.2317 0.963715 -0.132544
v 0.473081 0.0931605 -0.0205472
vn -0.231741 0.963717 -0.132458
v 0.454431 0.0858489 -0.0411156
vn -0.231755 0.963715 -0.132449
v 0.440519 0.0825037 -0.0411156
vn -0.231744 0.963717 -0.132453
v 0.460648 0.0882858 -0.0342588
vn -0.231749 0.963717 -0.132444
v 0.448213 0.0834111 -0.0479714
vn -0.231655 0.963722 -0.132575
v 0.434301 0.0800658 -0.0479714
vn -0.231747 0.963718 -0.132438
v 0.420391 0.0767205 -0.0479714
vn -0.231723 0.963718 -0.132485
v 0.406479 0.0733763 -0.0479714
vn -0.23172 0.963717 -0.132498
v 0.392568 0.0700311 -0.0479714
vn -0.231716 0.963716 -0.132514
v 0.412696 0.0758132 -0.0411156
vn -0.231716 0.963715 -0.132514
v 0.378656 0.0666858 -0.0479714
vn -0.231761 0.963721 -0.132395
v 0.418913 0.0782511 -0.0342588
vn -0.231711 0.963715 -0.132527
v 0.398785 0.072469 -0.0411156
vn -0.231748 0.963719 -0.132436
v 0.446736 0.0849405 -0.0342588
vn -0.231716 0.963715 -0.132515
v 0.426608 0.0791584 -0.0411156
vn -0.231717 0.963716 -0.132513
v 0.432825 0.0815963 -0.0342588
vn -0.231718 0.963715 -0.132512
v 0.701586 0.110427 -0.051283
vn 0.239523 0.955787 -0.170589
v 0.690239 0.0575584 2.22632e-05
vn 0.979351 0.163414 -0.119028
v 0.690239 0.0575584 0.219423
vn 0.8876 0.434673 0.1524
v -0.282666 -0.0538879 0.0166191
vn -0.69162 0.722261 0
v -0.282666 -0.0538879 0.0228254
vn -0.69162 0.722261 0
v -0.272515 -0.0441679 0.0153202
vn -0.691599 0.722282 0
v -0.282666 -0.0538879 0.0290328
vn -0.69162 0.722261 0
v -0.272515 -0.0441679 0.0215275
vn -0.691599 0.722282 0
v -0.282666 -0.0538879 0.0352402
vn -0.69162 0.722261 0
v -0.272515 -0.0441679 0.0277338
vn -0.691599 0.722282 0
v -0.262365 -0.0344489 0.0202286
vn -0.691599 0.722282 0
v -0.252214 -0.0247289 0.0127223
vn -0.6916 0.72228 0
v -0.262365 -0.0344489 0.0140212
vn -0.691599 0.722282 0
v -0.282666 -0.0538879 0.0414465
vn -0.69162 0.722261 0
v -0.272515 -0.0441679 0.0339412
vn -0.691599 0.722282 0
v -0.282666 -0.0538879 0.0476538
vn -0.69162 0.722261 0
v -0.272515 -0.0441679 0.0401475
vn -0.691599 0.722282 0
v -0.262365 -0.0344489 0.0326423
vn -0.691599 0.722282 0
v -0.282666 -0.0538879 0.0538602
vn -0.69162 0.722261 0
v -0.272515 -0.0441679 0.0463549
vn -0.691599 0.722282 0
v -0.282666 -0.0538879 0.0600675
vn -0.69162 0.722261 0
v -0.272515 -0.0441679 0.0525623
vn -0.691598 0.722282 0
v -0.262365 -0.0344489 0.045056
vn -0.691599 0.722282 0
v -0.252214 -0.0247289 0.0375507
vn -0.6916 0.722281 0
v -0.262365 -0.0344489 0.0388496
vn -0.691599 0.722282 0
v -0.242063 -0.01501 0.0300454
vn -0.691601 0.72228 0
v -0.252214 -0.0247289 0.0313433
vn -0.6916 0.72228 0
v -0.231913 -0.00528999 0.0225391
vn -0.691618 0.722263 0
v -0.242063 -0.01501 0.0238381
vn -0.691601 0.72228 0
v -0.221762 0.00443001 0.0150338
vn -0.691598 0.722282 0
v -0.231913 -0.00528999 0.0163328
vn -0.691618 0.722263 0
v -0.242063 -0.01501 0.0176307
vn -0.691601 0.72228 0
v -0.211611 0.014149 0.00752752
vn -0.691601 0.72228 0
v -0.221762 0.00443001 0.00882648
vn -0.691599 0.722282 0
v -0.231913 -0.00528999 0.0101254
vn -0.691618 0.722263 0
v -0.242063 -0.01501 0.0114244
vn -0.691601 0.72228 0
v -0.262365 -0.0344489 0.0264349
vn -0.691599 0.722282 0
v -0.252214 -0.0247289 0.025137
vn -0.6916 0.72228 0
v -0.252214 -0.0247289 0.0189296
vn -0.6916 0.72228 0
v -0.201461 0.0238689 0.00687805
vn -0.604726 0.796434 0
v -0.211611 0.014149 0.0143844
vn -0.6916 0.72228 0
v -0.201461 0.0238689 0.0137349
vn -0.604725 0.796434 0
v -0.221762 0.00443001 0.0218896
vn -0.691599 0.722282 0
v -0.231913 -0.00528999 0.0293959
vn -0.691618 0.722263 0
v -0.221762 0.00443001 0.0287465
vn -0.691599 0.722282 0
v -0.211611 0.014149 0.028097
vn -0.6916 0.72228 0
v -0.211611 0.014149 0.0212402
vn -0.6916 0.72228 0
v -0.201461 0.0238689 0.0274475
vn -0.604725 0.796434 0
v -0.201461 0.0238689 0.0205907
vn -0.604725 0.796434 0
v -0.242063 -0.01501 0.0369012
vn -0.691601 0.72228 0
v -0.252214 -0.0247289 0.0444065
vn -0.6916 0.72228 0
v -0.242063 -0.01501 0.043758
vn -0.691601 0.72228 0
v -0.262365 -0.0344489 0.0519128
vn -0.691599 0.722282 0
v -0.272515 -0.0441679 0.0594181
vn -0.691592 0.722289 0
v -0.262365 -0.0344489 0.0587686
vn -0.691606 0.722275 0
v -0.252214 -0.0247289 0.0581191
vn -0.691594 0.722287 0
v -0.252214 -0.0247289 0.0512633
vn -0.6916 0.72228 0
v -0.242063 -0.01501 0.0574707
vn -0.691607 0.722274 0
v -0.242063 -0.01501 0.0506139
vn -0.691601 0.72228 0
v -0.231913 -0.00528999 0.0568212
vn -0.691618 0.722264 0
v -0.231913 -0.00528999 0.0499644
vn -0.691618 0.722263 0
v -0.221762 0.00443001 0.0561717
vn -0.691593 0.722288 0
v -0.221762 0.00443001 0.0493149
vn -0.691599 0.722282 0
v -0.221762 0.00443001 0.0424591
vn -0.691599 0.722282 0
v -0.211611 0.014149 0.0555223
vn -0.691607 0.722274 0
v -0.211611 0.014149 0.0486654
vn -0.6916 0.72228 0
v -0.201461 0.0238689 0.0548728
vn -0.604725 0.796434 0
v -0.201461 0.0238689 0.048016
vn -0.604725 0.796434 0
v -0.201461 0.0238689 0.0411602
vn -0.604725 0.796434 0
v -0.201461 0.0238689 0.0343033
vn -0.604725 0.796434 0
v -0.211611 0.014149 0.0418096
vn -0.6916 0.72228 0
v -0.211611 0.014149 0.0349528
vn -0.6916 0.72228 0
v -0.231913 -0.00528999 0.0362517
vn -0.691618 0.722263 0
v -0.231913 -0.00528999 0.0431086
vn -0.691618 0.722263 0
v -0.221762 0.00443001 0.0356023
vn -0.691599 0.722282 0
v -0.193152 0.0281647 0.00687805
vn -0.459305 0.888278 0
v -0.193152 0.0281647 0.0137349
vn -0.459305 0.888278 0
v -0.184845 0.0324605 0.0137349
vn -0.459304 0.888279 0
v -0.193152 0.0281647 0.0205907
vn -0.459305 0.888278 0
v -0.193152 0.0281647 0.0274475
vn -0.459305 0.888278 0
v -0.184845 0.0324605 0.0274475
vn -0.459304 0.888279 0
v -0.176537 0.0367563 0.0274475
vn -0.45926 0.888302 0
v -0.184845 0.0324605 0.0205907
vn -0.459304 0.888279 0
v -0.168229 0.0410511 0.0274475
vn -0.459261 0.888301 0
v -0.176537 0.0367563 0.0205907
vn -0.45926 0.888302 0
v -0.193152 0.0281647 0.0343033
vn -0.459305 0.888278 0
v -0.193152 0.0281647 0.0411602
vn -0.459305 0.888278 0
v -0.184845 0.0324605 0.0411602
vn -0.459304 0.888279 0
v -0.193152 0.0281647 0.048016
vn -0.459305 0.888278 0
v -0.193152 0.0281647 0.0548728
vn -0.459298 0.888282 0
v -0.184845 0.0324605 0.0548728
vn -0.459312 0.888275 0
v -0.176537 0.0367563 0.0548728
vn -0.459267 0.888298 0
v -0.184845 0.0324605 0.048016
vn -0.459304 0.888279 0
v -0.168229 0.0410511 0.0548728
vn -0.459254 0.888305 0
v -0.176537 0.0367563 0.048016
vn -0.45926 0.888302 0
v -0.159921 0.0453469 0.0548728
vn -0.459298 0.888282 0
v -0.168229 0.0410511 0.048016
vn -0.459261 0.888301 0
v -0.151613 0.0496426 0.0548728
vn -0.459312 0.888275 0
v -0.159921 0.0453469 0.048016
vn -0.459305 0.888278 0
v -0.168229 0.0410511 0.0411602
vn -0.459261 0.888301 0
v -0.143305 0.0539384 0.0548728
vn -0.459297 0.888283 0
v -0.151613 0.0496426 0.048016
vn -0.459305 0.888279 0
v -0.134998 0.0582342 0.0548728
vn -0.173643 0.984809 0
v -0.143305 0.0539384 0.048016
vn -0.459304 0.888279 0
v -0.151613 0.0496426 0.0411602
vn -0.459305 0.888279 0
v -0.159921 0.0453469 0.0343033
vn -0.459305 0.888278 0
v -0.159921 0.0453469 0.0411602
vn -0.459305 0.888278 0
v -0.168229 0.0410511 0.0343033
vn -0.459261 0.888301 0
v -0.184845 0.0324605 0.0343033
vn -0.459304 0.888279 0
v -0.176537 0.0367563 0.0411602
vn -0.45926 0.888302 0
v -0.176537 0.0367563 0.0343033
vn -0.45926 0.888302 0
v -0.134998 0.0582342 0.048016
vn -0.173643 0.984809 0
v -0.134998 0.0582342 0.0411602
vn -0.173643 0.984809 0
v -0.143305 0.0539384 0.0411602
vn -0.459304 0.888279 0
v -0.134998 0.0582342 0.0343033
vn -0.173643 0.984809 0
v -0.143305 0.0539384 0.0343033
vn -0.459304 0.888279 0
v -0.134998 0.0582342 0.0274475
vn -0.173643 0.984809 0
v -0.143305 0.0539384 0.0274475
vn -0.459304 0.888279 0
v -0.151613 0.0496426 0.0274475
vn -0.459305 0.888279 0
v -0.159921 0.0453469 0.0274475
vn -0.459305 0.888278 0
v -0.151613 0.0496426 0.0343033
vn -0.459305 0.888279 0
v -0.134998 0.0582342 0.0205907
vn -0.173643 0.984809 0
v -0.143305 0.0539384 0.0205907
vn -0.459304 0.888279 0
v -0.134998 0.0582342 0.0137349
vn -0.173643 0.984809 0
v -0.143305 0.0539384 0.0137349
vn -0.459304 0.888279 0
v -0.151613 0.0496426 0.0137349
vn -0.459305 0.888279 0
v -0.134998 0.0582342 0.00687805
vn -0.173643 0.984809 0
v -0.143305 0.0539384 0.00687805
vn -0.459304 0.888279 0
v -0.151613 0.0496426 0.00687805
vn -0.459305 0.888279 0
v -0.159921 0.0453469 0.00687805
vn -0.459305 0.888278 0
v -0.168229 0.0410511 0.00687805
vn -0.459261 0.888301 0
v -0.176537 0.0367563 0.00687805
vn -0.45926 0.888302 0
v -0.168229 0.0410511 0.0137349
vn -0.459261 0.888301 0
v -0.184845 0.0324605 0.00687805
vn -0.459304 0.888279 0
v -0.176537 0.0367563 0.0137349
vn -0.45926 0.888302 0
v -0.168229 0.0410511 0.0205907
vn -0.459261 0.888301 0
v -0.151613 0.0496426 0.0205907
vn -0.459305 0.888279 0
v -0.159921 0.0453469 0.0137349
vn -0.459305 0.888278 0
v -0.159921 0.0453469 0.0205907
vn -0.459305 0.888278 0
v -0.114942 0.0589395 0.00687805
vn -0.0351686 0.999381 0
v -0.114942 0.0589395 0.0137349
vn -0.0351686 0.999381 0
v -0.114942 0.0589395 0.0205907
vn -0.0351686 0.999381 0
v -0.094885 0.0596458 0.0137349
vn -0.0351686 0.999381 0
v -0.0748292 0.0603511 0.00687805
vn -0.0351686 0.999381 0
v -0.094885 0.0596458 0.00687805
vn -0.0351686 0.999381 0
v -0.114942 0.0589395 0.0274475
vn -0.0351686 0.999381 0
v -0.114942 0.0589395 0.0343033
vn -0.0351686 0.999381 0
v -0.094885 0.0596458 0.0274475
vn -0.0351686 0.999381 0
v -0.114942 0.0589395 0.0411602
vn -0.0351686 0.999381 0
v -0.114942 0.0589395 0.048016
vn -0.0351686 0.999381 0
v -0.094885 0.0596458 0.0411602
vn -0.0351686 0.999381 0
v -0.0748292 0.0603511 0.0343033
vn -0.0351686 0.999381 0
v -0.094885 0.0596458 0.0343033
vn -0.0351686 0.999381 0
v -0.0547723 0.0610574 0.0274475
vn -0.0351686 0.999381 0
v -0.0748292 0.0603511 0.0274475
vn -0.0351686 0.999381 0
v -0.0347165 0.0617626 0.0205907
vn -0.0351695 0.999381 0
v -0.0547723 0.0610574 0.0205907
vn -0.0351686 0.999381 0
v -0.0146607 0.0624689 0.0137349
vn -0.0351686 0.999381 0
v -0.0347165 0.0617626 0.0137349
vn -0.0351695 0.999381 0
v -0.0547723 0.0610574 0.0137349
vn -0.0351686 0.999381 0
v 0.00539609 0.0631742 0.00687805
vn -0.0351686 0.999381 0
v -0.0146607 0.0624689 0.00687805
vn -0.0351686 0.999381 0
v -0.0347165 0.0617626 0.00687805
vn -0.0351695 0.999381 0
v -0.0547723 0.0610574 0.00687805
vn -0.0351686 0.999381 0
v -0.094885 0.0596458 0.0205907
vn -0.0351686 0.999381 0
v -0.0748292 0.0603511 0.0205907
vn -0.0351686 0.999381 0
v -0.0748292 0.0603511 0.0137349
vn -0.0351686 0.999381 0
v 0.0254519 0.0638805 0.00687805
vn -0.210388 0.977618 0
v 0.00539609 0.0631742 0.0137349
vn -0.0351686 0.999381 0
v 0.0254519 0.0638805 0.0137349
vn -0.210398 0.977616 0
v -0.0146607 0.0624689 0.0205907
vn -0.0351686 0.999381 0
v -0.0347165 0.0617626 0.0274475
vn -0.0351695 0.999381 0
v -0.0146607 0.0624689 0.0274475
vn -0.0351686 0.999381 0
v 0.00539609 0.0631742 0.0274475
vn -0.0351686 0.999381 0
v 0.00539609 0.0631742 0.0205907
vn -0.0351686 0.999381 0
v 0.0254519 0.0638805 0.0274475
vn -0.210398 0.977616 0
v 0.0254519 0.0638805 0.0205907
vn -0.210388 0.977618 0
v -0.0547723 0.0610574 0.0343033
vn -0.0351686 0.999381 0
v -0.0748292 0.0603511 0.0411602
vn -0.0351686 0.999381 0
v -0.0547723 0.0610574 0.0411602
vn -0.0351686 0.999381 0
v -0.094885 0.0596458 0.048016
vn -0.0351686 0.999381 0
v -0.114942 0.0589395 0.0548728
vn -0.035177 0.999381 0
v -0.094885 0.0596458 0.0548728
vn -0.0351602 0.999382 0
v -0.0748292 0.0603511 0.0548728
vn -0.035177 0.999381 0
v -0.0748292 0.0603511 0.048016
vn -0.0351686 0.999381 0
v -0.0547723 0.0610574 0.0548728
vn -0.0351602 0.999382 0
v -0.0547723 0.0610574 0.048016
vn -0.0351686 0.999381 0
v -0.0347165 0.0617626 0.0548728
vn -0.0351783 0.999381 0
v -0.0347165 0.0617626 0.048016
vn -0.0351695 0.999381 0
v -0.0146607 0.0624689 0.0548728
vn -0.0351596 0.999382 0
v -0.0146607 0.0624689 0.048016
vn -0.0351686 0.999381 0
v -0.0146607 0.0624689 0.0411602
vn -0.0351686 0.999381 0
v 0.00539609 0.0631742 0.0548728
vn -0.0351776 0.999381 0
v 0.00539609 0.0631742 0.048016
vn -0.0351686 0.999381 0
v 0.0254519 0.0638805 0.0548728
vn -0.210393 0.977617 0
v 0.0254519 0.0638805 0.048016
vn -0.210388 0.977618 0
v 0.0254519 0.0638805 0.0411602
vn -0.210398 0.977616 0
v 0.0254519 0.0638805 0.0343033
vn -0.210388 0.977618 0
v 0.00539609 0.0631742 0.0411602
vn -0.0351686 0.999381 0
v 0.00539609 0.0631742 0.0343033
vn -0.0351686 0.999381 0
v -0.0347165 0.0617626 0.0343033
vn -0.0351695 0.999381 0
v -0.0347165 0.0617626 0.0411602
vn -0.0351695 0.999381 0
v -0.0146607 0.0624689 0.0343033
vn -0.0351686 0.999381 0
v 0.505645 0.103818 0.219423
vn 0.0333279 0.989091 0.143489
v 0.701586 0.110427 0.274648
vn 0.243003 0.969673 0.0261458
v -0.282666 -0.0538879 0.0662749
vn -0.69162 0.722261 0
v -0.272515 -0.0441679 0.0662749
vn -0.691598 0.722282 0
v -0.282666 -0.0538879 0.0724812
vn -0.69162 0.722261 0
v -0.272515 -0.0441679 0.0724812
vn -0.691599 0.722282 0
v -0.262365 -0.0344489 0.0724812
vn -0.691599 0.722282 0
v -0.282666 -0.0538879 0.0786886
vn -0.69162 0.722261 0
v -0.272515 -0.0441679 0.0786886
vn -0.691599 0.722282 0
v -0.282666 -0.0538879 0.0848959
vn -0.69162 0.722261 0
v -0.272515 -0.0441679 0.0848959
vn -0.691599 0.722282 0
v -0.262365 -0.0344489 0.0848959
vn -0.691599 0.722282 0
v -0.252214 -0.0247289 0.0848959
vn -0.6916 0.72228 0
v -0.262365 -0.0344489 0.0786886
vn -0.691599 0.722282 0
v -0.242063 -0.01501 0.0848959
vn -0.691601 0.72228 0
v -0.252214 -0.0247289 0.0786886
vn -0.6916 0.722281 0
v -0.282666 -0.0538879 0.0911023
vn -0.69162 0.722261 0
v -0.272515 -0.0441679 0.0911023
vn -0.691599 0.722282 0
v -0.282666 -0.0538879 0.0973096
vn -0.69162 0.722261 0
v -0.272515 -0.0441679 0.0973096
vn -0.691599 0.722282 0
v -0.262365 -0.0344489 0.0973096
vn -0.691599 0.722282 0
v -0.282666 -0.0538879 0.103516
vn -0.69162 0.722261 0
v -0.272515 -0.0441679 0.103516
vn -0.691599 0.722282 0
v -0.282666 -0.0538879 0.109723
vn -0.69162 0.722261 0
v -0.272515 -0.0441679 0.109723
vn -0.691606 0.722275 0
v -0.262365 -0.0344489 0.109723
vn -0.691592 0.722289 0
v -0.252214 -0.0247289 0.109723
vn -0.691607 0.722274 0
v -0.262365 -0.0344489 0.103516
vn -0.691599 0.722282 0
v -0.242063 -0.01501 0.109723
vn -0.691594 0.722286 0
v -0.252214 -0.0247289 0.103516
vn -0.6916 0.72228 0
v -0.231913 -0.00528999 0.109723
vn -0.691619 0.722262 0
v -0.242063 -0.01501 0.103516
vn -0.691601 0.72228 0
v -0.221762 0.00443001 0.109723
vn -0.691604 0.722277 0
v -0.231913 -0.00528999 0.103516
vn -0.691618 0.722263 0
v -0.242063 -0.01501 0.0973096
vn -0.691601 0.72228 0
v -0.211611 0.014149 0.109723
vn -0.691594 0.722286 0
v -0.221762 0.00443001 0.103516
vn -0.691599 0.722282 0
v -0.201461 0.0238689 0.109723
vn -0.602041 0.798465 0
v -0.211611 0.014149 0.103516
vn -0.691601 0.72228 0
v -0.221762 0.00443001 0.0973096
vn -0.691598 0.722282 0
v -0.231913 -0.00528999 0.0911023
vn -0.691618 0.722263 0
v -0.231913 -0.00528999 0.0973096
vn -0.691618 0.722263 0
v -0.242063 -0.01501 0.0911023
vn -0.691601 0.72228 0
v -0.262365 -0.0344489 0.0911023
vn -0.691599 0.722282 0
v -0.252214 -0.0247289 0.0973096
vn -0.6916 0.72228 0
v -0.252214 -0.0247289 0.0911023
vn -0.6916 0.72228 0
v -0.201461 0.0238689 0.102868
vn -0.604723 0.796436 0
v -0.201461 0.0238689 0.0960107
vn -0.604728 0.796432 0
v -0.211611 0.014149 0.0966601
vn -0.6916 0.72228 0
v -0.201461 0.0238689 0.0891549
vn -0.604723 0.796436 0
v -0.211611 0.014149 0.0898033
vn -0.6916 0.72228 0
v -0.201461 0.0238689 0.0822981
vn -0.604728 0.796432 0
v -0.211611 0.014149 0.0829475
vn -0.6916 0.72228 0
v -0.221762 0.00443001 0.083597
vn -0.691599 0.722282 0
v -0.231913 -0.00528999 0.0842465
vn -0.691618 0.722263 0
v -0.221762 0.00443001 0.0904528
vn -0.691599 0.722282 0
v -0.201461 0.0238689 0.0754423
vn -0.604723 0.796436 0
v -0.211611 0.014149 0.0760907
vn -0.6916 0.72228 0
v -0.201461 0.0238689 0.0685854
vn -0.604728 0.796432 0
v -0.211611 0.014149 0.0692349
vn -0.6916 0.72228 0
v -0.221762 0.00443001 0.0698844
vn -0.691599 0.722282 0
v -0.201461 0.0238689 0.0617296
vn -0.604723 0.796436 0
v -0.211611 0.014149 0.0623781
vn -0.6916 0.72228 0
v -0.221762 0.00443001 0.0630275
vn -0.691599 0.722282 0
v -0.231913 -0.00528999 0.063677
vn -0.691618 0.722263 0
v -0.242063 -0.01501 0.0643265
vn -0.691601 0.72228 0
v -0.252214 -0.0247289 0.064976
vn -0.6916 0.72228 0
v -0.242063 -0.01501 0.0711833
vn -0.691601 0.72228 0
v -0.262365 -0.0344489 0.0656254
vn -0.691599 0.722282 0
v -0.252214 -0.0247289 0.0718317
vn -0.6916 0.72228 0
v -0.242063 -0.01501 0.0780391
vn -0.691601 0.72228 0
v -0.221762 0.00443001 0.0767402
vn -0.691599 0.722282 0
v -0.231913 -0.00528999 0.0705338
vn -0.691618 0.722263 0
v -0.231913 -0.00528999 0.0773896
vn -0.691618 0.722263 0
v -0.193152 0.0281647 0.0617296
vn -0.459305 0.888278 0
v -0.193152 0.0281647 0.0685854
vn -0.459305 0.888278 0
v -0.193152 0.0281647 0.0754423
vn -0.459305 0.888278 0
v -0.184845 0.0324605 0.0685854
vn -0.459304 0.888279 0
v -0.176537 0.0367563 0.0617296
vn -0.45926 0.888302 0
v -0.184845 0.0324605 0.0617296
vn -0.459304 0.888279 0
v -0.193152 0.0281647 0.0822981
vn -0.459305 0.888278 0
v -0.193152 0.0281647 0.0891549
vn -0.459305 0.888278 0
v -0.184845 0.0324605 0.0822981
vn -0.459304 0.888279 0
v -0.193152 0.0281647 0.0960107
vn -0.459305 0.888278 0
v -0.193152 0.0281647 0.102868
vn -0.459305 0.888278 0
v -0.184845 0.0324605 0.0960107
vn -0.459304 0.888279 0
v -0.176537 0.0367563 0.0891549
vn -0.45926 0.888302 0
v -0.184845 0.0324605 0.0891549
vn -0.459304 0.888279 0
v -0.168229 0.0410511 0.0822981
vn -0.459261 0.888301 0
v -0.176537 0.0367563 0.0822981
vn -0.45926 0.888302 0
v -0.159921 0.0453469 0.0754423
vn -0.459305 0.888278 0
v -0.168229 0.0410511 0.0754423
vn -0.459261 0.888301 0
v -0.151613 0.0496426 0.0685854
vn -0.459305 0.888279 0
v -0.159921 0.0453469 0.0685854
vn -0.459305 0.888278 0
v -0.168229 0.0410511 0.0685854
vn -0.459261 0.888301 0
v -0.143305 0.0539384 0.0617296
vn -0.459304 0.888279 0
v -0.151613 0.0496426 0.0617296
vn -0.459305 0.888279 0
v -0.159921 0.0453469 0.0617296
vn -0.459305 0.888278 0
v -0.168229 0.0410511 0.0617296
vn -0.459261 0.888301 0
v -0.184845 0.0324605 0.0754423
vn -0.459304 0.888279 0
v -0.176537 0.0367563 0.0754423
vn -0.45926 0.888302 0
v -0.176537 0.0367563 0.0685854
vn -0.45926 0.888302 0
v -0.134998 0.0582342 0.0617296
vn -0.173643 0.984809 0
v -0.143305 0.0539384 0.0685854
vn -0.459304 0.888279 0
v -0.134998 0.0582342 0.0685854
vn -0.173643 0.984809 0
v -0.151613 0.0496426 0.0754423
vn -0.459305 0.888279 0
v -0.159921 0.0453469 0.0822981
vn -0.459305 0.888278 0
v -0.151613 0.0496426 0.0822981
vn -0.459305 0.888279 0
v -0.143305 0.0539384 0.0822981
vn -0.459304 0.888279 0
v -0.143305 0.0539384 0.0754423
vn -0.459304 0.888279 0
v -0.134998 0.0582342 0.0822981
vn -0.173643 0.984809 0
v -0.134998 0.0582342 0.0754423
vn -0.173643 0.984809 0
v -0.168229 0.0410511 0.0891549
vn -0.459261 0.888301 0
v -0.176537 0.0367563 0.0960107
vn -0.45926 0.888302 0
v -0.168229 0.0410511 0.0960107
vn -0.459261 0.888301 0
v -0.184845 0.0324605 0.102868
vn -0.459304 0.888279 0
v -0.193152 0.0281647 0.109723
vn -0.459313 0.888275 0
v -0.184845 0.0324605 0.109723
vn -0.459297 0.888283 0
v -0.176537 0.0367563 0.109723
vn -0.459253 0.888305 0
v -0.176537 0.0367563 0.102868
vn -0.45926 0.888302 0
v -0.168229 0.0410511 0.109723
vn -0.459269 0.888297 0
v -0.168229 0.0410511 0.102868
vn -0.459261 0.888301 0
v -0.159921 0.0453469 0.109723
vn -0.459313 0.888275 0
v -0.159921 0.0453469 0.102868
vn -0.459305 0.888278 0
v -0.151613 0.0496426 0.109723
vn -0.459297 0.888283 0
v -0.151613 0.0496426 0.102868
vn -0.459305 0.888279 0
v -0.151613 0.0496426 0.0960107
vn -0.459305 0.888279 0
v -0.143305 0.0539384 0.109723
vn -0.459312 0.888275 0
v -0.143305 0.0539384 0.102868
vn -0.459304 0.888279 0
v -0.134998 0.0582342 0.109723
vn -0.173643 0.984809 0
v -0.134998 0.0582342 0.102868
vn -0.173643 0.984809 0
v -0.134998 0.0582342 0.0960107
vn -0.173643 0.984809 0
v -0.134998 0.0582342 0.0891549
vn -0.173643 0.984809 0
v -0.143305 0.0539384 0.0960107
vn -0.459304 0.888279 0
v -0.143305 0.0539384 0.0891549
vn -0.459304 0.888279 0
v -0.159921 0.0453469 0.0891549
vn -0.459305 0.888278 0
v -0.159921 0.0453469 0.0960107
vn -0.459305 0.888278 0
v -0.151613 0.0496426 0.0891549
vn -0.459305 0.888279 0
v -0.114942 0.0589395 0.0617296
vn -0.0351686 0.999381 0
v -0.114942 0.0589395 0.0685854
vn -0.0351686 0.999381 0
v -0.094885 0.0596458 0.0685854
vn -0.0351686 0.999381 0
v -0.114942 0.0589395 0.0754423
vn -0.0351686 0.999381 0
v -0.114942 0.0589395 0.0822981
vn -0.0351686 0.999381 0
v -0.094885 0.0596458 0.0822981
vn -0.0351686 0.999381 0
v -0.0748292 0.0603511 0.0822981
vn -0.0351686 0.999381 0
v -0.094885 0.0596458 0.0754423
vn -0.0351686 0.999381 0
v -0.0547723 0.0610574 0.0822981
vn -0.0351686 0.999381 0
v -0.0748292 0.0603511 0.0754423
vn -0.0351686 0.999381 0
v -0.114942 0.0589395 0.0891549
vn -0.0351686 0.999381 0
v -0.114942 0.0589395 0.0960107
vn -0.0351686 0.999381 0
v -0.094885 0.0596458 0.0960107
vn -0.0351686 0.999381 0
v -0.114942 0.0589395 0.102868
vn -0.0351686 0.999381 0
v -0.114942 0.0589395 0.109723
vn -0.0351602 0.999382 0
v -0.094885 0.0596458 0.109723
vn -0.035177 0.999381 0
v -0.0748292 0.0603511 0.109723
vn -0.0351602 0.999382 0
v -0.094885 0.0596458 0.102868
vn -0.0351686 0.999381 0
v -0.0547723 0.0610574 0.109723
vn -0.035177 0.999381 0
v -0.0748292 0.0603511 0.102868
vn -0.0351686 0.999381 0
v -0.0347165 0.0617626 0.109723
vn -0.0351608 0.999382 0
v -0.0547723 0.0610574 0.102868
vn -0.0351686 0.999381 0
v -0.0146607 0.0624689 0.109723
vn -0.0351776 0.999381 0
v -0.0347165 0.0617626 0.102868
vn -0.0351695 0.999381 0
v -0.0547723 0.0610574 0.0960107
vn -0.0351686 0.999381 0
v 0.00539609 0.0631742 0.109723
vn -0.0351596 0.999382 0
v -0.0146607 0.0624689 0.102868
vn -0.0351686 0.999381 0
v 0.0254519 0.0638805 0.109723
vn -0.197355 0.980332 0
v 0.00539609 0.0631742 0.102868
vn -0.0351686 0.999381 0
v -0.0146607 0.0624689 0.0960107
vn -0.0351686 0.999381 0
v -0.0347165 0.0617626 0.0891549
vn -0.0351695 0.999381 0
v -0.0347165 0.0617626 0.0960107
vn -0.0351695 0.999381 0
v -0.0547723 0.0610574 0.0891549
vn -0.0351686 0.999381 0
v -0.094885 0.0596458 0.0891549
vn -0.0351686 0.999381 0
v -0.0748292 0.0603511 0.0960107
vn -0.0351686 0.999381 0
v -0.0748292 0.0603511 0.0891549
vn -0.0351686 0.999381 0
v 0.0254519 0.0638805 0.102868
vn -0.210393 0.977617 0
v 0.0254519 0.0638805 0.0960107
vn -0.210393 0.977617 0
v 0.00539609 0.0631742 0.0960107
vn -0.0351686 0.999381 0
v 0.0254519 0.0638805 0.0891549
vn -0.210393 0.977617 0
v 0.00539609 0.0631742 0.0891549
vn -0.0351686 0.999381 0
v 0.0254519 0.0638805 0.0822981
vn -0.210393 0.977617 0
v 0.00539609 0.0631742 0.0822981
vn -0.0351686 0.999381 0
v -0.0146607 0.0624689 0.0822981
vn -0.0351686 0.999381 0
v -0.0347165 0.0617626 0.0822981
vn -0.0351695 0.999381 0
v -0.0146607 0.0624689 0.0891549
vn -0.0351686 0.999381 0
v 0.0254519 0.0638805 0.0754423
vn -0.210393 0.977617 0
v 0.00539609 0.0631742 0.0754423
vn -0.0351686 0.999381 0
v 0.0254519 0.0638805 0.0685854
vn -0.210393 0.977617 0
v 0.00539609 0.0631742 0.0685854
vn -0.0351686 0.999381 0
v -0.0146607 0.0624689 0.0685854
vn -0.0351686 0.999381 0
v 0.0254519 0.0638805 0.0617296
vn -0.210393 0.977617 0
v 0.00539609 0.0631742 0.0617296
vn -0.0351686 0.999381 0
v -0.0146607 0.0624689 0.0617296
vn -0.0351686 0.999381 0
v -0.0347165 0.0617626 0.0617296
vn -0.0351695 0.999381 0
v -0.0547723 0.0610574 0.0617296
vn -0.0351686 0.999381 0
v -0.0748292 0.0603511 0.0617296
vn -0.0351686 0.999381 0
v -0.0547723 0.0610574 0.0685854
vn -0.0351686 0.999381 0
v -0.094885 0.0596458 0.0617296
vn -0.0351686 0.999381 0
v -0.0748292 0.0603511 0.0685854
vn -0.0351686 0.999381 0
v -0.0547723 0.0610574 0.0754423
vn -0.0351686 0.999381 0
v -0.0146607 0.0624689 0.0754423
vn -0.0351686 0.999381 0
v -0.0347165 0.0617626 0.0685854
vn -0.0351695 0.999381 0
v -0.0347165 0.0617626 0.0754423
vn -0.0351695 0.999381 0
v 0.377887 0.130252 0.18688
vn 0.0447125 0.87756 0.477377
v -0.282666 -0.0538879 0.115931
vn -0.69162 0.722261 0
v -0.282666 -0.0538879 0.122137
vn -0.69162 0.722261 0
v -0.272515 -0.0441679 0.115931
vn -0.691599 0.722282 0
v -0.282666 -0.0538879 0.128343
vn -0.69162 0.722261 0
v -0.272515 -0.0441679 0.122137
vn -0.691599 0.722282 0
v -0.282666 -0.0538879 0.134551
vn -0.69162 0.722261 0
v -0.272515 -0.0441679 0.128343
vn -0.691599 0.722282 0
v -0.262365 -0.0344489 0.122137
vn -0.691599 0.722282 0
v -0.252214 -0.0247289 0.115931
vn -0.6916 0.72228 0
v -0.262365 -0.0344489 0.115931
vn -0.691599 0.722282 0
v -0.282666 -0.0538879 0.140757
vn -0.69162 0.722261 0
v -0.272515 -0.0441679 0.134551
vn -0.691599 0.722282 0
v -0.282666 -0.0538879 0.146964
vn -0.69162 0.722261 0
v -0.272515 -0.0441679 0.140757
vn -0.691599 0.722282 0
v -0.262365 -0.0344489 0.134551
vn -0.691599 0.722282 0
v -0.282666 -0.0538879 0.153171
vn -0.69162 0.722261 0
v -0.272515 -0.0441679 0.146964
vn -0.691599 0.722282 0
v -0.282666 -0.0538879 0.159378
vn -0.69162 0.722261 0
v -0.272515 -0.0441679 0.153171
vn -0.691598 0.722282 0
v -0.262365 -0.0344489 0.146964
vn -0.691599 0.722282 0
v -0.252214 -0.0247289 0.140757
vn -0.6916 0.722281 0
v -0.262365 -0.0344489 0.140757
vn -0.691599 0.722282 0
v -0.242063 -0.01501 0.134551
vn -0.691601 0.72228 0
v -0.252214 -0.0247289 0.134551
vn -0.6916 0.72228 0
v -0.231913 -0.00528999 0.128343
vn -0.691618 0.722263 0
v -0.242063 -0.01501 0.128343
vn -0.691601 0.72228 0
v -0.221762 0.00443001 0.122137
vn -0.691598 0.722282 0
v -0.231913 -0.00528999 0.122137
vn -0.691618 0.722263 0
v -0.242063 -0.01501 0.122137
vn -0.691601 0.72228 0
v -0.211611 0.014149 0.115931
vn -0.691601 0.72228 0
v -0.221762 0.00443001 0.115931
vn -0.691599 0.722282 0
v -0.231913 -0.00528999 0.115931
vn -0.691618 0.722263 0
v -0.242063 -0.01501 0.115931
vn -0.691601 0.72228 0
v -0.262365 -0.0344489 0.128343
vn -0.691599 0.722282 0
v -0.252214 -0.0247289 0.128343
vn -0.6916 0.72228 0
v -0.252214 -0.0247289 0.122137
vn -0.6916 0.72228 0
v -0.201461 0.0238689 0.116579
vn -0.604723 0.796436 0
v -0.211611 0.014149 0.122786
vn -0.6916 0.72228 0
v -0.201461 0.0238689 0.123436
vn -0.604725 0.796434 0
v -0.221762 0.00443001 0.128993
vn -0.691599 0.722282 0
v -0.231913 -0.00528999 0.1352
vn -0.691618 0.722263 0
v -0.221762 0.00443001 0.13585
vn -0.691599 0.722282 0
v -0.211611 0.014149 0.136499
vn -0.6916 0.72228 0
v -0.211611 0.014149 0.129642
vn -0.6916 0.72228 0
v -0.201461 0.0238689 0.137149
vn -0.604725 0.796434 0
v -0.201461 0.0238689 0.130292
vn -0.604725 0.796434 0
v -0.242063 -0.01501 0.141406
vn -0.691601 0.72228 0
v -0.252214 -0.0247289 0.147614
vn -0.6916 0.72228 0
v -0.242063 -0.01501 0.148263
vn -0.691601 0.72228 0
v -0.262365 -0.0344489 0.15382
vn -0.691599 0.722282 0
v -0.272515 -0.0441679 0.160028
vn -0.691592 0.722289 0
v -0.262365 -0.0344489 0.160677
vn -0.691606 0.722275 0
v -0.252214 -0.0247289 0.161326
vn -0.691594 0.722287 0
v -0.252214 -0.0247289 0.15447
vn -0.6916 0.72228 0
v -0.242063 -0.01501 0.161975
vn -0.691607 0.722274 0
v -0.242063 -0.01501 0.155119
vn -0.691601 0.72228 0
v -0.231913 -0.00528999 0.162624
vn -0.691618 0.722264 0
v -0.231913 -0.00528999 0.155769
vn -0.691618 0.722263 0
v -0.221762 0.00443001 0.163274
vn -0.691593 0.722288 0
v -0.221762 0.00443001 0.156418
vn -0.691599 0.722282 0
v -0.221762 0.00443001 0.149562
vn -0.691599 0.722282 0
v -0.211611 0.014149 0.163923
vn -0.691607 0.722274 0
v -0.211611 0.014149 0.157068
vn -0.6916 0.72228 0
v -0.201461 0.0238689 0.164573
vn -0.604725 0.796434 0
v -0.201461 0.0238689 0.157717
vn -0.604725 0.796434 0
v -0.201461 0.0238689 0.15086
vn -0.604725 0.796434 0
v -0.201461 0.0238689 0.144004
vn -0.604725 0.796434 0
v -0.211611 0.014149 0.150211
vn -0.6916 0.72228 0
v -0.211611 0.014149 0.143355
vn -0.6916 0.72228 0
v -0.231913 -0.00528999 0.142056
vn -0.691618 0.722263 0
v -0.231913 -0.00528999 0.148913
vn -0.691618 0.722263 0
v -0.221762 0.00443001 0.142705
vn -0.691599 0.722282 0
v -0.193152 0.0281647 0.116579
vn -0.459305 0.888278 0
v -0.193152 0.0281647 0.123436
vn -0.459305 0.888278 0
v -0.184845 0.0324605 0.123436
vn -0.459304 0.888279 0
v -0.193152 0.0281647 0.130292
vn -0.459305 0.888278 0
v -0.193152 0.0281647 0.137149
vn -0.459305 0.888278 0
v -0.184845 0.0324605 0.137149
vn -0.459304 0.888279 0
v -0.176537 0.0367563 0.137149
vn -0.45926 0.888302 0
v -0.184845 0.0324605 0.130292
vn -0.459304 0.888279 0
v -0.168229 0.0410511 0.137149
vn -0.459261 0.888301 0
v -0.176537 0.0367563 0.130292
vn -0.45926 0.888302 0
v -0.193152 0.0281647 0.144004
vn -0.459305 0.888278 0
v -0.193152 0.0281647 0.15086
vn -0.459305 0.888278 0
v -0.184845 0.0324605 0.15086
vn -0.459304 0.888279 0
v -0.193152 0.0281647 0.157717
vn -0.459305 0.888278 0
v -0.193152 0.0281647 0.164573
vn -0.459298 0.888282 0
v -0.184845 0.0324605 0.164573
vn -0.459312 0.888275 0
v -0.176537 0.0367563 0.164573
vn -0.459267 0.888298 0
v -0.184845 0.0324605 0.157717
vn -0.459304 0.888279 0
v -0.168229 0.0410511 0.164573
vn -0.459254 0.888305 0
v -0.176537 0.0367563 0.157717
vn -0.45926 0.888302 0
v -0.159921 0.0453469 0.164573
vn -0.459298 0.888282 0
v -0.168229 0.0410511 0.157717
vn -0.459261 0.888301 0
v -0.151613 0.0496426 0.164573
vn -0.459312 0.888275 0
v -0.159921 0.0453469 0.157717
vn -0.459305 0.888278 0
v -0.168229 0.0410511 0.15086
vn -0.459261 0.888301 0
v -0.143305 0.0539384 0.164573
vn -0.459297 0.888283 0
v -0.151613 0.0496426 0.157717
vn -0.459305 0.888279 0
v -0.134998 0.0582342 0.164573
vn -0.178848 0.983877 0
v -0.143305 0.0539384 0.157717
vn -0.459304 0.888279 0
v -0.151613 0.0496426 0.15086
vn -0.459305 0.888279 0
v -0.159921 0.0453469 0.144004
vn -0.459305 0.888278 0
v -0.159921 0.0453469 0.15086
vn -0.459305 0.888278 0
v -0.168229 0.0410511 0.144004
vn -0.459261 0.888301 0
v -0.184845 0.0324605 0.144004
vn -0.459304 0.888279 0
v -0.176537 0.0367563 0.15086
vn -0.45926 0.888302 0
v -0.176537 0.0367563 0.144004
vn -0.45926 0.888302 0
v -0.134998 0.0582342 0.157717
vn -0.173643 0.984809 0
v -0.134998 0.0582342 0.15086
vn -0.173643 0.984809 0
v -0.143305 0.0539384 0.15086
vn -0.459304 0.888279 0
v -0.134998 0.0582342 0.144004
vn -0.173643 0.984809 0
v -0.143305 0.0539384 0.144004
vn -0.459304 0.888279 0
v -0.134998 0.0582342 0.137149
vn -0.173643 0.984809 0
v -0.143305 0.0539384 0.137149
vn -0.459304 0.888279 0
v -0.151613 0.0496426 0.137149
vn -0.459305 0.888279 0
v -0.159921 0.0453469 0.137149
vn -0.459305 0.888278 0
v -0.151613 0.0496426 0.144004
vn -0.459305 0.888279 0
v -0.134998 0.0582342 0.130292
vn -0.173643 0.984809 0
v -0.143305 0.0539384 0.130292
vn -0.459304 0.888279 0
v -0.134998 0.0582342 0.123436
vn -0.173643 0.984809 0
v -0.143305 0.0539384 0.123436
vn -0.459304 0.888279 0
v -0.151613 0.0496426 0.123436
vn -0.459305 0.888279 0
v -0.134998 0.0582342 0.116579
vn -0.173643 0.984809 0
v -0.143305 0.0539384 0.116579
vn -0.459304 0.888279 0
v -0.151613 0.0496426 0.116579
vn -0.459305 0.888279 0
v -0.159921 0.0453469 0.116579
vn -0.459305 0.888278 0
v -0.168229 0.0410511 0.116579
vn -0.459261 0.888301 0
v -0.176537 0.0367563 0.116579
vn -0.45926 0.888302 0
v -0.168229 0.0410511 0.123436
vn -0.459261 0.888301 0
v -0.184845 0.0324605 0.116579
vn -0.459304 0.888279 0
v -0.176537 0.0367563 0.123436
vn -0.45926 0.888302 0
v -0.168229 0.0410511 0.130292
vn -0.459261 0.888301 0
v -0.151613 0.0496426 0.130292
vn -0.459305 0.888279 0
v -0.159921 0.0453469 0.123436
vn -0.459305 0.888278 0
v -0.159921 0.0453469 0.130292
vn -0.459305 0.888278 0
v -0.114942 0.0589395 0.116579
vn -0.0351686 0.999381 0
v -0.114942 0.0589395 0.123436
vn -0.0351686 0.999381 0
v -0.114942 0.0589395 0.130292
vn -0.0351686 0.999381 0
v -0.094885 0.0596458 0.123436
vn -0.0351686 0.999381 0
v -0.0748292 0.0603511 0.116579
vn -0.0351686 0.999381 0
v -0.094885 0.0596458 0.116579
vn -0.0351686 0.999381 0
v -0.114942 0.0589395 0.137149
vn -0.0351686 0.999381 0
v -0.114942 0.0589395 0.144004
vn -0.0351686 0.999381 0
v -0.094885 0.0596458 0.137149
vn -0.0351686 0.999381 0
v -0.114942 0.0589395 0.15086
vn -0.0351686 0.999381 0
v -0.114942 0.0589395 0.157717
vn -0.0351686 0.999381 0
v -0.094885 0.0596458 0.15086
vn -0.0351686 0.999381 0
v -0.0748292 0.0603511 0.144004
vn -0.0351686 0.999381 0
v -0.094885 0.0596458 0.144004
vn -0.0351686 0.999381 0
v -0.0547723 0.0610574 0.137149
vn -0.0351686 0.999381 0
v -0.0748292 0.0603511 0.137149
vn -0.0351686 0.999381 0
v -0.0347165 0.0617626 0.130292
vn -0.0351695 0.999381 0
v -0.0547723 0.0610574 0.130292
vn -0.0351686 0.999381 0
v -0.0146607 0.0624689 0.123436
vn -0.0351686 0.999381 0
v -0.0347165 0.0617626 0.123436
vn -0.0351695 0.999381 0
v -0.0547723 0.0610574 0.123436
vn -0.0351686 0.999381 0
v 0.00539609 0.0631742 0.116579
vn -0.0351686 0.999381 0
v -0.0146607 0.0624689 0.116579
vn -0.0351686 0.999381 0
v -0.0347165 0.0617626 0.116579
vn -0.0351695 0.999381 0
v -0.0547723 0.0610574 0.116579
vn -0.0351686 0.999381 0
v -0.094885 0.0596458 0.130292
vn -0.0351686 0.999381 0
v -0.0748292 0.0603511 0.130292
vn -0.0351686 0.999381 0
v -0.0748292 0.0603511 0.123436
vn -0.0351686 0.999381 0
v 0.0254519 0.0638805 0.116579
vn -0.210389 0.977618 0
v 0.00539609 0.0631742 0.123436
vn -0.0351686 0.999381 0
v 0.0254519 0.0638805 0.123436
vn -0.210393 0.977617 0
v -0.0146607 0.0624689 0.130292
vn -0.0351686 0.999381 0
v -0.0347165 0.0617626 0.137149
vn -0.0351695 0.999381 0
v -0.0146607 0.0624689 0.137149
vn -0.0351686 0.999381 0
v 0.00539609 0.0631742 0.137149
vn -0.0351686 0.999381 0
v 0.00539609 0.0631742 0.130292
vn -0.0351686 0.999381 0
v 0.0254519 0.0638805 0.137149
vn -0.210393 0.977617 0
v 0.0254519 0.0638805 0.130292
vn -0.210393 0.977617 0
v -0.0547723 0.0610574 0.144004
vn -0.0351686 0.999381 0
v -0.0748292 0.0603511 0.15086
vn -0.0351686 0.999381 0
v -0.0547723 0.0610574 0.15086
vn -0.0351686 0.999381 0
v -0.094885 0.0596458 0.157717
vn -0.0351686 0.999381 0
v -0.114942 0.0589395 0.164573
vn -0.0351693 0.999381 -3.99441e-06
v -0.094885 0.0596458 0.164573
vn -0.0351602 0.999382 0
v -0.0748292 0.0603511 0.164573
vn -0.035177 0.999381 0
v -0.0748292 0.0603511 0.157717
vn -0.0351686 0.999381 0
v -0.0547723 0.0610574 0.164573
vn -0.0351602 0.999382 0
v -0.0547723 0.0610574 0.157717
vn -0.0351686 0.999381 0
v -0.0347165 0.0617626 0.164573
vn -0.0351783 0.999381 0
v -0.0347165 0.0617626 0.157717
vn -0.0351695 0.999381 0
v -0.0146607 0.0624689 0.164573
vn -0.0351596 0.999382 0
v -0.0146607 0.0624689 0.157717
vn -0.0351686 0.999381 0
v -0.0146607 0.0624689 0.15086
vn -0.0351686 0.999381 0
v 0.00539609 0.0631742 0.164573
vn -0.0351776 0.999381 0
v 0.00539609 0.0631742 0.157717
vn -0.0351686 0.999381 0
v 0.0254519 0.0638805 0.164573
vn -0.210393 0.977617 0
v 0.0254519 0.0638805 0.157717
vn -0.210393 0.977617 0
v 0.0254519 0.0638805 0.15086
vn -0.210393 0.977617 0
v 0.0254519 0.0638805 0.144004
vn -0.210393 0.977617 0
v 0.00539609 0.0631742 0.15086
vn -0.0351686 0.999381 0
v 0.00539609 0.0631742 0.144004
vn -0.0351686 0.999381 0
v -0.0347165 0.0617626 0.144004
vn -0.0351695 0.999381 0
v -0.0347165 0.0617626 0.15086
vn -0.0351695 0.999381 0
v -0.0146607 0.0624689 0.144004
vn -0.0351686 0.999381 0
v -0.282666 -0.0538879 0.165585
vn -0.69162 0.722261 0
v -0.272515 -0.0441679 0.166883
vn -0.691598 0.722282 0
v -0.282666 -0.0538879 0.171792
vn -0.69162 0.722261 0
v -0.272515 -0.0441679 0.173091
vn -0.691599 0.722282 0
v -0.262365 -0.0344489 0.17439
vn -0.691599 0.722282 0
v -0.282666 -0.0538879 0.177999
vn -0.69162 0.722261 0
v -0.272515 -0.0441679 0.179298
vn -0.691599 0.722282 0
v -0.282666 -0.0538879 0.184205
vn -0.69162 0.722261 0
v -0.272515 -0.0441679 0.185504
vn -0.691599 0.722282 0
v -0.262365 -0.0344489 0.186803
vn -0.691599 0.722282 0
v -0.252214 -0.0247289 0.188102
vn -0.6916 0.72228 0
v -0.262365 -0.0344489 0.180596
vn -0.691599 0.722282 0
v -0.242063 -0.01501 0.1894
vn -0.691601 0.72228 0
v -0.252214 -0.0247289 0.181895
vn -0.6916 0.722281 0
v -0.282666 -0.0538879 0.190413
vn -0.69162 0.722261 0
v -0.272515 -0.0441679 0.191712
vn -0.691599 0.722282 0
v -0.282666 -0.0538879 0.19662
vn -0.69162 0.722261 0
v -0.272515 -0.0441679 0.197919
vn -0.691599 0.722282 0
v -0.262365 -0.0344489 0.199217
vn -0.691599 0.722282 0
v -0.282666 -0.0538879 0.202826
vn -0.69162 0.722261 0
v -0.272515 -0.0441679 0.204125
vn -0.691599 0.722282 0
v -0.282666 -0.0538879 0.209034
vn -0.69162 0.722261 0
v -0.272515 -0.0441679 0.210333
vn -0.691606 0.722275 0
v -0.262365 -0.0344489 0.211632
vn -0.691592 0.722289 0
v -0.252214 -0.0247289 0.21293
vn -0.691607 0.722274 0
v -0.262365 -0.0344489 0.205424
vn -0.691599 0.722282 0
v -0.242063 -0.01501 0.214229
vn -0.691594 0.722286 0
v -0.252214 -0.0247289 0.206723
vn -0.6916 0.72228 0
v -0.231913 -0.00528999 0.215528
vn -0.691619 0.722262 0
v -0.242063 -0.01501 0.208021
vn -0.691601 0.72228 0
v -0.221762 0.00443001 0.216826
vn -0.691604 0.722277 0
v -0.231913 -0.00528999 0.20932
vn -0.691618 0.722263 0
v -0.242063 -0.01501 0.201815
vn -0.691601 0.72228 0
v -0.211611 0.014149 0.218124
vn -0.691594 0.722286 0
v -0.221762 0.00443001 0.210619
vn -0.691599 0.722282 0
v -0.201461 0.0238689 0.219423
vn -0.602039 0.798467 0
v -0.211611 0.014149 0.211918
vn -0.691601 0.72228 0
v -0.221762 0.00443001 0.204412
vn -0.691598 0.722282 0
v -0.231913 -0.00528999 0.196906
vn -0.691618 0.722263 0
v -0.231913 -0.00528999 0.203113
vn -0.691618 0.722263 0
v -0.242063 -0.01501 0.195608
vn -0.691601 0.72228 0
v -0.262365 -0.0344489 0.193011
vn -0.691599 0.722282 0
v -0.252214 -0.0247289 0.200516
vn -0.6916 0.72228 0
v -0.252214 -0.0247289 0.194309
vn -0.6916 0.72228 0
v -0.201461 0.0238689 0.212568
vn -0.604725 0.796434 0
v -0.201461 0.0238689 0.205711
vn -0.604725 0.796434 0
v -0.211611 0.014149 0.205061
vn -0.6916 0.72228 0
v -0.201461 0.0238689 0.198855
vn -0.604725 0.796434 0
v -0.211611 0.014149 0.198205
vn -0.6916 0.72228 0
v -0.201461 0.0238689 0.191998
vn -0.604725 0.796434 0
v -0.211611 0.014149 0.191349
vn -0.6916 0.72228 0
v -0.221762 0.00443001 0.190699
vn -0.691599 0.722282 0
v -0.231913 -0.00528999 0.19005
vn -0.691618 0.722263 0
v -0.221762 0.00443001 0.197556
vn -0.691599 0.722282 0
v -0.201461 0.0238689 0.185142
vn -0.604725 0.796434 0
v -0.211611 0.014149 0.184493
vn -0.6916 0.72228 0
v -0.201461 0.0238689 0.178285
vn -0.604725 0.796434 0
v -0.211611 0.014149 0.177636
vn -0.6916 0.72228 0
v -0.221762 0.00443001 0.176986
vn -0.691599 0.722282 0
v -0.201461 0.0238689 0.17143
vn -0.604725 0.796434 0
v -0.211611 0.014149 0.17078
vn -0.6916 0.72228 0
v -0.221762 0.00443001 0.170131
vn -0.691599 0.722282 0
v -0.231913 -0.00528999 0.169481
vn -0.691618 0.722263 0
v -0.242063 -0.01501 0.168832
vn -0.691601 0.72228 0
v -0.252214 -0.0247289 0.168182
vn -0.6916 0.72228 0
v -0.242063 -0.01501 0.175688
vn -0.691601 0.72228 0
v -0.262365 -0.0344489 0.167533
vn -0.691599 0.722282 0
v -0.252214 -0.0247289 0.175039
vn -0.6916 0.72228 0
v -0.242063 -0.01501 0.182544
vn -0.691601 0.72228 0
v -0.221762 0.00443001 0.183843
vn -0.691599 0.722282 0
v -0.231913 -0.00528999 0.176337
vn -0.691618 0.722263 0
v -0.231913 -0.00528999 0.183194
vn -0.691618 0.722263 0
v -0.193152 0.0281647 0.17143
vn -0.459305 0.888278 0
v -0.193152 0.0281647 0.178285
vn -0.459305 0.888278 0
v -0.193152 0.0281647 0.185142
vn -0.459305 0.888278 0
v -0.184845 0.0324605 0.178285
vn -0.459304 0.888279 0
v -0.176537 0.0367563 0.17143
vn -0.45926 0.888302 0
v -0.184845 0.0324605 0.17143
vn -0.459304 0.888279 0
v -0.193152 0.0281647 0.191998
vn -0.459305 0.888278 0
v -0.193152 0.0281647 0.198855
vn -0.459305 0.888278 0
v -0.184845 0.0324605 0.191998
vn -0.459304 0.888279 0
v -0.193152 0.0281647 0.205711
vn -0.459305 0.888278 0
v -0.193152 0.0281647 0.212568
vn -0.459305 0.888278 0
v -0.184845 0.0324605 0.205711
vn -0.459304 0.888279 0
v -0.176537 0.0367563 0.198855
vn -0.45926 0.888302 0
v -0.184845 0.0324605 0.198855
vn -0.459304 0.888279 0
v -0.168229 0.0410511 0.191998
vn -0.459261 0.888301 0
v -0.176537 0.0367563 0.191998
vn -0.45926 0.888302 0
v -0.159921 0.0453469 0.185142
vn -0.459305 0.888278 0
v -0.168229 0.0410511 0.185142
vn -0.459261 0.888301 0
v -0.151613 0.0496426 0.178285
vn -0.459305 0.888279 0
v -0.159921 0.0453469 0.178285
vn -0.459305 0.888278 0
v -0.168229 0.0410511 0.178285
vn -0.459261 0.888301 0
v -0.143305 0.0539384 0.17143
vn -0.459321 0.888271 0
v -0.151613 0.0496426 0.17143
vn -0.459305 0.888279 0
v -0.159921 0.0453469 0.17143
vn -0.459305 0.888278 0
v -0.168229 0.0410511 0.17143
vn -0.459261 0.888301 0
v -0.184845 0.0324605 0.185142
vn -0.459304 0.888279 0
v -0.176537 0.0367563 0.185142
vn -0.45926 0.888302 0
v -0.176537 0.0367563 0.178285
vn -0.45926 0.888302 0
v -0.134998 0.0582342 0.274274
vn -0.106079 0.994 -0.0266714
v -0.143305 0.0539384 0.178285
vn -0.4593 0.888281 0
v -0.151613 0.0496426 0.185142
vn -0.459305 0.888279 0
v -0.159921 0.0453469 0.191998
vn -0.459305 0.888278 0
v -0.151613 0.0496426 0.191998
vn -0.459305 0.888279 0
v -0.143305 0.0539384 0.191998
vn -0.4593 0.888281 0
v -0.143305 0.0539384 0.185142
vn -0.4593 0.888281 0
v -0.168229 0.0410511 0.198855
vn -0.459261 0.888301 0
v -0.176537 0.0367563 0.205711
vn -0.45926 0.888302 0
v -0.168229 0.0410511 0.205711
vn -0.459261 0.888301 0
v -0.184845 0.0324605 0.212568
vn -0.459304 0.888279 0
v -0.193152 0.0281647 0.219423
vn -0.459313 0.888275 0
v -0.184845 0.0324605 0.219423
vn -0.459297 0.888283 0
v -0.176537 0.0367563 0.219423
vn -0.459253 0.888305 0
v -0.176537 0.0367563 0.212568
vn -0.45926 0.888302 0
v -0.168229 0.0410511 0.219423
vn -0.459269 0.888297 0
v -0.168229 0.0410511 0.212568
vn -0.459261 0.888301 0
v -0.159921 0.0453469 0.219423
vn -0.459313 0.888275 0
v -0.159921 0.0453469 0.212568
vn -0.459305 0.888278 0
v -0.151613 0.0496426 0.219423
vn -0.459312 0.888275 0
v -0.151613 0.0496426 0.212568
vn -0.459295 0.888284 -4.07938e-06
v -0.151613 0.0496426 0.205711
vn -0.459305 0.888279 0
v -0.143305 0.0539384 0.198855
vn -0.4593 0.888281 0
v -0.143305 0.0539384 0.205711
vn -0.459288 0.888287 -4.95344e-06
v -0.159921 0.0453469 0.198855
vn -0.459305 0.888278 0
v -0.159921 0.0453469 0.205711
vn -0.459305 0.888278 0
v -0.151613 0.0496426 0.198855
vn -0.459305 0.888279 0
v -0.094885 0.0596458 0.191998
vn -0.0351578 0.999382 0
v -0.0748292 0.0603511 0.191998
vn -0.0351686 0.999381 0
v -0.094885 0.0596458 0.185142
vn -0.0351578 0.999382 0
v -0.0547723 0.0610574 0.191998
vn -0.0351686 0.999381 0
v -0.0748292 0.0603511 0.185142
vn -0.0351686 0.999381 0
v -0.094885 0.0596458 0.178285
vn -0.0351578 0.999382 0
v -0.0748292 0.0603511 0.219423
vn -0.0351854 0.999381 -2.46122e-05
v -0.0547723 0.0610574 0.219423
vn -0.03517 0.999381 -8.4692e-09
v -0.0748292 0.0603511 0.212568
vn -0.0351714 0.999381 0
v -0.0347165 0.0617626 0.219423
vn -0.0351682 0.999381 -9.19729e-06
v -0.0547723 0.0610574 0.212568
vn -0.0351686 0.999381 0
v -0.0146607 0.0624689 0.219423
vn -0.03517 0.999381 5.84376e-07
v -0.0347165 0.0617626 0.212568
vn -0.0351695 0.999381 0
v -0.0547723 0.0610574 0.205711
vn -0.0351686 0.999381 0
v 0.00539609 0.0631742 0.219423
vn -0.0351672 0.999381 -7.75748e-06
v -0.0146607 0.0624689 0.212568
vn -0.0351686 0.999381 0
v 0.0254519 0.0638805 0.219423
vn -0.116532 0.876196 0.467655
v 0.00539609 0.0631742 0.212568
vn -0.0351686 0.999381 0
v -0.0146607 0.0624689 0.205711
vn -0.0351686 0.999381 0
v -0.0347165 0.0617626 0.198855
vn -0.0351695 0.999381 0
v -0.0347165 0.0617626 0.205711
vn -0.0351695 0.999381 0
v -0.0547723 0.0610574 0.198855
vn -0.0351686 0.999381 0
v -0.094885 0.0596458 0.198855
vn -0.0351493 0.999382 8.69392e-06
v -0.0748292 0.0603511 0.205711
vn -0.035156 0.999382 7.38974e-06
v -0.0748292 0.0603511 0.198855
vn -0.0351686 0.999381 0
v 0.0254519 0.0638805 0.212568
vn -0.311455 0.950261 -7.39586e-06
v 0.0254519 0.0638805 0.205711
vn -0.210393 0.977617 0
v 0.00539609 0.0631742 0.205711
vn -0.0351686 0.999381 0
v 0.0254519 0.0638805 0.198855
vn -0.210393 0.977617 0
v 0.00539609 0.0631742 0.198855
vn -0.0351686 0.999381 0
v 0.0254519 0.0638805 0.191998
vn -0.210393 0.977617 0
v 0.00539609 0.0631742 0.191998
vn -0.0351686 0.999381 0
v -0.0146607 0.0624689 0.191998
vn -0.0351686 0.999381 0
v -0.0347165 0.0617626 0.191998
vn -0.0351695 0.999381 0
v -0.0146607 0.0624689 0.198855
vn -0.0351686 0.999381 0
v 0.0254519 0.0638805 0.185142
vn -0.210393 0.977617 0
v 0.00539609 0.0631742 0.185142
vn -0.0351686 0.999381 0
v 0.0254519 0.0638805 0.178285
vn -0.210393 0.977617 0
v 0.00539609 0.0631742 0.178285
vn -0.0351686 0.999381 0
v -0.0146607 0.0624689 0.178285
vn -0.0351686 0.999381 0
v 0.0254519 0.0638805 0.17143
vn -0.210393 0.977617 0
v 0.00539609 0.0631742 0.17143
vn -0.0351686 0.999381 0
v -0.0146607 0.0624689 0.17143
vn -0.0351686 0.999381 0
v -0.0347165 0.0617626 0.17143
vn -0.0351695 0.999381 0
v -0.0547723 0.0610574 0.17143
vn -0.0351686 0.999381 0
v -0.0748292 0.0603511 0.17143
vn -0.0351686 0.999381 0
v -0.0547723 0.0610574 0.178285
vn -0.0351686 0.999381 0
v -0.094885 0.0596458 0.17143
vn -0.0351829 0.999381 -6.4257e-06
v -0.0748292 0.0603511 0.178285
vn -0.0351686 0.999381 0
v -0.0547723 0.0610574 0.185142
vn -0.0351686 0.999381 0
v -0.0146607 0.0624689 0.185142
vn -0.0351686 0.999381 0
v -0.0347165 0.0617626 0.178285
vn -0.0351695 0.999381 0
v -0.0347165 0.0617626 0.185142
vn -0.0351695 0.999381 0
v -0.282666 -0.0538879 0.215241
vn -0.69162 0.722261 0
v -0.282666 -0.0538879 0.221448
vn -0.69162 0.722261 0
v -0.272515 -0.0441679 0.216539
vn -0.691599 0.722282 0
v -0.282666 -0.0538879 0.227655
vn -0.69162 0.722261 0
v -0.272515 -0.0441679 0.222746
vn -0.691599 0.722282 0
v -0.282666 -0.0538879 0.233862
vn -0.69162 0.722261 0
v -0.272515 -0.0441679 0.228954
vn -0.691599 0.722282 0
v -0.262365 -0.0344489 0.224045
vn -0.691599 0.722282 0
v -0.252214 -0.0247289 0.219137
vn -0.6916 0.72228 0
v -0.262365 -0.0344489 0.217838
vn -0.691599 0.722282 0
v -0.282666 -0.0538879 0.240069
vn -0.69162 0.722261 0
v -0.272515 -0.0441679 0.23516
vn -0.691599 0.722282 0
v -0.282666 -0.0538879 0.246276
vn -0.69162 0.722261 0
v -0.272515 -0.0441679 0.241368
vn -0.691599 0.722282 0
v -0.262365 -0.0344489 0.236459
vn -0.691599 0.722282 0
v -0.282666 -0.0538879 0.252482
vn -0.69162 0.722261 0
v -0.272515 -0.0441679 0.247575
vn -0.691599 0.722282 0
v -0.282666 -0.0538879 0.25869
vn -0.720716 0.660726 -0.209785
v -0.272515 -0.0441679 0.253781
vn -0.691598 0.722282 0
v -0.262365 -0.0344489 0.248873
vn -0.691599 0.722282 0
v -0.252214 -0.0247289 0.243964
vn -0.6916 0.722281 0
v -0.262365 -0.0344489 0.242666
vn -0.691599 0.722282 0
v -0.242063 -0.01501 0.239057
vn -0.691601 0.72228 0
v -0.252214 -0.0247289 0.237758
vn -0.6916 0.72228 0
v -0.231913 -0.00528999 0.234149
vn -0.691618 0.722263 0
v -0.242063 -0.01501 0.23285
vn -0.691601 0.72228 0
v -0.221762 0.00443001 0.22924
vn -0.691598 0.722282 0
v -0.231913 -0.00528999 0.227941
vn -0.691618 0.722263 0
v -0.242063 -0.01501 0.226642
vn -0.691601 0.72228 0
v -0.211611 0.014149 0.224332
vn -0.691601 0.72228 0
v -0.221762 0.00443001 0.223033
vn -0.691599 0.722282 0
v -0.231913 -0.00528999 0.221734
vn -0.691618 0.722263 0
v -0.242063 -0.01501 0.220436
vn -0.691601 0.72228 0
v -0.262365 -0.0344489 0.230252
vn -0.691599 0.722282 0
v -0.252214 -0.0247289 0.231551
vn -0.6916 0.72228 0
v -0.252214 -0.0247289 0.225344
vn -0.6916 0.72228 0
v -0.201461 0.0238689 0.226279
vn -0.604723 0.796436 0
v -0.211611 0.014149 0.231188
vn -0.6916 0.72228 0
v -0.201461 0.0238689 0.233136
vn -0.604728 0.796432 0
v -0.221762 0.00443001 0.236096
vn -0.691599 0.722282 0
v -0.231913 -0.00528999 0.241004
vn -0.691618 0.722263 0
v -0.221762 0.00443001 0.242953
vn -0.691599 0.722282 0
v -0.211611 0.014149 0.2449
vn -0.6916 0.72228 0
v -0.211611 0.014149 0.238044
vn -0.6916 0.72228 0
v -0.201461 0.0238689 0.246849
vn -0.604728 0.796432 0
v -0.201461 0.0238689 0.239992
vn -0.604723 0.796436 0
v -0.242063 -0.01501 0.245913
vn -0.691601 0.72228 0
v -0.252214 -0.0247289 0.250821
vn -0.6916 0.72228 0
v -0.242063 -0.01501 0.252769
vn -0.691601 0.72228 0
v -0.262365 -0.0344489 0.25573
vn -0.691599 0.722282 0
v -0.272515 -0.0441679 0.260638
vn -0.600616 0.703436 -0.38005
v -0.262365 -0.0344489 0.262585
vn -0.600618 0.703427 -0.380063
v -0.252214 -0.0247289 0.264534
vn -0.600617 0.703434 -0.380053
v -0.252214 -0.0247289 0.257677
vn -0.6916 0.72228 0
v -0.242063 -0.01501 0.266481
vn -0.600612 0.703423 -0.38008
v -0.242063 -0.01501 0.259625
vn -0.691601 0.72228 0
v -0.231913 -0.00528999 0.26843
vn -0.600626 0.703423 -0.380059
v -0.231913 -0.00528999 0.261574
vn -0.691618 0.722263 0
v -0.221762 0.00443001 0.270378
vn -0.600616 0.703435 -0.380053
v -0.221762 0.00443001 0.263521
vn -0.691599 0.722282 0
v -0.221762 0.00443001 0.256665
vn -0.691599 0.722282 0
v -0.211611 0.014149 0.272325
vn -0.60062 0.703416 -0.380081
v -0.211611 0.014149 0.26547
vn -0.6916 0.72228 0
v -0.201461 0.0238689 0.274274
vn -0.455668 0.808358 -0.372724
v -0.201461 0.0238689 0.267417
vn -0.536179 0.844104 -9.11947e-06
v -0.201461 0.0238689 0.260561
vn -0.604728 0.796432 0
v -0.201461 0.0238689 0.253704
vn -0.604723 0.796436 0
v -0.211611 0.014149 0.258613
vn -0.6916 0.72228 0
v -0.211611 0.014149 0.251757
vn -0.6916 0.72228 0
v -0.231913 -0.00528999 0.247861
vn -0.691618 0.722263 0
v -0.231913 -0.00528999 0.254717
vn -0.691618 0.722263 0
v -0.221762 0.00443001 0.249809
vn -0.691599 0.722282 0
v -0.193152 0.0281647 0.226279
vn -0.459305 0.888278 0
v -0.193152 0.0281647 0.233136
vn -0.459305 0.888278 0
v -0.184845 0.0324605 0.233136
vn -0.459304 0.888279 0
v -0.193152 0.0281647 0.239992
vn -0.459305 0.888278 0
v -0.193152 0.0281647 0.246849
vn -0.459305 0.888278 0
v -0.184845 0.0324605 0.246849
vn -0.459302 0.88828 6.55441e-06
v -0.184845 0.0324605 0.239992
vn -0.459294 0.888284 -5.24318e-06
v -0.176537 0.0367563 0.239992
vn -0.459262 0.888301 -3.7189e-05
v -0.193152 0.0281647 0.253704
vn -0.459305 0.888278 0
v -0.193152 0.0281647 0.260561
vn -0.459305 0.888278 0
v -0.184845 0.0324605 0.260561
vn -0.459304 0.888279 0
v -0.193152 0.0281647 0.267417
vn -0.459301 0.888281 4.25187e-05
v -0.176537 0.0367563 0.267417
vn -0.459288 0.888287 -9.83178e-06
v -0.184845 0.0324605 0.267417
vn -0.459309 0.888277 5.30196e-05
v -0.184845 0.0324605 0.253704
vn -0.459304 0.888279 0
v -0.176537 0.0367563 0.260561
vn -0.459275 0.888294 -3.6801e-05
v -0.168229 0.0410511 0.260561
vn -0.459292 0.888285 -8.45322e-17
v -0.176537 0.0367563 0.253704
vn -0.459308 0.888277 6.90645e-05
v -0.151613 0.0496426 0.226279
vn -0.459314 0.888274 0
v -0.159921 0.0453469 0.226279
vn -0.459305 0.888278 0
v -0.151613 0.0496426 0.233136
vn -0.459314 0.888274 0
v -0.168229 0.0410511 0.226279
vn -0.459261 0.888301 0
v -0.176537 0.0367563 0.226279
vn -0.45926 0.888302 0
v -0.168229 0.0410511 0.233136
vn -0.459261 0.888301 0
v -0.184845 0.0324605 0.226279
vn -0.459304 0.888279 0
v -0.176537 0.0367563 0.233136
vn -0.45926 0.888302 0
v -0.168229 0.0410511 0.239992
vn -0.459259 0.888302 -4.14208e-05
v -0.151613 0.0496426 0.239992
vn -0.459314 0.888274 0
v -0.151613 0.0496426 0.246849
vn -0.459328 0.888267 1.42909e-05
v -0.159921 0.0453469 0.233136
vn -0.459305 0.888278 0
v -0.159921 0.0453469 0.239992
vn -0.459304 0.888279 -5.65496e-06
v 0.0254519 0.0638805 0.226279
vn 0.0147828 0.999891 3.33547e-05
v 0.00539609 0.0631742 0.233136
vn -0.035164 0.999382 2.94789e-05
v 0.0254519 0.0638805 0.233136
vn 0.0442429 0.999021 0
v -0.0146607 0.0624689 0.246849
vn -0.0351552 0.999382 4.00834e-05
v -0.0146607 0.0624689 0.239992
vn -0.0351781 0.999381 -5.34492e-05
v 0.00539609 0.0631742 0.246849
vn -0.0351711 0.999381 -1.33989e-05
v 0.00539609 0.0631742 0.239992
vn -0.0351686 0.999381 0
v 0.0254519 0.0638805 0.246849
vn 0.00791059 0.999969 -2.87784e-05
v 0.0254519 0.0638805 0.239992
vn 0.0442419 0.999021 0
v 0.0254519 0.0638805 0.274274
vn 0.0135823 0.996624 0.0809719
v 0.0254519 0.0638805 0.267417
vn 0.00271178 0.999996 0
v 0.0254519 0.0638805 0.260561
vn 0.00271178 0.999996 0
v 0.0254519 0.0638805 0.253704
vn 0.00271178 0.999996 0
v 0.114201 0.0575584 0.240791
vn -0.00537729 0.920751 0.390114
v 0.345057 0.0575584 0.240791
vn -0.0635701 0.886768 0.457822
v 0.358913 0.0609037 0.244976
vn -0.253879 0.964743 0.0693991
v 0.37277 0.0642489 0.249161
vn -0.259278 0.961608 0.0899163
v 0.386626 0.0675932 0.253346
vn -0.259281 0.961607 0.0899205
v 0.400482 0.0709384 0.257532
vn -0.259303 0.961606 0.0898646
v 0.414338 0.0742837 0.261718
vn -0.259302 0.961607 0.0898624
v 0.428195 0.0776289 0.265903
vn -0.259274 0.96161 0.0899044
v 0.442051 0.0809732 0.270089
vn -0.260312 0.960952 0.0938613
v 0.455908 0.0843184 0.274274
vn -0.136395 0.984386 0.111264
v 0.470309 0.0843184 0.274274
vn 0 0.984566 0.175012
v 0.48471 0.0843184 0.274274
vn 0 0.97852 0.20615
v 0.499111 0.0843184 0.274274
vn 0 0.957989 0.286804
v 0.513511 0.0843184 0.274274
vn 0 0.957989 0.286805
v 0.527912 0.0843184 0.274274
vn 0 0.957989 0.286805
v 0.542313 0.0843184 0.274274
vn 0 0.957989 0.286805
v 0.556714 0.0843184 0.274274
vn 0 0.976896 0.213717
v 0.571115 0.0843184 0.274274
vn 0.0506541 0.887769 0.457494
v 0.587423 0.0875816 0.27432
vn -0.00159726 -0.00637368 0.999978
v 0.603733 0.0908458 0.274368
vn -0.00159673 -0.00637155 0.999978
v 0.620041 0.094109 0.274414
vn -0.00157866 -0.00629946 0.999979
v 0.636351 0.0973721 0.27446
vn -0.00159673 -0.00637155 0.999978
v 0.652659 0.100636 0.274508
vn -0.00159729 -0.00637379 0.999978
v 0.668968 0.103899 0.274554
vn -0.00159107 -0.00634898 0.999979
v -0.282666 -0.0538879 0.264897
vn -0.908552 0.417773 0
v -0.27626 -0.0399574 0.267494
vn -0.716794 0.577017 -0.391482
v -0.282666 -0.0538879 0.271103
vn -0.908552 0.417773 0
v -0.27626 -0.0399574 0.273701
vn -0.908553 0.41777 0
v -0.269855 -0.0260268 0.276298
vn -0.716792 0.577009 -0.391497
v -0.282666 -0.0538879 0.277311
vn -0.908552 0.417773 0
v -0.27626 -0.0399574 0.279908
vn -0.908553 0.41777 0
v -0.282666 -0.0538879 0.283517
vn -0.908552 0.417773 0
v -0.27626 -0.0399574 0.286115
vn -0.908553 0.41777 0
v -0.269855 -0.0260268 0.288713
vn -0.908559 0.417757 0
v -0.263449 -0.0120953 0.29131
vn -0.908559 0.417757 0
v -0.269855 -0.0260268 0.282505
vn -0.908559 0.417757 0
v -0.257044 0.00183528 0.293908
vn -0.716777 0.577022 -0.391505
v -0.263449 -0.0120953 0.285102
vn -0.716777 0.577018 -0.391511
v -0.282666 -0.0538879 0.289724
vn -0.908552 0.417773 0
v -0.27626 -0.0399574 0.292322
vn -0.908553 0.41777 0
v -0.282666 -0.0538879 0.295932
vn -0.908552 0.417773 0
v -0.27626 -0.0399574 0.298529
vn -0.908553 0.41777 0
v -0.269855 -0.0260268 0.301126
vn -0.908559 0.417757 0
v -0.282666 -0.0538879 0.302138
vn -0.908552 0.417773 0
v -0.27626 -0.0399574 0.304736
vn -0.908553 0.41777 0
v -0.282666 -0.0538879 0.308345
vn -0.862141 0.323784 0.389713
v -0.27626 -0.0399574 0.310942
vn -0.862137 0.323767 0.389736
v -0.269855 -0.0260268 0.31354
vn -0.810661 0.276505 0.516114
v -0.263449 -0.0120953 0.316138
vn -0.813755 0.279119 0.5098
v -0.269855 -0.0260268 0.307333
vn -0.908559 0.417757 0
v -0.257044 0.00183528 0.318735
vn -0.882657 0.346688 0.317371
v -0.263449 -0.0120953 0.309931
vn -0.908559 0.417757 0
v -0.250638 0.0157658 0.321333
vn -0.88266 0.346681 0.31737
v -0.257044 0.00183528 0.312528
vn -0.908553 0.41777 0
v -0.244233 0.0296974 0.32393
vn -0.882662 0.346674 0.317371
v -0.250638 0.0157658 0.315125
vn -0.908559 0.417757 0
v -0.257044 0.00183528 0.306321
vn -0.908553 0.41777 0
v -0.237827 0.0436279 0.326527
vn -0.829142 0.292416 0.476463
v -0.244233 0.0296974 0.317722
vn -0.908559 0.417757 0
v -0.231422 0.0575584 0.329124
vn -0.3422 0.930513 -0.130557
v -0.237827 0.0436279 0.32032
vn -0.716762 0.577033 -0.391516
v -0.244233 0.0296974 0.311516
vn -0.716776 0.577012 -0.391522
v -0.250638 0.0157658 0.302712
vn -0.716792 0.57701 -0.391495
v -0.250638 0.0157658 0.308918
vn -0.908559 0.417757 0
v -0.257044 0.00183528 0.300114
vn -0.908553 0.41777 0
v -0.269855 -0.0260268 0.294919
vn -0.908559 0.417757 0
v -0.263449 -0.0120953 0.303723
vn -0.908559 0.417757 0
v -0.263449 -0.0120953 0.297517
vn -0.908559 0.417757 0
v -0.227677 0.0533468 0.322269
vn -0.394137 0.671374 -0.627625
v -0.223931 0.0491363 0.315412
vn -0.425828 0.648533 -0.630932
v -0.234082 0.0394163 0.313463
vn -0.468004 0.615807 -0.633841
v -0.220186 0.0449247 0.308556
vn -0.425816 0.648549 -0.630923
v -0.230337 0.0352058 0.306608
vn -0.467985 0.615791 -0.63387
v -0.216441 0.0407142 0.301699
vn -0.425837 0.648549 -0.63091
v -0.226592 0.0309942 0.299751
vn -0.468004 0.615796 -0.633851
v -0.236743 0.0212742 0.297803
vn -0.468003 0.615787 -0.63386
v -0.246893 0.0115553 0.295855
vn -0.468003 0.615787 -0.63386
v -0.240488 0.0254858 0.304659
vn -0.468003 0.615787 -0.633861
v -0.212696 0.0365026 0.294842
vn -0.425839 0.648514 -0.630944
v -0.222847 0.0267826 0.292895
vn -0.468003 0.615787 -0.633861
v -0.208951 0.0322911 0.287986
vn -0.42581 0.648541 -0.630936
v -0.219102 0.0225721 0.286038
vn -0.468002 0.615787 -0.633861
v -0.229252 0.0128521 0.284091
vn -0.468003 0.615786 -0.633862
v -0.205206 0.0280805 0.28113
vn -0.394147 0.671364 -0.62763
v -0.215357 0.0183605 0.279182
vn -0.468003 0.615787 -0.633861
v -0.225507 0.00864053 0.277234
vn -0.468003 0.615787 -0.633861
v -0.235658 -0.00107842 0.275286
vn -0.468003 0.615797 -0.633851
v -0.245809 -0.0107984 0.273338
vn -0.468003 0.615797 -0.633851
v -0.255959 -0.0205184 0.27139
vn -0.468004 0.615796 -0.633851
v -0.249554 -0.00658683 0.280195
vn -0.468004 0.615797 -0.63385
v -0.26611 -0.0302374 0.269442
vn -0.468003 0.615796 -0.633852
v -0.259704 -0.0163068 0.278246
vn -0.467984 0.615792 -0.633869
v -0.253299 -0.00237631 0.287051
vn -0.467984 0.615791 -0.63387
v -0.232997 0.0170637 0.290946
vn -0.468003 0.615787 -0.63386
v -0.239403 0.00313212 0.282142
vn -0.468002 0.615786 -0.633862
v -0.243148 0.00734369 0.288999
vn -0.468003 0.615787 -0.633861
v -0.196898 0.0323753 0.28113
vn -0.359279 0.694901 -0.622921
v -0.200643 0.0365869 0.287986
vn -0.35927 0.694799 -0.623041
v -0.204388 0.0407984 0.294842
vn -0.359268 0.694821 -0.623017
v -0.192335 0.0408826 0.287986
vn -0.359265 0.694819 -0.62302
v -0.18859 0.0366711 0.28113
vn -0.359267 0.694812 -0.623028
v -0.208133 0.045009 0.301699
vn -0.359268 0.694877 -0.622955
v -0.211879 0.0492205 0.308556
vn -0.359258 0.694811 -0.623034
v -0.199825 0.0493047 0.301699
vn -0.359259 0.694877 -0.62296
v -0.215624 0.0534321 0.315412
vn -0.359245 0.694875 -0.622971
v -0.20357 0.0535163 0.308556
vn -0.359287 0.694772 -0.623061
v -0.196081 0.0450942 0.294842
vn -0.359259 0.694855 -0.622984
v -0.184027 0.0451784 0.287986
vn -0.359263 0.694777 -0.62307
v -0.192914 0.0577279 0.315412
vn -5.92358e-05 0.999925 0.0122695
v -0.178513 0.0577279 0.315412
vn 0 0.999924 0.0123585
v -0.180862 0.0578121 0.308556
vn 2.9236e-05 0.999924 0.0123326
v -0.217021 0.0575584 0.329124
vn 1.08485e-05 0.998602 -0.0528527
v -0.20262 0.0575584 0.329124
vn 0 0.992621 -0.121257
v -0.204968 0.0576426 0.322269
vn -4.32993e-05 0.999925 0.0122659
v -0.188219 0.0575584 0.329124
vn 0 0.992621 -0.121256
v -0.190567 0.0576426 0.322269
vn 0 0.999924 0.0123574
v -0.173818 0.0575584 0.329124
vn 0 0.992621 -0.121255
v -0.176166 0.0576426 0.322269
vn 0 0.999924 0.0123574
v -0.159418 0.0575584 0.329124
vn 0 0.992621 -0.121256
v -0.161765 0.0576426 0.322269
vn 0 0.999924 0.0123574
v -0.145017 0.0575584 0.329124
vn -2.71875e-06 0.982691 -0.185253
v -0.147364 0.0576426 0.322269
vn 0 0.999924 0.0123574
v -0.149712 0.0577279 0.315412
vn 0 0.999924 0.0123585
v -0.130615 0.0575584 0.329124
vn -7.49318e-06 0.994172 -0.107803
v -0.132963 0.0576426 0.322269
vn 4.33019e-05 0.999924 0.0123272
v -0.116214 0.0575584 0.329124
vn 0 0.996804 -0.0798816
v -0.137659 0.0578121 0.308556
vn -8.51083e-06 0.999924 0.0123037
v -0.135311 0.0577279 0.315412
vn 5.92355e-05 0.999924 0.0123534
v -0.168809 0.0578963 0.301699
vn -8.57779e-19 0.999924 0.0123115
v -0.166461 0.0578121 0.308556
vn -6.50732e-06 0.999924 0.0122956
v -0.164113 0.0577279 0.315412
vn 0 0.999924 0.0123585
v -0.15206 0.0578121 0.308556
vn 0 0.999924 0.0123049
v -0.106509 0.0577279 0.315412
vn -5.92304e-05 0.999923 0.0123939
v -0.0921081 0.0577279 0.315412
vn 0 0.999924 0.0123585
v -0.108857 0.0578121 0.308556
vn 8.51053e-06 0.999924 0.0122978
v -0.101813 0.0575584 0.329124
vn 7.49325e-06 0.994172 -0.10781
v -0.0874123 0.0575584 0.329124
vn 0 0.984948 -0.172853
v -0.104162 0.0576426 0.322269
vn -4.33023e-05 0.999924 0.0123569
v -0.0730113 0.0575584 0.329124
vn 0 0.984948 -0.172853
v -0.0897607 0.0576426 0.322269
vn 0 0.999924 0.0123574
v -0.0586102 0.0575584 0.329124
vn 0 0.984948 -0.172853
v -0.0753597 0.0576426 0.322269
vn 0 0.999924 0.0123574
v -0.0442092 0.0575584 0.329124
vn 0 0.984948 -0.172853
v -0.0609586 0.0576426 0.322269
vn 2.60202e-05 0.999925 0.0122831
v -0.0298081 0.0575584 0.329124
vn -7.13353e-06 0.994782 -0.102021
v -0.0465576 0.0576426 0.322269
vn -1.3432e-05 0.999924 0.0123416
v -0.0154071 0.0575584 0.329124
vn 0 0.996804 -0.0798816
v -0.00100601 0.0575584 0.329124
vn 0.0784047 0.877968 0.472254
v -0.0944555 0.0578121 0.308556
vn -6.8084e-06 0.999924 0.0123138
v -0.0777071 0.0577279 0.315412
vn 3.29105e-05 0.999925 0.0122866
v 0.0188372 0.0622995 0.287986
vn 0.0193067 0.992136 0.123667
v 0.344616 0.0575584 0.329124
vn -0.030415 0.822605 0.567799
v 0.455908 0.0843184 0.329124
vn -0.289482 0.91785 0.271571
v 0.442051 0.0809732 0.276944
vn -0.234646 0.972081 -6.36912e-06
v 0.428195 0.0776289 0.272759
vn -0.234635 0.972084 -8.81881e-06
v 0.414338 0.0742837 0.268574
vn -0.234683 0.972072 0
v 0.428195 0.0776289 0.279616
vn -0.234659 0.972078 0
v 0.400482 0.0709384 0.264389
vn -0.234683 0.972072 0
v 0.386626 0.0675932 0.260203
vn -0.234631 0.972084 -3.17402e-05
v 0.400482 0.0709384 0.271244
vn -0.234715 0.972064 4.19565e-05
v 0.37277 0.0642489 0.256018
vn -0.234632 0.972084 -3.02758e-05
v 0.428195 0.0776289 0.286472
vn -0.234659 0.972078 0
v 0.428195 0.0776289 0.293329
vn -0.234681 0.972072 2.2927e-05
v 0.414338 0.0742837 0.275431
vn -0.234683 0.972072 0
v 0.414338 0.0742837 0.282286
vn -0.234718 0.972063 4.84027e-05
v 0.48471 0.0843184 0.287986
vn 0 1 0
v 0.499111 0.0843184 0.28113
vn 0 1 0
v 0.48471 0.0843184 0.28113
vn 0 1 0
v 0.499111 0.0843184 0.301699
vn 0 1 0
v 0.48471 0.0843184 0.301699
vn 0 1 0
v 0.48471 0.0843184 0.308556
vn 0 1 0
v 0.527912 0.0843184 0.287986
vn 0 1 0
v 0.513511 0.0843184 0.287986
vn 0 1 0
v 0.513511 0.0843184 0.294842
vn 0 1 0
v 0.542313 0.0843184 0.28113
vn 0 1 0
v 0.527912 0.0843184 0.28113
vn 0 1 0
v 0.513511 0.0843184 0.28113
vn 0 1 0
v 0.48471 0.0843184 0.294842
vn 0 1 0
v 0.499111 0.0843184 0.294842
vn 0 1 0
v 0.499111 0.0843184 0.287986
vn 0 1 0
v 0.571115 0.0843184 0.28113
vn 0.138658 0.99034 0
v 0.556714 0.0843184 0.287986
vn 0 1 0
v 0.571115 0.0843184 0.287986
vn 0.18681 0.982396 0
v 0.527912 0.0843184 0.301699
vn 0 1 0
v 0.542313 0.0843184 0.301699
vn 0 1 0
v 0.542313 0.0843184 0.294842
vn 0 1 0
v 0.556714 0.0843184 0.301699
vn 0 1 0
v 0.556714 0.0843184 0.294842
vn 0 1 0
v 0.571115 0.0843184 0.301699
vn 0.186809 0.982396 0
v 0.571115 0.0843184 0.294842
vn 0.186809 0.982396 0
v 0.571115 0.0843184 0.329124
vn 0.0493426 0.99381 -0.099538
v 0.571115 0.0843184 0.308556
vn 0.120785 0.992679 0
v 0.556714 0.0843184 0.308556
vn 0 1 0
v 0.513511 0.0843184 0.308556
vn 0 1 0
v 0.527912 0.0843184 0.308556
vn 0 1 0
v 0.542313 0.0843184 0.308556
vn 0 1 0
v 0.586006 0.0809732 0.329124
vn 0.218417 0.972291 -0.0833281
v 0.638122 0.0692658 0.329124
vn 0.218405 0.972293 -0.0833346
v 0.660458 0.0642489 0.329124
vn 0.218405 0.972294 -0.083335
v 0.675349 0.0609037 0.329124
vn 0.218431 0.972289 -0.0833202
v 0.690239 0.0575584 0.329124
vn 0.89295 0.436376 0.110528
v -0.276353 -0.0520216 0.314553
vn -0.716364 0.205081 0.666907
v -0.27004 -0.0501553 0.320759
vn -0.716365 0.205042 0.666918
v -0.269948 -0.038091 0.31715
vn -0.716371 0.205051 0.666908
v -0.263728 -0.0482889 0.326966
vn -0.716352 0.205034 0.666933
v -0.263635 -0.0362247 0.323357
vn -0.716376 0.205047 0.666903
v -0.257415 -0.0464226 0.333173
vn -0.716356 0.205029 0.666931
v -0.249687 -0.0140447 0.33152
vn -0.716364 0.20504 0.666919
v -0.251532 0.00196054 0.324617
vn -0.716355 0.20505 0.666926
v -0.251102 -0.0445563 0.33938
vn -0.716381 0.205036 0.666903
v -0.244789 -0.04269 0.345587
vn -0.716347 0.20505 0.666934
v -0.244697 -0.0306258 0.341978
vn -0.716358 0.205049 0.666922
v -0.238477 -0.0408237 0.351794
vn -0.716365 0.205041 0.666918
v -0.238384 -0.0287595 0.348184
vn -0.716358 0.205035 0.666927
v -0.232164 -0.0389574 0.358001
vn -0.57107 0.239325 0.78524
v -0.232071 -0.0268931 0.354392
vn -0.571079 0.239314 0.785237
v -0.231978 -0.0148279 0.350782
vn -0.649592 0.22249 0.727
v -0.231886 -0.00276368 0.347173
vn -0.667775 0.218092 0.711697
v -0.231793 0.00930054 0.343562
vn -0.640872 0.224583 0.734061
v -0.2317 0.0213647 0.339953
vn -0.640873 0.224544 0.734072
v -0.231607 0.03343 0.336343
vn -0.640876 0.224545 0.73407
v -0.231515 0.0454942 0.332734
vn -0.650642 0.222241 0.726136
v -0.228403 0.045749 0.332734
vn -0.45263 0.152831 0.878504
v -0.228496 0.0336848 0.336343
vn -0.0235387 0.286713 0.957727
v -0.223875 0.0280353 0.338149
vn -0.441771 0.157054 0.883274
v -0.228589 0.0216205 0.339953
vn -0.0235217 0.286709 0.957729
v -0.228681 0.00955527 0.343562
vn -0.0235247 0.286748 0.957717
v -0.22557 0.00981105 0.343562
vn -0.0235248 0.286748 0.957717
v -0.222459 0.0100658 0.343562
vn -0.0235086 0.286741 0.95772
v -0.225477 0.0218753 0.339953
vn -0.0235574 0.286701 0.957731
v -0.219347 0.0103205 0.343562
vn -0.436225 0.159197 0.885643
v -0.228774 -0.00250895 0.347173
vn -0.0234773 0.28676 0.957715
v -0.228867 -0.0145731 0.350782
vn -0.023474 0.286721 0.957726
v -0.225755 -0.0143184 0.350782
vn -0.0234738 0.286721 0.957727
v -0.22896 -0.0266374 0.354392
vn -0.0235218 0.286709 0.957729
v -0.229052 -0.0387026 0.358001
vn -0.0235374 0.286706 0.95773
v -0.225941 -0.0384468 0.358001
vn -0.023506 0.286713 0.957728
v -0.22283 -0.0381921 0.358001
vn -0.0234739 0.286721 0.957726
v -0.225848 -0.0263826 0.354392
vn -0.0234738 0.286721 0.957727
v -0.219718 -0.0379374 0.358001
vn -0.0234741 0.286721 0.957726
v -0.222737 -0.0261279 0.354392
vn -0.023474 0.286721 0.957726
v -0.216607 -0.0376826 0.358001
vn -0.0235372 0.286706 0.95773
v -0.219625 -0.0258731 0.354392
vn -0.0235219 0.286709 0.957729
v -0.213495 -0.0374268 0.358001
vn -0.023506 0.286713 0.957728
v -0.216514 -0.0256174 0.354392
vn -0.0235216 0.286709 0.957729
v -0.219533 -0.0138079 0.350782
vn -0.0235217 0.28671 0.957729
v -0.210384 -0.0371721 0.358001
vn -0.0234741 0.286721 0.957726
v -0.213402 -0.0253626 0.354392
vn -0.023474 0.286721 0.957727
v -0.207272 -0.0369174 0.358001
vn -0.436194 0.159199 0.885659
v -0.210291 -0.0251079 0.354392
vn -0.436193 0.159201 0.885658
v -0.216328 -0.00148894 0.347173
vn -0.436195 0.159211 0.885655
v -0.216421 -0.0135532 0.350782
vn -0.023474 0.286721 0.957726
v -0.21944 -0.00174368 0.347173
vn -0.0234772 0.28676 0.957715
v -0.225663 -0.0022542 0.347173
vn -0.0235248 0.286748 0.957717
v -0.222644 -0.0140637 0.350782
vn -0.0235216 0.286709 0.957729
v -0.222551 -0.00199842 0.347173
vn -0.0235247 0.286748 0.957717
v -0.217021 0.0594858 0.337357
vn -0.463317 0.572591 0.67637
v -0.206802 0.0486405 0.345083
vn -0.505217 0.131568 0.852904
v -0.20262 0.0614132 0.345591
vn -0.391284 0.769857 0.5042
v -0.207965 0.0240574 0.348186
vn -0.505215 0.131537 0.85291
v -0.196583 0.0377942 0.35281
vn -0.505204 0.131557 0.852913
v -0.210983 0.0358668 0.344577
vn -0.505215 0.131567 0.852905
v -0.185201 0.0515311 0.357433
vn -0.505228 0.131559 0.852899
v -0.173818 0.065269 0.362057
vn -0.155919 0.986893 0.0416201
v -0.188219 0.0633405 0.353823
vn -0.161228 0.985587 0.0512263
v -0.204946 0.0122479 0.351796
vn -0.50521 0.131552 0.852911
v -0.201927 0.000438426 0.355405
vn -0.505197 0.131555 0.852918
v -0.190545 0.0141753 0.360029
vn -0.505208 0.131547 0.852913
v -0.19589 -0.0231805 0.362624
vn -0.505223 0.131565 0.852901
v -0.198909 -0.011371 0.359015
vn -0.505198 0.131562 0.852916
v -0.173126 0.00429317 0.371872
vn -0.505259 0.13158 0.852877
v -0.187526 0.00236579 0.363638
vn -0.505229 0.131564 0.852898
v -0.161744 0.01803 0.376495
vn -0.505217 0.131577 0.852903
v -0.176144 0.0161026 0.368262
vn -0.50524 0.131569 0.852891
v -0.150361 0.0317679 0.381118
vn -0.505199 0.131554 0.852917
v -0.164762 0.0298395 0.372885
vn -0.505217 0.131554 0.852906
v -0.138979 0.0455047 0.385741
vn -0.505208 0.131536 0.852915
v -0.15338 0.0435774 0.377509
vn -0.505195 0.131541 0.852921
v -0.167781 0.04165 0.369276
vn -0.505219 0.131529 0.852909
v -0.127597 0.0592416 0.390365
vn -0.505224 0.13153 0.852906
v -0.141998 0.0573142 0.382132
vn -0.505216 0.131533 0.85291
v -0.116214 0.0729784 0.394989
vn 0.130401 0.975367 0.17792
v -0.130615 0.0710511 0.386756
vn -0.155915 0.986891 0.0416846
v -0.145017 0.0691237 0.378522
vn -0.155909 0.986891 0.0416844
v -0.159418 0.0671963 0.37029
vn -0.155912 0.986891 0.0416799
v -0.156399 0.0553868 0.373899
vn -0.505194 0.131543 0.852922
v -0.1708 0.0534595 0.365666
vn -0.505225 0.131544 0.852903
v -0.193564 0.0259847 0.356419
vn -0.505195 0.131544 0.852921
v -0.179163 0.0279121 0.364652
vn -0.505226 0.13155 0.852902
v -0.182182 0.0397216 0.361042
vn -0.505221 0.131532 0.852908
v -0.0586102 0.065269 0.362057
vn 0.123161 0.992243 -0.016873
v -0.145017 0.0594858 0.337357
vn -3.30559e-06 0.973672 -0.227956
v -0.159418 0.0594858 0.337357
vn -6.42812e-06 0.973676 -0.227938
v -0.173818 0.0594858 0.337357
vn 0 0.973676 -0.227935
v -0.188219 0.0594858 0.337357
vn 0 0.973676 -0.227935
v -0.173818 0.0614132 0.345591
vn 0 0.97367 -0.227963
v -0.20262 0.0594858 0.337357
vn 0 0.973676 -0.227935
v -0.188219 0.0614132 0.345591
vn -3.47438e-06 0.973673 -0.227951
v -0.159418 0.0614132 0.345591
vn -8.18112e-06 0.973677 -0.227934
v -0.014585 0.036009 0.394989
vn 0.511506 0.779937 0.360639
v -0.0852492 0.0617142 0.394989
vn 0.319772 0.879058 0.353558
v 0.0635361 -0.0393658 0.392785
vn 0.0610598 0.576049 0.815132
v 0.380302 -0.0393658 0.392785
vn -0.182989 0.592382 0.784601
v 0.479037 0.09313 0.394989
vn -0.368979 0.929423 0.00523211
v 0.598871 0.09313 0.394989
vn 0.419677 0.868192 0.26479
v 0.690239 0.0112995 0.343562
vn 0.480693 0.261266 0.837063
v 0.690239 -0.0349595 0.358001
vn 0.607166 0.236748 0.758485
v 0.717334 -0.00632262 0.358001
vn 0.906858 0.415771 0.0688697
v 0.693626 -0.0313795 0.358001
vn -0.300377 0.284202 0.910496
v 0.121047 0.0658195 -0.0445346
vn -0.102738 0.80804 -0.5801
v 0.109953 0.066609 -0.0376777
vn -0.249684 0.82949 -0.499604
v 0.127891 0.0740795 -0.0342398
vn -0.129152 0.813553 -0.566966
v 0.0988592 0.0673995 -0.0308219
vn -0.249692 0.829482 -0.499612
v 0.0877656 0.06819 -0.0239651
vn -0.249683 0.829467 -0.499643
v 0.105703 0.0756605 -0.0205272
vn -0.249684 0.829485 -0.499612
v 0.123642 0.0831311 -0.0170893
vn -0.249698 0.829492 -0.499593
v 0.116797 0.07487 -0.027384
vn -0.249683 0.829474 -0.499631
v 0.14158 0.0906016 -0.0136514
vn -0.129142 0.813556 -0.566964
v 0.134736 0.0823405 -0.0239462
vn -0.129103 0.813532 -0.567009
v 0.0766719 0.0689805 -0.0171093
vn -0.249698 0.829492 -0.499594
v 0.0655782 0.06977 -0.0102525
vn -0.249698 0.829492 -0.499594
v 0.0835161 0.0772405 -0.00681458
vn -0.249698 0.829492 -0.499594
v 0.0544845 0.0705605 -0.00339667
vn -0.249683 0.829474 -0.499632
v 0.0433908 0.0713511 0.00346016
vn -0.303975 0.888321 -0.344218
v 0.0613287 0.0788216 0.00689805
vn -0.303973 0.888318 -0.344226
v 0.0792677 0.0862921 0.010336
vn -0.34644 0.918843 -0.188961
v 0.0724224 0.0780311 4.12112e-05
vn -0.249683 0.829474 -0.499632
v 0.0972056 0.0937626 0.0137738
vn -0.327738 0.907671 -0.262148
v 0.0903613 0.0855016 0.00347911
vn -0.249684 0.829474 -0.499631
v 0.115145 0.101232 0.0172107
vn -0.303975 0.888333 -0.344186
v 0.108299 0.0929721 0.006917
vn -0.249684 0.829478 -0.499623
v 0.133082 0.108703 0.0206486
vn -0.303988 0.888331 -0.34418
v 0.126238 0.100443 0.0103549
vn -0.249698 0.829485 -0.499605
v 0.119393 0.0921816 6.12101e-05
vn -0.249692 0.829471 -0.499632
v 0.151021 0.116173 0.0240865
vn -0.303967 0.888326 -0.344211
v 0.144176 0.107913 0.0137928
vn -0.249684 0.829497 -0.499593
v 0.168959 0.123644 0.0275244
vn -0.136514 0.895662 -0.423264
v 0.162115 0.115383 0.0172307
vn -0.129129 0.813555 -0.566969
v 0.15527 0.107123 0.00693595
vn -0.129124 0.813551 -0.566976
v 0.148426 0.0988616 -0.00335773
vn -0.129122 0.813537 -0.566996
v 0.137332 0.0996521 0.00349806
vn -0.249692 0.829471 -0.499632
v 0.130487 0.0913911 -0.00679563
vn -0.249698 0.829485 -0.499605
v 0.0946098 0.0764511 -0.0136714
vn -0.249684 0.829497 -0.499593
v 0.101455 0.0847111 -0.00337668
vn -0.249684 0.829485 -0.499612
v 0.112549 0.0839205 -0.0102335
vn -0.249684 0.829497 -0.499593
v 0.133416 0.0666447 -0.0445346
vn -0.0166047 0.764778 -0.64408
v 0.205295 0.12607 0.0275244
vn -0.0648842 0.971626 -0.22745
v 0.15263 0.0757321 -0.0342398
vn -0.0185736 0.766521 -0.641951
v 0.191059 0.0939047 -0.0136514
vn -0.0185737 0.766522 -0.64195
v 0.171845 0.0848184 -0.0239462
vn -0.0185741 0.76654 -0.641927
v 0.267916 0.130252 0.0275244
vn -0.0238737 0.985253 -0.169432
v 0.0433908 0.0713511 0.00844016
vn -0.384448 0.923147 0
v 0.0433908 0.0713511 0.015296
vn -0.384449 0.923146 0
v 0.0613287 0.0788216 0.016857
vn -0.384448 0.923146 0
v 0.0433908 0.0713511 0.0221528
vn -0.384449 0.923146 0
v 0.0433908 0.0713511 0.0290086
vn -0.384449 0.923146 0
v 0.0613287 0.0788216 0.0305696
vn -0.384444 0.923148 0
v 0.168959 0.123644 0.0496223
vn -0.202199 0.979344 -1.29252e-06
v 0.0613287 0.0788216 0.0237138
vn -0.384444 0.923148 -3.73547e-06
v 0.0792677 0.0862921 0.0252749
vn -0.384451 0.923146 3.66959e-05
v 0.0433908 0.0713511 0.0358654
vn -0.384449 0.923146 0
v 0.0433908 0.0713511 0.0427212
vn -0.384449 0.923146 0
v 0.0613287 0.0788216 0.0442823
vn -0.384448 0.923147 0
v 0.0433908 0.0713511 0.049578
vn -0.384449 0.923146 0
v 0.0433908 0.0713511 0.0564338
vn -0.384445 0.923148 0
v 0.0613287 0.0788216 0.0579949
vn -0.384451 0.923145 0
v 0.0792677 0.0862921 0.059557
vn -0.384445 0.923148 0
v 0.0613287 0.0788216 0.0511391
vn -0.384448 0.923147 0
v 0.0972056 0.0937626 0.0611181
vn -0.384436 0.923152 0
v 0.0792677 0.0862921 0.0527002
vn -0.384448 0.923147 0
v 0.115145 0.101232 0.0626791
vn -0.384414 0.923161 0
v 0.0972056 0.0937626 0.0542612
vn -0.384425 0.923156 0
v 0.133082 0.108703 0.0642401
vn -0.384452 0.923145 0
v 0.115145 0.101232 0.0558233
vn -0.384425 0.923156 0
v 0.0972056 0.0937626 0.0474054
vn -0.384422 0.923157 6.88003e-05
v 0.151021 0.116173 0.0658023
vn -0.384448 0.923147 5.53207e-06
v 0.133082 0.108703 0.0573844
vn -0.384449 0.923146 -3.45751e-07
v 0.168959 0.123644 0.0673633
vn -0.132366 0.991201 0
v 0.115145 0.101232 0.0489665
vn -0.384444 0.923148 7.94534e-05
v 0.0613287 0.0788216 0.0374265
vn -0.384444 0.923148 2.97447e-06
v 0.0792677 0.0862921 0.0458444
vn -0.384443 0.923149 -2.13128e-05
v 0.168959 0.123644 0.0374844
vn -0.179393 0.983778 0
v 0.168959 0.123644 0.0325044
vn -0.210713 0.977548 0
v 0.151021 0.116173 0.0290665
vn -0.384446 0.923147 -7.84802e-06
v 0.133082 0.108703 0.0256286
vn -0.384446 0.923148 -8.21169e-06
v 0.115145 0.101232 0.0221907
vn -0.384364 0.923182 -0.000174311
v 0.133082 0.108703 0.0306086
vn -0.384462 0.923141 2.39557e-05
v 0.0792677 0.0862921 0.0153149
vn -0.38444 0.92315 0
v 0.0613287 0.0788216 0.0118781
vn -0.384448 0.923147 0
v 0.0792677 0.0862921 0.0202949
vn -0.384433 0.923153 -3.13421e-05
v 0.0972056 0.0937626 0.0287128
vn -0.384441 0.92315 2.24079e-16
v 0.267916 0.130252 0.18688
vn -0.0307335 0.983037 0.180815
v 0.0433908 0.0713511 0.0632907
vn -0.384449 0.923146 0
v 0.0433908 0.0713511 0.0701465
vn -0.384449 0.923146 0
v 0.0433908 0.0713511 0.0770033
vn -0.384449 0.923146 0
v 0.0613287 0.0788216 0.0717075
vn -0.384448 0.923147 0
v 0.0792677 0.0862921 0.0664128
vn -0.384448 0.923147 0
v 0.0613287 0.0788216 0.0648518
vn -0.384448 0.923147 0
v 0.0433908 0.0713511 0.0838591
vn -0.384449 0.923146 0
v 0.0433908 0.0713511 0.0907159
vn -0.384449 0.923146 0
v 0.0613287 0.0788216 0.0854202
vn -0.384448 0.923147 0
v 0.0433908 0.0713511 0.0975717
vn -0.384449 0.923146 0
v 0.0433908 0.0713511 0.104429
vn -0.384448 0.923147 0
v 0.0613287 0.0788216 0.0991338
vn -0.384448 0.923146 0
v 0.0792677 0.0862921 0.0938381
vn -0.384447 0.923147 0
v 0.0613287 0.0788216 0.092277
vn -0.384448 0.923147 0
v 0.0972056 0.0937626 0.0885433
vn -0.384427 0.923156 0
v 0.0792677 0.0862921 0.0869823
vn -0.384448 0.923147 0
v 0.115145 0.101232 0.0832486
vn -0.384423 0.923157 0
v 0.0972056 0.0937626 0.0816865
vn -0.384425 0.923156 0
v 0.133082 0.108703 0.0779528
vn -0.384449 0.923146 0
v 0.115145 0.101232 0.0763917
vn -0.384425 0.923156 0
v 0.0972056 0.0937626 0.0748307
vn -0.384425 0.923156 0
v 0.151021 0.116173 0.0726581
vn -0.384448 0.923147 0
v 0.133082 0.108703 0.071097
vn -0.384449 0.923146 0
v 0.115145 0.101232 0.069536
vn -0.384425 0.923156 0
v 0.0972056 0.0937626 0.0679738
vn -0.384425 0.923156 0
v 0.0613287 0.0788216 0.0785644
vn -0.384448 0.923147 0
v 0.0792677 0.0862921 0.0801254
vn -0.384448 0.923147 0
v 0.0792677 0.0862921 0.0732696
vn -0.384448 0.923147 0
v 0.168959 0.123644 0.0723433
vn -0.140139 0.990132 0
v 0.151021 0.116173 0.077638
vn -0.384448 0.923147 0
v 0.168959 0.123644 0.0773233
vn -0.140139 0.990132 0
v 0.133082 0.108703 0.0829328
vn -0.384449 0.923146 0
v 0.115145 0.101232 0.0882286
vn -0.384425 0.923156 0
v 0.133082 0.108703 0.0879128
vn -0.384449 0.923146 0
v 0.151021 0.116173 0.087598
vn -0.384448 0.923147 0
v 0.151021 0.116173 0.082618
vn -0.384448 0.923147 0
v 0.168959 0.123644 0.0872823
vn -0.140141 0.990132 0
v 0.168959 0.123644 0.0823033
vn -0.140141 0.990132 0
v 0.0972056 0.0937626 0.0935233
vn -0.384425 0.923156 0
v 0.0792677 0.0862921 0.0988181
vn -0.384448 0.923147 0
v 0.0972056 0.0937626 0.0985033
vn -0.384425 0.923156 0
v 0.0613287 0.0788216 0.104113
vn -0.384448 0.923147 0
v 0.0433908 0.0713511 0.109409
vn -0.384452 0.923145 0
v 0.0613287 0.0788216 0.109093
vn -0.384445 0.923148 0
v 0.0792677 0.0862921 0.108778
vn -0.384451 0.923145 0
v 0.0792677 0.0862921 0.103798
vn -0.384448 0.923147 0
v 0.0972056 0.0937626 0.108463
vn -0.384414 0.923161 0
v 0.0972056 0.0937626 0.103483
vn -0.384425 0.923156 0
v 0.115145 0.101232 0.108148
vn -0.384436 0.923152 0
v 0.115145 0.101232 0.103168
vn -0.384425 0.923156 0
v 0.133082 0.108703 0.107833
vn -0.384445 0.923148 0
v 0.133082 0.108703 0.102853
vn -0.384449 0.923146 0
v 0.133082 0.108703 0.0978728
vn -0.384449 0.923146 0
v 0.151021 0.116173 0.107517
vn -0.384451 0.923145 0
v 0.151021 0.116173 0.102537
vn -0.384448 0.923147 0
v 0.168959 0.123644 0.107202
vn -0.119577 0.992825 0
v 0.168959 0.123644 0.102222
vn -0.140139 0.990132 0
v 0.168959 0.123644 0.0972423
vn -0.140135 0.990132 0
v 0.168959 0.123644 0.0922623
vn -0.140139 0.990132 0
v 0.151021 0.116173 0.097558
vn -0.384448 0.923147 0
v 0.151021 0.116173 0.092578
vn -0.384448 0.923147 0
v 0.115145 0.101232 0.0932075
vn -0.384425 0.923156 0
v 0.115145 0.101232 0.0981875
vn -0.384425 0.923156 0
v 0.133082 0.108703 0.0928928
vn -0.384449 0.923146 0
v 0.0433908 0.0713511 0.114389
vn -0.384448 0.923147 0
v 0.0433908 0.0713511 0.121244
vn -0.384449 0.923146 0
v 0.0613287 0.0788216 0.119053
vn -0.384448 0.923146 0
v 0.0433908 0.0713511 0.1281
vn -0.384449 0.923146 0
v 0.0433908 0.0713511 0.134957
vn -0.384449 0.923146 0
v 0.0613287 0.0788216 0.132765
vn -0.384448 0.923147 0
v 0.0792677 0.0862921 0.130574
vn -0.384448 0.923147 0
v 0.0613287 0.0788216 0.125909
vn -0.384448 0.923147 0
v 0.0972056 0.0937626 0.128382
vn -0.384427 0.923156 0
v 0.0792677 0.0862921 0.123718
vn -0.384447 0.923147 0
v 0.0433908 0.0713511 0.141813
vn -0.384449 0.923146 0
v 0.0433908 0.0713511 0.148669
vn -0.384449 0.923146 0
v 0.0613287 0.0788216 0.146478
vn -0.384448 0.923147 0
v 0.0433908 0.0713511 0.155525
vn -0.384449 0.923146 0
v 0.0433908 0.0713511 0.162381
vn -0.384445 0.923148 0
v 0.0613287 0.0788216 0.16019
vn -0.384451 0.923145 0
v 0.0792677 0.0862921 0.157998
vn -0.384445 0.923148 0
v 0.0613287 0.0788216 0.153334
vn -0.384448 0.923147 0
v 0.0972056 0.0937626 0.155808
vn -0.384436 0.923152 0
v 0.0792677 0.0862921 0.151142
vn -0.384448 0.923147 0
v 0.115145 0.101232 0.153616
vn -0.384414 0.923161 0
v 0.0972056 0.0937626 0.148951
vn -0.384425 0.923156 0
v 0.133082 0.108703 0.151424
vn -0.384452 0.923145 0
v 0.115145 0.101232 0.146759
vn -0.384425 0.923156 0
v 0.0972056 0.0937626 0.142095
vn -0.384425 0.923156 0
v 0.151021 0.116173 0.149233
vn -0.384445 0.923148 0
v 0.133082 0.108703 0.144568
vn -0.384449 0.923146 0
v 0.168959 0.123644 0.147041
vn -0.169578 0.985517 0
v 0.151021 0.116173 0.142377
vn -0.384448 0.923147 0
v 0.133082 0.108703 0.137712
vn -0.384449 0.923146 0
v 0.115145 0.101232 0.133048
vn -0.384423 0.923157 0
v 0.115145 0.101232 0.139903
vn -0.384425 0.923156 0
v 0.0972056 0.0937626 0.135238
vn -0.384425 0.923156 0
v 0.0613287 0.0788216 0.139621
vn -0.384448 0.923147 0
v 0.0792677 0.0862921 0.144286
vn -0.384448 0.923147 0
v 0.0792677 0.0862921 0.13743
vn -0.384448 0.923147 0
v 0.168959 0.123644 0.142061
vn -0.140139 0.990132 0
v 0.168959 0.123644 0.137081
vn -0.140139 0.990132 0
v 0.151021 0.116173 0.137397
vn -0.384448 0.923147 0
v 0.168959 0.123644 0.132101
vn -0.140141 0.990132 0
v 0.151021 0.116173 0.132417
vn -0.384448 0.923147 0
v 0.168959 0.123644 0.127122
vn -0.140141 0.990132 0
v 0.151021 0.116173 0.127437
vn -0.384448 0.923147 0
v 0.133082 0.108703 0.127752
vn -0.384449 0.923146 0
v 0.115145 0.101232 0.128068
vn -0.384425 0.923156 0
v 0.133082 0.108703 0.132732
vn -0.384449 0.923146 0
v 0.168959 0.123644 0.122142
vn -0.140139 0.990132 0
v 0.151021 0.116173 0.122457
vn -0.384448 0.923147 0
v 0.168959 0.123644 0.117162
vn -0.140139 0.990132 0
v 0.151021 0.116173 0.117477
vn -0.384448 0.923147 0
v 0.133082 0.108703 0.117793
vn -0.384449 0.923146 0
v 0.168959 0.123644 0.112182
vn -0.140139 0.990132 0
v 0.151021 0.116173 0.112497
vn -0.384448 0.923147 0
v 0.133082 0.108703 0.112813
vn -0.384449 0.923146 0
v 0.115145 0.101232 0.113128
vn -0.384425 0.923156 0
v 0.0972056 0.0937626 0.113442
vn -0.384425 0.923156 0
v 0.0792677 0.0862921 0.113758
vn -0.384448 0.923147 0
v 0.0972056 0.0937626 0.118422
vn -0.384425 0.923156 0
v 0.0613287 0.0788216 0.114073
vn -0.384448 0.923147 0
v 0.0792677 0.0862921 0.118738
vn -0.384448 0.923147 0
v 0.0972056 0.0937626 0.123402
vn -0.384425 0.923156 0
v 0.133082 0.108703 0.122772
vn -0.384449 0.923146 0
v 0.115145 0.101232 0.118108
vn -0.384425 0.923156 0
v 0.115145 0.101232 0.123088
vn -0.384425 0.923156 0
v 0.0433908 0.0713511 0.169238
vn -0.384449 0.923146 0
v 0.0433908 0.0713511 0.176094
vn -0.384449 0.923146 0
v 0.0433908 0.0713511 0.182951
vn -0.384449 0.923146 0
v 0.0613287 0.0788216 0.173902
vn -0.384448 0.923147 0
v 0.0792677 0.0862921 0.164855
vn -0.384448 0.923147 0
v 0.0613287 0.0788216 0.167046
vn -0.384448 0.923147 0
v 0.0433908 0.0713511 0.189806
vn -0.384449 0.923146 0
v 0.0433908 0.0713511 0.196663
vn -0.384449 0.923146 0
v 0.0613287 0.0788216 0.187615
vn -0.384448 0.923147 0
v 0.0433908 0.0713511 0.203519
vn -0.384447 0.923147 4.21572e-06
v 0.119629 0.103101 0.198066
vn -0.207428 0.802625 0.559255
v 0.0613287 0.0788216 0.201328
vn -0.384444 0.923148 1.7925e-05
v 0.0792677 0.0862921 0.19228
vn -0.384447 0.923147 0
v 0.0613287 0.0788216 0.194472
vn -0.384448 0.923147 0
v 0.0972056 0.0937626 0.183233
vn -0.384427 0.923156 0
v 0.0792677 0.0862921 0.185423
vn -0.384448 0.923147 0
v 0.115145 0.101232 0.174184
vn -0.384423 0.923157 0
v 0.0972056 0.0937626 0.176376
vn -0.384425 0.923156 0
v 0.133082 0.108703 0.165137
vn -0.384449 0.923146 0
v 0.115145 0.101232 0.167329
vn -0.384425 0.923156 0
v 0.0972056 0.0937626 0.16952
vn -0.384425 0.923156 0
v 0.151021 0.116173 0.156089
vn -0.384448 0.923147 0
v 0.133082 0.108703 0.15828
vn -0.384449 0.923146 0
v 0.115145 0.101232 0.160472
vn -0.384425 0.923156 0
v 0.0972056 0.0937626 0.162663
vn -0.384425 0.923156 0
v 0.0613287 0.0788216 0.180759
vn -0.384448 0.923147 0
v 0.0792677 0.0862921 0.178568
vn -0.384448 0.923147 0
v 0.0792677 0.0862921 0.171711
vn -0.384448 0.923147 0
v 0.168959 0.123644 0.152021
vn -0.140139 0.990132 0
v 0.151021 0.116173 0.161069
vn -0.384448 0.923147 0
v 0.168959 0.123644 0.157001
vn -0.140139 0.990132 0
v 0.133082 0.108703 0.170117
vn -0.384449 0.923146 0
v 0.115145 0.101232 0.179164
vn -0.384425 0.923156 0
v 0.133082 0.108703 0.175097
vn -0.384449 0.923146 0
v 0.151021 0.116173 0.171029
vn -0.384448 0.923147 0
v 0.151021 0.116173 0.166049
vn -0.384448 0.923147 0
v 0.168959 0.123644 0.166961
vn -0.140141 0.990132 0
v 0.168959 0.123644 0.161981
vn -0.140139 0.990132 0
v 0.0972056 0.0937626 0.188212
vn -0.384425 0.923156 0
v 0.0792677 0.0862921 0.19726
vn -0.384448 0.923146 4.53921e-06
v 0.0972056 0.0937626 0.193192
vn -0.38443 0.923154 -1.7448e-05
v 0.168959 0.123644 0.18688
vn -0.07378 0.696864 0.713398
v 0.168959 0.123644 0.1819
vn -0.169523 0.985526 -1.65012e-05
v 0.168959 0.123644 0.17692
vn -0.140139 0.990132 0
v 0.151021 0.116173 0.185969
vn -0.384455 0.923144 -5.1362e-05
v 0.168959 0.123644 0.17194
vn -0.140141 0.990132 0
v 0.151021 0.116173 0.180989
vn -0.384446 0.923148 -1.39784e-05
v 0.151021 0.116173 0.176009
vn -0.384448 0.923147 0
v 0.133082 0.108703 0.185056
vn -0.384438 0.923151 -2.28065e-05
v 0.115145 0.101232 0.184144
vn -0.384437 0.923151 -3.96658e-05
v 0.133082 0.108703 0.180076
vn -0.38445 0.923146 -2.17133e-05
v 0.00339083 -0.00349736 -0.179948
vn 0.87296 0.458677 -0.166003
v 0.00339083 -0.00349736 -0.166731
vn 0.91516 0.403091 0
v 0.00427082 -0.00765946 -0.179948
vn 0.97015 0.205199 -0.129237
v 0.00339083 -0.00349736 -0.153514
vn 0.91516 0.403091 0
v 0.00427082 -0.00765946 -0.166731
vn 0.978346 0.206975 0
v 0.00515187 -0.0118216 -0.179948
vn 0.970125 0.205279 -0.129299
v 0.00339083 -0.00349736 -0.140297
vn 0.91516 0.403091 0
v 0.00427082 -0.00765946 -0.153514
vn 0.978346 0.206975 0
v 0.00339083 -0.00349736 -0.12708
vn 0.91516 0.403091 0
v 0.00427082 -0.00765946 -0.140297
vn 0.978346 0.206975 0
v 0.00515187 -0.0118216 -0.153514
vn 0.978346 0.206978 0
v 0.00603188 -0.0159837 -0.166731
vn 0.978376 0.206833 0
v 0.00515187 -0.0118216 -0.166731
vn 0.978346 0.206978 0
v 0.00691187 -0.0201468 -0.179948
vn 0.970181 0.205091 -0.129174
v 0.00603188 -0.0159837 -0.179948
vn 0.970174 0.205109 -0.129197
v 0.00339083 -0.00349736 -0.113863
vn 0.91516 0.403092 0
v 0.00427082 -0.00765946 -0.12708
vn 0.978346 0.206975 0
v 0.00339083 -0.00349736 -0.100646
vn 0.91516 0.40309 0
v 0.00427082 -0.00765946 -0.113863
vn 0.978346 0.206975 0
v 0.00515187 -0.0118216 -0.12708
vn 0.978346 0.206978 0
v 0.00339083 -0.00349736 -0.0874293
vn 0.91516 0.403091 0
v 0.00427082 -0.00765946 -0.100646
vn 0.978346 0.206975 0
v 0.00339083 -0.00349736 -0.0742125
vn 0.939966 0.33842 0.0439879
v 0.00427082 -0.00765946 -0.0874293
vn 0.978346 0.206975 0
v 0.00515187 -0.0118216 -0.100646
vn 0.978346 0.206978 0
v 0.00603188 -0.0159837 -0.113863
vn 0.978376 0.206833 0
v 0.00515187 -0.0118216 -0.113863
vn 0.978346 0.206978 0
v 0.00691187 -0.0201468 -0.12708
vn 0.978376 0.206833 0
v 0.00603188 -0.0159837 -0.12708
vn 0.978376 0.206833 0
v 0.00779188 -0.0243089 -0.140297
vn 0.978371 0.206858 0
v 0.00691187 -0.0201468 -0.140297
vn 0.978376 0.206833 0
v 0.00867187 -0.028471 -0.153514
vn 0.978346 0.206978 0
v 0.00779188 -0.0243089 -0.153514
vn 0.978371 0.206858 0
v 0.00691187 -0.0201468 -0.153514
vn 0.978376 0.206833 0
v 0.00955295 -0.0326331 -0.166731
vn 0.978346 0.206978 0
v 0.00867187 -0.028471 -0.166731
vn 0.978346 0.206978 0
v 0.0104329 -0.0367953 -0.179948
vn 0.996549 0.0702327 -0.0442335
v 0.00955295 -0.0326331 -0.179948
vn 0.970126 0.205282 -0.129289
v 0.00867187 -0.028471 -0.179948
vn 0.970149 0.205202 -0.129239
v 0.00779188 -0.0243089 -0.179948
vn 0.970172 0.205126 -0.129191
v 0.00779188 -0.0243089 -0.166731
vn 0.978371 0.206858 0
v 0.00691187 -0.0201468 -0.166731
vn 0.978376 0.206833 0
v 0.00515187 -0.0118216 -0.140297
vn 0.978346 0.206978 0
v 0.00603188 -0.0159837 -0.140297
vn 0.978376 0.206833 0
v 0.00603188 -0.0159837 -0.153514
vn 0.978376 0.206833 0
v 0.0104329 -0.0367953 -0.0742125
vn 0.2095 -0.0147647 0.977697
v 0.0104329 -0.0367953 -0.0874293
vn 1 -3.59283e-17 0
v 0.00955295 -0.0326331 -0.0742125
vn 0.970149 0.205202 0.12924
v 0.0104329 -0.0367953 -0.100646
vn 1 -1.1082e-06 0
v 0.00955295 -0.0326331 -0.0874293
vn 0.978346 0.206978 0
v 0.00867187 -0.028471 -0.0742125
vn 0.970137 0.205284 0.129197
v 0.0104329 -0.0367953 -0.113863
vn 1 8.15465e-07 0
v 0.00955295 -0.0326331 -0.100646
vn 0.978346 0.206978 0
v 0.0104329 -0.0367953 -0.12708
vn 1 2.09096e-08 0
v 0.00955295 -0.0326331 -0.113863
vn 0.978346 0.206978 0
v 0.00867187 -0.028471 -0.100646
vn 0.978346 0.206978 0
v 0.00779188 -0.0243089 -0.0874293
vn 0.978371 0.206858 0
v 0.00867187 -0.028471 -0.0874293
vn 0.978346 0.206978 0
v 0.00691187 -0.0201468 -0.0742125
vn 0.970163 0.205107 0.129282
v 0.00779188 -0.0243089 -0.0742125
vn 0.970171 0.205124 0.1292
v 0.0104329 -0.0367953 -0.140297
vn 1 8.21211e-17 0
v 0.00955295 -0.0326331 -0.12708
vn 0.978346 0.206978 0
v 0.0104329 -0.0367953 -0.153514
vn 1 -2.82279e-07 0
v 0.00955295 -0.0326331 -0.140297
vn 0.978346 0.206978 0
v 0.00867187 -0.028471 -0.12708
vn 0.978346 0.206978 0
v 0.0104329 -0.0367953 -0.166731
vn 1 2.77051e-07 0
v 0.00955295 -0.0326331 -0.153514
vn 0.978346 0.206978 0
v 0.00867187 -0.028471 -0.140297
vn 0.978346 0.206978 0
v 0.00779188 -0.0243089 -0.12708
vn 0.978371 0.206858 0
v 0.00691187 -0.0201468 -0.113863
vn 0.978376 0.206833 0
v 0.00603188 -0.0159837 -0.100646
vn 0.978376 0.206833 0
v 0.00691187 -0.0201468 -0.100646
vn 0.978376 0.206833 0
v 0.00515187 -0.0118216 -0.0874293
vn 0.978346 0.206978 0
v 0.00427082 -0.00765946 -0.0742125
vn 0.970139 0.20528 0.129191
v 0.00515187 -0.0118216 -0.0742125
vn 0.970149 0.205204 0.129238
v 0.00603188 -0.0159837 -0.0742125
vn 0.970167 0.205088 0.129284
v 0.00603188 -0.0159837 -0.0874293
vn 0.978376 0.206833 0
v 0.00691187 -0.0201468 -0.0874293
vn 0.978376 0.206833 0
v 0.00867187 -0.028471 -0.113863
vn 0.978346 0.206978 0
v 0.00779188 -0.0243089 -0.113863
vn 0.978371 0.206859 0
v 0.00779188 -0.0243089 -0.100646
vn 0.978371 0.206858 0
v -0.016666 0.0247311 -0.179948
vn 0.600642 0.72933 -0.327576
v -0.016666 0.0247311 -0.166731
vn 0.68509 0.728459 0
v -0.0141587 0.0212026 -0.179948
vn 0.765775 0.544173 -0.342729
v -0.016666 0.0247311 -0.153514
vn 0.68509 0.728458 0
v -0.0141587 0.0212026 -0.166731
vn 0.815145 0.579257 0
v -0.0116513 0.0176742 -0.179948
vn 0.765827 0.544137 -0.342671
v -0.016666 0.0247311 -0.140297
vn 0.68509 0.728458 0
v -0.0141587 0.0212026 -0.153514
vn 0.815145 0.579257 0
v -0.016666 0.0247311 -0.12708
vn 0.68509 0.728458 0
v -0.0141587 0.0212026 -0.140297
vn 0.815145 0.579257 0
v -0.0116513 0.0176742 -0.153514
vn 0.815201 0.579178 0
v -0.00914496 0.0141458 -0.166731
vn 0.815201 0.579178 0
v -0.0116513 0.0176742 -0.166731
vn 0.815201 0.579178 0
v -0.00663758 0.0106174 -0.179948
vn 0.765799 0.544138 -0.342733
v -0.00914496 0.0141458 -0.179948
vn 0.765839 0.544069 -0.342754
v -0.016666 0.0247311 -0.113863
vn 0.685089 0.728459 0
v -0.0141587 0.0212026 -0.12708
vn 0.815145 0.579257 0
v -0.016666 0.0247311 -0.100646
vn 0.685091 0.728458 0
v -0.0141587 0.0212026 -0.113863
vn 0.815145 0.579257 0
v -0.0116513 0.0176742 -0.12708
vn 0.815201 0.579178 0
v -0.016666 0.0247311 -0.0874293
vn 0.68509 0.728458 0
v -0.0141587 0.0212026 -0.100646
vn 0.815145 0.579257 0
v -0.016666 0.0247311 -0.0742125
vn 0.722001 0.672272 0.163599
v -0.0141587 0.0212026 -0.0874293
vn 0.815145 0.579257 0
v -0.0116513 0.0176742 -0.100646
vn 0.815201 0.579178 0
v -0.00914496 0.0141458 -0.113863
vn 0.815201 0.579178 0
v -0.0116513 0.0176742 -0.113863
vn 0.815201 0.579178 0
v -0.00663758 0.0106174 -0.12708
vn 0.815186 0.5792 0
v -0.00914496 0.0141458 -0.12708
vn 0.815201 0.579178 0
v -0.00413024 0.0070879 -0.140297
vn 0.815186 0.5792 0
v -0.00663758 0.0106174 -0.140297
vn 0.815186 0.5792 0
v -0.00162286 0.00355948 -0.153514
vn 0.815201 0.579178 0
v -0.00413024 0.0070879 -0.153514
vn 0.815186 0.5792 0
v -0.00663758 0.0106174 -0.153514
vn 0.815186 0.5792 0
v 0.000883454 3.10598e-05 -0.166731
vn 0.815201 0.579178 0
v -0.00162286 0.00355948 -0.166731
vn 0.815201 0.579178 0
v 0.000883454 3.10598e-05 -0.179948
vn 0.76585 0.544077 -0.342715
v -0.00162286 0.00355948 -0.179948
vn 0.765831 0.54414 -0.342658
v -0.00413024 0.0070879 -0.179948
vn 0.765838 0.54411 -0.342689
v -0.00413024 0.0070879 -0.166731
vn 0.815186 0.5792 0
v -0.00663758 0.0106174 -0.166731
vn 0.815186 0.5792 0
v -0.0116513 0.0176742 -0.140297
vn 0.815201 0.579178 0
v -0.00914496 0.0141458 -0.140297
vn 0.815201 0.579178 0
v -0.00914496 0.0141458 -0.153514
vn 0.815201 0.579178 0
v 0.000883454 3.10598e-05 -0.0742125
vn 0.80858 0.574514 0.127015
v 0.000883454 3.10598e-05 -0.0874293
vn 0.815201 0.579178 0
v -0.00162286 0.00355948 -0.0742125
vn 0.808613 0.574456 0.127066
v 0.000883454 3.10598e-05 -0.100646
vn 0.815201 0.579178 0
v 0.000883454 3.10598e-05 -0.113863
vn 0.815201 0.579178 0
v -0.00162286 0.00355948 -0.100646
vn 0.815201 0.579178 0
v -0.00413024 0.0070879 -0.0874293
vn 0.815186 0.5792 0
v -0.00162286 0.00355948 -0.0874293
vn 0.815201 0.579178 0
v -0.00663758 0.0106174 -0.0742125
vn 0.808587 0.574482 0.12711
v -0.00413024 0.0070879 -0.0742125
vn 0.808562 0.574523 0.127087
v 0.000883454 3.10598e-05 -0.12708
vn 0.815201 0.579178 0
v 0.000883454 3.10598e-05 -0.140297
vn 0.815201 0.579178 0
v -0.00162286 0.00355948 -0.12708
vn 0.815201 0.579178 0
v 0.000883454 3.10598e-05 -0.153514
vn 0.815201 0.579178 0
v -0.00162286 0.00355948 -0.140297
vn 0.815201 0.579178 0
v -0.00413024 0.0070879 -0.12708
vn 0.815186 0.5792 0
v -0.00663758 0.0106174 -0.113863
vn 0.815186 0.5792 0
v -0.00914496 0.0141458 -0.100646
vn 0.815201 0.579178 0
v -0.00663758 0.0106174 -0.100646
vn 0.815186 0.5792 0
v -0.0116513 0.0176742 -0.0874293
vn 0.815201 0.579178 0
v -0.0141587 0.0212026 -0.0742125
vn 0.808533 0.57456 0.1271
v -0.0116513 0.0176742 -0.0742125
vn 0.808613 0.574456 0.127066
v -0.00914496 0.0141458 -0.0742125
vn 0.808578 0.574513 0.127025
v -0.00914496 0.0141458 -0.0874293
vn 0.815201 0.579178 0
v -0.00663758 0.0106174 -0.0874293
vn 0.815186 0.5792 0
v -0.00162286 0.00355948 -0.113863
vn 0.815201 0.579178 0
v -0.00413024 0.0070879 -0.113863
vn 0.815186 0.5792 0
v -0.00413024 0.0070879 -0.100646
vn 0.815186 0.5792 0
v -0.0466818 0.0435932 -0.179948
vn 0.265769 0.834671 -0.482381
v -0.0466818 0.0435932 -0.166731
vn 0.36298 0.931797 0
v -0.0429302 0.0412353 -0.179948
vn 0.444428 0.707185 -0.549885
v -0.0466818 0.0435932 -0.153514
vn 0.36298 0.931797 0
v -0.0429302 0.0412353 -0.166731
vn 0.532077 0.846696 0
v -0.0391776 0.0388774 -0.179948
vn 0.444389 0.707191 -0.549909
v -0.0466818 0.0435932 -0.140297
vn 0.36298 0.931797 0
v -0.0429302 0.0412353 -0.153514
vn 0.532077 0.846696 0
v -0.0466818 0.0435932 -0.12708
vn 0.36298 0.931797 0
v -0.0429302 0.0412353 -0.140297
vn 0.532077 0.846696 0
v -0.0391776 0.0388774 -0.153514
vn 0.532077 0.846696 0
v -0.035426 0.0365195 -0.166731
vn 0.531995 0.846747 0
v -0.0391776 0.0388774 -0.166731
vn 0.532077 0.846696 0
v -0.0316734 0.0341626 -0.179948
vn 0.444269 0.707203 -0.54999
v -0.035426 0.0365195 -0.179948
vn 0.444369 0.707192 -0.549923
v -0.0466818 0.0435932 -0.113863
vn 0.362979 0.931797 0
v -0.0429302 0.0412353 -0.12708
vn 0.532077 0.846696 0
v -0.0466818 0.0435932 -0.100646
vn 0.362981 0.931797 0
v -0.0429302 0.0412353 -0.113863
vn 0.532077 0.846696 0
v -0.0391776 0.0388774 -0.12708
vn 0.532077 0.846696 0
v -0.0466818 0.0435932 -0.0874293
vn 0.36298 0.931797 0
v -0.0429302 0.0412353 -0.100646
vn 0.532077 0.846696 0
v -0.0466818 0.0435932 -0.0742125
vn 0.39877 0.858117 0.323447
v -0.0429302 0.0412353 -0.0874293
vn 0.532077 0.846696 0
v -0.0391776 0.0388774 -0.100646
vn 0.532077 0.846696 0
v -0.035426 0.0365195 -0.113863
vn 0.531995 0.846747 0
v -0.0391776 0.0388774 -0.113863
vn 0.532077 0.846696 0
v -0.0316734 0.0341626 -0.12708
vn 0.531995 0.846747 0
v -0.035426 0.0365195 -0.12708
vn 0.531995 0.846747 0
v -0.0279218 0.0318047 -0.140297
vn 0.532133 0.846661 0
v -0.0316734 0.0341626 -0.140297
vn 0.531995 0.846747 0
v -0.0241702 0.0294468 -0.153514
vn 0.532079 0.846695 0
v -0.0279218 0.0318047 -0.153514
vn 0.532133 0.846661 0
v -0.0316734 0.0341626 -0.153514
vn 0.531995 0.846747 0
v -0.0204176 0.0270889 -0.166731
vn 0.532077 0.846696 0
v -0.0241702 0.0294468 -0.166731
vn 0.532079 0.846695 0
v -0.0204176 0.0270889 -0.179948
vn 0.44439 0.707191 -0.549908
v -0.0241702 0.0294468 -0.179948
vn 0.444417 0.707165 -0.54992
v -0.0279218 0.0318047 -0.179948
vn 0.444454 0.707157 -0.5499
v -0.0279218 0.0318047 -0.166731
vn 0.532133 0.846661 0
v -0.0316734 0.0341626 -0.166731
vn 0.531995 0.846747 0
v -0.0391776 0.0388774 -0.140297
vn 0.532077 0.846696 0
v -0.035426 0.0365195 -0.140297
vn 0.531995 0.846747 0
v -0.035426 0.0365195 -0.153514
vn 0.531995 0.846747 0
v -0.0204176 0.0270889 -0.0742125
vn 0.501231 0.797573 0.335625
v -0.0204176 0.0270889 -0.0874293
vn 0.532077 0.846696 0
v -0.0241702 0.0294468 -0.0742125
vn 0.501196 0.797588 0.335643
v -0.0204176 0.0270889 -0.100646
vn 0.532077 0.846696 0
v -0.0204176 0.0270889 -0.113863
vn 0.532077 0.846696 0
v -0.0241702 0.0294468 -0.100646
vn 0.532079 0.846695 0
v -0.0279218 0.0318047 -0.0874293
vn 0.532133 0.846661 0
v -0.0241702 0.0294468 -0.0874293
vn 0.532079 0.846695 0
v -0.0316734 0.0341626 -0.0742125
vn 0.501164 0.797579 0.33571
v -0.0279218 0.0318047 -0.0742125
vn 0.50126 0.79754 0.33566
v -0.0204176 0.0270889 -0.12708
vn 0.532077 0.846696 0
v -0.0204176 0.0270889 -0.140297
vn 0.532077 0.846696 0
v -0.0241702 0.0294468 -0.12708
vn 0.532079 0.846695 0
v -0.0204176 0.0270889 -0.153514
vn 0.532077 0.846696 0
v -0.0241702 0.0294468 -0.140297
vn 0.532079 0.846695 0
v -0.0279218 0.0318047 -0.12708
vn 0.532133 0.846661 0
v -0.0316734 0.0341626 -0.113863
vn 0.531995 0.846747 0
v -0.035426 0.0365195 -0.100646
vn 0.531995 0.846747 0
v -0.0316734 0.0341626 -0.100646
vn 0.531995 0.846747 0
v -0.0391776 0.0388774 -0.0874293
vn 0.532077 0.846696 0
v -0.0429302 0.0412353 -0.0742125
vn 0.501194 0.797589 0.335644
v -0.0391776 0.0388774 -0.0742125
vn 0.501232 0.797573 0.335625
v -0.035426 0.0365195 -0.0742125
vn 0.501079 0.797636 0.335703
v -0.035426 0.0365195 -0.0874293
vn 0.531995 0.846747 0
v -0.0316734 0.0341626 -0.0874293
vn 0.531995 0.846747 0
v -0.0241702 0.0294468 -0.113863
vn 0.532079 0.846695 0
v -0.0279218 0.0318047 -0.113863
vn 0.532133 0.846661 0
v -0.0279218 0.0318047 -0.100646
vn 0.532133 0.846661 0
v -0.082086 0.0502163 -0.179948
vn -0.0496535 0.795729 -0.603614
v -0.082086 0.0502163 -0.166731
vn -2.45304e-07 1 0
v -0.0776608 0.0493879 -0.179948
vn 0.132023 0.705597 -0.696206
v -0.082086 0.0502163 -0.153514
vn 2.49933e-07 1 0
v -0.0776608 0.0493879 -0.166731
vn 0.183872 0.98295 0
v -0.0732344 0.0485605 -0.179948
vn 0.131972 0.705672 -0.696139
v -0.082086 0.0502163 -0.140297
vn -5.79282e-17 1 0
v -0.0776608 0.0493879 -0.153514
vn 0.183872 0.98295 0
v -0.082086 0.0502163 -0.12708
vn -1.85136e-08 1 0
v -0.0776608 0.0493879 -0.140297
vn 0.183872 0.98295 0
v -0.0732344 0.0485605 -0.153514
vn 0.183873 0.98295 0
v -0.0688092 0.0477321 -0.166731
vn 0.183893 0.982946 0
v -0.0732344 0.0485605 -0.166731
vn 0.183873 0.98295 0
v -0.0643839 0.0469047 -0.179948
vn 0.131986 0.705646 -0.696163
v -0.0688092 0.0477321 -0.179948
vn 0.132039 0.705628 -0.696172
v -0.082086 0.0502163 -0.113863
vn -7.22022e-07 1 0
v -0.0776608 0.0493879 -0.12708
vn 0.183872 0.98295 0
v -0.082086 0.0502163 -0.100646
vn 9.81213e-07 1 0
v -0.0776608 0.0493879 -0.113863
vn 0.183872 0.98295 0
v -0.0732344 0.0485605 -0.12708
vn 0.183873 0.98295 0
v -0.082086 0.0502163 -0.0874293
vn 1.93096e-17 1 0
v -0.0776608 0.0493879 -0.100646
vn 0.183872 0.98295 0
v -0.082086 0.0502163 -0.0742125
vn 0.0546258 0.875411 0.480282
v -0.0776608 0.0493879 -0.0874293
vn 0.183872 0.98295 0
v -0.0732344 0.0485605 -0.100646
vn 0.183873 0.98295 0
v -0.0688092 0.0477321 -0.113863
vn 0.183893 0.982946 0
v -0.0732344 0.0485605 -0.113863
vn 0.183873 0.98295 0
v -0.0643839 0.0469047 -0.12708
vn 0.183893 0.982946 0
v -0.0688092 0.0477321 -0.12708
vn 0.183893 0.982946 0
v -0.0599586 0.0460763 -0.140297
vn 0.183895 0.982946 0
v -0.0643839 0.0469047 -0.140297
vn 0.183893 0.982946 0
v -0.0555334 0.0452489 -0.153514
vn 0.183872 0.98295 0
v -0.0599586 0.0460763 -0.153514
vn 0.183895 0.982946 0
v -0.0643839 0.0469047 -0.153514
vn 0.183893 0.982946 0
v -0.0511071 0.0444205 -0.166731
vn 0.183872 0.98295 0
v -0.0555334 0.0452489 -0.166731
vn 0.183872 0.98295 0
v -0.0511071 0.0444205 -0.179948
vn 0.132023 0.705654 -0.696148
v -0.0555334 0.0452489 -0.179948
vn 0.131977 0.705648 -0.696163
v -0.0599586 0.0460763 -0.179948
vn 0.132035 0.7056 -0.696201
v -0.0599586 0.0460763 -0.166731
vn 0.183895 0.982946 0
v -0.0643839 0.0469047 -0.166731
vn 0.183893 0.982946 0
v -0.0732344 0.0485605 -0.140297
vn 0.183873 0.98295 0
v -0.0688092 0.0477321 -0.140297
vn 0.183893 0.982946 0
v -0.0688092 0.0477321 -0.153514
vn 0.183893 0.982946 0
v -0.0511071 0.0444205 -0.0742125
vn 0.154281 0.8249 0.543817
v -0.0511071 0.0444205 -0.0874293
vn 0.183872 0.98295 0
v -0.0555334 0.0452489 -0.0742125
vn 0.154339 0.824933 0.543752
v -0.0511071 0.0444205 -0.100646
vn 0.183872 0.98295 0
v -0.0511071 0.0444205 -0.113863
vn 0.183872 0.98295 0
v -0.0555334 0.0452489 -0.100646
vn 0.183872 0.98295 0
v -0.0599586 0.0460763 -0.0874293
vn 0.183895 0.982946 0
v -0.0555334 0.0452489 -0.0874293
vn 0.183872 0.98295 0
v -0.0643839 0.0469047 -0.0742125
vn 0.154356 0.824889 0.543813
v -0.0599586 0.0460763 -0.0742125
vn 0.154295 0.824908 0.543802
v -0.0511071 0.0444205 -0.12708
vn 0.183872 0.98295 0
v -0.0511071 0.0444205 -0.140297
vn 0.183872 0.98295 0
v -0.0555334 0.0452489 -0.12708
vn 0.183872 0.98295 0
v -0.0511071 0.0444205 -0.153514
vn 0.183872 0.98295 0
v -0.0555334 0.0452489 -0.140297
vn 0.183872 0.98295 0
v -0.0599586 0.0460763 -0.12708
vn 0.183895 0.982946 0
v -0.0643839 0.0469047 -0.113863
vn 0.183893 0.982946 0
v -0.0688092 0.0477321 -0.100646
vn 0.183893 0.982946 0
v -0.0643839 0.0469047 -0.100646
vn 0.183893 0.982946 0
v -0.0732344 0.0485605 -0.0874293
vn 0.183873 0.98295 0
v -0.0776608 0.0493879 -0.0742125
vn 0.154273 0.824925 0.543782
v -0.0732344 0.0485605 -0.0742125
vn 0.154348 0.824908 0.543786
v -0.0688092 0.0477321 -0.0742125
vn 0.154292 0.824902 0.543812
v -0.0688092 0.0477321 -0.0874293
vn 0.183893 0.982946 0
v -0.0643839 0.0469047 -0.0874293
vn 0.183893 0.982946 0
v -0.0555334 0.0452489 -0.113863
vn 0.183872 0.98295 0
v -0.0599586 0.0460763 -0.113863
vn 0.183895 0.982946 0
v -0.0599586 0.0460763 -0.100646
vn 0.183895 0.982946 0
v -0.117491 0.0435932 -0.179948
vn -0.306258 0.659042 -0.686928
v -0.117491 0.0435932 -0.166731
vn -0.36298 0.931797 0
v -0.113066 0.0444205 -0.179948
vn -0.113896 0.608976 -0.784969
v -0.117491 0.0435932 -0.153514
vn -0.362979 0.931797 0
v -0.113066 0.0444205 -0.166731
vn -0.183872 0.98295 0
v -0.10864 0.0452489 -0.179948
vn -0.11393 0.608952 -0.784982
v -0.117491 0.0435932 -0.140297
vn -0.362979 0.931797 0
v -0.113066 0.0444205 -0.153514
vn -0.183872 0.98295 0
v -0.117491 0.0435932 -0.12708
vn -0.362979 0.931797 0
v -0.113066 0.0444205 -0.140297
vn -0.183872 0.98295 0
v -0.10864 0.0452489 -0.153514
vn -0.183872 0.98295 0
v -0.104214 0.0460763 -0.166731
vn -0.183874 0.98295 0
v -0.10864 0.0452489 -0.166731
vn -0.183872 0.98295 0
v -0.0997881 0.0469047 -0.179948
vn -0.113936 0.608979 -0.784961
v -0.104214 0.0460763 -0.179948
vn -0.113897 0.608975 -0.784969
v -0.117491 0.0435932 -0.113863
vn -0.36298 0.931797 0
v -0.113066 0.0444205 -0.12708
vn -0.183872 0.98295 0
v -0.117491 0.0435932 -0.100646
vn -0.362979 0.931798 0
v -0.113066 0.0444205 -0.113863
vn -0.183872 0.98295 0
v -0.10864 0.0452489 -0.12708
vn -0.183872 0.98295 0
v -0.117491 0.0435932 -0.0874293
vn -0.362979 0.931797 0
v -0.113066 0.0444205 -0.100646
vn -0.183872 0.98295 0
v -0.117491 0.0435932 -0.0742125
vn -0.24139 0.758109 0.605806
v -0.113066 0.0444205 -0.0874293
vn -0.183872 0.98295 0
v -0.10864 0.0452489 -0.100646
vn -0.183872 0.98295 0
v -0.104214 0.0460763 -0.113863
vn -0.183874 0.98295 0
v -0.10864 0.0452489 -0.113863
vn -0.183872 0.98295 0
v -0.0997881 0.0469047 -0.12708
vn -0.183872 0.98295 0
v -0.104214 0.0460763 -0.12708
vn -0.183874 0.98295 0
v -0.0953628 0.0477321 -0.140297
vn -0.183893 0.982946 0
v -0.0997881 0.0469047 -0.140297
vn -0.183872 0.98295 0
v -0.0909376 0.0485605 -0.153514
vn -0.183874 0.98295 0
v -0.0953628 0.0477321 -0.153514
vn -0.183893 0.982946 0
v -0.0997881 0.0469047 -0.153514
vn -0.183872 0.98295 0
v -0.0865113 0.0493879 -0.166731
vn -0.183872 0.98295 0
v -0.0909376 0.0485605 -0.166731
vn -0.183874 0.98295 0
v -0.0865113 0.0493879 -0.179948
vn -0.113893 0.609009 -0.784944
v -0.0909376 0.0485605 -0.179948
vn -0.11394 0.608945 -0.784986
v -0.0953628 0.0477321 -0.179948
vn -0.113899 0.608947 -0.784991
v -0.0953628 0.0477321 -0.166731
vn -0.183893 0.982946 0
v -0.0997881 0.0469047 -0.166731
vn -0.183872 0.98295 0
v -0.10864 0.0452489 -0.140297
vn -0.183872 0.98295 0
v -0.104214 0.0460763 -0.140297
vn -0.183874 0.98295 0
v -0.104214 0.0460763 -0.153514
vn -0.183874 0.98295 0
v -0.0865113 0.0493879 -0.0742125
vn -0.132027 0.705624 0.696178
v -0.0865113 0.0493879 -0.0874293
vn -0.183872 0.98295 0
v -0.0909376 0.0485605 -0.0742125
vn -0.131967 0.705644 0.696169
v -0.0865113 0.0493879 -0.100646
vn -0.183872 0.98295 0
v -0.0865113 0.0493879 -0.113863
vn -0.183872 0.98295 0
v -0.0909376 0.0485605 -0.100646
vn -0.183874 0.98295 0
v -0.0953628 0.0477321 -0.0874293
vn -0.183893 0.982946 0
v -0.0909376 0.0485605 -0.0874293
vn -0.183874 0.98295 0
v -0.0997881 0.0469047 -0.0742125
vn -0.131966 0.705596 0.696218
v -0.0953628 0.0477321 -0.0742125
vn -0.132042 0.705638 0.696161
v -0.0865113 0.0493879 -0.12708
vn -0.183872 0.98295 0
v -0.0865113 0.0493879 -0.140297
vn -0.183872 0.98295 0
v -0.0909376 0.0485605 -0.12708
vn -0.183874 0.98295 0
v -0.0865113 0.0493879 -0.153514
vn -0.183872 0.98295 0
v -0.0909376 0.0485605 -0.140297
vn -0.183874 0.98295 0
v -0.0953628 0.0477321 -0.12708
vn -0.183893 0.982946 0
v -0.0997881 0.0469047 -0.113863
vn -0.183872 0.98295 0
v -0.104214 0.0460763 -0.100646
vn -0.183874 0.98295 0
v -0.0997881 0.0469047 -0.100646
vn -0.183872 0.98295 0
v -0.10864 0.0452489 -0.0874293
vn -0.183872 0.98295 0
v -0.113066 0.0444205 -0.0742125
vn -0.132026 0.705673 0.696129
v -0.10864 0.0452489 -0.0742125
vn -0.131967 0.705596 0.696217
v -0.104214 0.0460763 -0.0742125
vn -0.132028 0.705672 0.696129
v -0.104214 0.0460763 -0.0874293
vn -0.183874 0.98295 0
v -0.0997881 0.0469047 -0.0874293
vn -0.183872 0.98295 0
v -0.0909376 0.0485605 -0.113863
vn -0.183874 0.98295 0
v -0.0953628 0.0477321 -0.113863
vn -0.183893 0.982946 0
v -0.0953628 0.0477321 -0.100646
vn -0.183893 0.982946 0
v -0.147507 0.0247311 -0.179948
vn -0.494968 0.460767 -0.736682
v -0.147507 0.0247311 -0.166731
vn -0.68515 0.728402 0
v -0.143755 0.0270889 -0.179948
vn -0.292617 0.465619 -0.835209
v -0.147507 0.0247311 -0.153514
vn -0.68515 0.728402 0
v -0.143755 0.0270889 -0.166731
vn -0.532078 0.846695 0
v -0.140003 0.0294468 -0.179948
vn -0.292633 0.465686 -0.835166
v -0.147507 0.0247311 -0.140297
vn -0.68515 0.728402 0
v -0.143755 0.0270889 -0.153514
vn -0.532078 0.846695 0
v -0.147507 0.0247311 -0.12708
vn -0.68515 0.728402 0
v -0.143755 0.0270889 -0.140297
vn -0.532078 0.846695 0
v -0.140003 0.0294468 -0.153514
vn -0.53208 0.846694 0
v -0.136251 0.0318047 -0.166731
vn -0.53208 0.846694 0
v -0.140003 0.0294468 -0.166731
vn -0.53208 0.846694 0
v -0.132499 0.0341626 -0.179948
vn -0.292582 0.465674 -0.835191
v -0.136251 0.0318047 -0.179948
vn -0.292622 0.465625 -0.835204
v -0.147507 0.0247311 -0.113863
vn -0.685151 0.728401 0
v -0.143755 0.0270889 -0.12708
vn -0.532078 0.846695 0
v -0.147507 0.0247311 -0.100646
vn -0.685149 0.728403 0
v -0.143755 0.0270889 -0.113863
vn -0.532078 0.846695 0
v -0.140003 0.0294468 -0.12708
vn -0.53208 0.846694 0
v -0.147507 0.0247311 -0.0874293
vn -0.68515 0.728402 0
v -0.143755 0.0270889 -0.100646
vn -0.532078 0.846695 0
v -0.147507 0.0247311 -0.0742125
vn -0.458894 0.557154 0.692095
v -0.143755 0.0270889 -0.0874293
vn -0.532078 0.846695 0
v -0.140003 0.0294468 -0.100646
vn -0.53208 0.846694 0
v -0.136251 0.0318047 -0.113863
vn -0.53208 0.846694 0
v -0.140003 0.0294468 -0.113863
vn -0.53208 0.846694 0
v -0.132499 0.0341626 -0.12708
vn -0.531995 0.846748 0
v -0.136251 0.0318047 -0.12708
vn -0.53208 0.846694 0
v -0.128747 0.0365195 -0.140297
vn -0.532048 0.846714 0
v -0.132499 0.0341626 -0.140297
vn -0.531995 0.846748 0
v -0.124995 0.0388774 -0.153514
vn -0.532078 0.846695 0
v -0.128747 0.0365195 -0.153514
vn -0.532048 0.846714 0
v -0.132499 0.0341626 -0.153514
vn -0.531995 0.846748 0
v -0.121243 0.0412353 -0.166731
vn -0.532078 0.846695 0
v -0.124995 0.0388774 -0.166731
vn -0.532078 0.846695 0
v -0.121243 0.0412353 -0.179948
vn -0.292615 0.465659 -0.835187
v -0.124995 0.0388774 -0.179948
vn -0.292631 0.46564 -0.835192
v -0.128747 0.0365195 -0.179948
vn -0.292579 0.465652 -0.835204
v -0.128747 0.0365195 -0.166731
vn -0.532048 0.846714 0
v -0.132499 0.0341626 -0.166731
vn -0.531995 0.846748 0
v -0.140003 0.0294468 -0.140297
vn -0.53208 0.846694 0
v -0.136251 0.0318047 -0.140297
vn -0.53208 0.846694 0
v -0.136251 0.0318047 -0.153514
vn -0.53208 0.846694 0
v -0.121243 0.0412353 -0.0742125
vn -0.326397 0.519371 0.789759
v -0.121243 0.0412353 -0.0874293
vn -0.532078 0.846695 0
v -0.124995 0.0388774 -0.0742125
vn -0.326379 0.519391 0.789753
v -0.121243 0.0412353 -0.100646
vn -0.532078 0.846695 0
v -0.121243 0.0412353 -0.113863
vn -0.532078 0.846695 0
v -0.124995 0.0388774 -0.100646
vn -0.532078 0.846695 0
v -0.128747 0.0365195 -0.0874293
vn -0.532048 0.846714 0
v -0.124995 0.0388774 -0.0874293
vn -0.532078 0.846695 0
v -0.132499 0.0341626 -0.0742125
vn -0.326319 0.5194 0.789772
v -0.128747 0.0365195 -0.0742125
vn -0.326387 0.519382 0.789756
v -0.121243 0.0412353 -0.12708
vn -0.532078 0.846695 0
v -0.121243 0.0412353 -0.140297
vn -0.532078 0.846695 0
v -0.124995 0.0388774 -0.12708
vn -0.532078 0.846695 0
v -0.121243 0.0412353 -0.153514
vn -0.532078 0.846695 0
v -0.124995 0.0388774 -0.140297
vn -0.532078 0.846695 0
v -0.128747 0.0365195 -0.12708
vn -0.532048 0.846714 0
v -0.132499 0.0341626 -0.113863
vn -0.531995 0.846748 0
v -0.136251 0.0318047 -0.100646
vn -0.53208 0.846694 0
v -0.132499 0.0341626 -0.100646
vn -0.531995 0.846748 0
v -0.140003 0.0294468 -0.0874293
vn -0.53208 0.846694 0
v -0.143755 0.0270889 -0.0742125
vn -0.32638 0.519391 0.789753
v -0.140003 0.0294468 -0.0742125
vn -0.326398 0.51937 0.789759
v -0.136251 0.0318047 -0.0742125
vn -0.326392 0.519409 0.789736
v -0.136251 0.0318047 -0.0874293
vn -0.53208 0.846694 0
v -0.132499 0.0341626 -0.0874293
vn -0.531995 0.846748 0
v -0.124995 0.0388774 -0.113863
vn -0.532078 0.846695 0
v -0.128747 0.0365195 -0.113863
vn -0.532048 0.846714 0
v -0.128747 0.0365195 -0.100646
vn -0.532048 0.846714 0
v -0.167562 -0.00349736 -0.179948
vn -0.615431 0.221577 -0.756404
v -0.167562 -0.00349736 -0.166731
vn -0.91516 0.403091 0
v -0.165054 3.10598e-05 -0.179948
vn -0.416458 0.295902 -0.859654
v -0.167562 -0.00349736 -0.153514
vn -0.91516 0.403091 0
v -0.165054 3.10598e-05 -0.166731
vn -0.815202 0.579177 0
v -0.162548 0.00355948 -0.179948
vn -0.41645 0.295855 -0.859674
v -0.167562 -0.00349736 -0.140297
vn -0.91516 0.403091 0
v -0.165054 3.10598e-05 -0.153514
vn -0.815202 0.579177 0
v -0.167562 -0.00349736 -0.12708
vn -0.91516 0.403091 0
v -0.165054 3.10598e-05 -0.140297
vn -0.815202 0.579177 0
v -0.162548 0.00355948 -0.153514
vn -0.815201 0.579178 0
v -0.160041 0.0070879 -0.166731
vn -0.815242 0.57912 0
v -0.162548 0.00355948 -0.166731
vn -0.815201 0.579178 0
v -0.157534 0.0106174 -0.179948
vn -0.416489 0.295823 -0.859666
v -0.160041 0.0070879 -0.179948
vn -0.416468 0.29588 -0.859656
v -0.167562 -0.00349736 -0.113863
vn -0.91516 0.40309 0
v -0.165054 3.10598e-05 -0.12708
vn -0.815202 0.579177 0
v -0.167562 -0.00349736 -0.100646
vn -0.915159 0.403092 0
v -0.165054 3.10598e-05 -0.113863
vn -0.815202 0.579177 0
v -0.162548 0.00355948 -0.12708
vn -0.815201 0.579178 0
v -0.167562 -0.00349736 -0.0874293
vn -0.91516 0.403091 0
v -0.165054 3.10598e-05 -0.100646
vn -0.815202 0.579177 0
v -0.167562 -0.00349736 -0.0742125
vn -0.593787 0.311991 0.741673
v -0.165054 3.10598e-05 -0.0874293
vn -0.815202 0.579177 0
v -0.162548 0.00355948 -0.100646
vn -0.815201 0.579178 0
v -0.160041 0.0070879 -0.113863
vn -0.815242 0.57912 0
v -0.162548 0.00355948 -0.113863
vn -0.815201 0.579178 0
v -0.157534 0.0106174 -0.12708
vn -0.815243 0.579119 0
v -0.160041 0.0070879 -0.12708
vn -0.815242 0.57912 0
v -0.155027 0.0141458 -0.140297
vn -0.815202 0.579177 0
v -0.157534 0.0106174 -0.140297
vn -0.815243 0.579119 0
v -0.152521 0.0176742 -0.153514
vn -0.815201 0.579178 0
v -0.155027 0.0141458 -0.153514
vn -0.815202 0.579177 0
v -0.157534 0.0106174 -0.153514
vn -0.815243 0.579119 0
v -0.150013 0.0212026 -0.166731
vn -0.815201 0.579178 0
v -0.152521 0.0176742 -0.166731
vn -0.815201 0.579178 0
v -0.150013 0.0212026 -0.179948
vn -0.416458 0.295903 -0.859654
v -0.152521 0.0176742 -0.179948
vn -0.416423 0.295836 -0.859694
v -0.155027 0.0141458 -0.179948
vn -0.41645 0.295896 -0.85966
v -0.155027 0.0141458 -0.166731
vn -0.815202 0.579177 0
v -0.157534 0.0106174 -0.166731
vn -0.815243 0.579119 0
v -0.162548 0.00355948 -0.140297
vn -0.815201 0.579178 0
v -0.160041 0.0070879 -0.140297
vn -0.815242 0.57912 0
v -0.160041 0.0070879 -0.153514
vn -0.815242 0.57912 0
v -0.150013 0.0212026 -0.0742125
vn -0.441009 0.313303 0.841042
v -0.150013 0.0212026 -0.0874293
vn -0.815201 0.579178 0
v -0.152521 0.0176742 -0.0742125
vn -0.440994 0.313336 0.841038
v -0.150013 0.0212026 -0.100646
vn -0.815201 0.579178 0
v -0.150013 0.0212026 -0.113863
vn -0.815201 0.579178 0
v -0.152521 0.0176742 -0.100646
vn -0.815201 0.579178 0
v -0.155027 0.0141458 -0.0874293
vn -0.815202 0.579177 0
v -0.152521 0.0176742 -0.0874293
vn -0.815201 0.579178 0
v -0.157534 0.0106174 -0.0742125
vn -0.440996 0.313305 0.841048
v -0.155027 0.0141458 -0.0742125
vn -0.440979 0.313281 0.841066
v -0.150013 0.0212026 -0.12708
vn -0.815201 0.579178 0
v -0.150013 0.0212026 -0.140297
vn -0.815201 0.579178 0
v -0.152521 0.0176742 -0.12708
vn -0.815201 0.579178 0
v -0.150013 0.0212026 -0.153514
vn -0.815201 0.579178 0
v -0.152521 0.0176742 -0.140297
vn -0.815201 0.579178 0
v -0.155027 0.0141458 -0.12708
vn -0.815202 0.579177 0
v -0.157534 0.0106174 -0.113863
vn -0.815243 0.579119 0
v -0.160041 0.0070879 -0.100646
vn -0.815242 0.57912 0
v -0.157534 0.0106174 -0.100646
vn -0.815243 0.579119 0
v -0.162548 0.00355948 -0.0874293
vn -0.815201 0.579178 0
v -0.165054 3.10598e-05 -0.0742125
vn -0.44101 0.313302 0.841042
v -0.162548 0.00355948 -0.0742125
vn -0.440994 0.313336 0.841038
v -0.160041 0.0070879 -0.0742125
vn -0.441053 0.313271 0.841031
v -0.160041 0.0070879 -0.0874293
vn -0.815242 0.57912 0
v -0.157534 0.0106174 -0.0874293
vn -0.815243 0.579119 0
v -0.152521 0.0176742 -0.113863
vn -0.815201 0.579178 0
v -0.155027 0.0141458 -0.113863
vn -0.815202 0.579177 0
v -0.155027 0.0141458 -0.100646
vn -0.815202 0.579177 0
v -0.174604 -0.0367953 -0.179948
vn -0.664535 -0.0468345 -0.745788
v -0.174604 -0.0367953 -0.166731
vn -1 -2.77056e-07 0
v -0.173724 -0.0326331 -0.179948
vn -0.493434 0.104327 -0.863504
v -0.174604 -0.0367953 -0.153514
vn -1 2.82284e-07 0
v -0.173724 -0.0326331 -0.166731
vn -0.978371 0.206858 0
v -0.172844 -0.028471 -0.179948
vn -0.493426 0.104368 -0.863503
v -0.174604 -0.0367953 -0.140297
vn -1 -8.21211e-17 0
v -0.173724 -0.0326331 -0.153514
vn -0.978371 0.206858 0
v -0.174604 -0.0367953 -0.12708
vn -1 -2.091e-08 0
v -0.173724 -0.0326331 -0.140297
vn -0.978371 0.206858 0
v -0.172844 -0.028471 -0.153514
vn -0.978346 0.206978 0
v -0.171963 -0.0243089 -0.166731
vn -0.978345 0.206978 0
v -0.172844 -0.028471 -0.166731
vn -0.978346 0.206978 0
v -0.171083 -0.0201468 -0.179948
vn -0.493436 0.104319 -0.863504
v -0.171963 -0.0243089 -0.179948
vn -0.493419 0.104409 -0.863503
v -0.174604 -0.0367953 -0.113863
vn -1 -8.15479e-07 0
v -0.173724 -0.0326331 -0.12708
vn -0.978371 0.206858 0
v -0.174604 -0.0367953 -0.100646
vn -1 1.10822e-06 0
v -0.173724 -0.0326331 -0.113863
vn -0.978371 0.206858 0
v -0.172844 -0.028471 -0.12708
vn -0.978346 0.206978 0
v -0.174604 -0.0367953 -0.0874293
vn -1 3.59283e-17 0
v -0.173724 -0.0326331 -0.100646
vn -0.978371 0.206858 0
v -0.174604 -0.0367953 -0.0742125
vn -0.650108 0.0458177 0.758459
v -0.173724 -0.0326331 -0.0874293
vn -0.978371 0.206858 0
v -0.172844 -0.028471 -0.100646
vn -0.978346 0.206978 0
v -0.171963 -0.0243089 -0.113863
vn -0.978345 0.206978 0
v -0.172844 -0.028471 -0.113863
vn -0.978346 0.206978 0
v -0.171083 -0.0201468 -0.12708
vn -0.978376 0.206833 0
v -0.171963 -0.0243089 -0.12708
vn -0.978345 0.206978 0
v -0.170203 -0.0159837 -0.140297
vn -0.978351 0.206952 0
v -0.171083 -0.0201468 -0.140297
vn -0.978376 0.206833 0
v -0.169322 -0.0118216 -0.153514
vn -0.978346 0.206977 0
v -0.170203 -0.0159837 -0.153514
vn -0.978351 0.206952 0
v -0.171083 -0.0201468 -0.153514
vn -0.978376 0.206833 0
v -0.168442 -0.00765946 -0.166731
vn -0.978371 0.206858 0
v -0.169322 -0.0118216 -0.166731
vn -0.978346 0.206977 0
v -0.168442 -0.00765946 -0.179948
vn -0.493435 0.104328 -0.863503
v -0.169322 -0.0118216 -0.179948
vn -0.493404 0.104404 -0.863511
v -0.170203 -0.0159837 -0.179948
vn -0.493458 0.104356 -0.863487
v -0.170203 -0.0159837 -0.166731
vn -0.978351 0.206952 0
v -0.171083 -0.0201468 -0.166731
vn -0.978376 0.206833 0
v -0.172844 -0.028471 -0.140297
vn -0.978346 0.206978 0
v -0.171963 -0.0243089 -0.140297
vn -0.978345 0.206978 0
v -0.171963 -0.0243089 -0.153514
vn -0.978345 0.206978 0
v -0.168442 -0.00765946 -0.0742125
vn -0.493431 0.104327 0.863505
v -0.168442 -0.00765946 -0.0874293
vn -0.978371 0.206858 0
v -0.169322 -0.0118216 -0.0742125
vn -0.49343 0.104368 0.863501
v -0.168442 -0.00765946 -0.100646
vn -0.978371 0.206858 0
v -0.168442 -0.00765946 -0.113863
vn -0.978371 0.206858 0
v -0.169322 -0.0118216 -0.100646
vn -0.978346 0.206977 0
v -0.170203 -0.0159837 -0.0874293
vn -0.978351 0.206952 0
v -0.169322 -0.0118216 -0.0874293
vn -0.978346 0.206977 0
v -0.171083 -0.0201468 -0.0742125
vn -0.493464 0.104316 0.863488
v -0.170203 -0.0159837 -0.0742125
vn -0.493396 0.104394 0.863517
v -0.168442 -0.00765946 -0.12708
vn -0.978371 0.206858 0
v -0.168442 -0.00765946 -0.140297
vn -0.978371 0.206858 0
v -0.169322 -0.0118216 -0.12708
vn -0.978346 0.206977 0
v -0.168442 -0.00765946 -0.153514
vn -0.978371 0.206858 0
v -0.169322 -0.0118216 -0.140297
vn -0.978346 0.206977 0
v -0.170203 -0.0159837 -0.12708
vn -0.978351 0.206952 0
v -0.171083 -0.0201468 -0.113863
vn -0.978376 0.206833 0
v -0.171963 -0.0243089 -0.100646
vn -0.978345 0.206978 0
v -0.171083 -0.0201468 -0.100646
vn -0.978376 0.206833 0
v -0.172844 -0.028471 -0.0874293
vn -0.978346 0.206978 0
v -0.173724 -0.0326331 -0.0742125
vn -0.493431 0.104327 0.863505
v -0.172844 -0.028471 -0.0742125
vn -0.493416 0.104408 0.863504
v -0.171963 -0.0243089 -0.0742125
vn -0.493424 0.104368 0.863505
v -0.171963 -0.0243089 -0.0874293
vn -0.978345 0.206978 0
v -0.171083 -0.0201468 -0.0874293
vn -0.978376 0.206833 0
v -0.169322 -0.0118216 -0.113863
vn -0.978346 0.206977 0
v -0.170203 -0.0159837 -0.113863
vn -0.978351 0.206952 0
v -0.170203 -0.0159837 -0.100646
vn -0.978351 0.206952 0
v -0.167562 -0.0700932 -0.179948
vn -0.631895 -0.332005 -0.700344
v -0.167562 -0.0700932 -0.166731
vn -0.915164 -0.403082 0
v -0.168442 -0.0659309 -0.179948
vn -0.522805 -0.110535 -0.845256
v -0.167562 -0.0700932 -0.153514
vn -0.915164 -0.403081 0
v -0.168442 -0.0659309 -0.166731
vn -0.978372 -0.206853 0
v -0.169322 -0.0617687 -0.179948
vn -0.522809 -0.110578 -0.845248
v -0.167562 -0.0700932 -0.140297
vn -0.915164 -0.403081 0
v -0.168442 -0.0659309 -0.153514
vn -0.978372 -0.206853 0
v -0.167562 -0.0700932 -0.12708
vn -0.915164 -0.403081 0
v -0.168442 -0.0659309 -0.140297
vn -0.978372 -0.206853 0
v -0.169322 -0.0617687 -0.153514
vn -0.978347 -0.206969 0
v -0.170203 -0.0576064 -0.166731
vn -0.978347 -0.206969 0
v -0.169322 -0.0617687 -0.166731
vn -0.978347 -0.206969 0
v -0.171083 -0.0534442 -0.179948
vn -0.522793 -0.110532 -0.845264
v -0.170203 -0.0576064 -0.179948
vn -0.522794 -0.110618 -0.845252
v -0.167562 -0.0700932 -0.113863
vn -0.915164 -0.403082 0
v -0.168442 -0.0659309 -0.12708
vn -0.978372 -0.206853 0
v -0.167562 -0.0700932 -0.100646
vn -0.915165 -0.40308 0
v -0.168442 -0.0659309 -0.113863
vn -0.978372 -0.206853 0
v -0.169322 -0.0617687 -0.12708
vn -0.978347 -0.206969 0
v -0.167562 -0.0700932 -0.0874293
vn -0.915164 -0.403081 0
v -0.168442 -0.0659309 -0.100646
vn -0.978372 -0.206853 0
v -0.167562 -0.0700932 -0.0742125
vn -0.629018 -0.226463 0.743674
v -0.168442 -0.0659309 -0.0874293
vn -0.978372 -0.206853 0
v -0.169322 -0.0617687 -0.100646
vn -0.978347 -0.206969 0
v -0.170203 -0.0576064 -0.113863
vn -0.978347 -0.206969 0
v -0.169322 -0.0617687 -0.113863
vn -0.978347 -0.206969 0
v -0.171083 -0.0534442 -0.12708
vn -0.978372 -0.206853 0
v -0.170203 -0.0576064 -0.12708
vn -0.978347 -0.206969 0
v -0.171963 -0.049282 -0.140297
vn -0.978347 -0.206971 0
v -0.171083 -0.0534442 -0.140297
vn -0.978372 -0.206853 0
v -0.172844 -0.0451197 -0.153514
vn -0.978348 -0.206968 0
v -0.171963 -0.049282 -0.153514
vn -0.978347 -0.206971 0
v -0.171083 -0.0534442 -0.153514
vn -0.978372 -0.206853 0
v -0.173724 -0.0409574 -0.166731
vn -0.978372 -0.206853 0
v -0.172844 -0.0451197 -0.166731
vn -0.978348 -0.206968 0
v -0.173724 -0.0409574 -0.179948
vn -0.522792 -0.110531 -0.845264
v -0.172844 -0.0451197 -0.179948
vn -0.522794 -0.110619 -0.845252
v -0.171963 -0.049282 -0.179948
vn -0.522802 -0.110578 -0.845252
v -0.171963 -0.049282 -0.166731
vn -0.978347 -0.206971 0
v -0.171083 -0.0534442 -0.166731
vn -0.978372 -0.206853 0
v -0.169322 -0.0617687 -0.140297
vn -0.978347 -0.206969 0
v -0.170203 -0.0576064 -0.140297
vn -0.978347 -0.206969 0
v -0.170203 -0.0576064 -0.153514
vn -0.978347 -0.206969 0
v -0.173724 -0.0409574 -0.0742125
vn -0.493431 -0.104325 0.863505
v -0.173724 -0.0409574 -0.0874293
vn -0.978372 -0.206853 0
v -0.172844 -0.0451197 -0.0742125
vn -0.493418 -0.104361 0.863509
v -0.173724 -0.0409574 -0.100646
vn -0.978372 -0.206853 0
v -0.173724 -0.0409574 -0.113863
vn -0.978372 -0.206853 0
v -0.172844 -0.0451197 -0.100646
vn -0.978348 -0.206968 0
v -0.171963 -0.049282 -0.0874293
vn -0.978347 -0.206971 0
v -0.172844 -0.0451197 -0.0874293
vn -0.978348 -0.206968 0
v -0.171083 -0.0534442 -0.0742125
vn -0.493432 -0.104324 0.863505
v -0.171963 -0.049282 -0.0742125
vn -0.493422 -0.104405 0.863501
v -0.173724 -0.0409574 -0.12708
vn -0.978372 -0.206853 0
v -0.173724 -0.0409574 -0.140297
vn -0.978372 -0.206853 0
v -0.172844 -0.0451197 -0.12708
vn -0.978348 -0.206968 0
v -0.173724 -0.0409574 -0.153514
vn -0.978372 -0.206853 0
v -0.172844 -0.0451197 -0.140297
vn -0.978348 -0.206968 0
v -0.171963 -0.049282 -0.12708
vn -0.978347 -0.206971 0
v -0.171083 -0.0534442 -0.113863
vn -0.978372 -0.206853 0
v -0.170203 -0.0576064 -0.100646
vn -0.978347 -0.206969 0
v -0.171083 -0.0534442 -0.100646
vn -0.978372 -0.206853 0
v -0.169322 -0.0617687 -0.0874293
vn -0.978347 -0.206969 0
v -0.168442 -0.0659309 -0.0742125
vn -0.493432 -0.104324 0.863505
v -0.169322 -0.0617687 -0.0742125
vn -0.493428 -0.104405 0.863498
v -0.170203 -0.0576064 -0.0742125
vn -0.49343 -0.104365 0.863502
v -0.170203 -0.0576064 -0.0874293
vn -0.978347 -0.206969 0
v -0.171083 -0.0534442 -0.0874293
vn -0.978372 -0.206853 0
v -0.172844 -0.0451197 -0.113863
vn -0.978348 -0.206968 0
v -0.171963 -0.049282 -0.113863
vn -0.978347 -0.206971 0
v -0.171963 -0.049282 -0.100646
vn -0.978347 -0.206971 0
v -0.147507 -0.0983216 -0.179948
vn -0.502109 -0.609629 -0.613384
v -0.147507 -0.0983216 -0.166731
vn -0.685151 -0.728401 0
v -0.150013 -0.094793 -0.179948
vn -0.492748 -0.350048 -0.796659
v -0.147507 -0.0983216 -0.153514
vn -0.685151 -0.728401 0
v -0.150013 -0.094793 -0.166731
vn -0.815209 -0.579166 0
v -0.152521 -0.0912645 -0.179948
vn -0.492731 -0.350083 -0.796654
v -0.147507 -0.0983216 -0.140297
vn -0.685151 -0.728401 0
v -0.150013 -0.094793 -0.153514
vn -0.815209 -0.579166 0
v -0.147507 -0.0983216 -0.12708
vn -0.685151 -0.728401 0
v -0.150013 -0.094793 -0.140297
vn -0.815209 -0.579166 0
v -0.152521 -0.0912645 -0.153514
vn -0.815213 -0.579161 0
v -0.155027 -0.0877359 -0.166731
vn -0.815214 -0.579159 0
v -0.152521 -0.0912645 -0.166731
vn -0.815213 -0.579161 0
v -0.157534 -0.0842074 -0.179948
vn -0.492734 -0.350087 -0.796651
v -0.155027 -0.0877359 -0.179948
vn -0.492752 -0.350044 -0.796659
v -0.147507 -0.0983216 -0.113863
vn -0.68515 -0.728402 0
v -0.150013 -0.094793 -0.12708
vn -0.815209 -0.579166 0
v -0.147507 -0.0983216 -0.100646
vn -0.685152 -0.728401 0
v -0.150013 -0.094793 -0.113863
vn -0.815209 -0.579166 0
v -0.152521 -0.0912645 -0.12708
vn -0.815213 -0.579161 0
v -0.147507 -0.0983216 -0.0874293
vn -0.685151 -0.728401 0
v -0.150013 -0.094793 -0.100646
vn -0.815209 -0.579166 0
v -0.147507 -0.0983216 -0.0742125
vn -0.526264 -0.489895 0.695017
v -0.150013 -0.094793 -0.0874293
vn -0.815209 -0.579166 0
v -0.152521 -0.0912645 -0.100646
vn -0.815213 -0.579161 0
v -0.155027 -0.0877359 -0.113863
vn -0.815214 -0.579159 0
v -0.152521 -0.0912645 -0.113863
vn -0.815213 -0.579161 0
v -0.157534 -0.0842074 -0.12708
vn -0.81521 -0.579165 0
v -0.155027 -0.0877359 -0.12708
vn -0.815214 -0.579159 0
v -0.160041 -0.0806788 -0.140297
vn -0.815209 -0.579166 0
v -0.157534 -0.0842074 -0.140297
vn -0.81521 -0.579165 0
v -0.162548 -0.0771503 -0.153514
vn -0.815213 -0.579161 0
v -0.160041 -0.0806788 -0.153514
vn -0.815209 -0.579166 0
v -0.157534 -0.0842074 -0.153514
vn -0.81521 -0.579165 0
v -0.165054 -0.0736217 -0.166731
vn -0.815214 -0.57916 0
v -0.162548 -0.0771503 -0.166731
vn -0.815213 -0.579161 0
v -0.165054 -0.0736217 -0.179948
vn -0.492752 -0.350044 -0.796659
v -0.162548 -0.0771503 -0.179948
vn -0.492732 -0.350083 -0.796654
v -0.160041 -0.0806788 -0.179948
vn -0.492747 -0.350048 -0.79666
v -0.160041 -0.0806788 -0.166731
vn -0.815209 -0.579166 0
v -0.157534 -0.0842074 -0.166731
vn -0.81521 -0.579165 0
v -0.152521 -0.0912645 -0.140297
vn -0.815213 -0.579161 0
v -0.155027 -0.0877359 -0.140297
vn -0.815214 -0.579159 0
v -0.155027 -0.0877359 -0.153514
vn -0.815214 -0.579159 0
v -0.165054 -0.0736217 -0.0742125
vn -0.441006 -0.313331 0.841034
v -0.165054 -0.0736217 -0.0874293
vn -0.815214 -0.57916 0
v -0.162548 -0.0771503 -0.0742125
vn -0.441005 -0.313284 0.841051
v -0.165054 -0.0736217 -0.100646
vn -0.815214 -0.57916 0
v -0.165054 -0.0736217 -0.113863
vn -0.815214 -0.57916 0
v -0.162548 -0.0771503 -0.100646
vn -0.815213 -0.579161 0
v -0.160041 -0.0806788 -0.0874293
vn -0.815209 -0.579166 0
v -0.162548 -0.0771503 -0.0874293
vn -0.815213 -0.579161 0
v -0.157534 -0.0842074 -0.0742125
vn -0.441002 -0.313287 0.841052
v -0.160041 -0.0806788 -0.0742125
vn -0.441002 -0.313332 0.841035
v -0.165054 -0.0736217 -0.12708
vn -0.815214 -0.57916 0
v -0.165054 -0.0736217 -0.140297
vn -0.815214 -0.57916 0
v -0.162548 -0.0771503 -0.12708
vn -0.815213 -0.579161 0
v -0.165054 -0.0736217 -0.153514
vn -0.815214 -0.57916 0
v -0.162548 -0.0771503 -0.140297
vn -0.815213 -0.579161 0
v -0.160041 -0.0806788 -0.12708
vn -0.815209 -0.579166 0
v -0.157534 -0.0842074 -0.113863
vn -0.81521 -0.579165 0
v -0.155027 -0.0877359 -0.100646
vn -0.815214 -0.579159 0
v -0.157534 -0.0842074 -0.100646
vn -0.81521 -0.579165 0
v -0.152521 -0.0912645 -0.0874293
vn -0.815213 -0.579161 0
v -0.150013 -0.094793 -0.0742125
vn -0.441002 -0.313332 0.841035
v -0.152521 -0.0912645 -0.0742125
vn -0.441005 -0.313284 0.841051
v -0.155027 -0.0877359 -0.0742125
vn -0.441006 -0.313331 0.841034
v -0.155027 -0.0877359 -0.0874293
vn -0.815214 -0.579159 0
v -0.157534 -0.0842074 -0.0874293
vn -0.81521 -0.579165 0
v -0.162548 -0.0771503 -0.113863
vn -0.815213 -0.579161 0
v -0.160041 -0.0806788 -0.113863
vn -0.815209 -0.579166 0
v -0.160041 -0.0806788 -0.100646
vn -0.815209 -0.579166 0
v -0.117491 -0.117184 -0.179948
vn -0.26582 -0.834641 -0.482404
v -0.117491 -0.117184 -0.166731
vn -0.36302 -0.931781 0
v -0.121243 -0.114826 -0.179948
vn -0.37899 -0.603093 -0.701887
v -0.117491 -0.117184 -0.153514
vn -0.36302 -0.931781 0
v -0.121243 -0.114826 -0.166731
vn -0.532054 -0.846711 0
v -0.124995 -0.112468 -0.179948
vn -0.378978 -0.603139 -0.701854
v -0.117491 -0.117184 -0.140297
vn -0.36302 -0.931781 0
v -0.121243 -0.114826 -0.153514
vn -0.532054 -0.846711 0
v -0.117491 -0.117184 -0.12708
vn -0.36302 -0.931781 0
v -0.121243 -0.114826 -0.140297
vn -0.532054 -0.846711 0
v -0.124995 -0.112468 -0.153514
vn -0.532054 -0.846711 0
v -0.128747 -0.11011 -0.166731
vn -0.532116 -0.846672 0
v -0.124995 -0.112468 -0.166731
vn -0.532054 -0.846711 0
v -0.132499 -0.107753 -0.179948
vn -0.378993 -0.603089 -0.701889
v -0.128747 -0.11011 -0.179948
vn -0.379014 -0.603066 -0.701897
v -0.117491 -0.117184 -0.113863
vn -0.363019 -0.931782 0
v -0.121243 -0.114826 -0.12708
vn -0.532054 -0.846711 0
v -0.117491 -0.117184 -0.100646
vn -0.363021 -0.931781 0
v -0.121243 -0.114826 -0.113863
vn -0.532054 -0.846711 0
v -0.124995 -0.112468 -0.12708
vn -0.532054 -0.846711 0
v -0.117491 -0.117184 -0.0874293
vn -0.36302 -0.931781 0
v -0.121243 -0.114826 -0.100646
vn -0.532054 -0.846711 0
v -0.117491 -0.117184 -0.0742125
vn -0.334624 -0.720043 0.607918
v -0.121243 -0.114826 -0.0874293
vn -0.532054 -0.846711 0
v -0.124995 -0.112468 -0.100646
vn -0.532054 -0.846711 0
v -0.128747 -0.11011 -0.113863
vn -0.532116 -0.846672 0
v -0.124995 -0.112468 -0.113863
vn -0.532054 -0.846711 0
v -0.132499 -0.107753 -0.12708
vn -0.532062 -0.846705 0
v -0.128747 -0.11011 -0.12708
vn -0.532116 -0.846672 0
v -0.136251 -0.105395 -0.140297
vn -0.532054 -0.846711 0
v -0.132499 -0.107753 -0.140297
vn -0.532062 -0.846705 0
v -0.140003 -0.103037 -0.153514
vn -0.532054 -0.846711 0
v -0.136251 -0.105395 -0.153514
vn -0.532054 -0.846711 0
v -0.132499 -0.107753 -0.153514
vn -0.532062 -0.846705 0
v -0.143755 -0.100679 -0.166731
vn -0.532062 -0.846705 0
v -0.140003 -0.103037 -0.166731
vn -0.532054 -0.846711 0
v -0.143755 -0.100679 -0.179948
vn -0.378975 -0.603116 -0.701875
v -0.140003 -0.103037 -0.179948
vn -0.378989 -0.603099 -0.701883
v -0.136251 -0.105395 -0.179948
vn -0.378981 -0.603135 -0.701856
v -0.136251 -0.105395 -0.166731
vn -0.532054 -0.846711 0
v -0.132499 -0.107753 -0.166731
vn -0.532062 -0.846705 0
v -0.124995 -0.112468 -0.140297
vn -0.532054 -0.846711 0
v -0.128747 -0.11011 -0.140297
vn -0.532116 -0.846672 0
v -0.128747 -0.11011 -0.153514
vn -0.532116 -0.846672 0
v -0.143755 -0.100679 -0.0742125
vn -0.32638 -0.519365 0.78977
v -0.143755 -0.100679 -0.0874293
vn -0.532062 -0.846705 0
v -0.140003 -0.103037 -0.0742125
vn -0.326376 -0.519416 0.789738
v -0.143755 -0.100679 -0.100646
vn -0.532062 -0.846705 0
v -0.143755 -0.100679 -0.113863
vn -0.532062 -0.846705 0
v -0.140003 -0.103037 -0.100646
vn -0.532054 -0.846711 0
v -0.136251 -0.105395 -0.0874293
vn -0.532054 -0.846711 0
v -0.140003 -0.103037 -0.0874293
vn -0.532054 -0.846711 0
v -0.132499 -0.107753 -0.0742125
vn -0.32638 -0.519414 0.789738
v -0.136251 -0.105395 -0.0742125
vn -0.326371 -0.519367 0.789772
v -0.143755 -0.100679 -0.12708
vn -0.532062 -0.846705 0
v -0.143755 -0.100679 -0.140297
vn -0.532062 -0.846705 0
v -0.140003 -0.103037 -0.12708
vn -0.532054 -0.846711 0
v -0.143755 -0.100679 -0.153514
vn -0.532062 -0.846705 0
v -0.140003 -0.103037 -0.140297
vn -0.532054 -0.846711 0
v -0.136251 -0.105395 -0.12708
vn -0.532054 -0.846711 0
v -0.132499 -0.107753 -0.113863
vn -0.532062 -0.846705 0
v -0.128747 -0.11011 -0.100646
vn -0.532116 -0.846672 0
v -0.132499 -0.107753 -0.100646
vn -0.532062 -0.846705 0
v -0.124995 -0.112468 -0.0874293
vn -0.532054 -0.846711 0
v -0.121243 -0.114826 -0.0742125
vn -0.326373 -0.519418 0.789738
v -0.124995 -0.112468 -0.0742125
vn -0.326375 -0.519365 0.789772
v -0.128747 -0.11011 -0.0742125
vn -0.326407 -0.51936 0.789762
v -0.128747 -0.11011 -0.0874293
vn -0.532116 -0.846672 0
v -0.132499 -0.107753 -0.0874293
vn -0.532062 -0.846705 0
v -0.140003 -0.103037 -0.113863
vn -0.532054 -0.846711 0
v -0.136251 -0.105395 -0.113863
vn -0.532054 -0.846711 0
v -0.136251 -0.105395 -0.100646
vn -0.532054 -0.846711 0
v -0.082086 -0.123807 -0.179948
vn 0.0589632 -0.945509 -0.320213
v -0.082086 -0.123807 -0.166731
vn 2.45152e-07 -1 0
v -0.0865113 -0.122979 -0.179948
vn -0.154314 -0.824908 -0.543796
v -0.082086 -0.123807 -0.153514
vn -2.49777e-07 -1 0
v -0.0865113 -0.122979 -0.166731
vn -0.183872 -0.98295 0
v -0.0909376 -0.122151 -0.179948
vn -0.154306 -0.824925 -0.543773
v -0.082086 -0.123807 -0.140297
vn 6.7583e-17 -1 0
v -0.0865113 -0.122979 -0.153514
vn -0.183872 -0.98295 0
v -0.082086 -0.123807 -0.12708
vn 1.85021e-08 -1 0
v -0.0865113 -0.122979 -0.140297
vn -0.183872 -0.98295 0
v -0.0909376 -0.122151 -0.153514
vn -0.183872 -0.98295 0
v -0.0953628 -0.121323 -0.166731
vn -0.183893 -0.982946 0
v -0.0909376 -0.122151 -0.166731
vn -0.183872 -0.98295 0
v -0.0997881 -0.120495 -0.179948
vn -0.154314 -0.824907 -0.543797
v -0.0953628 -0.121323 -0.179948
vn -0.154323 -0.824885 -0.543829
v -0.082086 -0.123807 -0.113863
vn 7.21572e-07 -1 0
v -0.0865113 -0.122979 -0.12708
vn -0.183872 -0.98295 0
v -0.082086 -0.123807 -0.100646
vn -9.80602e-07 -1 0
v -0.0865113 -0.122979 -0.113863
vn -0.183872 -0.98295 0
v -0.0909376 -0.122151 -0.12708
vn -0.183872 -0.98295 0
v -0.082086 -0.123807 -0.0874293
vn -3.37917e-17 -1 0
v -0.0865113 -0.122979 -0.100646
vn -0.183872 -0.98295 0
v -0.082086 -0.123807 -0.0742125
vn -0.0545924 -0.875421 0.480268
v -0.0865113 -0.122979 -0.0874293
vn -0.183872 -0.98295 0
v -0.0909376 -0.122151 -0.100646
vn -0.183872 -0.98295 0
v -0.0953628 -0.121323 -0.113863
vn -0.183893 -0.982946 0
v -0.0909376 -0.122151 -0.113863
vn -0.183872 -0.98295 0
v -0.0997881 -0.120495 -0.12708
vn -0.183872 -0.98295 0
v -0.0953628 -0.121323 -0.12708
vn -0.183893 -0.982946 0
v -0.104214 -0.119667 -0.140297
vn -0.183872 -0.98295 0
v -0.0997881 -0.120495 -0.140297
vn -0.183872 -0.98295 0
v -0.10864 -0.118839 -0.153514
vn -0.183872 -0.98295 0
v -0.104214 -0.119667 -0.153514
vn -0.183872 -0.98295 0
v -0.0997881 -0.120495 -0.153514
vn -0.183872 -0.98295 0
v -0.113066 -0.118012 -0.166731
vn -0.183872 -0.98295 0
v -0.10864 -0.118839 -0.166731
vn -0.183872 -0.98295 0
v -0.113066 -0.118012 -0.179948
vn -0.154305 -0.824925 -0.543773
v -0.10864 -0.118839 -0.179948
vn -0.154312 -0.824891 -0.543823
v -0.104214 -0.119667 -0.179948
vn -0.154306 -0.824925 -0.543773
v -0.104214 -0.119667 -0.166731
vn -0.183872 -0.98295 0
v -0.0997881 -0.120495 -0.166731
vn -0.183872 -0.98295 0
v -0.0909376 -0.122151 -0.140297
vn -0.183872 -0.98295 0
v -0.0953628 -0.121323 -0.140297
vn -0.183893 -0.982946 0
v -0.0953628 -0.121323 -0.153514
vn -0.183893 -0.982946 0
v -0.113066 -0.118012 -0.0742125
vn -0.132001 -0.705628 0.696179
v -0.113066 -0.118012 -0.0874293
vn -0.183872 -0.98295 0
v -0.10864 -0.118839 -0.0742125
vn -0.131992 -0.705635 0.696173
v -0.113066 -0.118012 -0.100646
vn -0.183872 -0.98295 0
v -0.113066 -0.118012 -0.113863
vn -0.183872 -0.98295 0
v -0.10864 -0.118839 -0.100646
vn -0.183872 -0.98295 0
v -0.104214 -0.119667 -0.0874293
vn -0.183872 -0.98295 0
v -0.10864 -0.118839 -0.0874293
vn -0.183872 -0.98295 0
v -0.0997881 -0.120495 -0.0742125
vn -0.131992 -0.705635 0.696173
v -0.104214 -0.119667 -0.0742125
vn -0.132001 -0.705628 0.696179
v -0.113066 -0.118012 -0.12708
vn -0.183872 -0.98295 0
v -0.113066 -0.118012 -0.140297
vn -0.183872 -0.98295 0
v -0.10864 -0.118839 -0.12708
vn -0.183872 -0.98295 0
v -0.113066 -0.118012 -0.153514
vn -0.183872 -0.98295 0
v -0.10864 -0.118839 -0.140297
vn -0.183872 -0.98295 0
v -0.104214 -0.119667 -0.12708
vn -0.183872 -0.98295 0
v -0.0997881 -0.120495 -0.113863
vn -0.183872 -0.98295 0
v -0.0953628 -0.121323 -0.100646
vn -0.183893 -0.982946 0
v -0.0997881 -0.120495 -0.100646
vn -0.183872 -0.98295 0
v -0.0909376 -0.122151 -0.0874293
vn -0.183872 -0.98295 0
v -0.0865113 -0.122979 -0.0742125
vn -0.131992 -0.705635 0.696173
v -0.0909376 -0.122151 -0.0742125
vn -0.132001 -0.705627 0.696179
v -0.0953628 -0.121323 -0.0742125
vn -0.13201 -0.705621 0.696184
v -0.0953628 -0.121323 -0.0874293
vn -0.183893 -0.982946 0
v -0.0997881 -0.120495 -0.0874293
vn -0.183872 -0.98295 0
v -0.10864 -0.118839 -0.113863
vn -0.183872 -0.98295 0
v -0.104214 -0.119667 -0.113863
vn -0.183872 -0.98295 0
v -0.104214 -0.119667 -0.100646
vn -0.183872 -0.98295 0
v -0.0466818 -0.117184 -0.179948
vn 0.416007 -0.895162 -0.160073
v -0.0466818 -0.117184 -0.166731
vn 0.363021 -0.931781 0
v -0.0511071 -0.118012 -0.179948
vn 0.173518 -0.927564 -0.330931
v -0.0466818 -0.117184 -0.153514
vn 0.363021 -0.931781 0
v -0.0511071 -0.118012 -0.166731
vn 0.183872 -0.98295 0
v -0.0555334 -0.118839 -0.179948
vn 0.173507 -0.927578 -0.3309
v -0.0466818 -0.117184 -0.140297
vn 0.363021 -0.931781 0
v -0.0511071 -0.118012 -0.153514
vn 0.183872 -0.98295 0
v -0.0466818 -0.117184 -0.12708
vn 0.363021 -0.931781 0
v -0.0511071 -0.118012 -0.140297
vn 0.183872 -0.98295 0
v -0.0555334 -0.118839 -0.153514
vn 0.183872 -0.98295 0
v -0.0599586 -0.119667 -0.166731
vn 0.183893 -0.982946 0
v -0.0555334 -0.118839 -0.166731
vn 0.183872 -0.98295 0
v -0.0643839 -0.120495 -0.179948
vn 0.173532 -0.927564 -0.330924
v -0.0599586 -0.119667 -0.179948
vn 0.173531 -0.927556 -0.330949
v -0.0466818 -0.117184 -0.113863
vn 0.363021 -0.931781 0
v -0.0511071 -0.118012 -0.12708
vn 0.183872 -0.98295 0
v -0.0466818 -0.117184 -0.100646
vn 0.36302 -0.931781 0
v -0.0511071 -0.118012 -0.113863
vn 0.183872 -0.98295 0
v -0.0555334 -0.118839 -0.12708
vn 0.183872 -0.98295 0
v -0.0466818 -0.117184 -0.0874293
vn 0.363021 -0.931781 0
v -0.0511071 -0.118012 -0.100646
vn 0.183872 -0.98295 0
v -0.0466818 -0.117184 -0.0742125
vn 0.287319 -0.902141 0.321852
v -0.0511071 -0.118012 -0.0874293
vn 0.183872 -0.98295 0
v -0.0555334 -0.118839 -0.100646
vn 0.183872 -0.98295 0
v -0.0599586 -0.119667 -0.113863
vn 0.183893 -0.982946 0
v -0.0555334 -0.118839 -0.113863
vn 0.183872 -0.98295 0
v -0.0643839 -0.120495 -0.12708
vn 0.183893 -0.982946 0
v -0.0599586 -0.119667 -0.12708
vn 0.183893 -0.982946 0
v -0.0688092 -0.121323 -0.140297
vn 0.183893 -0.982946 0
v -0.0643839 -0.120495 -0.140297
vn 0.183893 -0.982946 0
v -0.0732344 -0.122151 -0.153514
vn 0.183872 -0.98295 0
v -0.0688092 -0.121323 -0.153514
vn 0.183893 -0.982946 0
v -0.0643839 -0.120495 -0.153514
vn 0.183893 -0.982946 0
v -0.0776608 -0.122979 -0.166731
vn 0.183872 -0.98295 0
v -0.0732344 -0.122151 -0.166731
vn 0.183872 -0.98295 0
v -0.0776608 -0.122979 -0.179948
vn 0.173505 -0.927565 -0.330937
v -0.0732344 -0.122151 -0.179948
vn 0.173518 -0.927565 -0.330931
v -0.0688092 -0.121323 -0.179948
vn 0.173532 -0.927564 -0.330924
v -0.0688092 -0.121323 -0.166731
vn 0.183893 -0.982946 0
v -0.0643839 -0.120495 -0.166731
vn 0.183893 -0.982946 0
v -0.0555334 -0.118839 -0.140297
vn 0.183872 -0.98295 0
v -0.0599586 -0.119667 -0.140297
vn 0.183893 -0.982946 0
v -0.0599586 -0.119667 -0.153514
vn 0.183893 -0.982946 0
v -0.0776608 -0.122979 -0.0742125
vn 0.154314 -0.824905 0.543801
v -0.0776608 -0.122979 -0.0874293
vn 0.183872 -0.98295 0
v -0.0732344 -0.122151 -0.0742125
vn 0.154305 -0.824922 0.543777
v -0.0776608 -0.122979 -0.100646
vn 0.183872 -0.98295 0
v -0.0776608 -0.122979 -0.113863
vn 0.183872 -0.98295 0
v -0.0732344 -0.122151 -0.100646
vn 0.183872 -0.98295 0
v -0.0688092 -0.121323 -0.0874293
vn 0.183893 -0.982946 0
v -0.0732344 -0.122151 -0.0874293
vn 0.183872 -0.98295 0
v -0.0643839 -0.120495 -0.0742125
vn 0.154322 -0.824882 0.543833
v -0.0688092 -0.121323 -0.0742125
vn 0.154326 -0.824902 0.543801
v -0.0776608 -0.122979 -0.12708
vn 0.183872 -0.98295 0
v -0.0776608 -0.122979 -0.140297
vn 0.183872 -0.98295 0
v -0.0732344 -0.122151 -0.12708
vn 0.183872 -0.98295 0
v -0.0776608 -0.122979 -0.153514
vn 0.183872 -0.98295 0
v -0.0732344 -0.122151 -0.140297
vn 0.183872 -0.98295 0
v -0.0688092 -0.121323 -0.12708
vn 0.183893 -0.982946 0
v -0.0643839 -0.120495 -0.113863
vn 0.183893 -0.982946 0
v -0.0599586 -0.119667 -0.100646
vn 0.183893 -0.982946 0
v -0.0643839 -0.120495 -0.100646
vn 0.183893 -0.982946 0
v -0.0555334 -0.118839 -0.0874293
vn 0.183872 -0.98295 0
v -0.0511071 -0.118012 -0.0742125
vn 0.154305 -0.824922 0.543777
v -0.0555334 -0.118839 -0.0742125
vn 0.154314 -0.824905 0.5438
v -0.0599586 -0.119667 -0.0742125
vn 0.154327 -0.824908 0.543792
v -0.0599586 -0.119667 -0.0874293
vn 0.183893 -0.982946 0
v -0.0643839 -0.120495 -0.0874293
vn 0.183893 -0.982946 0
v -0.0732344 -0.122151 -0.113863
vn 0.183872 -0.98295 0
v -0.0688092 -0.121323 -0.113863
vn 0.183893 -0.982946 0
v -0.0688092 -0.121323 -0.100646
vn 0.183893 -0.982946 0
v -0.016666 -0.0983216 -0.179948
vn 0.731187 -0.680817 -0.0430464
v -0.016666 -0.0983216 -0.166731
vn 0.685091 -0.728458 0
v -0.0204176 -0.100679 -0.179948
vn 0.527961 -0.840141 -0.124182
v -0.016666 -0.0983216 -0.153514
vn 0.68509 -0.728458 0
v -0.0204176 -0.100679 -0.166731
vn 0.532061 -0.846706 0
v -0.0241702 -0.103037 -0.179948
vn 0.527922 -0.84017 -0.124147
v -0.016666 -0.0983216 -0.140297
vn 0.685091 -0.728458 0
v -0.0204176 -0.100679 -0.153514
vn 0.532061 -0.846706 0
v -0.016666 -0.0983216 -0.12708
vn 0.685091 -0.728458 0
v -0.0204176 -0.100679 -0.140297
vn 0.532061 -0.846706 0
v -0.0241702 -0.103037 -0.153514
vn 0.532053 -0.846711 0
v -0.0279218 -0.105395 -0.166731
vn 0.532107 -0.846677 0
v -0.0241702 -0.103037 -0.166731
vn 0.532053 -0.846711 0
v -0.0316734 -0.107753 -0.179948
vn 0.527962 -0.84014 -0.124182
v -0.0279218 -0.105395 -0.179948
vn 0.527989 -0.840131 -0.124126
v -0.016666 -0.0983216 -0.113863
vn 0.685091 -0.728457 0
v -0.0204176 -0.100679 -0.12708
vn 0.532061 -0.846706 0
v -0.016666 -0.0983216 -0.100646
vn 0.68509 -0.728459 0
v -0.0204176 -0.100679 -0.113863
vn 0.532061 -0.846706 0
v -0.0241702 -0.103037 -0.12708
vn 0.532053 -0.846711 0
v -0.016666 -0.0983216 -0.0874293
vn 0.685091 -0.728458 0
v -0.0204176 -0.100679 -0.100646
vn 0.532061 -0.846706 0
v -0.016666 -0.0983216 -0.0742125
vn 0.627283 -0.761686 0.162327
v -0.0204176 -0.100679 -0.0874293
vn 0.532061 -0.846706 0
v -0.0241702 -0.103037 -0.100646
vn 0.532053 -0.846711 0
v -0.0279218 -0.105395 -0.113863
vn 0.532107 -0.846677 0
v -0.0241702 -0.103037 -0.113863
vn 0.532053 -0.846711 0
v -0.0316734 -0.107753 -0.12708
vn 0.532063 -0.846705 0
v -0.0279218 -0.105395 -0.12708
vn 0.532107 -0.846677 0
v -0.035426 -0.11011 -0.140297
vn 0.532063 -0.846705 0
v -0.0316734 -0.107753 -0.140297
vn 0.532063 -0.846705 0
v -0.0391776 -0.112468 -0.153514
vn 0.532053 -0.846711 0
v -0.035426 -0.11011 -0.153514
vn 0.532063 -0.846705 0
v -0.0316734 -0.107753 -0.153514
vn 0.532063 -0.846705 0
v -0.0429302 -0.114826 -0.166731
vn 0.532053 -0.846711 0
v -0.0391776 -0.112468 -0.166731
vn 0.532053 -0.846711 0
v -0.0429302 -0.114826 -0.179948
vn 0.527916 -0.840174 -0.124144
v -0.0391776 -0.112468 -0.179948
vn 0.527954 -0.840143 -0.12419
v -0.035426 -0.11011 -0.179948
vn 0.52793 -0.840166 -0.12414
v -0.035426 -0.11011 -0.166731
vn 0.532063 -0.846705 0
v -0.0316734 -0.107753 -0.166731
vn 0.532063 -0.846705 0
v -0.0241702 -0.103037 -0.140297
vn 0.532053 -0.846711 0
v -0.0279218 -0.105395 -0.140297
vn 0.532107 -0.846677 0
v -0.0279218 -0.105395 -0.153514
vn 0.532107 -0.846677 0
v -0.0429302 -0.114826 -0.0742125
vn 0.501199 -0.797567 0.335688
v -0.0429302 -0.114826 -0.0874293
vn 0.532053 -0.846711 0
v -0.0391776 -0.112468 -0.0742125
vn 0.50117 -0.797608 0.335634
v -0.0429302 -0.114826 -0.100646
vn 0.532053 -0.846711 0
v -0.0429302 -0.114826 -0.113863
vn 0.532053 -0.846711 0
v -0.0391776 -0.112468 -0.100646
vn 0.532053 -0.846711 0
v -0.035426 -0.11011 -0.0874293
vn 0.532063 -0.846705 0
v -0.0391776 -0.112468 -0.0874293
vn 0.532053 -0.846711 0
v -0.0316734 -0.107753 -0.0742125
vn 0.501185 -0.797603 0.335624
v -0.035426 -0.11011 -0.0742125
vn 0.501206 -0.797563 0.335687
v -0.0429302 -0.114826 -0.12708
vn 0.532053 -0.846711 0
v -0.0429302 -0.114826 -0.140297
vn 0.532053 -0.846711 0
v -0.0391776 -0.112468 -0.12708
vn 0.532053 -0.846711 0
v -0.0429302 -0.114826 -0.153514
vn 0.532053 -0.846711 0
v -0.0391776 -0.112468 -0.140297
vn 0.532053 -0.846711 0
v -0.035426 -0.11011 -0.12708
vn 0.532063 -0.846705 0
v -0.0316734 -0.107753 -0.113863
vn 0.532063 -0.846705 0
v -0.0279218 -0.105395 -0.100646
vn 0.532107 -0.846677 0
v -0.0316734 -0.107753 -0.100646
vn 0.532063 -0.846705 0
v -0.0241702 -0.103037 -0.0874293
vn 0.532053 -0.846711 0
v -0.0204176 -0.100679 -0.0742125
vn 0.501182 -0.797602 0.33563
v -0.0241702 -0.103037 -0.0742125
vn 0.501193 -0.797568 0.335693
v -0.0279218 -0.105395 -0.0742125
vn 0.501244 -0.797563 0.335631
v -0.0279218 -0.105395 -0.0874293
vn 0.532107 -0.846677 0
v -0.0316734 -0.107753 -0.0874293
vn 0.532063 -0.846705 0
v -0.0391776 -0.112468 -0.113863
vn 0.532053 -0.846711 0
v -0.035426 -0.11011 -0.113863
vn 0.532063 -0.846705 0
v -0.035426 -0.11011 -0.100646
vn 0.532063 -0.846705 0
v 0.00339083 -0.0700932 -0.179948
vn 0.198816 -0.0715787 -0.977419
v 0.00339083 -0.0700932 -0.166731
vn 0.915164 -0.403081 0
v 0.000883454 -0.0736217 -0.179948
vn 0.808586 -0.574497 -0.127052
v 0.00339083 -0.0700932 -0.153514
vn 0.915164 -0.403082 0
v 0.000883454 -0.0736217 -0.166731
vn 0.815213 -0.579161 0
v -0.00162286 -0.0771503 -0.179948
vn 0.808622 -0.574435 -0.127102
v 0.00339083 -0.0700932 -0.140297
vn 0.915164 -0.403081 0
v 0.000883454 -0.0736217 -0.153514
vn 0.815213 -0.579161 0
v 0.00339083 -0.0700932 -0.12708
vn 0.915164 -0.403081 0
v 0.000883454 -0.0736217 -0.140297
vn 0.815213 -0.579161 0
v -0.00162286 -0.0771503 -0.153514
vn 0.815213 -0.579161 0
v -0.00413024 -0.0806788 -0.166731
vn 0.815153 -0.579246 0
v -0.00162286 -0.0771503 -0.166731
vn 0.815213 -0.579161 0
v -0.00663758 -0.0842074 -0.179948
vn 0.808552 -0.574554 -0.127008
v -0.00413024 -0.0806788 -0.179948
vn 0.808545 -0.574551 -0.127064
v 0.00339083 -0.0700932 -0.113863
vn 0.915164 -0.403081 0
v 0.000883454 -0.0736217 -0.12708
vn 0.815213 -0.579161 0
v 0.00339083 -0.0700932 -0.100646
vn 0.915164 -0.403082 0
v 0.000883454 -0.0736217 -0.113863
vn 0.815213 -0.579161 0
v -0.00162286 -0.0771503 -0.12708
vn 0.815213 -0.579161 0
v 0.00339083 -0.0700932 -0.0874293
vn 0.915164 -0.403081 0
v 0.000883454 -0.0736217 -0.100646
vn 0.815213 -0.579161 0
v 0.00339083 -0.0700932 -0.0742125
vn 0.884401 -0.464675 0.0437253
v 0.000883454 -0.0736217 -0.0874293
vn 0.815213 -0.579161 0
v -0.00162286 -0.0771503 -0.100646
vn 0.815213 -0.579161 0
v -0.00413024 -0.0806788 -0.113863
vn 0.815153 -0.579246 0
v -0.00162286 -0.0771503 -0.113863
vn 0.815213 -0.579161 0
v -0.00663758 -0.0842074 -0.12708
vn 0.815153 -0.579246 0
v -0.00413024 -0.0806788 -0.12708
vn 0.815153 -0.579246 0
v -0.00914496 -0.0877359 -0.140297
vn 0.815213 -0.579161 0
v -0.00663758 -0.0842074 -0.140297
vn 0.815153 -0.579246 0
v -0.0116513 -0.0912645 -0.153514
vn 0.815213 -0.579161 0
v -0.00914496 -0.0877359 -0.153514
vn 0.815213 -0.579161 0
v -0.00663758 -0.0842074 -0.153514
vn 0.815153 -0.579246 0
v -0.0141587 -0.094793 -0.166731
vn 0.815153 -0.579246 0
v -0.0116513 -0.0912645 -0.166731
vn 0.815213 -0.579161 0
v -0.0141587 -0.094793 -0.179948
vn 0.808545 -0.574552 -0.127064
v -0.0116513 -0.0912645 -0.179948
vn 0.808622 -0.574434 -0.127102
v -0.00914496 -0.0877359 -0.179948
vn 0.808586 -0.574496 -0.127052
v -0.00914496 -0.0877359 -0.166731
vn 0.815213 -0.579161 0
v -0.00663758 -0.0842074 -0.166731
vn 0.815153 -0.579246 0
v -0.00162286 -0.0771503 -0.140297
vn 0.815213 -0.579161 0
v -0.00413024 -0.0806788 -0.140297
vn 0.815153 -0.579246 0
v -0.00413024 -0.0806788 -0.153514
vn 0.815153 -0.579246 0
v -0.0141587 -0.094793 -0.0742125
vn 0.808542 -0.574547 0.127101
v -0.0141587 -0.094793 -0.0874293
vn 0.815153 -0.579246 0
v -0.0116513 -0.0912645 -0.0742125
vn 0.808585 -0.574496 0.127062
v -0.0141587 -0.094793 -0.100646
vn 0.815153 -0.579246 0
v -0.0141587 -0.094793 -0.113863
vn 0.815153 -0.579246 0
v -0.0116513 -0.0912645 -0.100646
vn 0.815213 -0.579161 0
v -0.00914496 -0.0877359 -0.0874293
vn 0.815213 -0.579161 0
v -0.0116513 -0.0912645 -0.0874293
vn 0.815213 -0.579161 0
v -0.00663758 -0.0842074 -0.0742125
vn 0.808541 -0.574549 0.127102
v -0.00914496 -0.0877359 -0.0742125
vn 0.808631 -0.574441 0.127019
v -0.0141587 -0.094793 -0.12708
vn 0.815153 -0.579246 0
v -0.0141587 -0.094793 -0.140297
vn 0.815153 -0.579246 0
v -0.0116513 -0.0912645 -0.12708
vn 0.815213 -0.579161 0
v -0.0141587 -0.094793 -0.153514
vn 0.815153 -0.579246 0
v -0.0116513 -0.0912645 -0.140297
vn 0.815213 -0.579161 0
v -0.00914496 -0.0877359 -0.12708
vn 0.815213 -0.579161 0
v -0.00663758 -0.0842074 -0.113863
vn 0.815153 -0.579246 0
v -0.00413024 -0.0806788 -0.100646
vn 0.815153 -0.579246 0
v -0.00663758 -0.0842074 -0.100646
vn 0.815153 -0.579246 0
v -0.00162286 -0.0771503 -0.0874293
vn 0.815213 -0.579161 0
v 0.000883454 -0.0736217 -0.0742125
vn 0.808631 -0.574441 0.127019
v -0.00162286 -0.0771503 -0.0742125
vn 0.808586 -0.574495 0.127061
v -0.00413024 -0.0806788 -0.0742125
vn 0.808542 -0.574547 0.127102
v -0.00413024 -0.0806788 -0.0874293
vn 0.815153 -0.579246 0
v -0.00663758 -0.0842074 -0.0874293
vn 0.815153 -0.579246 0
v -0.0116513 -0.0912645 -0.113863
vn 0.815213 -0.579161 0
v -0.00914496 -0.0877359 -0.113863
vn 0.815213 -0.579161 0
v -0.00914496 -0.0877359 -0.100646
vn 0.815213 -0.579161 0
v 0.00955295 -0.0409574 -0.179948
vn 0.970143 -0.205197 -0.129291
v 0.00955295 -0.0409574 -0.166731
vn 0.978347 -0.206973 0
v 0.00867187 -0.0451197 -0.179948
vn 0.970135 -0.205273 -0.129235
v 0.00955295 -0.0409574 -0.153514
vn 0.978347 -0.206973 0
v 0.00955295 -0.0409574 -0.140297
vn 0.978347 -0.206973 0
v 0.00867187 -0.0451197 -0.153514
vn 0.978348 -0.206968 0
v 0.00779188 -0.049282 -0.166731
vn 0.978372 -0.206851 0
v 0.00867187 -0.0451197 -0.166731
vn 0.978348 -0.206968 0
v 0.00691187 -0.0534442 -0.179948
vn 0.970173 -0.205121 -0.12919
v 0.00779188 -0.049282 -0.179948
vn 0.970174 -0.205115 -0.129191
v 0.00955295 -0.0409574 -0.12708
vn 0.978347 -0.206973 0
v 0.00955295 -0.0409574 -0.113863
vn 0.978347 -0.206973 0
v 0.00867187 -0.0451197 -0.12708
vn 0.978348 -0.206968 0
v 0.00955295 -0.0409574 -0.100646
vn 0.978347 -0.206973 0
v 0.00955295 -0.0409574 -0.0874293
vn 0.978347 -0.206973 0
v 0.00867187 -0.0451197 -0.100646
vn 0.978348 -0.206968 0
v 0.00779188 -0.049282 -0.113863
vn 0.978372 -0.206851 0
v 0.00867187 -0.0451197 -0.113863
vn 0.978348 -0.206968 0
v 0.00691187 -0.0534442 -0.12708
vn 0.978372 -0.206853 0
v 0.00779188 -0.049282 -0.12708
vn 0.978372 -0.206851 0
v 0.00603188 -0.0576064 -0.140297
vn 0.978372 -0.206851 0
v 0.00691187 -0.0534442 -0.140297
vn 0.978372 -0.206853 0
v 0.00515187 -0.0617687 -0.153514
vn 0.978347 -0.206971 0
v 0.00603188 -0.0576064 -0.153514
vn 0.978372 -0.206851 0
v 0.00691187 -0.0534442 -0.153514
vn 0.978372 -0.206853 0
v 0.00427082 -0.0659309 -0.166731
vn 0.978347 -0.20697 0
v 0.00515187 -0.0617687 -0.166731
vn 0.978347 -0.206971 0
v 0.00427082 -0.0659309 -0.179948
vn 0.970134 -0.205274 -0.129236
v 0.00515187 -0.0617687 -0.179948
vn 0.970144 -0.205194 -0.12929
v 0.00603188 -0.0576064 -0.179948
vn 0.970174 -0.205117 -0.129191
v 0.00603188 -0.0576064 -0.166731
vn 0.978372 -0.206851 0
v 0.00691187 -0.0534442 -0.166731
vn 0.978372 -0.206853 0
v 0.00867187 -0.0451197 -0.140297
vn 0.978348 -0.206968 0
v 0.00779188 -0.049282 -0.140297
vn 0.978372 -0.206851 0
v 0.00779188 -0.049282 -0.153514
vn 0.978372 -0.206851 0
v 0.00427082 -0.0659309 -0.0742125
vn 0.970157 -0.205195 0.129193
v 0.00427082 -0.0659309 -0.0874293
vn 0.978347 -0.20697 0
v 0.00515187 -0.0617687 -0.0742125
vn 0.970134 -0.205274 0.129236
v 0.00427082 -0.0659309 -0.100646
vn 0.978347 -0.20697 0
v 0.00427082 -0.0659309 -0.113863
vn 0.978347 -0.20697 0
v 0.00515187 -0.0617687 -0.100646
vn 0.978347 -0.206971 0
v 0.00603188 -0.0576064 -0.0874293
vn 0.978372 -0.206851 0
v 0.00515187 -0.0617687 -0.0874293
vn 0.978347 -0.206971 0
v 0.00691187 -0.0534442 -0.0742125
vn 0.970161 -0.205116 0.129289
v 0.00603188 -0.0576064 -0.0742125
vn 0.970161 -0.205115 0.129287
v 0.00427082 -0.0659309 -0.12708
vn 0.978347 -0.20697 0
v 0.00427082 -0.0659309 -0.140297
vn 0.978347 -0.20697 0
v 0.00515187 -0.0617687 -0.12708
vn 0.978347 -0.206971 0
v 0.00427082 -0.0659309 -0.153514
vn 0.978347 -0.20697 0
v 0.00515187 -0.0617687 -0.140297
vn 0.978347 -0.206971 0
v 0.00603188 -0.0576064 -0.12708
vn 0.978372 -0.206851 0
v 0.00691187 -0.0534442 -0.113863
vn 0.978372 -0.206853 0
v 0.00779188 -0.049282 -0.100646
vn 0.978372 -0.206851 0
v 0.00691187 -0.0534442 -0.100646
vn 0.978372 -0.206853 0
v 0.00867187 -0.0451197 -0.0874293
vn 0.978348 -0.206968 0
v 0.00955295 -0.0409574 -0.0742125
vn 0.970133 -0.205277 0.129241
v 0.00867187 -0.0451197 -0.0742125
vn 0.970158 -0.205193 0.129188
v 0.00779188 -0.049282 -0.0742125
vn 0.97017 -0.205119 0.129216
v 0.00779188 -0.049282 -0.0874293
vn 0.978372 -0.206851 0
v 0.00691187 -0.0534442 -0.0874293
vn 0.978372 -0.206853 0
v 0.00515187 -0.0617687 -0.113863
vn 0.978347 -0.206971 0
v 0.00603188 -0.0576064 -0.113863
vn 0.978372 -0.206851 0
v 0.00603188 -0.0576064 -0.100646
vn 0.978372 -0.206851 0
v -0.00286812 -0.0759795 -0.179948
vn 0 0 -1
v -0.00537547 -0.079508 -0.179948
vn 0 0 -1
v -0.00912705 -0.0818658 -0.179948
vn 0 0 -1
v -0.00788285 -0.0830366 -0.179948
vn 0 0 -1
v -0.0103892 -0.0865652 -0.179948
vn 0 0 -1
v -0.0141418 -0.0889229 -0.179948
vn 0 0 -1
v -0.0178934 -0.0912806 -0.179948
vn 0 0 -1
v -0.0116344 -0.0853943 -0.179948
vn 0 0 -1
v -0.021646 -0.0936384 -0.179948
vn 0 0 -1
v -0.015386 -0.0877521 -0.179948
vn 0 0 -1
v -0.0128965 -0.0900937 -0.179948
vn 0 0 -1
v -0.0154039 -0.0936222 -0.179948
vn 0 0 -1
v -0.0191555 -0.09598 -0.179948
vn 0 0 -1
v -0.0179113 -0.0971508 -0.179948
vn 0 0 -1
v -0.0216628 -0.0995085 -0.179948
vn 0 0 -1
v -0.0254144 -0.101866 -0.179948
vn 0 0 -1
v -0.0291671 -0.104224 -0.179948
vn 0 0 -1
v -0.0329187 -0.106582 -0.179948
vn 0 0 -1
v -0.0266597 -0.100696 -0.179948
vn 0 0 -1
v -0.0366713 -0.10894 -0.179948
vn 0 0 -1
v -0.0404228 -0.111297 -0.179948
vn 0 0 -1
v -0.0341639 -0.105411 -0.179948
vn 0 0 -1
v -0.027905 -0.0995247 -0.179948
vn 0 0 -1
v -0.0304113 -0.103053 -0.179948
vn 0 0 -1
v -0.0241523 -0.0971669 -0.179948
vn 0 0 -1
v -0.0166481 -0.0924515 -0.179948
vn 0 0 -1
v -0.0229081 -0.0983378 -0.179948
vn 0 0 -1
v -0.0204007 -0.0948093 -0.179948
vn 0 0 -1
v 0.00704557 -0.0291047 -0.0742125
vn 0 0 1
v 0.00616556 -0.0249426 -0.0742125
vn 0 0 1
v 0.00365821 -0.0214132 -0.0742125
vn 0 0 1
v 0.00528557 -0.0207795 -0.0742125
vn 0 0 1
v 0.00440452 -0.0166174 -0.0742125
vn 0 0 1
v 0.00189821 -0.0130889 -0.0742125
vn 0 0 1
v -0.000609171 -0.00956052 -0.0742125
vn 0 0 1
v 0.00277819 -0.017251 -0.0742125
vn 0 0 1
v -0.00311655 -0.0060321 -0.0742125
vn 0 0 1
v 0.000270844 -0.0137226 -0.0742125
vn 0 0 1
v 0.0035245 -0.0124553 -0.0742125
vn 0 0 1
v 0.00264452 -0.00829315 -0.0742125
vn 0 0 1
v 0.000137142 -0.00476473 -0.0742125
vn 0 0 1
v 0.00176451 -0.00413104 -0.0742125
vn 0 0 1
v -0.000742843 -0.000602632 -0.0742125
vn 0 0 1
v -0.00325022 0.00292579 -0.0742125
vn 0 0 1
v -0.0057576 0.00645421 -0.0742125
vn 0 0 1
v -0.00826391 0.00998369 -0.0742125
vn 0 0 1
v -0.00487655 0.00229211 -0.0742125
vn 0 0 1
v -0.0107713 0.0135121 -0.0742125
vn 0 0 1
v -0.0132786 0.0170405 -0.0742125
vn 0 0 1
v -0.00989128 0.00935001 -0.0742125
vn 0 0 1
v -0.00650391 0.00165842 -0.0742125
vn 0 0 1
v -0.0073839 0.00582054 -0.0742125
vn 0 0 1
v -0.00399653 -0.00187 -0.0742125
vn 0 0 1
v 0.00101716 -0.00892683 -0.0742125
vn 0 0 1
v -0.00237021 -0.00123631 -0.0742125
vn 0 0 1
v -0.00148916 -0.00539842 -0.0742125
vn 0 0 1
v 0.00118556 -0.0012942 0.284848
vn 0.527737 0.277286 -0.802873
v 0.00118556 -0.0012942 0.298064
vn 0.969481 0.245168 -4.80609e-06
v 0.00206557 -0.0054563 0.284848
vn 0.974672 0.206199 -0.0865793
v 0.00118556 -0.0012942 0.361258
vn 0.898218 0.439551 2.18893e-18
v 0.00822979 -0.0345921 0.390583
vn 0.273731 -0.000226957 0.961806
v 0.00294662 -0.00961841 0.284848
vn 0.970138 0.205238 -0.129265
v 0.00470769 -0.0179426 0.284848
vn 0.970134 0.205255 -0.129269
v 0.00382661 -0.0137805 0.284848
vn 0.970137 0.205242 -0.129266
v 0.00118556 -0.0012942 0.390583
vn 0.966637 0.250715 0.0524827
v 0.00822979 -0.0345921 0.284848
vn 0.996545 -0.0702733 -0.0442608
v -0.0188692 0.0269342 0.284848
vn 0.121229 0.177693 -0.97659
v -0.0188692 0.0269342 0.298064
vn 0.685151 0.728401 0
v -0.0163629 0.0234058 0.284848
vn 0.372664 0.264749 -0.889398
v -0.0188692 0.0269342 0.311281
vn 0.685151 0.728401 0
v -0.0163629 0.0234058 0.298064
vn 0.815201 0.579179 0
v -0.0138555 0.0198774 0.284848
vn 0.372657 0.264782 -0.889392
v -0.0188692 0.0269342 0.324498
vn 0.685151 0.728401 0
v -0.0163629 0.0234058 0.311281
vn 0.815201 0.579179 0
v -0.0188692 0.0269342 0.337715
vn 0.685149 0.728403 0
v -0.0163629 0.0234058 0.324498
vn 0.815201 0.579179 0
v -0.0138555 0.0198774 0.311281
vn 0.815201 0.579179 0
v -0.0113492 0.016349 0.298064
vn 0.815242 0.57912 0
v -0.0138555 0.0198774 0.298064
vn 0.815201 0.579179 0
v -0.0088418 0.0128195 0.284848
vn 0.372736 0.264784 -0.889358
v -0.0113492 0.016349 0.284848
vn 0.372708 0.264754 -0.889378
v -0.0188692 0.0269342 0.350933
vn 0.780999 0.624532 -1.04512e-05
v -0.0163629 0.0234058 0.337715
vn 0.815203 0.579176 2.30885e-06
v -0.0188692 0.0269342 0.36415
vn 0.777635 0.628716 0
v -0.0138555 0.0198774 0.337715
vn 0.81521 0.579166 1.52532e-05
v -0.0188692 0.0269342 0.377366
vn 0.777635 0.628716 0
v -0.0188692 0.0269342 0.390583
vn 0.74917 0.57272 0.332771
v -0.0113492 0.016349 0.337715
vn 0.815225 0.579144 -1.89413e-05
v -0.00633548 0.00929106 0.324498
vn 0.815226 0.579143 -1.91178e-05
v -0.0088418 0.0128195 0.324498
vn 0.81523 0.579137 -1.3296e-05
v -0.00633548 0.00929106 0.311281
vn 0.815186 0.5792 4.91398e-06
v -0.0088418 0.0128195 0.311281
vn 0.815242 0.57912 0
v -0.00132179 0.00223422 0.298064
vn 0.815198 0.579182 -5.08273e-06
v -0.0038281 0.00576264 0.298064
vn 0.815201 0.579177 2.48663e-07
v -0.00132179 0.00223422 0.284848
vn 0.372672 0.264753 -0.889394
v -0.0038281 0.00576264 0.284848
vn 0.372663 0.264785 -0.889388
v -0.00633548 0.00929106 0.284848
vn 0.37267 0.264753 -0.889395
v -0.00633548 0.00929106 0.298064
vn 0.815201 0.579178 0
v -0.0088418 0.0128195 0.298064
vn 0.815242 0.57912 0
v -0.0138555 0.0198774 0.324498
vn 0.815201 0.579179 0
v -0.0113492 0.016349 0.324498
vn 0.815242 0.57912 0
v -0.0113492 0.016349 0.311281
vn 0.815242 0.57912 0
v -0.00132179 0.00223422 0.390583
vn 0.740093 0.525812 0.419265
v -0.0038281 0.00576264 0.390583
vn 0.740091 0.525814 0.419268
v -0.0088418 0.0128195 0.390583
vn 0.740149 0.525777 0.419212
v -0.00633548 0.00929106 0.390583
vn 0.740091 0.525814 0.419268
v -0.0163629 0.0234058 0.390583
vn 0.74009 0.525814 0.419268
v -0.0138555 0.0198774 0.390583
vn 0.74009 0.525814 0.419268
v -0.0113492 0.016349 0.390583
vn 0.740149 0.525777 0.419212
v -0.048885 0.0457953 0.284848
vn 0.277983 0.840003 -0.465961
v -0.048885 0.0457953 0.390583
vn 0.194414 0.830389 0.522166
v -0.0451334 0.0434374 0.377366
vn 0.532082 0.846693 2.16025e-06
v -0.0413808 0.0410795 0.36415
vn 0.532005 0.846741 8.46258e-06
v -0.0226208 0.0292921 0.298064
vn 0.532055 0.84671 -1.54455e-05
v -0.0226208 0.0292921 0.390583
vn 0.247724 0.394241 0.88499
v -0.0226208 0.0292921 0.377366
vn 0.531995 0.846747 0
v -0.0263734 0.031649 0.390583
vn 0.24769 0.394281 0.884981
v -0.0226208 0.0292921 0.36415
vn 0.531995 0.846747 0
v -0.0226208 0.0292921 0.350933
vn 0.531995 0.846747 0
v -0.0263734 0.031649 0.36415
vn 0.531995 0.846747 0
v -0.030125 0.0340069 0.377366
vn 0.532079 0.846695 0
v -0.0263734 0.031649 0.377366
vn 0.531995 0.846747 0
v -0.0338776 0.0363647 0.390583
vn 0.247779 0.394308 0.884945
v -0.030125 0.0340069 0.390583
vn 0.247781 0.394274 0.884959
v -0.0226208 0.0292921 0.337715
vn 0.531995 0.846747 0
v -0.0226208 0.0292921 0.324498
vn 0.531995 0.846747 0
v -0.0263734 0.031649 0.337715
vn 0.531995 0.846747 0
v -0.0226208 0.0292921 0.311281
vn 0.532025 0.846728 2.50213e-05
v -0.030125 0.0340069 0.337715
vn 0.53207 0.8467 -4.40266e-06
v -0.0263734 0.031649 0.324498
vn 0.53203 0.846725 1.65167e-05
v -0.0376292 0.0387226 0.36415
vn 0.532046 0.846716 -8.5681e-07
v -0.0338776 0.0363647 0.36415
vn 0.532079 0.846695 0
v -0.0338776 0.0363647 0.350933
vn 0.53207 0.8467 -2.35794e-06
v -0.0413808 0.0410795 0.377366
vn 0.531994 0.846748 0
v -0.0451334 0.0434374 0.390583
vn 0.247783 0.394312 0.884942
v -0.0413808 0.0410795 0.390583
vn 0.247685 0.394239 0.885002
v -0.0376292 0.0387226 0.390583
vn 0.247766 0.394273 0.884964
v -0.0376292 0.0387226 0.377366
vn 0.532047 0.846715 0
v -0.0338776 0.0363647 0.377366
vn 0.532079 0.846695 0
v -0.0263734 0.031649 0.350933
vn 0.531995 0.846747 0
v -0.030125 0.0340069 0.350933
vn 0.532079 0.846695 0
v -0.030125 0.0340069 0.36415
vn 0.532079 0.846695 0
v -0.0842881 0.0524195 0.284848
vn 0 0.660147 -0.751136
v -0.0842881 0.0524195 0.390583
vn 0 0.924778 0.380507
v -0.119694 0.0457953 0.390583
vn -0.179111 0.634604 0.751796
v -0.119694 0.0457953 0.284848
vn -0.170106 0.643703 -0.74613
v -0.145959 0.0292921 0.324498
vn -0.531967 0.846765 0
v -0.142206 0.031649 0.311281
vn -0.531995 0.846748 0
v -0.145959 0.0292921 0.311281
vn -0.532054 0.846711 -7.83075e-06
v -0.14971 0.0269342 0.390583
vn -0.389316 0.358905 0.848304
v -0.138454 0.0340069 0.298064
vn -0.532133 0.846661 -6.11802e-05
v -0.142206 0.031649 0.298064
vn -0.532026 0.846728 6.38081e-06
v -0.14971 0.0269342 0.284848
vn -0.467327 0.383909 -0.796379
v -0.142206 0.031649 0.337715
vn -0.532026 0.846728 8.68191e-06
v -0.145959 0.0292921 0.337715
vn -0.531896 0.84681 1.56607e-05
v -0.131888 0.0381332 0.390583
vn -0.271959 0.432786 0.859496
v -0.142206 0.031649 0.350933
vn -0.532052 0.846712 -1.14142e-05
v -0.13095 0.0387226 0.324498
vn -0.532007 0.84674 9.89425e-06
v -0.134703 0.0363647 0.324498
vn -0.532064 0.846704 3.84227e-06
v -0.134703 0.0363647 0.311281
vn -0.532066 0.846703 -1.62782e-06
v -0.134703 0.0363647 0.298064
vn -0.53209 0.846688 -2.73321e-05
v -0.13095 0.0387226 0.298064
vn -0.532036 0.846721 0
v -0.142206 0.031649 0.324498
vn -0.531995 0.846748 0
v -0.138454 0.0340069 0.324498
vn -0.532126 0.846665 5.37283e-06
v -0.138454 0.0340069 0.311281
vn -0.532133 0.846661 0
v -0.123446 0.0434374 0.350933
vn -0.532052 0.846712 -9.33936e-06
v -0.127199 0.0410795 0.36415
vn -0.532026 0.846728 -5.15073e-06
v -0.123446 0.0434374 0.324498
vn -0.532069 0.846701 0
v -0.127199 0.0410795 0.337715
vn -0.531993 0.846749 0
v -0.123446 0.0434374 0.337715
vn -0.532069 0.846701 0
v -0.123446 0.0434374 0.311281
vn -0.532104 0.846679 3.84631e-06
v -0.127199 0.0410795 0.324498
vn -0.531972 0.846762 1.70836e-05
v -0.13095 0.0387226 0.337715
vn -0.531985 0.846754 0
v -0.127199 0.0410795 0.350933
vn -0.53199 0.846751 2.07044e-06
v -0.13095 0.0387226 0.350933
vn -0.531969 0.846764 3.25392e-06
v -0.169765 -0.0012942 0.284848
vn -0.719836 0.170315 -0.672925
v -0.169765 -0.0012942 0.390583
vn -0.593804 0.311948 0.741677
v -0.167258 0.00223422 0.284848
vn -0.416454 0.295878 -0.859664
v -0.164751 0.00576264 0.284848
vn -0.416454 0.295879 -0.859664
v -0.159738 0.0128195 0.284848
vn -0.416469 0.295845 -0.859668
v -0.162244 0.00929106 0.284848
vn -0.416454 0.295879 -0.859664
v -0.15723 0.016349 0.284848
vn -0.416461 0.295862 -0.859666
v -0.176807 -0.0345921 0.390583
vn -0.752578 0 0.658503
v -0.176807 -0.0345921 0.284848
vn -0.510727 0 -0.859743
v -0.169765 -0.06789 0.284848
vn -0.660272 -0.213987 -0.719896
v -0.169765 -0.06789 0.390583
vn -0.370948 -0.127212 0.919899
v -0.14971 -0.0961184 0.284848
vn -0.37497 -0.568412 -0.732328
v -0.14971 -0.0961184 0.298064
vn -0.581712 -0.813395 0
v -0.152217 -0.0925899 0.284848
vn -0.0864873 -0.0614431 -0.994356
v -0.14971 -0.0961184 0.311281
vn -0.581712 -0.813395 0
v -0.152217 -0.0925899 0.298064
vn -0.815212 -0.579162 -1.47181e-05
v -0.14971 -0.0961184 0.324498
vn -0.581712 -0.813395 0
v -0.152217 -0.0925899 0.311281
vn -0.815213 -0.579161 0
v -0.14971 -0.0961184 0.337715
vn -0.573129 -0.819465 0
v -0.152217 -0.0925899 0.324498
vn -0.815213 -0.579161 0
v -0.154724 -0.0890613 0.311281
vn -0.815213 -0.579161 0
v -0.15723 -0.0855327 0.298064
vn -0.815222 -0.579149 1.17017e-05
v -0.154724 -0.0890613 0.298064
vn -0.815203 -0.579176 2.93758e-06
v -0.14971 -0.0961184 0.390583
vn -0.235105 -0.245567 0.940437
v -0.152217 -0.0925899 0.337715
vn -0.815231 -0.579136 0
v -0.152217 -0.0925899 0.350933
vn -0.815202 -0.579176 0
v -0.154724 -0.0890613 0.337715
vn -0.815213 -0.579161 0
v -0.15723 -0.0855327 0.350933
vn -0.815205 -0.579173 -3.96126e-06
v -0.154724 -0.0890613 0.350933
vn -0.815213 -0.579161 4.29571e-08
v -0.15723 -0.0855327 0.337715
vn -0.815234 -0.579131 1.32795e-05
v -0.152217 -0.0925899 0.36415
vn -0.815159 -0.579237 -2.03813e-05
v -0.162244 -0.0784757 0.311281
vn -0.815193 -0.579189 -2.09657e-05
v -0.159738 -0.0820042 0.311281
vn -0.81521 -0.579165 0
v -0.159738 -0.0820042 0.324498
vn -0.815201 -0.579178 1.40006e-06
v -0.159738 -0.0820042 0.298064
vn -0.815199 -0.579181 -1.40008e-06
v -0.162244 -0.0784757 0.298064
vn -0.81523 -0.579137 2.09668e-05
v -0.154724 -0.0890613 0.324498
vn -0.815213 -0.579161 0
v -0.15723 -0.0855327 0.324498
vn -0.81521 -0.579165 0
v -0.15723 -0.0855327 0.311281
vn -0.81521 -0.579165 0
v -0.167258 -0.0714185 0.350933
vn -0.815181 -0.579206 0
v -0.164751 -0.0749472 0.36415
vn -0.815215 -0.579158 -1.08772e-05
v -0.167258 -0.0714185 0.36415
vn -0.815245 -0.579116 -1.74086e-05
v -0.164751 -0.0749472 0.337715
vn -0.815208 -0.579169 -1.759e-07
v -0.167258 -0.0714185 0.337715
vn -0.815258 -0.579098 9.94756e-06
v -0.162244 -0.0784757 0.337715
vn -0.815216 -0.579157 7.74737e-06
v -0.159738 -0.0820042 0.350933
vn -0.81521 -0.579166 -7.00054e-07
v -0.15723 -0.0855327 0.36415
vn -0.815187 -0.579198 -1.89952e-05
v -0.159738 -0.0820042 0.36415
vn -0.815218 -0.579154 -1.04917e-06
v -0.164751 -0.0749472 0.350933
vn -0.815213 -0.579161 0
v -0.162244 -0.0784757 0.350933
vn -0.815209 -0.579167 0
v -0.162244 -0.0784757 0.36415
vn -0.815201 -0.579178 -1.10984e-05
v -0.119694 -0.114981 0.284848
vn -0.184027 -0.80238 -0.567733
v -0.119694 -0.114981 0.390583
vn -0.314836 -0.808203 0.497681
v -0.123446 -0.112623 0.284848
vn -0.378989 -0.60311 -0.701872
v -0.127199 -0.110265 0.284848
vn -0.378985 -0.603116 -0.70187
v -0.134703 -0.105549 0.284848
vn -0.378989 -0.60311 -0.701872
v -0.13095 -0.107907 0.284848
vn -0.378985 -0.603117 -0.70187
v -0.145959 -0.0984762 0.284848
vn -0.378985 -0.603116 -0.70187
v -0.142206 -0.100834 0.284848
vn -0.378985 -0.603117 -0.70187
v -0.138454 -0.103192 0.284848
vn -0.379019 -0.603073 -0.701889
v -0.0842881 -0.121604 0.390583
vn 0 -0.772163 0.635425
v -0.0842881 -0.121604 0.284848
vn 0 -0.969224 -0.246182
v -0.048885 -0.114981 0.284848
vn 0.212416 -0.926082 -0.311852
v -0.048885 -0.114981 0.390583
vn 0.269058 -0.9219 0.278761
v -0.0188692 -0.0961184 0.284848
vn 0.784023 -0.610233 -0.113683
v -0.0188692 -0.0961184 0.298064
vn 0.777634 -0.628717 0
v -0.0226208 -0.0984762 0.284848
vn 0.442559 -0.704249 -0.555135
v -0.0188692 -0.0961184 0.311281
vn 0.777634 -0.628717 0
v -0.0226208 -0.0984762 0.298064
vn 0.532055 -0.84671 0
v -0.0263734 -0.100834 0.284848
vn 0.442536 -0.704289 -0.555102
v -0.0188692 -0.0961184 0.324498
vn 0.777634 -0.628717 0
v -0.0226208 -0.0984762 0.311281
vn 0.532055 -0.84671 0
v -0.0188692 -0.0961184 0.337715
vn 0.777634 -0.628717 0
v -0.0226208 -0.0984762 0.324498
vn 0.532055 -0.84671 0
v -0.0263734 -0.100834 0.311281
vn 0.532054 -0.84671 0
v -0.030125 -0.103192 0.298064
vn 0.532061 -0.846706 0
v -0.0263734 -0.100834 0.298064
vn 0.532054 -0.84671 0
v -0.0338776 -0.105549 0.284848
vn 0.442548 -0.70429 -0.555091
v -0.030125 -0.103192 0.284848
vn 0.442566 -0.704252 -0.555126
v -0.0188692 -0.0961184 0.350933
vn 0.777633 -0.628718 0
v -0.0226208 -0.0984762 0.337715
vn 0.532055 -0.84671 0
v -0.0188692 -0.0961184 0.36415
vn 0.777634 -0.628717 0
v -0.0226208 -0.0984762 0.350933
vn 0.532055 -0.84671 0
v -0.0263734 -0.100834 0.337715
vn 0.532054 -0.84671 0
v -0.0188692 -0.0961184 0.377366
vn 0.789156 -0.614193 9.3594e-06
v -0.0226208 -0.0984762 0.36415
vn 0.532055 -0.84671 0
v -0.0188692 -0.0961184 0.390583
vn 0.384683 -0.467057 0.796164
v -0.0226208 -0.0984762 0.377366
vn 0.532055 -0.84671 0
v -0.0263734 -0.100834 0.36415
vn 0.532054 -0.84671 0
v -0.030125 -0.103192 0.350933
vn 0.532061 -0.846706 0
v -0.0263734 -0.100834 0.350933
vn 0.532054 -0.84671 0
v -0.0338776 -0.105549 0.337715
vn 0.532061 -0.846706 0
v -0.030125 -0.103192 0.337715
vn 0.532061 -0.846706 0
v -0.0376292 -0.107907 0.324498
vn 0.532088 -0.846689 0
v -0.0338776 -0.105549 0.324498
vn 0.532061 -0.846706 0
v -0.0376292 -0.107907 0.311281
vn 0.532088 -0.846689 0
v -0.0338776 -0.105549 0.311281
vn 0.532061 -0.846706 0
v -0.0451334 -0.112623 0.284848
vn 0.527945 -0.840153 -0.124166
v -0.0413808 -0.110265 0.284848
vn 0.529128 -0.842045 -0.104801
v -0.0376292 -0.107907 0.284848
vn 0.442626 -0.704292 -0.555027
v -0.0376292 -0.107907 0.298064
vn 0.532093 -0.846686 1.70556e-06
v -0.0338776 -0.105549 0.298064
vn 0.532061 -0.846706 0
v -0.0263734 -0.100834 0.324498
vn 0.532054 -0.84671 0
v -0.030125 -0.103192 0.324498
vn 0.532061 -0.846706 0
v -0.030125 -0.103192 0.311281
vn 0.532061 -0.846706 0
v -0.0376292 -0.107907 0.377366
vn 0.532088 -0.846689 0
v -0.0338776 -0.105549 0.390583
vn 0.247764 -0.394265 0.884968
v -0.0376292 -0.107907 0.390583
vn 0.176139 -0.280285 0.943618
v -0.0376292 -0.107907 0.337715
vn 0.532088 -0.846689 0
v -0.0338776 -0.105549 0.350933
vn 0.532061 -0.846706 0
v -0.030125 -0.103192 0.36415
vn 0.532061 -0.846706 0
v -0.0338776 -0.105549 0.36415
vn 0.532061 -0.846706 0
v -0.0263734 -0.100834 0.377366
vn 0.532054 -0.84671 0
v -0.0226208 -0.0984762 0.390583
vn 0.247751 -0.394292 0.88496
v -0.0263734 -0.100834 0.390583
vn 0.24776 -0.394263 0.88497
v -0.030125 -0.103192 0.390583
vn 0.247759 -0.394295 0.884956
v -0.030125 -0.103192 0.377366
vn 0.532061 -0.846706 0
v -0.0338776 -0.105549 0.377366
vn 0.532061 -0.846706 0
v -0.0376292 -0.107907 0.350933
vn 0.532088 -0.846689 0
v -0.0376292 -0.107907 0.36415
vn 0.532088 -0.846689 0
v -0.0163629 -0.0925899 0.390583
vn 0.812257 -0.577062 0.0850754
v 0.00118556 -0.06789 0.284848
vn 0.252796 -0.111097 -0.96112
v -0.0138555 -0.0890613 0.390583
vn 0.808608 -0.574468 0.127039
v -0.0088418 -0.0820042 0.390583
vn 0.808604 -0.574474 0.127041
v -0.0113492 -0.0855327 0.390583
vn 0.808604 -0.574474 0.127041
v 0.00118556 -0.06789 0.390583
vn 0.967869 -0.251034 0.0145741
v -0.00132179 -0.0714185 0.390583
vn 0.80861 -0.574466 0.127038
v -0.0038281 -0.0749472 0.390583
vn 0.808608 -0.574468 0.127039
v -0.00633548 -0.0784757 0.390583
vn 0.808604 -0.574474 0.127041
v 0.621403 0.0256289 -0.15792
vn 0.919717 0.363181 -0.149063
v 0.621403 0.0256289 -0.052184
vn 0.899422 0.435556 0.0364925
v 0.628446 -0.00766893 -0.052184
vn 0.274723 0 0.961523
v 0.628446 -0.00766893 -0.15792
vn 0.99779 0 -0.0664534
v 0.601349 0.0538574 -0.15792
vn 0.250348 0.209417 -0.945236
v 0.601349 0.0538574 -0.144703
vn 0.78914 0.614214 0
v 0.601349 0.0538574 -0.118682
vn 0.762997 0.646402 6.0137e-07
v 0.607929 0.0445953 -0.052184
vn 0.798811 0.567512 0.19958
v 0.601349 0.0538574 -0.052184
vn 0.713757 0.634618 0.296328
v 0.571333 0.0727184 -0.15792
vn 0.0671987 0.210934 -0.975188
v 0.571333 0.0727184 -0.144703
vn 0.363083 0.931757 0
v 0.575085 0.0703605 -0.15792
vn 0.145734 0.231896 -0.961762
v 0.571333 0.0727184 -0.131486
vn 0.363083 0.931757 0
v 0.575085 0.0703605 -0.144703
vn 0.532077 0.846696 0
v 0.578837 0.0680026 -0.15792
vn 0.145703 0.231901 -0.961765
v 0.571333 0.0727184 -0.118269
vn 0.363083 0.931757 0
v 0.575085 0.0703605 -0.131486
vn 0.532077 0.846696 0
v 0.571333 0.0727184 -0.105052
vn 0.363082 0.931757 0
v 0.575085 0.0703605 -0.118269
vn 0.532077 0.846696 0
v 0.578837 0.0680026 -0.131486
vn 0.531994 0.846748 0
v 0.582589 0.0656458 -0.144703
vn 0.532048 0.846714 0
v 0.578837 0.0680026 -0.144703
vn 0.531994 0.846748 0
v 0.58634 0.0632879 -0.15792
vn 0.145734 0.231894 -0.961762
v 0.582589 0.0656458 -0.15792
vn 0.145707 0.231899 -0.961765
v 0.571333 0.0727184 -0.0918346
vn 0.363084 0.931756 0
v 0.575085 0.0703605 -0.105052
vn 0.532077 0.846696 0
v 0.571333 0.0727184 -0.0786177
vn 0.363083 0.931757 0
v 0.575085 0.0703605 -0.0918346
vn 0.532077 0.846696 0
v 0.578837 0.0680026 -0.105052
vn 0.531994 0.846748 0
v 0.571333 0.0727184 -0.0654009
vn 0.363083 0.931757 0
v 0.575085 0.0703605 -0.0786177
vn 0.532077 0.846696 0
v 0.571333 0.0727184 -0.052184
vn 0.144778 0.311493 0.939155
v 0.575085 0.0703605 -0.0654009
vn 0.532077 0.846696 0
v 0.578837 0.0680026 -0.0786177
vn 0.531994 0.846748 0
v 0.582589 0.0656458 -0.0918346
vn 0.532048 0.846714 0
v 0.578837 0.0680026 -0.0918346
vn 0.531994 0.846748 0
v 0.58634 0.0632879 -0.105052
vn 0.532079 0.846695 0
v 0.582589 0.0656458 -0.105052
vn 0.532048 0.846714 0
v 0.590093 0.06093 -0.118269
vn 0.532023 0.84673 -1.32594e-05
v 0.58634 0.0632879 -0.118269
vn 0.532079 0.846695 0
v 0.590093 0.06093 -0.131486
vn 0.532023 0.84673 8.4999e-06
v 0.58634 0.0632879 -0.131486
vn 0.532079 0.846695 0
v 0.597597 0.0562153 -0.144703
vn 0.532088 0.846689 5.97023e-06
v 0.593845 0.0585732 -0.144703
vn 0.532013 0.846736 1.355e-05
v 0.597597 0.0562153 -0.15792
vn 0.145731 0.231911 -0.961759
v 0.593845 0.0585732 -0.15792
vn 0.145684 0.231884 -0.961772
v 0.590093 0.06093 -0.15792
vn 0.145704 0.231904 -0.961765
v 0.590093 0.06093 -0.144703
vn 0.531994 0.846748 0
v 0.58634 0.0632879 -0.144703
vn 0.532079 0.846695 0
v 0.578837 0.0680026 -0.118269
vn 0.531994 0.846748 0
v 0.582589 0.0656458 -0.118269
vn 0.532048 0.846714 0
v 0.582589 0.0656458 -0.131486
vn 0.532048 0.846714 0
v 0.597597 0.0562153 -0.052184
vn 0.46294 0.73667 0.492954
v 0.593845 0.0585732 -0.052184
vn 0.433826 0.690427 0.578883
v 0.593845 0.0585732 -0.0786177
vn 0.531996 0.846747 -1.32613e-05
v 0.590093 0.06093 -0.0654009
vn 0.531994 0.846748 0
v 0.593845 0.0585732 -0.0654009
vn 0.53203 0.846725 0
v 0.58634 0.0632879 -0.052184
vn 0.247773 0.3943 0.88495
v 0.590093 0.06093 -0.052184
vn 0.247683 0.394236 0.885004
v 0.597597 0.0562153 -0.118269
vn 0.532081 0.846694 0
v 0.593845 0.0585732 -0.105052
vn 0.532058 0.846708 2.7271e-05
v 0.593845 0.0585732 -0.118269
vn 0.531985 0.846754 -4.39713e-05
v 0.590093 0.06093 -0.105052
vn 0.531994 0.846748 0
v 0.58634 0.0632879 -0.0918346
vn 0.532079 0.846695 0
v 0.582589 0.0656458 -0.0786177
vn 0.532048 0.846714 0
v 0.58634 0.0632879 -0.0786177
vn 0.532079 0.846695 0
v 0.578837 0.0680026 -0.0654009
vn 0.531994 0.846748 0
v 0.575085 0.0703605 -0.052184
vn 0.247775 0.394304 0.884947
v 0.578837 0.0680026 -0.052184
vn 0.247679 0.39423 0.885007
v 0.582589 0.0656458 -0.052184
vn 0.247762 0.394265 0.884968
v 0.582589 0.0656458 -0.0654009
vn 0.532048 0.846714 0
v 0.58634 0.0632879 -0.0654009
vn 0.532079 0.846695 0
v 0.590093 0.06093 -0.0918346
vn 0.532045 0.846716 1.1699e-05
v 0.590093 0.06093 -0.0786177
vn 0.532005 0.846741 -9.29461e-06
v 0.535928 0.0793426 -0.15792
vn -0.0101441 0.162592 -0.986641
v 0.535928 0.0793426 -0.144703
vn 9.25567e-09 1 0
v 0.540353 0.0785142 -0.15792
vn 0.0349108 0.186583 -0.981819
v 0.535928 0.0793426 -0.131486
vn -2.59158e-07 1 0
v 0.540353 0.0785142 -0.144703
vn 0.183871 0.98295 0
v 0.544779 0.0776868 -0.15792
vn 0.0348963 0.186596 -0.981817
v 0.535928 0.0793426 -0.118269
vn 2.59158e-07 1 0
v 0.540353 0.0785142 -0.131486
vn 0.183871 0.98295 0
v 0.535928 0.0793426 -0.105052
vn -9.99596e-07 1 0
v 0.540353 0.0785142 -0.118269
vn 0.183871 0.98295 0
v 0.544779 0.0776868 -0.131486
vn 0.183872 0.98295 0
v 0.549204 0.0768584 -0.144703
vn 0.184005 0.982925 0
v 0.544779 0.0776868 -0.144703
vn 0.183872 0.98295 0
v 0.55363 0.07603 -0.15792
vn 0.0349115 0.186584 -0.981819
v 0.549204 0.0768584 -0.15792
vn 0.034933 0.186606 -0.981813
v 0.535928 0.0793426 -0.0918346
vn 1.24024e-06 1 0
v 0.540353 0.0785142 -0.105052
vn 0.183871 0.98295 0
v 0.535928 0.0793426 -0.0786177
vn 1.85115e-08 1 0
v 0.540353 0.0785142 -0.0918346
vn 0.183871 0.98295 0
v 0.544779 0.0776868 -0.105052
vn 0.183872 0.98295 0
v 0.535928 0.0793426 -0.0654009
vn -1.85115e-08 1 0
v 0.540353 0.0785142 -0.0786177
vn 0.183871 0.98295 0
v 0.535928 0.0793426 -0.052184
vn 0.0138594 0.222124 0.97492
v 0.540353 0.0785142 -0.0654009
vn 0.183871 0.98295 0
v 0.544779 0.0776868 -0.0786177
vn 0.183872 0.98295 0
v 0.549204 0.0768584 -0.0918346
vn 0.184005 0.982925 0
v 0.544779 0.0776868 -0.0918346
vn 0.183872 0.98295 0
v 0.55363 0.07603 -0.105052
vn 0.183873 0.98295 0
v 0.549204 0.0768584 -0.105052
vn 0.184005 0.982925 0
v 0.558056 0.0752026 -0.118269
vn 0.183872 0.98295 0
v 0.55363 0.07603 -0.118269
vn 0.183873 0.98295 0
v 0.562481 0.0743742 -0.131486
vn 0.183871 0.98295 0
v 0.558056 0.0752026 -0.131486
vn 0.183872 0.98295 0
v 0.55363 0.07603 -0.131486
vn 0.183873 0.98295 0
v 0.566908 0.0735468 -0.144703
vn 0.183873 0.98295 0
v 0.562481 0.0743742 -0.144703
vn 0.183871 0.98295 0
v 0.566908 0.0735468 -0.15792
vn 0.0348965 0.186597 -0.981817
v 0.562481 0.0743742 -0.15792
vn 0.034911 0.186583 -0.981819
v 0.558056 0.0752026 -0.15792
vn 0.0348965 0.186597 -0.981817
v 0.558056 0.0752026 -0.144703
vn 0.183872 0.98295 0
v 0.55363 0.07603 -0.144703
vn 0.183873 0.98295 0
v 0.544779 0.0776868 -0.118269
vn 0.183872 0.98295 0
v 0.549204 0.0768584 -0.118269
vn 0.184005 0.982925 0
v 0.549204 0.0768584 -0.131486
vn 0.184005 0.982925 0
v 0.566908 0.0735468 -0.052184
vn 0.0511186 0.273201 0.960598
v 0.566908 0.0735468 -0.0654009
vn 0.183873 0.98295 0
v 0.562481 0.0743742 -0.052184
vn 0.0510967 0.273225 0.960592
v 0.566908 0.0735468 -0.0786177
vn 0.183873 0.98295 0
v 0.566908 0.0735468 -0.0918346
vn 0.183873 0.98295 0
v 0.562481 0.0743742 -0.0786177
vn 0.183871 0.98295 0
v 0.558056 0.0752026 -0.0654009
vn 0.183872 0.98295 0
v 0.562481 0.0743742 -0.0654009
vn 0.183871 0.98295 0
v 0.55363 0.07603 -0.052184
vn 0.0510971 0.273224 0.960592
v 0.558056 0.0752026 -0.052184
vn 0.0511183 0.273201 0.960598
v 0.566908 0.0735468 -0.105052
vn 0.183873 0.98295 0
v 0.566908 0.0735468 -0.118269
vn 0.183873 0.98295 0
v 0.562481 0.0743742 -0.105052
vn 0.183871 0.98295 0
v 0.566908 0.0735468 -0.131486
vn 0.183873 0.98295 0
v 0.562481 0.0743742 -0.118269
vn 0.183871 0.98295 0
v 0.558056 0.0752026 -0.105052
vn 0.183872 0.98295 0
v 0.55363 0.07603 -0.0918346
vn 0.183873 0.98295 0
v 0.549204 0.0768584 -0.0786177
vn 0.184005 0.982925 0
v 0.55363 0.07603 -0.0786177
vn 0.183873 0.98295 0
v 0.544779 0.0776868 -0.0654009
vn 0.183872 0.98295 0
v 0.540353 0.0785142 -0.052184
vn 0.0510963 0.273221 0.960593
v 0.544779 0.0776868 -0.052184
vn 0.0511179 0.273199 0.960598
v 0.549204 0.0768584 -0.052184
vn 0.0511533 0.273252 0.960581
v 0.549204 0.0768584 -0.0654009
vn 0.184005 0.982925 0
v 0.55363 0.07603 -0.0654009
vn 0.183873 0.98295 0
v 0.562481 0.0743742 -0.0918346
vn 0.183871 0.98295 0
v 0.558056 0.0752026 -0.0918346
vn 0.183872 0.98295 0
v 0.558056 0.0752026 -0.0786177
vn 0.183872 0.98295 0
v 0.500521 0.0727184 -0.15792
vn -0.0552486 0.118879 -0.99137
v 0.500521 0.0727184 -0.144703
vn -0.363042 0.931773 0
v 0.504948 0.0735468 -0.15792
vn -0.0269221 0.143895 -0.989227
v 0.500521 0.0727184 -0.131486
vn -0.363042 0.931773 0
v 0.504948 0.0735468 -0.144703
vn -0.183874 0.98295 0
v 0.509373 0.0743742 -0.15792
vn -0.0269133 0.143887 -0.989228
v 0.500521 0.0727184 -0.118269
vn -0.363042 0.931773 0
v 0.504948 0.0735468 -0.131486
vn -0.183874 0.98295 0
v 0.500521 0.0727184 -0.105052
vn -0.363043 0.931772 0
v 0.504948 0.0735468 -0.118269
vn -0.183874 0.98295 0
v 0.509373 0.0743742 -0.131486
vn -0.183893 0.982946 0
v 0.513798 0.0752026 -0.144703
vn -0.183871 0.98295 0
v 0.509373 0.0743742 -0.144703
vn -0.183893 0.982946 0
v 0.518224 0.07603 -0.15792
vn -0.0269106 0.143895 -0.989227
v 0.513798 0.0752026 -0.15792
vn -0.0269216 0.143884 -0.989228
v 0.500521 0.0727184 -0.0918346
vn -0.363041 0.931773 0
v 0.504948 0.0735468 -0.105052
vn -0.183874 0.98295 0
v 0.500521 0.0727184 -0.0786177
vn -0.363042 0.931773 0
v 0.504948 0.0735468 -0.0918346
vn -0.183874 0.98295 0
v 0.509373 0.0743742 -0.105052
vn -0.183893 0.982946 0
v 0.500521 0.0727184 -0.0654009
vn -0.363042 0.931773 0
v 0.504948 0.0735468 -0.0786177
vn -0.183874 0.98295 0
v 0.500521 0.0727184 -0.052184
vn -0.0491653 0.154354 0.986792
v 0.504948 0.0735468 -0.0654009
vn -0.183874 0.98295 0
v 0.509373 0.0743742 -0.0786177
vn -0.183893 0.982946 0
v 0.513798 0.0752026 -0.0918346
vn -0.183871 0.98295 0
v 0.509373 0.0743742 -0.0918346
vn -0.183893 0.982946 0
v 0.518224 0.07603 -0.105052
vn -0.183873 0.98295 0
v 0.513798 0.0752026 -0.105052
vn -0.183871 0.98295 0
v 0.52265 0.0768584 -0.118269
vn -0.183984 0.982929 0
v 0.518224 0.07603 -0.118269
vn -0.183873 0.98295 0
v 0.527076 0.0776868 -0.131486
vn -0.183872 0.98295 0
v 0.52265 0.0768584 -0.131486
vn -0.183984 0.982929 0
v 0.518224 0.07603 -0.131486
vn -0.183873 0.98295 0
v 0.531501 0.0785142 -0.144703
vn -0.183872 0.98295 0
v 0.527076 0.0776868 -0.144703
vn -0.183872 0.98295 0
v 0.531501 0.0785142 -0.15792
vn -0.0269106 0.143884 -0.989229
v 0.527076 0.0776868 -0.15792
vn -0.0269217 0.143894 -0.989227
v 0.52265 0.0768584 -0.15792
vn -0.0269309 0.143872 -0.98923
v 0.52265 0.0768584 -0.144703
vn -0.183984 0.982929 0
v 0.518224 0.07603 -0.144703
vn -0.183873 0.98295 0
v 0.509373 0.0743742 -0.118269
vn -0.183893 0.982946 0
v 0.513798 0.0752026 -0.118269
vn -0.183871 0.98295 0
v 0.513798 0.0752026 -0.131486
vn -0.183871 0.98295 0
v 0.531501 0.0785142 -0.052184
vn -0.0349114 0.186599 0.981816
v 0.531501 0.0785142 -0.0654009
vn -0.183872 0.98295 0
v 0.527076 0.0776868 -0.052184
vn -0.0348968 0.186584 0.981819
v 0.531501 0.0785142 -0.0786177
vn -0.183872 0.98295 0
v 0.531501 0.0785142 -0.0918346
vn -0.183872 0.98295 0
v 0.527076 0.0776868 -0.0786177
vn -0.183872 0.98295 0
v 0.52265 0.0768584 -0.0654009
vn -0.183984 0.982929 0
v 0.527076 0.0776868 -0.0654009
vn -0.183872 0.98295 0
v 0.518224 0.07603 -0.052184
vn -0.0349118 0.186586 0.981818
v 0.52265 0.0768584 -0.052184
vn -0.0349219 0.186577 0.98182
v 0.531501 0.0785142 -0.105052
vn -0.183872 0.98295 0
v 0.531501 0.0785142 -0.118269
vn -0.183872 0.98295 0
v 0.527076 0.0776868 -0.105052
vn -0.183872 0.98295 0
v 0.531501 0.0785142 -0.131486
vn -0.183872 0.98295 0
v 0.527076 0.0776868 -0.118269
vn -0.183872 0.98295 0
v 0.52265 0.0768584 -0.105052
vn -0.183984 0.982929 0
v 0.518224 0.07603 -0.0918346
vn -0.183873 0.98295 0
v 0.513798 0.0752026 -0.0786177
vn -0.183871 0.98295 0
v 0.518224 0.07603 -0.0786177
vn -0.183873 0.98295 0
v 0.509373 0.0743742 -0.0654009
vn -0.183893 0.982946 0
v 0.504948 0.0735468 -0.052184
vn -0.0348971 0.186584 0.981819
v 0.509373 0.0743742 -0.052184
vn -0.0349147 0.186588 0.981818
v 0.513798 0.0752026 -0.052184
vn -0.0348966 0.186599 0.981816
v 0.513798 0.0752026 -0.0654009
vn -0.183871 0.98295 0
v 0.518224 0.07603 -0.0654009
vn -0.183873 0.98295 0
v 0.527076 0.0776868 -0.0918346
vn -0.183872 0.98295 0
v 0.52265 0.0768584 -0.0918346
vn -0.183984 0.982929 0
v 0.52265 0.0768584 -0.0786177
vn -0.183984 0.982929 0
v 0.470508 0.0538574 -0.15792
vn -0.0586567 0.0456564 -0.997234
v 0.470508 0.0538574 -0.144703
vn -0.777623 0.628731 0
v 0.474259 0.0562153 -0.15792
vn -0.0652025 0.103742 -0.992465
v 0.470508 0.0538574 -0.131486
vn -0.789127 0.61423 0
v 0.474259 0.0562153 -0.144703
vn -0.532132 0.846662 1.05767e-07
v 0.478011 0.0585732 -0.15792
vn -0.0651995 0.103753 -0.992464
v 0.478011 0.0585732 -0.131486
vn -0.532059 0.846707 0
v 0.481762 0.06093 -0.144703
vn -0.531994 0.846748 0
v 0.478011 0.0585732 -0.144703
vn -0.532076 0.846696 1.0863e-07
v 0.485515 0.0632879 -0.15792
vn -0.065198 0.103754 -0.992464
v 0.481762 0.06093 -0.15792
vn -0.0651853 0.103755 -0.992464
v 0.470508 0.0538574 -0.101748
vn -0.743851 0.668346 6.64093e-19
v 0.470508 0.0538574 -0.0786177
vn -0.780668 0.624946 0
v 0.474259 0.0562153 -0.0918346
vn -0.532132 0.846662 0
v 0.478011 0.0585732 -0.105052
vn -0.532047 0.846715 0
v 0.474259 0.0562153 -0.105052
vn -0.532132 0.846662 -2.67939e-07
v 0.470508 0.0538574 -0.0654009
vn -0.806915 0.590668 0
v 0.474259 0.0562153 -0.0786177
vn -0.532132 0.846662 0
v 0.470508 0.0538574 -0.052184
vn -0.0688838 0.0576236 0.995959
v 0.474259 0.0562153 -0.0654009
vn -0.532132 0.846662 0
v 0.478011 0.0585732 -0.0786177
vn -0.532047 0.846715 0
v 0.481762 0.06093 -0.0918346
vn -0.531994 0.846748 0
v 0.478011 0.0585732 -0.0918346
vn -0.532047 0.846715 0
v 0.485515 0.0632879 -0.105052
vn -0.532079 0.846695 0
v 0.481762 0.06093 -0.105052
vn -0.531994 0.846748 0
v 0.489267 0.0656458 -0.118269
vn -0.532048 0.846714 0
v 0.485515 0.0632879 -0.118269
vn -0.532079 0.846695 0
v 0.493018 0.0680026 -0.131486
vn -0.532048 0.846714 0
v 0.489267 0.0656458 -0.131486
vn -0.532048 0.846714 0
v 0.485515 0.0632879 -0.131486
vn -0.532079 0.846695 0
v 0.49677 0.0703605 -0.144703
vn -0.532132 0.846662 0
v 0.493018 0.0680026 -0.144703
vn -0.532048 0.846714 0
v 0.49677 0.0703605 -0.15792
vn -0.0652035 0.103743 -0.992465
v 0.493018 0.0680026 -0.15792
vn -0.0651903 0.103753 -0.992464
v 0.489267 0.0656458 -0.15792
vn -0.0651998 0.103753 -0.992464
v 0.489267 0.0656458 -0.144703
vn -0.532048 0.846714 0
v 0.485515 0.0632879 -0.144703
vn -0.532079 0.846695 0
v 0.478011 0.0585732 -0.118269
vn -0.532057 0.846709 -1.48865e-07
v 0.481762 0.06093 -0.118269
vn -0.531994 0.846748 0
v 0.481762 0.06093 -0.131486
vn -0.531994 0.846748 0
v 0.49677 0.0703605 -0.052184
vn -0.0766859 0.122013 0.989562
v 0.49677 0.0703605 -0.0654009
vn -0.532132 0.846662 0
v 0.493018 0.0680026 -0.052184
vn -0.0766837 0.122027 0.98956
v 0.49677 0.0703605 -0.0786177
vn -0.532132 0.846662 0
v 0.49677 0.0703605 -0.0918346
vn -0.532132 0.846662 0
v 0.493018 0.0680026 -0.0786177
vn -0.532048 0.846714 0
v 0.489267 0.0656458 -0.0654009
vn -0.532048 0.846714 0
v 0.493018 0.0680026 -0.0654009
vn -0.532048 0.846714 0
v 0.485515 0.0632879 -0.052184
vn -0.0766808 0.122016 0.989562
v 0.489267 0.0656458 -0.052184
vn -0.0766721 0.122027 0.989561
v 0.49677 0.0703605 -0.105052
vn -0.532132 0.846662 0
v 0.49677 0.0703605 -0.118269
vn -0.532132 0.846662 0
v 0.493018 0.0680026 -0.105052
vn -0.532048 0.846714 0
v 0.49677 0.0703605 -0.131486
vn -0.532132 0.846662 0
v 0.493018 0.0680026 -0.118269
vn -0.532048 0.846714 0
v 0.489267 0.0656458 -0.105052
vn -0.532048 0.846714 0
v 0.485515 0.0632879 -0.0918346
vn -0.532079 0.846695 0
v 0.481762 0.06093 -0.0786177
vn -0.531994 0.846748 0
v 0.485515 0.0632879 -0.0786177
vn -0.532079 0.846695 0
v 0.478011 0.0585732 -0.0654009
vn -0.532047 0.846715 0
v 0.474259 0.0562153 -0.052184
vn -0.0766847 0.122011 0.989562
v 0.478011 0.0585732 -0.052184
vn -0.076672 0.122027 0.989561
v 0.481762 0.06093 -0.052184
vn -0.0766788 0.122043 0.989558
v 0.481762 0.06093 -0.0654009
vn -0.531994 0.846748 0
v 0.485515 0.0632879 -0.0654009
vn -0.532079 0.846695 0
v 0.493018 0.0680026 -0.0918346
vn -0.532048 0.846714 0
v 0.489267 0.0656458 -0.0918346
vn -0.532048 0.846714 0
v 0.489267 0.0656458 -0.0786177
vn -0.532048 0.846714 0
v 0.450452 0.0256289 -0.052184
vn -0.489308 0.22268 0.843203
v 0.450452 0.0256289 -0.15792
vn -0.683944 0.295787 -0.666881
v 0.443409 -0.00766893 -0.15792
vn -0.664538 -0.0468545 -0.745784
v 0.443409 -0.00766893 -0.052184
vn -0.658035 0.0544622 0.751015
v 0.450452 -0.0409668 -0.15792
vn -0.18498 -0.0479729 -0.981571
v 0.450452 -0.0409668 -0.125703
vn -0.915165 -0.40308 -2.29262e-06
v 0.450452 -0.0409668 -0.0720093
vn -0.88017 -0.474659 8.78767e-07
v 0.450452 -0.0409668 -0.052184
vn -0.612968 -0.147924 0.776137
v 0.449572 -0.0368047 -0.052184
vn -0.493431 -0.104371 0.8635
v 0.470508 -0.0691953 -0.052184
vn -0.434787 -0.40685 0.803389
v 0.468 -0.0656667 -0.0654009
vn -0.815198 -0.579183 0
v 0.470508 -0.0691953 -0.15792
vn -0.563538 -0.558633 -0.608567
v 0.452959 -0.0444953 -0.15792
vn -0.183611 -0.130452 -0.974304
v 0.452959 -0.0444953 -0.052184
vn -0.097608 -0.0693447 0.992806
v 0.455466 -0.048024 -0.052184
vn -0.0976082 -0.0693438 0.992806
v 0.46048 -0.055081 -0.052184
vn -0.0976078 -0.0693456 0.992806
v 0.457973 -0.0515525 -0.052184
vn -0.0976055 -0.0693578 0.992805
v 0.465494 -0.0621382 -0.052184
vn -0.0976072 -0.0693491 0.992806
v 0.462987 -0.0586096 -0.052184
vn -0.097608 -0.0693447 0.992806
v 0.500521 -0.0880574 -0.15792
vn -0.0670599 -0.127029 -0.989629
v 0.500521 -0.0880574 -0.144703
vn -0.456487 -0.88973 4.44409e-06
v 0.500521 -0.0880574 -0.131486
vn -0.36298 -0.931797 0
v 0.49677 -0.0856996 -0.144703
vn -0.532109 -0.846676 1.34084e-05
v 0.500521 -0.0880574 -0.118269
vn -0.362981 -0.931797 0
v 0.49677 -0.0856996 -0.131486
vn -0.532107 -0.846677 0
v 0.500521 -0.0880574 -0.105052
vn -0.362979 -0.931797 0
v 0.49677 -0.0856996 -0.118269
vn -0.532107 -0.846677 0
v 0.493018 -0.0833419 -0.131486
vn -0.532107 -0.846677 0
v 0.489267 -0.0809841 -0.144703
vn -0.532115 -0.846672 1.95882e-05
v 0.493018 -0.0833419 -0.144703
vn -0.532105 -0.846678 1.17505e-05
v 0.500521 -0.0880574 -0.0918346
vn -0.362981 -0.931796 0
v 0.49677 -0.0856996 -0.105052
vn -0.532107 -0.846677 0
v 0.500521 -0.0880574 -0.0786177
vn -0.36298 -0.931797 0
v 0.49677 -0.0856996 -0.0918346
vn -0.532107 -0.846677 0
v 0.493018 -0.0833419 -0.105052
vn -0.532107 -0.846677 0
v 0.500521 -0.0880574 -0.0654009
vn -0.456475 -0.889736 -4.44409e-06
v 0.49677 -0.0856996 -0.0786177
vn -0.532075 -0.846697 -1.34078e-05
v 0.500521 -0.0880574 -0.052184
vn -0.350005 -0.585146 0.731506
v 0.489267 -0.0809841 -0.105052
vn -0.532066 -0.846703 -1.9586e-05
v 0.493018 -0.0833419 -0.0918346
vn -0.532076 -0.846697 -1.17491e-05
v 0.485515 -0.0786263 -0.131486
vn -0.532101 -0.846681 1.20782e-05
v 0.485515 -0.0786263 -0.118269
vn -0.53208 -0.846694 -6.99538e-06
v 0.485515 -0.0786263 -0.144703
vn -0.532072 -0.846699 -1.43617e-05
v 0.481762 -0.0762685 -0.144703
vn -0.532084 -0.846691 -4.33881e-17
v 0.493018 -0.0833419 -0.118269
vn -0.532107 -0.846677 0
v 0.489267 -0.0809841 -0.118269
vn -0.532115 -0.846672 0
v 0.489267 -0.0809841 -0.131486
vn -0.532115 -0.846672 0
v 0.474259 -0.071553 -0.0654009
vn -0.532115 -0.846672 1.25349e-16
v 0.478011 -0.0739108 -0.052184
vn -0.0766833 -0.122016 0.989561
v 0.474259 -0.071553 -0.052184
vn -0.0514198 -0.0818163 0.99532
v 0.478011 -0.0739108 -0.0786177
vn -0.532108 -0.846676 0
v 0.481762 -0.0762685 -0.0654009
vn -0.532053 -0.846711 0
v 0.478011 -0.0739108 -0.0654009
vn -0.532111 -0.846674 1.73562e-16
v 0.485515 -0.0786263 -0.052184
vn -0.076679 -0.12203 0.98956
v 0.481762 -0.0762685 -0.052184
vn -0.0766776 -0.12202 0.989561
v 0.49677 -0.0856996 -0.052184
vn -0.232375 -0.369743 0.899607
v 0.493018 -0.0833419 -0.052184
vn -0.0766836 -0.122016 0.989561
v 0.493018 -0.0833419 -0.0654009
vn -0.532114 -0.846672 5.87533e-06
v 0.489267 -0.0809841 -0.052184
vn -0.0766838 -0.122015 0.989561
v 0.489267 -0.0809841 -0.0654009
vn -0.532125 -0.846666 7.53401e-06
v 0.485515 -0.0786263 -0.0654009
vn -0.532062 -0.846706 0
v 0.485515 -0.0786263 -0.0786177
vn -0.532028 -0.846727 -1.02572e-05
v 0.478011 -0.0739108 -0.0918346
vn -0.532102 -0.84668 -1.45139e-06
v 0.481762 -0.0762685 -0.0918346
vn -0.532035 -0.846723 -1.48699e-05
v 0.481762 -0.0762685 -0.0786177
vn -0.532053 -0.846711 0
v 0.535928 -0.0946805 -0.15792
vn 0.0215858 -0.346169 -0.937924
v 0.535928 -0.0946805 -0.144703
vn -9.24993e-09 -1 0
v 0.531501 -0.0938526 -0.15792
vn -0.0511088 -0.273229 -0.96059
v 0.535928 -0.0946805 -0.131486
vn 2.58997e-07 -1 0
v 0.531501 -0.0938526 -0.144703
vn -0.183873 -0.98295 0
v 0.527076 -0.0930247 -0.15792
vn -0.0511091 -0.273209 -0.960596
v 0.535928 -0.0946805 -0.118269
vn -2.58997e-07 -1 0
v 0.531501 -0.0938526 -0.131486
vn -0.183873 -0.98295 0
v 0.535928 -0.0946805 -0.105052
vn 9.98976e-07 -1 0
v 0.531501 -0.0938526 -0.118269
vn -0.183873 -0.98295 0
v 0.527076 -0.0930247 -0.131486
vn -0.183873 -0.98295 0
v 0.52265 -0.0921968 -0.144703
vn -0.183872 -0.98295 0
v 0.527076 -0.0930247 -0.144703
vn -0.183873 -0.98295 0
v 0.518224 -0.0913689 -0.15792
vn -0.0511088 -0.27321 -0.960596
v 0.52265 -0.0921968 -0.15792
vn -0.0511085 -0.273228 -0.960591
v 0.535928 -0.0946805 -0.0918346
vn -1.23948e-06 -1 0
v 0.531501 -0.0938526 -0.105052
vn -0.183873 -0.98295 0
v 0.535928 -0.0946805 -0.0786177
vn -1.85e-08 -1 0
v 0.531501 -0.0938526 -0.0918346
vn -0.183873 -0.98295 0
v 0.527076 -0.0930247 -0.105052
vn -0.183873 -0.98295 0
v 0.535928 -0.0946805 -0.0654009
vn 1.85e-08 -1 0
v 0.531501 -0.0938526 -0.0786177
vn -0.183873 -0.98295 0
v 0.535928 -0.0946805 -0.052184
vn -0.0138507 -0.222139 0.974917
v 0.531501 -0.0938526 -0.0654009
vn -0.183873 -0.98295 0
v 0.527076 -0.0930247 -0.0786177
vn -0.183873 -0.98295 0
v 0.52265 -0.0921968 -0.0918346
vn -0.183872 -0.98295 0
v 0.527076 -0.0930247 -0.0918346
vn -0.183873 -0.98295 0
v 0.518224 -0.0913689 -0.105052
vn -0.183872 -0.98295 0
v 0.52265 -0.0921968 -0.105052
vn -0.183872 -0.98295 0
v 0.513798 -0.090541 -0.118269
vn -0.183872 -0.98295 0
v 0.518224 -0.0913689 -0.118269
vn -0.183872 -0.98295 0
v 0.509373 -0.0897131 -0.131486
vn -0.183893 -0.982946 0
v 0.513798 -0.090541 -0.131486
vn -0.183872 -0.98295 0
v 0.518224 -0.0913689 -0.131486
vn -0.183872 -0.98295 0
v 0.504948 -0.0888853 -0.144703
vn -0.183873 -0.98295 0
v 0.509373 -0.0897131 -0.144703
vn -0.183893 -0.982946 0
v 0.504948 -0.0888853 -0.15792
vn -0.0511092 -0.273209 -0.960596
v 0.509373 -0.0897131 -0.15792
vn -0.051113 -0.273211 -0.960595
v 0.513798 -0.090541 -0.15792
vn -0.0511085 -0.273228 -0.960591
v 0.513798 -0.090541 -0.144703
vn -0.183872 -0.98295 0
v 0.518224 -0.0913689 -0.144703
vn -0.183872 -0.98295 0
v 0.527076 -0.0930247 -0.118269
vn -0.183873 -0.98295 0
v 0.52265 -0.0921968 -0.118269
vn -0.183872 -0.98295 0
v 0.52265 -0.0921968 -0.131486
vn -0.183872 -0.98295 0
v 0.504948 -0.0888853 -0.052184
vn -0.034904 -0.186598 0.981816
v 0.504948 -0.0888853 -0.0654009
vn -0.183873 -0.98295 0
v 0.509373 -0.0897131 -0.052184
vn -0.0349072 -0.186586 0.981818
v 0.504948 -0.0888853 -0.0786177
vn -0.183873 -0.98295 0
v 0.504948 -0.0888853 -0.0918346
vn -0.183873 -0.98295 0
v 0.509373 -0.0897131 -0.0786177
vn -0.183893 -0.982946 0
v 0.513798 -0.090541 -0.0654009
vn -0.183872 -0.98295 0
v 0.509373 -0.0897131 -0.0654009
vn -0.183893 -0.982946 0
v 0.518224 -0.0913689 -0.052184
vn -0.0349038 -0.186598 0.981816
v 0.513798 -0.090541 -0.052184
vn -0.0349038 -0.186584 0.981819
v 0.504948 -0.0888853 -0.105052
vn -0.183873 -0.98295 0
v 0.504948 -0.0888853 -0.118269
vn -0.183873 -0.98295 0
v 0.509373 -0.0897131 -0.105052
vn -0.183893 -0.982946 0
v 0.504948 -0.0888853 -0.131486
vn -0.183873 -0.98295 0
v 0.509373 -0.0897131 -0.118269
vn -0.183893 -0.982946 0
v 0.513798 -0.090541 -0.105052
vn -0.183872 -0.98295 0
v 0.518224 -0.0913689 -0.0918346
vn -0.183872 -0.98295 0
v 0.52265 -0.0921968 -0.0786177
vn -0.183872 -0.98295 0
v 0.518224 -0.0913689 -0.0786177
vn -0.183872 -0.98295 0
v 0.527076 -0.0930247 -0.0654009
vn -0.183873 -0.98295 0
v 0.531501 -0.0938526 -0.052184
vn -0.0349041 -0.186583 0.981819
v 0.527076 -0.0930247 -0.052184
vn -0.034904 -0.186598 0.981816
v 0.52265 -0.0921968 -0.052184
vn -0.0349038 -0.186584 0.981819
v 0.52265 -0.0921968 -0.0654009
vn -0.183872 -0.98295 0
v 0.518224 -0.0913689 -0.0654009
vn -0.183872 -0.98295 0
v 0.509373 -0.0897131 -0.0918346
vn -0.183893 -0.982946 0
v 0.513798 -0.090541 -0.0918346
vn -0.183872 -0.98295 0
v 0.513798 -0.090541 -0.0786177
vn -0.183872 -0.98295 0
v 0.571333 -0.0880574 -0.15792
vn 0.500562 -0.836864 -0.221574
v 0.571333 -0.0880574 -0.144703
vn 0.480898 -0.876776 0
v 0.566908 -0.0888853 -0.15792
vn 0.0866946 -0.463437 -0.881879
v 0.571333 -0.0880574 -0.131486
vn 0.480898 -0.876776 0
v 0.566908 -0.0888853 -0.144703
vn 0.183872 -0.98295 0
v 0.562481 -0.0897131 -0.15792
vn 0.0866933 -0.463469 -0.881862
v 0.571333 -0.0880574 -0.118269
vn 0.480898 -0.876776 0
v 0.566908 -0.0888853 -0.131486
vn 0.183872 -0.98295 0
v 0.571333 -0.0880574 -0.105052
vn 0.480898 -0.876776 0
v 0.566908 -0.0888853 -0.118269
vn 0.183872 -0.98295 0
v 0.562481 -0.0897131 -0.131486
vn 0.183872 -0.98295 0
v 0.558056 -0.090541 -0.144703
vn 0.183873 -0.98295 0
v 0.562481 -0.0897131 -0.144703
vn 0.183872 -0.98295 0
v 0.55363 -0.0913689 -0.15792
vn 0.0866934 -0.463467 -0.881863
v 0.558056 -0.090541 -0.15792
vn 0.0866953 -0.463439 -0.881878
v 0.571333 -0.0880574 -0.0918346
vn 0.480898 -0.876777 0
v 0.566908 -0.0888853 -0.105052
vn 0.183872 -0.98295 0
v 0.571333 -0.0880574 -0.0786177
vn 0.480898 -0.876776 0
v 0.566908 -0.0888853 -0.0918346
vn 0.183872 -0.98295 0
v 0.562481 -0.0897131 -0.105052
vn 0.183872 -0.98295 0
v 0.571333 -0.0880574 -0.0654009
vn 0.480898 -0.876776 0
v 0.566908 -0.0888853 -0.0786177
vn 0.183872 -0.98295 0
v 0.571333 -0.0880574 -0.052184
vn 0.15552 -0.294596 0.942882
v 0.566908 -0.0888853 -0.0654009
vn 0.183872 -0.98295 0
v 0.562481 -0.0897131 -0.0786177
vn 0.183872 -0.98295 0
v 0.558056 -0.090541 -0.0918346
vn 0.183873 -0.98295 0
v 0.562481 -0.0897131 -0.0918346
vn 0.183872 -0.98295 0
v 0.55363 -0.0913689 -0.105052
vn 0.183872 -0.98295 0
v 0.558056 -0.090541 -0.105052
vn 0.183873 -0.98295 0
v 0.549204 -0.0921968 -0.118269
vn 0.183893 -0.982946 0
v 0.55363 -0.0913689 -0.118269
vn 0.183872 -0.98295 0
v 0.544779 -0.0930247 -0.131486
vn 0.183873 -0.98295 0
v 0.549204 -0.0921968 -0.131486
vn 0.183893 -0.982946 0
v 0.55363 -0.0913689 -0.131486
vn 0.183872 -0.98295 0
v 0.540353 -0.0938526 -0.144703
vn 0.183872 -0.98295 0
v 0.544779 -0.0930247 -0.144703
vn 0.183873 -0.98295 0
v 0.540353 -0.0938526 -0.15792
vn 0.0866931 -0.463466 -0.881864
v 0.544779 -0.0930247 -0.15792
vn 0.0866953 -0.463438 -0.881878
v 0.549204 -0.0921968 -0.15792
vn 0.086707 -0.463468 -0.881861
v 0.549204 -0.0921968 -0.144703
vn 0.183893 -0.982946 0
v 0.55363 -0.0913689 -0.144703
vn 0.183872 -0.98295 0
v 0.562481 -0.0897131 -0.118269
vn 0.183872 -0.98295 0
v 0.558056 -0.090541 -0.118269
vn 0.183873 -0.98295 0
v 0.558056 -0.090541 -0.131486
vn 0.183873 -0.98295 0
v 0.540353 -0.0938526 -0.052184
vn 0.051107 -0.2732 0.960599
v 0.540353 -0.0938526 -0.0654009
vn 0.183872 -0.98295 0
v 0.544779 -0.0930247 -0.052184
vn 0.051107 -0.27322 0.960593
v 0.540353 -0.0938526 -0.0786177
vn 0.183872 -0.98295 0
v 0.540353 -0.0938526 -0.0918346
vn 0.183872 -0.98295 0
v 0.544779 -0.0930247 -0.0786177
vn 0.183873 -0.98295 0
v 0.549204 -0.0921968 -0.0654009
vn 0.183893 -0.982946 0
v 0.544779 -0.0930247 -0.0654009
vn 0.183873 -0.98295 0
v 0.55363 -0.0913689 -0.052184
vn 0.051107 -0.2732 0.960599
v 0.549204 -0.0921968 -0.052184
vn 0.0511142 -0.273215 0.960594
v 0.540353 -0.0938526 -0.105052
vn 0.183872 -0.98295 0
v 0.540353 -0.0938526 -0.118269
vn 0.183872 -0.98295 0
v 0.544779 -0.0930247 -0.105052
vn 0.183873 -0.98295 0
v 0.540353 -0.0938526 -0.131486
vn 0.183872 -0.98295 0
v 0.544779 -0.0930247 -0.118269
vn 0.183873 -0.98295 0
v 0.549204 -0.0921968 -0.105052
vn 0.183893 -0.982946 0
v 0.55363 -0.0913689 -0.0918346
vn 0.183872 -0.98295 0
v 0.558056 -0.090541 -0.0786177
vn 0.183873 -0.98295 0
v 0.55363 -0.0913689 -0.0786177
vn 0.183872 -0.98295 0
v 0.562481 -0.0897131 -0.0654009
vn 0.183872 -0.98295 0
v 0.566908 -0.0888853 -0.052184
vn 0.0511067 -0.27322 0.960593
v 0.562481 -0.0897131 -0.052184
vn 0.051107 -0.273199 0.960599
v 0.558056 -0.090541 -0.052184
vn 0.0511072 -0.27322 0.960593
v 0.558056 -0.090541 -0.0654009
vn 0.183873 -0.98295 0
v 0.55363 -0.0913689 -0.0654009
vn 0.183872 -0.98295 0
v 0.544779 -0.0930247 -0.0918346
vn 0.183873 -0.98295 0
v 0.549204 -0.0921968 -0.0918346
vn 0.183893 -0.982946 0
v 0.549204 -0.0921968 -0.0786177
vn 0.183893 -0.982946 0
v 0.601349 -0.0691953 -0.15792
vn 0.789058 -0.614152 -0.0143014
v 0.601349 -0.0691953 -0.052184
vn 0.679877 -0.722902 0.123208
v 0.597597 -0.071553 -0.15792
vn 0.527947 -0.840152 -0.124162
v 0.593845 -0.0739108 -0.15792
vn 0.527939 -0.840157 -0.124164
v 0.584465 -0.0798051 -0.15792
vn 0.527963 -0.840143 -0.124156
v 0.590093 -0.0762685 -0.15792
vn 0.527945 -0.840153 -0.124162
v 0.575085 -0.0856996 -0.15792
vn 0.527936 -0.840159 -0.124165
v 0.578837 -0.0833419 -0.15792
vn 0.527952 -0.84015 -0.12416
v 0.621403 -0.0409668 -0.15792
vn 0.253627 -0.1117 -0.960831
v 0.621403 -0.0409668 -0.052184
vn 0.913191 -0.402179 0.0658335
v 0.605983 0.0212226 0.335306
vn 0.885608 0.464433 -4.56525e-07
v 0.613026 -0.0120753 0.361946
vn 0.274723 1.05749e-18 0.961524
v 0.605983 0.0212226 0.256211
vn 0.942839 0.219814 -0.250472
v 0.605983 0.0212226 0.361946
vn 0.885325 0.389907 0.253322
v 0.613026 -0.0120753 0.256211
vn 0.997789 0 -0.066454
v 0.585929 0.0494511 0.256211
vn 0.0917087 0.117675 -0.988808
v 0.585929 0.0494511 0.269428
vn 0.766512 0.64223 1.08621e-05
v 0.588436 0.0459226 0.256211
vn 0.737125 0.523698 -0.427067
v 0.585929 0.0494511 0.282644
vn 0.752025 0.659134 0
v 0.590942 0.0423942 0.256211
vn 0.640367 0.454866 -0.618892
v 0.585929 0.0494511 0.308253
vn 0.752025 0.659134 0
v 0.595956 0.0353374 0.256211
vn 0.640345 0.45488 -0.618904
v 0.593449 0.0388658 0.256211
vn 0.640296 0.454913 -0.618931
v 0.585929 0.0494511 0.361946
vn 0.642026 0.727855 0.240893
v 0.603476 0.0247511 0.256211
vn 0.640295 0.454913 -0.618931
v 0.60097 0.0282795 0.256211
vn 0.640295 0.454913 -0.618931
v 0.598462 0.0318079 0.256211
vn 0.64035 0.454877 -0.618902
v 0.555913 0.0683132 0.256211
vn 0.215856 0.777581 -0.59057
v 0.555913 0.0683132 0.34873
vn 0.325477 0.94555 0
v 0.575494 0.0560089 0.256211
vn 0.485574 0.772707 -0.40883
v 0.555913 0.0683132 0.361946
vn 0.171785 0.386379 0.906201
v 0.559665 0.0659553 0.361946
vn 0.501202 0.797576 0.335661
v 0.520508 0.0749363 0.361946
vn 0.0545869 0.875422 0.480268
v 0.520508 0.0749363 0.256211
vn -0.0465774 0.746978 -0.663215
v 0.485101 0.0683132 0.256211
vn -0.270324 0.581733 -0.767145
v 0.485101 0.0683132 0.335513
vn -0.362993 0.931792 0
v 0.485101 0.0683132 0.34873
vn -0.362993 0.931792 0
v 0.485101 0.0683132 0.361946
vn -0.10647 0.473084 0.87456
v 0.455088 0.0494511 0.256211
vn -0.350739 0.372945 -0.859007
v 0.455088 0.0494511 0.361946
vn -0.553837 0.589792 0.587716
v 0.458839 0.051809 0.256211
vn -0.280818 0.446801 -0.849418
v 0.462591 0.0541669 0.256211
vn -0.2808 0.446819 -0.849414
v 0.435032 0.0212226 0.256211
vn -0.0736352 0.0190966 -0.997102
v 0.435032 0.0212226 0.269428
vn -0.910176 0.414221 -1.95458e-06
v 0.437539 0.0247511 0.256211
vn -0.542437 0.385389 -0.746483
v 0.435032 0.0212226 0.361946
vn -0.62808 0.242678 0.73934
v 0.440046 0.0282795 0.256211
vn -0.416451 0.295877 -0.859666
v 0.445059 0.0353374 0.256211
vn -0.416476 0.295847 -0.859664
v 0.442553 0.0318079 0.256211
vn -0.416474 0.295849 -0.859664
v 0.45258 0.0459226 0.256211
vn -0.416451 0.295877 -0.859666
v 0.450074 0.0423942 0.256211
vn -0.416451 0.295877 -0.859666
v 0.447567 0.0388658 0.256211
vn -0.416419 0.295917 -0.859668
v 0.427989 -0.0120753 0.256211
vn -0.791259 -1.21832e-17 -0.611481
v 0.43151 0.00457422 0.361946
vn -0.493431 0.104371 0.8635
v 0.427989 -0.0120753 0.361946
vn -0.494867 -0.0716137 0.866013
v 0.42931 -0.00583209 0.361946
vn -0.493431 0.104368 0.863501
v 0.43063 0.000411055 0.361946
vn -0.493434 0.104319 0.863505
v 0.435032 -0.0453731 0.361946
vn -0.629023 -0.226484 0.743664
v 0.435032 -0.0453731 0.256211
vn -0.675961 -0.355132 -0.645723
v 0.455088 -0.0736016 0.256211
vn -0.317604 -0.465516 -0.826089
v 0.455088 -0.0736016 0.269428
vn -0.685097 -0.728452 0
v 0.455088 -0.0736016 0.282644
vn -0.685097 -0.728452 0
v 0.455088 -0.0736016 0.295861
vn -0.685097 -0.728452 0
v 0.455088 -0.0736016 0.309078
vn -0.685097 -0.728452 0
v 0.455088 -0.0736016 0.322296
vn -0.685097 -0.728452 0
v 0.455088 -0.0736016 0.361946
vn -0.39481 -0.334108 0.855861
v 0.485101 -0.0924626 0.361946
vn -0.317215 -0.799733 0.509707
v 0.485101 -0.0924626 0.256211
vn -0.34059 -0.772095 -0.536533
v 0.520508 -0.0990868 0.256211
vn 0.0105543 -0.958938 -0.28342
v 0.520508 -0.0990868 0.361946
vn -0.0535144 -0.694651 0.717353
v 0.516082 -0.0982588 0.256211
vn -0.183219 -0.979296 -0.0860792
v 0.511656 -0.0974307 0.256211
vn -0.168808 -0.902354 -0.396561
v 0.50723 -0.0966027 0.256211
vn -0.16882 -0.902348 -0.39657
v 0.555913 -0.0924626 0.256211
vn 0.510496 -0.853512 -0.104457
v 0.555913 -0.0924626 0.269428
vn 0.480881 -0.876786 0
v 0.551488 -0.0932906 0.256211
vn 0.130782 -0.699024 -0.703038
v 0.555913 -0.0924626 0.282644
vn 0.480881 -0.876786 0
v 0.551488 -0.0932906 0.269428
vn 0.183894 -0.982946 0
v 0.547061 -0.0941186 0.256211
vn 0.130785 -0.699063 -0.702998
v 0.555913 -0.0924626 0.295861
vn 0.480881 -0.876786 0
v 0.551488 -0.0932906 0.282644
vn 0.183894 -0.982946 0
v 0.555913 -0.0924626 0.309078
vn 0.480881 -0.876786 0
v 0.551488 -0.0932906 0.295861
vn 0.183894 -0.982946 0
v 0.547061 -0.0941186 0.282644
vn 0.183907 -0.982944 0
v 0.542636 -0.0949467 0.269428
vn 0.183927 -0.98294 0
v 0.547061 -0.0941186 0.269428
vn 0.183907 -0.982944 0
v 0.538211 -0.0957747 0.256211
vn 0.130781 -0.69902 -0.703041
v 0.542636 -0.0949467 0.256211
vn 0.130811 -0.699061 -0.702995
v 0.555913 -0.0924626 0.322296
vn 0.48088 -0.876786 0
v 0.551488 -0.0932906 0.309078
vn 0.183894 -0.982946 0
v 0.555913 -0.0924626 0.335513
vn 0.466834 -0.884345 7.74681e-06
v 0.551488 -0.0932906 0.322296
vn 0.183894 -0.982946 0
v 0.547061 -0.0941186 0.309078
vn 0.183907 -0.982944 0
v 0.555913 -0.0924626 0.361946
vn 0.0938486 -0.378992 0.920629
v 0.551488 -0.0932906 0.335513
vn 0.183897 -0.982945 0
v 0.551488 -0.0932906 0.34873
vn 0.183884 -0.982948 3.41877e-06
v 0.547061 -0.0941186 0.335513
vn 0.183907 -0.982944 0
v 0.542636 -0.0949467 0.322296
vn 0.183927 -0.98294 0
v 0.547061 -0.0941186 0.322296
vn 0.183907 -0.982944 0
v 0.538211 -0.0957747 0.309078
vn 0.183894 -0.982946 0
v 0.542636 -0.0949467 0.309078
vn 0.183927 -0.98294 0
v 0.533785 -0.0966027 0.295861
vn 0.183894 -0.982946 0
v 0.538211 -0.0957747 0.295861
vn 0.183894 -0.982946 0
v 0.529359 -0.0974307 0.282644
vn 0.183905 -0.982944 0
v 0.533785 -0.0966027 0.282644
vn 0.183894 -0.982946 0
v 0.538211 -0.0957747 0.282644
vn 0.183894 -0.982946 0
v 0.524933 -0.0982588 0.269428
vn 0.183912 -0.982943 0
v 0.529359 -0.0974307 0.269428
vn 0.183905 -0.982944 0
v 0.524933 -0.0982588 0.256211
vn 0.13079 -0.699062 -0.702998
v 0.529359 -0.0974307 0.256211
vn 0.130789 -0.699032 -0.703028
v 0.533785 -0.0966027 0.256211
vn 0.130777 -0.699049 -0.703014
v 0.533785 -0.0966027 0.269428
vn 0.183894 -0.982946 0
v 0.538211 -0.0957747 0.269428
vn 0.183894 -0.982946 0
v 0.547061 -0.0941186 0.295861
vn 0.183907 -0.982944 0
v 0.542636 -0.0949467 0.295861
vn 0.183927 -0.98294 0
v 0.542636 -0.0949467 0.282644
vn 0.183927 -0.98294 0
v 0.529359 -0.0974307 0.335513
vn 0.18391 -0.982943 0
v 0.533785 -0.0966027 0.34873
vn 0.183898 -0.982945 6.23415e-06
v 0.529359 -0.0974307 0.34873
vn 0.183907 -0.982944 -2.04097e-06
v 0.524933 -0.0982588 0.295861
vn 0.183901 -0.982945 -7.74086e-07
v 0.529359 -0.0974307 0.309078
vn 0.183904 -0.982944 -5.80576e-07
v 0.524933 -0.0982588 0.282644
vn 0.183905 -0.982944 0
v 0.529359 -0.0974307 0.295861
vn 0.183905 -0.982944 0
v 0.533785 -0.0966027 0.309078
vn 0.183894 -0.982946 0
v 0.538211 -0.0957747 0.322296
vn 0.183894 -0.982946 0
v 0.542636 -0.0949467 0.335513
vn 0.183927 -0.98294 0
v 0.538211 -0.0957747 0.335513
vn 0.183894 -0.982946 0
v 0.547061 -0.0941186 0.34873
vn 0.183913 -0.982942 -3.49894e-06
v 0.538211 -0.0957747 0.34873
vn 0.18389 -0.982947 8.96898e-06
v 0.542636 -0.0949467 0.34873
vn 0.183924 -0.98294 -7.22075e-06
v 0.529359 -0.0974307 0.322296
vn 0.18391 -0.982943 0
v 0.533785 -0.0966027 0.322296
vn 0.183894 -0.982946 0
v 0.533785 -0.0966027 0.335513
vn 0.183894 -0.982946 0
v 0.585929 -0.0736016 0.361946
vn 0.649594 -0.749994 0.124646
v 0.570921 -0.0830321 0.256211
vn 0.531725 -0.846227 -0.0341957
v 0.574673 -0.0806744 0.256211
vn 0.531752 -0.84621 -0.0341931
v 0.585929 -0.0736016 0.256211
vn 0.662013 -0.749216 -0.0203563
v 0.559665 -0.0901049 0.256211
vn 0.531728 -0.846225 -0.0341954
v 0.563417 -0.0877474 0.256211
vn 0.531728 -0.846225 -0.0341955
v 0.567169 -0.0853897 0.256211
vn 0.531724 -0.846227 -0.0341958
v 0.559665 -0.0901049 0.34873
vn 0.53205 -0.846713 -1.43894e-06
v 0.563417 -0.0877474 0.361946
vn 0.176109 -0.280267 0.943629
v 0.559665 -0.0901049 0.361946
vn 0.176106 -0.280265 0.94363
v 0.605983 -0.0453731 0.256211
vn 0.934528 -0.264702 -0.237887
v 0.605983 -0.0453731 0.295861
vn 0.927943 -0.372723 0
v 0.591413 -0.0658828 0.256211
vn 0.120919 -0.0859062 -0.988938
v 0.605983 -0.0453731 0.361946
vn 0.877217 -0.475955 0.0629019
v -0.00729339 -0.0768074 -0.179948
vn 0 0 -1
v -0.0135523 -0.0826937 -0.179948
vn 0 0 -1
v -0.0179787 -0.0835216 -0.179948
vn 0 0 -1
v -0.0198123 -0.08858 -0.179948
vn 0 0 -1
v -0.0260713 -0.0944663 -0.179948
vn 0 0 -1
v -0.0304965 -0.0952942 -0.179948
vn 0 0 -1
v -0.0349218 -0.0961221 -0.179948
vn 0 0 -1
v -0.0242376 -0.0894079 -0.179948
vn 0 0 -1
v -0.0393471 -0.09695 -0.179948
vn 0 0 -1
v -0.0286628 -0.0902358 -0.179948
vn 0 0 -1
v -0.0323302 -0.100353 -0.179948
vn 0 0 -1
v -0.0385892 -0.106239 -0.179948
vn 0 0 -1
v -0.0430144 -0.107067 -0.179948
vn 0 0 -1
v -0.0448481 -0.112125 -0.179948
vn 0 0 -1
v -0.0492734 -0.112953 -0.179948
vn 0 0 -1
v -0.0536997 -0.113781 -0.179948
vn 0 0 -1
v -0.058125 -0.114609 -0.179948
vn 0 0 -1
v -0.0625502 -0.115437 -0.179948
vn 0 0 -1
v -0.051866 -0.108723 -0.179948
vn 0 0 -1
v -0.0669755 -0.116265 -0.179948
vn 0 0 -1
v -0.0714018 -0.117093 -0.179948
vn 0 0 -1
v -0.0607165 -0.110378 -0.179948
vn 0 0 -1
v -0.0500323 -0.103664 -0.179948
vn 0 0 -1
v -0.0562913 -0.109551 -0.179948
vn 0 0 -1
v -0.0456071 -0.102836 -0.179948
vn 0 0 -1
v -0.0367555 -0.101181 -0.179948
vn 0 0 -1
v -0.0474397 -0.107895 -0.179948
vn 0 0 -1
v -0.0411807 -0.102008 -0.179948
vn 0 0 -1
v -0.0117197 -0.0759795 -0.179948
vn 0 0 -1
v -0.0224039 -0.0826937 -0.179948
vn 0 0 -1
v -0.0268292 -0.0818658 -0.179948
vn 0 0 -1
v -0.0330881 -0.0894079 -0.179948
vn 0 0 -1
v -0.0437734 -0.0961221 -0.179948
vn 0 0 -1
v -0.0481986 -0.0952942 -0.179948
vn 0 0 -1
v -0.052625 -0.0944663 -0.179948
vn 0 0 -1
v -0.0375144 -0.08858 -0.179948
vn 0 0 -1
v -0.0570502 -0.0936384 -0.179948
vn 0 0 -1
v -0.0419397 -0.0877521 -0.179948
vn 0 0 -1
v -0.0544576 -0.102836 -0.179948
vn 0 0 -1
v -0.0651429 -0.109551 -0.179948
vn 0 0 -1
v -0.0695681 -0.108723 -0.179948
vn 0 0 -1
v -0.0758271 -0.116265 -0.179948
vn 0 0 -1
v -0.0802523 -0.115437 -0.179948
vn 0 0 -1
v -0.0846786 -0.114609 -0.179948
vn 0 0 -1
v -0.0891039 -0.113781 -0.179948
vn 0 0 -1
v -0.0935292 -0.112953 -0.179948
vn 0 0 -1
v -0.0784197 -0.107067 -0.179948
vn 0 0 -1
v -0.0979555 -0.112125 -0.179948
vn 0 0 -1
v -0.102381 -0.111297 -0.179948
vn 0 0 -1
v -0.0872713 -0.105411 -0.179948
vn 0 0 -1
v -0.0721607 -0.0995247 -0.179948
vn 0 0 -1
v -0.082845 -0.106239 -0.179948
vn 0 0 -1
v -0.0677344 -0.100353 -0.179948
vn 0 0 -1
v -0.0588839 -0.102008 -0.179948
vn 0 0 -1
v -0.0739934 -0.107895 -0.179948
vn 0 0 -1
v -0.0633092 -0.101181 -0.179948
vn 0 0 -1
v -0.0154713 -0.0736217 -0.179948
vn 0 0 -1
v -0.0305818 -0.079508 -0.179948
vn 0 0 -1
v -0.0343334 -0.0771503 -0.179948
vn 0 0 -1
v -0.0456923 -0.0853943 -0.179948
vn 0 0 -1
v -0.0608018 -0.0912806 -0.179948
vn 0 0 -1
v -0.0645544 -0.0889229 -0.179948
vn 0 0 -1
v -0.068306 -0.0865652 -0.179948
vn 0 0 -1
v -0.0494439 -0.0830366 -0.179948
vn 0 0 -1
v -0.0720576 -0.0842074 -0.179948
vn 0 0 -1
v -0.0531955 -0.0806788 -0.179948
vn 0 0 -1
v -0.0759123 -0.0971669 -0.179948
vn 0 0 -1
v -0.0910229 -0.103053 -0.179948
vn 0 0 -1
v -0.0947744 -0.100696 -0.179948
vn 0 0 -1
v -0.106133 -0.10894 -0.179948
vn 0 0 -1
v -0.109885 -0.106582 -0.179948
vn 0 0 -1
v -0.113637 -0.104224 -0.179948
vn 0 0 -1
v -0.117389 -0.101866 -0.179948
vn 0 0 -1
v -0.121141 -0.0995085 -0.179948
vn 0 0 -1
v -0.102279 -0.09598 -0.179948
vn 0 0 -1
v -0.124892 -0.0971508 -0.179948
vn 0 0 -1
v -0.128645 -0.094793 -0.179948
vn 0 0 -1
v -0.109783 -0.0912645 -0.179948
vn 0 0 -1
v -0.0909207 -0.0877359 -0.179948
vn 0 0 -1
v -0.10603 -0.0936222 -0.179948
vn 0 0 -1
v -0.0871681 -0.0900937 -0.179948
vn 0 0 -1
v -0.0796639 -0.0948093 -0.179948
vn 0 0 -1
v -0.0985271 -0.0983378 -0.179948
vn 0 0 -1
v -0.0834165 -0.0924515 -0.179948
vn 0 0 -1
v -0.0179787 -0.0700932 -0.179948
vn 0 0 -1
v -0.0368407 -0.0736217 -0.179948
vn 0 0 -1
v -0.0393471 -0.0700932 -0.179948
vn 0 0 -1
v -0.0557029 -0.0771503 -0.179948
vn 0 0 -1
v -0.074565 -0.0806788 -0.179948
vn 0 0 -1
v -0.0770713 -0.0771503 -0.179948
vn 0 0 -1
v -0.0795786 -0.0736217 -0.179948
vn 0 0 -1
v -0.0582092 -0.0736217 -0.179948
vn 0 0 -1
v -0.082085 -0.0700932 -0.179948
vn 0 0 -1
v -0.0607165 -0.0700932 -0.179948
vn 0 0 -1
v -0.0934271 -0.0842074 -0.179948
vn 0 0 -1
v -0.112289 -0.0877359 -0.179948
vn 0 0 -1
v -0.114797 -0.0842074 -0.179948
vn 0 0 -1
v -0.131151 -0.0912645 -0.179948
vn 0 0 -1
v -0.133659 -0.0877359 -0.179948
vn 0 0 -1
v -0.136165 -0.0842074 -0.179948
vn 0 0 -1
v -0.138672 -0.0806788 -0.179948
vn 0 0 -1
v -0.141179 -0.0771503 -0.179948
vn 0 0 -1
v -0.11981 -0.0771503 -0.179948
vn 0 0 -1
v -0.143686 -0.0736217 -0.179948
vn 0 0 -1
v -0.146192 -0.0700932 -0.179948
vn 0 0 -1
v -0.124824 -0.0700932 -0.179948
vn 0 0 -1
v -0.103454 -0.0700932 -0.179948
vn 0 0 -1
v -0.122317 -0.0736217 -0.179948
vn 0 0 -1
v -0.100948 -0.0736217 -0.179948
vn 0 0 -1
v -0.0959344 -0.0806788 -0.179948
vn 0 0 -1
v -0.117303 -0.0806788 -0.179948
vn 0 0 -1
v -0.0984408 -0.0771503 -0.179948
vn 0 0 -1
v -0.0188586 -0.0659309 -0.179948
vn 0 0 -1
v -0.0402271 -0.0659309 -0.179948
vn 0 0 -1
v -0.0411081 -0.0617687 -0.179948
vn 0 0 -1
v -0.0615965 -0.0659309 -0.179948
vn 0 0 -1
v -0.082966 -0.0659309 -0.179948
vn 0 0 -1
v -0.083846 -0.0617687 -0.179948
vn 0 0 -1
v -0.084726 -0.0576064 -0.179948
vn 0 0 -1
v -0.0624765 -0.0617687 -0.179948
vn 0 0 -1
v -0.0856071 -0.0534442 -0.179948
vn 0 0 -1
v -0.0633576 -0.0576064 -0.179948
vn 0 0 -1
v -0.104334 -0.0659309 -0.179948
vn 0 0 -1
v -0.125704 -0.0659309 -0.179948
vn 0 0 -1
v -0.126584 -0.0617687 -0.179948
vn 0 0 -1
v -0.147073 -0.0659309 -0.179948
vn 0 0 -1
v -0.147953 -0.0617687 -0.179948
vn 0 0 -1
v -0.148833 -0.0576064 -0.179948
vn 0 0 -1
v -0.149713 -0.0534442 -0.179948
vn 0 0 -1
v -0.150594 -0.049282 -0.179948
vn 0 0 -1
v -0.128345 -0.0534442 -0.179948
vn 0 0 -1
v -0.151474 -0.0451197 -0.179948
vn 0 0 -1
v -0.152354 -0.0409574 -0.179948
vn 0 0 -1
v -0.130105 -0.0451197 -0.179948
vn 0 0 -1
v -0.107855 -0.049282 -0.179948
vn 0 0 -1
v -0.129225 -0.049282 -0.179948
vn 0 0 -1
v -0.106975 -0.0534442 -0.179948
vn 0 0 -1
v -0.105215 -0.0617687 -0.179948
vn 0 0 -1
v -0.127465 -0.0576064 -0.179948
vn 0 0 -1
v -0.106095 -0.0576064 -0.179948
vn 0 0 -1
v -0.0179787 -0.0617687 -0.179948
vn 0 0 -1
v -0.0402271 -0.0576064 -0.179948
vn 0 0 -1
v -0.0393471 -0.0534442 -0.179948
vn 0 0 -1
v -0.0624765 -0.0534442 -0.179948
vn 0 0 -1
v -0.084726 -0.049282 -0.179948
vn 0 0 -1
v -0.083846 -0.0451198 -0.179948
vn 0 0 -1
v -0.082966 -0.0409574 -0.179948
vn 0 0 -1
v -0.0615965 -0.049282 -0.179948
vn 0 0 -1
v -0.082085 -0.0367953 -0.179948
vn 0 0 -1
v -0.0607165 -0.0451198 -0.179948
vn 0 0 -1
v -0.106975 -0.0451198 -0.179948
vn 0 0 -1
v -0.129225 -0.0409574 -0.179948
vn 0 0 -1
v -0.128345 -0.0367953 -0.179948
vn 0 0 -1
v -0.151474 -0.0367953 -0.179948
vn 0 0 -1
v -0.150594 -0.0326331 -0.179948
vn 0 0 -1
v -0.149713 -0.028471 -0.179948
vn 0 0 -1
v -0.148833 -0.0243089 -0.179948
vn 0 0 -1
v -0.147953 -0.0201468 -0.179948
vn 0 0 -1
v -0.126584 -0.028471 -0.179948
vn 0 0 -1
v -0.147073 -0.0159837 -0.179948
vn 0 0 -1
v -0.146192 -0.0118216 -0.179948
vn 0 0 -1
v -0.124824 -0.0201468 -0.179948
vn 0 0 -1
v -0.103454 -0.028471 -0.179948
vn 0 0 -1
v -0.125704 -0.0243089 -0.179948
vn 0 0 -1
v -0.104334 -0.0326331 -0.179948
vn 0 0 -1
v -0.106095 -0.0409574 -0.179948
vn 0 0 -1
v -0.127465 -0.0326331 -0.179948
vn 0 0 -1
v -0.105215 -0.0367953 -0.179948
vn 0 0 -1
v -0.0154713 -0.0582401 -0.179948
vn 0 0 -1
v -0.0368407 -0.0499157 -0.179948
vn 0 0 -1
v -0.0343334 -0.0463871 -0.179948
vn 0 0 -1
v -0.0582092 -0.041591 -0.179948
vn 0 0 -1
v -0.0795786 -0.0332668 -0.179948
vn 0 0 -1
v -0.0770713 -0.0297384 -0.179948
vn 0 0 -1
v -0.074565 -0.02621 -0.179948
vn 0 0 -1
v -0.0557029 -0.0380626 -0.179948
vn 0 0 -1
v -0.0720576 -0.0226805 -0.179948
vn 0 0 -1
v -0.0531955 -0.0345342 -0.179948
vn 0 0 -1
v -0.100948 -0.0249426 -0.179948
vn 0 0 -1
v -0.122317 -0.0166174 -0.179948
vn 0 0 -1
v -0.11981 -0.0130889 -0.179948
vn 0 0 -1
v -0.143686 -0.00829315 -0.179948
vn 0 0 -1
v -0.141179 -0.00476473 -0.179948
vn 0 0 -1
v -0.138672 -0.00123631 -0.179948
vn 0 0 -1
v -0.136165 0.00229211 -0.179948
vn 0 0 -1
v -0.133659 0.00582054 -0.179948
vn 0 0 -1
v -0.114797 -0.0060321 -0.179948
vn 0 0 -1
v -0.131151 0.00935001 -0.179948
vn 0 0 -1
v -0.128645 0.0128784 -0.179948
vn 0 0 -1
v -0.109783 0.00102475 -0.179948
vn 0 0 -1
v -0.0909207 -0.0108279 -0.179948
vn 0 0 -1
v -0.112289 -0.00250367 -0.179948
vn 0 0 -1
v -0.0934271 -0.0143563 -0.179948
vn 0 0 -1
v -0.0984408 -0.0214132 -0.179948
vn 0 0 -1
v -0.117303 -0.00956052 -0.179948
vn 0 0 -1
v -0.0959344 -0.0178847 -0.179948
vn 0 0 -1
v -0.0117197 -0.0558824 -0.179948
vn 0 0 -1
v -0.0305818 -0.0440289 -0.179948
vn 0 0 -1
v -0.0268292 -0.0416721 -0.179948
vn 0 0 -1
v -0.0494439 -0.0321763 -0.179948
vn 0 0 -1
v -0.068306 -0.0203237 -0.179948
vn 0 0 -1
v -0.0645544 -0.0179658 -0.179948
vn 0 0 -1
v -0.0608018 -0.0156079 -0.179948
vn 0 0 -1
v -0.0456923 -0.0298184 -0.179948
vn 0 0 -1
v -0.0570502 -0.01325 -0.179948
vn 0 0 -1
v -0.0419397 -0.0274605 -0.179948
vn 0 0 -1
v -0.0871681 -0.00846999 -0.179948
vn 0 0 -1
v -0.10603 0.00338264 -0.179948
vn 0 0 -1
v -0.102279 0.00574053 -0.179948
vn 0 0 -1
v -0.124892 0.0152363 -0.179948
vn 0 0 -1
v -0.121141 0.0175932 -0.179948
vn 0 0 -1
v -0.117389 0.0199511 -0.179948
vn 0 0 -1
v -0.113637 0.022309 -0.179948
vn 0 0 -1
v -0.109885 0.0246669 -0.179948
vn 0 0 -1
v -0.0947744 0.0104563 -0.179948
vn 0 0 -1
v -0.106133 0.0270247 -0.179948
vn 0 0 -1
v -0.102381 0.0293826 -0.179948
vn 0 0 -1
v -0.0872713 0.0151711 -0.179948
vn 0 0 -1
v -0.0721607 0.000960531 -0.179948
vn 0 0 -1
v -0.0910229 0.0128142 -0.179948
vn 0 0 -1
v -0.0759123 -0.00139737 -0.179948
vn 0 0 -1
v -0.0834165 -0.00611209 -0.179948
vn 0 0 -1
v -0.0985271 0.00809842 -0.179948
vn 0 0 -1
v -0.0796639 -0.00375526 -0.179948
vn 0 0 -1
v -0.00729339 -0.0550545 -0.179948
vn 0 0 -1
v -0.0224039 -0.0408437 -0.179948
vn 0 0 -1
v -0.0179787 -0.0400163 -0.179948
vn 0 0 -1
v -0.0375144 -0.0266331 -0.179948
vn 0 0 -1
v -0.052625 -0.0124226 -0.179948
vn 0 0 -1
v -0.0481986 -0.0115942 -0.179948
vn 0 0 -1
v -0.0437734 -0.0107668 -0.179948
vn 0 0 -1
v -0.0330881 -0.0258047 -0.179948
vn 0 0 -1
v -0.0393471 -0.00993841 -0.179948
vn 0 0 -1
v -0.0286628 -0.0249774 -0.179948
vn 0 0 -1
v -0.0677344 0.00178896 -0.179948
vn 0 0 -1
v -0.082845 0.0159995 -0.179948
vn 0 0 -1
v -0.0784197 0.0168268 -0.179948
vn 0 0 -1
v -0.0979555 0.03021 -0.179948
vn 0 0 -1
v -0.0935292 0.0310384 -0.179948
vn 0 0 -1
v -0.0891039 0.0318658 -0.179948
vn 0 0 -1
v -0.0846786 0.0326942 -0.179948
vn 0 0 -1
v -0.0802523 0.0335216 -0.179948
vn 0 0 -1
v -0.0695681 0.0184826 -0.179948
vn 0 0 -1
v -0.0758271 0.03435 -0.179948
vn 0 0 -1
v -0.0714018 0.0351774 -0.179948
vn 0 0 -1
v -0.0607165 0.0201384 -0.179948
vn 0 0 -1
v -0.0500323 0.00510053 -0.179948
vn 0 0 -1
v -0.0651429 0.0193111 -0.179948
vn 0 0 -1
v -0.0544576 0.00427212 -0.179948
vn 0 0 -1
v -0.0633092 0.00261632 -0.179948
vn 0 0 -1
v -0.0739934 0.0176553 -0.179948
vn 0 0 -1
v -0.0588839 0.00344474 -0.179948
vn 0 0 -1
v -0.00286812 -0.0558824 -0.179948
vn 0 0 -1
v -0.0135523 -0.0408437 -0.179948
vn 0 0 -1
v -0.00912705 -0.0416721 -0.179948
vn 0 0 -1
v -0.0242376 -0.0258047 -0.179948
vn 0 0 -1
v -0.0349218 -0.0107668 -0.179948
vn 0 0 -1
v -0.0304965 -0.0115942 -0.179948
vn 0 0 -1
v -0.0260713 -0.0124226 -0.179948
vn 0 0 -1
v -0.0198123 -0.0266331 -0.179948
vn 0 0 -1
v -0.021646 -0.01325 -0.179948
vn 0 0 -1
v -0.015386 -0.0274605 -0.179948
vn 0 0 -1
v -0.0456071 0.00427212 -0.179948
vn 0 0 -1
v -0.0562913 0.0193111 -0.179948
vn 0 0 -1
v -0.051866 0.0184826 -0.179948
vn 0 0 -1
v -0.0669755 0.03435 -0.179948
vn 0 0 -1
v -0.0625502 0.0335216 -0.179948
vn 0 0 -1
v -0.058125 0.0326942 -0.179948
vn 0 0 -1
v -0.0536997 0.0318658 -0.179948
vn 0 0 -1
v -0.0492734 0.0310384 -0.179948
vn 0 0 -1
v -0.0430144 0.0168268 -0.179948
vn 0 0 -1
v -0.0448481 0.03021 -0.179948
vn 0 0 -1
v -0.0404228 0.0293826 -0.179948
vn 0 0 -1
v -0.0341639 0.0151711 -0.179948
vn 0 0 -1
v -0.027905 0.000960531 -0.179948
vn 0 0 -1
v -0.0385892 0.0159995 -0.179948
vn 0 0 -1
v -0.0323302 0.00178896 -0.179948
vn 0 0 -1
v -0.0411807 0.00344474 -0.179948
vn 0 0 -1
v -0.0474397 0.0176553 -0.179948
vn 0 0 -1
v -0.0367555 0.00261632 -0.179948
vn 0 0 -1
v 0.000883454 -0.0582401 -0.179948
vn 0 0 -1
v -0.00537547 -0.0440289 -0.179948
vn 0 0 -1
v -0.00162286 -0.0463871 -0.179948
vn 0 0 -1
v -0.0116344 -0.0298184 -0.179948
vn 0 0 -1
v -0.0178934 -0.0156079 -0.179948
vn 0 0 -1
v -0.0141418 -0.0179658 -0.179948
vn 0 0 -1
v -0.0103892 -0.0203237 -0.179948
vn 0 0 -1
v -0.00788285 -0.0321763 -0.179948
vn 0 0 -1
v -0.00663758 -0.0226805 -0.179948
vn 0 0 -1
v -0.00413024 -0.0345342 -0.179948
vn 0 0 -1
v -0.0241523 -0.00139737 -0.179948
vn 0 0 -1
v -0.0304113 0.0128142 -0.179948
vn 0 0 -1
v -0.0266597 0.0104563 -0.179948
vn 0 0 -1
v -0.0366713 0.0270247 -0.179948
vn 0 0 -1
v -0.0329187 0.0246669 -0.179948
vn 0 0 -1
v -0.0291671 0.022309 -0.179948
vn 0 0 -1
v -0.0254144 0.0199511 -0.179948
vn 0 0 -1
v -0.0216628 0.0175932 -0.179948
vn 0 0 -1
v -0.0191555 0.00574053 -0.179948
vn 0 0 -1
v -0.0179113 0.0152363 -0.179948
vn 0 0 -1
v -0.0141587 0.0128784 -0.179948
vn 0 0 -1
v -0.0116513 0.00102475 -0.179948
vn 0 0 -1
v -0.00914496 -0.0108279 -0.179948
vn 0 0 -1
v -0.0154039 0.00338264 -0.179948
vn 0 0 -1
v -0.0128965 -0.00846999 -0.179948
vn 0 0 -1
v -0.0204007 -0.00375526 -0.179948
vn 0 0 -1
v -0.0229081 0.00809842 -0.179948
vn 0 0 -1
v -0.0166481 -0.00611209 -0.179948
vn 0 0 -1
v 0.00339083 -0.0617687 -0.179948
vn 0 0 -1
v 0.000883454 -0.0499157 -0.179948
vn 0 0 -1
v 0.00339083 -0.0534442 -0.179948
vn 0 0 -1
v -0.00162286 -0.0380626 -0.179948
vn 0 0 -1
v -0.00413024 -0.02621 -0.179948
vn 0 0 -1
v -0.00162286 -0.0297384 -0.179948
vn 0 0 -1
v 0.000883454 -0.0332668 -0.179948
vn 0 0 -1
v 0.000883454 -0.041591 -0.179948
vn 0 0 -1
v 0.00339083 -0.0367953 -0.179948
vn 0 0 -1
v 0.00339083 -0.0451198 -0.179948
vn 0 0 -1
v -0.00663758 -0.0143563 -0.179948
vn 0 0 -1
v -0.00914496 -0.00250367 -0.179948
vn 0 0 -1
v -0.00663758 -0.0060321 -0.179948
vn 0 0 -1
v -0.0116513 0.00935001 -0.179948
vn 0 0 -1
v -0.00914496 0.00582054 -0.179948
vn 0 0 -1
v -0.00663758 0.00229211 -0.179948
vn 0 0 -1
v -0.00413024 -0.00123631 -0.179948
vn 0 0 -1
v -0.00162286 -0.00476473 -0.179948
vn 0 0 -1
v -0.00162286 -0.0130889 -0.179948
vn 0 0 -1
v 0.000883454 -0.00829315 -0.179948
vn 0 0 -1
v 0.00339083 -0.0118216 -0.179948
vn 0 0 -1
v 0.00339083 -0.0201468 -0.179948
vn 0 0 -1
v 0.00339083 -0.028471 -0.179948
vn 0 0 -1
v 0.000883454 -0.0166174 -0.179948
vn 0 0 -1
v 0.000883454 -0.0249426 -0.179948
vn 0 0 -1
v -0.00413024 -0.0178847 -0.179948
vn 0 0 -1
v -0.00413024 -0.00956052 -0.179948
vn 0 0 -1
v -0.00162286 -0.0214132 -0.179948
vn 0 0 -1
v 0.00427082 -0.0576064 -0.179948
vn 0 0 -1
v 0.00427082 -0.049282 -0.179948
vn 0 0 -1
v 0.00427082 -0.0409574 -0.179948
vn 0 0 -1
v 0.00515187 -0.0451198 -0.179948
vn 0 0 -1
v 0.00603188 -0.049282 -0.179948
vn 0 0 -1
v 0.00515187 -0.0534442 -0.179948
vn 0 0 -1
v 0.00427082 -0.0326331 -0.179948
vn 0 0 -1
v 0.00427082 -0.0243089 -0.179948
vn 0 0 -1
v 0.00515187 -0.028471 -0.179948
vn 0 0 -1
v 0.00427082 -0.0159837 -0.179948
vn 0 0 -1
v 0.00515187 -0.0201468 -0.179948
vn 0 0 -1
v 0.00603188 -0.0243089 -0.179948
vn 0 0 -1
v 0.00691187 -0.028471 -0.179948
vn 0 0 -1
v 0.00779188 -0.0326331 -0.179948
vn 0 0 -1
v 0.00691187 -0.0367953 -0.179948
vn 0 0 -1
v 0.00867187 -0.0367953 -0.179948
vn 0 0 -1
v 0.00779188 -0.0409574 -0.179948
vn 0 0 -1
v 0.00691187 -0.0451198 -0.179948
vn 0 0 -1
v 0.00515187 -0.0367953 -0.179948
vn 0 0 -1
v 0.00603188 -0.0326331 -0.179948
vn 0 0 -1
v 0.00603188 -0.0409574 -0.179948
vn 0 0 -1
v 0.00329399 -0.0267468 -0.0742125
vn 0 0 1
v -9.33715e-05 -0.0190563 -0.0742125
vn 0 0 1
v -0.00384602 -0.0166984 -0.0742125
vn 0 0 1
v -0.00348073 -0.0113647 -0.0742125
vn 0 0 1
v -0.00686813 -0.0036742 -0.0742125
vn 0 0 1
v -0.0106207 -0.0013163 -0.0742125
vn 0 0 1
v -0.0143723 0.00104159 -0.0742125
vn 0 0 1
v -0.00723338 -0.00900684 -0.0742125
vn 0 0 1
v -0.018125 0.00339842 -0.0742125
vn 0 0 1
v -0.010985 -0.00664999 -0.0742125
vn 0 0 1
v -0.0102555 0.00401632 -0.0742125
vn 0 0 1
v -0.0136429 0.0117069 -0.0742125
vn 0 0 1
v -0.0173955 0.0140647 -0.0742125
vn 0 0 1
v -0.0170302 0.0193984 -0.0742125
vn 0 0 1
v -0.0207829 0.0217563 -0.0742125
vn 0 0 1
v -0.0245344 0.0241132 -0.0742125
vn 0 0 1
v -0.028286 0.0264711 -0.0742125
vn 0 0 1
v -0.0320386 0.0288289 -0.0742125
vn 0 0 1
v -0.0248997 0.0187805 -0.0742125
vn 0 0 1
v -0.0357902 0.0311868 -0.0742125
vn 0 0 1
v -0.0395429 0.0335447 -0.0742125
vn 0 0 1
v -0.0324029 0.0234963 -0.0742125
vn 0 0 1
v -0.0252639 0.0134479 -0.0742125
vn 0 0 1
v -0.0286513 0.0211384 -0.0742125
vn 0 0 1
v -0.0215123 0.01109 -0.0742125
vn 0 0 1
v -0.0140081 0.00637422 -0.0742125
vn 0 0 1
v -0.021147 0.0164226 -0.0742125
vn 0 0 1
v -0.0177597 0.00873211 -0.0742125
vn 0 0 1
v -0.00113231 -0.0259184 -0.0742125
vn 0 0 1
v -0.00827129 -0.01587 -0.0742125
vn 0 0 1
v -0.0126965 -0.0150426 -0.0742125
vn 0 0 1
v -0.0154102 -0.00582157 -0.0742125
vn 0 0 1
v -0.0225502 0.00422685 -0.0742125
vn 0 0 1
v -0.0269755 0.00505423 -0.0742125
vn 0 0 1
v -0.0314007 0.00588264 -0.0742125
vn 0 0 1
v -0.0198365 -0.00499421 -0.0742125
vn 0 0 1
v -0.035826 0.00671001 -0.0742125
vn 0 0 1
v -0.0242618 -0.00416578 -0.0742125
vn 0 0 1
v -0.0296892 0.0142753 -0.0742125
vn 0 0 1
v -0.0368292 0.0243237 -0.0742125
vn 0 0 1
v -0.0412544 0.0251521 -0.0742125
vn 0 0 1
v -0.0439681 0.0343721 -0.0742125
vn 0 0 1
v -0.0483934 0.0352005 -0.0742125
vn 0 0 1
v -0.0528186 0.0360279 -0.0742125
vn 0 0 1
v -0.057245 0.0368563 -0.0742125
vn 0 0 1
v -0.0616702 0.0376837 -0.0742125
vn 0 0 1
v -0.050105 0.0268079 -0.0742125
vn 0 0 1
v -0.0660955 0.0385121 -0.0742125
vn 0 0 1
v -0.0705207 0.0393395 -0.0742125
vn 0 0 1
v -0.0589565 0.0284637 -0.0742125
vn 0 0 1
v -0.0473913 0.0175869 -0.0742125
vn 0 0 1
v -0.0545302 0.0276353 -0.0742125
vn 0 0 1
v -0.042966 0.0167595 -0.0742125
vn 0 0 1
v -0.0341144 0.0151037 -0.0742125
vn 0 0 1
v -0.0456797 0.0259795 -0.0742125
vn 0 0 1
v -0.0385408 0.0159311 -0.0742125
vn 0 0 1
v -0.00555758 -0.0267468 -0.0742125
vn 0 0 1
v -0.0171229 -0.01587 -0.0742125
vn 0 0 1
v -0.0215481 -0.0166984 -0.0742125
vn 0 0 1
v -0.0286871 -0.00499421 -0.0742125
vn 0 0 1
v -0.0402523 0.00588264 -0.0742125
vn 0 0 1
v -0.0446776 0.00505423 -0.0742125
vn 0 0 1
v -0.0491039 0.00422685 -0.0742125
vn 0 0 1
v -0.0331134 -0.00582157 -0.0742125
vn 0 0 1
v -0.0535292 0.00339842 -0.0742125
vn 0 0 1
v -0.0375386 -0.00664999 -0.0742125
vn 0 0 1
v -0.0518165 0.0167595 -0.0742125
vn 0 0 1
v -0.0633818 0.0276353 -0.0742125
vn 0 0 1
v -0.0678071 0.0268079 -0.0742125
vn 0 0 1
v -0.0749471 0.0385121 -0.0742125
vn 0 0 1
v -0.0793723 0.0376837 -0.0742125
vn 0 0 1
v -0.0837976 0.0368563 -0.0742125
vn 0 0 1
v -0.0882239 0.0360279 -0.0742125
vn 0 0 1
v -0.0926492 0.0352005 -0.0742125
vn 0 0 1
v -0.0766586 0.0251521 -0.0742125
vn 0 0 1
v -0.0970755 0.0343721 -0.0742125
vn 0 0 1
v -0.101501 0.0335447 -0.0742125
vn 0 0 1
v -0.0855102 0.0234963 -0.0742125
vn 0 0 1
v -0.0695197 0.0134479 -0.0742125
vn 0 0 1
v -0.081085 0.0243237 -0.0742125
vn 0 0 1
v -0.0650944 0.0142753 -0.0742125
vn 0 0 1
v -0.0562429 0.0159311 -0.0742125
vn 0 0 1
v -0.0722334 0.0259795 -0.0742125
vn 0 0 1
v -0.0606681 0.0151037 -0.0742125
vn 0 0 1
v -0.00930916 -0.0291047 -0.0742125
vn 0 0 1
v -0.0252997 -0.0190563 -0.0742125
vn 0 0 1
v -0.0290523 -0.0214132 -0.0742125
vn 0 0 1
v -0.0412902 -0.00900684 -0.0742125
vn 0 0 1
v -0.0572807 0.00104159 -0.0742125
vn 0 0 1
v -0.0610334 -0.0013163 -0.0742125
vn 0 0 1
v -0.064785 -0.0036742 -0.0742125
vn 0 0 1
v -0.0450429 -0.0113647 -0.0742125
vn 0 0 1
v -0.0685365 -0.0060321 -0.0742125
vn 0 0 1
v -0.0487944 -0.0137226 -0.0742125
vn 0 0 1
v -0.0732713 0.01109 -0.0742125
vn 0 0 1
v -0.0892618 0.0211384 -0.0742125
vn 0 0 1
v -0.0930144 0.0187805 -0.0742125
vn 0 0 1
v -0.105252 0.0311868 -0.0742125
vn 0 0 1
v -0.109005 0.0288289 -0.0742125
vn 0 0 1
v -0.112757 0.0264711 -0.0742125
vn 0 0 1
v -0.116508 0.0241132 -0.0742125
vn 0 0 1
v -0.120261 0.0217563 -0.0742125
vn 0 0 1
v -0.100518 0.0140647 -0.0742125
vn 0 0 1
v -0.124012 0.0193984 -0.0742125
vn 0 0 1
v -0.127765 0.0170405 -0.0742125
vn 0 0 1
v -0.108022 0.00935001 -0.0742125
vn 0 0 1
v -0.0882797 0.00165842 -0.0742125
vn 0 0 1
v -0.10427 0.0117069 -0.0742125
vn 0 0 1
v -0.0845271 0.00401632 -0.0742125
vn 0 0 1
v -0.0770239 0.00873211 -0.0742125
vn 0 0 1
v -0.096766 0.0164226 -0.0742125
vn 0 0 1
v -0.0807755 0.00637422 -0.0742125
vn 0 0 1
v -0.0118165 -0.0326331 -0.0742125
vn 0 0 1
v -0.0315586 -0.0249426 -0.0742125
vn 0 0 1
v -0.034066 -0.028471 -0.0742125
vn 0 0 1
v -0.0513018 -0.017251 -0.0742125
vn 0 0 1
v -0.0710439 -0.00956052 -0.0742125
vn 0 0 1
v -0.0735502 -0.0130889 -0.0742125
vn 0 0 1
v -0.0760576 -0.0166174 -0.0742125
vn 0 0 1
v -0.0538081 -0.0207795 -0.0742125
vn 0 0 1
v -0.0785639 -0.0201468 -0.0742125
vn 0 0 1
v -0.0563155 -0.0243089 -0.0742125
vn 0 0 1
v -0.090786 -0.00187 -0.0742125
vn 0 0 1
v -0.110529 0.00582054 -0.0742125
vn 0 0 1
v -0.113035 0.00229211 -0.0742125
vn 0 0 1
v -0.130271 0.0135121 -0.0742125
vn 0 0 1
v -0.132779 0.00998369 -0.0742125
vn 0 0 1
v -0.135285 0.00645421 -0.0742125
vn 0 0 1
v -0.137792 0.00292579 -0.0742125
vn 0 0 1
v -0.140299 -0.000602632 -0.0742125
vn 0 0 1
v -0.118049 -0.00476473 -0.0742125
vn 0 0 1
v -0.142806 -0.00413104 -0.0742125
vn 0 0 1
v -0.145312 -0.00765946 -0.0742125
vn 0 0 1
v -0.123063 -0.0118216 -0.0742125
vn 0 0 1
v -0.100813 -0.0159837 -0.0742125
vn 0 0 1
v -0.120557 -0.00829315 -0.0742125
vn 0 0 1
v -0.0983071 -0.0124553 -0.0742125
vn 0 0 1
v -0.0932934 -0.00539842 -0.0742125
vn 0 0 1
v -0.115543 -0.00123631 -0.0742125
vn 0 0 1
v -0.0957997 -0.00892683 -0.0742125
vn 0 0 1
v -0.0126965 -0.0367953 -0.0742125
vn 0 0 1
v -0.034946 -0.0326331 -0.0742125
vn 0 0 1
v -0.035826 -0.0367953 -0.0742125
vn 0 0 1
v -0.0571955 -0.028471 -0.0742125
vn 0 0 1
v -0.079445 -0.0243089 -0.0742125
vn 0 0 1
v -0.080325 -0.028471 -0.0742125
vn 0 0 1
v -0.081205 -0.0326331 -0.0742125
vn 0 0 1
v -0.0580755 -0.0326331 -0.0742125
vn 0 0 1
v -0.082086 -0.0367953 -0.0742125
vn 0 0 1
v -0.0589555 -0.0367953 -0.0742125
vn 0 0 1
v -0.101694 -0.0201468 -0.0742125
vn 0 0 1
v -0.123943 -0.0159837 -0.0742125
vn 0 0 1
v -0.124824 -0.0201468 -0.0742125
vn 0 0 1
v -0.146192 -0.0118216 -0.0742125
vn 0 0 1
v -0.147073 -0.0159837 -0.0742125
vn 0 0 1
v -0.147953 -0.0201468 -0.0742125
vn 0 0 1
v -0.148833 -0.0243089 -0.0742125
vn 0 0 1
v -0.149713 -0.028471 -0.0742125
vn 0 0 1
v -0.126584 -0.028471 -0.0742125
vn 0 0 1
v -0.150594 -0.0326331 -0.0742125
vn 0 0 1
v -0.151474 -0.0367953 -0.0742125
vn 0 0 1
v -0.128345 -0.0367953 -0.0742125
vn 0 0 1
v -0.105215 -0.0367953 -0.0742125
vn 0 0 1
v -0.127465 -0.0326331 -0.0742125
vn 0 0 1
v -0.104334 -0.0326331 -0.0742125
vn 0 0 1
v -0.102574 -0.0243089 -0.0742125
vn 0 0 1
v -0.125704 -0.0243089 -0.0742125
vn 0 0 1
v -0.103454 -0.028471 -0.0742125
vn 0 0 1
v -0.0118165 -0.0409574 -0.0742125
vn 0 0 1
v -0.034946 -0.0409574 -0.0742125
vn 0 0 1
v -0.034066 -0.0451197 -0.0742125
vn 0 0 1
v -0.0580755 -0.0409574 -0.0742125
vn 0 0 1
v -0.081205 -0.0409574 -0.0742125
vn 0 0 1
v -0.080325 -0.0451197 -0.0742125
vn 0 0 1
v -0.079445 -0.049282 -0.0742125
vn 0 0 1
v -0.0571955 -0.0451197 -0.0742125
vn 0 0 1
v -0.0785639 -0.0534442 -0.0742125
vn 0 0 1
v -0.0563155 -0.049282 -0.0742125
vn 0 0 1
v -0.104334 -0.0409574 -0.0742125
vn 0 0 1
v -0.127465 -0.0409574 -0.0742125
vn 0 0 1
v -0.126584 -0.0451197 -0.0742125
vn 0 0 1
v -0.150594 -0.0409574 -0.0742125
vn 0 0 1
v -0.149713 -0.0451197 -0.0742125
vn 0 0 1
v -0.148833 -0.049282 -0.0742125
vn 0 0 1
v -0.147953 -0.0534442 -0.0742125
vn 0 0 1
v -0.147073 -0.0576064 -0.0742125
vn 0 0 1
v -0.124824 -0.0534442 -0.0742125
vn 0 0 1
v -0.146192 -0.0617687 -0.0742125
vn 0 0 1
v -0.145312 -0.0659309 -0.0742125
vn 0 0 1
v -0.123063 -0.0617687 -0.0742125
vn 0 0 1
v -0.100813 -0.0576064 -0.0742125
vn 0 0 1
v -0.123943 -0.0576064 -0.0742125
vn 0 0 1
v -0.101694 -0.0534442 -0.0742125
vn 0 0 1
v -0.103454 -0.0451197 -0.0742125
vn 0 0 1
v -0.125704 -0.049282 -0.0742125
vn 0 0 1
v -0.102574 -0.049282 -0.0742125
vn 0 0 1
v -0.00930916 -0.0444858 -0.0742125
vn 0 0 1
v -0.0315586 -0.0486483 -0.0742125
vn 0 0 1
v -0.0290523 -0.0521768 -0.0742125
vn 0 0 1
v -0.0538081 -0.0528105 -0.0742125
vn 0 0 1
v -0.0760576 -0.0569727 -0.0742125
vn 0 0 1
v -0.0735502 -0.0605014 -0.0742125
vn 0 0 1
v -0.0710439 -0.0640299 -0.0742125
vn 0 0 1
v -0.0513018 -0.056339 -0.0742125
vn 0 0 1
v -0.0685365 -0.0675584 -0.0742125
vn 0 0 1
v -0.0487944 -0.0598676 -0.0742125
vn 0 0 1
v -0.0983071 -0.061135 -0.0742125
vn 0 0 1
v -0.120557 -0.0652973 -0.0742125
vn 0 0 1
v -0.118049 -0.0688258 -0.0742125
vn 0 0 1
v -0.142806 -0.0694595 -0.0742125
vn 0 0 1
v -0.140299 -0.072988 -0.0742125
vn 0 0 1
v -0.137792 -0.0765166 -0.0742125
vn 0 0 1
v -0.135285 -0.0800452 -0.0742125
vn 0 0 1
v -0.132779 -0.0835737 -0.0742125
vn 0 0 1
v -0.113035 -0.0758829 -0.0742125
vn 0 0 1
v -0.130271 -0.0871022 -0.0742125
vn 0 0 1
v -0.127765 -0.0906308 -0.0742125
vn 0 0 1
v -0.108022 -0.08294 -0.0742125
vn 0 0 1
v -0.0882797 -0.0752493 -0.0742125
vn 0 0 1
v -0.110529 -0.0794115 -0.0742125
vn 0 0 1
v -0.090786 -0.0717206 -0.0742125
vn 0 0 1
v -0.0957997 -0.0646636 -0.0742125
vn 0 0 1
v -0.115543 -0.0723543 -0.0742125
vn 0 0 1
v -0.0932934 -0.0681921 -0.0742125
vn 0 0 1
v -0.00555758 -0.0468438 -0.0742125
vn 0 0 1
v -0.0252997 -0.0545346 -0.0742125
vn 0 0 1
v -0.0215481 -0.0568923 -0.0742125
vn 0 0 1
v -0.0450429 -0.0622254 -0.0742125
vn 0 0 1
v -0.064785 -0.0699162 -0.0742125
vn 0 0 1
v -0.0610334 -0.0722739 -0.0742125
vn 0 0 1
v -0.0572807 -0.0746317 -0.0742125
vn 0 0 1
v -0.0412902 -0.0645831 -0.0742125
vn 0 0 1
v -0.0535292 -0.0769895 -0.0742125
vn 0 0 1
v -0.0375386 -0.0669409 -0.0742125
vn 0 0 1
v -0.0845271 -0.0776069 -0.0742125
vn 0 0 1
v -0.10427 -0.0852978 -0.0742125
vn 0 0 1
v -0.100518 -0.0876556 -0.0742125
vn 0 0 1
v -0.124012 -0.0929885 -0.0742125
vn 0 0 1
v -0.120261 -0.0953463 -0.0742125
vn 0 0 1
v -0.116508 -0.0977041 -0.0742125
vn 0 0 1
v -0.112757 -0.100062 -0.0742125
vn 0 0 1
v -0.109005 -0.10242 -0.0742125
vn 0 0 1
v -0.0930144 -0.092371 -0.0742125
vn 0 0 1
v -0.105252 -0.104777 -0.0742125
vn 0 0 1
v -0.101501 -0.107135 -0.0742125
vn 0 0 1
v -0.0855102 -0.0970866 -0.0742125
vn 0 0 1
v -0.0695197 -0.087038 -0.0742125
vn 0 0 1
v -0.0892618 -0.0947288 -0.0742125
vn 0 0 1
v -0.0732713 -0.0846803 -0.0742125
vn 0 0 1
v -0.0807755 -0.0799647 -0.0742125
vn 0 0 1
v -0.096766 -0.0900133 -0.0742125
vn 0 0 1
v -0.0770239 -0.0823225 -0.0742125
vn 0 0 1
v -0.00113231 -0.0476717 -0.0742125
vn 0 0 1
v -0.0171229 -0.0577202 -0.0742125
vn 0 0 1
v -0.0126965 -0.0585481 -0.0742125
vn 0 0 1
v -0.0331134 -0.0677688 -0.0742125
vn 0 0 1
v -0.0491039 -0.0778174 -0.0742125
vn 0 0 1
v -0.0446776 -0.0786453 -0.0742125
vn 0 0 1
v -0.0402523 -0.0794732 -0.0742125
vn 0 0 1
v -0.0286871 -0.0685967 -0.0742125
vn 0 0 1
v -0.035826 -0.080301 -0.0742125
vn 0 0 1
v -0.0242618 -0.0694246 -0.0742125
vn 0 0 1
v -0.0650944 -0.0878659 -0.0742125
vn 0 0 1
v -0.081085 -0.0979145 -0.0742125
vn 0 0 1
v -0.0766586 -0.0987424 -0.0742125
vn 0 0 1
v -0.0970755 -0.107963 -0.0742125
vn 0 0 1
v -0.0926492 -0.108791 -0.0742125
vn 0 0 1
v -0.0882239 -0.109619 -0.0742125
vn 0 0 1
v -0.0837976 -0.110447 -0.0742125
vn 0 0 1
v -0.0793723 -0.111275 -0.0742125
vn 0 0 1
v -0.0678071 -0.100398 -0.0742125
vn 0 0 1
v -0.0749471 -0.112103 -0.0742125
vn 0 0 1
v -0.0705207 -0.11293 -0.0742125
vn 0 0 1
v -0.0589565 -0.102054 -0.0742125
vn 0 0 1
v -0.0473913 -0.0911775 -0.0742125
vn 0 0 1
v -0.0633818 -0.101226 -0.0742125
vn 0 0 1
v -0.0518165 -0.0903496 -0.0742125
vn 0 0 1
v -0.0606681 -0.0886938 -0.0742125
vn 0 0 1
v -0.0722334 -0.0995702 -0.0742125
vn 0 0 1
v -0.0562429 -0.0895217 -0.0742125
vn 0 0 1
v 0.00329399 -0.0468438 -0.0742125
vn 0 0 1
v -0.00827129 -0.0577202 -0.0742125
vn 0 0 1
v -0.00384602 -0.0568923 -0.0742125
vn 0 0 1
v -0.0198365 -0.0685967 -0.0742125
vn 0 0 1
v -0.0314007 -0.0794732 -0.0742125
vn 0 0 1
v -0.0269755 -0.0786453 -0.0742125
vn 0 0 1
v -0.0225502 -0.0778174 -0.0742125
vn 0 0 1
v -0.0154102 -0.0677688 -0.0742125
vn 0 0 1
v -0.018125 -0.0769895 -0.0742125
vn 0 0 1
v -0.010985 -0.0669409 -0.0742125
vn 0 0 1
v -0.042966 -0.0903496 -0.0742125
vn 0 0 1
v -0.0545302 -0.101226 -0.0742125
vn 0 0 1
v -0.050105 -0.100398 -0.0742125
vn 0 0 1
v -0.0660955 -0.112103 -0.0742125
vn 0 0 1
v -0.0616702 -0.111275 -0.0742125
vn 0 0 1
v -0.057245 -0.110447 -0.0742125
vn 0 0 1
v -0.0528186 -0.109619 -0.0742125
vn 0 0 1
v -0.0483934 -0.108791 -0.0742125
vn 0 0 1
v -0.0412544 -0.0987424 -0.0742125
vn 0 0 1
v -0.0439681 -0.107963 -0.0742125
vn 0 0 1
v -0.0395429 -0.107135 -0.0742125
vn 0 0 1
v -0.0324029 -0.0970866 -0.0742125
vn 0 0 1
v -0.0252639 -0.087038 -0.0742125
vn 0 0 1
v -0.0368292 -0.0979145 -0.0742125
vn 0 0 1
v -0.0296892 -0.0878659 -0.0742125
vn 0 0 1
v -0.0385408 -0.0895217 -0.0742125
vn 0 0 1
v -0.0456797 -0.0995702 -0.0742125
vn 0 0 1
v -0.0341144 -0.0886938 -0.0742125
vn 0 0 1
v 0.00704557 -0.0444858 -0.0742125
vn 0 0 1
v -9.33715e-05 -0.0545346 -0.0742125
vn 0 0 1
v 0.00365821 -0.0521768 -0.0742125
vn 0 0 1
v -0.00723338 -0.0645831 -0.0742125
vn 0 0 1
v -0.0143723 -0.0746317 -0.0742125
vn 0 0 1
v -0.0106207 -0.0722739 -0.0742125
vn 0 0 1
v -0.00686813 -0.0699162 -0.0742125
vn 0 0 1
v -0.00348073 -0.0622254 -0.0742125
vn 0 0 1
v -0.00311655 -0.0675584 -0.0742125
vn 0 0 1
v 0.000270844 -0.0598676 -0.0742125
vn 0 0 1
v -0.0215123 -0.0846803 -0.0742125
vn 0 0 1
v -0.0286513 -0.0947288 -0.0742125
vn 0 0 1
v -0.0248997 -0.092371 -0.0742125
vn 0 0 1
v -0.0357902 -0.104777 -0.0742125
vn 0 0 1
v -0.0320386 -0.10242 -0.0742125
vn 0 0 1
v -0.028286 -0.100062 -0.0742125
vn 0 0 1
v -0.0245344 -0.0977041 -0.0742125
vn 0 0 1
v -0.0207829 -0.0953463 -0.0742125
vn 0 0 1
v -0.0173955 -0.0876556 -0.0742125
vn 0 0 1
v -0.0170302 -0.0929885 -0.0742125
vn 0 0 1
v -0.0132786 -0.0906308 -0.0742125
vn 0 0 1
v -0.00989128 -0.08294 -0.0742125
vn 0 0 1
v -0.00650391 -0.0752493 -0.0742125
vn 0 0 1
v -0.0136429 -0.0852978 -0.0742125
vn 0 0 1
v -0.0102555 -0.0776069 -0.0742125
vn 0 0 1
v -0.0177597 -0.0823225 -0.0742125
vn 0 0 1
v -0.021147 -0.0900133 -0.0742125
vn 0 0 1
v -0.0140081 -0.0799647 -0.0742125
vn 0 0 1
v 0.00616556 -0.0486483 -0.0742125
vn 0 0 1
v 0.00277819 -0.056339 -0.0742125
vn 0 0 1
v -0.000609171 -0.0640299 -0.0742125
vn 0 0 1
v 0.00189821 -0.0605014 -0.0742125
vn 0 0 1
v 0.00440452 -0.0569727 -0.0742125
vn 0 0 1
v 0.00528557 -0.0528105 -0.0742125
vn 0 0 1
v -0.00399653 -0.0717206 -0.0742125
vn 0 0 1
v -0.0073839 -0.0794115 -0.0742125
vn 0 0 1
v -0.00487655 -0.0758829 -0.0742125
vn 0 0 1
v -0.0107713 -0.0871022 -0.0742125
vn 0 0 1
v -0.00826391 -0.0835737 -0.0742125
vn 0 0 1
v -0.0057576 -0.0800452 -0.0742125
vn 0 0 1
v -0.00325022 -0.0765166 -0.0742125
vn 0 0 1
v -0.000742843 -0.072988 -0.0742125
vn 0 0 1
v 0.000137142 -0.0688258 -0.0742125
vn 0 0 1
v 0.00176451 -0.0694595 -0.0742125
vn 0 0 1
v 0.00264452 -0.0652973 -0.0742125
vn 0 0 1
v 0.0035245 -0.061135 -0.0742125
vn 0 0 1
v -0.00148916 -0.0681921 -0.0742125
vn 0 0 1
v -0.00237021 -0.0723543 -0.0742125
vn 0 0 1
v 0.00101716 -0.0646636 -0.0742125
vn 0 0 1
f 1//1 2//2 3//3
f 2//2 4//4 5//5
f 5//5 6//6 3//3
f 2//2 5//5 3//3
f 4//4 7//7 8//8
f 7//7 9//9 10//10
f 10//10 11//11 8//8
f 7//7 10//10 8//8
f 11//11 12//12 13//13
f 12//12 14//14 15//15
f 15//15 6//6 13//13
f 12//12 15//15 13//13
f 4//4 8//8 5//5
f 8//8 11//11 13//13
f 13//13 6//6 5//5
f 8//8 13//13 5//5
f 9//9 16//16 17//17
f 16//16 18//18 19//19
f 19//19 20//20 17//17
f 16//16 19//19 17//17
f 18//18 21//21 22//22
f 21//21 23//23 24//24
f 24//24 25//25 22//22
f 21//21 24//24 22//22
f 25//25 26//26 27//27
f 26//26 28//28 29//29
f 29//29 20//20 27//27
f 26//26 29//29 27//27
f 18//18 22//22 19//19
f 22//22 25//25 27//27
f 27//27 20//20 19//19
f 22//22 27//27 19//19
f 28//28 30//30 31//31
f 30//30 32//32 33//33
f 33//33 34//34 31//31
f 30//30 33//33 31//31
f 32//32 35//35 36//36
f 35//35 37//37 38//38
f 38//38 39//39 36//36
f 35//35 38//38 36//36
f 39//39 40//40 41//41
f 40//40 14//14 42//42
f 42//42 34//34 41//41
f 40//40 42//42 41//41
f 32//32 36//36 33//33
f 36//36 39//39 41//41
f 41//41 34//34 33//33
f 36//36 41//41 33//33
f 9//9 17//17 10//10
f 17//17 20//20 43//43
f 43//43 11//11 10//10
f 17//17 43//43 10//10
f 20//20 29//29 44//44
f 29//29 28//28 31//31
f 31//31 34//34 44//44
f 29//29 31//31 44//44
f 34//34 42//42 45//45
f 42//42 14//14 12//12
f 12//12 11//11 45//45
f 42//42 12//12 45//45
f 20//20 44//44 43//43
f 44//44 34//34 45//45
f 45//45 11//11 43//43
f 44//44 45//45 43//43
f 37//37 46//46 38//38
f 46//46 47//47 48//48
f 48//48 39//39 38//38
f 46//46 48//48 38//38
f 47//47 49//49 50//50
f 49//49 51//51 52//52
f 52//52 53//53 50//50
f 49//49 52//52 50//50
f 53//53 54//54 55//55
f 54//54 14//14 40//40
f 40//40 39//39 55//55
f 54//54 40//40 55//55
f 47//47 50//50 48//48
f 50//50 53//53 55//55
f 55//55 39//39 48//48
f 50//50 55//55 48//48
f 51//51 56//56 57//57
f 56//56 58//58 59//59
f 59//59 60//60 57//57
f 56//56 59//59 57//57
f 58//58 61//61 62//62
f 61//61 63//63 64//64
f 64//64 65//65 62//62
f 61//61 64//64 62//62
f 65//65 66//66 67//67
f 66//66 68//68 69//69
f 69//69 60//60 67//67
f 66//66 69//69 67//67
f 58//58 62//62 59//59
f 62//62 65//65 67//67
f 67//67 60//60 59//59
f 62//62 67//67 59//59
f 68//68 70//70 71//71
f 70//70 72//72 73//73
f 73//73 74//74 71//71
f 70//70 73//73 71//71
f 72//72 75//75 76//76
f 75//75 1//1 3//3
f 3//3 6//6 76//76
f 75//75 3//3 76//76
f 6//6 15//15 77//77
f 15//15 14//14 78//78
f 78//78 74//74 77//77
f 15//15 78//78 77//77
f 72//72 76//76 73//73
f 76//76 6//6 77//77
f 77//77 74//74 73//73
f 76//76 77//77 73//73
f 51//51 57//57 52//52
f 57//57 60//60 79//79
f 79//79 53//53 52//52
f 57//57 79//79 52//52
f 60//60 69//69 80//80
f 69//69 68//68 71//71
f 71//71 74//74 80//80
f 69//69 71//71 80//80
f 74//74 78//78 81//81
f 78//78 14//14 54//54
f 54//54 53//53 81//81
f 78//78 54//54 81//81
f 60//60 80//80 79//79
f 80//80 74//74 81//81
f 81//81 53//53 79//79
f 80//80 81//81 79//79
f 63//63 61//61 82//82
f 61//61 58//58 83//83
f 83//83 84//84 82//82
f 61//61 83//83 82//82
f 58//58 56//56 85//85
f 56//56 51//51 86//86
f 86//86 87//87 85//85
f 56//56 86//86 85//85
f 87//87 88//88 89//89
f 88//88 90//90 91//91
f 91//91 84//84 89//89
f 88//88 91//91 89//89
f 58//58 85//85 83//83
f 85//85 87//87 89//89
f 89//89 84//84 83//83
f 85//85 89//89 83//83
f 51//51 49//49 92//92
f 49//49 47//47 93//93
f 93//93 94//94 92//92
f 49//49 93//93 92//92
f 47//47 46//46 95//95
f 46//46 37//37 96//96
f 96//96 97//97 95//95
f 46//46 96//96 95//95
f 97//97 98//98 99//99
f 98//98 100//100 101//101
f 101//101 94//94 99//99
f 98//98 101//101 99//99
f 47//47 95//95 93//93
f 95//95 97//97 99//99
f 99//99 94//94 93//93
f 95//95 99//99 93//93
f 100//100 102//102 103//103
f 102//102 104//104 105//105
f 105//105 106//106 103//103
f 102//102 105//105 103//103
f 104//104 107//107 108//108
f 107//107 109//109 110//110
f 110//110 111//111 108//108
f 107//107 110//110 108//108
f 111//111 112//112 113//113
f 112//112 90//90 114//114
f 114//114 106//106 113//113
f 112//112 114//114 113//113
f 104//104 108//108 105//105
f 108//108 111//111 113//113
f 113//113 106//106 105//105
f 108//108 113//113 105//105
f 51//51 92//92 86//86
f 92//92 94//94 115//115
f 115//115 87//87 86//86
f 92//92 115//115 86//86
f 94//94 101//101 116//116
f 101//101 100//100 103//103
f 103//103 106//106 116//116
f 101//101 103//103 116//116
f 106//106 114//114 117//117
f 114//114 90//90 88//88
f 88//88 87//87 117//117
f 114//114 88//88 117//117
f 94//94 116//116 115//115
f 116//116 106//106 117//117
f 117//117 87//87 115//115
f 116//116 117//117 115//115
f 109//109 107//107 118//118
f 107//107 104//104 119//119
f 119//119 120//120 118//118
f 107//107 119//119 118//118
f 104//104 102//102 121//121
f 102//102 100//100 122//122
f 122//122 123//123 121//121
f 102//102 122//122 121//121
f 123//123 124//124 125//125
f 124//124 126//126 127//127
f 127//127 120//120 125//125
f 124//124 127//127 125//125
f 104//104 121//121 119//119
f 121//121 123//123 125//125
f 125//125 120//120 119//119
f 121//121 125//125 119//119
f 100//100 98//98 128//128
f 98//98 97//97 129//129
f 129//129 130//130 128//128
f 98//98 129//129 128//128
f 97//97 96//96 131//131
f 96//96 37//37 132//132
f 132//132 133//133 131//131
f 96//96 132//132 131//131
f 133//133 134//134 135//135
f 134//134 136//136 137//137
f 137//137 130//130 135//135
f 134//134 137//137 135//135
f 97//97 131//131 129//129
f 131//131 133//133 135//135
f 135//135 130//130 129//129
f 131//131 135//135 129//129
f 136//136 138//138 139//139
f 138//138 140//140 141//141
f 141//141 142//142 139//139
f 138//138 141//141 139//139
f 140//140 143//143 144//144
f 143//143 145//145 146//146
f 146//146 147//147 144//144
f 143//143 146//146 144//144
f 147//147 148//148 149//149
f 148//148 126//126 150//150
f 150//150 142//142 149//149
f 148//148 150//150 149//149
f 140//140 144//144 141//141
f 144//144 147//147 149//149
f 149//149 142//142 141//141
f 144//144 149//149 141//141
f 100//100 128//128 122//122
f 128//128 130//130 151//151
f 151//151 123//123 122//122
f 128//128 151//151 122//122
f 130//130 137//137 152//152
f 137//137 136//136 139//139
f 139//139 142//142 152//152
f 137//137 139//139 152//152
f 142//142 150//150 153//153
f 150//150 126//126 124//124
f 124//124 123//123 153//153
f 150//150 124//124 153//153
f 130//130 152//152 151//151
f 152//152 142//142 153//153
f 153//153 123//123 151//151
f 152//152 153//153 151//151
f 109//109 118//118 154//154
f 118//118 120//120 155//155
f 155//155 156//156 154//154
f 118//118 155//155 154//154
f 120//120 127//127 157//157
f 127//127 126//126 158//158
f 158//158 159//159 157//157
f 127//127 158//158 157//157
f 159//159 160//160 161//161
f 160//160 162//162 163//163
f 163//163 156//156 161//161
f 160//160 163//163 161//161
f 120//120 157//157 155//155
f 157//157 159//159 161//161
f 161//161 156//156 155//155
f 157//157 161//161 155//155
f 126//126 148//148 164//164
f 148//148 147//147 165//165
f 165//165 166//166 164//164
f 148//148 165//165 164//164
f 147//147 146//146 167//167
f 146//146 145//145 168//168
f 168//168 169//169 167//167
f 146//146 168//168 167//167
f 169//169 170//170 171//171
f 170//170 172//172 173//173
f 173//173 166//166 171//171
f 170//170 173//173 171//171
f 147//147 167//167 165//165
f 167//167 169//169 171//171
f 171//171 166//166 165//165
f 167//167 171//171 165//165
f 172//172 174//174 175//175
f 174//174 176//176 177//177
f 177//177 178//178 175//175
f 174//174 177//177 175//175
f 176//176 179//179 180//180
f 179//179 181//181 182//182
f 182//182 183//183 180//180
f 179//179 182//182 180//180
f 183//183 184//184 185//185
f 184//184 162//162 186//186
f 186//186 178//178 185//185
f 184//184 186//186 185//185
f 176//176 180//180 177//177
f 180//180 183//183 185//185
f 185//185 178//178 177//177
f 180//180 185//185 177//177
f 126//126 164//164 158//158
f 164//164 166//166 187//187
f 187//187 159//159 158//158
f 164//164 187//187 158//158
f 166//166 173//173 188//188
f 173//173 172//172 175//175
f 175//175 178//178 188//188
f 173//173 175//175 188//188
f 178//178 186//186 189//189
f 186//186 162//162 160//160
f 160//160 159//159 189//189
f 186//186 160//160 189//189
f 166//166 188//188 187//187
f 188//188 178//178 189//189
f 189//189 159//159 187//187
f 188//188 189//189 187//187
f 181//181 190//190 182//182
f 190//190 191//191 192//192
f 192//192 183//183 182//182
f 190//190 192//192 182//182
f 191//191 193//193 194//194
f 193//193 195//195 196//196
f 196//196 197//197 194//194
f 193//193 196//196 194//194
f 197//197 198//198 199//199
f 198//198 162//162 184//184
f 184//184 183//183 199//199
f 198//198 184//184 199//199
f 191//191 194//194 192//192
f 194//194 197//197 199//199
f 199//199 183//183 192//192
f 194//194 199//199 192//192
f 195//195 200//200 201//201
f 200//200 202//202 203//203
f 203//203 204//204 201//201
f 200//200 203//203 201//201
f 202//202 205//205 206//206
f 205//205 207//207 208//208
f 208//208 209//209 206//206
f 205//205 208//208 206//206
f 209//209 210//210 211//211
f 210//210 212//212 213//213
f 213//213 204//204 211//211
f 210//210 213//213 211//211
f 202//202 206//206 203//203
f 206//206 209//209 211//211
f 211//211 204//204 203//203
f 206//206 211//211 203//203
f 212//212 214//214 215//215
f 214//214 216//216 217//217
f 217//217 218//218 215//215
f 214//214 217//217 215//215
f 216//216 219//219 220//220
f 219//219 109//109 154//154
f 154//154 156//156 220//220
f 219//219 154//154 220//220
f 156//156 163//163 221//221
f 163//163 162//162 222//222
f 222//222 218//218 221//221
f 163//163 222//222 221//221
f 216//216 220//220 217//217
f 220//220 156//156 221//221
f 221//221 218//218 217//217
f 220//220 221//221 217//217
f 195//195 201//201 196//196
f 201//201 204//204 223//223
f 223//223 197//197 196//196
f 201//201 223//223 196//196
f 204//204 213//213 224//224
f 213//213 212//212 215//215
f 215//215 218//218 224//224
f 213//213 215//215 224//224
f 218//218 222//222 225//225
f 222//222 162//162 198//198
f 198//198 197//197 225//225
f 222//222 198//198 225//225
f 204//204 224//224 223//223
f 224//224 218//218 225//225
f 225//225 197//197 223//223
f 224//224 225//225 223//223
f 207//207 205//205 226//226
f 205//205 202//202 227//227
f 227//227 228//228 226//226
f 205//205 227//227 226//226
f 202//202 200//200 227//227
f 200//200 195//195 227//227
f 227//227 229//229 230//230
f 230//230 228//228 227//227
f 195//195 193//193 227//227
f 193//193 191//191 231//231
f 231//231 232//232 227//227
f 193//193 231//231 227//227
f 191//191 190//190 233//233
f 190//190 181//181 234//234
f 234//234 235//235 233//233
f 190//190 234//234 233//233
f 235//235 236//236 237//237
f 236//236 238//238 227//227
f 227//227 232//232 237//237
f 236//236 227//227 237//237
f 191//191 233//233 231//231
f 233//233 235//235 237//237
f 237//237 232//232 231//231
f 233//233 237//237 231//231
f 238//238 239//239 227//227
f 239//239 240//240 227//227
f 240//240 241//241 227//227
f 241//241 242//242 243//243
f 243//243 244//244 227//227
f 241//241 243//243 227//227
f 244//244 245//245 227//227
f 245//245 229//229 227//227
f 242//242 241//241 246//246
f 241//241 240//240 247//247
f 247//247 248//248 246//246
f 241//241 247//247 246//246
f 240//240 239//239 249//249
f 239//239 238//238 250//250
f 250//250 251//251 249//249
f 239//239 250//250 249//249
f 251//251 252//252 253//253
f 252//252 254//254 255//255
f 255//255 248//248 253//253
f 252//252 255//255 253//253
f 240//240 249//249 247//247
f 249//249 251//251 253//253
f 253//253 248//248 247//247
f 249//249 253//253 247//247
f 238//238 236//236 256//256
f 236//236 235//235 257//257
f 257//257 258//258 256//256
f 236//236 257//257 256//256
f 235//235 234//234 259//259
f 234//234 181//181 260//260
f 260//260 261//261 259//259
f 234//234 260//260 259//259
f 261//261 262//262 263//263
f 262//262 264//264 265//265
f 265//265 258//258 263//263
f 262//262 265//265 263//263
f 235//235 259//259 257//257
f 259//259 261//261 263//263
f 263//263 258//258 257//257
f 259//259 263//263 257//257
f 264//264 266//266 267//267
f 266//266 268//268 269//269
f 269//269 270//270 267//267
f 266//266 269//269 267//267
f 268//268 271//271 272//272
f 271//271 273//273 274//274
f 274//274 275//275 272//272
f 271//271 274//274 272//272
f 275//275 276//276 277//277
f 276//276 254//254 278//278
f 278//278 270//270 277//277
f 276//276 278//278 277//277
f 268//268 272//272 269//269
f 272//272 275//275 277//277
f 277//277 270//270 269//269
f 272//272 277//277 269//269
f 238//238 256//256 250//250
f 256//256 258//258 279//279
f 279//279 251//251 250//250
f 256//256 279//279 250//250
f 258//258 265//265 280//280
f 265//265 264//264 267//267
f 267//267 270//270 280//280
f 265//265 267//267 280//280
f 270//270 278//278 281//281
f 278//278 254//254 252//252
f 252//252 251//251 281//281
f 278//278 252//252 281//281
f 258//258 280//280 279//279
f 280//280 270//270 281//281
f 281//281 251//251 279//279
f 280//280 281//281 279//279
f 242//242 246//246 282//282
f 246//246 248//248 283//283
f 246//246 283//283 282//282
f 248//248 255//255 283//283
f 255//255 254//254 283//283
f 254//254 276//276 283//283
f 276//276 275//275 283//283
f 275//275 274//274 283//283
f 274//274 273//273 283//283
f 282//282 283//283 284//284
f 285//285 282//282 284//284
f 285//285 284//284 286//286
f 284//284 287//287 286//286
f 286//286 287//287 288//288
f 288//288 289//289 286//286
f 289//289 288//288 290//290
f 23//23 291//291 24//24
f 291//291 292//292 293//293
f 293//293 25//25 24//24
f 291//291 293//293 24//24
f 292//292 294//294 295//295
f 294//294 296//296 297//297
f 297//297 298//298 295//295
f 294//294 297//297 295//295
f 298//298 299//299 300//300
f 299//299 28//28 26//26
f 26//26 25//25 300//300
f 299//299 26//26 300//300
f 292//292 295//295 293//293
f 295//295 298//298 300//300
f 300//300 25//25 293//293
f 295//295 300//300 293//293
f 296//296 301//301 302//302
f 301//301 303//303 304//304
f 304//304 305//305 302//302
f 301//301 304//304 302//302
f 303//303 306//306 307//307
f 306//306 308//308 309//309
f 309//309 310//310 307//307
f 306//306 309//309 307//307
f 310//310 311//311 312//312
f 311//311 313//313 314//314
f 314//314 305//305 312//312
f 311//311 314//314 312//312
f 303//303 307//307 304//304
f 307//307 310//310 312//312
f 312//312 305//305 304//304
f 307//307 312//312 304//304
f 313//313 315//315 316//316
f 315//315 317//317 318//318
f 318//318 319//319 316//316
f 315//315 318//318 316//316
f 317//317 320//320 321//321
f 320//320 37//37 35//35
f 35//35 32//32 321//321
f 320//320 35//35 321//321
f 32//32 30//30 322//322
f 30//30 28//28 323//323
f 323//323 319//319 322//322
f 30//30 323//323 322//322
f 317//317 321//321 318//318
f 321//321 32//32 322//322
f 322//322 319//319 318//318
f 321//321 322//322 318//318
f 296//296 302//302 297//297
f 302//302 305//305 324//324
f 324//324 298//298 297//297
f 302//302 324//324 297//297
f 305//305 314//314 325//325
f 314//314 313//313 316//316
f 316//316 319//319 325//325
f 314//314 316//316 325//325
f 319//319 323//323 326//326
f 323//323 28//28 299//299
f 299//299 298//298 326//326
f 323//323 299//299 326//326
f 305//305 325//325 324//324
f 325//325 319//319 326//326
f 326//326 298//298 324//324
f 325//325 326//326 324//324
f 37//37 320//320 327//327
f 320//320 317//317 328//328
f 328//328 329//329 327//327
f 320//320 328//328 327//327
f 317//317 315//315 330//330
f 315//315 313//313 331//331
f 331//331 332//332 330//330
f 315//315 331//331 330//330
f 332//332 333//333 334//334
f 333//333 335//335 336//336
f 336//336 329//329 334//334
f 333//333 336//336 334//334
f 317//317 330//330 328//328
f 330//330 332//332 334//334
f 334//334 329//329 328//328
f 330//330 334//334 328//328
f 313//313 311//311 337//337
f 311//311 310//310 338//338
f 338//338 339//339 337//337
f 311//311 338//338 337//337
f 310//310 309//309 340//340
f 309//309 308//308 341//341
f 341//341 342//342 340//340
f 309//309 341//341 340//340
f 342//342 343//343 344//344
f 343//343 345//345 346//346
f 346//346 339//339 344//344
f 343//343 346//346 344//344
f 310//310 340//340 338//338
f 340//340 342//342 344//344
f 344//344 339//339 338//338
f 340//340 344//344 338//338
f 345//345 347//347 348//348
f 347//347 349//349 350//350
f 350//350 351//351 348//348
f 347//347 350//350 348//348
f 349//349 352//352 353//353
f 352//352 354//354 355//355
f 355//355 356//356 353//353
f 352//352 355//355 353//353
f 356//356 357//357 358//358
f 357//357 335//335 359//359
f 359//359 351//351 358//358
f 357//357 359//359 358//358
f 349//349 353//353 350//350
f 353//353 356//356 358//358
f 358//358 351//351 350//350
f 353//353 358//358 350//350
f 313//313 337//337 331//331
f 337//337 339//339 360//360
f 360//360 332//332 331//331
f 337//337 360//360 331//331
f 339//339 346//346 361//361
f 346//346 345//345 348//348
f 348//348 351//351 361//361
f 346//346 348//348 361//361
f 351//351 359//359 362//362
f 359//359 335//335 333//333
f 333//333 332//332 362//362
f 359//359 333//333 362//362
f 339//339 361//361 360//360
f 361//361 351//351 362//362
f 362//362 332//332 360//360
f 361//361 362//362 360//360
f 37//37 327//327 363//363
f 327//327 329//329 364//364
f 364//364 365//365 363//363
f 327//327 364//364 363//363
f 329//329 336//336 366//366
f 336//336 335//335 367//367
f 367//367 368//368 366//366
f 336//336 367//367 366//366
f 368//368 369//369 370//370
f 369//369 371//371 372//372
f 372//372 365//365 370//370
f 369//369 372//372 370//370
f 329//329 366//366 364//364
f 366//366 368//368 370//370
f 370//370 365//365 364//364
f 366//366 370//370 364//364
f 335//335 357//357 373//373
f 357//357 356//356 374//374
f 374//374 375//375 373//373
f 357//357 374//374 373//373
f 356//356 355//355 376//376
f 355//355 354//354 377//377
f 377//377 378//378 376//376
f 355//355 377//377 376//376
f 378//378 379//379 380//380
f 379//379 381//381 382//382
f 382//382 375//375 380//380
f 379//379 382//382 380//380
f 356//356 376//376 374//374
f 376//376 378//378 380//380
f 380//380 375//375 374//374
f 376//376 380//380 374//374
f 381//381 383//383 384//384
f 383//383 385//385 386//386
f 386//386 387//387 384//384
f 383//383 386//386 384//384
f 385//385 388//388 389//389
f 388//388 390//390 391//391
f 391//391 392//392 389//389
f 388//388 391//391 389//389
f 392//392 393//393 394//394
f 393//393 371//371 395//395
f 395//395 387//387 394//394
f 393//393 395//395 394//394
f 385//385 389//389 386//386
f 389//389 392//392 394//394
f 394//394 387//387 386//386
f 389//389 394//394 386//386
f 335//335 373//373 367//367
f 373//373 375//375 396//396
f 396//396 368//368 367//367
f 373//373 396//396 367//367
f 375//375 382//382 397//397
f 382//382 381//381 384//384
f 384//384 387//387 397//397
f 382//382 384//384 397//397
f 387//387 395//395 398//398
f 395//395 371//371 369//369
f 369//369 368//368 398//398
f 395//395 369//369 398//398
f 375//375 397//397 396//396
f 397//397 387//387 398//398
f 398//398 368//368 396//396
f 397//397 398//398 396//396
f 390//390 399//399 391//391
f 399//399 400//400 401//401
f 401//401 392//392 391//391
f 399//399 401//401 391//391
f 400//400 402//402 403//403
f 402//402 404//404 405//405
f 405//405 406//406 403//403
f 402//402 405//405 403//403
f 406//406 407//407 408//408
f 407//407 371//371 393//393
f 393//393 392//392 408//408
f 407//407 393//393 408//408
f 400//400 403//403 401//401
f 403//403 406//406 408//408
f 408//408 392//392 401//401
f 403//403 408//408 401//401
f 404//404 409//409 410//410
f 409//409 411//411 412//412
f 412//412 413//413 410//410
f 409//409 412//412 410//410
f 411//411 414//414 415//415
f 414//414 145//145 143//143
f 143//143 140//140 415//415
f 414//414 143//143 415//415
f 140//140 138//138 416//416
f 138//138 136//136 417//417
f 417//417 413//413 416//416
f 138//138 417//417 416//416
f 411//411 415//415 412//412
f 415//415 140//140 416//416
f 416//416 413//413 412//412
f 415//415 416//416 412//412
f 136//136 134//134 418//418
f 134//134 133//133 419//419
f 419//419 420//420 418//418
f 134//134 419//419 418//418
f 133//133 132//132 421//421
f 132//132 37//37 363//363
f 363//363 365//365 421//421
f 132//132 363//363 421//421
f 365//365 372//372 422//422
f 372//372 371//371 423//423
f 423//423 420//420 422//422
f 372//372 423//423 422//422
f 133//133 421//421 419//419
f 421//421 365//365 422//422
f 422//422 420//420 419//419
f 421//421 422//422 419//419
f 404//404 410//410 405//405
f 410//410 413//413 424//424
f 424//424 406//406 405//405
f 410//410 424//424 405//405
f 413//413 417//417 425//425
f 417//417 136//136 418//418
f 418//418 420//420 425//425
f 417//417 418//418 425//425
f 420//420 423//423 426//426
f 423//423 371//371 407//407
f 407//407 406//406 426//426
f 423//423 407//407 426//426
f 413//413 425//425 424//424
f 425//425 420//420 426//426
f 426//426 406//406 424//424
f 425//425 426//426 424//424
f 145//145 414//414 168//168
f 414//414 411//411 427//427
f 427//427 169//169 168//168
f 414//414 427//427 168//168
f 411//411 409//409 428//428
f 409//409 404//404 429//429
f 429//429 430//430 428//428
f 409//409 429//429 428//428
f 430//430 431//431 432//432
f 431//431 172//172 170//170
f 170//170 169//169 432//432
f 431//431 170//170 432//432
f 411//411 428//428 427//427
f 428//428 430//430 432//432
f 432//432 169//169 427//427
f 428//428 432//432 427//427
f 404//404 402//402 433//433
f 402//402 400//400 434//434
f 434//434 435//435 433//433
f 402//402 434//434 433//433
f 400//400 399//399 436//436
f 399//399 390//390 437//437
f 437//437 438//438 436//436
f 399//399 437//437 436//436
f 438//438 439//439 440//440
f 439//439 441//441 442//442
f 442//442 435//435 440//440
f 439//439 442//442 440//440
f 400//400 436//436 434//434
f 436//436 438//438 440//440
f 440//440 435//435 434//434
f 436//436 440//440 434//434
f 441//441 443//443 444//444
f 443//443 445//445 446//446
f 446//446 447//447 444//444
f 443//443 446//446 444//444
f 445//445 448//448 449//449
f 448//448 181//181 179//179
f 179//179 176//176 449//449
f 448//448 179//179 449//449
f 176//176 174//174 450//450
f 174//174 172//172 451//451
f 451//451 447//447 450//450
f 174//174 451//451 450//450
f 445//445 449//449 446//446
f 449//449 176//176 450//450
f 450//450 447//447 446//446
f 449//449 450//450 446//446
f 404//404 433//433 429//429
f 433//433 435//435 452//452
f 452//452 430//430 429//429
f 433//433 452//452 429//429
f 435//435 442//442 453//453
f 442//442 441//441 444//444
f 444//444 447//447 453//453
f 442//442 444//444 453//453
f 447//447 451//451 454//454
f 451//451 172//172 431//431
f 431//431 430//430 454//454
f 451//451 431//431 454//454
f 435//435 453//453 452//452
f 453//453 447//447 454//454
f 454//454 430//430 452//452
f 453//453 454//454 452//452
f 181//181 448//448 455//455
f 448//448 445//445 456//456
f 456//456 457//457 455//455
f 448//448 456//456 455//455
f 445//445 443//443 458//458
f 443//443 441//441 459//459
f 459//459 460//460 458//458
f 443//443 459//459 458//458
f 460//460 461//461 462//462
f 461//461 463//463 464//464
f 464//464 457//457 462//462
f 461//461 464//464 462//462
f 445//445 458//458 456//456
f 458//458 460//460 462//462
f 462//462 457//457 456//456
f 458//458 462//462 456//456
f 441//441 439//439 465//465
f 439//439 438//438 466//466
f 466//466 467//467 465//465
f 439//439 466//466 465//465
f 438//438 437//437 468//468
f 437//437 390//390 469//469
f 469//469 470//470 468//468
f 437//437 469//469 468//468
f 470//470 471//471 472//472
f 471//471 473//473 474//474
f 474//474 467//467 472//472
f 471//471 474//474 472//472
f 438//438 468//468 466//466
f 468//468 470//470 472//472
f 472//472 467//467 466//466
f 468//468 472//472 466//466
f 473//473 475//475 476//476
f 475//475 477//477 478//478
f 478//478 479//479 476//476
f 475//475 478//478 476//476
f 477//477 480//480 481//481
f 480//480 482//482 483//483
f 483//483 484//484 481//481
f 480//480 483//483 481//481
f 484//484 485//485 486//486
f 485//485 463//463 487//487
f 487//487 479//479 486//486
f 485//485 487//487 486//486
f 477//477 481//481 478//478
f 481//481 484//484 486//486
f 486//486 479//479 478//478
f 481//481 486//486 478//478
f 441//441 465//465 459//459
f 465//465 467//467 488//488
f 488//488 460//460 459//459
f 465//465 488//488 459//459
f 467//467 474//474 489//489
f 474//474 473//473 476//476
f 476//476 479//479 489//489
f 474//474 476//476 489//489
f 479//479 487//487 490//490
f 487//487 463//463 461//461
f 461//461 460//460 490//490
f 487//487 461//461 490//490
f 467//467 489//489 488//488
f 489//489 479//479 490//490
f 490//490 460//460 488//488
f 489//489 490//490 488//488
f 181//181 455//455 491//491
f 455//455 457//457 492//492
f 492//492 493//493 491//491
f 455//455 492//492 491//491
f 457//457 464//464 494//494
f 464//464 463//463 495//495
f 495//495 496//496 494//494
f 464//464 495//495 494//494
f 496//496 497//497 498//498
f 497//497 499//499 500//500
f 500//500 493//493 498//498
f 497//497 500//500 498//498
f 457//457 494//494 492//492
f 494//494 496//496 498//498
f 498//498 493//493 492//492
f 494//494 498//498 492//492
f 463//463 485//485 501//501
f 485//485 484//484 502//502
f 502//502 503//503 501//501
f 485//485 502//502 501//501
f 484//484 483//483 504//504
f 483//483 482//482 505//505
f 505//505 506//506 504//504
f 483//483 505//505 504//504
f 506//506 507//507 508//508
f 507//507 509//509 510//510
f 510//510 503//503 508//508
f 507//507 510//510 508//508
f 484//484 504//504 502//502
f 504//504 506//506 508//508
f 508//508 503//503 502//502
f 504//504 508//508 502//502
f 509//509 511//511 512//512
f 511//511 513//513 514//514
f 514//514 515//515 512//512
f 511//511 514//514 512//512
f 513//513 516//516 517//517
f 516//516 518//518 519//519
f 519//519 520//520 517//517
f 516//516 519//519 517//517
f 520//520 521//521 522//522
f 521//521 499//499 523//523
f 523//523 515//515 522//522
f 521//521 523//523 522//522
f 513//513 517//517 514//514
f 517//517 520//520 522//522
f 522//522 515//515 514//514
f 517//517 522//522 514//514
f 463//463 501//501 495//495
f 501//501 503//503 524//524
f 524//524 496//496 495//495
f 501//501 524//524 495//495
f 503//503 510//510 525//525
f 510//510 509//509 512//512
f 512//512 515//515 525//525
f 510//510 512//512 525//525
f 515//515 523//523 526//526
f 523//523 499//499 497//497
f 497//497 496//496 526//526
f 523//523 497//497 526//526
f 503//503 525//525 524//524
f 525//525 515//515 526//526
f 526//526 496//496 524//524
f 525//525 526//526 524//524
f 518//518 527//527 519//519
f 527//527 528//528 529//529
f 529//529 520//520 519//519
f 527//527 529//529 519//519
f 528//528 530//530 531//531
f 530//530 532//532 533//533
f 533//533 534//534 531//531
f 530//530 533//533 531//531
f 534//534 535//535 536//536
f 535//535 499//499 521//521
f 521//521 520//520 536//536
f 535//535 521//521 536//536
f 528//528 531//531 529//529
f 531//531 534//534 536//536
f 536//536 520//520 529//529
f 531//531 536//536 529//529
f 532//532 537//537 538//538
f 537//537 539//539 540//540
f 540//540 541//541 538//538
f 537//537 540//540 538//538
f 539//539 542//542 543//543
f 542//542 273//273 271//271
f 271//271 268//268 543//543
f 542//542 271//271 543//543
f 268//268 266//266 544//544
f 266//266 264//264 545//545
f 545//545 541//541 544//544
f 266//266 545//545 544//544
f 539//539 543//543 540//540
f 543//543 268//268 544//544
f 544//544 541//541 540//540
f 543//543 544//544 540//540
f 264//264 262//262 546//546
f 262//262 261//261 547//547
f 547//547 548//548 546//546
f 262//262 547//547 546//546
f 261//261 260//260 549//549
f 260//260 181//181 491//491
f 491//491 493//493 549//549
f 260//260 491//491 549//549
f 493//493 500//500 550//550
f 500//500 499//499 551//551
f 551//551 548//548 550//550
f 500//500 551//551 550//550
f 261//261 549//549 547//547
f 549//549 493//493 550//550
f 550//550 548//548 547//547
f 549//549 550//550 547//547
f 532//532 538//538 533//533
f 538//538 541//541 552//552
f 552//552 534//534 533//533
f 538//538 552//552 533//533
f 541//541 545//545 553//553
f 545//545 264//264 546//546
f 546//546 548//548 553//553
f 545//545 546//546 553//553
f 548//548 551//551 554//554
f 551//551 499//499 535//535
f 535//535 534//534 554//554
f 551//551 535//535 554//554
f 541//541 553//553 552//552
f 553//553 548//548 554//554
f 554//554 534//534 552//552
f 553//553 554//554 552//552
f 273//273 542//542 283//283
f 542//542 539//539 283//283
f 539//539 537//537 283//283
f 537//537 532//532 283//283
f 532//532 530//530 283//283
f 530//530 528//528 283//283
f 528//528 527//527 283//283
f 527//527 518//518 283//283
f 283//283 518//518 555//555
f 555//555 556//556 283//283
f 556//556 557//557 283//283
f 557//557 558//558 283//283
f 558//558 559//559 283//283
f 559//559 560//560 283//283
f 560//560 561//561 283//283
f 561//561 562//562 283//283
f 283//283 562//562 563//563
f 563//563 564//564 283//283
f 564//564 565//565 283//283
f 565//565 566//566 283//283
f 566//566 567//567 283//283
f 567//567 568//568 283//283
f 568//568 569//569 283//283
f 569//569 570//570 283//283
f 283//283 570//570 284//284
f 284//284 570//570 571//571
f 571//571 572//572 284//284
f 572//572 573//573 284//284
f 573//573 574//574 284//284
f 574//574 575//575 284//284
f 575//575 576//576 284//284
f 576//576 577//577 284//284
f 577//577 578//578 284//284
f 284//284 578//578 579//579
f 579//579 287//287 284//284
f 287//287 579//579 288//288
f 308//308 580//580 581//581
f 580//580 582//582 583//583
f 583//583 584//584 581//581
f 580//580 583//583 581//581
f 582//582 585//585 586//586
f 585//585 587//587 588//588
f 588//588 589//589 586//586
f 585//585 588//588 586//586
f 589//589 590//590 591//591
f 590//590 592//592 593//593
f 593//593 584//584 591//591
f 590//590 593//593 591//591
f 582//582 586//586 583//583
f 586//586 589//589 591//591
f 591//591 584//584 583//583
f 586//586 591//591 583//583
f 587//587 594//594 595//595
f 594//594 596//596 597//597
f 597//597 598//598 595//595
f 594//594 597//597 595//595
f 596//596 599//599 600//600
f 599//599 601//601 602//602
f 602//602 603//603 600//600
f 599//599 602//602 600//600
f 603//603 604//604 605//605
f 604//604 606//606 607//607
f 607//607 598//598 605//605
f 604//604 607//607 605//605
f 596//596 600//600 597//597
f 600//600 603//603 605//605
f 605//605 598//598 597//597
f 600//600 605//605 597//597
f 606//606 608//608 609//609
f 608//608 610//610 611//611
f 611//611 612//612 609//609
f 608//608 611//611 609//609
f 610//610 613//613 614//614
f 613//613 615//615 616//616
f 616//616 617//617 614//614
f 613//613 616//616 614//614
f 617//617 618//618 619//619
f 618//618 592//592 620//620
f 620//620 612//612 619//619
f 618//618 620//620 619//619
f 610//610 614//614 611//611
f 614//614 617//617 619//619
f 619//619 612//612 611//611
f 614//614 619//619 611//611
f 587//587 595//595 588//588
f 595//595 598//598 621//621
f 621//621 589//589 588//588
f 595//595 621//621 588//588
f 598//598 607//607 622//622
f 607//607 606//606 609//609
f 609//609 612//612 622//622
f 607//607 609//609 622//622
f 612//612 620//620 623//623
f 620//620 592//592 590//590
f 590//590 589//589 623//623
f 620//620 590//590 623//623
f 598//598 622//622 621//621
f 622//622 612//612 623//623
f 623//623 589//589 621//621
f 622//622 623//623 621//621
f 615//615 624//624 616//616
f 624//624 625//625 626//626
f 626//626 617//617 616//616
f 624//624 626//626 616//616
f 625//625 627//627 628//628
f 627//627 629//629 630//630
f 630//630 631//631 628//628
f 627//627 630//630 628//628
f 631//631 632//632 633//633
f 632//632 592//592 618//618
f 618//618 617//617 633//633
f 632//632 618//618 633//633
f 625//625 628//628 626//626
f 628//628 631//631 633//633
f 633//633 617//617 626//626
f 628//628 633//633 626//626
f 629//629 634//634 635//635
f 634//634 636//636 637//637
f 637//637 638//638 635//635
f 634//634 637//637 635//635
f 636//636 639//639 640//640
f 639//639 354//354 352//352
f 352//352 349//349 640//640
f 639//639 352//352 640//640
f 349//349 347//347 641//641
f 347//347 345//345 642//642
f 642//642 638//638 641//641
f 347//347 642//642 641//641
f 636//636 640//640 637//637
f 640//640 349//349 641//641
f 641//641 638//638 637//637
f 640//640 641//641 637//637
f 345//345 343//343 643//643
f 343//343 342//342 644//644
f 644//644 645//645 643//643
f 343//343 644//644 643//643
f 342//342 341//341 646//646
f 341//341 308//308 581//581
f 581//581 584//584 646//646
f 341//341 581//581 646//646
f 584//584 593//593 647//647
f 593//593 592//592 648//648
f 648//648 645//645 647//647
f 593//593 648//648 647//647
f 342//342 646//646 644//644
f 646//646 584//584 647//647
f 647//647 645//645 644//644
f 646//646 647//647 644//644
f 629//629 635//635 630//630
f 635//635 638//638 649//649
f 649//649 631//631 630//630
f 635//635 649//649 630//630
f 638//638 642//642 650//650
f 642//642 345//345 643//643
f 643//643 645//645 650//650
f 642//642 643//643 650//650
f 645//645 648//648 651//651
f 648//648 592//592 632//632
f 632//632 631//631 651//651
f 648//648 632//632 651//651
f 638//638 650//650 649//649
f 650//650 645//645 651//651
f 651//651 631//631 649//649
f 650//650 651//651 649//649
f 354//354 639//639 377//377
f 639//639 636//636 652//652
f 652//652 378//378 377//377
f 639//639 652//652 377//377
f 636//636 634//634 653//653
f 634//634 629//629 654//654
f 654//654 655//655 653//653
f 634//634 654//654 653//653
f 655//655 656//656 657//657
f 656//656 381//381 379//379
f 379//379 378//378 657//657
f 656//656 379//379 657//657
f 636//636 653//653 652//652
f 653//653 655//655 657//657
f 657//657 378//378 652//652
f 653//653 657//657 652//652
f 629//629 627//627 658//658
f 627//627 625//625 659//659
f 659//659 660//660 658//658
f 627//627 659//659 658//658
f 625//625 624//624 661//661
f 624//624 615//615 662//662
f 662//662 663//663 661//661
f 624//624 662//662 661//661
f 663//663 664//664 665//665
f 664//664 666//666 667//667
f 667//667 660//660 665//665
f 664//664 667//667 665//665
f 625//625 661//661 659//659
f 661//661 663//663 665//665
f 665//665 660//660 659//659
f 661//661 665//665 659//659
f 666//666 668//668 669//669
f 668//668 670//670 671//671
f 671//671 672//672 669//669
f 668//668 671//671 669//669
f 670//670 673//673 674//674
f 673//673 390//390 388//388
f 388//388 385//385 674//674
f 673//673 388//388 674//674
f 385//385 383//383 675//675
f 383//383 381//381 676//676
f 676//676 672//672 675//675
f 383//383 676//676 675//675
f 670//670 674//674 671//671
f 674//674 385//385 675//675
f 675//675 672//672 671//671
f 674//674 675//675 671//671
f 629//629 658//658 654//654
f 658//658 660//660 677//677
f 677//677 655//655 654//654
f 658//658 677//677 654//654
f 660//660 667//667 678//678
f 667//667 666//666 669//669
f 669//669 672//672 678//678
f 667//667 669//669 678//678
f 672//672 676//676 679//679
f 676//676 381//381 656//656
f 656//656 655//655 679//679
f 676//676 656//656 679//679
f 660//660 678//678 677//677
f 678//678 672//672 679//679
f 679//679 655//655 677//677
f 678//678 679//679 677//677
f 390//390 673//673 680//680
f 673//673 670//670 681//681
f 681//681 682//682 680//680
f 673//673 681//681 680//680
f 670//670 668//668 683//683
f 668//668 666//666 684//684
f 684//684 685//685 683//683
f 668//668 684//684 683//683
f 685//685 686//686 687//687
f 686//686 688//688 689//689
f 689//689 682//682 687//687
f 686//686 689//689 687//687
f 670//670 683//683 681//681
f 683//683 685//685 687//687
f 687//687 682//682 681//681
f 683//683 687//687 681//681
f 666//666 664//664 690//690
f 664//664 663//663 691//691
f 691//691 692//692 690//690
f 664//664 691//691 690//690
f 663//663 662//662 693//693
f 662//662 615//615 694//694
f 694//694 695//695 693//693
f 662//662 694//694 693//693
f 695//695 696//696 697//697
f 696//696 698//698 699//699
f 699//699 692//692 697//697
f 696//696 699//699 697//697
f 663//663 693//693 691//691
f 693//693 695//695 697//697
f 697//697 692//692 691//691
f 693//693 697//697 691//691
f 698//698 700//700 701//701
f 700//700 702//702 703//703
f 703//703 704//704 701//701
f 700//700 703//703 701//701
f 702//702 705//705 706//706
f 705//705 707//707 708//708
f 708//708 709//709 706//706
f 705//705 708//708 706//706
f 709//709 710//710 711//711
f 710//710 688//688 712//712
f 712//712 704//704 711//711
f 710//710 712//712 711//711
f 702//702 706//706 703//703
f 706//706 709//709 711//711
f 711//711 704//704 703//703
f 706//706 711//711 703//703
f 666//666 690//690 684//684
f 690//690 692//692 713//713
f 713//713 685//685 684//684
f 690//690 713//713 684//684
f 692//692 699//699 714//714
f 699//699 698//698 701//701
f 701//701 704//704 714//714
f 699//699 701//701 714//714
f 704//704 712//712 715//715
f 712//712 688//688 686//686
f 686//686 685//685 715//715
f 712//712 686//686 715//715
f 692//692 714//714 713//713
f 714//714 704//704 715//715
f 715//715 685//685 713//713
f 714//714 715//715 713//713
f 390//390 680//680 716//716
f 680//680 682//682 717//717
f 717//717 718//718 716//716
f 680//680 717//717 716//716
f 682//682 689//689 719//719
f 689//689 688//688 720//720
f 720//720 721//721 719//719
f 689//689 720//720 719//719
f 721//721 722//722 723//723
f 722//722 724//724 725//725
f 725//725 718//718 723//723
f 722//722 725//725 723//723
f 682//682 719//719 717//717
f 719//719 721//721 723//723
f 723//723 718//718 717//717
f 719//719 723//723 717//717
f 688//688 710//710 726//726
f 710//710 709//709 727//727
f 727//727 728//728 726//726
f 710//710 727//727 726//726
f 709//709 708//708 729//729
f 708//708 707//707 730//730
f 730//730 731//731 729//729
f 708//708 730//730 729//729
f 731//731 732//732 733//733
f 732//732 734//734 735//735
f 735//735 728//728 733//733
f 732//732 735//735 733//733
f 709//709 729//729 727//727
f 729//729 731//731 733//733
f 733//733 728//728 727//727
f 729//729 733//733 727//727
f 734//734 736//736 737//737
f 736//736 738//738 739//739
f 739//739 740//740 737//737
f 736//736 739//739 737//737
f 738//738 741//741 742//742
f 741//741 743//743 744//744
f 744//744 745//745 742//742
f 741//741 744//744 742//742
f 745//745 746//746 747//747
f 746//746 724//724 748//748
f 748//748 740//740 747//747
f 746//746 748//748 747//747
f 738//738 742//742 739//739
f 742//742 745//745 747//747
f 747//747 740//740 739//739
f 742//742 747//747 739//739
f 688//688 726//726 720//720
f 726//726 728//728 749//749
f 749//749 721//721 720//720
f 726//726 749//749 720//720
f 728//728 735//735 750//750
f 735//735 734//734 737//737
f 737//737 740//740 750//750
f 735//735 737//737 750//750
f 740//740 748//748 751//751
f 748//748 724//724 722//722
f 722//722 721//721 751//751
f 748//748 722//722 751//751
f 728//728 750//750 749//749
f 750//750 740//740 751//751
f 751//751 721//721 749//749
f 750//750 751//751 749//749
f 743//743 752//752 744//744
f 752//752 753//753 754//754
f 754//754 745//745 744//744
f 752//752 754//754 744//744
f 753//753 755//755 756//756
f 755//755 757//757 758//758
f 758//758 759//759 756//756
f 755//755 758//758 756//756
f 759//759 760//760 761//761
f 760//760 724//724 746//746
f 746//746 745//745 761//761
f 760//760 746//746 761//761
f 753//753 756//756 754//754
f 756//756 759//759 761//761
f 761//761 745//745 754//754
f 756//756 761//761 754//754
f 757//757 762//762 763//763
f 762//762 764//764 765//765
f 765//765 766//766 763//763
f 762//762 765//765 763//763
f 764//764 767//767 768//768
f 767//767 482//482 480//480
f 480//480 477//477 768//768
f 767//767 480//480 768//768
f 477//477 475//475 769//769
f 475//475 473//473 770//770
f 770//770 766//766 769//769
f 475//475 770//770 769//769
f 764//764 768//768 765//765
f 768//768 477//477 769//769
f 769//769 766//766 765//765
f 768//768 769//769 765//765
f 473//473 471//471 771//771
f 471//471 470//470 772//772
f 772//772 773//773 771//771
f 471//471 772//772 771//771
f 470//470 469//469 774//774
f 469//469 390//390 716//716
f 716//716 718//718 774//774
f 469//469 716//716 774//774
f 718//718 725//725 775//775
f 725//725 724//724 776//776
f 776//776 773//773 775//775
f 725//725 776//776 775//775
f 470//470 774//774 772//772
f 774//774 718//718 775//775
f 775//775 773//773 772//772
f 774//774 775//775 772//772
f 757//757 763//763 758//758
f 763//763 766//766 777//777
f 777//777 759//759 758//758
f 763//763 777//777 758//758
f 766//766 770//770 778//778
f 770//770 473//473 771//771
f 771//771 773//773 778//778
f 770//770 771//771 778//778
f 773//773 776//776 779//779
f 776//776 724//724 760//760
f 760//760 759//759 779//779
f 776//776 760//760 779//779
f 766//766 778//778 777//777
f 778//778 773//773 779//779
f 779//779 759//759 777//777
f 778//778 779//779 777//777
f 482//482 767//767 505//505
f 767//767 764//764 780//780
f 780//780 506//506 505//505
f 767//767 780//780 505//505
f 764//764 762//762 781//781
f 762//762 757//757 782//782
f 782//782 783//783 781//781
f 762//762 782//782 781//781
f 783//783 784//784 785//785
f 784//784 509//509 507//507
f 507//507 506//506 785//785
f 784//784 507//507 785//785
f 764//764 781//781 780//780
f 781//781 783//783 785//785
f 785//785 506//506 780//780
f 781//781 785//785 780//780
f 757//757 755//755 786//786
f 755//755 753//753 787//787
f 787//787 788//788 786//786
f 755//755 787//787 786//786
f 753//753 752//752 789//789
f 752//752 743//743 790//790
f 790//790 791//791 789//789
f 752//752 790//790 789//789
f 791//791 792//792 793//793
f 792//792 794//794 795//795
f 795//795 788//788 793//793
f 792//792 795//795 793//793
f 753//753 789//789 787//787
f 789//789 791//791 793//793
f 793//793 788//788 787//787
f 789//789 793//793 787//787
f 794//794 796//796 797//797
f 796//796 798//798 799//799
f 799//799 800//800 797//797
f 796//796 799//799 797//797
f 798//798 801//801 802//802
f 801//801 518//518 516//516
f 516//516 513//513 802//802
f 801//801 516//516 802//802
f 513//513 511//511 803//803
f 511//511 509//509 804//804
f 804//804 800//800 803//803
f 511//511 804//804 803//803
f 798//798 802//802 799//799
f 802//802 513//513 803//803
f 803//803 800//800 799//799
f 802//802 803//803 799//799
f 757//757 786//786 782//782
f 786//786 788//788 805//805
f 805//805 783//783 782//782
f 786//786 805//805 782//782
f 788//788 795//795 806//806
f 795//795 794//794 797//797
f 797//797 800//800 806//806
f 795//795 797//797 806//806
f 800//800 804//804 807//807
f 804//804 509//509 784//784
f 784//784 783//783 807//807
f 804//804 784//784 807//807
f 788//788 806//806 805//805
f 806//806 800//800 807//807
f 807//807 783//783 805//805
f 806//806 807//807 805//805
f 570//570 808//808 809//809
f 810//810 811//811 812//812
f 809//809 810//810 812//812
f 812//812 811//811 809//809
f 813//813 814//814 815//815
f 809//809 813//813 815//815
f 809//809 578//578 577//577
f 577//577 576//576 816//816
f 809//809 577//577 816//816
f 576//576 575//575 817//817
f 575//575 574//574 818//818
f 818//818 814//814 817//817
f 575//575 818//818 817//817
f 809//809 816//816 813//813
f 816//816 576//576 817//817
f 817//817 814//814 813//813
f 816//816 817//817 813//813
f 574//574 573//573 819//819
f 573//573 572//572 820//820
f 820//820 821//821 819//819
f 573//573 820//820 819//819
f 572//572 571//571 822//822
f 571//571 570//570 809//809
f 571//571 809//809 822//822
f 823//823 821//821 824//824
f 809//809 823//823 824//824
f 572//572 822//822 820//820
f 822//822 809//809 824//824
f 824//824 821//821 820//820
f 822//822 824//824 820//820
f 809//809 815//815 810//810
f 815//815 814//814 825//825
f 825//825 811//811 810//810
f 815//815 825//825 810//810
f 814//814 818//818 826//826
f 818//818 574//574 819//819
f 819//819 821//821 826//826
f 818//818 819//819 826//826
f 821//821 823//823 827//827
f 809//809 811//811 827//827
f 823//823 809//809 827//827
f 814//814 826//826 825//825
f 826//826 821//821 827//827
f 827//827 811//811 825//825
f 826//826 827//827 825//825
f 578//578 809//809 579//579
f 828//828 579//579 809//809
f 579//579 828//828 829//829
f 829//829 288//288 579//579
f 288//288 829//829 290//290
f 290//290 829//829 830//830
f 601//601 831//831 602//602
f 831//831 832//832 833//833
f 833//833 603//603 602//602
f 831//831 833//833 602//602
f 832//832 834//834 835//835
f 834//834 836//836 837//837
f 837//837 838//838 835//835
f 834//834 837//837 835//835
f 838//838 839//839 840//840
f 839//839 606//606 604//604
f 604//604 603//603 840//840
f 839//839 604//604 840//840
f 832//832 835//835 833//833
f 835//835 838//838 840//840
f 840//840 603//603 833//833
f 835//835 840//840 833//833
f 836//836 841//841 842//842
f 841//841 843//843 844//844
f 844//844 845//845 842//842
f 841//841 844//844 842//842
f 843//843 846//846 847//847
f 846//846 848//848 849//849
f 849//849 850//850 847//847
f 846//846 849//849 847//847
f 850//850 851//851 852//852
f 851//851 853//853 854//854
f 854//854 845//845 852//852
f 851//851 854//854 852//852
f 843//843 847//847 844//844
f 847//847 850//850 852//852
f 852//852 845//845 844//844
f 847//847 852//852 844//844
f 853//853 855//855 856//856
f 855//855 857//857 858//858
f 858//858 859//859 856//856
f 855//855 858//858 856//856
f 857//857 860//860 861//861
f 860//860 615//615 613//613
f 613//613 610//610 861//861
f 860//860 613//613 861//861
f 610//610 608//608 862//862
f 608//608 606//606 863//863
f 863//863 859//859 862//862
f 608//608 863//863 862//862
f 857//857 861//861 858//858
f 861//861 610//610 862//862
f 862//862 859//859 858//858
f 861//861 862//862 858//858
f 836//836 842//842 837//837
f 842//842 845//845 864//864
f 864//864 838//838 837//837
f 842//842 864//864 837//837
f 845//845 854//854 865//865
f 854//854 853//853 856//856
f 856//856 859//859 865//865
f 854//854 856//856 865//865
f 859//859 863//863 866//866
f 863//863 606//606 839//839
f 839//839 838//838 866//866
f 863//863 839//839 866//866
f 845//845 865//865 864//864
f 865//865 859//859 866//866
f 866//866 838//838 864//864
f 865//865 866//866 864//864
f 615//615 860//860 867//867
f 860//860 857//857 868//868
f 868//868 869//869 867//867
f 860//860 868//868 867//867
f 857//857 855//855 870//870
f 855//855 853//853 871//871
f 871//871 872//872 870//870
f 855//855 871//871 870//870
f 872//872 873//873 874//874
f 873//873 875//875 876//876
f 876//876 869//869 874//874
f 873//873 876//876 874//874
f 857//857 870//870 868//868
f 870//870 872//872 874//874
f 874//874 869//869 868//868
f 870//870 874//874 868//868
f 853//853 851//851 877//877
f 851//851 850//850 878//878
f 878//878 879//879 877//877
f 851//851 878//878 877//877
f 850//850 849//849 880//880
f 849//849 848//848 881//881
f 881//881 882//882 880//880
f 849//849 881//881 880//880
f 882//882 883//883 884//884
f 883//883 885//885 886//886
f 886//886 879//879 884//884
f 883//883 886//886 884//884
f 850//850 880//880 878//878
f 880//880 882//882 884//884
f 884//884 879//879 878//878
f 880//880 884//884 878//878
f 885//885 887//887 888//888
f 887//887 889//889 890//890
f 890//890 891//891 888//888
f 887//887 890//890 888//888
f 889//889 892//892 893//893
f 892//892 894//894 895//895
f 895//895 896//896 893//893
f 892//892 895//895 893//893
f 896//896 897//897 898//898
f 897//897 875//875 899//899
f 899//899 891//891 898//898
f 897//897 899//899 898//898
f 889//889 893//893 890//890
f 893//893 896//896 898//898
f 898//898 891//891 890//890
f 893//893 898//898 890//890
f 853//853 877//877 871//871
f 877//877 879//879 900//900
f 900//900 872//872 871//871
f 877//877 900//900 871//871
f 879//879 886//886 901//901
f 886//886 885//885 888//888
f 888//888 891//891 901//901
f 886//886 888//888 901//901
f 891//891 899//899 902//902
f 899//899 875//875 873//873
f 873//873 872//872 902//902
f 899//899 873//873 902//902
f 879//879 901//901 900//900
f 901//901 891//891 902//902
f 902//902 872//872 900//900
f 901//901 902//902 900//900
f 615//615 867//867 903//903
f 867//867 869//869 904//904
f 904//904 905//905 903//903
f 867//867 904//904 903//903
f 869//869 876//876 906//906
f 876//876 875//875 907//907
f 907//907 908//908 906//906
f 876//876 907//907 906//906
f 908//908 909//909 910//910
f 909//909 911//911 912//912
f 912//912 905//905 910//910
f 909//909 912//912 910//910
f 869//869 906//906 904//904
f 906//906 908//908 910//910
f 910//910 905//905 904//904
f 906//906 910//910 904//904
f 875//875 897//897 913//913
f 897//897 896//896 914//914
f 914//914 915//915 913//913
f 897//897 914//914 913//913
f 896//896 895//895 916//916
f 895//895 894//894 917//917
f 917//917 918//918 916//916
f 895//895 917//917 916//916
f 918//918 919//919 920//920
f 919//919 921//921 922//922
f 922//922 915//915 920//920
f 919//919 922//922 920//920
f 896//896 916//916 914//914
f 916//916 918//918 920//920
f 920//920 915//915 914//914
f 916//916 920//920 914//914
f 921//921 923//923 924//924
f 923//923 925//925 926//926
f 926//926 927//927 924//924
f 923//923 926//926 924//924
f 925//925 928//928 929//929
f 928//928 930//930 931//931
f 931//931 932//932 929//929
f 928//928 931//931 929//929
f 932//932 933//933 934//934
f 933//933 911//911 935//935
f 935//935 927//927 934//934
f 933//933 935//935 934//934
f 925//925 929//929 926//926
f 929//929 932//932 934//934
f 934//934 927//927 926//926
f 929//929 934//934 926//926
f 875//875 913//913 907//907
f 913//913 915//915 936//936
f 936//936 908//908 907//907
f 913//913 936//936 907//907
f 915//915 922//922 937//937
f 922//922 921//921 924//924
f 924//924 927//927 937//937
f 922//922 924//924 937//937
f 927//927 935//935 938//938
f 935//935 911//911 909//909
f 909//909 908//908 938//938
f 935//935 909//909 938//938
f 915//915 937//937 936//936
f 937//937 927//927 938//938
f 938//938 908//908 936//936
f 937//937 938//938 936//936
f 930//930 939//939 931//931
f 939//939 940//940 941//941
f 941//941 932//932 931//931
f 939//939 941//941 931//931
f 940//940 942//942 943//943
f 942//942 944//944 945//945
f 945//945 946//946 943//943
f 942//942 945//945 943//943
f 946//946 947//947 948//948
f 947//947 911//911 933//933
f 933//933 932//932 948//948
f 947//947 933//933 948//948
f 940//940 943//943 941//941
f 943//943 946//946 948//948
f 948//948 932//932 941//941
f 943//943 948//948 941//941
f 944//944 949//949 950//950
f 949//949 951//951 952//952
f 952//952 953//953 950//950
f 949//949 952//952 950//950
f 951//951 954//954 955//955
f 954//954 707//707 705//705
f 705//705 702//702 955//955
f 954//954 705//705 955//955
f 702//702 700//700 956//956
f 700//700 698//698 957//957
f 957//957 953//953 956//956
f 700//700 957//957 956//956
f 951//951 955//955 952//952
f 955//955 702//702 956//956
f 956//956 953//953 952//952
f 955//955 956//956 952//952
f 698//698 696//696 958//958
f 696//696 695//695 959//959
f 959//959 960//960 958//958
f 696//696 959//959 958//958
f 695//695 694//694 961//961
f 694//694 615//615 903//903
f 903//903 905//905 961//961
f 694//694 903//903 961//961
f 905//905 912//912 962//962
f 912//912 911//911 963//963
f 963//963 960//960 962//962
f 912//912 963//963 962//962
f 695//695 961//961 959//959
f 961//961 905//905 962//962
f 962//962 960//960 959//959
f 961//961 962//962 959//959
f 944//944 950//950 945//945
f 950//950 953//953 964//964
f 964//964 946//946 945//945
f 950//950 964//964 945//945
f 953//953 957//957 965//965
f 957//957 698//698 958//958
f 958//958 960//960 965//965
f 957//957 958//958 965//965
f 960//960 963//963 966//966
f 963//963 911//911 947//947
f 947//947 946//946 966//966
f 963//963 947//947 966//966
f 953//953 965//965 964//964
f 965//965 960//960 966//966
f 966//966 946//946 964//964
f 965//965 966//966 964//964
f 707//707 954//954 730//730
f 954//954 951//951 967//967
f 967//967 731//731 730//730
f 954//954 967//967 730//730
f 951//951 949//949 968//968
f 949//949 944//944 969//969
f 969//969 970//970 968//968
f 949//949 969//969 968//968
f 970//970 971//971 972//972
f 971//971 734//734 732//732
f 732//732 731//731 972//972
f 971//971 732//732 972//972
f 951//951 968//968 967//967
f 968//968 970//970 972//972
f 972//972 731//731 967//967
f 968//968 972//972 967//967
f 944//944 942//942 973//973
f 942//942 940//940 974//974
f 974//974 975//975 973//973
f 942//942 974//974 973//973
f 940//940 939//939 976//976
f 939//939 930//930 977//977
f 977//977 978//978 976//976
f 939//939 977//977 976//976
f 978//978 979//979 980//980
f 979//979 981//981 982//982
f 982//982 975//975 980//980
f 979//979 982//982 980//980
f 940//940 976//976 974//974
f 976//976 978//978 980//980
f 980//980 975//975 974//974
f 976//976 980//980 974//974
f 981//981 983//983 984//984
f 983//983 985//985 986//986
f 986//986 987//987 984//984
f 983//983 986//986 984//984
f 985//985 988//988 989//989
f 988//988 743//743 741//741
f 741//741 738//738 989//989
f 988//988 741//741 989//989
f 738//738 736//736 990//990
f 736//736 734//734 991//991
f 991//991 987//987 990//990
f 736//736 991//991 990//990
f 985//985 989//989 986//986
f 989//989 738//738 990//990
f 990//990 987//987 986//986
f 989//989 990//990 986//986
f 944//944 973//973 969//969
f 973//973 975//975 992//992
f 992//992 970//970 969//969
f 973//973 992//992 969//969
f 975//975 982//982 993//993
f 982//982 981//981 984//984
f 984//984 987//987 993//993
f 982//982 984//984 993//993
f 987//987 991//991 994//994
f 991//991 734//734 971//971
f 971//971 970//970 994//994
f 991//991 971//971 994//994
f 975//975 993//993 992//992
f 993//993 987//987 994//994
f 994//994 970//970 992//992
f 993//993 994//994 992//992
f 743//743 988//988 995//995
f 988//988 985//985 996//996
f 996//996 997//997 995//995
f 988//988 996//996 995//995
f 985//985 983//983 998//998
f 983//983 981//981 999//999
f 999//999 1000//1000 998//998
f 983//983 999//999 998//998
f 1000//1000 1001//1001 1002//1002
f 1001//1001 1003//1003 1004//1004
f 1004//1004 997//997 1002//1002
f 1001//1001 1004//1004 1002//1002
f 985//985 998//998 996//996
f 998//998 1000//1000 1002//1002
f 1002//1002 997//997 996//996
f 998//998 1002//1002 996//996
f 981//981 979//979 1005//1005
f 979//979 978//978 1006//1006
f 1006//1006 1007//1007 1005//1005
f 979//979 1006//1006 1005//1005
f 978//978 977//977 1008//1008
f 977//977 930//930 1009//1009
f 1009//1009 1010//1010 1008//1008
f 977//977 1009//1009 1008//1008
f 1010//1010 1011//1011 1012//1012
f 1011//1011 1013//1013 1014//1014
f 1014//1014 1007//1007 1012//1012
f 1011//1011 1014//1014 1012//1012
f 978//978 1008//1008 1006//1006
f 1008//1008 1010//1010 1012//1012
f 1012//1012 1007//1007 1006//1006
f 1008//1008 1012//1012 1006//1006
f 1013//1013 1015//1015 1016//1016
f 1015//1015 1017//1017 1018//1018
f 1018//1018 1019//1019 1016//1016
f 1015//1015 1018//1018 1016//1016
f 1017//1017 1020//1020 1021//1021
f 1020//1020 1022//1022 1023//1023
f 1023//1023 1024//1024 1021//1021
f 1020//1020 1023//1023 1021//1021
f 1024//1024 1025//1025 1026//1026
f 1025//1025 1003//1003 1027//1027
f 1027//1027 1019//1019 1026//1026
f 1025//1025 1027//1027 1026//1026
f 1017//1017 1021//1021 1018//1018
f 1021//1021 1024//1024 1026//1026
f 1026//1026 1019//1019 1018//1018
f 1021//1021 1026//1026 1018//1018
f 981//981 1005//1005 999//999
f 1005//1005 1007//1007 1028//1028
f 1028//1028 1000//1000 999//999
f 1005//1005 1028//1028 999//999
f 1007//1007 1014//1014 1029//1029
f 1014//1014 1013//1013 1016//1016
f 1016//1016 1019//1019 1029//1029
f 1014//1014 1016//1016 1029//1029
f 1019//1019 1027//1027 1030//1030
f 1027//1027 1003//1003 1001//1001
f 1001//1001 1000//1000 1030//1030
f 1027//1027 1001//1001 1030//1030
f 1007//1007 1029//1029 1028//1028
f 1029//1029 1019//1019 1030//1030
f 1030//1030 1000//1000 1028//1028
f 1029//1029 1030//1030 1028//1028
f 809//809 808//808 1031//1031
f 809//809 1031//1031 1032//1032
f 1032//1032 828//828 809//809
f 828//828 1032//1032 829//829
f 1032//1032 830//830 829//829
f 848//848 1033//1033 1034//1034
f 1033//1033 1035//1035 1036//1036
f 1036//1036 1037//1037 1034//1034
f 1033//1033 1036//1036 1034//1034
f 1035//1035 1038//1038 1039//1039
f 1038//1038 1040//1040 1041//1041
f 1041//1041 1042//1042 1039//1039
f 1038//1038 1041//1041 1039//1039
f 1042//1042 1043//1043 1044//1044
f 1043//1043 1045//1045 1046//1046
f 1046//1046 1037//1037 1044//1044
f 1043//1043 1046//1046 1044//1044
f 1035//1035 1039//1039 1036//1036
f 1039//1039 1042//1042 1044//1044
f 1044//1044 1037//1037 1036//1036
f 1039//1039 1044//1044 1036//1036
f 1040//1040 1047//1047 1048//1048
f 1047//1047 1049//1049 1050//1050
f 1050//1050 1051//1051 1048//1048
f 1047//1047 1050//1050 1048//1048
f 1049//1049 1052//1052 1053//1053
f 1052//1052 1054//1054 1055//1055
f 1055//1055 1056//1056 1053//1053
f 1052//1052 1055//1055 1053//1053
f 1056//1056 1057//1057 1058//1058
f 1057//1057 1059//1059 1060//1060
f 1060//1060 1051//1051 1058//1058
f 1057//1057 1060//1060 1058//1058
f 1049//1049 1053//1053 1050//1050
f 1053//1053 1056//1056 1058//1058
f 1058//1058 1051//1051 1050//1050
f 1053//1053 1058//1058 1050//1050
f 1059//1059 1061//1061 1062//1062
f 1061//1061 1063//1063 1064//1064
f 1064//1064 1065//1065 1062//1062
f 1061//1061 1064//1064 1062//1062
f 1063//1063 1066//1066 1067//1067
f 1066//1066 1068//1068 1069//1069
f 1069//1069 1070//1070 1067//1067
f 1066//1066 1069//1069 1067//1067
f 1070//1070 1071//1071 1072//1072
f 1071//1071 1045//1045 1073//1073
f 1073//1073 1065//1065 1072//1072
f 1071//1071 1073//1073 1072//1072
f 1063//1063 1067//1067 1064//1064
f 1067//1067 1070//1070 1072//1072
f 1072//1072 1065//1065 1064//1064
f 1067//1067 1072//1072 1064//1064
f 1040//1040 1048//1048 1041//1041
f 1048//1048 1051//1051 1074//1074
f 1074//1074 1042//1042 1041//1041
f 1048//1048 1074//1074 1041//1041
f 1051//1051 1060//1060 1075//1075
f 1060//1060 1059//1059 1062//1062
f 1062//1062 1065//1065 1075//1075
f 1060//1060 1062//1062 1075//1075
f 1065//1065 1073//1073 1076//1076
f 1073//1073 1045//1045 1043//1043
f 1043//1043 1042//1042 1076//1076
f 1073//1073 1043//1043 1076//1076
f 1051//1051 1075//1075 1074//1074
f 1075//1075 1065//1065 1076//1076
f 1076//1076 1042//1042 1074//1074
f 1075//1075 1076//1076 1074//1074
f 1068//1068 1077//1077 1069//1069
f 1077//1077 1078//1078 1079//1079
f 1079//1079 1070//1070 1069//1069
f 1077//1077 1079//1079 1069//1069
f 1078//1078 1080//1080 1081//1081
f 1080//1080 1082//1082 1083//1083
f 1083//1083 1084//1084 1081//1081
f 1080//1080 1083//1083 1081//1081
f 1084//1084 1085//1085 1086//1086
f 1085//1085 1045//1045 1071//1071
f 1071//1071 1070//1070 1086//1086
f 1085//1085 1071//1071 1086//1086
f 1078//1078 1081//1081 1079//1079
f 1081//1081 1084//1084 1086//1086
f 1086//1086 1070//1070 1079//1079
f 1081//1081 1086//1086 1079//1079
f 1082//1082 1087//1087 1088//1088
f 1087//1087 1089//1089 1090//1090
f 1090//1090 1091//1091 1088//1088
f 1087//1087 1090//1090 1088//1088
f 1089//1089 1092//1092 1093//1093
f 1092//1092 894//894 892//892
f 892//892 889//889 1093//1093
f 1092//1092 892//892 1093//1093
f 889//889 887//887 1094//1094
f 887//887 885//885 1095//1095
f 1095//1095 1091//1091 1094//1094
f 887//887 1095//1095 1094//1094
f 1089//1089 1093//1093 1090//1090
f 1093//1093 889//889 1094//1094
f 1094//1094 1091//1091 1090//1090
f 1093//1093 1094//1094 1090//1090
f 885//885 883//883 1096//1096
f 883//883 882//882 1097//1097
f 1097//1097 1098//1098 1096//1096
f 883//883 1097//1097 1096//1096
f 882//882 881//881 1099//1099
f 881//881 848//848 1034//1034
f 1034//1034 1037//1037 1099//1099
f 881//881 1034//1034 1099//1099
f 1037//1037 1046//1046 1100//1100
f 1046//1046 1045//1045 1101//1101
f 1101//1101 1098//1098 1100//1100
f 1046//1046 1101//1101 1100//1100
f 882//882 1099//1099 1097//1097
f 1099//1099 1037//1037 1100//1100
f 1100//1100 1098//1098 1097//1097
f 1099//1099 1100//1100 1097//1097
f 1082//1082 1088//1088 1083//1083
f 1088//1088 1091//1091 1102//1102
f 1102//1102 1084//1084 1083//1083
f 1088//1088 1102//1102 1083//1083
f 1091//1091 1095//1095 1103//1103
f 1095//1095 885//885 1096//1096
f 1096//1096 1098//1098 1103//1103
f 1095//1095 1096//1096 1103//1103
f 1098//1098 1101//1101 1104//1104
f 1101//1101 1045//1045 1085//1085
f 1085//1085 1084//1084 1104//1104
f 1101//1101 1085//1085 1104//1104
f 1091//1091 1103//1103 1102//1102
f 1103//1103 1098//1098 1104//1104
f 1104//1104 1084//1084 1102//1102
f 1103//1103 1104//1104 1102//1102
f 894//894 1092//1092 917//917
f 1092//1092 1089//1089 1105//1105
f 1105//1105 918//918 917//917
f 1092//1092 1105//1105 917//917
f 1089//1089 1087//1087 1106//1106
f 1087//1087 1082//1082 1107//1107
f 1107//1107 1108//1108 1106//1106
f 1087//1087 1107//1107 1106//1106
f 1108//1108 1109//1109 1110//1110
f 1109//1109 921//921 919//919
f 919//919 918//918 1110//1110
f 1109//1109 919//919 1110//1110
f 1089//1089 1106//1106 1105//1105
f 1106//1106 1108//1108 1110//1110
f 1110//1110 918//918 1105//1105
f 1106//1106 1110//1110 1105//1105
f 1082//1082 1080//1080 1111//1111
f 1080//1080 1078//1078 1112//1112
f 1112//1112 1113//1113 1111//1111
f 1080//1080 1112//1112 1111//1111
f 1078//1078 1077//1077 1114//1114
f 1077//1077 1068//1068 1115//1115
f 1115//1115 1116//1116 1114//1114
f 1077//1077 1115//1115 1114//1114
f 1116//1116 1117//1117 1118//1118
f 1117//1117 1119//1119 1120//1120
f 1120//1120 1113//1113 1118//1118
f 1117//1117 1120//1120 1118//1118
f 1078//1078 1114//1114 1112//1112
f 1114//1114 1116//1116 1118//1118
f 1118//1118 1113//1113 1112//1112
f 1114//1114 1118//1118 1112//1112
f 1119//1119 1121//1121 1122//1122
f 1121//1121 1123//1123 1124//1124
f 1124//1124 1125//1125 1122//1122
f 1121//1121 1124//1124 1122//1122
f 1123//1123 1126//1126 1127//1127
f 1126//1126 930//930 928//928
f 928//928 925//925 1127//1127
f 1126//1126 928//928 1127//1127
f 925//925 923//923 1128//1128
f 923//923 921//921 1129//1129
f 1129//1129 1125//1125 1128//1128
f 923//923 1129//1129 1128//1128
f 1123//1123 1127//1127 1124//1124
f 1127//1127 925//925 1128//1128
f 1128//1128 1125//1125 1124//1124
f 1127//1127 1128//1128 1124//1124
f 1082//1082 1111//1111 1107//1107
f 1111//1111 1113//1113 1130//1130
f 1130//1130 1108//1108 1107//1107
f 1111//1111 1130//1130 1107//1107
f 1113//1113 1120//1120 1131//1131
f 1120//1120 1119//1119 1122//1122
f 1122//1122 1125//1125 1131//1131
f 1120//1120 1122//1122 1131//1131
f 1125//1125 1129//1129 1132//1132
f 1129//1129 921//921 1109//1109
f 1109//1109 1108//1108 1132//1132
f 1129//1129 1109//1109 1132//1132
f 1113//1113 1131//1131 1130//1130
f 1131//1131 1125//1125 1132//1132
f 1132//1132 1108//1108 1130//1130
f 1131//1131 1132//1132 1130//1130
f 930//930 1126//1126 1133//1133
f 1126//1126 1123//1123 1134//1134
f 1134//1134 1135//1135 1133//1133
f 1126//1126 1134//1134 1133//1133
f 1123//1123 1121//1121 1136//1136
f 1121//1121 1119//1119 1137//1137
f 1137//1137 1138//1138 1136//1136
f 1121//1121 1137//1137 1136//1136
f 1138//1138 1139//1139 1140//1140
f 1139//1139 1141//1141 1142//1142
f 1142//1142 1135//1135 1140//1140
f 1139//1139 1142//1142 1140//1140
f 1123//1123 1136//1136 1134//1134
f 1136//1136 1138//1138 1140//1140
f 1140//1140 1135//1135 1134//1134
f 1136//1136 1140//1140 1134//1134
f 1119//1119 1117//1117 1143//1143
f 1117//1117 1116//1116 1144//1144
f 1144//1144 1145//1145 1143//1143
f 1117//1117 1144//1144 1143//1143
f 1116//1116 1115//1115 1146//1146
f 1115//1115 1068//1068 1147//1147
f 1147//1147 1148//1148 1146//1146
f 1115//1115 1147//1147 1146//1146
f 1148//1148 1149//1149 1150//1150
f 1149//1149 1151//1151 1152//1152
f 1152//1152 1145//1145 1150//1150
f 1149//1149 1152//1152 1150//1150
f 1116//1116 1146//1146 1144//1144
f 1146//1146 1148//1148 1150//1150
f 1150//1150 1145//1145 1144//1144
f 1146//1146 1150//1150 1144//1144
f 1151//1151 1153//1153 1154//1154
f 1153//1153 1155//1155 1156//1156
f 1156//1156 1157//1157 1154//1154
f 1153//1153 1156//1156 1154//1154
f 1155//1155 1158//1158 1159//1159
f 1158//1158 1160//1160 1161//1161
f 1161//1161 1162//1162 1159//1159
f 1158//1158 1161//1161 1159//1159
f 1162//1162 1163//1163 1164//1164
f 1163//1163 1141//1141 1165//1165
f 1165//1165 1157//1157 1164//1164
f 1163//1163 1165//1165 1164//1164
f 1155//1155 1159//1159 1156//1156
f 1159//1159 1162//1162 1164//1164
f 1164//1164 1157//1157 1156//1156
f 1159//1159 1164//1164 1156//1156
f 1119//1119 1143//1143 1137//1137
f 1143//1143 1145//1145 1166//1166
f 1166//1166 1138//1138 1137//1137
f 1143//1143 1166//1166 1137//1137
f 1145//1145 1152//1152 1167//1167
f 1152//1152 1151//1151 1154//1154
f 1154//1154 1157//1157 1167//1167
f 1152//1152 1154//1154 1167//1167
f 1157//1157 1165//1165 1168//1168
f 1165//1165 1141//1141 1139//1139
f 1139//1139 1138//1138 1168//1168
f 1165//1165 1139//1139 1168//1168
f 1145//1145 1167//1167 1166//1166
f 1167//1167 1157//1157 1168//1168
f 1168//1168 1138//1138 1166//1166
f 1167//1167 1168//1168 1166//1166
f 930//930 1133//1133 1169//1169
f 1133//1133 1135//1135 1170//1170
f 1170//1170 1171//1171 1169//1169
f 1133//1133 1170//1170 1169//1169
f 1135//1135 1142//1142 1172//1172
f 1142//1142 1141//1141 1173//1173
f 1173//1173 1174//1174 1172//1172
f 1142//1142 1173//1173 1172//1172
f 1174//1174 1175//1175 1176//1176
f 1175//1175 1177//1177 1178//1178
f 1178//1178 1171//1171 1176//1176
f 1175//1175 1178//1178 1176//1176
f 1135//1135 1172//1172 1170//1170
f 1172//1172 1174//1174 1176//1176
f 1176//1176 1171//1171 1170//1170
f 1172//1172 1176//1176 1170//1170
f 1141//1141 1163//1163 1179//1179
f 1163//1163 1162//1162 1180//1180
f 1180//1180 1181//1181 1179//1179
f 1163//1163 1180//1180 1179//1179
f 1162//1162 1161//1161 1182//1182
f 1161//1161 1160//1160 1183//1183
f 1183//1183 1184//1184 1182//1182
f 1161//1161 1183//1183 1182//1182
f 1184//1184 1185//1185 1186//1186
f 1185//1185 1187//1187 1188//1188
f 1188//1188 1181//1181 1186//1186
f 1185//1185 1188//1188 1186//1186
f 1162//1162 1182//1182 1180//1180
f 1182//1182 1184//1184 1186//1186
f 1186//1186 1181//1181 1180//1180
f 1182//1182 1186//1186 1180//1180
f 1187//1187 1189//1189 1190//1190
f 1189//1189 1191//1191 1192//1192
f 1192//1192 1193//1193 1190//1190
f 1189//1189 1192//1192 1190//1190
f 1191//1191 1194//1194 1195//1195
f 1194//1194 1196//1196 1197//1197
f 1197//1197 1198//1198 1195//1195
f 1194//1194 1197//1197 1195//1195
f 1198//1198 1199//1199 1200//1200
f 1199//1199 1177//1177 1201//1201
f 1201//1201 1193//1193 1200//1200
f 1199//1199 1201//1201 1200//1200
f 1191//1191 1195//1195 1192//1192
f 1195//1195 1198//1198 1200//1200
f 1200//1200 1193//1193 1192//1192
f 1195//1195 1200//1200 1192//1192
f 1141//1141 1179//1179 1173//1173
f 1179//1179 1181//1181 1202//1202
f 1202//1202 1174//1174 1173//1173
f 1179//1179 1202//1202 1173//1173
f 1181//1181 1188//1188 1203//1203
f 1188//1188 1187//1187 1190//1190
f 1190//1190 1193//1193 1203//1203
f 1188//1188 1190//1190 1203//1203
f 1193//1193 1201//1201 1204//1204
f 1201//1201 1177//1177 1175//1175
f 1175//1175 1174//1174 1204//1204
f 1201//1201 1175//1175 1204//1204
f 1181//1181 1203//1203 1202//1202
f 1203//1203 1193//1193 1204//1204
f 1204//1204 1174//1174 1202//1202
f 1203//1203 1204//1204 1202//1202
f 1196//1196 1205//1205 1197//1197
f 1205//1205 1206//1206 1207//1207
f 1207//1207 1198//1198 1197//1197
f 1205//1205 1207//1207 1197//1197
f 1206//1206 1208//1208 1209//1209
f 1208//1208 1210//1210 1211//1211
f 1211//1211 1212//1212 1209//1209
f 1208//1208 1211//1211 1209//1209
f 1212//1212 1213//1213 1214//1214
f 1213//1213 1177//1177 1199//1199
f 1199//1199 1198//1198 1214//1214
f 1213//1213 1199//1199 1214//1214
f 1206//1206 1209//1209 1207//1207
f 1209//1209 1212//1212 1214//1214
f 1214//1214 1198//1198 1207//1207
f 1209//1209 1214//1214 1207//1207
f 1210//1210 1215//1215 1216//1216
f 1215//1215 1217//1217 1218//1218
f 1218//1218 1219//1219 1216//1216
f 1215//1215 1218//1218 1216//1216
f 1217//1217 1220//1220 1221//1221
f 1220//1220 1022//1022 1020//1020
f 1020//1020 1017//1017 1221//1221
f 1220//1220 1020//1020 1221//1221
f 1017//1017 1015//1015 1222//1222
f 1015//1015 1013//1013 1223//1223
f 1223//1223 1219//1219 1222//1222
f 1015//1015 1223//1223 1222//1222
f 1217//1217 1221//1221 1218//1218
f 1221//1221 1017//1017 1222//1222
f 1222//1222 1219//1219 1218//1218
f 1221//1221 1222//1222 1218//1218
f 1013//1013 1011//1011 1224//1224
f 1011//1011 1010//1010 1225//1225
f 1225//1225 1226//1226 1224//1224
f 1011//1011 1225//1225 1224//1224
f 1010//1010 1009//1009 1227//1227
f 1009//1009 930//930 1169//1169
f 1169//1169 1171//1171 1227//1227
f 1009//1009 1169//1169 1227//1227
f 1171//1171 1178//1178 1228//1228
f 1178//1178 1177//1177 1229//1229
f 1229//1229 1226//1226 1228//1228
f 1178//1178 1229//1229 1228//1228
f 1010//1010 1227//1227 1225//1225
f 1227//1227 1171//1171 1228//1228
f 1228//1228 1226//1226 1225//1225
f 1227//1227 1228//1228 1225//1225
f 1210//1210 1216//1216 1211//1211
f 1216//1216 1219//1219 1230//1230
f 1230//1230 1212//1212 1211//1211
f 1216//1216 1230//1230 1211//1211
f 1219//1219 1223//1223 1231//1231
f 1223//1223 1013//1013 1224//1224
f 1224//1224 1226//1226 1231//1231
f 1223//1223 1224//1224 1231//1231
f 1226//1226 1229//1229 1232//1232
f 1229//1229 1177//1177 1213//1213
f 1213//1213 1212//1212 1232//1232
f 1229//1229 1213//1213 1232//1232
f 1219//1219 1231//1231 1230//1230
f 1231//1231 1226//1226 1232//1232
f 1232//1232 1212//1212 1230//1230
f 1231//1231 1232//1232 1230//1230
f 1233//1233 1031//1031 808//808
f 1054//1054 1234//1234 1055//1055
f 1234//1234 1235//1235 1236//1236
f 1236//1236 1056//1056 1055//1055
f 1234//1234 1236//1236 1055//1055
f 1235//1235 1237//1237 1238//1238
f 1237//1237 1239//1239 1240//1240
f 1240//1240 1241//1241 1238//1238
f 1237//1237 1240//1240 1238//1238
f 1241//1241 1242//1242 1243//1243
f 1242//1242 1059//1059 1057//1057
f 1057//1057 1056//1056 1243//1243
f 1242//1242 1057//1057 1243//1243
f 1235//1235 1238//1238 1236//1236
f 1238//1238 1241//1241 1243//1243
f 1243//1243 1056//1056 1236//1236
f 1238//1238 1243//1243 1236//1236
f 1239//1239 1244//1244 1245//1245
f 1244//1244 1246//1246 1247//1247
f 1247//1247 1248//1248 1245//1245
f 1244//1244 1247//1247 1245//1245
f 1246//1246 1249//1249 1250//1250
f 1249//1249 1251//1251 1252//1252
f 1252//1252 1253//1253 1250//1250
f 1249//1249 1252//1252 1250//1250
f 1253//1253 1254//1254 1255//1255
f 1254//1254 1256//1256 1257//1257
f 1257//1257 1248//1248 1255//1255
f 1254//1254 1257//1257 1255//1255
f 1246//1246 1250//1250 1247//1247
f 1250//1250 1253//1253 1255//1255
f 1255//1255 1248//1248 1247//1247
f 1250//1250 1255//1255 1247//1247
f 1256//1256 1258//1258 1259//1259
f 1258//1258 1260//1260 1261//1261
f 1261//1261 1262//1262 1259//1259
f 1258//1258 1261//1261 1259//1259
f 1260//1260 1263//1263 1264//1264
f 1263//1263 1068//1068 1066//1066
f 1066//1066 1063//1063 1264//1264
f 1263//1263 1066//1066 1264//1264
f 1063//1063 1061//1061 1265//1265
f 1061//1061 1059//1059 1266//1266
f 1266//1266 1262//1262 1265//1265
f 1061//1061 1266//1266 1265//1265
f 1260//1260 1264//1264 1261//1261
f 1264//1264 1063//1063 1265//1265
f 1265//1265 1262//1262 1261//1261
f 1264//1264 1265//1265 1261//1261
f 1239//1239 1245//1245 1240//1240
f 1245//1245 1248//1248 1267//1267
f 1267//1267 1241//1241 1240//1240
f 1245//1245 1267//1267 1240//1240
f 1248//1248 1257//1257 1268//1268
f 1257//1257 1256//1256 1259//1259
f 1259//1259 1262//1262 1268//1268
f 1257//1257 1259//1259 1268//1268
f 1262//1262 1266//1266 1269//1269
f 1266//1266 1059//1059 1242//1242
f 1242//1242 1241//1241 1269//1269
f 1266//1266 1242//1242 1269//1269
f 1248//1248 1268//1268 1267//1267
f 1268//1268 1262//1262 1269//1269
f 1269//1269 1241//1241 1267//1267
f 1268//1268 1269//1269 1267//1267
f 1068//1068 1263//1263 1270//1270
f 1263//1263 1260//1260 1271//1271
f 1271//1271 1272//1272 1270//1270
f 1263//1263 1271//1271 1270//1270
f 1260//1260 1258//1258 1273//1273
f 1258//1258 1256//1256 1274//1274
f 1274//1274 1275//1275 1273//1273
f 1258//1258 1274//1274 1273//1273
f 1275//1275 1276//1276 1277//1277
f 1276//1276 1278//1278 1279//1279
f 1279//1279 1272//1272 1277//1277
f 1276//1276 1279//1279 1277//1277
f 1260//1260 1273//1273 1271//1271
f 1273//1273 1275//1275 1277//1277
f 1277//1277 1272//1272 1271//1271
f 1273//1273 1277//1277 1271//1271
f 1256//1256 1254//1254 1280//1280
f 1254//1254 1253//1253 1281//1281
f 1281//1281 1282//1282 1280//1280
f 1254//1254 1281//1281 1280//1280
f 1253//1253 1252//1252 1283//1283
f 1252//1252 1251//1251 1284//1284
f 1284//1284 1285//1285 1283//1283
f 1252//1252 1284//1284 1283//1283
f 1285//1285 1286//1286 1287//1287
f 1286//1286 1288//1288 1289//1289
f 1289//1289 1282//1282 1287//1287
f 1286//1286 1289//1289 1287//1287
f 1253//1253 1283//1283 1281//1281
f 1283//1283 1285//1285 1287//1287
f 1287//1287 1282//1282 1281//1281
f 1283//1283 1287//1287 1281//1281
f 1288//1288 1290//1290 1291//1291
f 1290//1290 1292//1292 1293//1293
f 1293//1293 1294//1294 1291//1291
f 1290//1290 1293//1293 1291//1291
f 1292//1292 1295//1295 1296//1296
f 1295//1295 1297//1297 1298//1298
f 1298//1298 1299//1299 1296//1296
f 1295//1295 1298//1298 1296//1296
f 1299//1299 1300//1300 1301//1301
f 1300//1300 1278//1278 1302//1302
f 1302//1302 1294//1294 1301//1301
f 1300//1300 1302//1302 1301//1301
f 1292//1292 1296//1296 1293//1293
f 1296//1296 1299//1299 1301//1301
f 1301//1301 1294//1294 1293//1293
f 1296//1296 1301//1301 1293//1293
f 1256//1256 1280//1280 1274//1274
f 1280//1280 1282//1282 1303//1303
f 1303//1303 1275//1275 1274//1274
f 1280//1280 1303//1303 1274//1274
f 1282//1282 1289//1289 1304//1304
f 1289//1289 1288//1288 1291//1291
f 1291//1291 1294//1294 1304//1304
f 1289//1289 1291//1291 1304//1304
f 1294//1294 1302//1302 1305//1305
f 1302//1302 1278//1278 1276//1276
f 1276//1276 1275//1275 1305//1305
f 1302//1302 1276//1276 1305//1305
f 1282//1282 1304//1304 1303//1303
f 1304//1304 1294//1294 1305//1305
f 1305//1305 1275//1275 1303//1303
f 1304//1304 1305//1305 1303//1303
f 1068//1068 1270//1270 1306//1306
f 1270//1270 1272//1272 1307//1307
f 1307//1307 1308//1308 1306//1306
f 1270//1270 1307//1307 1306//1306
f 1272//1272 1279//1279 1309//1309
f 1279//1279 1278//1278 1310//1310
f 1310//1310 1311//1311 1309//1309
f 1279//1279 1310//1310 1309//1309
f 1311//1311 1312//1312 1313//1313
f 1312//1312 1314//1314 1315//1315
f 1315//1315 1308//1308 1313//1313
f 1312//1312 1315//1315 1313//1313
f 1272//1272 1309//1309 1307//1307
f 1309//1309 1311//1311 1313//1313
f 1313//1313 1308//1308 1307//1307
f 1309//1309 1313//1313 1307//1307
f 1278//1278 1300//1300 1316//1316
f 1300//1300 1299//1299 1317//1317
f 1317//1317 1318//1318 1316//1316
f 1300//1300 1317//1317 1316//1316
f 1299//1299 1298//1298 1319//1319
f 1298//1298 1297//1297 1320//1320
f 1320//1320 1321//1321 1319//1319
f 1298//1298 1320//1320 1319//1319
f 1321//1321 1322//1322 1323//1323
f 1322//1322 1324//1324 1325//1325
f 1325//1325 1318//1318 1323//1323
f 1322//1322 1325//1325 1323//1323
f 1299//1299 1319//1319 1317//1317
f 1319//1319 1321//1321 1323//1323
f 1323//1323 1318//1318 1317//1317
f 1319//1319 1323//1323 1317//1317
f 1324//1324 1326//1326 1327//1327
f 1326//1326 1328//1328 1329//1329
f 1329//1329 1330//1330 1327//1327
f 1326//1326 1329//1329 1327//1327
f 1328//1328 1331//1331 1332//1332
f 1331//1331 1333//1333 1334//1334
f 1334//1334 1335//1335 1332//1332
f 1331//1331 1334//1334 1332//1332
f 1335//1335 1336//1336 1337//1337
f 1336//1336 1314//1314 1338//1338
f 1338//1338 1330//1330 1337//1337
f 1336//1336 1338//1338 1337//1337
f 1328//1328 1332//1332 1329//1329
f 1332//1332 1335//1335 1337//1337
f 1337//1337 1330//1330 1329//1329
f 1332//1332 1337//1337 1329//1329
f 1278//1278 1316//1316 1310//1310
f 1316//1316 1318//1318 1339//1339
f 1339//1339 1311//1311 1310//1310
f 1316//1316 1339//1339 1310//1310
f 1318//1318 1325//1325 1340//1340
f 1325//1325 1324//1324 1327//1327
f 1327//1327 1330//1330 1340//1340
f 1325//1325 1327//1327 1340//1340
f 1330//1330 1338//1338 1341//1341
f 1338//1338 1314//1314 1312//1312
f 1312//1312 1311//1311 1341//1341
f 1338//1338 1312//1312 1341//1341
f 1318//1318 1340//1340 1339//1339
f 1340//1340 1330//1330 1341//1341
f 1341//1341 1311//1311 1339//1339
f 1340//1340 1341//1341 1339//1339
f 1333//1333 1342//1342 1334//1334
f 1342//1342 1343//1343 1344//1344
f 1344//1344 1335//1335 1334//1334
f 1342//1342 1344//1344 1334//1334
f 1343//1343 1345//1345 1346//1346
f 1345//1345 1347//1347 1348//1348
f 1348//1348 1349//1349 1346//1346
f 1345//1345 1348//1348 1346//1346
f 1349//1349 1350//1350 1351//1351
f 1350//1350 1314//1314 1336//1336
f 1336//1336 1335//1335 1351//1351
f 1350//1350 1336//1336 1351//1351
f 1343//1343 1346//1346 1344//1344
f 1346//1346 1349//1349 1351//1351
f 1351//1351 1335//1335 1344//1344
f 1346//1346 1351//1351 1344//1344
f 1347//1347 1352//1352 1353//1353
f 1352//1352 1354//1354 1355//1355
f 1355//1355 1356//1356 1353//1353
f 1352//1352 1355//1355 1353//1353
f 1354//1354 1357//1357 1358//1358
f 1357//1357 1160//1160 1158//1158
f 1158//1158 1155//1155 1358//1358
f 1357//1357 1158//1158 1358//1358
f 1155//1155 1153//1153 1359//1359
f 1153//1153 1151//1151 1360//1360
f 1360//1360 1356//1356 1359//1359
f 1153//1153 1360//1360 1359//1359
f 1354//1354 1358//1358 1355//1355
f 1358//1358 1155//1155 1359//1359
f 1359//1359 1356//1356 1355//1355
f 1358//1358 1359//1359 1355//1355
f 1151//1151 1149//1149 1361//1361
f 1149//1149 1148//1148 1362//1362
f 1362//1362 1363//1363 1361//1361
f 1149//1149 1362//1362 1361//1361
f 1148//1148 1147//1147 1364//1364
f 1147//1147 1068//1068 1306//1306
f 1306//1306 1308//1308 1364//1364
f 1147//1147 1306//1306 1364//1364
f 1308//1308 1315//1315 1365//1365
f 1315//1315 1314//1314 1366//1366
f 1366//1366 1363//1363 1365//1365
f 1315//1315 1366//1366 1365//1365
f 1148//1148 1364//1364 1362//1362
f 1364//1364 1308//1308 1365//1365
f 1365//1365 1363//1363 1362//1362
f 1364//1364 1365//1365 1362//1362
f 1347//1347 1353//1353 1348//1348
f 1353//1353 1356//1356 1367//1367
f 1367//1367 1349//1349 1348//1348
f 1353//1353 1367//1367 1348//1348
f 1356//1356 1360//1360 1368//1368
f 1360//1360 1151//1151 1361//1361
f 1361//1361 1363//1363 1368//1368
f 1360//1360 1361//1361 1368//1368
f 1363//1363 1366//1366 1369//1369
f 1366//1366 1314//1314 1350//1350
f 1350//1350 1349//1349 1369//1369
f 1366//1366 1350//1350 1369//1369
f 1356//1356 1368//1368 1367//1367
f 1368//1368 1363//1363 1369//1369
f 1369//1369 1349//1349 1367//1367
f 1368//1368 1369//1369 1367//1367
f 1160//1160 1357//1357 1183//1183
f 1357//1357 1354//1354 1370//1370
f 1370//1370 1184//1184 1183//1183
f 1357//1357 1370//1370 1183//1183
f 1354//1354 1352//1352 1371//1371
f 1352//1352 1347//1347 1372//1372
f 1372//1372 1373//1373 1371//1371
f 1352//1352 1372//1372 1371//1371
f 1373//1373 1374//1374 1375//1375
f 1374//1374 1187//1187 1185//1185
f 1185//1185 1184//1184 1375//1375
f 1374//1374 1185//1185 1375//1375
f 1354//1354 1371//1371 1370//1370
f 1371//1371 1373//1373 1375//1375
f 1375//1375 1184//1184 1370//1370
f 1371//1371 1375//1375 1370//1370
f 1347//1347 1345//1345 1376//1376
f 1345//1345 1343//1343 1377//1377
f 1377//1377 1378//1378 1376//1376
f 1345//1345 1377//1377 1376//1376
f 1343//1343 1342//1342 1379//1379
f 1342//1342 1333//1333 1380//1380
f 1380//1380 1381//1381 1379//1379
f 1342//1342 1380//1380 1379//1379
f 1381//1381 1382//1382 1383//1383
f 1382//1382 1384//1384 1385//1385
f 1385//1385 1378//1378 1383//1383
f 1382//1382 1385//1385 1383//1383
f 1343//1343 1379//1379 1377//1377
f 1379//1379 1381//1381 1383//1383
f 1383//1383 1378//1378 1377//1377
f 1379//1379 1383//1383 1377//1377
f 1384//1384 1386//1386 1387//1387
f 1386//1386 1388//1388 1389//1389
f 1389//1389 1390//1390 1387//1387
f 1386//1386 1389//1389 1387//1387
f 1388//1388 1391//1391 1392//1392
f 1391//1391 1196//1196 1194//1194
f 1194//1194 1191//1191 1392//1392
f 1391//1391 1194//1194 1392//1392
f 1191//1191 1189//1189 1393//1393
f 1189//1189 1187//1187 1394//1394
f 1394//1394 1390//1390 1393//1393
f 1189//1189 1394//1394 1393//1393
f 1388//1388 1392//1392 1389//1389
f 1392//1392 1191//1191 1393//1393
f 1393//1393 1390//1390 1389//1389
f 1392//1392 1393//1393 1389//1389
f 1347//1347 1376//1376 1372//1372
f 1376//1376 1378//1378 1395//1395
f 1395//1395 1373//1373 1372//1372
f 1376//1376 1395//1395 1372//1372
f 1378//1378 1385//1385 1396//1396
f 1385//1385 1384//1384 1387//1387
f 1387//1387 1390//1390 1396//1396
f 1385//1385 1387//1387 1396//1396
f 1390//1390 1394//1394 1397//1397
f 1394//1394 1187//1187 1374//1374
f 1374//1374 1373//1373 1397//1397
f 1394//1394 1374//1374 1397//1397
f 1378//1378 1396//1396 1395//1395
f 1396//1396 1390//1390 1397//1397
f 1397//1397 1373//1373 1395//1395
f 1396//1396 1397//1397 1395//1395
f 1196//1196 1391//1391 1398//1398
f 1391//1391 1388//1388 1399//1399
f 1399//1399 1400//1400 1398//1398
f 1391//1391 1399//1399 1398//1398
f 1388//1388 1386//1386 1401//1401
f 1386//1386 1384//1384 1402//1402
f 1402//1402 1403//1403 1401//1401
f 1386//1386 1402//1402 1401//1401
f 1403//1403 1404//1404 1405//1405
f 1404//1404 1406//1406 1407//1407
f 1407//1407 1400//1400 1405//1405
f 1404//1404 1407//1407 1405//1405
f 1388//1388 1401//1401 1399//1399
f 1401//1401 1403//1403 1405//1405
f 1405//1405 1400//1400 1399//1399
f 1401//1401 1405//1405 1399//1399
f 1384//1384 1382//1382 1408//1408
f 1382//1382 1381//1381 1409//1409
f 1409//1409 1410//1410 1408//1408
f 1382//1382 1409//1409 1408//1408
f 1381//1381 1380//1380 1411//1411
f 1380//1380 1333//1333 1412//1412
f 1412//1412 1413//1413 1411//1411
f 1380//1380 1412//1412 1411//1411
f 1413//1413 1414//1414 1415//1415
f 1414//1414 1416//1416 1417//1417
f 1417//1417 1410//1410 1415//1415
f 1414//1414 1417//1417 1415//1415
f 1381//1381 1411//1411 1409//1409
f 1411//1411 1413//1413 1415//1415
f 1415//1415 1410//1410 1409//1409
f 1411//1411 1415//1415 1409//1409
f 1416//1416 1418//1418 1419//1419
f 1418//1418 1420//1420 1421//1421
f 1421//1421 1422//1422 1419//1419
f 1418//1418 1421//1421 1419//1419
f 1420//1420 1423//1423 1424//1424
f 1423//1423 1425//1425 1426//1426
f 1426//1426 1427//1427 1424//1424
f 1423//1423 1426//1426 1424//1424
f 1427//1427 1428//1428 1429//1429
f 1428//1428 1406//1406 1430//1430
f 1430//1430 1422//1422 1429//1429
f 1428//1428 1430//1430 1429//1429
f 1420//1420 1424//1424 1421//1421
f 1424//1424 1427//1427 1429//1429
f 1429//1429 1422//1422 1421//1421
f 1424//1424 1429//1429 1421//1421
f 1384//1384 1408//1408 1402//1402
f 1408//1408 1410//1410 1431//1431
f 1431//1431 1403//1403 1402//1402
f 1408//1408 1431//1431 1402//1402
f 1410//1410 1417//1417 1432//1432
f 1417//1417 1416//1416 1419//1419
f 1419//1419 1422//1422 1432//1432
f 1417//1417 1419//1419 1432//1432
f 1422//1422 1430//1430 1433//1433
f 1430//1430 1406//1406 1404//1404
f 1404//1404 1403//1403 1433//1433
f 1430//1430 1404//1404 1433//1433
f 1410//1410 1432//1432 1431//1431
f 1432//1432 1422//1422 1433//1433
f 1433//1433 1403//1403 1431//1431
f 1432//1432 1433//1433 1431//1431
f 1251//1251 1434//1434 1435//1435
f 1434//1434 1436//1436 1437//1437
f 1437//1437 1438//1438 1435//1435
f 1434//1434 1437//1437 1435//1435
f 1436//1436 1439//1439 1440//1440
f 1439//1439 1441//1441 1442//1442
f 1442//1442 1443//1443 1440//1440
f 1439//1439 1442//1442 1440//1440
f 1443//1443 1444//1444 1445//1445
f 1444//1444 1446//1446 1447//1447
f 1447//1447 1438//1438 1445//1445
f 1444//1444 1447//1447 1445//1445
f 1436//1436 1440//1440 1437//1437
f 1440//1440 1443//1443 1445//1445
f 1445//1445 1438//1438 1437//1437
f 1440//1440 1445//1445 1437//1437
f 1441//1441 1448//1448 1449//1449
f 1448//1448 1450//1450 1451//1451
f 1451//1451 1452//1452 1449//1449
f 1448//1448 1451//1451 1449//1449
f 1450//1450 1453//1453 1454//1454
f 1453//1453 1455//1455 1456//1456
f 1456//1456 1457//1457 1454//1454
f 1453//1453 1456//1456 1454//1454
f 1457//1457 1458//1458 1459//1459
f 1458//1458 1460//1460 1461//1461
f 1461//1461 1452//1452 1459//1459
f 1458//1458 1461//1461 1459//1459
f 1450//1450 1454//1454 1451//1451
f 1454//1454 1457//1457 1459//1459
f 1459//1459 1452//1452 1451//1451
f 1454//1454 1459//1459 1451//1451
f 1460//1460 1462//1462 1463//1463
f 1462//1462 1464//1464 1465//1465
f 1465//1465 1466//1466 1463//1463
f 1462//1462 1465//1465 1463//1463
f 1464//1464 1467//1467 1468//1468
f 1467//1467 1469//1469 1470//1470
f 1470//1470 1471//1471 1468//1468
f 1467//1467 1470//1470 1468//1468
f 1471//1471 1472//1472 1473//1473
f 1472//1472 1446//1446 1474//1474
f 1474//1474 1466//1466 1473//1473
f 1472//1472 1474//1474 1473//1473
f 1464//1464 1468//1468 1465//1465
f 1468//1468 1471//1471 1473//1473
f 1473//1473 1466//1466 1465//1465
f 1468//1468 1473//1473 1465//1465
f 1441//1441 1449//1449 1442//1442
f 1449//1449 1452//1452 1475//1475
f 1475//1475 1443//1443 1442//1442
f 1449//1449 1475//1475 1442//1442
f 1452//1452 1461//1461 1476//1476
f 1461//1461 1460//1460 1463//1463
f 1463//1463 1466//1466 1476//1476
f 1461//1461 1463//1463 1476//1476
f 1466//1466 1474//1474 1477//1477
f 1474//1474 1446//1446 1444//1444
f 1444//1444 1443//1443 1477//1477
f 1474//1474 1444//1444 1477//1477
f 1452//1452 1476//1476 1475//1475
f 1476//1476 1466//1466 1477//1477
f 1477//1477 1443//1443 1475//1475
f 1476//1476 1477//1477 1475//1475
f 1469//1469 1478//1478 1470//1470
f 1478//1478 1479//1479 1480//1480
f 1480//1480 1471//1471 1470//1470
f 1478//1478 1480//1480 1470//1470
f 1479//1479 1481//1481 1482//1482
f 1481//1481 1483//1483 1484//1484
f 1484//1484 1485//1485 1482//1482
f 1481//1481 1484//1484 1482//1482
f 1485//1485 1486//1486 1487//1487
f 1486//1486 1446//1446 1472//1472
f 1472//1472 1471//1471 1487//1487
f 1486//1486 1472//1472 1487//1487
f 1479//1479 1482//1482 1480//1480
f 1482//1482 1485//1485 1487//1487
f 1487//1487 1471//1471 1480//1480
f 1482//1482 1487//1487 1480//1480
f 1483//1483 1488//1488 1489//1489
f 1488//1488 1490//1490 1491//1491
f 1491//1491 1492//1492 1489//1489
f 1488//1488 1491//1491 1489//1489
f 1490//1490 1493//1493 1494//1494
f 1493//1493 1297//1297 1295//1295
f 1295//1295 1292//1292 1494//1494
f 1493//1493 1295//1295 1494//1494
f 1292//1292 1290//1290 1495//1495
f 1290//1290 1288//1288 1496//1496
f 1496//1496 1492//1492 1495//1495
f 1290//1290 1496//1496 1495//1495
f 1490//1490 1494//1494 1491//1491
f 1494//1494 1292//1292 1495//1495
f 1495//1495 1492//1492 1491//1491
f 1494//1494 1495//1495 1491//1491
f 1288//1288 1286//1286 1497//1497
f 1286//1286 1285//1285 1498//1498
f 1498//1498 1499//1499 1497//1497
f 1286//1286 1498//1498 1497//1497
f 1285//1285 1284//1284 1500//1500
f 1284//1284 1251//1251 1435//1435
f 1435//1435 1438//1438 1500//1500
f 1284//1284 1435//1435 1500//1500
f 1438//1438 1447//1447 1501//1501
f 1447//1447 1446//1446 1502//1502
f 1502//1502 1499//1499 1501//1501
f 1447//1447 1502//1502 1501//1501
f 1285//1285 1500//1500 1498//1498
f 1500//1500 1438//1438 1501//1501
f 1501//1501 1499//1499 1498//1498
f 1500//1500 1501//1501 1498//1498
f 1483//1483 1489//1489 1484//1484
f 1489//1489 1492//1492 1503//1503
f 1503//1503 1485//1485 1484//1484
f 1489//1489 1503//1503 1484//1484
f 1492//1492 1496//1496 1504//1504
f 1496//1496 1288//1288 1497//1497
f 1497//1497 1499//1499 1504//1504
f 1496//1496 1497//1497 1504//1504
f 1499//1499 1502//1502 1505//1505
f 1502//1502 1446//1446 1486//1486
f 1486//1486 1485//1485 1505//1505
f 1502//1502 1486//1486 1505//1505
f 1492//1492 1504//1504 1503//1503
f 1504//1504 1499//1499 1505//1505
f 1505//1505 1485//1485 1503//1503
f 1504//1504 1505//1505 1503//1503
f 1297//1297 1493//1493 1320//1320
f 1493//1493 1490//1490 1506//1506
f 1506//1506 1321//1321 1320//1320
f 1493//1493 1506//1506 1320//1320
f 1490//1490 1488//1488 1507//1507
f 1488//1488 1483//1483 1508//1508
f 1508//1508 1509//1509 1507//1507
f 1488//1488 1508//1508 1507//1507
f 1509//1509 1510//1510 1511//1511
f 1510//1510 1324//1324 1322//1322
f 1322//1322 1321//1321 1511//1511
f 1510//1510 1322//1322 1511//1511
f 1490//1490 1507//1507 1506//1506
f 1507//1507 1509//1509 1511//1511
f 1511//1511 1321//1321 1506//1506
f 1507//1507 1511//1511 1506//1506
f 1483//1483 1481//1481 1512//1512
f 1481//1481 1479//1479 1513//1513
f 1513//1513 1514//1514 1512//1512
f 1481//1481 1513//1513 1512//1512
f 1479//1479 1478//1478 1515//1515
f 1478//1478 1469//1469 1516//1516
f 1516//1516 1517//1517 1515//1515
f 1478//1478 1516//1516 1515//1515
f 1517//1517 1518//1518 1519//1519
f 1518//1518 1520//1520 1521//1521
f 1521//1521 1514//1514 1519//1519
f 1518//1518 1521//1521 1519//1519
f 1479//1479 1515//1515 1513//1513
f 1515//1515 1517//1517 1519//1519
f 1519//1519 1514//1514 1513//1513
f 1515//1515 1519//1519 1513//1513
f 1520//1520 1522//1522 1523//1523
f 1522//1522 1524//1524 1525//1525
f 1525//1525 1526//1526 1523//1523
f 1522//1522 1525//1525 1523//1523
f 1524//1524 1527//1527 1528//1528
f 1527//1527 1333//1333 1331//1331
f 1331//1331 1328//1328 1528//1528
f 1527//1527 1331//1331 1528//1528
f 1328//1328 1326//1326 1529//1529
f 1326//1326 1324//1324 1530//1530
f 1530//1530 1526//1526 1529//1529
f 1326//1326 1530//1530 1529//1529
f 1524//1524 1528//1528 1525//1525
f 1528//1528 1328//1328 1529//1529
f 1529//1529 1526//1526 1525//1525
f 1528//1528 1529//1529 1525//1525
f 1483//1483 1512//1512 1508//1508
f 1512//1512 1514//1514 1531//1531
f 1531//1531 1509//1509 1508//1508
f 1512//1512 1531//1531 1508//1508
f 1514//1514 1521//1521 1532//1532
f 1521//1521 1520//1520 1523//1523
f 1523//1523 1526//1526 1532//1532
f 1521//1521 1523//1523 1532//1532
f 1526//1526 1530//1530 1533//1533
f 1530//1530 1324//1324 1510//1510
f 1510//1510 1509//1509 1533//1533
f 1530//1530 1510//1510 1533//1533
f 1514//1514 1532//1532 1531//1531
f 1532//1532 1526//1526 1533//1533
f 1533//1533 1509//1509 1531//1531
f 1532//1532 1533//1533 1531//1531
f 1333//1333 1527//1527 1534//1534
f 1527//1527 1524//1524 1535//1535
f 1527//1527 1535//1535 1534//1534
f 1524//1524 1522//1522 1536//1536
f 1522//1522 1520//1520 1537//1537
f 1537//1537 1538//1538 1536//1536
f 1522//1522 1537//1537 1536//1536
f 1538//1538 1539//1539 1540//1540
f 1539//1539 1534//1534 1540//1540
f 1524//1524 1536//1536 1535//1535
f 1536//1536 1538//1538 1540//1540
f 1540//1540 1534//1534 1535//1535
f 1536//1536 1540//1540 1535//1535
f 1520//1520 1518//1518 1541//1541
f 1518//1518 1517//1517 1542//1542
f 1542//1542 1543//1543 1541//1541
f 1518//1518 1542//1542 1541//1541
f 1517//1517 1516//1516 1544//1544
f 1516//1516 1469//1469 1545//1545
f 1545//1545 1546//1546 1544//1544
f 1516//1516 1545//1545 1544//1544
f 1546//1546 1547//1547 1548//1548
f 1547//1547 1549//1549 1550//1550
f 1550//1550 1543//1543 1548//1548
f 1547//1547 1550//1550 1548//1548
f 1517//1517 1544//1544 1542//1542
f 1544//1544 1546//1546 1548//1548
f 1548//1548 1543//1543 1542//1542
f 1544//1544 1548//1548 1542//1542
f 1549//1549 1551//1551 1552//1552
f 1551//1551 1553//1553 1554//1554
f 1554//1554 1555//1555 1552//1552
f 1551//1551 1554//1554 1552//1552
f 1556//1556 1555//1555 1557//1557
f 1534//1534 1556//1556 1557//1557
f 1553//1553 1534//1534 1554//1554
f 1557//1557 1555//1555 1554//1554
f 1534//1534 1557//1557 1554//1554
f 1520//1520 1541//1541 1537//1537
f 1541//1541 1543//1543 1558//1558
f 1558//1558 1538//1538 1537//1537
f 1541//1541 1558//1558 1537//1537
f 1543//1543 1550//1550 1559//1559
f 1550//1550 1549//1549 1552//1552
f 1552//1552 1555//1555 1559//1559
f 1550//1550 1552//1552 1559//1559
f 1555//1555 1556//1556 1560//1560
f 1556//1556 1534//1534 1539//1539
f 1539//1539 1538//1538 1560//1560
f 1556//1556 1539//1539 1560//1560
f 1543//1543 1559//1559 1558//1558
f 1559//1559 1555//1555 1560//1560
f 1560//1560 1538//1538 1558//1558
f 1559//1559 1560//1560 1558//1558
f 1561//1561 1562//1562 1563//1563
f 1562//1562 1564//1564 1565//1565
f 1565//1565 1566//1566 1563//1563
f 1562//1562 1565//1565 1563//1563
f 1534//1534 1561//1561 1563//1563
f 1563//1563 1566//1566 1534//1534
f 1567//1567 1568//1568 1569//1569
f 1567//1567 1569//1569 1534//1534
f 1568//1568 1570//1570 1571//1571
f 1570//1570 1572//1572 1573//1573
f 1573//1573 1574//1574 1571//1571
f 1570//1570 1573//1573 1571//1571
f 1572//1572 1575//1575 1576//1576
f 1575//1575 1577//1577 1578//1578
f 1578//1578 1579//1579 1576//1576
f 1575//1575 1578//1578 1576//1576
f 1579//1579 1580//1580 1581//1581
f 1580//1580 1564//1564 1582//1582
f 1582//1582 1574//1574 1581//1581
f 1580//1580 1582//1582 1581//1581
f 1572//1572 1576//1576 1573//1573
f 1576//1576 1579//1579 1581//1581
f 1581//1581 1574//1574 1573//1573
f 1576//1576 1581//1581 1573//1573
f 1583//1583 1561//1561 1534//1534
f 1534//1534 1569//1569 1584//1584
f 1569//1569 1568//1568 1571//1571
f 1571//1571 1574//1574 1584//1584
f 1569//1569 1571//1571 1584//1584
f 1574//1574 1582//1582 1585//1585
f 1582//1582 1564//1564 1562//1562
f 1562//1562 1561//1561 1585//1585
f 1582//1582 1562//1562 1585//1585
f 1534//1534 1584//1584 1583//1583
f 1584//1584 1574//1574 1585//1585
f 1585//1585 1561//1561 1583//1583
f 1584//1584 1585//1585 1583//1583
f 1577//1577 1586//1586 1578//1578
f 1586//1586 1587//1587 1588//1588
f 1588//1588 1579//1579 1578//1578
f 1586//1586 1588//1588 1578//1578
f 1587//1587 1589//1589 1590//1590
f 1589//1589 1591//1591 1592//1592
f 1592//1592 1593//1593 1590//1590
f 1589//1589 1592//1592 1590//1590
f 1593//1593 1594//1594 1595//1595
f 1594//1594 1564//1564 1580//1580
f 1580//1580 1579//1579 1595//1595
f 1594//1594 1580//1580 1595//1595
f 1587//1587 1590//1590 1588//1588
f 1590//1590 1593//1593 1595//1595
f 1595//1595 1579//1579 1588//1588
f 1590//1590 1595//1595 1588//1588
f 1591//1591 1596//1596 1597//1597
f 1596//1596 1598//1598 1599//1599
f 1599//1599 1600//1600 1597//1597
f 1596//1596 1599//1599 1597//1597
f 1598//1598 1601//1601 1602//1602
f 1601//1601 1425//1425 1423//1423
f 1423//1423 1420//1420 1602//1602
f 1601//1601 1423//1423 1602//1602
f 1420//1420 1418//1418 1603//1603
f 1418//1418 1416//1416 1604//1604
f 1604//1604 1600//1600 1603//1603
f 1418//1418 1604//1604 1603//1603
f 1598//1598 1602//1602 1599//1599
f 1602//1602 1420//1420 1603//1603
f 1603//1603 1600//1600 1599//1599
f 1602//1602 1603//1603 1599//1599
f 1416//1416 1414//1414 1605//1605
f 1414//1414 1413//1413 1606//1606
f 1606//1606 1607//1607 1605//1605
f 1414//1414 1606//1606 1605//1605
f 1413//1413 1412//1412 1608//1608
f 1412//1412 1333//1333 1534//1534
f 1534//1534 1566//1566 1608//1608
f 1412//1412 1534//1534 1608//1608
f 1566//1566 1565//1565 1609//1609
f 1565//1565 1564//1564 1610//1610
f 1610//1610 1607//1607 1609//1609
f 1565//1565 1610//1610 1609//1609
f 1413//1413 1608//1608 1606//1606
f 1608//1608 1566//1566 1609//1609
f 1609//1609 1607//1607 1606//1606
f 1608//1608 1609//1609 1606//1606
f 1591//1591 1597//1597 1592//1592
f 1597//1597 1600//1600 1611//1611
f 1611//1611 1593//1593 1592//1592
f 1597//1597 1611//1611 1592//1592
f 1600//1600 1604//1604 1612//1612
f 1604//1604 1416//1416 1605//1605
f 1605//1605 1607//1607 1612//1612
f 1604//1604 1605//1605 1612//1612
f 1607//1607 1610//1610 1613//1613
f 1610//1610 1564//1564 1594//1594
f 1594//1594 1593//1593 1613//1613
f 1610//1610 1594//1594 1613//1613
f 1600//1600 1612//1612 1611//1611
f 1612//1612 1607//1607 1613//1613
f 1613//1613 1593//1593 1611//1611
f 1612//1612 1613//1613 1611//1611
f 1455//1455 1614//1614 1456//1456
f 1614//1614 1615//1615 1616//1616
f 1616//1616 1457//1457 1456//1456
f 1614//1614 1616//1616 1456//1456
f 1615//1615 1617//1617 1618//1618
f 1617//1617 1619//1619 1620//1620
f 1620//1620 1621//1621 1618//1618
f 1617//1617 1620//1620 1618//1618
f 1621//1621 1622//1622 1623//1623
f 1622//1622 1460//1460 1458//1458
f 1458//1458 1457//1457 1623//1623
f 1622//1622 1458//1458 1623//1623
f 1615//1615 1618//1618 1616//1616
f 1618//1618 1621//1621 1623//1623
f 1623//1623 1457//1457 1616//1616
f 1618//1618 1623//1623 1616//1616
f 1619//1619 1624//1624 1625//1625
f 1624//1624 1626//1626 1627//1627
f 1627//1627 1628//1628 1625//1625
f 1624//1624 1627//1627 1625//1625
f 1626//1626 1629//1629 1630//1630
f 1629//1629 1631//1631 1632//1632
f 1632//1632 1633//1633 1630//1630
f 1629//1629 1632//1632 1630//1630
f 1633//1633 1634//1634 1635//1635
f 1634//1634 1636//1636 1637//1637
f 1637//1637 1628//1628 1635//1635
f 1634//1634 1637//1637 1635//1635
f 1626//1626 1630//1630 1627//1627
f 1630//1630 1633//1633 1635//1635
f 1635//1635 1628//1628 1627//1627
f 1630//1630 1635//1635 1627//1627
f 1636//1636 1638//1638 1639//1639
f 1638//1638 1640//1640 1641//1641
f 1641//1641 1642//1642 1639//1639
f 1638//1638 1641//1641 1639//1639
f 1640//1640 1643//1643 1644//1644
f 1643//1643 1469//1469 1467//1467
f 1467//1467 1464//1464 1644//1644
f 1643//1643 1467//1467 1644//1644
f 1464//1464 1462//1462 1645//1645
f 1462//1462 1460//1460 1646//1646
f 1646//1646 1642//1642 1645//1645
f 1462//1462 1646//1646 1645//1645
f 1640//1640 1644//1644 1641//1641
f 1644//1644 1464//1464 1645//1645
f 1645//1645 1642//1642 1641//1641
f 1644//1644 1645//1645 1641//1641
f 1619//1619 1625//1625 1620//1620
f 1625//1625 1628//1628 1647//1647
f 1647//1647 1621//1621 1620//1620
f 1625//1625 1647//1647 1620//1620
f 1628//1628 1637//1637 1648//1648
f 1637//1637 1636//1636 1639//1639
f 1639//1639 1642//1642 1648//1648
f 1637//1637 1639//1639 1648//1648
f 1642//1642 1646//1646 1649//1649
f 1646//1646 1460//1460 1622//1622
f 1622//1622 1621//1621 1649//1649
f 1646//1646 1622//1622 1649//1649
f 1628//1628 1648//1648 1647//1647
f 1648//1648 1642//1642 1649//1649
f 1649//1649 1621//1621 1647//1647
f 1648//1648 1649//1649 1647//1647
f 1469//1469 1643//1643 1650//1650
f 1643//1643 1640//1640 1651//1651
f 1651//1651 1652//1652 1650//1650
f 1643//1643 1651//1651 1650//1650
f 1640//1640 1638//1638 1653//1653
f 1638//1638 1636//1636 1654//1654
f 1654//1654 1655//1655 1653//1653
f 1638//1638 1654//1654 1653//1653
f 1655//1655 1656//1656 1657//1657
f 1656//1656 1658//1658 1659//1659
f 1659//1659 1652//1652 1657//1657
f 1656//1656 1659//1659 1657//1657
f 1640//1640 1653//1653 1651//1651
f 1653//1653 1655//1655 1657//1657
f 1657//1657 1652//1652 1651//1651
f 1653//1653 1657//1657 1651//1651
f 1636//1636 1634//1634 1660//1660
f 1634//1634 1633//1633 1661//1661
f 1661//1661 1662//1662 1660//1660
f 1634//1634 1661//1661 1660//1660
f 1633//1633 1632//1632 1663//1663
f 1632//1632 1631//1631 1664//1664
f 1664//1664 1665//1665 1663//1663
f 1632//1632 1664//1664 1663//1663
f 1665//1665 1666//1666 1667//1667
f 1666//1666 1668//1668 1669//1669
f 1669//1669 1662//1662 1667//1667
f 1666//1666 1669//1669 1667//1667
f 1633//1633 1663//1663 1661//1661
f 1663//1663 1665//1665 1667//1667
f 1667//1667 1662//1662 1661//1661
f 1663//1663 1667//1667 1661//1661
f 1668//1668 1670//1670 1671//1671
f 1670//1670 1672//1672 1673//1673
f 1673//1673 1674//1674 1671//1671
f 1670//1670 1673//1673 1671//1671
f 1672//1672 1675//1675 1676//1676
f 1675//1675 1677//1677 1678//1678
f 1678//1678 1679//1679 1676//1676
f 1675//1675 1678//1678 1676//1676
f 1679//1679 1680//1680 1681//1681
f 1680//1680 1658//1658 1682//1682
f 1682//1682 1674//1674 1681//1681
f 1680//1680 1682//1682 1681//1681
f 1672//1672 1676//1676 1673//1673
f 1676//1676 1679//1679 1681//1681
f 1681//1681 1674//1674 1673//1673
f 1676//1676 1681//1681 1673//1673
f 1636//1636 1660//1660 1654//1654
f 1660//1660 1662//1662 1683//1683
f 1683//1683 1655//1655 1654//1654
f 1660//1660 1683//1683 1654//1654
f 1662//1662 1669//1669 1684//1684
f 1669//1669 1668//1668 1671//1671
f 1671//1671 1674//1674 1684//1684
f 1669//1669 1671//1671 1684//1684
f 1674//1674 1682//1682 1685//1685
f 1682//1682 1658//1658 1656//1656
f 1656//1656 1655//1655 1685//1685
f 1682//1682 1656//1656 1685//1685
f 1662//1662 1684//1684 1683//1683
f 1684//1684 1674//1674 1685//1685
f 1685//1685 1655//1655 1683//1683
f 1684//1684 1685//1685 1683//1683
f 1469//1469 1650//1650 1686//1686
f 1650//1650 1652//1652 1687//1687
f 1687//1687 1688//1688 1686//1686
f 1650//1650 1687//1687 1686//1686
f 1652//1652 1659//1659 1689//1689
f 1659//1659 1658//1658 1690//1690
f 1690//1690 1691//1691 1689//1689
f 1659//1659 1690//1690 1689//1689
f 1691//1691 1534//1534 1692//1692
f 1693//1693 1688//1688 1692//1692
f 1534//1534 1693//1693 1692//1692
f 1652//1652 1689//1689 1687//1687
f 1689//1689 1691//1691 1692//1692
f 1692//1692 1688//1688 1687//1687
f 1689//1689 1692//1692 1687//1687
f 1658//1658 1680//1680 1694//1694
f 1680//1680 1679//1679 1695//1695
f 1695//1695 1696//1696 1694//1694
f 1680//1680 1695//1695 1694//1694
f 1679//1679 1678//1678 1697//1697
f 1678//1678 1677//1677 1534//1534
f 1678//1678 1534//1534 1697//1697
f 1698//1698 1696//1696 1699//1699
f 1534//1534 1698//1698 1699//1699
f 1679//1679 1697//1697 1695//1695
f 1697//1697 1534//1534 1699//1699
f 1699//1699 1696//1696 1695//1695
f 1697//1697 1699//1699 1695//1695
f 1658//1658 1694//1694 1690//1690
f 1694//1694 1696//1696 1700//1700
f 1700//1700 1691//1691 1690//1690
f 1694//1694 1700//1700 1690//1690
f 1696//1696 1698//1698 1701//1701
f 1534//1534 1702//1702 1701//1701
f 1698//1698 1534//1534 1701//1701
f 1702//1702 1534//1534 1703//1703
f 1534//1534 1691//1691 1703//1703
f 1696//1696 1701//1701 1700//1700
f 1701//1701 1702//1702 1703//1703
f 1703//1703 1691//1691 1700//1700
f 1701//1701 1703//1703 1700//1700
f 1553//1553 1551//1551 1704//1704
f 1551//1551 1549//1549 1705//1705
f 1705//1705 1706//1706 1704//1704
f 1551//1551 1705//1705 1704//1704
f 1534//1534 1553//1553 1704//1704
f 1704//1704 1706//1706 1534//1534
f 1549//1549 1547//1547 1707//1707
f 1547//1547 1546//1546 1708//1708
f 1708//1708 1709//1709 1707//1707
f 1547//1547 1708//1708 1707//1707
f 1546//1546 1545//1545 1710//1710
f 1545//1545 1469//1469 1686//1686
f 1686//1686 1688//1688 1710//1710
f 1545//1545 1686//1686 1710//1710
f 1688//1688 1693//1693 1711//1711
f 1693//1693 1534//1534 1712//1712
f 1712//1712 1709//1709 1711//1711
f 1693//1693 1712//1712 1711//1711
f 1546//1546 1710//1710 1708//1708
f 1710//1710 1688//1688 1711//1711
f 1711//1711 1709//1709 1708//1708
f 1710//1710 1711//1711 1708//1708
f 1534//1534 1706//1706 1713//1713
f 1713//1713 1714//1714 1534//1534
f 1706//1706 1705//1705 1715//1715
f 1705//1705 1549//1549 1707//1707
f 1707//1707 1709//1709 1715//1715
f 1705//1705 1707//1707 1715//1715
f 1709//1709 1712//1712 1716//1716
f 1534//1534 1714//1714 1716//1716
f 1712//1712 1534//1534 1716//1716
f 1706//1706 1715//1715 1713//1713
f 1715//1715 1709//1709 1716//1716
f 1716//1716 1714//1714 1713//1713
f 1715//1715 1716//1716 1713//1713
f 1534//1534 1568//1568 1567//1567
f 1534//1534 1577//1577 1575//1575
f 1575//1575 1572//1572 1534//1534
f 1572//1572 1570//1570 1534//1534
f 1570//1570 1568//1568 1534//1534
f 1577//1577 1534//1534 1717//1717
f 1718//1718 1719//1719 1717//1717
f 1534//1534 1718//1718 1717//1717
f 1534//1534 1720//1720 1721//1721
f 1720//1720 1722//1722 1723//1723
f 1722//1722 1724//1724 1725//1725
f 1725//1725 1719//1719 1723//1723
f 1722//1722 1725//1725 1723//1723
f 1534//1534 1721//1721 1718//1718
f 1721//1721 1720//1720 1723//1723
f 1723//1723 1719//1719 1718//1718
f 1721//1721 1723//1723 1718//1718
f 1534//1534 1726//1726 1727//1727
f 1727//1727 1728//1728 1534//1534
f 1728//1728 1729//1729 1534//1534
f 1729//1729 1724//1724 1534//1534
f 1534//1534 1724//1724 1722//1722
f 1722//1722 1720//1720 1534//1534
f 1577//1577 1717//1717 1730//1730
f 1717//1717 1719//1719 1730//1730
f 1719//1719 1725//1725 1730//1730
f 1725//1725 1724//1724 1730//1730
f 1724//1724 1729//1729 1730//1730
f 1729//1729 1728//1728 1730//1730
f 1728//1728 1727//1727 1730//1730
f 1727//1727 1726//1726 1730//1730
f 1233//1233 1731//1731 1031//1031
f 1031//1031 1731//1731 1732//1732
f 1732//1732 1733//1733 1031//1031
f 1733//1733 1734//1734 1031//1031
f 1734//1734 1735//1735 1031//1031
f 1735//1735 1736//1736 1031//1031
f 1736//1736 1737//1737 1031//1031
f 1737//1737 1738//1738 1031//1031
f 1738//1738 1739//1739 1031//1031
f 1031//1031 1739//1739 1740//1740
f 1740//1740 1741//1741 1031//1031
f 1741//1741 1742//1742 1031//1031
f 1742//1742 1743//1743 1031//1031
f 1743//1743 1744//1744 1031//1031
f 1744//1744 1745//1745 1031//1031
f 1745//1745 1746//1746 1031//1031
f 1746//1746 1747//1747 1031//1031
f 1747//1747 1748//1748 1031//1031
f 1748//1748 1749//1749 1031//1031
f 1749//1749 1750//1750 1031//1031
f 1750//1750 1751//1751 1031//1031
f 1751//1751 1752//1752 1031//1031
f 1752//1752 1753//1753 1031//1031
f 1753//1753 1032//1032 1031//1031
f 1032//1032 1753//1753 830//830
f 1753//1753 1752//1752 830//830
f 1752//1752 1751//1751 830//830
f 1751//1751 1750//1750 830//830
f 1750//1750 1749//1749 830//830
f 1749//1749 1748//1748 830//830
f 1748//1748 1747//1747 830//830
f 1631//1631 1754//1754 1755//1755
f 1754//1754 1756//1756 1757//1757
f 1757//1757 1758//1758 1755//1755
f 1754//1754 1757//1757 1755//1755
f 1756//1756 1759//1759 1760//1760
f 1759//1759 1761//1761 1762//1762
f 1762//1762 1763//1763 1760//1760
f 1759//1759 1762//1762 1760//1760
f 1763//1763 1764//1764 1765//1765
f 1764//1764 1766//1766 1767//1767
f 1767//1767 1758//1758 1765//1765
f 1764//1764 1767//1767 1765//1765
f 1756//1756 1760//1760 1757//1757
f 1760//1760 1763//1763 1765//1765
f 1765//1765 1758//1758 1757//1757
f 1760//1760 1765//1765 1757//1757
f 1761//1761 1768//1768 1769//1769
f 1768//1768 1770//1770 1771//1771
f 1771//1771 1772//1772 1769//1769
f 1768//1768 1771//1771 1769//1769
f 1770//1770 1773//1773 1774//1774
f 1773//1773 1775//1775 1776//1776
f 1776//1776 1777//1777 1774//1774
f 1773//1773 1776//1776 1774//1774
f 1777//1777 1778//1778 1779//1779
f 1778//1778 1780//1780 1781//1781
f 1781//1781 1772//1772 1779//1779
f 1778//1778 1781//1781 1779//1779
f 1770//1770 1774//1774 1771//1771
f 1774//1774 1777//1777 1779//1779
f 1779//1779 1772//1772 1771//1771
f 1774//1774 1779//1779 1771//1771
f 1780//1780 1782//1782 1783//1783
f 1782//1782 1784//1784 1785//1785
f 1785//1785 1786//1786 1783//1783
f 1782//1782 1785//1785 1783//1783
f 1784//1784 1787//1787 1788//1788
f 1787//1787 1789//1789 1790//1790
f 1790//1790 1791//1791 1788//1788
f 1787//1787 1790//1790 1788//1788
f 1791//1791 1792//1792 1793//1793
f 1792//1792 1766//1766 1794//1794
f 1794//1794 1786//1786 1793//1793
f 1792//1792 1794//1794 1793//1793
f 1784//1784 1788//1788 1785//1785
f 1788//1788 1791//1791 1793//1793
f 1793//1793 1786//1786 1785//1785
f 1788//1788 1793//1793 1785//1785
f 1761//1761 1769//1769 1762//1762
f 1769//1769 1772//1772 1795//1795
f 1795//1795 1763//1763 1762//1762
f 1769//1769 1795//1795 1762//1762
f 1772//1772 1781//1781 1796//1796
f 1781//1781 1780//1780 1783//1783
f 1783//1783 1786//1786 1796//1796
f 1781//1781 1783//1783 1796//1796
f 1786//1786 1794//1794 1797//1797
f 1794//1794 1766//1766 1764//1764
f 1764//1764 1763//1763 1797//1797
f 1794//1794 1764//1764 1797//1797
f 1772//1772 1796//1796 1795//1795
f 1796//1796 1786//1786 1797//1797
f 1797//1797 1763//1763 1795//1795
f 1796//1796 1797//1797 1795//1795
f 1789//1789 1798//1798 1790//1790
f 1798//1798 1799//1799 1800//1800
f 1800//1800 1791//1791 1790//1790
f 1798//1798 1800//1800 1790//1790
f 1799//1799 1801//1801 1802//1802
f 1801//1801 1803//1803 1804//1804
f 1804//1804 1805//1805 1802//1802
f 1801//1801 1804//1804 1802//1802
f 1805//1805 1806//1806 1807//1807
f 1806//1806 1766//1766 1792//1792
f 1792//1792 1791//1791 1807//1807
f 1806//1806 1792//1792 1807//1807
f 1799//1799 1802//1802 1800//1800
f 1802//1802 1805//1805 1807//1807
f 1807//1807 1791//1791 1800//1800
f 1802//1802 1807//1807 1800//1800
f 1803//1803 1808//1808 1809//1809
f 1808//1808 1810//1810 1811//1811
f 1811//1811 1812//1812 1809//1809
f 1808//1808 1811//1811 1809//1809
f 1810//1810 1813//1813 1814//1814
f 1813//1813 1677//1677 1675//1675
f 1675//1675 1672//1672 1814//1814
f 1813//1813 1675//1675 1814//1814
f 1672//1672 1670//1670 1815//1815
f 1670//1670 1668//1668 1816//1816
f 1816//1816 1812//1812 1815//1815
f 1670//1670 1816//1816 1815//1815
f 1810//1810 1814//1814 1811//1811
f 1814//1814 1672//1672 1815//1815
f 1815//1815 1812//1812 1811//1811
f 1814//1814 1815//1815 1811//1811
f 1668//1668 1666//1666 1817//1817
f 1666//1666 1665//1665 1818//1818
f 1818//1818 1819//1819 1817//1817
f 1666//1666 1818//1818 1817//1817
f 1665//1665 1664//1664 1820//1820
f 1664//1664 1631//1631 1755//1755
f 1755//1755 1758//1758 1820//1820
f 1664//1664 1755//1755 1820//1820
f 1758//1758 1767//1767 1821//1821
f 1767//1767 1766//1766 1822//1822
f 1822//1822 1819//1819 1821//1821
f 1767//1767 1822//1822 1821//1821
f 1665//1665 1820//1820 1818//1818
f 1820//1820 1758//1758 1821//1821
f 1821//1821 1819//1819 1818//1818
f 1820//1820 1821//1821 1818//1818
f 1803//1803 1809//1809 1804//1804
f 1809//1809 1812//1812 1823//1823
f 1823//1823 1805//1805 1804//1804
f 1809//1809 1823//1823 1804//1804
f 1812//1812 1816//1816 1824//1824
f 1816//1816 1668//1668 1817//1817
f 1817//1817 1819//1819 1824//1824
f 1816//1816 1817//1817 1824//1824
f 1819//1819 1822//1822 1825//1825
f 1822//1822 1766//1766 1806//1806
f 1806//1806 1805//1805 1825//1825
f 1822//1822 1806//1806 1825//1825
f 1812//1812 1824//1824 1823//1823
f 1824//1824 1819//1819 1825//1825
f 1825//1825 1805//1805 1823//1823
f 1824//1824 1825//1825 1823//1823
f 1677//1677 1813//1813 1534//1534
f 1813//1813 1810//1810 1826//1826
f 1813//1813 1826//1826 1534//1534
f 1810//1810 1808//1808 1827//1827
f 1808//1808 1803//1803 1828//1828
f 1828//1828 1829//1829 1827//1827
f 1808//1808 1828//1828 1827//1827
f 1829//1829 1534//1534 1830//1830
f 1810//1810 1827//1827 1826//1826
f 1827//1827 1829//1829 1830//1830
f 1830//1830 1534//1534 1826//1826
f 1827//1827 1830//1830 1826//1826
f 1803//1803 1801//1801 1831//1831
f 1801//1801 1799//1799 1832//1832
f 1832//1832 1833//1833 1831//1831
f 1801//1801 1832//1832 1831//1831
f 1799//1799 1798//1798 1834//1834
f 1798//1798 1789//1789 1534//1534
f 1798//1798 1534//1534 1834//1834
f 1534//1534 1833//1833 1835//1835
f 1799//1799 1834//1834 1832//1832
f 1834//1834 1534//1534 1835//1835
f 1835//1835 1833//1833 1832//1832
f 1834//1834 1835//1835 1832//1832
f 1803//1803 1831//1831 1828//1828
f 1831//1831 1833//1833 1836//1836
f 1836//1836 1829//1829 1828//1828
f 1831//1831 1836//1836 1828//1828
f 1534//1534 1829//1829 1837//1837
f 1833//1833 1534//1534 1836//1836
f 1837//1837 1829//1829 1836//1836
f 1534//1534 1837//1837 1836//1836
f 1838//1838 1839//1839 1840//1840
f 1534//1534 1838//1838 1840//1840
f 1534//1534 1789//1789 1841//1841
f 1841//1841 1842//1842 1843//1843
f 1534//1534 1841//1841 1843//1843
f 1842//1842 1844//1844 1845//1845
f 1844//1844 1846//1846 1847//1847
f 1847//1847 1839//1839 1845//1845
f 1844//1844 1847//1847 1845//1845
f 1534//1534 1843//1843 1838//1838
f 1843//1843 1842//1842 1845//1845
f 1845//1845 1839//1839 1838//1838
f 1843//1843 1845//1845 1838//1838
f 1846//1846 1848//1848 1849//1849
f 1848//1848 1850//1850 1851//1851
f 1851//1851 1852//1852 1849//1849
f 1848//1848 1851//1851 1849//1849
f 1850//1850 1853//1853 1854//1854
f 1853//1853 1855//1855 1534//1534
f 1853//1853 1534//1534 1854//1854
f 1856//1856 1852//1852 1857//1857
f 1534//1534 1856//1856 1857//1857
f 1850//1850 1854//1854 1851//1851
f 1854//1854 1534//1534 1857//1857
f 1857//1857 1852//1852 1851//1851
f 1854//1854 1857//1857 1851//1851
f 1534//1534 1840//1840 1858//1858
f 1840//1840 1839//1839 1859//1859
f 1859//1859 1534//1534 1858//1858
f 1840//1840 1859//1859 1858//1858
f 1839//1839 1847//1847 1860//1860
f 1847//1847 1846//1846 1849//1849
f 1849//1849 1852//1852 1860//1860
f 1847//1847 1849//1849 1860//1860
f 1852//1852 1856//1856 1861//1861
f 1856//1856 1534//1534 1861//1861
f 1839//1839 1860//1860 1859//1859
f 1860//1860 1852//1852 1861//1861
f 1861//1861 1534//1534 1859//1859
f 1860//1860 1861//1861 1859//1859
f 1862//1862 1863//1863 1864//1864
f 1534//1534 1862//1862 1864//1864
f 1534//1534 1855//1855 1865//1865
f 1865//1865 1866//1866 1867//1867
f 1534//1534 1865//1865 1867//1867
f 1866//1866 1868//1868 1869//1869
f 1868//1868 1870//1870 1871//1871
f 1871//1871 1863//1863 1869//1869
f 1868//1868 1871//1871 1869//1869
f 1534//1534 1867//1867 1862//1862
f 1867//1867 1866//1866 1869//1869
f 1869//1869 1863//1863 1862//1862
f 1867//1867 1869//1869 1862//1862
f 1870//1870 1872//1872 1873//1873
f 1872//1872 1874//1874 1875//1875
f 1875//1875 1534//1534 1873//1873
f 1872//1872 1875//1875 1873//1873
f 1874//1874 1876//1876 1534//1534
f 1876//1876 1877//1877 1534//1534
f 1874//1874 1534//1534 1875//1875
f 1864//1864 1863//1863 1878//1878
f 1864//1864 1878//1878 1534//1534
f 1863//1863 1871//1871 1879//1879
f 1871//1871 1870//1870 1873//1873
f 1873//1873 1534//1534 1879//1879
f 1871//1871 1873//1873 1879//1879
f 1863//1863 1879//1879 1878//1878
f 1879//1879 1534//1534 1878//1878
f 1877//1877 1880//1880 1534//1534
f 1880//1880 1726//1726 1534//1534
f 1726//1726 1880//1880 1730//1730
f 1877//1877 1730//1730 1880//1880
f 1730//1730 1877//1877 1881//1881
f 1881//1881 1731//1731 1730//1730
f 1731//1731 1881//1881 1882//1882
f 1882//1882 1739//1739 1883//1883
f 1738//1738 1737//1737 1883//1883
f 1739//1739 1738//1738 1883//1883
f 1737//1737 1736//1736 1884//1884
f 1736//1736 1735//1735 1885//1885
f 1885//1885 1886//1886 1884//1884
f 1736//1736 1885//1885 1884//1884
f 1883//1883 1737//1737 1884//1884
f 1884//1884 1886//1886 1882//1882
f 1883//1883 1884//1884 1882//1882
f 1735//1735 1734//1734 1887//1887
f 1734//1734 1733//1733 1888//1888
f 1888//1888 1889//1889 1887//1887
f 1734//1734 1888//1888 1887//1887
f 1733//1733 1732//1732 1890//1890
f 1732//1732 1731//1731 1882//1882
f 1732//1732 1882//1882 1890//1890
f 1733//1733 1890//1890 1888//1888
f 1882//1882 1889//1889 1888//1888
f 1890//1890 1882//1882 1888//1888
f 1882//1882 1886//1886 1891//1891
f 1891//1891 1892//1892 1882//1882
f 1886//1886 1885//1885 1893//1893
f 1885//1885 1735//1735 1887//1887
f 1887//1887 1889//1889 1893//1893
f 1885//1885 1887//1887 1893//1893
f 1889//1889 1882//1882 1894//1894
f 1882//1882 1892//1892 1894//1894
f 1886//1886 1893//1893 1891//1891
f 1893//1893 1889//1889 1894//1894
f 1894//1894 1892//1892 1891//1891
f 1893//1893 1894//1894 1891//1891
f 1882//1882 1741//1741 1740//1740
f 1739//1739 1882//1882 1740//1740
f 1895//1895 1896//1896 1897//1897
f 1896//1896 1743//1743 1742//1742
f 1742//1742 1741//1741 1897//1897
f 1896//1896 1742//1742 1897//1897
f 1882//1882 1895//1895 1897//1897
f 1897//1897 1741//1741 1882//1882
f 1898//1898 1899//1899 1900//1900
f 1882//1882 1898//1898 1900//1900
f 1900//1900 1899//1899 1882//1882
f 1901//1901 1902//1902 1903//1903
f 1882//1882 1901//1901 1903//1903
f 1882//1882 1747//1747 1746//1746
f 1746//1746 1745//1745 1904//1904
f 1882//1882 1746//1746 1904//1904
f 1745//1745 1744//1744 1905//1905
f 1744//1744 1743//1743 1906//1906
f 1906//1906 1902//1902 1905//1905
f 1744//1744 1906//1906 1905//1905
f 1882//1882 1904//1904 1901//1901
f 1904//1904 1745//1745 1905//1905
f 1905//1905 1902//1902 1901//1901
f 1904//1904 1905//1905 1901//1901
f 1882//1882 1899//1899 1907//1907
f 1907//1907 1895//1895 1882//1882
f 1899//1899 1898//1898 1908//1908
f 1898//1898 1882//1882 1903//1903
f 1903//1903 1902//1902 1908//1908
f 1898//1898 1903//1903 1908//1908
f 1902//1902 1906//1906 1909//1909
f 1906//1906 1743//1743 1896//1896
f 1896//1896 1895//1895 1909//1909
f 1906//1906 1896//1896 1909//1909
f 1899//1899 1908//1908 1907//1907
f 1908//1908 1902//1902 1909//1909
f 1909//1909 1895//1895 1907//1907
f 1908//1908 1909//1909 1907//1907
f 1747//1747 1882//1882 1910//1910
f 1911//1911 1912//1912 1910//1910
f 1882//1882 1911//1911 1910//1910
f 1913//1913 1914//1914 1915//1915
f 1882//1882 1913//1913 1915//1915
f 1914//1914 1916//1916 1917//1917
f 1916//1916 1918//1918 1919//1919
f 1919//1919 1912//1912 1917//1917
f 1916//1916 1919//1919 1917//1917
f 1882//1882 1915//1915 1911//1911
f 1915//1915 1914//1914 1917//1917
f 1917//1917 1912//1912 1911//1911
f 1915//1915 1917//1917 1911//1911
f 1920//1920 1921//1921 1882//1882
f 1921//1921 1918//1918 1922//1922
f 1921//1921 1922//1922 1882//1882
f 1882//1882 1923//1923 1913//1913
f 1923//1923 1882//1882 1924//1924
f 1924//1924 1914//1914 1913//1913
f 1923//1923 1924//1924 1913//1913
f 1882//1882 1922//1922 1925//1925
f 1922//1922 1918//1918 1916//1916
f 1916//1916 1914//1914 1925//1925
f 1922//1922 1916//1916 1925//1925
f 1925//1925 1914//1914 1924//1924
f 1882//1882 1925//1925 1924//1924
f 1747//1747 1910//1910 830//830
f 1910//1910 1912//1912 830//830
f 1912//1912 1919//1919 830//830
f 1919//1919 1918//1918 830//830
f 1918//1918 1921//1921 830//830
f 1921//1921 1920//1920 830//830
f 1920//1920 1926//1926 830//830
f 1926//1926 1927//1927 830//830
f 1927//1927 1928//1928 830//830
f 1928//1928 1929//1929 830//830
f 1929//1929 1930//1930 830//830
f 830//830 1930//1930 290//290
f 1775//1775 1931//1931 1776//1776
f 1931//1931 1932//1932 1933//1933
f 1933//1933 1777//1777 1776//1776
f 1931//1931 1933//1933 1776//1776
f 1932//1932 1934//1934 1935//1935
f 1934//1934 1936//1936 1937//1937
f 1934//1934 1937//1937 1935//1935
f 1938//1938 1780//1780 1778//1778
f 1778//1778 1777//1777 1937//1937
f 1938//1938 1778//1778 1937//1937
f 1932//1932 1935//1935 1933//1933
f 1937//1937 1777//1777 1933//1933
f 1935//1935 1937//1937 1933//1933
f 1936//1936 1939//1939 1937//1937
f 1939//1939 1940//1940 1941//1941
f 1939//1939 1941//1941 1937//1937
f 1940//1940 1942//1942 1943//1943
f 1942//1942 1944//1944 1945//1945
f 1945//1945 1946//1946 1943//1943
f 1942//1942 1945//1945 1943//1943
f 1946//1946 1947//1947 1937//1937
f 1947//1947 1948//1948 1938//1938
f 1947//1947 1938//1938 1937//1937
f 1940//1940 1943//1943 1941//1941
f 1943//1943 1946//1946 1937//1937
f 1943//1943 1937//1937 1941//1941
f 1948//1948 1949//1949 1938//1938
f 1949//1949 1950//1950 1938//1938
f 1950//1950 1951//1951 1938//1938
f 1951//1951 1789//1789 1787//1787
f 1787//1787 1784//1784 1938//1938
f 1951//1951 1787//1787 1938//1938
f 1784//1784 1782//1782 1938//1938
f 1782//1782 1780//1780 1938//1938
f 1789//1789 1951//1951 1952//1952
f 1951//1951 1950//1950 1953//1953
f 1953//1953 1954//1954 1952//1952
f 1951//1951 1953//1953 1952//1952
f 1950//1950 1949//1949 1955//1955
f 1949//1949 1948//1948 1956//1956
f 1956//1956 1957//1957 1955//1955
f 1949//1949 1956//1956 1955//1955
f 1957//1957 1958//1958 1959//1959
f 1958//1958 1960//1960 1954//1954
f 1958//1958 1954//1954 1959//1959
f 1950//1950 1955//1955 1953//1953
f 1955//1955 1957//1957 1959//1959
f 1959//1959 1954//1954 1953//1953
f 1955//1955 1959//1959 1953//1953
f 1948//1948 1947//1947 1961//1961
f 1947//1947 1946//1946 1962//1962
f 1962//1962 1963//1963 1961//1961
f 1947//1947 1962//1962 1961//1961
f 1946//1946 1945//1945 1964//1964
f 1945//1945 1944//1944 1965//1965
f 1965//1965 1966//1966 1964//1964
f 1945//1945 1965//1965 1964//1964
f 1966//1966 1967//1967 1968//1968
f 1967//1967 1969//1969 1970//1970
f 1970//1970 1963//1963 1968//1968
f 1967//1967 1970//1970 1968//1968
f 1946//1946 1964//1964 1962//1962
f 1964//1964 1966//1966 1968//1968
f 1968//1968 1963//1963 1962//1962
f 1964//1964 1968//1968 1962//1962
f 1969//1969 1971//1971 1972//1972
f 1971//1971 1973//1973 1974//1974
f 1974//1974 1975//1975 1972//1972
f 1971//1971 1974//1974 1972//1972
f 1973//1973 1976//1976 1977//1977
f 1976//1976 1978//1978 1979//1979
f 1976//1976 1979//1979 1977//1977
f 1979//1979 1980//1980 1981//1981
f 1980//1980 1960//1960 1982//1982
f 1982//1982 1975//1975 1981//1981
f 1980//1980 1982//1982 1981//1981
f 1973//1973 1977//1977 1974//1974
f 1977//1977 1979//1979 1981//1981
f 1981//1981 1975//1975 1974//1974
f 1977//1977 1981//1981 1974//1974
f 1948//1948 1961//1961 1956//1956
f 1961//1961 1963//1963 1983//1983
f 1983//1983 1957//1957 1956//1956
f 1961//1961 1983//1983 1956//1956
f 1963//1963 1970//1970 1984//1984
f 1970//1970 1969//1969 1972//1972
f 1972//1972 1975//1975 1984//1984
f 1970//1970 1972//1972 1984//1984
f 1975//1975 1982//1982 1985//1985
f 1982//1982 1960//1960 1958//1958
f 1958//1958 1957//1957 1985//1985
f 1982//1982 1958//1958 1985//1985
f 1963//1963 1984//1984 1983//1983
f 1984//1984 1975//1975 1985//1985
f 1985//1985 1957//1957 1983//1983
f 1984//1984 1985//1985 1983//1983
f 1789//1789 1952//1952 1986//1986
f 1952//1952 1954//1954 1987//1987
f 1987//1987 1988//1988 1986//1986
f 1952//1952 1987//1987 1986//1986
f 1954//1954 1960//1960 1989//1989
f 1989//1989 1990//1990 1991//1991
f 1954//1954 1989//1989 1991//1991
f 1990//1990 1992//1992 1987//1987
f 1992//1992 1993//1993 1994//1994
f 1994//1994 1988//1988 1987//1987
f 1992//1992 1994//1994 1987//1987
f 1954//1954 1991//1991 1987//1987
f 1991//1991 1990//1990 1987//1987
f 1960//1960 1980//1980 1995//1995
f 1980//1980 1979//1979 1996//1996
f 1996//1996 1997//1997 1995//1995
f 1980//1980 1996//1996 1995//1995
f 1979//1979 1978//1978 1998//1998
f 1979//1979 1998//1998 1999//1999
f 1998//1998 2000//2000 2001//2001
f 2000//2000 2002//2002 2003//2003
f 2003//2003 1997//1997 2001//2001
f 2000//2000 2003//2003 2001//2001
f 1979//1979 1999//1999 1996//1996
f 1999//1999 1998//1998 2001//2001
f 2001//2001 1997//1997 1996//1996
f 1999//1999 2001//2001 1996//1996
f 2002//2002 2004//2004 2005//2005
f 2004//2004 2006//2006 2007//2007
f 2007//2007 2008//2008 2005//2005
f 2004//2004 2007//2007 2005//2005
f 2006//2006 2009//2009 2010//2010
f 2009//2009 2011//2011 2012//2012
f 2012//2012 2013//2013 2010//2010
f 2009//2009 2012//2012 2010//2010
f 2013//2013 2014//2014 2015//2015
f 2014//2014 1993//1993 2016//2016
f 2016//2016 2008//2008 2015//2015
f 2014//2014 2016//2016 2015//2015
f 2006//2006 2010//2010 2007//2007
f 2010//2010 2013//2013 2015//2015
f 2015//2015 2008//2008 2007//2007
f 2010//2010 2015//2015 2007//2007
f 1960//1960 1995//1995 1989//1989
f 1995//1995 1997//1997 2017//2017
f 2017//2017 1990//1990 1989//1989
f 1995//1995 2017//2017 1989//1989
f 1997//1997 2003//2003 2018//2018
f 2003//2003 2002//2002 2005//2005
f 2005//2005 2008//2008 2018//2018
f 2003//2003 2005//2005 2018//2018
f 2008//2008 2016//2016 2019//2019
f 2016//2016 1993//1993 1992//1992
f 1992//1992 1990//1990 2019//2019
f 2016//2016 1992//1992 2019//2019
f 1997//1997 2018//2018 2017//2017
f 2018//2018 2008//2008 2019//2019
f 2019//2019 1990//1990 2017//2017
f 2018//2018 2019//2019 2017//2017
f 2011//2011 2020//2020 2012//2012
f 2020//2020 2013//2013 2012//2012
f 2020//2020 1993//1993 2014//2014
f 2014//2014 2013//2013 2020//2020
f 2020//2020 1855//1855 1853//1853
f 1853//1853 1850//1850 2020//2020
f 1850//1850 1848//1848 2021//2021
f 1848//1848 1846//1846 2022//2022
f 2022//2022 2020//2020 2021//2021
f 1848//1848 2022//2022 2021//2021
f 2020//2020 1850//1850 2021//2021
f 1846//1846 1844//1844 2023//2023
f 1844//1844 1842//1842 2024//2024
f 2024//2024 2025//2025 2023//2023
f 1844//1844 2024//2024 2023//2023
f 1842//1842 1841//1841 2026//2026
f 1841//1841 1789//1789 1986//1986
f 1986//1986 1988//1988 2026//2026
f 1841//1841 1986//1986 2026//2026
f 1988//1988 1994//1994 2027//2027
f 1994//1994 1993//1993 2020//2020
f 2020//2020 2025//2025 2027//2027
f 1994//1994 2020//2020 2027//2027
f 1842//1842 2026//2026 2024//2024
f 2026//2026 1988//1988 2027//2027
f 2027//2027 2025//2025 2024//2024
f 2026//2026 2027//2027 2024//2024
f 2020//2020 2022//2022 2028//2028
f 2022//2022 1846//1846 2023//2023
f 2023//2023 2025//2025 2028//2028
f 2022//2022 2023//2023 2028//2028
f 2028//2028 2025//2025 2020//2020
f 1855//1855 2020//2020 1865//1865
f 2020//2020 1866//1866 1865//1865
f 2020//2020 1870//1870 1868//1868
f 1868//1868 1866//1866 2020//2020
f 1876//1876 1874//1874 2020//2020
f 1877//1877 1876//1876 2020//2020
f 1874//1874 1872//1872 2020//2020
f 1872//1872 1870//1870 2020//2020
f 1877//1877 2020//2020 2029//2029
f 2020//2020 2011//2011 2030//2030
f 2020//2020 2030//2030 2029//2029
f 1877//1877 2029//2029 2031//2031
f 1877//1877 2031//2031 1881//1881
f 2032//2032 1881//1881 2031//2031
f 2032//2032 1882//1882 1881//1881
f 1882//1882 2032//2032 2033//2033
f 1920//1920 1882//1882 2033//2033
f 2034//2034 1920//1920 2033//2033
f 1920//1920 2034//2034 1926//1926
f 1927//1927 1926//1926 2034//2034
f 2034//2034 1930//1930 1929//1929
f 1929//1929 1928//1928 2034//2034
f 1928//1928 1927//1927 2034//2034
f 1930//1930 2034//2034 2035//2035
f 2034//2034 2036//2036 2035//2035
f 1930//1930 2035//2035 2037//2037
f 2035//2035 2036//2036 2038//2038
f 2038//2038 2037//2037 2035//2035
f 290//290 1930//1930 2037//2037
f 518//518 801//801 2039//2039
f 801//801 798//798 2040//2040
f 2040//2040 2041//2041 2039//2039
f 801//801 2040//2040 2039//2039
f 798//798 796//796 2042//2042
f 796//796 794//794 2043//2043
f 2043//2043 2044//2044 2042//2042
f 796//796 2043//2043 2042//2042
f 2044//2044 2045//2045 2046//2046
f 2045//2045 2047//2047 2048//2048
f 2048//2048 2041//2041 2046//2046
f 2045//2045 2048//2048 2046//2046
f 798//798 2042//2042 2040//2040
f 2042//2042 2044//2044 2046//2046
f 2046//2046 2041//2041 2040//2040
f 2042//2042 2046//2046 2040//2040
f 794//794 792//792 2049//2049
f 792//792 791//791 2050//2050
f 2050//2050 2051//2051 2049//2049
f 792//792 2050//2050 2049//2049
f 791//791 790//790 2052//2052
f 790//790 743//743 2053//2053
f 2053//2053 2054//2054 2052//2052
f 790//790 2053//2053 2052//2052
f 2054//2054 2055//2055 2056//2056
f 2055//2055 2057//2057 2058//2058
f 2058//2058 2051//2051 2056//2056
f 2055//2055 2058//2058 2056//2056
f 791//791 2052//2052 2050//2050
f 2052//2052 2054//2054 2056//2056
f 2056//2056 2051//2051 2050//2050
f 2052//2052 2056//2056 2050//2050
f 2057//2057 2059//2059 2060//2060
f 2059//2059 2061//2061 2062//2062
f 2062//2062 2063//2063 2060//2060
f 2059//2059 2062//2062 2060//2060
f 2061//2061 2064//2064 2065//2065
f 2064//2064 2066//2066 2067//2067
f 2067//2067 2068//2068 2065//2065
f 2064//2064 2067//2067 2065//2065
f 2068//2068 2069//2069 2070//2070
f 2069//2069 2047//2047 2071//2071
f 2071//2071 2063//2063 2070//2070
f 2069//2069 2071//2071 2070//2070
f 2061//2061 2065//2065 2062//2062
f 2065//2065 2068//2068 2070//2070
f 2070//2070 2063//2063 2062//2062
f 2065//2065 2070//2070 2062//2062
f 794//794 2049//2049 2043//2043
f 2049//2049 2051//2051 2072//2072
f 2072//2072 2044//2044 2043//2043
f 2049//2049 2072//2072 2043//2043
f 2051//2051 2058//2058 2073//2073
f 2058//2058 2057//2057 2060//2060
f 2060//2060 2063//2063 2073//2073
f 2058//2058 2060//2060 2073//2073
f 2063//2063 2071//2071 2074//2074
f 2071//2071 2047//2047 2045//2045
f 2045//2045 2044//2044 2074//2074
f 2071//2071 2045//2045 2074//2074
f 2051//2051 2073//2073 2072//2072
f 2073//2073 2063//2063 2074//2074
f 2074//2074 2044//2044 2072//2072
f 2073//2073 2074//2074 2072//2072
f 518//518 2039//2039 2075//2075
f 2039//2039 2041//2041 2076//2076
f 2076//2076 2077//2077 2075//2075
f 2039//2039 2076//2076 2075//2075
f 2041//2041 2048//2048 2076//2076
f 2048//2048 2047//2047 2076//2076
f 2076//2076 2078//2078 2079//2079
f 2079//2079 2077//2077 2076//2076
f 2047//2047 2069//2069 2076//2076
f 2069//2069 2068//2068 2076//2076
f 2068//2068 2067//2067 2076//2076
f 2067//2067 2066//2066 2076//2076
f 2080//2080 2078//2078 2076//2076
f 2078//2078 2080//2080 808//808
f 808//808 562//562 561//561
f 561//561 560//560 808//808
f 560//560 559//559 808//808
f 559//559 558//558 808//808
f 558//558 557//557 808//808
f 557//557 556//556 808//808
f 556//556 555//555 808//808
f 555//555 518//518 2075//2075
f 2075//2075 2077//2077 808//808
f 555//555 2075//2075 808//808
f 2077//2077 2079//2079 808//808
f 2079//2079 2078//2078 808//808
f 562//562 808//808 563//563
f 808//808 564//564 563//563
f 808//808 566//566 565//565
f 565//565 564//564 808//808
f 808//808 570//570 569//569
f 569//569 568//568 808//808
f 568//568 567//567 808//808
f 567//567 566//566 808//808
f 743//743 995//995 2081//2081
f 995//995 997//997 2082//2082
f 2082//2082 2083//2083 2081//2081
f 995//995 2082//2082 2081//2081
f 997//997 1004//1004 2084//2084
f 1004//1004 1003//1003 2085//2085
f 2085//2085 2086//2086 2084//2084
f 1004//1004 2085//2085 2084//2084
f 2086//2086 2087//2087 2088//2088
f 2089//2089 2083//2083 2088//2088
f 2087//2087 2089//2089 2088//2088
f 997//997 2084//2084 2082//2082
f 2084//2084 2086//2086 2088//2088
f 2088//2088 2083//2083 2082//2082
f 2084//2084 2088//2088 2082//2082
f 1003//1003 1025//1025 2090//2090
f 1025//1025 1024//1024 2091//2091
f 2091//2091 2092//2092 2090//2090
f 1025//1025 2091//2091 2090//2090
f 1024//1024 1023//1023 2093//2093
f 1023//1023 1022//1022 2094//2094
f 2094//2094 2095//2095 2093//2093
f 1023//1023 2094//2094 2093//2093
f 2095//2095 2096//2096 2097//2097
f 2096//2096 2098//2098 2099//2099
f 2099//2099 2092//2092 2097//2097
f 2096//2096 2099//2099 2097//2097
f 1024//1024 2093//2093 2091//2091
f 2093//2093 2095//2095 2097//2097
f 2097//2097 2092//2092 2091//2091
f 2093//2093 2097//2097 2091//2091
f 2098//2098 2100//2100 2101//2101
f 2100//2100 2102//2102 2103//2103
f 2103//2103 2104//2104 2101//2101
f 2100//2100 2103//2103 2101//2101
f 2102//2102 2105//2105 2106//2106
f 2105//2105 2107//2107 2087//2087
f 2105//2105 2087//2087 2106//2106
f 2087//2087 2104//2104 2108//2108
f 2102//2102 2106//2106 2103//2103
f 2106//2106 2087//2087 2108//2108
f 2108//2108 2104//2104 2103//2103
f 2106//2106 2108//2108 2103//2103
f 1003//1003 2090//2090 2085//2085
f 2090//2090 2092//2092 2109//2109
f 2109//2109 2086//2086 2085//2085
f 2090//2090 2109//2109 2085//2085
f 2092//2092 2099//2099 2110//2110
f 2099//2099 2098//2098 2101//2101
f 2101//2101 2104//2104 2110//2110
f 2099//2099 2101//2101 2110//2110
f 2092//2092 2110//2110 2109//2109
f 2110//2110 2104//2104 2087//2087
f 2087//2087 2086//2086 2109//2109
f 2110//2110 2087//2087 2109//2109
f 2111//2111 2112//2112 2113//2113
f 2112//2112 2066//2066 2064//2064
f 2064//2064 2061//2061 2113//2113
f 2112//2112 2064//2064 2113//2113
f 2061//2061 2059//2059 2114//2114
f 2059//2059 2057//2057 2115//2115
f 2115//2115 2116//2116 2114//2114
f 2059//2059 2115//2115 2114//2114
f 2111//2111 2113//2113 2087//2087
f 2113//2113 2061//2061 2114//2114
f 2114//2114 2116//2116 2087//2087
f 2113//2113 2114//2114 2087//2087
f 2057//2057 2055//2055 2087//2087
f 2055//2055 2054//2054 2117//2117
f 2055//2055 2117//2117 2087//2087
f 2054//2054 2053//2053 2118//2118
f 2053//2053 743//743 2081//2081
f 2081//2081 2083//2083 2118//2118
f 2053//2053 2081//2081 2118//2118
f 2083//2083 2089//2089 2119//2119
f 2089//2089 2087//2087 2120//2120
f 2120//2120 2087//2087 2119//2119
f 2089//2089 2120//2120 2119//2119
f 2054//2054 2118//2118 2117//2117
f 2118//2118 2083//2083 2119//2119
f 2119//2119 2087//2087 2117//2117
f 2118//2118 2119//2119 2117//2117
f 2116//2116 2115//2115 2087//2087
f 2115//2115 2057//2057 2087//2087
f 2066//2066 2112//2112 2076//2076
f 2112//2112 2111//2111 2076//2076
f 2111//2111 2087//2087 2076//2076
f 2087//2087 2121//2121 2076//2076
f 2087//2087 2107//2107 2121//2121
f 2121//2121 2080//2080 2076//2076
f 808//808 2080//2080 2121//2121
f 1022//1022 1220//1220 2094//2094
f 1220//1220 1217//1217 2122//2122
f 2122//2122 2095//2095 2094//2094
f 1220//1220 2122//2122 2094//2094
f 1217//1217 1215//1215 2123//2123
f 1215//1215 1210//1210 2124//2124
f 2124//2124 2125//2125 2123//2123
f 1215//1215 2124//2124 2123//2123
f 2125//2125 2126//2126 2127//2127
f 2126//2126 2098//2098 2096//2096
f 2096//2096 2095//2095 2127//2127
f 2126//2126 2096//2096 2127//2127
f 1217//1217 2123//2123 2122//2122
f 2123//2123 2125//2125 2127//2127
f 2127//2127 2095//2095 2122//2122
f 2123//2123 2127//2127 2122//2122
f 1210//1210 1208//1208 2128//2128
f 1208//1208 1206//1206 2129//2129
f 2129//2129 2130//2130 2128//2128
f 1208//1208 2129//2129 2128//2128
f 1206//1206 1205//1205 2131//2131
f 1205//1205 1196//1196 2132//2132
f 2132//2132 2133//2133 2131//2131
f 1205//1205 2132//2132 2131//2131
f 2133//2133 2134//2134 2135//2135
f 2134//2134 2136//2136 2137//2137
f 2137//2137 2130//2130 2135//2135
f 2134//2134 2137//2137 2135//2135
f 1206//1206 2131//2131 2129//2129
f 2131//2131 2133//2133 2135//2135
f 2135//2135 2130//2130 2129//2129
f 2131//2131 2135//2135 2129//2129
f 2136//2136 2138//2138 2139//2139
f 2138//2138 2140//2140 2141//2141
f 2141//2141 2142//2142 2139//2139
f 2138//2138 2141//2141 2139//2139
f 2140//2140 2143//2143 2144//2144
f 2143//2143 2107//2107 2105//2105
f 2105//2105 2102//2102 2144//2144
f 2143//2143 2105//2105 2144//2144
f 2102//2102 2100//2100 2145//2145
f 2100//2100 2098//2098 2146//2146
f 2146//2146 2142//2142 2145//2145
f 2100//2100 2146//2146 2145//2145
f 2140//2140 2144//2144 2141//2141
f 2144//2144 2102//2102 2145//2145
f 2145//2145 2142//2142 2141//2141
f 2144//2144 2145//2145 2141//2141
f 1210//1210 2128//2128 2124//2124
f 2128//2128 2130//2130 2147//2147
f 2147//2147 2125//2125 2124//2124
f 2128//2128 2147//2147 2124//2124
f 2130//2130 2137//2137 2148//2148
f 2137//2137 2136//2136 2139//2139
f 2139//2139 2142//2142 2148//2148
f 2137//2137 2139//2139 2148//2148
f 2142//2142 2146//2146 2149//2149
f 2146//2146 2098//2098 2126//2126
f 2126//2126 2125//2125 2149//2149
f 2146//2146 2126//2126 2149//2149
f 2130//2130 2148//2148 2147//2147
f 2148//2148 2142//2142 2149//2149
f 2149//2149 2125//2125 2147//2147
f 2148//2148 2149//2149 2147//2147
f 2107//2107 2143//2143 2150//2150
f 2143//2143 2140//2140 2151//2151
f 2151//2151 2152//2152 2150//2150
f 2143//2143 2151//2151 2150//2150
f 2140//2140 2138//2138 2153//2153
f 2138//2138 2136//2136 2154//2154
f 2154//2154 2155//2155 2153//2153
f 2138//2138 2154//2154 2153//2153
f 2155//2155 2156//2156 2157//2157
f 2156//2156 2158//2158 2159//2159
f 2159//2159 2152//2152 2157//2157
f 2156//2156 2159//2159 2157//2157
f 2140//2140 2153//2153 2151//2151
f 2153//2153 2155//2155 2157//2157
f 2157//2157 2152//2152 2151//2151
f 2153//2153 2157//2157 2151//2151
f 2136//2136 2134//2134 2160//2160
f 2134//2134 2133//2133 2161//2161
f 2161//2161 2162//2162 2160//2160
f 2134//2134 2161//2161 2160//2160
f 2133//2133 2132//2132 2163//2163
f 2132//2132 1196//1196 2164//2164
f 2164//2164 2165//2165 2163//2163
f 2132//2132 2164//2164 2163//2163
f 2165//2165 2166//2166 2167//2167
f 2166//2166 2168//2168 2169//2169
f 2169//2169 2162//2162 2167//2167
f 2166//2166 2169//2169 2167//2167
f 2133//2133 2163//2163 2161//2161
f 2163//2163 2165//2165 2167//2167
f 2167//2167 2162//2162 2161//2161
f 2163//2163 2167//2167 2161//2161
f 2168//2168 2170//2170 2171//2171
f 2170//2170 2172//2172 2173//2173
f 2173//2173 2174//2174 2171//2171
f 2170//2170 2173//2173 2171//2171
f 2172//2172 2175//2175 2176//2176
f 2175//2175 2177//2177 2178//2178
f 2178//2178 2179//2179 2176//2176
f 2175//2175 2178//2178 2176//2176
f 2179//2179 2180//2180 2181//2181
f 2180//2180 2158//2158 2182//2182
f 2182//2182 2174//2174 2181//2181
f 2180//2180 2182//2182 2181//2181
f 2172//2172 2176//2176 2173//2173
f 2176//2176 2179//2179 2181//2181
f 2181//2181 2174//2174 2173//2173
f 2176//2176 2181//2181 2173//2173
f 2136//2136 2160//2160 2154//2154
f 2160//2160 2162//2162 2183//2183
f 2183//2183 2155//2155 2154//2154
f 2160//2160 2183//2183 2154//2154
f 2162//2162 2169//2169 2184//2184
f 2169//2169 2168//2168 2171//2171
f 2171//2171 2174//2174 2184//2184
f 2169//2169 2171//2171 2184//2184
f 2174//2174 2182//2182 2185//2185
f 2182//2182 2158//2158 2156//2156
f 2156//2156 2155//2155 2185//2185
f 2182//2182 2156//2156 2185//2185
f 2162//2162 2184//2184 2183//2183
f 2184//2184 2174//2174 2185//2185
f 2185//2185 2155//2155 2183//2183
f 2184//2184 2185//2185 2183//2183
f 2107//2107 2150//2150 2121//2121
f 2150//2150 2152//2152 2121//2121
f 2152//2152 2159//2159 2121//2121
f 2159//2159 2158//2158 2121//2121
f 2158//2158 2180//2180 2121//2121
f 2180//2180 2179//2179 2121//2121
f 2179//2179 2178//2178 2121//2121
f 2178//2178 2177//2177 2121//2121
f 1233//1233 808//808 2121//2121
f 1196//1196 1398//1398 2186//2186
f 1398//1398 1400//1400 2187//2187
f 2187//2187 2188//2188 2186//2186
f 1398//1398 2187//2187 2186//2186
f 1400//1400 1407//1407 2189//2189
f 1407//1407 1406//1406 2190//2190
f 2190//2190 2191//2191 2189//2189
f 1407//1407 2190//2190 2189//2189
f 2191//2191 2192//2192 2193//2193
f 2192//2192 2194//2194 2195//2195
f 2195//2195 2188//2188 2193//2193
f 2192//2192 2195//2195 2193//2193
f 1400//1400 2189//2189 2187//2187
f 2189//2189 2191//2191 2193//2193
f 2193//2193 2188//2188 2187//2187
f 2189//2189 2193//2193 2187//2187
f 1406//1406 1428//1428 2196//2196
f 1428//1428 1427//1427 2197//2197
f 2197//2197 2198//2198 2196//2196
f 1428//1428 2197//2197 2196//2196
f 1427//1427 1426//1426 2199//2199
f 1426//1426 1425//1425 2200//2200
f 2200//2200 2201//2201 2199//2199
f 1426//1426 2200//2200 2199//2199
f 2201//2201 2202//2202 2203//2203
f 2202//2202 2204//2204 2205//2205
f 2205//2205 2198//2198 2203//2203
f 2202//2202 2205//2205 2203//2203
f 1427//1427 2199//2199 2197//2197
f 2199//2199 2201//2201 2203//2203
f 2203//2203 2198//2198 2197//2197
f 2199//2199 2203//2203 2197//2197
f 2204//2204 2206//2206 2207//2207
f 2206//2206 2208//2208 2209//2209
f 2209//2209 2210//2210 2207//2207
f 2206//2206 2209//2209 2207//2207
f 2208//2208 2211//2211 2212//2212
f 2211//2211 2213//2213 2214//2214
f 2214//2214 2215//2215 2212//2212
f 2211//2211 2214//2214 2212//2212
f 2215//2215 2216//2216 2217//2217
f 2216//2216 2194//2194 2218//2218
f 2218//2218 2210//2210 2217//2217
f 2216//2216 2218//2218 2217//2217
f 2208//2208 2212//2212 2209//2209
f 2212//2212 2215//2215 2217//2217
f 2217//2217 2210//2210 2209//2209
f 2212//2212 2217//2217 2209//2209
f 1406//1406 2196//2196 2190//2190
f 2196//2196 2198//2198 2219//2219
f 2219//2219 2191//2191 2190//2190
f 2196//2196 2219//2219 2190//2190
f 2198//2198 2205//2205 2220//2220
f 2205//2205 2204//2204 2207//2207
f 2207//2207 2210//2210 2220//2220
f 2205//2205 2207//2207 2220//2220
f 2210//2210 2218//2218 2221//2221
f 2218//2218 2194//2194 2192//2192
f 2192//2192 2191//2191 2221//2221
f 2218//2218 2192//2192 2221//2221
f 2198//2198 2220//2220 2219//2219
f 2220//2220 2210//2210 2221//2221
f 2221//2221 2191//2191 2219//2219
f 2220//2220 2221//2221 2219//2219
f 2213//2213 2222//2222 2214//2214
f 2222//2222 2223//2223 2224//2224
f 2224//2224 2215//2215 2214//2214
f 2222//2222 2224//2224 2214//2214
f 2223//2223 2225//2225 2226//2226
f 2225//2225 2227//2227 2228//2228
f 2228//2228 2229//2229 2226//2226
f 2225//2225 2228//2228 2226//2226
f 2229//2229 2230//2230 2231//2231
f 2230//2230 2194//2194 2216//2216
f 2216//2216 2215//2215 2231//2231
f 2230//2230 2216//2216 2231//2231
f 2223//2223 2226//2226 2224//2224
f 2226//2226 2229//2229 2231//2231
f 2231//2231 2215//2215 2224//2224
f 2226//2226 2231//2231 2224//2224
f 2227//2227 2232//2232 2233//2233
f 2232//2232 2234//2234 2235//2235
f 2235//2235 2236//2236 2233//2233
f 2232//2232 2235//2235 2233//2233
f 2234//2234 2237//2237 2238//2238
f 2237//2237 2177//2177 2175//2175
f 2175//2175 2172//2172 2238//2238
f 2237//2237 2175//2175 2238//2238
f 2172//2172 2170//2170 2239//2239
f 2170//2170 2168//2168 2240//2240
f 2240//2240 2236//2236 2239//2239
f 2170//2170 2240//2240 2239//2239
f 2234//2234 2238//2238 2235//2235
f 2238//2238 2172//2172 2239//2239
f 2239//2239 2236//2236 2235//2235
f 2238//2238 2239//2239 2235//2235
f 2168//2168 2166//2166 2241//2241
f 2166//2166 2165//2165 2242//2242
f 2242//2242 2243//2243 2241//2241
f 2166//2166 2242//2242 2241//2241
f 2165//2165 2164//2164 2244//2244
f 2164//2164 1196//1196 2186//2186
f 2186//2186 2188//2188 2244//2244
f 2164//2164 2186//2186 2244//2244
f 2188//2188 2195//2195 2245//2245
f 2195//2195 2194//2194 2246//2246
f 2246//2246 2243//2243 2245//2245
f 2195//2195 2246//2246 2245//2245
f 2165//2165 2244//2244 2242//2242
f 2244//2244 2188//2188 2245//2245
f 2245//2245 2243//2243 2242//2242
f 2244//2244 2245//2245 2242//2242
f 2227//2227 2233//2233 2228//2228
f 2233//2233 2236//2236 2247//2247
f 2247//2247 2229//2229 2228//2228
f 2233//2233 2247//2247 2228//2228
f 2236//2236 2240//2240 2248//2248
f 2240//2240 2168//2168 2241//2241
f 2241//2241 2243//2243 2248//2248
f 2240//2240 2241//2241 2248//2248
f 2243//2243 2246//2246 2249//2249
f 2246//2246 2194//2194 2230//2230
f 2230//2230 2229//2229 2249//2249
f 2246//2246 2230//2230 2249//2249
f 2236//2236 2248//2248 2247//2247
f 2248//2248 2243//2243 2249//2249
f 2249//2249 2229//2229 2247//2247
f 2248//2248 2249//2249 2247//2247
f 2177//2177 2237//2237 2121//2121
f 2237//2237 2234//2234 2121//2121
f 2234//2234 2232//2232 2121//2121
f 2232//2232 2227//2227 2121//2121
f 2227//2227 2225//2225 2121//2121
f 2225//2225 2223//2223 2121//2121
f 2223//2223 2222//2222 2121//2121
f 2222//2222 2213//2213 2121//2121
f 1425//1425 1601//1601 2200//2200
f 1601//1601 1598//1598 2250//2250
f 2250//2250 2201//2201 2200//2200
f 1601//1601 2250//2250 2200//2200
f 1598//1598 1596//1596 2251//2251
f 1596//1596 1591//1591 2252//2252
f 2252//2252 2253//2253 2251//2251
f 1596//1596 2252//2252 2251//2251
f 2253//2253 2254//2254 2255//2255
f 2254//2254 2204//2204 2202//2202
f 2202//2202 2201//2201 2255//2255
f 2254//2254 2202//2202 2255//2255
f 1598//1598 2251//2251 2250//2250
f 2251//2251 2253//2253 2255//2255
f 2255//2255 2201//2201 2250//2250
f 2251//2251 2255//2255 2250//2250
f 1591//1591 1589//1589 2256//2256
f 1589//1589 1587//1587 2257//2257
f 2257//2257 2258//2258 2256//2256
f 1589//1589 2257//2257 2256//2256
f 1587//1587 1586//1586 2259//2259
f 1586//1586 1577//1577 2260//2260
f 2260//2260 2261//2261 2259//2259
f 1586//1586 2260//2260 2259//2259
f 2261//2261 2262//2262 2263//2263
f 2262//2262 2264//2264 2265//2265
f 2265//2265 2258//2258 2263//2263
f 2262//2262 2265//2265 2263//2263
f 1587//1587 2259//2259 2257//2257
f 2259//2259 2261//2261 2263//2263
f 2263//2263 2258//2258 2257//2257
f 2259//2259 2263//2263 2257//2257
f 2264//2264 2266//2266 2267//2267
f 2266//2266 2268//2268 2269//2269
f 2269//2269 2270//2270 2267//2267
f 2266//2266 2269//2269 2267//2267
f 2268//2268 2271//2271 2272//2272
f 2271//2271 2213//2213 2211//2211
f 2211//2211 2208//2208 2272//2272
f 2271//2271 2211//2211 2272//2272
f 2208//2208 2206//2206 2273//2273
f 2206//2206 2204//2204 2274//2274
f 2274//2274 2270//2270 2273//2273
f 2206//2206 2274//2274 2273//2273
f 2268//2268 2272//2272 2269//2269
f 2272//2272 2208//2208 2273//2273
f 2273//2273 2270//2270 2269//2269
f 2272//2272 2273//2273 2269//2269
f 1591//1591 2256//2256 2252//2252
f 2256//2256 2258//2258 2275//2275
f 2275//2275 2253//2253 2252//2252
f 2256//2256 2275//2275 2252//2252
f 2258//2258 2265//2265 2276//2276
f 2265//2265 2264//2264 2267//2267
f 2267//2267 2270//2270 2276//2276
f 2265//2265 2267//2267 2276//2276
f 2270//2270 2274//2274 2277//2277
f 2274//2274 2204//2204 2254//2254
f 2254//2254 2253//2253 2277//2277
f 2274//2274 2254//2254 2277//2277
f 2258//2258 2276//2276 2275//2275
f 2276//2276 2270//2270 2277//2277
f 2277//2277 2253//2253 2275//2275
f 2276//2276 2277//2277 2275//2275
f 2213//2213 2271//2271 2278//2278
f 2271//2271 2268//2268 2279//2279
f 2279//2279 2280//2280 2278//2278
f 2271//2271 2279//2279 2278//2278
f 2268//2268 2266//2266 2281//2281
f 2266//2266 2264//2264 2282//2282
f 2282//2282 2283//2283 2281//2281
f 2266//2266 2282//2282 2281//2281
f 2283//2283 2284//2284 2285//2285
f 2284//2284 2286//2286 2287//2287
f 2287//2287 2280//2280 2285//2285
f 2284//2284 2287//2287 2285//2285
f 2268//2268 2281//2281 2279//2279
f 2281//2281 2283//2283 2285//2285
f 2285//2285 2280//2280 2279//2279
f 2281//2281 2285//2285 2279//2279
f 2264//2264 2262//2262 2288//2288
f 2262//2262 2261//2261 2289//2289
f 2289//2289 2290//2290 2288//2288
f 2262//2262 2289//2289 2288//2288
f 2261//2261 2260//2260 2289//2289
f 2260//2260 2290//2290 2289//2289
f 2260//2260 2291//2291 2292//2292
f 2292//2292 2293//2293 2294//2294
f 2260//2260 2292//2292 2294//2294
f 2293//2293 2295//2295 2296//2296
f 2295//2295 2286//2286 2297//2297
f 2297//2297 2298//2298 2296//2296
f 2295//2295 2297//2297 2296//2296
f 2294//2294 2293//2293 2296//2296
f 2296//2296 2298//2298 2260//2260
f 2294//2294 2296//2296 2260//2260
f 2264//2264 2288//2288 2282//2282
f 2288//2288 2290//2290 2299//2299
f 2299//2299 2283//2283 2282//2282
f 2288//2288 2299//2299 2282//2282
f 2298//2298 2297//2297 2300//2300
f 2297//2297 2286//2286 2284//2284
f 2284//2284 2283//2283 2300//2300
f 2297//2297 2284//2284 2300//2300
f 2290//2290 2260//2260 2299//2299
f 2260//2260 2298//2298 2300//2300
f 2300//2300 2283//2283 2299//2299
f 2260//2260 2300//2300 2299//2299
f 2213//2213 2278//2278 2121//2121
f 2278//2278 2280//2280 2121//2121
f 2280//2280 2287//2287 2121//2121
f 2287//2287 2286//2286 2121//2121
f 2286//2286 2295//2295 2121//2121
f 2295//2295 2293//2293 2121//2121
f 2293//2293 2292//2292 2121//2121
f 2292//2292 2291//2291 2121//2121
f 1730//1730 2291//2291 2260//2260
f 2260//2260 1577//1577 1730//1730
f 2291//2291 1730//1730 2121//2121
f 2121//2121 1730//1730 1233//1233
f 1730//1730 1731//1731 1233//1233
f 2301//2301 2302//2302 2303//2303
f 2302//2302 2304//2304 2305//2305
f 2305//2305 2306//2306 2303//2303
f 2302//2302 2305//2305 2303//2303
f 2304//2304 2307//2307 2308//2308
f 2307//2307 2309//2309 2310//2310
f 2310//2310 2311//2311 2308//2308
f 2307//2307 2310//2310 2308//2308
f 2311//2311 2312//2312 2313//2313
f 2312//2312 2314//2314 2315//2315
f 2315//2315 2306//2306 2313//2313
f 2312//2312 2315//2315 2313//2313
f 2304//2304 2308//2308 2305//2305
f 2308//2308 2311//2311 2313//2313
f 2313//2313 2306//2306 2305//2305
f 2308//2308 2313//2313 2305//2305
f 2309//2309 2316//2316 2317//2317
f 2316//2316 2318//2318 2319//2319
f 2319//2319 2320//2320 2317//2317
f 2316//2316 2319//2319 2317//2317
f 2318//2318 2321//2321 2322//2322
f 2321//2321 2323//2323 2324//2324
f 2324//2324 2325//2325 2322//2322
f 2321//2321 2324//2324 2322//2322
f 2325//2325 2326//2326 2327//2327
f 2326//2326 2328//2328 2329//2329
f 2329//2329 2320//2320 2327//2327
f 2326//2326 2329//2329 2327//2327
f 2318//2318 2322//2322 2319//2319
f 2322//2322 2325//2325 2327//2327
f 2327//2327 2320//2320 2319//2319
f 2322//2322 2327//2327 2319//2319
f 2328//2328 2330//2330 2331//2331
f 2330//2330 2332//2332 2333//2333
f 2333//2333 2334//2334 2331//2331
f 2330//2330 2333//2333 2331//2331
f 2332//2332 2335//2335 2336//2336
f 2335//2335 2337//2337 2338//2338
f 2338//2338 2339//2339 2336//2336
f 2335//2335 2338//2338 2336//2336
f 2339//2339 2340//2340 2341//2341
f 2340//2340 2314//2314 2342//2342
f 2342//2342 2334//2334 2341//2341
f 2340//2340 2342//2342 2341//2341
f 2332//2332 2336//2336 2333//2333
f 2336//2336 2339//2339 2341//2341
f 2341//2341 2334//2334 2333//2333
f 2336//2336 2341//2341 2333//2333
f 2309//2309 2317//2317 2310//2310
f 2317//2317 2320//2320 2343//2343
f 2343//2343 2311//2311 2310//2310
f 2317//2317 2343//2343 2310//2310
f 2320//2320 2329//2329 2344//2344
f 2329//2329 2328//2328 2331//2331
f 2331//2331 2334//2334 2344//2344
f 2329//2329 2331//2331 2344//2344
f 2334//2334 2342//2342 2345//2345
f 2342//2342 2314//2314 2312//2312
f 2312//2312 2311//2311 2345//2345
f 2342//2342 2312//2312 2345//2345
f 2320//2320 2344//2344 2343//2343
f 2344//2344 2334//2334 2345//2345
f 2345//2345 2311//2311 2343//2343
f 2344//2344 2345//2345 2343//2343
f 2346//2346 2347//2347 2348//2348
f 2347//2347 2349//2349 2350//2350
f 2350//2350 2351//2351 2348//2348
f 2347//2347 2350//2350 2348//2348
f 2349//2349 2352//2352 2353//2353
f 2352//2352 2354//2354 2355//2355
f 2355//2355 2356//2356 2353//2353
f 2352//2352 2355//2355 2353//2353
f 2356//2356 2357//2357 2358//2358
f 2357//2357 2359//2359 2360//2360
f 2360//2360 2351//2351 2358//2358
f 2357//2357 2360//2360 2358//2358
f 2349//2349 2353//2353 2350//2350
f 2353//2353 2356//2356 2358//2358
f 2358//2358 2351//2351 2350//2350
f 2353//2353 2358//2358 2350//2350
f 2354//2354 2361//2361 2362//2362
f 2361//2361 2363//2363 2364//2364
f 2364//2364 2365//2365 2362//2362
f 2361//2361 2364//2364 2362//2362
f 2363//2363 2366//2366 2367//2367
f 2366//2366 2337//2337 2335//2335
f 2335//2335 2332//2332 2367//2367
f 2366//2366 2335//2335 2367//2367
f 2332//2332 2330//2330 2368//2368
f 2330//2330 2328//2328 2369//2369
f 2369//2369 2365//2365 2368//2368
f 2330//2330 2369//2369 2368//2368
f 2363//2363 2367//2367 2364//2364
f 2367//2367 2332//2332 2368//2368
f 2368//2368 2365//2365 2364//2364
f 2367//2367 2368//2368 2364//2364
f 2328//2328 2326//2326 2370//2370
f 2326//2326 2325//2325 2371//2371
f 2371//2371 2372//2372 2370//2370
f 2326//2326 2371//2371 2370//2370
f 2325//2325 2324//2324 2373//2373
f 2324//2324 2323//2323 2374//2374
f 2374//2374 2375//2375 2373//2373
f 2324//2324 2374//2374 2373//2373
f 2375//2375 2376//2376 2377//2377
f 2376//2376 2359//2359 2378//2378
f 2378//2378 2372//2372 2377//2377
f 2376//2376 2378//2378 2377//2377
f 2325//2325 2373//2373 2371//2371
f 2373//2373 2375//2375 2377//2377
f 2377//2377 2372//2372 2371//2371
f 2373//2373 2377//2377 2371//2371
f 2354//2354 2362//2362 2355//2355
f 2362//2362 2365//2365 2379//2379
f 2379//2379 2356//2356 2355//2355
f 2362//2362 2379//2379 2355//2355
f 2365//2365 2369//2369 2380//2380
f 2369//2369 2328//2328 2370//2370
f 2370//2370 2372//2372 2380//2380
f 2369//2369 2370//2370 2380//2380
f 2372//2372 2378//2378 2381//2381
f 2378//2378 2359//2359 2357//2357
f 2357//2357 2356//2356 2381//2381
f 2378//2378 2357//2357 2381//2381
f 2365//2365 2380//2380 2379//2379
f 2380//2380 2372//2372 2381//2381
f 2381//2381 2356//2356 2379//2379
f 2380//2380 2381//2381 2379//2379
f 2382//2382 2383//2383 2384//2384
f 2383//2383 2385//2385 2386//2386
f 2386//2386 2387//2387 2384//2384
f 2383//2383 2386//2386 2384//2384
f 2385//2385 2388//2388 2389//2389
f 2388//2388 2390//2390 2391//2391
f 2391//2391 2392//2392 2389//2389
f 2388//2388 2391//2391 2389//2389
f 2392//2392 2393//2393 2394//2394
f 2393//2393 2395//2395 2396//2396
f 2396//2396 2387//2387 2394//2394
f 2393//2393 2396//2396 2394//2394
f 2385//2385 2389//2389 2386//2386
f 2389//2389 2392//2392 2394//2394
f 2394//2394 2387//2387 2386//2386
f 2389//2389 2394//2394 2386//2386
f 2390//2390 2397//2397 2398//2398
f 2397//2397 2399//2399 2400//2400
f 2400//2400 2401//2401 2398//2398
f 2397//2397 2400//2400 2398//2398
f 2399//2399 2402//2402 2403//2403
f 2402//2402 2404//2404 2405//2405
f 2405//2405 2406//2406 2403//2403
f 2402//2402 2405//2405 2403//2403
f 2406//2406 2407//2407 2408//2408
f 2407//2407 2409//2409 2410//2410
f 2410//2410 2401//2401 2408//2408
f 2407//2407 2410//2410 2408//2408
f 2399//2399 2403//2403 2400//2400
f 2403//2403 2406//2406 2408//2408
f 2408//2408 2401//2401 2400//2400
f 2403//2403 2408//2408 2400//2400
f 2409//2409 2411//2411 2412//2412
f 2411//2411 2413//2413 2414//2414
f 2414//2414 2415//2415 2412//2412
f 2411//2411 2414//2414 2412//2412
f 2413//2413 2416//2416 2417//2417
f 2416//2416 2301//2301 2418//2418
f 2418//2418 2419//2419 2417//2417
f 2416//2416 2418//2418 2417//2417
f 2419//2419 2420//2420 2421//2421
f 2420//2420 2395//2395 2422//2422
f 2422//2422 2415//2415 2421//2421
f 2420//2420 2422//2422 2421//2421
f 2413//2413 2417//2417 2414//2414
f 2417//2417 2419//2419 2421//2421
f 2421//2421 2415//2415 2414//2414
f 2417//2417 2421//2421 2414//2414
f 2390//2390 2398//2398 2391//2391
f 2398//2398 2401//2401 2423//2423
f 2423//2423 2392//2392 2391//2391
f 2398//2398 2423//2423 2391//2391
f 2401//2401 2410//2410 2424//2424
f 2410//2410 2409//2409 2412//2412
f 2412//2412 2415//2415 2424//2424
f 2410//2410 2412//2412 2424//2424
f 2415//2415 2422//2422 2425//2425
f 2422//2422 2395//2395 2393//2393
f 2393//2393 2392//2392 2425//2425
f 2422//2422 2393//2393 2425//2425
f 2401//2401 2424//2424 2423//2423
f 2424//2424 2415//2415 2425//2425
f 2425//2425 2392//2392 2423//2423
f 2424//2424 2425//2425 2423//2423
f 2323//2323 2321//2321 2426//2426
f 2321//2321 2318//2318 2427//2427
f 2427//2427 2428//2428 2426//2426
f 2321//2321 2427//2427 2426//2426
f 2318//2318 2316//2316 2429//2429
f 2316//2316 2309//2309 2430//2430
f 2430//2430 2431//2431 2429//2429
f 2316//2316 2430//2430 2429//2429
f 2431//2431 2432//2432 2433//2433
f 2432//2432 2434//2434 2435//2435
f 2435//2435 2428//2428 2433//2433
f 2432//2432 2435//2435 2433//2433
f 2318//2318 2429//2429 2427//2427
f 2429//2429 2431//2431 2433//2433
f 2433//2433 2428//2428 2427//2427
f 2429//2429 2433//2433 2427//2427
f 2309//2309 2307//2307 2436//2436
f 2307//2307 2304//2304 2437//2437
f 2437//2437 2438//2438 2436//2436
f 2307//2307 2437//2437 2436//2436
f 2304//2304 2302//2302 2439//2439
f 2302//2302 2301//2301 2416//2416
f 2416//2416 2413//2413 2439//2439
f 2302//2302 2416//2416 2439//2439
f 2413//2413 2411//2411 2440//2440
f 2411//2411 2409//2409 2441//2441
f 2441//2441 2438//2438 2440//2440
f 2411//2411 2441//2441 2440//2440
f 2304//2304 2439//2439 2437//2437
f 2439//2439 2413//2413 2440//2440
f 2440//2440 2438//2438 2437//2437
f 2439//2439 2440//2440 2437//2437
f 2409//2409 2407//2407 2442//2442
f 2407//2407 2406//2406 2443//2443
f 2443//2443 2444//2444 2442//2442
f 2407//2407 2443//2443 2442//2442
f 2406//2406 2405//2405 2445//2445
f 2405//2405 2404//2404 2446//2446
f 2446//2446 2447//2447 2445//2445
f 2405//2405 2446//2446 2445//2445
f 2447//2447 2448//2448 2449//2449
f 2448//2448 2434//2434 2450//2450
f 2450//2450 2444//2444 2449//2449
f 2448//2448 2450//2450 2449//2449
f 2406//2406 2445//2445 2443//2443
f 2445//2445 2447//2447 2449//2449
f 2449//2449 2444//2444 2443//2443
f 2445//2445 2449//2449 2443//2443
f 2309//2309 2436//2436 2430//2430
f 2436//2436 2438//2438 2451//2451
f 2451//2451 2431//2431 2430//2430
f 2436//2436 2451//2451 2430//2430
f 2438//2438 2441//2441 2452//2452
f 2441//2441 2409//2409 2442//2442
f 2442//2442 2444//2444 2452//2452
f 2441//2441 2442//2442 2452//2452
f 2444//2444 2450//2450 2453//2453
f 2450//2450 2434//2434 2432//2432
f 2432//2432 2431//2431 2453//2453
f 2450//2450 2432//2432 2453//2453
f 2438//2438 2452//2452 2451//2451
f 2452//2452 2444//2444 2453//2453
f 2453//2453 2431//2431 2451//2451
f 2452//2452 2453//2453 2451//2451
f 2454//2454 2455//2455 2456//2456
f 2455//2455 2457//2457 2458//2458
f 2458//2458 2459//2459 2456//2456
f 2455//2455 2458//2458 2456//2456
f 2457//2457 2460//2460 2461//2461
f 2460//2460 2462//2462 2463//2463
f 2463//2463 2464//2464 2461//2461
f 2460//2460 2463//2463 2461//2461
f 2464//2464 2465//2465 2466//2466
f 2465//2465 2467//2467 2468//2468
f 2468//2468 2459//2459 2466//2466
f 2465//2465 2468//2468 2466//2466
f 2457//2457 2461//2461 2458//2458
f 2461//2461 2464//2464 2466//2466
f 2466//2466 2459//2459 2458//2458
f 2461//2461 2466//2466 2458//2458
f 2462//2462 2469//2469 2470//2470
f 2469//2469 2471//2471 2472//2472
f 2472//2472 2473//2473 2470//2470
f 2469//2469 2472//2472 2470//2470
f 2471//2471 2474//2474 2475//2475
f 2474//2474 2476//2476 2477//2477
f 2477//2477 2478//2478 2475//2475
f 2474//2474 2477//2477 2475//2475
f 2478//2478 2479//2479 2480//2480
f 2479//2479 2481//2481 2482//2482
f 2482//2482 2473//2473 2480//2480
f 2479//2479 2482//2482 2480//2480
f 2471//2471 2475//2475 2472//2472
f 2475//2475 2478//2478 2480//2480
f 2480//2480 2473//2473 2472//2472
f 2475//2475 2480//2480 2472//2472
f 2481//2481 2483//2483 2484//2484
f 2483//2483 2485//2485 2486//2486
f 2486//2486 2487//2487 2484//2484
f 2483//2483 2486//2486 2484//2484
f 2485//2485 2488//2488 2489//2489
f 2488//2488 2382//2382 2490//2490
f 2490//2490 2491//2491 2489//2489
f 2488//2488 2490//2490 2489//2489
f 2491//2491 2492//2492 2493//2493
f 2492//2492 2467//2467 2494//2494
f 2494//2494 2487//2487 2493//2493
f 2492//2492 2494//2494 2493//2493
f 2485//2485 2489//2489 2486//2486
f 2489//2489 2491//2491 2493//2493
f 2493//2493 2487//2487 2486//2486
f 2489//2489 2493//2493 2486//2486
f 2462//2462 2470//2470 2463//2463
f 2470//2470 2473//2473 2495//2495
f 2495//2495 2464//2464 2463//2463
f 2470//2470 2495//2495 2463//2463
f 2473//2473 2482//2482 2496//2496
f 2482//2482 2481//2481 2484//2484
f 2484//2484 2487//2487 2496//2496
f 2482//2482 2484//2484 2496//2496
f 2487//2487 2494//2494 2497//2497
f 2494//2494 2467//2467 2465//2465
f 2465//2465 2464//2464 2497//2497
f 2494//2494 2465//2465 2497//2497
f 2473//2473 2496//2496 2495//2495
f 2496//2496 2487//2487 2497//2497
f 2497//2497 2464//2464 2495//2495
f 2496//2496 2497//2497 2495//2495
f 2404//2404 2402//2402 2498//2498
f 2402//2402 2399//2399 2499//2499
f 2499//2499 2500//2500 2498//2498
f 2402//2402 2499//2499 2498//2498
f 2399//2399 2397//2397 2501//2501
f 2397//2397 2390//2390 2502//2502
f 2502//2502 2503//2503 2501//2501
f 2397//2397 2502//2502 2501//2501
f 2503//2503 2504//2504 2505//2505
f 2504//2504 2506//2506 2507//2507
f 2507//2507 2500//2500 2505//2505
f 2504//2504 2507//2507 2505//2505
f 2399//2399 2501//2501 2499//2499
f 2501//2501 2503//2503 2505//2505
f 2505//2505 2500//2500 2499//2499
f 2501//2501 2505//2505 2499//2499
f 2390//2390 2388//2388 2508//2508
f 2388//2388 2385//2385 2509//2509
f 2509//2509 2510//2510 2508//2508
f 2388//2388 2509//2509 2508//2508
f 2385//2385 2383//2383 2511//2511
f 2383//2383 2382//2382 2488//2488
f 2488//2488 2485//2485 2511//2511
f 2383//2383 2488//2488 2511//2511
f 2485//2485 2483//2483 2512//2512
f 2483//2483 2481//2481 2513//2513
f 2513//2513 2510//2510 2512//2512
f 2483//2483 2513//2513 2512//2512
f 2385//2385 2511//2511 2509//2509
f 2511//2511 2485//2485 2512//2512
f 2512//2512 2510//2510 2509//2509
f 2511//2511 2512//2512 2509//2509
f 2481//2481 2479//2479 2514//2514
f 2479//2479 2478//2478 2515//2515
f 2515//2515 2516//2516 2514//2514
f 2479//2479 2515//2515 2514//2514
f 2478//2478 2477//2477 2517//2517
f 2477//2477 2476//2476 2518//2518
f 2518//2518 2519//2519 2517//2517
f 2477//2477 2518//2518 2517//2517
f 2519//2519 2520//2520 2521//2521
f 2520//2520 2506//2506 2522//2522
f 2522//2522 2516//2516 2521//2521
f 2520//2520 2522//2522 2521//2521
f 2478//2478 2517//2517 2515//2515
f 2517//2517 2519//2519 2521//2521
f 2521//2521 2516//2516 2515//2515
f 2517//2517 2521//2521 2515//2515
f 2390//2390 2508//2508 2502//2502
f 2508//2508 2510//2510 2523//2523
f 2523//2523 2503//2503 2502//2502
f 2508//2508 2523//2523 2502//2502
f 2510//2510 2513//2513 2524//2524
f 2513//2513 2481//2481 2514//2514
f 2514//2514 2516//2516 2524//2524
f 2513//2513 2514//2514 2524//2524
f 2516//2516 2522//2522 2525//2525
f 2522//2522 2506//2506 2504//2504
f 2504//2504 2503//2503 2525//2525
f 2522//2522 2504//2504 2525//2525
f 2510//2510 2524//2524 2523//2523
f 2524//2524 2516//2516 2525//2525
f 2525//2525 2503//2503 2523//2523
f 2524//2524 2525//2525 2523//2523
f 2526//2526 2527//2527 2528//2528
f 2527//2527 2529//2529 2530//2530
f 2530//2530 2531//2531 2528//2528
f 2527//2527 2530//2530 2528//2528
f 2529//2529 2532//2532 2533//2533
f 2532//2532 2534//2534 2535//2535
f 2535//2535 2536//2536 2533//2533
f 2532//2532 2535//2535 2533//2533
f 2536//2536 2537//2537 2538//2538
f 2537//2537 2539//2539 2540//2540
f 2540//2540 2531//2531 2538//2538
f 2537//2537 2540//2540 2538//2538
f 2529//2529 2533//2533 2530//2530
f 2533//2533 2536//2536 2538//2538
f 2538//2538 2531//2531 2530//2530
f 2533//2533 2538//2538 2530//2530
f 2534//2534 2541//2541 2542//2542
f 2541//2541 2543//2543 2544//2544
f 2544//2544 2545//2545 2542//2542
f 2541//2541 2544//2544 2542//2542
f 2543//2543 2546//2546 2547//2547
f 2546//2546 2548//2548 2549//2549
f 2549//2549 2550//2550 2547//2547
f 2546//2546 2549//2549 2547//2547
f 2550//2550 2551//2551 2552//2552
f 2551//2551 2553//2553 2554//2554
f 2554//2554 2545//2545 2552//2552
f 2551//2551 2554//2554 2552//2552
f 2543//2543 2547//2547 2544//2544
f 2547//2547 2550//2550 2552//2552
f 2552//2552 2545//2545 2544//2544
f 2547//2547 2552//2552 2544//2544
f 2553//2553 2555//2555 2556//2556
f 2555//2555 2557//2557 2558//2558
f 2558//2558 2559//2559 2556//2556
f 2555//2555 2558//2558 2556//2556
f 2557//2557 2560//2560 2561//2561
f 2560//2560 2454//2454 2562//2562
f 2562//2562 2563//2563 2561//2561
f 2560//2560 2562//2562 2561//2561
f 2563//2563 2564//2564 2565//2565
f 2564//2564 2539//2539 2566//2566
f 2566//2566 2559//2559 2565//2565
f 2564//2564 2566//2566 2565//2565
f 2557//2557 2561//2561 2558//2558
f 2561//2561 2563//2563 2565//2565
f 2565//2565 2559//2559 2558//2558
f 2561//2561 2565//2565 2558//2558
f 2534//2534 2542//2542 2535//2535
f 2542//2542 2545//2545 2567//2567
f 2567//2567 2536//2536 2535//2535
f 2542//2542 2567//2567 2535//2535
f 2545//2545 2554//2554 2568//2568
f 2554//2554 2553//2553 2556//2556
f 2556//2556 2559//2559 2568//2568
f 2554//2554 2556//2556 2568//2568
f 2559//2559 2566//2566 2569//2569
f 2566//2566 2539//2539 2537//2537
f 2537//2537 2536//2536 2569//2569
f 2566//2566 2537//2537 2569//2569
f 2545//2545 2568//2568 2567//2567
f 2568//2568 2559//2559 2569//2569
f 2569//2569 2536//2536 2567//2567
f 2568//2568 2569//2569 2567//2567
f 2476//2476 2474//2474 2570//2570
f 2474//2474 2471//2471 2571//2571
f 2571//2571 2572//2572 2570//2570
f 2474//2474 2571//2571 2570//2570
f 2471//2471 2469//2469 2573//2573
f 2469//2469 2462//2462 2574//2574
f 2574//2574 2575//2575 2573//2573
f 2469//2469 2574//2574 2573//2573
f 2575//2575 2576//2576 2577//2577
f 2576//2576 2578//2578 2579//2579
f 2579//2579 2572//2572 2577//2577
f 2576//2576 2579//2579 2577//2577
f 2471//2471 2573//2573 2571//2571
f 2573//2573 2575//2575 2577//2577
f 2577//2577 2572//2572 2571//2571
f 2573//2573 2577//2577 2571//2571
f 2462//2462 2460//2460 2580//2580
f 2460//2460 2457//2457 2581//2581
f 2581//2581 2582//2582 2580//2580
f 2460//2460 2581//2581 2580//2580
f 2457//2457 2455//2455 2583//2583
f 2455//2455 2454//2454 2560//2560
f 2560//2560 2557//2557 2583//2583
f 2455//2455 2560//2560 2583//2583
f 2557//2557 2555//2555 2584//2584
f 2555//2555 2553//2553 2585//2585
f 2585//2585 2582//2582 2584//2584
f 2555//2555 2585//2585 2584//2584
f 2457//2457 2583//2583 2581//2581
f 2583//2583 2557//2557 2584//2584
f 2584//2584 2582//2582 2581//2581
f 2583//2583 2584//2584 2581//2581
f 2553//2553 2551//2551 2586//2586
f 2551//2551 2550//2550 2587//2587
f 2587//2587 2588//2588 2586//2586
f 2551//2551 2587//2587 2586//2586
f 2550//2550 2549//2549 2589//2589
f 2549//2549 2548//2548 2590//2590
f 2590//2590 2591//2591 2589//2589
f 2549//2549 2590//2590 2589//2589
f 2591//2591 2592//2592 2593//2593
f 2592//2592 2578//2578 2594//2594
f 2594//2594 2588//2588 2593//2593
f 2592//2592 2594//2594 2593//2593
f 2550//2550 2589//2589 2587//2587
f 2589//2589 2591//2591 2593//2593
f 2593//2593 2588//2588 2587//2587
f 2589//2589 2593//2593 2587//2587
f 2462//2462 2580//2580 2574//2574
f 2580//2580 2582//2582 2595//2595
f 2595//2595 2575//2575 2574//2574
f 2580//2580 2595//2595 2574//2574
f 2582//2582 2585//2585 2596//2596
f 2585//2585 2553//2553 2586//2586
f 2586//2586 2588//2588 2596//2596
f 2585//2585 2586//2586 2596//2596
f 2588//2588 2594//2594 2597//2597
f 2594//2594 2578//2578 2576//2576
f 2576//2576 2575//2575 2597//2597
f 2594//2594 2576//2576 2597//2597
f 2582//2582 2596//2596 2595//2595
f 2596//2596 2588//2588 2597//2597
f 2597//2597 2575//2575 2595//2595
f 2596//2596 2597//2597 2595//2595
f 2598//2598 2599//2599 2600//2600
f 2599//2599 2601//2601 2602//2602
f 2602//2602 2603//2603 2600//2600
f 2599//2599 2602//2602 2600//2600
f 2601//2601 2604//2604 2605//2605
f 2604//2604 2606//2606 2607//2607
f 2607//2607 2608//2608 2605//2605
f 2604//2604 2607//2607 2605//2605
f 2608//2608 2609//2609 2610//2610
f 2609//2609 2611//2611 2612//2612
f 2612//2612 2603//2603 2610//2610
f 2609//2609 2612//2612 2610//2610
f 2601//2601 2605//2605 2602//2602
f 2605//2605 2608//2608 2610//2610
f 2610//2610 2603//2603 2602//2602
f 2605//2605 2610//2610 2602//2602
f 2606//2606 2613//2613 2614//2614
f 2613//2613 2615//2615 2616//2616
f 2616//2616 2617//2617 2614//2614
f 2613//2613 2616//2616 2614//2614
f 2615//2615 2618//2618 2619//2619
f 2618//2618 2620//2620 2621//2621
f 2621//2621 2622//2622 2619//2619
f 2618//2618 2621//2621 2619//2619
f 2622//2622 2623//2623 2624//2624
f 2623//2623 2625//2625 2626//2626
f 2626//2626 2617//2617 2624//2624
f 2623//2623 2626//2626 2624//2624
f 2615//2615 2619//2619 2616//2616
f 2619//2619 2622//2622 2624//2624
f 2624//2624 2617//2617 2616//2616
f 2619//2619 2624//2624 2616//2616
f 2625//2625 2627//2627 2628//2628
f 2627//2627 2629//2629 2630//2630
f 2630//2630 2631//2631 2628//2628
f 2627//2627 2630//2630 2628//2628
f 2629//2629 2632//2632 2633//2633
f 2632//2632 2526//2526 2634//2634
f 2634//2634 2635//2635 2633//2633
f 2632//2632 2634//2634 2633//2633
f 2635//2635 2636//2636 2637//2637
f 2636//2636 2611//2611 2638//2638
f 2638//2638 2631//2631 2637//2637
f 2636//2636 2638//2638 2637//2637
f 2629//2629 2633//2633 2630//2630
f 2633//2633 2635//2635 2637//2637
f 2637//2637 2631//2631 2630//2630
f 2633//2633 2637//2637 2630//2630
f 2606//2606 2614//2614 2607//2607
f 2614//2614 2617//2617 2639//2639
f 2639//2639 2608//2608 2607//2607
f 2614//2614 2639//2639 2607//2607
f 2617//2617 2626//2626 2640//2640
f 2626//2626 2625//2625 2628//2628
f 2628//2628 2631//2631 2640//2640
f 2626//2626 2628//2628 2640//2640
f 2631//2631 2638//2638 2641//2641
f 2638//2638 2611//2611 2609//2609
f 2609//2609 2608//2608 2641//2641
f 2638//2638 2609//2609 2641//2641
f 2617//2617 2640//2640 2639//2639
f 2640//2640 2631//2631 2641//2641
f 2641//2641 2608//2608 2639//2639
f 2640//2640 2641//2641 2639//2639
f 2548//2548 2546//2546 2642//2642
f 2546//2546 2543//2543 2643//2643
f 2643//2643 2644//2644 2642//2642
f 2546//2546 2643//2643 2642//2642
f 2543//2543 2541//2541 2645//2645
f 2541//2541 2534//2534 2646//2646
f 2646//2646 2647//2647 2645//2645
f 2541//2541 2646//2646 2645//2645
f 2647//2647 2648//2648 2649//2649
f 2648//2648 2650//2650 2651//2651
f 2651//2651 2644//2644 2649//2649
f 2648//2648 2651//2651 2649//2649
f 2543//2543 2645//2645 2643//2643
f 2645//2645 2647//2647 2649//2649
f 2649//2649 2644//2644 2643//2643
f 2645//2645 2649//2649 2643//2643
f 2534//2534 2532//2532 2652//2652
f 2532//2532 2529//2529 2653//2653
f 2653//2653 2654//2654 2652//2652
f 2532//2532 2653//2653 2652//2652
f 2529//2529 2527//2527 2655//2655
f 2527//2527 2526//2526 2632//2632
f 2632//2632 2629//2629 2655//2655
f 2527//2527 2632//2632 2655//2655
f 2629//2629 2627//2627 2656//2656
f 2627//2627 2625//2625 2657//2657
f 2657//2657 2654//2654 2656//2656
f 2627//2627 2657//2657 2656//2656
f 2529//2529 2655//2655 2653//2653
f 2655//2655 2629//2629 2656//2656
f 2656//2656 2654//2654 2653//2653
f 2655//2655 2656//2656 2653//2653
f 2625//2625 2623//2623 2658//2658
f 2623//2623 2622//2622 2659//2659
f 2659//2659 2660//2660 2658//2658
f 2623//2623 2659//2659 2658//2658
f 2622//2622 2621//2621 2661//2661
f 2621//2621 2620//2620 2662//2662
f 2662//2662 2663//2663 2661//2661
f 2621//2621 2662//2662 2661//2661
f 2663//2663 2664//2664 2665//2665
f 2664//2664 2650//2650 2666//2666
f 2666//2666 2660//2660 2665//2665
f 2664//2664 2666//2666 2665//2665
f 2622//2622 2661//2661 2659//2659
f 2661//2661 2663//2663 2665//2665
f 2665//2665 2660//2660 2659//2659
f 2661//2661 2665//2665 2659//2659
f 2534//2534 2652//2652 2646//2646
f 2652//2652 2654//2654 2667//2667
f 2667//2667 2647//2647 2646//2646
f 2652//2652 2667//2667 2646//2646
f 2654//2654 2657//2657 2668//2668
f 2657//2657 2625//2625 2658//2658
f 2658//2658 2660//2660 2668//2668
f 2657//2657 2658//2658 2668//2668
f 2660//2660 2666//2666 2669//2669
f 2666//2666 2650//2650 2648//2648
f 2648//2648 2647//2647 2669//2669
f 2666//2666 2648//2648 2669//2669
f 2654//2654 2668//2668 2667//2667
f 2668//2668 2660//2660 2669//2669
f 2669//2669 2647//2647 2667//2667
f 2668//2668 2669//2669 2667//2667
f 2670//2670 2671//2671 2672//2672
f 2671//2671 2673//2673 2674//2674
f 2674//2674 2675//2675 2672//2672
f 2671//2671 2674//2674 2672//2672
f 2673//2673 2676//2676 2677//2677
f 2676//2676 2678//2678 2679//2679
f 2679//2679 2680//2680 2677//2677
f 2676//2676 2679//2679 2677//2677
f 2680//2680 2681//2681 2682//2682
f 2681//2681 2683//2683 2684//2684
f 2684//2684 2675//2675 2682//2682
f 2681//2681 2684//2684 2682//2682
f 2673//2673 2677//2677 2674//2674
f 2677//2677 2680//2680 2682//2682
f 2682//2682 2675//2675 2674//2674
f 2677//2677 2682//2682 2674//2674
f 2678//2678 2685//2685 2686//2686
f 2685//2685 2687//2687 2688//2688
f 2688//2688 2689//2689 2686//2686
f 2685//2685 2688//2688 2686//2686
f 2687//2687 2690//2690 2691//2691
f 2690//2690 2692//2692 2693//2693
f 2693//2693 2694//2694 2691//2691
f 2690//2690 2693//2693 2691//2691
f 2694//2694 2695//2695 2696//2696
f 2695//2695 2697//2697 2698//2698
f 2698//2698 2689//2689 2696//2696
f 2695//2695 2698//2698 2696//2696
f 2687//2687 2691//2691 2688//2688
f 2691//2691 2694//2694 2696//2696
f 2696//2696 2689//2689 2688//2688
f 2691//2691 2696//2696 2688//2688
f 2697//2697 2699//2699 2700//2700
f 2699//2699 2701//2701 2702//2702
f 2702//2702 2703//2703 2700//2700
f 2699//2699 2702//2702 2700//2700
f 2701//2701 2704//2704 2705//2705
f 2704//2704 2598//2598 2706//2706
f 2706//2706 2707//2707 2705//2705
f 2704//2704 2706//2706 2705//2705
f 2707//2707 2708//2708 2709//2709
f 2708//2708 2683//2683 2710//2710
f 2710//2710 2703//2703 2709//2709
f 2708//2708 2710//2710 2709//2709
f 2701//2701 2705//2705 2702//2702
f 2705//2705 2707//2707 2709//2709
f 2709//2709 2703//2703 2702//2702
f 2705//2705 2709//2709 2702//2702
f 2678//2678 2686//2686 2679//2679
f 2686//2686 2689//2689 2711//2711
f 2711//2711 2680//2680 2679//2679
f 2686//2686 2711//2711 2679//2679
f 2689//2689 2698//2698 2712//2712
f 2698//2698 2697//2697 2700//2700
f 2700//2700 2703//2703 2712//2712
f 2698//2698 2700//2700 2712//2712
f 2703//2703 2710//2710 2713//2713
f 2710//2710 2683//2683 2681//2681
f 2681//2681 2680//2680 2713//2713
f 2710//2710 2681//2681 2713//2713
f 2689//2689 2712//2712 2711//2711
f 2712//2712 2703//2703 2713//2713
f 2713//2713 2680//2680 2711//2711
f 2712//2712 2713//2713 2711//2711
f 2620//2620 2618//2618 2714//2714
f 2618//2618 2615//2615 2715//2715
f 2715//2715 2716//2716 2714//2714
f 2618//2618 2715//2715 2714//2714
f 2615//2615 2613//2613 2717//2717
f 2613//2613 2606//2606 2718//2718
f 2718//2718 2719//2719 2717//2717
f 2613//2613 2718//2718 2717//2717
f 2719//2719 2720//2720 2721//2721
f 2720//2720 2722//2722 2723//2723
f 2723//2723 2716//2716 2721//2721
f 2720//2720 2723//2723 2721//2721
f 2615//2615 2717//2717 2715//2715
f 2717//2717 2719//2719 2721//2721
f 2721//2721 2716//2716 2715//2715
f 2717//2717 2721//2721 2715//2715
f 2606//2606 2604//2604 2724//2724
f 2604//2604 2601//2601 2725//2725
f 2725//2725 2726//2726 2724//2724
f 2604//2604 2725//2725 2724//2724
f 2601//2601 2599//2599 2727//2727
f 2599//2599 2598//2598 2704//2704
f 2704//2704 2701//2701 2727//2727
f 2599//2599 2704//2704 2727//2727
f 2701//2701 2699//2699 2728//2728
f 2699//2699 2697//2697 2729//2729
f 2729//2729 2726//2726 2728//2728
f 2699//2699 2729//2729 2728//2728
f 2601//2601 2727//2727 2725//2725
f 2727//2727 2701//2701 2728//2728
f 2728//2728 2726//2726 2725//2725
f 2727//2727 2728//2728 2725//2725
f 2697//2697 2695//2695 2730//2730
f 2695//2695 2694//2694 2731//2731
f 2731//2731 2732//2732 2730//2730
f 2695//2695 2731//2731 2730//2730
f 2694//2694 2693//2693 2733//2733
f 2693//2693 2692//2692 2734//2734
f 2734//2734 2735//2735 2733//2733
f 2693//2693 2734//2734 2733//2733
f 2735//2735 2736//2736 2737//2737
f 2736//2736 2722//2722 2738//2738
f 2738//2738 2732//2732 2737//2737
f 2736//2736 2738//2738 2737//2737
f 2694//2694 2733//2733 2731//2731
f 2733//2733 2735//2735 2737//2737
f 2737//2737 2732//2732 2731//2731
f 2733//2733 2737//2737 2731//2731
f 2606//2606 2724//2724 2718//2718
f 2724//2724 2726//2726 2739//2739
f 2739//2739 2719//2719 2718//2718
f 2724//2724 2739//2739 2718//2718
f 2726//2726 2729//2729 2740//2740
f 2729//2729 2697//2697 2730//2730
f 2730//2730 2732//2732 2740//2740
f 2729//2729 2730//2730 2740//2740
f 2732//2732 2738//2738 2741//2741
f 2738//2738 2722//2722 2720//2720
f 2720//2720 2719//2719 2741//2741
f 2738//2738 2720//2720 2741//2741
f 2726//2726 2740//2740 2739//2739
f 2740//2740 2732//2732 2741//2741
f 2741//2741 2719//2719 2739//2739
f 2740//2740 2741//2741 2739//2739
f 2742//2742 2743//2743 2744//2744
f 2743//2743 2745//2745 2746//2746
f 2746//2746 2747//2747 2744//2744
f 2743//2743 2746//2746 2744//2744
f 2745//2745 2748//2748 2749//2749
f 2748//2748 2750//2750 2751//2751
f 2751//2751 2752//2752 2749//2749
f 2748//2748 2751//2751 2749//2749
f 2752//2752 2753//2753 2754//2754
f 2753//2753 2755//2755 2756//2756
f 2756//2756 2747//2747 2754//2754
f 2753//2753 2756//2756 2754//2754
f 2745//2745 2749//2749 2746//2746
f 2749//2749 2752//2752 2754//2754
f 2754//2754 2747//2747 2746//2746
f 2749//2749 2754//2754 2746//2746
f 2750//2750 2757//2757 2758//2758
f 2757//2757 2759//2759 2760//2760
f 2760//2760 2761//2761 2758//2758
f 2757//2757 2760//2760 2758//2758
f 2759//2759 2762//2762 2763//2763
f 2762//2762 2764//2764 2765//2765
f 2765//2765 2766//2766 2763//2763
f 2762//2762 2765//2765 2763//2763
f 2766//2766 2767//2767 2768//2768
f 2767//2767 2769//2769 2770//2770
f 2770//2770 2761//2761 2768//2768
f 2767//2767 2770//2770 2768//2768
f 2759//2759 2763//2763 2760//2760
f 2763//2763 2766//2766 2768//2768
f 2768//2768 2761//2761 2760//2760
f 2763//2763 2768//2768 2760//2760
f 2769//2769 2771//2771 2772//2772
f 2771//2771 2773//2773 2774//2774
f 2774//2774 2775//2775 2772//2772
f 2771//2771 2774//2774 2772//2772
f 2773//2773 2776//2776 2777//2777
f 2776//2776 2670//2670 2778//2778
f 2778//2778 2779//2779 2777//2777
f 2776//2776 2778//2778 2777//2777
f 2779//2779 2780//2780 2781//2781
f 2780//2780 2755//2755 2782//2782
f 2782//2782 2775//2775 2781//2781
f 2780//2780 2782//2782 2781//2781
f 2773//2773 2777//2777 2774//2774
f 2777//2777 2779//2779 2781//2781
f 2781//2781 2775//2775 2774//2774
f 2777//2777 2781//2781 2774//2774
f 2750//2750 2758//2758 2751//2751
f 2758//2758 2761//2761 2783//2783
f 2783//2783 2752//2752 2751//2751
f 2758//2758 2783//2783 2751//2751
f 2761//2761 2770//2770 2784//2784
f 2770//2770 2769//2769 2772//2772
f 2772//2772 2775//2775 2784//2784
f 2770//2770 2772//2772 2784//2784
f 2775//2775 2782//2782 2785//2785
f 2782//2782 2755//2755 2753//2753
f 2753//2753 2752//2752 2785//2785
f 2782//2782 2753//2753 2785//2785
f 2761//2761 2784//2784 2783//2783
f 2784//2784 2775//2775 2785//2785
f 2785//2785 2752//2752 2783//2783
f 2784//2784 2785//2785 2783//2783
f 2692//2692 2690//2690 2786//2786
f 2690//2690 2687//2687 2787//2787
f 2787//2787 2788//2788 2786//2786
f 2690//2690 2787//2787 2786//2786
f 2687//2687 2685//2685 2789//2789
f 2685//2685 2678//2678 2790//2790
f 2790//2790 2791//2791 2789//2789
f 2685//2685 2790//2790 2789//2789
f 2791//2791 2792//2792 2793//2793
f 2792//2792 2794//2794 2795//2795
f 2795//2795 2788//2788 2793//2793
f 2792//2792 2795//2795 2793//2793
f 2687//2687 2789//2789 2787//2787
f 2789//2789 2791//2791 2793//2793
f 2793//2793 2788//2788 2787//2787
f 2789//2789 2793//2793 2787//2787
f 2678//2678 2676//2676 2796//2796
f 2676//2676 2673//2673 2797//2797
f 2797//2797 2798//2798 2796//2796
f 2676//2676 2797//2797 2796//2796
f 2673//2673 2671//2671 2799//2799
f 2671//2671 2670//2670 2776//2776
f 2776//2776 2773//2773 2799//2799
f 2671//2671 2776//2776 2799//2799
f 2773//2773 2771//2771 2800//2800
f 2771//2771 2769//2769 2801//2801
f 2801//2801 2798//2798 2800//2800
f 2771//2771 2801//2801 2800//2800
f 2673//2673 2799//2799 2797//2797
f 2799//2799 2773//2773 2800//2800
f 2800//2800 2798//2798 2797//2797
f 2799//2799 2800//2800 2797//2797
f 2769//2769 2767//2767 2802//2802
f 2767//2767 2766//2766 2803//2803
f 2803//2803 2804//2804 2802//2802
f 2767//2767 2803//2803 2802//2802
f 2766//2766 2765//2765 2805//2805
f 2765//2765 2764//2764 2806//2806
f 2806//2806 2807//2807 2805//2805
f 2765//2765 2806//2806 2805//2805
f 2807//2807 2808//2808 2809//2809
f 2808//2808 2794//2794 2810//2810
f 2810//2810 2804//2804 2809//2809
f 2808//2808 2810//2810 2809//2809
f 2766//2766 2805//2805 2803//2803
f 2805//2805 2807//2807 2809//2809
f 2809//2809 2804//2804 2803//2803
f 2805//2805 2809//2809 2803//2803
f 2678//2678 2796//2796 2790//2790
f 2796//2796 2798//2798 2811//2811
f 2811//2811 2791//2791 2790//2790
f 2796//2796 2811//2811 2790//2790
f 2798//2798 2801//2801 2812//2812
f 2801//2801 2769//2769 2802//2802
f 2802//2802 2804//2804 2812//2812
f 2801//2801 2802//2802 2812//2812
f 2804//2804 2810//2810 2813//2813
f 2810//2810 2794//2794 2792//2792
f 2792//2792 2791//2791 2813//2813
f 2810//2810 2792//2792 2813//2813
f 2798//2798 2812//2812 2811//2811
f 2812//2812 2804//2804 2813//2813
f 2813//2813 2791//2791 2811//2811
f 2812//2812 2813//2813 2811//2811
f 2814//2814 2815//2815 2816//2816
f 2815//2815 2817//2817 2818//2818
f 2818//2818 2819//2819 2816//2816
f 2815//2815 2818//2818 2816//2816
f 2817//2817 2820//2820 2821//2821
f 2820//2820 2822//2822 2823//2823
f 2823//2823 2824//2824 2821//2821
f 2820//2820 2823//2823 2821//2821
f 2824//2824 2825//2825 2826//2826
f 2825//2825 2827//2827 2828//2828
f 2828//2828 2819//2819 2826//2826
f 2825//2825 2828//2828 2826//2826
f 2817//2817 2821//2821 2818//2818
f 2821//2821 2824//2824 2826//2826
f 2826//2826 2819//2819 2818//2818
f 2821//2821 2826//2826 2818//2818
f 2822//2822 2829//2829 2830//2830
f 2829//2829 2831//2831 2832//2832
f 2832//2832 2833//2833 2830//2830
f 2829//2829 2832//2832 2830//2830
f 2831//2831 2834//2834 2835//2835
f 2834//2834 2836//2836 2837//2837
f 2837//2837 2838//2838 2835//2835
f 2834//2834 2837//2837 2835//2835
f 2838//2838 2839//2839 2840//2840
f 2839//2839 2841//2841 2842//2842
f 2842//2842 2833//2833 2840//2840
f 2839//2839 2842//2842 2840//2840
f 2831//2831 2835//2835 2832//2832
f 2835//2835 2838//2838 2840//2840
f 2840//2840 2833//2833 2832//2832
f 2835//2835 2840//2840 2832//2832
f 2841//2841 2843//2843 2844//2844
f 2843//2843 2845//2845 2846//2846
f 2846//2846 2847//2847 2844//2844
f 2843//2843 2846//2846 2844//2844
f 2845//2845 2848//2848 2849//2849
f 2848//2848 2742//2742 2850//2850
f 2850//2850 2851//2851 2849//2849
f 2848//2848 2850//2850 2849//2849
f 2851//2851 2852//2852 2853//2853
f 2852//2852 2827//2827 2854//2854
f 2854//2854 2847//2847 2853//2853
f 2852//2852 2854//2854 2853//2853
f 2845//2845 2849//2849 2846//2846
f 2849//2849 2851//2851 2853//2853
f 2853//2853 2847//2847 2846//2846
f 2849//2849 2853//2853 2846//2846
f 2822//2822 2830//2830 2823//2823
f 2830//2830 2833//2833 2855//2855
f 2855//2855 2824//2824 2823//2823
f 2830//2830 2855//2855 2823//2823
f 2833//2833 2842//2842 2856//2856
f 2842//2842 2841//2841 2844//2844
f 2844//2844 2847//2847 2856//2856
f 2842//2842 2844//2844 2856//2856
f 2847//2847 2854//2854 2857//2857
f 2854//2854 2827//2827 2825//2825
f 2825//2825 2824//2824 2857//2857
f 2854//2854 2825//2825 2857//2857
f 2833//2833 2856//2856 2855//2855
f 2856//2856 2847//2847 2857//2857
f 2857//2857 2824//2824 2855//2855
f 2856//2856 2857//2857 2855//2855
f 2764//2764 2762//2762 2858//2858
f 2762//2762 2759//2759 2859//2859
f 2859//2859 2860//2860 2858//2858
f 2762//2762 2859//2859 2858//2858
f 2759//2759 2757//2757 2861//2861
f 2757//2757 2750//2750 2862//2862
f 2862//2862 2863//2863 2861//2861
f 2757//2757 2862//2862 2861//2861
f 2863//2863 2864//2864 2865//2865
f 2864//2864 2866//2866 2867//2867
f 2867//2867 2860//2860 2865//2865
f 2864//2864 2867//2867 2865//2865
f 2759//2759 2861//2861 2859//2859
f 2861//2861 2863//2863 2865//2865
f 2865//2865 2860//2860 2859//2859
f 2861//2861 2865//2865 2859//2859
f 2750//2750 2748//2748 2868//2868
f 2748//2748 2745//2745 2869//2869
f 2869//2869 2870//2870 2868//2868
f 2748//2748 2869//2869 2868//2868
f 2745//2745 2743//2743 2871//2871
f 2743//2743 2742//2742 2848//2848
f 2848//2848 2845//2845 2871//2871
f 2743//2743 2848//2848 2871//2871
f 2845//2845 2843//2843 2872//2872
f 2843//2843 2841//2841 2873//2873
f 2873//2873 2870//2870 2872//2872
f 2843//2843 2873//2873 2872//2872
f 2745//2745 2871//2871 2869//2869
f 2871//2871 2845//2845 2872//2872
f 2872//2872 2870//2870 2869//2869
f 2871//2871 2872//2872 2869//2869
f 2841//2841 2839//2839 2874//2874
f 2839//2839 2838//2838 2875//2875
f 2875//2875 2876//2876 2874//2874
f 2839//2839 2875//2875 2874//2874
f 2838//2838 2837//2837 2877//2877
f 2837//2837 2836//2836 2878//2878
f 2878//2878 2879//2879 2877//2877
f 2837//2837 2878//2878 2877//2877
f 2879//2879 2880//2880 2881//2881
f 2880//2880 2866//2866 2882//2882
f 2882//2882 2876//2876 2881//2881
f 2880//2880 2882//2882 2881//2881
f 2838//2838 2877//2877 2875//2875
f 2877//2877 2879//2879 2881//2881
f 2881//2881 2876//2876 2875//2875
f 2877//2877 2881//2881 2875//2875
f 2750//2750 2868//2868 2862//2862
f 2868//2868 2870//2870 2883//2883
f 2883//2883 2863//2863 2862//2862
f 2868//2868 2883//2883 2862//2862
f 2870//2870 2873//2873 2884//2884
f 2873//2873 2841//2841 2874//2874
f 2874//2874 2876//2876 2884//2884
f 2873//2873 2874//2874 2884//2884
f 2876//2876 2882//2882 2885//2885
f 2882//2882 2866//2866 2864//2864
f 2864//2864 2863//2863 2885//2885
f 2882//2882 2864//2864 2885//2885
f 2870//2870 2884//2884 2883//2883
f 2884//2884 2876//2876 2885//2885
f 2885//2885 2863//2863 2883//2883
f 2884//2884 2885//2885 2883//2883
f 2886//2886 2887//2887 2888//2888
f 2887//2887 2889//2889 2890//2890
f 2890//2890 2891//2891 2888//2888
f 2887//2887 2890//2890 2888//2888
f 2889//2889 2892//2892 2893//2893
f 2892//2892 2894//2894 2895//2895
f 2895//2895 2896//2896 2893//2893
f 2892//2892 2895//2895 2893//2893
f 2896//2896 2897//2897 2898//2898
f 2897//2897 2899//2899 2900//2900
f 2900//2900 2891//2891 2898//2898
f 2897//2897 2900//2900 2898//2898
f 2889//2889 2893//2893 2890//2890
f 2893//2893 2896//2896 2898//2898
f 2898//2898 2891//2891 2890//2890
f 2893//2893 2898//2898 2890//2890
f 2894//2894 2901//2901 2902//2902
f 2901//2901 2903//2903 2904//2904
f 2904//2904 2905//2905 2902//2902
f 2901//2901 2904//2904 2902//2902
f 2903//2903 2906//2906 2907//2907
f 2906//2906 2908//2908 2909//2909
f 2909//2909 2910//2910 2907//2907
f 2906//2906 2909//2909 2907//2907
f 2910//2910 2911//2911 2912//2912
f 2911//2911 2913//2913 2914//2914
f 2914//2914 2905//2905 2912//2912
f 2911//2911 2914//2914 2912//2912
f 2903//2903 2907//2907 2904//2904
f 2907//2907 2910//2910 2912//2912
f 2912//2912 2905//2905 2904//2904
f 2907//2907 2912//2912 2904//2904
f 2913//2913 2915//2915 2916//2916
f 2915//2915 2917//2917 2918//2918
f 2918//2918 2919//2919 2916//2916
f 2915//2915 2918//2918 2916//2916
f 2917//2917 2920//2920 2921//2921
f 2920//2920 2814//2814 2922//2922
f 2922//2922 2923//2923 2921//2921
f 2920//2920 2922//2922 2921//2921
f 2923//2923 2924//2924 2925//2925
f 2924//2924 2899//2899 2926//2926
f 2926//2926 2919//2919 2925//2925
f 2924//2924 2926//2926 2925//2925
f 2917//2917 2921//2921 2918//2918
f 2921//2921 2923//2923 2925//2925
f 2925//2925 2919//2919 2918//2918
f 2921//2921 2925//2925 2918//2918
f 2894//2894 2902//2902 2895//2895
f 2902//2902 2905//2905 2927//2927
f 2927//2927 2896//2896 2895//2895
f 2902//2902 2927//2927 2895//2895
f 2905//2905 2914//2914 2928//2928
f 2914//2914 2913//2913 2916//2916
f 2916//2916 2919//2919 2928//2928
f 2914//2914 2916//2916 2928//2928
f 2919//2919 2926//2926 2929//2929
f 2926//2926 2899//2899 2897//2897
f 2897//2897 2896//2896 2929//2929
f 2926//2926 2897//2897 2929//2929
f 2905//2905 2928//2928 2927//2927
f 2928//2928 2919//2919 2929//2929
f 2929//2929 2896//2896 2927//2927
f 2928//2928 2929//2929 2927//2927
f 2836//2836 2834//2834 2930//2930
f 2834//2834 2831//2831 2931//2931
f 2931//2931 2932//2932 2930//2930
f 2834//2834 2931//2931 2930//2930
f 2831//2831 2829//2829 2933//2933
f 2829//2829 2822//2822 2934//2934
f 2934//2934 2935//2935 2933//2933
f 2829//2829 2934//2934 2933//2933
f 2935//2935 2936//2936 2937//2937
f 2936//2936 2938//2938 2939//2939
f 2939//2939 2932//2932 2937//2937
f 2936//2936 2939//2939 2937//2937
f 2831//2831 2933//2933 2931//2931
f 2933//2933 2935//2935 2937//2937
f 2937//2937 2932//2932 2931//2931
f 2933//2933 2937//2937 2931//2931
f 2822//2822 2820//2820 2940//2940
f 2820//2820 2817//2817 2941//2941
f 2941//2941 2942//2942 2940//2940
f 2820//2820 2941//2941 2940//2940
f 2817//2817 2815//2815 2943//2943
f 2815//2815 2814//2814 2920//2920
f 2920//2920 2917//2917 2943//2943
f 2815//2815 2920//2920 2943//2943
f 2917//2917 2915//2915 2944//2944
f 2915//2915 2913//2913 2945//2945
f 2945//2945 2942//2942 2944//2944
f 2915//2915 2945//2945 2944//2944
f 2817//2817 2943//2943 2941//2941
f 2943//2943 2917//2917 2944//2944
f 2944//2944 2942//2942 2941//2941
f 2943//2943 2944//2944 2941//2941
f 2913//2913 2911//2911 2946//2946
f 2911//2911 2910//2910 2947//2947
f 2947//2947 2948//2948 2946//2946
f 2911//2911 2947//2947 2946//2946
f 2910//2910 2909//2909 2949//2949
f 2909//2909 2908//2908 2950//2950
f 2950//2950 2951//2951 2949//2949
f 2909//2909 2950//2950 2949//2949
f 2951//2951 2952//2952 2953//2953
f 2952//2952 2938//2938 2954//2954
f 2954//2954 2948//2948 2953//2953
f 2952//2952 2954//2954 2953//2953
f 2910//2910 2949//2949 2947//2947
f 2949//2949 2951//2951 2953//2953
f 2953//2953 2948//2948 2947//2947
f 2949//2949 2953//2953 2947//2947
f 2822//2822 2940//2940 2934//2934
f 2940//2940 2942//2942 2955//2955
f 2955//2955 2935//2935 2934//2934
f 2940//2940 2955//2955 2934//2934
f 2942//2942 2945//2945 2956//2956
f 2945//2945 2913//2913 2946//2946
f 2946//2946 2948//2948 2956//2956
f 2945//2945 2946//2946 2956//2956
f 2948//2948 2954//2954 2957//2957
f 2954//2954 2938//2938 2936//2936
f 2936//2936 2935//2935 2957//2957
f 2954//2954 2936//2936 2957//2957
f 2942//2942 2956//2956 2955//2955
f 2956//2956 2948//2948 2957//2957
f 2957//2957 2935//2935 2955//2955
f 2956//2956 2957//2957 2955//2955
f 2958//2958 2959//2959 2960//2960
f 2959//2959 2961//2961 2962//2962
f 2962//2962 2963//2963 2960//2960
f 2959//2959 2962//2962 2960//2960
f 2961//2961 2964//2964 2965//2965
f 2964//2964 2966//2966 2967//2967
f 2967//2967 2968//2968 2965//2965
f 2964//2964 2967//2967 2965//2965
f 2968//2968 2969//2969 2970//2970
f 2969//2969 2971//2971 2972//2972
f 2972//2972 2963//2963 2970//2970
f 2969//2969 2972//2972 2970//2970
f 2961//2961 2965//2965 2962//2962
f 2965//2965 2968//2968 2970//2970
f 2970//2970 2963//2963 2962//2962
f 2965//2965 2970//2970 2962//2962
f 2966//2966 2973//2973 2974//2974
f 2973//2973 2975//2975 2976//2976
f 2976//2976 2977//2977 2974//2974
f 2973//2973 2976//2976 2974//2974
f 2975//2975 2978//2978 2979//2979
f 2978//2978 2980//2980 2981//2981
f 2981//2981 2982//2982 2979//2979
f 2978//2978 2981//2981 2979//2979
f 2982//2982 2983//2983 2984//2984
f 2983//2983 2985//2985 2986//2986
f 2986//2986 2977//2977 2984//2984
f 2983//2983 2986//2986 2984//2984
f 2975//2975 2979//2979 2976//2976
f 2979//2979 2982//2982 2984//2984
f 2984//2984 2977//2977 2976//2976
f 2979//2979 2984//2984 2976//2976
f 2985//2985 2987//2987 2988//2988
f 2987//2987 2989//2989 2990//2990
f 2990//2990 2991//2991 2988//2988
f 2987//2987 2990//2990 2988//2988
f 2989//2989 2992//2992 2993//2993
f 2992//2992 2886//2886 2994//2994
f 2994//2994 2995//2995 2993//2993
f 2992//2992 2994//2994 2993//2993
f 2995//2995 2996//2996 2997//2997
f 2996//2996 2971//2971 2998//2998
f 2998//2998 2991//2991 2997//2997
f 2996//2996 2998//2998 2997//2997
f 2989//2989 2993//2993 2990//2990
f 2993//2993 2995//2995 2997//2997
f 2997//2997 2991//2991 2990//2990
f 2993//2993 2997//2997 2990//2990
f 2966//2966 2974//2974 2967//2967
f 2974//2974 2977//2977 2999//2999
f 2999//2999 2968//2968 2967//2967
f 2974//2974 2999//2999 2967//2967
f 2977//2977 2986//2986 3000//3000
f 2986//2986 2985//2985 2988//2988
f 2988//2988 2991//2991 3000//3000
f 2986//2986 2988//2988 3000//3000
f 2991//2991 2998//2998 3001//3001
f 2998//2998 2971//2971 2969//2969
f 2969//2969 2968//2968 3001//3001
f 2998//2998 2969//2969 3001//3001
f 2977//2977 3000//3000 2999//2999
f 3000//3000 2991//2991 3001//3001
f 3001//3001 2968//2968 2999//2999
f 3000//3000 3001//3001 2999//2999
f 2908//2908 2906//2906 3002//3002
f 2906//2906 2903//2903 3003//3003
f 3003//3003 3004//3004 3002//3002
f 2906//2906 3003//3003 3002//3002
f 2903//2903 2901//2901 3005//3005
f 2901//2901 2894//2894 3006//3006
f 3006//3006 3007//3007 3005//3005
f 2901//2901 3006//3006 3005//3005
f 3007//3007 3008//3008 3009//3009
f 3008//3008 3010//3010 3011//3011
f 3011//3011 3004//3004 3009//3009
f 3008//3008 3011//3011 3009//3009
f 2903//2903 3005//3005 3003//3003
f 3005//3005 3007//3007 3009//3009
f 3009//3009 3004//3004 3003//3003
f 3005//3005 3009//3009 3003//3003
f 2894//2894 2892//2892 3012//3012
f 2892//2892 2889//2889 3013//3013
f 3013//3013 3014//3014 3012//3012
f 2892//2892 3013//3013 3012//3012
f 2889//2889 2887//2887 3015//3015
f 2887//2887 2886//2886 2992//2992
f 2992//2992 2989//2989 3015//3015
f 2887//2887 2992//2992 3015//3015
f 2989//2989 2987//2987 3016//3016
f 2987//2987 2985//2985 3017//3017
f 3017//3017 3014//3014 3016//3016
f 2987//2987 3017//3017 3016//3016
f 2889//2889 3015//3015 3013//3013
f 3015//3015 2989//2989 3016//3016
f 3016//3016 3014//3014 3013//3013
f 3015//3015 3016//3016 3013//3013
f 2985//2985 2983//2983 3018//3018
f 2983//2983 2982//2982 3019//3019
f 3019//3019 3020//3020 3018//3018
f 2983//2983 3019//3019 3018//3018
f 2982//2982 2981//2981 3021//3021
f 2981//2981 2980//2980 3022//3022
f 3022//3022 3023//3023 3021//3021
f 2981//2981 3022//3022 3021//3021
f 3023//3023 3024//3024 3025//3025
f 3024//3024 3010//3010 3026//3026
f 3026//3026 3020//3020 3025//3025
f 3024//3024 3026//3026 3025//3025
f 2982//2982 3021//3021 3019//3019
f 3021//3021 3023//3023 3025//3025
f 3025//3025 3020//3020 3019//3019
f 3021//3021 3025//3025 3019//3019
f 2894//2894 3012//3012 3006//3006
f 3012//3012 3014//3014 3027//3027
f 3027//3027 3007//3007 3006//3006
f 3012//3012 3027//3027 3006//3006
f 3014//3014 3017//3017 3028//3028
f 3017//3017 2985//2985 3018//3018
f 3018//3018 3020//3020 3028//3028
f 3017//3017 3018//3018 3028//3028
f 3020//3020 3026//3026 3029//3029
f 3026//3026 3010//3010 3008//3008
f 3008//3008 3007//3007 3029//3029
f 3026//3026 3008//3008 3029//3029
f 3014//3014 3028//3028 3027//3027
f 3028//3028 3020//3020 3029//3029
f 3029//3029 3007//3007 3027//3027
f 3028//3028 3029//3029 3027//3027
f 3030//3030 3031//3031 3032//3032
f 3031//3031 3033//3033 3034//3034
f 3034//3034 3035//3035 3032//3032
f 3031//3031 3034//3034 3032//3032
f 3033//3033 3036//3036 3037//3037
f 3036//3036 3038//3038 3039//3039
f 3039//3039 3040//3040 3037//3037
f 3036//3036 3039//3039 3037//3037
f 3040//3040 3041//3041 3042//3042
f 3041//3041 3043//3043 3044//3044
f 3044//3044 3035//3035 3042//3042
f 3041//3041 3044//3044 3042//3042
f 3033//3033 3037//3037 3034//3034
f 3037//3037 3040//3040 3042//3042
f 3042//3042 3035//3035 3034//3034
f 3037//3037 3042//3042 3034//3034
f 3038//3038 3045//3045 3046//3046
f 3045//3045 3047//3047 3048//3048
f 3048//3048 3049//3049 3046//3046
f 3045//3045 3048//3048 3046//3046
f 3047//3047 3050//3050 3051//3051
f 3050//3050 3052//3052 3053//3053
f 3053//3053 3054//3054 3051//3051
f 3050//3050 3053//3053 3051//3051
f 3054//3054 3055//3055 3056//3056
f 3055//3055 3057//3057 3058//3058
f 3058//3058 3049//3049 3056//3056
f 3055//3055 3058//3058 3056//3056
f 3047//3047 3051//3051 3048//3048
f 3051//3051 3054//3054 3056//3056
f 3056//3056 3049//3049 3048//3048
f 3051//3051 3056//3056 3048//3048
f 3057//3057 3059//3059 3060//3060
f 3059//3059 3061//3061 3062//3062
f 3062//3062 3063//3063 3060//3060
f 3059//3059 3062//3062 3060//3060
f 3061//3061 3064//3064 3065//3065
f 3064//3064 2958//2958 3066//3066
f 3066//3066 3067//3067 3065//3065
f 3064//3064 3066//3066 3065//3065
f 3067//3067 3068//3068 3069//3069
f 3068//3068 3043//3043 3070//3070
f 3070//3070 3063//3063 3069//3069
f 3068//3068 3070//3070 3069//3069
f 3061//3061 3065//3065 3062//3062
f 3065//3065 3067//3067 3069//3069
f 3069//3069 3063//3063 3062//3062
f 3065//3065 3069//3069 3062//3062
f 3038//3038 3046//3046 3039//3039
f 3046//3046 3049//3049 3071//3071
f 3071//3071 3040//3040 3039//3039
f 3046//3046 3071//3071 3039//3039
f 3049//3049 3058//3058 3072//3072
f 3058//3058 3057//3057 3060//3060
f 3060//3060 3063//3063 3072//3072
f 3058//3058 3060//3060 3072//3072
f 3063//3063 3070//3070 3073//3073
f 3070//3070 3043//3043 3041//3041
f 3041//3041 3040//3040 3073//3073
f 3070//3070 3041//3041 3073//3073
f 3049//3049 3072//3072 3071//3071
f 3072//3072 3063//3063 3073//3073
f 3073//3073 3040//3040 3071//3071
f 3072//3072 3073//3073 3071//3071
f 2980//2980 2978//2978 3074//3074
f 2978//2978 2975//2975 3075//3075
f 3075//3075 3076//3076 3074//3074
f 2978//2978 3075//3075 3074//3074
f 2975//2975 2973//2973 3077//3077
f 2973//2973 2966//2966 3078//3078
f 3078//3078 3079//3079 3077//3077
f 2973//2973 3078//3078 3077//3077
f 3079//3079 3080//3080 3081//3081
f 3080//3080 3082//3082 3083//3083
f 3083//3083 3076//3076 3081//3081
f 3080//3080 3083//3083 3081//3081
f 2975//2975 3077//3077 3075//3075
f 3077//3077 3079//3079 3081//3081
f 3081//3081 3076//3076 3075//3075
f 3077//3077 3081//3081 3075//3075
f 2966//2966 2964//2964 3084//3084
f 2964//2964 2961//2961 3085//3085
f 3085//3085 3086//3086 3084//3084
f 2964//2964 3085//3085 3084//3084
f 2961//2961 2959//2959 3087//3087
f 2959//2959 2958//2958 3064//3064
f 3064//3064 3061//3061 3087//3087
f 2959//2959 3064//3064 3087//3087
f 3061//3061 3059//3059 3088//3088
f 3059//3059 3057//3057 3089//3089
f 3089//3089 3086//3086 3088//3088
f 3059//3059 3089//3089 3088//3088
f 2961//2961 3087//3087 3085//3085
f 3087//3087 3061//3061 3088//3088
f 3088//3088 3086//3086 3085//3085
f 3087//3087 3088//3088 3085//3085
f 3057//3057 3055//3055 3090//3090
f 3055//3055 3054//3054 3091//3091
f 3091//3091 3092//3092 3090//3090
f 3055//3055 3091//3091 3090//3090
f 3054//3054 3053//3053 3093//3093
f 3053//3053 3052//3052 3094//3094
f 3094//3094 3095//3095 3093//3093
f 3053//3053 3094//3094 3093//3093
f 3095//3095 3096//3096 3097//3097
f 3096//3096 3082//3082 3098//3098
f 3098//3098 3092//3092 3097//3097
f 3096//3096 3098//3098 3097//3097
f 3054//3054 3093//3093 3091//3091
f 3093//3093 3095//3095 3097//3097
f 3097//3097 3092//3092 3091//3091
f 3093//3093 3097//3097 3091//3091
f 2966//2966 3084//3084 3078//3078
f 3084//3084 3086//3086 3099//3099
f 3099//3099 3079//3079 3078//3078
f 3084//3084 3099//3099 3078//3078
f 3086//3086 3089//3089 3100//3100
f 3089//3089 3057//3057 3090//3090
f 3090//3090 3092//3092 3100//3100
f 3089//3089 3090//3090 3100//3100
f 3092//3092 3098//3098 3101//3101
f 3098//3098 3082//3082 3080//3080
f 3080//3080 3079//3079 3101//3101
f 3098//3098 3080//3080 3101//3101
f 3086//3086 3100//3100 3099//3099
f 3100//3100 3092//3092 3101//3101
f 3101//3101 3079//3079 3099//3099
f 3100//3100 3101//3101 3099//3099
f 3102//3102 3103//3103 3104//3104
f 3103//3103 3105//3105 3106//3106
f 3106//3106 3107//3107 3104//3104
f 3103//3103 3106//3106 3104//3104
f 3105//3105 3108//3108 3109//3109
f 3108//3108 3110//3110 3111//3111
f 3111//3111 3112//3112 3109//3109
f 3108//3108 3111//3111 3109//3109
f 3112//3112 3113//3113 3114//3114
f 3113//3113 3115//3115 3116//3116
f 3116//3116 3107//3107 3114//3114
f 3113//3113 3116//3116 3114//3114
f 3105//3105 3109//3109 3106//3106
f 3109//3109 3112//3112 3114//3114
f 3114//3114 3107//3107 3106//3106
f 3109//3109 3114//3114 3106//3106
f 3110//3110 3117//3117 3118//3118
f 3117//3117 3119//3119 3120//3120
f 3120//3120 3121//3121 3118//3118
f 3117//3117 3120//3120 3118//3118
f 3119//3119 3122//3122 3123//3123
f 3122//3122 3124//3124 3125//3125
f 3125//3125 3126//3126 3123//3123
f 3122//3122 3125//3125 3123//3123
f 3126//3126 3127//3127 3128//3128
f 3127//3127 3129//3129 3130//3130
f 3130//3130 3121//3121 3128//3128
f 3127//3127 3130//3130 3128//3128
f 3119//3119 3123//3123 3120//3120
f 3123//3123 3126//3126 3128//3128
f 3128//3128 3121//3121 3120//3120
f 3123//3123 3128//3128 3120//3120
f 3129//3129 3131//3131 3132//3132
f 3131//3131 3133//3133 3134//3134
f 3134//3134 3135//3135 3132//3132
f 3131//3131 3134//3134 3132//3132
f 3133//3133 3136//3136 3137//3137
f 3136//3136 3030//3030 3138//3138
f 3138//3138 3139//3139 3137//3137
f 3136//3136 3138//3138 3137//3137
f 3139//3139 3140//3140 3141//3141
f 3140//3140 3115//3115 3142//3142
f 3142//3142 3135//3135 3141//3141
f 3140//3140 3142//3142 3141//3141
f 3133//3133 3137//3137 3134//3134
f 3137//3137 3139//3139 3141//3141
f 3141//3141 3135//3135 3134//3134
f 3137//3137 3141//3141 3134//3134
f 3110//3110 3118//3118 3111//3111
f 3118//3118 3121//3121 3143//3143
f 3143//3143 3112//3112 3111//3111
f 3118//3118 3143//3143 3111//3111
f 3121//3121 3130//3130 3144//3144
f 3130//3130 3129//3129 3132//3132
f 3132//3132 3135//3135 3144//3144
f 3130//3130 3132//3132 3144//3144
f 3135//3135 3142//3142 3145//3145
f 3142//3142 3115//3115 3113//3113
f 3113//3113 3112//3112 3145//3145
f 3142//3142 3113//3113 3145//3145
f 3121//3121 3144//3144 3143//3143
f 3144//3144 3135//3135 3145//3145
f 3145//3145 3112//3112 3143//3143
f 3144//3144 3145//3145 3143//3143
f 3052//3052 3050//3050 3146//3146
f 3050//3050 3047//3047 3147//3147
f 3147//3147 3148//3148 3146//3146
f 3050//3050 3147//3147 3146//3146
f 3047//3047 3045//3045 3149//3149
f 3045//3045 3038//3038 3150//3150
f 3150//3150 3151//3151 3149//3149
f 3045//3045 3150//3150 3149//3149
f 3151//3151 3152//3152 3153//3153
f 3152//3152 3154//3154 3155//3155
f 3155//3155 3148//3148 3153//3153
f 3152//3152 3155//3155 3153//3153
f 3047//3047 3149//3149 3147//3147
f 3149//3149 3151//3151 3153//3153
f 3153//3153 3148//3148 3147//3147
f 3149//3149 3153//3153 3147//3147
f 3038//3038 3036//3036 3156//3156
f 3036//3036 3033//3033 3157//3157
f 3157//3157 3158//3158 3156//3156
f 3036//3036 3157//3157 3156//3156
f 3033//3033 3031//3031 3159//3159
f 3031//3031 3030//3030 3136//3136
f 3136//3136 3133//3133 3159//3159
f 3031//3031 3136//3136 3159//3159
f 3133//3133 3131//3131 3160//3160
f 3131//3131 3129//3129 3161//3161
f 3161//3161 3158//3158 3160//3160
f 3131//3131 3161//3161 3160//3160
f 3033//3033 3159//3159 3157//3157
f 3159//3159 3133//3133 3160//3160
f 3160//3160 3158//3158 3157//3157
f 3159//3159 3160//3160 3157//3157
f 3129//3129 3127//3127 3162//3162
f 3127//3127 3126//3126 3163//3163
f 3163//3163 3164//3164 3162//3162
f 3127//3127 3163//3163 3162//3162
f 3126//3126 3125//3125 3165//3165
f 3125//3125 3124//3124 3166//3166
f 3166//3166 3167//3167 3165//3165
f 3125//3125 3166//3166 3165//3165
f 3167//3167 3168//3168 3169//3169
f 3168//3168 3154//3154 3170//3170
f 3170//3170 3164//3164 3169//3169
f 3168//3168 3170//3170 3169//3169
f 3126//3126 3165//3165 3163//3163
f 3165//3165 3167//3167 3169//3169
f 3169//3169 3164//3164 3163//3163
f 3165//3165 3169//3169 3163//3163
f 3038//3038 3156//3156 3150//3150
f 3156//3156 3158//3158 3171//3171
f 3171//3171 3151//3151 3150//3150
f 3156//3156 3171//3171 3150//3150
f 3158//3158 3161//3161 3172//3172
f 3161//3161 3129//3129 3162//3162
f 3162//3162 3164//3164 3172//3172
f 3161//3161 3162//3162 3172//3172
f 3164//3164 3170//3170 3173//3173
f 3170//3170 3154//3154 3152//3152
f 3152//3152 3151//3151 3173//3173
f 3170//3170 3152//3152 3173//3173
f 3158//3158 3172//3172 3171//3171
f 3172//3172 3164//3164 3173//3173
f 3173//3173 3151//3151 3171//3171
f 3172//3172 3173//3173 3171//3171
f 3174//3174 3175//3175 3176//3176
f 3175//3175 3177//3177 3178//3178
f 3178//3178 3179//3179 3176//3176
f 3175//3175 3178//3178 3176//3176
f 3177//3177 3180//3180 3181//3181
f 3180//3180 3182//3182 3183//3183
f 3183//3183 3184//3184 3181//3181
f 3180//3180 3183//3183 3181//3181
f 3184//3184 3185//3185 3186//3186
f 3185//3185 3187//3187 3188//3188
f 3188//3188 3179//3179 3186//3186
f 3185//3185 3188//3188 3186//3186
f 3177//3177 3181//3181 3178//3178
f 3181//3181 3184//3184 3186//3186
f 3186//3186 3179//3179 3178//3178
f 3181//3181 3186//3186 3178//3178
f 3182//3182 3189//3189 3190//3190
f 3189//3189 3191//3191 3192//3192
f 3192//3192 3193//3193 3190//3190
f 3189//3189 3192//3192 3190//3190
f 3191//3191 3194//3194 3195//3195
f 3194//3194 3196//3196 3197//3197
f 3197//3197 3198//3198 3195//3195
f 3194//3194 3197//3197 3195//3195
f 3198//3198 3199//3199 3200//3200
f 3199//3199 3201//3201 3202//3202
f 3202//3202 3193//3193 3200//3200
f 3199//3199 3202//3202 3200//3200
f 3191//3191 3195//3195 3192//3192
f 3195//3195 3198//3198 3200//3200
f 3200//3200 3193//3193 3192//3192
f 3195//3195 3200//3200 3192//3192
f 3201//3201 3203//3203 3204//3204
f 3203//3203 3205//3205 3206//3206
f 3206//3206 3207//3207 3204//3204
f 3203//3203 3206//3206 3204//3204
f 3205//3205 3208//3208 3209//3209
f 3208//3208 3102//3102 3210//3210
f 3210//3210 3211//3211 3209//3209
f 3208//3208 3210//3210 3209//3209
f 3211//3211 3212//3212 3213//3213
f 3212//3212 3187//3187 3214//3214
f 3214//3214 3207//3207 3213//3213
f 3212//3212 3214//3214 3213//3213
f 3205//3205 3209//3209 3206//3206
f 3209//3209 3211//3211 3213//3213
f 3213//3213 3207//3207 3206//3206
f 3209//3209 3213//3213 3206//3206
f 3182//3182 3190//3190 3183//3183
f 3190//3190 3193//3193 3215//3215
f 3215//3215 3184//3184 3183//3183
f 3190//3190 3215//3215 3183//3183
f 3193//3193 3202//3202 3216//3216
f 3202//3202 3201//3201 3204//3204
f 3204//3204 3207//3207 3216//3216
f 3202//3202 3204//3204 3216//3216
f 3207//3207 3214//3214 3217//3217
f 3214//3214 3187//3187 3185//3185
f 3185//3185 3184//3184 3217//3217
f 3214//3214 3185//3185 3217//3217
f 3193//3193 3216//3216 3215//3215
f 3216//3216 3207//3207 3217//3217
f 3217//3217 3184//3184 3215//3215
f 3216//3216 3217//3217 3215//3215
f 3124//3124 3122//3122 3218//3218
f 3122//3122 3119//3119 3219//3219
f 3219//3219 3220//3220 3218//3218
f 3122//3122 3219//3219 3218//3218
f 3119//3119 3117//3117 3221//3221
f 3117//3117 3110//3110 3222//3222
f 3222//3222 3223//3223 3221//3221
f 3117//3117 3222//3222 3221//3221
f 3223//3223 3224//3224 3225//3225
f 3224//3224 3226//3226 3227//3227
f 3227//3227 3220//3220 3225//3225
f 3224//3224 3227//3227 3225//3225
f 3119//3119 3221//3221 3219//3219
f 3221//3221 3223//3223 3225//3225
f 3225//3225 3220//3220 3219//3219
f 3221//3221 3225//3225 3219//3219
f 3110//3110 3108//3108 3228//3228
f 3108//3108 3105//3105 3229//3229
f 3229//3229 3230//3230 3228//3228
f 3108//3108 3229//3229 3228//3228
f 3105//3105 3103//3103 3231//3231
f 3103//3103 3102//3102 3208//3208
f 3208//3208 3205//3205 3231//3231
f 3103//3103 3208//3208 3231//3231
f 3205//3205 3203//3203 3232//3232
f 3203//3203 3201//3201 3233//3233
f 3233//3233 3230//3230 3232//3232
f 3203//3203 3233//3233 3232//3232
f 3105//3105 3231//3231 3229//3229
f 3231//3231 3205//3205 3232//3232
f 3232//3232 3230//3230 3229//3229
f 3231//3231 3232//3232 3229//3229
f 3201//3201 3199//3199 3234//3234
f 3199//3199 3198//3198 3235//3235
f 3235//3235 3236//3236 3234//3234
f 3199//3199 3235//3235 3234//3234
f 3198//3198 3197//3197 3237//3237
f 3197//3197 3196//3196 3238//3238
f 3238//3238 3239//3239 3237//3237
f 3197//3197 3238//3238 3237//3237
f 3239//3239 3240//3240 3241//3241
f 3240//3240 3226//3226 3242//3242
f 3242//3242 3236//3236 3241//3241
f 3240//3240 3242//3242 3241//3241
f 3198//3198 3237//3237 3235//3235
f 3237//3237 3239//3239 3241//3241
f 3241//3241 3236//3236 3235//3235
f 3237//3237 3241//3241 3235//3235
f 3110//3110 3228//3228 3222//3222
f 3228//3228 3230//3230 3243//3243
f 3243//3243 3223//3223 3222//3222
f 3228//3228 3243//3243 3222//3222
f 3230//3230 3233//3233 3244//3244
f 3233//3233 3201//3201 3234//3234
f 3234//3234 3236//3236 3244//3244
f 3233//3233 3234//3234 3244//3244
f 3236//3236 3242//3242 3245//3245
f 3242//3242 3226//3226 3224//3224
f 3224//3224 3223//3223 3245//3245
f 3242//3242 3224//3224 3245//3245
f 3230//3230 3244//3244 3243//3243
f 3244//3244 3236//3236 3245//3245
f 3245//3245 3223//3223 3243//3243
f 3244//3244 3245//3245 3243//3243
f 3246//3246 3247//3247 3248//3248
f 3247//3247 3249//3249 3250//3250
f 3250//3250 3251//3251 3248//3248
f 3247//3247 3250//3250 3248//3248
f 3249//3249 3252//3252 3253//3253
f 3252//3252 3254//3254 3255//3255
f 3255//3255 3256//3256 3253//3253
f 3252//3252 3255//3255 3253//3253
f 3256//3256 3257//3257 3258//3258
f 3257//3257 3259//3259 3260//3260
f 3260//3260 3251//3251 3258//3258
f 3257//3257 3260//3260 3258//3258
f 3249//3249 3253//3253 3250//3250
f 3253//3253 3256//3256 3258//3258
f 3258//3258 3251//3251 3250//3250
f 3253//3253 3258//3258 3250//3250
f 3254//3254 3261//3261 3262//3262
f 3261//3261 3263//3263 3264//3264
f 3264//3264 3265//3265 3262//3262
f 3261//3261 3264//3264 3262//3262
f 3263//3263 3266//3266 3267//3267
f 3266//3266 3268//3268 3269//3269
f 3269//3269 3270//3270 3267//3267
f 3266//3266 3269//3269 3267//3267
f 3270//3270 3271//3271 3272//3272
f 3271//3271 3273//3273 3274//3274
f 3274//3274 3265//3265 3272//3272
f 3271//3271 3274//3274 3272//3272
f 3263//3263 3267//3267 3264//3264
f 3267//3267 3270//3270 3272//3272
f 3272//3272 3265//3265 3264//3264
f 3267//3267 3272//3272 3264//3264
f 3273//3273 3275//3275 3276//3276
f 3275//3275 3277//3277 3278//3278
f 3278//3278 3279//3279 3276//3276
f 3275//3275 3278//3278 3276//3276
f 3277//3277 3280//3280 3281//3281
f 3280//3280 3174//3174 3282//3282
f 3282//3282 3283//3283 3281//3281
f 3280//3280 3282//3282 3281//3281
f 3283//3283 3284//3284 3285//3285
f 3284//3284 3259//3259 3286//3286
f 3286//3286 3279//3279 3285//3285
f 3284//3284 3286//3286 3285//3285
f 3277//3277 3281//3281 3278//3278
f 3281//3281 3283//3283 3285//3285
f 3285//3285 3279//3279 3278//3278
f 3281//3281 3285//3285 3278//3278
f 3254//3254 3262//3262 3255//3255
f 3262//3262 3265//3265 3287//3287
f 3287//3287 3256//3256 3255//3255
f 3262//3262 3287//3287 3255//3255
f 3265//3265 3274//3274 3288//3288
f 3274//3274 3273//3273 3276//3276
f 3276//3276 3279//3279 3288//3288
f 3274//3274 3276//3276 3288//3288
f 3279//3279 3286//3286 3289//3289
f 3286//3286 3259//3259 3257//3257
f 3257//3257 3256//3256 3289//3289
f 3286//3286 3257//3257 3289//3289
f 3265//3265 3288//3288 3287//3287
f 3288//3288 3279//3279 3289//3289
f 3289//3289 3256//3256 3287//3287
f 3288//3288 3289//3289 3287//3287
f 3196//3196 3194//3194 3290//3290
f 3194//3194 3191//3191 3291//3291
f 3291//3291 3292//3292 3290//3290
f 3194//3194 3291//3291 3290//3290
f 3191//3191 3189//3189 3293//3293
f 3189//3189 3182//3182 3294//3294
f 3294//3294 3295//3295 3293//3293
f 3189//3189 3294//3294 3293//3293
f 3295//3295 3296//3296 3297//3297
f 3296//3296 3298//3298 3299//3299
f 3299//3299 3292//3292 3297//3297
f 3296//3296 3299//3299 3297//3297
f 3191//3191 3293//3293 3291//3291
f 3293//3293 3295//3295 3297//3297
f 3297//3297 3292//3292 3291//3291
f 3293//3293 3297//3297 3291//3291
f 3182//3182 3180//3180 3300//3300
f 3180//3180 3177//3177 3301//3301
f 3301//3301 3302//3302 3300//3300
f 3180//3180 3301//3301 3300//3300
f 3177//3177 3175//3175 3303//3303
f 3175//3175 3174//3174 3280//3280
f 3280//3280 3277//3277 3303//3303
f 3175//3175 3280//3280 3303//3303
f 3277//3277 3275//3275 3304//3304
f 3275//3275 3273//3273 3305//3305
f 3305//3305 3302//3302 3304//3304
f 3275//3275 3305//3305 3304//3304
f 3177//3177 3303//3303 3301//3301
f 3303//3303 3277//3277 3304//3304
f 3304//3304 3302//3302 3301//3301
f 3303//3303 3304//3304 3301//3301
f 3273//3273 3271//3271 3306//3306
f 3271//3271 3270//3270 3307//3307
f 3307//3307 3308//3308 3306//3306
f 3271//3271 3307//3307 3306//3306
f 3270//3270 3269//3269 3309//3309
f 3269//3269 3268//3268 3310//3310
f 3310//3310 3311//3311 3309//3309
f 3269//3269 3310//3310 3309//3309
f 3311//3311 3312//3312 3313//3313
f 3312//3312 3298//3298 3314//3314
f 3314//3314 3308//3308 3313//3313
f 3312//3312 3314//3314 3313//3313
f 3270//3270 3309//3309 3307//3307
f 3309//3309 3311//3311 3313//3313
f 3313//3313 3308//3308 3307//3307
f 3309//3309 3313//3313 3307//3307
f 3182//3182 3300//3300 3294//3294
f 3300//3300 3302//3302 3315//3315
f 3315//3315 3295//3295 3294//3294
f 3300//3300 3315//3315 3294//3294
f 3302//3302 3305//3305 3316//3316
f 3305//3305 3273//3273 3306//3306
f 3306//3306 3308//3308 3316//3316
f 3305//3305 3306//3306 3316//3316
f 3308//3308 3314//3314 3317//3317
f 3314//3314 3298//3298 3296//3296
f 3296//3296 3295//3295 3317//3317
f 3314//3314 3296//3296 3317//3317
f 3302//3302 3316//3316 3315//3315
f 3316//3316 3308//3308 3317//3317
f 3317//3317 3295//3295 3315//3315
f 3316//3316 3317//3317 3315//3315
f 3318//3318 3319//3319 3320//3320
f 3319//3319 3321//3321 3322//3322
f 3322//3322 3323//3323 3320//3320
f 3319//3319 3322//3322 3320//3320
f 3321//3321 3324//3324 3325//3325
f 3324//3324 3326//3326 3327//3327
f 3327//3327 3328//3328 3325//3325
f 3324//3324 3327//3327 3325//3325
f 3328//3328 3329//3329 3330//3330
f 3329//3329 3331//3331 3332//3332
f 3332//3332 3323//3323 3330//3330
f 3329//3329 3332//3332 3330//3330
f 3321//3321 3325//3325 3322//3322
f 3325//3325 3328//3328 3330//3330
f 3330//3330 3323//3323 3322//3322
f 3325//3325 3330//3330 3322//3322
f 3326//3326 3333//3333 3334//3334
f 3333//3333 3335//3335 3336//3336
f 3336//3336 3337//3337 3334//3334
f 3333//3333 3336//3336 3334//3334
f 3335//3335 3338//3338 3339//3339
f 3338//3338 3340//3340 3341//3341
f 3341//3341 3342//3342 3339//3339
f 3338//3338 3341//3341 3339//3339
f 3342//3342 3343//3343 3344//3344
f 3343//3343 3345//3345 3346//3346
f 3346//3346 3337//3337 3344//3344
f 3343//3343 3346//3346 3344//3344
f 3335//3335 3339//3339 3336//3336
f 3339//3339 3342//3342 3344//3344
f 3344//3344 3337//3337 3336//3336
f 3339//3339 3344//3344 3336//3336
f 3345//3345 3347//3347 3348//3348
f 3347//3347 3349//3349 3350//3350
f 3350//3350 3351//3351 3348//3348
f 3347//3347 3350//3350 3348//3348
f 3349//3349 3352//3352 3353//3353
f 3352//3352 3246//3246 3354//3354
f 3354//3354 3355//3355 3353//3353
f 3352//3352 3354//3354 3353//3353
f 3355//3355 3356//3356 3357//3357
f 3356//3356 3331//3331 3358//3358
f 3358//3358 3351//3351 3357//3357
f 3356//3356 3358//3358 3357//3357
f 3349//3349 3353//3353 3350//3350
f 3353//3353 3355//3355 3357//3357
f 3357//3357 3351//3351 3350//3350
f 3353//3353 3357//3357 3350//3350
f 3326//3326 3334//3334 3327//3327
f 3334//3334 3337//3337 3359//3359
f 3359//3359 3328//3328 3327//3327
f 3334//3334 3359//3359 3327//3327
f 3337//3337 3346//3346 3360//3360
f 3346//3346 3345//3345 3348//3348
f 3348//3348 3351//3351 3360//3360
f 3346//3346 3348//3348 3360//3360
f 3351//3351 3358//3358 3361//3361
f 3358//3358 3331//3331 3329//3329
f 3329//3329 3328//3328 3361//3361
f 3358//3358 3329//3329 3361//3361
f 3337//3337 3360//3360 3359//3359
f 3360//3360 3351//3351 3361//3361
f 3361//3361 3328//3328 3359//3359
f 3360//3360 3361//3361 3359//3359
f 3268//3268 3266//3266 3362//3362
f 3266//3266 3263//3263 3363//3363
f 3363//3363 3364//3364 3362//3362
f 3266//3266 3363//3363 3362//3362
f 3263//3263 3261//3261 3365//3365
f 3261//3261 3254//3254 3366//3366
f 3366//3366 3367//3367 3365//3365
f 3261//3261 3366//3366 3365//3365
f 3367//3367 3368//3368 3369//3369
f 3368//3368 3370//3370 3371//3371
f 3371//3371 3364//3364 3369//3369
f 3368//3368 3371//3371 3369//3369
f 3263//3263 3365//3365 3363//3363
f 3365//3365 3367//3367 3369//3369
f 3369//3369 3364//3364 3363//3363
f 3365//3365 3369//3369 3363//3363
f 3254//3254 3252//3252 3372//3372
f 3252//3252 3249//3249 3373//3373
f 3373//3373 3374//3374 3372//3372
f 3252//3252 3373//3373 3372//3372
f 3249//3249 3247//3247 3375//3375
f 3247//3247 3246//3246 3352//3352
f 3352//3352 3349//3349 3375//3375
f 3247//3247 3352//3352 3375//3375
f 3349//3349 3347//3347 3376//3376
f 3347//3347 3345//3345 3377//3377
f 3377//3377 3374//3374 3376//3376
f 3347//3347 3377//3377 3376//3376
f 3249//3249 3375//3375 3373//3373
f 3375//3375 3349//3349 3376//3376
f 3376//3376 3374//3374 3373//3373
f 3375//3375 3376//3376 3373//3373
f 3345//3345 3343//3343 3378//3378
f 3343//3343 3342//3342 3379//3379
f 3379//3379 3380//3380 3378//3378
f 3343//3343 3379//3379 3378//3378
f 3342//3342 3341//3341 3381//3381
f 3341//3341 3340//3340 3382//3382
f 3382//3382 3383//3383 3381//3381
f 3341//3341 3382//3382 3381//3381
f 3383//3383 3384//3384 3385//3385
f 3384//3384 3370//3370 3386//3386
f 3386//3386 3380//3380 3385//3385
f 3384//3384 3386//3386 3385//3385
f 3342//3342 3381//3381 3379//3379
f 3381//3381 3383//3383 3385//3385
f 3385//3385 3380//3380 3379//3379
f 3381//3381 3385//3385 3379//3379
f 3254//3254 3372//3372 3366//3366
f 3372//3372 3374//3374 3387//3387
f 3387//3387 3367//3367 3366//3366
f 3372//3372 3387//3387 3366//3366
f 3374//3374 3377//3377 3388//3388
f 3377//3377 3345//3345 3378//3378
f 3378//3378 3380//3380 3388//3388
f 3377//3377 3378//3378 3388//3388
f 3380//3380 3386//3386 3389//3389
f 3386//3386 3370//3370 3368//3368
f 3368//3368 3367//3367 3389//3389
f 3386//3386 3368//3368 3389//3389
f 3374//3374 3388//3388 3387//3387
f 3388//3388 3380//3380 3389//3389
f 3389//3389 3367//3367 3387//3387
f 3388//3388 3389//3389 3387//3387
f 2337//2337 2366//2366 3390//3390
f 2366//2366 2363//2363 3391//3391
f 3391//3391 3392//3392 3390//3390
f 2366//2366 3391//3391 3390//3390
f 2363//2363 2361//2361 3393//3393
f 2361//2361 2354//2354 3394//3394
f 3394//3394 3395//3395 3393//3393
f 2361//2361 3394//3394 3393//3393
f 3395//3395 3396//3396 3397//3397
f 3396//3396 3398//3398 3399//3399
f 3399//3399 3392//3392 3397//3397
f 3396//3396 3399//3399 3397//3397
f 2363//2363 3393//3393 3391//3391
f 3393//3393 3395//3395 3397//3397
f 3397//3397 3392//3392 3391//3391
f 3393//3393 3397//3397 3391//3391
f 2354//2354 2352//2352 3400//3400
f 2352//2352 2349//2349 3401//3401
f 3401//3401 3402//3402 3400//3400
f 2352//2352 3401//3401 3400//3400
f 2349//2349 2347//2347 3403//3403
f 2347//2347 2346//2346 3404//3404
f 3404//3404 3405//3405 3403//3403
f 2347//2347 3404//3404 3403//3403
f 3405//3405 3406//3406 3407//3407
f 3406//3406 3408//3408 3409//3409
f 3409//3409 3402//3402 3407//3407
f 3406//3406 3409//3409 3407//3407
f 2349//2349 3403//3403 3401//3401
f 3403//3403 3405//3405 3407//3407
f 3407//3407 3402//3402 3401//3401
f 3403//3403 3407//3407 3401//3401
f 3408//3408 3410//3410 3411//3411
f 3410//3410 3412//3412 3413//3413
f 3413//3413 3414//3414 3411//3411
f 3410//3410 3413//3413 3411//3411
f 3412//3412 3415//3415 3416//3416
f 3415//3415 3318//3318 3417//3417
f 3417//3417 3418//3418 3416//3416
f 3415//3415 3417//3417 3416//3416
f 3418//3418 3419//3419 3420//3420
f 3419//3419 3398//3398 3421//3421
f 3421//3421 3414//3414 3420//3420
f 3419//3419 3421//3421 3420//3420
f 3412//3412 3416//3416 3413//3413
f 3416//3416 3418//3418 3420//3420
f 3420//3420 3414//3414 3413//3413
f 3416//3416 3420//3420 3413//3413
f 2354//2354 3400//3400 3394//3394
f 3400//3400 3402//3402 3422//3422
f 3422//3422 3395//3395 3394//3394
f 3400//3400 3422//3422 3394//3394
f 3402//3402 3409//3409 3423//3423
f 3409//3409 3408//3408 3411//3411
f 3411//3411 3414//3414 3423//3423
f 3409//3409 3411//3411 3423//3423
f 3414//3414 3421//3421 3424//3424
f 3421//3421 3398//3398 3396//3396
f 3396//3396 3395//3395 3424//3424
f 3421//3421 3396//3396 3424//3424
f 3402//3402 3423//3423 3422//3422
f 3423//3423 3414//3414 3424//3424
f 3424//3424 3395//3395 3422//3422
f 3423//3423 3424//3424 3422//3422
f 3340//3340 3338//3338 3425//3425
f 3338//3338 3335//3335 3426//3426
f 3426//3426 3427//3427 3425//3425
f 3338//3338 3426//3426 3425//3425
f 3335//3335 3333//3333 3428//3428
f 3333//3333 3326//3326 3429//3429
f 3429//3429 3430//3430 3428//3428
f 3333//3333 3429//3429 3428//3428
f 3430//3430 3431//3431 3432//3432
f 3431//3431 3433//3433 3434//3434
f 3434//3434 3427//3427 3432//3432
f 3431//3431 3434//3434 3432//3432
f 3335//3335 3428//3428 3426//3426
f 3428//3428 3430//3430 3432//3432
f 3432//3432 3427//3427 3426//3426
f 3428//3428 3432//3432 3426//3426
f 3326//3326 3324//3324 3435//3435
f 3324//3324 3321//3321 3436//3436
f 3436//3436 3437//3437 3435//3435
f 3324//3324 3436//3436 3435//3435
f 3321//3321 3319//3319 3438//3438
f 3319//3319 3318//3318 3415//3415
f 3415//3415 3412//3412 3438//3438
f 3319//3319 3415//3415 3438//3438
f 3412//3412 3410//3410 3439//3439
f 3410//3410 3408//3408 3440//3440
f 3440//3440 3437//3437 3439//3439
f 3410//3410 3440//3440 3439//3439
f 3321//3321 3438//3438 3436//3436
f 3438//3438 3412//3412 3439//3439
f 3439//3439 3437//3437 3436//3436
f 3438//3438 3439//3439 3436//3436
f 3408//3408 3406//3406 3441//3441
f 3406//3406 3405//3405 3442//3442
f 3442//3442 3443//3443 3441//3441
f 3406//3406 3442//3442 3441//3441
f 3405//3405 3404//3404 3444//3444
f 3404//3404 2346//2346 3445//3445
f 3445//3445 3446//3446 3444//3444
f 3404//3404 3445//3445 3444//3444
f 3446//3446 3447//3447 3448//3448
f 3447//3447 3433//3433 3449//3449
f 3449//3449 3443//3443 3448//3448
f 3447//3447 3449//3449 3448//3448
f 3405//3405 3444//3444 3442//3442
f 3444//3444 3446//3446 3448//3448
f 3448//3448 3443//3443 3442//3442
f 3444//3444 3448//3448 3442//3442
f 3326//3326 3435//3435 3429//3429
f 3435//3435 3437//3437 3450//3450
f 3450//3450 3430//3430 3429//3429
f 3435//3435 3450//3450 3429//3429
f 3437//3437 3440//3440 3451//3451
f 3440//3440 3408//3408 3441//3441
f 3441//3441 3443//3443 3451//3451
f 3440//3440 3441//3441 3451//3451
f 3443//3443 3449//3449 3452//3452
f 3449//3449 3433//3433 3431//3431
f 3431//3431 3430//3430 3452//3452
f 3449//3449 3431//3431 3452//3452
f 3437//3437 3451//3451 3450//3450
f 3451//3451 3443//3443 3452//3452
f 3452//3452 3430//3430 3450//3450
f 3451//3451 3452//3452 3450//3450
f 3318//3318 3320//3320 3453//3453
f 3320//3320 3323//3323 3454//3454
f 3454//3454 3455//3455 3453//3453
f 3320//3320 3454//3454 3453//3453
f 3323//3323 3332//3332 3456//3456
f 3332//3332 3331//3331 3457//3457
f 3457//3457 3458//3458 3456//3456
f 3332//3332 3457//3457 3456//3456
f 3458//3458 3459//3459 3460//3460
f 3459//3459 3461//3461 3462//3462
f 3462//3462 3455//3455 3460//3460
f 3459//3459 3462//3462 3460//3460
f 3323//3323 3456//3456 3454//3454
f 3456//3456 3458//3458 3460//3460
f 3460//3460 3455//3455 3454//3454
f 3456//3456 3460//3460 3454//3454
f 3331//3331 3356//3356 3463//3463
f 3356//3356 3355//3355 3464//3464
f 3464//3464 3465//3465 3463//3463
f 3356//3356 3464//3464 3463//3463
f 3355//3355 3354//3354 3466//3466
f 3354//3354 3246//3246 3248//3248
f 3248//3248 3251//3251 3466//3466
f 3354//3354 3248//3248 3466//3466
f 3251//3251 3260//3260 3467//3467
f 3260//3260 3259//3259 3468//3468
f 3468//3468 3465//3465 3467//3467
f 3260//3260 3468//3468 3467//3467
f 3355//3355 3466//3466 3464//3464
f 3466//3466 3251//3251 3467//3467
f 3467//3467 3465//3465 3464//3464
f 3466//3466 3467//3467 3464//3464
f 3259//3259 3284//3284 3469//3469
f 3284//3284 3283//3283 3470//3470
f 3470//3470 3471//3471 3469//3469
f 3284//3284 3470//3470 3469//3469
f 3283//3283 3282//3282 3472//3472
f 3282//3282 3174//3174 3473//3473
f 3473//3473 3474//3474 3472//3472
f 3282//3282 3473//3473 3472//3472
f 3474//3474 3475//3475 3476//3476
f 3475//3475 3461//3461 3477//3477
f 3477//3477 3471//3471 3476//3476
f 3475//3475 3477//3477 3476//3476
f 3283//3283 3472//3472 3470//3470
f 3472//3472 3474//3474 3476//3476
f 3476//3476 3471//3471 3470//3470
f 3472//3472 3476//3476 3470//3470
f 3331//3331 3463//3463 3457//3457
f 3463//3463 3465//3465 3478//3478
f 3478//3478 3458//3458 3457//3457
f 3463//3463 3478//3478 3457//3457
f 3465//3465 3468//3468 3479//3479
f 3468//3468 3259//3259 3469//3469
f 3469//3469 3471//3471 3479//3479
f 3468//3468 3469//3469 3479//3479
f 3471//3471 3477//3477 3480//3480
f 3477//3477 3461//3461 3459//3459
f 3459//3459 3458//3458 3480//3480
f 3477//3477 3459//3459 3480//3480
f 3465//3465 3479//3479 3478//3478
f 3479//3479 3471//3471 3480//3480
f 3480//3480 3458//3458 3478//3478
f 3479//3479 3480//3480 3478//3478
f 2346//2346 2348//2348 3481//3481
f 2348//2348 2351//2351 3482//3482
f 3482//3482 3483//3483 3481//3481
f 2348//2348 3482//3482 3481//3481
f 2351//2351 2360//2360 3484//3484
f 2360//2360 2359//2359 3485//3485
f 3485//3485 3486//3486 3484//3484
f 2360//2360 3485//3485 3484//3484
f 3486//3486 3487//3487 3488//3488
f 3487//3487 3489//3489 3490//3490
f 3490//3490 3483//3483 3488//3488
f 3487//3487 3490//3490 3488//3488
f 2351//2351 3484//3484 3482//3482
f 3484//3484 3486//3486 3488//3488
f 3488//3488 3483//3483 3482//3482
f 3484//3484 3488//3488 3482//3482
f 2359//2359 2376//2376 3491//3491
f 2376//2376 2375//2375 3492//3492
f 3492//3492 3493//3493 3491//3491
f 2376//2376 3492//3492 3491//3491
f 2375//2375 2374//2374 3494//3494
f 2374//2374 2323//2323 2426//2426
f 2426//2426 2428//2428 3494//3494
f 2374//2374 2426//2426 3494//3494
f 2428//2428 2435//2435 3495//3495
f 2435//2435 2434//2434 3496//3496
f 3496//3496 3493//3493 3495//3495
f 2435//2435 3496//3496 3495//3495
f 2375//2375 3494//3494 3492//3492
f 3494//3494 2428//2428 3495//3495
f 3495//3495 3493//3493 3492//3492
f 3494//3494 3495//3495 3492//3492
f 2434//2434 2448//2448 3497//3497
f 2448//2448 2447//2447 3498//3498
f 3498//3498 3499//3499 3497//3497
f 2448//2448 3498//3498 3497//3497
f 2447//2447 2446//2446 3500//3500
f 2446//2446 2404//2404 3501//3501
f 3501//3501 3502//3502 3500//3500
f 2446//2446 3501//3501 3500//3500
f 3502//3502 3503//3503 3504//3504
f 3503//3503 3489//3489 3505//3505
f 3505//3505 3499//3499 3504//3504
f 3503//3503 3505//3505 3504//3504
f 2447//2447 3500//3500 3498//3498
f 3500//3500 3502//3502 3504//3504
f 3504//3504 3499//3499 3498//3498
f 3500//3500 3504//3504 3498//3498
f 2359//2359 3491//3491 3485//3485
f 3491//3491 3493//3493 3506//3506
f 3506//3506 3486//3486 3485//3485
f 3491//3491 3506//3506 3485//3485
f 3493//3493 3496//3496 3507//3507
f 3496//3496 2434//2434 3497//3497
f 3497//3497 3499//3499 3507//3507
f 3496//3496 3497//3497 3507//3507
f 3499//3499 3505//3505 3508//3508
f 3505//3505 3489//3489 3487//3487
f 3487//3487 3486//3486 3508//3508
f 3505//3505 3487//3487 3508//3508
f 3493//3493 3507//3507 3506//3506
f 3507//3507 3499//3499 3508//3508
f 3508//3508 3486//3486 3506//3506
f 3507//3507 3508//3508 3506//3506
f 3509//3509 3510//3510 3511//3511
f 3510//3510 3512//3512 3513//3513
f 3513//3513 3514//3514 3511//3511
f 3510//3510 3513//3513 3511//3511
f 3513//3513 3515//3515 3516//3516
f 3516//3516 3514//3514 3513//3513
f 3512//3512 3517//3517 3513//3513
f 3518//3518 3515//3515 3513//3513
f 3519//3519 3520//3520 3521//3521
f 3520//3520 3522//3522 3523//3523
f 3523//3523 3524//3524 3521//3521
f 3520//3520 3523//3523 3521//3521
f 3522//3522 3525//3525 3526//3526
f 3525//3525 3527//3527 3528//3528
f 3528//3528 3529//3529 3526//3526
f 3525//3525 3528//3528 3526//3526
f 3529//3529 3530//3530 3531//3531
f 3530//3530 3532//3532 3533//3533
f 3533//3533 3524//3524 3531//3531
f 3530//3530 3533//3533 3531//3531
f 3522//3522 3526//3526 3523//3523
f 3526//3526 3529//3529 3531//3531
f 3531//3531 3524//3524 3523//3523
f 3526//3526 3531//3531 3523//3523
f 3527//3527 3534//3534 3535//3535
f 3534//3534 3536//3536 3512//3512
f 3512//3512 3537//3537 3535//3535
f 3534//3534 3512//3512 3535//3535
f 3536//3536 3538//3538 3512//3512
f 3538//3538 3539//3539 3512//3512
f 3540//3540 3537//3537 3512//3512
f 3512//3512 3541//3541 3542//3542
f 3541//3541 3512//3512 3543//3543
f 3543//3543 3544//3544 3542//3542
f 3541//3541 3543//3543 3542//3542
f 3512//3512 3545//3545 3546//3546
f 3545//3545 3509//3509 3547//3547
f 3547//3547 3548//3548 3546//3546
f 3545//3545 3547//3547 3546//3546
f 3548//3548 3549//3549 3550//3550
f 3549//3549 3532//3532 3551//3551
f 3551//3551 3544//3544 3550//3550
f 3549//3549 3551//3551 3550//3550
f 3512//3512 3546//3546 3543//3543
f 3546//3546 3548//3548 3550//3550
f 3550//3550 3544//3544 3543//3543
f 3546//3546 3550//3550 3543//3543
f 3527//3527 3535//3535 3528//3528
f 3535//3535 3537//3537 3552//3552
f 3552//3552 3529//3529 3528//3528
f 3535//3535 3552//3552 3528//3528
f 3537//3537 3540//3540 3553//3553
f 3540//3540 3512//3512 3542//3542
f 3542//3542 3544//3544 3553//3553
f 3540//3540 3542//3542 3553//3553
f 3544//3544 3551//3551 3554//3554
f 3551//3551 3532//3532 3530//3530
f 3530//3530 3529//3529 3554//3554
f 3551//3551 3530//3530 3554//3554
f 3537//3537 3553//3553 3552//3552
f 3553//3553 3544//3544 3554//3554
f 3554//3554 3529//3529 3552//3552
f 3553//3553 3554//3554 3552//3552
f 3517//3517 3512//3512 3555//3555
f 3512//3512 3556//3556 3555//3555
f 3512//3512 3557//3557 3558//3558
f 3558//3558 3556//3556 3512//3512
f 3510//3510 3509//3509 3545//3545
f 3510//3510 3545//3545 3512//3512
f 3512//3512 3539//3539 3559//3559
f 3559//3559 3560//3560 3512//3512
f 3560//3560 3561//3561 3512//3512
f 3561//3561 3557//3557 3512//3512
f 3562//3562 3563//3563 3564//3564
f 3564//3564 3565//3565 3562//3562
f 3566//3566 3519//3519 3562//3562
f 3539//3539 3538//3538 3567//3567
f 3538//3538 3536//3536 3568//3568
f 3568//3568 3569//3569 3567//3567
f 3538//3538 3568//3568 3567//3567
f 3536//3536 3534//3534 3570//3570
f 3534//3534 3527//3527 3571//3571
f 3571//3571 3572//3572 3570//3570
f 3534//3534 3571//3571 3570//3570
f 3572//3572 3573//3573 3574//3574
f 3573//3573 3575//3575 3576//3576
f 3576//3576 3569//3569 3574//3574
f 3573//3573 3576//3576 3574//3574
f 3536//3536 3570//3570 3568//3568
f 3570//3570 3572//3572 3574//3574
f 3574//3574 3569//3569 3568//3568
f 3570//3570 3574//3574 3568//3568
f 3527//3527 3525//3525 3577//3577
f 3525//3525 3522//3522 3578//3578
f 3578//3578 3579//3579 3577//3577
f 3525//3525 3578//3578 3577//3577
f 3522//3522 3520//3520 3580//3580
f 3520//3520 3519//3519 3566//3566
f 3566//3566 3562//3562 3580//3580
f 3520//3520 3566//3566 3580//3580
f 3581//3581 3579//3579 3582//3582
f 3562//3562 3581//3581 3582//3582
f 3522//3522 3580//3580 3578//3578
f 3580//3580 3562//3562 3582//3582
f 3582//3582 3579//3579 3578//3578
f 3580//3580 3582//3582 3578//3578
f 3562//3562 3565//3565 3583//3583
f 3583//3583 3584//3584 3585//3585
f 3562//3562 3583//3583 3585//3585
f 3565//3565 3564//3564 3586//3586
f 3564//3564 3563//3563 3587//3587
f 3587//3587 3588//3588 3586//3586
f 3564//3564 3587//3587 3586//3586
f 3588//3588 3589//3589 3590//3590
f 3589//3589 3575//3575 3591//3591
f 3591//3591 3584//3584 3590//3590
f 3589//3589 3591//3591 3590//3590
f 3565//3565 3586//3586 3583//3583
f 3586//3586 3588//3588 3590//3590
f 3590//3590 3584//3584 3583//3583
f 3586//3586 3590//3590 3583//3583
f 3527//3527 3577//3577 3571//3571
f 3577//3577 3579//3579 3592//3592
f 3592//3592 3572//3572 3571//3571
f 3577//3577 3592//3592 3571//3571
f 3579//3579 3581//3581 3593//3593
f 3581//3581 3562//3562 3585//3585
f 3585//3585 3584//3584 3593//3593
f 3581//3581 3585//3585 3593//3593
f 3584//3584 3591//3591 3594//3594
f 3591//3591 3575//3575 3573//3573
f 3573//3573 3572//3572 3594//3594
f 3591//3591 3573//3573 3594//3594
f 3579//3579 3593//3593 3592//3592
f 3593//3593 3584//3584 3594//3594
f 3594//3594 3572//3572 3592//3592
f 3593//3593 3594//3594 3592//3592
f 3595//3595 3596//3596 3562//3562
f 3563//3563 3562//3562 3596//3596
f 3597//3597 3596//3596 3598//3598
f 3596//3596 3595//3595 3598//3598
f 3599//3599 3600//3600 3601//3601
f 3602//3602 3599//3599 3601//3601
f 3600//3600 3603//3603 3604//3604
f 3603//3603 3598//3598 3604//3604
f 3602//3602 3601//3601 3605//3605
f 3601//3601 3600//3600 3604//3604
f 3604//3604 3598//3598 3605//3605
f 3601//3601 3604//3604 3605//3605
f 3602//3602 3606//3606 3607//3607
f 3608//3608 3606//3606 3609//3609
f 3602//3602 3608//3608 3609//3609
f 3609//3609 3606//3606 3602//3602
f 3608//3608 3610//3610 3611//3611
f 3598//3598 3612//3612 3611//3611
f 3610//3610 3598//3598 3611//3611
f 3613//3613 3612//3612 3614//3614
f 3598//3598 3613//3613 3614//3614
f 3614//3614 3612//3612 3598//3598
f 3602//3602 3607//3607 3599//3599
f 3607//3607 3606//3606 3615//3615
f 3615//3615 3600//3600 3599//3599
f 3607//3607 3615//3615 3599//3599
f 3606//3606 3608//3608 3616//3616
f 3611//3611 3612//3612 3616//3616
f 3608//3608 3611//3611 3616//3616
f 3612//3612 3613//3613 3617//3617
f 3613//3613 3598//3598 3603//3603
f 3603//3603 3600//3600 3617//3617
f 3613//3613 3603//3603 3617//3617
f 3606//3606 3616//3616 3615//3615
f 3616//3616 3612//3612 3617//3617
f 3617//3617 3600//3600 3615//3615
f 3616//3616 3617//3617 3615//3615
f 3618//3618 3619//3619 3608//3608
f 3597//3597 3618//3618 3608//3608
f 3620//3620 3621//3621 3622//3622
f 3597//3597 3620//3620 3622//3622
f 3597//3597 3598//3598 3623//3623
f 3598//3598 3610//3610 3624//3624
f 3610//3610 3608//3608 3625//3625
f 3625//3625 3621//3621 3624//3624
f 3610//3610 3625//3625 3624//3624
f 3597//3597 3623//3623 3620//3620
f 3623//3623 3598//3598 3624//3624
f 3624//3624 3621//3621 3620//3620
f 3623//3623 3624//3624 3620//3620
f 3597//3597 3622//3622 3618//3618
f 3622//3622 3621//3621 3626//3626
f 3626//3626 3619//3619 3618//3618
f 3622//3622 3626//3626 3618//3618
f 3621//3621 3625//3625 3627//3627
f 3625//3625 3608//3608 3627//3627
f 3621//3621 3627//3627 3626//3626
f 3608//3608 3619//3619 3626//3626
f 3627//3627 3608//3608 3626//3626
f 3628//3628 3629//3629 3630//3630
f 3629//3629 3631//3631 3630//3630
f 3629//3629 3632//3632 3633//3633
f 3633//3633 3631//3631 3629//3629
f 3605//3605 3634//3634 3629//3629
f 3634//3634 3632//3632 3629//3629
f 3602//3602 3605//3605 3629//3629
f 3635//3635 3628//3628 3636//3636
f 3629//3629 3628//3628 3635//3635
f 3637//3637 3638//3638 3635//3635
f 3636//3636 3637//3637 3635//3635
f 3639//3639 3640//3640 3641//3641
f 3640//3640 3642//3642 3643//3643
f 3643//3643 3637//3637 3641//3641
f 3640//3640 3643//3643 3641//3641
f 3642//3642 3644//3644 3645//3645
f 3644//3644 3646//3646 3647//3647
f 3647//3647 3648//3648 3645//3645
f 3644//3644 3647//3647 3645//3645
f 3648//3648 3649//3649 3650//3650
f 3649//3649 3637//3637 3650//3650
f 3642//3642 3645//3645 3643//3643
f 3645//3645 3648//3648 3650//3650
f 3650//3650 3637//3637 3643//3643
f 3645//3645 3650//3650 3643//3643
f 3646//3646 3651//3651 3652//3652
f 3653//3653 3654//3654 3652//3652
f 3651//3651 3653//3653 3652//3652
f 3651//3651 3655//3655 3656//3656
f 3655//3655 3637//3637 3657//3657
f 3657//3657 3654//3654 3656//3656
f 3655//3655 3657//3657 3656//3656
f 3651//3651 3658//3658 3653//3653
f 3658//3658 3651//3651 3656//3656
f 3656//3656 3654//3654 3653//3653
f 3658//3658 3656//3656 3653//3653
f 3659//3659 3660//3660 3661//3661
f 3637//3637 3659//3659 3661//3661
f 3662//3662 3660//3660 3663//3663
f 3637//3637 3662//3662 3663//3663
f 3663//3663 3660//3660 3659//3659
f 3637//3637 3663//3663 3659//3659
f 3646//3646 3652//3652 3647//3647
f 3652//3652 3654//3654 3664//3664
f 3664//3664 3648//3648 3647//3647
f 3652//3652 3664//3664 3647//3647
f 3654//3654 3657//3657 3665//3665
f 3657//3657 3637//3637 3661//3661
f 3661//3661 3660//3660 3665//3665
f 3657//3657 3661//3661 3665//3665
f 3660//3660 3662//3662 3666//3666
f 3662//3662 3637//3637 3649//3649
f 3649//3649 3648//3648 3666//3666
f 3662//3662 3649//3649 3666//3666
f 3654//3654 3665//3665 3664//3664
f 3665//3665 3660//3660 3666//3666
f 3666//3666 3648//3648 3664//3664
f 3665//3665 3666//3666 3664//3664
f 3638//3638 3637//3637 3667//3667
f 3667//3667 3668//3668 3669//3669
f 3638//3638 3667//3667 3669//3669
f 3668//3668 3651//3651 3638//3638
f 3669//3669 3668//3668 3638//3638
f 3637//3637 3670//3670 3671//3671
f 3672//3672 3670//3670 3637//3637
f 3637//3637 3655//3655 3673//3673
f 3655//3655 3651//3651 3674//3674
f 3674//3674 3675//3675 3673//3673
f 3655//3655 3674//3674 3673//3673
f 3651//3651 3675//3675 3674//3674
f 3637//3637 3671//3671 3667//3667
f 3671//3671 3670//3670 3676//3676
f 3676//3676 3668//3668 3667//3667
f 3671//3671 3676//3676 3667//3667
f 3670//3670 3672//3672 3677//3677
f 3672//3672 3637//3637 3673//3673
f 3673//3673 3675//3675 3677//3677
f 3672//3672 3673//3673 3677//3677
f 3675//3675 3651//3651 3678//3678
f 3651//3651 3668//3668 3678//3678
f 3670//3670 3677//3677 3676//3676
f 3677//3677 3675//3675 3678//3678
f 3678//3678 3668//3668 3676//3676
f 3677//3677 3678//3678 3676//3676
f 3679//3679 3680//3680 3681//3681
f 3680//3680 3682//3682 3681//3681
f 3680//3680 3683//3683 3684//3684
f 3684//3684 3682//3682 3680//3680
f 3680//3680 3639//3639 3685//3685
f 3685//3685 3686//3686 3680//3680
f 3686//3686 3687//3687 3680//3680
f 3687//3687 3683//3683 3680//3680
f 3651//3651 3646//3646 3680//3680
f 3646//3646 3644//3644 3680//3680
f 3644//3644 3642//3642 3680//3680
f 3642//3642 3640//3640 3680//3680
f 3640//3640 3639//3639 3680//3680
f 3688//3688 3680//3680 3689//3689
f 3680//3680 3679//3679 3689//3689
f 3690//3690 3691//3691 3689//3689
f 3691//3691 3688//3688 3689//3689
f 3692//3692 3693//3693 3694//3694
f 3693//3693 3695//3695 3696//3696
f 3696//3696 3697//3697 3694//3694
f 3693//3693 3696//3696 3694//3694
f 3695//3695 3698//3698 3699//3699
f 3698//3698 3700//3700 3701//3701
f 3701//3701 3702//3702 3699//3699
f 3698//3698 3701//3701 3699//3699
f 3702//3702 3703//3703 3704//3704
f 3703//3703 3705//3705 3706//3706
f 3706//3706 3697//3697 3704//3704
f 3703//3703 3706//3706 3704//3704
f 3695//3695 3699//3699 3696//3696
f 3699//3699 3702//3702 3704//3704
f 3704//3704 3697//3697 3696//3696
f 3699//3699 3704//3704 3696//3696
f 3700//3700 3707//3707 3708//3708
f 3707//3707 3709//3709 3710//3710
f 3710//3710 3711//3711 3708//3708
f 3707//3707 3710//3710 3708//3708
f 3709//3709 3712//3712 3713//3713
f 3712//3712 3714//3714 3715//3715
f 3715//3715 3716//3716 3713//3713
f 3712//3712 3715//3715 3713//3713
f 3716//3716 3717//3717 3718//3718
f 3717//3717 3719//3719 3720//3720
f 3720//3720 3711//3711 3718//3718
f 3717//3717 3720//3720 3718//3718
f 3709//3709 3713//3713 3710//3710
f 3713//3713 3716//3716 3718//3718
f 3718//3718 3711//3711 3710//3710
f 3713//3713 3718//3718 3710//3710
f 3719//3719 3721//3721 3722//3722
f 3721//3721 3691//3691 3723//3723
f 3723//3723 3724//3724 3722//3722
f 3721//3721 3723//3723 3722//3722
f 3691//3691 3690//3690 3725//3725
f 3725//3725 3726//3726 3691//3691
f 3726//3726 3727//3727 3728//3728
f 3727//3727 3705//3705 3729//3729
f 3729//3729 3724//3724 3728//3728
f 3727//3727 3729//3729 3728//3728
f 3691//3691 3726//3726 3728//3728
f 3728//3728 3724//3724 3723//3723
f 3691//3691 3728//3728 3723//3723
f 3700//3700 3708//3708 3701//3701
f 3708//3708 3711//3711 3730//3730
f 3730//3730 3702//3702 3701//3701
f 3708//3708 3730//3730 3701//3701
f 3711//3711 3720//3720 3731//3731
f 3720//3720 3719//3719 3722//3722
f 3722//3722 3724//3724 3731//3731
f 3720//3720 3722//3722 3731//3731
f 3724//3724 3729//3729 3732//3732
f 3729//3729 3705//3705 3703//3703
f 3703//3703 3702//3702 3732//3732
f 3729//3729 3703//3703 3732//3732
f 3711//3711 3731//3731 3730//3730
f 3731//3731 3724//3724 3732//3732
f 3732//3732 3702//3702 3730//3730
f 3731//3731 3732//3732 3730//3730
f 3733//3733 3734//3734 3735//3735
f 3733//3733 3735//3735 3691//3691
f 3721//3721 3719//3719 3736//3736
f 3721//3721 3736//3736 3691//3691
f 3719//3719 3717//3717 3737//3737
f 3717//3717 3716//3716 3738//3738
f 3738//3738 3739//3739 3737//3737
f 3717//3717 3738//3738 3737//3737
f 3716//3716 3715//3715 3740//3740
f 3715//3715 3714//3714 3741//3741
f 3741//3741 3742//3742 3740//3740
f 3715//3715 3741//3741 3740//3740
f 3742//3742 3743//3743 3744//3744
f 3743//3743 3734//3734 3745//3745
f 3745//3745 3739//3739 3744//3744
f 3743//3743 3745//3745 3744//3744
f 3716//3716 3740//3740 3738//3738
f 3740//3740 3742//3742 3744//3744
f 3744//3744 3739//3739 3738//3738
f 3740//3740 3744//3744 3738//3738
f 3691//3691 3736//3736 3746//3746
f 3736//3736 3719//3719 3737//3737
f 3737//3737 3739//3739 3746//3746
f 3736//3736 3737//3737 3746//3746
f 3739//3739 3745//3745 3747//3747
f 3745//3745 3734//3734 3733//3733
f 3733//3733 3691//3691 3747//3747
f 3745//3745 3733//3733 3747//3747
f 3746//3746 3739//3739 3747//3747
f 3746//3746 3747//3747 3691//3691
f 3714//3714 3712//3712 3748//3748
f 3712//3712 3709//3709 3749//3749
f 3749//3749 3750//3750 3748//3748
f 3712//3712 3749//3749 3748//3748
f 3709//3709 3707//3707 3749//3749
f 3707//3707 3700//3700 3749//3749
f 3749//3749 3751//3751 3752//3752
f 3752//3752 3750//3750 3749//3749
f 3700//3700 3698//3698 3749//3749
f 3698//3698 3695//3695 3749//3749
f 3695//3695 3693//3693 3749//3749
f 3693//3693 3692//3692 3749//3749
f 3749//3749 3753//3753 3754//3754
f 3754//3754 3755//3755 3749//3749
f 3755//3755 3756//3756 3749//3749
f 3756//3756 3751//3751 3749//3749
f 3518//3518 3513//3513 3749//3749
f 3753//3753 3749//3749 3513//3513
f 3749//3749 3692//3692 3694//3694
f 3694//3694 3697//3697 3749//3749
f 3697//3697 3706//3706 3749//3749
f 3706//3706 3705//3705 3749//3749
f 3705//3705 3727//3727 3749//3749
f 3727//3727 3726//3726 3749//3749
f 3726//3726 3725//3725 3749//3749
f 3725//3725 3690//3690 3749//3749
f 3513//3513 3517//3517 3555//3555
f 3555//3555 3556//3556 3513//3513
f 3556//3556 3558//3558 3513//3513
f 3558//3558 3557//3557 3513//3513
f 3557//3557 3561//3561 3513//3513
f 3561//3561 3560//3560 3513//3513
f 3560//3560 3559//3559 3513//3513
f 3559//3559 3539//3539 3513//3513
f 3757//3757 3758//3758 3759//3759
f 3759//3759 3760//3760 3757//3757
f 3761//3761 3762//3762 3757//3757
f 3762//3762 3763//3763 3757//3757
f 3764//3764 3758//3758 3763//3763
f 3757//3757 3763//3763 3758//3758
f 3763//3763 3765//3765 3764//3764
f 3766//3766 3767//3767 3768//3768
f 3767//3767 3769//3769 3770//3770
f 3770//3770 3771//3771 3768//3768
f 3767//3767 3770//3770 3768//3768
f 3769//3769 3772//3772 3773//3773
f 3772//3772 3774//3774 3775//3775
f 3775//3775 3776//3776 3773//3773
f 3772//3772 3775//3775 3773//3773
f 3776//3776 3777//3777 3778//3778
f 3777//3777 3779//3779 3780//3780
f 3780//3780 3771//3771 3778//3778
f 3777//3777 3780//3780 3778//3778
f 3769//3769 3773//3773 3770//3770
f 3773//3773 3776//3776 3778//3778
f 3778//3778 3771//3771 3770//3770
f 3773//3773 3778//3778 3770//3770
f 3774//3774 3781//3781 3782//3782
f 3781//3781 3783//3783 3784//3784
f 3784//3784 3785//3785 3782//3782
f 3781//3781 3784//3784 3782//3782
f 3783//3783 3786//3786 3787//3787
f 3786//3786 3788//3788 3789//3789
f 3789//3789 3790//3790 3787//3787
f 3786//3786 3789//3789 3787//3787
f 3790//3790 3791//3791 3792//3792
f 3791//3791 3793//3793 3794//3794
f 3794//3794 3785//3785 3792//3792
f 3791//3791 3794//3794 3792//3792
f 3783//3783 3787//3787 3784//3784
f 3787//3787 3790//3790 3792//3792
f 3792//3792 3785//3785 3784//3784
f 3787//3787 3792//3792 3784//3784
f 3793//3793 3795//3795 3796//3796
f 3795//3795 3763//3763 3797//3797
f 3797//3797 3798//3798 3796//3796
f 3795//3795 3797//3797 3796//3796
f 3763//3763 3799//3799 3800//3800
f 3799//3799 3761//3761 3801//3801
f 3801//3801 3802//3802 3800//3800
f 3799//3799 3801//3801 3800//3800
f 3802//3802 3803//3803 3804//3804
f 3803//3803 3779//3779 3805//3805
f 3805//3805 3798//3798 3804//3804
f 3803//3803 3805//3805 3804//3804
f 3763//3763 3800//3800 3797//3797
f 3800//3800 3802//3802 3804//3804
f 3804//3804 3798//3798 3797//3797
f 3800//3800 3804//3804 3797//3797
f 3774//3774 3782//3782 3775//3775
f 3782//3782 3785//3785 3806//3806
f 3806//3806 3776//3776 3775//3775
f 3782//3782 3806//3806 3775//3775
f 3785//3785 3794//3794 3807//3807
f 3794//3794 3793//3793 3796//3796
f 3796//3796 3798//3798 3807//3807
f 3794//3794 3796//3796 3807//3807
f 3798//3798 3805//3805 3808//3808
f 3805//3805 3779//3779 3777//3777
f 3777//3777 3776//3776 3808//3808
f 3805//3805 3777//3777 3808//3808
f 3785//3785 3807//3807 3806//3806
f 3807//3807 3798//3798 3808//3808
f 3808//3808 3776//3776 3806//3806
f 3807//3807 3808//3808 3806//3806
f 3765//3765 3763//3763 3809//3809
f 3763//3763 3810//3810 3809//3809
f 3811//3811 3812//3812 3813//3813
f 3812//3812 3814//3814 3815//3815
f 3815//3815 3810//3810 3813//3813
f 3812//3812 3815//3815 3813//3813
f 3763//3763 3811//3811 3813//3813
f 3813//3813 3810//3810 3763//3763
f 3816//3816 3817//3817 3763//3763
f 3762//3762 3761//3761 3799//3799
f 3762//3762 3799//3799 3763//3763
f 3763//3763 3795//3795 3818//3818
f 3795//3795 3793//3793 3819//3819
f 3819//3819 3817//3817 3818//3818
f 3795//3795 3819//3819 3818//3818
f 3818//3818 3817//3817 3816//3816
f 3763//3763 3818//3818 3816//3816
f 3793//3793 3791//3791 3820//3820
f 3791//3791 3790//3790 3821//3821
f 3821//3821 3822//3822 3820//3820
f 3791//3791 3821//3821 3820//3820
f 3790//3790 3789//3789 3823//3823
f 3789//3789 3788//3788 3824//3824
f 3824//3824 3825//3825 3823//3823
f 3789//3789 3824//3824 3823//3823
f 3825//3825 3826//3826 3827//3827
f 3826//3826 3814//3814 3828//3828
f 3828//3828 3822//3822 3827//3827
f 3826//3826 3828//3828 3827//3827
f 3790//3790 3823//3823 3821//3821
f 3823//3823 3825//3825 3827//3827
f 3827//3827 3822//3822 3821//3821
f 3823//3823 3827//3827 3821//3821
f 3817//3817 3819//3819 3829//3829
f 3819//3819 3793//3793 3820//3820
f 3820//3820 3822//3822 3829//3829
f 3819//3819 3820//3820 3829//3829
f 3822//3822 3828//3828 3830//3830
f 3828//3828 3814//3814 3812//3812
f 3812//3812 3811//3811 3830//3830
f 3828//3828 3812//3812 3830//3830
f 3817//3817 3829//3829 3763//3763
f 3829//3829 3822//3822 3830//3830
f 3830//3830 3811//3811 3763//3763
f 3829//3829 3830//3830 3763//3763
f 3831//3831 3832//3832 3833//3833
f 3832//3832 3834//3834 3835//3835
f 3835//3835 3836//3836 3833//3833
f 3832//3832 3835//3835 3833//3833
f 3834//3834 3837//3837 3838//3838
f 3837//3837 3839//3839 3840//3840
f 3840//3840 3841//3841 3838//3838
f 3837//3837 3840//3840 3838//3838
f 3841//3841 3842//3842 3843//3843
f 3842//3842 3844//3844 3845//3845
f 3845//3845 3836//3836 3843//3843
f 3842//3842 3845//3845 3843//3843
f 3834//3834 3838//3838 3835//3835
f 3838//3838 3841//3841 3843//3843
f 3843//3843 3836//3836 3835//3835
f 3838//3838 3843//3843 3835//3835
f 3839//3839 3846//3846 3847//3847
f 3846//3846 3848//3848 3849//3849
f 3849//3849 3850//3850 3847//3847
f 3846//3846 3849//3849 3847//3847
f 3848//3848 3851//3851 3852//3852
f 3851//3851 3853//3853 3854//3854
f 3854//3854 3855//3855 3852//3852
f 3851//3851 3854//3854 3852//3852
f 3855//3855 3856//3856 3857//3857
f 3856//3856 3858//3858 3859//3859
f 3859//3859 3850//3850 3857//3857
f 3856//3856 3859//3859 3857//3857
f 3848//3848 3852//3852 3849//3849
f 3852//3852 3855//3855 3857//3857
f 3857//3857 3850//3850 3849//3849
f 3852//3852 3857//3857 3849//3849
f 3858//3858 3860//3860 3861//3861
f 3860//3860 3862//3862 3863//3863
f 3863//3863 3864//3864 3861//3861
f 3860//3860 3863//3863 3861//3861
f 3862//3862 3865//3865 3866//3866
f 3865//3865 3766//3766 3867//3867
f 3867//3867 3868//3868 3866//3866
f 3865//3865 3867//3867 3866//3866
f 3868//3868 3869//3869 3870//3870
f 3869//3869 3844//3844 3871//3871
f 3871//3871 3864//3864 3870//3870
f 3869//3869 3871//3871 3870//3870
f 3862//3862 3866//3866 3863//3863
f 3866//3866 3868//3868 3870//3870
f 3870//3870 3864//3864 3863//3863
f 3866//3866 3870//3870 3863//3863
f 3839//3839 3847//3847 3840//3840
f 3847//3847 3850//3850 3872//3872
f 3872//3872 3841//3841 3840//3840
f 3847//3847 3872//3872 3840//3840
f 3850//3850 3859//3859 3873//3873
f 3859//3859 3858//3858 3861//3861
f 3861//3861 3864//3864 3873//3873
f 3859//3859 3861//3861 3873//3873
f 3864//3864 3871//3871 3874//3874
f 3871//3871 3844//3844 3842//3842
f 3842//3842 3841//3841 3874//3874
f 3871//3871 3842//3842 3874//3874
f 3850//3850 3873//3873 3872//3872
f 3873//3873 3864//3864 3874//3874
f 3874//3874 3841//3841 3872//3872
f 3873//3873 3874//3874 3872//3872
f 3788//3788 3786//3786 3875//3875
f 3786//3786 3783//3783 3876//3876
f 3876//3876 3877//3877 3875//3875
f 3786//3786 3876//3876 3875//3875
f 3783//3783 3781//3781 3878//3878
f 3781//3781 3774//3774 3879//3879
f 3879//3879 3880//3880 3878//3878
f 3781//3781 3879//3879 3878//3878
f 3880//3880 3881//3881 3882//3882
f 3881//3881 3883//3883 3884//3884
f 3884//3884 3877//3877 3882//3882
f 3881//3881 3884//3884 3882//3882
f 3783//3783 3878//3878 3876//3876
f 3878//3878 3880//3880 3882//3882
f 3882//3882 3877//3877 3876//3876
f 3878//3878 3882//3882 3876//3876
f 3774//3774 3772//3772 3885//3885
f 3772//3772 3769//3769 3886//3886
f 3886//3886 3887//3887 3885//3885
f 3772//3772 3886//3886 3885//3885
f 3769//3769 3767//3767 3888//3888
f 3767//3767 3766//3766 3865//3865
f 3865//3865 3862//3862 3888//3888
f 3767//3767 3865//3865 3888//3888
f 3862//3862 3860//3860 3889//3889
f 3860//3860 3858//3858 3890//3890
f 3890//3890 3887//3887 3889//3889
f 3860//3860 3890//3890 3889//3889
f 3769//3769 3888//3888 3886//3886
f 3888//3888 3862//3862 3889//3889
f 3889//3889 3887//3887 3886//3886
f 3888//3888 3889//3889 3886//3886
f 3858//3858 3856//3856 3891//3891
f 3856//3856 3855//3855 3892//3892
f 3892//3892 3893//3893 3891//3891
f 3856//3856 3892//3892 3891//3891
f 3855//3855 3854//3854 3894//3894
f 3854//3854 3853//3853 3895//3895
f 3895//3895 3896//3896 3894//3894
f 3854//3854 3895//3895 3894//3894
f 3896//3896 3897//3897 3898//3898
f 3897//3897 3883//3883 3899//3899
f 3899//3899 3893//3893 3898//3898
f 3897//3897 3899//3899 3898//3898
f 3855//3855 3894//3894 3892//3892
f 3894//3894 3896//3896 3898//3898
f 3898//3898 3893//3893 3892//3892
f 3894//3894 3898//3898 3892//3892
f 3774//3774 3885//3885 3879//3879
f 3885//3885 3887//3887 3900//3900
f 3900//3900 3880//3880 3879//3879
f 3885//3885 3900//3900 3879//3879
f 3887//3887 3890//3890 3901//3901
f 3890//3890 3858//3858 3891//3891
f 3891//3891 3893//3893 3901//3901
f 3890//3890 3891//3891 3901//3901
f 3893//3893 3899//3899 3902//3902
f 3899//3899 3883//3883 3881//3881
f 3881//3881 3880//3880 3902//3902
f 3899//3899 3881//3881 3902//3902
f 3887//3887 3901//3901 3900//3900
f 3901//3901 3893//3893 3902//3902
f 3902//3902 3880//3880 3900//3900
f 3901//3901 3902//3902 3900//3900
f 3903//3903 3904//3904 3905//3905
f 3904//3904 3906//3906 3907//3907
f 3907//3907 3908//3908 3905//3905
f 3904//3904 3907//3907 3905//3905
f 3906//3906 3909//3909 3910//3910
f 3909//3909 3911//3911 3912//3912
f 3912//3912 3913//3913 3910//3910
f 3909//3909 3912//3912 3910//3910
f 3913//3913 3914//3914 3915//3915
f 3914//3914 3916//3916 3917//3917
f 3917//3917 3908//3908 3915//3915
f 3914//3914 3917//3917 3915//3915
f 3906//3906 3910//3910 3907//3907
f 3910//3910 3913//3913 3915//3915
f 3915//3915 3908//3908 3907//3907
f 3910//3910 3915//3915 3907//3907
f 3911//3911 3918//3918 3919//3919
f 3918//3918 3920//3920 3921//3921
f 3921//3921 3922//3922 3919//3919
f 3918//3918 3921//3921 3919//3919
f 3920//3920 3923//3923 3924//3924
f 3923//3923 3925//3925 3926//3926
f 3926//3926 3927//3927 3924//3924
f 3923//3923 3926//3926 3924//3924
f 3927//3927 3928//3928 3929//3929
f 3928//3928 3930//3930 3931//3931
f 3931//3931 3922//3922 3929//3929
f 3928//3928 3931//3931 3929//3929
f 3920//3920 3924//3924 3921//3921
f 3924//3924 3927//3927 3929//3929
f 3929//3929 3922//3922 3921//3921
f 3924//3924 3929//3929 3921//3921
f 3930//3930 3932//3932 3933//3933
f 3932//3932 3934//3934 3935//3935
f 3935//3935 3936//3936 3933//3933
f 3932//3932 3935//3935 3933//3933
f 3934//3934 3937//3937 3938//3938
f 3937//3937 3831//3831 3939//3939
f 3939//3939 3940//3940 3938//3938
f 3937//3937 3939//3939 3938//3938
f 3940//3940 3941//3941 3942//3942
f 3941//3941 3916//3916 3943//3943
f 3943//3943 3936//3936 3942//3942
f 3941//3941 3943//3943 3942//3942
f 3934//3934 3938//3938 3935//3935
f 3938//3938 3940//3940 3942//3942
f 3942//3942 3936//3936 3935//3935
f 3938//3938 3942//3942 3935//3935
f 3911//3911 3919//3919 3912//3912
f 3919//3919 3922//3922 3944//3944
f 3944//3944 3913//3913 3912//3912
f 3919//3919 3944//3944 3912//3912
f 3922//3922 3931//3931 3945//3945
f 3931//3931 3930//3930 3933//3933
f 3933//3933 3936//3936 3945//3945
f 3931//3931 3933//3933 3945//3945
f 3936//3936 3943//3943 3946//3946
f 3943//3943 3916//3916 3914//3914
f 3914//3914 3913//3913 3946//3946
f 3943//3943 3914//3914 3946//3946
f 3922//3922 3945//3945 3944//3944
f 3945//3945 3936//3936 3946//3946
f 3946//3946 3913//3913 3944//3944
f 3945//3945 3946//3946 3944//3944
f 3853//3853 3851//3851 3947//3947
f 3851//3851 3848//3848 3948//3948
f 3948//3948 3949//3949 3947//3947
f 3851//3851 3948//3948 3947//3947
f 3848//3848 3846//3846 3950//3950
f 3846//3846 3839//3839 3951//3951
f 3951//3951 3952//3952 3950//3950
f 3846//3846 3951//3951 3950//3950
f 3952//3952 3953//3953 3954//3954
f 3953//3953 3955//3955 3956//3956
f 3956//3956 3949//3949 3954//3954
f 3953//3953 3956//3956 3954//3954
f 3848//3848 3950//3950 3948//3948
f 3950//3950 3952//3952 3954//3954
f 3954//3954 3949//3949 3948//3948
f 3950//3950 3954//3954 3948//3948
f 3839//3839 3837//3837 3957//3957
f 3837//3837 3834//3834 3958//3958
f 3958//3958 3959//3959 3957//3957
f 3837//3837 3958//3958 3957//3957
f 3834//3834 3832//3832 3960//3960
f 3832//3832 3831//3831 3937//3937
f 3937//3937 3934//3934 3960//3960
f 3832//3832 3937//3937 3960//3960
f 3934//3934 3932//3932 3961//3961
f 3932//3932 3930//3930 3962//3962
f 3962//3962 3959//3959 3961//3961
f 3932//3932 3962//3962 3961//3961
f 3834//3834 3960//3960 3958//3958
f 3960//3960 3934//3934 3961//3961
f 3961//3961 3959//3959 3958//3958
f 3960//3960 3961//3961 3958//3958
f 3930//3930 3928//3928 3963//3963
f 3928//3928 3927//3927 3964//3964
f 3964//3964 3965//3965 3963//3963
f 3928//3928 3964//3964 3963//3963
f 3927//3927 3926//3926 3966//3966
f 3926//3926 3925//3925 3967//3967
f 3967//3967 3968//3968 3966//3966
f 3926//3926 3967//3967 3966//3966
f 3968//3968 3969//3969 3970//3970
f 3969//3969 3955//3955 3971//3971
f 3971//3971 3965//3965 3970//3970
f 3969//3969 3971//3971 3970//3970
f 3927//3927 3966//3966 3964//3964
f 3966//3966 3968//3968 3970//3970
f 3970//3970 3965//3965 3964//3964
f 3966//3966 3970//3970 3964//3964
f 3839//3839 3957//3957 3951//3951
f 3957//3957 3959//3959 3972//3972
f 3972//3972 3952//3952 3951//3951
f 3957//3957 3972//3972 3951//3951
f 3959//3959 3962//3962 3973//3973
f 3962//3962 3930//3930 3963//3963
f 3963//3963 3965//3965 3973//3973
f 3962//3962 3963//3963 3973//3973
f 3965//3965 3971//3971 3974//3974
f 3971//3971 3955//3955 3953//3953
f 3953//3953 3952//3952 3974//3974
f 3971//3971 3953//3953 3974//3974
f 3959//3959 3973//3973 3972//3972
f 3973//3973 3965//3965 3974//3974
f 3974//3974 3952//3952 3972//3972
f 3973//3973 3974//3974 3972//3972
f 3975//3975 3976//3976 3977//3977
f 3976//3976 3978//3978 3979//3979
f 3979//3979 3980//3980 3977//3977
f 3976//3976 3979//3979 3977//3977
f 3981//3981 3982//3982 3983//3983
f 3982//3982 3984//3984 3985//3985
f 3985//3985 3980//3980 3983//3983
f 3982//3982 3985//3985 3983//3983
f 3978//3978 3986//3986 3979//3979
f 3986//3986 3981//3981 3983//3983
f 3983//3983 3980//3980 3979//3979
f 3986//3986 3983//3983 3979//3979
f 3986//3986 3987//3987 3988//3988
f 3988//3988 3989//3989 3990//3990
f 3986//3986 3988//3988 3990//3990
f 3987//3987 3991//3991 3992//3992
f 3991//3991 3993//3993 3994//3994
f 3994//3994 3995//3995 3992//3992
f 3991//3991 3994//3994 3992//3992
f 3995//3995 3996//3996 3997//3997
f 3996//3996 3998//3998 3999//3999
f 3999//3999 3989//3989 3997//3997
f 3996//3996 3999//3999 3997//3997
f 3987//3987 3992//3992 3988//3988
f 3992//3992 3995//3995 3997//3997
f 3997//3997 3989//3989 3988//3988
f 3992//3992 3997//3997 3988//3988
f 3998//3998 4000//4000 4001//4001
f 4000//4000 4002//4002 4003//4003
f 4003//4003 4004//4004 4001//4001
f 4000//4000 4003//4003 4001//4001
f 4002//4002 4005//4005 4006//4006
f 4005//4005 3903//3903 4007//4007
f 4007//4007 4008//4008 4006//4006
f 4005//4005 4007//4007 4006//4006
f 4008//4008 4009//4009 4010//4010
f 4009//4009 3984//3984 4011//4011
f 4011//4011 4004//4004 4010//4010
f 4009//4009 4011//4011 4010//4010
f 4002//4002 4006//4006 4003//4003
f 4006//4006 4008//4008 4010//4010
f 4010//4010 4004//4004 4003//4003
f 4006//4006 4010//4010 4003//4003
f 3990//3990 3989//3989 4012//4012
f 4012//4012 3981//3981 3986//3986
f 3990//3990 4012//4012 3986//3986
f 3989//3989 3999//3999 4013//4013
f 3999//3999 3998//3998 4001//4001
f 4001//4001 4004//4004 4013//4013
f 3999//3999 4001//4001 4013//4013
f 4004//4004 4011//4011 4014//4014
f 4011//4011 3984//3984 3982//3982
f 3982//3982 3981//3981 4014//4014
f 4011//4011 3982//3982 4014//4014
f 3989//3989 4013//4013 4012//4012
f 4013//4013 4004//4004 4014//4014
f 4014//4014 3981//3981 4012//4012
f 4013//4013 4014//4014 4012//4012
f 3925//3925 3923//3923 4015//4015
f 3923//3923 3920//3920 4016//4016
f 4016//4016 4017//4017 4015//4015
f 3923//3923 4016//4016 4015//4015
f 3920//3920 3918//3918 4018//4018
f 3918//3918 3911//3911 4019//4019
f 4019//4019 4020//4020 4018//4018
f 3918//3918 4019//4019 4018//4018
f 4020//4020 4021//4021 4022//4022
f 4021//4021 4023//4023 4024//4024
f 4024//4024 4017//4017 4022//4022
f 4021//4021 4024//4024 4022//4022
f 3920//3920 4018//4018 4016//4016
f 4018//4018 4020//4020 4022//4022
f 4022//4022 4017//4017 4016//4016
f 4018//4018 4022//4022 4016//4016
f 3911//3911 3909//3909 4025//4025
f 3909//3909 3906//3906 4026//4026
f 4026//4026 4027//4027 4025//4025
f 3909//3909 4026//4026 4025//4025
f 3906//3906 3904//3904 4028//4028
f 3904//3904 3903//3903 4005//4005
f 4005//4005 4002//4002 4028//4028
f 3904//3904 4005//4005 4028//4028
f 4002//4002 4000//4000 4029//4029
f 4000//4000 3998//3998 4030//4030
f 4030//4030 4027//4027 4029//4029
f 4000//4000 4030//4030 4029//4029
f 3906//3906 4028//4028 4026//4026
f 4028//4028 4002//4002 4029//4029
f 4029//4029 4027//4027 4026//4026
f 4028//4028 4029//4029 4026//4026
f 3998//3998 3996//3996 4031//4031
f 3996//3996 3995//3995 4032//4032
f 4032//4032 4033//4033 4031//4031
f 3996//3996 4032//4032 4031//4031
f 3995//3995 3994//3994 4034//4034
f 3994//3994 3993//3993 4035//4035
f 4035//4035 4036//4036 4034//4034
f 3994//3994 4035//4035 4034//4034
f 4036//4036 4037//4037 4038//4038
f 4037//4037 4023//4023 4039//4039
f 4039//4039 4033//4033 4038//4038
f 4037//4037 4039//4039 4038//4038
f 3995//3995 4034//4034 4032//4032
f 4034//4034 4036//4036 4038//4038
f 4038//4038 4033//4033 4032//4032
f 4034//4034 4038//4038 4032//4032
f 3911//3911 4025//4025 4019//4019
f 4025//4025 4027//4027 4040//4040
f 4040//4040 4020//4020 4019//4019
f 4025//4025 4040//4040 4019//4019
f 4027//4027 4030//4030 4041//4041
f 4030//4030 3998//3998 4031//4031
f 4031//4031 4033//4033 4041//4041
f 4030//4030 4031//4031 4041//4041
f 4033//4033 4039//4039 4042//4042
f 4039//4039 4023//4023 4021//4021
f 4021//4021 4020//4020 4042//4042
f 4039//4039 4021//4021 4042//4042
f 4027//4027 4041//4041 4040//4040
f 4041//4041 4033//4033 4042//4042
f 4042//4042 4020//4020 4040//4040
f 4041//4041 4042//4042 4040//4040
f 3993//3993 3991//3991 4043//4043
f 3991//3991 3987//3987 4044//4044
f 3991//3991 4044//4044 4043//4043
f 3987//3987 3986//3986 4044//4044
f 3986//3986 3978//3978 4044//4044
f 3978//3978 3976//3976 4044//4044
f 3976//3976 3975//3975 4044//4044
f 4045//4045 4046//4046 4044//4044
f 4044//4044 4046//4046 4043//4043
f 4047//4047 4048//4048 4045//4045
f 4048//4048 4049//4049 4045//4045
f 4049//4049 4050//4050 4045//4045
f 4045//4045 4050//4050 4051//4051
f 4051//4051 4046//4046 4045//4045
f 4052//4052 4053//4053 4054//4054
f 4049//4049 4048//4048 4054//4054
f 4048//4048 4047//4047 4055//4055
f 4048//4048 4055//4055 4054//4054
f 4050//4050 4049//4049 4056//4056
f 4049//4049 4057//4057 4056//4056
f 4049//4049 4058//4058 4059//4059
f 4059//4059 4057//4057 4049//4049
f 4054//4054 4053//4053 4049//4049
f 4052//4052 4060//4060 4049//4049
f 4053//4053 4052//4052 4049//4049
f 4060//4060 4061//4061 4049//4049
f 4061//4061 4058//4058 4049//4049
f 4062//4062 4063//4063 4054//4054
f 4063//4063 4064//4064 4065//4065
f 4063//4063 4065//4065 4054//4054
f 4064//4064 4066//4066 4067//4067
f 4066//4066 4068//4068 4069//4069
f 4069//4069 4070//4070 4067//4067
f 4066//4066 4069//4069 4067//4067
f 4070//4070 4071//4071 4072//4072
f 4071//4071 4054//4054 4072//4072
f 4064//4064 4067//4067 4065//4065
f 4067//4067 4070//4070 4072//4072
f 4072//4072 4054//4054 4065//4065
f 4067//4067 4072//4072 4065//4065
f 4068//4068 4073//4073 4074//4074
f 4073//4073 4075//4075 4076//4076
f 4076//4076 4077//4077 4074//4074
f 4073//4073 4076//4076 4074//4074
f 4075//4075 4078//4078 4079//4079
f 4078//4078 4080//4080 4054//4054
f 4078//4078 4054//4054 4079//4079
f 4081//4081 4077//4077 4082//4082
f 4054//4054 4081//4081 4082//4082
f 4075//4075 4079//4079 4076//4076
f 4079//4079 4054//4054 4082//4082
f 4082//4082 4077//4077 4076//4076
f 4079//4079 4082//4082 4076//4076
f 4054//4054 4083//4083 4084//4084
f 4085//4085 4083//4083 4086//4086
f 4054//4054 4085//4085 4086//4086
f 4086//4086 4083//4083 4054//4054
f 4068//4068 4074//4074 4069//4069
f 4074//4074 4077//4077 4087//4087
f 4087//4087 4070//4070 4069//4069
f 4074//4074 4087//4087 4069//4069
f 4077//4077 4081//4081 4088//4088
f 4081//4081 4054//4054 4084//4084
f 4084//4084 4083//4083 4088//4088
f 4081//4081 4084//4084 4088//4088
f 4083//4083 4085//4085 4089//4089
f 4085//4085 4054//4054 4071//4071
f 4071//4071 4070//4070 4089//4089
f 4085//4085 4071//4071 4089//4089
f 4077//4077 4088//4088 4087//4087
f 4088//4088 4083//4083 4089//4089
f 4089//4089 4070//4070 4087//4087
f 4088//4088 4089//4089 4087//4087
f 4052//4052 4054//4054 4090//4090
f 4090//4090 4091//4091 4092//4092
f 4052//4052 4090//4090 4092//4092
f 4093//4093 4094//4094 4095//4095
f 4094//4094 4096//4096 4097//4097
f 4097//4097 4091//4091 4095//4095
f 4094//4094 4097//4097 4095//4095
f 4054//4054 4093//4093 4095//4095
f 4095//4095 4091//4091 4090//4090
f 4054//4054 4095//4095 4090//4090
f 4054//4054 4080//4080 4098//4098
f 4098//4098 4099//4099 4100//4100
f 4054//4054 4098//4098 4100//4100
f 4099//4099 4101//4101 4102//4102
f 4101//4101 4096//4096 4103//4103
f 4103//4103 4104//4104 4102//4102
f 4101//4101 4103//4103 4102//4102
f 4100//4100 4099//4099 4102//4102
f 4102//4102 4104//4104 4054//4054
f 4100//4100 4102//4102 4054//4054
f 4105//4105 4093//4093 4054//4054
f 4054//4054 4104//4104 4106//4106
f 4104//4104 4103//4103 4107//4107
f 4103//4103 4096//4096 4094//4094
f 4094//4094 4093//4093 4107//4107
f 4103//4103 4094//4094 4107//4107
f 4054//4054 4106//4106 4105//4105
f 4106//4106 4104//4104 4107//4107
f 4107//4107 4093//4093 4105//4105
f 4106//4106 4107//4107 4105//4105
f 4108//4108 4109//4109 4110//4110
f 4109//4109 4111//4111 4112//4112
f 4112//4112 4113//4113 4110//4110
f 4109//4109 4112//4112 4110//4110
f 4111//4111 4114//4114 4115//4115
f 4114//4114 4116//4116 4117//4117
f 4117//4117 4118//4118 4115//4115
f 4114//4114 4117//4117 4115//4115
f 4118//4118 4119//4119 4120//4120
f 4119//4119 4121//4121 4122//4122
f 4122//4122 4113//4113 4120//4120
f 4119//4119 4122//4122 4120//4120
f 4111//4111 4115//4115 4112//4112
f 4115//4115 4118//4118 4120//4120
f 4120//4120 4113//4113 4112//4112
f 4115//4115 4120//4120 4112//4112
f 4116//4116 4123//4123 4124//4124
f 4123//4123 4125//4125 4126//4126
f 4126//4126 4127//4127 4124//4124
f 4123//4123 4126//4126 4124//4124
f 4125//4125 4128//4128 4129//4129
f 4128//4128 4130//4130 4131//4131
f 4131//4131 4132//4132 4129//4129
f 4128//4128 4131//4131 4129//4129
f 4132//4132 4133//4133 4134//4134
f 4133//4133 4135//4135 4136//4136
f 4136//4136 4127//4127 4134//4134
f 4133//4133 4136//4136 4134//4134
f 4125//4125 4129//4129 4126//4126
f 4129//4129 4132//4132 4134//4134
f 4134//4134 4127//4127 4126//4126
f 4129//4129 4134//4134 4126//4126
f 4135//4135 4137//4137 4138//4138
f 4137//4137 4139//4139 4140//4140
f 4140//4140 4141//4141 4138//4138
f 4137//4137 4140//4140 4138//4138
f 4139//4139 4142//4142 4143//4143
f 4142//4142 4062//4062 4144//4144
f 4144//4144 4145//4145 4143//4143
f 4142//4142 4144//4144 4143//4143
f 4145//4145 4146//4146 4147//4147
f 4146//4146 4121//4121 4148//4148
f 4148//4148 4141//4141 4147//4147
f 4146//4146 4148//4148 4147//4147
f 4139//4139 4143//4143 4140//4140
f 4143//4143 4145//4145 4147//4147
f 4147//4147 4141//4141 4140//4140
f 4143//4143 4147//4147 4140//4140
f 4116//4116 4124//4124 4117//4117
f 4124//4124 4127//4127 4149//4149
f 4149//4149 4118//4118 4117//4117
f 4124//4124 4149//4149 4117//4117
f 4127//4127 4136//4136 4150//4150
f 4136//4136 4135//4135 4138//4138
f 4138//4138 4141//4141 4150//4150
f 4136//4136 4138//4138 4150//4150
f 4141//4141 4148//4148 4151//4151
f 4148//4148 4121//4121 4119//4119
f 4119//4119 4118//4118 4151//4151
f 4148//4148 4119//4119 4151//4151
f 4127//4127 4150//4150 4149//4149
f 4150//4150 4141//4141 4151//4151
f 4151//4151 4118//4118 4149//4149
f 4150//4150 4151//4151 4149//4149
f 4080//4080 4078//4078 4152//4152
f 4078//4078 4075//4075 4153//4153
f 4153//4153 4154//4154 4152//4152
f 4078//4078 4153//4153 4152//4152
f 4075//4075 4073//4073 4155//4155
f 4073//4073 4068//4068 4156//4156
f 4156//4156 4157//4157 4155//4155
f 4073//4073 4156//4156 4155//4155
f 4157//4157 4158//4158 4159//4159
f 4158//4158 4160//4160 4161//4161
f 4161//4161 4154//4154 4159//4159
f 4158//4158 4161//4161 4159//4159
f 4075//4075 4155//4155 4153//4153
f 4155//4155 4157//4157 4159//4159
f 4159//4159 4154//4154 4153//4153
f 4155//4155 4159//4159 4153//4153
f 4068//4068 4066//4066 4162//4162
f 4066//4066 4064//4064 4163//4163
f 4163//4163 4164//4164 4162//4162
f 4066//4066 4163//4163 4162//4162
f 4064//4064 4063//4063 4165//4165
f 4063//4063 4062//4062 4142//4142
f 4142//4142 4139//4139 4165//4165
f 4063//4063 4142//4142 4165//4165
f 4139//4139 4137//4137 4166//4166
f 4137//4137 4135//4135 4167//4167
f 4167//4167 4164//4164 4166//4166
f 4137//4137 4167//4167 4166//4166
f 4064//4064 4165//4165 4163//4163
f 4165//4165 4139//4139 4166//4166
f 4166//4166 4164//4164 4163//4163
f 4165//4165 4166//4166 4163//4163
f 4135//4135 4133//4133 4168//4168
f 4133//4133 4132//4132 4169//4169
f 4169//4169 4170//4170 4168//4168
f 4133//4133 4169//4169 4168//4168
f 4132//4132 4131//4131 4171//4171
f 4131//4131 4130//4130 4172//4172
f 4172//4172 4173//4173 4171//4171
f 4131//4131 4172//4172 4171//4171
f 4173//4173 4174//4174 4175//4175
f 4174//4174 4160//4160 4176//4176
f 4176//4176 4170//4170 4175//4175
f 4174//4174 4176//4176 4175//4175
f 4132//4132 4171//4171 4169//4169
f 4171//4171 4173//4173 4175//4175
f 4175//4175 4170//4170 4169//4169
f 4171//4171 4175//4175 4169//4169
f 4068//4068 4162//4162 4156//4156
f 4162//4162 4164//4164 4177//4177
f 4177//4177 4157//4157 4156//4156
f 4162//4162 4177//4177 4156//4156
f 4164//4164 4167//4167 4178//4178
f 4167//4167 4135//4135 4168//4168
f 4168//4168 4170//4170 4178//4178
f 4167//4167 4168//4168 4178//4178
f 4170//4170 4176//4176 4179//4179
f 4176//4176 4160//4160 4158//4158
f 4158//4158 4157//4157 4179//4179
f 4176//4176 4158//4158 4179//4179
f 4164//4164 4178//4178 4177//4177
f 4178//4178 4170//4170 4179//4179
f 4179//4179 4157//4157 4177//4177
f 4178//4178 4179//4179 4177//4177
f 4180//4180 4181//4181 4182//4182
f 4181//4181 4183//4183 4184//4184
f 4184//4184 4185//4185 4182//4182
f 4181//4181 4184//4184 4182//4182
f 4183//4183 4186//4186 4187//4187
f 4186//4186 4188//4188 4189//4189
f 4189//4189 4190//4190 4187//4187
f 4186//4186 4189//4189 4187//4187
f 4190//4190 4191//4191 4192//4192
f 4191//4191 4193//4193 4194//4194
f 4194//4194 4185//4185 4192//4192
f 4191//4191 4194//4194 4192//4192
f 4183//4183 4187//4187 4184//4184
f 4187//4187 4190//4190 4192//4192
f 4192//4192 4185//4185 4184//4184
f 4187//4187 4192//4192 4184//4184
f 4188//4188 4195//4195 4196//4196
f 4195//4195 4197//4197 4198//4198
f 4198//4198 4199//4199 4196//4196
f 4195//4195 4198//4198 4196//4196
f 4197//4197 4200//4200 4201//4201
f 4200//4200 4202//4202 4203//4203
f 4203//4203 4204//4204 4201//4201
f 4200//4200 4203//4203 4201//4201
f 4204//4204 4205//4205 4206//4206
f 4205//4205 4207//4207 4208//4208
f 4208//4208 4199//4199 4206//4206
f 4205//4205 4208//4208 4206//4206
f 4197//4197 4201//4201 4198//4198
f 4201//4201 4204//4204 4206//4206
f 4206//4206 4199//4199 4198//4198
f 4201//4201 4206//4206 4198//4198
f 4207//4207 4209//4209 4210//4210
f 4209//4209 4211//4211 4212//4212
f 4212//4212 4213//4213 4210//4210
f 4209//4209 4212//4212 4210//4210
f 4211//4211 4214//4214 4215//4215
f 4214//4214 4108//4108 4216//4216
f 4216//4216 4217//4217 4215//4215
f 4214//4214 4216//4216 4215//4215
f 4217//4217 4218//4218 4219//4219
f 4218//4218 4193//4193 4220//4220
f 4220//4220 4213//4213 4219//4219
f 4218//4218 4220//4220 4219//4219
f 4211//4211 4215//4215 4212//4212
f 4215//4215 4217//4217 4219//4219
f 4219//4219 4213//4213 4212//4212
f 4215//4215 4219//4219 4212//4212
f 4188//4188 4196//4196 4189//4189
f 4196//4196 4199//4199 4221//4221
f 4221//4221 4190//4190 4189//4189
f 4196//4196 4221//4221 4189//4189
f 4199//4199 4208//4208 4222//4222
f 4208//4208 4207//4207 4210//4210
f 4210//4210 4213//4213 4222//4222
f 4208//4208 4210//4210 4222//4222
f 4213//4213 4220//4220 4223//4223
f 4220//4220 4193//4193 4191//4191
f 4191//4191 4190//4190 4223//4223
f 4220//4220 4191//4191 4223//4223
f 4199//4199 4222//4222 4221//4221
f 4222//4222 4213//4213 4223//4223
f 4223//4223 4190//4190 4221//4221
f 4222//4222 4223//4223 4221//4221
f 4130//4130 4128//4128 4224//4224
f 4128//4128 4125//4125 4225//4225
f 4225//4225 4226//4226 4224//4224
f 4128//4128 4225//4225 4224//4224
f 4125//4125 4123//4123 4227//4227
f 4123//4123 4116//4116 4228//4228
f 4228//4228 4229//4229 4227//4227
f 4123//4123 4228//4228 4227//4227
f 4229//4229 4230//4230 4231//4231
f 4230//4230 4232//4232 4233//4233
f 4233//4233 4226//4226 4231//4231
f 4230//4230 4233//4233 4231//4231
f 4125//4125 4227//4227 4225//4225
f 4227//4227 4229//4229 4231//4231
f 4231//4231 4226//4226 4225//4225
f 4227//4227 4231//4231 4225//4225
f 4116//4116 4114//4114 4234//4234
f 4114//4114 4111//4111 4235//4235
f 4235//4235 4236//4236 4234//4234
f 4114//4114 4235//4235 4234//4234
f 4111//4111 4109//4109 4237//4237
f 4109//4109 4108//4108 4214//4214
f 4214//4214 4211//4211 4237//4237
f 4109//4109 4214//4214 4237//4237
f 4211//4211 4209//4209 4238//4238
f 4209//4209 4207//4207 4239//4239
f 4239//4239 4236//4236 4238//4238
f 4209//4209 4239//4239 4238//4238
f 4111//4111 4237//4237 4235//4235
f 4237//4237 4211//4211 4238//4238
f 4238//4238 4236//4236 4235//4235
f 4237//4237 4238//4238 4235//4235
f 4207//4207 4205//4205 4240//4240
f 4205//4205 4204//4204 4241//4241
f 4241//4241 4242//4242 4240//4240
f 4205//4205 4241//4241 4240//4240
f 4204//4204 4203//4203 4243//4243
f 4203//4203 4202//4202 4244//4244
f 4244//4244 4245//4245 4243//4243
f 4203//4203 4244//4244 4243//4243
f 4245//4245 4246//4246 4247//4247
f 4246//4246 4232//4232 4248//4248
f 4248//4248 4242//4242 4247//4247
f 4246//4246 4248//4248 4247//4247
f 4204//4204 4243//4243 4241//4241
f 4243//4243 4245//4245 4247//4247
f 4247//4247 4242//4242 4241//4241
f 4243//4243 4247//4247 4241//4241
f 4116//4116 4234//4234 4228//4228
f 4234//4234 4236//4236 4249//4249
f 4249//4249 4229//4229 4228//4228
f 4234//4234 4249//4249 4228//4228
f 4236//4236 4239//4239 4250//4250
f 4239//4239 4207//4207 4240//4240
f 4240//4240 4242//4242 4250//4250
f 4239//4239 4240//4240 4250//4250
f 4242//4242 4248//4248 4251//4251
f 4248//4248 4232//4232 4230//4230
f 4230//4230 4229//4229 4251//4251
f 4248//4248 4230//4230 4251//4251
f 4236//4236 4250//4250 4249//4249
f 4250//4250 4242//4242 4251//4251
f 4251//4251 4229//4229 4249//4249
f 4250//4250 4251//4251 4249//4249
f 4252//4252 4253//4253 4254//4254
f 4253//4253 4255//4255 4254//4254
f 4253//4253 4256//4256 4257//4257
f 4257//4257 4255//4255 4253//4253
f 4253//4253 4180//4180 4258//4258
f 4258//4258 4259//4259 4253//4253
f 4259//4259 4256//4256 4253//4253
f 4202//4202 4200//4200 4253//4253
f 4200//4200 4197//4197 4253//4253
f 4197//4197 4195//4195 4253//4253
f 4195//4195 4188//4188 4253//4253
f 4188//4188 4186//4186 4253//4253
f 4186//4186 4183//4183 4253//4253
f 4183//4183 4181//4181 4253//4253
f 4181//4181 4180//4180 4253//4253
f 4253//4253 4252//4252 4260//4260
f 4260//4260 4261//4261 4253//4253
f 3760//3760 3759//3759 4260//4260
f 4261//4261 4260//4260 3759//3759
f 4260//4260 4252//4252 4254//4254
f 4254//4254 4255//4255 4260//4260
f 4255//4255 4257//4257 4260//4260
f 4257//4257 4256//4256 4260//4260
f 4256//4256 4259//4259 4260//4260
f 4259//4259 4258//4258 4260//4260
f 4258//4258 4180//4180 4260//4260
f 3758//3758 3764//3764 3759//3759
f 3764//3764 3765//3765 3759//3759
f 4262//4262 4263//4263 4264//4264
f 4262//4262 4265//4265 4263//4263
f 4266//4266 4264//4264 4263//4263
f 4267//4267 4268//4268 4269//4269
f 4268//4268 4270//4270 4262//4262
f 4262//4262 4271//4271 4269//4269
f 4268//4268 4262//4262 4269//4269
f 4270//4270 4272//4272 4262//4262
f 4262//4262 4273//4273 4274//4274
f 4274//4274 4271//4271 4262//4262
f 4272//4272 4275//4275 4262//4262
f 4262//4262 4264//4264 4276//4276
f 4276//4276 4277//4277 4262//4262
f 4277//4277 4278//4278 4262//4262
f 4278//4278 4273//4273 4262//4262
f 4265//4265 4262//4262 4275//4275
f 4279//4279 4280//4280 4281//4281
f 4280//4280 4282//4282 4281//4281
f 4272//4272 4270//4270 4281//4281
f 4270//4270 4268//4268 4281//4281
f 4268//4268 4267//4267 4281//4281
f 4281//4281 4282//4282 4283//4283
f 4283//4283 4275//4275 4281//4281
f 4275//4275 4272//4272 4281//4281
f 4282//4282 4280//4280 4284//4284
f 4280//4280 4279//4279 4284//4284
f 4285//4285 4284//4284 4279//4279
f 4286//4286 4287//4287 4285//4285
f 4287//4287 4288//4288 4285//4285
f 4288//4288 4289//4289 4285//4285
f 4285//4285 4289//4289 4284//4284
f 4290//4290 4291//4291 4292//4292
f 4291//4291 4293//4293 4292//4292
f 4286//4286 4293//4293 4291//4291
f 4289//4289 4288//4288 4291//4291
f 4288//4288 4287//4287 4291//4291
f 4287//4287 4286//4286 4291//4291
f 4294//4294 4295//4295 4296//4296
f 4295//4295 4297//4297 4291//4291
f 4291//4291 4298//4298 4296//4296
f 4295//4295 4291//4291 4296//4296
f 4291//4291 4299//4299 4300//4300
f 4300//4300 4298//4298 4291//4291
f 4291//4291 4290//4290 4301//4301
f 4301//4301 4302//4302 4291//4291
f 4302//4302 4303//4303 4291//4291
f 4303//4303 4299//4299 4291//4291
f 4304//4304 4305//4305 4297//4297
f 4297//4297 4295//4295 4304//4304
f 4295//4295 4294//4294 4304//4304
f 4304//4304 4306//4306 4307//4307
f 4307//4307 4308//4308 4304//4304
f 4308//4308 4305//4305 4304//4304
f 4306//4306 4304//4304 4309//4309
f 4304//4304 4310//4310 4309//4309
f 4311//4311 4312//4312 4310//4310
f 4312//4312 4313//4313 4310//4310
f 4313//4313 4314//4314 4310//4310
f 4314//4314 4315//4315 4310//4310
f 4315//4315 4316//4316 4310//4310
f 4316//4316 4317//4317 4310//4310
f 4317//4317 4309//4309 4310//4310
f 4318//4318 4311//4311 4319//4319
f 4317//4317 4316//4316 4318//4318
f 4316//4316 4315//4315 4318//4318
f 4315//4315 4314//4314 4318//4318
f 4314//4314 4313//4313 4318//4318
f 4313//4313 4312//4312 4318//4318
f 4312//4312 4311//4311 4318//4318
f 4320//4320 4321//4321 4322//4322
f 4318//4318 4323//4323 4322//4322
f 4321//4321 4318//4318 4322//4322
f 4318//4318 4319//4319 4324//4324
f 4324//4324 4323//4323 4318//4318
f 4325//4325 4326//4326 4327//4327
f 4326//4326 4328//4328 4329//4329
f 4329//4329 4330//4330 4327//4327
f 4326//4326 4329//4329 4327//4327
f 4328//4328 4331//4331 4332//4332
f 4331//4331 4333//4333 4334//4334
f 4334//4334 4335//4335 4332//4332
f 4331//4331 4334//4334 4332//4332
f 4335//4335 4336//4336 4337//4337
f 4336//4336 4338//4338 4339//4339
f 4339//4339 4330//4330 4337//4337
f 4336//4336 4339//4339 4337//4337
f 4328//4328 4332//4332 4329//4329
f 4332//4332 4335//4335 4337//4337
f 4337//4337 4330//4330 4329//4329
f 4332//4332 4337//4337 4329//4329
f 4333//4333 4340//4340 4341//4341
f 4340//4340 4342//4342 4343//4343
f 4343//4343 4344//4344 4341//4341
f 4340//4340 4343//4343 4341//4341
f 4342//4342 4345//4345 4346//4346
f 4347//4347 4348//4348 4346//4346
f 4345//4345 4347//4347 4346//4346
f 4348//4348 4349//4349 4350//4350
f 4349//4349 4351//4351 4352//4352
f 4352//4352 4344//4344 4350//4350
f 4349//4349 4352//4352 4350//4350
f 4342//4342 4346//4346 4343//4343
f 4346//4346 4348//4348 4350//4350
f 4350//4350 4344//4344 4343//4343
f 4346//4346 4350//4350 4343//4343
f 4351//4351 4353//4353 4354//4354
f 4353//4353 4355//4355 4356//4356
f 4356//4356 4357//4357 4354//4354
f 4353//4353 4356//4356 4354//4354
f 4355//4355 4358//4358 4359//4359
f 4358//4358 4320//4320 4360//4360
f 4360//4360 4361//4361 4359//4359
f 4358//4358 4360//4360 4359//4359
f 4361//4361 4362//4362 4363//4363
f 4362//4362 4338//4338 4364//4364
f 4364//4364 4357//4357 4363//4363
f 4362//4362 4364//4364 4363//4363
f 4355//4355 4359//4359 4356//4356
f 4359//4359 4361//4361 4363//4363
f 4363//4363 4357//4357 4356//4356
f 4359//4359 4363//4363 4356//4356
f 4333//4333 4341//4341 4334//4334
f 4341//4341 4344//4344 4365//4365
f 4365//4365 4335//4335 4334//4334
f 4341//4341 4365//4365 4334//4334
f 4344//4344 4352//4352 4366//4366
f 4352//4352 4351//4351 4354//4354
f 4354//4354 4357//4357 4366//4366
f 4352//4352 4354//4354 4366//4366
f 4357//4357 4364//4364 4367//4367
f 4364//4364 4338//4338 4336//4336
f 4336//4336 4335//4335 4367//4367
f 4364//4364 4336//4336 4367//4367
f 4344//4344 4366//4366 4365//4365
f 4366//4366 4357//4357 4367//4367
f 4367//4367 4335//4335 4365//4365
f 4366//4366 4367//4367 4365//4365
f 4368//4368 4369//4369 4370//4370
f 4345//4345 4321//4321 4370//4370
f 4369//4369 4345//4345 4370//4370
f 4321//4321 4368//4368 4370//4370
f 4371//4371 4372//4372 4321//4321
f 4321//4321 4320//4320 4358//4358
f 4358//4358 4355//4355 4373//4373
f 4321//4321 4358//4358 4373//4373
f 4355//4355 4353//4353 4374//4374
f 4353//4353 4351//4351 4375//4375
f 4375//4375 4372//4372 4374//4374
f 4353//4353 4375//4375 4374//4374
f 4321//4321 4373//4373 4371//4371
f 4373//4373 4355//4355 4374//4374
f 4374//4374 4372//4372 4371//4371
f 4373//4373 4374//4374 4371//4371
f 4351//4351 4349//4349 4376//4376
f 4349//4349 4348//4348 4377//4377
f 4377//4377 4378//4378 4376//4376
f 4349//4349 4377//4377 4376//4376
f 4348//4348 4347//4347 4379//4379
f 4347//4347 4345//4345 4379//4379
f 4380//4380 4378//4378 4381//4381
f 4345//4345 4380//4380 4381//4381
f 4348//4348 4379//4379 4377//4377
f 4379//4379 4345//4345 4381//4381
f 4381//4381 4378//4378 4377//4377
f 4379//4379 4381//4381 4377//4377
f 4321//4321 4372//4372 4382//4382
f 4382//4382 4368//4368 4321//4321
f 4372//4372 4375//4375 4383//4383
f 4375//4375 4351//4351 4376//4376
f 4376//4376 4378//4378 4383//4383
f 4375//4375 4376//4376 4383//4383
f 4378//4378 4380//4380 4384//4384
f 4380//4380 4345//4345 4369//4369
f 4369//4369 4368//4368 4384//4384
f 4380//4380 4369//4369 4384//4384
f 4372//4372 4383//4383 4382//4382
f 4383//4383 4378//4378 4384//4384
f 4384//4384 4368//4368 4382//4382
f 4383//4383 4384//4384 4382//4382
f 4385//4385 4386//4386 4387//4387
f 4387//4387 4388//4388 4385//4385
f 4385//4385 4325//4325 4389//4389
f 4389//4389 4390//4390 4385//4385
f 4390//4390 4391//4391 4385//4385
f 4391//4391 4386//4386 4385//4385
f 4345//4345 4342//4342 4392//4392
f 4392//4392 4393//4393 4394//4394
f 4345//4345 4392//4392 4394//4394
f 4342//4342 4340//4340 4385//4385
f 4340//4340 4333//4333 4385//4385
f 4342//4342 4385//4385 4392//4392
f 4385//4385 4393//4393 4392//4392
f 4333//4333 4331//4331 4385//4385
f 4331//4331 4328//4328 4385//4385
f 4328//4328 4326//4326 4385//4385
f 4326//4326 4325//4325 4385//4385
f 4395//4395 4396//4396 4397//4397
f 4396//4396 4398//4398 4397//4397
f 4385//4385 4397//4397 4398//4398
f 4385//4385 4388//4388 4397//4397
f 4395//4395 4266//4266 4263//4263
f 4398//4398 4396//4396 4263//4263
f 4396//4396 4395//4395 4263//4263
f 4388//4388 4387//4387 4397//4397
f 4387//4387 4386//4386 4397//4397
f 4386//4386 4391//4391 4397//4397
f 4391//4391 4390//4390 4397//4397
f 4390//4390 4389//4389 4397//4397
f 4389//4389 4325//4325 4397//4397
f 4263//4263 4265//4265 4275//4275
f 3318//3318 3453//3453 4399//4399
f 3453//3453 3455//3455 4400//4400
f 4400//4400 4401//4401 4399//4399
f 3453//3453 4400//4400 4399//4399
f 3455//3455 3462//3462 4402//4402
f 3462//3462 3461//3461 4403//4403
f 4403//4403 4404//4404 4402//4402
f 3462//3462 4403//4403 4402//4402
f 4404//4404 4405//4405 4406//4406
f 4405//4405 4407//4407 4408//4408
f 4408//4408 4401//4401 4406//4406
f 4405//4405 4408//4408 4406//4406
f 3455//3455 4402//4402 4400//4400
f 4402//4402 4404//4404 4406//4406
f 4406//4406 4401//4401 4400//4400
f 4402//4402 4406//4406 4400//4400
f 3461//3461 3475//3475 4409//4409
f 3475//3475 3474//3474 4410//4410
f 4410//4410 4411//4411 4409//4409
f 3475//3475 4410//4410 4409//4409
f 3474//3474 3473//3473 4412//4412
f 3473//3473 3174//3174 3176//3176
f 3176//3176 3179//3179 4412//4412
f 3473//3473 3176//3176 4412//4412
f 3179//3179 3188//3188 4413//4413
f 3188//3188 3187//3187 4414//4414
f 4414//4414 4411//4411 4413//4413
f 3188//3188 4414//4414 4413//4413
f 3474//3474 4412//4412 4410//4410
f 4412//4412 3179//3179 4413//4413
f 4413//4413 4411//4411 4410//4410
f 4412//4412 4413//4413 4410//4410
f 3187//3187 3212//3212 4415//4415
f 3212//3212 3211//3211 4416//4416
f 4416//4416 4417//4417 4415//4415
f 3212//3212 4416//4416 4415//4415
f 3211//3211 3210//3210 4418//4418
f 3210//3210 3102//3102 4419//4419
f 4419//4419 4420//4420 4418//4418
f 3210//3210 4419//4419 4418//4418
f 4420//4420 4421//4421 4422//4422
f 4421//4421 4407//4407 4423//4423
f 4423//4423 4417//4417 4422//4422
f 4421//4421 4423//4423 4422//4422
f 3211//3211 4418//4418 4416//4416
f 4418//4418 4420//4420 4422//4422
f 4422//4422 4417//4417 4416//4416
f 4418//4418 4422//4422 4416//4416
f 3461//3461 4409//4409 4403//4403
f 4409//4409 4411//4411 4424//4424
f 4424//4424 4404//4404 4403//4403
f 4409//4409 4424//4424 4403//4403
f 4411//4411 4414//4414 4425//4425
f 4414//4414 3187//3187 4415//4415
f 4415//4415 4417//4417 4425//4425
f 4414//4414 4415//4415 4425//4425
f 4417//4417 4423//4423 4426//4426
f 4423//4423 4407//4407 4405//4405
f 4405//4405 4404//4404 4426//4426
f 4423//4423 4405//4405 4426//4426
f 4411//4411 4425//4425 4424//4424
f 4425//4425 4417//4417 4426//4426
f 4426//4426 4404//4404 4424//4424
f 4425//4425 4426//4426 4424//4424
f 3318//3318 4399//4399 4427//4427
f 4399//4399 4401//4401 4428//4428
f 4428//4428 4429//4429 4427//4427
f 4399//4399 4428//4428 4427//4427
f 4401//4401 4408//4408 4430//4430
f 4408//4408 4407//4407 4431//4431
f 4431//4431 4432//4432 4430//4430
f 4408//4408 4431//4431 4430//4430
f 4432//4432 4433//4433 4434//4434
f 4433//4433 4435//4435 4436//4436
f 4436//4436 4429//4429 4434//4434
f 4433//4433 4436//4436 4434//4434
f 4401//4401 4430//4430 4428//4428
f 4430//4430 4432//4432 4434//4434
f 4434//4434 4429//4429 4428//4428
f 4430//4430 4434//4434 4428//4428
f 4407//4407 4421//4421 4437//4437
f 4421//4421 4420//4420 4438//4438
f 4438//4438 4439//4439 4437//4437
f 4421//4421 4438//4438 4437//4437
f 4420//4420 4419//4419 4440//4440
f 4419//4419 3102//3102 3104//3104
f 3104//3104 3107//3107 4440//4440
f 4419//4419 3104//3104 4440//4440
f 3107//3107 3116//3116 4441//4441
f 3116//3116 3115//3115 4442//4442
f 4442//4442 4439//4439 4441//4441
f 3116//3116 4442//4442 4441//4441
f 4420//4420 4440//4440 4438//4438
f 4440//4440 3107//3107 4441//4441
f 4441//4441 4439//4439 4438//4438
f 4440//4440 4441//4441 4438//4438
f 3115//3115 3140//3140 4443//4443
f 3140//3140 3139//3139 4444//4444
f 4444//4444 4445//4445 4443//4443
f 3140//3140 4444//4444 4443//4443
f 3139//3139 3138//3138 4446//4446
f 3138//3138 3030//3030 4447//4447
f 4447//4447 4448//4448 4446//4446
f 3138//3138 4447//4447 4446//4446
f 4448//4448 4449//4449 4450//4450
f 4449//4449 4435//4435 4451//4451
f 4451//4451 4445//4445 4450//4450
f 4449//4449 4451//4451 4450//4450
f 3139//3139 4446//4446 4444//4444
f 4446//4446 4448//4448 4450//4450
f 4450//4450 4445//4445 4444//4444
f 4446//4446 4450//4450 4444//4444
f 4407//4407 4437//4437 4431//4431
f 4437//4437 4439//4439 4452//4452
f 4452//4452 4432//4432 4431//4431
f 4437//4437 4452//4452 4431//4431
f 4439//4439 4442//4442 4453//4453
f 4442//4442 3115//3115 4443//4443
f 4443//4443 4445//4445 4453//4453
f 4442//4442 4443//4443 4453//4453
f 4445//4445 4451//4451 4454//4454
f 4451//4451 4435//4435 4433//4433
f 4433//4433 4432//4432 4454//4454
f 4451//4451 4433//4433 4454//4454
f 4439//4439 4453//4453 4452//4452
f 4453//4453 4445//4445 4454//4454
f 4454//4454 4432//4432 4452//4452
f 4453//4453 4454//4454 4452//4452
f 3318//3318 4427//4427 4455//4455
f 4427//4427 4429//4429 4456//4456
f 4456//4456 4457//4457 4455//4455
f 4427//4427 4456//4456 4455//4455
f 4429//4429 4436//4436 4458//4458
f 4436//4436 4435//4435 4459//4459
f 4459//4459 4460//4460 4458//4458
f 4436//4436 4459//4459 4458//4458
f 4460//4460 4461//4461 4462//4462
f 4461//4461 4463//4463 4464//4464
f 4464//4464 4457//4457 4462//4462
f 4461//4461 4464//4464 4462//4462
f 4429//4429 4458//4458 4456//4456
f 4458//4458 4460//4460 4462//4462
f 4462//4462 4457//4457 4456//4456
f 4458//4458 4462//4462 4456//4456
f 4435//4435 4449//4449 4465//4465
f 4449//4449 4448//4448 4466//4466
f 4466//4466 4467//4467 4465//4465
f 4449//4449 4466//4466 4465//4465
f 4448//4448 4447//4447 4468//4468
f 4447//4447 3030//3030 3032//3032
f 3032//3032 3035//3035 4468//4468
f 4447//4447 3032//3032 4468//4468
f 3035//3035 3044//3044 4469//4469
f 3044//3044 3043//3043 4470//4470
f 4470//4470 4467//4467 4469//4469
f 3044//3044 4470//4470 4469//4469
f 4448//4448 4468//4468 4466//4466
f 4468//4468 3035//3035 4469//4469
f 4469//4469 4467//4467 4466//4466
f 4468//4468 4469//4469 4466//4466
f 3043//3043 3068//3068 4471//4471
f 3068//3068 3067//3067 4472//4472
f 4472//4472 4473//4473 4471//4471
f 3068//3068 4472//4472 4471//4471
f 3067//3067 3066//3066 4474//4474
f 3066//3066 2958//2958 4475//4475
f 4475//4475 4476//4476 4474//4474
f 3066//3066 4475//4475 4474//4474
f 4476//4476 4477//4477 4478//4478
f 4477//4477 4463//4463 4479//4479
f 4479//4479 4473//4473 4478//4478
f 4477//4477 4479//4479 4478//4478
f 3067//3067 4474//4474 4472//4472
f 4474//4474 4476//4476 4478//4478
f 4478//4478 4473//4473 4472//4472
f 4474//4474 4478//4478 4472//4472
f 4435//4435 4465//4465 4459//4459
f 4465//4465 4467//4467 4480//4480
f 4480//4480 4460//4460 4459//4459
f 4465//4465 4480//4480 4459//4459
f 4467//4467 4470//4470 4481//4481
f 4470//4470 3043//3043 4471//4471
f 4471//4471 4473//4473 4481//4481
f 4470//4470 4471//4471 4481//4481
f 4473//4473 4479//4479 4482//4482
f 4479//4479 4463//4463 4461//4461
f 4461//4461 4460//4460 4482//4482
f 4479//4479 4461//4461 4482//4482
f 4467//4467 4481//4481 4480//4480
f 4481//4481 4473//4473 4482//4482
f 4482//4482 4460//4460 4480//4480
f 4481//4481 4482//4482 4480//4480
f 3318//3318 4455//4455 4483//4483
f 4455//4455 4457//4457 4484//4484
f 4484//4484 4485//4485 4483//4483
f 4455//4455 4484//4484 4483//4483
f 4457//4457 4464//4464 4486//4486
f 4464//4464 4463//4463 4487//4487
f 4487//4487 4488//4488 4486//4486
f 4464//4464 4487//4487 4486//4486
f 4488//4488 4489//4489 4490//4490
f 4489//4489 4491//4491 4492//4492
f 4492//4492 4485//4485 4490//4490
f 4489//4489 4492//4492 4490//4490
f 4457//4457 4486//4486 4484//4484
f 4486//4486 4488//4488 4490//4490
f 4490//4490 4485//4485 4484//4484
f 4486//4486 4490//4490 4484//4484
f 4463//4463 4477//4477 4493//4493
f 4477//4477 4476//4476 4494//4494
f 4494//4494 4495//4495 4493//4493
f 4477//4477 4494//4494 4493//4493
f 4476//4476 4475//4475 4496//4496
f 4475//4475 2958//2958 2960//2960
f 2960//2960 2963//2963 4496//4496
f 4475//4475 2960//2960 4496//4496
f 2963//2963 2972//2972 4497//4497
f 2972//2972 2971//2971 4498//4498
f 4498//4498 4495//4495 4497//4497
f 2972//2972 4498//4498 4497//4497
f 4476//4476 4496//4496 4494//4494
f 4496//4496 2963//2963 4497//4497
f 4497//4497 4495//4495 4494//4494
f 4496//4496 4497//4497 4494//4494
f 2971//2971 2996//2996 4499//4499
f 2996//2996 2995//2995 4500//4500
f 4500//4500 4501//4501 4499//4499
f 2996//2996 4500//4500 4499//4499
f 2995//2995 2994//2994 4502//4502
f 2994//2994 2886//2886 4503//4503
f 4503//4503 4504//4504 4502//4502
f 2994//2994 4503//4503 4502//4502
f 4504//4504 4505//4505 4506//4506
f 4505//4505 4491//4491 4507//4507
f 4507//4507 4501//4501 4506//4506
f 4505//4505 4507//4507 4506//4506
f 2995//2995 4502//4502 4500//4500
f 4502//4502 4504//4504 4506//4506
f 4506//4506 4501//4501 4500//4500
f 4502//4502 4506//4506 4500//4500
f 4463//4463 4493//4493 4487//4487
f 4493//4493 4495//4495 4508//4508
f 4508//4508 4488//4488 4487//4487
f 4493//4493 4508//4508 4487//4487
f 4495//4495 4498//4498 4509//4509
f 4498//4498 2971//2971 4499//4499
f 4499//4499 4501//4501 4509//4509
f 4498//4498 4499//4499 4509//4509
f 4501//4501 4507//4507 4510//4510
f 4507//4507 4491//4491 4489//4489
f 4489//4489 4488//4488 4510//4510
f 4507//4507 4489//4489 4510//4510
f 4495//4495 4509//4509 4508//4508
f 4509//4509 4501//4501 4510//4510
f 4510//4510 4488//4488 4508//4508
f 4509//4509 4510//4510 4508//4508
f 3318//3318 4483//4483 4511//4511
f 4483//4483 4485//4485 4512//4512
f 4512//4512 4513//4513 4511//4511
f 4483//4483 4512//4512 4511//4511
f 4485//4485 4492//4492 4514//4514
f 4492//4492 4491//4491 4515//4515
f 4515//4515 4516//4516 4514//4514
f 4492//4492 4515//4515 4514//4514
f 4516//4516 4517//4517 4518//4518
f 4517//4517 4519//4519 4520//4520
f 4520//4520 4513//4513 4518//4518
f 4517//4517 4520//4520 4518//4518
f 4485//4485 4514//4514 4512//4512
f 4514//4514 4516//4516 4518//4518
f 4518//4518 4513//4513 4512//4512
f 4514//4514 4518//4518 4512//4512
f 4491//4491 4505//4505 4521//4521
f 4505//4505 4504//4504 4522//4522
f 4522//4522 4523//4523 4521//4521
f 4505//4505 4522//4522 4521//4521
f 4504//4504 4503//4503 4524//4524
f 4503//4503 2886//2886 2888//2888
f 2888//2888 2891//2891 4524//4524
f 4503//4503 2888//2888 4524//4524
f 2891//2891 2900//2900 4525//4525
f 2900//2900 2899//2899 4526//4526
f 4526//4526 4523//4523 4525//4525
f 2900//2900 4526//4526 4525//4525
f 4504//4504 4524//4524 4522//4522
f 4524//4524 2891//2891 4525//4525
f 4525//4525 4523//4523 4522//4522
f 4524//4524 4525//4525 4522//4522
f 2899//2899 2924//2924 4527//4527
f 2924//2924 2923//2923 4528//4528
f 4528//4528 4529//4529 4527//4527
f 2924//2924 4528//4528 4527//4527
f 2923//2923 2922//2922 4530//4530
f 2922//2922 2814//2814 4531//4531
f 4531//4531 4532//4532 4530//4530
f 2922//2922 4531//4531 4530//4530
f 4532//4532 4533//4533 4534//4534
f 4533//4533 4519//4519 4535//4535
f 4535//4535 4529//4529 4534//4534
f 4533//4533 4535//4535 4534//4534
f 2923//2923 4530//4530 4528//4528
f 4530//4530 4532//4532 4534//4534
f 4534//4534 4529//4529 4528//4528
f 4530//4530 4534//4534 4528//4528
f 4491//4491 4521//4521 4515//4515
f 4521//4521 4523//4523 4536//4536
f 4536//4536 4516//4516 4515//4515
f 4521//4521 4536//4536 4515//4515
f 4523//4523 4526//4526 4537//4537
f 4526//4526 2899//2899 4527//4527
f 4527//4527 4529//4529 4537//4537
f 4526//4526 4527//4527 4537//4537
f 4529//4529 4535//4535 4538//4538
f 4535//4535 4519//4519 4517//4517
f 4517//4517 4516//4516 4538//4538
f 4535//4535 4517//4517 4538//4538
f 4523//4523 4537//4537 4536//4536
f 4537//4537 4529//4529 4538//4538
f 4538//4538 4516//4516 4536//4536
f 4537//4537 4538//4538 4536//4536
f 3318//3318 4511//4511 4539//4539
f 4511//4511 4513//4513 4540//4540
f 4540//4540 4541//4541 4539//4539
f 4511//4511 4540//4540 4539//4539
f 4513//4513 4520//4520 4542//4542
f 4520//4520 4519//4519 4543//4543
f 4543//4543 4544//4544 4542//4542
f 4520//4520 4543//4543 4542//4542
f 4544//4544 4545//4545 4546//4546
f 4545//4545 4547//4547 4548//4548
f 4548//4548 4541//4541 4546//4546
f 4545//4545 4548//4548 4546//4546
f 4513//4513 4542//4542 4540//4540
f 4542//4542 4544//4544 4546//4546
f 4546//4546 4541//4541 4540//4540
f 4542//4542 4546//4546 4540//4540
f 4519//4519 4533//4533 4549//4549
f 4533//4533 4532//4532 4550//4550
f 4550//4550 4551//4551 4549//4549
f 4533//4533 4550//4550 4549//4549
f 4532//4532 4531//4531 4552//4552
f 4531//4531 2814//2814 2816//2816
f 2816//2816 2819//2819 4552//4552
f 4531//4531 2816//2816 4552//4552
f 2819//2819 2828//2828 4553//4553
f 2828//2828 2827//2827 4554//4554
f 4554//4554 4551//4551 4553//4553
f 2828//2828 4554//4554 4553//4553
f 4532//4532 4552//4552 4550//4550
f 4552//4552 2819//2819 4553//4553
f 4553//4553 4551//4551 4550//4550
f 4552//4552 4553//4553 4550//4550
f 2827//2827 2852//2852 4555//4555
f 2852//2852 2851//2851 4556//4556
f 4556//4556 4557//4557 4555//4555
f 2852//2852 4556//4556 4555//4555
f 2851//2851 2850//2850 4558//4558
f 2850//2850 2742//2742 4559//4559
f 4559//4559 4560//4560 4558//4558
f 2850//2850 4559//4559 4558//4558
f 4560//4560 4561//4561 4562//4562
f 4561//4561 4547//4547 4563//4563
f 4563//4563 4557//4557 4562//4562
f 4561//4561 4563//4563 4562//4562
f 2851//2851 4558//4558 4556//4556
f 4558//4558 4560//4560 4562//4562
f 4562//4562 4557//4557 4556//4556
f 4558//4558 4562//4562 4556//4556
f 4519//4519 4549//4549 4543//4543
f 4549//4549 4551//4551 4564//4564
f 4564//4564 4544//4544 4543//4543
f 4549//4549 4564//4564 4543//4543
f 4551//4551 4554//4554 4565//4565
f 4554//4554 2827//2827 4555//4555
f 4555//4555 4557//4557 4565//4565
f 4554//4554 4555//4555 4565//4565
f 4557//4557 4563//4563 4566//4566
f 4563//4563 4547//4547 4545//4545
f 4545//4545 4544//4544 4566//4566
f 4563//4563 4545//4545 4566//4566
f 4551//4551 4565//4565 4564//4564
f 4565//4565 4557//4557 4566//4566
f 4566//4566 4544//4544 4564//4564
f 4565//4565 4566//4566 4564//4564
f 3318//3318 4539//4539 4567//4567
f 4539//4539 4541//4541 4568//4568
f 4568//4568 4569//4569 4567//4567
f 4539//4539 4568//4568 4567//4567
f 4541//4541 4548//4548 4570//4570
f 4548//4548 4547//4547 4571//4571
f 4571//4571 4572//4572 4570//4570
f 4548//4548 4571//4571 4570//4570
f 4572//4572 4573//4573 4574//4574
f 4573//4573 4575//4575 4576//4576
f 4576//4576 4569//4569 4574//4574
f 4573//4573 4576//4576 4574//4574
f 4541//4541 4570//4570 4568//4568
f 4570//4570 4572//4572 4574//4574
f 4574//4574 4569//4569 4568//4568
f 4570//4570 4574//4574 4568//4568
f 4547//4547 4561//4561 4577//4577
f 4561//4561 4560//4560 4578//4578
f 4578//4578 4579//4579 4577//4577
f 4561//4561 4578//4578 4577//4577
f 4560//4560 4559//4559 4580//4580
f 4559//4559 2742//2742 2744//2744
f 2744//2744 2747//2747 4580//4580
f 4559//4559 2744//2744 4580//4580
f 2747//2747 2756//2756 4581//4581
f 2756//2756 2755//2755 4582//4582
f 4582//4582 4579//4579 4581//4581
f 2756//2756 4582//4582 4581//4581
f 4560//4560 4580//4580 4578//4578
f 4580//4580 2747//2747 4581//4581
f 4581//4581 4579//4579 4578//4578
f 4580//4580 4581//4581 4578//4578
f 2755//2755 2780//2780 4583//4583
f 2780//2780 2779//2779 4584//4584
f 4584//4584 4585//4585 4583//4583
f 2780//2780 4584//4584 4583//4583
f 2779//2779 2778//2778 4586//4586
f 2778//2778 2670//2670 4587//4587
f 4587//4587 4588//4588 4586//4586
f 2778//2778 4587//4587 4586//4586
f 4588//4588 4589//4589 4590//4590
f 4589//4589 4575//4575 4591//4591
f 4591//4591 4585//4585 4590//4590
f 4589//4589 4591//4591 4590//4590
f 2779//2779 4586//4586 4584//4584
f 4586//4586 4588//4588 4590//4590
f 4590//4590 4585//4585 4584//4584
f 4586//4586 4590//4590 4584//4584
f 4547//4547 4577//4577 4571//4571
f 4577//4577 4579//4579 4592//4592
f 4592//4592 4572//4572 4571//4571
f 4577//4577 4592//4592 4571//4571
f 4579//4579 4582//4582 4593//4593
f 4582//4582 2755//2755 4583//4583
f 4583//4583 4585//4585 4593//4593
f 4582//4582 4583//4583 4593//4593
f 4585//4585 4591//4591 4594//4594
f 4591//4591 4575//4575 4573//4573
f 4573//4573 4572//4572 4594//4594
f 4591//4591 4573//4573 4594//4594
f 4579//4579 4593//4593 4592//4592
f 4593//4593 4585//4585 4594//4594
f 4594//4594 4572//4572 4592//4592
f 4593//4593 4594//4594 4592//4592
f 3318//3318 4567//4567 4595//4595
f 4567//4567 4569//4569 4596//4596
f 4596//4596 4597//4597 4595//4595
f 4567//4567 4596//4596 4595//4595
f 4569//4569 4576//4576 4598//4598
f 4576//4576 4575//4575 4599//4599
f 4599//4599 4600//4600 4598//4598
f 4576//4576 4599//4599 4598//4598
f 4600//4600 4601//4601 4602//4602
f 4601//4601 4603//4603 4604//4604
f 4604//4604 4597//4597 4602//4602
f 4601//4601 4604//4604 4602//4602
f 4569//4569 4598//4598 4596//4596
f 4598//4598 4600//4600 4602//4602
f 4602//4602 4597//4597 4596//4596
f 4598//4598 4602//4602 4596//4596
f 4575//4575 4589//4589 4605//4605
f 4589//4589 4588//4588 4606//4606
f 4606//4606 4607//4607 4605//4605
f 4589//4589 4606//4606 4605//4605
f 4588//4588 4587//4587 4608//4608
f 4587//4587 2670//2670 2672//2672
f 2672//2672 2675//2675 4608//4608
f 4587//4587 2672//2672 4608//4608
f 2675//2675 2684//2684 4609//4609
f 2684//2684 2683//2683 4610//4610
f 4610//4610 4607//4607 4609//4609
f 2684//2684 4610//4610 4609//4609
f 4588//4588 4608//4608 4606//4606
f 4608//4608 2675//2675 4609//4609
f 4609//4609 4607//4607 4606//4606
f 4608//4608 4609//4609 4606//4606
f 2683//2683 2708//2708 4611//4611
f 2708//2708 2707//2707 4612//4612
f 4612//4612 4613//4613 4611//4611
f 2708//2708 4612//4612 4611//4611
f 2707//2707 2706//2706 4614//4614
f 2706//2706 2598//2598 4615//4615
f 4615//4615 4616//4616 4614//4614
f 2706//2706 4615//4615 4614//4614
f 4616//4616 4617//4617 4618//4618
f 4617//4617 4603//4603 4619//4619
f 4619//4619 4613//4613 4618//4618
f 4617//4617 4619//4619 4618//4618
f 2707//2707 4614//4614 4612//4612
f 4614//4614 4616//4616 4618//4618
f 4618//4618 4613//4613 4612//4612
f 4614//4614 4618//4618 4612//4612
f 4575//4575 4605//4605 4599//4599
f 4605//4605 4607//4607 4620//4620
f 4620//4620 4600//4600 4599//4599
f 4605//4605 4620//4620 4599//4599
f 4607//4607 4610//4610 4621//4621
f 4610//4610 2683//2683 4611//4611
f 4611//4611 4613//4613 4621//4621
f 4610//4610 4611//4611 4621//4621
f 4613//4613 4619//4619 4622//4622
f 4619//4619 4603//4603 4601//4601
f 4601//4601 4600//4600 4622//4622
f 4619//4619 4601//4601 4622//4622
f 4607//4607 4621//4621 4620//4620
f 4621//4621 4613//4613 4622//4622
f 4622//4622 4600//4600 4620//4620
f 4621//4621 4622//4622 4620//4620
f 3318//3318 4595//4595 4623//4623
f 4595//4595 4597//4597 4624//4624
f 4624//4624 4625//4625 4623//4623
f 4595//4595 4624//4624 4623//4623
f 4597//4597 4604//4604 4626//4626
f 4604//4604 4603//4603 4627//4627
f 4627//4627 4628//4628 4626//4626
f 4604//4604 4627//4627 4626//4626
f 4628//4628 4629//4629 4630//4630
f 4629//4629 4631//4631 4632//4632
f 4632//4632 4625//4625 4630//4630
f 4629//4629 4632//4632 4630//4630
f 4597//4597 4626//4626 4624//4624
f 4626//4626 4628//4628 4630//4630
f 4630//4630 4625//4625 4624//4624
f 4626//4626 4630//4630 4624//4624
f 4603//4603 4617//4617 4633//4633
f 4617//4617 4616//4616 4634//4634
f 4634//4634 4635//4635 4633//4633
f 4617//4617 4634//4634 4633//4633
f 4616//4616 4615//4615 4636//4636
f 4615//4615 2598//2598 2600//2600
f 2600//2600 2603//2603 4636//4636
f 4615//4615 2600//2600 4636//4636
f 2603//2603 2612//2612 4637//4637
f 2612//2612 2611//2611 4638//4638
f 4638//4638 4635//4635 4637//4637
f 2612//2612 4638//4638 4637//4637
f 4616//4616 4636//4636 4634//4634
f 4636//4636 2603//2603 4637//4637
f 4637//4637 4635//4635 4634//4634
f 4636//4636 4637//4637 4634//4634
f 2611//2611 2636//2636 4639//4639
f 2636//2636 2635//2635 4640//4640
f 4640//4640 4641//4641 4639//4639
f 2636//2636 4640//4640 4639//4639
f 2635//2635 2634//2634 4642//4642
f 2634//2634 2526//2526 4643//4643
f 4643//4643 4644//4644 4642//4642
f 2634//2634 4643//4643 4642//4642
f 4644//4644 4645//4645 4646//4646
f 4645//4645 4631//4631 4647//4647
f 4647//4647 4641//4641 4646//4646
f 4645//4645 4647//4647 4646//4646
f 2635//2635 4642//4642 4640//4640
f 4642//4642 4644//4644 4646//4646
f 4646//4646 4641//4641 4640//4640
f 4642//4642 4646//4646 4640//4640
f 4603//4603 4633//4633 4627//4627
f 4633//4633 4635//4635 4648//4648
f 4648//4648 4628//4628 4627//4627
f 4633//4633 4648//4648 4627//4627
f 4635//4635 4638//4638 4649//4649
f 4638//4638 2611//2611 4639//4639
f 4639//4639 4641//4641 4649//4649
f 4638//4638 4639//4639 4649//4649
f 4641//4641 4647//4647 4650//4650
f 4647//4647 4631//4631 4629//4629
f 4629//4629 4628//4628 4650//4650
f 4647//4647 4629//4629 4650//4650
f 4635//4635 4649//4649 4648//4648
f 4649//4649 4641//4641 4650//4650
f 4650//4650 4628//4628 4648//4648
f 4649//4649 4650//4650 4648//4648
f 3318//3318 4623//4623 4651//4651
f 4623//4623 4625//4625 4652//4652
f 4652//4652 4653//4653 4651//4651
f 4623//4623 4652//4652 4651//4651
f 4625//4625 4632//4632 4654//4654
f 4632//4632 4631//4631 4655//4655
f 4655//4655 4656//4656 4654//4654
f 4632//4632 4655//4655 4654//4654
f 4656//4656 4657//4657 4658//4658
f 4657//4657 4659//4659 4660//4660
f 4660//4660 4653//4653 4658//4658
f 4657//4657 4660//4660 4658//4658
f 4625//4625 4654//4654 4652//4652
f 4654//4654 4656//4656 4658//4658
f 4658//4658 4653//4653 4652//4652
f 4654//4654 4658//4658 4652//4652
f 4631//4631 4645//4645 4661//4661
f 4645//4645 4644//4644 4662//4662
f 4662//4662 4663//4663 4661//4661
f 4645//4645 4662//4662 4661//4661
f 4644//4644 4643//4643 4664//4664
f 4643//4643 2526//2526 2528//2528
f 2528//2528 2531//2531 4664//4664
f 4643//4643 2528//2528 4664//4664
f 2531//2531 2540//2540 4665//4665
f 2540//2540 2539//2539 4666//4666
f 4666//4666 4663//4663 4665//4665
f 2540//2540 4666//4666 4665//4665
f 4644//4644 4664//4664 4662//4662
f 4664//4664 2531//2531 4665//4665
f 4665//4665 4663//4663 4662//4662
f 4664//4664 4665//4665 4662//4662
f 2539//2539 2564//2564 4667//4667
f 2564//2564 2563//2563 4668//4668
f 4668//4668 4669//4669 4667//4667
f 2564//2564 4668//4668 4667//4667
f 2563//2563 2562//2562 4670//4670
f 2562//2562 2454//2454 4671//4671
f 4671//4671 4672//4672 4670//4670
f 2562//2562 4671//4671 4670//4670
f 4672//4672 4673//4673 4674//4674
f 4673//4673 4659//4659 4675//4675
f 4675//4675 4669//4669 4674//4674
f 4673//4673 4675//4675 4674//4674
f 2563//2563 4670//4670 4668//4668
f 4670//4670 4672//4672 4674//4674
f 4674//4674 4669//4669 4668//4668
f 4670//4670 4674//4674 4668//4668
f 4631//4631 4661//4661 4655//4655
f 4661//4661 4663//4663 4676//4676
f 4676//4676 4656//4656 4655//4655
f 4661//4661 4676//4676 4655//4655
f 4663//4663 4666//4666 4677//4677
f 4666//4666 2539//2539 4667//4667
f 4667//4667 4669//4669 4677//4677
f 4666//4666 4667//4667 4677//4677
f 4669//4669 4675//4675 4678//4678
f 4675//4675 4659//4659 4657//4657
f 4657//4657 4656//4656 4678//4678
f 4675//4675 4657//4657 4678//4678
f 4663//4663 4677//4677 4676//4676
f 4677//4677 4669//4669 4678//4678
f 4678//4678 4656//4656 4676//4676
f 4677//4677 4678//4678 4676//4676
f 3318//3318 4651//4651 4679//4679
f 4651//4651 4653//4653 4680//4680
f 4680//4680 4681//4681 4679//4679
f 4651//4651 4680//4680 4679//4679
f 4653//4653 4660//4660 4682//4682
f 4660//4660 4659//4659 4683//4683
f 4683//4683 4684//4684 4682//4682
f 4660//4660 4683//4683 4682//4682
f 4684//4684 4685//4685 4686//4686
f 4685//4685 4687//4687 4688//4688
f 4688//4688 4681//4681 4686//4686
f 4685//4685 4688//4688 4686//4686
f 4653//4653 4682//4682 4680//4680
f 4682//4682 4684//4684 4686//4686
f 4686//4686 4681//4681 4680//4680
f 4682//4682 4686//4686 4680//4680
f 4659//4659 4673//4673 4689//4689
f 4673//4673 4672//4672 4690//4690
f 4690//4690 4691//4691 4689//4689
f 4673//4673 4690//4690 4689//4689
f 4672//4672 4671//4671 4692//4692
f 4671//4671 2454//2454 2456//2456
f 2456//2456 2459//2459 4692//4692
f 4671//4671 2456//2456 4692//4692
f 2459//2459 2468//2468 4693//4693
f 2468//2468 2467//2467 4694//4694
f 4694//4694 4691//4691 4693//4693
f 2468//2468 4694//4694 4693//4693
f 4672//4672 4692//4692 4690//4690
f 4692//4692 2459//2459 4693//4693
f 4693//4693 4691//4691 4690//4690
f 4692//4692 4693//4693 4690//4690
f 2467//2467 2492//2492 4695//4695
f 2492//2492 2491//2491 4696//4696
f 4696//4696 4697//4697 4695//4695
f 2492//2492 4696//4696 4695//4695
f 2491//2491 2490//2490 4698//4698
f 2490//2490 2382//2382 4699//4699
f 4699//4699 4700//4700 4698//4698
f 2490//2490 4699//4699 4698//4698
f 4700//4700 4701//4701 4702//4702
f 4701//4701 4687//4687 4703//4703
f 4703//4703 4697//4697 4702//4702
f 4701//4701 4703//4703 4702//4702
f 2491//2491 4698//4698 4696//4696
f 4698//4698 4700//4700 4702//4702
f 4702//4702 4697//4697 4696//4696
f 4698//4698 4702//4702 4696//4696
f 4659//4659 4689//4689 4683//4683
f 4689//4689 4691//4691 4704//4704
f 4704//4704 4684//4684 4683//4683
f 4689//4689 4704//4704 4683//4683
f 4691//4691 4694//4694 4705//4705
f 4694//4694 2467//2467 4695//4695
f 4695//4695 4697//4697 4705//4705
f 4694//4694 4695//4695 4705//4705
f 4697//4697 4703//4703 4706//4706
f 4703//4703 4687//4687 4685//4685
f 4685//4685 4684//4684 4706//4706
f 4703//4703 4685//4685 4706//4706
f 4691//4691 4705//4705 4704//4704
f 4705//4705 4697//4697 4706//4706
f 4706//4706 4684//4684 4704//4704
f 4705//4705 4706//4706 4704//4704
f 3318//3318 4679//4679 4707//4707
f 4679//4679 4681//4681 4708//4708
f 4708//4708 4709//4709 4707//4707
f 4679//4679 4708//4708 4707//4707
f 4681//4681 4688//4688 4710//4710
f 4688//4688 4687//4687 4711//4711
f 4711//4711 4712//4712 4710//4710
f 4688//4688 4711//4711 4710//4710
f 4712//4712 4713//4713 4714//4714
f 4713//4713 4715//4715 4716//4716
f 4716//4716 4709//4709 4714//4714
f 4713//4713 4716//4716 4714//4714
f 4681//4681 4710//4710 4708//4708
f 4710//4710 4712//4712 4714//4714
f 4714//4714 4709//4709 4708//4708
f 4710//4710 4714//4714 4708//4708
f 4687//4687 4701//4701 4717//4717
f 4701//4701 4700//4700 4718//4718
f 4718//4718 4719//4719 4717//4717
f 4701//4701 4718//4718 4717//4717
f 4700//4700 4699//4699 4720//4720
f 4699//4699 2382//2382 2384//2384
f 2384//2384 2387//2387 4720//4720
f 4699//4699 2384//2384 4720//4720
f 2387//2387 2396//2396 4721//4721
f 2396//2396 2395//2395 4722//4722
f 4722//4722 4719//4719 4721//4721
f 2396//2396 4722//4722 4721//4721
f 4700//4700 4720//4720 4718//4718
f 4720//4720 2387//2387 4721//4721
f 4721//4721 4719//4719 4718//4718
f 4720//4720 4721//4721 4718//4718
f 2395//2395 2420//2420 4723//4723
f 2420//2420 2419//2419 4724//4724
f 4724//4724 4725//4725 4723//4723
f 2420//2420 4724//4724 4723//4723
f 2419//2419 2418//2418 4726//4726
f 2418//2418 2301//2301 4727//4727
f 4727//4727 4728//4728 4726//4726
f 2418//2418 4727//4727 4726//4726
f 4728//4728 4729//4729 4730//4730
f 4729//4729 4715//4715 4731//4731
f 4731//4731 4725//4725 4730//4730
f 4729//4729 4731//4731 4730//4730
f 2419//2419 4726//4726 4724//4724
f 4726//4726 4728//4728 4730//4730
f 4730//4730 4725//4725 4724//4724
f 4726//4726 4730//4730 4724//4724
f 4687//4687 4717//4717 4711//4711
f 4717//4717 4719//4719 4732//4732
f 4732//4732 4712//4712 4711//4711
f 4717//4717 4732//4732 4711//4711
f 4719//4719 4722//4722 4733//4733
f 4722//4722 2395//2395 4723//4723
f 4723//4723 4725//4725 4733//4733
f 4722//4722 4723//4723 4733//4733
f 4725//4725 4731//4731 4734//4734
f 4731//4731 4715//4715 4713//4713
f 4713//4713 4712//4712 4734//4734
f 4731//4731 4713//4713 4734//4734
f 4719//4719 4733//4733 4732//4732
f 4733//4733 4725//4725 4734//4734
f 4734//4734 4712//4712 4732//4732
f 4733//4733 4734//4734 4732//4732
f 3318//3318 4707//4707 3417//3417
f 4707//4707 4709//4709 4735//4735
f 4735//4735 3418//3418 3417//3417
f 4707//4707 4735//4735 3417//3417
f 4709//4709 4716//4716 4736//4736
f 4716//4716 4715//4715 4737//4737
f 4737//4737 4738//4738 4736//4736
f 4716//4716 4737//4737 4736//4736
f 4738//4738 4739//4739 4740//4740
f 4739//4739 3398//3398 3419//3419
f 3419//3419 3418//3418 4740//4740
f 4739//4739 3419//3419 4740//4740
f 4709//4709 4736//4736 4735//4735
f 4736//4736 4738//4738 4740//4740
f 4740//4740 3418//3418 4735//4735
f 4736//4736 4740//4740 4735//4735
f 4715//4715 4729//4729 4741//4741
f 4729//4729 4728//4728 4742//4742
f 4742//4742 4743//4743 4741//4741
f 4729//4729 4742//4742 4741//4741
f 4728//4728 4727//4727 4744//4744
f 4727//4727 2301//2301 2303//2303
f 2303//2303 2306//2306 4744//4744
f 4727//4727 2303//2303 4744//4744
f 2306//2306 2315//2315 4745//4745
f 2315//2315 2314//2314 4746//4746
f 4746//4746 4743//4743 4745//4745
f 2315//2315 4746//4746 4745//4745
f 4728//4728 4744//4744 4742//4742
f 4744//4744 2306//2306 4745//4745
f 4745//4745 4743//4743 4742//4742
f 4744//4744 4745//4745 4742//4742
f 2314//2314 2340//2340 4747//4747
f 2340//2340 2339//2339 4748//4748
f 4748//4748 4749//4749 4747//4747
f 2340//2340 4748//4748 4747//4747
f 2339//2339 2338//2338 4750//4750
f 2338//2338 2337//2337 3390//3390
f 3390//3390 3392//3392 4750//4750
f 2338//2338 3390//3390 4750//4750
f 3392//3392 3399//3399 4751//4751
f 3399//3399 3398//3398 4752//4752
f 4752//4752 4749//4749 4751//4751
f 3399//3399 4752//4752 4751//4751
f 2339//2339 4750//4750 4748//4748
f 4750//4750 3392//3392 4751//4751
f 4751//4751 4749//4749 4748//4748
f 4750//4750 4751//4751 4748//4748
f 4715//4715 4741//4741 4737//4737
f 4741//4741 4743//4743 4753//4753
f 4753//4753 4738//4738 4737//4737
f 4741//4741 4753//4753 4737//4737
f 4743//4743 4746//4746 4754//4754
f 4746//4746 2314//2314 4747//4747
f 4747//4747 4749//4749 4754//4754
f 4746//4746 4747//4747 4754//4754
f 4749//4749 4752//4752 4755//4755
f 4752//4752 3398//3398 4739//4739
f 4739//4739 4738//4738 4755//4755
f 4752//4752 4739//4739 4755//4755
f 4743//4743 4754//4754 4753//4753
f 4754//4754 4749//4749 4755//4755
f 4755//4755 4738//4738 4753//4753
f 4754//4754 4755//4755 4753//4753
f 2346//2346 3481//3481 4756//4756
f 3481//3481 3483//3483 4757//4757
f 4757//4757 4758//4758 4756//4756
f 3481//3481 4757//4757 4756//4756
f 3483//3483 3490//3490 4759//4759
f 3490//3490 3489//3489 4760//4760
f 4760//4760 4761//4761 4759//4759
f 3490//3490 4760//4760 4759//4759
f 4761//4761 4762//4762 4763//4763
f 4762//4762 4764//4764 4765//4765
f 4765//4765 4758//4758 4763//4763
f 4762//4762 4765//4765 4763//4763
f 3483//3483 4759//4759 4757//4757
f 4759//4759 4761//4761 4763//4763
f 4763//4763 4758//4758 4757//4757
f 4759//4759 4763//4763 4757//4757
f 3489//3489 3503//3503 4766//4766
f 3503//3503 3502//3502 4767//4767
f 4767//4767 4768//4768 4766//4766
f 3503//3503 4767//4767 4766//4766
f 3502//3502 3501//3501 4769//4769
f 3501//3501 2404//2404 2498//2498
f 2498//2498 2500//2500 4769//4769
f 3501//3501 2498//2498 4769//4769
f 2500//2500 2507//2507 4770//4770
f 2507//2507 2506//2506 4771//4771
f 4771//4771 4768//4768 4770//4770
f 2507//2507 4771//4771 4770//4770
f 3502//3502 4769//4769 4767//4767
f 4769//4769 2500//2500 4770//4770
f 4770//4770 4768//4768 4767//4767
f 4769//4769 4770//4770 4767//4767
f 2506//2506 2520//2520 4772//4772
f 2520//2520 2519//2519 4773//4773
f 4773//4773 4774//4774 4772//4772
f 2520//2520 4773//4773 4772//4772
f 2519//2519 2518//2518 4775//4775
f 2518//2518 2476//2476 4776//4776
f 4776//4776 4777//4777 4775//4775
f 2518//2518 4776//4776 4775//4775
f 4777//4777 4778//4778 4779//4779
f 4778//4778 4764//4764 4780//4780
f 4780//4780 4774//4774 4779//4779
f 4778//4778 4780//4780 4779//4779
f 2519//2519 4775//4775 4773//4773
f 4775//4775 4777//4777 4779//4779
f 4779//4779 4774//4774 4773//4773
f 4775//4775 4779//4779 4773//4773
f 3489//3489 4766//4766 4760//4760
f 4766//4766 4768//4768 4781//4781
f 4781//4781 4761//4761 4760//4760
f 4766//4766 4781//4781 4760//4760
f 4768//4768 4771//4771 4782//4782
f 4771//4771 2506//2506 4772//4772
f 4772//4772 4774//4774 4782//4782
f 4771//4771 4772//4772 4782//4782
f 4774//4774 4780//4780 4783//4783
f 4780//4780 4764//4764 4762//4762
f 4762//4762 4761//4761 4783//4783
f 4780//4780 4762//4762 4783//4783
f 4768//4768 4782//4782 4781//4781
f 4782//4782 4774//4774 4783//4783
f 4783//4783 4761//4761 4781//4781
f 4782//4782 4783//4783 4781//4781
f 2346//2346 4756//4756 4784//4784
f 4756//4756 4758//4758 4785//4785
f 4785//4785 4786//4786 4784//4784
f 4756//4756 4785//4785 4784//4784
f 4758//4758 4765//4765 4787//4787
f 4765//4765 4764//4764 4788//4788
f 4788//4788 4789//4789 4787//4787
f 4765//4765 4788//4788 4787//4787
f 4789//4789 4790//4790 4791//4791
f 4790//4790 4792//4792 4793//4793
f 4793//4793 4786//4786 4791//4791
f 4790//4790 4793//4793 4791//4791
f 4758//4758 4787//4787 4785//4785
f 4787//4787 4789//4789 4791//4791
f 4791//4791 4786//4786 4785//4785
f 4787//4787 4791//4791 4785//4785
f 4764//4764 4778//4778 4794//4794
f 4778//4778 4777//4777 4795//4795
f 4795//4795 4796//4796 4794//4794
f 4778//4778 4795//4795 4794//4794
f 4777//4777 4776//4776 4797//4797
f 4776//4776 2476//2476 2570//2570
f 2570//2570 2572//2572 4797//4797
f 4776//4776 2570//2570 4797//4797
f 2572//2572 2579//2579 4798//4798
f 2579//2579 2578//2578 4799//4799
f 4799//4799 4796//4796 4798//4798
f 2579//2579 4799//4799 4798//4798
f 4777//4777 4797//4797 4795//4795
f 4797//4797 2572//2572 4798//4798
f 4798//4798 4796//4796 4795//4795
f 4797//4797 4798//4798 4795//4795
f 2578//2578 2592//2592 4800//4800
f 2592//2592 2591//2591 4801//4801
f 4801//4801 4802//4802 4800//4800
f 2592//2592 4801//4801 4800//4800
f 2591//2591 2590//2590 4803//4803
f 2590//2590 2548//2548 4804//4804
f 4804//4804 4805//4805 4803//4803
f 2590//2590 4804//4804 4803//4803
f 4805//4805 4806//4806 4807//4807
f 4806//4806 4792//4792 4808//4808
f 4808//4808 4802//4802 4807//4807
f 4806//4806 4808//4808 4807//4807
f 2591//2591 4803//4803 4801//4801
f 4803//4803 4805//4805 4807//4807
f 4807//4807 4802//4802 4801//4801
f 4803//4803 4807//4807 4801//4801
f 4764//4764 4794//4794 4788//4788
f 4794//4794 4796//4796 4809//4809
f 4809//4809 4789//4789 4788//4788
f 4794//4794 4809//4809 4788//4788
f 4796//4796 4799//4799 4810//4810
f 4799//4799 2578//2578 4800//4800
f 4800//4800 4802//4802 4810//4810
f 4799//4799 4800//4800 4810//4810
f 4802//4802 4808//4808 4811//4811
f 4808//4808 4792//4792 4790//4790
f 4790//4790 4789//4789 4811//4811
f 4808//4808 4790//4790 4811//4811
f 4796//4796 4810//4810 4809//4809
f 4810//4810 4802//4802 4811//4811
f 4811//4811 4789//4789 4809//4809
f 4810//4810 4811//4811 4809//4809
f 2346//2346 4784//4784 4812//4812
f 4784//4784 4786//4786 4813//4813
f 4813//4813 4814//4814 4812//4812
f 4784//4784 4813//4813 4812//4812
f 4786//4786 4793//4793 4815//4815
f 4793//4793 4792//4792 4816//4816
f 4816//4816 4817//4817 4815//4815
f 4793//4793 4816//4816 4815//4815
f 4817//4817 4818//4818 4819//4819
f 4818//4818 4820//4820 4821//4821
f 4821//4821 4814//4814 4819//4819
f 4818//4818 4821//4821 4819//4819
f 4786//4786 4815//4815 4813//4813
f 4815//4815 4817//4817 4819//4819
f 4819//4819 4814//4814 4813//4813
f 4815//4815 4819//4819 4813//4813
f 4792//4792 4806//4806 4822//4822
f 4806//4806 4805//4805 4823//4823
f 4823//4823 4824//4824 4822//4822
f 4806//4806 4823//4823 4822//4822
f 4805//4805 4804//4804 4825//4825
f 4804//4804 2548//2548 2642//2642
f 2642//2642 2644//2644 4825//4825
f 4804//4804 2642//2642 4825//4825
f 2644//2644 2651//2651 4826//4826
f 2651//2651 2650//2650 4827//4827
f 4827//4827 4824//4824 4826//4826
f 2651//2651 4827//4827 4826//4826
f 4805//4805 4825//4825 4823//4823
f 4825//4825 2644//2644 4826//4826
f 4826//4826 4824//4824 4823//4823
f 4825//4825 4826//4826 4823//4823
f 2650//2650 2664//2664 4828//4828
f 2664//2664 2663//2663 4829//4829
f 4829//4829 4830//4830 4828//4828
f 2664//2664 4829//4829 4828//4828
f 2663//2663 2662//2662 4831//4831
f 2662//2662 2620//2620 4832//4832
f 4832//4832 4833//4833 4831//4831
f 2662//2662 4832//4832 4831//4831
f 4833//4833 4834//4834 4835//4835
f 4834//4834 4820//4820 4836//4836
f 4836//4836 4830//4830 4835//4835
f 4834//4834 4836//4836 4835//4835
f 2663//2663 4831//4831 4829//4829
f 4831//4831 4833//4833 4835//4835
f 4835//4835 4830//4830 4829//4829
f 4831//4831 4835//4835 4829//4829
f 4792//4792 4822//4822 4816//4816
f 4822//4822 4824//4824 4837//4837
f 4837//4837 4817//4817 4816//4816
f 4822//4822 4837//4837 4816//4816
f 4824//4824 4827//4827 4838//4838
f 4827//4827 2650//2650 4828//4828
f 4828//4828 4830//4830 4838//4838
f 4827//4827 4828//4828 4838//4838
f 4830//4830 4836//4836 4839//4839
f 4836//4836 4820//4820 4818//4818
f 4818//4818 4817//4817 4839//4839
f 4836//4836 4818//4818 4839//4839
f 4824//4824 4838//4838 4837//4837
f 4838//4838 4830//4830 4839//4839
f 4839//4839 4817//4817 4837//4837
f 4838//4838 4839//4839 4837//4837
f 2346//2346 4812//4812 4840//4840
f 4812//4812 4814//4814 4841//4841
f 4841//4841 4842//4842 4840//4840
f 4812//4812 4841//4841 4840//4840
f 4814//4814 4821//4821 4843//4843
f 4821//4821 4820//4820 4844//4844
f 4844//4844 4845//4845 4843//4843
f 4821//4821 4844//4844 4843//4843
f 4845//4845 4846//4846 4847//4847
f 4846//4846 4848//4848 4849//4849
f 4849//4849 4842//4842 4847//4847
f 4846//4846 4849//4849 4847//4847
f 4814//4814 4843//4843 4841//4841
f 4843//4843 4845//4845 4847//4847
f 4847//4847 4842//4842 4841//4841
f 4843//4843 4847//4847 4841//4841
f 4820//4820 4834//4834 4850//4850
f 4834//4834 4833//4833 4851//4851
f 4851//4851 4852//4852 4850//4850
f 4834//4834 4851//4851 4850//4850
f 4833//4833 4832//4832 4853//4853
f 4832//4832 2620//2620 2714//2714
f 2714//2714 2716//2716 4853//4853
f 4832//4832 2714//2714 4853//4853
f 2716//2716 2723//2723 4854//4854
f 2723//2723 2722//2722 4855//4855
f 4855//4855 4852//4852 4854//4854
f 2723//2723 4855//4855 4854//4854
f 4833//4833 4853//4853 4851//4851
f 4853//4853 2716//2716 4854//4854
f 4854//4854 4852//4852 4851//4851
f 4853//4853 4854//4854 4851//4851
f 2722//2722 2736//2736 4856//4856
f 2736//2736 2735//2735 4857//4857
f 4857//4857 4858//4858 4856//4856
f 2736//2736 4857//4857 4856//4856
f 2735//2735 2734//2734 4859//4859
f 2734//2734 2692//2692 4860//4860
f 4860//4860 4861//4861 4859//4859
f 2734//2734 4860//4860 4859//4859
f 4861//4861 4862//4862 4863//4863
f 4862//4862 4848//4848 4864//4864
f 4864//4864 4858//4858 4863//4863
f 4862//4862 4864//4864 4863//4863
f 2735//2735 4859//4859 4857//4857
f 4859//4859 4861//4861 4863//4863
f 4863//4863 4858//4858 4857//4857
f 4859//4859 4863//4863 4857//4857
f 4820//4820 4850//4850 4844//4844
f 4850//4850 4852//4852 4865//4865
f 4865//4865 4845//4845 4844//4844
f 4850//4850 4865//4865 4844//4844
f 4852//4852 4855//4855 4866//4866
f 4855//4855 2722//2722 4856//4856
f 4856//4856 4858//4858 4866//4866
f 4855//4855 4856//4856 4866//4866
f 4858//4858 4864//4864 4867//4867
f 4864//4864 4848//4848 4846//4846
f 4846//4846 4845//4845 4867//4867
f 4864//4864 4846//4846 4867//4867
f 4852//4852 4866//4866 4865//4865
f 4866//4866 4858//4858 4867//4867
f 4867//4867 4845//4845 4865//4865
f 4866//4866 4867//4867 4865//4865
f 2346//2346 4840//4840 4868//4868
f 4840//4840 4842//4842 4869//4869
f 4869//4869 4870//4870 4868//4868
f 4840//4840 4869//4869 4868//4868
f 4842//4842 4849//4849 4871//4871
f 4849//4849 4848//4848 4872//4872
f 4872//4872 4873//4873 4871//4871
f 4849//4849 4872//4872 4871//4871
f 4873//4873 4874//4874 4875//4875
f 4874//4874 4876//4876 4877//4877
f 4877//4877 4870//4870 4875//4875
f 4874//4874 4877//4877 4875//4875
f 4842//4842 4871//4871 4869//4869
f 4871//4871 4873//4873 4875//4875
f 4875//4875 4870//4870 4869//4869
f 4871//4871 4875//4875 4869//4869
f 4848//4848 4862//4862 4878//4878
f 4862//4862 4861//4861 4879//4879
f 4879//4879 4880//4880 4878//4878
f 4862//4862 4879//4879 4878//4878
f 4861//4861 4860//4860 4881//4881
f 4860//4860 2692//2692 2786//2786
f 2786//2786 2788//2788 4881//4881
f 4860//4860 2786//2786 4881//4881
f 2788//2788 2795//2795 4882//4882
f 2795//2795 2794//2794 4883//4883
f 4883//4883 4880//4880 4882//4882
f 2795//2795 4883//4883 4882//4882
f 4861//4861 4881//4881 4879//4879
f 4881//4881 2788//2788 4882//4882
f 4882//4882 4880//4880 4879//4879
f 4881//4881 4882//4882 4879//4879
f 2794//2794 2808//2808 4884//4884
f 2808//2808 2807//2807 4885//4885
f 4885//4885 4886//4886 4884//4884
f 2808//2808 4885//4885 4884//4884
f 2807//2807 2806//2806 4887//4887
f 2806//2806 2764//2764 4888//4888
f 4888//4888 4889//4889 4887//4887
f 2806//2806 4888//4888 4887//4887
f 4889//4889 4890//4890 4891//4891
f 4890//4890 4876//4876 4892//4892
f 4892//4892 4886//4886 4891//4891
f 4890//4890 4892//4892 4891//4891
f 2807//2807 4887//4887 4885//4885
f 4887//4887 4889//4889 4891//4891
f 4891//4891 4886//4886 4885//4885
f 4887//4887 4891//4891 4885//4885
f 4848//4848 4878//4878 4872//4872
f 4878//4878 4880//4880 4893//4893
f 4893//4893 4873//4873 4872//4872
f 4878//4878 4893//4893 4872//4872
f 4880//4880 4883//4883 4894//4894
f 4883//4883 2794//2794 4884//4884
f 4884//4884 4886//4886 4894//4894
f 4883//4883 4884//4884 4894//4894
f 4886//4886 4892//4892 4895//4895
f 4892//4892 4876//4876 4874//4874
f 4874//4874 4873//4873 4895//4895
f 4892//4892 4874//4874 4895//4895
f 4880//4880 4894//4894 4893//4893
f 4894//4894 4886//4886 4895//4895
f 4895//4895 4873//4873 4893//4893
f 4894//4894 4895//4895 4893//4893
f 2346//2346 4868//4868 4896//4896
f 4868//4868 4870//4870 4897//4897
f 4897//4897 4898//4898 4896//4896
f 4868//4868 4897//4897 4896//4896
f 4870//4870 4877//4877 4899//4899
f 4877//4877 4876//4876 4900//4900
f 4900//4900 4901//4901 4899//4899
f 4877//4877 4900//4900 4899//4899
f 4901//4901 4902//4902 4903//4903
f 4902//4902 4904//4904 4905//4905
f 4905//4905 4898//4898 4903//4903
f 4902//4902 4905//4905 4903//4903
f 4870//4870 4899//4899 4897//4897
f 4899//4899 4901//4901 4903//4903
f 4903//4903 4898//4898 4897//4897
f 4899//4899 4903//4903 4897//4897
f 4876//4876 4890//4890 4906//4906
f 4890//4890 4889//4889 4907//4907
f 4907//4907 4908//4908 4906//4906
f 4890//4890 4907//4907 4906//4906
f 4889//4889 4888//4888 4909//4909
f 4888//4888 2764//2764 2858//2858
f 2858//2858 2860//2860 4909//4909
f 4888//4888 2858//2858 4909//4909
f 2860//2860 2867//2867 4910//4910
f 2867//2867 2866//2866 4911//4911
f 4911//4911 4908//4908 4910//4910
f 2867//2867 4911//4911 4910//4910
f 4889//4889 4909//4909 4907//4907
f 4909//4909 2860//2860 4910//4910
f 4910//4910 4908//4908 4907//4907
f 4909//4909 4910//4910 4907//4907
f 2866//2866 2880//2880 4912//4912
f 2880//2880 2879//2879 4913//4913
f 4913//4913 4914//4914 4912//4912
f 2880//2880 4913//4913 4912//4912
f 2879//2879 2878//2878 4915//4915
f 2878//2878 2836//2836 4916//4916
f 4916//4916 4917//4917 4915//4915
f 2878//2878 4916//4916 4915//4915
f 4917//4917 4918//4918 4919//4919
f 4918//4918 4904//4904 4920//4920
f 4920//4920 4914//4914 4919//4919
f 4918//4918 4920//4920 4919//4919
f 2879//2879 4915//4915 4913//4913
f 4915//4915 4917//4917 4919//4919
f 4919//4919 4914//4914 4913//4913
f 4915//4915 4919//4919 4913//4913
f 4876//4876 4906//4906 4900//4900
f 4906//4906 4908//4908 4921//4921
f 4921//4921 4901//4901 4900//4900
f 4906//4906 4921//4921 4900//4900
f 4908//4908 4911//4911 4922//4922
f 4911//4911 2866//2866 4912//4912
f 4912//4912 4914//4914 4922//4922
f 4911//4911 4912//4912 4922//4922
f 4914//4914 4920//4920 4923//4923
f 4920//4920 4904//4904 4902//4902
f 4902//4902 4901//4901 4923//4923
f 4920//4920 4902//4902 4923//4923
f 4908//4908 4922//4922 4921//4921
f 4922//4922 4914//4914 4923//4923
f 4923//4923 4901//4901 4921//4921
f 4922//4922 4923//4923 4921//4921
f 2346//2346 4896//4896 4924//4924
f 4896//4896 4898//4898 4925//4925
f 4925//4925 4926//4926 4924//4924
f 4896//4896 4925//4925 4924//4924
f 4898//4898 4905//4905 4927//4927
f 4905//4905 4904//4904 4928//4928
f 4928//4928 4929//4929 4927//4927
f 4905//4905 4928//4928 4927//4927
f 4929//4929 4930//4930 4931//4931
f 4930//4930 4932//4932 4933//4933
f 4933//4933 4926//4926 4931//4931
f 4930//4930 4933//4933 4931//4931
f 4898//4898 4927//4927 4925//4925
f 4927//4927 4929//4929 4931//4931
f 4931//4931 4926//4926 4925//4925
f 4927//4927 4931//4931 4925//4925
f 4904//4904 4918//4918 4934//4934
f 4918//4918 4917//4917 4935//4935
f 4935//4935 4936//4936 4934//4934
f 4918//4918 4935//4935 4934//4934
f 4917//4917 4916//4916 4937//4937
f 4916//4916 2836//2836 2930//2930
f 2930//2930 2932//2932 4937//4937
f 4916//4916 2930//2930 4937//4937
f 2932//2932 2939//2939 4938//4938
f 2939//2939 2938//2938 4939//4939
f 4939//4939 4936//4936 4938//4938
f 2939//2939 4939//4939 4938//4938
f 4917//4917 4937//4937 4935//4935
f 4937//4937 2932//2932 4938//4938
f 4938//4938 4936//4936 4935//4935
f 4937//4937 4938//4938 4935//4935
f 2938//2938 2952//2952 4940//4940
f 2952//2952 2951//2951 4941//4941
f 4941//4941 4942//4942 4940//4940
f 2952//2952 4941//4941 4940//4940
f 2951//2951 2950//2950 4943//4943
f 2950//2950 2908//2908 4944//4944
f 4944//4944 4945//4945 4943//4943
f 2950//2950 4944//4944 4943//4943
f 4945//4945 4946//4946 4947//4947
f 4946//4946 4932//4932 4948//4948
f 4948//4948 4942//4942 4947//4947
f 4946//4946 4948//4948 4947//4947
f 2951//2951 4943//4943 4941//4941
f 4943//4943 4945//4945 4947//4947
f 4947//4947 4942//4942 4941//4941
f 4943//4943 4947//4947 4941//4941
f 4904//4904 4934//4934 4928//4928
f 4934//4934 4936//4936 4949//4949
f 4949//4949 4929//4929 4928//4928
f 4934//4934 4949//4949 4928//4928
f 4936//4936 4939//4939 4950//4950
f 4939//4939 2938//2938 4940//4940
f 4940//4940 4942//4942 4950//4950
f 4939//4939 4940//4940 4950//4950
f 4942//4942 4948//4948 4951//4951
f 4948//4948 4932//4932 4930//4930
f 4930//4930 4929//4929 4951//4951
f 4948//4948 4930//4930 4951//4951
f 4936//4936 4950//4950 4949//4949
f 4950//4950 4942//4942 4951//4951
f 4951//4951 4929//4929 4949//4949
f 4950//4950 4951//4951 4949//4949
f 2346//2346 4924//4924 4952//4952
f 4924//4924 4926//4926 4953//4953
f 4953//4953 4954//4954 4952//4952
f 4924//4924 4953//4953 4952//4952
f 4926//4926 4933//4933 4955//4955
f 4933//4933 4932//4932 4956//4956
f 4956//4956 4957//4957 4955//4955
f 4933//4933 4956//4956 4955//4955
f 4957//4957 4958//4958 4959//4959
f 4958//4958 4960//4960 4961//4961
f 4961//4961 4954//4954 4959//4959
f 4958//4958 4961//4961 4959//4959
f 4926//4926 4955//4955 4953//4953
f 4955//4955 4957//4957 4959//4959
f 4959//4959 4954//4954 4953//4953
f 4955//4955 4959//4959 4953//4953
f 4932//4932 4946//4946 4962//4962
f 4946//4946 4945//4945 4963//4963
f 4963//4963 4964//4964 4962//4962
f 4946//4946 4963//4963 4962//4962
f 4945//4945 4944//4944 4965//4965
f 4944//4944 2908//2908 3002//3002
f 3002//3002 3004//3004 4965//4965
f 4944//4944 3002//3002 4965//4965
f 3004//3004 3011//3011 4966//4966
f 3011//3011 3010//3010 4967//4967
f 4967//4967 4964//4964 4966//4966
f 3011//3011 4967//4967 4966//4966
f 4945//4945 4965//4965 4963//4963
f 4965//4965 3004//3004 4966//4966
f 4966//4966 4964//4964 4963//4963
f 4965//4965 4966//4966 4963//4963
f 3010//3010 3024//3024 4968//4968
f 3024//3024 3023//3023 4969//4969
f 4969//4969 4970//4970 4968//4968
f 3024//3024 4969//4969 4968//4968
f 3023//3023 3022//3022 4971//4971
f 3022//3022 2980//2980 4972//4972
f 4972//4972 4973//4973 4971//4971
f 3022//3022 4972//4972 4971//4971
f 4973//4973 4974//4974 4975//4975
f 4974//4974 4960//4960 4976//4976
f 4976//4976 4970//4970 4975//4975
f 4974//4974 4976//4976 4975//4975
f 3023//3023 4971//4971 4969//4969
f 4971//4971 4973//4973 4975//4975
f 4975//4975 4970//4970 4969//4969
f 4971//4971 4975//4975 4969//4969
f 4932//4932 4962//4962 4956//4956
f 4962//4962 4964//4964 4977//4977
f 4977//4977 4957//4957 4956//4956
f 4962//4962 4977//4977 4956//4956
f 4964//4964 4967//4967 4978//4978
f 4967//4967 3010//3010 4968//4968
f 4968//4968 4970//4970 4978//4978
f 4967//4967 4968//4968 4978//4978
f 4970//4970 4976//4976 4979//4979
f 4976//4976 4960//4960 4958//4958
f 4958//4958 4957//4957 4979//4979
f 4976//4976 4958//4958 4979//4979
f 4964//4964 4978//4978 4977//4977
f 4978//4978 4970//4970 4979//4979
f 4979//4979 4957//4957 4977//4977
f 4978//4978 4979//4979 4977//4977
f 2346//2346 4952//4952 4980//4980
f 4952//4952 4954//4954 4981//4981
f 4981//4981 4982//4982 4980//4980
f 4952//4952 4981//4981 4980//4980
f 4954//4954 4961//4961 4983//4983
f 4961//4961 4960//4960 4984//4984
f 4984//4984 4985//4985 4983//4983
f 4961//4961 4984//4984 4983//4983
f 4985//4985 4986//4986 4987//4987
f 4986//4986 4988//4988 4989//4989
f 4989//4989 4982//4982 4987//4987
f 4986//4986 4989//4989 4987//4987
f 4954//4954 4983//4983 4981//4981
f 4983//4983 4985//4985 4987//4987
f 4987//4987 4982//4982 4981//4981
f 4983//4983 4987//4987 4981//4981
f 4960//4960 4974//4974 4990//4990
f 4974//4974 4973//4973 4991//4991
f 4991//4991 4992//4992 4990//4990
f 4974//4974 4991//4991 4990//4990
f 4973//4973 4972//4972 4993//4993
f 4972//4972 2980//2980 3074//3074
f 3074//3074 3076//3076 4993//4993
f 4972//4972 3074//3074 4993//4993
f 3076//3076 3083//3083 4994//4994
f 3083//3083 3082//3082 4995//4995
f 4995//4995 4992//4992 4994//4994
f 3083//3083 4995//4995 4994//4994
f 4973//4973 4993//4993 4991//4991
f 4993//4993 3076//3076 4994//4994
f 4994//4994 4992//4992 4991//4991
f 4993//4993 4994//4994 4991//4991
f 3082//3082 3096//3096 4996//4996
f 3096//3096 3095//3095 4997//4997
f 4997//4997 4998//4998 4996//4996
f 3096//3096 4997//4997 4996//4996
f 3095//3095 3094//3094 4999//4999
f 3094//3094 3052//3052 5000//5000
f 5000//5000 5001//5001 4999//4999
f 3094//3094 5000//5000 4999//4999
f 5001//5001 5002//5002 5003//5003
f 5002//5002 4988//4988 5004//5004
f 5004//5004 4998//4998 5003//5003
f 5002//5002 5004//5004 5003//5003
f 3095//3095 4999//4999 4997//4997
f 4999//4999 5001//5001 5003//5003
f 5003//5003 4998//4998 4997//4997
f 4999//4999 5003//5003 4997//4997
f 4960//4960 4990//4990 4984//4984
f 4990//4990 4992//4992 5005//5005
f 5005//5005 4985//4985 4984//4984
f 4990//4990 5005//5005 4984//4984
f 4992//4992 4995//4995 5006//5006
f 4995//4995 3082//3082 4996//4996
f 4996//4996 4998//4998 5006//5006
f 4995//4995 4996//4996 5006//5006
f 4998//4998 5004//5004 5007//5007
f 5004//5004 4988//4988 4986//4986
f 4986//4986 4985//4985 5007//5007
f 5004//5004 4986//4986 5007//5007
f 4992//4992 5006//5006 5005//5005
f 5006//5006 4998//4998 5007//5007
f 5007//5007 4985//4985 5005//5005
f 5006//5006 5007//5007 5005//5005
f 2346//2346 4980//4980 5008//5008
f 4980//4980 4982//4982 5009//5009
f 5009//5009 5010//5010 5008//5008
f 4980//4980 5009//5009 5008//5008
f 4982//4982 4989//4989 5011//5011
f 4989//4989 4988//4988 5012//5012
f 5012//5012 5013//5013 5011//5011
f 4989//4989 5012//5012 5011//5011
f 5013//5013 5014//5014 5015//5015
f 5014//5014 5016//5016 5017//5017
f 5017//5017 5010//5010 5015//5015
f 5014//5014 5017//5017 5015//5015
f 4982//4982 5011//5011 5009//5009
f 5011//5011 5013//5013 5015//5015
f 5015//5015 5010//5010 5009//5009
f 5011//5011 5015//5015 5009//5009
f 4988//4988 5002//5002 5018//5018
f 5002//5002 5001//5001 5019//5019
f 5019//5019 5020//5020 5018//5018
f 5002//5002 5019//5019 5018//5018
f 5001//5001 5000//5000 5021//5021
f 5000//5000 3052//3052 3146//3146
f 3146//3146 3148//3148 5021//5021
f 5000//5000 3146//3146 5021//5021
f 3148//3148 3155//3155 5022//5022
f 3155//3155 3154//3154 5023//5023
f 5023//5023 5020//5020 5022//5022
f 3155//3155 5023//5023 5022//5022
f 5001//5001 5021//5021 5019//5019
f 5021//5021 3148//3148 5022//5022
f 5022//5022 5020//5020 5019//5019
f 5021//5021 5022//5022 5019//5019
f 3154//3154 3168//3168 5024//5024
f 3168//3168 3167//3167 5025//5025
f 5025//5025 5026//5026 5024//5024
f 3168//3168 5025//5025 5024//5024
f 3167//3167 3166//3166 5027//5027
f 3166//3166 3124//3124 5028//5028
f 5028//5028 5029//5029 5027//5027
f 3166//3166 5028//5028 5027//5027
f 5029//5029 5030//5030 5031//5031
f 5030//5030 5016//5016 5032//5032
f 5032//5032 5026//5026 5031//5031
f 5030//5030 5032//5032 5031//5031
f 3167//3167 5027//5027 5025//5025
f 5027//5027 5029//5029 5031//5031
f 5031//5031 5026//5026 5025//5025
f 5027//5027 5031//5031 5025//5025
f 4988//4988 5018//5018 5012//5012
f 5018//5018 5020//5020 5033//5033
f 5033//5033 5013//5013 5012//5012
f 5018//5018 5033//5033 5012//5012
f 5020//5020 5023//5023 5034//5034
f 5023//5023 3154//3154 5024//5024
f 5024//5024 5026//5026 5034//5034
f 5023//5023 5024//5024 5034//5034
f 5026//5026 5032//5032 5035//5035
f 5032//5032 5016//5016 5014//5014
f 5014//5014 5013//5013 5035//5035
f 5032//5032 5014//5014 5035//5035
f 5020//5020 5034//5034 5033//5033
f 5034//5034 5026//5026 5035//5035
f 5035//5035 5013//5013 5033//5033
f 5034//5034 5035//5035 5033//5033
f 2346//2346 5008//5008 5036//5036
f 5008//5008 5010//5010 5037//5037
f 5037//5037 5038//5038 5036//5036
f 5008//5008 5037//5037 5036//5036
f 5010//5010 5017//5017 5039//5039
f 5017//5017 5016//5016 5040//5040
f 5040//5040 5041//5041 5039//5039
f 5017//5017 5040//5040 5039//5039
f 5041//5041 5042//5042 5043//5043
f 5042//5042 5044//5044 5045//5045
f 5045//5045 5038//5038 5043//5043
f 5042//5042 5045//5045 5043//5043
f 5010//5010 5039//5039 5037//5037
f 5039//5039 5041//5041 5043//5043
f 5043//5043 5038//5038 5037//5037
f 5039//5039 5043//5043 5037//5037
f 5016//5016 5030//5030 5046//5046
f 5030//5030 5029//5029 5047//5047
f 5047//5047 5048//5048 5046//5046
f 5030//5030 5047//5047 5046//5046
f 5029//5029 5028//5028 5049//5049
f 5028//5028 3124//3124 3218//3218
f 3218//3218 3220//3220 5049//5049
f 5028//5028 3218//3218 5049//5049
f 3220//3220 3227//3227 5050//5050
f 3227//3227 3226//3226 5051//5051
f 5051//5051 5048//5048 5050//5050
f 3227//3227 5051//5051 5050//5050
f 5029//5029 5049//5049 5047//5047
f 5049//5049 3220//3220 5050//5050
f 5050//5050 5048//5048 5047//5047
f 5049//5049 5050//5050 5047//5047
f 3226//3226 3240//3240 5052//5052
f 3240//3240 3239//3239 5053//5053
f 5053//5053 5054//5054 5052//5052
f 3240//3240 5053//5053 5052//5052
f 3239//3239 3238//3238 5055//5055
f 3238//3238 3196//3196 5056//5056
f 5056//5056 5057//5057 5055//5055
f 3238//3238 5056//5056 5055//5055
f 5057//5057 5058//5058 5059//5059
f 5058//5058 5044//5044 5060//5060
f 5060//5060 5054//5054 5059//5059
f 5058//5058 5060//5060 5059//5059
f 3239//3239 5055//5055 5053//5053
f 5055//5055 5057//5057 5059//5059
f 5059//5059 5054//5054 5053//5053
f 5055//5055 5059//5059 5053//5053
f 5016//5016 5046//5046 5040//5040
f 5046//5046 5048//5048 5061//5061
f 5061//5061 5041//5041 5040//5040
f 5046//5046 5061//5061 5040//5040
f 5048//5048 5051//5051 5062//5062
f 5051//5051 3226//3226 5052//5052
f 5052//5052 5054//5054 5062//5062
f 5051//5051 5052//5052 5062//5062
f 5054//5054 5060//5060 5063//5063
f 5060//5060 5044//5044 5042//5042
f 5042//5042 5041//5041 5063//5063
f 5060//5060 5042//5042 5063//5063
f 5048//5048 5062//5062 5061//5061
f 5062//5062 5054//5054 5063//5063
f 5063//5063 5041//5041 5061//5061
f 5062//5062 5063//5063 5061//5061
f 2346//2346 5036//5036 5064//5064
f 5036//5036 5038//5038 5065//5065
f 5065//5065 5066//5066 5064//5064
f 5036//5036 5065//5065 5064//5064
f 5038//5038 5045//5045 5067//5067
f 5045//5045 5044//5044 5068//5068
f 5068//5068 5069//5069 5067//5067
f 5045//5045 5068//5068 5067//5067
f 5069//5069 5070//5070 5071//5071
f 5070//5070 5072//5072 5073//5073
f 5073//5073 5066//5066 5071//5071
f 5070//5070 5073//5073 5071//5071
f 5038//5038 5067//5067 5065//5065
f 5067//5067 5069//5069 5071//5071
f 5071//5071 5066//5066 5065//5065
f 5067//5067 5071//5071 5065//5065
f 5044//5044 5058//5058 5074//5074
f 5058//5058 5057//5057 5075//5075
f 5075//5075 5076//5076 5074//5074
f 5058//5058 5075//5075 5074//5074
f 5057//5057 5056//5056 5077//5077
f 5056//5056 3196//3196 3290//3290
f 3290//3290 3292//3292 5077//5077
f 5056//5056 3290//3290 5077//5077
f 3292//3292 3299//3299 5078//5078
f 3299//3299 3298//3298 5079//5079
f 5079//5079 5076//5076 5078//5078
f 3299//3299 5079//5079 5078//5078
f 5057//5057 5077//5077 5075//5075
f 5077//5077 3292//3292 5078//5078
f 5078//5078 5076//5076 5075//5075
f 5077//5077 5078//5078 5075//5075
f 3298//3298 3312//3312 5080//5080
f 3312//3312 3311//3311 5081//5081
f 5081//5081 5082//5082 5080//5080
f 3312//3312 5081//5081 5080//5080
f 3311//3311 3310//3310 5083//5083
f 3310//3310 3268//3268 5084//5084
f 5084//5084 5085//5085 5083//5083
f 3310//3310 5084//5084 5083//5083
f 5085//5085 5086//5086 5087//5087
f 5086//5086 5072//5072 5088//5088
f 5088//5088 5082//5082 5087//5087
f 5086//5086 5088//5088 5087//5087
f 3311//3311 5083//5083 5081//5081
f 5083//5083 5085//5085 5087//5087
f 5087//5087 5082//5082 5081//5081
f 5083//5083 5087//5087 5081//5081
f 5044//5044 5074//5074 5068//5068
f 5074//5074 5076//5076 5089//5089
f 5089//5089 5069//5069 5068//5068
f 5074//5074 5089//5089 5068//5068
f 5076//5076 5079//5079 5090//5090
f 5079//5079 3298//3298 5080//5080
f 5080//5080 5082//5082 5090//5090
f 5079//5079 5080//5080 5090//5090
f 5082//5082 5088//5088 5091//5091
f 5088//5088 5072//5072 5070//5070
f 5070//5070 5069//5069 5091//5091
f 5088//5088 5070//5070 5091//5091
f 5076//5076 5090//5090 5089//5089
f 5090//5090 5082//5082 5091//5091
f 5091//5091 5069//5069 5089//5089
f 5090//5090 5091//5091 5089//5089
f 2346//2346 5064//5064 3445//3445
f 5064//5064 5066//5066 5092//5092
f 5092//5092 3446//3446 3445//3445
f 5064//5064 5092//5092 3445//3445
f 5066//5066 5073//5073 5093//5093
f 5073//5073 5072//5072 5094//5094
f 5094//5094 5095//5095 5093//5093
f 5073//5073 5094//5094 5093//5093
f 5095//5095 5096//5096 5097//5097
f 5096//5096 3433//3433 3447//3447
f 3447//3447 3446//3446 5097//5097
f 5096//5096 3447//3447 5097//5097
f 5066//5066 5093//5093 5092//5092
f 5093//5093 5095//5095 5097//5097
f 5097//5097 3446//3446 5092//5092
f 5093//5093 5097//5097 5092//5092
f 5072//5072 5086//5086 5098//5098
f 5086//5086 5085//5085 5099//5099
f 5099//5099 5100//5100 5098//5098
f 5086//5086 5099//5099 5098//5098
f 5085//5085 5084//5084 5101//5101
f 5084//5084 3268//3268 3362//3362
f 3362//3362 3364//3364 5101//5101
f 5084//5084 3362//3362 5101//5101
f 3364//3364 3371//3371 5102//5102
f 3371//3371 3370//3370 5103//5103
f 5103//5103 5100//5100 5102//5102
f 3371//3371 5103//5103 5102//5102
f 5085//5085 5101//5101 5099//5099
f 5101//5101 3364//3364 5102//5102
f 5102//5102 5100//5100 5099//5099
f 5101//5101 5102//5102 5099//5099
f 3370//3370 3384//3384 5104//5104
f 3384//3384 3383//3383 5105//5105
f 5105//5105 5106//5106 5104//5104
f 3384//3384 5105//5105 5104//5104
f 3383//3383 3382//3382 5107//5107
f 3382//3382 3340//3340 3425//3425
f 3425//3425 3427//3427 5107//5107
f 3382//3382 3425//3425 5107//5107
f 3427//3427 3434//3434 5108//5108
f 3434//3434 3433//3433 5109//5109
f 5109//5109 5106//5106 5108//5108
f 3434//3434 5109//5109 5108//5108
f 3383//3383 5107//5107 5105//5105
f 5107//5107 3427//3427 5108//5108
f 5108//5108 5106//5106 5105//5105
f 5107//5107 5108//5108 5105//5105
f 5072//5072 5098//5098 5094//5094
f 5098//5098 5100//5100 5110//5110
f 5110//5110 5095//5095 5094//5094
f 5098//5098 5110//5110 5094//5094
f 5100//5100 5103//5103 5111//5111
f 5103//5103 3370//3370 5104//5104
f 5104//5104 5106//5106 5111//5111
f 5103//5103 5104//5104 5111//5111
f 5106//5106 5109//5109 5112//5112
f 5109//5109 3433//3433 5096//5096
f 5096//5096 5095//5095 5112//5112
f 5109//5109 5096//5096 5112//5112
f 5100//5100 5111//5111 5110//5110
f 5111//5111 5106//5106 5112//5112
f 5112//5112 5095//5095 5110//5110
f 5111//5111 5112//5112 5110//5110
f 3749//3749 3690//3690 3689//3689
f 3689//3689 3679//3679 3749//3749
f 3749//3749 3679//3679 3681//3681
f 3681//3681 3682//3682 3749//3749
f 3682//3682 3684//3684 3749//3749
f 3684//3684 3683//3683 3749//3749
f 3683//3683 3687//3687 3749//3749
f 3687//3687 3686//3686 3749//3749
f 3686//3686 3685//3685 3749//3749
f 3685//3685 3639//3639 3749//3749
f 3749//3749 3639//3639 3641//3641
f 3641//3641 3637//3637 3749//3749
f 3637//3637 3636//3636 3749//3749
f 3636//3636 3628//3628 3749//3749
f 3749//3749 3628//3628 3630//3630
f 3630//3630 3631//3631 3749//3749
f 3631//3631 3633//3633 3749//3749
f 3633//3633 3632//3632 3749//3749
f 3632//3632 3634//3634 3749//3749
f 3634//3634 3605//3605 3749//3749
f 3605//3605 3598//3598 3749//3749
f 3598//3598 3595//3595 3749//3749
f 3749//3749 3595//3595 3562//3562
f 3562//3562 3519//3519 3749//3749
f 3749//3749 3519//3519 3521//3521
f 3521//3521 3524//3524 3749//3749
f 3524//3524 3533//3533 3749//3749
f 3533//3533 3532//3532 3749//3749
f 3532//3532 3549//3549 3749//3749
f 3549//3549 3548//3548 3749//3749
f 3548//3548 3547//3547 3749//3749
f 3547//3547 3509//3509 3749//3749
f 3749//3749 3509//3509 3511//3511
f 3511//3511 3514//3514 3749//3749
f 3514//3514 3516//3516 3749//3749
f 3516//3516 3515//3515 3749//3749
f 3515//3515 3518//3518 3749//3749
f 3513//3513 3539//3539 3567//3567
f 3567//3567 3569//3569 3513//3513
f 3569//3569 3576//3576 3513//3513
f 3576//3576 3575//3575 3513//3513
f 3575//3575 3589//3589 3513//3513
f 3589//3589 3588//3588 3513//3513
f 3588//3588 3587//3587 3513//3513
f 3587//3587 3563//3563 3513//3513
f 3513//3513 3563//3563 3596//3596
f 3596//3596 3597//3597 3513//3513
f 3597//3597 3608//3608 3513//3513
f 3608//3608 3602//3602 3513//3513
f 3513//3513 3602//3602 3629//3629
f 3513//3513 3629//3629 3635//3635
f 3635//3635 3638//3638 3513//3513
f 3638//3638 3651//3651 3513//3513
f 3513//3513 3651//3651 3680//3680
f 3680//3680 3688//3688 3513//3513
f 3688//3688 3691//3691 3513//3513
f 3691//3691 3735//3735 3513//3513
f 3735//3735 3734//3734 3513//3513
f 3734//3734 3743//3743 3513//3513
f 3743//3743 3742//3742 3513//3513
f 3742//3742 3741//3741 3513//3513
f 3741//3741 3714//3714 3513//3513
f 3513//3513 3714//3714 3748//3748
f 3748//3748 3750//3750 3513//3513
f 3750//3750 3752//3752 3513//3513
f 3752//3752 3751//3751 3513//3513
f 3751//3751 3756//3756 3513//3513
f 3756//3756 3755//3755 3513//3513
f 3755//3755 3754//3754 3513//3513
f 3754//3754 3753//3753 3513//3513
f 4260//4260 4180//4180 4182//4182
f 4182//4182 4185//4185 4260//4260
f 4185//4185 4194//4194 4260//4260
f 4194//4194 4193//4193 4260//4260
f 4193//4193 4218//4218 4260//4260
f 4218//4218 4217//4217 4260//4260
f 4217//4217 4216//4216 4260//4260
f 4216//4216 4108//4108 4260//4260
f 4260//4260 4108//4108 4110//4110
f 4110//4110 4113//4113 4260//4260
f 4113//4113 4122//4122 4260//4260
f 4122//4122 4121//4121 4260//4260
f 4121//4121 4146//4146 4260//4260
f 4146//4146 4145//4145 4260//4260
f 4145//4145 4144//4144 4260//4260
f 4144//4144 4062//4062 4260//4260
f 4260//4260 4062//4062 4054//4054
f 4054//4054 4055//4055 4260//4260
f 4055//4055 4047//4047 4260//4260
f 4260//4260 4047//4047 4045//4045
f 4260//4260 4045//4045 4044//4044
f 4044//4044 3975//3975 4260//4260
f 4260//4260 3975//3975 3977//3977
f 3977//3977 3980//3980 4260//4260
f 3980//3980 3985//3985 4260//4260
f 3985//3985 3984//3984 4260//4260
f 3984//3984 4009//4009 4260//4260
f 4009//4009 4008//4008 4260//4260
f 4008//4008 4007//4007 4260//4260
f 4007//4007 3903//3903 4260//4260
f 4260//4260 3903//3903 3905//3905
f 3905//3905 3908//3908 4260//4260
f 3908//3908 3917//3917 4260//4260
f 3917//3917 3916//3916 4260//4260
f 3916//3916 3941//3941 4260//4260
f 3941//3941 3940//3940 4260//4260
f 3940//3940 3939//3939 4260//4260
f 3939//3939 3831//3831 4260//4260
f 4260//4260 3831//3831 3833//3833
f 3833//3833 3836//3836 4260//4260
f 3836//3836 3845//3845 4260//4260
f 3845//3845 3844//3844 4260//4260
f 3844//3844 3869//3869 4260//4260
f 3869//3869 3868//3868 4260//4260
f 3868//3868 3867//3867 4260//4260
f 3867//3867 3766//3766 4260//4260
f 4260//4260 3766//3766 3768//3768
f 3768//3768 3771//3771 4260//4260
f 3771//3771 3780//3780 4260//4260
f 3780//3780 3779//3779 4260//4260
f 3779//3779 3803//3803 4260//4260
f 3803//3803 3802//3802 4260//4260
f 3802//3802 3801//3801 4260//4260
f 3801//3801 3761//3761 4260//4260
f 4260//4260 3761//3761 3757//3757
f 3757//3757 3760//3760 4260//4260
f 3759//3759 3765//3765 3809//3809
f 3809//3809 3810//3810 3759//3759
f 3810//3810 3815//3815 3759//3759
f 3815//3815 3814//3814 3759//3759
f 3814//3814 3826//3826 3759//3759
f 3826//3826 3825//3825 3759//3759
f 3825//3825 3824//3824 3759//3759
f 3824//3824 3788//3788 3759//3759
f 3759//3759 3788//3788 3875//3875
f 3875//3875 3877//3877 3759//3759
f 3877//3877 3884//3884 3759//3759
f 3884//3884 3883//3883 3759//3759
f 3883//3883 3897//3897 3759//3759
f 3897//3897 3896//3896 3759//3759
f 3896//3896 3895//3895 3759//3759
f 3895//3895 3853//3853 3759//3759
f 3759//3759 3853//3853 3947//3947
f 3947//3947 3949//3949 3759//3759
f 3949//3949 3956//3956 3759//3759
f 3956//3956 3955//3955 3759//3759
f 3955//3955 3969//3969 3759//3759
f 3969//3969 3968//3968 3759//3759
f 3968//3968 3967//3967 3759//3759
f 3967//3967 3925//3925 3759//3759
f 3759//3759 3925//3925 4015//4015
f 4015//4015 4017//4017 3759//3759
f 4017//4017 4024//4024 3759//3759
f 4024//4024 4023//4023 3759//3759
f 4023//4023 4037//4037 3759//3759
f 4037//4037 4036//4036 3759//3759
f 4036//4036 4035//4035 3759//3759
f 4035//4035 3993//3993 3759//3759
f 3759//3759 3993//3993 4043//4043
f 4043//4043 4046//4046 3759//3759
f 4046//4046 4051//4051 3759//3759
f 4051//4051 4050//4050 3759//3759
f 3759//3759 4050//4050 4056//4056
f 4056//4056 4057//4057 3759//3759
f 4057//4057 4059//4059 3759//3759
f 4059//4059 4058//4058 3759//3759
f 4058//4058 4061//4061 3759//3759
f 4061//4061 4060//4060 3759//3759
f 4060//4060 4052//4052 3759//3759
f 3759//3759 4052//4052 4092//4092
f 4092//4092 4091//4091 3759//3759
f 4091//4091 4097//4097 3759//3759
f 4097//4097 4096//4096 3759//3759
f 4096//4096 4101//4101 3759//3759
f 4101//4101 4099//4099 3759//3759
f 4099//4099 4098//4098 3759//3759
f 4098//4098 4080//4080 3759//3759
f 3759//3759 4080//4080 4152//4152
f 4152//4152 4154//4154 3759//3759
f 4154//4154 4161//4161 3759//3759
f 4161//4161 4160//4160 3759//3759
f 4160//4160 4174//4174 3759//3759
f 4174//4174 4173//4173 3759//3759
f 4173//4173 4172//4172 3759//3759
f 4172//4172 4130//4130 3759//3759
f 3759//3759 4130//4130 4224//4224
f 4224//4224 4226//4226 3759//3759
f 4226//4226 4233//4233 3759//3759
f 4233//4233 4232//4232 3759//3759
f 4232//4232 4246//4246 3759//3759
f 4246//4246 4245//4245 3759//3759
f 4245//4245 4244//4244 3759//3759
f 4244//4244 4202//4202 3759//3759
f 3759//3759 4202//4202 4253//4253
f 4253//4253 4261//4261 3759//3759
f 4397//4397 4325//4325 4327//4327
f 4327//4327 4330//4330 4397//4397
f 4330//4330 4339//4339 4397//4397
f 4339//4339 4338//4338 4397//4397
f 4338//4338 4362//4362 4397//4397
f 4362//4362 4361//4361 4397//4397
f 4361//4361 4360//4360 4397//4397
f 4360//4360 4320//4320 4397//4397
f 4397//4397 4320//4320 4322//4322
f 4322//4322 4323//4323 4397//4397
f 4323//4323 4324//4324 4397//4397
f 4324//4324 4319//4319 4397//4397
f 4319//4319 4311//4311 4397//4397
f 4397//4397 4311//4311 4310//4310
f 4397//4397 4310//4310 4304//4304
f 4304//4304 4294//4294 4397//4397
f 4397//4397 4294//4294 4296//4296
f 4296//4296 4298//4298 4397//4397
f 4298//4298 4300//4300 4397//4397
f 4300//4300 4299//4299 4397//4397
f 4299//4299 4303//4303 4397//4397
f 4303//4303 4302//4302 4397//4397
f 4302//4302 4301//4301 4397//4397
f 4301//4301 4290//4290 4397//4397
f 4397//4397 4290//4290 4292//4292
f 4292//4292 4293//4293 4397//4397
f 4293//4293 4286//4286 4397//4397
f 4397//4397 4286//4286 4285//4285
f 4285//4285 4279//4279 4397//4397
f 4397//4397 4279//4279 4281//4281
f 4281//4281 4267//4267 4397//4397
f 4397//4397 4267//4267 4269//4269
f 4269//4269 4271//4271 4397//4397
f 4271//4271 4274//4274 4397//4397
f 4274//4274 4273//4273 4397//4397
f 4273//4273 4278//4278 4397//4397
f 4278//4278 4277//4277 4397//4397
f 4277//4277 4276//4276 4397//4397
f 4276//4276 4264//4264 4397//4397
f 4397//4397 4264//4264 4395//4395
f 4264//4264 4266//4266 4395//4395
f 4275//4275 4283//4283 4263//4263
f 4283//4283 4282//4282 4263//4263
f 4263//4263 4282//4282 4284//4284
f 4284//4284 4289//4289 4263//4263
f 4263//4263 4289//4289 4291//4291
f 4291//4291 4297//4297 4263//4263
f 4297//4297 4305//4305 4263//4263
f 4305//4305 4308//4308 4263//4263
f 4308//4308 4307//4307 4263//4263
f 4307//4307 4306//4306 4263//4263
f 4263//4263 4306//4306 4309//4309
f 4309//4309 4317//4317 4263//4263
f 4263//4263 4317//4317 4318//4318
f 4318//4318 4321//4321 4263//4263
f 4321//4321 4345//4345 4263//4263
f 4263//4263 4345//4345 4394//4394
f 4394//4394 4393//4393 4263//4263
f 4393//4393 4385//4385 4263//4263
f 4263//4263 4385//4385 4398//4398
