# Created by Open3D 
# object name: m651_refined_simplified
# number of vertices: 5108
# number of triangles: 9916
v 0.156201 0.190937 0.719293
vn 0.0858405 0.961426 -0.261328
v 0.197686 0.179825 0.719293
vn 0.555041 0.789706 -0.261331
v 0.149516 0.106258 0.719293
vn 0 0 -1
v 0.22806 0.149454 0.719293
vn 0.954079 0.284399 -0.0940821
v 0.239172 0.107969 0.719293
vn 0.980179 -0.124844 -0.153826
v 0.22806 0.066485 0.719293
vn 0.957558 -0.287172 -0.0247926
v 0.197686 0.036112 0.719293
vn 0.451939 -0.889654 -0.06533
v 0.156201 0.025 0.719293
vn -0.0858398 -0.961425 -0.261329
v 0.114715 0.036112 0.719293
vn -0.555058 -0.789693 -0.261334
v 0.084341 0.066485 0.719293
vn -0.875557 -0.406318 -0.261353
v 0.073229 0.107969 0.719293
vn -0.969493 0.243946 -0.0239572
v 0.084341 0.149454 0.719293
vn -0.861673 0.506862 -0.0247038
v 0.114715 0.179825 0.719293
vn -0.406286 0.875575 -0.261343
v 0.088592 0.317483 0.653692
vn -0.928758 -0.288936 -0.232219
v 0.025 0.366346 0.61219
vn -0.665762 -0.321996 -0.673112
v 0.156201 0.366346 0.61219
vn 0.001033 -0.336088 -0.94183
v 0.156201 0.113325 0.922787
vn 0 0 1
v 0.088592 0.235149 0.922787
vn -0.9781 0.0803407 0.192004
v 0.075204 0.113258 0.922787
vn -0.993302 0.1091 0.0380638
v 0.197686 0.179825 0.922787
vn 0.527533 0.849535 0
v 0.156201 0.190937 0.922787
vn -0.0889301 0.996038 0
v 0.22806 0.149454 0.922787
vn 0.945899 0.324461 0
v 0.239172 0.107969 0.922787
vn 0.995522 -0.0945304 0
v 0.22806 0.066485 0.922787
vn 0.86616 -0.499767 0
v 0.197686 0.036112 0.922787
vn 0.685832 -0.72776 0
v 0.156201 0.025 0.922787
vn 0.0889308 -0.996038 0
v 0.114715 0.036112 0.922787
vn -0.420927 -0.907094 0
v 0.084341 0.066485 0.922787
vn -0.818106 -0.575067 0
v 0.073229 0.107969 0.922787
vn -0.978981 0.203954 0
v 0.084341 0.149454 0.922787
vn -0.911506 0.411287 0
v 0.114715 0.179825 0.922787
vn -0.687013 0.726645 0
v 0.088592 0.235082 0.724648
vn -0.878757 -0.13694 -0.457202
v 0.156201 0.235149 0.724648
vn 0.000402466 -0.406151 -0.913806
v 0.156201 0.113325 0.724648
vn 0 0 -1
v 0.075204 0.113258 0.724648
vn -0.974128 0.107024 -0.199051
v 0.025 0.588578 0.922787
vn -0.920742 0.26598 0.285463
v 0.156201 0.588578 0.922787
vn 0 0.645829 0.763482
v 0.156201 0.588578 0.61219
vn 0 0.572809 -0.819689
v 0.025 0.588578 0.61219
vn -0.0962598 0.940701 -0.325293
v 0.025 0.366346 0.922787
vn -0.849507 -0.422056 0.316554
v 0.088592 0.317416 0.922787
vn -0.855763 -0.283601 0.432713
v 0.156201 0.639117 0.025
vn 0 0.996823 -0.079651
v 0.212436 0.625238 0.025
vn 0.298314 0.558717 -0.77385
v 0.253675 0.587073 0.025
vn 0.719416 0.694339 -0.0182423
v 0.268671 0.535028 0.025
vn 0.977885 0.161545 -0.132829
v 0.253675 0.482985 0.025
vn 0.352406 -0.267575 -0.896779
v 0.212436 0.444818 0.025
vn 0.029667 -0.107283 -0.993786
v 0.156201 0.43094 0.025
vn -0.0549357 -0.857725 -0.511166
v 0.099965 0.444818 0.025
vn -0.287801 -0.947424 -0.139853
v 0.058726 0.482985 0.025
vn -0.0704062 -0.0352548 -0.996895
v 0.04373 0.535028 0.025
vn -0.0960719 0.00922735 -0.995332
v 0.058726 0.587073 0.025
vn -0.138971 0.141516 -0.980133
v 0.099965 0.625238 0.025
vn -0.46561 0.872057 -0.150747
v 0.212436 0.625238 0.198694
vn 0.470996 0.882136 0
v 0.156201 0.639117 0.198694
vn 0 1 0
v 0.253675 0.587073 0.198694
vn 0.847545 0.530723 0
v 0.268671 0.535028 0.198694
vn 0.975796 0.218682 0
v 0.253675 0.482985 0.198694
vn 0.894164 -0.447739 0
v 0.212436 0.444818 0.198694
vn 0.545194 -0.83831 0
v 0.156201 0.43094 0.198694
vn 0 -1 0
v 0.099965 0.444818 0.198694
vn -0.253433 -0.967353 0
v 0.058726 0.482985 0.198694
vn -0.796439 -0.604719 0
v 0.04373 0.535028 0.198694
vn -0.995419 -0.0956076 0
v 0.058726 0.587073 0.198694
vn -0.736228 0.676734 0
v 0.099965 0.625238 0.198694
vn -0.266537 0.963825 0
v 0.156201 0.588578 0.049901
vn 0.145824 0.983126 -0.11045
v 0.182976 0.581438 0.049901
vn 0.419207 0.904644 -0.0767174
v 0.129425 0.488619 0.049901
vn -0.491448 -0.841248 -0.225344
v 0.202612 0.561804 0.049901
vn 0.864916 0.499008 -0.0539513
v 0.209752 0.535028 0.049901
vn 0.994421 -0.088394 -0.0575649
v 0.202612 0.508254 0.049901
vn 0.864724 -0.498909 -0.0578213
v 0.182976 0.488619 0.049901
vn 0.507514 -0.861514 -0.0149503
v 0.156201 0.481479 0.049901
vn 0 -0.999473 -0.0324485
v 0.10979 0.508254 0.049901
vn -0.933291 -0.345545 -0.0978084
v 0.102649 0.535028 0.049901
vn -0.99877 0 -0.0495733
v 0.10979 0.561804 0.049901
vn -0.866121 0.499703 -0.0114705
v 0.129425 0.581438 0.049901
vn -0.437329 0.899293 -0.00408691
v 0.182976 0.581438 0.975
vn 0.574917 0.818212 0
v 0.156201 0.588578 0.975
vn 0 1 0
v 0.202612 0.561804 0.975
vn 0.72772 0.685874 0
v 0.209752 0.535028 0.975
vn 0.996723 0.0808925 0
v 0.202612 0.508254 0.975
vn 0.866173 -0.499745 0
v 0.182976 0.488619 0.975
vn 0.593249 -0.805019 0
v 0.156201 0.481479 0.975
vn -0.18518 -0.982705 0
v 0.129425 0.488619 0.975
vn -0.49628 -0.868162 0
v 0.10979 0.508254 0.975
vn -0.72775 -0.685842 0
v 0.102649 0.535028 0.975
vn -0.999921 -0.0125801 0
v 0.10979 0.561804 0.975
vn -0.727736 0.685857 0
v 0.129425 0.581438 0.975
vn -0.574923 0.818208 0
v 0.176944 0.185381 0.719293
vn 0.240738 0.898759 -0.366439
v 0.176944 0.143897 0.719293
vn 0 0 -1
v 0.156201 0.149453 0.719293
vn 0 0 -1
v 0.212873 0.164639 0.719293
vn 0.657886 0.657952 -0.366449
v 0.187693 0.122248 0.719293
vn 0 0 -1
v 0.200539 0.1066 0.719293
vn 0 0 -1
v 0.192131 0.087227 0.719293
vn 0 0 -1
v 0.212873 0.0512985 0.719293
vn 0.706614 -0.706637 -0.0368979
v 0.167608 0.0841442 0.719293
vn 0 0 -1
v 0.176944 0.030556 0.719293
vn 0.240737 -0.898757 -0.366443
v 0.156201 0.0664845 0.719293
vn 0 0 -1
v 0.135458 0.030556 0.719293
vn -0.240732 -0.898759 -0.366444
v 0.135458 0.0720405 0.719293
vn 0 0 -1
v 0.099528 0.0512985 0.719293
vn -0.657907 -0.657929 -0.366452
v 0.120271 0.087227 0.719293
vn 0 0 -1
v 0.078785 0.087227 0.719293
vn -0.898752 -0.240742 -0.366454
v 0.114715 0.107969 0.719293
vn 0 0 -1
v 0.078785 0.128711 0.719293
vn -0.898753 0.240736 -0.366455
v 0.120271 0.128711 0.719293
vn 0 0 -1
v 0.099528 0.164639 0.719293
vn -0.657886 0.657951 -0.366452
v 0.135458 0.143897 0.719293
vn 0 0 -1
v 0.135458 0.185381 0.719293
vn -0.240732 0.89876 -0.36644
v 0.115703 0.113291 0.922787
vn 0 0 1
v 0.197686 0.179825 0.82104
vn 0.499956 0.866051 0
v 0.176944 0.185381 0.82104
vn 0.258735 0.965948 0
v 0.176944 0.185381 0.922787
vn 0.258735 0.965948 0
v 0.156201 0.190937 0.82104
vn 0 1 0
v 0.22806 0.149454 0.82104
vn 0.866026 0.499999 0
v 0.212873 0.164639 0.82104
vn 0.707072 0.707142 0
v 0.213822 0.16369 0.922787
vn 0.707072 0.707142 0
v 0.233616 0.128711 0.82104
vn 0.965948 0.258735 0
v 0.197686 0.036112 0.82104
vn 0.675804 -0.737081 0
v 0.156201 0.025 0.82104
vn 0 -1 0
v 0.193797 0.0350702 0.719293
vn 0.249514 -0.931525 -0.264583
v 0.176944 0.030556 0.922787
vn 0.258735 -0.965948 0
v 0.114715 0.036112 0.82104
vn -0.499969 -0.866043 0
v 0.135458 0.030556 0.82104
vn -0.258729 -0.96595 0
v 0.135458 0.030556 0.922787
vn -0.258729 -0.96595 0
v 0.084341 0.066485 0.82104
vn -0.866029 -0.499994 0
v 0.099528 0.0512985 0.82104
vn -0.707095 -0.707118 0
v 0.099528 0.0512985 0.922787
vn -0.707095 -0.707118 0
v 0.073229 0.107969 0.82104
vn -1 0 0
v 0.078785 0.087227 0.82104
vn -0.965947 -0.258741 0
v 0.078785 0.087227 0.922787
vn -0.965947 -0.258741 0
v 0.114715 0.179825 0.82104
vn -0.499951 0.866054 0
v 0.099528 0.164639 0.82104
vn -0.707072 0.707142 0
v 0.135458 0.185381 0.82104
vn -0.258729 0.96595 0
v 0.135458 0.185381 0.922787
vn -0.258729 0.96595 0
v 0.025 0.588578 0.767489
vn -0.677435 0.735583 0
v 0.025 0.467749 0.61219
vn -0.978415 0 -0.206649
v 0.080643 0.323591 0.687329
vn -0.609532 -0.792762 -9.16203e-05
v 0.025 0.477462 0.922787
vn -0.921186 0 0.389123
v 0.261759 0.559017 0.025
vn 0.167201 0.0481765 -0.984745
v 0.261173 0.509006 0.025
vn 0.74457 -0.214545 -0.632128
v 0.233056 0.463901 0.025
vn 0.209165 -0.226 -0.951406
v 0.0793455 0.463901 0.025
vn -0.00427213 -0.00461599 -0.99998
v 0.051228 0.509006 0.025
vn -0.0833205 -0.0240085 -0.996234
v 0.051228 0.561051 0.025
vn -0.113306 0.0326473 -0.993024
v 0.268671 0.535028 0.111847
vn 0.972664 0.232215 0
v 0.253675 0.482985 0.111847
vn 0.848616 -0.529009 0
v 0.261173 0.509006 0.111847
vn 0.960904 -0.276881 0
v 0.261173 0.509006 0.198694
vn 0.960904 -0.276881 0
v 0.212436 0.444818 0.111847
vn 0.471003 -0.882132 0
v 0.233056 0.463901 0.111847
vn 0.679243 -0.733914 0
v 0.233056 0.463901 0.198694
vn 0.679243 -0.733914 0
v 0.184319 0.437879 0.111847
vn 0.239597 -0.970872 0
v 0.184319 0.437879 0.198694
vn 0.239597 -0.970872 0
v 0.099965 0.444818 0.111847
vn -0.278915 -0.960316 0
v 0.128083 0.437879 0.198694
vn -0.239593 -0.970873 0
v 0.058726 0.482985 0.111847
vn -0.848616 -0.529009 0
v 0.0793455 0.463901 0.111847
vn -0.679243 -0.733914 0
v 0.0793455 0.463901 0.198694
vn -0.679243 -0.733914 0
v 0.04373 0.535028 0.111847
vn -1 0 0
v 0.051228 0.509006 0.111847
vn -0.960904 -0.276881 0
v 0.051228 0.509006 0.198694
vn -0.960904 -0.276881 0
v 0.058726 0.587073 0.111847
vn -0.710394 0.703804 0
v 0.051228 0.561051 0.111847
vn -0.960907 0.276871 0
v 0.051228 0.561051 0.198694
vn -0.960907 0.276871 0
v 0.0793455 0.606156 0.198694
vn -0.679223 0.733932 0
v 0.148566 0.586542 0.049901
vn -0.251424 0.942878 -0.218555
v 0.156201 0.481479 0.269827
vn -0.0694527 -0.997585 0
v 0.171994 0.48569 0.975
vn 0.257663 -0.966235 0
v 0.10979 0.508254 0.3172
vn -0.818182 -0.57496 0
v 0.10622 0.521641 0.975
vn -0.966224 -0.257705 0
v 0.10622 0.548416 0.975
vn -0.966228 0.257687 0
v 0.166572 0.188159 0.719293
vn 0.240738 0.898759 -0.366439
v 0.166572 0.167417 0.719293
vn 0 0 -1
v 0.156201 0.170195 0.719293
vn 0 0 -1
v 0.187315 0.182603 0.719293
vn 0.240738 0.898759 -0.366439
v 0.187315 0.161861 0.719293
vn 0 0 -1
v 0.176944 0.164639 0.719293
vn 0 0 -1
v 0.166572 0.125933 0.719293
vn 0 0 -1
v 0.156201 0.128711 0.719293
vn 0 0 -1
v 0.166572 0.146675 0.719293
vn 0 0 -1
v 0.20528 0.172232 0.719293
vn 0.657886 0.657952 -0.366449
v 0.194908 0.154268 0.719293
vn 0 0 -1
v 0.220467 0.157047 0.719293
vn 0.657886 0.657952 -0.366449
v 0.202502 0.146675 0.719293
vn 0 0 -1
v 0.174166 0.11834 0.719293
vn 0 0 -1
v 0.184537 0.136304 0.719293
vn 0 0 -1
v 0.176944 0.107969 0.719293
vn 0 0 -1
v 0.187041 0.113681 0.719293
vn 0 0 -1
v 0.215651 0.097598 0.719293
vn 0 0 -1
v 0.210095 0.076856 0.719293
vn 0 0 -1
v 0.212873 0.087227 0.719293
vn 0 0 -1
v 0.194909 0.097598 0.719293
vn 0 0 -1
v 0.220467 0.0588918 0.719293
vn 0.706614 -0.706637 -0.0368979
v 0.202502 0.0692628 0.719293
vn 0 0 -1
v 0.20528 0.0437053 0.719293
vn 0.707061 -0.707084 -0.0098937
v 0.184537 0.0796338 0.719293
vn 0 0 -1
v 0.187315 0.033334 0.719293
vn 0.240737 -0.898757 -0.366443
v 0.176944 0.0512982 0.719293
vn 0 0 -1
v 0.166572 0.027778 0.719293
vn 0.240737 -0.898757 -0.366443
v 0.156201 0.0457423 0.719293
vn 0 0 -1
v 0.166572 0.0485203 0.719293
vn 0 0 -1
v 0.151927 0.0941464 0.719293
vn 0 0 -1
v 0.166572 0.0692625 0.719293
vn 0 0 -1
v 0.14583 0.027778 0.719293
vn -0.240732 -0.898759 -0.366444
v 0.14583 0.0485203 0.719293
vn 0 0 -1
v 0.125087 0.033334 0.719293
vn -0.240732 -0.898759 -0.366444
v 0.125087 0.0540762 0.719293
vn 0 0 -1
v 0.135458 0.0512982 0.719293
vn 0 0 -1
v 0.14583 0.0900048 0.719293
vn 0 0 -1
v 0.146579 0.0697505 0.719293
vn 0 0 -1
v 0.107122 0.0437053 0.719293
vn -0.657907 -0.657929 -0.366452
v 0.117493 0.0616695 0.719293
vn 0 0 -1
v 0.0919345 0.0588918 0.719293
vn -0.657907 -0.657929 -0.366452
v 0.102306 0.076856 0.719293
vn 0 0 -1
v 0.1099 0.0692628 0.719293
vn 0 0 -1
v 0.138236 0.097598 0.719293
vn 0 0 -1
v 0.127865 0.0796338 0.719293
vn 0 0 -1
v 0.081563 0.076856 0.719293
vn -0.898752 -0.240742 -0.366454
v 0.099528 0.087227 0.719293
vn 0 0 -1
v 0.076007 0.097598 0.719293
vn -0.898752 -0.240742 -0.366454
v 0.093972 0.107969 0.719293
vn 0 0 -1
v 0.09675 0.097598 0.719293
vn 0 0 -1
v 0.135458 0.107969 0.719293
vn 0 0 -1
v 0.117493 0.097598 0.719293
vn 0 0 -1
v 0.076007 0.11834 0.719293
vn -0.898753 0.240736 -0.366455
v 0.09675 0.11834 0.719293
vn 0 0 -1
v 0.081563 0.139083 0.719293
vn -0.898753 0.240736 -0.366455
v 0.102306 0.139083 0.719293
vn 0 0 -1
v 0.099528 0.128711 0.719293
vn 0 0 -1
v 0.138236 0.11834 0.719293
vn 0 0 -1
v 0.117493 0.11834 0.719293
vn 0 0 -1
v 0.0919345 0.157047 0.719293
vn -0.657886 0.657951 -0.366452
v 0.1099 0.146675 0.719293
vn 0 0 -1
v 0.107122 0.172232 0.719293
vn -0.657886 0.657951 -0.366452
v 0.125087 0.161861 0.719293
vn 0 0 -1
v 0.117493 0.154268 0.719293
vn 0 0 -1
v 0.145301 0.129906 0.719293
vn 0 0 -1
v 0.127865 0.136304 0.719293
vn 0 0 -1
v 0.125087 0.182603 0.719293
vn -0.240732 0.89876 -0.36644
v 0.135458 0.164639 0.719293
vn 0 0 -1
v 0.14583 0.188159 0.719293
vn -0.240732 0.89876 -0.36644
v 0.14583 0.167417 0.719293
vn 0 0 -1
v 0.14583 0.146675 0.719293
vn 0 0 -1
v 0.072694 0.329699 0.643317
vn -0.183116 -0.763901 -0.618808
v 0.135952 0.113308 0.922787
vn 0 0 1
v 0.0954533 0.113275 0.922787
vn 0 0 1
v 0.187315 0.182603 0.82104
vn 0.258735 0.965948 0
v 0.187315 0.182603 0.871914
vn 0.258735 0.965948 0
v 0.197686 0.179825 0.770167
vn 0.499956 0.866051 0
v 0.187315 0.182603 0.770167
vn 0.258735 0.965948 0
v 0.166572 0.188159 0.770167
vn 0.258735 0.965948 0
v 0.176944 0.185381 0.770167
vn 0.258735 0.965948 0
v 0.166572 0.188159 0.922787
vn 0.258735 0.965948 0
v 0.166572 0.188159 0.871914
vn 0.258735 0.965948 0
v 0.156201 0.190937 0.871914
vn 0 1 0
v 0.187315 0.182603 0.922787
vn 0.258735 0.965948 0
v 0.176944 0.185381 0.871914
vn 0.258735 0.965948 0
v 0.156201 0.190937 0.770167
vn 0 1 0
v 0.166572 0.188159 0.82104
vn 0.258735 0.965948 0
v 0.22806 0.149454 0.871914
vn 0.866026 0.499999 0
v 0.220467 0.157047 0.82104
vn 0.707072 0.707142 0
v 0.220467 0.157047 0.871914
vn 0.707072 0.707142 0
v 0.22806 0.149454 0.770167
vn 0.866026 0.499999 0
v 0.220467 0.157047 0.770167
vn 0.707072 0.707142 0
v 0.20528 0.172232 0.770167
vn 0.707072 0.707142 0
v 0.212873 0.164639 0.770167
vn 0.707072 0.707142 0
v 0.20528 0.172232 0.871914
vn 0.707072 0.707142 0
v 0.219517 0.157996 0.922787
vn 0.707072 0.707142 0
v 0.212873 0.164639 0.871914
vn 0.707072 0.707142 0
v 0.20528 0.172232 0.82104
vn 0.707072 0.707142 0
v 0.236394 0.11834 0.82104
vn 0.965948 0.258735 0
v 0.236394 0.11834 0.871914
vn 0.965948 0.258735 0
v 0.230838 0.139083 0.770167
vn 0.965948 0.258735 0
v 0.233616 0.128711 0.770167
vn 0.965948 0.258735 0
v 0.230838 0.139083 0.871914
vn 0.965948 0.258735 0
v 0.233616 0.128711 0.871914
vn 0.965948 0.258735 0
v 0.230838 0.139083 0.82104
vn 0.965948 0.258735 0
v 0.197686 0.036112 0.871914
vn 0.575045 -0.818122 0
v 0.197686 0.036112 0.770167
vn 0.675804 -0.737081 0
v 0.156201 0.025 0.871914
vn 0 -1 0
v 0.166572 0.027778 0.82104
vn 0.258735 -0.965948 0
v 0.156201 0.025 0.770167
vn 0 -1 0
v 0.166572 0.027778 0.770167
vn 0.258735 -0.965948 0
v 0.176944 0.030556 0.770167
vn 0.258735 -0.965948 0
v 0.187315 0.033334 0.922787
vn 0.258735 -0.965948 0
v 0.187315 0.033334 0.871914
vn 0.258735 -0.965948 0
v 0.166572 0.027778 0.922787
vn 0.258735 -0.965948 0
v 0.176944 0.030556 0.871914
vn 0.258735 -0.965948 0
v 0.114715 0.036112 0.871914
vn -0.499969 -0.866043 0
v 0.125087 0.033334 0.82104
vn -0.258729 -0.96595 0
v 0.125087 0.033334 0.871914
vn -0.258729 -0.96595 0
v 0.114715 0.036112 0.770167
vn -0.499969 -0.866043 0
v 0.125087 0.033334 0.770167
vn -0.258729 -0.96595 0
v 0.14583 0.027778 0.770167
vn -0.258729 -0.96595 0
v 0.135458 0.030556 0.770167
vn -0.258729 -0.96595 0
v 0.14583 0.027778 0.922787
vn -0.258729 -0.96595 0
v 0.14583 0.027778 0.871914
vn -0.258729 -0.96595 0
v 0.125087 0.033334 0.922787
vn -0.258729 -0.96595 0
v 0.135458 0.030556 0.871914
vn -0.258729 -0.96595 0
v 0.14583 0.027778 0.82104
vn -0.258729 -0.96595 0
v 0.084341 0.066485 0.871914
vn -0.866029 -0.499994 0
v 0.0919345 0.0588918 0.82104
vn -0.707095 -0.707118 0
v 0.0919345 0.0588918 0.871914
vn -0.707095 -0.707118 0
v 0.084341 0.066485 0.770167
vn -0.866029 -0.499994 0
v 0.0919345 0.0588918 0.770167
vn -0.707095 -0.707118 0
v 0.107122 0.0437053 0.770167
vn -0.707095 -0.707118 0
v 0.099528 0.0512985 0.770167
vn -0.707095 -0.707118 0
v 0.107122 0.0437053 0.922787
vn -0.707095 -0.707118 0
v 0.107122 0.0437053 0.871914
vn -0.707095 -0.707118 0
v 0.0919345 0.0588918 0.922787
vn -0.707095 -0.707118 0
v 0.099528 0.0512985 0.871914
vn -0.707095 -0.707118 0
v 0.107122 0.0437053 0.82104
vn -0.707095 -0.707118 0
v 0.073229 0.107969 0.871914
vn -1 0 0
v 0.076007 0.097598 0.82104
vn -0.965947 -0.258741 0
v 0.076007 0.097598 0.871914
vn -0.965947 -0.258741 0
v 0.073229 0.107969 0.770167
vn -1 0 0
v 0.076007 0.097598 0.770167
vn -0.965947 -0.258741 0
v 0.081563 0.076856 0.770167
vn -0.965947 -0.258741 0
v 0.078785 0.087227 0.770167
vn -0.965947 -0.258741 0
v 0.081563 0.076856 0.922787
vn -0.965947 -0.258741 0
v 0.081563 0.076856 0.871914
vn -0.965947 -0.258741 0
v 0.076007 0.097598 0.922787
vn -0.965947 -0.258741 0
v 0.078785 0.087227 0.871914
vn -0.965947 -0.258741 0
v 0.081563 0.076856 0.82104
vn -0.965947 -0.258741 0
v 0.076007 0.11834 0.871914
vn -0.965948 0.258735 0
v 0.078785 0.128711 0.871914
vn -0.965948 0.258735 0
v 0.076007 0.11834 0.82104
vn -0.965948 0.258735 0
v 0.114715 0.179825 0.871914
vn -0.499951 0.866054 0
v 0.107122 0.172232 0.82104
vn -0.707072 0.707142 0
v 0.107122 0.172232 0.871914
vn -0.707072 0.707142 0
v 0.114715 0.179825 0.770167
vn -0.499951 0.866054 0
v 0.107122 0.172232 0.770167
vn -0.707072 0.707142 0
v 0.0919345 0.157047 0.770167
vn -0.707072 0.707142 0
v 0.099528 0.164639 0.770167
vn -0.707072 0.707142 0
v 0.0919345 0.157047 0.871914
vn -0.707072 0.707142 0
v 0.099528 0.164639 0.871914
vn -0.707072 0.707142 0
v 0.0919345 0.157047 0.82104
vn -0.707072 0.707142 0
v 0.14583 0.188159 0.82104
vn -0.258729 0.96595 0
v 0.14583 0.188159 0.871914
vn -0.258729 0.96595 0
v 0.14583 0.188159 0.770167
vn -0.258729 0.96595 0
v 0.125087 0.182603 0.770167
vn -0.258729 0.96595 0
v 0.135458 0.185381 0.770167
vn -0.258729 0.96595 0
v 0.125087 0.182603 0.922787
vn -0.258729 0.96595 0
v 0.125087 0.182603 0.871914
vn -0.258729 0.96595 0
v 0.14583 0.188159 0.922787
vn -0.258729 0.96595 0
v 0.135458 0.185381 0.871914
vn -0.258729 0.96595 0
v 0.125087 0.182603 0.82104
vn -0.258729 0.96595 0
v 0.025 0.588578 0.689839
vn -0.677435 0.735583 0
v 0.025 0.588578 0.845138
vn -0.677435 0.735583 0
v 0.025 0.53302 0.922787
vn -0.921186 0 0.389123
v 0.025 0.421904 0.922787
vn -0.921186 0 0.389123
v 0.257424 0.574062 0.025
vn 0.947734 0.273075 -0.165013
v 0.264922 0.522017 0.025
vn 0.74457 -0.214545 -0.632128
v 0.257424 0.495996 0.025
vn 0.74457 -0.214545 -0.632128
v 0.243365 0.473443 0.025
vn 0.209165 -0.226 -0.951406
v 0.222746 0.45436 0.025
vn 0.209165 -0.226 -0.951406
v 0.0896552 0.45436 0.025
vn -0.34136 -0.368836 -0.864542
v 0.0690358 0.473443 0.025
vn -0.0528102 -0.0570608 -0.996973
v 0.054977 0.495996 0.025
vn -0.0833205 -0.0240085 -0.996234
v 0.047479 0.522017 0.025
vn -0.0833205 -0.0240085 -0.996234
v 0.047479 0.548039 0.025
vn -0.113306 0.0326473 -0.993024
v 0.054977 0.574062 0.025
vn -0.113306 0.0326473 -0.993024
v 0.268671 0.535028 0.155271
vn 0.972664 0.232215 0
v 0.268671 0.535028 0.0684235
vn 0.972664 0.232215 0
v 0.253675 0.482985 0.155271
vn 0.848616 -0.529009 0
v 0.257424 0.495996 0.111847
vn 0.960904 -0.276881 0
v 0.257424 0.495996 0.155271
vn 0.960904 -0.276881 0
v 0.253675 0.482985 0.0684235
vn 0.848616 -0.529009 0
v 0.257424 0.495996 0.0684235
vn 0.960904 -0.276881 0
v 0.264922 0.522017 0.0684235
vn 0.960904 -0.276881 0
v 0.261173 0.509006 0.0684235
vn 0.960904 -0.276881 0
v 0.264922 0.522017 0.198694
vn 0.960904 -0.276881 0
v 0.264922 0.522017 0.155271
vn 0.960904 -0.276881 0
v 0.257424 0.495996 0.198694
vn 0.960904 -0.276881 0
v 0.261173 0.509006 0.155271
vn 0.960904 -0.276881 0
v 0.264922 0.522017 0.111847
vn 0.960904 -0.276881 0
v 0.212436 0.444818 0.155271
vn 0.471003 -0.882132 0
v 0.222746 0.45436 0.111847
vn 0.679243 -0.733914 0
v 0.222746 0.45436 0.155271
vn 0.679243 -0.733914 0
v 0.212436 0.444818 0.0684235
vn 0.273977 -0.961736 0
v 0.222746 0.45436 0.0684235
vn 0.679243 -0.733914 0
v 0.243365 0.473443 0.0684235
vn 0.679243 -0.733914 0
v 0.233056 0.463901 0.0684235
vn 0.679243 -0.733914 0
v 0.243365 0.473443 0.198694
vn 0.679243 -0.733914 0
v 0.243365 0.473443 0.155271
vn 0.679243 -0.733914 0
v 0.222746 0.45436 0.198694
vn 0.679243 -0.733914 0
v 0.233056 0.463901 0.155271
vn 0.679243 -0.733914 0
v 0.243365 0.473443 0.111847
vn 0.679243 -0.733914 0
v 0.17026 0.434409 0.155271
vn 0.239597 -0.970872 0
v 0.198377 0.441348 0.198694
vn 0.239597 -0.970872 0
v 0.198377 0.441348 0.155271
vn 0.239597 -0.970872 0
v 0.17026 0.434409 0.198694
vn 0.239597 -0.970872 0
v 0.184319 0.437879 0.155271
vn 0.239597 -0.970872 0
v 0.198377 0.441348 0.111847
vn 0.239597 -0.970872 0
v 0.099965 0.444818 0.155271
vn -0.278915 -0.960316 0
v 0.099965 0.444818 0.0684235
vn -0.278915 -0.960316 0
v 0.142142 0.434409 0.198694
vn -0.239593 -0.970873 0
v 0.114024 0.441348 0.198694
vn -0.239593 -0.970873 0
v 0.058726 0.482985 0.155271
vn -0.848616 -0.529009 0
v 0.0690358 0.473443 0.111847
vn -0.679243 -0.733914 0
v 0.0690358 0.473443 0.155271
vn -0.679243 -0.733914 0
v 0.058726 0.482985 0.0684235
vn -0.848616 -0.529009 0
v 0.0690358 0.473443 0.0684235
vn -0.679243 -0.733914 0
v 0.0896552 0.45436 0.0684235
vn -0.679243 -0.733914 0
v 0.0793455 0.463901 0.0684235
vn -0.679243 -0.733914 0
v 0.0896552 0.45436 0.198694
vn -0.679243 -0.733914 0
v 0.0896552 0.45436 0.155271
vn -0.679243 -0.733914 0
v 0.0690358 0.473443 0.198694
vn -0.679243 -0.733914 0
v 0.0793455 0.463901 0.155271
vn -0.679243 -0.733914 0
v 0.0896552 0.45436 0.111847
vn -0.679243 -0.733914 0
v 0.04373 0.535028 0.155271
vn -1 0 0
v 0.047479 0.522017 0.111847
vn -0.960904 -0.276881 0
v 0.047479 0.522017 0.155271
vn -0.960904 -0.276881 0
v 0.04373 0.535028 0.0684235
vn -1 0 0
v 0.047479 0.522017 0.0684235
vn -0.960904 -0.276881 0
v 0.054977 0.495996 0.0684235
vn -0.960904 -0.276881 0
v 0.051228 0.509006 0.0684235
vn -0.960904 -0.276881 0
v 0.054977 0.495996 0.198694
vn -0.960904 -0.276881 0
v 0.054977 0.495996 0.155271
vn -0.960904 -0.276881 0
v 0.047479 0.522017 0.198694
vn -0.960904 -0.276881 0
v 0.051228 0.509006 0.155271
vn -0.960904 -0.276881 0
v 0.054977 0.495996 0.111847
vn -0.960904 -0.276881 0
v 0.058726 0.587073 0.155271
vn -0.704629 0.709576 0
v 0.054977 0.574062 0.111847
vn -0.960907 0.276871 0
v 0.054977 0.574062 0.155271
vn -0.960907 0.276871 0
v 0.058726 0.587073 0.0684235
vn -0.708497 0.705714 0
v 0.054977 0.574062 0.0684235
vn -0.960907 0.276871 0
v 0.047479 0.548039 0.0684235
vn -0.960907 0.276871 0
v 0.051228 0.561051 0.0684235
vn -0.960907 0.276871 0
v 0.047479 0.548039 0.198694
vn -0.960907 0.276871 0
v 0.047479 0.548039 0.155271
vn -0.960907 0.276871 0
v 0.054977 0.574062 0.198694
vn -0.960907 0.276871 0
v 0.051228 0.561051 0.155271
vn -0.960907 0.276871 0
v 0.047479 0.548039 0.111847
vn -0.960907 0.276871 0
v 0.0690358 0.596614 0.198694
vn -0.679223 0.733932 0
v 0.0870778 0.613311 0.198694
vn -0.679223 0.733932 0
v 0.160803 0.482706 0.975
vn 0.257663 -0.966235 0
v 0.108005 0.514947 0.975
vn -0.966224 -0.257705 0
v 0.108005 0.55511 0.975
vn -0.966228 0.257687 0
v 0.161387 0.189548 0.719293
vn 0.240738 0.898759 -0.366439
v 0.161387 0.179177 0.719293
vn 0 0 -1
v 0.156201 0.180566 0.719293
vn 0 0 -1
v 0.171758 0.18677 0.719293
vn 0.240738 0.898759 -0.366439
v 0.171758 0.176399 0.719293
vn 0 0 -1
v 0.166572 0.177788 0.719293
vn 0 0 -1
v 0.161387 0.158435 0.719293
vn 0 0 -1
v 0.156201 0.159824 0.719293
vn 0 0 -1
v 0.161387 0.168806 0.719293
vn 0 0 -1
v 0.182129 0.183992 0.719293
vn 0.240738 0.898759 -0.366439
v 0.182129 0.173621 0.719293
vn 0 0 -1
v 0.176944 0.17501 0.719293
vn 0 0 -1
v 0.1925 0.181214 0.719293
vn 0.240738 0.898759 -0.366439
v 0.1925 0.170843 0.719293
vn 0 0 -1
v 0.187315 0.172232 0.719293
vn 0 0 -1
v 0.182129 0.152879 0.719293
vn 0 0 -1
v 0.176944 0.154268 0.719293
vn 0 0 -1
v 0.182129 0.16325 0.719293
vn 0 0 -1
v 0.171758 0.134915 0.719293
vn 0 0 -1
v 0.166572 0.136304 0.719293
vn 0 0 -1
v 0.171758 0.145286 0.719293
vn 0 0 -1
v 0.161387 0.116951 0.719293
vn 0 0 -1
v 0.161387 0.127322 0.719293
vn 0 0 -1
v 0.156201 0.139082 0.719293
vn 0 0 -1
v 0.161387 0.148064 0.719293
vn 0 0 -1
v 0.161387 0.137693 0.719293
vn 0 0 -1
v 0.171758 0.166028 0.719293
vn 0 0 -1
v 0.171758 0.155657 0.719293
vn 0 0 -1
v 0.166572 0.157046 0.719293
vn 0 0 -1
v 0.201483 0.176029 0.719293
vn 0.657886 0.657952 -0.366449
v 0.196297 0.167047 0.719293
vn 0 0 -1
v 0.209076 0.168436 0.719293
vn 0.657886 0.657952 -0.366449
v 0.203891 0.159454 0.719293
vn 0 0 -1
v 0.200094 0.16325 0.719293
vn 0 0 -1
v 0.185926 0.149083 0.719293
vn 0 0 -1
v 0.191112 0.158065 0.719293
vn 0 0 -1
v 0.21667 0.160843 0.719293
vn 0.657886 0.657952 -0.366449
v 0.211484 0.151861 0.719293
vn 0 0 -1
v 0.207687 0.155657 0.719293
vn 0 0 -1
v 0.224263 0.15325 0.719293
vn 0.657886 0.657952 -0.366449
v 0.219078 0.144268 0.719293
vn 0 0 -1
v 0.215281 0.148065 0.719293
vn 0 0 -1
v 0.179351 0.127322 0.719293
vn 0 0 -1
v 0.170369 0.122137 0.719293
vn 0 0 -1
v 0.18074 0.140101 0.719293
vn 0 0 -1
v 0.175555 0.131119 0.719293
vn 0 0 -1
v 0.198705 0.150472 0.719293
vn 0 0 -1
v 0.193519 0.14149 0.719293
vn 0 0 -1
v 0.189723 0.145286 0.719293
vn 0 0 -1
v 0.187315 0.107969 0.719293
vn 0 0 -1
v 0.166572 0.107969 0.719293
vn 0 0 -1
v 0.224634 0.0924125 0.719293
vn 0 0 -1
v 0.226023 0.097598 0.719293
vn 0 0 -1
v 0.206669 0.102784 0.719293
vn 0 0 -1
v 0.21704 0.102784 0.719293
vn 0 0 -1
v 0.221856 0.0820415 0.719293
vn 0 0 -1
v 0.223245 0.087227 0.719293
vn 0 0 -1
v 0.219078 0.0716705 0.719293
vn 0 0 -1
v 0.220467 0.076856 0.719293
vn 0 0 -1
v 0.201113 0.0820415 0.719293
vn 0 0 -1
v 0.202502 0.087227 0.719293
vn 0 0 -1
v 0.211484 0.0820415 0.719293
vn 0 0 -1
v 0.183148 0.0924125 0.719293
vn 0 0 -1
v 0.184537 0.097598 0.719293
vn 0 0 -1
v 0.19352 0.0924125 0.719293
vn 0 0 -1
v 0.185926 0.102784 0.719293
vn 0 0 -1
v 0.214262 0.0924125 0.719293
vn 0 0 -1
v 0.203891 0.0924125 0.719293
vn 0 0 -1
v 0.20528 0.097598 0.719293
vn 0 0 -1
v 0.224263 0.0626884 0.719293
vn 0.706614 -0.706637 -0.0368979
v 0.215281 0.0678739 0.719293
vn 0 0 -1
v 0.21667 0.0550951 0.719293
vn 0.706614 -0.706637 -0.0368979
v 0.207687 0.0602806 0.719293
vn 0 0 -1
v 0.211484 0.0640773 0.719293
vn 0 0 -1
v 0.197316 0.0782449 0.719293
vn 0 0 -1
v 0.206299 0.0730594 0.719293
vn 0 0 -1
v 0.209076 0.0475019 0.719293
vn 0.707061 -0.707084 -0.0098937
v 0.201483 0.0399086 0.719293
vn 0.707061 -0.707084 -0.0098937
v 0.188334 0.0834304 0.719293
vn 0 0 -1
v 0.198705 0.0654661 0.719293
vn 0 0 -1
v 0.193519 0.0744483 0.719293
vn 0 0 -1
v 0.187315 0.0437051 0.719293
vn 0 0 -1
v 0.182129 0.031945 0.719293
vn 0.240737 -0.898757 -0.366443
v 0.176944 0.0409271 0.719293
vn 0 0 -1
v 0.182129 0.0423161 0.719293
vn 0 0 -1
v 0.182129 0.0526872 0.719293
vn 0 0 -1
v 0.171758 0.029167 0.719293
vn 0.240737 -0.898757 -0.366443
v 0.166572 0.0381491 0.719293
vn 0 0 -1
v 0.171758 0.0395381 0.719293
vn 0 0 -1
v 0.161387 0.026389 0.719293
vn 0.240737 -0.898757 -0.366443
v 0.156201 0.0353711 0.719293
vn 0 0 -1
v 0.161387 0.0367601 0.719293
vn 0 0 -1
v 0.156201 0.0561134 0.719293
vn 0 0 -1
v 0.161387 0.0575024 0.719293
vn 0 0 -1
v 0.161387 0.0471313 0.719293
vn 0 0 -1
v 0.156201 0.0768556 0.719293
vn 0 0 -1
v 0.161387 0.0782446 0.719293
vn 0 0 -1
v 0.161387 0.0678735 0.719293
vn 0 0 -1
v 0.171758 0.0499093 0.719293
vn 0 0 -1
v 0.166572 0.0588914 0.719293
vn 0 0 -1
v 0.171758 0.0602804 0.719293
vn 0 0 -1
v 0.151015 0.026389 0.719293
vn -0.240732 -0.898759 -0.366444
v 0.151015 0.0367601 0.719293
vn 0 0 -1
v 0.140644 0.029167 0.719293
vn -0.240732 -0.898759 -0.366444
v 0.140644 0.0395381 0.719293
vn 0 0 -1
v 0.14583 0.0381491 0.719293
vn 0 0 -1
v 0.151015 0.0575024 0.719293
vn 0 0 -1
v 0.151015 0.0471313 0.719293
vn 0 0 -1
v 0.130272 0.031945 0.719293
vn -0.240732 -0.898759 -0.366444
v 0.130272 0.0423161 0.719293
vn 0 0 -1
v 0.135458 0.0409271 0.719293
vn 0 0 -1
v 0.119901 0.034723 0.719293
vn -0.240732 -0.898759 -0.366444
v 0.119901 0.0450941 0.719293
vn 0 0 -1
v 0.125087 0.0437051 0.719293
vn 0 0 -1
v 0.130272 0.0630584 0.719293
vn 0 0 -1
v 0.135458 0.0616694 0.719293
vn 0 0 -1
v 0.130272 0.0526872 0.719293
vn 0 0 -1
v 0.140644 0.0810226 0.719293
vn 0 0 -1
v 0.14583 0.0796336 0.719293
vn 0 0 -1
v 0.140644 0.0706515 0.719293
vn 0 0 -1
v 0.151015 0.0886158 0.719293
vn 0 0 -1
v 0.151015 0.0782446 0.719293
vn 0 0 -1
v 0.140644 0.0499093 0.719293
vn 0 0 -1
v 0.140644 0.0602804 0.719293
vn 0 0 -1
v 0.14583 0.0588914 0.719293
vn 0 0 -1
v 0.110918 0.0399086 0.719293
vn -0.657907 -0.657929 -0.366452
v 0.116104 0.0488907 0.719293
vn 0 0 -1
v 0.103325 0.0475019 0.719293
vn -0.657907 -0.657929 -0.366452
v 0.108511 0.056484 0.719293
vn 0 0 -1
v 0.112307 0.0526874 0.719293
vn 0 0 -1
v 0.126476 0.066855 0.719293
vn 0 0 -1
v 0.12129 0.0578729 0.719293
vn 0 0 -1
v 0.0957312 0.0550951 0.719293
vn -0.657907 -0.657929 -0.366452
v 0.100917 0.0640773 0.719293
vn 0 0 -1
v 0.104714 0.0602806 0.719293
vn 0 0 -1
v 0.0881377 0.0626884 0.719293
vn -0.657907 -0.657929 -0.366452
v 0.0933235 0.0716705 0.719293
vn 0 0 -1
v 0.0971202 0.0678739 0.719293
vn 0 0 -1
v 0.111289 0.0820415 0.719293
vn 0 0 -1
v 0.115085 0.0782449 0.719293
vn 0 0 -1
v 0.106103 0.0730594 0.719293
vn 0 0 -1
v 0.129254 0.0924125 0.719293
vn 0 0 -1
v 0.13305 0.0886159 0.719293
vn 0 0 -1
v 0.124068 0.0834304 0.719293
vn 0 0 -1
v 0.142033 0.0938014 0.719293
vn 0 0 -1
v 0.131661 0.0758371 0.719293
vn 0 0 -1
v 0.136847 0.0848193 0.719293
vn 0 0 -1
v 0.113696 0.0654661 0.719293
vn 0 0 -1
v 0.118882 0.0744483 0.719293
vn 0 0 -1
v 0.122679 0.0706516 0.719293
vn 0 0 -1
v 0.082952 0.0716705 0.719293
vn -0.898752 -0.240742 -0.366454
v 0.0919345 0.076856 0.719293
vn 0 0 -1
v 0.080174 0.0820415 0.719293
vn -0.898752 -0.240742 -0.366454
v 0.0891565 0.087227 0.719293
vn 0 0 -1
v 0.0905455 0.0820415 0.719293
vn 0 0 -1
v 0.1099 0.087227 0.719293
vn 0 0 -1
v 0.100917 0.0820415 0.719293
vn 0 0 -1
v 0.077396 0.0924125 0.719293
vn -0.898752 -0.240742 -0.366454
v 0.0863785 0.097598 0.719293
vn 0 0 -1
v 0.0877675 0.0924125 0.719293
vn 0 0 -1
v 0.074618 0.102784 0.719293
vn -0.898752 -0.240742 -0.366454
v 0.0836005 0.107969 0.719293
vn 0 0 -1
v 0.0849895 0.102784 0.719293
vn 0 0 -1
v 0.104344 0.107969 0.719293
vn 0 0 -1
v 0.105733 0.102784 0.719293
vn 0 0 -1
v 0.095361 0.102784 0.719293
vn 0 0 -1
v 0.125087 0.107969 0.719293
vn 0 0 -1
v 0.126476 0.102784 0.719293
vn 0 0 -1
v 0.116104 0.102784 0.719293
vn 0 0 -1
v 0.14583 0.107969 0.719293
vn 0 0 -1
v 0.136847 0.102784 0.719293
vn 0 0 -1
v 0.118882 0.0924125 0.719293
vn 0 0 -1
v 0.127865 0.097598 0.719293
vn 0 0 -1
v 0.098139 0.0924125 0.719293
vn 0 0 -1
v 0.107122 0.097598 0.719293
vn 0 0 -1
v 0.108511 0.0924125 0.719293
vn 0 0 -1
v 0.074618 0.113155 0.719293
vn -0.898753 0.240736 -0.366455
v 0.0849895 0.113155 0.719293
vn 0 0 -1
v 0.077396 0.123526 0.719293
vn -0.898753 0.240736 -0.366455
v 0.0877675 0.123526 0.719293
vn 0 0 -1
v 0.0863785 0.11834 0.719293
vn 0 0 -1
v 0.105733 0.113155 0.719293
vn 0 0 -1
v 0.095361 0.113155 0.719293
vn 0 0 -1
v 0.080174 0.133897 0.719293
vn -0.898753 0.240736 -0.366455
v 0.0905455 0.133897 0.719293
vn 0 0 -1
v 0.0891565 0.128711 0.719293
vn 0 0 -1
v 0.082952 0.144268 0.719293
vn -0.898753 0.240736 -0.366455
v 0.0933235 0.144268 0.719293
vn 0 0 -1
v 0.0919345 0.139083 0.719293
vn 0 0 -1
v 0.111289 0.133897 0.719293
vn 0 0 -1
v 0.1099 0.128711 0.719293
vn 0 0 -1
v 0.100917 0.133897 0.719293
vn 0 0 -1
v 0.129254 0.123526 0.719293
vn 0 0 -1
v 0.127865 0.11834 0.719293
vn 0 0 -1
v 0.118882 0.123526 0.719293
vn 0 0 -1
v 0.136847 0.113155 0.719293
vn 0 0 -1
v 0.116104 0.113155 0.719293
vn 0 0 -1
v 0.126476 0.113155 0.719293
vn 0 0 -1
v 0.098139 0.123526 0.719293
vn 0 0 -1
v 0.108511 0.123526 0.719293
vn 0 0 -1
v 0.107122 0.11834 0.719293
vn 0 0 -1
v 0.0881377 0.15325 0.719293
vn -0.657886 0.657951 -0.366452
v 0.0971202 0.148065 0.719293
vn 0 0 -1
v 0.0957312 0.160843 0.719293
vn -0.657886 0.657951 -0.366452
v 0.104714 0.155657 0.719293
vn 0 0 -1
v 0.100917 0.151861 0.719293
vn 0 0 -1
v 0.115085 0.137693 0.719293
vn 0 0 -1
v 0.106103 0.142879 0.719293
vn 0 0 -1
v 0.103325 0.168436 0.719293
vn -0.657886 0.657951 -0.366452
v 0.112307 0.16325 0.719293
vn 0 0 -1
v 0.108511 0.159454 0.719293
vn 0 0 -1
v 0.110918 0.176029 0.719293
vn -0.657886 0.657951 -0.366452
v 0.119901 0.170843 0.719293
vn 0 0 -1
v 0.116104 0.167047 0.719293
vn 0 0 -1
v 0.130272 0.152879 0.719293
vn 0 0 -1
v 0.126476 0.149083 0.719293
vn 0 0 -1
v 0.12129 0.158065 0.719293
vn 0 0 -1
v 0.136847 0.131119 0.719293
vn 0 0 -1
v 0.131661 0.140101 0.719293
vn 0 0 -1
v 0.124068 0.132508 0.719293
vn 0 0 -1
v 0.13305 0.127322 0.719293
vn 0 0 -1
v 0.113696 0.150472 0.719293
vn 0 0 -1
v 0.122679 0.145286 0.719293
vn 0 0 -1
v 0.118882 0.14149 0.719293
vn 0 0 -1
v 0.119901 0.181214 0.719293
vn -0.240732 0.89876 -0.36644
v 0.125087 0.172232 0.719293
vn 0 0 -1
v 0.130272 0.183992 0.719293
vn -0.240732 0.89876 -0.36644
v 0.135458 0.17501 0.719293
vn 0 0 -1
v 0.130272 0.173621 0.719293
vn 0 0 -1
v 0.135458 0.154268 0.719293
vn 0 0 -1
v 0.130272 0.16325 0.719293
vn 0 0 -1
v 0.140644 0.18677 0.719293
vn -0.240732 0.89876 -0.36644
v 0.14583 0.177788 0.719293
vn 0 0 -1
v 0.140644 0.176399 0.719293
vn 0 0 -1
v 0.151015 0.189548 0.719293
vn -0.240732 0.89876 -0.36644
v 0.151015 0.179177 0.719293
vn 0 0 -1
v 0.151015 0.158435 0.719293
vn 0 0 -1
v 0.151015 0.168806 0.719293
vn 0 0 -1
v 0.151015 0.148064 0.719293
vn 0 0 -1
v 0.140644 0.145286 0.719293
vn 0 0 -1
v 0.140644 0.166028 0.719293
vn 0 0 -1
v 0.14583 0.157046 0.719293
vn 0 0 -1
v 0.140644 0.155657 0.719293
vn 0 0 -1
v 0.080643 0.323591 0.648504
vn -0.183116 -0.763901 -0.618808
v 0.064745 0.335807 0.638129
vn -0.183116 -0.763901 -0.618808
v 0.146076 0.113317 0.922787
vn 0 0 1
v 0.125827 0.1133 0.922787
vn 0 0 1
v 0.0827975 0.113264 0.922787
vn 0 0 1
v 0.105578 0.113283 0.922787
vn 0 0 1
v 0.1925 0.181214 0.871914
vn 0.258735 0.965948 0
v 0.1925 0.181214 0.89735
vn 0.258735 0.965948 0
v 0.197686 0.179825 0.846477
vn 0.499956 0.866051 0
v 0.1925 0.181214 0.82104
vn 0.258735 0.965948 0
v 0.1925 0.181214 0.846477
vn 0.258735 0.965948 0
v 0.182129 0.183992 0.82104
vn 0.258735 0.965948 0
v 0.182129 0.183992 0.846477
vn 0.258735 0.965948 0
v 0.187315 0.182603 0.846477
vn 0.258735 0.965948 0
v 0.197686 0.179825 0.795603
vn 0.499956 0.866051 0
v 0.1925 0.181214 0.770167
vn 0.258735 0.965948 0
v 0.1925 0.181214 0.795603
vn 0.258735 0.965948 0
v 0.197686 0.179825 0.74473
vn 0.499956 0.866051 0
v 0.1925 0.181214 0.74473
vn 0.258735 0.965948 0
v 0.182129 0.183992 0.74473
vn 0.258735 0.965948 0
v 0.187315 0.182603 0.74473
vn 0.258735 0.965948 0
v 0.171758 0.18677 0.74473
vn 0.258735 0.965948 0
v 0.176944 0.185381 0.74473
vn 0.258735 0.965948 0
v 0.161387 0.189548 0.74473
vn 0.258735 0.965948 0
v 0.166572 0.188159 0.74473
vn 0.258735 0.965948 0
v 0.171758 0.18677 0.795603
vn 0.258735 0.965948 0
v 0.176944 0.185381 0.795603
vn 0.258735 0.965948 0
v 0.171758 0.18677 0.770167
vn 0.258735 0.965948 0
v 0.187315 0.182603 0.795603
vn 0.258735 0.965948 0
v 0.182129 0.183992 0.770167
vn 0.258735 0.965948 0
v 0.182129 0.183992 0.795603
vn 0.258735 0.965948 0
v 0.161387 0.189548 0.922787
vn 0.258735 0.965948 0
v 0.161387 0.189548 0.89735
vn 0.258735 0.965948 0
v 0.156201 0.190937 0.89735
vn 0 1 0
v 0.171758 0.18677 0.922787
vn 0.258735 0.965948 0
v 0.171758 0.18677 0.89735
vn 0.258735 0.965948 0
v 0.166572 0.188159 0.89735
vn 0.258735 0.965948 0
v 0.161387 0.189548 0.846477
vn 0.258735 0.965948 0
v 0.156201 0.190937 0.846477
vn 0 1 0
v 0.161387 0.189548 0.871914
vn 0.258735 0.965948 0
v 0.182129 0.183992 0.922787
vn 0.258735 0.965948 0
v 0.182129 0.183992 0.89735
vn 0.258735 0.965948 0
v 0.176944 0.185381 0.89735
vn 0.258735 0.965948 0
v 0.187315 0.182603 0.89735
vn 0.258735 0.965948 0
v 0.176944 0.185381 0.846477
vn 0.258735 0.965948 0
v 0.182129 0.183992 0.871914
vn 0.258735 0.965948 0
v 0.166572 0.188159 0.795603
vn 0.258735 0.965948 0
v 0.171758 0.18677 0.82104
vn 0.258735 0.965948 0
v 0.156201 0.190937 0.74473
vn 0 1 0
v 0.161387 0.189548 0.770167
vn 0.258735 0.965948 0
v 0.156201 0.190937 0.795603
vn 0 1 0
v 0.161387 0.189548 0.82104
vn 0.258735 0.965948 0
v 0.161387 0.189548 0.795603
vn 0.258735 0.965948 0
v 0.171758 0.18677 0.871914
vn 0.258735 0.965948 0
v 0.171758 0.18677 0.846477
vn 0.258735 0.965948 0
v 0.166572 0.188159 0.846477
vn 0.258735 0.965948 0
v 0.22806 0.149454 0.89735
vn 0.866026 0.499999 0
v 0.224263 0.15325 0.871914
vn 0.707072 0.707142 0
v 0.224263 0.15325 0.89735
vn 0.707072 0.707142 0
v 0.22806 0.149454 0.846477
vn 0.866026 0.499999 0
v 0.224263 0.15325 0.82104
vn 0.707072 0.707142 0
v 0.224263 0.15325 0.846477
vn 0.707072 0.707142 0
v 0.21667 0.160843 0.82104
vn 0.707072 0.707142 0
v 0.21667 0.160843 0.846477
vn 0.707072 0.707142 0
v 0.220467 0.157047 0.846477
vn 0.707072 0.707142 0
v 0.22806 0.149454 0.795603
vn 0.866026 0.499999 0
v 0.224263 0.15325 0.770167
vn 0.707072 0.707142 0
v 0.224263 0.15325 0.795603
vn 0.707072 0.707142 0
v 0.22806 0.149454 0.74473
vn 0.866026 0.499999 0
v 0.224263 0.15325 0.74473
vn 0.707072 0.707142 0
v 0.21667 0.160843 0.74473
vn 0.707072 0.707142 0
v 0.220467 0.157047 0.74473
vn 0.707072 0.707142 0
v 0.209076 0.168436 0.74473
vn 0.707072 0.707142 0
v 0.212873 0.164639 0.74473
vn 0.707072 0.707142 0
v 0.201483 0.176029 0.74473
vn 0.707072 0.707142 0
v 0.20528 0.172232 0.74473
vn 0.707072 0.707142 0
v 0.209076 0.168436 0.795603
vn 0.707072 0.707142 0
v 0.212873 0.164639 0.795603
vn 0.707072 0.707142 0
v 0.209076 0.168436 0.770167
vn 0.707072 0.707142 0
v 0.220467 0.157047 0.795603
vn 0.707072 0.707142 0
v 0.21667 0.160843 0.770167
vn 0.707072 0.707142 0
v 0.21667 0.160843 0.795603
vn 0.707072 0.707142 0
v 0.201483 0.176029 0.89735
vn 0.707072 0.707142 0
v 0.209076 0.168436 0.89735
vn 0.707072 0.707142 0
v 0.20528 0.172232 0.89735
vn 0.707072 0.707142 0
v 0.201483 0.176029 0.846477
vn 0.707072 0.707142 0
v 0.201483 0.176029 0.871914
vn 0.707072 0.707142 0
v 0.21667 0.160843 0.922787
vn 0.707072 0.707142 0
v 0.21667 0.160843 0.89735
vn 0.707072 0.707142 0
v 0.212873 0.164639 0.89735
vn 0.707072 0.707142 0
v 0.225212 0.152301 0.922787
vn 0.707072 0.707142 0
v 0.220467 0.157047 0.89735
vn 0.707072 0.707142 0
v 0.212873 0.164639 0.846477
vn 0.707072 0.707142 0
v 0.21667 0.160843 0.871914
vn 0.707072 0.707142 0
v 0.20528 0.172232 0.795603
vn 0.707072 0.707142 0
v 0.209076 0.168436 0.82104
vn 0.707072 0.707142 0
v 0.201483 0.176029 0.770167
vn 0.707072 0.707142 0
v 0.201483 0.176029 0.82104
vn 0.707072 0.707142 0
v 0.201483 0.176029 0.795603
vn 0.707072 0.707142 0
v 0.209076 0.168436 0.871914
vn 0.707072 0.707142 0
v 0.209076 0.168436 0.846477
vn 0.707072 0.707142 0
v 0.20528 0.172232 0.846477
vn 0.707072 0.707142 0
v 0.235005 0.123526 0.82104
vn 0.965948 0.258735 0
v 0.235005 0.123526 0.846477
vn 0.965948 0.258735 0
v 0.236394 0.11834 0.846477
vn 0.965948 0.258735 0
v 0.229449 0.144268 0.74473
vn 0.965948 0.258735 0
v 0.230838 0.139083 0.74473
vn 0.965948 0.258735 0
v 0.232227 0.133897 0.795603
vn 0.965948 0.258735 0
v 0.233616 0.128711 0.795603
vn 0.965948 0.258735 0
v 0.232227 0.133897 0.770167
vn 0.965948 0.258735 0
v 0.236394 0.11834 0.795603
vn 0.965948 0.258735 0
v 0.235005 0.123526 0.770167
vn 0.965948 0.258735 0
v 0.235005 0.123526 0.795603
vn 0.965948 0.258735 0
v 0.229449 0.144268 0.89735
vn 0.965948 0.258735 0
v 0.232227 0.133897 0.89735
vn 0.965948 0.258735 0
v 0.230838 0.139083 0.89735
vn 0.965948 0.258735 0
v 0.229449 0.144268 0.846477
vn 0.965948 0.258735 0
v 0.229449 0.144268 0.871914
vn 0.965948 0.258735 0
v 0.235005 0.123526 0.89735
vn 0.965948 0.258735 0
v 0.233616 0.128711 0.89735
vn 0.965948 0.258735 0
v 0.233616 0.128711 0.846477
vn 0.965948 0.258735 0
v 0.235005 0.123526 0.871914
vn 0.965948 0.258735 0
v 0.230838 0.139083 0.795603
vn 0.965948 0.258735 0
v 0.232227 0.133897 0.82104
vn 0.965948 0.258735 0
v 0.229449 0.144268 0.770167
vn 0.965948 0.258735 0
v 0.229449 0.144268 0.82104
vn 0.965948 0.258735 0
v 0.229449 0.144268 0.795603
vn 0.965948 0.258735 0
v 0.232227 0.133897 0.871914
vn 0.965948 0.258735 0
v 0.232227 0.133897 0.846477
vn 0.965948 0.258735 0
v 0.230838 0.139083 0.846477
vn 0.965948 0.258735 0
v 0.197686 0.036112 0.89735
vn 0.675804 -0.737081 0
v 0.197686 0.036112 0.846477
vn 0.675804 -0.737081 0
v 0.197686 0.036112 0.795603
vn 0.675804 -0.737081 0
v 0.197686 0.036112 0.74473
vn 0.675804 -0.737081 0
v 0.156201 0.025 0.89735
vn 0 -1 0
v 0.161387 0.026389 0.871914
vn 0.258735 -0.965948 0
v 0.161387 0.026389 0.89735
vn 0.258735 -0.965948 0
v 0.156201 0.025 0.846477
vn 0 -1 0
v 0.161387 0.026389 0.82104
vn 0.258735 -0.965948 0
v 0.161387 0.026389 0.846477
vn 0.258735 -0.965948 0
v 0.171758 0.029167 0.82104
vn 0.258735 -0.965948 0
v 0.166572 0.027778 0.846477
vn 0.258735 -0.965948 0
v 0.156201 0.025 0.795603
vn 0 -1 0
v 0.161387 0.026389 0.770167
vn 0.258735 -0.965948 0
v 0.161387 0.026389 0.795603
vn 0.258735 -0.965948 0
v 0.156201 0.025 0.74473
vn 0 -1 0
v 0.161387 0.026389 0.74473
vn 0.258735 -0.965948 0
v 0.171758 0.029167 0.74473
vn 0.258735 -0.965948 0
v 0.166572 0.027778 0.74473
vn 0.258735 -0.965948 0
v 0.182129 0.031945 0.74473
vn 0.258735 -0.965948 0
v 0.176944 0.030556 0.74473
vn 0.258735 -0.965948 0
v 0.166572 0.027778 0.795603
vn 0.258735 -0.965948 0
v 0.171758 0.029167 0.770167
vn 0.258735 -0.965948 0
v 0.171758 0.029167 0.795603
vn 0.258735 -0.965948 0
v 0.1925 0.034723 0.922787
vn 0.258735 -0.965948 0
v 0.1925 0.034723 0.89735
vn 0.258735 -0.965948 0
v 0.182129 0.031945 0.922787
vn 0.258735 -0.965948 0
v 0.182129 0.031945 0.89735
vn 0.258735 -0.965948 0
v 0.187315 0.033334 0.89735
vn 0.258735 -0.965948 0
v 0.1925 0.034723 0.846477
vn 0.258735 -0.965948 0
v 0.1925 0.034723 0.871914
vn 0.258735 -0.965948 0
v 0.171758 0.029167 0.922787
vn 0.258735 -0.965948 0
v 0.171758 0.029167 0.89735
vn 0.258735 -0.965948 0
v 0.176944 0.030556 0.89735
vn 0.258735 -0.965948 0
v 0.161387 0.026389 0.922787
vn 0.258735 -0.965948 0
v 0.166572 0.027778 0.89735
vn 0.258735 -0.965948 0
v 0.182129 0.031945 0.871914
vn 0.258735 -0.965948 0
v 0.182129 0.031945 0.846477
vn 0.258735 -0.965948 0
v 0.187315 0.033334 0.846477
vn 0.258735 -0.965948 0
v 0.114715 0.036112 0.89735
vn -0.499969 -0.866043 0
v 0.119901 0.034723 0.871914
vn -0.258729 -0.96595 0
v 0.119901 0.034723 0.89735
vn -0.258729 -0.96595 0
v 0.114715 0.036112 0.846477
vn -0.499969 -0.866043 0
v 0.119901 0.034723 0.82104
vn -0.258729 -0.96595 0
v 0.119901 0.034723 0.846477
vn -0.258729 -0.96595 0
v 0.130272 0.031945 0.82104
vn -0.258729 -0.96595 0
v 0.130272 0.031945 0.846477
vn -0.258729 -0.96595 0
v 0.125087 0.033334 0.846477
vn -0.258729 -0.96595 0
v 0.114715 0.036112 0.795603
vn -0.499969 -0.866043 0
v 0.119901 0.034723 0.770167
vn -0.258729 -0.96595 0
v 0.119901 0.034723 0.795603
vn -0.258729 -0.96595 0
v 0.114715 0.036112 0.74473
vn -0.499969 -0.866043 0
v 0.119901 0.034723 0.74473
vn -0.258729 -0.96595 0
v 0.130272 0.031945 0.74473
vn -0.258729 -0.96595 0
v 0.125087 0.033334 0.74473
vn -0.258729 -0.96595 0
v 0.140644 0.029167 0.74473
vn -0.258729 -0.96595 0
v 0.135458 0.030556 0.74473
vn -0.258729 -0.96595 0
v 0.151015 0.026389 0.74473
vn -0.258729 -0.96595 0
v 0.14583 0.027778 0.74473
vn -0.258729 -0.96595 0
v 0.140644 0.029167 0.795603
vn -0.258729 -0.96595 0
v 0.135458 0.030556 0.795603
vn -0.258729 -0.96595 0
v 0.140644 0.029167 0.770167
vn -0.258729 -0.96595 0
v 0.125087 0.033334 0.795603
vn -0.258729 -0.96595 0
v 0.130272 0.031945 0.770167
vn -0.258729 -0.96595 0
v 0.130272 0.031945 0.795603
vn -0.258729 -0.96595 0
v 0.151015 0.026389 0.922787
vn -0.258729 -0.96595 0
v 0.151015 0.026389 0.89735
vn -0.258729 -0.96595 0
v 0.140644 0.029167 0.922787
vn -0.258729 -0.96595 0
v 0.140644 0.029167 0.89735
vn -0.258729 -0.96595 0
v 0.14583 0.027778 0.89735
vn -0.258729 -0.96595 0
v 0.151015 0.026389 0.846477
vn -0.258729 -0.96595 0
v 0.151015 0.026389 0.871914
vn -0.258729 -0.96595 0
v 0.130272 0.031945 0.922787
vn -0.258729 -0.96595 0
v 0.130272 0.031945 0.89735
vn -0.258729 -0.96595 0
v 0.135458 0.030556 0.89735
vn -0.258729 -0.96595 0
v 0.119901 0.034723 0.922787
vn -0.258729 -0.96595 0
v 0.125087 0.033334 0.89735
vn -0.258729 -0.96595 0
v 0.135458 0.030556 0.846477
vn -0.258729 -0.96595 0
v 0.130272 0.031945 0.871914
vn -0.258729 -0.96595 0
v 0.14583 0.027778 0.795603
vn -0.258729 -0.96595 0
v 0.140644 0.029167 0.82104
vn -0.258729 -0.96595 0
v 0.151015 0.026389 0.770167
vn -0.258729 -0.96595 0
v 0.151015 0.026389 0.82104
vn -0.258729 -0.96595 0
v 0.151015 0.026389 0.795603
vn -0.258729 -0.96595 0
v 0.140644 0.029167 0.871914
vn -0.258729 -0.96595 0
v 0.140644 0.029167 0.846477
vn -0.258729 -0.96595 0
v 0.14583 0.027778 0.846477
vn -0.258729 -0.96595 0
v 0.084341 0.066485 0.89735
vn -0.866029 -0.499994 0
v 0.0881377 0.0626884 0.871914
vn -0.707095 -0.707118 0
v 0.0881377 0.0626884 0.89735
vn -0.707095 -0.707118 0
v 0.084341 0.066485 0.846477
vn -0.866029 -0.499994 0
v 0.0881377 0.0626884 0.82104
vn -0.707095 -0.707118 0
v 0.0881377 0.0626884 0.846477
vn -0.707095 -0.707118 0
v 0.0957312 0.0550951 0.82104
vn -0.707095 -0.707118 0
v 0.0957312 0.0550951 0.846477
vn -0.707095 -0.707118 0
v 0.0919345 0.0588918 0.846477
vn -0.707095 -0.707118 0
v 0.084341 0.066485 0.795603
vn -0.866029 -0.499994 0
v 0.0881377 0.0626884 0.770167
vn -0.707095 -0.707118 0
v 0.0881377 0.0626884 0.795603
vn -0.707095 -0.707118 0
v 0.084341 0.066485 0.74473
vn -0.866029 -0.499994 0
v 0.0881377 0.0626884 0.74473
vn -0.707095 -0.707118 0
v 0.0957312 0.0550951 0.74473
vn -0.707095 -0.707118 0
v 0.0919345 0.0588918 0.74473
vn -0.707095 -0.707118 0
v 0.103325 0.0475019 0.74473
vn -0.707095 -0.707118 0
v 0.099528 0.0512985 0.74473
vn -0.707095 -0.707118 0
v 0.110918 0.0399086 0.74473
vn -0.707095 -0.707118 0
v 0.107122 0.0437053 0.74473
vn -0.707095 -0.707118 0
v 0.103325 0.0475019 0.795603
vn -0.707095 -0.707118 0
v 0.099528 0.0512985 0.795603
vn -0.707095 -0.707118 0
v 0.103325 0.0475019 0.770167
vn -0.707095 -0.707118 0
v 0.0919345 0.0588918 0.795603
vn -0.707095 -0.707118 0
v 0.0957312 0.0550951 0.770167
vn -0.707095 -0.707118 0
v 0.0957312 0.0550951 0.795603
vn -0.707095 -0.707118 0
v 0.110918 0.0399086 0.922787
vn -0.707095 -0.707118 0
v 0.110918 0.0399086 0.89735
vn -0.707095 -0.707118 0
v 0.103325 0.0475019 0.922787
vn -0.707095 -0.707118 0
v 0.103325 0.0475019 0.89735
vn -0.707095 -0.707118 0
v 0.107122 0.0437053 0.89735
vn -0.707095 -0.707118 0
v 0.110918 0.0399086 0.846477
vn -0.707095 -0.707118 0
v 0.110918 0.0399086 0.871914
vn -0.707095 -0.707118 0
v 0.0957312 0.0550951 0.922787
vn -0.707095 -0.707118 0
v 0.0957312 0.0550951 0.89735
vn -0.707095 -0.707118 0
v 0.099528 0.0512985 0.89735
vn -0.707095 -0.707118 0
v 0.0881377 0.0626884 0.922787
vn -0.707095 -0.707118 0
v 0.0919345 0.0588918 0.89735
vn -0.707095 -0.707118 0
v 0.099528 0.0512985 0.846477
vn -0.707095 -0.707118 0
v 0.0957312 0.0550951 0.871914
vn -0.707095 -0.707118 0
v 0.107122 0.0437053 0.795603
vn -0.707095 -0.707118 0
v 0.103325 0.0475019 0.82104
vn -0.707095 -0.707118 0
v 0.110918 0.0399086 0.770167
vn -0.707095 -0.707118 0
v 0.110918 0.0399086 0.82104
vn -0.707095 -0.707118 0
v 0.110918 0.0399086 0.795603
vn -0.707095 -0.707118 0
v 0.103325 0.0475019 0.871914
vn -0.707095 -0.707118 0
v 0.103325 0.0475019 0.846477
vn -0.707095 -0.707118 0
v 0.107122 0.0437053 0.846477
vn -0.707095 -0.707118 0
v 0.073229 0.107969 0.89735
vn -1 0 0
v 0.074618 0.102784 0.871914
vn -0.965947 -0.258741 0
v 0.074618 0.102784 0.89735
vn -0.965947 -0.258741 0
v 0.073229 0.107969 0.846477
vn -1 0 0
v 0.074618 0.102784 0.82104
vn -0.965947 -0.258741 0
v 0.074618 0.102784 0.846477
vn -0.965947 -0.258741 0
v 0.077396 0.0924125 0.82104
vn -0.965947 -0.258741 0
v 0.077396 0.0924125 0.846477
vn -0.965947 -0.258741 0
v 0.076007 0.097598 0.846477
vn -0.965947 -0.258741 0
v 0.073229 0.107969 0.795603
vn -1 0 0
v 0.074618 0.102784 0.770167
vn -0.965947 -0.258741 0
v 0.074618 0.102784 0.795603
vn -0.965947 -0.258741 0
v 0.073229 0.107969 0.74473
vn -1 0 0
v 0.074618 0.102784 0.74473
vn -0.965947 -0.258741 0
v 0.077396 0.0924125 0.74473
vn -0.965947 -0.258741 0
v 0.076007 0.097598 0.74473
vn -0.965947 -0.258741 0
v 0.080174 0.0820415 0.74473
vn -0.965947 -0.258741 0
v 0.078785 0.087227 0.74473
vn -0.965947 -0.258741 0
v 0.082952 0.0716705 0.74473
vn -0.965947 -0.258741 0
v 0.081563 0.076856 0.74473
vn -0.965947 -0.258741 0
v 0.080174 0.0820415 0.795603
vn -0.965947 -0.258741 0
v 0.078785 0.087227 0.795603
vn -0.965947 -0.258741 0
v 0.080174 0.0820415 0.770167
vn -0.965947 -0.258741 0
v 0.076007 0.097598 0.795603
vn -0.965947 -0.258741 0
v 0.077396 0.0924125 0.770167
vn -0.965947 -0.258741 0
v 0.077396 0.0924125 0.795603
vn -0.965947 -0.258741 0
v 0.082952 0.0716705 0.922787
vn -0.965947 -0.258741 0
v 0.082952 0.0716705 0.89735
vn -0.965947 -0.258741 0
v 0.080174 0.0820415 0.922787
vn -0.965947 -0.258741 0
v 0.080174 0.0820415 0.89735
vn -0.965947 -0.258741 0
v 0.081563 0.076856 0.89735
vn -0.965947 -0.258741 0
v 0.082952 0.0716705 0.846477
vn -0.965947 -0.258741 0
v 0.082952 0.0716705 0.871914
vn -0.965947 -0.258741 0
v 0.077396 0.0924125 0.922787
vn -0.965947 -0.258741 0
v 0.077396 0.0924125 0.89735
vn -0.965947 -0.258741 0
v 0.078785 0.087227 0.89735
vn -0.965947 -0.258741 0
v 0.074618 0.102784 0.922787
vn -0.965947 -0.258741 0
v 0.076007 0.097598 0.89735
vn -0.965947 -0.258741 0
v 0.078785 0.087227 0.846477
vn -0.965947 -0.258741 0
v 0.077396 0.0924125 0.871914
vn -0.965947 -0.258741 0
v 0.081563 0.076856 0.795603
vn -0.965947 -0.258741 0
v 0.080174 0.0820415 0.82104
vn -0.965947 -0.258741 0
v 0.082952 0.0716705 0.770167
vn -0.965947 -0.258741 0
v 0.082952 0.0716705 0.82104
vn -0.965947 -0.258741 0
v 0.082952 0.0716705 0.795603
vn -0.965947 -0.258741 0
v 0.080174 0.0820415 0.871914
vn -0.965947 -0.258741 0
v 0.080174 0.0820415 0.846477
vn -0.965947 -0.258741 0
v 0.081563 0.076856 0.846477
vn -0.965947 -0.258741 0
v 0.082952 0.144268 0.74473
vn -0.965948 0.258735 0
v 0.080174 0.133897 0.74473
vn -0.965948 0.258735 0
v 0.081563 0.139083 0.74473
vn -0.965948 0.258735 0
v 0.077396 0.123526 0.74473
vn -0.965948 0.258735 0
v 0.078785 0.128711 0.74473
vn -0.965948 0.258735 0
v 0.076007 0.11834 0.74473
vn -0.965948 0.258735 0
v 0.074618 0.113155 0.89735
vn -0.965948 0.258735 0
v 0.077396 0.123526 0.89735
vn -0.965948 0.258735 0
v 0.076007 0.11834 0.89735
vn -0.965948 0.258735 0
v 0.074618 0.113155 0.846477
vn -0.965948 0.258735 0
v 0.074618 0.113155 0.871914
vn -0.965948 0.258735 0
v 0.080174 0.133897 0.89735
vn -0.965948 0.258735 0
v 0.078785 0.128711 0.89735
vn -0.965948 0.258735 0
v 0.076007 0.11834 0.795603
vn -0.965948 0.258735 0
v 0.074618 0.113155 0.770167
vn -0.965948 0.258735 0
v 0.074618 0.113155 0.82104
vn -0.965948 0.258735 0
v 0.074618 0.113155 0.795603
vn -0.965948 0.258735 0
v 0.077396 0.123526 0.871914
vn -0.965948 0.258735 0
v 0.077396 0.123526 0.846477
vn -0.965948 0.258735 0
v 0.076007 0.11834 0.846477
vn -0.965948 0.258735 0
v 0.114715 0.179825 0.89735
vn -0.499951 0.866054 0
v 0.110918 0.176029 0.871914
vn -0.707072 0.707142 0
v 0.110918 0.176029 0.89735
vn -0.707072 0.707142 0
v 0.114715 0.179825 0.846477
vn -0.499951 0.866054 0
v 0.110918 0.176029 0.82104
vn -0.707072 0.707142 0
v 0.110918 0.176029 0.846477
vn -0.707072 0.707142 0
v 0.103325 0.168436 0.82104
vn -0.707072 0.707142 0
v 0.103325 0.168436 0.846477
vn -0.707072 0.707142 0
v 0.107122 0.172232 0.846477
vn -0.707072 0.707142 0
v 0.114715 0.179825 0.795603
vn -0.499951 0.866054 0
v 0.110918 0.176029 0.770167
vn -0.707072 0.707142 0
v 0.110918 0.176029 0.795603
vn -0.707072 0.707142 0
v 0.114715 0.179825 0.74473
vn -0.499951 0.866054 0
v 0.110918 0.176029 0.74473
vn -0.707072 0.707142 0
v 0.103325 0.168436 0.74473
vn -0.707072 0.707142 0
v 0.107122 0.172232 0.74473
vn -0.707072 0.707142 0
v 0.0957312 0.160843 0.74473
vn -0.707072 0.707142 0
v 0.099528 0.164639 0.74473
vn -0.707072 0.707142 0
v 0.0881377 0.15325 0.74473
vn -0.707072 0.707142 0
v 0.0919345 0.157047 0.74473
vn -0.707072 0.707142 0
v 0.0957312 0.160843 0.795603
vn -0.707072 0.707142 0
v 0.099528 0.164639 0.795603
vn -0.707072 0.707142 0
v 0.0957312 0.160843 0.770167
vn -0.707072 0.707142 0
v 0.107122 0.172232 0.795603
vn -0.707072 0.707142 0
v 0.103325 0.168436 0.770167
vn -0.707072 0.707142 0
v 0.103325 0.168436 0.795603
vn -0.707072 0.707142 0
v 0.103325 0.168436 0.89735
vn -0.707072 0.707142 0
v 0.107122 0.172232 0.89735
vn -0.707072 0.707142 0
v 0.099528 0.164639 0.846477
vn -0.707072 0.707142 0
v 0.103325 0.168436 0.871914
vn -0.707072 0.707142 0
v 0.0919345 0.157047 0.795603
vn -0.707072 0.707142 0
v 0.0957312 0.160843 0.82104
vn -0.707072 0.707142 0
v 0.0881377 0.15325 0.770167
vn -0.707072 0.707142 0
v 0.0957312 0.160843 0.871914
vn -0.707072 0.707142 0
v 0.0957312 0.160843 0.846477
vn -0.707072 0.707142 0
v 0.0919345 0.157047 0.846477
vn -0.707072 0.707142 0
v 0.151015 0.189548 0.871914
vn -0.258729 0.96595 0
v 0.151015 0.189548 0.89735
vn -0.258729 0.96595 0
v 0.151015 0.189548 0.82104
vn -0.258729 0.96595 0
v 0.151015 0.189548 0.846477
vn -0.258729 0.96595 0
v 0.140644 0.18677 0.82104
vn -0.258729 0.96595 0
v 0.140644 0.18677 0.846477
vn -0.258729 0.96595 0
v 0.14583 0.188159 0.846477
vn -0.258729 0.96595 0
v 0.151015 0.189548 0.770167
vn -0.258729 0.96595 0
v 0.151015 0.189548 0.795603
vn -0.258729 0.96595 0
v 0.151015 0.189548 0.74473
vn -0.258729 0.96595 0
v 0.140644 0.18677 0.74473
vn -0.258729 0.96595 0
v 0.14583 0.188159 0.74473
vn -0.258729 0.96595 0
v 0.130272 0.183992 0.74473
vn -0.258729 0.96595 0
v 0.135458 0.185381 0.74473
vn -0.258729 0.96595 0
v 0.119901 0.181214 0.74473
vn -0.258729 0.96595 0
v 0.125087 0.182603 0.74473
vn -0.258729 0.96595 0
v 0.130272 0.183992 0.795603
vn -0.258729 0.96595 0
v 0.135458 0.185381 0.795603
vn -0.258729 0.96595 0
v 0.130272 0.183992 0.770167
vn -0.258729 0.96595 0
v 0.14583 0.188159 0.795603
vn -0.258729 0.96595 0
v 0.140644 0.18677 0.770167
vn -0.258729 0.96595 0
v 0.140644 0.18677 0.795603
vn -0.258729 0.96595 0
v 0.119901 0.181214 0.922787
vn -0.258729 0.96595 0
v 0.119901 0.181214 0.89735
vn -0.258729 0.96595 0
v 0.130272 0.183992 0.922787
vn -0.258729 0.96595 0
v 0.130272 0.183992 0.89735
vn -0.258729 0.96595 0
v 0.125087 0.182603 0.89735
vn -0.258729 0.96595 0
v 0.119901 0.181214 0.846477
vn -0.258729 0.96595 0
v 0.119901 0.181214 0.871914
vn -0.258729 0.96595 0
v 0.140644 0.18677 0.922787
vn -0.258729 0.96595 0
v 0.140644 0.18677 0.89735
vn -0.258729 0.96595 0
v 0.135458 0.185381 0.89735
vn -0.258729 0.96595 0
v 0.151015 0.189548 0.922787
vn -0.258729 0.96595 0
v 0.14583 0.188159 0.89735
vn -0.258729 0.96595 0
v 0.135458 0.185381 0.846477
vn -0.258729 0.96595 0
v 0.140644 0.18677 0.871914
vn -0.258729 0.96595 0
v 0.125087 0.182603 0.795603
vn -0.258729 0.96595 0
v 0.130272 0.183992 0.82104
vn -0.258729 0.96595 0
v 0.119901 0.181214 0.770167
vn -0.258729 0.96595 0
v 0.119901 0.181214 0.82104
vn -0.258729 0.96595 0
v 0.119901 0.181214 0.795603
vn -0.258729 0.96595 0
v 0.130272 0.183992 0.871914
vn -0.258729 0.96595 0
v 0.130272 0.183992 0.846477
vn -0.258729 0.96595 0
v 0.125087 0.182603 0.846477
vn -0.258729 0.96595 0
v 0.025 0.588578 0.651015
vn -0.677435 0.735583 0
v 0.025 0.588578 0.728664
vn -0.677435 0.735583 0
v 0.025 0.588578 0.806313
vn -0.677435 0.735583 0
v 0.025 0.588578 0.883962
vn -0.677435 0.735583 0
v 0.025 0.505241 0.922787
vn -0.921186 0 0.389123
v 0.025 0.394125 0.922787
vn -0.921186 0 0.389123
v 0.025 0.449683 0.922787
vn -0.921186 0 0.389123
v 0.25555 0.580567 0.025
vn 0.947734 0.273075 -0.165013
v 0.266797 0.528523 0.025
vn 0.74457 -0.214545 -0.632128
v 0.263048 0.515512 0.025
vn 0.74457 -0.214545 -0.632128
v 0.259299 0.502501 0.025
vn 0.74457 -0.214545 -0.632128
v 0.25555 0.48949 0.025
vn 0.74457 -0.214545 -0.632128
v 0.24852 0.478214 0.025
vn 0.209165 -0.226 -0.951406
v 0.23821 0.468672 0.025
vn 0.209165 -0.226 -0.951406
v 0.227901 0.459131 0.025
vn 0.209165 -0.226 -0.951406
v 0.217591 0.449589 0.025
vn 0.209165 -0.226 -0.951406
v 0.0948101 0.449589 0.025
vn -0.34136 -0.368836 -0.864542
v 0.0845004 0.459131 0.025
vn -0.00600457 -0.00648787 -0.999961
v 0.0741906 0.468672 0.025
vn -0.0528102 -0.0570608 -0.996973
v 0.0638809 0.478214 0.025
vn -0.0528102 -0.0570608 -0.996973
v 0.0568515 0.48949 0.025
vn -0.0833205 -0.0240085 -0.996234
v 0.0531025 0.502501 0.025
vn -0.0833205 -0.0240085 -0.996234
v 0.0493535 0.515512 0.025
vn -0.0833205 -0.0240085 -0.996234
v 0.0456045 0.528523 0.025
vn -0.0833205 -0.0240085 -0.996234
v 0.0456045 0.541534 0.025
vn -0.113306 0.0326473 -0.993024
v 0.0493535 0.554545 0.025
vn -0.113306 0.0326473 -0.993024
v 0.0531025 0.567556 0.025
vn -0.113306 0.0326473 -0.993024
v 0.0568515 0.580567 0.025
vn -0.113306 0.0326473 -0.993024
v 0.268671 0.535028 0.176982
vn 0.971542 0.236869 0
v 0.268671 0.535028 0.133559
vn 0.972664 0.232215 0
v 0.268671 0.535028 0.0901353
vn 0.972664 0.232215 0
v 0.268671 0.535028 0.0467118
vn 0.972664 0.232215 0
v 0.253675 0.482985 0.176982
vn 0.848616 -0.529009 0
v 0.25555 0.48949 0.155271
vn 0.960904 -0.276881 0
v 0.25555 0.48949 0.176982
vn 0.960904 -0.276881 0
v 0.253675 0.482985 0.133559
vn 0.848616 -0.529009 0
v 0.25555 0.48949 0.111847
vn 0.960904 -0.276881 0
v 0.25555 0.48949 0.133559
vn 0.960904 -0.276881 0
v 0.259299 0.502501 0.111847
vn 0.960904 -0.276881 0
v 0.259299 0.502501 0.133559
vn 0.960904 -0.276881 0
v 0.257424 0.495996 0.133559
vn 0.960904 -0.276881 0
v 0.253675 0.482985 0.0901353
vn 0.848616 -0.529009 0
v 0.25555 0.48949 0.0684235
vn 0.960904 -0.276881 0
v 0.25555 0.48949 0.0901353
vn 0.960904 -0.276881 0
v 0.253675 0.482985 0.0467118
vn 0.848616 -0.529009 0
v 0.25555 0.48949 0.0467118
vn 0.960904 -0.276881 0
v 0.259299 0.502501 0.0467118
vn 0.960904 -0.276881 0
v 0.257424 0.495996 0.0467118
vn 0.960904 -0.276881 0
v 0.263048 0.515512 0.0467118
vn 0.960904 -0.276881 0
v 0.261173 0.509006 0.0467118
vn 0.960904 -0.276881 0
v 0.266797 0.528523 0.0467118
vn 0.960904 -0.276881 0
v 0.264922 0.522017 0.0467118
vn 0.960904 -0.276881 0
v 0.263048 0.515512 0.0901353
vn 0.960904 -0.276881 0
v 0.261173 0.509006 0.0901353
vn 0.960904 -0.276881 0
v 0.263048 0.515512 0.0684235
vn 0.960904 -0.276881 0
v 0.257424 0.495996 0.0901353
vn 0.960904 -0.276881 0
v 0.259299 0.502501 0.0684235
vn 0.960904 -0.276881 0
v 0.259299 0.502501 0.0901353
vn 0.960904 -0.276881 0
v 0.266797 0.528523 0.198694
vn 0.960904 -0.276881 0
v 0.266797 0.528523 0.176982
vn 0.960904 -0.276881 0
v 0.263048 0.515512 0.198694
vn 0.960904 -0.276881 0
v 0.263048 0.515512 0.176982
vn 0.960904 -0.276881 0
v 0.264922 0.522017 0.176982
vn 0.960904 -0.276881 0
v 0.266797 0.528523 0.133559
vn 0.960904 -0.276881 0
v 0.266797 0.528523 0.155271
vn 0.960904 -0.276881 0
v 0.259299 0.502501 0.198694
vn 0.960904 -0.276881 0
v 0.259299 0.502501 0.176982
vn 0.960904 -0.276881 0
v 0.261173 0.509006 0.176982
vn 0.960904 -0.276881 0
v 0.25555 0.48949 0.198694
vn 0.960904 -0.276881 0
v 0.257424 0.495996 0.176982
vn 0.960904 -0.276881 0
v 0.261173 0.509006 0.133559
vn 0.960904 -0.276881 0
v 0.259299 0.502501 0.155271
vn 0.960904 -0.276881 0
v 0.264922 0.522017 0.0901353
vn 0.960904 -0.276881 0
v 0.263048 0.515512 0.111847
vn 0.960904 -0.276881 0
v 0.266797 0.528523 0.0684235
vn 0.960904 -0.276881 0
v 0.266797 0.528523 0.111847
vn 0.960904 -0.276881 0
v 0.266797 0.528523 0.0901353
vn 0.960904 -0.276881 0
v 0.263048 0.515512 0.155271
vn 0.960904 -0.276881 0
v 0.263048 0.515512 0.133559
vn 0.960904 -0.276881 0
v 0.264922 0.522017 0.133559
vn 0.960904 -0.276881 0
v 0.212436 0.444818 0.176982
vn 0.471003 -0.882132 0
v 0.217591 0.449589 0.155271
vn 0.679243 -0.733914 0
v 0.217591 0.449589 0.176982
vn 0.679243 -0.733914 0
v 0.212436 0.444818 0.133559
vn 0.471003 -0.882132 0
v 0.217591 0.449589 0.111847
vn 0.679243 -0.733914 0
v 0.217591 0.449589 0.133559
vn 0.679243 -0.733914 0
v 0.227901 0.459131 0.111847
vn 0.679243 -0.733914 0
v 0.227901 0.459131 0.133559
vn 0.679243 -0.733914 0
v 0.222746 0.45436 0.133559
vn 0.679243 -0.733914 0
v 0.212436 0.444818 0.0901353
vn 0.471003 -0.882132 0
v 0.217591 0.449589 0.0684235
vn 0.679243 -0.733914 0
v 0.217591 0.449589 0.0901353
vn 0.679243 -0.733914 0
v 0.212436 0.444818 0.0467118
vn 0.27892 -0.960314 0
v 0.217591 0.449589 0.0467118
vn 0.679243 -0.733914 0
v 0.227901 0.459131 0.0467118
vn 0.679243 -0.733914 0
v 0.222746 0.45436 0.0467118
vn 0.679243 -0.733914 0
v 0.23821 0.468672 0.0467118
vn 0.679243 -0.733914 0
v 0.233056 0.463901 0.0467118
vn 0.679243 -0.733914 0
v 0.24852 0.478214 0.0467118
vn 0.679243 -0.733914 0
v 0.243365 0.473443 0.0467118
vn 0.679243 -0.733914 0
v 0.23821 0.468672 0.0901353
vn 0.679243 -0.733914 0
v 0.233056 0.463901 0.0901353
vn 0.679243 -0.733914 0
v 0.23821 0.468672 0.0684235
vn 0.679243 -0.733914 0
v 0.222746 0.45436 0.0901353
vn 0.679243 -0.733914 0
v 0.227901 0.459131 0.0684235
vn 0.679243 -0.733914 0
v 0.227901 0.459131 0.0901353
vn 0.679243 -0.733914 0
v 0.24852 0.478214 0.198694
vn 0.679243 -0.733914 0
v 0.24852 0.478214 0.176982
vn 0.679243 -0.733914 0
v 0.23821 0.468672 0.198694
vn 0.679243 -0.733914 0
v 0.23821 0.468672 0.176982
vn 0.679243 -0.733914 0
v 0.243365 0.473443 0.176982
vn 0.679243 -0.733914 0
v 0.24852 0.478214 0.133559
vn 0.679243 -0.733914 0
v 0.24852 0.478214 0.155271
vn 0.679243 -0.733914 0
v 0.227901 0.459131 0.198694
vn 0.679243 -0.733914 0
v 0.227901 0.459131 0.176982
vn 0.679243 -0.733914 0
v 0.233056 0.463901 0.176982
vn 0.679243 -0.733914 0
v 0.217591 0.449589 0.198694
vn 0.679243 -0.733914 0
v 0.222746 0.45436 0.176982
vn 0.679243 -0.733914 0
v 0.233056 0.463901 0.133559
vn 0.679243 -0.733914 0
v 0.227901 0.459131 0.155271
vn 0.679243 -0.733914 0
v 0.243365 0.473443 0.0901353
vn 0.679243 -0.733914 0
v 0.23821 0.468672 0.111847
vn 0.679243 -0.733914 0
v 0.24852 0.478214 0.0684235
vn 0.679243 -0.733914 0
v 0.24852 0.478214 0.111847
vn 0.679243 -0.733914 0
v 0.24852 0.478214 0.0901353
vn 0.679243 -0.733914 0
v 0.23821 0.468672 0.155271
vn 0.679243 -0.733914 0
v 0.23821 0.468672 0.133559
vn 0.679243 -0.733914 0
v 0.243365 0.473443 0.133559
vn 0.679243 -0.733914 0
v 0.205407 0.443083 0.198694
vn 0.239597 -0.970872 0
v 0.205407 0.443083 0.176982
vn 0.239597 -0.970872 0
v 0.191348 0.439614 0.198694
vn 0.239597 -0.970872 0
v 0.191348 0.439614 0.176982
vn 0.239597 -0.970872 0
v 0.198377 0.441348 0.176982
vn 0.239597 -0.970872 0
v 0.205407 0.443083 0.133559
vn 0.239597 -0.970872 0
v 0.205407 0.443083 0.155271
vn 0.239597 -0.970872 0
v 0.177289 0.436144 0.198694
vn 0.239597 -0.970872 0
v 0.177289 0.436144 0.176982
vn 0.239597 -0.970872 0
v 0.184319 0.437879 0.176982
vn 0.239597 -0.970872 0
v 0.16323 0.432675 0.198694
vn 0.239597 -0.970872 0
v 0.17026 0.434409 0.176982
vn 0.239597 -0.970872 0
v 0.184319 0.437879 0.133559
vn 0.239597 -0.970872 0
v 0.177289 0.436144 0.155271
vn 0.239597 -0.970872 0
v 0.198377 0.441348 0.0901353
vn 0.239597 -0.970872 0
v 0.191348 0.439614 0.111847
vn 0.239597 -0.970872 0
v 0.205407 0.443083 0.111847
vn 0.239597 -0.970872 0
v 0.205407 0.443083 0.0901353
vn 0.239597 -0.970872 0
v 0.191348 0.439614 0.155271
vn 0.239597 -0.970872 0
v 0.191348 0.439614 0.133559
vn 0.239597 -0.970872 0
v 0.198377 0.441348 0.133559
vn 0.239597 -0.970872 0
v 0.099965 0.444818 0.176982
vn -0.278915 -0.960316 0
v 0.099965 0.444818 0.133559
vn -0.278915 -0.960316 0
v 0.099965 0.444818 0.0901353
vn -0.278915 -0.960316 0
v 0.099965 0.444818 0.0467118
vn -0.278915 -0.960316 0
v 0.149172 0.432675 0.198694
vn -0.239593 -0.970873 0
v 0.135113 0.436144 0.198694
vn -0.239593 -0.970873 0
v 0.121054 0.439614 0.198694
vn -0.239593 -0.970873 0
v 0.106994 0.443083 0.198694
vn -0.239593 -0.970873 0
v 0.058726 0.482985 0.176982
vn -0.848616 -0.529009 0
v 0.0638809 0.478214 0.155271
vn -0.679243 -0.733914 0
v 0.0638809 0.478214 0.176982
vn -0.679243 -0.733914 0
v 0.058726 0.482985 0.133559
vn -0.848616 -0.529009 0
v 0.0638809 0.478214 0.111847
vn -0.679243 -0.733914 0
v 0.0638809 0.478214 0.133559
vn -0.679243 -0.733914 0
v 0.0741906 0.468672 0.111847
vn -0.679243 -0.733914 0
v 0.0741906 0.468672 0.133559
vn -0.679243 -0.733914 0
v 0.0690358 0.473443 0.133559
vn -0.679243 -0.733914 0
v 0.058726 0.482985 0.0901353
vn -0.848616 -0.529009 0
v 0.0638809 0.478214 0.0684235
vn -0.679243 -0.733914 0
v 0.0638809 0.478214 0.0901353
vn -0.679243 -0.733914 0
v 0.058726 0.482985 0.0467118
vn -0.848616 -0.529009 0
v 0.0638809 0.478214 0.0467118
vn -0.679243 -0.733914 0
v 0.0741906 0.468672 0.0467118
vn -0.679243 -0.733914 0
v 0.0690358 0.473443 0.0467118
vn -0.679243 -0.733914 0
v 0.0845004 0.459131 0.0467118
vn -0.679243 -0.733914 0
v 0.0793455 0.463901 0.0467118
vn -0.679243 -0.733914 0
v 0.0948101 0.449589 0.0467118
vn -0.679243 -0.733914 0
v 0.0896552 0.45436 0.0467118
vn -0.679243 -0.733914 0
v 0.0845004 0.459131 0.0901353
vn -0.679243 -0.733914 0
v 0.0793455 0.463901 0.0901353
vn -0.679243 -0.733914 0
v 0.0845004 0.459131 0.0684235
vn -0.679243 -0.733914 0
v 0.0690358 0.473443 0.0901353
vn -0.679243 -0.733914 0
v 0.0741906 0.468672 0.0684235
vn -0.679243 -0.733914 0
v 0.0741906 0.468672 0.0901353
vn -0.679243 -0.733914 0
v 0.0948101 0.449589 0.198694
vn -0.679243 -0.733914 0
v 0.0948101 0.449589 0.176982
vn -0.679243 -0.733914 0
v 0.0845004 0.459131 0.198694
vn -0.679243 -0.733914 0
v 0.0845004 0.459131 0.176982
vn -0.679243 -0.733914 0
v 0.0896552 0.45436 0.176982
vn -0.679243 -0.733914 0
v 0.0948101 0.449589 0.133559
vn -0.679243 -0.733914 0
v 0.0948101 0.449589 0.155271
vn -0.679243 -0.733914 0
v 0.0741906 0.468672 0.198694
vn -0.679243 -0.733914 0
v 0.0741906 0.468672 0.176982
vn -0.679243 -0.733914 0
v 0.0793455 0.463901 0.176982
vn -0.679243 -0.733914 0
v 0.0638809 0.478214 0.198694
vn -0.679243 -0.733914 0
v 0.0690358 0.473443 0.176982
vn -0.679243 -0.733914 0
v 0.0793455 0.463901 0.133559
vn -0.679243 -0.733914 0
v 0.0741906 0.468672 0.155271
vn -0.679243 -0.733914 0
v 0.0896552 0.45436 0.0901353
vn -0.679243 -0.733914 0
v 0.0845004 0.459131 0.111847
vn -0.679243 -0.733914 0
v 0.0948101 0.449589 0.0684235
vn -0.679243 -0.733914 0
v 0.0948101 0.449589 0.111847
vn -0.679243 -0.733914 0
v 0.0948101 0.449589 0.0901353
vn -0.679243 -0.733914 0
v 0.0845004 0.459131 0.155271
vn -0.679243 -0.733914 0
v 0.0845004 0.459131 0.133559
vn -0.679243 -0.733914 0
v 0.0896552 0.45436 0.133559
vn -0.679243 -0.733914 0
v 0.04373 0.535028 0.176982
vn -1 0 0
v 0.0456045 0.528523 0.155271
vn -0.960904 -0.276881 0
v 0.0456045 0.528523 0.176982
vn -0.960904 -0.276881 0
v 0.04373 0.535028 0.133559
vn -1 0 0
v 0.0456045 0.528523 0.111847
vn -0.960904 -0.276881 0
v 0.0456045 0.528523 0.133559
vn -0.960904 -0.276881 0
v 0.0493535 0.515512 0.111847
vn -0.960904 -0.276881 0
v 0.0493535 0.515512 0.133559
vn -0.960904 -0.276881 0
v 0.047479 0.522017 0.133559
vn -0.960904 -0.276881 0
v 0.04373 0.535028 0.0901353
vn -1 0 0
v 0.0456045 0.528523 0.0684235
vn -0.960904 -0.276881 0
v 0.0456045 0.528523 0.0901353
vn -0.960904 -0.276881 0
v 0.04373 0.535028 0.0467118
vn -1 0 0
v 0.0456045 0.528523 0.0467118
vn -0.960904 -0.276881 0
v 0.0493535 0.515512 0.0467118
vn -0.960904 -0.276881 0
v 0.047479 0.522017 0.0467118
vn -0.960904 -0.276881 0
v 0.0531025 0.502501 0.0467118
vn -0.960904 -0.276881 0
v 0.051228 0.509006 0.0467118
vn -0.960904 -0.276881 0
v 0.0568515 0.48949 0.0467118
vn -0.960904 -0.276881 0
v 0.054977 0.495996 0.0467118
vn -0.960904 -0.276881 0
v 0.0531025 0.502501 0.0901353
vn -0.960904 -0.276881 0
v 0.051228 0.509006 0.0901353
vn -0.960904 -0.276881 0
v 0.0531025 0.502501 0.0684235
vn -0.960904 -0.276881 0
v 0.047479 0.522017 0.0901353
vn -0.960904 -0.276881 0
v 0.0493535 0.515512 0.0684235
vn -0.960904 -0.276881 0
v 0.0493535 0.515512 0.0901353
vn -0.960904 -0.276881 0
v 0.0568515 0.48949 0.198694
vn -0.960904 -0.276881 0
v 0.0568515 0.48949 0.176982
vn -0.960904 -0.276881 0
v 0.0531025 0.502501 0.198694
vn -0.960904 -0.276881 0
v 0.0531025 0.502501 0.176982
vn -0.960904 -0.276881 0
v 0.054977 0.495996 0.176982
vn -0.960904 -0.276881 0
v 0.0568515 0.48949 0.133559
vn -0.960904 -0.276881 0
v 0.0568515 0.48949 0.155271
vn -0.960904 -0.276881 0
v 0.0493535 0.515512 0.198694
vn -0.960904 -0.276881 0
v 0.0493535 0.515512 0.176982
vn -0.960904 -0.276881 0
v 0.051228 0.509006 0.176982
vn -0.960904 -0.276881 0
v 0.0456045 0.528523 0.198694
vn -0.960904 -0.276881 0
v 0.047479 0.522017 0.176982
vn -0.960904 -0.276881 0
v 0.051228 0.509006 0.133559
vn -0.960904 -0.276881 0
v 0.0493535 0.515512 0.155271
vn -0.960904 -0.276881 0
v 0.054977 0.495996 0.0901353
vn -0.960904 -0.276881 0
v 0.0531025 0.502501 0.111847
vn -0.960904 -0.276881 0
v 0.0568515 0.48949 0.0684235
vn -0.960904 -0.276881 0
v 0.0568515 0.48949 0.111847
vn -0.960904 -0.276881 0
v 0.0568515 0.48949 0.0901353
vn -0.960904 -0.276881 0
v 0.0531025 0.502501 0.155271
vn -0.960904 -0.276881 0
v 0.0531025 0.502501 0.133559
vn -0.960904 -0.276881 0
v 0.054977 0.495996 0.133559
vn -0.960904 -0.276881 0
v 0.0568515 0.580567 0.155271
vn -0.960907 0.276871 0
v 0.058726 0.587073 0.133559
vn -0.710394 0.703804 0
v 0.0568515 0.580567 0.111847
vn -0.960907 0.276871 0
v 0.0568515 0.580567 0.133559
vn -0.960907 0.276871 0
v 0.0531025 0.567556 0.111847
vn -0.960907 0.276871 0
v 0.0531025 0.567556 0.133559
vn -0.960907 0.276871 0
v 0.054977 0.574062 0.133559
vn -0.960907 0.276871 0
v 0.058726 0.587073 0.0847073
vn -0.713505 0.70065 0
v 0.0568515 0.580567 0.0684235
vn -0.960907 0.276871 0
v 0.0568515 0.580567 0.0901353
vn -0.960907 0.276871 0
v 0.058726 0.587073 0.0412838
vn -0.713505 0.70065 0
v 0.0568515 0.580567 0.0467118
vn -0.960907 0.276871 0
v 0.0531025 0.567556 0.0467118
vn -0.960907 0.276871 0
v 0.054977 0.574062 0.0467118
vn -0.960907 0.276871 0
v 0.0493535 0.554545 0.0467118
vn -0.960907 0.276871 0
v 0.051228 0.561051 0.0467118
vn -0.960907 0.276871 0
v 0.0456045 0.541534 0.0467118
vn -0.960907 0.276871 0
v 0.047479 0.548039 0.0467118
vn -0.960907 0.276871 0
v 0.0493535 0.554545 0.0901353
vn -0.960907 0.276871 0
v 0.051228 0.561051 0.0901353
vn -0.960907 0.276871 0
v 0.0493535 0.554545 0.0684235
vn -0.960907 0.276871 0
v 0.054977 0.574062 0.0901353
vn -0.960907 0.276871 0
v 0.0531025 0.567556 0.0684235
vn -0.960907 0.276871 0
v 0.0531025 0.567556 0.0901353
vn -0.960907 0.276871 0
v 0.0456045 0.541534 0.198694
vn -0.960907 0.276871 0
v 0.0456045 0.541534 0.176982
vn -0.960907 0.276871 0
v 0.0493535 0.554545 0.198694
vn -0.960907 0.276871 0
v 0.0493535 0.554545 0.176982
vn -0.960907 0.276871 0
v 0.047479 0.548039 0.176982
vn -0.960907 0.276871 0
v 0.0456045 0.541534 0.133559
vn -0.960907 0.276871 0
v 0.0456045 0.541534 0.155271
vn -0.960907 0.276871 0
v 0.0531025 0.567556 0.198694
vn -0.960907 0.276871 0
v 0.0531025 0.567556 0.176982
vn -0.960907 0.276871 0
v 0.051228 0.561051 0.176982
vn -0.960907 0.276871 0
v 0.0568515 0.580567 0.198694
vn -0.960907 0.276871 0
v 0.054977 0.574062 0.176982
vn -0.960907 0.276871 0
v 0.051228 0.561051 0.133559
vn -0.960907 0.276871 0
v 0.0531025 0.567556 0.155271
vn -0.960907 0.276871 0
v 0.047479 0.548039 0.0901353
vn -0.960907 0.276871 0
v 0.0493535 0.554545 0.111847
vn -0.960907 0.276871 0
v 0.0456045 0.541534 0.0684235
vn -0.960907 0.276871 0
v 0.0456045 0.541534 0.111847
vn -0.960907 0.276871 0
v 0.0456045 0.541534 0.0901353
vn -0.960907 0.276871 0
v 0.0493535 0.554545 0.155271
vn -0.960907 0.276871 0
v 0.0493535 0.554545 0.133559
vn -0.960907 0.276871 0
v 0.047479 0.548039 0.133559
vn -0.960907 0.276871 0
v 0.0638809 0.591844 0.198694
vn -0.679223 0.733932 0
v 0.0741906 0.601385 0.198694
vn -0.679223 0.733932 0
v 0.0845004 0.610926 0.198694
vn -0.679223 0.733932 0
v 0.0948101 0.620467 0.198694
vn -0.679223 0.733932 0
v 0.203504 0.558457 0.975
vn 0.966237 0.257653 0
v 0.108897 0.511601 0.975
vn -0.966224 -0.257705 0
v 0.107112 0.518294 0.975
vn -0.966224 -0.257705 0
v 0.105327 0.524988 0.975
vn -0.966224 -0.257705 0
v 0.105327 0.545069 0.975
vn -0.966228 0.257687 0
v 0.107112 0.551763 0.975
vn -0.966228 0.257687 0
v 0.108897 0.558457 0.975
vn -0.966228 0.257687 0
v 0.158794 0.190242 0.719293
vn 0.240738 0.898759 -0.366439
v 0.158794 0.185057 0.719293
vn 0 0 -1
v 0.156201 0.185751 0.719293
vn 0 0 -1
v 0.163979 0.188853 0.719293
vn 0.240738 0.898759 -0.366439
v 0.163979 0.183668 0.719293
vn 0 0 -1
v 0.161387 0.184362 0.719293
vn 0 0 -1
v 0.158794 0.174686 0.719293
vn 0 0 -1
v 0.156201 0.17538 0.719293
vn 0 0 -1
v 0.158794 0.179871 0.719293
vn 0 0 -1
v 0.169165 0.187464 0.719293
vn 0.240738 0.898759 -0.366439
v 0.169165 0.182279 0.719293
vn 0 0 -1
v 0.166572 0.182973 0.719293
vn 0 0 -1
v 0.174351 0.186075 0.719293
vn 0.240738 0.898759 -0.366439
v 0.174351 0.18089 0.719293
vn 0 0 -1
v 0.171758 0.181584 0.719293
vn 0 0 -1
v 0.169165 0.171908 0.719293
vn 0 0 -1
v 0.166572 0.172602 0.719293
vn 0 0 -1
v 0.169165 0.177093 0.719293
vn 0 0 -1
v 0.163979 0.162926 0.719293
vn 0 0 -1
v 0.161387 0.16362 0.719293
vn 0 0 -1
v 0.163979 0.168111 0.719293
vn 0 0 -1
v 0.158794 0.153944 0.719293
vn 0 0 -1
v 0.156201 0.154638 0.719293
vn 0 0 -1
v 0.158794 0.159129 0.719293
vn 0 0 -1
v 0.156201 0.165009 0.719293
vn 0 0 -1
v 0.158794 0.1695 0.719293
vn 0 0 -1
v 0.158794 0.164315 0.719293
vn 0 0 -1
v 0.163979 0.178482 0.719293
vn 0 0 -1
v 0.163979 0.173297 0.719293
vn 0 0 -1
v 0.161387 0.173991 0.719293
vn 0 0 -1
v 0.179536 0.184686 0.719293
vn 0.240738 0.898759 -0.366439
v 0.179536 0.179501 0.719293
vn 0 0 -1
v 0.176944 0.180195 0.719293
vn 0 0 -1
v 0.184722 0.183297 0.719293
vn 0.240738 0.898759 -0.366439
v 0.184722 0.178112 0.719293
vn 0 0 -1
v 0.182129 0.178806 0.719293
vn 0 0 -1
v 0.179536 0.16913 0.719293
vn 0 0 -1
v 0.176944 0.169824 0.719293
vn 0 0 -1
v 0.179536 0.174315 0.719293
vn 0 0 -1
v 0.189908 0.181908 0.719293
vn 0.240738 0.898759 -0.366439
v 0.189908 0.176723 0.719293
vn 0 0 -1
v 0.187315 0.177417 0.719293
vn 0 0 -1
v 0.195093 0.180519 0.719293
vn 0.240738 0.898759 -0.366439
v 0.195093 0.175334 0.719293
vn 0 0 -1
v 0.1925 0.176028 0.719293
vn 0 0 -1
v 0.189908 0.166352 0.719293
vn 0 0 -1
v 0.187315 0.167046 0.719293
vn 0 0 -1
v 0.189908 0.171537 0.719293
vn 0 0 -1
v 0.184722 0.15737 0.719293
vn 0 0 -1
v 0.182129 0.158064 0.719293
vn 0 0 -1
v 0.184722 0.162555 0.719293
vn 0 0 -1
v 0.179536 0.148388 0.719293
vn 0 0 -1
v 0.176944 0.149082 0.719293
vn 0 0 -1
v 0.179536 0.153573 0.719293
vn 0 0 -1
v 0.176944 0.159453 0.719293
vn 0 0 -1
v 0.179536 0.163944 0.719293
vn 0 0 -1
v 0.179536 0.158759 0.719293
vn 0 0 -1
v 0.184722 0.172926 0.719293
vn 0 0 -1
v 0.184722 0.167741 0.719293
vn 0 0 -1
v 0.182129 0.168435 0.719293
vn 0 0 -1
v 0.174351 0.139406 0.719293
vn 0 0 -1
v 0.171758 0.1401 0.719293
vn 0 0 -1
v 0.174351 0.144591 0.719293
vn 0 0 -1
v 0.169165 0.130424 0.719293
vn 0 0 -1
v 0.166572 0.131118 0.719293
vn 0 0 -1
v 0.169165 0.135609 0.719293
vn 0 0 -1
v 0.166572 0.141489 0.719293
vn 0 0 -1
v 0.169165 0.14598 0.719293
vn 0 0 -1
v 0.169165 0.140795 0.719293
vn 0 0 -1
v 0.163979 0.121442 0.719293
vn 0 0 -1
v 0.161387 0.122136 0.719293
vn 0 0 -1
v 0.163979 0.126627 0.719293
vn 0 0 -1
v 0.158794 0.117646 0.719293
vn 0 0 -1
v 0.158794 0.128016 0.719293
vn 0 0 -1
v 0.158794 0.122831 0.719293
vn 0 0 -1
v 0.156201 0.133896 0.719293
vn 0 0 -1
v 0.158794 0.138387 0.719293
vn 0 0 -1
v 0.158794 0.133202 0.719293
vn 0 0 -1
v 0.156201 0.144267 0.719293
vn 0 0 -1
v 0.158794 0.148758 0.719293
vn 0 0 -1
v 0.158794 0.143573 0.719293
vn 0 0 -1
v 0.163979 0.147369 0.719293
vn 0 0 -1
v 0.163979 0.142184 0.719293
vn 0 0 -1
v 0.161387 0.142878 0.719293
vn 0 0 -1
v 0.163979 0.131813 0.719293
vn 0 0 -1
v 0.161387 0.132507 0.719293
vn 0 0 -1
v 0.163979 0.136998 0.719293
vn 0 0 -1
v 0.174351 0.175704 0.719293
vn 0 0 -1
v 0.174351 0.165333 0.719293
vn 0 0 -1
v 0.174351 0.170519 0.719293
vn 0 0 -1
v 0.169165 0.166722 0.719293
vn 0 0 -1
v 0.171758 0.171213 0.719293
vn 0 0 -1
v 0.174351 0.154962 0.719293
vn 0 0 -1
v 0.174351 0.160148 0.719293
vn 0 0 -1
v 0.174351 0.149777 0.719293
vn 0 0 -1
v 0.169165 0.151166 0.719293
vn 0 0 -1
v 0.171758 0.150471 0.719293
vn 0 0 -1
v 0.163979 0.152555 0.719293
vn 0 0 -1
v 0.166572 0.15186 0.719293
vn 0 0 -1
v 0.161387 0.153249 0.719293
vn 0 0 -1
v 0.166572 0.162231 0.719293
vn 0 0 -1
v 0.163979 0.15774 0.719293
vn 0 0 -1
v 0.171758 0.160842 0.719293
vn 0 0 -1
v 0.169165 0.156351 0.719293
vn 0 0 -1
v 0.169165 0.161537 0.719293
vn 0 0 -1
v 0.199584 0.177927 0.719293
vn 0.657886 0.657952 -0.366449
v 0.196992 0.173436 0.719293
vn 0 0 -1
v 0.203381 0.17413 0.719293
vn 0.657886 0.657952 -0.366449
v 0.200788 0.169639 0.719293
vn 0 0 -1
v 0.19889 0.171538 0.719293
vn 0 0 -1
v 0.191806 0.164454 0.719293
vn 0 0 -1
v 0.194399 0.168945 0.719293
vn 0 0 -1
v 0.207178 0.170334 0.719293
vn 0.657886 0.657952 -0.366449
v 0.204585 0.165843 0.719293
vn 0 0 -1
v 0.202687 0.167741 0.719293
vn 0 0 -1
v 0.210975 0.166538 0.719293
vn 0.657886 0.657952 -0.366449
v 0.208382 0.162047 0.719293
vn 0 0 -1
v 0.206483 0.163945 0.719293
vn 0 0 -1
v 0.199399 0.156861 0.719293
vn 0 0 -1
v 0.197501 0.158759 0.719293
vn 0 0 -1
v 0.201992 0.161352 0.719293
vn 0 0 -1
v 0.190417 0.151675 0.719293
vn 0 0 -1
v 0.188519 0.153574 0.719293
vn 0 0 -1
v 0.19301 0.156166 0.719293
vn 0 0 -1
v 0.181435 0.14649 0.719293
vn 0 0 -1
v 0.184028 0.150981 0.719293
vn 0 0 -1
v 0.189213 0.159963 0.719293
vn 0 0 -1
v 0.18662 0.155472 0.719293
vn 0 0 -1
v 0.198196 0.165148 0.719293
vn 0 0 -1
v 0.195603 0.160657 0.719293
vn 0 0 -1
v 0.193704 0.162556 0.719293
vn 0 0 -1
v 0.214771 0.162741 0.719293
vn 0.657886 0.657952 -0.366449
v 0.212179 0.15825 0.719293
vn 0 0 -1
v 0.21028 0.160148 0.719293
vn 0 0 -1
v 0.218568 0.158945 0.719293
vn 0.657886 0.657952 -0.366449
v 0.215975 0.154454 0.719293
vn 0 0 -1
v 0.214077 0.156352 0.719293
vn 0 0 -1
v 0.206993 0.149268 0.719293
vn 0 0 -1
v 0.205095 0.151166 0.719293
vn 0 0 -1
v 0.209586 0.153759 0.719293
vn 0 0 -1
v 0.222365 0.155149 0.719293
vn 0.657886 0.657952 -0.366449
v 0.219772 0.150658 0.719293
vn 0 0 -1
v 0.217874 0.152556 0.719293
vn 0 0 -1
v 0.226162 0.151352 0.719293
vn 0.228684 0.228707 -0.946254
v 0.22167 0.148759 0.719293
vn 0 0 -1
v 0.217179 0.146167 0.719293
vn 0 0 -1
v 0.213383 0.149963 0.719293
vn 0 0 -1
v 0.21079 0.145472 0.719293
vn 0 0 -1
v 0.208891 0.14737 0.719293
vn 0 0 -1
v 0.176759 0.122831 0.719293
vn 0 0 -1
v 0.18125 0.125424 0.719293
vn 0 0 -1
v 0.181944 0.131813 0.719293
vn 0 0 -1
v 0.186435 0.134406 0.719293
vn 0 0 -1
v 0.169675 0.115747 0.719293
vn 0 0 -1
v 0.167776 0.117646 0.719293
vn 0 0 -1
v 0.172267 0.120238 0.719293
vn 0 0 -1
v 0.163285 0.115053 0.719293
vn 0 0 -1
v 0.168471 0.124035 0.719293
vn 0 0 -1
v 0.165878 0.119544 0.719293
vn 0 0 -1
v 0.173656 0.133017 0.719293
vn 0 0 -1
v 0.171063 0.128526 0.719293
vn 0 0 -1
v 0.178842 0.141999 0.719293
vn 0 0 -1
v 0.176249 0.137508 0.719293
vn 0 0 -1
v 0.182639 0.138202 0.719293
vn 0 0 -1
v 0.180046 0.133711 0.719293
vn 0 0 -1
v 0.178147 0.13561 0.719293
vn 0 0 -1
v 0.17486 0.124729 0.719293
vn 0 0 -1
v 0.172962 0.126628 0.719293
vn 0 0 -1
v 0.177453 0.12922 0.719293
vn 0 0 -1
v 0.205789 0.157556 0.719293
vn 0 0 -1
v 0.200603 0.148574 0.719293
vn 0 0 -1
v 0.203196 0.153065 0.719293
vn 0 0 -1
v 0.196807 0.15237 0.719293
vn 0 0 -1
v 0.201298 0.154963 0.719293
vn 0 0 -1
v 0.198011 0.144083 0.719293
vn 0 0 -1
v 0.189028 0.138897 0.719293
vn 0 0 -1
v 0.185231 0.142693 0.719293
vn 0 0 -1
v 0.18713 0.140795 0.719293
vn 0 0 -1
v 0.183333 0.144592 0.719293
vn 0 0 -1
v 0.192315 0.149777 0.719293
vn 0 0 -1
v 0.187824 0.147184 0.719293
vn 0 0 -1
v 0.196112 0.145981 0.719293
vn 0 0 -1
v 0.191621 0.143388 0.719293
vn 0 0 -1
v 0.194214 0.147879 0.719293
vn 0 0 -1
v 0.181435 0.110562 0.719293
vn 0 0 -1
v 0.171758 0.107969 0.719293
vn 0 0 -1
v 0.176249 0.110562 0.719293
vn 0 0 -1
v 0.165878 0.110562 0.719293
vn 0 0 -1
v 0.170369 0.113155 0.719293
vn 0 0 -1
v 0.18074 0.113155 0.719293
vn 0 0 -1
v 0.220142 0.0950053 0.719293
vn 0 0 -1
v 0.220837 0.097598 0.719293
vn 0 0 -1
v 0.225328 0.0950053 0.719293
vn 0 0 -1
v 0.21116 0.100191 0.719293
vn 0 0 -1
v 0.211855 0.102784 0.719293
vn 0 0 -1
v 0.216346 0.100191 0.719293
vn 0 0 -1
v 0.207363 0.105376 0.719293
vn 0 0 -1
v 0.217735 0.105376 0.719293
vn 0 0 -1
v 0.212549 0.105376 0.719293
vn 0 0 -1
v 0.226717 0.100191 0.719293
vn 0 0 -1
v 0.221531 0.100191 0.719293
vn 0 0 -1
v 0.222226 0.102784 0.719293
vn 0 0 -1
v 0.226347 0.0794488 0.719293
vn 0 0 -1
v 0.227041 0.0820415 0.719293
vn 0 0 -1
v 0.217364 0.0846343 0.719293
vn 0 0 -1
v 0.218059 0.087227 0.719293
vn 0 0 -1
v 0.22255 0.0846343 0.719293
vn 0 0 -1
v 0.224958 0.0742633 0.719293
vn 0 0 -1
v 0.225652 0.076856 0.719293
vn 0 0 -1
v 0.223569 0.0690778 0.719293
vn 0 0 -1
v 0.224263 0.0716705 0.719293
vn 0 0 -1
v 0.214586 0.0742633 0.719293
vn 0 0 -1
v 0.215281 0.076856 0.719293
vn 0 0 -1
v 0.219772 0.0742633 0.719293
vn 0 0 -1
v 0.205604 0.0794488 0.719293
vn 0 0 -1
v 0.206299 0.0820415 0.719293
vn 0 0 -1
v 0.21079 0.0794488 0.719293
vn 0 0 -1
v 0.196622 0.0846343 0.719293
vn 0 0 -1
v 0.197316 0.087227 0.719293
vn 0 0 -1
v 0.201807 0.0846343 0.719293
vn 0 0 -1
v 0.207688 0.087227 0.719293
vn 0 0 -1
v 0.212179 0.0846343 0.719293
vn 0 0 -1
v 0.206993 0.0846343 0.719293
vn 0 0 -1
v 0.221161 0.0794488 0.719293
vn 0 0 -1
v 0.215975 0.0794488 0.719293
vn 0 0 -1
v 0.21667 0.0820415 0.719293
vn 0 0 -1
v 0.187639 0.0898198 0.719293
vn 0 0 -1
v 0.188334 0.0924125 0.719293
vn 0 0 -1
v 0.192825 0.0898198 0.719293
vn 0 0 -1
v 0.183843 0.0950053 0.719293
vn 0 0 -1
v 0.189723 0.097598 0.719293
vn 0 0 -1
v 0.194214 0.0950053 0.719293
vn 0 0 -1
v 0.189028 0.0950053 0.719293
vn 0 0 -1
v 0.171064 0.105376 0.719293
vn 0 0 -1
v 0.186621 0.105376 0.719293
vn 0 0 -1
v 0.181435 0.105376 0.719293
vn 0 0 -1
v 0.195603 0.100191 0.719293
vn 0 0 -1
v 0.190417 0.100191 0.719293
vn 0 0 -1
v 0.191112 0.102784 0.719293
vn 0 0 -1
v 0.18074 0.102784 0.719293
vn 0 0 -1
v 0.185232 0.100191 0.719293
vn 0 0 -1
v 0.223939 0.0898198 0.719293
vn 0 0 -1
v 0.213568 0.0898198 0.719293
vn 0 0 -1
v 0.218753 0.0898198 0.719293
vn 0 0 -1
v 0.214957 0.0950053 0.719293
vn 0 0 -1
v 0.219448 0.0924125 0.719293
vn 0 0 -1
v 0.203196 0.0898198 0.719293
vn 0 0 -1
v 0.208382 0.0898198 0.719293
vn 0 0 -1
v 0.198011 0.0898198 0.719293
vn 0 0 -1
v 0.1994 0.0950053 0.719293
vn 0 0 -1
v 0.198705 0.0924125 0.719293
vn 0 0 -1
v 0.200789 0.100191 0.719293
vn 0 0 -1
v 0.200094 0.097598 0.719293
vn 0 0 -1
v 0.201483 0.102784 0.719293
vn 0 0 -1
v 0.210466 0.097598 0.719293
vn 0 0 -1
v 0.205974 0.100191 0.719293
vn 0 0 -1
v 0.209077 0.0924125 0.719293
vn 0 0 -1
v 0.204585 0.0950053 0.719293
vn 0 0 -1
v 0.209771 0.0950053 0.719293
vn 0 0 -1
v 0.226162 0.0645867 0.719293
vn 0.706614 -0.706637 -0.0368979
v 0.22167 0.0671794 0.719293
vn 0 0 -1
v 0.222365 0.0607901 0.719293
vn 0.706614 -0.706637 -0.0368979
v 0.217874 0.0633828 0.719293
vn 0 0 -1
v 0.219772 0.0652811 0.719293
vn 0 0 -1
v 0.212688 0.0723649 0.719293
vn 0 0 -1
v 0.217179 0.0697722 0.719293
vn 0 0 -1
v 0.218568 0.0569934 0.719293
vn 0.706614 -0.706637 -0.0368979
v 0.214077 0.0595862 0.719293
vn 0 0 -1
v 0.215975 0.0614845 0.719293
vn 0 0 -1
v 0.214771 0.0531968 0.719293
vn 0.706614 -0.706637 -0.0368979
v 0.21028 0.0557896 0.719293
vn 0 0 -1
v 0.212179 0.0576879 0.719293
vn 0 0 -1
v 0.205095 0.0647717 0.719293
vn 0 0 -1
v 0.206993 0.06667 0.719293
vn 0 0 -1
v 0.209586 0.0621789 0.719293
vn 0 0 -1
v 0.199909 0.0737538 0.719293
vn 0 0 -1
v 0.201807 0.0756521 0.719293
vn 0 0 -1
v 0.2044 0.0711611 0.719293
vn 0 0 -1
v 0.194723 0.0827359 0.719293
vn 0 0 -1
v 0.199215 0.0801432 0.719293
vn 0 0 -1
v 0.208197 0.0749577 0.719293
vn 0 0 -1
v 0.203706 0.0775504 0.719293
vn 0 0 -1
v 0.213383 0.0659756 0.719293
vn 0 0 -1
v 0.208891 0.0685683 0.719293
vn 0 0 -1
v 0.21079 0.0704666 0.719293
vn 0 0 -1
v 0.210975 0.0494002 0.719293
vn 0.701902 -0.701925 -0.120972
v 0.208382 0.0538913 0.719293
vn 0 0 -1
v 0.207178 0.0456036 0.719293
vn 0.707061 -0.707084 -0.0098937
v 0.203381 0.0418069 0.719293
vn 0.707061 -0.707084 -0.0098937
v 0.199584 0.0380103 0.719293
vn 0.70708 -0.707103 -0.00659598
v 0.18125 0.0905142 0.719293
vn 0 0 -1
v 0.190232 0.0853287 0.719293
vn 0 0 -1
v 0.185741 0.0879214 0.719293
vn 0 0 -1
v 0.186435 0.0815321 0.719293
vn 0 0 -1
v 0.181944 0.0841248 0.719293
vn 0 0 -1
v 0.183843 0.0860231 0.719293
vn 0 0 -1
v 0.205789 0.0583823 0.719293
vn 0 0 -1
v 0.200603 0.0673644 0.719293
vn 0 0 -1
v 0.203196 0.0628734 0.719293
vn 0 0 -1
v 0.18713 0.0751427 0.719293
vn 0 0 -1
v 0.190927 0.0789393 0.719293
vn 0 0 -1
v 0.189028 0.077041 0.719293
vn 0 0 -1
v 0.192825 0.0808376 0.719293
vn 0 0 -1
v 0.198011 0.0718555 0.719293
vn 0 0 -1
v 0.195418 0.0763466 0.719293
vn 0 0 -1
v 0.191621 0.0725499 0.719293
vn 0 0 -1
v 0.196112 0.0699572 0.719293
vn 0 0 -1
v 0.189908 0.0340285 0.719293
vn 0.240737 -0.898757 -0.366443
v 0.187315 0.0385196 0.719293
vn 0 0 -1
v 0.184722 0.0326395 0.719293
vn 0.240737 -0.898757 -0.366443
v 0.182129 0.0371306 0.719293
vn 0 0 -1
v 0.184722 0.0378251 0.719293
vn 0 0 -1
v 0.179536 0.0312505 0.719293
vn 0.240737 -0.898757 -0.366443
v 0.176944 0.0357416 0.719293
vn 0 0 -1
v 0.179536 0.0364361 0.719293
vn 0 0 -1
v 0.176944 0.0461127 0.719293
vn 0 0 -1
v 0.179536 0.0468072 0.719293
vn 0 0 -1
v 0.179536 0.0416216 0.719293
vn 0 0 -1
v 0.176944 0.0564838 0.719293
vn 0 0 -1
v 0.179536 0.0571783 0.719293
vn 0 0 -1
v 0.179536 0.0519927 0.719293
vn 0 0 -1
v 0.184722 0.0430106 0.719293
vn 0 0 -1
v 0.182129 0.0475017 0.719293
vn 0 0 -1
v 0.184722 0.0481962 0.719293
vn 0 0 -1
v 0.174351 0.0298615 0.719293
vn 0.240737 -0.898757 -0.366443
v 0.171758 0.0343526 0.719293
vn 0 0 -1
v 0.174351 0.0350471 0.719293
vn 0 0 -1
v 0.169165 0.0284725 0.719293
vn 0.240737 -0.898757 -0.366443
v 0.166572 0.0329636 0.719293
vn 0 0 -1
v 0.169165 0.0336581 0.719293
vn 0 0 -1
v 0.166572 0.0433347 0.719293
vn 0 0 -1
v 0.169165 0.0440292 0.719293
vn 0 0 -1
v 0.169165 0.0388436 0.719293
vn 0 0 -1
v 0.163979 0.0270835 0.719293
vn 0.240737 -0.898757 -0.366443
v 0.161387 0.0315746 0.719293
vn 0 0 -1
v 0.163979 0.0322691 0.719293
vn 0 0 -1
v 0.158794 0.0256945 0.719293
vn 0.240737 -0.898757 -0.366443
v 0.156201 0.0301856 0.719293
vn 0 0 -1
v 0.158794 0.0308801 0.719293
vn 0 0 -1
v 0.156201 0.0405567 0.719293
vn 0 0 -1
v 0.158794 0.0412512 0.719293
vn 0 0 -1
v 0.158794 0.0360656 0.719293
vn 0 0 -1
v 0.156201 0.0509278 0.719293
vn 0 0 -1
v 0.158794 0.0516223 0.719293
vn 0 0 -1
v 0.158794 0.0464368 0.719293
vn 0 0 -1
v 0.156201 0.0612989 0.719293
vn 0 0 -1
v 0.158794 0.0619934 0.719293
vn 0 0 -1
v 0.158794 0.0568079 0.719293
vn 0 0 -1
v 0.163979 0.0530113 0.719293
vn 0 0 -1
v 0.163979 0.0478258 0.719293
vn 0 0 -1
v 0.161387 0.0523168 0.719293
vn 0 0 -1
v 0.163979 0.0374546 0.719293
vn 0 0 -1
v 0.161387 0.0419457 0.719293
vn 0 0 -1
v 0.163979 0.0426402 0.719293
vn 0 0 -1
v 0.156201 0.0716701 0.719293
vn 0 0 -1
v 0.158794 0.0723646 0.719293
vn 0 0 -1
v 0.158794 0.067179 0.719293
vn 0 0 -1
v 0.156201 0.0820412 0.719293
vn 0 0 -1
v 0.158794 0.0775501 0.719293
vn 0 0 -1
v 0.163979 0.0737536 0.719293
vn 0 0 -1
v 0.163979 0.068568 0.719293
vn 0 0 -1
v 0.161387 0.0730591 0.719293
vn 0 0 -1
v 0.169165 0.069957 0.719293
vn 0 0 -1
v 0.166572 0.0744481 0.719293
vn 0 0 -1
v 0.163979 0.0789391 0.719293
vn 0 0 -1
v 0.174351 0.0402326 0.719293
vn 0 0 -1
v 0.169165 0.0492148 0.719293
vn 0 0 -1
v 0.171758 0.0447237 0.719293
vn 0 0 -1
v 0.174351 0.0506038 0.719293
vn 0 0 -1
v 0.174351 0.0454182 0.719293
vn 0 0 -1
v 0.163979 0.0581969 0.719293
vn 0 0 -1
v 0.166572 0.0537058 0.719293
vn 0 0 -1
v 0.161387 0.0626879 0.719293
vn 0 0 -1
v 0.166572 0.0640769 0.719293
vn 0 0 -1
v 0.163979 0.0633824 0.719293
vn 0 0 -1
v 0.171758 0.0654659 0.719293
vn 0 0 -1
v 0.169165 0.0647714 0.719293
vn 0 0 -1
v 0.174351 0.0557893 0.719293
vn 0 0 -1
v 0.174351 0.0609749 0.719293
vn 0 0 -1
v 0.169165 0.0544003 0.719293
vn 0 0 -1
v 0.169165 0.0595859 0.719293
vn 0 0 -1
v 0.171758 0.0550948 0.719293
vn 0 0 -1
v 0.153608 0.0256945 0.719293
vn -0.240732 -0.898759 -0.366444
v 0.153608 0.0308801 0.719293
vn 0 0 -1
v 0.148422 0.0270835 0.719293
vn -0.240732 -0.898759 -0.366444
v 0.148422 0.0322691 0.719293
vn 0 0 -1
v 0.151015 0.0315746 0.719293
vn 0 0 -1
v 0.153608 0.0412512 0.719293
vn 0 0 -1
v 0.153608 0.0360656 0.719293
vn 0 0 -1
v 0.143237 0.0284725 0.719293
vn -0.240732 -0.898759 -0.366444
v 0.143237 0.0336581 0.719293
vn 0 0 -1
v 0.14583 0.0329636 0.719293
vn 0 0 -1
v 0.138051 0.0298615 0.719293
vn -0.240732 -0.898759 -0.366444
v 0.138051 0.0350471 0.719293
vn 0 0 -1
v 0.140644 0.0343526 0.719293
vn 0 0 -1
v 0.143237 0.0440292 0.719293
vn 0 0 -1
v 0.14583 0.0433347 0.719293
vn 0 0 -1
v 0.143237 0.0388436 0.719293
vn 0 0 -1
v 0.148422 0.0530113 0.719293
vn 0 0 -1
v 0.151015 0.0523168 0.719293
vn 0 0 -1
v 0.148422 0.0478258 0.719293
vn 0 0 -1
v 0.153608 0.0619934 0.719293
vn 0 0 -1
v 0.153608 0.0568079 0.719293
vn 0 0 -1
v 0.153608 0.0464368 0.719293
vn 0 0 -1
v 0.153608 0.0516223 0.719293
vn 0 0 -1
v 0.148422 0.0374546 0.719293
vn 0 0 -1
v 0.148422 0.0426402 0.719293
vn 0 0 -1
v 0.151015 0.0419457 0.719293
vn 0 0 -1
v 0.132865 0.0312505 0.719293
vn -0.240732 -0.898759 -0.366444
v 0.132865 0.0364361 0.719293
vn 0 0 -1
v 0.135458 0.0357416 0.719293
vn 0 0 -1
v 0.127679 0.0326395 0.719293
vn -0.240732 -0.898759 -0.366444
v 0.127679 0.0378251 0.719293
vn 0 0 -1
v 0.130272 0.0371306 0.719293
vn 0 0 -1
v 0.132865 0.0468072 0.719293
vn 0 0 -1
v 0.135458 0.0461127 0.719293
vn 0 0 -1
v 0.132865 0.0416216 0.719293
vn 0 0 -1
v 0.122494 0.0340285 0.719293
vn -0.240732 -0.898759 -0.366444
v 0.122494 0.0392141 0.719293
vn 0 0 -1
v 0.125087 0.0385196 0.719293
vn 0 0 -1
v 0.117308 0.0354175 0.719293
vn -0.240732 -0.898759 -0.366444
v 0.117308 0.0406031 0.719293
vn 0 0 -1
v 0.119901 0.0399086 0.719293
vn 0 0 -1
v 0.122494 0.0495852 0.719293
vn 0 0 -1
v 0.125087 0.0488907 0.719293
vn 0 0 -1
v 0.122494 0.0443996 0.719293
vn 0 0 -1
v 0.127679 0.0585673 0.719293
vn 0 0 -1
v 0.130272 0.0578728 0.719293
vn 0 0 -1
v 0.127679 0.0533817 0.719293
vn 0 0 -1
v 0.132865 0.0675494 0.719293
vn 0 0 -1
v 0.135458 0.0668549 0.719293
vn 0 0 -1
v 0.132865 0.0623639 0.719293
vn 0 0 -1
v 0.135458 0.0564838 0.719293
vn 0 0 -1
v 0.132865 0.0519927 0.719293
vn 0 0 -1
v 0.132865 0.0571783 0.719293
vn 0 0 -1
v 0.127679 0.0430106 0.719293
vn 0 0 -1
v 0.127679 0.0481962 0.719293
vn 0 0 -1
v 0.130272 0.0475017 0.719293
vn 0 0 -1
v 0.138051 0.0765316 0.719293
vn 0 0 -1
v 0.140644 0.0758371 0.719293
vn 0 0 -1
v 0.138051 0.071346 0.719293
vn 0 0 -1
v 0.143237 0.0855137 0.719293
vn 0 0 -1
v 0.14583 0.0848192 0.719293
vn 0 0 -1
v 0.143237 0.0803281 0.719293
vn 0 0 -1
v 0.143237 0.069957 0.719293
vn 0 0 -1
v 0.143237 0.0751426 0.719293
vn 0 0 -1
v 0.148422 0.0944958 0.719293
vn 0 0 -1
v 0.148422 0.0893103 0.719293
vn 0 0 -1
v 0.153608 0.067179 0.719293
vn 0 0 -1
v 0.153608 0.0723646 0.719293
vn 0 0 -1
v 0.151015 0.0730591 0.719293
vn 0 0 -1
v 0.148422 0.0841247 0.719293
vn 0 0 -1
v 0.151015 0.0834302 0.719293
vn 0 0 -1
v 0.148422 0.0789391 0.719293
vn 0 0 -1
v 0.138051 0.0402326 0.719293
vn 0 0 -1
v 0.138051 0.0506038 0.719293
vn 0 0 -1
v 0.138051 0.0454182 0.719293
vn 0 0 -1
v 0.143237 0.0492148 0.719293
vn 0 0 -1
v 0.140644 0.0447237 0.719293
vn 0 0 -1
v 0.138051 0.0609749 0.719293
vn 0 0 -1
v 0.138051 0.0557893 0.719293
vn 0 0 -1
v 0.138051 0.0661604 0.719293
vn 0 0 -1
v 0.143237 0.0647714 0.719293
vn 0 0 -1
v 0.140644 0.0654659 0.719293
vn 0 0 -1
v 0.151015 0.0626879 0.719293
vn 0 0 -1
v 0.14583 0.0537058 0.719293
vn 0 0 -1
v 0.148422 0.0581969 0.719293
vn 0 0 -1
v 0.140644 0.0550948 0.719293
vn 0 0 -1
v 0.143237 0.0544003 0.719293
vn 0 0 -1
v 0.112817 0.0380103 0.719293
vn -0.657907 -0.657929 -0.366452
v 0.11541 0.0425014 0.719293
vn 0 0 -1
v 0.10902 0.0418069 0.719293
vn -0.657907 -0.657929 -0.366452
v 0.111613 0.046298 0.719293
vn 0 0 -1
v 0.113511 0.0443997 0.719293
vn 0 0 -1
v 0.120595 0.0514835 0.719293
vn 0 0 -1
v 0.118002 0.0469924 0.719293
vn 0 0 -1
v 0.105223 0.0456036 0.719293
vn -0.657907 -0.657929 -0.366452
v 0.107816 0.0500946 0.719293
vn 0 0 -1
v 0.109714 0.0481963 0.719293
vn 0 0 -1
v 0.101426 0.0494002 0.719293
vn -0.657907 -0.657929 -0.366452
v 0.104019 0.0538913 0.719293
vn 0 0 -1
v 0.105918 0.0519929 0.719293
vn 0 0 -1
v 0.113002 0.0590768 0.719293
vn 0 0 -1
v 0.1149 0.0571784 0.719293
vn 0 0 -1
v 0.110409 0.0545857 0.719293
vn 0 0 -1
v 0.121984 0.0642623 0.719293
vn 0 0 -1
v 0.123883 0.0623639 0.719293
vn 0 0 -1
v 0.119391 0.0597712 0.719293
vn 0 0 -1
v 0.130967 0.0694478 0.719293
vn 0 0 -1
v 0.128374 0.0649567 0.719293
vn 0 0 -1
v 0.123188 0.0559746 0.719293
vn 0 0 -1
v 0.125781 0.0604656 0.719293
vn 0 0 -1
v 0.114206 0.0507891 0.719293
vn 0 0 -1
v 0.116799 0.0552801 0.719293
vn 0 0 -1
v 0.118697 0.0533818 0.719293
vn 0 0 -1
v 0.0976296 0.0531968 0.719293
vn -0.657907 -0.657929 -0.366452
v 0.100222 0.0576879 0.719293
vn 0 0 -1
v 0.102121 0.0557896 0.719293
vn 0 0 -1
v 0.0938329 0.0569934 0.719293
vn -0.657907 -0.657929 -0.366452
v 0.0964257 0.0614845 0.719293
vn 0 0 -1
v 0.0983241 0.0595862 0.719293
vn 0 0 -1
v 0.105408 0.06667 0.719293
vn 0 0 -1
v 0.107307 0.0647717 0.719293
vn 0 0 -1
v 0.102815 0.0621789 0.719293
vn 0 0 -1
v 0.0900361 0.0607901 0.719293
vn -0.657907 -0.657929 -0.366452
v 0.092629 0.0652811 0.719293
vn 0 0 -1
v 0.0945274 0.0633828 0.719293
vn 0 0 -1
v 0.0862394 0.0645867 0.719293
vn -0.657907 -0.657929 -0.366452
v 0.0888322 0.0690778 0.719293
vn 0 0 -1
v 0.0907306 0.0671794 0.719293
vn 0 0 -1
v 0.0978147 0.0742633 0.719293
vn 0 0 -1
v 0.0997131 0.0723649 0.719293
vn 0 0 -1
v 0.0952219 0.0697722 0.719293
vn 0 0 -1
v 0.106797 0.0794488 0.719293
vn 0 0 -1
v 0.108696 0.0775504 0.719293
vn 0 0 -1
v 0.104204 0.0749577 0.719293
vn 0 0 -1
v 0.11578 0.0846343 0.719293
vn 0 0 -1
v 0.117678 0.0827359 0.719293
vn 0 0 -1
v 0.113187 0.0801432 0.719293
vn 0 0 -1
v 0.112492 0.0737538 0.719293
vn 0 0 -1
v 0.108001 0.0711611 0.719293
vn 0 0 -1
v 0.110594 0.0756521 0.719293
vn 0 0 -1
v 0.0990186 0.0659756 0.719293
vn 0 0 -1
v 0.101611 0.0704666 0.719293
vn 0 0 -1
v 0.10351 0.0685683 0.719293
vn 0 0 -1
v 0.124762 0.0898198 0.719293
vn 0 0 -1
v 0.126661 0.0879214 0.719293
vn 0 0 -1
v 0.122169 0.0853287 0.719293
vn 0 0 -1
v 0.133745 0.0950053 0.719293
vn 0 0 -1
v 0.135643 0.0931069 0.719293
vn 0 0 -1
v 0.131152 0.0905142 0.719293
vn 0 0 -1
v 0.130457 0.0841248 0.719293
vn 0 0 -1
v 0.125966 0.0815321 0.719293
vn 0 0 -1
v 0.128559 0.0860231 0.719293
vn 0 0 -1
v 0.142727 0.100191 0.719293
vn 0 0 -1
v 0.144626 0.0982924 0.719293
vn 0 0 -1
v 0.140134 0.0956997 0.719293
vn 0 0 -1
v 0.143931 0.0919031 0.719293
vn 0 0 -1
v 0.146524 0.0963941 0.719293
vn 0 0 -1
v 0.138745 0.0829209 0.719293
vn 0 0 -1
v 0.141338 0.087412 0.719293
vn 0 0 -1
v 0.13356 0.0739388 0.719293
vn 0 0 -1
v 0.136153 0.0784299 0.719293
vn 0 0 -1
v 0.129763 0.0777354 0.719293
vn 0 0 -1
v 0.132356 0.0822265 0.719293
vn 0 0 -1
v 0.134254 0.0803282 0.719293
vn 0 0 -1
v 0.137542 0.0912086 0.719293
vn 0 0 -1
v 0.13944 0.0893103 0.719293
vn 0 0 -1
v 0.134949 0.0867176 0.719293
vn 0 0 -1
v 0.106612 0.0583823 0.719293
vn 0 0 -1
v 0.111798 0.0673644 0.719293
vn 0 0 -1
v 0.109205 0.0628734 0.719293
vn 0 0 -1
v 0.115595 0.0635678 0.719293
vn 0 0 -1
v 0.111103 0.0609751 0.719293
vn 0 0 -1
v 0.116984 0.0763466 0.719293
vn 0 0 -1
v 0.114391 0.0718555 0.719293
vn 0 0 -1
v 0.119577 0.0808376 0.719293
vn 0 0 -1
v 0.123373 0.077041 0.719293
vn 0 0 -1
v 0.121475 0.0789393 0.719293
vn 0 0 -1
v 0.12717 0.0732444 0.719293
vn 0 0 -1
v 0.125272 0.0751427 0.719293
vn 0 0 -1
v 0.129068 0.0713461 0.719293
vn 0 0 -1
v 0.120086 0.0661606 0.719293
vn 0 0 -1
v 0.124577 0.0687533 0.719293
vn 0 0 -1
v 0.116289 0.0699572 0.719293
vn 0 0 -1
v 0.12078 0.0725499 0.719293
vn 0 0 -1
v 0.118188 0.0680589 0.719293
vn 0 0 -1
v 0.0836465 0.0690778 0.719293
vn -0.898752 -0.240742 -0.366454
v 0.0881377 0.0716705 0.719293
vn 0 0 -1
v 0.0822575 0.0742633 0.719293
vn -0.898752 -0.240742 -0.366454
v 0.0867487 0.076856 0.719293
vn 0 0 -1
v 0.0874432 0.0742633 0.719293
vn 0 0 -1
v 0.0971202 0.076856 0.719293
vn 0 0 -1
v 0.092629 0.0742633 0.719293
vn 0 0 -1
v 0.0808685 0.0794488 0.719293
vn -0.898752 -0.240742 -0.366454
v 0.0853597 0.0820415 0.719293
vn 0 0 -1
v 0.0860542 0.0794488 0.719293
vn 0 0 -1
v 0.0794795 0.0846343 0.719293
vn -0.898752 -0.240742 -0.366454
v 0.0839707 0.087227 0.719293
vn 0 0 -1
v 0.0846652 0.0846343 0.719293
vn 0 0 -1
v 0.0943422 0.087227 0.719293
vn 0 0 -1
v 0.0950367 0.0846343 0.719293
vn 0 0 -1
v 0.089851 0.0846343 0.719293
vn 0 0 -1
v 0.104714 0.087227 0.719293
vn 0 0 -1
v 0.105408 0.0846343 0.719293
vn 0 0 -1
v 0.100222 0.0846343 0.719293
vn 0 0 -1
v 0.115085 0.087227 0.719293
vn 0 0 -1
v 0.110594 0.0846343 0.719293
vn 0 0 -1
v 0.101611 0.0794488 0.719293
vn 0 0 -1
v 0.106103 0.0820415 0.719293
vn 0 0 -1
v 0.09124 0.0794488 0.719293
vn 0 0 -1
v 0.0957312 0.0820415 0.719293
vn 0 0 -1
v 0.0964257 0.0794488 0.719293
vn 0 0 -1
v 0.0780905 0.0898198 0.719293
vn -0.898752 -0.240742 -0.366454
v 0.0825817 0.0924125 0.719293
vn 0 0 -1
v 0.0832762 0.0898198 0.719293
vn 0 0 -1
v 0.0767015 0.0950053 0.719293
vn -0.898752 -0.240742 -0.366454
v 0.0811927 0.097598 0.719293
vn 0 0 -1
v 0.0818872 0.0950053 0.719293
vn 0 0 -1
v 0.0915643 0.097598 0.719293
vn 0 0 -1
v 0.0922587 0.0950053 0.719293
vn 0 0 -1
v 0.087073 0.0950053 0.719293
vn 0 0 -1
v 0.0753125 0.100191 0.719293
vn -0.898752 -0.240742 -0.366454
v 0.0798037 0.102784 0.719293
vn 0 0 -1
v 0.0804982 0.100191 0.719293
vn 0 0 -1
v 0.0739235 0.105376 0.719293
vn -0.898752 -0.240742 -0.366454
v 0.0784148 0.107969 0.719293
vn 0 0 -1
v 0.0791093 0.105376 0.719293
vn 0 0 -1
v 0.0887863 0.107969 0.719293
vn 0 0 -1
v 0.0894808 0.105376 0.719293
vn 0 0 -1
v 0.084295 0.105376 0.719293
vn 0 0 -1
v 0.0991578 0.107969 0.719293
vn 0 0 -1
v 0.0998523 0.105376 0.719293
vn 0 0 -1
v 0.0946665 0.105376 0.719293
vn 0 0 -1
v 0.109529 0.107969 0.719293
vn 0 0 -1
v 0.110224 0.105376 0.719293
vn 0 0 -1
v 0.105038 0.105376 0.719293
vn 0 0 -1
v 0.101241 0.100191 0.719293
vn 0 0 -1
v 0.0960555 0.100191 0.719293
vn 0 0 -1
v 0.100547 0.102784 0.719293
vn 0 0 -1
v 0.085684 0.100191 0.719293
vn 0 0 -1
v 0.0901753 0.102784 0.719293
vn 0 0 -1
v 0.0908698 0.100191 0.719293
vn 0 0 -1
v 0.119901 0.107969 0.719293
vn 0 0 -1
v 0.120595 0.105376 0.719293
vn 0 0 -1
v 0.11541 0.105376 0.719293
vn 0 0 -1
v 0.130272 0.107969 0.719293
vn 0 0 -1
v 0.130967 0.105376 0.719293
vn 0 0 -1
v 0.125781 0.105376 0.719293
vn 0 0 -1
v 0.121984 0.100191 0.719293
vn 0 0 -1
v 0.116799 0.100191 0.719293
vn 0 0 -1
v 0.12129 0.102784 0.719293
vn 0 0 -1
v 0.140644 0.107969 0.719293
vn 0 0 -1
v 0.141338 0.105376 0.719293
vn 0 0 -1
v 0.136153 0.105376 0.719293
vn 0 0 -1
v 0.137542 0.100191 0.719293
vn 0 0 -1
v 0.128559 0.0950053 0.719293
vn 0 0 -1
v 0.13305 0.097598 0.719293
vn 0 0 -1
v 0.119577 0.0898198 0.719293
vn 0 0 -1
v 0.124068 0.0924125 0.719293
vn 0 0 -1
v 0.118188 0.0950053 0.719293
vn 0 0 -1
v 0.122679 0.097598 0.719293
vn 0 0 -1
v 0.123373 0.0950053 0.719293
vn 0 0 -1
v 0.131661 0.102784 0.719293
vn 0 0 -1
v 0.132356 0.100191 0.719293
vn 0 0 -1
v 0.12717 0.100191 0.719293
vn 0 0 -1
v 0.088462 0.0898198 0.719293
vn 0 0 -1
v 0.0974445 0.0950053 0.719293
vn 0 0 -1
v 0.0929532 0.0924125 0.719293
vn 0 0 -1
v 0.0988335 0.0898198 0.719293
vn 0 0 -1
v 0.0936477 0.0898198 0.719293
vn 0 0 -1
v 0.106427 0.100191 0.719293
vn 0 0 -1
v 0.101936 0.097598 0.719293
vn 0 0 -1
v 0.110918 0.102784 0.719293
vn 0 0 -1
v 0.112307 0.097598 0.719293
vn 0 0 -1
v 0.111613 0.100191 0.719293
vn 0 0 -1
v 0.113696 0.0924125 0.719293
vn 0 0 -1
v 0.113002 0.0950053 0.719293
vn 0 0 -1
v 0.114391 0.0898198 0.719293
vn 0 0 -1
v 0.104019 0.0898198 0.719293
vn 0 0 -1
v 0.109205 0.0898198 0.719293
vn 0 0 -1
v 0.10263 0.0950053 0.719293
vn 0 0 -1
v 0.107816 0.0950053 0.719293
vn 0 0 -1
v 0.103325 0.0924125 0.719293
vn 0 0 -1
v 0.0739235 0.110562 0.719293
vn -0.963874 0.258179 -0.0655012
v 0.0791093 0.110562 0.719293
vn 0 0 -1
v 0.0753125 0.115747 0.719293
vn -0.898753 0.240736 -0.366455
v 0.0804982 0.115747 0.719293
vn 0 0 -1
v 0.0798037 0.113155 0.719293
vn 0 0 -1
v 0.0894808 0.110562 0.719293
vn 0 0 -1
v 0.084295 0.110562 0.719293
vn 0 0 -1
v 0.0767015 0.120933 0.719293
vn -0.898753 0.240736 -0.366455
v 0.0818872 0.120933 0.719293
vn 0 0 -1
v 0.0811927 0.11834 0.719293
vn 0 0 -1
v 0.0780905 0.126119 0.719293
vn -0.898753 0.240736 -0.366455
v 0.0832762 0.126119 0.719293
vn 0 0 -1
v 0.0825817 0.123526 0.719293
vn 0 0 -1
v 0.0922587 0.120933 0.719293
vn 0 0 -1
v 0.0915643 0.11834 0.719293
vn 0 0 -1
v 0.087073 0.120933 0.719293
vn 0 0 -1
v 0.101241 0.115747 0.719293
vn 0 0 -1
v 0.100547 0.113155 0.719293
vn 0 0 -1
v 0.0960555 0.115747 0.719293
vn 0 0 -1
v 0.110224 0.110562 0.719293
vn 0 0 -1
v 0.105038 0.110562 0.719293
vn 0 0 -1
v 0.0946665 0.110562 0.719293
vn 0 0 -1
v 0.0998523 0.110562 0.719293
vn 0 0 -1
v 0.085684 0.115747 0.719293
vn 0 0 -1
v 0.0908698 0.115747 0.719293
vn 0 0 -1
v 0.0901753 0.113155 0.719293
vn 0 0 -1
v 0.0794795 0.131304 0.719293
vn -0.898753 0.240736 -0.366455
v 0.0846652 0.131304 0.719293
vn 0 0 -1
v 0.0839707 0.128711 0.719293
vn 0 0 -1
v 0.0808685 0.13649 0.719293
vn -0.898753 0.240736 -0.366455
v 0.0860542 0.13649 0.719293
vn 0 0 -1
v 0.0853597 0.133897 0.719293
vn 0 0 -1
v 0.0950367 0.131304 0.719293
vn 0 0 -1
v 0.0943422 0.128711 0.719293
vn 0 0 -1
v 0.089851 0.131304 0.719293
vn 0 0 -1
v 0.0822575 0.141676 0.719293
vn -0.898753 0.240736 -0.366455
v 0.0874432 0.141676 0.719293
vn 0 0 -1
v 0.0867487 0.139083 0.719293
vn 0 0 -1
v 0.0836465 0.146861 0.719293
vn -0.963874 0.258179 -0.0655012
v 0.0888322 0.146861 0.719293
vn 0 0 -1
v 0.0881377 0.144268 0.719293
vn 0 0 -1
v 0.0978147 0.141676 0.719293
vn 0 0 -1
v 0.0971202 0.139083 0.719293
vn 0 0 -1
v 0.092629 0.141676 0.719293
vn 0 0 -1
v 0.106797 0.13649 0.719293
vn 0 0 -1
v 0.106103 0.133897 0.719293
vn 0 0 -1
v 0.101611 0.13649 0.719293
vn 0 0 -1
v 0.11578 0.131304 0.719293
vn 0 0 -1
v 0.115085 0.128711 0.719293
vn 0 0 -1
v 0.110594 0.131304 0.719293
vn 0 0 -1
v 0.104714 0.128711 0.719293
vn 0 0 -1
v 0.100222 0.131304 0.719293
vn 0 0 -1
v 0.105408 0.131304 0.719293
vn 0 0 -1
v 0.09124 0.13649 0.719293
vn 0 0 -1
v 0.0964257 0.13649 0.719293
vn 0 0 -1
v 0.0957312 0.133897 0.719293
vn 0 0 -1
v 0.124762 0.126119 0.719293
vn 0 0 -1
v 0.124068 0.123526 0.719293
vn 0 0 -1
v 0.119577 0.126119 0.719293
vn 0 0 -1
v 0.133745 0.120933 0.719293
vn 0 0 -1
v 0.13305 0.11834 0.719293
vn 0 0 -1
v 0.128559 0.120933 0.719293
vn 0 0 -1
v 0.122679 0.11834 0.719293
vn 0 0 -1
v 0.118188 0.120933 0.719293
vn 0 0 -1
v 0.123373 0.120933 0.719293
vn 0 0 -1
v 0.142727 0.115747 0.719293
vn 0 0 -1
v 0.142033 0.113155 0.719293
vn 0 0 -1
v 0.137542 0.115747 0.719293
vn 0 0 -1
v 0.136153 0.110562 0.719293
vn 0 0 -1
v 0.141338 0.110562 0.719293
vn 0 0 -1
v 0.125781 0.110562 0.719293
vn 0 0 -1
v 0.130967 0.110562 0.719293
vn 0 0 -1
v 0.11541 0.110562 0.719293
vn 0 0 -1
v 0.120595 0.110562 0.719293
vn 0 0 -1
v 0.116799 0.115747 0.719293
vn 0 0 -1
v 0.121984 0.115747 0.719293
vn 0 0 -1
v 0.12129 0.113155 0.719293
vn 0 0 -1
v 0.132356 0.115747 0.719293
vn 0 0 -1
v 0.131661 0.113155 0.719293
vn 0 0 -1
v 0.12717 0.115747 0.719293
vn 0 0 -1
v 0.088462 0.126119 0.719293
vn 0 0 -1
v 0.0988335 0.126119 0.719293
vn 0 0 -1
v 0.0936477 0.126119 0.719293
vn 0 0 -1
v 0.0974445 0.120933 0.719293
vn 0 0 -1
v 0.0929532 0.123526 0.719293
vn 0 0 -1
v 0.109205 0.126119 0.719293
vn 0 0 -1
v 0.104019 0.126119 0.719293
vn 0 0 -1
v 0.114391 0.126119 0.719293
vn 0 0 -1
v 0.113002 0.120933 0.719293
vn 0 0 -1
v 0.113696 0.123526 0.719293
vn 0 0 -1
v 0.111613 0.115747 0.719293
vn 0 0 -1
v 0.112307 0.11834 0.719293
vn 0 0 -1
v 0.110918 0.113155 0.719293
vn 0 0 -1
v 0.101936 0.11834 0.719293
vn 0 0 -1
v 0.106427 0.115747 0.719293
vn 0 0 -1
v 0.103325 0.123526 0.719293
vn 0 0 -1
v 0.107816 0.120933 0.719293
vn 0 0 -1
v 0.10263 0.120933 0.719293
vn 0 0 -1
v 0.0862394 0.151352 0.719293
vn -0.657886 0.657951 -0.366452
v 0.0907306 0.148759 0.719293
vn 0 0 -1
v 0.0900361 0.155149 0.719293
vn -0.657886 0.657951 -0.366452
v 0.0945274 0.152556 0.719293
vn 0 0 -1
v 0.092629 0.150658 0.719293
vn 0 0 -1
v 0.0997131 0.143574 0.719293
vn 0 0 -1
v 0.0952219 0.146167 0.719293
vn 0 0 -1
v 0.0938329 0.158945 0.719293
vn -0.657886 0.657951 -0.366452
v 0.0983241 0.156352 0.719293
vn 0 0 -1
v 0.0964257 0.154454 0.719293
vn 0 0 -1
v 0.0976296 0.162741 0.719293
vn -0.657886 0.657951 -0.366452
v 0.102121 0.160148 0.719293
vn 0 0 -1
v 0.100222 0.15825 0.719293
vn 0 0 -1
v 0.107307 0.151166 0.719293
vn 0 0 -1
v 0.105408 0.149268 0.719293
vn 0 0 -1
v 0.102815 0.153759 0.719293
vn 0 0 -1
v 0.112492 0.142184 0.719293
vn 0 0 -1
v 0.110594 0.140286 0.719293
vn 0 0 -1
v 0.108001 0.144777 0.719293
vn 0 0 -1
v 0.117678 0.133202 0.719293
vn 0 0 -1
v 0.113187 0.135795 0.719293
vn 0 0 -1
v 0.104204 0.140981 0.719293
vn 0 0 -1
v 0.108696 0.138388 0.719293
vn 0 0 -1
v 0.0990186 0.149963 0.719293
vn 0 0 -1
v 0.10351 0.14737 0.719293
vn 0 0 -1
v 0.101611 0.145472 0.719293
vn 0 0 -1
v 0.101426 0.166538 0.719293
vn -0.657886 0.657951 -0.366452
v 0.105918 0.163945 0.719293
vn 0 0 -1
v 0.104019 0.162047 0.719293
vn 0 0 -1
v 0.105223 0.170334 0.719293
vn -0.657886 0.657951 -0.366452
v 0.109714 0.167741 0.719293
vn 0 0 -1
v 0.107816 0.165843 0.719293
vn 0 0 -1
v 0.1149 0.158759 0.719293
vn 0 0 -1
v 0.113002 0.156861 0.719293
vn 0 0 -1
v 0.110409 0.161352 0.719293
vn 0 0 -1
v 0.10902 0.17413 0.719293
vn -0.657886 0.657951 -0.366452
v 0.113511 0.171538 0.719293
vn 0 0 -1
v 0.111613 0.169639 0.719293
vn 0 0 -1
v 0.112817 0.177927 0.719293
vn -0.657886 0.657951 -0.366452
v 0.117308 0.175334 0.719293
vn 0 0 -1
v 0.11541 0.173436 0.719293
vn 0 0 -1
v 0.122494 0.166352 0.719293
vn 0 0 -1
v 0.120595 0.164454 0.719293
vn 0 0 -1
v 0.118002 0.168945 0.719293
vn 0 0 -1
v 0.127679 0.15737 0.719293
vn 0 0 -1
v 0.125781 0.155472 0.719293
vn 0 0 -1
v 0.123188 0.159963 0.719293
vn 0 0 -1
v 0.132865 0.148388 0.719293
vn 0 0 -1
v 0.130967 0.14649 0.719293
vn 0 0 -1
v 0.128374 0.150981 0.719293
vn 0 0 -1
v 0.121984 0.151675 0.719293
vn 0 0 -1
v 0.119391 0.156166 0.719293
vn 0 0 -1
v 0.123883 0.153574 0.719293
vn 0 0 -1
v 0.114206 0.165148 0.719293
vn 0 0 -1
v 0.118697 0.162556 0.719293
vn 0 0 -1
v 0.116799 0.160657 0.719293
vn 0 0 -1
v 0.138051 0.139406 0.719293
vn 0 0 -1
v 0.136153 0.137508 0.719293
vn 0 0 -1
v 0.13356 0.141999 0.719293
vn 0 0 -1
v 0.138745 0.133017 0.719293
vn 0 0 -1
v 0.132356 0.133711 0.719293
vn 0 0 -1
v 0.129763 0.138202 0.719293
vn 0 0 -1
v 0.134254 0.13561 0.719293
vn 0 0 -1
v 0.140134 0.120238 0.719293
vn 0 0 -1
v 0.131152 0.125424 0.719293
vn 0 0 -1
v 0.135643 0.122831 0.719293
vn 0 0 -1
v 0.122169 0.13061 0.719293
vn 0 0 -1
v 0.126661 0.128017 0.719293
vn 0 0 -1
v 0.125966 0.134406 0.719293
vn 0 0 -1
v 0.130457 0.131813 0.719293
vn 0 0 -1
v 0.128559 0.129915 0.719293
vn 0 0 -1
v 0.137542 0.124729 0.719293
vn 0 0 -1
v 0.134949 0.12922 0.719293
vn 0 0 -1
v 0.106612 0.157556 0.719293
vn 0 0 -1
v 0.115595 0.15237 0.719293
vn 0 0 -1
v 0.111103 0.154963 0.719293
vn 0 0 -1
v 0.111798 0.148574 0.719293
vn 0 0 -1
v 0.109205 0.153065 0.719293
vn 0 0 -1
v 0.124577 0.147184 0.719293
vn 0 0 -1
v 0.120086 0.149777 0.719293
vn 0 0 -1
v 0.129068 0.144592 0.719293
vn 0 0 -1
v 0.125272 0.140795 0.719293
vn 0 0 -1
v 0.12717 0.142693 0.719293
vn 0 0 -1
v 0.121475 0.136999 0.719293
vn 0 0 -1
v 0.123373 0.138897 0.719293
vn 0 0 -1
v 0.119577 0.135101 0.719293
vn 0 0 -1
v 0.114391 0.144083 0.719293
vn 0 0 -1
v 0.116984 0.139592 0.719293
vn 0 0 -1
v 0.118188 0.147879 0.719293
vn 0 0 -1
v 0.12078 0.143388 0.719293
vn 0 0 -1
v 0.116289 0.145981 0.719293
vn 0 0 -1
v 0.117308 0.180519 0.719293
vn -0.240732 0.89876 -0.36644
v 0.119901 0.176028 0.719293
vn 0 0 -1
v 0.122494 0.181908 0.719293
vn -0.240732 0.89876 -0.36644
v 0.125087 0.177417 0.719293
vn 0 0 -1
v 0.122494 0.176723 0.719293
vn 0 0 -1
v 0.125087 0.167046 0.719293
vn 0 0 -1
v 0.122494 0.171537 0.719293
vn 0 0 -1
v 0.127679 0.183297 0.719293
vn -0.240732 0.89876 -0.36644
v 0.130272 0.178806 0.719293
vn 0 0 -1
v 0.127679 0.178112 0.719293
vn 0 0 -1
v 0.132865 0.184686 0.719293
vn -0.240732 0.89876 -0.36644
v 0.135458 0.180195 0.719293
vn 0 0 -1
v 0.132865 0.179501 0.719293
vn 0 0 -1
v 0.135458 0.169824 0.719293
vn 0 0 -1
v 0.132865 0.16913 0.719293
vn 0 0 -1
v 0.132865 0.174315 0.719293
vn 0 0 -1
v 0.135458 0.159453 0.719293
vn 0 0 -1
v 0.132865 0.158759 0.719293
vn 0 0 -1
v 0.132865 0.163944 0.719293
vn 0 0 -1
v 0.135458 0.149082 0.719293
vn 0 0 -1
v 0.132865 0.153573 0.719293
vn 0 0 -1
v 0.127679 0.162555 0.719293
vn 0 0 -1
v 0.130272 0.158064 0.719293
vn 0 0 -1
v 0.127679 0.172926 0.719293
vn 0 0 -1
v 0.130272 0.168435 0.719293
vn 0 0 -1
v 0.127679 0.167741 0.719293
vn 0 0 -1
v 0.138051 0.186075 0.719293
vn -0.240732 0.89876 -0.36644
v 0.140644 0.181584 0.719293
vn 0 0 -1
v 0.138051 0.18089 0.719293
vn 0 0 -1
v 0.143237 0.187464 0.719293
vn -0.240732 0.89876 -0.36644
v 0.14583 0.182973 0.719293
vn 0 0 -1
v 0.143237 0.182279 0.719293
vn 0 0 -1
v 0.14583 0.172602 0.719293
vn 0 0 -1
v 0.143237 0.171908 0.719293
vn 0 0 -1
v 0.143237 0.177093 0.719293
vn 0 0 -1
v 0.148422 0.188853 0.719293
vn -0.240732 0.89876 -0.36644
v 0.151015 0.184362 0.719293
vn 0 0 -1
v 0.148422 0.183668 0.719293
vn 0 0 -1
v 0.153608 0.190242 0.719293
vn -0.240732 0.89876 -0.36644
v 0.153608 0.185057 0.719293
vn 0 0 -1
v 0.153608 0.174686 0.719293
vn 0 0 -1
v 0.153608 0.179871 0.719293
vn 0 0 -1
v 0.153608 0.164315 0.719293
vn 0 0 -1
v 0.153608 0.1695 0.719293
vn 0 0 -1
v 0.153608 0.153944 0.719293
vn 0 0 -1
v 0.153608 0.159129 0.719293
vn 0 0 -1
v 0.148422 0.162926 0.719293
vn 0 0 -1
v 0.148422 0.168111 0.719293
vn 0 0 -1
v 0.151015 0.16362 0.719293
vn 0 0 -1
v 0.148422 0.178482 0.719293
vn 0 0 -1
v 0.151015 0.173991 0.719293
vn 0 0 -1
v 0.148422 0.173297 0.719293
vn 0 0 -1
v 0.153608 0.143573 0.719293
vn 0 0 -1
v 0.153608 0.148758 0.719293
vn 0 0 -1
v 0.153608 0.138387 0.719293
vn 0 0 -1
v 0.148422 0.142184 0.719293
vn 0 0 -1
v 0.148422 0.147369 0.719293
vn 0 0 -1
v 0.151015 0.142878 0.719293
vn 0 0 -1
v 0.143237 0.135609 0.719293
vn 0 0 -1
v 0.138051 0.144591 0.719293
vn 0 0 -1
v 0.140644 0.1401 0.719293
vn 0 0 -1
v 0.143237 0.14598 0.719293
vn 0 0 -1
v 0.14583 0.141489 0.719293
vn 0 0 -1
v 0.143237 0.140795 0.719293
vn 0 0 -1
v 0.138051 0.175704 0.719293
vn 0 0 -1
v 0.143237 0.166722 0.719293
vn 0 0 -1
v 0.140644 0.171213 0.719293
vn 0 0 -1
v 0.138051 0.165333 0.719293
vn 0 0 -1
v 0.138051 0.170519 0.719293
vn 0 0 -1
v 0.148422 0.15774 0.719293
vn 0 0 -1
v 0.14583 0.162231 0.719293
vn 0 0 -1
v 0.151015 0.153249 0.719293
vn 0 0 -1
v 0.14583 0.15186 0.719293
vn 0 0 -1
v 0.148422 0.152555 0.719293
vn 0 0 -1
v 0.140644 0.150471 0.719293
vn 0 0 -1
v 0.143237 0.151166 0.719293
vn 0 0 -1
v 0.138051 0.149777 0.719293
vn 0 0 -1
v 0.138051 0.160148 0.719293
vn 0 0 -1
v 0.138051 0.154962 0.719293
vn 0 0 -1
v 0.143237 0.161537 0.719293
vn 0 0 -1
v 0.143237 0.156351 0.719293
vn 0 0 -1
v 0.140644 0.160842 0.719293
vn 0 0 -1
v 0.0846175 0.320537 0.651098
vn -0.183116 -0.763901 -0.618808
v 0.0766685 0.326645 0.64591
vn -0.183116 -0.763901 -0.618808
v 0.0687195 0.332753 0.640723
vn -0.183116 -0.763901 -0.618808
v 0.141014 0.113312 0.922787
vn 0 0 1
v 0.120765 0.113296 0.922787
vn 0 0 1
v 0.130889 0.113304 0.922787
vn 0 0 1
v 0.0903909 0.113271 0.922787
vn 0 0 1
v 0.100516 0.113279 0.922787
vn 0 0 1
v 0.11064 0.113287 0.922787
vn 0 0 1
v 0.195093 0.180519 0.871914
vn 0.258735 0.965948 0
v 0.189908 0.181908 0.871914
vn 0.258735 0.965948 0
v 0.189908 0.181908 0.884632
vn 0.258735 0.965948 0
v 0.1925 0.181214 0.884632
vn 0.258735 0.965948 0
v 0.197686 0.179825 0.859195
vn 0.499956 0.866051 0
v 0.195093 0.180519 0.846477
vn 0.258735 0.965948 0
v 0.195093 0.180519 0.859195
vn 0.258735 0.965948 0
v 0.197686 0.179825 0.833758
vn 0.499956 0.866051 0
v 0.195093 0.180519 0.82104
vn 0.258735 0.965948 0
v 0.195093 0.180519 0.833758
vn 0.258735 0.965948 0
v 0.189908 0.181908 0.82104
vn 0.258735 0.965948 0
v 0.189908 0.181908 0.833758
vn 0.258735 0.965948 0
v 0.1925 0.181214 0.833758
vn 0.258735 0.965948 0
v 0.184722 0.183297 0.82104
vn 0.258735 0.965948 0
v 0.184722 0.183297 0.833758
vn 0.258735 0.965948 0
v 0.187315 0.182603 0.833758
vn 0.258735 0.965948 0
v 0.179536 0.184686 0.82104
vn 0.258735 0.965948 0
v 0.179536 0.184686 0.833758
vn 0.258735 0.965948 0
v 0.182129 0.183992 0.833758
vn 0.258735 0.965948 0
v 0.184722 0.183297 0.859195
vn 0.258735 0.965948 0
v 0.187315 0.182603 0.859195
vn 0.258735 0.965948 0
v 0.184722 0.183297 0.846477
vn 0.258735 0.965948 0
v 0.1925 0.181214 0.859195
vn 0.258735 0.965948 0
v 0.189908 0.181908 0.846477
vn 0.258735 0.965948 0
v 0.189908 0.181908 0.859195
vn 0.258735 0.965948 0
v 0.197686 0.179825 0.808322
vn 0.499956 0.866051 0
v 0.195093 0.180519 0.795603
vn 0.258735 0.965948 0
v 0.195093 0.180519 0.808322
vn 0.258735 0.965948 0
v 0.197686 0.179825 0.782885
vn 0.499956 0.866051 0
v 0.195093 0.180519 0.770167
vn 0.258735 0.965948 0
v 0.195093 0.180519 0.782885
vn 0.258735 0.965948 0
v 0.189908 0.181908 0.770167
vn 0.258735 0.965948 0
v 0.189908 0.181908 0.782885
vn 0.258735 0.965948 0
v 0.1925 0.181214 0.782885
vn 0.258735 0.965948 0
v 0.197686 0.179825 0.757448
vn 0.499956 0.866051 0
v 0.195093 0.180519 0.74473
vn 0.258735 0.965948 0
v 0.195093 0.180519 0.757448
vn 0.258735 0.965948 0
v 0.197686 0.179825 0.732011
vn 0.499956 0.866051 0
v 0.195093 0.180519 0.732011
vn 0.258735 0.965948 0
v 0.189908 0.181908 0.732011
vn 0.258735 0.965948 0
v 0.1925 0.181214 0.732011
vn 0.258735 0.965948 0
v 0.184722 0.183297 0.732011
vn 0.258735 0.965948 0
v 0.187315 0.182603 0.732011
vn 0.258735 0.965948 0
v 0.179536 0.184686 0.732011
vn 0.258735 0.965948 0
v 0.182129 0.183992 0.732011
vn 0.258735 0.965948 0
v 0.184722 0.183297 0.757448
vn 0.258735 0.965948 0
v 0.187315 0.182603 0.757448
vn 0.258735 0.965948 0
v 0.184722 0.183297 0.74473
vn 0.258735 0.965948 0
v 0.1925 0.181214 0.757448
vn 0.258735 0.965948 0
v 0.189908 0.181908 0.74473
vn 0.258735 0.965948 0
v 0.189908 0.181908 0.757448
vn 0.258735 0.965948 0
v 0.174351 0.186075 0.732011
vn 0.258735 0.965948 0
v 0.176944 0.185381 0.732011
vn 0.258735 0.965948 0
v 0.169165 0.187464 0.732011
vn 0.258735 0.965948 0
v 0.171758 0.18677 0.732011
vn 0.258735 0.965948 0
v 0.174351 0.186075 0.757448
vn 0.258735 0.965948 0
v 0.176944 0.185381 0.757448
vn 0.258735 0.965948 0
v 0.174351 0.186075 0.74473
vn 0.258735 0.965948 0
v 0.163979 0.188853 0.732011
vn 0.258735 0.965948 0
v 0.166572 0.188159 0.732011
vn 0.258735 0.965948 0
v 0.158794 0.190242 0.732011
vn 0.258735 0.965948 0
v 0.161387 0.189548 0.732011
vn 0.258735 0.965948 0
v 0.163979 0.188853 0.757448
vn 0.258735 0.965948 0
v 0.166572 0.188159 0.757448
vn 0.258735 0.965948 0
v 0.163979 0.188853 0.74473
vn 0.258735 0.965948 0
v 0.169165 0.187464 0.782885
vn 0.258735 0.965948 0
v 0.171758 0.18677 0.782885
vn 0.258735 0.965948 0
v 0.169165 0.187464 0.770167
vn 0.258735 0.965948 0
v 0.174351 0.186075 0.808322
vn 0.258735 0.965948 0
v 0.176944 0.185381 0.808322
vn 0.258735 0.965948 0
v 0.174351 0.186075 0.795603
vn 0.258735 0.965948 0
v 0.176944 0.185381 0.782885
vn 0.258735 0.965948 0
v 0.174351 0.186075 0.770167
vn 0.258735 0.965948 0
v 0.174351 0.186075 0.782885
vn 0.258735 0.965948 0
v 0.169165 0.187464 0.74473
vn 0.258735 0.965948 0
v 0.169165 0.187464 0.757448
vn 0.258735 0.965948 0
v 0.171758 0.18677 0.757448
vn 0.258735 0.965948 0
v 0.1925 0.181214 0.808322
vn 0.258735 0.965948 0
v 0.187315 0.182603 0.782885
vn 0.258735 0.965948 0
v 0.189908 0.181908 0.795603
vn 0.258735 0.965948 0
v 0.187315 0.182603 0.808322
vn 0.258735 0.965948 0
v 0.189908 0.181908 0.808322
vn 0.258735 0.965948 0
v 0.182129 0.183992 0.757448
vn 0.258735 0.965948 0
v 0.184722 0.183297 0.770167
vn 0.258735 0.965948 0
v 0.179536 0.184686 0.74473
vn 0.258735 0.965948 0
v 0.179536 0.184686 0.770167
vn 0.258735 0.965948 0
v 0.179536 0.184686 0.757448
vn 0.258735 0.965948 0
v 0.179536 0.184686 0.795603
vn 0.258735 0.965948 0
v 0.179536 0.184686 0.782885
vn 0.258735 0.965948 0
v 0.179536 0.184686 0.808322
vn 0.258735 0.965948 0
v 0.184722 0.183297 0.808322
vn 0.258735 0.965948 0
v 0.182129 0.183992 0.808322
vn 0.258735 0.965948 0
v 0.184722 0.183297 0.782885
vn 0.258735 0.965948 0
v 0.182129 0.183992 0.782885
vn 0.258735 0.965948 0
v 0.184722 0.183297 0.795603
vn 0.258735 0.965948 0
v 0.158794 0.190242 0.922787
vn 0.258735 0.965948 0
v 0.158794 0.190242 0.910069
vn 0.258735 0.965948 0
v 0.156201 0.190937 0.910069
vn 0 1 0
v 0.163979 0.188853 0.922787
vn 0.258735 0.965948 0
v 0.163979 0.188853 0.910069
vn 0.258735 0.965948 0
v 0.161387 0.189548 0.910069
vn 0.258735 0.965948 0
v 0.158794 0.190242 0.884632
vn 0.258735 0.965948 0
v 0.156201 0.190937 0.884632
vn 0 1 0
v 0.158794 0.190242 0.89735
vn 0.258735 0.965948 0
v 0.169165 0.187464 0.922787
vn 0.258735 0.965948 0
v 0.169165 0.187464 0.910069
vn 0.258735 0.965948 0
v 0.166572 0.188159 0.910069
vn 0.258735 0.965948 0
v 0.174351 0.186075 0.922787
vn 0.258735 0.965948 0
v 0.174351 0.186075 0.910069
vn 0.258735 0.965948 0
v 0.171758 0.18677 0.910069
vn 0.258735 0.965948 0
v 0.169165 0.187464 0.884632
vn 0.258735 0.965948 0
v 0.166572 0.188159 0.884632
vn 0.258735 0.965948 0
v 0.169165 0.187464 0.89735
vn 0.258735 0.965948 0
v 0.163979 0.188853 0.859195
vn 0.258735 0.965948 0
v 0.161387 0.189548 0.859195
vn 0.258735 0.965948 0
v 0.163979 0.188853 0.871914
vn 0.258735 0.965948 0
v 0.158794 0.190242 0.833758
vn 0.258735 0.965948 0
v 0.156201 0.190937 0.833758
vn 0 1 0
v 0.158794 0.190242 0.846477
vn 0.258735 0.965948 0
v 0.156201 0.190937 0.859195
vn 0 1 0
v 0.158794 0.190242 0.871914
vn 0.258735 0.965948 0
v 0.158794 0.190242 0.859195
vn 0.258735 0.965948 0
v 0.163979 0.188853 0.89735
vn 0.258735 0.965948 0
v 0.163979 0.188853 0.884632
vn 0.258735 0.965948 0
v 0.161387 0.189548 0.884632
vn 0.258735 0.965948 0
v 0.179536 0.184686 0.922787
vn 0.258735 0.965948 0
v 0.179536 0.184686 0.910069
vn 0.258735 0.965948 0
v 0.176944 0.185381 0.910069
vn 0.258735 0.965948 0
v 0.184722 0.183297 0.922787
vn 0.258735 0.965948 0
v 0.184722 0.183297 0.910069
vn 0.258735 0.965948 0
v 0.182129 0.183992 0.910069
vn 0.258735 0.965948 0
v 0.179536 0.184686 0.884632
vn 0.258735 0.965948 0
v 0.176944 0.185381 0.884632
vn 0.258735 0.965948 0
v 0.179536 0.184686 0.89735
vn 0.258735 0.965948 0
v 0.189908 0.181908 0.910069
vn 0.258735 0.965948 0
v 0.187315 0.182603 0.910069
vn 0.258735 0.965948 0
v 0.1925 0.181214 0.910069
vn 0.258735 0.965948 0
v 0.187315 0.182603 0.884632
vn 0.258735 0.965948 0
v 0.189908 0.181908 0.89735
vn 0.258735 0.965948 0
v 0.182129 0.183992 0.859195
vn 0.258735 0.965948 0
v 0.184722 0.183297 0.871914
vn 0.258735 0.965948 0
v 0.176944 0.185381 0.833758
vn 0.258735 0.965948 0
v 0.179536 0.184686 0.846477
vn 0.258735 0.965948 0
v 0.176944 0.185381 0.859195
vn 0.258735 0.965948 0
v 0.179536 0.184686 0.871914
vn 0.258735 0.965948 0
v 0.179536 0.184686 0.859195
vn 0.258735 0.965948 0
v 0.184722 0.183297 0.89735
vn 0.258735 0.965948 0
v 0.184722 0.183297 0.884632
vn 0.258735 0.965948 0
v 0.182129 0.183992 0.884632
vn 0.258735 0.965948 0
v 0.171758 0.18677 0.808322
vn 0.258735 0.965948 0
v 0.174351 0.186075 0.82104
vn 0.258735 0.965948 0
v 0.166572 0.188159 0.782885
vn 0.258735 0.965948 0
v 0.169165 0.187464 0.795603
vn 0.258735 0.965948 0
v 0.166572 0.188159 0.808322
vn 0.258735 0.965948 0
v 0.169165 0.187464 0.82104
vn 0.258735 0.965948 0
v 0.169165 0.187464 0.808322
vn 0.258735 0.965948 0
v 0.161387 0.189548 0.757448
vn 0.258735 0.965948 0
v 0.163979 0.188853 0.770167
vn 0.258735 0.965948 0
v 0.156201 0.190937 0.732011
vn 0 1 0
v 0.158794 0.190242 0.74473
vn 0.258735 0.965948 0
v 0.156201 0.190937 0.757448
vn 0 1 0
v 0.158794 0.190242 0.770167
vn 0.258735 0.965948 0
v 0.158794 0.190242 0.757448
vn 0.258735 0.965948 0
v 0.156201 0.190937 0.782885
vn 0 1 0
v 0.158794 0.190242 0.795603
vn 0.258735 0.965948 0
v 0.158794 0.190242 0.782885
vn 0.258735 0.965948 0
v 0.156201 0.190937 0.808322
vn 0 1 0
v 0.158794 0.190242 0.82104
vn 0.258735 0.965948 0
v 0.158794 0.190242 0.808322
vn 0.258735 0.965948 0
v 0.163979 0.188853 0.82104
vn 0.258735 0.965948 0
v 0.163979 0.188853 0.808322
vn 0.258735 0.965948 0
v 0.161387 0.189548 0.808322
vn 0.258735 0.965948 0
v 0.163979 0.188853 0.782885
vn 0.258735 0.965948 0
v 0.161387 0.189548 0.782885
vn 0.258735 0.965948 0
v 0.163979 0.188853 0.795603
vn 0.258735 0.965948 0
v 0.174351 0.186075 0.89735
vn 0.258735 0.965948 0
v 0.174351 0.186075 0.871914
vn 0.258735 0.965948 0
v 0.174351 0.186075 0.884632
vn 0.258735 0.965948 0
v 0.169165 0.187464 0.871914
vn 0.258735 0.965948 0
v 0.171758 0.18677 0.884632
vn 0.258735 0.965948 0
v 0.174351 0.186075 0.846477
vn 0.258735 0.965948 0
v 0.174351 0.186075 0.859195
vn 0.258735 0.965948 0
v 0.174351 0.186075 0.833758
vn 0.258735 0.965948 0
v 0.169165 0.187464 0.833758
vn 0.258735 0.965948 0
v 0.171758 0.18677 0.833758
vn 0.258735 0.965948 0
v 0.163979 0.188853 0.833758
vn 0.258735 0.965948 0
v 0.166572 0.188159 0.833758
vn 0.258735 0.965948 0
v 0.161387 0.189548 0.833758
vn 0.258735 0.965948 0
v 0.166572 0.188159 0.859195
vn 0.258735 0.965948 0
v 0.163979 0.188853 0.846477
vn 0.258735 0.965948 0
v 0.171758 0.18677 0.859195
vn 0.258735 0.965948 0
v 0.169165 0.187464 0.846477
vn 0.258735 0.965948 0
v 0.169165 0.187464 0.859195
vn 0.258735 0.965948 0
v 0.22806 0.149454 0.910069
vn 0.944597 0.328233 0
v 0.226162 0.151352 0.89735
vn 0.707072 0.707142 0
v 0.226162 0.151352 0.910069
vn 0.707072 0.707142 0
v 0.22806 0.149454 0.884632
vn 0.866026 0.499999 0
v 0.226162 0.151352 0.871914
vn 0.707072 0.707142 0
v 0.226162 0.151352 0.884632
vn 0.707072 0.707142 0
v 0.222365 0.155149 0.871914
vn 0.707072 0.707142 0
v 0.222365 0.155149 0.884632
vn 0.707072 0.707142 0
v 0.224263 0.15325 0.884632
vn 0.707072 0.707142 0
v 0.22806 0.149454 0.859195
vn 0.866026 0.499999 0
v 0.226162 0.151352 0.846477
vn 0.707072 0.707142 0
v 0.226162 0.151352 0.859195
vn 0.707072 0.707142 0
v 0.22806 0.149454 0.833758
vn 0.866026 0.499999 0
v 0.226162 0.151352 0.82104
vn 0.707072 0.707142 0
v 0.226162 0.151352 0.833758
vn 0.707072 0.707142 0
v 0.222365 0.155149 0.82104
vn 0.707072 0.707142 0
v 0.222365 0.155149 0.833758
vn 0.707072 0.707142 0
v 0.224263 0.15325 0.833758
vn 0.707072 0.707142 0
v 0.218568 0.158945 0.82104
vn 0.707072 0.707142 0
v 0.218568 0.158945 0.833758
vn 0.707072 0.707142 0
v 0.220467 0.157047 0.833758
vn 0.707072 0.707142 0
v 0.214771 0.162741 0.82104
vn 0.707072 0.707142 0
v 0.214771 0.162741 0.833758
vn 0.707072 0.707142 0
v 0.21667 0.160843 0.833758
vn 0.707072 0.707142 0
v 0.218568 0.158945 0.859195
vn 0.707072 0.707142 0
v 0.220467 0.157047 0.859195
vn 0.707072 0.707142 0
v 0.218568 0.158945 0.846477
vn 0.707072 0.707142 0
v 0.224263 0.15325 0.859195
vn 0.707072 0.707142 0
v 0.222365 0.155149 0.846477
vn 0.707072 0.707142 0
v 0.222365 0.155149 0.859195
vn 0.707072 0.707142 0
v 0.22806 0.149454 0.808322
vn 0.866026 0.499999 0
v 0.226162 0.151352 0.795603
vn 0.707072 0.707142 0
v 0.226162 0.151352 0.808322
vn 0.707072 0.707142 0
v 0.22806 0.149454 0.782885
vn 0.866026 0.499999 0
v 0.226162 0.151352 0.770167
vn 0.707072 0.707142 0
v 0.226162 0.151352 0.782885
vn 0.707072 0.707142 0
v 0.222365 0.155149 0.770167
vn 0.707072 0.707142 0
v 0.222365 0.155149 0.782885
vn 0.707072 0.707142 0
v 0.224263 0.15325 0.782885
vn 0.707072 0.707142 0
v 0.22806 0.149454 0.757448
vn 0.866026 0.499999 0
v 0.226162 0.151352 0.74473
vn 0.707072 0.707142 0
v 0.226162 0.151352 0.757448
vn 0.707072 0.707142 0
v 0.22806 0.149454 0.732011
vn 0.866026 0.499999 0
v 0.226162 0.151352 0.732011
vn 0.707072 0.707142 0
v 0.222365 0.155149 0.732011
vn 0.707072 0.707142 0
v 0.224263 0.15325 0.732011
vn 0.707072 0.707142 0
v 0.218568 0.158945 0.732011
vn 0.707072 0.707142 0
v 0.220467 0.157047 0.732011
vn 0.707072 0.707142 0
v 0.214771 0.162741 0.732011
vn 0.707072 0.707142 0
v 0.21667 0.160843 0.732011
vn 0.707072 0.707142 0
v 0.218568 0.158945 0.757448
vn 0.707072 0.707142 0
v 0.220467 0.157047 0.757448
vn 0.707072 0.707142 0
v 0.218568 0.158945 0.74473
vn 0.707072 0.707142 0
v 0.224263 0.15325 0.757448
vn 0.707072 0.707142 0
v 0.222365 0.155149 0.74473
vn 0.707072 0.707142 0
v 0.222365 0.155149 0.757448
vn 0.707072 0.707142 0
v 0.210975 0.166538 0.732011
vn 0.707072 0.707142 0
v 0.212873 0.164639 0.732011
vn 0.707072 0.707142 0
v 0.207178 0.170334 0.732011
vn 0.707072 0.707142 0
v 0.209076 0.168436 0.732011
vn 0.707072 0.707142 0
v 0.210975 0.166538 0.757448
vn 0.707072 0.707142 0
v 0.212873 0.164639 0.757448
vn 0.707072 0.707142 0
v 0.210975 0.166538 0.74473
vn 0.707072 0.707142 0
v 0.203381 0.17413 0.732011
vn 0.707072 0.707142 0
v 0.20528 0.172232 0.732011
vn 0.707072 0.707142 0
v 0.199584 0.177927 0.732011
vn 0.707072 0.707142 0
v 0.201483 0.176029 0.732011
vn 0.707072 0.707142 0
v 0.203381 0.17413 0.757448
vn 0.707072 0.707142 0
v 0.20528 0.172232 0.757448
vn 0.707072 0.707142 0
v 0.203381 0.17413 0.74473
vn 0.707072 0.707142 0
v 0.207178 0.170334 0.782885
vn 0.707072 0.707142 0
v 0.209076 0.168436 0.782885
vn 0.707072 0.707142 0
v 0.207178 0.170334 0.770167
vn 0.707072 0.707142 0
v 0.210975 0.166538 0.808322
vn 0.707072 0.707142 0
v 0.212873 0.164639 0.808322
vn 0.707072 0.707142 0
v 0.210975 0.166538 0.795603
vn 0.707072 0.707142 0
v 0.212873 0.164639 0.782885
vn 0.707072 0.707142 0
v 0.210975 0.166538 0.770167
vn 0.707072 0.707142 0
v 0.210975 0.166538 0.782885
vn 0.707072 0.707142 0
v 0.207178 0.170334 0.74473
vn 0.707072 0.707142 0
v 0.207178 0.170334 0.757448
vn 0.707072 0.707142 0
v 0.209076 0.168436 0.757448
vn 0.707072 0.707142 0
v 0.224263 0.15325 0.808322
vn 0.707072 0.707142 0
v 0.220467 0.157047 0.782885
vn 0.707072 0.707142 0
v 0.222365 0.155149 0.795603
vn 0.707072 0.707142 0
v 0.220467 0.157047 0.808322
vn 0.707072 0.707142 0
v 0.222365 0.155149 0.808322
vn 0.707072 0.707142 0
v 0.21667 0.160843 0.757448
vn 0.707072 0.707142 0
v 0.218568 0.158945 0.770167
vn 0.707072 0.707142 0
v 0.214771 0.162741 0.74473
vn 0.707072 0.707142 0
v 0.214771 0.162741 0.770167
vn 0.707072 0.707142 0
v 0.214771 0.162741 0.757448
vn 0.707072 0.707142 0
v 0.214771 0.162741 0.795603
vn 0.707072 0.707142 0
v 0.214771 0.162741 0.782885
vn 0.707072 0.707142 0
v 0.214771 0.162741 0.808322
vn 0.707072 0.707142 0
v 0.218568 0.158945 0.808322
vn 0.707072 0.707142 0
v 0.21667 0.160843 0.808322
vn 0.707072 0.707142 0
v 0.218568 0.158945 0.782885
vn 0.707072 0.707142 0
v 0.21667 0.160843 0.782885
vn 0.707072 0.707142 0
v 0.218568 0.158945 0.795603
vn 0.707072 0.707142 0
v 0.199584 0.177927 0.884632
vn 0.707072 0.707142 0
v 0.207178 0.170334 0.910069
vn 0.707072 0.707142 0
v 0.210975 0.166538 0.922787
vn 0.707072 0.707142 0
v 0.210975 0.166538 0.910069
vn 0.707072 0.707142 0
v 0.209076 0.168436 0.910069
vn 0.707072 0.707142 0
v 0.207178 0.170334 0.884632
vn 0.707072 0.707142 0
v 0.20528 0.172232 0.884632
vn 0.707072 0.707142 0
v 0.207178 0.170334 0.89735
vn 0.707072 0.707142 0
v 0.203381 0.17413 0.859195
vn 0.707072 0.707142 0
v 0.201483 0.176029 0.859195
vn 0.707072 0.707142 0
v 0.203381 0.17413 0.871914
vn 0.707072 0.707142 0
v 0.199584 0.177927 0.833758
vn 0.707072 0.707142 0
v 0.199584 0.177927 0.846477
vn 0.707072 0.707142 0
v 0.199584 0.177927 0.871914
vn 0.707072 0.707142 0
v 0.199584 0.177927 0.859195
vn 0.707072 0.707142 0
v 0.203381 0.17413 0.89735
vn 0.707072 0.707142 0
v 0.203381 0.17413 0.884632
vn 0.707072 0.707142 0
v 0.201483 0.176029 0.884632
vn 0.707072 0.707142 0
v 0.214771 0.162741 0.910069
vn 0.707072 0.707142 0
v 0.212873 0.164639 0.910069
vn 0.707072 0.707142 0
v 0.218568 0.158945 0.910069
vn 0.707072 0.707142 0
v 0.21667 0.160843 0.910069
vn 0.707072 0.707142 0
v 0.214771 0.162741 0.884632
vn 0.707072 0.707142 0
v 0.212873 0.164639 0.884632
vn 0.707072 0.707142 0
v 0.214771 0.162741 0.89735
vn 0.707072 0.707142 0
v 0.222365 0.155149 0.922787
vn 0.707072 0.707142 0
v 0.222365 0.155149 0.910069
vn 0.707072 0.707142 0
v 0.220467 0.157047 0.910069
vn 0.707072 0.707142 0
v 0.224263 0.15325 0.910069
vn 0.707072 0.707142 0
v 0.220467 0.157047 0.884632
vn 0.707072 0.707142 0
v 0.222365 0.155149 0.89735
vn 0.707072 0.707142 0
v 0.21667 0.160843 0.859195
vn 0.707072 0.707142 0
v 0.218568 0.158945 0.871914
vn 0.707072 0.707142 0
v 0.212873 0.164639 0.833758
vn 0.707072 0.707142 0
v 0.214771 0.162741 0.846477
vn 0.707072 0.707142 0
v 0.212873 0.164639 0.859195
vn 0.707072 0.707142 0
v 0.214771 0.162741 0.871914
vn 0.707072 0.707142 0
v 0.214771 0.162741 0.859195
vn 0.707072 0.707142 0
v 0.218568 0.158945 0.89735
vn 0.707072 0.707142 0
v 0.218568 0.158945 0.884632
vn 0.707072 0.707142 0
v 0.21667 0.160843 0.884632
vn 0.707072 0.707142 0
v 0.209076 0.168436 0.808322
vn 0.707072 0.707142 0
v 0.210975 0.166538 0.82104
vn 0.707072 0.707142 0
v 0.20528 0.172232 0.782885
vn 0.707072 0.707142 0
v 0.207178 0.170334 0.795603
vn 0.707072 0.707142 0
v 0.20528 0.172232 0.808322
vn 0.707072 0.707142 0
v 0.207178 0.170334 0.82104
vn 0.707072 0.707142 0
v 0.207178 0.170334 0.808322
vn 0.707072 0.707142 0
v 0.201483 0.176029 0.757448
vn 0.707072 0.707142 0
v 0.203381 0.17413 0.770167
vn 0.707072 0.707142 0
v 0.199584 0.177927 0.74473
vn 0.707072 0.707142 0
v 0.199584 0.177927 0.770167
vn 0.707072 0.707142 0
v 0.199584 0.177927 0.757448
vn 0.707072 0.707142 0
v 0.199584 0.177927 0.795603
vn 0.707072 0.707142 0
v 0.199584 0.177927 0.782885
vn 0.707072 0.707142 0
v 0.199584 0.177927 0.82104
vn 0.707072 0.707142 0
v 0.199584 0.177927 0.808322
vn 0.707072 0.707142 0
v 0.203381 0.17413 0.82104
vn 0.707072 0.707142 0
v 0.203381 0.17413 0.808322
vn 0.707072 0.707142 0
v 0.201483 0.176029 0.808322
vn 0.707072 0.707142 0
v 0.203381 0.17413 0.782885
vn 0.707072 0.707142 0
v 0.201483 0.176029 0.782885
vn 0.707072 0.707142 0
v 0.203381 0.17413 0.795603
vn 0.707072 0.707142 0
v 0.210975 0.166538 0.89735
vn 0.707072 0.707142 0
v 0.210975 0.166538 0.871914
vn 0.707072 0.707142 0
v 0.210975 0.166538 0.884632
vn 0.707072 0.707142 0
v 0.207178 0.170334 0.871914
vn 0.707072 0.707142 0
v 0.209076 0.168436 0.884632
vn 0.707072 0.707142 0
v 0.210975 0.166538 0.846477
vn 0.707072 0.707142 0
v 0.210975 0.166538 0.859195
vn 0.707072 0.707142 0
v 0.210975 0.166538 0.833758
vn 0.707072 0.707142 0
v 0.207178 0.170334 0.833758
vn 0.707072 0.707142 0
v 0.209076 0.168436 0.833758
vn 0.707072 0.707142 0
v 0.203381 0.17413 0.833758
vn 0.707072 0.707142 0
v 0.20528 0.172232 0.833758
vn 0.707072 0.707142 0
v 0.201483 0.176029 0.833758
vn 0.707072 0.707142 0
v 0.20528 0.172232 0.859195
vn 0.707072 0.707142 0
v 0.203381 0.17413 0.846477
vn 0.707072 0.707142 0
v 0.209076 0.168436 0.859195
vn 0.707072 0.707142 0
v 0.207178 0.170334 0.846477
vn 0.707072 0.707142 0
v 0.207178 0.170334 0.859195
vn 0.707072 0.707142 0
v 0.235699 0.120933 0.82104
vn 0.965948 0.258735 0
v 0.235699 0.120933 0.833758
vn 0.965948 0.258735 0
v 0.236394 0.11834 0.833758
vn 0.965948 0.258735 0
v 0.234311 0.126119 0.82104
vn 0.965948 0.258735 0
v 0.234311 0.126119 0.833758
vn 0.965948 0.258735 0
v 0.235005 0.123526 0.833758
vn 0.965948 0.258735 0
v 0.235699 0.120933 0.859195
vn 0.965948 0.258735 0
v 0.236394 0.11834 0.859195
vn 0.965948 0.258735 0
v 0.235699 0.120933 0.846477
vn 0.965948 0.258735 0
v 0.230144 0.141676 0.732011
vn 0.965948 0.258735 0
v 0.228755 0.146861 0.732011
vn 0.965948 0.258735 0
v 0.229449 0.144268 0.732011
vn 0.965948 0.258735 0
v 0.230144 0.141676 0.757448
vn 0.965948 0.258735 0
v 0.230838 0.139083 0.757448
vn 0.965948 0.258735 0
v 0.230144 0.141676 0.74473
vn 0.965948 0.258735 0
v 0.231533 0.13649 0.782885
vn 0.965948 0.258735 0
v 0.232227 0.133897 0.782885
vn 0.965948 0.258735 0
v 0.231533 0.13649 0.770167
vn 0.965948 0.258735 0
v 0.232922 0.131304 0.808322
vn 0.965948 0.258735 0
v 0.233616 0.128711 0.808322
vn 0.965948 0.258735 0
v 0.232922 0.131304 0.795603
vn 0.965948 0.258735 0
v 0.233616 0.128711 0.782885
vn 0.965948 0.258735 0
v 0.232922 0.131304 0.770167
vn 0.965948 0.258735 0
v 0.232922 0.131304 0.782885
vn 0.965948 0.258735 0
v 0.236394 0.11834 0.808322
vn 0.965948 0.258735 0
v 0.234311 0.126119 0.770167
vn 0.965948 0.258735 0
v 0.234311 0.126119 0.795603
vn 0.965948 0.258735 0
v 0.234311 0.126119 0.782885
vn 0.965948 0.258735 0
v 0.234311 0.126119 0.808322
vn 0.965948 0.258735 0
v 0.235699 0.120933 0.808322
vn 0.965948 0.258735 0
v 0.235005 0.123526 0.808322
vn 0.965948 0.258735 0
v 0.235005 0.123526 0.782885
vn 0.965948 0.258735 0
v 0.235699 0.120933 0.795603
vn 0.965948 0.258735 0
v 0.228755 0.146861 0.910069
vn 0.965948 0.258735 0
v 0.230144 0.141676 0.910069
vn 0.965948 0.258735 0
v 0.229449 0.144268 0.910069
vn 0.965948 0.258735 0
v 0.228755 0.146861 0.884632
vn 0.965948 0.258735 0
v 0.228755 0.146861 0.89735
vn 0.965948 0.258735 0
v 0.231533 0.13649 0.910069
vn 0.965948 0.258735 0
v 0.230838 0.139083 0.910069
vn 0.965948 0.258735 0
v 0.232922 0.131304 0.910069
vn 0.965948 0.258735 0
v 0.232227 0.133897 0.910069
vn 0.965948 0.258735 0
v 0.231533 0.13649 0.884632
vn 0.965948 0.258735 0
v 0.230838 0.139083 0.884632
vn 0.965948 0.258735 0
v 0.231533 0.13649 0.89735
vn 0.965948 0.258735 0
v 0.230144 0.141676 0.859195
vn 0.965948 0.258735 0
v 0.229449 0.144268 0.859195
vn 0.965948 0.258735 0
v 0.230144 0.141676 0.871914
vn 0.965948 0.258735 0
v 0.228755 0.146861 0.833758
vn 0.965948 0.258735 0
v 0.228755 0.146861 0.846477
vn 0.965948 0.258735 0
v 0.228755 0.146861 0.871914
vn 0.965948 0.258735 0
v 0.228755 0.146861 0.859195
vn 0.965948 0.258735 0
v 0.230144 0.141676 0.89735
vn 0.965948 0.258735 0
v 0.230144 0.141676 0.884632
vn 0.965948 0.258735 0
v 0.229449 0.144268 0.884632
vn 0.965948 0.258735 0
v 0.234311 0.126119 0.910069
vn 0.965948 0.258735 0
v 0.233616 0.128711 0.910069
vn 0.965948 0.258735 0
v 0.235005 0.123526 0.910069
vn 0.965948 0.258735 0
v 0.234311 0.126119 0.884632
vn 0.965948 0.258735 0
v 0.233616 0.128711 0.884632
vn 0.965948 0.258735 0
v 0.234311 0.126119 0.89735
vn 0.965948 0.258735 0
v 0.235005 0.123526 0.859195
vn 0.965948 0.258735 0
v 0.235699 0.120933 0.871914
vn 0.965948 0.258735 0
v 0.233616 0.128711 0.833758
vn 0.965948 0.258735 0
v 0.234311 0.126119 0.846477
vn 0.965948 0.258735 0
v 0.233616 0.128711 0.859195
vn 0.965948 0.258735 0
v 0.234311 0.126119 0.871914
vn 0.965948 0.258735 0
v 0.234311 0.126119 0.859195
vn 0.965948 0.258735 0
v 0.235699 0.120933 0.884632
vn 0.965948 0.258735 0
v 0.235005 0.123526 0.884632
vn 0.965948 0.258735 0
v 0.232227 0.133897 0.808322
vn 0.965948 0.258735 0
v 0.232922 0.131304 0.82104
vn 0.965948 0.258735 0
v 0.230838 0.139083 0.782885
vn 0.965948 0.258735 0
v 0.231533 0.13649 0.795603
vn 0.965948 0.258735 0
v 0.230838 0.139083 0.808322
vn 0.965948 0.258735 0
v 0.231533 0.13649 0.82104
vn 0.965948 0.258735 0
v 0.231533 0.13649 0.808322
vn 0.965948 0.258735 0
v 0.229449 0.144268 0.757448
vn 0.965948 0.258735 0
v 0.230144 0.141676 0.770167
vn 0.965948 0.258735 0
v 0.228755 0.146861 0.74473
vn 0.965948 0.258735 0
v 0.228755 0.146861 0.770167
vn 0.965948 0.258735 0
v 0.228755 0.146861 0.757448
vn 0.965948 0.258735 0
v 0.228755 0.146861 0.795603
vn 0.965948 0.258735 0
v 0.228755 0.146861 0.782885
vn 0.965948 0.258735 0
v 0.228755 0.146861 0.82104
vn 0.965948 0.258735 0
v 0.228755 0.146861 0.808322
vn 0.965948 0.258735 0
v 0.230144 0.141676 0.82104
vn 0.965948 0.258735 0
v 0.230144 0.141676 0.808322
vn 0.965948 0.258735 0
v 0.229449 0.144268 0.808322
vn 0.965948 0.258735 0
v 0.230144 0.141676 0.782885
vn 0.965948 0.258735 0
v 0.229449 0.144268 0.782885
vn 0.965948 0.258735 0
v 0.230144 0.141676 0.795603
vn 0.965948 0.258735 0
v 0.232922 0.131304 0.89735
vn 0.965948 0.258735 0
v 0.232922 0.131304 0.871914
vn 0.965948 0.258735 0
v 0.232922 0.131304 0.884632
vn 0.965948 0.258735 0
v 0.231533 0.13649 0.871914
vn 0.965948 0.258735 0
v 0.232227 0.133897 0.884632
vn 0.965948 0.258735 0
v 0.232922 0.131304 0.846477
vn 0.965948 0.258735 0
v 0.232922 0.131304 0.859195
vn 0.965948 0.258735 0
v 0.232922 0.131304 0.833758
vn 0.965948 0.258735 0
v 0.231533 0.13649 0.833758
vn 0.965948 0.258735 0
v 0.232227 0.133897 0.833758
vn 0.965948 0.258735 0
v 0.230144 0.141676 0.833758
vn 0.965948 0.258735 0
v 0.230838 0.139083 0.833758
vn 0.965948 0.258735 0
v 0.229449 0.144268 0.833758
vn 0.965948 0.258735 0
v 0.230838 0.139083 0.859195
vn 0.965948 0.258735 0
v 0.230144 0.141676 0.846477
vn 0.965948 0.258735 0
v 0.232227 0.133897 0.859195
vn 0.965948 0.258735 0
v 0.231533 0.13649 0.846477
vn 0.965948 0.258735 0
v 0.231533 0.13649 0.859195
vn 0.965948 0.258735 0
v 0.197686 0.036112 0.910069
vn 0.675804 -0.737081 0
v 0.197686 0.036112 0.884632
vn 0.675804 -0.737081 0
v 0.197686 0.036112 0.859195
vn 0.675804 -0.737081 0
v 0.197686 0.036112 0.833758
vn 0.675804 -0.737081 0
v 0.197686 0.036112 0.808322
vn 0.675804 -0.737081 0
v 0.197686 0.036112 0.782885
vn 0.675804 -0.737081 0
v 0.197686 0.036112 0.757448
vn 0.675804 -0.737081 0
v 0.197686 0.036112 0.732011
vn 0.685832 -0.72776 0
v 0.156201 0.025 0.910069
vn 0 -1 0
v 0.158794 0.0256945 0.89735
vn 0.258735 -0.965948 0
v 0.158794 0.0256945 0.910069
vn 0.258735 -0.965948 0
v 0.156201 0.025 0.884632
vn 0 -1 0
v 0.158794 0.0256945 0.871914
vn 0.258735 -0.965948 0
v 0.158794 0.0256945 0.884632
vn 0.258735 -0.965948 0
v 0.163979 0.0270835 0.884632
vn 0.258735 -0.965948 0
v 0.161387 0.026389 0.884632
vn 0.258735 -0.965948 0
v 0.156201 0.025 0.859195
vn 0 -1 0
v 0.158794 0.0256945 0.846477
vn 0.258735 -0.965948 0
v 0.158794 0.0256945 0.859195
vn 0.258735 -0.965948 0
v 0.156201 0.025 0.833758
vn 0 -1 0
v 0.158794 0.0256945 0.82104
vn 0.258735 -0.965948 0
v 0.158794 0.0256945 0.833758
vn 0.258735 -0.965948 0
v 0.163979 0.0270835 0.82104
vn 0.258735 -0.965948 0
v 0.163979 0.0270835 0.833758
vn 0.258735 -0.965948 0
v 0.161387 0.026389 0.833758
vn 0.258735 -0.965948 0
v 0.169165 0.0284725 0.82104
vn 0.258735 -0.965948 0
v 0.169165 0.0284725 0.833758
vn 0.258735 -0.965948 0
v 0.166572 0.027778 0.833758
vn 0.258735 -0.965948 0
v 0.161387 0.026389 0.859195
vn 0.258735 -0.965948 0
v 0.163979 0.0270835 0.846477
vn 0.258735 -0.965948 0
v 0.163979 0.0270835 0.859195
vn 0.258735 -0.965948 0
v 0.156201 0.025 0.808322
vn 0 -1 0
v 0.158794 0.0256945 0.795603
vn 0.258735 -0.965948 0
v 0.158794 0.0256945 0.808322
vn 0.258735 -0.965948 0
v 0.156201 0.025 0.782885
vn 0 -1 0
v 0.158794 0.0256945 0.770167
vn 0.258735 -0.965948 0
v 0.158794 0.0256945 0.782885
vn 0.258735 -0.965948 0
v 0.163979 0.0270835 0.770167
vn 0.258735 -0.965948 0
v 0.163979 0.0270835 0.782885
vn 0.258735 -0.965948 0
v 0.161387 0.026389 0.782885
vn 0.258735 -0.965948 0
v 0.156201 0.025 0.757448
vn 0 -1 0
v 0.158794 0.0256945 0.74473
vn 0.258735 -0.965948 0
v 0.158794 0.0256945 0.757448
vn 0.258735 -0.965948 0
v 0.156201 0.025 0.732011
vn 0 -1 0
v 0.158794 0.0256945 0.732011
vn 0.258735 -0.965948 0
v 0.163979 0.0270835 0.732011
vn 0.258735 -0.965948 0
v 0.161387 0.026389 0.732011
vn 0.258735 -0.965948 0
v 0.169165 0.0284725 0.732011
vn 0.258735 -0.965948 0
v 0.166572 0.027778 0.732011
vn 0.258735 -0.965948 0
v 0.174351 0.0298615 0.732011
vn 0.258735 -0.965948 0
v 0.171758 0.029167 0.732011
vn 0.258735 -0.965948 0
v 0.169165 0.0284725 0.757448
vn 0.258735 -0.965948 0
v 0.166572 0.027778 0.757448
vn 0.258735 -0.965948 0
v 0.169165 0.0284725 0.74473
vn 0.258735 -0.965948 0
v 0.161387 0.026389 0.757448
vn 0.258735 -0.965948 0
v 0.163979 0.0270835 0.74473
vn 0.258735 -0.965948 0
v 0.163979 0.0270835 0.757448
vn 0.258735 -0.965948 0
v 0.179536 0.0312505 0.732011
vn 0.258735 -0.965948 0
v 0.176944 0.030556 0.732011
vn 0.258735 -0.965948 0
v 0.184722 0.0326395 0.732011
vn 0.258735 -0.965948 0
v 0.182129 0.031945 0.732011
vn 0.258735 -0.965948 0
v 0.179536 0.0312505 0.757448
vn 0.258735 -0.965948 0
v 0.176944 0.030556 0.757448
vn 0.258735 -0.965948 0
v 0.179536 0.0312505 0.74473
vn 0.258735 -0.965948 0
v 0.187315 0.033334 0.732011
vn 0.258735 -0.965948 0
v 0.176944 0.030556 0.782885
vn 0.258735 -0.965948 0
v 0.179536 0.0312505 0.770167
vn 0.258735 -0.965948 0
v 0.184722 0.0326395 0.74473
vn 0.258735 -0.965948 0
v 0.182129 0.031945 0.757448
vn 0.258735 -0.965948 0
v 0.161387 0.026389 0.808322
vn 0.258735 -0.965948 0
v 0.166572 0.027778 0.782885
vn 0.258735 -0.965948 0
v 0.163979 0.0270835 0.795603
vn 0.258735 -0.965948 0
v 0.166572 0.027778 0.808322
vn 0.258735 -0.965948 0
v 0.163979 0.0270835 0.808322
vn 0.258735 -0.965948 0
v 0.171758 0.029167 0.757448
vn 0.258735 -0.965948 0
v 0.169165 0.0284725 0.770167
vn 0.258735 -0.965948 0
v 0.174351 0.0298615 0.74473
vn 0.258735 -0.965948 0
v 0.174351 0.0298615 0.770167
vn 0.258735 -0.965948 0
v 0.174351 0.0298615 0.757448
vn 0.258735 -0.965948 0
v 0.174351 0.0298615 0.795603
vn 0.258735 -0.965948 0
v 0.174351 0.0298615 0.782885
vn 0.258735 -0.965948 0
v 0.169165 0.0284725 0.808322
vn 0.258735 -0.965948 0
v 0.171758 0.029167 0.808322
vn 0.258735 -0.965948 0
v 0.169165 0.0284725 0.782885
vn 0.258735 -0.965948 0
v 0.171758 0.029167 0.782885
vn 0.258735 -0.965948 0
v 0.169165 0.0284725 0.795603
vn 0.258735 -0.965948 0
v 0.195093 0.0354175 0.922787
vn 0.258735 -0.965948 0
v 0.195093 0.0354175 0.910069
vn 0.258735 -0.965948 0
v 0.189908 0.0340285 0.922787
vn 0.258735 -0.965948 0
v 0.189908 0.0340285 0.910069
vn 0.258735 -0.965948 0
v 0.1925 0.034723 0.910069
vn 0.258735 -0.965948 0
v 0.195093 0.0354175 0.884632
vn 0.258735 -0.965948 0
v 0.195093 0.0354175 0.89735
vn 0.258735 -0.965948 0
v 0.184722 0.0326395 0.922787
vn 0.258735 -0.965948 0
v 0.184722 0.0326395 0.910069
vn 0.258735 -0.965948 0
v 0.187315 0.033334 0.910069
vn 0.258735 -0.965948 0
v 0.179536 0.0312505 0.922787
vn 0.258735 -0.965948 0
v 0.179536 0.0312505 0.910069
vn 0.258735 -0.965948 0
v 0.182129 0.031945 0.910069
vn 0.258735 -0.965948 0
v 0.184722 0.0326395 0.884632
vn 0.258735 -0.965948 0
v 0.187315 0.033334 0.884632
vn 0.258735 -0.965948 0
v 0.184722 0.0326395 0.89735
vn 0.258735 -0.965948 0
v 0.189908 0.0340285 0.859195
vn 0.258735 -0.965948 0
v 0.1925 0.034723 0.859195
vn 0.258735 -0.965948 0
v 0.189908 0.0340285 0.871914
vn 0.258735 -0.965948 0
v 0.189908 0.0340285 0.89735
vn 0.258735 -0.965948 0
v 0.189908 0.0340285 0.884632
vn 0.258735 -0.965948 0
v 0.1925 0.034723 0.884632
vn 0.258735 -0.965948 0
v 0.174351 0.0298615 0.922787
vn 0.258735 -0.965948 0
v 0.174351 0.0298615 0.910069
vn 0.258735 -0.965948 0
v 0.176944 0.030556 0.910069
vn 0.258735 -0.965948 0
v 0.169165 0.0284725 0.922787
vn 0.258735 -0.965948 0
v 0.169165 0.0284725 0.910069
vn 0.258735 -0.965948 0
v 0.171758 0.029167 0.910069
vn 0.258735 -0.965948 0
v 0.174351 0.0298615 0.884632
vn 0.258735 -0.965948 0
v 0.176944 0.030556 0.884632
vn 0.258735 -0.965948 0
v 0.174351 0.0298615 0.89735
vn 0.258735 -0.965948 0
v 0.163979 0.0270835 0.922787
vn 0.258735 -0.965948 0
v 0.163979 0.0270835 0.910069
vn 0.258735 -0.965948 0
v 0.166572 0.027778 0.910069
vn 0.258735 -0.965948 0
v 0.158794 0.0256945 0.922787
vn 0.258735 -0.965948 0
v 0.161387 0.026389 0.910069
vn 0.258735 -0.965948 0
v 0.163979 0.0270835 0.89735
vn 0.258735 -0.965948 0
v 0.176944 0.030556 0.859195
vn 0.258735 -0.965948 0
v 0.174351 0.0298615 0.871914
vn 0.258735 -0.965948 0
v 0.169165 0.0284725 0.89735
vn 0.258735 -0.965948 0
v 0.171758 0.029167 0.884632
vn 0.258735 -0.965948 0
v 0.179536 0.0312505 0.89735
vn 0.258735 -0.965948 0
v 0.179536 0.0312505 0.871914
vn 0.258735 -0.965948 0
v 0.179536 0.0312505 0.884632
vn 0.258735 -0.965948 0
v 0.184722 0.0326395 0.871914
vn 0.258735 -0.965948 0
v 0.182129 0.031945 0.884632
vn 0.258735 -0.965948 0
v 0.179536 0.0312505 0.846477
vn 0.258735 -0.965948 0
v 0.179536 0.0312505 0.859195
vn 0.258735 -0.965948 0
v 0.189908 0.0340285 0.833758
vn 0.258735 -0.965948 0
v 0.1925 0.034723 0.833758
vn 0.258735 -0.965948 0
v 0.187315 0.033334 0.859195
vn 0.258735 -0.965948 0
v 0.189908 0.0340285 0.846477
vn 0.258735 -0.965948 0
v 0.182129 0.031945 0.859195
vn 0.258735 -0.965948 0
v 0.184722 0.0326395 0.859195
vn 0.258735 -0.965948 0
v 0.114715 0.036112 0.910069
vn -0.499969 -0.866043 0
v 0.117308 0.0354175 0.89735
vn -0.258729 -0.96595 0
v 0.117308 0.0354175 0.910069
vn -0.258729 -0.96595 0
v 0.114715 0.036112 0.884632
vn -0.499969 -0.866043 0
v 0.117308 0.0354175 0.871914
vn -0.258729 -0.96595 0
v 0.117308 0.0354175 0.884632
vn -0.258729 -0.96595 0
v 0.122494 0.0340285 0.871914
vn -0.258729 -0.96595 0
v 0.122494 0.0340285 0.884632
vn -0.258729 -0.96595 0
v 0.119901 0.034723 0.884632
vn -0.258729 -0.96595 0
v 0.114715 0.036112 0.859195
vn -0.499969 -0.866043 0
v 0.117308 0.0354175 0.846477
vn -0.258729 -0.96595 0
v 0.117308 0.0354175 0.859195
vn -0.258729 -0.96595 0
v 0.114715 0.036112 0.833758
vn -0.499969 -0.866043 0
v 0.117308 0.0354175 0.82104
vn -0.258729 -0.96595 0
v 0.117308 0.0354175 0.833758
vn -0.258729 -0.96595 0
v 0.122494 0.0340285 0.82104
vn -0.258729 -0.96595 0
v 0.122494 0.0340285 0.833758
vn -0.258729 -0.96595 0
v 0.119901 0.034723 0.833758
vn -0.258729 -0.96595 0
v 0.127679 0.0326395 0.82104
vn -0.258729 -0.96595 0
v 0.127679 0.0326395 0.833758
vn -0.258729 -0.96595 0
v 0.125087 0.033334 0.833758
vn -0.258729 -0.96595 0
v 0.132865 0.0312505 0.82104
vn -0.258729 -0.96595 0
v 0.132865 0.0312505 0.833758
vn -0.258729 -0.96595 0
v 0.130272 0.031945 0.833758
vn -0.258729 -0.96595 0
v 0.127679 0.0326395 0.859195
vn -0.258729 -0.96595 0
v 0.125087 0.033334 0.859195
vn -0.258729 -0.96595 0
v 0.127679 0.0326395 0.846477
vn -0.258729 -0.96595 0
v 0.119901 0.034723 0.859195
vn -0.258729 -0.96595 0
v 0.122494 0.0340285 0.846477
vn -0.258729 -0.96595 0
v 0.122494 0.0340285 0.859195
vn -0.258729 -0.96595 0
v 0.114715 0.036112 0.808322
vn -0.499969 -0.866043 0
v 0.117308 0.0354175 0.795603
vn -0.258729 -0.96595 0
v 0.117308 0.0354175 0.808322
vn -0.258729 -0.96595 0
v 0.114715 0.036112 0.782885
vn -0.499969 -0.866043 0
v 0.117308 0.0354175 0.770167
vn -0.258729 -0.96595 0
v 0.117308 0.0354175 0.782885
vn -0.258729 -0.96595 0
v 0.122494 0.0340285 0.770167
vn -0.258729 -0.96595 0
v 0.122494 0.0340285 0.782885
vn -0.258729 -0.96595 0
v 0.119901 0.034723 0.782885
vn -0.258729 -0.96595 0
v 0.114715 0.036112 0.757448
vn -0.499969 -0.866043 0
v 0.117308 0.0354175 0.74473
vn -0.258729 -0.96595 0
v 0.117308 0.0354175 0.757448
vn -0.258729 -0.96595 0
v 0.114715 0.036112 0.732011
vn -0.499969 -0.866043 0
v 0.117308 0.0354175 0.732011
vn -0.258729 -0.96595 0
v 0.122494 0.0340285 0.732011
vn -0.258729 -0.96595 0
v 0.119901 0.034723 0.732011
vn -0.258729 -0.96595 0
v 0.127679 0.0326395 0.732011
vn -0.258729 -0.96595 0
v 0.125087 0.033334 0.732011
vn -0.258729 -0.96595 0
v 0.132865 0.0312505 0.732011
vn -0.258729 -0.96595 0
v 0.130272 0.031945 0.732011
vn -0.258729 -0.96595 0
v 0.127679 0.0326395 0.757448
vn -0.258729 -0.96595 0
v 0.125087 0.033334 0.757448
vn -0.258729 -0.96595 0
v 0.127679 0.0326395 0.74473
vn -0.258729 -0.96595 0
v 0.119901 0.034723 0.757448
vn -0.258729 -0.96595 0
v 0.122494 0.0340285 0.74473
vn -0.258729 -0.96595 0
v 0.122494 0.0340285 0.757448
vn -0.258729 -0.96595 0
v 0.138051 0.0298615 0.732011
vn -0.258729 -0.96595 0
v 0.135458 0.030556 0.732011
vn -0.258729 -0.96595 0
v 0.143237 0.0284725 0.732011
vn -0.258729 -0.96595 0
v 0.140644 0.029167 0.732011
vn -0.258729 -0.96595 0
v 0.138051 0.0298615 0.757448
vn -0.258729 -0.96595 0
v 0.135458 0.030556 0.757448
vn -0.258729 -0.96595 0
v 0.138051 0.0298615 0.74473
vn -0.258729 -0.96595 0
v 0.148422 0.0270835 0.732011
vn -0.258729 -0.96595 0
v 0.14583 0.027778 0.732011
vn -0.258729 -0.96595 0
v 0.153608 0.0256945 0.732011
vn -0.258729 -0.96595 0
v 0.151015 0.026389 0.732011
vn -0.258729 -0.96595 0
v 0.148422 0.0270835 0.757448
vn -0.258729 -0.96595 0
v 0.14583 0.027778 0.757448
vn -0.258729 -0.96595 0
v 0.148422 0.0270835 0.74473
vn -0.258729 -0.96595 0
v 0.143237 0.0284725 0.782885
vn -0.258729 -0.96595 0
v 0.140644 0.029167 0.782885
vn -0.258729 -0.96595 0
v 0.143237 0.0284725 0.770167
vn -0.258729 -0.96595 0
v 0.138051 0.0298615 0.808322
vn -0.258729 -0.96595 0
v 0.135458 0.030556 0.808322
vn -0.258729 -0.96595 0
v 0.138051 0.0298615 0.795603
vn -0.258729 -0.96595 0
v 0.135458 0.030556 0.782885
vn -0.258729 -0.96595 0
v 0.138051 0.0298615 0.770167
vn -0.258729 -0.96595 0
v 0.138051 0.0298615 0.782885
vn -0.258729 -0.96595 0
v 0.143237 0.0284725 0.74473
vn -0.258729 -0.96595 0
v 0.143237 0.0284725 0.757448
vn -0.258729 -0.96595 0
v 0.140644 0.029167 0.757448
vn -0.258729 -0.96595 0
v 0.119901 0.034723 0.808322
vn -0.258729 -0.96595 0
v 0.125087 0.033334 0.782885
vn -0.258729 -0.96595 0
v 0.122494 0.0340285 0.795603
vn -0.258729 -0.96595 0
v 0.125087 0.033334 0.808322
vn -0.258729 -0.96595 0
v 0.122494 0.0340285 0.808322
vn -0.258729 -0.96595 0
v 0.130272 0.031945 0.757448
vn -0.258729 -0.96595 0
v 0.127679 0.0326395 0.770167
vn -0.258729 -0.96595 0
v 0.132865 0.0312505 0.74473
vn -0.258729 -0.96595 0
v 0.132865 0.0312505 0.770167
vn -0.258729 -0.96595 0
v 0.132865 0.0312505 0.757448
vn -0.258729 -0.96595 0
v 0.132865 0.0312505 0.795603
vn -0.258729 -0.96595 0
v 0.132865 0.0312505 0.782885
vn -0.258729 -0.96595 0
v 0.132865 0.0312505 0.808322
vn -0.258729 -0.96595 0
v 0.127679 0.0326395 0.808322
vn -0.258729 -0.96595 0
v 0.130272 0.031945 0.808322
vn -0.258729 -0.96595 0
v 0.127679 0.0326395 0.782885
vn -0.258729 -0.96595 0
v 0.130272 0.031945 0.782885
vn -0.258729 -0.96595 0
v 0.127679 0.0326395 0.795603
vn -0.258729 -0.96595 0
v 0.153608 0.0256945 0.922787
vn -0.258729 -0.96595 0
v 0.153608 0.0256945 0.910069
vn -0.258729 -0.96595 0
v 0.148422 0.0270835 0.922787
vn -0.258729 -0.96595 0
v 0.148422 0.0270835 0.910069
vn -0.258729 -0.96595 0
v 0.151015 0.026389 0.910069
vn -0.258729 -0.96595 0
v 0.153608 0.0256945 0.884632
vn -0.258729 -0.96595 0
v 0.153608 0.0256945 0.89735
vn -0.258729 -0.96595 0
v 0.143237 0.0284725 0.922787
vn -0.258729 -0.96595 0
v 0.143237 0.0284725 0.910069
vn -0.258729 -0.96595 0
v 0.14583 0.027778 0.910069
vn -0.258729 -0.96595 0
v 0.138051 0.0298615 0.922787
vn -0.258729 -0.96595 0
v 0.138051 0.0298615 0.910069
vn -0.258729 -0.96595 0
v 0.140644 0.029167 0.910069
vn -0.258729 -0.96595 0
v 0.143237 0.0284725 0.884632
vn -0.258729 -0.96595 0
v 0.14583 0.027778 0.884632
vn -0.258729 -0.96595 0
v 0.143237 0.0284725 0.89735
vn -0.258729 -0.96595 0
v 0.148422 0.0270835 0.859195
vn -0.258729 -0.96595 0
v 0.151015 0.026389 0.859195
vn -0.258729 -0.96595 0
v 0.148422 0.0270835 0.871914
vn -0.258729 -0.96595 0
v 0.153608 0.0256945 0.833758
vn -0.258729 -0.96595 0
v 0.153608 0.0256945 0.846477
vn -0.258729 -0.96595 0
v 0.153608 0.0256945 0.871914
vn -0.258729 -0.96595 0
v 0.153608 0.0256945 0.859195
vn -0.258729 -0.96595 0
v 0.148422 0.0270835 0.89735
vn -0.258729 -0.96595 0
v 0.148422 0.0270835 0.884632
vn -0.258729 -0.96595 0
v 0.151015 0.026389 0.884632
vn -0.258729 -0.96595 0
v 0.132865 0.0312505 0.922787
vn -0.258729 -0.96595 0
v 0.132865 0.0312505 0.910069
vn -0.258729 -0.96595 0
v 0.135458 0.030556 0.910069
vn -0.258729 -0.96595 0
v 0.127679 0.0326395 0.922787
vn -0.258729 -0.96595 0
v 0.127679 0.0326395 0.910069
vn -0.258729 -0.96595 0
v 0.130272 0.031945 0.910069
vn -0.258729 -0.96595 0
v 0.132865 0.0312505 0.884632
vn -0.258729 -0.96595 0
v 0.135458 0.030556 0.884632
vn -0.258729 -0.96595 0
v 0.132865 0.0312505 0.89735
vn -0.258729 -0.96595 0
v 0.122494 0.0340285 0.922787
vn -0.258729 -0.96595 0
v 0.122494 0.0340285 0.910069
vn -0.258729 -0.96595 0
v 0.125087 0.033334 0.910069
vn -0.258729 -0.96595 0
v 0.117308 0.0354175 0.922787
vn -0.258729 -0.96595 0
v 0.119901 0.034723 0.910069
vn -0.258729 -0.96595 0
v 0.125087 0.033334 0.884632
vn -0.258729 -0.96595 0
v 0.122494 0.0340285 0.89735
vn -0.258729 -0.96595 0
v 0.130272 0.031945 0.859195
vn -0.258729 -0.96595 0
v 0.127679 0.0326395 0.871914
vn -0.258729 -0.96595 0
v 0.135458 0.030556 0.833758
vn -0.258729 -0.96595 0
v 0.132865 0.0312505 0.846477
vn -0.258729 -0.96595 0
v 0.135458 0.030556 0.859195
vn -0.258729 -0.96595 0
v 0.132865 0.0312505 0.871914
vn -0.258729 -0.96595 0
v 0.132865 0.0312505 0.859195
vn -0.258729 -0.96595 0
v 0.127679 0.0326395 0.89735
vn -0.258729 -0.96595 0
v 0.127679 0.0326395 0.884632
vn -0.258729 -0.96595 0
v 0.130272 0.031945 0.884632
vn -0.258729 -0.96595 0
v 0.140644 0.029167 0.808322
vn -0.258729 -0.96595 0
v 0.138051 0.0298615 0.82104
vn -0.258729 -0.96595 0
v 0.14583 0.027778 0.782885
vn -0.258729 -0.96595 0
v 0.143237 0.0284725 0.795603
vn -0.258729 -0.96595 0
v 0.14583 0.027778 0.808322
vn -0.258729 -0.96595 0
v 0.143237 0.0284725 0.82104
vn -0.258729 -0.96595 0
v 0.143237 0.0284725 0.808322
vn -0.258729 -0.96595 0
v 0.151015 0.026389 0.757448
vn -0.258729 -0.96595 0
v 0.148422 0.0270835 0.770167
vn -0.258729 -0.96595 0
v 0.153608 0.0256945 0.74473
vn -0.258729 -0.96595 0
v 0.153608 0.0256945 0.770167
vn -0.258729 -0.96595 0
v 0.153608 0.0256945 0.757448
vn -0.258729 -0.96595 0
v 0.153608 0.0256945 0.795603
vn -0.258729 -0.96595 0
v 0.153608 0.0256945 0.782885
vn -0.258729 -0.96595 0
v 0.153608 0.0256945 0.82104
vn -0.258729 -0.96595 0
v 0.153608 0.0256945 0.808322
vn -0.258729 -0.96595 0
v 0.148422 0.0270835 0.82104
vn -0.258729 -0.96595 0
v 0.148422 0.0270835 0.808322
vn -0.258729 -0.96595 0
v 0.151015 0.026389 0.808322
vn -0.258729 -0.96595 0
v 0.148422 0.0270835 0.782885
vn -0.258729 -0.96595 0
v 0.151015 0.026389 0.782885
vn -0.258729 -0.96595 0
v 0.148422 0.0270835 0.795603
vn -0.258729 -0.96595 0
v 0.138051 0.0298615 0.89735
vn -0.258729 -0.96595 0
v 0.138051 0.0298615 0.871914
vn -0.258729 -0.96595 0
v 0.138051 0.0298615 0.884632
vn -0.258729 -0.96595 0
v 0.143237 0.0284725 0.871914
vn -0.258729 -0.96595 0
v 0.140644 0.029167 0.884632
vn -0.258729 -0.96595 0
v 0.138051 0.0298615 0.846477
vn -0.258729 -0.96595 0
v 0.138051 0.0298615 0.859195
vn -0.258729 -0.96595 0
v 0.138051 0.0298615 0.833758
vn -0.258729 -0.96595 0
v 0.143237 0.0284725 0.833758
vn -0.258729 -0.96595 0
v 0.140644 0.029167 0.833758
vn -0.258729 -0.96595 0
v 0.148422 0.0270835 0.833758
vn -0.258729 -0.96595 0
v 0.14583 0.027778 0.833758
vn -0.258729 -0.96595 0
v 0.151015 0.026389 0.833758
vn -0.258729 -0.96595 0
v 0.14583 0.027778 0.859195
vn -0.258729 -0.96595 0
v 0.148422 0.0270835 0.846477
vn -0.258729 -0.96595 0
v 0.140644 0.029167 0.859195
vn -0.258729 -0.96595 0
v 0.143237 0.0284725 0.846477
vn -0.258729 -0.96595 0
v 0.143237 0.0284725 0.859195
vn -0.258729 -0.96595 0
v 0.084341 0.066485 0.910069
vn -0.866029 -0.499994 0
v 0.0862394 0.0645867 0.89735
vn -0.707095 -0.707118 0
v 0.0862394 0.0645867 0.910069
vn -0.707095 -0.707118 0
v 0.084341 0.066485 0.884632
vn -0.866029 -0.499994 0
v 0.0862394 0.0645867 0.871914
vn -0.707095 -0.707118 0
v 0.0862394 0.0645867 0.884632
vn -0.707095 -0.707118 0
v 0.0900361 0.0607901 0.871914
vn -0.707095 -0.707118 0
v 0.0900361 0.0607901 0.884632
vn -0.707095 -0.707118 0
v 0.0881377 0.0626884 0.884632
vn -0.707095 -0.707118 0
v 0.084341 0.066485 0.859195
vn -0.866029 -0.499994 0
v 0.0862394 0.0645867 0.846477
vn -0.707095 -0.707118 0
v 0.0862394 0.0645867 0.859195
vn -0.707095 -0.707118 0
v 0.084341 0.066485 0.833758
vn -0.866029 -0.499994 0
v 0.0862394 0.0645867 0.82104
vn -0.707095 -0.707118 0
v 0.0862394 0.0645867 0.833758
vn -0.707095 -0.707118 0
v 0.0900361 0.0607901 0.82104
vn -0.707095 -0.707118 0
v 0.0900361 0.0607901 0.833758
vn -0.707095 -0.707118 0
v 0.0881377 0.0626884 0.833758
vn -0.707095 -0.707118 0
v 0.0938329 0.0569934 0.82104
vn -0.707095 -0.707118 0
v 0.0938329 0.0569934 0.833758
vn -0.707095 -0.707118 0
v 0.0919345 0.0588918 0.833758
vn -0.707095 -0.707118 0
v 0.0976296 0.0531968 0.82104
vn -0.707095 -0.707118 0
v 0.0976296 0.0531968 0.833758
vn -0.707095 -0.707118 0
v 0.0957312 0.0550951 0.833758
vn -0.707095 -0.707118 0
v 0.0938329 0.0569934 0.859195
vn -0.707095 -0.707118 0
v 0.0919345 0.0588918 0.859195
vn -0.707095 -0.707118 0
v 0.0938329 0.0569934 0.846477
vn -0.707095 -0.707118 0
v 0.0881377 0.0626884 0.859195
vn -0.707095 -0.707118 0
v 0.0900361 0.0607901 0.846477
vn -0.707095 -0.707118 0
v 0.0900361 0.0607901 0.859195
vn -0.707095 -0.707118 0
v 0.084341 0.066485 0.808322
vn -0.866029 -0.499994 0
v 0.0862394 0.0645867 0.795603
vn -0.707095 -0.707118 0
v 0.0862394 0.0645867 0.808322
vn -0.707095 -0.707118 0
v 0.084341 0.066485 0.782885
vn -0.866029 -0.499994 0
v 0.0862394 0.0645867 0.770167
vn -0.707095 -0.707118 0
v 0.0862394 0.0645867 0.782885
vn -0.707095 -0.707118 0
v 0.0900361 0.0607901 0.770167
vn -0.707095 -0.707118 0
v 0.0900361 0.0607901 0.782885
vn -0.707095 -0.707118 0
v 0.0881377 0.0626884 0.782885
vn -0.707095 -0.707118 0
v 0.084341 0.066485 0.757448
vn -0.866029 -0.499994 0
v 0.0862394 0.0645867 0.74473
vn -0.707095 -0.707118 0
v 0.0862394 0.0645867 0.757448
vn -0.707095 -0.707118 0
v 0.084341 0.066485 0.732011
vn -0.866029 -0.499994 0
v 0.0862394 0.0645867 0.732011
vn -0.707095 -0.707118 0
v 0.0900361 0.0607901 0.732011
vn -0.707095 -0.707118 0
v 0.0881377 0.0626884 0.732011
vn -0.707095 -0.707118 0
v 0.0938329 0.0569934 0.732011
vn -0.707095 -0.707118 0
v 0.0919345 0.0588918 0.732011
vn -0.707095 -0.707118 0
v 0.0976296 0.0531968 0.732011
vn -0.707095 -0.707118 0
v 0.0957312 0.0550951 0.732011
vn -0.707095 -0.707118 0
v 0.0938329 0.0569934 0.757448
vn -0.707095 -0.707118 0
v 0.0919345 0.0588918 0.757448
vn -0.707095 -0.707118 0
v 0.0938329 0.0569934 0.74473
vn -0.707095 -0.707118 0
v 0.0881377 0.0626884 0.757448
vn -0.707095 -0.707118 0
v 0.0900361 0.0607901 0.74473
vn -0.707095 -0.707118 0
v 0.0900361 0.0607901 0.757448
vn -0.707095 -0.707118 0
v 0.101426 0.0494002 0.732011
vn -0.707095 -0.707118 0
v 0.099528 0.0512985 0.732011
vn -0.707095 -0.707118 0
v 0.105223 0.0456036 0.732011
vn -0.707095 -0.707118 0
v 0.103325 0.0475019 0.732011
vn -0.707095 -0.707118 0
v 0.101426 0.0494002 0.757448
vn -0.707095 -0.707118 0
v 0.099528 0.0512985 0.757448
vn -0.707095 -0.707118 0
v 0.101426 0.0494002 0.74473
vn -0.707095 -0.707118 0
v 0.10902 0.0418069 0.732011
vn -0.707095 -0.707118 0
v 0.107122 0.0437053 0.732011
vn -0.707095 -0.707118 0
v 0.112817 0.0380103 0.732011
vn -0.707095 -0.707118 0
v 0.110918 0.0399086 0.732011
vn -0.707095 -0.707118 0
v 0.10902 0.0418069 0.757448
vn -0.707095 -0.707118 0
v 0.107122 0.0437053 0.757448
vn -0.707095 -0.707118 0
v 0.10902 0.0418069 0.74473
vn -0.707095 -0.707118 0
v 0.105223 0.0456036 0.782885
vn -0.707095 -0.707118 0
v 0.103325 0.0475019 0.782885
vn -0.707095 -0.707118 0
v 0.105223 0.0456036 0.770167
vn -0.707095 -0.707118 0
v 0.101426 0.0494002 0.808322
vn -0.707095 -0.707118 0
v 0.099528 0.0512985 0.808322
vn -0.707095 -0.707118 0
v 0.101426 0.0494002 0.795603
vn -0.707095 -0.707118 0
v 0.099528 0.0512985 0.782885
vn -0.707095 -0.707118 0
v 0.101426 0.0494002 0.770167
vn -0.707095 -0.707118 0
v 0.101426 0.0494002 0.782885
vn -0.707095 -0.707118 0
v 0.105223 0.0456036 0.74473
vn -0.707095 -0.707118 0
v 0.105223 0.0456036 0.757448
vn -0.707095 -0.707118 0
v 0.103325 0.0475019 0.757448
vn -0.707095 -0.707118 0
v 0.0881377 0.0626884 0.808322
vn -0.707095 -0.707118 0
v 0.0919345 0.0588918 0.782885
vn -0.707095 -0.707118 0
v 0.0900361 0.0607901 0.795603
vn -0.707095 -0.707118 0
v 0.0919345 0.0588918 0.808322
vn -0.707095 -0.707118 0
v 0.0900361 0.0607901 0.808322
vn -0.707095 -0.707118 0
v 0.0957312 0.0550951 0.757448
vn -0.707095 -0.707118 0
v 0.0938329 0.0569934 0.770167
vn -0.707095 -0.707118 0
v 0.0976296 0.0531968 0.74473
vn -0.707095 -0.707118 0
v 0.0976296 0.0531968 0.770167
vn -0.707095 -0.707118 0
v 0.0976296 0.0531968 0.757448
vn -0.707095 -0.707118 0
v 0.0976296 0.0531968 0.795603
vn -0.707095 -0.707118 0
v 0.0976296 0.0531968 0.782885
vn -0.707095 -0.707118 0
v 0.0976296 0.0531968 0.808322
vn -0.707095 -0.707118 0
v 0.0938329 0.0569934 0.808322
vn -0.707095 -0.707118 0
v 0.0957312 0.0550951 0.808322
vn -0.707095 -0.707118 0
v 0.0938329 0.0569934 0.782885
vn -0.707095 -0.707118 0
v 0.0957312 0.0550951 0.782885
vn -0.707095 -0.707118 0
v 0.0938329 0.0569934 0.795603
vn -0.707095 -0.707118 0
v 0.112817 0.0380103 0.922787
vn -0.707095 -0.707118 0
v 0.112817 0.0380103 0.910069
vn -0.707095 -0.707118 0
v 0.10902 0.0418069 0.922787
vn -0.707095 -0.707118 0
v 0.10902 0.0418069 0.910069
vn -0.707095 -0.707118 0
v 0.110918 0.0399086 0.910069
vn -0.707095 -0.707118 0
v 0.112817 0.0380103 0.884632
vn -0.707095 -0.707118 0
v 0.112817 0.0380103 0.89735
vn -0.707095 -0.707118 0
v 0.105223 0.0456036 0.922787
vn -0.707095 -0.707118 0
v 0.105223 0.0456036 0.910069
vn -0.707095 -0.707118 0
v 0.107122 0.0437053 0.910069
vn -0.707095 -0.707118 0
v 0.101426 0.0494002 0.922787
vn -0.707095 -0.707118 0
v 0.101426 0.0494002 0.910069
vn -0.707095 -0.707118 0
v 0.103325 0.0475019 0.910069
vn -0.707095 -0.707118 0
v 0.105223 0.0456036 0.884632
vn -0.707095 -0.707118 0
v 0.107122 0.0437053 0.884632
vn -0.707095 -0.707118 0
v 0.105223 0.0456036 0.89735
vn -0.707095 -0.707118 0
v 0.10902 0.0418069 0.859195
vn -0.707095 -0.707118 0
v 0.110918 0.0399086 0.859195
vn -0.707095 -0.707118 0
v 0.10902 0.0418069 0.871914
vn -0.707095 -0.707118 0
v 0.112817 0.0380103 0.833758
vn -0.707095 -0.707118 0
v 0.112817 0.0380103 0.846477
vn -0.707095 -0.707118 0
v 0.112817 0.0380103 0.871914
vn -0.707095 -0.707118 0
v 0.112817 0.0380103 0.859195
vn -0.707095 -0.707118 0
v 0.10902 0.0418069 0.89735
vn -0.707095 -0.707118 0
v 0.10902 0.0418069 0.884632
vn -0.707095 -0.707118 0
v 0.110918 0.0399086 0.884632
vn -0.707095 -0.707118 0
v 0.0976296 0.0531968 0.922787
vn -0.707095 -0.707118 0
v 0.0976296 0.0531968 0.910069
vn -0.707095 -0.707118 0
v 0.099528 0.0512985 0.910069
vn -0.707095 -0.707118 0
v 0.0938329 0.0569934 0.922787
vn -0.707095 -0.707118 0
v 0.0938329 0.0569934 0.910069
vn -0.707095 -0.707118 0
v 0.0957312 0.0550951 0.910069
vn -0.707095 -0.707118 0
v 0.0976296 0.0531968 0.884632
vn -0.707095 -0.707118 0
v 0.099528 0.0512985 0.884632
vn -0.707095 -0.707118 0
v 0.0976296 0.0531968 0.89735
vn -0.707095 -0.707118 0
v 0.0900361 0.0607901 0.922787
vn -0.707095 -0.707118 0
v 0.0900361 0.0607901 0.910069
vn -0.707095 -0.707118 0
v 0.0919345 0.0588918 0.910069
vn -0.707095 -0.707118 0
v 0.0862394 0.0645867 0.922787
vn -0.707095 -0.707118 0
v 0.0881377 0.0626884 0.910069
vn -0.707095 -0.707118 0
v 0.0919345 0.0588918 0.884632
vn -0.707095 -0.707118 0
v 0.0900361 0.0607901 0.89735
vn -0.707095 -0.707118 0
v 0.0957312 0.0550951 0.859195
vn -0.707095 -0.707118 0
v 0.0938329 0.0569934 0.871914
vn -0.707095 -0.707118 0
v 0.099528 0.0512985 0.833758
vn -0.707095 -0.707118 0
v 0.0976296 0.0531968 0.846477
vn -0.707095 -0.707118 0
v 0.099528 0.0512985 0.859195
vn -0.707095 -0.707118 0
v 0.0976296 0.0531968 0.871914
vn -0.707095 -0.707118 0
v 0.0976296 0.0531968 0.859195
vn -0.707095 -0.707118 0
v 0.0938329 0.0569934 0.89735
vn -0.707095 -0.707118 0
v 0.0938329 0.0569934 0.884632
vn -0.707095 -0.707118 0
v 0.0957312 0.0550951 0.884632
vn -0.707095 -0.707118 0
v 0.103325 0.0475019 0.808322
vn -0.707095 -0.707118 0
v 0.101426 0.0494002 0.82104
vn -0.707095 -0.707118 0
v 0.107122 0.0437053 0.782885
vn -0.707095 -0.707118 0
v 0.105223 0.0456036 0.795603
vn -0.707095 -0.707118 0
v 0.107122 0.0437053 0.808322
vn -0.707095 -0.707118 0
v 0.105223 0.0456036 0.82104
vn -0.707095 -0.707118 0
v 0.105223 0.0456036 0.808322
vn -0.707095 -0.707118 0
v 0.110918 0.0399086 0.757448
vn -0.707095 -0.707118 0
v 0.10902 0.0418069 0.770167
vn -0.707095 -0.707118 0
v 0.112817 0.0380103 0.74473
vn -0.707095 -0.707118 0
v 0.112817 0.0380103 0.770167
vn -0.707095 -0.707118 0
v 0.112817 0.0380103 0.757448
vn -0.707095 -0.707118 0
v 0.112817 0.0380103 0.795603
vn -0.707095 -0.707118 0
v 0.112817 0.0380103 0.782885
vn -0.707095 -0.707118 0
v 0.112817 0.0380103 0.82104
vn -0.707095 -0.707118 0
v 0.112817 0.0380103 0.808322
vn -0.707095 -0.707118 0
v 0.10902 0.0418069 0.82104
vn -0.707095 -0.707118 0
v 0.10902 0.0418069 0.808322
vn -0.707095 -0.707118 0
v 0.110918 0.0399086 0.808322
vn -0.707095 -0.707118 0
v 0.10902 0.0418069 0.782885
vn -0.707095 -0.707118 0
v 0.110918 0.0399086 0.782885
vn -0.707095 -0.707118 0
v 0.10902 0.0418069 0.795603
vn -0.707095 -0.707118 0
v 0.101426 0.0494002 0.89735
vn -0.707095 -0.707118 0
v 0.101426 0.0494002 0.871914
vn -0.707095 -0.707118 0
v 0.101426 0.0494002 0.884632
vn -0.707095 -0.707118 0
v 0.105223 0.0456036 0.871914
vn -0.707095 -0.707118 0
v 0.103325 0.0475019 0.884632
vn -0.707095 -0.707118 0
v 0.101426 0.0494002 0.846477
vn -0.707095 -0.707118 0
v 0.101426 0.0494002 0.859195
vn -0.707095 -0.707118 0
v 0.101426 0.0494002 0.833758
vn -0.707095 -0.707118 0
v 0.105223 0.0456036 0.833758
vn -0.707095 -0.707118 0
v 0.103325 0.0475019 0.833758
vn -0.707095 -0.707118 0
v 0.10902 0.0418069 0.833758
vn -0.707095 -0.707118 0
v 0.107122 0.0437053 0.833758
vn -0.707095 -0.707118 0
v 0.110918 0.0399086 0.833758
vn -0.707095 -0.707118 0
v 0.107122 0.0437053 0.859195
vn -0.707095 -0.707118 0
v 0.10902 0.0418069 0.846477
vn -0.707095 -0.707118 0
v 0.103325 0.0475019 0.859195
vn -0.707095 -0.707118 0
v 0.105223 0.0456036 0.846477
vn -0.707095 -0.707118 0
v 0.105223 0.0456036 0.859195
vn -0.707095 -0.707118 0
v 0.073229 0.107969 0.910069
vn -0.982185 0.187918 0
v 0.0739235 0.105376 0.89735
vn -0.965947 -0.258741 0
v 0.0739235 0.105376 0.910069
vn -0.965947 -0.258741 0
v 0.073229 0.107969 0.884632
vn -1 0 0
v 0.0739235 0.105376 0.871914
vn -0.965947 -0.258741 0
v 0.0739235 0.105376 0.884632
vn -0.965947 -0.258741 0
v 0.0753125 0.100191 0.871914
vn -0.965947 -0.258741 0
v 0.0753125 0.100191 0.884632
vn -0.965947 -0.258741 0
v 0.074618 0.102784 0.884632
vn -0.965947 -0.258741 0
v 0.073229 0.107969 0.859195
vn -1 0 0
v 0.0739235 0.105376 0.846477
vn -0.965947 -0.258741 0
v 0.0739235 0.105376 0.859195
vn -0.965947 -0.258741 0
v 0.073229 0.107969 0.833758
vn -1 0 0
v 0.0739235 0.105376 0.82104
vn -0.965947 -0.258741 0
v 0.0739235 0.105376 0.833758
vn -0.965947 -0.258741 0
v 0.0753125 0.100191 0.82104
vn -0.965947 -0.258741 0
v 0.0753125 0.100191 0.833758
vn -0.965947 -0.258741 0
v 0.074618 0.102784 0.833758
vn -0.965947 -0.258741 0
v 0.0767015 0.0950053 0.82104
vn -0.965947 -0.258741 0
v 0.0767015 0.0950053 0.833758
vn -0.965947 -0.258741 0
v 0.076007 0.097598 0.833758
vn -0.965947 -0.258741 0
v 0.0780905 0.0898198 0.82104
vn -0.965947 -0.258741 0
v 0.0780905 0.0898198 0.833758
vn -0.965947 -0.258741 0
v 0.077396 0.0924125 0.833758
vn -0.965947 -0.258741 0
v 0.0767015 0.0950053 0.859195
vn -0.965947 -0.258741 0
v 0.076007 0.097598 0.859195
vn -0.965947 -0.258741 0
v 0.0767015 0.0950053 0.846477
vn -0.965947 -0.258741 0
v 0.074618 0.102784 0.859195
vn -0.965947 -0.258741 0
v 0.0753125 0.100191 0.846477
vn -0.965947 -0.258741 0
v 0.0753125 0.100191 0.859195
vn -0.965947 -0.258741 0
v 0.073229 0.107969 0.808322
vn -1 0 0
v 0.0739235 0.105376 0.795603
vn -0.965947 -0.258741 0
v 0.0739235 0.105376 0.808322
vn -0.965947 -0.258741 0
v 0.073229 0.107969 0.782885
vn -1 0 0
v 0.0739235 0.105376 0.770167
vn -0.965947 -0.258741 0
v 0.0739235 0.105376 0.782885
vn -0.965947 -0.258741 0
v 0.0753125 0.100191 0.770167
vn -0.965947 -0.258741 0
v 0.0753125 0.100191 0.782885
vn -0.965947 -0.258741 0
v 0.074618 0.102784 0.782885
vn -0.965947 -0.258741 0
v 0.073229 0.107969 0.757448
vn -1 0 0
v 0.0739235 0.105376 0.74473
vn -0.965947 -0.258741 0
v 0.0739235 0.105376 0.757448
vn -0.965947 -0.258741 0
v 0.073229 0.107969 0.732011
vn -0.982185 0.187918 0
v 0.0739235 0.105376 0.732011
vn -0.965947 -0.258741 0
v 0.0753125 0.100191 0.732011
vn -0.965947 -0.258741 0
v 0.074618 0.102784 0.732011
vn -0.965947 -0.258741 0
v 0.0767015 0.0950053 0.732011
vn -0.965947 -0.258741 0
v 0.076007 0.097598 0.732011
vn -0.965947 -0.258741 0
v 0.0780905 0.0898198 0.732011
vn -0.965947 -0.258741 0
v 0.077396 0.0924125 0.732011
vn -0.965947 -0.258741 0
v 0.0767015 0.0950053 0.757448
vn -0.965947 -0.258741 0
v 0.076007 0.097598 0.757448
vn -0.965947 -0.258741 0
v 0.0767015 0.0950053 0.74473
vn -0.965947 -0.258741 0
v 0.074618 0.102784 0.757448
vn -0.965947 -0.258741 0
v 0.0753125 0.100191 0.74473
vn -0.965947 -0.258741 0
v 0.0753125 0.100191 0.757448
vn -0.965947 -0.258741 0
v 0.0794795 0.0846343 0.732011
vn -0.965947 -0.258741 0
v 0.078785 0.087227 0.732011
vn -0.965947 -0.258741 0
v 0.0808685 0.0794488 0.732011
vn -0.965947 -0.258741 0
v 0.080174 0.0820415 0.732011
vn -0.965947 -0.258741 0
v 0.0794795 0.0846343 0.757448
vn -0.965947 -0.258741 0
v 0.078785 0.087227 0.757448
vn -0.965947 -0.258741 0
v 0.0794795 0.0846343 0.74473
vn -0.965947 -0.258741 0
v 0.0822575 0.0742633 0.732011
vn -0.965947 -0.258741 0
v 0.081563 0.076856 0.732011
vn -0.965947 -0.258741 0
v 0.0836465 0.0690778 0.732011
vn -0.965947 -0.258741 0
v 0.082952 0.0716705 0.732011
vn -0.965947 -0.258741 0
v 0.0822575 0.0742633 0.757448
vn -0.965947 -0.258741 0
v 0.081563 0.076856 0.757448
vn -0.965947 -0.258741 0
v 0.0822575 0.0742633 0.74473
vn -0.965947 -0.258741 0
v 0.0808685 0.0794488 0.782885
vn -0.965947 -0.258741 0
v 0.080174 0.0820415 0.782885
vn -0.965947 -0.258741 0
v 0.0808685 0.0794488 0.770167
vn -0.965947 -0.258741 0
v 0.0794795 0.0846343 0.808322
vn -0.965947 -0.258741 0
v 0.078785 0.087227 0.808322
vn -0.965947 -0.258741 0
v 0.0794795 0.0846343 0.795603
vn -0.965947 -0.258741 0
v 0.078785 0.087227 0.782885
vn -0.965947 -0.258741 0
v 0.0794795 0.0846343 0.770167
vn -0.965947 -0.258741 0
v 0.0794795 0.0846343 0.782885
vn -0.965947 -0.258741 0
v 0.0808685 0.0794488 0.74473
vn -0.965947 -0.258741 0
v 0.0808685 0.0794488 0.757448
vn -0.965947 -0.258741 0
v 0.080174 0.0820415 0.757448
vn -0.965947 -0.258741 0
v 0.074618 0.102784 0.808322
vn -0.965947 -0.258741 0
v 0.076007 0.097598 0.782885
vn -0.965947 -0.258741 0
v 0.0753125 0.100191 0.795603
vn -0.965947 -0.258741 0
v 0.076007 0.097598 0.808322
vn -0.965947 -0.258741 0
v 0.0753125 0.100191 0.808322
vn -0.965947 -0.258741 0
v 0.077396 0.0924125 0.757448
vn -0.965947 -0.258741 0
v 0.0767015 0.0950053 0.770167
vn -0.965947 -0.258741 0
v 0.0780905 0.0898198 0.74473
vn -0.965947 -0.258741 0
v 0.0780905 0.0898198 0.770167
vn -0.965947 -0.258741 0
v 0.0780905 0.0898198 0.757448
vn -0.965947 -0.258741 0
v 0.0780905 0.0898198 0.795603
vn -0.965947 -0.258741 0
v 0.0780905 0.0898198 0.782885
vn -0.965947 -0.258741 0
v 0.0780905 0.0898198 0.808322
vn -0.965947 -0.258741 0
v 0.0767015 0.0950053 0.808322
vn -0.965947 -0.258741 0
v 0.077396 0.0924125 0.808322
vn -0.965947 -0.258741 0
v 0.0767015 0.0950053 0.782885
vn -0.965947 -0.258741 0
v 0.077396 0.0924125 0.782885
vn -0.965947 -0.258741 0
v 0.0767015 0.0950053 0.795603
vn -0.965947 -0.258741 0
v 0.0836465 0.0690778 0.922787
vn -0.965947 -0.258741 0
v 0.0836465 0.0690778 0.910069
vn -0.965947 -0.258741 0
v 0.0822575 0.0742633 0.922787
vn -0.965947 -0.258741 0
v 0.0822575 0.0742633 0.910069
vn -0.965947 -0.258741 0
v 0.082952 0.0716705 0.910069
vn -0.965947 -0.258741 0
v 0.0836465 0.0690778 0.884632
vn -0.965947 -0.258741 0
v 0.0836465 0.0690778 0.89735
vn -0.965947 -0.258741 0
v 0.0808685 0.0794488 0.922787
vn -0.965947 -0.258741 0
v 0.0808685 0.0794488 0.910069
vn -0.965947 -0.258741 0
v 0.081563 0.076856 0.910069
vn -0.965947 -0.258741 0
v 0.0794795 0.0846343 0.922787
vn -0.965947 -0.258741 0
v 0.0794795 0.0846343 0.910069
vn -0.965947 -0.258741 0
v 0.080174 0.0820415 0.910069
vn -0.965947 -0.258741 0
v 0.0808685 0.0794488 0.884632
vn -0.965947 -0.258741 0
v 0.081563 0.076856 0.884632
vn -0.965947 -0.258741 0
v 0.0808685 0.0794488 0.89735
vn -0.965947 -0.258741 0
v 0.0822575 0.0742633 0.859195
vn -0.965947 -0.258741 0
v 0.082952 0.0716705 0.859195
vn -0.965947 -0.258741 0
v 0.0822575 0.0742633 0.871914
vn -0.965947 -0.258741 0
v 0.0836465 0.0690778 0.833758
vn -0.965947 -0.258741 0
v 0.0836465 0.0690778 0.846477
vn -0.965947 -0.258741 0
v 0.0836465 0.0690778 0.871914
vn -0.965947 -0.258741 0
v 0.0836465 0.0690778 0.859195
vn -0.965947 -0.258741 0
v 0.0822575 0.0742633 0.89735
vn -0.965947 -0.258741 0
v 0.0822575 0.0742633 0.884632
vn -0.965947 -0.258741 0
v 0.082952 0.0716705 0.884632
vn -0.965947 -0.258741 0
v 0.0780905 0.0898198 0.922787
vn -0.965947 -0.258741 0
v 0.0780905 0.0898198 0.910069
vn -0.965947 -0.258741 0
v 0.078785 0.087227 0.910069
vn -0.965947 -0.258741 0
v 0.0767015 0.0950053 0.922787
vn -0.965947 -0.258741 0
v 0.0767015 0.0950053 0.910069
vn -0.965947 -0.258741 0
v 0.077396 0.0924125 0.910069
vn -0.965947 -0.258741 0
v 0.0780905 0.0898198 0.884632
vn -0.965947 -0.258741 0
v 0.078785 0.087227 0.884632
vn -0.965947 -0.258741 0
v 0.0780905 0.0898198 0.89735
vn -0.965947 -0.258741 0
v 0.0753125 0.100191 0.922787
vn -0.965947 -0.258741 0
v 0.0753125 0.100191 0.910069
vn -0.965947 -0.258741 0
v 0.076007 0.097598 0.910069
vn -0.965947 -0.258741 0
v 0.0739235 0.105376 0.922787
vn -0.965947 -0.258741 0
v 0.074618 0.102784 0.910069
vn -0.965947 -0.258741 0
v 0.076007 0.097598 0.884632
vn -0.965947 -0.258741 0
v 0.0753125 0.100191 0.89735
vn -0.965947 -0.258741 0
v 0.077396 0.0924125 0.859195
vn -0.965947 -0.258741 0
v 0.0767015 0.0950053 0.871914
vn -0.965947 -0.258741 0
v 0.078785 0.087227 0.833758
vn -0.965947 -0.258741 0
v 0.0780905 0.0898198 0.846477
vn -0.965947 -0.258741 0
v 0.078785 0.087227 0.859195
vn -0.965947 -0.258741 0
v 0.0780905 0.0898198 0.871914
vn -0.965947 -0.258741 0
v 0.0780905 0.0898198 0.859195
vn -0.965947 -0.258741 0
v 0.0767015 0.0950053 0.89735
vn -0.965947 -0.258741 0
v 0.0767015 0.0950053 0.884632
vn -0.965947 -0.258741 0
v 0.077396 0.0924125 0.884632
vn -0.965947 -0.258741 0
v 0.080174 0.0820415 0.808322
vn -0.965947 -0.258741 0
v 0.0794795 0.0846343 0.82104
vn -0.965947 -0.258741 0
v 0.081563 0.076856 0.782885
vn -0.965947 -0.258741 0
v 0.0808685 0.0794488 0.795603
vn -0.965947 -0.258741 0
v 0.081563 0.076856 0.808322
vn -0.965947 -0.258741 0
v 0.0808685 0.0794488 0.82104
vn -0.965947 -0.258741 0
v 0.0808685 0.0794488 0.808322
vn -0.965947 -0.258741 0
v 0.082952 0.0716705 0.757448
vn -0.965947 -0.258741 0
v 0.0822575 0.0742633 0.770167
vn -0.965947 -0.258741 0
v 0.0836465 0.0690778 0.74473
vn -0.965947 -0.258741 0
v 0.0836465 0.0690778 0.770167
vn -0.965947 -0.258741 0
v 0.0836465 0.0690778 0.757448
vn -0.965947 -0.258741 0
v 0.0836465 0.0690778 0.795603
vn -0.965947 -0.258741 0
v 0.0836465 0.0690778 0.782885
vn -0.965947 -0.258741 0
v 0.0836465 0.0690778 0.82104
vn -0.965947 -0.258741 0
v 0.0836465 0.0690778 0.808322
vn -0.965947 -0.258741 0
v 0.0822575 0.0742633 0.82104
vn -0.965947 -0.258741 0
v 0.0822575 0.0742633 0.808322
vn -0.965947 -0.258741 0
v 0.082952 0.0716705 0.808322
vn -0.965947 -0.258741 0
v 0.0822575 0.0742633 0.782885
vn -0.965947 -0.258741 0
v 0.082952 0.0716705 0.782885
vn -0.965947 -0.258741 0
v 0.0822575 0.0742633 0.795603
vn -0.965947 -0.258741 0
v 0.0794795 0.0846343 0.89735
vn -0.965947 -0.258741 0
v 0.0794795 0.0846343 0.871914
vn -0.965947 -0.258741 0
v 0.0794795 0.0846343 0.884632
vn -0.965947 -0.258741 0
v 0.0808685 0.0794488 0.871914
vn -0.965947 -0.258741 0
v 0.080174 0.0820415 0.884632
vn -0.965947 -0.258741 0
v 0.0794795 0.0846343 0.846477
vn -0.965947 -0.258741 0
v 0.0794795 0.0846343 0.859195
vn -0.965947 -0.258741 0
v 0.0794795 0.0846343 0.833758
vn -0.965947 -0.258741 0
v 0.0808685 0.0794488 0.833758
vn -0.965947 -0.258741 0
v 0.080174 0.0820415 0.833758
vn -0.965947 -0.258741 0
v 0.0822575 0.0742633 0.833758
vn -0.965947 -0.258741 0
v 0.081563 0.076856 0.833758
vn -0.965947 -0.258741 0
v 0.082952 0.0716705 0.833758
vn -0.965947 -0.258741 0
v 0.081563 0.076856 0.859195
vn -0.965947 -0.258741 0
v 0.0822575 0.0742633 0.846477
vn -0.965947 -0.258741 0
v 0.080174 0.0820415 0.859195
vn -0.965947 -0.258741 0
v 0.0808685 0.0794488 0.846477
vn -0.965947 -0.258741 0
v 0.0808685 0.0794488 0.859195
vn -0.965947 -0.258741 0
v 0.0836465 0.146861 0.74473
vn -0.965948 0.258735 0
v 0.0836465 0.146861 0.732011
vn -0.965948 0.258735 0
v 0.0822575 0.141676 0.732011
vn -0.965948 0.258735 0
v 0.082952 0.144268 0.732011
vn -0.965948 0.258735 0
v 0.0808685 0.13649 0.732011
vn -0.965948 0.258735 0
v 0.081563 0.139083 0.732011
vn -0.965948 0.258735 0
v 0.0794795 0.131304 0.732011
vn -0.965948 0.258735 0
v 0.080174 0.133897 0.732011
vn -0.965948 0.258735 0
v 0.081563 0.139083 0.757448
vn -0.965948 0.258735 0
v 0.0808685 0.13649 0.74473
vn -0.965948 0.258735 0
v 0.0822575 0.141676 0.74473
vn -0.965948 0.258735 0
v 0.0780905 0.126119 0.732011
vn -0.965948 0.258735 0
v 0.078785 0.128711 0.732011
vn -0.965948 0.258735 0
v 0.0767015 0.120933 0.732011
vn -0.965948 0.258735 0
v 0.077396 0.123526 0.732011
vn -0.965948 0.258735 0
v 0.078785 0.128711 0.757448
vn -0.965948 0.258735 0
v 0.0780905 0.126119 0.74473
vn -0.965948 0.258735 0
v 0.0753125 0.115747 0.732011
vn -0.965948 0.258735 0
v 0.076007 0.11834 0.732011
vn -0.965948 0.258735 0
v 0.074618 0.113155 0.732011
vn -0.965948 0.258735 0
v 0.0767015 0.120933 0.74473
vn -0.965948 0.258735 0
v 0.080174 0.133897 0.757448
vn -0.965948 0.258735 0
v 0.0794795 0.131304 0.74473
vn -0.965948 0.258735 0
v 0.0794795 0.131304 0.770167
vn -0.965948 0.258735 0
v 0.0794795 0.131304 0.757448
vn -0.965948 0.258735 0
v 0.0739235 0.110562 0.910069
vn -0.965948 0.258735 0
v 0.0753125 0.115747 0.910069
vn -0.965948 0.258735 0
v 0.074618 0.113155 0.910069
vn -0.965948 0.258735 0
v 0.0739235 0.110562 0.884632
vn -0.965948 0.258735 0
v 0.0739235 0.110562 0.89735
vn -0.965948 0.258735 0
v 0.0767015 0.120933 0.910069
vn -0.965948 0.258735 0
v 0.076007 0.11834 0.910069
vn -0.965948 0.258735 0
v 0.0780905 0.126119 0.910069
vn -0.965948 0.258735 0
v 0.077396 0.123526 0.910069
vn -0.965948 0.258735 0
v 0.0767015 0.120933 0.884632
vn -0.965948 0.258735 0
v 0.076007 0.11834 0.884632
vn -0.965948 0.258735 0
v 0.0767015 0.120933 0.89735
vn -0.965948 0.258735 0
v 0.0753125 0.115747 0.859195
vn -0.965948 0.258735 0
v 0.074618 0.113155 0.859195
vn -0.965948 0.258735 0
v 0.0753125 0.115747 0.871914
vn -0.965948 0.258735 0
v 0.0739235 0.110562 0.833758
vn -0.965948 0.258735 0
v 0.0739235 0.110562 0.846477
vn -0.965948 0.258735 0
v 0.0739235 0.110562 0.871914
vn -0.965948 0.258735 0
v 0.0739235 0.110562 0.859195
vn -0.965948 0.258735 0
v 0.0753125 0.115747 0.89735
vn -0.965948 0.258735 0
v 0.0753125 0.115747 0.884632
vn -0.965948 0.258735 0
v 0.074618 0.113155 0.884632
vn -0.965948 0.258735 0
v 0.0794795 0.131304 0.910069
vn -0.965948 0.258735 0
v 0.078785 0.128711 0.910069
vn -0.965948 0.258735 0
v 0.080174 0.133897 0.910069
vn -0.965948 0.258735 0
v 0.0794795 0.131304 0.884632
vn -0.965948 0.258735 0
v 0.078785 0.128711 0.884632
vn -0.965948 0.258735 0
v 0.0794795 0.131304 0.89735
vn -0.965948 0.258735 0
v 0.076007 0.11834 0.782885
vn -0.965948 0.258735 0
v 0.076007 0.11834 0.808322
vn -0.965948 0.258735 0
v 0.0767015 0.120933 0.82104
vn -0.965948 0.258735 0
v 0.074618 0.113155 0.757448
vn -0.965948 0.258735 0
v 0.0753125 0.115747 0.770167
vn -0.965948 0.258735 0
v 0.0739235 0.110562 0.74473
vn -0.965948 0.258735 0
v 0.0739235 0.110562 0.770167
vn -0.965948 0.258735 0
v 0.0739235 0.110562 0.757448
vn -0.965948 0.258735 0
v 0.0739235 0.110562 0.795603
vn -0.965948 0.258735 0
v 0.0739235 0.110562 0.782885
vn -0.965948 0.258735 0
v 0.0739235 0.110562 0.82104
vn -0.965948 0.258735 0
v 0.0739235 0.110562 0.808322
vn -0.965948 0.258735 0
v 0.0753125 0.115747 0.82104
vn -0.965948 0.258735 0
v 0.0753125 0.115747 0.808322
vn -0.965948 0.258735 0
v 0.074618 0.113155 0.808322
vn -0.965948 0.258735 0
v 0.0753125 0.115747 0.782885
vn -0.965948 0.258735 0
v 0.074618 0.113155 0.782885
vn -0.965948 0.258735 0
v 0.0753125 0.115747 0.795603
vn -0.965948 0.258735 0
v 0.0780905 0.126119 0.89735
vn -0.965948 0.258735 0
v 0.0780905 0.126119 0.871914
vn -0.965948 0.258735 0
v 0.0780905 0.126119 0.884632
vn -0.965948 0.258735 0
v 0.0767015 0.120933 0.871914
vn -0.965948 0.258735 0
v 0.077396 0.123526 0.884632
vn -0.965948 0.258735 0
v 0.0780905 0.126119 0.859195
vn -0.965948 0.258735 0
v 0.0767015 0.120933 0.833758
vn -0.965948 0.258735 0
v 0.0753125 0.115747 0.833758
vn -0.965948 0.258735 0
v 0.076007 0.11834 0.833758
vn -0.965948 0.258735 0
v 0.074618 0.113155 0.833758
vn -0.965948 0.258735 0
v 0.076007 0.11834 0.859195
vn -0.965948 0.258735 0
v 0.0753125 0.115747 0.846477
vn -0.965948 0.258735 0
v 0.077396 0.123526 0.859195
vn -0.965948 0.258735 0
v 0.0767015 0.120933 0.846477
vn -0.965948 0.258735 0
v 0.0767015 0.120933 0.859195
vn -0.965948 0.258735 0
v 0.114715 0.179825 0.910069
vn -0.499951 0.866054 0
v 0.112817 0.177927 0.89735
vn -0.707072 0.707142 0
v 0.112817 0.177927 0.910069
vn -0.707072 0.707142 0
v 0.114715 0.179825 0.884632
vn -0.499951 0.866054 0
v 0.112817 0.177927 0.871914
vn -0.707072 0.707142 0
v 0.112817 0.177927 0.884632
vn -0.707072 0.707142 0
v 0.10902 0.17413 0.871914
vn -0.707072 0.707142 0
v 0.10902 0.17413 0.884632
vn -0.707072 0.707142 0
v 0.110918 0.176029 0.884632
vn -0.707072 0.707142 0
v 0.114715 0.179825 0.859195
vn -0.499951 0.866054 0
v 0.112817 0.177927 0.846477
vn -0.707072 0.707142 0
v 0.112817 0.177927 0.859195
vn -0.707072 0.707142 0
v 0.114715 0.179825 0.833758
vn -0.499951 0.866054 0
v 0.112817 0.177927 0.82104
vn -0.707072 0.707142 0
v 0.112817 0.177927 0.833758
vn -0.707072 0.707142 0
v 0.10902 0.17413 0.82104
vn -0.707072 0.707142 0
v 0.10902 0.17413 0.833758
vn -0.707072 0.707142 0
v 0.110918 0.176029 0.833758
vn -0.707072 0.707142 0
v 0.105223 0.170334 0.82104
vn -0.707072 0.707142 0
v 0.105223 0.170334 0.833758
vn -0.707072 0.707142 0
v 0.107122 0.172232 0.833758
vn -0.707072 0.707142 0
v 0.101426 0.166538 0.82104
vn -0.707072 0.707142 0
v 0.101426 0.166538 0.833758
vn -0.707072 0.707142 0
v 0.103325 0.168436 0.833758
vn -0.707072 0.707142 0
v 0.105223 0.170334 0.859195
vn -0.707072 0.707142 0
v 0.107122 0.172232 0.859195
vn -0.707072 0.707142 0
v 0.105223 0.170334 0.846477
vn -0.707072 0.707142 0
v 0.110918 0.176029 0.859195
vn -0.707072 0.707142 0
v 0.10902 0.17413 0.846477
vn -0.707072 0.707142 0
v 0.10902 0.17413 0.859195
vn -0.707072 0.707142 0
v 0.114715 0.179825 0.808322
vn -0.499951 0.866054 0
v 0.112817 0.177927 0.795603
vn -0.707072 0.707142 0
v 0.112817 0.177927 0.808322
vn -0.707072 0.707142 0
v 0.114715 0.179825 0.782885
vn -0.499951 0.866054 0
v 0.112817 0.177927 0.770167
vn -0.707072 0.707142 0
v 0.112817 0.177927 0.782885
vn -0.707072 0.707142 0
v 0.10902 0.17413 0.770167
vn -0.707072 0.707142 0
v 0.10902 0.17413 0.782885
vn -0.707072 0.707142 0
v 0.110918 0.176029 0.782885
vn -0.707072 0.707142 0
v 0.114715 0.179825 0.757448
vn -0.499951 0.866054 0
v 0.112817 0.177927 0.74473
vn -0.707072 0.707142 0
v 0.112817 0.177927 0.757448
vn -0.707072 0.707142 0
v 0.114715 0.179825 0.732011
vn -0.499951 0.866054 0
v 0.112817 0.177927 0.732011
vn -0.707072 0.707142 0
v 0.10902 0.17413 0.732011
vn -0.707072 0.707142 0
v 0.110918 0.176029 0.732011
vn -0.707072 0.707142 0
v 0.105223 0.170334 0.732011
vn -0.707072 0.707142 0
v 0.107122 0.172232 0.732011
vn -0.707072 0.707142 0
v 0.101426 0.166538 0.732011
vn -0.707072 0.707142 0
v 0.103325 0.168436 0.732011
vn -0.707072 0.707142 0
v 0.105223 0.170334 0.757448
vn -0.707072 0.707142 0
v 0.107122 0.172232 0.757448
vn -0.707072 0.707142 0
v 0.105223 0.170334 0.74473
vn -0.707072 0.707142 0
v 0.110918 0.176029 0.757448
vn -0.707072 0.707142 0
v 0.10902 0.17413 0.74473
vn -0.707072 0.707142 0
v 0.10902 0.17413 0.757448
vn -0.707072 0.707142 0
v 0.0976296 0.162741 0.732011
vn -0.707072 0.707142 0
v 0.099528 0.164639 0.732011
vn -0.707072 0.707142 0
v 0.0938329 0.158945 0.732011
vn -0.707072 0.707142 0
v 0.0957312 0.160843 0.732011
vn -0.707072 0.707142 0
v 0.0976296 0.162741 0.757448
vn -0.707072 0.707142 0
v 0.099528 0.164639 0.757448
vn -0.707072 0.707142 0
v 0.0976296 0.162741 0.74473
vn -0.707072 0.707142 0
v 0.0900361 0.155149 0.732011
vn -0.707072 0.707142 0
v 0.0919345 0.157047 0.732011
vn -0.707072 0.707142 0
v 0.0862394 0.151352 0.732011
vn -0.707072 0.707142 0
v 0.0881377 0.15325 0.732011
vn -0.707072 0.707142 0
v 0.0900361 0.155149 0.757448
vn -0.707072 0.707142 0
v 0.0919345 0.157047 0.757448
vn -0.707072 0.707142 0
v 0.0900361 0.155149 0.74473
vn -0.707072 0.707142 0
v 0.0938329 0.158945 0.782885
vn -0.707072 0.707142 0
v 0.0957312 0.160843 0.782885
vn -0.707072 0.707142 0
v 0.0938329 0.158945 0.770167
vn -0.707072 0.707142 0
v 0.0976296 0.162741 0.808322
vn -0.707072 0.707142 0
v 0.099528 0.164639 0.808322
vn -0.707072 0.707142 0
v 0.0976296 0.162741 0.795603
vn -0.707072 0.707142 0
v 0.099528 0.164639 0.782885
vn -0.707072 0.707142 0
v 0.0976296 0.162741 0.770167
vn -0.707072 0.707142 0
v 0.0976296 0.162741 0.782885
vn -0.707072 0.707142 0
v 0.0938329 0.158945 0.74473
vn -0.707072 0.707142 0
v 0.0938329 0.158945 0.757448
vn -0.707072 0.707142 0
v 0.0957312 0.160843 0.757448
vn -0.707072 0.707142 0
v 0.110918 0.176029 0.808322
vn -0.707072 0.707142 0
v 0.107122 0.172232 0.782885
vn -0.707072 0.707142 0
v 0.10902 0.17413 0.795603
vn -0.707072 0.707142 0
v 0.107122 0.172232 0.808322
vn -0.707072 0.707142 0
v 0.10902 0.17413 0.808322
vn -0.707072 0.707142 0
v 0.103325 0.168436 0.757448
vn -0.707072 0.707142 0
v 0.105223 0.170334 0.770167
vn -0.707072 0.707142 0
v 0.101426 0.166538 0.74473
vn -0.707072 0.707142 0
v 0.101426 0.166538 0.770167
vn -0.707072 0.707142 0
v 0.101426 0.166538 0.757448
vn -0.707072 0.707142 0
v 0.101426 0.166538 0.795603
vn -0.707072 0.707142 0
v 0.101426 0.166538 0.782885
vn -0.707072 0.707142 0
v 0.101426 0.166538 0.808322
vn -0.707072 0.707142 0
v 0.105223 0.170334 0.808322
vn -0.707072 0.707142 0
v 0.103325 0.168436 0.808322
vn -0.707072 0.707142 0
v 0.105223 0.170334 0.782885
vn -0.707072 0.707142 0
v 0.103325 0.168436 0.782885
vn -0.707072 0.707142 0
v 0.105223 0.170334 0.795603
vn -0.707072 0.707142 0
v 0.0900361 0.155149 0.859195
vn -0.707072 0.707142 0
v 0.0900361 0.155149 0.871914
vn -0.707072 0.707142 0
v 0.101426 0.166538 0.884632
vn -0.707072 0.707142 0
v 0.099528 0.164639 0.884632
vn -0.707072 0.707142 0
v 0.101426 0.166538 0.89735
vn -0.707072 0.707142 0
v 0.110918 0.176029 0.910069
vn -0.707072 0.707142 0
v 0.107122 0.172232 0.884632
vn -0.707072 0.707142 0
v 0.10902 0.17413 0.89735
vn -0.707072 0.707142 0
v 0.103325 0.168436 0.859195
vn -0.707072 0.707142 0
v 0.105223 0.170334 0.871914
vn -0.707072 0.707142 0
v 0.099528 0.164639 0.833758
vn -0.707072 0.707142 0
v 0.101426 0.166538 0.846477
vn -0.707072 0.707142 0
v 0.099528 0.164639 0.859195
vn -0.707072 0.707142 0
v 0.101426 0.166538 0.871914
vn -0.707072 0.707142 0
v 0.101426 0.166538 0.859195
vn -0.707072 0.707142 0
v 0.105223 0.170334 0.89735
vn -0.707072 0.707142 0
v 0.105223 0.170334 0.884632
vn -0.707072 0.707142 0
v 0.103325 0.168436 0.884632
vn -0.707072 0.707142 0
v 0.0957312 0.160843 0.808322
vn -0.707072 0.707142 0
v 0.0976296 0.162741 0.82104
vn -0.707072 0.707142 0
v 0.0919345 0.157047 0.782885
vn -0.707072 0.707142 0
v 0.0938329 0.158945 0.795603
vn -0.707072 0.707142 0
v 0.0919345 0.157047 0.808322
vn -0.707072 0.707142 0
v 0.0938329 0.158945 0.82104
vn -0.707072 0.707142 0
v 0.0938329 0.158945 0.808322
vn -0.707072 0.707142 0
v 0.0881377 0.15325 0.757448
vn -0.707072 0.707142 0
v 0.0900361 0.155149 0.770167
vn -0.707072 0.707142 0
v 0.0862394 0.151352 0.74473
vn -0.707072 0.707142 0
v 0.0900361 0.155149 0.82104
vn -0.707072 0.707142 0
v 0.0900361 0.155149 0.808322
vn -0.707072 0.707142 0
v 0.0900361 0.155149 0.782885
vn -0.707072 0.707142 0
v 0.0881377 0.15325 0.782885
vn -0.707072 0.707142 0
v 0.0900361 0.155149 0.795603
vn -0.707072 0.707142 0
v 0.0976296 0.162741 0.871914
vn -0.707072 0.707142 0
v 0.0976296 0.162741 0.884632
vn -0.707072 0.707142 0
v 0.0938329 0.158945 0.871914
vn -0.707072 0.707142 0
v 0.0957312 0.160843 0.884632
vn -0.707072 0.707142 0
v 0.0976296 0.162741 0.846477
vn -0.707072 0.707142 0
v 0.0976296 0.162741 0.859195
vn -0.707072 0.707142 0
v 0.0976296 0.162741 0.833758
vn -0.707072 0.707142 0
v 0.0938329 0.158945 0.833758
vn -0.707072 0.707142 0
v 0.0957312 0.160843 0.833758
vn -0.707072 0.707142 0
v 0.0900361 0.155149 0.833758
vn -0.707072 0.707142 0
v 0.0919345 0.157047 0.833758
vn -0.707072 0.707142 0
v 0.0919345 0.157047 0.859195
vn -0.707072 0.707142 0
v 0.0900361 0.155149 0.846477
vn -0.707072 0.707142 0
v 0.0957312 0.160843 0.859195
vn -0.707072 0.707142 0
v 0.0938329 0.158945 0.846477
vn -0.707072 0.707142 0
v 0.0938329 0.158945 0.859195
vn -0.707072 0.707142 0
v 0.153608 0.190242 0.89735
vn -0.258729 0.96595 0
v 0.153608 0.190242 0.910069
vn -0.258729 0.96595 0
v 0.153608 0.190242 0.871914
vn -0.258729 0.96595 0
v 0.153608 0.190242 0.884632
vn -0.258729 0.96595 0
v 0.148422 0.188853 0.871914
vn -0.258729 0.96595 0
v 0.148422 0.188853 0.884632
vn -0.258729 0.96595 0
v 0.151015 0.189548 0.884632
vn -0.258729 0.96595 0
v 0.153608 0.190242 0.846477
vn -0.258729 0.96595 0
v 0.153608 0.190242 0.859195
vn -0.258729 0.96595 0
v 0.153608 0.190242 0.82104
vn -0.258729 0.96595 0
v 0.153608 0.190242 0.833758
vn -0.258729 0.96595 0
v 0.148422 0.188853 0.82104
vn -0.258729 0.96595 0
v 0.148422 0.188853 0.833758
vn -0.258729 0.96595 0
v 0.151015 0.189548 0.833758
vn -0.258729 0.96595 0
v 0.143237 0.187464 0.82104
vn -0.258729 0.96595 0
v 0.143237 0.187464 0.833758
vn -0.258729 0.96595 0
v 0.14583 0.188159 0.833758
vn -0.258729 0.96595 0
v 0.138051 0.186075 0.82104
vn -0.258729 0.96595 0
v 0.138051 0.186075 0.833758
vn -0.258729 0.96595 0
v 0.140644 0.18677 0.833758
vn -0.258729 0.96595 0
v 0.143237 0.187464 0.859195
vn -0.258729 0.96595 0
v 0.14583 0.188159 0.859195
vn -0.258729 0.96595 0
v 0.143237 0.187464 0.846477
vn -0.258729 0.96595 0
v 0.151015 0.189548 0.859195
vn -0.258729 0.96595 0
v 0.148422 0.188853 0.846477
vn -0.258729 0.96595 0
v 0.148422 0.188853 0.859195
vn -0.258729 0.96595 0
v 0.153608 0.190242 0.795603
vn -0.258729 0.96595 0
v 0.153608 0.190242 0.808322
vn -0.258729 0.96595 0
v 0.153608 0.190242 0.770167
vn -0.258729 0.96595 0
v 0.153608 0.190242 0.782885
vn -0.258729 0.96595 0
v 0.148422 0.188853 0.770167
vn -0.258729 0.96595 0
v 0.148422 0.188853 0.782885
vn -0.258729 0.96595 0
v 0.151015 0.189548 0.782885
vn -0.258729 0.96595 0
v 0.153608 0.190242 0.74473
vn -0.258729 0.96595 0
v 0.153608 0.190242 0.757448
vn -0.258729 0.96595 0
v 0.153608 0.190242 0.732011
vn -0.258729 0.96595 0
v 0.148422 0.188853 0.732011
vn -0.258729 0.96595 0
v 0.151015 0.189548 0.732011
vn -0.258729 0.96595 0
v 0.143237 0.187464 0.732011
vn -0.258729 0.96595 0
v 0.14583 0.188159 0.732011
vn -0.258729 0.96595 0
v 0.138051 0.186075 0.732011
vn -0.258729 0.96595 0
v 0.140644 0.18677 0.732011
vn -0.258729 0.96595 0
v 0.143237 0.187464 0.757448
vn -0.258729 0.96595 0
v 0.14583 0.188159 0.757448
vn -0.258729 0.96595 0
v 0.143237 0.187464 0.74473
vn -0.258729 0.96595 0
v 0.151015 0.189548 0.757448
vn -0.258729 0.96595 0
v 0.148422 0.188853 0.74473
vn -0.258729 0.96595 0
v 0.148422 0.188853 0.757448
vn -0.258729 0.96595 0
v 0.132865 0.184686 0.732011
vn -0.258729 0.96595 0
v 0.135458 0.185381 0.732011
vn -0.258729 0.96595 0
v 0.127679 0.183297 0.732011
vn -0.258729 0.96595 0
v 0.130272 0.183992 0.732011
vn -0.258729 0.96595 0
v 0.132865 0.184686 0.757448
vn -0.258729 0.96595 0
v 0.135458 0.185381 0.757448
vn -0.258729 0.96595 0
v 0.132865 0.184686 0.74473
vn -0.258729 0.96595 0
v 0.122494 0.181908 0.732011
vn -0.258729 0.96595 0
v 0.125087 0.182603 0.732011
vn -0.258729 0.96595 0
v 0.117308 0.180519 0.732011
vn -0.258729 0.96595 0
v 0.119901 0.181214 0.732011
vn -0.258729 0.96595 0
v 0.122494 0.181908 0.757448
vn -0.258729 0.96595 0
v 0.125087 0.182603 0.757448
vn -0.258729 0.96595 0
v 0.122494 0.181908 0.74473
vn -0.258729 0.96595 0
v 0.127679 0.183297 0.782885
vn -0.258729 0.96595 0
v 0.130272 0.183992 0.782885
vn -0.258729 0.96595 0
v 0.127679 0.183297 0.770167
vn -0.258729 0.96595 0
v 0.132865 0.184686 0.808322
vn -0.258729 0.96595 0
v 0.135458 0.185381 0.808322
vn -0.258729 0.96595 0
v 0.132865 0.184686 0.795603
vn -0.258729 0.96595 0
v 0.135458 0.185381 0.782885
vn -0.258729 0.96595 0
v 0.132865 0.184686 0.770167
vn -0.258729 0.96595 0
v 0.132865 0.184686 0.782885
vn -0.258729 0.96595 0
v 0.127679 0.183297 0.74473
vn -0.258729 0.96595 0
v 0.127679 0.183297 0.757448
vn -0.258729 0.96595 0
v 0.130272 0.183992 0.757448
vn -0.258729 0.96595 0
v 0.151015 0.189548 0.808322
vn -0.258729 0.96595 0
v 0.14583 0.188159 0.782885
vn -0.258729 0.96595 0
v 0.148422 0.188853 0.795603
vn -0.258729 0.96595 0
v 0.14583 0.188159 0.808322
vn -0.258729 0.96595 0
v 0.148422 0.188853 0.808322
vn -0.258729 0.96595 0
v 0.140644 0.18677 0.757448
vn -0.258729 0.96595 0
v 0.143237 0.187464 0.770167
vn -0.258729 0.96595 0
v 0.138051 0.186075 0.74473
vn -0.258729 0.96595 0
v 0.138051 0.186075 0.770167
vn -0.258729 0.96595 0
v 0.138051 0.186075 0.757448
vn -0.258729 0.96595 0
v 0.138051 0.186075 0.795603
vn -0.258729 0.96595 0
v 0.138051 0.186075 0.782885
vn -0.258729 0.96595 0
v 0.138051 0.186075 0.808322
vn -0.258729 0.96595 0
v 0.143237 0.187464 0.808322
vn -0.258729 0.96595 0
v 0.140644 0.18677 0.808322
vn -0.258729 0.96595 0
v 0.143237 0.187464 0.782885
vn -0.258729 0.96595 0
v 0.140644 0.18677 0.782885
vn -0.258729 0.96595 0
v 0.143237 0.187464 0.795603
vn -0.258729 0.96595 0
v 0.117308 0.180519 0.922787
vn -0.258729 0.96595 0
v 0.117308 0.180519 0.910069
vn -0.258729 0.96595 0
v 0.122494 0.181908 0.922787
vn -0.258729 0.96595 0
v 0.122494 0.181908 0.910069
vn -0.258729 0.96595 0
v 0.119901 0.181214 0.910069
vn -0.258729 0.96595 0
v 0.117308 0.180519 0.884632
vn -0.258729 0.96595 0
v 0.117308 0.180519 0.89735
vn -0.258729 0.96595 0
v 0.127679 0.183297 0.922787
vn -0.258729 0.96595 0
v 0.127679 0.183297 0.910069
vn -0.258729 0.96595 0
v 0.125087 0.182603 0.910069
vn -0.258729 0.96595 0
v 0.132865 0.184686 0.922787
vn -0.258729 0.96595 0
v 0.132865 0.184686 0.910069
vn -0.258729 0.96595 0
v 0.130272 0.183992 0.910069
vn -0.258729 0.96595 0
v 0.127679 0.183297 0.884632
vn -0.258729 0.96595 0
v 0.125087 0.182603 0.884632
vn -0.258729 0.96595 0
v 0.127679 0.183297 0.89735
vn -0.258729 0.96595 0
v 0.122494 0.181908 0.859195
vn -0.258729 0.96595 0
v 0.119901 0.181214 0.859195
vn -0.258729 0.96595 0
v 0.122494 0.181908 0.871914
vn -0.258729 0.96595 0
v 0.117308 0.180519 0.833758
vn -0.258729 0.96595 0
v 0.117308 0.180519 0.846477
vn -0.258729 0.96595 0
v 0.117308 0.180519 0.871914
vn -0.258729 0.96595 0
v 0.117308 0.180519 0.859195
vn -0.258729 0.96595 0
v 0.122494 0.181908 0.89735
vn -0.258729 0.96595 0
v 0.122494 0.181908 0.884632
vn -0.258729 0.96595 0
v 0.119901 0.181214 0.884632
vn -0.258729 0.96595 0
v 0.138051 0.186075 0.922787
vn -0.258729 0.96595 0
v 0.138051 0.186075 0.910069
vn -0.258729 0.96595 0
v 0.135458 0.185381 0.910069
vn -0.258729 0.96595 0
v 0.143237 0.187464 0.922787
vn -0.258729 0.96595 0
v 0.143237 0.187464 0.910069
vn -0.258729 0.96595 0
v 0.140644 0.18677 0.910069
vn -0.258729 0.96595 0
v 0.138051 0.186075 0.884632
vn -0.258729 0.96595 0
v 0.135458 0.185381 0.884632
vn -0.258729 0.96595 0
v 0.138051 0.186075 0.89735
vn -0.258729 0.96595 0
v 0.148422 0.188853 0.922787
vn -0.258729 0.96595 0
v 0.148422 0.188853 0.910069
vn -0.258729 0.96595 0
v 0.14583 0.188159 0.910069
vn -0.258729 0.96595 0
v 0.153608 0.190242 0.922787
vn -0.258729 0.96595 0
v 0.151015 0.189548 0.910069
vn -0.258729 0.96595 0
v 0.14583 0.188159 0.884632
vn -0.258729 0.96595 0
v 0.148422 0.188853 0.89735
vn -0.258729 0.96595 0
v 0.140644 0.18677 0.859195
vn -0.258729 0.96595 0
v 0.143237 0.187464 0.871914
vn -0.258729 0.96595 0
v 0.135458 0.185381 0.833758
vn -0.258729 0.96595 0
v 0.138051 0.186075 0.846477
vn -0.258729 0.96595 0
v 0.135458 0.185381 0.859195
vn -0.258729 0.96595 0
v 0.138051 0.186075 0.871914
vn -0.258729 0.96595 0
v 0.138051 0.186075 0.859195
vn -0.258729 0.96595 0
v 0.143237 0.187464 0.89735
vn -0.258729 0.96595 0
v 0.143237 0.187464 0.884632
vn -0.258729 0.96595 0
v 0.140644 0.18677 0.884632
vn -0.258729 0.96595 0
v 0.130272 0.183992 0.808322
vn -0.258729 0.96595 0
v 0.132865 0.184686 0.82104
vn -0.258729 0.96595 0
v 0.125087 0.182603 0.782885
vn -0.258729 0.96595 0
v 0.127679 0.183297 0.795603
vn -0.258729 0.96595 0
v 0.125087 0.182603 0.808322
vn -0.258729 0.96595 0
v 0.127679 0.183297 0.82104
vn -0.258729 0.96595 0
v 0.127679 0.183297 0.808322
vn -0.258729 0.96595 0
v 0.119901 0.181214 0.757448
vn -0.258729 0.96595 0
v 0.122494 0.181908 0.770167
vn -0.258729 0.96595 0
v 0.117308 0.180519 0.74473
vn -0.258729 0.96595 0
v 0.117308 0.180519 0.770167
vn -0.258729 0.96595 0
v 0.117308 0.180519 0.757448
vn -0.258729 0.96595 0
v 0.117308 0.180519 0.795603
vn -0.258729 0.96595 0
v 0.117308 0.180519 0.782885
vn -0.258729 0.96595 0
v 0.117308 0.180519 0.82104
vn -0.258729 0.96595 0
v 0.117308 0.180519 0.808322
vn -0.258729 0.96595 0
v 0.122494 0.181908 0.82104
vn -0.258729 0.96595 0
v 0.122494 0.181908 0.808322
vn -0.258729 0.96595 0
v 0.119901 0.181214 0.808322
vn -0.258729 0.96595 0
v 0.122494 0.181908 0.782885
vn -0.258729 0.96595 0
v 0.119901 0.181214 0.782885
vn -0.258729 0.96595 0
v 0.122494 0.181908 0.795603
vn -0.258729 0.96595 0
v 0.132865 0.184686 0.89735
vn -0.258729 0.96595 0
v 0.132865 0.184686 0.871914
vn -0.258729 0.96595 0
v 0.132865 0.184686 0.884632
vn -0.258729 0.96595 0
v 0.127679 0.183297 0.871914
vn -0.258729 0.96595 0
v 0.130272 0.183992 0.884632
vn -0.258729 0.96595 0
v 0.132865 0.184686 0.846477
vn -0.258729 0.96595 0
v 0.132865 0.184686 0.859195
vn -0.258729 0.96595 0
v 0.132865 0.184686 0.833758
vn -0.258729 0.96595 0
v 0.127679 0.183297 0.833758
vn -0.258729 0.96595 0
v 0.130272 0.183992 0.833758
vn -0.258729 0.96595 0
v 0.122494 0.181908 0.833758
vn -0.258729 0.96595 0
v 0.125087 0.182603 0.833758
vn -0.258729 0.96595 0
v 0.119901 0.181214 0.833758
vn -0.258729 0.96595 0
v 0.125087 0.182603 0.859195
vn -0.258729 0.96595 0
v 0.122494 0.181908 0.846477
vn -0.258729 0.96595 0
v 0.130272 0.183992 0.859195
vn -0.258729 0.96595 0
v 0.127679 0.183297 0.846477
vn -0.258729 0.96595 0
v 0.127679 0.183297 0.859195
vn -0.258729 0.96595 0
v 0.025 0.588578 0.670427
vn -0.677435 0.735583 0
v 0.025 0.588578 0.709252
vn -0.677435 0.735583 0
v 0.025 0.588578 0.748076
vn -0.677435 0.735583 0
v 0.025 0.588578 0.786901
vn -0.677435 0.735583 0
v 0.025 0.588578 0.825725
vn -0.677435 0.735583 0
v 0.025 0.588578 0.86455
vn -0.677435 0.735583 0
v 0.025 0.546909 0.922787
vn -0.921186 0 0.389123
v 0.025 0.491351 0.922787
vn -0.921186 0 0.389123
v 0.025 0.51913 0.922787
vn -0.921186 0 0.389123
v 0.025 0.408014 0.922787
vn -0.921186 0 0.389123
v 0.025 0.435793 0.922787
vn -0.921186 0 0.389123
v 0.025 0.463572 0.922787
vn -0.921186 0 0.389123
v 0.256487 0.577315 0.025
vn 0.947734 0.273075 -0.165013
v 0.258361 0.570809 0.025
vn 0.947734 0.273075 -0.165013
v 0.267734 0.531775 0.025
vn 0.74457 -0.214545 -0.632128
v 0.265859 0.52527 0.025
vn 0.74457 -0.214545 -0.632128
v 0.263985 0.518765 0.025
vn 0.74457 -0.214545 -0.632128
v 0.26211 0.512259 0.025
vn 0.74457 -0.214545 -0.632128
v 0.260236 0.505754 0.025
vn 0.74457 -0.214545 -0.632128
v 0.258361 0.499248 0.025
vn 0.74457 -0.214545 -0.632128
v 0.256487 0.492743 0.025
vn 0.74457 -0.214545 -0.632128
v 0.254612 0.486238 0.025
vn 0.74457 -0.214545 -0.632128
v 0.251098 0.4806 0.025
vn 0.209165 -0.226 -0.951406
v 0.245943 0.475829 0.025
vn 0.209165 -0.226 -0.951406
v 0.240788 0.471058 0.025
vn 0.209165 -0.226 -0.951406
v 0.235633 0.466287 0.025
vn 0.209165 -0.226 -0.951406
v 0.230478 0.461516 0.025
vn 0.209165 -0.226 -0.951406
v 0.225323 0.456745 0.025
vn 0.209165 -0.226 -0.951406
v 0.220168 0.451974 0.025
vn 0.209165 -0.226 -0.951406
v 0.215013 0.447203 0.025
vn 0.209165 -0.226 -0.951406
v 0.0973876 0.447203 0.025
vn -0.34136 -0.368836 -0.864542
v 0.0922327 0.451974 0.025
vn -0.34136 -0.368836 -0.864542
v 0.0870778 0.456745 0.025
vn -0.34136 -0.368836 -0.864542
v 0.0819229 0.461516 0.025
vn -0.0568984 -0.0614781 -0.996485
v 0.0767681 0.466287 0.025
vn -0.0528102 -0.0570608 -0.996973
v 0.0716132 0.471058 0.025
vn -0.0528102 -0.0570608 -0.996973
v 0.0664583 0.475829 0.025
vn -0.0528102 -0.0570608 -0.996973
v 0.0613034 0.4806 0.025
vn -0.0528102 -0.0570608 -0.996973
v 0.0577888 0.486238 0.025
vn -0.0833205 -0.0240085 -0.996234
v 0.0559143 0.492743 0.025
vn -0.0833205 -0.0240085 -0.996234
v 0.0540398 0.499248 0.025
vn -0.0833205 -0.0240085 -0.996234
v 0.0521653 0.505754 0.025
vn -0.0833205 -0.0240085 -0.996234
v 0.0502907 0.512259 0.025
vn -0.0833205 -0.0240085 -0.996234
v 0.0484162 0.518765 0.025
vn -0.0833205 -0.0240085 -0.996234
v 0.0465417 0.52527 0.025
vn -0.0833205 -0.0240085 -0.996234
v 0.0446672 0.531775 0.025
vn -0.0833205 -0.0240085 -0.996234
v 0.0446672 0.538281 0.025
vn -0.113306 0.0326473 -0.993024
v 0.0465417 0.544786 0.025
vn -0.113306 0.0326473 -0.993024
v 0.0484162 0.551292 0.025
vn -0.113306 0.0326473 -0.993024
v 0.0502907 0.557798 0.025
vn -0.113306 0.0326473 -0.993024
v 0.0521653 0.564303 0.025
vn -0.113306 0.0326473 -0.993024
v 0.0540398 0.570809 0.025
vn -0.113306 0.0326473 -0.993024
v 0.0559143 0.577315 0.025
vn -0.113306 0.0326473 -0.993024
v 0.0577888 0.58382 0.025
vn -0.131859 0.0379933 -0.99054
v 0.268671 0.535028 0.166126
vn 0.972664 0.232215 0
v 0.268671 0.535028 0.144415
vn 0.972664 0.232215 0
v 0.268671 0.535028 0.122703
vn 0.972664 0.232215 0
v 0.268671 0.535028 0.100991
vn 0.972664 0.232215 0
v 0.268671 0.535028 0.0792794
vn 0.972664 0.232215 0
v 0.268671 0.535028 0.0575676
vn 0.972664 0.232215 0
v 0.268671 0.535028 0.0358559
vn 0.963752 0.266801 0
v 0.253675 0.482985 0.187838
vn 0.848616 -0.529009 0
v 0.254612 0.486238 0.176982
vn 0.960904 -0.276881 0
v 0.254612 0.486238 0.187838
vn 0.960904 -0.276881 0
v 0.253675 0.482985 0.166126
vn 0.848616 -0.529009 0
v 0.254612 0.486238 0.155271
vn 0.960904 -0.276881 0
v 0.254612 0.486238 0.166126
vn 0.960904 -0.276881 0
v 0.256487 0.492743 0.155271
vn 0.960904 -0.276881 0
v 0.256487 0.492743 0.166126
vn 0.960904 -0.276881 0
v 0.25555 0.48949 0.166126
vn 0.960904 -0.276881 0
v 0.253675 0.482985 0.144415
vn 0.848616 -0.529009 0
v 0.254612 0.486238 0.133559
vn 0.960904 -0.276881 0
v 0.254612 0.486238 0.144415
vn 0.960904 -0.276881 0
v 0.253675 0.482985 0.122703
vn 0.848616 -0.529009 0
v 0.254612 0.486238 0.111847
vn 0.960904 -0.276881 0
v 0.254612 0.486238 0.122703
vn 0.960904 -0.276881 0
v 0.256487 0.492743 0.111847
vn 0.960904 -0.276881 0
v 0.256487 0.492743 0.122703
vn 0.960904 -0.276881 0
v 0.25555 0.48949 0.122703
vn 0.960904 -0.276881 0
v 0.258361 0.499248 0.111847
vn 0.960904 -0.276881 0
v 0.258361 0.499248 0.122703
vn 0.960904 -0.276881 0
v 0.257424 0.495996 0.122703
vn 0.960904 -0.276881 0
v 0.260236 0.505754 0.111847
vn 0.960904 -0.276881 0
v 0.260236 0.505754 0.122703
vn 0.960904 -0.276881 0
v 0.259299 0.502501 0.122703
vn 0.960904 -0.276881 0
v 0.258361 0.499248 0.144415
vn 0.960904 -0.276881 0
v 0.257424 0.495996 0.144415
vn 0.960904 -0.276881 0
v 0.258361 0.499248 0.133559
vn 0.960904 -0.276881 0
v 0.25555 0.48949 0.144415
vn 0.960904 -0.276881 0
v 0.256487 0.492743 0.133559
vn 0.960904 -0.276881 0
v 0.256487 0.492743 0.144415
vn 0.960904 -0.276881 0
v 0.253675 0.482985 0.100991
vn 0.848616 -0.529009 0
v 0.254612 0.486238 0.0901353
vn 0.960904 -0.276881 0
v 0.254612 0.486238 0.100991
vn 0.960904 -0.276881 0
v 0.253675 0.482985 0.0792794
vn 0.848616 -0.529009 0
v 0.254612 0.486238 0.0684235
vn 0.960904 -0.276881 0
v 0.254612 0.486238 0.0792794
vn 0.960904 -0.276881 0
v 0.256487 0.492743 0.0684235
vn 0.960904 -0.276881 0
v 0.256487 0.492743 0.0792794
vn 0.960904 -0.276881 0
v 0.25555 0.48949 0.0792794
vn 0.960904 -0.276881 0
v 0.253675 0.482985 0.0575676
vn 0.848616 -0.529009 0
v 0.254612 0.486238 0.0467118
vn 0.960904 -0.276881 0
v 0.254612 0.486238 0.0575676
vn 0.960904 -0.276881 0
v 0.253675 0.482985 0.0358559
vn 0.848616 -0.529009 0
v 0.254612 0.486238 0.0358559
vn 0.960904 -0.276881 0
v 0.256487 0.492743 0.0358559
vn 0.960904 -0.276881 0
v 0.25555 0.48949 0.0358559
vn 0.960904 -0.276881 0
v 0.258361 0.499248 0.0358559
vn 0.960904 -0.276881 0
v 0.257424 0.495996 0.0358559
vn 0.960904 -0.276881 0
v 0.260236 0.505754 0.0358559
vn 0.960904 -0.276881 0
v 0.259299 0.502501 0.0358559
vn 0.960904 -0.276881 0
v 0.258361 0.499248 0.0575676
vn 0.960904 -0.276881 0
v 0.257424 0.495996 0.0575676
vn 0.960904 -0.276881 0
v 0.258361 0.499248 0.0467118
vn 0.960904 -0.276881 0
v 0.25555 0.48949 0.0575676
vn 0.960904 -0.276881 0
v 0.256487 0.492743 0.0467118
vn 0.960904 -0.276881 0
v 0.256487 0.492743 0.0575676
vn 0.960904 -0.276881 0
v 0.26211 0.512259 0.0358559
vn 0.960904 -0.276881 0
v 0.261173 0.509006 0.0358559
vn 0.960904 -0.276881 0
v 0.263985 0.518765 0.0358559
vn 0.960904 -0.276881 0
v 0.263048 0.515512 0.0358559
vn 0.960904 -0.276881 0
v 0.26211 0.512259 0.0575676
vn 0.960904 -0.276881 0
v 0.261173 0.509006 0.0575676
vn 0.960904 -0.276881 0
v 0.26211 0.512259 0.0467118
vn 0.960904 -0.276881 0
v 0.265859 0.52527 0.0358559
vn 0.960904 -0.276881 0
v 0.264922 0.522017 0.0358559
vn 0.960904 -0.276881 0
v 0.267734 0.531775 0.0358559
vn 0.960904 -0.276881 0
v 0.266797 0.528523 0.0358559
vn 0.960904 -0.276881 0
v 0.265859 0.52527 0.0575676
vn 0.960904 -0.276881 0
v 0.264922 0.522017 0.0575676
vn 0.960904 -0.276881 0
v 0.265859 0.52527 0.0467118
vn 0.960904 -0.276881 0
v 0.263985 0.518765 0.0792794
vn 0.960904 -0.276881 0
v 0.263048 0.515512 0.0792794
vn 0.960904 -0.276881 0
v 0.263985 0.518765 0.0684235
vn 0.960904 -0.276881 0
v 0.26211 0.512259 0.100991
vn 0.960904 -0.276881 0
v 0.261173 0.509006 0.100991
vn 0.960904 -0.276881 0
v 0.26211 0.512259 0.0901353
vn 0.960904 -0.276881 0
v 0.261173 0.509006 0.0792794
vn 0.960904 -0.276881 0
v 0.26211 0.512259 0.0684235
vn 0.960904 -0.276881 0
v 0.26211 0.512259 0.0792794
vn 0.960904 -0.276881 0
v 0.263985 0.518765 0.0467118
vn 0.960904 -0.276881 0
v 0.263985 0.518765 0.0575676
vn 0.960904 -0.276881 0
v 0.263048 0.515512 0.0575676
vn 0.960904 -0.276881 0
v 0.25555 0.48949 0.100991
vn 0.960904 -0.276881 0
v 0.257424 0.495996 0.0792794
vn 0.960904 -0.276881 0
v 0.256487 0.492743 0.0901353
vn 0.960904 -0.276881 0
v 0.257424 0.495996 0.100991
vn 0.960904 -0.276881 0
v 0.256487 0.492743 0.100991
vn 0.960904 -0.276881 0
v 0.259299 0.502501 0.0575676
vn 0.960904 -0.276881 0
v 0.258361 0.499248 0.0684235
vn 0.960904 -0.276881 0
v 0.260236 0.505754 0.0467118
vn 0.960904 -0.276881 0
v 0.260236 0.505754 0.0684235
vn 0.960904 -0.276881 0
v 0.260236 0.505754 0.0575676
vn 0.960904 -0.276881 0
v 0.260236 0.505754 0.0901353
vn 0.960904 -0.276881 0
v 0.260236 0.505754 0.0792794
vn 0.960904 -0.276881 0
v 0.260236 0.505754 0.100991
vn 0.960904 -0.276881 0
v 0.258361 0.499248 0.100991
vn 0.960904 -0.276881 0
v 0.259299 0.502501 0.100991
vn 0.960904 -0.276881 0
v 0.258361 0.499248 0.0792794
vn 0.960904 -0.276881 0
v 0.259299 0.502501 0.0792794
vn 0.960904 -0.276881 0
v 0.258361 0.499248 0.0901353
vn 0.960904 -0.276881 0
v 0.267734 0.531775 0.187838
vn 0.960904 -0.276881 0
v 0.265859 0.52527 0.198694
vn 0.960904 -0.276881 0
v 0.265859 0.52527 0.187838
vn 0.960904 -0.276881 0
v 0.266797 0.528523 0.187838
vn 0.960904 -0.276881 0
v 0.267734 0.531775 0.166126
vn 0.960904 -0.276881 0
v 0.267734 0.531775 0.176982
vn 0.960904 -0.276881 0
v 0.263985 0.518765 0.198694
vn 0.960904 -0.276881 0
v 0.263985 0.518765 0.187838
vn 0.960904 -0.276881 0
v 0.264922 0.522017 0.187838
vn 0.960904 -0.276881 0
v 0.26211 0.512259 0.198694
vn 0.960904 -0.276881 0
v 0.26211 0.512259 0.187838
vn 0.960904 -0.276881 0
v 0.263048 0.515512 0.187838
vn 0.960904 -0.276881 0
v 0.263985 0.518765 0.166126
vn 0.960904 -0.276881 0
v 0.264922 0.522017 0.166126
vn 0.960904 -0.276881 0
v 0.263985 0.518765 0.176982
vn 0.960904 -0.276881 0
v 0.265859 0.52527 0.144415
vn 0.960904 -0.276881 0
v 0.266797 0.528523 0.144415
vn 0.960904 -0.276881 0
v 0.265859 0.52527 0.155271
vn 0.960904 -0.276881 0
v 0.267734 0.531775 0.122703
vn 0.960904 -0.276881 0
v 0.267734 0.531775 0.133559
vn 0.960904 -0.276881 0
v 0.267734 0.531775 0.155271
vn 0.960904 -0.276881 0
v 0.267734 0.531775 0.144415
vn 0.960904 -0.276881 0
v 0.265859 0.52527 0.176982
vn 0.960904 -0.276881 0
v 0.265859 0.52527 0.166126
vn 0.960904 -0.276881 0
v 0.266797 0.528523 0.166126
vn 0.960904 -0.276881 0
v 0.260236 0.505754 0.198694
vn 0.960904 -0.276881 0
v 0.260236 0.505754 0.187838
vn 0.960904 -0.276881 0
v 0.261173 0.509006 0.187838
vn 0.960904 -0.276881 0
v 0.258361 0.499248 0.198694
vn 0.960904 -0.276881 0
v 0.258361 0.499248 0.187838
vn 0.960904 -0.276881 0
v 0.259299 0.502501 0.187838
vn 0.960904 -0.276881 0
v 0.260236 0.505754 0.166126
vn 0.960904 -0.276881 0
v 0.261173 0.509006 0.166126
vn 0.960904 -0.276881 0
v 0.260236 0.505754 0.176982
vn 0.960904 -0.276881 0
v 0.256487 0.492743 0.198694
vn 0.960904 -0.276881 0
v 0.256487 0.492743 0.187838
vn 0.960904 -0.276881 0
v 0.257424 0.495996 0.187838
vn 0.960904 -0.276881 0
v 0.254612 0.486238 0.198694
vn 0.960904 -0.276881 0
v 0.25555 0.48949 0.187838
vn 0.960904 -0.276881 0
v 0.257424 0.495996 0.166126
vn 0.960904 -0.276881 0
v 0.256487 0.492743 0.176982
vn 0.960904 -0.276881 0
v 0.259299 0.502501 0.144415
vn 0.960904 -0.276881 0
v 0.258361 0.499248 0.155271
vn 0.960904 -0.276881 0
v 0.261173 0.509006 0.122703
vn 0.960904 -0.276881 0
v 0.260236 0.505754 0.133559
vn 0.960904 -0.276881 0
v 0.261173 0.509006 0.144415
vn 0.960904 -0.276881 0
v 0.260236 0.505754 0.155271
vn 0.960904 -0.276881 0
v 0.260236 0.505754 0.144415
vn 0.960904 -0.276881 0
v 0.258361 0.499248 0.176982
vn 0.960904 -0.276881 0
v 0.258361 0.499248 0.166126
vn 0.960904 -0.276881 0
v 0.259299 0.502501 0.166126
vn 0.960904 -0.276881 0
v 0.263048 0.515512 0.100991
vn 0.960904 -0.276881 0
v 0.26211 0.512259 0.111847
vn 0.960904 -0.276881 0
v 0.264922 0.522017 0.0792794
vn 0.960904 -0.276881 0
v 0.263985 0.518765 0.0901353
vn 0.960904 -0.276881 0
v 0.264922 0.522017 0.100991
vn 0.960904 -0.276881 0
v 0.263985 0.518765 0.111847
vn 0.960904 -0.276881 0
v 0.263985 0.518765 0.100991
vn 0.960904 -0.276881 0
v 0.266797 0.528523 0.0575676
vn 0.960904 -0.276881 0
v 0.265859 0.52527 0.0684235
vn 0.960904 -0.276881 0
v 0.267734 0.531775 0.0467118
vn 0.960904 -0.276881 0
v 0.267734 0.531775 0.0684235
vn 0.960904 -0.276881 0
v 0.267734 0.531775 0.0575676
vn 0.960904 -0.276881 0
v 0.267734 0.531775 0.0901353
vn 0.960904 -0.276881 0
v 0.267734 0.531775 0.0792794
vn 0.960904 -0.276881 0
v 0.267734 0.531775 0.111847
vn 0.960904 -0.276881 0
v 0.267734 0.531775 0.100991
vn 0.960904 -0.276881 0
v 0.265859 0.52527 0.111847
vn 0.960904 -0.276881 0
v 0.265859 0.52527 0.100991
vn 0.960904 -0.276881 0
v 0.266797 0.528523 0.100991
vn 0.960904 -0.276881 0
v 0.265859 0.52527 0.0792794
vn 0.960904 -0.276881 0
v 0.266797 0.528523 0.0792794
vn 0.960904 -0.276881 0
v 0.265859 0.52527 0.0901353
vn 0.960904 -0.276881 0
v 0.26211 0.512259 0.176982
vn 0.960904 -0.276881 0
v 0.26211 0.512259 0.155271
vn 0.960904 -0.276881 0
v 0.26211 0.512259 0.166126
vn 0.960904 -0.276881 0
v 0.263985 0.518765 0.155271
vn 0.960904 -0.276881 0
v 0.263048 0.515512 0.166126
vn 0.960904 -0.276881 0
v 0.26211 0.512259 0.133559
vn 0.960904 -0.276881 0
v 0.26211 0.512259 0.144415
vn 0.960904 -0.276881 0
v 0.26211 0.512259 0.122703
vn 0.960904 -0.276881 0
v 0.263985 0.518765 0.122703
vn 0.960904 -0.276881 0
v 0.263048 0.515512 0.122703
vn 0.960904 -0.276881 0
v 0.265859 0.52527 0.122703
vn 0.960904 -0.276881 0
v 0.264922 0.522017 0.122703
vn 0.960904 -0.276881 0
v 0.266797 0.528523 0.122703
vn 0.960904 -0.276881 0
v 0.264922 0.522017 0.144415
vn 0.960904 -0.276881 0
v 0.265859 0.52527 0.133559
vn 0.960904 -0.276881 0
v 0.263048 0.515512 0.144415
vn 0.960904 -0.276881 0
v 0.263985 0.518765 0.133559
vn 0.960904 -0.276881 0
v 0.263985 0.518765 0.144415
vn 0.960904 -0.276881 0
v 0.212436 0.444818 0.187838
vn 0.471003 -0.882132 0
v 0.215013 0.447203 0.176982
vn 0.679243 -0.733914 0
v 0.215013 0.447203 0.187838
vn 0.679243 -0.733914 0
v 0.212436 0.444818 0.166126
vn 0.471003 -0.882132 0
v 0.215013 0.447203 0.155271
vn 0.679243 -0.733914 0
v 0.215013 0.447203 0.166126
vn 0.679243 -0.733914 0
v 0.220168 0.451974 0.155271
vn 0.679243 -0.733914 0
v 0.220168 0.451974 0.166126
vn 0.679243 -0.733914 0
v 0.217591 0.449589 0.166126
vn 0.679243 -0.733914 0
v 0.212436 0.444818 0.144415
vn 0.471003 -0.882132 0
v 0.215013 0.447203 0.133559
vn 0.679243 -0.733914 0
v 0.215013 0.447203 0.144415
vn 0.679243 -0.733914 0
v 0.212436 0.444818 0.122703
vn 0.471003 -0.882132 0
v 0.215013 0.447203 0.111847
vn 0.679243 -0.733914 0
v 0.215013 0.447203 0.122703
vn 0.679243 -0.733914 0
v 0.220168 0.451974 0.111847
vn 0.679243 -0.733914 0
v 0.220168 0.451974 0.122703
vn 0.679243 -0.733914 0
v 0.217591 0.449589 0.122703
vn 0.679243 -0.733914 0
v 0.225323 0.456745 0.111847
vn 0.679243 -0.733914 0
v 0.225323 0.456745 0.122703
vn 0.679243 -0.733914 0
v 0.222746 0.45436 0.122703
vn 0.679243 -0.733914 0
v 0.230478 0.461516 0.111847
vn 0.679243 -0.733914 0
v 0.230478 0.461516 0.122703
vn 0.679243 -0.733914 0
v 0.227901 0.459131 0.122703
vn 0.679243 -0.733914 0
v 0.225323 0.456745 0.144415
vn 0.679243 -0.733914 0
v 0.222746 0.45436 0.144415
vn 0.679243 -0.733914 0
v 0.225323 0.456745 0.133559
vn 0.679243 -0.733914 0
v 0.217591 0.449589 0.144415
vn 0.679243 -0.733914 0
v 0.220168 0.451974 0.133559
vn 0.679243 -0.733914 0
v 0.220168 0.451974 0.144415
vn 0.679243 -0.733914 0
v 0.212436 0.444818 0.100991
vn 0.471003 -0.882132 0
v 0.215013 0.447203 0.0901353
vn 0.679243 -0.733914 0
v 0.215013 0.447203 0.100991
vn 0.679243 -0.733914 0
v 0.212436 0.444818 0.0792794
vn 0.471003 -0.882132 0
v 0.215013 0.447203 0.0684235
vn 0.679243 -0.733914 0
v 0.215013 0.447203 0.0792794
vn 0.679243 -0.733914 0
v 0.220168 0.451974 0.0684235
vn 0.679243 -0.733914 0
v 0.220168 0.451974 0.0792794
vn 0.679243 -0.733914 0
v 0.217591 0.449589 0.0792794
vn 0.679243 -0.733914 0
v 0.212436 0.444818 0.0575676
vn 0.27892 -0.960314 0
v 0.215013 0.447203 0.0467118
vn 0.679243 -0.733914 0
v 0.215013 0.447203 0.0575676
vn 0.679243 -0.733914 0
v 0.212436 0.444818 0.0358559
vn 0.27892 -0.960314 0
v 0.215013 0.447203 0.0358559
vn 0.679243 -0.733914 0
v 0.220168 0.451974 0.0358559
vn 0.679243 -0.733914 0
v 0.217591 0.449589 0.0358559
vn 0.679243 -0.733914 0
v 0.225323 0.456745 0.0358559
vn 0.679243 -0.733914 0
v 0.222746 0.45436 0.0358559
vn 0.679243 -0.733914 0
v 0.230478 0.461516 0.0358559
vn 0.679243 -0.733914 0
v 0.227901 0.459131 0.0358559
vn 0.679243 -0.733914 0
v 0.225323 0.456745 0.0575676
vn 0.679243 -0.733914 0
v 0.222746 0.45436 0.0575676
vn 0.679243 -0.733914 0
v 0.225323 0.456745 0.0467118
vn 0.679243 -0.733914 0
v 0.217591 0.449589 0.0575676
vn 0.679243 -0.733914 0
v 0.220168 0.451974 0.0467118
vn 0.679243 -0.733914 0
v 0.220168 0.451974 0.0575676
vn 0.679243 -0.733914 0
v 0.235633 0.466287 0.0358559
vn 0.679243 -0.733914 0
v 0.233056 0.463901 0.0358559
vn 0.679243 -0.733914 0
v 0.240788 0.471058 0.0358559
vn 0.679243 -0.733914 0
v 0.23821 0.468672 0.0358559
vn 0.679243 -0.733914 0
v 0.235633 0.466287 0.0575676
vn 0.679243 -0.733914 0
v 0.233056 0.463901 0.0575676
vn 0.679243 -0.733914 0
v 0.235633 0.466287 0.0467118
vn 0.679243 -0.733914 0
v 0.245943 0.475829 0.0358559
vn 0.679243 -0.733914 0
v 0.243365 0.473443 0.0358559
vn 0.679243 -0.733914 0
v 0.251098 0.4806 0.0358559
vn 0.679243 -0.733914 0
v 0.24852 0.478214 0.0358559
vn 0.679243 -0.733914 0
v 0.245943 0.475829 0.0575676
vn 0.679243 -0.733914 0
v 0.243365 0.473443 0.0575676
vn 0.679243 -0.733914 0
v 0.245943 0.475829 0.0467118
vn 0.679243 -0.733914 0
v 0.240788 0.471058 0.0792794
vn 0.679243 -0.733914 0
v 0.23821 0.468672 0.0792794
vn 0.679243 -0.733914 0
v 0.240788 0.471058 0.0684235
vn 0.679243 -0.733914 0
v 0.235633 0.466287 0.100991
vn 0.679243 -0.733914 0
v 0.233056 0.463901 0.100991
vn 0.679243 -0.733914 0
v 0.235633 0.466287 0.0901353
vn 0.679243 -0.733914 0
v 0.233056 0.463901 0.0792794
vn 0.679243 -0.733914 0
v 0.235633 0.466287 0.0684235
vn 0.679243 -0.733914 0
v 0.235633 0.466287 0.0792794
vn 0.679243 -0.733914 0
v 0.240788 0.471058 0.0467118
vn 0.679243 -0.733914 0
v 0.240788 0.471058 0.0575676
vn 0.679243 -0.733914 0
v 0.23821 0.468672 0.0575676
vn 0.679243 -0.733914 0
v 0.217591 0.449589 0.100991
vn 0.679243 -0.733914 0
v 0.222746 0.45436 0.0792794
vn 0.679243 -0.733914 0
v 0.220168 0.451974 0.0901353
vn 0.679243 -0.733914 0
v 0.222746 0.45436 0.100991
vn 0.679243 -0.733914 0
v 0.220168 0.451974 0.100991
vn 0.679243 -0.733914 0
v 0.227901 0.459131 0.0575676
vn 0.679243 -0.733914 0
v 0.225323 0.456745 0.0684235
vn 0.679243 -0.733914 0
v 0.230478 0.461516 0.0467118
vn 0.679243 -0.733914 0
v 0.230478 0.461516 0.0684235
vn 0.679243 -0.733914 0
v 0.230478 0.461516 0.0575676
vn 0.679243 -0.733914 0
v 0.230478 0.461516 0.0901353
vn 0.679243 -0.733914 0
v 0.230478 0.461516 0.0792794
vn 0.679243 -0.733914 0
v 0.230478 0.461516 0.100991
vn 0.679243 -0.733914 0
v 0.225323 0.456745 0.100991
vn 0.679243 -0.733914 0
v 0.227901 0.459131 0.100991
vn 0.679243 -0.733914 0
v 0.225323 0.456745 0.0792794
vn 0.679243 -0.733914 0
v 0.227901 0.459131 0.0792794
vn 0.679243 -0.733914 0
v 0.225323 0.456745 0.0901353
vn 0.679243 -0.733914 0
v 0.251098 0.4806 0.198694
vn 0.679243 -0.733914 0
v 0.251098 0.4806 0.187838
vn 0.679243 -0.733914 0
v 0.245943 0.475829 0.198694
vn 0.679243 -0.733914 0
v 0.245943 0.475829 0.187838
vn 0.679243 -0.733914 0
v 0.24852 0.478214 0.187838
vn 0.679243 -0.733914 0
v 0.251098 0.4806 0.166126
vn 0.679243 -0.733914 0
v 0.251098 0.4806 0.176982
vn 0.679243 -0.733914 0
v 0.240788 0.471058 0.198694
vn 0.679243 -0.733914 0
v 0.240788 0.471058 0.187838
vn 0.679243 -0.733914 0
v 0.243365 0.473443 0.187838
vn 0.679243 -0.733914 0
v 0.235633 0.466287 0.198694
vn 0.679243 -0.733914 0
v 0.235633 0.466287 0.187838
vn 0.679243 -0.733914 0
v 0.23821 0.468672 0.187838
vn 0.679243 -0.733914 0
v 0.240788 0.471058 0.166126
vn 0.679243 -0.733914 0
v 0.243365 0.473443 0.166126
vn 0.679243 -0.733914 0
v 0.240788 0.471058 0.176982
vn 0.679243 -0.733914 0
v 0.245943 0.475829 0.144415
vn 0.679243 -0.733914 0
v 0.24852 0.478214 0.144415
vn 0.679243 -0.733914 0
v 0.245943 0.475829 0.155271
vn 0.679243 -0.733914 0
v 0.251098 0.4806 0.122703
vn 0.679243 -0.733914 0
v 0.251098 0.4806 0.133559
vn 0.679243 -0.733914 0
v 0.251098 0.4806 0.155271
vn 0.679243 -0.733914 0
v 0.251098 0.4806 0.144415
vn 0.679243 -0.733914 0
v 0.245943 0.475829 0.176982
vn 0.679243 -0.733914 0
v 0.245943 0.475829 0.166126
vn 0.679243 -0.733914 0
v 0.24852 0.478214 0.166126
vn 0.679243 -0.733914 0
v 0.230478 0.461516 0.198694
vn 0.679243 -0.733914 0
v 0.230478 0.461516 0.187838
vn 0.679243 -0.733914 0
v 0.233056 0.463901 0.187838
vn 0.679243 -0.733914 0
v 0.225323 0.456745 0.198694
vn 0.679243 -0.733914 0
v 0.225323 0.456745 0.187838
vn 0.679243 -0.733914 0
v 0.227901 0.459131 0.187838
vn 0.679243 -0.733914 0
v 0.230478 0.461516 0.166126
vn 0.679243 -0.733914 0
v 0.233056 0.463901 0.166126
vn 0.679243 -0.733914 0
v 0.230478 0.461516 0.176982
vn 0.679243 -0.733914 0
v 0.220168 0.451974 0.198694
vn 0.679243 -0.733914 0
v 0.220168 0.451974 0.187838
vn 0.679243 -0.733914 0
v 0.222746 0.45436 0.187838
vn 0.679243 -0.733914 0
v 0.215013 0.447203 0.198694
vn 0.679243 -0.733914 0
v 0.217591 0.449589 0.187838
vn 0.679243 -0.733914 0
v 0.222746 0.45436 0.166126
vn 0.679243 -0.733914 0
v 0.220168 0.451974 0.176982
vn 0.679243 -0.733914 0
v 0.227901 0.459131 0.144415
vn 0.679243 -0.733914 0
v 0.225323 0.456745 0.155271
vn 0.679243 -0.733914 0
v 0.233056 0.463901 0.122703
vn 0.679243 -0.733914 0
v 0.230478 0.461516 0.133559
vn 0.679243 -0.733914 0
v 0.233056 0.463901 0.144415
vn 0.679243 -0.733914 0
v 0.230478 0.461516 0.155271
vn 0.679243 -0.733914 0
v 0.230478 0.461516 0.144415
vn 0.679243 -0.733914 0
v 0.225323 0.456745 0.176982
vn 0.679243 -0.733914 0
v 0.225323 0.456745 0.166126
vn 0.679243 -0.733914 0
v 0.227901 0.459131 0.166126
vn 0.679243 -0.733914 0
v 0.23821 0.468672 0.100991
vn 0.679243 -0.733914 0
v 0.235633 0.466287 0.111847
vn 0.679243 -0.733914 0
v 0.243365 0.473443 0.0792794
vn 0.679243 -0.733914 0
v 0.240788 0.471058 0.0901353
vn 0.679243 -0.733914 0
v 0.243365 0.473443 0.100991
vn 0.679243 -0.733914 0
v 0.240788 0.471058 0.111847
vn 0.679243 -0.733914 0
v 0.240788 0.471058 0.100991
vn 0.679243 -0.733914 0
v 0.24852 0.478214 0.0575676
vn 0.679243 -0.733914 0
v 0.245943 0.475829 0.0684235
vn 0.679243 -0.733914 0
v 0.251098 0.4806 0.0467118
vn 0.679243 -0.733914 0
v 0.251098 0.4806 0.0684235
vn 0.679243 -0.733914 0
v 0.251098 0.4806 0.0575676
vn 0.679243 -0.733914 0
v 0.251098 0.4806 0.0901353
vn 0.679243 -0.733914 0
v 0.251098 0.4806 0.0792794
vn 0.679243 -0.733914 0
v 0.251098 0.4806 0.111847
vn 0.679243 -0.733914 0
v 0.251098 0.4806 0.100991
vn 0.679243 -0.733914 0
v 0.245943 0.475829 0.111847
vn 0.679243 -0.733914 0
v 0.245943 0.475829 0.100991
vn 0.679243 -0.733914 0
v 0.24852 0.478214 0.100991
vn 0.679243 -0.733914 0
v 0.245943 0.475829 0.0792794
vn 0.679243 -0.733914 0
v 0.24852 0.478214 0.0792794
vn 0.679243 -0.733914 0
v 0.245943 0.475829 0.0901353
vn 0.679243 -0.733914 0
v 0.235633 0.466287 0.176982
vn 0.679243 -0.733914 0
v 0.235633 0.466287 0.155271
vn 0.679243 -0.733914 0
v 0.235633 0.466287 0.166126
vn 0.679243 -0.733914 0
v 0.240788 0.471058 0.155271
vn 0.679243 -0.733914 0
v 0.23821 0.468672 0.166126
vn 0.679243 -0.733914 0
v 0.235633 0.466287 0.133559
vn 0.679243 -0.733914 0
v 0.235633 0.466287 0.144415
vn 0.679243 -0.733914 0
v 0.235633 0.466287 0.122703
vn 0.679243 -0.733914 0
v 0.240788 0.471058 0.122703
vn 0.679243 -0.733914 0
v 0.23821 0.468672 0.122703
vn 0.679243 -0.733914 0
v 0.245943 0.475829 0.122703
vn 0.679243 -0.733914 0
v 0.243365 0.473443 0.122703
vn 0.679243 -0.733914 0
v 0.24852 0.478214 0.122703
vn 0.679243 -0.733914 0
v 0.243365 0.473443 0.144415
vn 0.679243 -0.733914 0
v 0.245943 0.475829 0.133559
vn 0.679243 -0.733914 0
v 0.23821 0.468672 0.144415
vn 0.679243 -0.733914 0
v 0.240788 0.471058 0.133559
vn 0.679243 -0.733914 0
v 0.240788 0.471058 0.144415
vn 0.679243 -0.733914 0
v 0.173774 0.435277 0.144415
vn 0.239597 -0.970872 0
v 0.187833 0.438746 0.100991
vn 0.239597 -0.970872 0
v 0.184319 0.437879 0.100991
vn 0.239597 -0.970872 0
v 0.208921 0.443951 0.198694
vn 0.239597 -0.970872 0
v 0.208921 0.443951 0.187838
vn 0.239597 -0.970872 0
v 0.201892 0.442216 0.198694
vn 0.239597 -0.970872 0
v 0.201892 0.442216 0.187838
vn 0.239597 -0.970872 0
v 0.205407 0.443083 0.187838
vn 0.239597 -0.970872 0
v 0.208921 0.443951 0.166126
vn 0.239597 -0.970872 0
v 0.208921 0.443951 0.176982
vn 0.239597 -0.970872 0
v 0.194863 0.440481 0.198694
vn 0.239597 -0.970872 0
v 0.194863 0.440481 0.187838
vn 0.239597 -0.970872 0
v 0.198377 0.441348 0.187838
vn 0.239597 -0.970872 0
v 0.187833 0.438746 0.198694
vn 0.239597 -0.970872 0
v 0.187833 0.438746 0.187838
vn 0.239597 -0.970872 0
v 0.191348 0.439614 0.187838
vn 0.239597 -0.970872 0
v 0.194863 0.440481 0.166126
vn 0.239597 -0.970872 0
v 0.198377 0.441348 0.166126
vn 0.239597 -0.970872 0
v 0.194863 0.440481 0.176982
vn 0.239597 -0.970872 0
v 0.201892 0.442216 0.144415
vn 0.239597 -0.970872 0
v 0.205407 0.443083 0.144415
vn 0.239597 -0.970872 0
v 0.201892 0.442216 0.155271
vn 0.239597 -0.970872 0
v 0.208921 0.443951 0.122703
vn 0.239597 -0.970872 0
v 0.208921 0.443951 0.133559
vn 0.239597 -0.970872 0
v 0.208921 0.443951 0.155271
vn 0.239597 -0.970872 0
v 0.208921 0.443951 0.144415
vn 0.239597 -0.970872 0
v 0.201892 0.442216 0.176982
vn 0.239597 -0.970872 0
v 0.201892 0.442216 0.166126
vn 0.239597 -0.970872 0
v 0.205407 0.443083 0.166126
vn 0.239597 -0.970872 0
v 0.180804 0.437012 0.198694
vn 0.239597 -0.970872 0
v 0.180804 0.437012 0.187838
vn 0.239597 -0.970872 0
v 0.184319 0.437879 0.187838
vn 0.239597 -0.970872 0
v 0.173774 0.435277 0.198694
vn 0.239597 -0.970872 0
v 0.173774 0.435277 0.187838
vn 0.239597 -0.970872 0
v 0.177289 0.436144 0.187838
vn 0.239597 -0.970872 0
v 0.180804 0.437012 0.166126
vn 0.239597 -0.970872 0
v 0.184319 0.437879 0.166126
vn 0.239597 -0.970872 0
v 0.180804 0.437012 0.176982
vn 0.239597 -0.970872 0
v 0.166745 0.433542 0.198694
vn 0.239597 -0.970872 0
v 0.166745 0.433542 0.187838
vn 0.239597 -0.970872 0
v 0.17026 0.434409 0.187838
vn 0.239597 -0.970872 0
v 0.159716 0.431807 0.198694
vn 0.239597 -0.970872 0
v 0.17026 0.434409 0.166126
vn 0.239597 -0.970872 0
v 0.166745 0.433542 0.176982
vn 0.239597 -0.970872 0
v 0.177289 0.436144 0.144415
vn 0.239597 -0.970872 0
v 0.173774 0.435277 0.155271
vn 0.239597 -0.970872 0
v 0.184319 0.437879 0.122703
vn 0.239597 -0.970872 0
v 0.180804 0.437012 0.133559
vn 0.239597 -0.970872 0
v 0.184319 0.437879 0.144415
vn 0.239597 -0.970872 0
v 0.180804 0.437012 0.155271
vn 0.239597 -0.970872 0
v 0.180804 0.437012 0.144415
vn 0.239597 -0.970872 0
v 0.173774 0.435277 0.176982
vn 0.239597 -0.970872 0
v 0.173774 0.435277 0.166126
vn 0.239597 -0.970872 0
v 0.177289 0.436144 0.166126
vn 0.239597 -0.970872 0
v 0.191348 0.439614 0.100991
vn 0.239597 -0.970872 0
v 0.187833 0.438746 0.111847
vn 0.239597 -0.970872 0
v 0.198377 0.441348 0.0792794
vn 0.239597 -0.970872 0
v 0.198377 0.441348 0.100991
vn 0.239597 -0.970872 0
v 0.194863 0.440481 0.111847
vn 0.239597 -0.970872 0
v 0.194863 0.440481 0.100991
vn 0.239597 -0.970872 0
v 0.208921 0.443951 0.0901353
vn 0.239597 -0.970872 0
v 0.208921 0.443951 0.0792794
vn 0.239597 -0.970872 0
v 0.208921 0.443951 0.111847
vn 0.239597 -0.970872 0
v 0.208921 0.443951 0.100991
vn 0.239597 -0.970872 0
v 0.201892 0.442216 0.111847
vn 0.239597 -0.970872 0
v 0.201892 0.442216 0.100991
vn 0.239597 -0.970872 0
v 0.205407 0.443083 0.100991
vn 0.239597 -0.970872 0
v 0.201892 0.442216 0.0792794
vn 0.239597 -0.970872 0
v 0.205407 0.443083 0.0792794
vn 0.239597 -0.970872 0
v 0.201892 0.442216 0.0901353
vn 0.239597 -0.970872 0
v 0.187833 0.438746 0.176982
vn 0.239597 -0.970872 0
v 0.187833 0.438746 0.155271
vn 0.239597 -0.970872 0
v 0.187833 0.438746 0.166126
vn 0.239597 -0.970872 0
v 0.194863 0.440481 0.155271
vn 0.239597 -0.970872 0
v 0.191348 0.439614 0.166126
vn 0.239597 -0.970872 0
v 0.187833 0.438746 0.133559
vn 0.239597 -0.970872 0
v 0.187833 0.438746 0.144415
vn 0.239597 -0.970872 0
v 0.187833 0.438746 0.122703
vn 0.239597 -0.970872 0
v 0.194863 0.440481 0.122703
vn 0.239597 -0.970872 0
v 0.191348 0.439614 0.122703
vn 0.239597 -0.970872 0
v 0.201892 0.442216 0.122703
vn 0.239597 -0.970872 0
v 0.198377 0.441348 0.122703
vn 0.239597 -0.970872 0
v 0.205407 0.443083 0.122703
vn 0.239597 -0.970872 0
v 0.198377 0.441348 0.144415
vn 0.239597 -0.970872 0
v 0.201892 0.442216 0.133559
vn 0.239597 -0.970872 0
v 0.191348 0.439614 0.144415
vn 0.239597 -0.970872 0
v 0.194863 0.440481 0.133559
vn 0.239597 -0.970872 0
v 0.194863 0.440481 0.144415
vn 0.239597 -0.970872 0
v 0.099965 0.444818 0.187838
vn -0.278915 -0.960316 0
v 0.099965 0.444818 0.166126
vn -0.278915 -0.960316 0
v 0.099965 0.444818 0.144415
vn -0.278915 -0.960316 0
v 0.099965 0.444818 0.122703
vn -0.278915 -0.960316 0
v 0.099965 0.444818 0.100991
vn -0.278915 -0.960316 0
v 0.099965 0.444818 0.0792794
vn -0.278915 -0.960316 0
v 0.099965 0.444818 0.0575676
vn -0.278915 -0.960316 0
v 0.099965 0.444818 0.0358559
vn -0.278915 -0.960316 0
v 0.152686 0.431807 0.198694
vn -0.239593 -0.970873 0
v 0.145657 0.433542 0.198694
vn -0.239593 -0.970873 0
v 0.138627 0.435277 0.198694
vn -0.239593 -0.970873 0
v 0.131598 0.437012 0.198694
vn -0.239593 -0.970873 0
v 0.124568 0.438746 0.198694
vn -0.239593 -0.970873 0
v 0.117539 0.440481 0.198694
vn -0.239593 -0.970873 0
v 0.110509 0.442216 0.198694
vn -0.239593 -0.970873 0
v 0.10348 0.443951 0.198694
vn -0.239593 -0.970873 0
v 0.058726 0.482985 0.187838
vn -0.848616 -0.529009 0
v 0.0613034 0.4806 0.176982
vn -0.679243 -0.733914 0
v 0.0613034 0.4806 0.187838
vn -0.679243 -0.733914 0
v 0.058726 0.482985 0.166126
vn -0.848616 -0.529009 0
v 0.0613034 0.4806 0.155271
vn -0.679243 -0.733914 0
v 0.0613034 0.4806 0.166126
vn -0.679243 -0.733914 0
v 0.0664583 0.475829 0.155271
vn -0.679243 -0.733914 0
v 0.0664583 0.475829 0.166126
vn -0.679243 -0.733914 0
v 0.0638809 0.478214 0.166126
vn -0.679243 -0.733914 0
v 0.058726 0.482985 0.144415
vn -0.848616 -0.529009 0
v 0.0613034 0.4806 0.133559
vn -0.679243 -0.733914 0
v 0.0613034 0.4806 0.144415
vn -0.679243 -0.733914 0
v 0.058726 0.482985 0.122703
vn -0.848616 -0.529009 0
v 0.0613034 0.4806 0.111847
vn -0.679243 -0.733914 0
v 0.0613034 0.4806 0.122703
vn -0.679243 -0.733914 0
v 0.0664583 0.475829 0.111847
vn -0.679243 -0.733914 0
v 0.0664583 0.475829 0.122703
vn -0.679243 -0.733914 0
v 0.0638809 0.478214 0.122703
vn -0.679243 -0.733914 0
v 0.0716132 0.471058 0.111847
vn -0.679243 -0.733914 0
v 0.0716132 0.471058 0.122703
vn -0.679243 -0.733914 0
v 0.0690358 0.473443 0.122703
vn -0.679243 -0.733914 0
v 0.0767681 0.466287 0.111847
vn -0.679243 -0.733914 0
v 0.0767681 0.466287 0.122703
vn -0.679243 -0.733914 0
v 0.0741906 0.468672 0.122703
vn -0.679243 -0.733914 0
v 0.0716132 0.471058 0.144415
vn -0.679243 -0.733914 0
v 0.0690358 0.473443 0.144415
vn -0.679243 -0.733914 0
v 0.0716132 0.471058 0.133559
vn -0.679243 -0.733914 0
v 0.0638809 0.478214 0.144415
vn -0.679243 -0.733914 0
v 0.0664583 0.475829 0.133559
vn -0.679243 -0.733914 0
v 0.0664583 0.475829 0.144415
vn -0.679243 -0.733914 0
v 0.058726 0.482985 0.100991
vn -0.848616 -0.529009 0
v 0.0613034 0.4806 0.0901353
vn -0.679243 -0.733914 0
v 0.0613034 0.4806 0.100991
vn -0.679243 -0.733914 0
v 0.058726 0.482985 0.0792794
vn -0.848616 -0.529009 0
v 0.0613034 0.4806 0.0684235
vn -0.679243 -0.733914 0
v 0.0613034 0.4806 0.0792794
vn -0.679243 -0.733914 0
v 0.0664583 0.475829 0.0684235
vn -0.679243 -0.733914 0
v 0.0664583 0.475829 0.0792794
vn -0.679243 -0.733914 0
v 0.0638809 0.478214 0.0792794
vn -0.679243 -0.733914 0
v 0.058726 0.482985 0.0575676
vn -0.848616 -0.529009 0
v 0.0613034 0.4806 0.0467118
vn -0.679243 -0.733914 0
v 0.0613034 0.4806 0.0575676
vn -0.679243 -0.733914 0
v 0.058726 0.482985 0.0358559
vn -0.848616 -0.529009 0
v 0.0613034 0.4806 0.0358559
vn -0.679243 -0.733914 0
v 0.0664583 0.475829 0.0358559
vn -0.679243 -0.733914 0
v 0.0638809 0.478214 0.0358559
vn -0.679243 -0.733914 0
v 0.0716132 0.471058 0.0358559
vn -0.679243 -0.733914 0
v 0.0690358 0.473443 0.0358559
vn -0.679243 -0.733914 0
v 0.0767681 0.466287 0.0358559
vn -0.679243 -0.733914 0
v 0.0741906 0.468672 0.0358559
vn -0.679243 -0.733914 0
v 0.0716132 0.471058 0.0575676
vn -0.679243 -0.733914 0
v 0.0690358 0.473443 0.0575676
vn -0.679243 -0.733914 0
v 0.0716132 0.471058 0.0467118
vn -0.679243 -0.733914 0
v 0.0638809 0.478214 0.0575676
vn -0.679243 -0.733914 0
v 0.0664583 0.475829 0.0467118
vn -0.679243 -0.733914 0
v 0.0664583 0.475829 0.0575676
vn -0.679243 -0.733914 0
v 0.0819229 0.461516 0.0358559
vn -0.679243 -0.733914 0
v 0.0793455 0.463901 0.0358559
vn -0.679243 -0.733914 0
v 0.0870778 0.456745 0.0358559
vn -0.679243 -0.733914 0
v 0.0845004 0.459131 0.0358559
vn -0.679243 -0.733914 0
v 0.0819229 0.461516 0.0575676
vn -0.679243 -0.733914 0
v 0.0793455 0.463901 0.0575676
vn -0.679243 -0.733914 0
v 0.0819229 0.461516 0.0467118
vn -0.679243 -0.733914 0
v 0.0922327 0.451974 0.0358559
vn -0.679243 -0.733914 0
v 0.0896552 0.45436 0.0358559
vn -0.679243 -0.733914 0
v 0.0973876 0.447203 0.0358559
vn -0.679243 -0.733914 0
v 0.0948101 0.449589 0.0358559
vn -0.679243 -0.733914 0
v 0.0922327 0.451974 0.0575676
vn -0.679243 -0.733914 0
v 0.0896552 0.45436 0.0575676
vn -0.679243 -0.733914 0
v 0.0922327 0.451974 0.0467118
vn -0.679243 -0.733914 0
v 0.0870778 0.456745 0.0792794
vn -0.679243 -0.733914 0
v 0.0845004 0.459131 0.0792794
vn -0.679243 -0.733914 0
v 0.0870778 0.456745 0.0684235
vn -0.679243 -0.733914 0
v 0.0819229 0.461516 0.100991
vn -0.679243 -0.733914 0
v 0.0793455 0.463901 0.100991
vn -0.679243 -0.733914 0
v 0.0819229 0.461516 0.0901353
vn -0.679243 -0.733914 0
v 0.0793455 0.463901 0.0792794
vn -0.679243 -0.733914 0
v 0.0819229 0.461516 0.0684235
vn -0.679243 -0.733914 0
v 0.0819229 0.461516 0.0792794
vn -0.679243 -0.733914 0
v 0.0870778 0.456745 0.0467118
vn -0.679243 -0.733914 0
v 0.0870778 0.456745 0.0575676
vn -0.679243 -0.733914 0
v 0.0845004 0.459131 0.0575676
vn -0.679243 -0.733914 0
v 0.0638809 0.478214 0.100991
vn -0.679243 -0.733914 0
v 0.0690358 0.473443 0.0792794
vn -0.679243 -0.733914 0
v 0.0664583 0.475829 0.0901353
vn -0.679243 -0.733914 0
v 0.0690358 0.473443 0.100991
vn -0.679243 -0.733914 0
v 0.0664583 0.475829 0.100991
vn -0.679243 -0.733914 0
v 0.0741906 0.468672 0.0575676
vn -0.679243 -0.733914 0
v 0.0716132 0.471058 0.0684235
vn -0.679243 -0.733914 0
v 0.0767681 0.466287 0.0467118
vn -0.679243 -0.733914 0
v 0.0767681 0.466287 0.0684235
vn -0.679243 -0.733914 0
v 0.0767681 0.466287 0.0575676
vn -0.679243 -0.733914 0
v 0.0767681 0.466287 0.0901353
vn -0.679243 -0.733914 0
v 0.0767681 0.466287 0.0792794
vn -0.679243 -0.733914 0
v 0.0767681 0.466287 0.100991
vn -0.679243 -0.733914 0
v 0.0716132 0.471058 0.100991
vn -0.679243 -0.733914 0
v 0.0741906 0.468672 0.100991
vn -0.679243 -0.733914 0
v 0.0716132 0.471058 0.0792794
vn -0.679243 -0.733914 0
v 0.0741906 0.468672 0.0792794
vn -0.679243 -0.733914 0
v 0.0716132 0.471058 0.0901353
vn -0.679243 -0.733914 0
v 0.0973876 0.447203 0.198694
vn -0.679243 -0.733914 0
v 0.0973876 0.447203 0.187838
vn -0.679243 -0.733914 0
v 0.0922327 0.451974 0.198694
vn -0.679243 -0.733914 0
v 0.0922327 0.451974 0.187838
vn -0.679243 -0.733914 0
v 0.0948101 0.449589 0.187838
vn -0.679243 -0.733914 0
v 0.0973876 0.447203 0.166126
vn -0.679243 -0.733914 0
v 0.0973876 0.447203 0.176982
vn -0.679243 -0.733914 0
v 0.0870778 0.456745 0.198694
vn -0.679243 -0.733914 0
v 0.0870778 0.456745 0.187838
vn -0.679243 -0.733914 0
v 0.0896552 0.45436 0.187838
vn -0.679243 -0.733914 0
v 0.0819229 0.461516 0.198694
vn -0.679243 -0.733914 0
v 0.0819229 0.461516 0.187838
vn -0.679243 -0.733914 0
v 0.0845004 0.459131 0.187838
vn -0.679243 -0.733914 0
v 0.0870778 0.456745 0.166126
vn -0.679243 -0.733914 0
v 0.0896552 0.45436 0.166126
vn -0.679243 -0.733914 0
v 0.0870778 0.456745 0.176982
vn -0.679243 -0.733914 0
v 0.0922327 0.451974 0.144415
vn -0.679243 -0.733914 0
v 0.0948101 0.449589 0.144415
vn -0.679243 -0.733914 0
v 0.0922327 0.451974 0.155271
vn -0.679243 -0.733914 0
v 0.0973876 0.447203 0.122703
vn -0.679243 -0.733914 0
v 0.0973876 0.447203 0.133559
vn -0.679243 -0.733914 0
v 0.0973876 0.447203 0.155271
vn -0.679243 -0.733914 0
v 0.0973876 0.447203 0.144415
vn -0.679243 -0.733914 0
v 0.0922327 0.451974 0.176982
vn -0.679243 -0.733914 0
v 0.0922327 0.451974 0.166126
vn -0.679243 -0.733914 0
v 0.0948101 0.449589 0.166126
vn -0.679243 -0.733914 0
v 0.0767681 0.466287 0.198694
vn -0.679243 -0.733914 0
v 0.0767681 0.466287 0.187838
vn -0.679243 -0.733914 0
v 0.0793455 0.463901 0.187838
vn -0.679243 -0.733914 0
v 0.0716132 0.471058 0.198694
vn -0.679243 -0.733914 0
v 0.0716132 0.471058 0.187838
vn -0.679243 -0.733914 0
v 0.0741906 0.468672 0.187838
vn -0.679243 -0.733914 0
v 0.0767681 0.466287 0.166126
vn -0.679243 -0.733914 0
v 0.0793455 0.463901 0.166126
vn -0.679243 -0.733914 0
v 0.0767681 0.466287 0.176982
vn -0.679243 -0.733914 0
v 0.0664583 0.475829 0.198694
vn -0.679243 -0.733914 0
v 0.0664583 0.475829 0.187838
vn -0.679243 -0.733914 0
v 0.0690358 0.473443 0.187838
vn -0.679243 -0.733914 0
v 0.0613034 0.4806 0.198694
vn -0.679243 -0.733914 0
v 0.0638809 0.478214 0.187838
vn -0.679243 -0.733914 0
v 0.0690358 0.473443 0.166126
vn -0.679243 -0.733914 0
v 0.0664583 0.475829 0.176982
vn -0.679243 -0.733914 0
v 0.0741906 0.468672 0.144415
vn -0.679243 -0.733914 0
v 0.0716132 0.471058 0.155271
vn -0.679243 -0.733914 0
v 0.0793455 0.463901 0.122703
vn -0.679243 -0.733914 0
v 0.0767681 0.466287 0.133559
vn -0.679243 -0.733914 0
v 0.0793455 0.463901 0.144415
vn -0.679243 -0.733914 0
v 0.0767681 0.466287 0.155271
vn -0.679243 -0.733914 0
v 0.0767681 0.466287 0.144415
vn -0.679243 -0.733914 0
v 0.0716132 0.471058 0.176982
vn -0.679243 -0.733914 0
v 0.0716132 0.471058 0.166126
vn -0.679243 -0.733914 0
v 0.0741906 0.468672 0.166126
vn -0.679243 -0.733914 0
v 0.0845004 0.459131 0.100991
vn -0.679243 -0.733914 0
v 0.0819229 0.461516 0.111847
vn -0.679243 -0.733914 0
v 0.0896552 0.45436 0.0792794
vn -0.679243 -0.733914 0
v 0.0870778 0.456745 0.0901353
vn -0.679243 -0.733914 0
v 0.0896552 0.45436 0.100991
vn -0.679243 -0.733914 0
v 0.0870778 0.456745 0.111847
vn -0.679243 -0.733914 0
v 0.0870778 0.456745 0.100991
vn -0.679243 -0.733914 0
v 0.0948101 0.449589 0.0575676
vn -0.679243 -0.733914 0
v 0.0922327 0.451974 0.0684235
vn -0.679243 -0.733914 0
v 0.0973876 0.447203 0.0467118
vn -0.679243 -0.733914 0
v 0.0973876 0.447203 0.0684235
vn -0.679243 -0.733914 0
v 0.0973876 0.447203 0.0575676
vn -0.679243 -0.733914 0
v 0.0973876 0.447203 0.0901353
vn -0.679243 -0.733914 0
v 0.0973876 0.447203 0.0792794
vn -0.679243 -0.733914 0
v 0.0973876 0.447203 0.111847
vn -0.679243 -0.733914 0
v 0.0973876 0.447203 0.100991
vn -0.679243 -0.733914 0
v 0.0922327 0.451974 0.111847
vn -0.679243 -0.733914 0
v 0.0922327 0.451974 0.100991
vn -0.679243 -0.733914 0
v 0.0948101 0.449589 0.100991
vn -0.679243 -0.733914 0
v 0.0922327 0.451974 0.0792794
vn -0.679243 -0.733914 0
v 0.0948101 0.449589 0.0792794
vn -0.679243 -0.733914 0
v 0.0922327 0.451974 0.0901353
vn -0.679243 -0.733914 0
v 0.0819229 0.461516 0.176982
vn -0.679243 -0.733914 0
v 0.0819229 0.461516 0.155271
vn -0.679243 -0.733914 0
v 0.0819229 0.461516 0.166126
vn -0.679243 -0.733914 0
v 0.0870778 0.456745 0.155271
vn -0.679243 -0.733914 0
v 0.0845004 0.459131 0.166126
vn -0.679243 -0.733914 0
v 0.0819229 0.461516 0.133559
vn -0.679243 -0.733914 0
v 0.0819229 0.461516 0.144415
vn -0.679243 -0.733914 0
v 0.0819229 0.461516 0.122703
vn -0.679243 -0.733914 0
v 0.0870778 0.456745 0.122703
vn -0.679243 -0.733914 0
v 0.0845004 0.459131 0.122703
vn -0.679243 -0.733914 0
v 0.0922327 0.451974 0.122703
vn -0.679243 -0.733914 0
v 0.0896552 0.45436 0.122703
vn -0.679243 -0.733914 0
v 0.0948101 0.449589 0.122703
vn -0.679243 -0.733914 0
v 0.0896552 0.45436 0.144415
vn -0.679243 -0.733914 0
v 0.0922327 0.451974 0.133559
vn -0.679243 -0.733914 0
v 0.0845004 0.459131 0.144415
vn -0.679243 -0.733914 0
v 0.0870778 0.456745 0.133559
vn -0.679243 -0.733914 0
v 0.0870778 0.456745 0.144415
vn -0.679243 -0.733914 0
v 0.04373 0.535028 0.187838
vn -1 0 0
v 0.0446672 0.531775 0.176982
vn -0.960904 -0.276881 0
v 0.0446672 0.531775 0.187838
vn -0.960904 -0.276881 0
v 0.04373 0.535028 0.166126
vn -1 0 0
v 0.0446672 0.531775 0.155271
vn -0.960904 -0.276881 0
v 0.0446672 0.531775 0.166126
vn -0.960904 -0.276881 0
v 0.0465417 0.52527 0.155271
vn -0.960904 -0.276881 0
v 0.0465417 0.52527 0.166126
vn -0.960904 -0.276881 0
v 0.0456045 0.528523 0.166126
vn -0.960904 -0.276881 0
v 0.04373 0.535028 0.144415
vn -1 0 0
v 0.0446672 0.531775 0.133559
vn -0.960904 -0.276881 0
v 0.0446672 0.531775 0.144415
vn -0.960904 -0.276881 0
v 0.04373 0.535028 0.122703
vn -1 0 0
v 0.0446672 0.531775 0.111847
vn -0.960904 -0.276881 0
v 0.0446672 0.531775 0.122703
vn -0.960904 -0.276881 0
v 0.0465417 0.52527 0.111847
vn -0.960904 -0.276881 0
v 0.0465417 0.52527 0.122703
vn -0.960904 -0.276881 0
v 0.0456045 0.528523 0.122703
vn -0.960904 -0.276881 0
v 0.0484162 0.518765 0.111847
vn -0.960904 -0.276881 0
v 0.0484162 0.518765 0.122703
vn -0.960904 -0.276881 0
v 0.047479 0.522017 0.122703
vn -0.960904 -0.276881 0
v 0.0502907 0.512259 0.111847
vn -0.960904 -0.276881 0
v 0.0502907 0.512259 0.122703
vn -0.960904 -0.276881 0
v 0.0493535 0.515512 0.122703
vn -0.960904 -0.276881 0
v 0.0484162 0.518765 0.144415
vn -0.960904 -0.276881 0
v 0.047479 0.522017 0.144415
vn -0.960904 -0.276881 0
v 0.0484162 0.518765 0.133559
vn -0.960904 -0.276881 0
v 0.0456045 0.528523 0.144415
vn -0.960904 -0.276881 0
v 0.0465417 0.52527 0.133559
vn -0.960904 -0.276881 0
v 0.0465417 0.52527 0.144415
vn -0.960904 -0.276881 0
v 0.04373 0.535028 0.100991
vn -1 0 0
v 0.0446672 0.531775 0.0901353
vn -0.960904 -0.276881 0
v 0.0446672 0.531775 0.100991
vn -0.960904 -0.276881 0
v 0.04373 0.535028 0.0792794
vn -1 0 0
v 0.0446672 0.531775 0.0684235
vn -0.960904 -0.276881 0
v 0.0446672 0.531775 0.0792794
vn -0.960904 -0.276881 0
v 0.0465417 0.52527 0.0684235
vn -0.960904 -0.276881 0
v 0.0465417 0.52527 0.0792794
vn -0.960904 -0.276881 0
v 0.0456045 0.528523 0.0792794
vn -0.960904 -0.276881 0
v 0.04373 0.535028 0.0575676
vn -1 0 0
v 0.0446672 0.531775 0.0467118
vn -0.960904 -0.276881 0
v 0.0446672 0.531775 0.0575676
vn -0.960904 -0.276881 0
v 0.04373 0.535028 0.0358559
vn -1 0 0
v 0.0446672 0.531775 0.0358559
vn -0.960904 -0.276881 0
v 0.0465417 0.52527 0.0358559
vn -0.960904 -0.276881 0
v 0.0456045 0.528523 0.0358559
vn -0.960904 -0.276881 0
v 0.0484162 0.518765 0.0358559
vn -0.960904 -0.276881 0
v 0.047479 0.522017 0.0358559
vn -0.960904 -0.276881 0
v 0.0502907 0.512259 0.0358559
vn -0.960904 -0.276881 0
v 0.0493535 0.515512 0.0358559
vn -0.960904 -0.276881 0
v 0.0484162 0.518765 0.0575676
vn -0.960904 -0.276881 0
v 0.047479 0.522017 0.0575676
vn -0.960904 -0.276881 0
v 0.0484162 0.518765 0.0467118
vn -0.960904 -0.276881 0
v 0.0456045 0.528523 0.0575676
vn -0.960904 -0.276881 0
v 0.0465417 0.52527 0.0467118
vn -0.960904 -0.276881 0
v 0.0465417 0.52527 0.0575676
vn -0.960904 -0.276881 0
v 0.0521653 0.505754 0.0358559
vn -0.960904 -0.276881 0
v 0.051228 0.509006 0.0358559
vn -0.960904 -0.276881 0
v 0.0540398 0.499248 0.0358559
vn -0.960904 -0.276881 0
v 0.0531025 0.502501 0.0358559
vn -0.960904 -0.276881 0
v 0.0521653 0.505754 0.0575676
vn -0.960904 -0.276881 0
v 0.051228 0.509006 0.0575676
vn -0.960904 -0.276881 0
v 0.0521653 0.505754 0.0467118
vn -0.960904 -0.276881 0
v 0.0559143 0.492743 0.0358559
vn -0.960904 -0.276881 0
v 0.054977 0.495996 0.0358559
vn -0.960904 -0.276881 0
v 0.0577888 0.486238 0.0358559
vn -0.960904 -0.276881 0
v 0.0568515 0.48949 0.0358559
vn -0.960904 -0.276881 0
v 0.0559143 0.492743 0.0575676
vn -0.960904 -0.276881 0
v 0.054977 0.495996 0.0575676
vn -0.960904 -0.276881 0
v 0.0559143 0.492743 0.0467118
vn -0.960904 -0.276881 0
v 0.0540398 0.499248 0.0792794
vn -0.960904 -0.276881 0
v 0.0531025 0.502501 0.0792794
vn -0.960904 -0.276881 0
v 0.0540398 0.499248 0.0684235
vn -0.960904 -0.276881 0
v 0.0521653 0.505754 0.100991
vn -0.960904 -0.276881 0
v 0.051228 0.509006 0.100991
vn -0.960904 -0.276881 0
v 0.0521653 0.505754 0.0901353
vn -0.960904 -0.276881 0
v 0.051228 0.509006 0.0792794
vn -0.960904 -0.276881 0
v 0.0521653 0.505754 0.0684235
vn -0.960904 -0.276881 0
v 0.0521653 0.505754 0.0792794
vn -0.960904 -0.276881 0
v 0.0540398 0.499248 0.0467118
vn -0.960904 -0.276881 0
v 0.0540398 0.499248 0.0575676
vn -0.960904 -0.276881 0
v 0.0531025 0.502501 0.0575676
vn -0.960904 -0.276881 0
v 0.0456045 0.528523 0.100991
vn -0.960904 -0.276881 0
v 0.047479 0.522017 0.0792794
vn -0.960904 -0.276881 0
v 0.0465417 0.52527 0.0901353
vn -0.960904 -0.276881 0
v 0.047479 0.522017 0.100991
vn -0.960904 -0.276881 0
v 0.0465417 0.52527 0.100991
vn -0.960904 -0.276881 0
v 0.0493535 0.515512 0.0575676
vn -0.960904 -0.276881 0
v 0.0484162 0.518765 0.0684235
vn -0.960904 -0.276881 0
v 0.0502907 0.512259 0.0467118
vn -0.960904 -0.276881 0
v 0.0502907 0.512259 0.0684235
vn -0.960904 -0.276881 0
v 0.0502907 0.512259 0.0575676
vn -0.960904 -0.276881 0
v 0.0502907 0.512259 0.0901353
vn -0.960904 -0.276881 0
v 0.0502907 0.512259 0.0792794
vn -0.960904 -0.276881 0
v 0.0502907 0.512259 0.100991
vn -0.960904 -0.276881 0
v 0.0484162 0.518765 0.100991
vn -0.960904 -0.276881 0
v 0.0493535 0.515512 0.100991
vn -0.960904 -0.276881 0
v 0.0484162 0.518765 0.0792794
vn -0.960904 -0.276881 0
v 0.0493535 0.515512 0.0792794
vn -0.960904 -0.276881 0
v 0.0484162 0.518765 0.0901353
vn -0.960904 -0.276881 0
v 0.0577888 0.486238 0.198694
vn -0.960904 -0.276881 0
v 0.0577888 0.486238 0.187838
vn -0.960904 -0.276881 0
v 0.0559143 0.492743 0.198694
vn -0.960904 -0.276881 0
v 0.0559143 0.492743 0.187838
vn -0.960904 -0.276881 0
v 0.0568515 0.48949 0.187838
vn -0.960904 -0.276881 0
v 0.0577888 0.486238 0.166126
vn -0.960904 -0.276881 0
v 0.0577888 0.486238 0.176982
vn -0.960904 -0.276881 0
v 0.0540398 0.499248 0.198694
vn -0.960904 -0.276881 0
v 0.0540398 0.499248 0.187838
vn -0.960904 -0.276881 0
v 0.054977 0.495996 0.187838
vn -0.960904 -0.276881 0
v 0.0521653 0.505754 0.198694
vn -0.960904 -0.276881 0
v 0.0521653 0.505754 0.187838
vn -0.960904 -0.276881 0
v 0.0531025 0.502501 0.187838
vn -0.960904 -0.276881 0
v 0.0540398 0.499248 0.166126
vn -0.960904 -0.276881 0
v 0.054977 0.495996 0.166126
vn -0.960904 -0.276881 0
v 0.0540398 0.499248 0.176982
vn -0.960904 -0.276881 0
v 0.0559143 0.492743 0.144415
vn -0.960904 -0.276881 0
v 0.0568515 0.48949 0.144415
vn -0.960904 -0.276881 0
v 0.0559143 0.492743 0.155271
vn -0.960904 -0.276881 0
v 0.0577888 0.486238 0.122703
vn -0.960904 -0.276881 0
v 0.0577888 0.486238 0.133559
vn -0.960904 -0.276881 0
v 0.0577888 0.486238 0.155271
vn -0.960904 -0.276881 0
v 0.0577888 0.486238 0.144415
vn -0.960904 -0.276881 0
v 0.0559143 0.492743 0.176982
vn -0.960904 -0.276881 0
v 0.0559143 0.492743 0.166126
vn -0.960904 -0.276881 0
v 0.0568515 0.48949 0.166126
vn -0.960904 -0.276881 0
v 0.0502907 0.512259 0.198694
vn -0.960904 -0.276881 0
v 0.0502907 0.512259 0.187838
vn -0.960904 -0.276881 0
v 0.051228 0.509006 0.187838
vn -0.960904 -0.276881 0
v 0.0484162 0.518765 0.198694
vn -0.960904 -0.276881 0
v 0.0484162 0.518765 0.187838
vn -0.960904 -0.276881 0
v 0.0493535 0.515512 0.187838
vn -0.960904 -0.276881 0
v 0.0502907 0.512259 0.166126
vn -0.960904 -0.276881 0
v 0.051228 0.509006 0.166126
vn -0.960904 -0.276881 0
v 0.0502907 0.512259 0.176982
vn -0.960904 -0.276881 0
v 0.0465417 0.52527 0.198694
vn -0.960904 -0.276881 0
v 0.0465417 0.52527 0.187838
vn -0.960904 -0.276881 0
v 0.047479 0.522017 0.187838
vn -0.960904 -0.276881 0
v 0.0446672 0.531775 0.198694
vn -0.960904 -0.276881 0
v 0.0456045 0.528523 0.187838
vn -0.960904 -0.276881 0
v 0.047479 0.522017 0.166126
vn -0.960904 -0.276881 0
v 0.0465417 0.52527 0.176982
vn -0.960904 -0.276881 0
v 0.0493535 0.515512 0.144415
vn -0.960904 -0.276881 0
v 0.0484162 0.518765 0.155271
vn -0.960904 -0.276881 0
v 0.051228 0.509006 0.122703
vn -0.960904 -0.276881 0
v 0.0502907 0.512259 0.133559
vn -0.960904 -0.276881 0
v 0.051228 0.509006 0.144415
vn -0.960904 -0.276881 0
v 0.0502907 0.512259 0.155271
vn -0.960904 -0.276881 0
v 0.0502907 0.512259 0.144415
vn -0.960904 -0.276881 0
v 0.0484162 0.518765 0.176982
vn -0.960904 -0.276881 0
v 0.0484162 0.518765 0.166126
vn -0.960904 -0.276881 0
v 0.0493535 0.515512 0.166126
vn -0.960904 -0.276881 0
v 0.0531025 0.502501 0.100991
vn -0.960904 -0.276881 0
v 0.0521653 0.505754 0.111847
vn -0.960904 -0.276881 0
v 0.054977 0.495996 0.0792794
vn -0.960904 -0.276881 0
v 0.0540398 0.499248 0.0901353
vn -0.960904 -0.276881 0
v 0.054977 0.495996 0.100991
vn -0.960904 -0.276881 0
v 0.0540398 0.499248 0.111847
vn -0.960904 -0.276881 0
v 0.0540398 0.499248 0.100991
vn -0.960904 -0.276881 0
v 0.0568515 0.48949 0.0575676
vn -0.960904 -0.276881 0
v 0.0559143 0.492743 0.0684235
vn -0.960904 -0.276881 0
v 0.0577888 0.486238 0.0467118
vn -0.960904 -0.276881 0
v 0.0577888 0.486238 0.0684235
vn -0.960904 -0.276881 0
v 0.0577888 0.486238 0.0575676
vn -0.960904 -0.276881 0
v 0.0577888 0.486238 0.0901353
vn -0.960904 -0.276881 0
v 0.0577888 0.486238 0.0792794
vn -0.960904 -0.276881 0
v 0.0577888 0.486238 0.111847
vn -0.960904 -0.276881 0
v 0.0577888 0.486238 0.100991
vn -0.960904 -0.276881 0
v 0.0559143 0.492743 0.111847
vn -0.960904 -0.276881 0
v 0.0559143 0.492743 0.100991
vn -0.960904 -0.276881 0
v 0.0568515 0.48949 0.100991
vn -0.960904 -0.276881 0
v 0.0559143 0.492743 0.0792794
vn -0.960904 -0.276881 0
v 0.0568515 0.48949 0.0792794
vn -0.960904 -0.276881 0
v 0.0559143 0.492743 0.0901353
vn -0.960904 -0.276881 0
v 0.0521653 0.505754 0.176982
vn -0.960904 -0.276881 0
v 0.0521653 0.505754 0.155271
vn -0.960904 -0.276881 0
v 0.0521653 0.505754 0.166126
vn -0.960904 -0.276881 0
v 0.0540398 0.499248 0.155271
vn -0.960904 -0.276881 0
v 0.0531025 0.502501 0.166126
vn -0.960904 -0.276881 0
v 0.0521653 0.505754 0.133559
vn -0.960904 -0.276881 0
v 0.0521653 0.505754 0.144415
vn -0.960904 -0.276881 0
v 0.0521653 0.505754 0.122703
vn -0.960904 -0.276881 0
v 0.0540398 0.499248 0.122703
vn -0.960904 -0.276881 0
v 0.0531025 0.502501 0.122703
vn -0.960904 -0.276881 0
v 0.0559143 0.492743 0.122703
vn -0.960904 -0.276881 0
v 0.054977 0.495996 0.122703
vn -0.960904 -0.276881 0
v 0.0568515 0.48949 0.122703
vn -0.960904 -0.276881 0
v 0.054977 0.495996 0.144415
vn -0.960904 -0.276881 0
v 0.0559143 0.492743 0.133559
vn -0.960904 -0.276881 0
v 0.0531025 0.502501 0.144415
vn -0.960904 -0.276881 0
v 0.0540398 0.499248 0.133559
vn -0.960904 -0.276881 0
v 0.0540398 0.499248 0.144415
vn -0.960904 -0.276881 0
v 0.0577888 0.58382 0.176982
vn -0.960907 0.276871 0
v 0.0577888 0.58382 0.155271
vn -0.960907 0.276871 0
v 0.0577888 0.58382 0.166126
vn -0.960907 0.276871 0
v 0.0559143 0.577315 0.155271
vn -0.960907 0.276871 0
v 0.0559143 0.577315 0.166126
vn -0.960907 0.276871 0
v 0.0568515 0.580567 0.166126
vn -0.960907 0.276871 0
v 0.058726 0.587073 0.144415
vn -0.710394 0.703804 0
v 0.0577888 0.58382 0.133559
vn -0.960907 0.276871 0
v 0.0577888 0.58382 0.144415
vn -0.960907 0.276871 0
v 0.058726 0.587073 0.122703
vn -0.710394 0.703804 0
v 0.0577888 0.58382 0.111847
vn -0.960907 0.276871 0
v 0.0577888 0.58382 0.122703
vn -0.960907 0.276871 0
v 0.0559143 0.577315 0.111847
vn -0.960907 0.276871 0
v 0.0559143 0.577315 0.122703
vn -0.960907 0.276871 0
v 0.0568515 0.580567 0.122703
vn -0.960907 0.276871 0
v 0.0540398 0.570809 0.111847
vn -0.960907 0.276871 0
v 0.0540398 0.570809 0.122703
vn -0.960907 0.276871 0
v 0.054977 0.574062 0.122703
vn -0.960907 0.276871 0
v 0.0521653 0.564303 0.111847
vn -0.960907 0.276871 0
v 0.0521653 0.564303 0.122703
vn -0.960907 0.276871 0
v 0.0531025 0.567556 0.122703
vn -0.960907 0.276871 0
v 0.0540398 0.570809 0.144415
vn -0.960907 0.276871 0
v 0.054977 0.574062 0.144415
vn -0.960907 0.276871 0
v 0.0540398 0.570809 0.133559
vn -0.960907 0.276871 0
v 0.0568515 0.580567 0.144415
vn -0.960907 0.276871 0
v 0.0559143 0.577315 0.133559
vn -0.960907 0.276871 0
v 0.0559143 0.577315 0.144415
vn -0.960907 0.276871 0
v 0.058726 0.587073 0.100991
vn -0.708497 0.705714 0
v 0.0577888 0.58382 0.0901353
vn -0.960907 0.276871 0
v 0.0577888 0.58382 0.100991
vn -0.960907 0.276871 0
v 0.0577888 0.58382 0.0684235
vn -0.960907 0.276871 0
v 0.0577888 0.58382 0.0792794
vn -0.960907 0.276871 0
v 0.0559143 0.577315 0.0684235
vn -0.960907 0.276871 0
v 0.0559143 0.577315 0.0792794
vn -0.960907 0.276871 0
v 0.0568515 0.580567 0.0792794
vn -0.960907 0.276871 0
v 0.058726 0.587073 0.0575676
vn -0.708497 0.705714 0
v 0.0577888 0.58382 0.0467118
vn -0.960907 0.276871 0
v 0.0577888 0.58382 0.0575676
vn -0.960907 0.276871 0
v 0.0577888 0.58382 0.0358559
vn -0.960907 0.276871 0
v 0.0559143 0.577315 0.0358559
vn -0.960907 0.276871 0
v 0.0568515 0.580567 0.0358559
vn -0.960907 0.276871 0
v 0.0540398 0.570809 0.0358559
vn -0.960907 0.276871 0
v 0.054977 0.574062 0.0358559
vn -0.960907 0.276871 0
v 0.0521653 0.564303 0.0358559
vn -0.960907 0.276871 0
v 0.0531025 0.567556 0.0358559
vn -0.960907 0.276871 0
v 0.0540398 0.570809 0.0575676
vn -0.960907 0.276871 0
v 0.054977 0.574062 0.0575676
vn -0.960907 0.276871 0
v 0.0540398 0.570809 0.0467118
vn -0.960907 0.276871 0
v 0.0568515 0.580567 0.0575676
vn -0.960907 0.276871 0
v 0.0559143 0.577315 0.0467118
vn -0.960907 0.276871 0
v 0.0559143 0.577315 0.0575676
vn -0.960907 0.276871 0
v 0.0502907 0.557798 0.0358559
vn -0.960907 0.276871 0
v 0.051228 0.561051 0.0358559
vn -0.960907 0.276871 0
v 0.0484162 0.551292 0.0358559
vn -0.960907 0.276871 0
v 0.0493535 0.554545 0.0358559
vn -0.960907 0.276871 0
v 0.0502907 0.557798 0.0575676
vn -0.960907 0.276871 0
v 0.051228 0.561051 0.0575676
vn -0.960907 0.276871 0
v 0.0502907 0.557798 0.0467118
vn -0.960907 0.276871 0
v 0.0465417 0.544786 0.0358559
vn -0.960907 0.276871 0
v 0.047479 0.548039 0.0358559
vn -0.960907 0.276871 0
v 0.0446672 0.538281 0.0358559
vn -0.960907 0.276871 0
v 0.0456045 0.541534 0.0358559
vn -0.960907 0.276871 0
v 0.0465417 0.544786 0.0575676
vn -0.960907 0.276871 0
v 0.047479 0.548039 0.0575676
vn -0.960907 0.276871 0
v 0.0465417 0.544786 0.0467118
vn -0.960907 0.276871 0
v 0.0484162 0.551292 0.0792794
vn -0.960907 0.276871 0
v 0.0493535 0.554545 0.0792794
vn -0.960907 0.276871 0
v 0.0484162 0.551292 0.0684235
vn -0.960907 0.276871 0
v 0.0502907 0.557798 0.100991
vn -0.960907 0.276871 0
v 0.051228 0.561051 0.100991
vn -0.960907 0.276871 0
v 0.0502907 0.557798 0.0901353
vn -0.960907 0.276871 0
v 0.051228 0.561051 0.0792794
vn -0.960907 0.276871 0
v 0.0502907 0.557798 0.0684235
vn -0.960907 0.276871 0
v 0.0502907 0.557798 0.0792794
vn -0.960907 0.276871 0
v 0.0484162 0.551292 0.0467118
vn -0.960907 0.276871 0
v 0.0484162 0.551292 0.0575676
vn -0.960907 0.276871 0
v 0.0493535 0.554545 0.0575676
vn -0.960907 0.276871 0
v 0.0568515 0.580567 0.100991
vn -0.960907 0.276871 0
v 0.054977 0.574062 0.0792794
vn -0.960907 0.276871 0
v 0.0559143 0.577315 0.0901353
vn -0.960907 0.276871 0
v 0.054977 0.574062 0.100991
vn -0.960907 0.276871 0
v 0.0559143 0.577315 0.100991
vn -0.960907 0.276871 0
v 0.0531025 0.567556 0.0575676
vn -0.960907 0.276871 0
v 0.0540398 0.570809 0.0684235
vn -0.960907 0.276871 0
v 0.0521653 0.564303 0.0467118
vn -0.960907 0.276871 0
v 0.0521653 0.564303 0.0684235
vn -0.960907 0.276871 0
v 0.0521653 0.564303 0.0575676
vn -0.960907 0.276871 0
v 0.0521653 0.564303 0.0901353
vn -0.960907 0.276871 0
v 0.0521653 0.564303 0.0792794
vn -0.960907 0.276871 0
v 0.0521653 0.564303 0.100991
vn -0.960907 0.276871 0
v 0.0540398 0.570809 0.100991
vn -0.960907 0.276871 0
v 0.0531025 0.567556 0.100991
vn -0.960907 0.276871 0
v 0.0540398 0.570809 0.0792794
vn -0.960907 0.276871 0
v 0.0531025 0.567556 0.0792794
vn -0.960907 0.276871 0
v 0.0540398 0.570809 0.0901353
vn -0.960907 0.276871 0
v 0.0446672 0.538281 0.198694
vn -0.960907 0.276871 0
v 0.0446672 0.538281 0.187838
vn -0.960907 0.276871 0
v 0.0465417 0.544786 0.198694
vn -0.960907 0.276871 0
v 0.0465417 0.544786 0.187838
vn -0.960907 0.276871 0
v 0.0456045 0.541534 0.187838
vn -0.960907 0.276871 0
v 0.0446672 0.538281 0.166126
vn -0.960907 0.276871 0
v 0.0446672 0.538281 0.176982
vn -0.960907 0.276871 0
v 0.0484162 0.551292 0.198694
vn -0.960907 0.276871 0
v 0.0484162 0.551292 0.187838
vn -0.960907 0.276871 0
v 0.047479 0.548039 0.187838
vn -0.960907 0.276871 0
v 0.0502907 0.557798 0.198694
vn -0.960907 0.276871 0
v 0.0502907 0.557798 0.187838
vn -0.960907 0.276871 0
v 0.0493535 0.554545 0.187838
vn -0.960907 0.276871 0
v 0.0484162 0.551292 0.166126
vn -0.960907 0.276871 0
v 0.047479 0.548039 0.166126
vn -0.960907 0.276871 0
v 0.0484162 0.551292 0.176982
vn -0.960907 0.276871 0
v 0.0465417 0.544786 0.144415
vn -0.960907 0.276871 0
v 0.0456045 0.541534 0.144415
vn -0.960907 0.276871 0
v 0.0465417 0.544786 0.155271
vn -0.960907 0.276871 0
v 0.0446672 0.538281 0.122703
vn -0.960907 0.276871 0
v 0.0446672 0.538281 0.133559
vn -0.960907 0.276871 0
v 0.0446672 0.538281 0.155271
vn -0.960907 0.276871 0
v 0.0446672 0.538281 0.144415
vn -0.960907 0.276871 0
v 0.0465417 0.544786 0.176982
vn -0.960907 0.276871 0
v 0.0465417 0.544786 0.166126
vn -0.960907 0.276871 0
v 0.0456045 0.541534 0.166126
vn -0.960907 0.276871 0
v 0.0521653 0.564303 0.198694
vn -0.960907 0.276871 0
v 0.0521653 0.564303 0.187838
vn -0.960907 0.276871 0
v 0.051228 0.561051 0.187838
vn -0.960907 0.276871 0
v 0.0540398 0.570809 0.198694
vn -0.960907 0.276871 0
v 0.0540398 0.570809 0.187838
vn -0.960907 0.276871 0
v 0.0531025 0.567556 0.187838
vn -0.960907 0.276871 0
v 0.0521653 0.564303 0.166126
vn -0.960907 0.276871 0
v 0.051228 0.561051 0.166126
vn -0.960907 0.276871 0
v 0.0521653 0.564303 0.176982
vn -0.960907 0.276871 0
v 0.0559143 0.577315 0.198694
vn -0.960907 0.276871 0
v 0.0559143 0.577315 0.187838
vn -0.960907 0.276871 0
v 0.054977 0.574062 0.187838
vn -0.960907 0.276871 0
v 0.0577888 0.58382 0.198694
vn -0.960907 0.276871 0
v 0.0568515 0.580567 0.187838
vn -0.960907 0.276871 0
v 0.054977 0.574062 0.166126
vn -0.960907 0.276871 0
v 0.0559143 0.577315 0.176982
vn -0.960907 0.276871 0
v 0.0531025 0.567556 0.144415
vn -0.960907 0.276871 0
v 0.0540398 0.570809 0.155271
vn -0.960907 0.276871 0
v 0.051228 0.561051 0.122703
vn -0.960907 0.276871 0
v 0.0521653 0.564303 0.133559
vn -0.960907 0.276871 0
v 0.051228 0.561051 0.144415
vn -0.960907 0.276871 0
v 0.0521653 0.564303 0.155271
vn -0.960907 0.276871 0
v 0.0521653 0.564303 0.144415
vn -0.960907 0.276871 0
v 0.0540398 0.570809 0.176982
vn -0.960907 0.276871 0
v 0.0540398 0.570809 0.166126
vn -0.960907 0.276871 0
v 0.0531025 0.567556 0.166126
vn -0.960907 0.276871 0
v 0.0493535 0.554545 0.100991
vn -0.960907 0.276871 0
v 0.0502907 0.557798 0.111847
vn -0.960907 0.276871 0
v 0.047479 0.548039 0.0792794
vn -0.960907 0.276871 0
v 0.0484162 0.551292 0.0901353
vn -0.960907 0.276871 0
v 0.047479 0.548039 0.100991
vn -0.960907 0.276871 0
v 0.0484162 0.551292 0.111847
vn -0.960907 0.276871 0
v 0.0484162 0.551292 0.100991
vn -0.960907 0.276871 0
v 0.0456045 0.541534 0.0575676
vn -0.960907 0.276871 0
v 0.0465417 0.544786 0.0684235
vn -0.960907 0.276871 0
v 0.0446672 0.538281 0.0467118
vn -0.960907 0.276871 0
v 0.0446672 0.538281 0.0684235
vn -0.960907 0.276871 0
v 0.0446672 0.538281 0.0575676
vn -0.960907 0.276871 0
v 0.0446672 0.538281 0.0901353
vn -0.960907 0.276871 0
v 0.0446672 0.538281 0.0792794
vn -0.960907 0.276871 0
v 0.0446672 0.538281 0.111847
vn -0.960907 0.276871 0
v 0.0446672 0.538281 0.100991
vn -0.960907 0.276871 0
v 0.0465417 0.544786 0.111847
vn -0.960907 0.276871 0
v 0.0465417 0.544786 0.100991
vn -0.960907 0.276871 0
v 0.0456045 0.541534 0.100991
vn -0.960907 0.276871 0
v 0.0465417 0.544786 0.0792794
vn -0.960907 0.276871 0
v 0.0456045 0.541534 0.0792794
vn -0.960907 0.276871 0
v 0.0465417 0.544786 0.0901353
vn -0.960907 0.276871 0
v 0.0502907 0.557798 0.176982
vn -0.960907 0.276871 0
v 0.0502907 0.557798 0.155271
vn -0.960907 0.276871 0
v 0.0502907 0.557798 0.166126
vn -0.960907 0.276871 0
v 0.0484162 0.551292 0.155271
vn -0.960907 0.276871 0
v 0.0493535 0.554545 0.166126
vn -0.960907 0.276871 0
v 0.0502907 0.557798 0.133559
vn -0.960907 0.276871 0
v 0.0502907 0.557798 0.144415
vn -0.960907 0.276871 0
v 0.0502907 0.557798 0.122703
vn -0.960907 0.276871 0
v 0.0484162 0.551292 0.122703
vn -0.960907 0.276871 0
v 0.0493535 0.554545 0.122703
vn -0.960907 0.276871 0
v 0.0465417 0.544786 0.122703
vn -0.960907 0.276871 0
v 0.047479 0.548039 0.122703
vn -0.960907 0.276871 0
v 0.0456045 0.541534 0.122703
vn -0.960907 0.276871 0
v 0.047479 0.548039 0.144415
vn -0.960907 0.276871 0
v 0.0465417 0.544786 0.133559
vn -0.960907 0.276871 0
v 0.0493535 0.554545 0.144415
vn -0.960907 0.276871 0
v 0.0484162 0.551292 0.133559
vn -0.960907 0.276871 0
v 0.0484162 0.551292 0.144415
vn -0.960907 0.276871 0
v 0.0613034 0.589458 0.198694
vn -0.679223 0.733932 0
v 0.0664583 0.594229 0.198694
vn -0.679223 0.733932 0
v 0.0716132 0.599 0.198694
vn -0.679223 0.733932 0
v 0.0767681 0.60377 0.198694
vn -0.679223 0.733932 0
v 0.0819229 0.608541 0.198694
vn -0.679223 0.733932 0
v 0.0973876 0.622853 0.198694
vn -0.679223 0.733932 0
v 0.203058 0.56013 0.975
vn 0.966237 0.257653 0
v 0.109344 0.509927 0.975
vn -0.966224 -0.257705 0
v 0.108451 0.513274 0.975
vn -0.966224 -0.257705 0
v 0.107558 0.516621 0.975
vn -0.966224 -0.257705 0
v 0.106666 0.519968 0.975
vn -0.966224 -0.257705 0
v 0.105773 0.523314 0.975
vn -0.966224 -0.257705 0
v 0.104881 0.526661 0.975
vn -0.966224 -0.257705 0
v 0.105773 0.546742 0.975
vn -0.966228 0.257687 0
v 0.106666 0.550089 0.975
vn -0.966228 0.257687 0
v 0.107558 0.553436 0.975
vn -0.966228 0.257687 0
v 0.108451 0.556783 0.975
vn -0.966228 0.257687 0
v 0.109344 0.56013 0.975
vn -0.966228 0.257687 0
f 1//1 1409//1409 1411//1411
f 1409//1409 443//443 1410//1410
f 1410//1410 445//445 1411//1411
f 1409//1409 1410//1410 1411//1411
f 443//443 1412//1412 1414//1414
f 1412//1412 175//175 1413//1413
f 1413//1413 444//444 1414//1414
f 1412//1412 1413//1413 1414//1414
f 444//444 1415//1415 1417//1417
f 1415//1415 177//177 1416//1416
f 1416//1416 445//445 1417//1417
f 1415//1415 1416//1416 1417//1417
f 443//443 1414//1414 1410//1410
f 1414//1414 444//444 1417//1417
f 1417//1417 445//445 1410//1410
f 1414//1414 1417//1417 1410//1410
f 175//175 1418//1418 1420//1420
f 1418//1418 446//446 1419//1419
f 1419//1419 448//448 1420//1420
f 1418//1418 1419//1419 1420//1420
f 446//446 1421//1421 1423//1423
f 1421//1421 90//90 1422//1422
f 1422//1422 447//447 1423//1423
f 1421//1421 1422//1422 1423//1423
f 447//447 1424//1424 1426//1426
f 1424//1424 176//176 1425//1425
f 1425//1425 448//448 1426//1426
f 1424//1424 1425//1425 1426//1426
f 446//446 1423//1423 1419//1419
f 1423//1423 447//447 1426//1426
f 1426//1426 448//448 1419//1419
f 1423//1423 1426//1426 1419//1419
f 176//176 1427//1427 1429//1429
f 1427//1427 449//449 1428//1428
f 1428//1428 451//451 1429//1429
f 1427//1427 1428//1428 1429//1429
f 449//449 1430//1430 1432//1432
f 1430//1430 92//92 1431//1431
f 1431//1431 450//450 1432//1432
f 1430//1430 1431//1431 1432//1432
f 450//450 1433//1433 1435//1435
f 1433//1433 177//177 1434//1434
f 1434//1434 451//451 1435//1435
f 1433//1433 1434//1434 1435//1435
f 449//449 1432//1432 1428//1428
f 1432//1432 450//450 1435//1435
f 1435//1435 451//451 1428//1428
f 1432//1432 1435//1435 1428//1428
f 175//175 1420//1420 1413//1413
f 1420//1420 448//448 1436//1436
f 1436//1436 444//444 1413//1413
f 1420//1420 1436//1436 1413//1413
f 448//448 1425//1425 1437//1437
f 1425//1425 176//176 1429//1429
f 1429//1429 451//451 1437//1437
f 1425//1425 1429//1429 1437//1437
f 451//451 1434//1434 1438//1438
f 1434//1434 177//177 1415//1415
f 1415//1415 444//444 1438//1438
f 1434//1434 1415//1415 1438//1438
f 448//448 1437//1437 1436//1436
f 1437//1437 451//451 1438//1438
f 1438//1438 444//444 1436//1436
f 1437//1437 1438//1438 1436//1436
f 90//90 1439//1439 1441//1441
f 1439//1439 452//452 1440//1440
f 1440//1440 454//454 1441//1441
f 1439//1439 1440//1440 1441//1441
f 452//452 1442//1442 1444//1444
f 1442//1442 178//178 1443//1443
f 1443//1443 453//453 1444//1444
f 1442//1442 1443//1443 1444//1444
f 453//453 1445//1445 1447//1447
f 1445//1445 180//180 1446//1446
f 1446//1446 454//454 1447//1447
f 1445//1445 1446//1446 1447//1447
f 452//452 1444//1444 1440//1440
f 1444//1444 453//453 1447//1447
f 1447//1447 454//454 1440//1440
f 1444//1444 1447//1447 1440//1440
f 178//178 1448//1448 1450//1450
f 1448//1448 455//455 1449//1449
f 1449//1449 457//457 1450//1450
f 1448//1448 1449//1449 1450//1450
f 455//455 1451//1451 1453//1453
f 1451//1451 2//2 1452//1452
f 1452//1452 456//456 1453//1453
f 1451//1451 1452//1452 1453//1453
f 456//456 1454//1454 1456//1456
f 1454//1454 179//179 1455//1455
f 1455//1455 457//457 1456//1456
f 1454//1454 1455//1455 1456//1456
f 455//455 1453//1453 1449//1449
f 1453//1453 456//456 1456//1456
f 1456//1456 457//457 1449//1449
f 1453//1453 1456//1456 1449//1449
f 179//179 1457//1457 1459//1459
f 1457//1457 458//458 1458//1458
f 1458//1458 460//460 1459//1459
f 1457//1457 1458//1458 1459//1459
f 458//458 1460//1460 1462//1462
f 1460//1460 91//91 1461//1461
f 1461//1461 459//459 1462//1462
f 1460//1460 1461//1461 1462//1462
f 459//459 1463//1463 1465//1465
f 1463//1463 180//180 1464//1464
f 1464//1464 460//460 1465//1465
f 1463//1463 1464//1464 1465//1465
f 458//458 1462//1462 1458//1458
f 1462//1462 459//459 1465//1465
f 1465//1465 460//460 1458//1458
f 1462//1462 1465//1465 1458//1458
f 178//178 1450//1450 1443//1443
f 1450//1450 457//457 1466//1466
f 1466//1466 453//453 1443//1443
f 1450//1450 1466//1466 1443//1443
f 457//457 1455//1455 1467//1467
f 1455//1455 179//179 1459//1459
f 1459//1459 460//460 1467//1467
f 1455//1455 1459//1459 1467//1467
f 460//460 1464//1464 1468//1468
f 1464//1464 180//180 1445//1445
f 1445//1445 453//453 1468//1468
f 1464//1464 1445//1445 1468//1468
f 457//457 1467//1467 1466//1466
f 1467//1467 460//460 1468//1468
f 1468//1468 453//453 1466//1466
f 1467//1467 1468//1468 1466//1466
f 91//91 1469//1469 1471//1471
f 1469//1469 461//461 1470//1470
f 1470//1470 463//463 1471//1471
f 1469//1469 1470//1470 1471//1471
f 461//461 1472//1472 1474//1474
f 1472//1472 181//181 1473//1473
f 1473//1473 462//462 1474//1474
f 1472//1472 1473//1473 1474//1474
f 462//462 1475//1475 1477//1477
f 1475//1475 183//183 1476//1476
f 1476//1476 463//463 1477//1477
f 1475//1475 1476//1476 1477//1477
f 461//461 1474//1474 1470//1470
f 1474//1474 462//462 1477//1477
f 1477//1477 463//463 1470//1470
f 1474//1474 1477//1477 1470//1470
f 181//181 1478//1478 1480//1480
f 1478//1478 464//464 1479//1479
f 1479//1479 465//465 1480//1480
f 1478//1478 1479//1479 1480//1480
f 464//464 3//3 1481//1481
f 3//3 240//240 1483//1483
f 240//240 182//182 1482//1482
f 1482//1482 465//465 1483//1483
f 240//240 1482//1482 1483//1483
f 464//464 1481//1481 1479//1479
f 1481//1481 3//3 1483//1483
f 1483//1483 465//465 1479//1479
f 1481//1481 1483//1483 1479//1479
f 182//182 1484//1484 1486//1486
f 1484//1484 466//466 1485//1485
f 1485//1485 468//468 1486//1486
f 1484//1484 1485//1485 1486//1486
f 466//466 1487//1487 1489//1489
f 1487//1487 92//92 1488//1488
f 1488//1488 467//467 1489//1489
f 1487//1487 1488//1488 1489//1489
f 467//467 1490//1490 1492//1492
f 1490//1490 183//183 1491//1491
f 1491//1491 468//468 1492//1492
f 1490//1490 1491//1491 1492//1492
f 466//466 1489//1489 1485//1485
f 1489//1489 467//467 1492//1492
f 1492//1492 468//468 1485//1485
f 1489//1489 1492//1492 1485//1485
f 181//181 1480//1480 1473//1473
f 1480//1480 465//465 1493//1493
f 1493//1493 462//462 1473//1473
f 1480//1480 1493//1493 1473//1473
f 465//465 1482//1482 1494//1494
f 1482//1482 182//182 1486//1486
f 1486//1486 468//468 1494//1494
f 1482//1482 1486//1486 1494//1494
f 468//468 1491//1491 1495//1495
f 1491//1491 183//183 1475//1475
f 1475//1475 462//462 1495//1495
f 1491//1491 1475//1475 1495//1495
f 465//465 1494//1494 1493//1493
f 1494//1494 468//468 1495//1495
f 1495//1495 462//462 1493//1493
f 1494//1494 1495//1495 1493//1493
f 90//90 1441//1441 1422//1422
f 1441//1441 454//454 1496//1496
f 1496//1496 447//447 1422//1422
f 1441//1441 1496//1496 1422//1422
f 454//454 1446//1446 1498//1498
f 1446//1446 180//180 1497//1497
f 1497//1497 469//469 1498//1498
f 1446//1446 1497//1497 1498//1498
f 469//469 1499//1499 1500//1500
f 1499//1499 176//176 1424//1424
f 1424//1424 447//447 1500//1500
f 1499//1499 1424//1424 1500//1500
f 454//454 1498//1498 1496//1496
f 1498//1498 469//469 1500//1500
f 1500//1500 447//447 1496//1496
f 1498//1498 1500//1500 1496//1496
f 180//180 1463//1463 1502//1502
f 1463//1463 459//459 1501//1501
f 1501//1501 470//470 1502//1502
f 1463//1463 1501//1501 1502//1502
f 459//459 1461//1461 1503//1503
f 1461//1461 91//91 1471//1471
f 1471//1471 463//463 1503//1503
f 1461//1461 1471//1471 1503//1503
f 463//463 1476//1476 1505//1505
f 1476//1476 183//183 1504//1504
f 1504//1504 470//470 1505//1505
f 1476//1476 1504//1504 1505//1505
f 459//459 1503//1503 1501//1501
f 1503//1503 463//463 1505//1505
f 1505//1505 470//470 1501//1501
f 1503//1503 1505//1505 1501//1501
f 183//183 1490//1490 1507//1507
f 1490//1490 467//467 1506//1506
f 1506//1506 471//471 1507//1507
f 1490//1490 1506//1506 1507//1507
f 467//467 1488//1488 1508//1508
f 1488//1488 92//92 1430//1430
f 1430//1430 449//449 1508//1508
f 1488//1488 1430//1430 1508//1508
f 449//449 1427//1427 1510//1510
f 1427//1427 176//176 1509//1509
f 1509//1509 471//471 1510//1510
f 1427//1427 1509//1509 1510//1510
f 467//467 1508//1508 1506//1506
f 1508//1508 449//449 1510//1510
f 1510//1510 471//471 1506//1506
f 1508//1508 1510//1510 1506//1506
f 180//180 1502//1502 1497//1497
f 1502//1502 470//470 1511//1511
f 1511//1511 469//469 1497//1497
f 1502//1502 1511//1511 1497//1497
f 470//470 1504//1504 1512//1512
f 1504//1504 183//183 1507//1507
f 1507//1507 471//471 1512//1512
f 1504//1504 1507//1507 1512//1512
f 471//471 1509//1509 1513//1513
f 1509//1509 176//176 1499//1499
f 1499//1499 469//469 1513//1513
f 1509//1509 1499//1499 1513//1513
f 470//470 1512//1512 1511//1511
f 1512//1512 471//471 1513//1513
f 1513//1513 469//469 1511//1511
f 1512//1512 1513//1513 1511//1511
f 2//2 1514//1514 1452//1452
f 1514//1514 472//472 1515//1515
f 1515//1515 456//456 1452//1452
f 1514//1514 1515//1515 1452//1452
f 472//472 1516//1516 1518//1518
f 1516//1516 184//184 1517//1517
f 1517//1517 473//473 1518//1518
f 1516//1516 1517//1517 1518//1518
f 473//473 1519//1519 1520//1520
f 1519//1519 179//179 1454//1454
f 1454//1454 456//456 1520//1520
f 1519//1519 1454//1454 1520//1520
f 472//472 1518//1518 1515//1515
f 1518//1518 473//473 1520//1520
f 1520//1520 456//456 1515//1515
f 1518//1518 1520//1520 1515//1515
f 184//184 1521//1521 1523//1523
f 1521//1521 474//474 1522//1522
f 1522//1522 476//476 1523//1523
f 1521//1521 1522//1522 1523//1523
f 474//474 1524//1524 1526//1526
f 1524//1524 93//93 1525//1525
f 1525//1525 475//475 1526//1526
f 1524//1524 1525//1525 1526//1526
f 475//475 1527//1527 1529//1529
f 1527//1527 185//185 1528//1528
f 1528//1528 476//476 1529//1529
f 1527//1527 1528//1528 1529//1529
f 474//474 1526//1526 1522//1522
f 1526//1526 475//475 1529//1529
f 1529//1529 476//476 1522//1522
f 1526//1526 1529//1529 1522//1522
f 185//185 1530//1530 1532//1532
f 1530//1530 477//477 1531//1531
f 1531//1531 478//478 1532//1532
f 1530//1530 1531//1531 1532//1532
f 477//477 1533//1533 1534//1534
f 1533//1533 91//91 1460//1460
f 1460//1460 458//458 1534//1534
f 1533//1533 1460//1460 1534//1534
f 458//458 1457//1457 1536//1536
f 1457//1457 179//179 1535//1535
f 1535//1535 478//478 1536//1536
f 1457//1457 1535//1535 1536//1536
f 477//477 1534//1534 1531//1531
f 1534//1534 458//458 1536//1536
f 1536//1536 478//478 1531//1531
f 1534//1534 1536//1536 1531//1531
f 184//184 1523//1523 1517//1517
f 1523//1523 476//476 1537//1537
f 1537//1537 473//473 1517//1517
f 1523//1523 1537//1537 1517//1517
f 476//476 1528//1528 1538//1538
f 1528//1528 185//185 1532//1532
f 1532//1532 478//478 1538//1538
f 1528//1528 1532//1532 1538//1538
f 478//478 1535//1535 1539//1539
f 1535//1535 179//179 1519//1519
f 1519//1519 473//473 1539//1539
f 1535//1535 1519//1519 1539//1539
f 476//476 1538//1538 1537//1537
f 1538//1538 478//478 1539//1539
f 1539//1539 473//473 1537//1537
f 1538//1538 1539//1539 1537//1537
f 93//93 1540//1540 1542//1542
f 1540//1540 479//479 1541//1541
f 1541//1541 481//481 1542//1542
f 1540//1540 1541//1541 1542//1542
f 479//479 1543//1543 1545//1545
f 1543//1543 186//186 1544//1544
f 1544//1544 480//480 1545//1545
f 1543//1543 1544//1544 1545//1545
f 480//480 1546//1546 1548//1548
f 1546//1546 187//187 1547//1547
f 1547//1547 481//481 1548//1548
f 1546//1546 1547//1547 1548//1548
f 479//479 1545//1545 1541//1541
f 1545//1545 480//480 1548//1548
f 1548//1548 481//481 1541//1541
f 1545//1545 1548//1548 1541//1541
f 186//186 1549//1549 1551//1551
f 1549//1549 482//482 1550//1550
f 1550//1550 484//484 1551//1551
f 1549//1549 1550//1550 1551//1551
f 482//482 1552//1552 1553//1553
f 1552//1552 4//4 5//5
f 5//5 483//483 1553//1553
f 1552//1552 5//5 1553//1553
f 483//483 94//94 1554//1554
f 94//94 484//484 1554//1554
f 482//482 1553//1553 1550//1550
f 1553//1553 483//483 1554//1554
f 1554//1554 484//484 1550//1550
f 1553//1553 1554//1554 1550//1550
f 186//186 1551//1551 1544//1544
f 1551//1551 484//484 1555//1555
f 1555//1555 480//480 1544//1544
f 1551//1551 1555//1555 1544//1544
f 484//484 94//94 1556//1556
f 94//94 187//187 1546//1546
f 1546//1546 480//480 1557//1557
f 94//94 1546//1546 1557//1557
f 484//484 1556//1556 1555//1555
f 1556//1556 94//94 1557//1557
f 1557//1557 480//480 1555//1555
f 1556//1556 1557//1557 1555//1555
f 94//94 188//188 1558//1558
f 1558//1558 485//485 1559//1559
f 94//94 1558//1558 1559//1559
f 485//485 1560//1560 94//94
f 1560//1560 189//189 1561//1561
f 1560//1560 1561//1561 94//94
f 1559//1559 485//485 94//94
f 188//188 1562//1562 1564//1564
f 1562//1562 3//3 1563//1563
f 1563//1563 486//486 1564//1564
f 1562//1562 1563//1563 1564//1564
f 3//3 464//464 1565//1565
f 464//464 1478//1478 1567//1567
f 1478//1478 181//181 1566//1566
f 1566//1566 486//486 1567//1567
f 1478//1478 1566//1566 1567//1567
f 3//3 1565//1565 1563//1563
f 1565//1565 464//464 1567//1567
f 1567//1567 486//486 1563//1563
f 1565//1565 1567//1567 1563//1563
f 181//181 1472//1472 1569//1569
f 1472//1472 461//461 1568//1568
f 1568//1568 488//488 1569//1569
f 1472//1472 1568//1568 1569//1569
f 461//461 1469//1469 1571//1571
f 1469//1469 91//91 1570//1570
f 1570//1570 487//487 1571//1571
f 1469//1469 1570//1570 1571//1571
f 487//487 1572//1572 1574//1574
f 1572//1572 189//189 1573//1573
f 1573//1573 488//488 1574//1574
f 1572//1572 1573//1573 1574//1574
f 461//461 1571//1571 1568//1568
f 1571//1571 487//487 1574//1574
f 1574//1574 488//488 1568//1568
f 1571//1571 1574//1574 1568//1568
f 188//188 1564//1564 1558//1558
f 1564//1564 486//486 1575//1575
f 1575//1575 485//485 1558//1558
f 1564//1564 1575//1575 1558//1558
f 486//486 1566//1566 1576//1576
f 1566//1566 181//181 1569//1569
f 1569//1569 488//488 1576//1576
f 1566//1566 1569//1569 1576//1576
f 488//488 1573//1573 1577//1577
f 1573//1573 189//189 1560//1560
f 1560//1560 485//485 1577//1577
f 1573//1573 1560//1560 1577//1577
f 486//486 1576//1576 1575//1575
f 1576//1576 488//488 1577//1577
f 1577//1577 485//485 1575//1575
f 1576//1576 1577//1577 1575//1575
f 93//93 1542//1542 1525//1525
f 1542//1542 481//481 1578//1578
f 1578//1578 475//475 1525//1525
f 1542//1542 1578//1578 1525//1525
f 481//481 1547//1547 1580//1580
f 1547//1547 187//187 1579//1579
f 1579//1579 489//489 1580//1580
f 1547//1547 1579//1579 1580//1580
f 489//489 1581//1581 1582//1582
f 1581//1581 185//185 1527//1527
f 1527//1527 475//475 1582//1582
f 1581//1581 1527//1527 1582//1582
f 481//481 1580//1580 1578//1578
f 1580//1580 489//489 1582//1582
f 1582//1582 475//475 1578//1578
f 1580//1580 1582//1582 1578//1578
f 187//187 94//94 1583//1583
f 94//94 490//490 1583//1583
f 1561//1561 189//189 1584//1584
f 1584//1584 490//490 94//94
f 1561//1561 1584//1584 94//94
f 189//189 1572//1572 1586//1586
f 1572//1572 487//487 1585//1585
f 1585//1585 491//491 1586//1586
f 1572//1572 1585//1585 1586//1586
f 487//487 1570//1570 1587//1587
f 1570//1570 91//91 1533//1533
f 1533//1533 477//477 1587//1587
f 1570//1570 1533//1533 1587//1587
f 477//477 1530//1530 1589//1589
f 1530//1530 185//185 1588//1588
f 1588//1588 491//491 1589//1589
f 1530//1530 1588//1588 1589//1589
f 487//487 1587//1587 1585//1585
f 1587//1587 477//477 1589//1589
f 1589//1589 491//491 1585//1585
f 1587//1587 1589//1589 1585//1585
f 187//187 1583//1583 1579//1579
f 1583//1583 490//490 1590//1590
f 1590//1590 489//489 1579//1579
f 1583//1583 1590//1590 1579//1579
f 490//490 1584//1584 1591//1591
f 1584//1584 189//189 1586//1586
f 1586//1586 491//491 1591//1591
f 1584//1584 1586//1586 1591//1591
f 491//491 1588//1588 1592//1592
f 1588//1588 185//185 1581//1581
f 1581//1581 489//489 1592//1592
f 1588//1588 1581//1581 1592//1592
f 490//490 1591//1591 1590//1590
f 1591//1591 491//491 1592//1592
f 1592//1592 489//489 1590//1590
f 1591//1591 1592//1592 1590//1590
f 94//94 483//483 5//5
f 191//191 190//190 1593//1593
f 5//5 95//95 191//191
f 492//492 191//191 95//95
f 190//190 1594//1594 1595//1595
f 1594//1594 493//493 94//94
f 1594//1594 94//94 1595//1595
f 493//493 3//3 1596//1596
f 3//3 1562//1562 1597//1597
f 1562//1562 188//188 94//94
f 1562//1562 94//94 1597//1597
f 493//493 1596//1596 94//94
f 1596//1596 3//3 1597//1597
f 1596//1596 1597//1597 94//94
f 190//190 1595//1595 1593//1593
f 1595//1595 94//94 1598//1598
f 1598//1598 191//191 1593//1593
f 1595//1595 1598//1598 1593//1593
f 94//94 191//191 1598//1598
f 5//5 191//191 94//94
f 494//494 1599//1599 1601//1601
f 1599//1599 192//192 1600//1600
f 1600//1600 495//495 1601//1601
f 1599//1599 1600//1600 1601//1601
f 5//5 494//494 1601//1601
f 1601//1601 495//495 5//5
f 192//192 1602//1602 1604//1604
f 1602//1602 496//496 1603//1603
f 1603//1603 497//497 1604//1604
f 1602//1602 1603//1603 1604//1604
f 496//496 95//95 1605//1605
f 95//95 5//5 1606//1606
f 1606//1606 497//497 1607//1607
f 95//95 1606//1606 1607//1607
f 496//496 1605//1605 1603//1603
f 1605//1605 95//95 1607//1607
f 1607//1607 497//497 1603//1603
f 1605//1605 1607//1607 1603//1603
f 5//5 495//495 1608//1608
f 495//495 1600//1600 1609//1609
f 1600//1600 192//192 1604//1604
f 1604//1604 497//497 1609//1609
f 1600//1600 1604//1604 1609//1609
f 497//497 1606//1606 1610//1610
f 1606//1606 5//5 1610//1610
f 495//495 1609//1609 1608//1608
f 1609//1609 497//497 1610//1610
f 1610//1610 5//5 1608//1608
f 1609//1609 1610//1610 1608//1608
f 1611//1611 498//498 1612//1612
f 5//5 1611//1611 1612//1612
f 498//498 1613//1613 1615//1615
f 1613//1613 194//194 1614//1614
f 1614//1614 499//499 1615//1615
f 1613//1613 1614//1614 1615//1615
f 1612//1612 498//498 1615//1615
f 1615//1615 499//499 5//5
f 1612//1612 1615//1615 5//5
f 1616//1616 501//501 1617//1617
f 5//5 1616//1616 1617//1617
f 5//5 6//6 1618//1618
f 1618//1618 500//500 1619//1619
f 5//5 1618//1618 1619//1619
f 500//500 1620//1620 1622//1622
f 1620//1620 193//193 1621//1621
f 1621//1621 501//501 1622//1622
f 1620//1620 1621//1621 1622//1622
f 5//5 1619//1619 1616//1616
f 1619//1619 500//500 1622//1622
f 1622//1622 501//501 1616//1616
f 1619//1619 1622//1622 1616//1616
f 193//193 1623//1623 1625//1625
f 1623//1623 502//502 1624//1624
f 1624//1624 504//504 1625//1625
f 1623//1623 1624//1624 1625//1625
f 502//502 1626//1626 1628//1628
f 1626//1626 96//96 1627//1627
f 1627//1627 503//503 1628//1628
f 1626//1626 1627//1627 1628//1628
f 503//503 1629//1629 1631//1631
f 1629//1629 194//194 1630//1630
f 1630//1630 504//504 1631//1631
f 1629//1629 1630//1630 1631//1631
f 502//502 1628//1628 1624//1624
f 1628//1628 503//503 1631//1631
f 1631//1631 504//504 1624//1624
f 1628//1628 1631//1631 1624//1624
f 5//5 1617//1617 1611//1611
f 1617//1617 501//501 1632//1632
f 1632//1632 498//498 1611//1611
f 1617//1617 1632//1632 1611//1611
f 501//501 1621//1621 1633//1633
f 1621//1621 193//193 1625//1625
f 1625//1625 504//504 1633//1633
f 1621//1621 1625//1625 1633//1633
f 504//504 1630//1630 1634//1634
f 1630//1630 194//194 1613//1613
f 1613//1613 498//498 1634//1634
f 1630//1630 1613//1613 1634//1634
f 501//501 1633//1633 1632//1632
f 1633//1633 504//504 1634//1634
f 1634//1634 498//498 1632//1632
f 1633//1633 1634//1634 1632//1632
f 96//96 1635//1635 1637//1637
f 1635//1635 505//505 1636//1636
f 1636//1636 507//507 1637//1637
f 1635//1635 1636//1636 1637//1637
f 505//505 98//98 1638//1638
f 98//98 506//506 1638//1638
f 506//506 1639//1639 1641//1641
f 1639//1639 195//195 1640//1640
f 1640//1640 507//507 1641//1641
f 1639//1639 1640//1640 1641//1641
f 505//505 1638//1638 1636//1636
f 1638//1638 506//506 1641//1641
f 1641//1641 507//507 1636//1636
f 1638//1638 1641//1641 1636//1636
f 493//493 1594//1594 1642//1642
f 1594//1594 190//190 98//98
f 1594//1594 98//98 1642//1642
f 3//3 493//493 1642//1642
f 3//3 1642//1642 98//98
f 190//190 191//191 1644//1644
f 191//191 492//492 1643//1643
f 1643//1643 508//508 1644//1644
f 191//191 1643//1643 1644//1644
f 95//95 1645//1645 1647//1647
f 1645//1645 195//195 1646//1646
f 1646//1646 508//508 1647//1647
f 1645//1645 1646//1646 1647//1647
f 492//492 95//95 1643//1643
f 1647//1647 508//508 1643//1643
f 95//95 1647//1647 1643//1643
f 98//98 190//190 1644//1644
f 1644//1644 508//508 1648//1648
f 98//98 1644//1644 1648//1648
f 508//508 1646//1646 1649//1649
f 1646//1646 195//195 1639//1639
f 1639//1639 506//506 1649//1649
f 1646//1646 1639//1639 1649//1649
f 1648//1648 508//508 1649//1649
f 1649//1649 506//506 98//98
f 1648//1648 1649//1649 98//98
f 5//5 499//499 1650//1650
f 1650//1650 494//494 5//5
f 499//499 1614//1614 1652//1652
f 1614//1614 194//194 1651//1651
f 1651//1651 509//509 1652//1652
f 1614//1614 1651//1651 1652//1652
f 509//509 1653//1653 1654//1654
f 1653//1653 192//192 1599//1599
f 1599//1599 494//494 1654//1654
f 1653//1653 1599//1599 1654//1654
f 499//499 1652//1652 1650//1650
f 1652//1652 509//509 1654//1654
f 1654//1654 494//494 1650//1650
f 1652//1652 1654//1654 1650//1650
f 194//194 1629//1629 1656//1656
f 1629//1629 503//503 1655//1655
f 1655//1655 510//510 1656//1656
f 1629//1629 1655//1655 1656//1656
f 503//503 1627//1627 1657//1657
f 1627//1627 96//96 1637//1637
f 1637//1637 507//507 1657//1657
f 1627//1627 1637//1637 1657//1657
f 507//507 1640//1640 1659//1659
f 1640//1640 195//195 1658//1658
f 1658//1658 510//510 1659//1659
f 1640//1640 1658//1658 1659//1659
f 503//503 1657//1657 1655//1655
f 1657//1657 507//507 1659//1659
f 1659//1659 510//510 1655//1655
f 1657//1657 1659//1659 1655//1655
f 195//195 1645//1645 1661//1661
f 1645//1645 95//95 1660//1660
f 1660//1660 511//511 1661//1661
f 1645//1645 1660//1660 1661//1661
f 95//95 496//496 1662//1662
f 496//496 1602//1602 1664//1664
f 1602//1602 192//192 1663//1663
f 1663//1663 511//511 1664//1664
f 1602//1602 1663//1663 1664//1664
f 95//95 1662//1662 1660//1660
f 1662//1662 496//496 1664//1664
f 1664//1664 511//511 1660//1660
f 1662//1662 1664//1664 1660//1660
f 194//194 1656//1656 1651//1651
f 1656//1656 510//510 1665//1665
f 1665//1665 509//509 1651//1651
f 1656//1656 1665//1665 1651//1651
f 510//510 1658//1658 1666//1666
f 1658//1658 195//195 1661//1661
f 1661//1661 511//511 1666//1666
f 1658//1658 1661//1661 1666//1666
f 511//511 1663//1663 1667//1667
f 1663//1663 192//192 1653//1653
f 1653//1653 509//509 1667//1667
f 1663//1663 1653//1653 1667//1667
f 510//510 1666//1666 1665//1665
f 1666//1666 511//511 1667//1667
f 1667//1667 509//509 1665//1665
f 1666//1666 1667//1667 1665//1665
f 6//6 1668//1668 1618//1618
f 1668//1668 512//512 1669//1669
f 1669//1669 500//500 1618//1618
f 1668//1668 1669//1669 1618//1618
f 512//512 1670//1670 1672//1672
f 1670//1670 196//196 1671//1671
f 1671//1671 513//513 1672//1672
f 1670//1670 1671//1671 1672//1672
f 513//513 1673//1673 1674//1674
f 1673//1673 193//193 1620//1620
f 1620//1620 500//500 1674//1674
f 1673//1673 1620//1620 1674//1674
f 512//512 1672//1672 1669//1669
f 1672//1672 513//513 1674//1674
f 1674//1674 500//500 1669//1669
f 1672//1672 1674//1674 1669//1669
f 196//196 1675//1675 1677//1677
f 1675//1675 514//514 1676//1676
f 1676//1676 516//516 1677//1677
f 1675//1675 1676//1676 1677//1677
f 514//514 1678//1678 1680//1680
f 1678//1678 97//97 1679//1679
f 1679//1679 515//515 1680//1680
f 1678//1678 1679//1679 1680//1680
f 515//515 1681//1681 1683//1683
f 1681//1681 197//197 1682//1682
f 1682//1682 516//516 1683//1683
f 1681//1681 1682//1682 1683//1683
f 514//514 1680//1680 1676//1676
f 1680//1680 515//515 1683//1683
f 1683//1683 516//516 1676//1676
f 1680//1680 1683//1683 1676//1676
f 197//197 1684//1684 1686//1686
f 1684//1684 517//517 1685//1685
f 1685//1685 518//518 1686//1686
f 1684//1684 1685//1685 1686//1686
f 517//517 1687//1687 1688//1688
f 1687//1687 96//96 1626//1626
f 1626//1626 502//502 1688//1688
f 1687//1687 1626//1626 1688//1688
f 502//502 1623//1623 1690//1690
f 1623//1623 193//193 1689//1689
f 1689//1689 518//518 1690//1690
f 1623//1623 1689//1689 1690//1690
f 517//517 1688//1688 1685//1685
f 1688//1688 502//502 1690//1690
f 1690//1690 518//518 1685//1685
f 1688//1688 1690//1690 1685//1685
f 196//196 1677//1677 1671//1671
f 1677//1677 516//516 1691//1691
f 1691//1691 513//513 1671//1671
f 1677//1677 1691//1691 1671//1671
f 516//516 1682//1682 1692//1692
f 1682//1682 197//197 1686//1686
f 1686//1686 518//518 1692//1692
f 1682//1682 1686//1686 1692//1692
f 518//518 1689//1689 1693//1693
f 1689//1689 193//193 1673//1673
f 1673//1673 513//513 1693//1693
f 1689//1689 1673//1673 1693//1693
f 516//516 1692//1692 1691//1691
f 1692//1692 518//518 1693//1693
f 1693//1693 513//513 1691//1691
f 1692//1692 1693//1693 1691//1691
f 97//97 1694//1694 1695//1695
f 1694//1694 519//519 123//123
f 1694//1694 123//123 1695//1695
f 519//519 1696//1696 123//123
f 1696//1696 198//198 123//123
f 198//198 1697//1697 123//123
f 1697//1697 520//520 123//123
f 520//520 1698//1698 123//123
f 1698//1698 7//7 123//123
f 98//98 505//505 1699//1699
f 505//505 1635//1635 1701//1701
f 1635//1635 96//96 1700//1700
f 1700//1700 521//521 1701//1701
f 1635//1635 1700//1700 1701//1701
f 521//521 1702//1702 1704//1704
f 1702//1702 199//199 1703//1703
f 1703//1703 98//98 1704//1704
f 1702//1702 1703//1703 1704//1704
f 505//505 1701//1701 1699//1699
f 1701//1701 521//521 1704//1704
f 1704//1704 98//98 1699//1699
f 1701//1701 1704//1704 1699//1699
f 1703//1703 199//199 98//98
f 97//97 1695//1695 1679//1679
f 1695//1695 123//123 1705//1705
f 1705//1705 515//515 1679//1679
f 1695//1695 1705//1705 1679//1679
f 522//522 1706//1706 1707//1707
f 1706//1706 197//197 1681//1681
f 1681//1681 515//515 1707//1707
f 1706//1706 1681//1681 1707//1707
f 123//123 522//522 1707//1707
f 1707//1707 515//515 1705//1705
f 123//123 1707//1707 1705//1705
f 98//98 199//199 1708//1708
f 98//98 1708//1708 123//123
f 199//199 1702//1702 1710//1710
f 1702//1702 521//521 1709//1709
f 1709//1709 523//523 1710//1710
f 1702//1702 1709//1709 1710//1710
f 521//521 1700//1700 1711//1711
f 1700//1700 96//96 1687//1687
f 1687//1687 517//517 1711//1711
f 1700//1700 1687//1687 1711//1711
f 517//517 1684//1684 1713//1713
f 1684//1684 197//197 1712//1712
f 1712//1712 523//523 1713//1713
f 1684//1684 1712//1712 1713//1713
f 521//521 1711//1711 1709//1709
f 1711//1711 517//517 1713//1713
f 1713//1713 523//523 1709//1709
f 1711//1711 1713//1713 1709//1709
f 123//123 1708//1708 1714//1714
f 1708//1708 199//199 1710//1710
f 1710//1710 523//523 1714//1714
f 1708//1708 1710//1710 1714//1714
f 523//523 1712//1712 1715//1715
f 1712//1712 197//197 1706//1706
f 1706//1706 522//522 1715//1715
f 1712//1712 1706//1706 1715//1715
f 1714//1714 523//523 1715//1715
f 1715//1715 522//522 123//123
f 1714//1714 1715//1715 123//123
f 1716//1716 200//200 1717//1717
f 1717//1717 524//524 123//123
f 1716//1716 1717//1717 123//123
f 200//200 1718//1718 1720//1720
f 1718//1718 525//525 1719//1719
f 1719//1719 527//527 1720//1720
f 1718//1718 1719//1719 1720//1720
f 525//525 1721//1721 1723//1723
f 1721//1721 99//99 1722//1722
f 1722//1722 526//526 1723//1723
f 1721//1721 1722//1722 1723//1723
f 526//526 1724//1724 1726//1726
f 1724//1724 201//201 1725//1725
f 1725//1725 527//527 1726//1726
f 1724//1724 1725//1725 1726//1726
f 525//525 1723//1723 1719//1719
f 1723//1723 526//526 1726//1726
f 1726//1726 527//527 1719//1719
f 1723//1723 1726//1726 1719//1719
f 201//201 1727//1727 1729//1729
f 1727//1727 98//98 1728//1728
f 1728//1728 528//528 1729//1729
f 1727//1727 1728//1728 1729//1729
f 98//98 123//123 1728//1728
f 123//123 528//528 1728//1728
f 200//200 1720//1720 1717//1717
f 1720//1720 527//527 1730//1730
f 1730//1730 524//524 1717//1717
f 1720//1720 1730//1730 1717//1717
f 527//527 1725//1725 1731//1731
f 1725//1725 201//201 1729//1729
f 1729//1729 528//528 1731//1731
f 1725//1725 1729//1729 1731//1731
f 528//528 123//123 1732//1732
f 123//123 524//524 1732//1732
f 527//527 1731//1731 1730//1730
f 1731//1731 528//528 1732//1732
f 1732//1732 524//524 1730//1730
f 1731//1731 1732//1732 1730//1730
f 99//99 1733//1733 1735//1735
f 1733//1733 529//529 1734//1734
f 1734//1734 531//531 1735//1735
f 1733//1733 1734//1734 1735//1735
f 529//529 1736//1736 1738//1738
f 1736//1736 202//202 1737//1737
f 1737//1737 530//530 1738//1738
f 1736//1736 1737//1737 1738//1738
f 530//530 1739//1739 1741//1741
f 1739//1739 204//204 1740//1740
f 1740//1740 531//531 1741//1741
f 1739//1739 1740//1740 1741//1741
f 529//529 1738//1738 1734//1734
f 1738//1738 530//530 1741//1741
f 1741//1741 531//531 1734//1734
f 1738//1738 1741//1741 1734//1734
f 202//202 1742//1742 1744//1744
f 1742//1742 532//532 1743//1743
f 1743//1743 534//534 1744//1744
f 1742//1742 1743//1743 1744//1744
f 532//532 1745//1745 1747//1747
f 1745//1745 8//8 1746//1746
f 1746//1746 533//533 1747//1747
f 1745//1745 1746//1746 1747//1747
f 533//533 1748//1748 1750//1750
f 1748//1748 203//203 1749//1749
f 1749//1749 534//534 1750//1750
f 1748//1748 1749//1749 1750//1750
f 532//532 1747//1747 1743//1743
f 1747//1747 533//533 1750//1750
f 1750//1750 534//534 1743//1743
f 1747//1747 1750//1750 1743//1743
f 203//203 1751//1751 1753//1753
f 1751//1751 535//535 1752//1752
f 1752//1752 537//537 1753//1753
f 1751//1751 1752//1752 1753//1753
f 535//535 1754//1754 1756//1756
f 1754//1754 100//100 1755//1755
f 1755//1755 536//536 1756//1756
f 1754//1754 1755//1755 1756//1756
f 536//536 1757//1757 1759//1759
f 1757//1757 204//204 1758//1758
f 1758//1758 537//537 1759//1759
f 1757//1757 1758//1758 1759//1759
f 535//535 1756//1756 1752//1752
f 1756//1756 536//536 1759//1759
f 1759//1759 537//537 1752//1752
f 1756//1756 1759//1759 1752//1752
f 202//202 1744//1744 1737//1737
f 1744//1744 534//534 1760//1760
f 1760//1760 530//530 1737//1737
f 1744//1744 1760//1760 1737//1737
f 534//534 1749//1749 1761//1761
f 1749//1749 203//203 1753//1753
f 1753//1753 537//537 1761//1761
f 1749//1749 1753//1753 1761//1761
f 537//537 1758//1758 1762//1762
f 1758//1758 204//204 1739//1739
f 1739//1739 530//530 1762//1762
f 1758//1758 1739//1739 1762//1762
f 534//534 1761//1761 1760//1760
f 1761//1761 537//537 1762//1762
f 1762//1762 530//530 1760//1760
f 1761//1761 1762//1762 1760//1760
f 100//100 1763//1763 1765//1765
f 1763//1763 538//538 1764//1764
f 1764//1764 540//540 1765//1765
f 1763//1763 1764//1764 1765//1765
f 538//538 1766//1766 1767//1767
f 205//205 539//539 1767//1767
f 1766//1766 205//205 1767//1767
f 539//539 1768//1768 1770//1770
f 1768//1768 206//206 1769//1769
f 1769//1769 540//540 1770//1770
f 1768//1768 1769//1769 1770//1770
f 538//538 1767//1767 1764//1764
f 1767//1767 539//539 1770//1770
f 1770//1770 540//540 1764//1764
f 1767//1767 1770//1770 1764//1764
f 1771//1771 206//206 1772//1772
f 1771//1771 1772//1772 98//98
f 205//205 3//3 98//98
f 98//98 1772//1772 1773//1773
f 1772//1772 206//206 1768//1768
f 1768//1768 539//539 1773//1773
f 1772//1772 1768//1768 1773//1773
f 1773//1773 539//539 205//205
f 98//98 1773//1773 205//205
f 99//99 1735//1735 1722//1722
f 1735//1735 531//531 1774//1774
f 1774//1774 526//526 1722//1722
f 1735//1735 1774//1774 1722//1722
f 531//531 1740//1740 1776//1776
f 1740//1740 204//204 1775//1775
f 1775//1775 541//541 1776//1776
f 1740//1740 1775//1775 1776//1776
f 541//541 1777//1777 1778//1778
f 1777//1777 201//201 1724//1724
f 1724//1724 526//526 1778//1778
f 1777//1777 1724//1724 1778//1778
f 531//531 1776//1776 1774//1774
f 1776//1776 541//541 1778//1778
f 1778//1778 526//526 1774//1774
f 1776//1776 1778//1778 1774//1774
f 204//204 1757//1757 1780//1780
f 1757//1757 536//536 1779//1779
f 1779//1779 542//542 1780//1780
f 1757//1757 1779//1779 1780//1780
f 536//536 1755//1755 1781//1781
f 1755//1755 100//100 1765//1765
f 1765//1765 540//540 1781//1781
f 1755//1755 1765//1765 1781//1781
f 540//540 1769//1769 1783//1783
f 1769//1769 206//206 1782//1782
f 1782//1782 542//542 1783//1783
f 1769//1769 1782//1782 1783//1783
f 536//536 1781//1781 1779//1779
f 1781//1781 540//540 1783//1783
f 1783//1783 542//542 1779//1779
f 1781//1781 1783//1783 1779//1779
f 206//206 1771//1771 1785//1785
f 1771//1771 98//98 1784//1784
f 1784//1784 543//543 1785//1785
f 1771//1771 1784//1784 1785//1785
f 98//98 1727//1727 1787//1787
f 1727//1727 201//201 1786//1786
f 1786//1786 543//543 1787//1787
f 1727//1727 1786//1786 1787//1787
f 1787//1787 543//543 1784//1784
f 98//98 1787//1787 1784//1784
f 204//204 1780//1780 1775//1775
f 1780//1780 542//542 1788//1788
f 1788//1788 541//541 1775//1775
f 1780//1780 1788//1788 1775//1775
f 542//542 1782//1782 1789//1789
f 1782//1782 206//206 1785//1785
f 1785//1785 543//543 1789//1789
f 1782//1782 1785//1785 1789//1789
f 543//543 1786//1786 1790//1790
f 1786//1786 201//201 1777//1777
f 1777//1777 541//541 1790//1790
f 1786//1786 1777//1777 1790//1790
f 542//542 1789//1789 1788//1788
f 1789//1789 543//543 1790//1790
f 1790//1790 541//541 1788//1788
f 1789//1789 1790//1790 1788//1788
f 8//8 1791//1791 1746//1746
f 1791//1791 544//544 1792//1792
f 1792//1792 533//533 1746//1746
f 1791//1791 1792//1792 1746//1746
f 544//544 1793//1793 1795//1795
f 1793//1793 207//207 1794//1794
f 1794//1794 545//545 1795//1795
f 1793//1793 1794//1794 1795//1795
f 545//545 1796//1796 1797//1797
f 1796//1796 203//203 1748//1748
f 1748//1748 533//533 1797//1797
f 1796//1796 1748//1748 1797//1797
f 544//544 1795//1795 1792//1792
f 1795//1795 545//545 1797//1797
f 1797//1797 533//533 1792//1792
f 1795//1795 1797//1797 1792//1792
f 207//207 1798//1798 1800//1800
f 1798//1798 546//546 1799//1799
f 1799//1799 548//548 1800//1800
f 1798//1798 1799//1799 1800//1800
f 546//546 1801//1801 1803//1803
f 1801//1801 101//101 1802//1802
f 1802//1802 547//547 1803//1803
f 1801//1801 1802//1802 1803//1803
f 547//547 1804//1804 1806//1806
f 1804//1804 208//208 1805//1805
f 1805//1805 548//548 1806//1806
f 1804//1804 1805//1805 1806//1806
f 546//546 1803//1803 1799//1799
f 1803//1803 547//547 1806//1806
f 1806//1806 548//548 1799//1799
f 1803//1803 1806//1806 1799//1799
f 208//208 1807//1807 1809//1809
f 1807//1807 549//549 1808//1808
f 1808//1808 550//550 1809//1809
f 1807//1807 1808//1808 1809//1809
f 549//549 1810//1810 1811//1811
f 1810//1810 100//100 1754//1754
f 1754//1754 535//535 1811//1811
f 1810//1810 1754//1754 1811//1811
f 535//535 1751//1751 1813//1813
f 1751//1751 203//203 1812//1812
f 1812//1812 550//550 1813//1813
f 1751//1751 1812//1812 1813//1813
f 549//549 1811//1811 1808//1808
f 1811//1811 535//535 1813//1813
f 1813//1813 550//550 1808//1808
f 1811//1811 1813//1813 1808//1808
f 207//207 1800//1800 1794//1794
f 1800//1800 548//548 1814//1814
f 1814//1814 545//545 1794//1794
f 1800//1800 1814//1814 1794//1794
f 548//548 1805//1805 1815//1815
f 1805//1805 208//208 1809//1809
f 1809//1809 550//550 1815//1815
f 1805//1805 1809//1809 1815//1815
f 550//550 1812//1812 1816//1816
f 1812//1812 203//203 1796//1796
f 1796//1796 545//545 1816//1816
f 1812//1812 1796//1796 1816//1816
f 548//548 1815//1815 1814//1814
f 1815//1815 550//550 1816//1816
f 1816//1816 545//545 1814//1814
f 1815//1815 1816//1816 1814//1814
f 101//101 1817//1817 1819//1819
f 1817//1817 551//551 1818//1818
f 1818//1818 553//553 1819//1819
f 1817//1817 1818//1818 1819//1819
f 551//551 1820//1820 1822//1822
f 1820//1820 209//209 1821//1821
f 1821//1821 552//552 1822//1822
f 1820//1820 1821//1821 1822//1822
f 552//552 1823//1823 1825//1825
f 1823//1823 211//211 1824//1824
f 1824//1824 553//553 1825//1825
f 1823//1823 1824//1824 1825//1825
f 551//551 1822//1822 1818//1818
f 1822//1822 552//552 1825//1825
f 1825//1825 553//553 1818//1818
f 1822//1822 1825//1825 1818//1818
f 209//209 1826//1826 1828//1828
f 1826//1826 554//554 1827//1827
f 1827//1827 556//556 1828//1828
f 1826//1826 1827//1827 1828//1828
f 554//554 1829//1829 1831//1831
f 1829//1829 9//9 1830//1830
f 1830//1830 555//555 1831//1831
f 1829//1829 1830//1830 1831//1831
f 555//555 1832//1832 1834//1834
f 1832//1832 210//210 1833//1833
f 1833//1833 556//556 1834//1834
f 1832//1832 1833//1833 1834//1834
f 554//554 1831//1831 1827//1827
f 1831//1831 555//555 1834//1834
f 1834//1834 556//556 1827//1827
f 1831//1831 1834//1834 1827//1827
f 210//210 1835//1835 1837//1837
f 1835//1835 557//557 1836//1836
f 1836//1836 559//559 1837//1837
f 1835//1835 1836//1836 1837//1837
f 557//557 1838//1838 1840//1840
f 1838//1838 102//102 1839//1839
f 1839//1839 558//558 1840//1840
f 1838//1838 1839//1839 1840//1840
f 558//558 1841//1841 1843//1843
f 1841//1841 211//211 1842//1842
f 1842//1842 559//559 1843//1843
f 1841//1841 1842//1842 1843//1843
f 557//557 1840//1840 1836//1836
f 1840//1840 558//558 1843//1843
f 1843//1843 559//559 1836//1836
f 1840//1840 1843//1843 1836//1836
f 209//209 1828//1828 1821//1821
f 1828//1828 556//556 1844//1844
f 1844//1844 552//552 1821//1821
f 1828//1828 1844//1844 1821//1821
f 556//556 1833//1833 1845//1845
f 1833//1833 210//210 1837//1837
f 1837//1837 559//559 1845//1845
f 1833//1833 1837//1837 1845//1845
f 559//559 1842//1842 1846//1846
f 1842//1842 211//211 1823//1823
f 1823//1823 552//552 1846//1846
f 1842//1842 1823//1823 1846//1846
f 556//556 1845//1845 1844//1844
f 1845//1845 559//559 1846//1846
f 1846//1846 552//552 1844//1844
f 1845//1845 1846//1846 1844//1844
f 102//102 1847//1847 1849//1849
f 1847//1847 560//560 1848//1848
f 1848//1848 562//562 1849//1849
f 1847//1847 1848//1848 1849//1849
f 560//560 1850//1850 1852//1852
f 1850//1850 212//212 1851//1851
f 1851//1851 561//561 1852//1852
f 1850//1850 1851//1851 1852//1852
f 561//561 213//213 1854//1854
f 1853//1853 562//562 1854//1854
f 213//213 1853//1853 1854//1854
f 560//560 1852//1852 1848//1848
f 1852//1852 561//561 1854//1854
f 1854//1854 562//562 1848//1848
f 1852//1852 1854//1854 1848//1848
f 212//212 1855//1855 1856//1856
f 205//205 563//563 1856//1856
f 1855//1855 205//205 1856//1856
f 1766//1766 538//538 205//205
f 538//538 1763//1763 1858//1858
f 1763//1763 100//100 1857//1857
f 1857//1857 213//213 1858//1858
f 1763//1763 1857//1857 1858//1858
f 213//213 564//564 1859//1859
f 538//538 1858//1858 205//205
f 1858//1858 213//213 1859//1859
f 1859//1859 564//564 205//205
f 1858//1858 1859//1859 205//205
f 212//212 1856//1856 1851//1851
f 1856//1856 563//563 1860//1860
f 1860//1860 561//561 1851//1851
f 1856//1856 1860//1860 1851//1851
f 563//563 205//205 1861//1861
f 205//205 564//564 1861//1861
f 564//564 213//213 1862//1862
f 213//213 561//561 1862//1862
f 563//563 1861//1861 1860//1860
f 1861//1861 564//564 1862//1862
f 1862//1862 561//561 1860//1860
f 1861//1861 1862//1862 1860//1860
f 101//101 1819//1819 1802//1802
f 1819//1819 553//553 1863//1863
f 1863//1863 547//547 1802//1802
f 1819//1819 1863//1863 1802//1802
f 553//553 1824//1824 1865//1865
f 1824//1824 211//211 1864//1864
f 1864//1864 565//565 1865//1865
f 1824//1824 1864//1864 1865//1865
f 565//565 1866//1866 1867//1867
f 1866//1866 208//208 1804//1804
f 1804//1804 547//547 1867//1867
f 1866//1866 1804//1804 1867//1867
f 553//553 1865//1865 1863//1863
f 1865//1865 565//565 1867//1867
f 1867//1867 547//547 1863//1863
f 1865//1865 1867//1867 1863//1863
f 211//211 1841//1841 1869//1869
f 1841//1841 558//558 1868//1868
f 1868//1868 566//566 1869//1869
f 1841//1841 1868//1868 1869//1869
f 558//558 1839//1839 1870//1870
f 1839//1839 102//102 1849//1849
f 1849//1849 562//562 1870//1870
f 1839//1839 1849//1849 1870//1870
f 562//562 1853//1853 1872//1872
f 1853//1853 213//213 1871//1871
f 1871//1871 566//566 1872//1872
f 1853//1853 1871//1871 1872//1872
f 558//558 1870//1870 1868//1868
f 1870//1870 562//562 1872//1872
f 1872//1872 566//566 1868//1868
f 1870//1870 1872//1872 1868//1868
f 213//213 1857//1857 1873//1873
f 1857//1857 100//100 1810//1810
f 1810//1810 549//549 1873//1873
f 1857//1857 1810//1810 1873//1873
f 549//549 1807//1807 1875//1875
f 1807//1807 208//208 1874//1874
f 1874//1874 567//567 1875//1875
f 1807//1807 1874//1874 1875//1875
f 1873//1873 549//549 1875//1875
f 1875//1875 567//567 213//213
f 1873//1873 1875//1875 213//213
f 211//211 1869//1869 1864//1864
f 1869//1869 566//566 1876//1876
f 1876//1876 565//565 1864//1864
f 1869//1869 1876//1876 1864//1864
f 566//566 1871//1871 213//213
f 567//567 1874//1874 1877//1877
f 1874//1874 208//208 1866//1866
f 1866//1866 565//565 1877//1877
f 1874//1874 1866//1866 1877//1877
f 566//566 213//213 1876//1876
f 213//213 567//567 1877//1877
f 1877//1877 565//565 1876//1876
f 213//213 1877//1877 1876//1876
f 9//9 1878//1878 1830//1830
f 1878//1878 568//568 1879//1879
f 1879//1879 555//555 1830//1830
f 1878//1878 1879//1879 1830//1830
f 568//568 1880//1880 1882//1882
f 1880//1880 214//214 1881//1881
f 1881//1881 569//569 1882//1882
f 1880//1880 1881//1881 1882//1882
f 569//569 1883//1883 1884//1884
f 1883//1883 210//210 1832//1832
f 1832//1832 555//555 1884//1884
f 1883//1883 1832//1832 1884//1884
f 568//568 1882//1882 1879//1879
f 1882//1882 569//569 1884//1884
f 1884//1884 555//555 1879//1879
f 1882//1882 1884//1884 1879//1879
f 214//214 1885//1885 1887//1887
f 1885//1885 570//570 1886//1886
f 1886//1886 572//572 1887//1887
f 1885//1885 1886//1886 1887//1887
f 570//570 1888//1888 1890//1890
f 1888//1888 103//103 1889//1889
f 1889//1889 571//571 1890//1890
f 1888//1888 1889//1889 1890//1890
f 571//571 1891//1891 1893//1893
f 1891//1891 215//215 1892//1892
f 1892//1892 572//572 1893//1893
f 1891//1891 1892//1892 1893//1893
f 570//570 1890//1890 1886//1886
f 1890//1890 571//571 1893//1893
f 1893//1893 572//572 1886//1886
f 1890//1890 1893//1893 1886//1886
f 215//215 1894//1894 1896//1896
f 1894//1894 573//573 1895//1895
f 1895//1895 574//574 1896//1896
f 1894//1894 1895//1895 1896//1896
f 573//573 1897//1897 1898//1898
f 1897//1897 102//102 1838//1838
f 1838//1838 557//557 1898//1898
f 1897//1897 1838//1838 1898//1898
f 557//557 1835//1835 1900//1900
f 1835//1835 210//210 1899//1899
f 1899//1899 574//574 1900//1900
f 1835//1835 1899//1899 1900//1900
f 573//573 1898//1898 1895//1895
f 1898//1898 557//557 1900//1900
f 1900//1900 574//574 1895//1895
f 1898//1898 1900//1900 1895//1895
f 214//214 1887//1887 1881//1881
f 1887//1887 572//572 1901//1901
f 1901//1901 569//569 1881//1881
f 1887//1887 1901//1901 1881//1881
f 572//572 1892//1892 1902//1902
f 1892//1892 215//215 1896//1896
f 1896//1896 574//574 1902//1902
f 1892//1892 1896//1896 1902//1902
f 574//574 1899//1899 1903//1903
f 1899//1899 210//210 1883//1883
f 1883//1883 569//569 1903//1903
f 1899//1899 1883//1883 1903//1903
f 572//572 1902//1902 1901//1901
f 1902//1902 574//574 1903//1903
f 1903//1903 569//569 1901//1901
f 1902//1902 1903//1903 1901//1901
f 103//103 1904//1904 1906//1906
f 1904//1904 575//575 1905//1905
f 1905//1905 577//577 1906//1906
f 1904//1904 1905//1905 1906//1906
f 575//575 1907//1907 1909//1909
f 1907//1907 216//216 1908//1908
f 1908//1908 576//576 1909//1909
f 1907//1907 1908//1908 1909//1909
f 576//576 1910//1910 1912//1912
f 1910//1910 218//218 1911//1911
f 1911//1911 577//577 1912//1912
f 1910//1910 1911//1911 1912//1912
f 575//575 1909//1909 1905//1905
f 1909//1909 576//576 1912//1912
f 1912//1912 577//577 1905//1905
f 1909//1909 1912//1912 1905//1905
f 216//216 1913//1913 1915//1915
f 1913//1913 578//578 1914//1914
f 1914//1914 580//580 1915//1915
f 1913//1913 1914//1914 1915//1915
f 578//578 1916//1916 1918//1918
f 1916//1916 10//10 1917//1917
f 1917//1917 579//579 1918//1918
f 1916//1916 1917//1917 1918//1918
f 579//579 1919//1919 1921//1921
f 1919//1919 217//217 1920//1920
f 1920//1920 580//580 1921//1921
f 1919//1919 1920//1920 1921//1921
f 578//578 1918//1918 1914//1914
f 1918//1918 579//579 1921//1921
f 1921//1921 580//580 1914//1914
f 1918//1918 1921//1921 1914//1914
f 217//217 1922//1922 1924//1924
f 1922//1922 581//581 1923//1923
f 1923//1923 583//583 1924//1924
f 1922//1922 1923//1923 1924//1924
f 581//581 1925//1925 1927//1927
f 1925//1925 104//104 1926//1926
f 1926//1926 582//582 1927//1927
f 1925//1925 1926//1926 1927//1927
f 582//582 1928//1928 1930//1930
f 1928//1928 218//218 1929//1929
f 1929//1929 583//583 1930//1930
f 1928//1928 1929//1929 1930//1930
f 581//581 1927//1927 1923//1923
f 1927//1927 582//582 1930//1930
f 1930//1930 583//583 1923//1923
f 1927//1927 1930//1930 1923//1923
f 216//216 1915//1915 1908//1908
f 1915//1915 580//580 1931//1931
f 1931//1931 576//576 1908//1908
f 1915//1915 1931//1931 1908//1908
f 580//580 1920//1920 1932//1932
f 1920//1920 217//217 1924//1924
f 1924//1924 583//583 1932//1932
f 1920//1920 1924//1924 1932//1932
f 583//583 1929//1929 1933//1933
f 1929//1929 218//218 1910//1910
f 1910//1910 576//576 1933//1933
f 1929//1929 1910//1910 1933//1933
f 580//580 1932//1932 1931//1931
f 1932//1932 583//583 1933//1933
f 1933//1933 576//576 1931//1931
f 1932//1932 1933//1933 1931//1931
f 104//104 1934//1934 1936//1936
f 1934//1934 584//584 1935//1935
f 1935//1935 586//586 1936//1936
f 1934//1934 1935//1935 1936//1936
f 584//584 1937//1937 1939//1939
f 1937//1937 219//219 1938//1938
f 1938//1938 585//585 1939//1939
f 1937//1937 1938//1938 1939//1939
f 585//585 1940//1940 1942//1942
f 1940//1940 220//220 1941//1941
f 1941//1941 586//586 1942//1942
f 1940//1940 1941//1941 1942//1942
f 584//584 1939//1939 1935//1935
f 1939//1939 585//585 1942//1942
f 1942//1942 586//586 1935//1935
f 1939//1939 1942//1942 1935//1935
f 219//219 1943//1943 1945//1945
f 1943//1943 3//3 1944//1944
f 1944//1944 587//587 1945//1945
f 1943//1943 1944//1944 1945//1945
f 205//205 1855//1855 1947//1947
f 1855//1855 212//212 1946//1946
f 1946//1946 587//587 1947//1947
f 1855//1855 1946//1946 1947//1947
f 3//3 205//205 1947//1947
f 1947//1947 587//587 1944//1944
f 3//3 1947//1947 1944//1944
f 212//212 1850//1850 1949//1949
f 1850//1850 560//560 1948//1948
f 1948//1948 589//589 1949//1949
f 1850//1850 1948//1948 1949//1949
f 560//560 1847//1847 1951//1951
f 1847//1847 102//102 1950//1950
f 1950//1950 588//588 1951//1951
f 1847//1847 1950//1950 1951//1951
f 588//588 1952//1952 1954//1954
f 1952//1952 220//220 1953//1953
f 1953//1953 589//589 1954//1954
f 1952//1952 1953//1953 1954//1954
f 560//560 1951//1951 1948//1948
f 1951//1951 588//588 1954//1954
f 1954//1954 589//589 1948//1948
f 1951//1951 1954//1954 1948//1948
f 219//219 1945//1945 1938//1938
f 1945//1945 587//587 1955//1955
f 1955//1955 585//585 1938//1938
f 1945//1945 1955//1955 1938//1938
f 587//587 1946//1946 1956//1956
f 1946//1946 212//212 1949//1949
f 1949//1949 589//589 1956//1956
f 1946//1946 1949//1949 1956//1956
f 589//589 1953//1953 1957//1957
f 1953//1953 220//220 1940//1940
f 1940//1940 585//585 1957//1957
f 1953//1953 1940//1940 1957//1957
f 587//587 1956//1956 1955//1955
f 1956//1956 589//589 1957//1957
f 1957//1957 585//585 1955//1955
f 1956//1956 1957//1957 1955//1955
f 103//103 1906//1906 1889//1889
f 1906//1906 577//577 1958//1958
f 1958//1958 571//571 1889//1889
f 1906//1906 1958//1958 1889//1889
f 577//577 1911//1911 1960//1960
f 1911//1911 218//218 1959//1959
f 1959//1959 590//590 1960//1960
f 1911//1911 1959//1959 1960//1960
f 590//590 1961//1961 1962//1962
f 1961//1961 215//215 1891//1891
f 1891//1891 571//571 1962//1962
f 1961//1961 1891//1891 1962//1962
f 577//577 1960//1960 1958//1958
f 1960//1960 590//590 1962//1962
f 1962//1962 571//571 1958//1958
f 1960//1960 1962//1962 1958//1958
f 218//218 1928//1928 1964//1964
f 1928//1928 582//582 1963//1963
f 1963//1963 591//591 1964//1964
f 1928//1928 1963//1963 1964//1964
f 582//582 1926//1926 1965//1965
f 1926//1926 104//104 1936//1936
f 1936//1936 586//586 1965//1965
f 1926//1926 1936//1936 1965//1965
f 586//586 1941//1941 1967//1967
f 1941//1941 220//220 1966//1966
f 1966//1966 591//591 1967//1967
f 1941//1941 1966//1966 1967//1967
f 582//582 1965//1965 1963//1963
f 1965//1965 586//586 1967//1967
f 1967//1967 591//591 1963//1963
f 1965//1965 1967//1967 1963//1963
f 220//220 1952//1952 1969//1969
f 1952//1952 588//588 1968//1968
f 1968//1968 592//592 1969//1969
f 1952//1952 1968//1968 1969//1969
f 588//588 1950//1950 1970//1970
f 1950//1950 102//102 1897//1897
f 1897//1897 573//573 1970//1970
f 1950//1950 1897//1897 1970//1970
f 573//573 1894//1894 1972//1972
f 1894//1894 215//215 1971//1971
f 1971//1971 592//592 1972//1972
f 1894//1894 1971//1971 1972//1972
f 588//588 1970//1970 1968//1968
f 1970//1970 573//573 1972//1972
f 1972//1972 592//592 1968//1968
f 1970//1970 1972//1972 1968//1968
f 218//218 1964//1964 1959//1959
f 1964//1964 591//591 1973//1973
f 1973//1973 590//590 1959//1959
f 1964//1964 1973//1973 1959//1959
f 591//591 1966//1966 1974//1974
f 1966//1966 220//220 1969//1969
f 1969//1969 592//592 1974//1974
f 1966//1966 1969//1969 1974//1974
f 592//592 1971//1971 1975//1975
f 1971//1971 215//215 1961//1961
f 1961//1961 590//590 1975//1975
f 1971//1971 1961//1961 1975//1975
f 591//591 1974//1974 1973//1973
f 1974//1974 592//592 1975//1975
f 1975//1975 590//590 1973//1973
f 1974//1974 1975//1975 1973//1973
f 10//10 1976//1976 1917//1917
f 1976//1976 593//593 1977//1977
f 1977//1977 579//579 1917//1917
f 1976//1976 1977//1977 1917//1917
f 593//593 1978//1978 1980//1980
f 1978//1978 221//221 1979//1979
f 1979//1979 594//594 1980//1980
f 1978//1978 1979//1979 1980//1980
f 594//594 1981//1981 1982//1982
f 1981//1981 217//217 1919//1919
f 1919//1919 579//579 1982//1982
f 1981//1981 1919//1919 1982//1982
f 593//593 1980//1980 1977//1977
f 1980//1980 594//594 1982//1982
f 1982//1982 579//579 1977//1977
f 1980//1980 1982//1982 1977//1977
f 221//221 1983//1983 1985//1985
f 1983//1983 595//595 1984//1984
f 1984//1984 597//597 1985//1985
f 1983//1983 1984//1984 1985//1985
f 595//595 1986//1986 1988//1988
f 1986//1986 105//105 1987//1987
f 1987//1987 596//596 1988//1988
f 1986//1986 1987//1987 1988//1988
f 596//596 1989//1989 1991//1991
f 1989//1989 222//222 1990//1990
f 1990//1990 597//597 1991//1991
f 1989//1989 1990//1990 1991//1991
f 595//595 1988//1988 1984//1984
f 1988//1988 596//596 1991//1991
f 1991//1991 597//597 1984//1984
f 1988//1988 1991//1991 1984//1984
f 222//222 1992//1992 1994//1994
f 1992//1992 598//598 1993//1993
f 1993//1993 599//599 1994//1994
f 1992//1992 1993//1993 1994//1994
f 598//598 1995//1995 1996//1996
f 1995//1995 104//104 1925//1925
f 1925//1925 581//581 1996//1996
f 1995//1995 1925//1925 1996//1996
f 581//581 1922//1922 1998//1998
f 1922//1922 217//217 1997//1997
f 1997//1997 599//599 1998//1998
f 1922//1922 1997//1997 1998//1998
f 598//598 1996//1996 1993//1993
f 1996//1996 581//581 1998//1998
f 1998//1998 599//599 1993//1993
f 1996//1996 1998//1998 1993//1993
f 221//221 1985//1985 1979//1979
f 1985//1985 597//597 1999//1999
f 1999//1999 594//594 1979//1979
f 1985//1985 1999//1999 1979//1979
f 597//597 1990//1990 2000//2000
f 1990//1990 222//222 1994//1994
f 1994//1994 599//599 2000//2000
f 1990//1990 1994//1994 2000//2000
f 599//599 1997//1997 2001//2001
f 1997//1997 217//217 1981//1981
f 1981//1981 594//594 2001//2001
f 1997//1997 1981//1981 2001//2001
f 597//597 2000//2000 1999//1999
f 2000//2000 599//599 2001//2001
f 2001//2001 594//594 1999//1999
f 2000//2000 2001//2001 1999//1999
f 105//105 2002//2002 2004//2004
f 2002//2002 600//600 2003//2003
f 2003//2003 602//602 2004//2004
f 2002//2002 2003//2003 2004//2004
f 600//600 2005//2005 2007//2007
f 2005//2005 223//223 2006//2006
f 2006//2006 601//601 2007//2007
f 2005//2005 2006//2006 2007//2007
f 601//601 2008//2008 2010//2010
f 2008//2008 225//225 2009//2009
f 2009//2009 602//602 2010//2010
f 2008//2008 2009//2009 2010//2010
f 600//600 2007//2007 2003//2003
f 2007//2007 601//601 2010//2010
f 2010//2010 602//602 2003//2003
f 2007//2007 2010//2010 2003//2003
f 223//223 2011//2011 2013//2013
f 2011//2011 603//603 2012//2012
f 2012//2012 605//605 2013//2013
f 2011//2011 2012//2012 2013//2013
f 603//603 2014//2014 2016//2016
f 2014//2014 11//11 2015//2015
f 2015//2015 604//604 2016//2016
f 2014//2014 2015//2015 2016//2016
f 604//604 2017//2017 2019//2019
f 2017//2017 224//224 2018//2018
f 2018//2018 605//605 2019//2019
f 2017//2017 2018//2018 2019//2019
f 603//603 2016//2016 2012//2012
f 2016//2016 604//604 2019//2019
f 2019//2019 605//605 2012//2012
f 2016//2016 2019//2019 2012//2012
f 224//224 2020//2020 2022//2022
f 2020//2020 606//606 2021//2021
f 2021//2021 608//608 2022//2022
f 2020//2020 2021//2021 2022//2022
f 606//606 2023//2023 2025//2025
f 2023//2023 106//106 2024//2024
f 2024//2024 607//607 2025//2025
f 2023//2023 2024//2024 2025//2025
f 607//607 2026//2026 2028//2028
f 2026//2026 225//225 2027//2027
f 2027//2027 608//608 2028//2028
f 2026//2026 2027//2027 2028//2028
f 606//606 2025//2025 2021//2021
f 2025//2025 607//607 2028//2028
f 2028//2028 608//608 2021//2021
f 2025//2025 2028//2028 2021//2021
f 223//223 2013//2013 2006//2006
f 2013//2013 605//605 2029//2029
f 2029//2029 601//601 2006//2006
f 2013//2013 2029//2029 2006//2006
f 605//605 2018//2018 2030//2030
f 2018//2018 224//224 2022//2022
f 2022//2022 608//608 2030//2030
f 2018//2018 2022//2022 2030//2030
f 608//608 2027//2027 2031//2031
f 2027//2027 225//225 2008//2008
f 2008//2008 601//601 2031//2031
f 2027//2027 2008//2008 2031//2031
f 605//605 2030//2030 2029//2029
f 2030//2030 608//608 2031//2031
f 2031//2031 601//601 2029//2029
f 2030//2030 2031//2031 2029//2029
f 106//106 2032//2032 2034//2034
f 2032//2032 609//609 2033//2033
f 2033//2033 611//611 2034//2034
f 2032//2032 2033//2033 2034//2034
f 609//609 2035//2035 2037//2037
f 2035//2035 226//226 2036//2036
f 2036//2036 610//610 2037//2037
f 2035//2035 2036//2036 2037//2037
f 610//610 2038//2038 2040//2040
f 2038//2038 227//227 2039//2039
f 2039//2039 611//611 2040//2040
f 2038//2038 2039//2039 2040//2040
f 609//609 2037//2037 2033//2033
f 2037//2037 610//610 2040//2040
f 2040//2040 611//611 2033//2033
f 2037//2037 2040//2040 2033//2033
f 226//226 2041//2041 2043//2043
f 2041//2041 612//612 2042//2042
f 2042//2042 613//613 2043//2043
f 2041//2041 2042//2042 2043//2043
f 1943//1943 219//219 2044//2044
f 2044//2044 613//613 3//3
f 1943//1943 2044//2044 3//3
f 612//612 3//3 2042//2042
f 3//3 613//613 2042//2042
f 219//219 1937//1937 2046//2046
f 1937//1937 584//584 2045//2045
f 2045//2045 615//615 2046//2046
f 1937//1937 2045//2045 2046//2046
f 584//584 1934//1934 2048//2048
f 1934//1934 104//104 2047//2047
f 2047//2047 614//614 2048//2048
f 1934//1934 2047//2047 2048//2048
f 614//614 2049//2049 2051//2051
f 2049//2049 227//227 2050//2050
f 2050//2050 615//615 2051//2051
f 2049//2049 2050//2050 2051//2051
f 584//584 2048//2048 2045//2045
f 2048//2048 614//614 2051//2051
f 2051//2051 615//615 2045//2045
f 2048//2048 2051//2051 2045//2045
f 226//226 2043//2043 2036//2036
f 2043//2043 613//613 2052//2052
f 2052//2052 610//610 2036//2036
f 2043//2043 2052//2052 2036//2036
f 613//613 2044//2044 2053//2053
f 2044//2044 219//219 2046//2046
f 2046//2046 615//615 2053//2053
f 2044//2044 2046//2046 2053//2053
f 615//615 2050//2050 2054//2054
f 2050//2050 227//227 2038//2038
f 2038//2038 610//610 2054//2054
f 2050//2050 2038//2038 2054//2054
f 613//613 2053//2053 2052//2052
f 2053//2053 615//615 2054//2054
f 2054//2054 610//610 2052//2052
f 2053//2053 2054//2054 2052//2052
f 105//105 2004//2004 1987//1987
f 2004//2004 602//602 2055//2055
f 2055//2055 596//596 1987//1987
f 2004//2004 2055//2055 1987//1987
f 602//602 2009//2009 2057//2057
f 2009//2009 225//225 2056//2056
f 2056//2056 616//616 2057//2057
f 2009//2009 2056//2056 2057//2057
f 616//616 2058//2058 2059//2059
f 2058//2058 222//222 1989//1989
f 1989//1989 596//596 2059//2059
f 2058//2058 1989//1989 2059//2059
f 602//602 2057//2057 2055//2055
f 2057//2057 616//616 2059//2059
f 2059//2059 596//596 2055//2055
f 2057//2057 2059//2059 2055//2055
f 225//225 2026//2026 2061//2061
f 2026//2026 607//607 2060//2060
f 2060//2060 617//617 2061//2061
f 2026//2026 2060//2060 2061//2061
f 607//607 2024//2024 2062//2062
f 2024//2024 106//106 2034//2034
f 2034//2034 611//611 2062//2062
f 2024//2024 2034//2034 2062//2062
f 611//611 2039//2039 2064//2064
f 2039//2039 227//227 2063//2063
f 2063//2063 617//617 2064//2064
f 2039//2039 2063//2063 2064//2064
f 607//607 2062//2062 2060//2060
f 2062//2062 611//611 2064//2064
f 2064//2064 617//617 2060//2060
f 2062//2062 2064//2064 2060//2060
f 227//227 2049//2049 2066//2066
f 2049//2049 614//614 2065//2065
f 2065//2065 618//618 2066//2066
f 2049//2049 2065//2065 2066//2066
f 614//614 2047//2047 2067//2067
f 2047//2047 104//104 1995//1995
f 1995//1995 598//598 2067//2067
f 2047//2047 1995//1995 2067//2067
f 598//598 1992//1992 2069//2069
f 1992//1992 222//222 2068//2068
f 2068//2068 618//618 2069//2069
f 1992//1992 2068//2068 2069//2069
f 614//614 2067//2067 2065//2065
f 2067//2067 598//598 2069//2069
f 2069//2069 618//618 2065//2065
f 2067//2067 2069//2069 2065//2065
f 225//225 2061//2061 2056//2056
f 2061//2061 617//617 2070//2070
f 2070//2070 616//616 2056//2056
f 2061//2061 2070//2070 2056//2056
f 617//617 2063//2063 2071//2071
f 2063//2063 227//227 2066//2066
f 2066//2066 618//618 2071//2071
f 2063//2063 2066//2066 2071//2071
f 618//618 2068//2068 2072//2072
f 2068//2068 222//222 2058//2058
f 2058//2058 616//616 2072//2072
f 2068//2068 2058//2058 2072//2072
f 617//617 2071//2071 2070//2070
f 2071//2071 618//618 2072//2072
f 2072//2072 616//616 2070//2070
f 2071//2071 2072//2072 2070//2070
f 11//11 2073//2073 2015//2015
f 2073//2073 619//619 2074//2074
f 2074//2074 604//604 2015//2015
f 2073//2073 2074//2074 2015//2015
f 619//619 2075//2075 2077//2077
f 2075//2075 228//228 2076//2076
f 2076//2076 620//620 2077//2077
f 2075//2075 2076//2076 2077//2077
f 620//620 2078//2078 2079//2079
f 2078//2078 224//224 2017//2017
f 2017//2017 604//604 2079//2079
f 2078//2078 2017//2017 2079//2079
f 619//619 2077//2077 2074//2074
f 2077//2077 620//620 2079//2079
f 2079//2079 604//604 2074//2074
f 2077//2077 2079//2079 2074//2074
f 228//228 2080//2080 2082//2082
f 2080//2080 621//621 2081//2081
f 2081//2081 623//623 2082//2082
f 2080//2080 2081//2081 2082//2082
f 621//621 2083//2083 2085//2085
f 2083//2083 107//107 2084//2084
f 2084//2084 622//622 2085//2085
f 2083//2083 2084//2084 2085//2085
f 622//622 2086//2086 2088//2088
f 2086//2086 229//229 2087//2087
f 2087//2087 623//623 2088//2088
f 2086//2086 2087//2087 2088//2088
f 621//621 2085//2085 2081//2081
f 2085//2085 622//622 2088//2088
f 2088//2088 623//623 2081//2081
f 2085//2085 2088//2088 2081//2081
f 229//229 2089//2089 2091//2091
f 2089//2089 624//624 2090//2090
f 2090//2090 625//625 2091//2091
f 2089//2089 2090//2090 2091//2091
f 624//624 2092//2092 2093//2093
f 2092//2092 106//106 2023//2023
f 2023//2023 606//606 2093//2093
f 2092//2092 2023//2023 2093//2093
f 606//606 2020//2020 2095//2095
f 2020//2020 224//224 2094//2094
f 2094//2094 625//625 2095//2095
f 2020//2020 2094//2094 2095//2095
f 624//624 2093//2093 2090//2090
f 2093//2093 606//606 2095//2095
f 2095//2095 625//625 2090//2090
f 2093//2093 2095//2095 2090//2090
f 228//228 2082//2082 2076//2076
f 2082//2082 623//623 2096//2096
f 2096//2096 620//620 2076//2076
f 2082//2082 2096//2096 2076//2076
f 623//623 2087//2087 2097//2097
f 2087//2087 229//229 2091//2091
f 2091//2091 625//625 2097//2097
f 2087//2087 2091//2091 2097//2097
f 625//625 2094//2094 2098//2098
f 2094//2094 224//224 2078//2078
f 2078//2078 620//620 2098//2098
f 2094//2094 2078//2078 2098//2098
f 623//623 2097//2097 2096//2096
f 2097//2097 625//625 2098//2098
f 2098//2098 620//620 2096//2096
f 2097//2097 2098//2098 2096//2096
f 107//107 2099//2099 2101//2101
f 2099//2099 626//626 2100//2100
f 2100//2100 628//628 2101//2101
f 2099//2099 2100//2100 2101//2101
f 626//626 2102//2102 2104//2104
f 2102//2102 230//230 2103//2103
f 2103//2103 627//627 2104//2104
f 2102//2102 2103//2103 2104//2104
f 627//627 2105//2105 2107//2107
f 2105//2105 232//232 2106//2106
f 2106//2106 628//628 2107//2107
f 2105//2105 2106//2106 2107//2107
f 626//626 2104//2104 2100//2100
f 2104//2104 627//627 2107//2107
f 2107//2107 628//628 2100//2100
f 2104//2104 2107//2107 2100//2100
f 230//230 2108//2108 2110//2110
f 2108//2108 629//629 2109//2109
f 2109//2109 631//631 2110//2110
f 2108//2108 2109//2109 2110//2110
f 629//629 2111//2111 2113//2113
f 2111//2111 12//12 2112//2112
f 2112//2112 630//630 2113//2113
f 2111//2111 2112//2112 2113//2113
f 630//630 2114//2114 2116//2116
f 2114//2114 231//231 2115//2115
f 2115//2115 631//631 2116//2116
f 2114//2114 2115//2115 2116//2116
f 629//629 2113//2113 2109//2109
f 2113//2113 630//630 2116//2116
f 2116//2116 631//631 2109//2109
f 2113//2113 2116//2116 2109//2109
f 231//231 2117//2117 2119//2119
f 2117//2117 632//632 2118//2118
f 2118//2118 634//634 2119//2119
f 2117//2117 2118//2118 2119//2119
f 632//632 2120//2120 2122//2122
f 2120//2120 108//108 2121//2121
f 2121//2121 633//633 2122//2122
f 2120//2120 2121//2121 2122//2122
f 633//633 2123//2123 2125//2125
f 2123//2123 232//232 2124//2124
f 2124//2124 634//634 2125//2125
f 2123//2123 2124//2124 2125//2125
f 632//632 2122//2122 2118//2118
f 2122//2122 633//633 2125//2125
f 2125//2125 634//634 2118//2118
f 2122//2122 2125//2125 2118//2118
f 230//230 2110//2110 2103//2103
f 2110//2110 631//631 2126//2126
f 2126//2126 627//627 2103//2103
f 2110//2110 2126//2126 2103//2103
f 631//631 2115//2115 2127//2127
f 2115//2115 231//231 2119//2119
f 2119//2119 634//634 2127//2127
f 2115//2115 2119//2119 2127//2127
f 634//634 2124//2124 2128//2128
f 2124//2124 232//232 2105//2105
f 2105//2105 627//627 2128//2128
f 2124//2124 2105//2105 2128//2128
f 631//631 2127//2127 2126//2126
f 2127//2127 634//634 2128//2128
f 2128//2128 627//627 2126//2126
f 2127//2127 2128//2128 2126//2126
f 108//108 2129//2129 2131//2131
f 2129//2129 635//635 2130//2130
f 2130//2130 637//637 2131//2131
f 2129//2129 2130//2130 2131//2131
f 635//635 2132//2132 2134//2134
f 2132//2132 233//233 2133//2133
f 2133//2133 636//636 2134//2134
f 2132//2132 2133//2133 2134//2134
f 636//636 2135//2135 2137//2137
f 2135//2135 234//234 2136//2136
f 2136//2136 637//637 2137//2137
f 2135//2135 2136//2136 2137//2137
f 635//635 2134//2134 2130//2130
f 2134//2134 636//636 2137//2137
f 2137//2137 637//637 2130//2130
f 2134//2134 2137//2137 2130//2130
f 233//233 2138//2138 2140//2140
f 2138//2138 3//3 2139//2139
f 2139//2139 638//638 2140//2140
f 2138//2138 2139//2139 2140//2140
f 612//612 2041//2041 2142//2142
f 2041//2041 226//226 2141//2141
f 2141//2141 638//638 2142//2142
f 2041//2041 2141//2141 2142//2142
f 3//3 612//612 2142//2142
f 2142//2142 638//638 2139//2139
f 3//3 2142//2142 2139//2139
f 226//226 2035//2035 2144//2144
f 2035//2035 609//609 2143//2143
f 2143//2143 640//640 2144//2144
f 2035//2035 2143//2143 2144//2144
f 609//609 2032//2032 2146//2146
f 2032//2032 106//106 2145//2145
f 2145//2145 639//639 2146//2146
f 2032//2032 2145//2145 2146//2146
f 639//639 2147//2147 2149//2149
f 2147//2147 234//234 2148//2148
f 2148//2148 640//640 2149//2149
f 2147//2147 2148//2148 2149//2149
f 609//609 2146//2146 2143//2143
f 2146//2146 639//639 2149//2149
f 2149//2149 640//640 2143//2143
f 2146//2146 2149//2149 2143//2143
f 233//233 2140//2140 2133//2133
f 2140//2140 638//638 2150//2150
f 2150//2150 636//636 2133//2133
f 2140//2140 2150//2150 2133//2133
f 638//638 2141//2141 2151//2151
f 2141//2141 226//226 2144//2144
f 2144//2144 640//640 2151//2151
f 2141//2141 2144//2144 2151//2151
f 640//640 2148//2148 2152//2152
f 2148//2148 234//234 2135//2135
f 2135//2135 636//636 2152//2152
f 2148//2148 2135//2135 2152//2152
f 638//638 2151//2151 2150//2150
f 2151//2151 640//640 2152//2152
f 2152//2152 636//636 2150//2150
f 2151//2151 2152//2152 2150//2150
f 107//107 2101//2101 2084//2084
f 2101//2101 628//628 2153//2153
f 2153//2153 622//622 2084//2084
f 2101//2101 2153//2153 2084//2084
f 628//628 2106//2106 2155//2155
f 2106//2106 232//232 2154//2154
f 2154//2154 641//641 2155//2155
f 2106//2106 2154//2154 2155//2155
f 641//641 2156//2156 2157//2157
f 2156//2156 229//229 2086//2086
f 2086//2086 622//622 2157//2157
f 2156//2156 2086//2086 2157//2157
f 628//628 2155//2155 2153//2153
f 2155//2155 641//641 2157//2157
f 2157//2157 622//622 2153//2153
f 2155//2155 2157//2157 2153//2153
f 232//232 2123//2123 2159//2159
f 2123//2123 633//633 2158//2158
f 2158//2158 642//642 2159//2159
f 2123//2123 2158//2158 2159//2159
f 633//633 2121//2121 2160//2160
f 2121//2121 108//108 2131//2131
f 2131//2131 637//637 2160//2160
f 2121//2121 2131//2131 2160//2160
f 637//637 2136//2136 2162//2162
f 2136//2136 234//234 2161//2161
f 2161//2161 642//642 2162//2162
f 2136//2136 2161//2161 2162//2162
f 633//633 2160//2160 2158//2158
f 2160//2160 637//637 2162//2162
f 2162//2162 642//642 2158//2158
f 2160//2160 2162//2162 2158//2158
f 234//234 2147//2147 2164//2164
f 2147//2147 639//639 2163//2163
f 2163//2163 643//643 2164//2164
f 2147//2147 2163//2163 2164//2164
f 639//639 2145//2145 2165//2165
f 2145//2145 106//106 2092//2092
f 2092//2092 624//624 2165//2165
f 2145//2145 2092//2092 2165//2165
f 624//624 2089//2089 2167//2167
f 2089//2089 229//229 2166//2166
f 2166//2166 643//643 2167//2167
f 2089//2089 2166//2166 2167//2167
f 639//639 2165//2165 2163//2163
f 2165//2165 624//624 2167//2167
f 2167//2167 643//643 2163//2163
f 2165//2165 2167//2167 2163//2163
f 232//232 2159//2159 2154//2154
f 2159//2159 642//642 2168//2168
f 2168//2168 641//641 2154//2154
f 2159//2159 2168//2168 2154//2154
f 642//642 2161//2161 2169//2169
f 2161//2161 234//234 2164//2164
f 2164//2164 643//643 2169//2169
f 2161//2161 2164//2164 2169//2169
f 643//643 2166//2166 2170//2170
f 2166//2166 229//229 2156//2156
f 2156//2156 641//641 2170//2170
f 2166//2166 2156//2156 2170//2170
f 642//642 2169//2169 2168//2168
f 2169//2169 643//643 2170//2170
f 2170//2170 641//641 2168//2168
f 2169//2169 2170//2170 2168//2168
f 12//12 2171//2171 2112//2112
f 2171//2171 644//644 2172//2172
f 2172//2172 630//630 2112//2112
f 2171//2171 2172//2172 2112//2112
f 644//644 2173//2173 2175//2175
f 2173//2173 235//235 2174//2174
f 2174//2174 645//645 2175//2175
f 2173//2173 2174//2174 2175//2175
f 645//645 2176//2176 2177//2177
f 2176//2176 231//231 2114//2114
f 2114//2114 630//630 2177//2177
f 2176//2176 2114//2114 2177//2177
f 644//644 2175//2175 2172//2172
f 2175//2175 645//645 2177//2177
f 2177//2177 630//630 2172//2172
f 2175//2175 2177//2177 2172//2172
f 235//235 2178//2178 2180//2180
f 2178//2178 646//646 2179//2179
f 2179//2179 648//648 2180//2180
f 2178//2178 2179//2179 2180//2180
f 646//646 2181//2181 2183//2183
f 2181//2181 109//109 2182//2182
f 2182//2182 647//647 2183//2183
f 2181//2181 2182//2182 2183//2183
f 647//647 2184//2184 2186//2186
f 2184//2184 236//236 2185//2185
f 2185//2185 648//648 2186//2186
f 2184//2184 2185//2185 2186//2186
f 646//646 2183//2183 2179//2179
f 2183//2183 647//647 2186//2186
f 2186//2186 648//648 2179//2179
f 2183//2183 2186//2186 2179//2179
f 236//236 2187//2187 2189//2189
f 2187//2187 649//649 2188//2188
f 2188//2188 650//650 2189//2189
f 2187//2187 2188//2188 2189//2189
f 649//649 2190//2190 2191//2191
f 2190//2190 108//108 2120//2120
f 2120//2120 632//632 2191//2191
f 2190//2190 2120//2120 2191//2191
f 632//632 2117//2117 2193//2193
f 2117//2117 231//231 2192//2192
f 2192//2192 650//650 2193//2193
f 2117//2117 2192//2192 2193//2193
f 649//649 2191//2191 2188//2188
f 2191//2191 632//632 2193//2193
f 2193//2193 650//650 2188//2188
f 2191//2191 2193//2193 2188//2188
f 235//235 2180//2180 2174//2174
f 2180//2180 648//648 2194//2194
f 2194//2194 645//645 2174//2174
f 2180//2180 2194//2194 2174//2174
f 648//648 2185//2185 2195//2195
f 2185//2185 236//236 2189//2189
f 2189//2189 650//650 2195//2195
f 2185//2185 2189//2189 2195//2195
f 650//650 2192//2192 2196//2196
f 2192//2192 231//231 2176//2176
f 2176//2176 645//645 2196//2196
f 2192//2192 2176//2176 2196//2196
f 648//648 2195//2195 2194//2194
f 2195//2195 650//650 2196//2196
f 2196//2196 645//645 2194//2194
f 2195//2195 2196//2196 2194//2194
f 109//109 2197//2197 2199//2199
f 2197//2197 651//651 2198//2198
f 2198//2198 653//653 2199//2199
f 2197//2197 2198//2198 2199//2199
f 651//651 2200//2200 2202//2202
f 2200//2200 237//237 2201//2201
f 2201//2201 652//652 2202//2202
f 2200//2200 2201//2201 2202//2202
f 652//652 2203//2203 2205//2205
f 2203//2203 239//239 2204//2204
f 2204//2204 653//653 2205//2205
f 2203//2203 2204//2204 2205//2205
f 651//651 2202//2202 2198//2198
f 2202//2202 652//652 2205//2205
f 2205//2205 653//653 2198//2198
f 2202//2202 2205//2205 2198//2198
f 237//237 2206//2206 2208//2208
f 2206//2206 654//654 2207//2207
f 2207//2207 656//656 2208//2208
f 2206//2206 2207//2207 2208//2208
f 654//654 2209//2209 2211//2211
f 2209//2209 13//13 2210//2210
f 2210//2210 655//655 2211//2211
f 2209//2209 2210//2210 2211//2211
f 655//655 2212//2212 2214//2214
f 2212//2212 238//238 2213//2213
f 2213//2213 656//656 2214//2214
f 2212//2212 2213//2213 2214//2214
f 654//654 2211//2211 2207//2207
f 2211//2211 655//655 2214//2214
f 2214//2214 656//656 2207//2207
f 2211//2211 2214//2214 2207//2207
f 238//238 2215//2215 2217//2217
f 2215//2215 657//657 2216//2216
f 2216//2216 659//659 2217//2217
f 2215//2215 2216//2216 2217//2217
f 657//657 2218//2218 2220//2220
f 2218//2218 110//110 2219//2219
f 2219//2219 658//658 2220//2220
f 2218//2218 2219//2219 2220//2220
f 658//658 2221//2221 2223//2223
f 2221//2221 239//239 2222//2222
f 2222//2222 659//659 2223//2223
f 2221//2221 2222//2222 2223//2223
f 657//657 2220//2220 2216//2216
f 2220//2220 658//658 2223//2223
f 2223//2223 659//659 2216//2216
f 2220//2220 2223//2223 2216//2216
f 237//237 2208//2208 2201//2201
f 2208//2208 656//656 2224//2224
f 2224//2224 652//652 2201//2201
f 2208//2208 2224//2224 2201//2201
f 656//656 2213//2213 2225//2225
f 2213//2213 238//238 2217//2217
f 2217//2217 659//659 2225//2225
f 2213//2213 2217//2217 2225//2225
f 659//659 2222//2222 2226//2226
f 2222//2222 239//239 2203//2203
f 2203//2203 652//652 2226//2226
f 2222//2222 2203//2203 2226//2226
f 656//656 2225//2225 2224//2224
f 2225//2225 659//659 2226//2226
f 2226//2226 652//652 2224//2224
f 2225//2225 2226//2226 2224//2224
f 110//110 2227//2227 2229//2229
f 2227//2227 240//240 2228//2228
f 2228//2228 661//661 2229//2229
f 2227//2227 2228//2228 2229//2229
f 240//240 660//660 2230//2230
f 660//660 2231//2231 2233//2233
f 2231//2231 241//241 2232//2232
f 2232//2232 661//661 2233//2233
f 2231//2231 2232//2232 2233//2233
f 240//240 2230//2230 2228//2228
f 2230//2230 660//660 2233//2233
f 2233//2233 661//661 2228//2228
f 2230//2230 2233//2233 2228//2228
f 2138//2138 233//233 2234//2234
f 2234//2234 240//240 3//3
f 2138//2138 2234//2234 3//3
f 233//233 2132//2132 2236//2236
f 2132//2132 635//635 2235//2235
f 2235//2235 663//663 2236//2236
f 2132//2132 2235//2235 2236//2236
f 635//635 2129//2129 2238//2238
f 2129//2129 108//108 2237//2237
f 2237//2237 662//662 2238//2238
f 2129//2129 2237//2237 2238//2238
f 662//662 2239//2239 2241//2241
f 2239//2239 241//241 2240//2240
f 2240//2240 663//663 2241//2241
f 2239//2239 2240//2240 2241//2241
f 635//635 2238//2238 2235//2235
f 2238//2238 662//662 2241//2241
f 2241//2241 663//663 2235//2235
f 2238//2238 2241//2241 2235//2235
f 240//240 2234//2234 2242//2242
f 2234//2234 233//233 2236//2236
f 2236//2236 663//663 2242//2242
f 2234//2234 2236//2236 2242//2242
f 663//663 2240//2240 2243//2243
f 2240//2240 241//241 2231//2231
f 2231//2231 660//660 2243//2243
f 2240//2240 2231//2231 2243//2243
f 2242//2242 663//663 2243//2243
f 2243//2243 660//660 240//240
f 2242//2242 2243//2243 240//240
f 109//109 2199//2199 2182//2182
f 2199//2199 653//653 2244//2244
f 2244//2244 647//647 2182//2182
f 2199//2199 2244//2244 2182//2182
f 653//653 2204//2204 2246//2246
f 2204//2204 239//239 2245//2245
f 2245//2245 664//664 2246//2246
f 2204//2204 2245//2245 2246//2246
f 664//664 2247//2247 2248//2248
f 2247//2247 236//236 2184//2184
f 2184//2184 647//647 2248//2248
f 2247//2247 2184//2184 2248//2248
f 653//653 2246//2246 2244//2244
f 2246//2246 664//664 2248//2248
f 2248//2248 647//647 2244//2244
f 2246//2246 2248//2248 2244//2244
f 239//239 2221//2221 2250//2250
f 2221//2221 658//658 2249//2249
f 2249//2249 665//665 2250//2250
f 2221//2221 2249//2249 2250//2250
f 658//658 2219//2219 2251//2251
f 2219//2219 110//110 2229//2229
f 2229//2229 661//661 2251//2251
f 2219//2219 2229//2229 2251//2251
f 661//661 2232//2232 2253//2253
f 2232//2232 241//241 2252//2252
f 2252//2252 665//665 2253//2253
f 2232//2232 2252//2252 2253//2253
f 658//658 2251//2251 2249//2249
f 2251//2251 661//661 2253//2253
f 2253//2253 665//665 2249//2249
f 2251//2251 2253//2253 2249//2249
f 241//241 2239//2239 2255//2255
f 2239//2239 662//662 2254//2254
f 2254//2254 666//666 2255//2255
f 2239//2239 2254//2254 2255//2255
f 662//662 2237//2237 2256//2256
f 2237//2237 108//108 2190//2190
f 2190//2190 649//649 2256//2256
f 2237//2237 2190//2190 2256//2256
f 649//649 2187//2187 2258//2258
f 2187//2187 236//236 2257//2257
f 2257//2257 666//666 2258//2258
f 2187//2187 2257//2257 2258//2258
f 662//662 2256//2256 2254//2254
f 2256//2256 649//649 2258//2258
f 2258//2258 666//666 2254//2254
f 2256//2256 2258//2258 2254//2254
f 239//239 2250//2250 2245//2245
f 2250//2250 665//665 2259//2259
f 2259//2259 664//664 2245//2245
f 2250//2250 2259//2259 2245//2245
f 665//665 2252//2252 2260//2260
f 2252//2252 241//241 2255//2255
f 2255//2255 666//666 2260//2260
f 2252//2252 2255//2255 2260//2260
f 666//666 2257//2257 2261//2261
f 2257//2257 236//236 2247//2247
f 2247//2247 664//664 2261//2261
f 2257//2257 2247//2247 2261//2261
f 665//665 2260//2260 2259//2259
f 2260//2260 666//666 2261//2261
f 2261//2261 664//664 2259//2259
f 2260//2260 2261//2261 2259//2259
f 13//13 2262//2262 2210//2210
f 2262//2262 667//667 2263//2263
f 2263//2263 655//655 2210//2210
f 2262//2262 2263//2263 2210//2210
f 667//667 2264//2264 2266//2266
f 2264//2264 242//242 2265//2265
f 2265//2265 668//668 2266//2266
f 2264//2264 2265//2265 2266//2266
f 668//668 2267//2267 2268//2268
f 2267//2267 238//238 2212//2212
f 2212//2212 655//655 2268//2268
f 2267//2267 2212//2212 2268//2268
f 667//667 2266//2266 2263//2263
f 2266//2266 668//668 2268//2268
f 2268//2268 655//655 2263//2263
f 2266//2266 2268//2268 2263//2263
f 242//242 2269//2269 2271//2271
f 2269//2269 669//669 2270//2270
f 2270//2270 671//671 2271//2271
f 2269//2269 2270//2270 2271//2271
f 669//669 2272//2272 2274//2274
f 2272//2272 111//111 2273//2273
f 2273//2273 670//670 2274//2274
f 2272//2272 2273//2273 2274//2274
f 670//670 2275//2275 2277//2277
f 2275//2275 243//243 2276//2276
f 2276//2276 671//671 2277//2277
f 2275//2275 2276//2276 2277//2277
f 669//669 2274//2274 2270//2270
f 2274//2274 670//670 2277//2277
f 2277//2277 671//671 2270//2270
f 2274//2274 2277//2277 2270//2270
f 243//243 2278//2278 2280//2280
f 2278//2278 672//672 2279//2279
f 2279//2279 673//673 2280//2280
f 2278//2278 2279//2279 2280//2280
f 672//672 2281//2281 2282//2282
f 2281//2281 110//110 2218//2218
f 2218//2218 657//657 2282//2282
f 2281//2281 2218//2218 2282//2282
f 657//657 2215//2215 2284//2284
f 2215//2215 238//238 2283//2283
f 2283//2283 673//673 2284//2284
f 2215//2215 2283//2283 2284//2284
f 672//672 2282//2282 2279//2279
f 2282//2282 657//657 2284//2284
f 2284//2284 673//673 2279//2279
f 2282//2282 2284//2284 2279//2279
f 242//242 2271//2271 2265//2265
f 2271//2271 671//671 2285//2285
f 2285//2285 668//668 2265//2265
f 2271//2271 2285//2285 2265//2265
f 671//671 2276//2276 2286//2286
f 2276//2276 243//243 2280//2280
f 2280//2280 673//673 2286//2286
f 2276//2276 2280//2280 2286//2286
f 673//673 2283//2283 2287//2287
f 2283//2283 238//238 2267//2267
f 2267//2267 668//668 2287//2287
f 2283//2283 2267//2267 2287//2287
f 671//671 2286//2286 2285//2285
f 2286//2286 673//673 2287//2287
f 2287//2287 668//668 2285//2285
f 2286//2286 2287//2287 2285//2285
f 111//111 2288//2288 2290//2290
f 2288//2288 674//674 2289//2289
f 2289//2289 676//676 2290//2290
f 2288//2288 2289//2289 2290//2290
f 674//674 2291//2291 2293//2293
f 2291//2291 244//244 2292//2292
f 2292//2292 675//675 2293//2293
f 2291//2291 2292//2292 2293//2293
f 675//675 2294//2294 2296//2296
f 2294//2294 245//245 2295//2295
f 2295//2295 676//676 2296//2296
f 2294//2294 2295//2295 2296//2296
f 674//674 2293//2293 2289//2289
f 2293//2293 675//675 2296//2296
f 2296//2296 676//676 2289//2289
f 2293//2293 2296//2296 2289//2289
f 244//244 2297//2297 2299//2299
f 2297//2297 677//677 2298//2298
f 2298//2298 678//678 2299//2299
f 2297//2297 2298//2298 2299//2299
f 677//677 2300//2300 2301//2301
f 2300//2300 1//1 1411//1411
f 1411//1411 445//445 2301//2301
f 2300//2300 1411//1411 2301//2301
f 445//445 1416//1416 2303//2303
f 1416//1416 177//177 2302//2302
f 2302//2302 678//678 2303//2303
f 1416//1416 2302//2302 2303//2303
f 677//677 2301//2301 2298//2298
f 2301//2301 445//445 2303//2303
f 2303//2303 678//678 2298//2298
f 2301//2301 2303//2303 2298//2298
f 177//177 1433//1433 2305//2305
f 1433//1433 450//450 2304//2304
f 2304//2304 680//680 2305//2305
f 1433//1433 2304//2304 2305//2305
f 450//450 1431//1431 2307//2307
f 1431//1431 92//92 2306//2306
f 2306//2306 679//679 2307//2307
f 1431//1431 2306//2306 2307//2307
f 679//679 2308//2308 2310//2310
f 2308//2308 245//245 2309//2309
f 2309//2309 680//680 2310//2310
f 2308//2308 2309//2309 2310//2310
f 450//450 2307//2307 2304//2304
f 2307//2307 679//679 2310//2310
f 2310//2310 680//680 2304//2304
f 2307//2307 2310//2310 2304//2304
f 244//244 2299//2299 2292//2292
f 2299//2299 678//678 2311//2311
f 2311//2311 675//675 2292//2292
f 2299//2299 2311//2311 2292//2292
f 678//678 2302//2302 2312//2312
f 2302//2302 177//177 2305//2305
f 2305//2305 680//680 2312//2312
f 2302//2302 2305//2305 2312//2312
f 680//680 2309//2309 2313//2313
f 2309//2309 245//245 2294//2294
f 2294//2294 675//675 2313//2313
f 2309//2309 2294//2294 2313//2313
f 678//678 2312//2312 2311//2311
f 2312//2312 680//680 2313//2313
f 2313//2313 675//675 2311//2311
f 2312//2312 2313//2313 2311//2311
f 92//92 1487//1487 2315//2315
f 1487//1487 466//466 2314//2314
f 2314//2314 681//681 2315//2315
f 1487//1487 2314//2314 2315//2315
f 466//466 1484//1484 2316//2316
f 1484//1484 182//182 240//240
f 1484//1484 240//240 2316//2316
f 240//240 2317//2317 2319//2319
f 2317//2317 246//246 2318//2318
f 2318//2318 681//681 2319//2319
f 2317//2317 2318//2318 2319//2319
f 466//466 2316//2316 2314//2314
f 2316//2316 240//240 2319//2319
f 2319//2319 681//681 2314//2314
f 2316//2316 2319//2319 2314//2314
f 240//240 2227//2227 2322//2322
f 2227//2227 110//110 2321//2321
f 2321//2321 682//682 2322//2322
f 2227//2227 2321//2321 2322//2322
f 682//682 2323//2323 2325//2325
f 2323//2323 246//246 2324//2324
f 2324//2324 240//240 2325//2325
f 2323//2323 2324//2324 2325//2325
f 240//240 2322//2322 2320//2320
f 2322//2322 682//682 2325//2325
f 2325//2325 240//240 2320//2320
f 2322//2322 2325//2325 2320//2320
f 2324//2324 246//246 2317//2317
f 2324//2324 2317//2317 240//240
f 111//111 2290//2290 2273//2273
f 2290//2290 676//676 2326//2326
f 2326//2326 670//670 2273//2273
f 2290//2290 2326//2326 2273//2273
f 676//676 2295//2295 2328//2328
f 2295//2295 245//245 2327//2327
f 2327//2327 683//683 2328//2328
f 2295//2295 2327//2327 2328//2328
f 683//683 2329//2329 2330//2330
f 2329//2329 243//243 2275//2275
f 2275//2275 670//670 2330//2330
f 2329//2329 2275//2275 2330//2330
f 676//676 2328//2328 2326//2326
f 2328//2328 683//683 2330//2330
f 2330//2330 670//670 2326//2326
f 2328//2328 2330//2330 2326//2326
f 245//245 2308//2308 2332//2332
f 2308//2308 679//679 2331//2331
f 2331//2331 684//684 2332//2332
f 2308//2308 2331//2331 2332//2332
f 679//679 2306//2306 2333//2333
f 2306//2306 92//92 2315//2315
f 2315//2315 681//681 2333//2333
f 2306//2306 2315//2315 2333//2333
f 681//681 2318//2318 2335//2335
f 2318//2318 246//246 2334//2334
f 2334//2334 684//684 2335//2335
f 2318//2318 2334//2334 2335//2335
f 679//679 2333//2333 2331//2331
f 2333//2333 681//681 2335//2335
f 2335//2335 684//684 2331//2331
f 2333//2333 2335//2335 2331//2331
f 246//246 2323//2323 2337//2337
f 2323//2323 682//682 2336//2336
f 2336//2336 685//685 2337//2337
f 2323//2323 2336//2336 2337//2337
f 682//682 2321//2321 2338//2338
f 2321//2321 110//110 2281//2281
f 2281//2281 672//672 2338//2338
f 2321//2321 2281//2281 2338//2338
f 672//672 2278//2278 2340//2340
f 2278//2278 243//243 2339//2339
f 2339//2339 685//685 2340//2340
f 2278//2278 2339//2339 2340//2340
f 682//682 2338//2338 2336//2336
f 2338//2338 672//672 2340//2340
f 2340//2340 685//685 2336//2336
f 2338//2338 2340//2340 2336//2336
f 245//245 2332//2332 2327//2327
f 2332//2332 684//684 2341//2341
f 2341//2341 683//683 2327//2327
f 2332//2332 2341//2341 2327//2327
f 684//684 2334//2334 2342//2342
f 2334//2334 246//246 2337//2337
f 2337//2337 685//685 2342//2342
f 2334//2334 2337//2337 2342//2342
f 685//685 2339//2339 2343//2343
f 2339//2339 243//243 2329//2329
f 2329//2329 683//683 2343//2343
f 2339//2339 2329//2329 2343//2343
f 684//684 2342//2342 2341//2341
f 2342//2342 685//685 2343//2343
f 2343//2343 683//683 2341//2341
f 2342//2342 2343//2343 2341//2341
f 14//14 2344//2344 16//16
f 2344//2344 686//686 16//16
f 686//686 2345//2345 16//16
f 2345//2345 247//247 16//16
f 247//247 2346//2346 16//16
f 2346//2346 687//687 16//16
f 687//687 15//15 16//16
f 37//37 688//688 17//17
f 37//37 248//248 2347//2347
f 2347//2347 688//688 37//37
f 37//37 112//112 2348//2348
f 2348//2348 689//689 37//37
f 689//689 2349//2349 37//37
f 2349//2349 248//248 37//37
f 18//18 19//19 690//690
f 18//18 690//690 37//37
f 690//690 2350//2350 37//37
f 2350//2350 249//249 37//37
f 249//249 2351//2351 37//37
f 2351//2351 691//691 37//37
f 691//691 2352//2352 37//37
f 2352//2352 112//112 37//37
f 2353//2353 692//692 20//20
f 692//692 2354//2354 2356//2356
f 2354//2354 251//251 2355//2355
f 2355//2355 693//693 2356//2356
f 2354//2354 2355//2355 2356//2356
f 20//20 692//692 2356//2356
f 2356//2356 693//693 20//20
f 20//20 2357//2357 2359//2359
f 2357//2357 694//694 2358//2358
f 2358//2358 696//696 2359//2359
f 2357//2357 2358//2358 2359//2359
f 694//694 2360//2360 2362//2362
f 2360//2360 113//113 2361//2361
f 2361//2361 695//695 2362//2362
f 2360//2360 2361//2361 2362//2362
f 695//695 2363//2363 2365//2365
f 2363//2363 250//250 2364//2364
f 2364//2364 696//696 2365//2365
f 2363//2363 2364//2364 2365//2365
f 694//694 2362//2362 2358//2358
f 2362//2362 695//695 2365//2365
f 2365//2365 696//696 2358//2358
f 2362//2362 2365//2365 2358//2358
f 250//250 2366//2366 2368//2368
f 2366//2366 697//697 2367//2367
f 2367//2367 699//699 2368//2368
f 2366//2366 2367//2367 2368//2368
f 697//697 2369//2369 2371//2371
f 2369//2369 114//114 2370//2370
f 2370//2370 698//698 2371//2371
f 2369//2369 2370//2370 2371//2371
f 698//698 2372//2372 2374//2374
f 2372//2372 251//251 2373//2373
f 2373//2373 699//699 2374//2374
f 2372//2372 2373//2373 2374//2374
f 697//697 2371//2371 2367//2367
f 2371//2371 698//698 2374//2374
f 2374//2374 699//699 2367//2367
f 2371//2371 2374//2374 2367//2367
f 20//20 2359//2359 2353//2353
f 2359//2359 696//696 2375//2375
f 2375//2375 692//692 2353//2353
f 2359//2359 2375//2375 2353//2353
f 696//696 2364//2364 2376//2376
f 2364//2364 250//250 2368//2368
f 2368//2368 699//699 2376//2376
f 2364//2364 2368//2368 2376//2376
f 699//699 2373//2373 2377//2377
f 2373//2373 251//251 2354//2354
f 2354//2354 692//692 2377//2377
f 2373//2373 2354//2354 2377//2377
f 696//696 2376//2376 2375//2375
f 2376//2376 699//699 2377//2377
f 2377//2377 692//692 2375//2375
f 2376//2376 2377//2377 2375//2375
f 113//113 2378//2378 2380//2380
f 2378//2378 700//700 2379//2379
f 2379//2379 702//702 2380//2380
f 2378//2378 2379//2379 2380//2380
f 700//700 2381//2381 2383//2383
f 2381//2381 252//252 2382//2382
f 2382//2382 701//701 2383//2383
f 2381//2381 2382//2382 2383//2383
f 701//701 2384//2384 2386//2386
f 2384//2384 253//253 2385//2385
f 2385//2385 702//702 2386//2386
f 2384//2384 2385//2385 2386//2386
f 700//700 2383//2383 2379//2379
f 2383//2383 701//701 2386//2386
f 2386//2386 702//702 2379//2379
f 2383//2383 2386//2386 2379//2379
f 252//252 2387//2387 2389//2389
f 2387//2387 703//703 2388//2388
f 2388//2388 704//704 2389//2389
f 2387//2387 2388//2388 2389//2389
f 703//703 2390//2390 2391//2391
f 2390//2390 2//2 1451//1451
f 1451//1451 455//455 2391//2391
f 2390//2390 1451//1451 2391//2391
f 455//455 1448//1448 2393//2393
f 1448//1448 178//178 2392//2392
f 2392//2392 704//704 2393//2393
f 1448//1448 2392//2392 2393//2393
f 703//703 2391//2391 2388//2388
f 2391//2391 455//455 2393//2393
f 2393//2393 704//704 2388//2388
f 2391//2391 2393//2393 2388//2388
f 178//178 1442//1442 2395//2395
f 1442//1442 452//452 2394//2394
f 2394//2394 706//706 2395//2395
f 1442//1442 2394//2394 2395//2395
f 452//452 1439//1439 2397//2397
f 1439//1439 90//90 2396//2396
f 2396//2396 705//705 2397//2397
f 1439//1439 2396//2396 2397//2397
f 705//705 2398//2398 2400//2400
f 2398//2398 253//253 2399//2399
f 2399//2399 706//706 2400//2400
f 2398//2398 2399//2399 2400//2400
f 452//452 2397//2397 2394//2394
f 2397//2397 705//705 2400//2400
f 2400//2400 706//706 2394//2394
f 2397//2397 2400//2400 2394//2394
f 252//252 2389//2389 2382//2382
f 2389//2389 704//704 2401//2401
f 2401//2401 701//701 2382//2382
f 2389//2389 2401//2401 2382//2382
f 704//704 2392//2392 2402//2402
f 2392//2392 178//178 2395//2395
f 2395//2395 706//706 2402//2402
f 2392//2392 2395//2395 2402//2402
f 706//706 2399//2399 2403//2403
f 2399//2399 253//253 2384//2384
f 2384//2384 701//701 2403//2403
f 2399//2399 2384//2384 2403//2403
f 704//704 2402//2402 2401//2401
f 2402//2402 706//706 2403//2403
f 2403//2403 701//701 2401//2401
f 2402//2402 2403//2403 2401//2401
f 90//90 1421//1421 2405//2405
f 1421//1421 446//446 2404//2404
f 2404//2404 708//708 2405//2405
f 1421//1421 2404//2404 2405//2405
f 446//446 1418//1418 2407//2407
f 1418//1418 175//175 2406//2406
f 2406//2406 707//707 2407//2407
f 1418//1418 2406//2406 2407//2407
f 707//707 2408//2408 2410//2410
f 2408//2408 255//255 2409//2409
f 2409//2409 708//708 2410//2410
f 2408//2408 2409//2409 2410//2410
f 446//446 2407//2407 2404//2404
f 2407//2407 707//707 2410//2410
f 2410//2410 708//708 2404//2404
f 2407//2407 2410//2410 2404//2404
f 175//175 1412//1412 2412//2412
f 1412//1412 443//443 2411//2411
f 2411//2411 710//710 2412//2412
f 1412//1412 2411//2411 2412//2412
f 443//443 1409//1409 2414//2414
f 1409//1409 1//1 2413//2413
f 2413//2413 709//709 2414//2414
f 1409//1409 2413//2413 2414//2414
f 709//709 2415//2415 2417//2417
f 2415//2415 254//254 2416//2416
f 2416//2416 710//710 2417//2417
f 2415//2415 2416//2416 2417//2417
f 443//443 2414//2414 2411//2411
f 2414//2414 709//709 2417//2417
f 2417//2417 710//710 2411//2411
f 2414//2414 2417//2417 2411//2411
f 254//254 2418//2418 2420//2420
f 2418//2418 711//711 2419//2419
f 2419//2419 713//713 2420//2420
f 2418//2418 2419//2419 2420//2420
f 711//711 2421//2421 2423//2423
f 2421//2421 114//114 2422//2422
f 2422//2422 712//712 2423//2423
f 2421//2421 2422//2422 2423//2423
f 712//712 2424//2424 2426//2426
f 2424//2424 255//255 2425//2425
f 2425//2425 713//713 2426//2426
f 2424//2424 2425//2425 2426//2426
f 711//711 2423//2423 2419//2419
f 2423//2423 712//712 2426//2426
f 2426//2426 713//713 2419//2419
f 2423//2423 2426//2426 2419//2419
f 175//175 2412//2412 2406//2406
f 2412//2412 710//710 2427//2427
f 2427//2427 707//707 2406//2406
f 2412//2412 2427//2427 2406//2406
f 710//710 2416//2416 2428//2428
f 2416//2416 254//254 2420//2420
f 2420//2420 713//713 2428//2428
f 2416//2416 2420//2420 2428//2428
f 713//713 2425//2425 2429//2429
f 2425//2425 255//255 2408//2408
f 2408//2408 707//707 2429//2429
f 2425//2425 2408//2408 2429//2429
f 710//710 2428//2428 2427//2427
f 2428//2428 713//713 2429//2429
f 2429//2429 707//707 2427//2427
f 2428//2428 2429//2429 2427//2427
f 113//113 2380//2380 2361//2361
f 2380//2380 702//702 2430//2430
f 2430//2430 695//695 2361//2361
f 2380//2380 2430//2430 2361//2361
f 702//702 2385//2385 2432//2432
f 2385//2385 253//253 2431//2431
f 2431//2431 714//714 2432//2432
f 2385//2385 2431//2431 2432//2432
f 714//714 2433//2433 2434//2434
f 2433//2433 250//250 2363//2363
f 2363//2363 695//695 2434//2434
f 2433//2433 2363//2363 2434//2434
f 702//702 2432//2432 2430//2430
f 2432//2432 714//714 2434//2434
f 2434//2434 695//695 2430//2430
f 2432//2432 2434//2434 2430//2430
f 253//253 2398//2398 2436//2436
f 2398//2398 705//705 2435//2435
f 2435//2435 715//715 2436//2436
f 2398//2398 2435//2435 2436//2436
f 705//705 2396//2396 2437//2437
f 2396//2396 90//90 2405//2405
f 2405//2405 708//708 2437//2437
f 2396//2396 2405//2405 2437//2437
f 708//708 2409//2409 2439//2439
f 2409//2409 255//255 2438//2438
f 2438//2438 715//715 2439//2439
f 2409//2409 2438//2438 2439//2439
f 705//705 2437//2437 2435//2435
f 2437//2437 708//708 2439//2439
f 2439//2439 715//715 2435//2435
f 2437//2437 2439//2439 2435//2435
f 255//255 2424//2424 2441//2441
f 2424//2424 712//712 2440//2440
f 2440//2440 716//716 2441//2441
f 2424//2424 2440//2440 2441//2441
f 712//712 2422//2422 2442//2442
f 2422//2422 114//114 2369//2369
f 2369//2369 697//697 2442//2442
f 2422//2422 2369//2369 2442//2442
f 697//697 2366//2366 2444//2444
f 2366//2366 250//250 2443//2443
f 2443//2443 716//716 2444//2444
f 2366//2366 2443//2443 2444//2444
f 712//712 2442//2442 2440//2440
f 2442//2442 697//697 2444//2444
f 2444//2444 716//716 2440//2440
f 2442//2442 2444//2444 2440//2440
f 253//253 2436//2436 2431//2431
f 2436//2436 715//715 2445//2445
f 2445//2445 714//714 2431//2431
f 2436//2436 2445//2445 2431//2431
f 715//715 2438//2438 2446//2446
f 2438//2438 255//255 2441//2441
f 2441//2441 716//716 2446//2446
f 2438//2438 2441//2441 2446//2446
f 716//716 2443//2443 2447//2447
f 2443//2443 250//250 2433//2433
f 2433//2433 714//714 2447//2447
f 2443//2443 2433//2433 2447//2447
f 715//715 2446//2446 2445//2445
f 2446//2446 716//716 2447//2447
f 2447//2447 714//714 2445//2445
f 2446//2446 2447//2447 2445//2445
f 21//21 2448//2448 2450//2450
f 2448//2448 717//717 2449//2449
f 2449//2449 719//719 2450//2450
f 2448//2448 2449//2449 2450//2450
f 717//717 2451//2451 2453//2453
f 2451//2451 256//256 2452//2452
f 2452//2452 718//718 2453//2453
f 2451//2451 2452//2452 2453//2453
f 718//718 2454//2454 2456//2456
f 2454//2454 258//258 2455//2455
f 2455//2455 719//719 2456//2456
f 2454//2454 2455//2455 2456//2456
f 717//717 2453//2453 2449//2449
f 2453//2453 718//718 2456//2456
f 2456//2456 719//719 2449//2449
f 2453//2453 2456//2456 2449//2449
f 256//256 2457//2457 2459//2459
f 2457//2457 720//720 2458//2458
f 2458//2458 722//722 2459//2459
f 2457//2457 2458//2458 2459//2459
f 720//720 2460//2460 2462//2462
f 2460//2460 115//115 2461//2461
f 2461//2461 721//721 2462//2462
f 2460//2460 2461//2461 2462//2462
f 721//721 2463//2463 2465//2465
f 2463//2463 257//257 2464//2464
f 2464//2464 722//722 2465//2465
f 2463//2463 2464//2464 2465//2465
f 720//720 2462//2462 2458//2458
f 2462//2462 721//721 2465//2465
f 2465//2465 722//722 2458//2458
f 2462//2462 2465//2465 2458//2458
f 257//257 2466//2466 2468//2468
f 2466//2466 723//723 2467//2467
f 2467//2467 725//725 2468//2468
f 2466//2466 2467//2467 2468//2468
f 723//723 2469//2469 2471//2471
f 2469//2469 116//116 2470//2470
f 2470//2470 724//724 2471//2471
f 2469//2469 2470//2470 2471//2471
f 724//724 2472//2472 2474//2474
f 2472//2472 258//258 2473//2473
f 2473//2473 725//725 2474//2474
f 2472//2472 2473//2473 2474//2474
f 723//723 2471//2471 2467//2467
f 2471//2471 724//724 2474//2474
f 2474//2474 725//725 2467//2467
f 2471//2471 2474//2474 2467//2467
f 256//256 2459//2459 2452//2452
f 2459//2459 722//722 2475//2475
f 2475//2475 718//718 2452//2452
f 2459//2459 2475//2475 2452//2452
f 722//722 2464//2464 2476//2476
f 2464//2464 257//257 2468//2468
f 2468//2468 725//725 2476//2476
f 2464//2464 2468//2468 2476//2476
f 725//725 2473//2473 2477//2477
f 2473//2473 258//258 2454//2454
f 2454//2454 718//718 2477//2477
f 2473//2473 2454//2454 2477//2477
f 722//722 2476//2476 2475//2475
f 2476//2476 725//725 2477//2477
f 2477//2477 718//718 2475//2475
f 2476//2476 2477//2477 2475//2475
f 115//115 2478//2478 2480//2480
f 2478//2478 726//726 2479//2479
f 2479//2479 728//728 2480//2480
f 2478//2478 2479//2479 2480//2480
f 726//726 2481//2481 2483//2483
f 2481//2481 259//259 2482//2482
f 2482//2482 727//727 2483//2483
f 2481//2481 2482//2482 2483//2483
f 727//727 2484//2484 2486//2486
f 2484//2484 260//260 2485//2485
f 2485//2485 728//728 2486//2486
f 2484//2484 2485//2485 2486//2486
f 726//726 2483//2483 2479//2479
f 2483//2483 727//727 2486//2486
f 2486//2486 728//728 2479//2479
f 2483//2483 2486//2486 2479//2479
f 259//259 20//20 2488//2488
f 2487//2487 729//729 2488//2488
f 20//20 2487//2487 2488//2488
f 20//20 693//693 2489//2489
f 693//693 2355//2355 2491//2491
f 2355//2355 251//251 2490//2490
f 2490//2490 729//729 2491//2491
f 2355//2355 2490//2490 2491//2491
f 20//20 2489//2489 2487//2487
f 2489//2489 693//693 2491//2491
f 2491//2491 729//729 2487//2487
f 2489//2489 2491//2491 2487//2487
f 251//251 2372//2372 2493//2493
f 2372//2372 698//698 2492//2492
f 2492//2492 731//731 2493//2493
f 2372//2372 2492//2492 2493//2493
f 698//698 2370//2370 2495//2495
f 2370//2370 114//114 2494//2494
f 2494//2494 730//730 2495//2495
f 2370//2370 2494//2494 2495//2495
f 730//730 2496//2496 2498//2498
f 2496//2496 260//260 2497//2497
f 2497//2497 731//731 2498//2498
f 2496//2496 2497//2497 2498//2498
f 698//698 2495//2495 2492//2492
f 2495//2495 730//730 2498//2498
f 2498//2498 731//731 2492//2492
f 2495//2495 2498//2498 2492//2492
f 259//259 2488//2488 2482//2482
f 2488//2488 729//729 2499//2499
f 2499//2499 727//727 2482//2482
f 2488//2488 2499//2499 2482//2482
f 729//729 2490//2490 2500//2500
f 2490//2490 251//251 2493//2493
f 2493//2493 731//731 2500//2500
f 2490//2490 2493//2493 2500//2500
f 731//731 2497//2497 2501//2501
f 2497//2497 260//260 2484//2484
f 2484//2484 727//727 2501//2501
f 2497//2497 2484//2484 2501//2501
f 729//729 2500//2500 2499//2499
f 2500//2500 731//731 2501//2501
f 2501//2501 727//727 2499//2499
f 2500//2500 2501//2501 2499//2499
f 114//114 2421//2421 2503//2503
f 2421//2421 711//711 2502//2502
f 2502//2502 733//733 2503//2503
f 2421//2421 2502//2502 2503//2503
f 711//711 2418//2418 2505//2505
f 2418//2418 254//254 2504//2504
f 2504//2504 732//732 2505//2505
f 2418//2418 2504//2504 2505//2505
f 732//732 2506//2506 2508//2508
f 2506//2506 262//262 2507//2507
f 2507//2507 733//733 2508//2508
f 2506//2506 2507//2507 2508//2508
f 711//711 2505//2505 2502//2502
f 2505//2505 732//732 2508//2508
f 2508//2508 733//733 2502//2502
f 2505//2505 2508//2508 2502//2502
f 254//254 2415//2415 2510//2510
f 2415//2415 709//709 2509//2509
f 2509//2509 735//735 2510//2510
f 2415//2415 2509//2509 2510//2510
f 709//709 2413//2413 2512//2512
f 2413//2413 1//1 2511//2511
f 2511//2511 734//734 2512//2512
f 2413//2413 2511//2511 2512//2512
f 734//734 2513//2513 2515//2515
f 2513//2513 261//261 2514//2514
f 2514//2514 735//735 2515//2515
f 2513//2513 2514//2514 2515//2515
f 709//709 2512//2512 2509//2509
f 2512//2512 734//734 2515//2515
f 2515//2515 735//735 2509//2509
f 2512//2512 2515//2515 2509//2509
f 261//261 2516//2516 2518//2518
f 2516//2516 736//736 2517//2517
f 2517//2517 738//738 2518//2518
f 2516//2516 2517//2517 2518//2518
f 736//736 2519//2519 2521//2521
f 2519//2519 116//116 2520//2520
f 2520//2520 737//737 2521//2521
f 2519//2519 2520//2520 2521//2521
f 737//737 2522//2522 2524//2524
f 2522//2522 262//262 2523//2523
f 2523//2523 738//738 2524//2524
f 2522//2522 2523//2523 2524//2524
f 736//736 2521//2521 2517//2517
f 2521//2521 737//737 2524//2524
f 2524//2524 738//738 2517//2517
f 2521//2521 2524//2524 2517//2517
f 254//254 2510//2510 2504//2504
f 2510//2510 735//735 2525//2525
f 2525//2525 732//732 2504//2504
f 2510//2510 2525//2525 2504//2504
f 735//735 2514//2514 2526//2526
f 2514//2514 261//261 2518//2518
f 2518//2518 738//738 2526//2526
f 2514//2514 2518//2518 2526//2526
f 738//738 2523//2523 2527//2527
f 2523//2523 262//262 2506//2506
f 2506//2506 732//732 2527//2527
f 2523//2523 2506//2506 2527//2527
f 735//735 2526//2526 2525//2525
f 2526//2526 738//738 2527//2527
f 2527//2527 732//732 2525//2525
f 2526//2526 2527//2527 2525//2525
f 115//115 2480//2480 2461//2461
f 2480//2480 728//728 2528//2528
f 2528//2528 721//721 2461//2461
f 2480//2480 2528//2528 2461//2461
f 728//728 2485//2485 2530//2530
f 2485//2485 260//260 2529//2529
f 2529//2529 739//739 2530//2530
f 2485//2485 2529//2529 2530//2530
f 739//739 2531//2531 2532//2532
f 2531//2531 257//257 2463//2463
f 2463//2463 721//721 2532//2532
f 2531//2531 2463//2463 2532//2532
f 728//728 2530//2530 2528//2528
f 2530//2530 739//739 2532//2532
f 2532//2532 721//721 2528//2528
f 2530//2530 2532//2532 2528//2528
f 260//260 2496//2496 2534//2534
f 2496//2496 730//730 2533//2533
f 2533//2533 740//740 2534//2534
f 2496//2496 2533//2533 2534//2534
f 730//730 2494//2494 2535//2535
f 2494//2494 114//114 2503//2503
f 2503//2503 733//733 2535//2535
f 2494//2494 2503//2503 2535//2535
f 733//733 2507//2507 2537//2537
f 2507//2507 262//262 2536//2536
f 2536//2536 740//740 2537//2537
f 2507//2507 2536//2536 2537//2537
f 730//730 2535//2535 2533//2533
f 2535//2535 733//733 2537//2537
f 2537//2537 740//740 2533//2533
f 2535//2535 2537//2537 2533//2533
f 262//262 2522//2522 2539//2539
f 2522//2522 737//737 2538//2538
f 2538//2538 741//741 2539//2539
f 2522//2522 2538//2538 2539//2539
f 737//737 2520//2520 2540//2540
f 2520//2520 116//116 2469//2469
f 2469//2469 723//723 2540//2540
f 2520//2520 2469//2469 2540//2540
f 723//723 2466//2466 2542//2542
f 2466//2466 257//257 2541//2541
f 2541//2541 741//741 2542//2542
f 2466//2466 2541//2541 2542//2542
f 737//737 2540//2540 2538//2538
f 2540//2540 723//723 2542//2542
f 2542//2542 741//741 2538//2538
f 2540//2540 2542//2542 2538//2538
f 260//260 2534//2534 2529//2529
f 2534//2534 740//740 2543//2543
f 2543//2543 739//739 2529//2529
f 2534//2534 2543//2543 2529//2529
f 740//740 2536//2536 2544//2544
f 2536//2536 262//262 2539//2539
f 2539//2539 741//741 2544//2544
f 2536//2536 2539//2539 2544//2544
f 741//741 2541//2541 2545//2545
f 2541//2541 257//257 2531//2531
f 2531//2531 739//739 2545//2545
f 2541//2541 2531//2531 2545//2545
f 740//740 2544//2544 2543//2543
f 2544//2544 741//741 2545//2545
f 2545//2545 739//739 2543//2543
f 2544//2544 2545//2545 2543//2543
f 22//22 2546//2546 2548//2548
f 2546//2546 742//742 2547//2547
f 2547//2547 744//744 2548//2548
f 2546//2546 2547//2547 2548//2548
f 742//742 2549//2549 2551//2551
f 2549//2549 263//263 2550//2550
f 2550//2550 743//743 2551//2551
f 2549//2549 2550//2550 2551//2551
f 743//743 2552//2552 2554//2554
f 2552//2552 265//265 2553//2553
f 2553//2553 744//744 2554//2554
f 2552//2552 2553//2553 2554//2554
f 742//742 2551//2551 2547//2547
f 2551//2551 743//743 2554//2554
f 2554//2554 744//744 2547//2547
f 2551//2551 2554//2554 2547//2547
f 263//263 2555//2555 2557//2557
f 2555//2555 745//745 2556//2556
f 2556//2556 747//747 2557//2557
f 2555//2555 2556//2556 2557//2557
f 745//745 2558//2558 2560//2560
f 2558//2558 117//117 2559//2559
f 2559//2559 746//746 2560//2560
f 2558//2558 2559//2559 2560//2560
f 746//746 2561//2561 2563//2563
f 2561//2561 264//264 2562//2562
f 2562//2562 747//747 2563//2563
f 2561//2561 2562//2562 2563//2563
f 745//745 2560//2560 2556//2556
f 2560//2560 746//746 2563//2563
f 2563//2563 747//747 2556//2556
f 2560//2560 2563//2563 2556//2556
f 264//264 2564//2564 2566//2566
f 2564//2564 748//748 2565//2565
f 2565//2565 750//750 2566//2566
f 2564//2564 2565//2565 2566//2566
f 748//748 2567//2567 2569//2569
f 2567//2567 118//118 2568//2568
f 2568//2568 749//749 2569//2569
f 2567//2567 2568//2568 2569//2569
f 749//749 2570//2570 2572//2572
f 2570//2570 265//265 2571//2571
f 2571//2571 750//750 2572//2572
f 2570//2570 2571//2571 2572//2572
f 748//748 2569//2569 2565//2565
f 2569//2569 749//749 2572//2572
f 2572//2572 750//750 2565//2565
f 2569//2569 2572//2572 2565//2565
f 263//263 2557//2557 2550//2550
f 2557//2557 747//747 2573//2573
f 2573//2573 743//743 2550//2550
f 2557//2557 2573//2573 2550//2550
f 747//747 2562//2562 2574//2574
f 2562//2562 264//264 2566//2566
f 2566//2566 750//750 2574//2574
f 2562//2562 2566//2566 2574//2574
f 750//750 2571//2571 2575//2575
f 2571//2571 265//265 2552//2552
f 2552//2552 743//743 2575//2575
f 2571//2571 2552//2552 2575//2575
f 747//747 2574//2574 2573//2573
f 2574//2574 750//750 2575//2575
f 2575//2575 743//743 2573//2573
f 2574//2574 2575//2575 2573//2573
f 117//117 2576//2576 2578//2578
f 2576//2576 751//751 2577//2577
f 2577//2577 753//753 2578//2578
f 2576//2576 2577//2577 2578//2578
f 751//751 2579//2579 2581//2581
f 2579//2579 266//266 2580//2580
f 2580//2580 752//752 2581//2581
f 2579//2579 2580//2580 2581//2581
f 752//752 2582//2582 2584//2584
f 2582//2582 267//267 2583//2583
f 2583//2583 753//753 2584//2584
f 2582//2582 2583//2583 2584//2584
f 751//751 2581//2581 2577//2577
f 2581//2581 752//752 2584//2584
f 2584//2584 753//753 2577//2577
f 2581//2581 2584//2584 2577//2577
f 266//266 2585//2585 2587//2587
f 2585//2585 754//754 2586//2586
f 2586//2586 755//755 2587//2587
f 2585//2585 2586//2586 2587//2587
f 754//754 2588//2588 2589//2589
f 2588//2588 4//4 1552//1552
f 1552//1552 482//482 2589//2589
f 2588//2588 1552//1552 2589//2589
f 482//482 1549//1549 2591//2591
f 1549//1549 186//186 2590//2590
f 2590//2590 755//755 2591//2591
f 1549//1549 2590//2590 2591//2591
f 754//754 2589//2589 2586//2586
f 2589//2589 482//482 2591//2591
f 2591//2591 755//755 2586//2586
f 2589//2589 2591//2591 2586//2586
f 186//186 1543//1543 2593//2593
f 1543//1543 479//479 2592//2592
f 2592//2592 757//757 2593//2593
f 1543//1543 2592//2592 2593//2593
f 479//479 1540//1540 2595//2595
f 1540//1540 93//93 2594//2594
f 2594//2594 756//756 2595//2595
f 1540//1540 2594//2594 2595//2595
f 756//756 2596//2596 2598//2598
f 2596//2596 267//267 2597//2597
f 2597//2597 757//757 2598//2598
f 2596//2596 2597//2597 2598//2598
f 479//479 2595//2595 2592//2592
f 2595//2595 756//756 2598//2598
f 2598//2598 757//757 2592//2592
f 2595//2595 2598//2598 2592//2592
f 266//266 2587//2587 2580//2580
f 2587//2587 755//755 2599//2599
f 2599//2599 752//752 2580//2580
f 2587//2587 2599//2599 2580//2580
f 755//755 2590//2590 2600//2600
f 2590//2590 186//186 2593//2593
f 2593//2593 757//757 2600//2600
f 2590//2590 2593//2593 2600//2600
f 757//757 2597//2597 2601//2601
f 2597//2597 267//267 2582//2582
f 2582//2582 752//752 2601//2601
f 2597//2597 2582//2582 2601//2601
f 755//755 2600//2600 2599//2599
f 2600//2600 757//757 2601//2601
f 2601//2601 752//752 2599//2599
f 2600//2600 2601//2601 2599//2599
f 93//93 1524//1524 2603//2603
f 1524//1524 474//474 2602//2602
f 2602//2602 759//759 2603//2603
f 1524//1524 2602//2602 2603//2603
f 474//474 1521//1521 2605//2605
f 1521//1521 184//184 2604//2604
f 2604//2604 758//758 2605//2605
f 1521//1521 2604//2604 2605//2605
f 758//758 2606//2606 2608//2608
f 2606//2606 269//269 2607//2607
f 2607//2607 759//759 2608//2608
f 2606//2606 2607//2607 2608//2608
f 474//474 2605//2605 2602//2602
f 2605//2605 758//758 2608//2608
f 2608//2608 759//759 2602//2602
f 2605//2605 2608//2608 2602//2602
f 184//184 1516//1516 2610//2610
f 1516//1516 472//472 2609//2609
f 2609//2609 761//761 2610//2610
f 1516//1516 2609//2609 2610//2610
f 472//472 1514//1514 2612//2612
f 1514//1514 2//2 2611//2611
f 2611//2611 760//760 2612//2612
f 1514//1514 2611//2611 2612//2612
f 760//760 2613//2613 2615//2615
f 2613//2613 268//268 2614//2614
f 2614//2614 761//761 2615//2615
f 2613//2613 2614//2614 2615//2615
f 472//472 2612//2612 2609//2609
f 2612//2612 760//760 2615//2615
f 2615//2615 761//761 2609//2609
f 2612//2612 2615//2615 2609//2609
f 268//268 2616//2616 2618//2618
f 2616//2616 762//762 2617//2617
f 2617//2617 764//764 2618//2618
f 2616//2616 2617//2617 2618//2618
f 762//762 2619//2619 2621//2621
f 2619//2619 118//118 2620//2620
f 2620//2620 763//763 2621//2621
f 2619//2619 2620//2620 2621//2621
f 763//763 2622//2622 2624//2624
f 2622//2622 269//269 2623//2623
f 2623//2623 764//764 2624//2624
f 2622//2622 2623//2623 2624//2624
f 762//762 2621//2621 2617//2617
f 2621//2621 763//763 2624//2624
f 2624//2624 764//764 2617//2617
f 2621//2621 2624//2624 2617//2617
f 184//184 2610//2610 2604//2604
f 2610//2610 761//761 2625//2625
f 2625//2625 758//758 2604//2604
f 2610//2610 2625//2625 2604//2604
f 761//761 2614//2614 2626//2626
f 2614//2614 268//268 2618//2618
f 2618//2618 764//764 2626//2626
f 2614//2614 2618//2618 2626//2626
f 764//764 2623//2623 2627//2627
f 2623//2623 269//269 2606//2606
f 2606//2606 758//758 2627//2627
f 2623//2623 2606//2606 2627//2627
f 761//761 2626//2626 2625//2625
f 2626//2626 764//764 2627//2627
f 2627//2627 758//758 2625//2625
f 2626//2626 2627//2627 2625//2625
f 117//117 2578//2578 2559//2559
f 2578//2578 753//753 2628//2628
f 2628//2628 746//746 2559//2559
f 2578//2578 2628//2628 2559//2559
f 753//753 2583//2583 2630//2630
f 2583//2583 267//267 2629//2629
f 2629//2629 765//765 2630//2630
f 2583//2583 2629//2629 2630//2630
f 765//765 2631//2631 2632//2632
f 2631//2631 264//264 2561//2561
f 2561//2561 746//746 2632//2632
f 2631//2631 2561//2561 2632//2632
f 753//753 2630//2630 2628//2628
f 2630//2630 765//765 2632//2632
f 2632//2632 746//746 2628//2628
f 2630//2630 2632//2632 2628//2628
f 267//267 2596//2596 2634//2634
f 2596//2596 756//756 2633//2633
f 2633//2633 766//766 2634//2634
f 2596//2596 2633//2633 2634//2634
f 756//756 2594//2594 2635//2635
f 2594//2594 93//93 2603//2603
f 2603//2603 759//759 2635//2635
f 2594//2594 2603//2603 2635//2635
f 759//759 2607//2607 2637//2637
f 2607//2607 269//269 2636//2636
f 2636//2636 766//766 2637//2637
f 2607//2607 2636//2636 2637//2637
f 756//756 2635//2635 2633//2633
f 2635//2635 759//759 2637//2637
f 2637//2637 766//766 2633//2633
f 2635//2635 2637//2637 2633//2633
f 269//269 2622//2622 2639//2639
f 2622//2622 763//763 2638//2638
f 2638//2638 767//767 2639//2639
f 2622//2622 2638//2638 2639//2639
f 763//763 2620//2620 2640//2640
f 2620//2620 118//118 2567//2567
f 2567//2567 748//748 2640//2640
f 2620//2620 2567//2567 2640//2640
f 748//748 2564//2564 2642//2642
f 2564//2564 264//264 2641//2641
f 2641//2641 767//767 2642//2642
f 2564//2564 2641//2641 2642//2642
f 763//763 2640//2640 2638//2638
f 2640//2640 748//748 2642//2642
f 2642//2642 767//767 2638//2638
f 2640//2640 2642//2642 2638//2638
f 267//267 2634//2634 2629//2629
f 2634//2634 766//766 2643//2643
f 2643//2643 765//765 2629//2629
f 2634//2634 2643//2643 2629//2629
f 766//766 2636//2636 2644//2644
f 2636//2636 269//269 2639//2639
f 2639//2639 767//767 2644//2644
f 2636//2636 2639//2639 2644//2644
f 767//767 2641//2641 2645//2645
f 2641//2641 264//264 2631//2631
f 2631//2631 765//765 2645//2645
f 2641//2641 2631//2631 2645//2645
f 766//766 2644//2644 2643//2643
f 2644//2644 767//767 2645//2645
f 2645//2645 765//765 2643//2643
f 2644//2644 2645//2645 2643//2643
f 768//768 2646//2646 20//20
f 2647//2647 770//770 20//20
f 20//20 2648//2648 2650//2650
f 2648//2648 119//119 2649//2649
f 2649//2649 769//769 2650//2650
f 2648//2648 2649//2649 2650//2650
f 769//769 2651//2651 2653//2653
f 2651//2651 270//270 2652//2652
f 2652//2652 770//770 2653//2653
f 2651//2651 2652//2652 2653//2653
f 20//20 2650//2650 2647//2647
f 2650//2650 769//769 2653//2653
f 2653//2653 770//770 2647//2647
f 2650//2650 2653//2653 2647//2647
f 270//270 2654//2654 2656//2656
f 2654//2654 771//771 2655//2655
f 2655//2655 772//772 2656//2656
f 2654//2654 2655//2655 2656//2656
f 771//771 2657//2657 2658//2658
f 2657//2657 113//113 2360//2360
f 2360//2360 694//694 2658//2658
f 2657//2657 2360//2360 2658//2658
f 694//694 2357//2357 2660//2660
f 2357//2357 20//20 2659//2659
f 2659//2659 772//772 2660//2660
f 2357//2357 2659//2659 2660//2660
f 771//771 2658//2658 2655//2655
f 2658//2658 694//694 2660//2660
f 2660//2660 772//772 2655//2655
f 2658//2658 2660//2660 2655//2655
f 20//20 770//770 2661//2661
f 2661//2661 768//768 20//20
f 770//770 2652//2652 2662//2662
f 2652//2652 270//270 2656//2656
f 2656//2656 772//772 2662//2662
f 2652//2652 2656//2656 2662//2662
f 772//772 2659//2659 2663//2663
f 2659//2659 20//20 2646//2646
f 2646//2646 768//768 2663//2663
f 2659//2659 2646//2646 2663//2663
f 770//770 2662//2662 2661//2661
f 2662//2662 772//772 2663//2663
f 2663//2663 768//768 2661//2661
f 2662//2662 2663//2663 2661//2661
f 119//119 773//773 2664//2664
f 2664//2664 775//775 2665//2665
f 119//119 2664//2664 2665//2665
f 773//773 271//271 2667//2667
f 2666//2666 774//774 2667//2667
f 271//271 2666//2666 2667//2667
f 774//774 2668//2668 2670//2670
f 2668//2668 272//272 2669//2669
f 2669//2669 775//775 2670//2670
f 2668//2668 2669//2669 2670//2670
f 773//773 2667//2667 2664//2664
f 2667//2667 774//774 2670//2670
f 2670//2670 775//775 2664//2664
f 2667//2667 2670//2670 2664//2664
f 271//271 2671//2671 2673//2673
f 2671//2671 776//776 2672//2672
f 2672//2672 777//777 2673//2673
f 2671//2671 2672//2672 2673//2673
f 776//776 22//22 2548//2548
f 2548//2548 744//744 2674//2674
f 776//776 2548//2548 2674//2674
f 744//744 2553//2553 2676//2676
f 2553//2553 265//265 2675//2675
f 2675//2675 777//777 2676//2676
f 2553//2553 2675//2675 2676//2676
f 776//776 2674//2674 2672//2672
f 2674//2674 744//744 2676//2676
f 2676//2676 777//777 2672//2672
f 2674//2674 2676//2676 2672//2672
f 265//265 2570//2570 2678//2678
f 2570//2570 749//749 2677//2677
f 2677//2677 779//779 2678//2678
f 2570//2570 2677//2677 2678//2678
f 749//749 2568//2568 2680//2680
f 2568//2568 118//118 2679//2679
f 2679//2679 778//778 2680//2680
f 2568//2568 2679//2679 2680//2680
f 778//778 2681//2681 2683//2683
f 2681//2681 272//272 2682//2682
f 2682//2682 779//779 2683//2683
f 2681//2681 2682//2682 2683//2683
f 749//749 2680//2680 2677//2677
f 2680//2680 778//778 2683//2683
f 2683//2683 779//779 2677//2677
f 2680//2680 2683//2683 2677//2677
f 271//271 2673//2673 2666//2666
f 2673//2673 777//777 2684//2684
f 2684//2684 774//774 2666//2666
f 2673//2673 2684//2684 2666//2666
f 777//777 2675//2675 2685//2685
f 2675//2675 265//265 2678//2678
f 2678//2678 779//779 2685//2685
f 2675//2675 2678//2678 2685//2685
f 779//779 2682//2682 2686//2686
f 2682//2682 272//272 2668//2668
f 2668//2668 774//774 2686//2686
f 2682//2682 2668//2668 2686//2686
f 777//777 2685//2685 2684//2684
f 2685//2685 779//779 2686//2686
f 2686//2686 774//774 2684//2684
f 2685//2685 2686//2686 2684//2684
f 118//118 2619//2619 2688//2688
f 2619//2619 762//762 2687//2687
f 2687//2687 781//781 2688//2688
f 2619//2619 2687//2687 2688//2688
f 762//762 2616//2616 2690//2690
f 2616//2616 268//268 2689//2689
f 2689//2689 780//780 2690//2690
f 2616//2616 2689//2689 2690//2690
f 780//780 2691//2691 2693//2693
f 2691//2691 273//273 2692//2692
f 2692//2692 781//781 2693//2693
f 2691//2691 2692//2692 2693//2693
f 762//762 2690//2690 2687//2687
f 2690//2690 780//780 2693//2693
f 2693//2693 781//781 2687//2687
f 2690//2690 2693//2693 2687//2687
f 268//268 2613//2613 2695//2695
f 2613//2613 760//760 2694//2694
f 2694//2694 782//782 2695//2695
f 2613//2613 2694//2694 2695//2695
f 760//760 2611//2611 2696//2696
f 2611//2611 2//2 2390//2390
f 2390//2390 703//703 2696//2696
f 2611//2611 2390//2390 2696//2696
f 703//703 2387//2387 2698//2698
f 2387//2387 252//252 2697//2697
f 2697//2697 782//782 2698//2698
f 2387//2387 2697//2697 2698//2698
f 760//760 2696//2696 2694//2694
f 2696//2696 703//703 2698//2698
f 2698//2698 782//782 2694//2694
f 2696//2696 2698//2698 2694//2694
f 252//252 2381//2381 2700//2700
f 2381//2381 700//700 2699//2699
f 2699//2699 784//784 2700//2700
f 2381//2381 2699//2699 2700//2700
f 700//700 2378//2378 2702//2702
f 2378//2378 113//113 2701//2701
f 2701//2701 783//783 2702//2702
f 2378//2378 2701//2701 2702//2702
f 783//783 2703//2703 2705//2705
f 2703//2703 273//273 2704//2704
f 2704//2704 784//784 2705//2705
f 2703//2703 2704//2704 2705//2705
f 700//700 2702//2702 2699//2699
f 2702//2702 783//783 2705//2705
f 2705//2705 784//784 2699//2699
f 2702//2702 2705//2705 2699//2699
f 268//268 2695//2695 2689//2689
f 2695//2695 782//782 2706//2706
f 2706//2706 780//780 2689//2689
f 2695//2695 2706//2706 2689//2689
f 782//782 2697//2697 2707//2707
f 2697//2697 252//252 2700//2700
f 2700//2700 784//784 2707//2707
f 2697//2697 2700//2700 2707//2707
f 784//784 2704//2704 2708//2708
f 2704//2704 273//273 2691//2691
f 2691//2691 780//780 2708//2708
f 2704//2704 2691//2691 2708//2708
f 782//782 2707//2707 2706//2706
f 2707//2707 784//784 2708//2708
f 2708//2708 780//780 2706//2706
f 2707//2707 2708//2708 2706//2706
f 119//119 2665//2665 2649//2649
f 2665//2665 775//775 2709//2709
f 2709//2709 769//769 2649//2649
f 2665//2665 2709//2709 2649//2649
f 775//775 2669//2669 2711//2711
f 2669//2669 272//272 2710//2710
f 2710//2710 785//785 2711//2711
f 2669//2669 2710//2710 2711//2711
f 785//785 2712//2712 2713//2713
f 2712//2712 270//270 2651//2651
f 2651//2651 769//769 2713//2713
f 2712//2712 2651//2651 2713//2713
f 775//775 2711//2711 2709//2709
f 2711//2711 785//785 2713//2713
f 2713//2713 769//769 2709//2709
f 2711//2711 2713//2713 2709//2709
f 272//272 2681//2681 2715//2715
f 2681//2681 778//778 2714//2714
f 2714//2714 786//786 2715//2715
f 2681//2681 2714//2714 2715//2715
f 778//778 2679//2679 2716//2716
f 2679//2679 118//118 2688//2688
f 2688//2688 781//781 2716//2716
f 2679//2679 2688//2688 2716//2716
f 781//781 2692//2692 2718//2718
f 2692//2692 273//273 2717//2717
f 2717//2717 786//786 2718//2718
f 2692//2692 2717//2717 2718//2718
f 778//778 2716//2716 2714//2714
f 2716//2716 781//781 2718//2718
f 2718//2718 786//786 2714//2714
f 2716//2716 2718//2718 2714//2714
f 273//273 2703//2703 2720//2720
f 2703//2703 783//783 2719//2719
f 2719//2719 787//787 2720//2720
f 2703//2703 2719//2719 2720//2720
f 783//783 2701//2701 2721//2721
f 2701//2701 113//113 2657//2657
f 2657//2657 771//771 2721//2721
f 2701//2701 2657//2657 2721//2721
f 771//771 2654//2654 2723//2723
f 2654//2654 270//270 2722//2722
f 2722//2722 787//787 2723//2723
f 2654//2654 2722//2722 2723//2723
f 783//783 2721//2721 2719//2719
f 2721//2721 771//771 2723//2723
f 2723//2723 787//787 2719//2719
f 2721//2721 2723//2723 2719//2719
f 272//272 2715//2715 2710//2710
f 2715//2715 786//786 2724//2724
f 2724//2724 785//785 2710//2710
f 2715//2715 2724//2724 2710//2710
f 786//786 2717//2717 2725//2725
f 2717//2717 273//273 2720//2720
f 2720//2720 787//787 2725//2725
f 2717//2717 2720//2720 2725//2725
f 787//787 2722//2722 2726//2726
f 2722//2722 270//270 2712//2712
f 2712//2712 785//785 2726//2726
f 2722//2722 2712//2712 2726//2726
f 786//786 2725//2725 2724//2724
f 2725//2725 787//787 2726//2726
f 2726//2726 785//785 2724//2724
f 2725//2725 2726//2726 2724//2724
f 274//274 2727//2727 2729//2729
f 2727//2727 788//788 2728//2728
f 2728//2728 790//790 2729//2729
f 2727//2727 2728//2728 2729//2729
f 788//788 2730//2730 2732//2732
f 2730//2730 120//120 2731//2731
f 2731//2731 789//789 2732//2732
f 2730//2730 2731//2731 2732//2732
f 789//789 2733//2733 2735//2735
f 2733//2733 275//275 2734//2734
f 2734//2734 790//790 2735//2735
f 2733//2733 2734//2734 2735//2735
f 788//788 2732//2732 2728//2728
f 2732//2732 789//789 2735//2735
f 2735//2735 790//790 2728//2728
f 2732//2732 2735//2735 2728//2728
f 5//5 274//274 2729//2729
f 2729//2729 790//790 5//5
f 790//790 2734//2734 23//23
f 2734//2734 275//275 23//23
f 5//5 790//790 23//23
f 2736//2736 792//792 5//5
f 5//5 4//4 2737//2737
f 2737//2737 791//791 2738//2738
f 5//5 2737//2737 2738//2738
f 791//791 2739//2739 2741//2741
f 2739//2739 276//276 2740//2740
f 2740//2740 792//792 2741//2741
f 2739//2739 2740//2740 2741//2741
f 5//5 2738//2738 2736//2736
f 2738//2738 791//791 2741//2741
f 2741//2741 792//792 2736//2736
f 2738//2738 2741//2741 2736//2736
f 276//276 2742//2742 2744//2744
f 2742//2742 793//793 2743//2743
f 2743//2743 795//795 2744//2744
f 2742//2742 2743//2743 2744//2744
f 793//793 2745//2745 2747//2747
f 2745//2745 120//120 2746//2746
f 2746//2746 794//794 2747//2747
f 2745//2745 2746//2746 2747//2747
f 794//794 2748//2748 2750//2750
f 2748//2748 277//277 2749//2749
f 2749//2749 795//795 2750//2750
f 2748//2748 2749//2749 2750//2750
f 793//793 2747//2747 2743//2743
f 2747//2747 794//794 2750//2750
f 2750//2750 795//795 2743//2743
f 2747//2747 2750//2750 2743//2743
f 792//792 2740//2740 5//5
f 2740//2740 276//276 2744//2744
f 2744//2744 795//795 5//5
f 2740//2740 2744//2744 5//5
f 795//795 2749//2749 5//5
f 2749//2749 277//277 5//5
f 796//796 2751//2751 5//5
f 2751//2751 274//274 5//5
f 5//5 277//277 2752//2752
f 2752//2752 797//797 5//5
f 277//277 2748//2748 2754//2754
f 2748//2748 794//794 2753//2753
f 2753//2753 798//798 2754//2754
f 2748//2748 2753//2753 2754//2754
f 794//794 2746//2746 2755//2755
f 2746//2746 120//120 2730//2730
f 2730//2730 788//788 2755//2755
f 2746//2746 2730//2730 2755//2755
f 788//788 2727//2727 2757//2757
f 2727//2727 274//274 2756//2756
f 2756//2756 798//798 2757//2757
f 2727//2727 2756//2756 2757//2757
f 794//794 2755//2755 2753//2753
f 2755//2755 788//788 2757//2757
f 2757//2757 798//798 2753//2753
f 2755//2755 2757//2757 2753//2753
f 797//797 2752//2752 2758//2758
f 2752//2752 277//277 2754//2754
f 2754//2754 798//798 2758//2758
f 2752//2752 2754//2754 2758//2758
f 798//798 2756//2756 2759//2759
f 2756//2756 274//274 2751//2751
f 2751//2751 796//796 2759//2759
f 2756//2756 2751//2751 2759//2759
f 797//797 2758//2758 5//5
f 2758//2758 798//798 2759//2759
f 2759//2759 796//796 5//5
f 2758//2758 2759//2759 5//5
f 22//22 23//23 2546//2546
f 2760//2760 742//742 2546//2546
f 23//23 2760//2760 2546//2546
f 2761//2761 799//799 2762//2762
f 23//23 2761//2761 2762//2762
f 799//799 2763//2763 2764//2764
f 2763//2763 263//263 2549//2549
f 2549//2549 742//742 2764//2764
f 2763//2763 2549//2549 2764//2764
f 23//23 2762//2762 2760//2760
f 2762//2762 799//799 2764//2764
f 2764//2764 742//742 2760//2760
f 2762//2762 2764//2764 2760//2760
f 2765//2765 801//801 2766//2766
f 23//23 2765//2765 2766//2766
f 2767//2767 800//800 2768//2768
f 23//23 2767//2767 2768//2768
f 800//800 2769//2769 2771//2771
f 2769//2769 278//278 2770//2770
f 2770//2770 801//801 2771//2771
f 2769//2769 2770//2770 2771//2771
f 23//23 2768//2768 2765//2765
f 2768//2768 800//800 2771//2771
f 2771//2771 801//801 2765//2765
f 2768//2768 2771//2771 2765//2765
f 278//278 2772//2772 2774//2774
f 2772//2772 802//802 2773//2773
f 2773//2773 803//803 2774//2774
f 2772//2772 2773//2773 2774//2774
f 802//802 2775//2775 2776//2776
f 2775//2775 117//117 2558//2558
f 2558//2558 745//745 2776//2776
f 2775//2775 2558//2558 2776//2776
f 745//745 2555//2555 2778//2778
f 2555//2555 263//263 2777//2777
f 2777//2777 803//803 2778//2778
f 2555//2555 2777//2777 2778//2778
f 802//802 2776//2776 2773//2773
f 2776//2776 745//745 2778//2778
f 2778//2778 803//803 2773//2773
f 2776//2776 2778//2778 2773//2773
f 23//23 2766//2766 2761//2761
f 2766//2766 801//801 2779//2779
f 2779//2779 799//799 2761//2761
f 2766//2766 2779//2779 2761//2761
f 801//801 2770//2770 2780//2780
f 2770//2770 278//278 2774//2774
f 2774//2774 803//803 2780//2780
f 2770//2770 2774//2774 2780//2780
f 803//803 2777//2777 2781//2781
f 2777//2777 263//263 2763//2763
f 2763//2763 799//799 2781//2781
f 2777//2777 2763//2763 2781//2781
f 801//801 2780//2780 2779//2779
f 2780//2780 803//803 2781//2781
f 2781//2781 799//799 2779//2779
f 2780//2780 2781//2781 2779//2779
f 2782//2782 805//805 2783//2783
f 23//23 2782//2782 2783//2783
f 23//23 804//804 2784//2784
f 804//804 2785//2785 2787//2787
f 2785//2785 279//279 2786//2786
f 2786//2786 805//805 2787//2787
f 2785//2785 2786//2786 2787//2787
f 23//23 2784//2784 2782//2782
f 2784//2784 804//804 2787//2787
f 2787//2787 805//805 2782//2782
f 2784//2784 2787//2787 2782//2782
f 275//275 2733//2733 2789//2789
f 2733//2733 789//789 2788//2788
f 2788//2788 807//807 2789//2789
f 2733//2733 2788//2788 2789//2789
f 789//789 2731//2731 2791//2791
f 2731//2731 120//120 2790//2790
f 2790//2790 806//806 2791//2791
f 2731//2731 2790//2790 2791//2791
f 806//806 2792//2792 2794//2794
f 2792//2792 279//279 2793//2793
f 2793//2793 807//807 2794//2794
f 2792//2792 2793//2793 2794//2794
f 789//789 2791//2791 2788//2788
f 2791//2791 806//806 2794//2794
f 2794//2794 807//807 2788//2788
f 2791//2791 2794//2794 2788//2788
f 23//23 275//275 2789//2789
f 2789//2789 807//807 2795//2795
f 23//23 2789//2789 2795//2795
f 807//807 2793//2793 2796//2796
f 2793//2793 279//279 2785//2785
f 2785//2785 804//804 2796//2796
f 2793//2793 2785//2785 2796//2796
f 2795//2795 807//807 2796//2796
f 2796//2796 804//804 23//23
f 2795//2795 2796//2796 23//23
f 120//120 2745//2745 2798//2798
f 2745//2745 793//793 2797//2797
f 2797//2797 809//809 2798//2798
f 2745//2745 2797//2797 2798//2798
f 793//793 2742//2742 2800//2800
f 2742//2742 276//276 2799//2799
f 2799//2799 808//808 2800//2800
f 2742//2742 2799//2799 2800//2800
f 808//808 2801//2801 2803//2803
f 2801//2801 280//280 2802//2802
f 2802//2802 809//809 2803//2803
f 2801//2801 2802//2802 2803//2803
f 793//793 2800//2800 2797//2797
f 2800//2800 808//808 2803//2803
f 2803//2803 809//809 2797//2797
f 2800//2800 2803//2803 2797//2797
f 276//276 2739//2739 2805//2805
f 2739//2739 791//791 2804//2804
f 2804//2804 810//810 2805//2805
f 2739//2739 2804//2804 2805//2805
f 791//791 2737//2737 2806//2806
f 2737//2737 4//4 2588//2588
f 2588//2588 754//754 2806//2806
f 2737//2737 2588//2588 2806//2806
f 754//754 2585//2585 2808//2808
f 2585//2585 266//266 2807//2807
f 2807//2807 810//810 2808//2808
f 2585//2585 2807//2807 2808//2808
f 791//791 2806//2806 2804//2804
f 2806//2806 754//754 2808//2808
f 2808//2808 810//810 2804//2804
f 2806//2806 2808//2808 2804//2804
f 266//266 2579//2579 2810//2810
f 2579//2579 751//751 2809//2809
f 2809//2809 812//812 2810//2810
f 2579//2579 2809//2809 2810//2810
f 751//751 2576//2576 2812//2812
f 2576//2576 117//117 2811//2811
f 2811//2811 811//811 2812//2812
f 2576//2576 2811//2811 2812//2812
f 811//811 2813//2813 2815//2815
f 2813//2813 280//280 2814//2814
f 2814//2814 812//812 2815//2815
f 2813//2813 2814//2814 2815//2815
f 751//751 2812//2812 2809//2809
f 2812//2812 811//811 2815//2815
f 2815//2815 812//812 2809//2809
f 2812//2812 2815//2815 2809//2809
f 276//276 2805//2805 2799//2799
f 2805//2805 810//810 2816//2816
f 2816//2816 808//808 2799//2799
f 2805//2805 2816//2816 2799//2799
f 810//810 2807//2807 2817//2817
f 2807//2807 266//266 2810//2810
f 2810//2810 812//812 2817//2817
f 2807//2807 2810//2810 2817//2817
f 812//812 2814//2814 2818//2818
f 2814//2814 280//280 2801//2801
f 2801//2801 808//808 2818//2818
f 2814//2814 2801//2801 2818//2818
f 810//810 2817//2817 2816//2816
f 2817//2817 812//812 2818//2818
f 2818//2818 808//808 2816//2816
f 2817//2817 2818//2818 2816//2816
f 23//23 2783//2783 2767//2767
f 2783//2783 805//805 2819//2819
f 2819//2819 800//800 2767//2767
f 2783//2783 2819//2819 2767//2767
f 805//805 2786//2786 2821//2821
f 2786//2786 279//279 2820//2820
f 2820//2820 813//813 2821//2821
f 2786//2786 2820//2820 2821//2821
f 813//813 2822//2822 2823//2823
f 2822//2822 278//278 2769//2769
f 2769//2769 800//800 2823//2823
f 2822//2822 2769//2769 2823//2823
f 805//805 2821//2821 2819//2819
f 2821//2821 813//813 2823//2823
f 2823//2823 800//800 2819//2819
f 2821//2821 2823//2823 2819//2819
f 279//279 2792//2792 2825//2825
f 2792//2792 806//806 2824//2824
f 2824//2824 814//814 2825//2825
f 2792//2792 2824//2824 2825//2825
f 806//806 2790//2790 2826//2826
f 2790//2790 120//120 2798//2798
f 2798//2798 809//809 2826//2826
f 2790//2790 2798//2798 2826//2826
f 809//809 2802//2802 2828//2828
f 2802//2802 280//280 2827//2827
f 2827//2827 814//814 2828//2828
f 2802//2802 2827//2827 2828//2828
f 806//806 2826//2826 2824//2824
f 2826//2826 809//809 2828//2828
f 2828//2828 814//814 2824//2824
f 2826//2826 2828//2828 2824//2824
f 280//280 2813//2813 2830//2830
f 2813//2813 811//811 2829//2829
f 2829//2829 815//815 2830//2830
f 2813//2813 2829//2829 2830//2830
f 811//811 2811//2811 2831//2831
f 2811//2811 117//117 2775//2775
f 2775//2775 802//802 2831//2831
f 2811//2811 2775//2775 2831//2831
f 802//802 2772//2772 2833//2833
f 2772//2772 278//278 2832//2832
f 2832//2832 815//815 2833//2833
f 2772//2772 2832//2832 2833//2833
f 811//811 2831//2831 2829//2829
f 2831//2831 802//802 2833//2833
f 2833//2833 815//815 2829//2829
f 2831//2831 2833//2833 2829//2829
f 279//279 2825//2825 2820//2820
f 2825//2825 814//814 2834//2834
f 2834//2834 813//813 2820//2820
f 2825//2825 2834//2834 2820//2820
f 814//814 2827//2827 2835//2835
f 2827//2827 280//280 2830//2830
f 2830//2830 815//815 2835//2835
f 2827//2827 2830//2830 2835//2835
f 815//815 2832//2832 2836//2836
f 2832//2832 278//278 2822//2822
f 2822//2822 813//813 2836//2836
f 2832//2832 2822//2822 2836//2836
f 814//814 2835//2835 2834//2834
f 2835//2835 815//815 2836//2836
f 2836//2836 813//813 2834//2834
f 2835//2835 2836//2836 2834//2834
f 24//24 6//6 5//5
f 5//5 23//23 24//24
f 25//25 2837//2837 24//24
f 2837//2837 816//816 24//24
f 816//816 2838//2838 24//24
f 2838//2838 281//281 24//24
f 281//281 2839//2839 24//24
f 2839//2839 817//817 24//24
f 817//817 2840//2840 24//24
f 2840//2840 121//121 24//24
f 121//121 2841//2841 24//24
f 2841//2841 818//818 24//24
f 818//818 2842//2842 24//24
f 2842//2842 282//282 24//24
f 282//282 2843//2843 24//24
f 2843//2843 819//819 24//24
f 819//819 2844//2844 24//24
f 2844//2844 7//7 1698//1698
f 1698//1698 520//520 24//24
f 2844//2844 1698//1698 24//24
f 520//520 1697//1697 24//24
f 1697//1697 198//198 24//24
f 198//198 1696//1696 24//24
f 1696//1696 519//519 24//24
f 519//519 1694//1694 24//24
f 1694//1694 97//97 24//24
f 97//97 1678//1678 24//24
f 1678//1678 514//514 24//24
f 514//514 1675//1675 24//24
f 1675//1675 196//196 24//24
f 196//196 1670//1670 24//24
f 1670//1670 512//512 24//24
f 512//512 1668//1668 24//24
f 1668//1668 6//6 24//24
f 26//26 2845//2845 2847//2847
f 2845//2845 820//820 2846//2846
f 2846//2846 822//822 2847//2847
f 2845//2845 2846//2846 2847//2847
f 820//820 2848//2848 2850//2850
f 2848//2848 283//283 2849//2849
f 2849//2849 821//821 2850//2850
f 2848//2848 2849//2849 2850//2850
f 821//821 123//123 2852//2852
f 2851//2851 822//822 2852//2852
f 123//123 2851//2851 2852//2852
f 820//820 2850//2850 2846//2846
f 2850//2850 821//821 2852//2852
f 2852//2852 822//822 2846//2846
f 2850//2850 2852//2852 2846//2846
f 283//283 2853//2853 2855//2855
f 2853//2853 823//823 2854//2854
f 2854//2854 825//825 2855//2855
f 2853//2853 2854//2854 2855//2855
f 823//823 2856//2856 2858//2858
f 2856//2856 122//122 2857//2857
f 2857//2857 824//824 2858//2858
f 2856//2856 2857//2857 2858//2858
f 824//824 2859//2859 2861//2861
f 2859//2859 284//284 2860//2860
f 2860//2860 825//825 2861//2861
f 2859//2859 2860//2860 2861//2861
f 823//823 2858//2858 2854//2854
f 2858//2858 824//824 2861//2861
f 2861//2861 825//825 2854//2854
f 2858//2858 2861//2861 2854//2854
f 284//284 2862//2862 2864//2864
f 2862//2862 826//826 2863//2863
f 2863//2863 827//827 2864//2864
f 2862//2862 2863//2863 2864//2864
f 826//826 123//123 2863//2863
f 123//123 827//827 2863//2863
f 283//283 2855//2855 2849//2849
f 2855//2855 825//825 2865//2865
f 2865//2865 821//821 2849//2849
f 2855//2855 2865//2865 2849//2849
f 825//825 2860//2860 2866//2866
f 2860//2860 284//284 2864//2864
f 2864//2864 827//827 2866//2866
f 2860//2860 2864//2864 2866//2866
f 827//827 123//123 2867//2867
f 123//123 821//821 2867//2867
f 825//825 2866//2866 2865//2865
f 2866//2866 827//827 2867//2867
f 2867//2867 821//821 2865//2865
f 2866//2866 2867//2867 2865//2865
f 122//122 2868//2868 2870//2870
f 2868//2868 828//828 2869//2869
f 2869//2869 830//830 2870//2870
f 2868//2868 2869//2869 2870//2870
f 828//828 2871//2871 2873//2873
f 2871//2871 285//285 2872//2872
f 2872//2872 829//829 2873//2873
f 2871//2871 2872//2872 2873//2873
f 829//829 2874//2874 2876//2876
f 2874//2874 286//286 2875//2875
f 2875//2875 830//830 2876//2876
f 2874//2874 2875//2875 2876//2876
f 828//828 2873//2873 2869//2869
f 2873//2873 829//829 2876//2876
f 2876//2876 830//830 2869//2869
f 2873//2873 2876//2876 2869//2869
f 285//285 2877//2877 2879//2879
f 2877//2877 831//831 2878//2878
f 2878//2878 832//832 2879//2879
f 2877//2877 2878//2878 2879//2879
f 831//831 2880//2880 2881//2881
f 2880//2880 8//8 1745//1745
f 1745//1745 532//532 2881//2881
f 2880//2880 1745//1745 2881//2881
f 532//532 1742//1742 2883//2883
f 1742//1742 202//202 2882//2882
f 2882//2882 832//832 2883//2883
f 1742//1742 2882//2882 2883//2883
f 831//831 2881//2881 2878//2878
f 2881//2881 532//532 2883//2883
f 2883//2883 832//832 2878//2878
f 2881//2881 2883//2883 2878//2878
f 202//202 1736//1736 2885//2885
f 1736//1736 529//529 2884//2884
f 2884//2884 834//834 2885//2885
f 1736//1736 2884//2884 2885//2885
f 529//529 1733//1733 2887//2887
f 1733//1733 99//99 2886//2886
f 2886//2886 833//833 2887//2887
f 1733//1733 2886//2886 2887//2887
f 833//833 2888//2888 2890//2890
f 2888//2888 286//286 2889//2889
f 2889//2889 834//834 2890//2890
f 2888//2888 2889//2889 2890//2890
f 529//529 2887//2887 2884//2884
f 2887//2887 833//833 2890//2890
f 2890//2890 834//834 2884//2884
f 2887//2887 2890//2890 2884//2884
f 285//285 2879//2879 2872//2872
f 2879//2879 832//832 2891//2891
f 2891//2891 829//829 2872//2872
f 2879//2879 2891//2891 2872//2872
f 832//832 2882//2882 2892//2892
f 2882//2882 202//202 2885//2885
f 2885//2885 834//834 2892//2892
f 2882//2882 2885//2885 2892//2892
f 834//834 2889//2889 2893//2893
f 2889//2889 286//286 2874//2874
f 2874//2874 829//829 2893//2893
f 2889//2889 2874//2874 2893//2893
f 832//832 2892//2892 2891//2891
f 2892//2892 834//834 2893//2893
f 2893//2893 829//829 2891//2891
f 2892//2892 2893//2893 2891//2891
f 99//99 1721//1721 2895//2895
f 1721//1721 525//525 2894//2894
f 2894//2894 836//836 2895//2895
f 1721//1721 2894//2894 2895//2895
f 525//525 1718//1718 2897//2897
f 1718//1718 200//200 2896//2896
f 2896//2896 835//835 2897//2897
f 1718//1718 2896//2896 2897//2897
f 835//835 2898//2898 2900//2900
f 2898//2898 287//287 2899//2899
f 2899//2899 836//836 2900//2900
f 2898//2898 2899//2899 2900//2900
f 525//525 2897//2897 2894//2894
f 2897//2897 835//835 2900//2900
f 2900//2900 836//836 2894//2894
f 2897//2897 2900//2900 2894//2894
f 200//200 1716//1716 2901//2901
f 1716//1716 123//123 2901//2901
f 2902//2902 287//287 2903//2903
f 2902//2902 2903//2903 123//123
f 200//200 2901//2901 2896//2896
f 2901//2901 123//123 2904//2904
f 2904//2904 835//835 2896//2896
f 2901//2901 2904//2904 2896//2896
f 123//123 2903//2903 2905//2905
f 2903//2903 287//287 2898//2898
f 2898//2898 835//835 2905//2905
f 2903//2903 2898//2898 2905//2905
f 2905//2905 835//835 2904//2904
f 123//123 2905//2905 2904//2904
f 122//122 2870//2870 2857//2857
f 2870//2870 830//830 2906//2906
f 2906//2906 824//824 2857//2857
f 2870//2870 2906//2906 2857//2857
f 830//830 2875//2875 2908//2908
f 2875//2875 286//286 2907//2907
f 2907//2907 837//837 2908//2908
f 2875//2875 2907//2907 2908//2908
f 837//837 2909//2909 2910//2910
f 2909//2909 284//284 2859//2859
f 2859//2859 824//824 2910//2910
f 2909//2909 2859//2859 2910//2910
f 830//830 2908//2908 2906//2906
f 2908//2908 837//837 2910//2910
f 2910//2910 824//824 2906//2906
f 2908//2908 2910//2910 2906//2906
f 286//286 2888//2888 2912//2912
f 2888//2888 833//833 2911//2911
f 2911//2911 838//838 2912//2912
f 2888//2888 2911//2911 2912//2912
f 833//833 2886//2886 2913//2913
f 2886//2886 99//99 2895//2895
f 2895//2895 836//836 2913//2913
f 2886//2886 2895//2895 2913//2913
f 836//836 2899//2899 2915//2915
f 2899//2899 287//287 2914//2914
f 2914//2914 838//838 2915//2915
f 2899//2899 2914//2914 2915//2915
f 833//833 2913//2913 2911//2911
f 2913//2913 836//836 2915//2915
f 2915//2915 838//838 2911//2911
f 2913//2913 2915//2915 2911//2911
f 287//287 2902//2902 2917//2917
f 2902//2902 123//123 2916//2916
f 2916//2916 839//839 2917//2917
f 2902//2902 2916//2916 2917//2917
f 826//826 2862//2862 2919//2919
f 2862//2862 284//284 2918//2918
f 2918//2918 839//839 2919//2919
f 2862//2862 2918//2918 2919//2919
f 123//123 826//826 2919//2919
f 2919//2919 839//839 2916//2916
f 123//123 2919//2919 2916//2916
f 286//286 2912//2912 2907//2907
f 2912//2912 838//838 2920//2920
f 2920//2920 837//837 2907//2907
f 2912//2912 2920//2920 2907//2907
f 838//838 2914//2914 2921//2921
f 2914//2914 287//287 2917//2917
f 2917//2917 839//839 2921//2921
f 2914//2914 2917//2917 2921//2921
f 839//839 2918//2918 2922//2922
f 2918//2918 284//284 2909//2909
f 2909//2909 837//837 2922//2922
f 2918//2918 2909//2909 2922//2922
f 838//838 2921//2921 2920//2920
f 2921//2921 839//839 2922//2922
f 2922//2922 837//837 2920//2920
f 2921//2921 2922//2922 2920//2920
f 25//25 2923//2923 2837//2837
f 2923//2923 840//840 2924//2924
f 2924//2924 816//816 2837//2837
f 2923//2923 2924//2924 2837//2837
f 840//840 2925//2925 2927//2927
f 2925//2925 288//288 2926//2926
f 2926//2926 841//841 2927//2927
f 2925//2925 2926//2926 2927//2927
f 841//841 2928//2928 2929//2929
f 2928//2928 281//281 2838//2838
f 2838//2838 816//816 2929//2929
f 2928//2928 2838//2838 2929//2929
f 840//840 2927//2927 2924//2924
f 2927//2927 841//841 2929//2929
f 2929//2929 816//816 2924//2924
f 2927//2927 2929//2929 2924//2924
f 288//288 2930//2930 2932//2932
f 2930//2930 842//842 2931//2931
f 2931//2931 844//844 2932//2932
f 2930//2930 2931//2931 2932//2932
f 842//842 2933//2933 2935//2935
f 2933//2933 124//124 2934//2934
f 2934//2934 843//843 2935//2935
f 2933//2933 2934//2934 2935//2935
f 843//843 2936//2936 2938//2938
f 2936//2936 289//289 2937//2937
f 2937//2937 844//844 2938//2938
f 2936//2936 2937//2937 2938//2938
f 842//842 2935//2935 2931//2931
f 2935//2935 843//843 2938//2938
f 2938//2938 844//844 2931//2931
f 2935//2935 2938//2938 2931//2931
f 289//289 2939//2939 2941//2941
f 2939//2939 845//845 2940//2940
f 2940//2940 846//846 2941//2941
f 2939//2939 2940//2940 2941//2941
f 123//123 121//121 2840//2840
f 2840//2840 817//817 123//123
f 817//817 2839//2839 123//123
f 2839//2839 281//281 123//123
f 845//845 123//123 2940//2940
f 123//123 846//846 2940//2940
f 288//288 2932//2932 2926//2926
f 2932//2932 844//844 2942//2942
f 2942//2942 841//841 2926//2926
f 2932//2932 2942//2942 2926//2926
f 844//844 2937//2937 2943//2943
f 2937//2937 289//289 2941//2941
f 2941//2941 846//846 2943//2943
f 2937//2937 2941//2941 2943//2943
f 846//846 123//123 2944//2944
f 123//123 281//281 2928//2928
f 2928//2928 841//841 2944//2944
f 123//123 2928//2928 2944//2944
f 844//844 2943//2943 2942//2942
f 2943//2943 846//846 2944//2944
f 2944//2944 841//841 2942//2942
f 2943//2943 2944//2944 2942//2942
f 124//124 2945//2945 2947//2947
f 2945//2945 847//847 2946//2946
f 2946//2946 849//849 2947//2947
f 2945//2945 2946//2946 2947//2947
f 847//847 2948//2948 2950//2950
f 2948//2948 290//290 2949//2949
f 2949//2949 848//848 2950//2950
f 2948//2948 2949//2949 2950//2950
f 848//848 2951//2951 2953//2953
f 2951//2951 291//291 2952//2952
f 2952//2952 849//849 2953//2953
f 2951//2951 2952//2952 2953//2953
f 847//847 2950//2950 2946//2946
f 2950//2950 848//848 2953//2953
f 2953//2953 849//849 2946//2946
f 2950//2950 2953//2953 2946//2946
f 290//290 2954//2954 2956//2956
f 2954//2954 850//850 2955//2955
f 2955//2955 851//851 2956//2956
f 2954//2954 2955//2955 2956//2956
f 850//850 2957//2957 2958//2958
f 2957//2957 26//26 2847//2847
f 2847//2847 822//822 2958//2958
f 2957//2957 2847//2847 2958//2958
f 822//822 2851//2851 2959//2959
f 123//123 851//851 2959//2959
f 2851//2851 123//123 2959//2959
f 850//850 2958//2958 2955//2955
f 2958//2958 822//822 2959//2959
f 2959//2959 851//851 2955//2955
f 2958//2958 2959//2959 2955//2955
f 2960//2960 291//291 2961//2961
f 2960//2960 2961//2961 123//123
f 290//290 2956//2956 2949//2949
f 2956//2956 851//851 2962//2962
f 2962//2962 848//848 2949//2949
f 2956//2956 2962//2962 2949//2949
f 123//123 2961//2961 2963//2963
f 2961//2961 291//291 2951//2951
f 2951//2951 848//848 2963//2963
f 2961//2961 2951//2951 2963//2963
f 851//851 123//123 2962//2962
f 2963//2963 848//848 2962//2962
f 123//123 2963//2963 2962//2962
f 123//123 7//7 2844//2844
f 2844//2844 819//819 123//123
f 819//819 2843//2843 123//123
f 2843//2843 282//282 123//123
f 282//282 2842//2842 123//123
f 2842//2842 818//818 123//123
f 818//818 2841//2841 123//123
f 2841//2841 121//121 123//123
f 124//124 2947//2947 2934//2934
f 2947//2947 849//849 2964//2964
f 2964//2964 843//843 2934//2934
f 2947//2947 2964//2964 2934//2934
f 849//849 2952//2952 2966//2966
f 2952//2952 291//291 2965//2965
f 2965//2965 852//852 2966//2966
f 2952//2952 2965//2965 2966//2966
f 852//852 2967//2967 2968//2968
f 2967//2967 289//289 2936//2936
f 2936//2936 843//843 2968//2968
f 2967//2967 2936//2936 2968//2968
f 849//849 2966//2966 2964//2964
f 2966//2966 852//852 2968//2968
f 2968//2968 843//843 2964//2964
f 2966//2966 2968//2968 2964//2964
f 291//291 2960//2960 2970//2970
f 2960//2960 123//123 2969//2969
f 2969//2969 853//853 2970//2970
f 2960//2960 2969//2969 2970//2970
f 123//123 853//853 2969//2969
f 2971//2971 854//854 123//123
f 123//123 845//845 2972//2972
f 845//845 2939//2939 2974//2974
f 2939//2939 289//289 2973//2973
f 2973//2973 854//854 2974//2974
f 2939//2939 2973//2973 2974//2974
f 123//123 2972//2972 2971//2971
f 2972//2972 845//845 2974//2974
f 2974//2974 854//854 2971//2971
f 2972//2972 2974//2974 2971//2971
f 291//291 2970//2970 2965//2965
f 2970//2970 853//853 2975//2975
f 2975//2975 852//852 2965//2965
f 2970//2970 2975//2975 2965//2965
f 854//854 2973//2973 2976//2976
f 2973//2973 289//289 2967//2967
f 2967//2967 852//852 2976//2976
f 2973//2973 2967//2967 2976//2976
f 853//853 123//123 2975//2975
f 123//123 854//854 2976//2976
f 2976//2976 852//852 2975//2975
f 123//123 2976//2976 2975//2975
f 27//27 2977//2977 2979//2979
f 2977//2977 855//855 2978//2978
f 2978//2978 857//857 2979//2979
f 2977//2977 2978//2978 2979//2979
f 855//855 2980//2980 2982//2982
f 2980//2980 292//292 2981//2981
f 2981//2981 856//856 2982//2982
f 2980//2980 2981//2981 2982//2982
f 856//856 2983//2983 2985//2985
f 2983//2983 294//294 2984//2984
f 2984//2984 857//857 2985//2985
f 2983//2983 2984//2984 2985//2985
f 855//855 2982//2982 2978//2978
f 2982//2982 856//856 2985//2985
f 2985//2985 857//857 2978//2978
f 2982//2982 2985//2985 2978//2978
f 292//292 2986//2986 2988//2988
f 2986//2986 858//858 2987//2987
f 2987//2987 860//860 2988//2988
f 2986//2986 2987//2987 2988//2988
f 858//858 2989//2989 2991//2991
f 2989//2989 125//125 2990//2990
f 2990//2990 859//859 2991//2991
f 2989//2989 2990//2990 2991//2991
f 859//859 2992//2992 2994//2994
f 2992//2992 293//293 2993//2993
f 2993//2993 860//860 2994//2994
f 2992//2992 2993//2993 2994//2994
f 858//858 2991//2991 2987//2987
f 2991//2991 859//859 2994//2994
f 2994//2994 860//860 2987//2987
f 2991//2991 2994//2994 2987//2987
f 293//293 2995//2995 2997//2997
f 2995//2995 861//861 2996//2996
f 2996//2996 863//863 2997//2997
f 2995//2995 2996//2996 2997//2997
f 861//861 2998//2998 3000//3000
f 2998//2998 126//126 2999//2999
f 2999//2999 862//862 3000//3000
f 2998//2998 2999//2999 3000//3000
f 862//862 3001//3001 3003//3003
f 3001//3001 294//294 3002//3002
f 3002//3002 863//863 3003//3003
f 3001//3001 3002//3002 3003//3003
f 861//861 3000//3000 2996//2996
f 3000//3000 862//862 3003//3003
f 3003//3003 863//863 2996//2996
f 3000//3000 3003//3003 2996//2996
f 292//292 2988//2988 2981//2981
f 2988//2988 860//860 3004//3004
f 3004//3004 856//856 2981//2981
f 2988//2988 3004//3004 2981//2981
f 860//860 2993//2993 3005//3005
f 2993//2993 293//293 2997//2997
f 2997//2997 863//863 3005//3005
f 2993//2993 2997//2997 3005//3005
f 863//863 3002//3002 3006//3006
f 3002//3002 294//294 2983//2983
f 2983//2983 856//856 3006//3006
f 3002//3002 2983//2983 3006//3006
f 860//860 3005//3005 3004//3004
f 3005//3005 863//863 3006//3006
f 3006//3006 856//856 3004//3004
f 3005//3005 3006//3006 3004//3004
f 125//125 3007//3007 3009//3009
f 3007//3007 864//864 3008//3008
f 3008//3008 866//866 3009//3009
f 3007//3007 3008//3008 3009//3009
f 864//864 3010//3010 3012//3012
f 3010//3010 295//295 3011//3011
f 3011//3011 865//865 3012//3012
f 3010//3010 3011//3011 3012//3012
f 865//865 3013//3013 3015//3015
f 3013//3013 296//296 3014//3014
f 3014//3014 866//866 3015//3015
f 3013//3013 3014//3014 3015//3015
f 864//864 3012//3012 3008//3008
f 3012//3012 865//865 3015//3015
f 3015//3015 866//866 3008//3008
f 3012//3012 3015//3015 3008//3008
f 295//295 3016//3016 3018//3018
f 3016//3016 867//867 3017//3017
f 3017//3017 868//868 3018//3018
f 3016//3016 3017//3017 3018//3018
f 867//867 3019//3019 3020//3020
f 3019//3019 9//9 1829//1829
f 1829//1829 554//554 3020//3020
f 3019//3019 1829//1829 3020//3020
f 554//554 1826//1826 3022//3022
f 1826//1826 209//209 3021//3021
f 3021//3021 868//868 3022//3022
f 1826//1826 3021//3021 3022//3022
f 867//867 3020//3020 3017//3017
f 3020//3020 554//554 3022//3022
f 3022//3022 868//868 3017//3017
f 3020//3020 3022//3022 3017//3017
f 209//209 1820//1820 3024//3024
f 1820//1820 551//551 3023//3023
f 3023//3023 870//870 3024//3024
f 1820//1820 3023//3023 3024//3024
f 551//551 1817//1817 3026//3026
f 1817//1817 101//101 3025//3025
f 3025//3025 869//869 3026//3026
f 1817//1817 3025//3025 3026//3026
f 869//869 3027//3027 3029//3029
f 3027//3027 296//296 3028//3028
f 3028//3028 870//870 3029//3029
f 3027//3027 3028//3028 3029//3029
f 551//551 3026//3026 3023//3023
f 3026//3026 869//869 3029//3029
f 3029//3029 870//870 3023//3023
f 3026//3026 3029//3029 3023//3023
f 295//295 3018//3018 3011//3011
f 3018//3018 868//868 3030//3030
f 3030//3030 865//865 3011//3011
f 3018//3018 3030//3030 3011//3011
f 868//868 3021//3021 3031//3031
f 3021//3021 209//209 3024//3024
f 3024//3024 870//870 3031//3031
f 3021//3021 3024//3024 3031//3031
f 870//870 3028//3028 3032//3032
f 3028//3028 296//296 3013//3013
f 3013//3013 865//865 3032//3032
f 3028//3028 3013//3013 3032//3032
f 868//868 3031//3031 3030//3030
f 3031//3031 870//870 3032//3032
f 3032//3032 865//865 3030//3030
f 3031//3031 3032//3032 3030//3030
f 101//101 1801//1801 3034//3034
f 1801//1801 546//546 3033//3033
f 3033//3033 872//872 3034//3034
f 1801//1801 3033//3033 3034//3034
f 546//546 1798//1798 3036//3036
f 1798//1798 207//207 3035//3035
f 3035//3035 871//871 3036//3036
f 1798//1798 3035//3035 3036//3036
f 871//871 3037//3037 3039//3039
f 3037//3037 298//298 3038//3038
f 3038//3038 872//872 3039//3039
f 3037//3037 3038//3038 3039//3039
f 546//546 3036//3036 3033//3033
f 3036//3036 871//871 3039//3039
f 3039//3039 872//872 3033//3033
f 3036//3036 3039//3039 3033//3033
f 207//207 1793//1793 3041//3041
f 1793//1793 544//544 3040//3040
f 3040//3040 874//874 3041//3041
f 1793//1793 3040//3040 3041//3041
f 544//544 1791//1791 3043//3043
f 1791//1791 8//8 3042//3042
f 3042//3042 873//873 3043//3043
f 1791//1791 3042//3042 3043//3043
f 873//873 3044//3044 3046//3046
f 3044//3044 297//297 3045//3045
f 3045//3045 874//874 3046//3046
f 3044//3044 3045//3045 3046//3046
f 544//544 3043//3043 3040//3040
f 3043//3043 873//873 3046//3046
f 3046//3046 874//874 3040//3040
f 3043//3043 3046//3046 3040//3040
f 297//297 3047//3047 3049//3049
f 3047//3047 875//875 3048//3048
f 3048//3048 877//877 3049//3049
f 3047//3047 3048//3048 3049//3049
f 875//875 3050//3050 3052//3052
f 3050//3050 126//126 3051//3051
f 3051//3051 876//876 3052//3052
f 3050//3050 3051//3051 3052//3052
f 876//876 3053//3053 3055//3055
f 3053//3053 298//298 3054//3054
f 3054//3054 877//877 3055//3055
f 3053//3053 3054//3054 3055//3055
f 875//875 3052//3052 3048//3048
f 3052//3052 876//876 3055//3055
f 3055//3055 877//877 3048//3048
f 3052//3052 3055//3055 3048//3048
f 207//207 3041//3041 3035//3035
f 3041//3041 874//874 3056//3056
f 3056//3056 871//871 3035//3035
f 3041//3041 3056//3056 3035//3035
f 874//874 3045//3045 3057//3057
f 3045//3045 297//297 3049//3049
f 3049//3049 877//877 3057//3057
f 3045//3045 3049//3049 3057//3057
f 877//877 3054//3054 3058//3058
f 3054//3054 298//298 3037//3037
f 3037//3037 871//871 3058//3058
f 3054//3054 3037//3037 3058//3058
f 874//874 3057//3057 3056//3056
f 3057//3057 877//877 3058//3058
f 3058//3058 871//871 3056//3056
f 3057//3057 3058//3058 3056//3056
f 125//125 3009//3009 2990//2990
f 3009//3009 866//866 3059//3059
f 3059//3059 859//859 2990//2990
f 3009//3009 3059//3059 2990//2990
f 866//866 3014//3014 3061//3061
f 3014//3014 296//296 3060//3060
f 3060//3060 878//878 3061//3061
f 3014//3014 3060//3060 3061//3061
f 878//878 3062//3062 3063//3063
f 3062//3062 293//293 2992//2992
f 2992//2992 859//859 3063//3063
f 3062//3062 2992//2992 3063//3063
f 866//866 3061//3061 3059//3059
f 3061//3061 878//878 3063//3063
f 3063//3063 859//859 3059//3059
f 3061//3061 3063//3063 3059//3059
f 296//296 3027//3027 3065//3065
f 3027//3027 869//869 3064//3064
f 3064//3064 879//879 3065//3065
f 3027//3027 3064//3064 3065//3065
f 869//869 3025//3025 3066//3066
f 3025//3025 101//101 3034//3034
f 3034//3034 872//872 3066//3066
f 3025//3025 3034//3034 3066//3066
f 872//872 3038//3038 3068//3068
f 3038//3038 298//298 3067//3067
f 3067//3067 879//879 3068//3068
f 3038//3038 3067//3067 3068//3068
f 869//869 3066//3066 3064//3064
f 3066//3066 872//872 3068//3068
f 3068//3068 879//879 3064//3064
f 3066//3066 3068//3068 3064//3064
f 298//298 3053//3053 3070//3070
f 3053//3053 876//876 3069//3069
f 3069//3069 880//880 3070//3070
f 3053//3053 3069//3069 3070//3070
f 876//876 3051//3051 3071//3071
f 3051//3051 126//126 2998//2998
f 2998//2998 861//861 3071//3071
f 3051//3051 2998//2998 3071//3071
f 861//861 2995//2995 3073//3073
f 2995//2995 293//293 3072//3072
f 3072//3072 880//880 3073//3073
f 2995//2995 3072//3072 3073//3073
f 876//876 3071//3071 3069//3069
f 3071//3071 861//861 3073//3073
f 3073//3073 880//880 3069//3069
f 3071//3071 3073//3073 3069//3069
f 296//296 3065//3065 3060//3060
f 3065//3065 879//879 3074//3074
f 3074//3074 878//878 3060//3060
f 3065//3065 3074//3074 3060//3060
f 879//879 3067//3067 3075//3075
f 3067//3067 298//298 3070//3070
f 3070//3070 880//880 3075//3075
f 3067//3067 3070//3070 3075//3075
f 880//880 3072//3072 3076//3076
f 3072//3072 293//293 3062//3062
f 3062//3062 878//878 3076//3076
f 3072//3072 3062//3062 3076//3076
f 879//879 3075//3075 3074//3074
f 3075//3075 880//880 3076//3076
f 3076//3076 878//878 3074//3074
f 3075//3075 3076//3076 3074//3074
f 26//26 3077//3077 2845//2845
f 3077//3077 881//881 3078//3078
f 3078//3078 820//820 2845//2845
f 3077//3077 3078//3078 2845//2845
f 881//881 3079//3079 3081//3081
f 3079//3079 299//299 3080//3080
f 3080//3080 882//882 3081//3081
f 3079//3079 3080//3080 3081//3081
f 882//882 3082//3082 3083//3083
f 3082//3082 283//283 2848//2848
f 2848//2848 820//820 3083//3083
f 3082//3082 2848//2848 3083//3083
f 881//881 3081//3081 3078//3078
f 3081//3081 882//882 3083//3083
f 3083//3083 820//820 3078//3078
f 3081//3081 3083//3083 3078//3078
f 299//299 3084//3084 3086//3086
f 3084//3084 883//883 3085//3085
f 3085//3085 885//885 3086//3086
f 3084//3084 3085//3085 3086//3086
f 883//883 3087//3087 3089//3089
f 3087//3087 127//127 3088//3088
f 3088//3088 884//884 3089//3089
f 3087//3087 3088//3088 3089//3089
f 884//884 3090//3090 3092//3092
f 3090//3090 300//300 3091//3091
f 3091//3091 885//885 3092//3092
f 3090//3090 3091//3091 3092//3092
f 883//883 3089//3089 3085//3085
f 3089//3089 884//884 3092//3092
f 3092//3092 885//885 3085//3085
f 3089//3089 3092//3092 3085//3085
f 300//300 3093//3093 3095//3095
f 3093//3093 886//886 3094//3094
f 3094//3094 887//887 3095//3095
f 3093//3093 3094//3094 3095//3095
f 886//886 3096//3096 3097//3097
f 3096//3096 122//122 2856//2856
f 2856//2856 823//823 3097//3097
f 3096//3096 2856//2856 3097//3097
f 823//823 2853//2853 3099//3099
f 2853//2853 283//283 3098//3098
f 3098//3098 887//887 3099//3099
f 2853//2853 3098//3098 3099//3099
f 886//886 3097//3097 3094//3094
f 3097//3097 823//823 3099//3099
f 3099//3099 887//887 3094//3094
f 3097//3097 3099//3099 3094//3094
f 299//299 3086//3086 3080//3080
f 3086//3086 885//885 3100//3100
f 3100//3100 882//882 3080//3080
f 3086//3086 3100//3100 3080//3080
f 885//885 3091//3091 3101//3101
f 3091//3091 300//300 3095//3095
f 3095//3095 887//887 3101//3101
f 3091//3091 3095//3095 3101//3101
f 887//887 3098//3098 3102//3102
f 3098//3098 283//283 3082//3082
f 3082//3082 882//882 3102//3102
f 3098//3098 3082//3082 3102//3102
f 885//885 3101//3101 3100//3100
f 3101//3101 887//887 3102//3102
f 3102//3102 882//882 3100//3100
f 3101//3101 3102//3102 3100//3100
f 127//127 3103//3103 3105//3105
f 3103//3103 888//888 3104//3104
f 3104//3104 890//890 3105//3105
f 3103//3103 3104//3104 3105//3105
f 888//888 3106//3106 3108//3108
f 3106//3106 301//301 3107//3107
f 3107//3107 889//889 3108//3108
f 3106//3106 3107//3107 3108//3108
f 889//889 3109//3109 3111//3111
f 3109//3109 302//302 3110//3110
f 3110//3110 890//890 3111//3111
f 3109//3109 3110//3110 3111//3111
f 888//888 3108//3108 3104//3104
f 3108//3108 889//889 3111//3111
f 3111//3111 890//890 3104//3104
f 3108//3108 3111//3111 3104//3104
f 301//301 3112//3112 3114//3114
f 3112//3112 891//891 3113//3113
f 3113//3113 892//892 3114//3114
f 3112//3112 3113//3113 3114//3114
f 891//891 3115//3115 3116//3116
f 3115//3115 27//27 2979//2979
f 2979//2979 857//857 3116//3116
f 3115//3115 2979//2979 3116//3116
f 857//857 2984//2984 3118//3118
f 2984//2984 294//294 3117//3117
f 3117//3117 892//892 3118//3118
f 2984//2984 3117//3117 3118//3118
f 891//891 3116//3116 3113//3113
f 3116//3116 857//857 3118//3118
f 3118//3118 892//892 3113//3113
f 3116//3116 3118//3118 3113//3113
f 294//294 3001//3001 3120//3120
f 3001//3001 862//862 3119//3119
f 3119//3119 894//894 3120//3120
f 3001//3001 3119//3119 3120//3120
f 862//862 2999//2999 3122//3122
f 2999//2999 126//126 3121//3121
f 3121//3121 893//893 3122//3122
f 2999//2999 3121//3121 3122//3122
f 893//893 3123//3123 3125//3125
f 3123//3123 302//302 3124//3124
f 3124//3124 894//894 3125//3125
f 3123//3123 3124//3124 3125//3125
f 862//862 3122//3122 3119//3119
f 3122//3122 893//893 3125//3125
f 3125//3125 894//894 3119//3119
f 3122//3122 3125//3125 3119//3119
f 301//301 3114//3114 3107//3107
f 3114//3114 892//892 3126//3126
f 3126//3126 889//889 3107//3107
f 3114//3114 3126//3126 3107//3107
f 892//892 3117//3117 3127//3127
f 3117//3117 294//294 3120//3120
f 3120//3120 894//894 3127//3127
f 3117//3117 3120//3120 3127//3127
f 894//894 3124//3124 3128//3128
f 3124//3124 302//302 3109//3109
f 3109//3109 889//889 3128//3128
f 3124//3124 3109//3109 3128//3128
f 892//892 3127//3127 3126//3126
f 3127//3127 894//894 3128//3128
f 3128//3128 889//889 3126//3126
f 3127//3127 3128//3128 3126//3126
f 126//126 3050//3050 3130//3130
f 3050//3050 875//875 3129//3129
f 3129//3129 896//896 3130//3130
f 3050//3050 3129//3129 3130//3130
f 875//875 3047//3047 3132//3132
f 3047//3047 297//297 3131//3131
f 3131//3131 895//895 3132//3132
f 3047//3047 3131//3131 3132//3132
f 895//895 3133//3133 3135//3135
f 3133//3133 303//303 3134//3134
f 3134//3134 896//896 3135//3135
f 3133//3133 3134//3134 3135//3135
f 875//875 3132//3132 3129//3129
f 3132//3132 895//895 3135//3135
f 3135//3135 896//896 3129//3129
f 3132//3132 3135//3135 3129//3129
f 297//297 3044//3044 3137//3137
f 3044//3044 873//873 3136//3136
f 3136//3136 897//897 3137//3137
f 3044//3044 3136//3136 3137//3137
f 873//873 3042//3042 3138//3138
f 3042//3042 8//8 2880//2880
f 2880//2880 831//831 3138//3138
f 3042//3042 2880//2880 3138//3138
f 831//831 2877//2877 3140//3140
f 2877//2877 285//285 3139//3139
f 3139//3139 897//897 3140//3140
f 2877//2877 3139//3139 3140//3140
f 873//873 3138//3138 3136//3136
f 3138//3138 831//831 3140//3140
f 3140//3140 897//897 3136//3136
f 3138//3138 3140//3140 3136//3136
f 285//285 2871//2871 3142//3142
f 2871//2871 828//828 3141//3141
f 3141//3141 899//899 3142//3142
f 2871//2871 3141//3141 3142//3142
f 828//828 2868//2868 3144//3144
f 2868//2868 122//122 3143//3143
f 3143//3143 898//898 3144//3144
f 2868//2868 3143//3143 3144//3144
f 898//898 3145//3145 3147//3147
f 3145//3145 303//303 3146//3146
f 3146//3146 899//899 3147//3147
f 3145//3145 3146//3146 3147//3147
f 828//828 3144//3144 3141//3141
f 3144//3144 898//898 3147//3147
f 3147//3147 899//899 3141//3141
f 3144//3144 3147//3147 3141//3141
f 297//297 3137//3137 3131//3131
f 3137//3137 897//897 3148//3148
f 3148//3148 895//895 3131//3131
f 3137//3137 3148//3148 3131//3131
f 897//897 3139//3139 3149//3149
f 3139//3139 285//285 3142//3142
f 3142//3142 899//899 3149//3149
f 3139//3139 3142//3142 3149//3149
f 899//899 3146//3146 3150//3150
f 3146//3146 303//303 3133//3133
f 3133//3133 895//895 3150//3150
f 3146//3146 3133//3133 3150//3150
f 897//897 3149//3149 3148//3148
f 3149//3149 899//899 3150//3150
f 3150//3150 895//895 3148//3148
f 3149//3149 3150//3150 3148//3148
f 127//127 3105//3105 3088//3088
f 3105//3105 890//890 3151//3151
f 3151//3151 884//884 3088//3088
f 3105//3105 3151//3151 3088//3088
f 890//890 3110//3110 3153//3153
f 3110//3110 302//302 3152//3152
f 3152//3152 900//900 3153//3153
f 3110//3110 3152//3152 3153//3153
f 900//900 3154//3154 3155//3155
f 3154//3154 300//300 3090//3090
f 3090//3090 884//884 3155//3155
f 3154//3154 3090//3090 3155//3155
f 890//890 3153//3153 3151//3151
f 3153//3153 900//900 3155//3155
f 3155//3155 884//884 3151//3151
f 3153//3153 3155//3155 3151//3151
f 302//302 3123//3123 3157//3157
f 3123//3123 893//893 3156//3156
f 3156//3156 901//901 3157//3157
f 3123//3123 3156//3156 3157//3157
f 893//893 3121//3121 3158//3158
f 3121//3121 126//126 3130//3130
f 3130//3130 896//896 3158//3158
f 3121//3121 3130//3130 3158//3158
f 896//896 3134//3134 3160//3160
f 3134//3134 303//303 3159//3159
f 3159//3159 901//901 3160//3160
f 3134//3134 3159//3159 3160//3160
f 893//893 3158//3158 3156//3156
f 3158//3158 896//896 3160//3160
f 3160//3160 901//901 3156//3156
f 3158//3158 3160//3160 3156//3156
f 303//303 3145//3145 3162//3162
f 3145//3145 898//898 3161//3161
f 3161//3161 902//902 3162//3162
f 3145//3145 3161//3161 3162//3162
f 898//898 3143//3143 3163//3163
f 3143//3143 122//122 3096//3096
f 3096//3096 886//886 3163//3163
f 3143//3143 3096//3096 3163//3163
f 886//886 3093//3093 3165//3165
f 3093//3093 300//300 3164//3164
f 3164//3164 902//902 3165//3165
f 3093//3093 3164//3164 3165//3165
f 898//898 3163//3163 3161//3161
f 3163//3163 886//886 3165//3165
f 3165//3165 902//902 3161//3161
f 3163//3163 3165//3165 3161//3161
f 302//302 3157//3157 3152//3152
f 3157//3157 901//901 3166//3166
f 3166//3166 900//900 3152//3152
f 3157//3157 3166//3166 3152//3152
f 901//901 3159//3159 3167//3167
f 3159//3159 303//303 3162//3162
f 3162//3162 902//902 3167//3167
f 3159//3159 3162//3162 3167//3167
f 902//902 3164//3164 3168//3168
f 3164//3164 300//300 3154//3154
f 3154//3154 900//900 3168//3168
f 3164//3164 3154//3154 3168//3168
f 901//901 3167//3167 3166//3166
f 3167//3167 902//902 3168//3168
f 3168//3168 900//900 3166//3166
f 3167//3167 3168//3168 3166//3166
f 28//28 3169//3169 3171//3171
f 3169//3169 903//903 3170//3170
f 3170//3170 905//905 3171//3171
f 3169//3169 3170//3170 3171//3171
f 903//903 3172//3172 3174//3174
f 3172//3172 304//304 3173//3173
f 3173//3173 904//904 3174//3174
f 3172//3172 3173//3173 3174//3174
f 904//904 3175//3175 3177//3177
f 3175//3175 306//306 3176//3176
f 3176//3176 905//905 3177//3177
f 3175//3175 3176//3176 3177//3177
f 903//903 3174//3174 3170//3170
f 3174//3174 904//904 3177//3177
f 3177//3177 905//905 3170//3170
f 3174//3174 3177//3177 3170//3170
f 304//304 3178//3178 3180//3180
f 3178//3178 906//906 3179//3179
f 3179//3179 908//908 3180//3180
f 3178//3178 3179//3179 3180//3180
f 906//906 3181//3181 3183//3183
f 3181//3181 128//128 3182//3182
f 3182//3182 907//907 3183//3183
f 3181//3181 3182//3182 3183//3183
f 907//907 3184//3184 3186//3186
f 3184//3184 305//305 3185//3185
f 3185//3185 908//908 3186//3186
f 3184//3184 3185//3185 3186//3186
f 906//906 3183//3183 3179//3179
f 3183//3183 907//907 3186//3186
f 3186//3186 908//908 3179//3179
f 3183//3183 3186//3186 3179//3179
f 305//305 3187//3187 3189//3189
f 3187//3187 909//909 3188//3188
f 3188//3188 911//911 3189//3189
f 3187//3187 3188//3188 3189//3189
f 909//909 3190//3190 3192//3192
f 3190//3190 129//129 3191//3191
f 3191//3191 910//910 3192//3192
f 3190//3190 3191//3191 3192//3192
f 910//910 3193//3193 3195//3195
f 3193//3193 306//306 3194//3194
f 3194//3194 911//911 3195//3195
f 3193//3193 3194//3194 3195//3195
f 909//909 3192//3192 3188//3188
f 3192//3192 910//910 3195//3195
f 3195//3195 911//911 3188//3188
f 3192//3192 3195//3195 3188//3188
f 304//304 3180//3180 3173//3173
f 3180//3180 908//908 3196//3196
f 3196//3196 904//904 3173//3173
f 3180//3180 3196//3196 3173//3173
f 908//908 3185//3185 3197//3197
f 3185//3185 305//305 3189//3189
f 3189//3189 911//911 3197//3197
f 3185//3185 3189//3189 3197//3197
f 911//911 3194//3194 3198//3198
f 3194//3194 306//306 3175//3175
f 3175//3175 904//904 3198//3198
f 3194//3194 3175//3175 3198//3198
f 908//908 3197//3197 3196//3196
f 3197//3197 911//911 3198//3198
f 3198//3198 904//904 3196//3196
f 3197//3197 3198//3198 3196//3196
f 128//128 3199//3199 3201//3201
f 3199//3199 912//912 3200//3200
f 3200//3200 914//914 3201//3201
f 3199//3199 3200//3200 3201//3201
f 912//912 3202//3202 3204//3204
f 3202//3202 307//307 3203//3203
f 3203//3203 913//913 3204//3204
f 3202//3202 3203//3203 3204//3204
f 913//913 3205//3205 3207//3207
f 3205//3205 308//308 3206//3206
f 3206//3206 914//914 3207//3207
f 3205//3205 3206//3206 3207//3207
f 912//912 3204//3204 3200//3200
f 3204//3204 913//913 3207//3207
f 3207//3207 914//914 3200//3200
f 3204//3204 3207//3207 3200//3200
f 307//307 3208//3208 3210//3210
f 3208//3208 915//915 3209//3209
f 3209//3209 916//916 3210//3210
f 3208//3208 3209//3209 3210//3210
f 915//915 3211//3211 3212//3212
f 3211//3211 10//10 1916//1916
f 1916//1916 578//578 3212//3212
f 3211//3211 1916//1916 3212//3212
f 578//578 1913//1913 3214//3214
f 1913//1913 216//216 3213//3213
f 3213//3213 916//916 3214//3214
f 1913//1913 3213//3213 3214//3214
f 915//915 3212//3212 3209//3209
f 3212//3212 578//578 3214//3214
f 3214//3214 916//916 3209//3209
f 3212//3212 3214//3214 3209//3209
f 216//216 1907//1907 3216//3216
f 1907//1907 575//575 3215//3215
f 3215//3215 918//918 3216//3216
f 1907//1907 3215//3215 3216//3216
f 575//575 1904//1904 3218//3218
f 1904//1904 103//103 3217//3217
f 3217//3217 917//917 3218//3218
f 1904//1904 3217//3217 3218//3218
f 917//917 3219//3219 3221//3221
f 3219//3219 308//308 3220//3220
f 3220//3220 918//918 3221//3221
f 3219//3219 3220//3220 3221//3221
f 575//575 3218//3218 3215//3215
f 3218//3218 917//917 3221//3221
f 3221//3221 918//918 3215//3215
f 3218//3218 3221//3221 3215//3215
f 307//307 3210//3210 3203//3203
f 3210//3210 916//916 3222//3222
f 3222//3222 913//913 3203//3203
f 3210//3210 3222//3222 3203//3203
f 916//916 3213//3213 3223//3223
f 3213//3213 216//216 3216//3216
f 3216//3216 918//918 3223//3223
f 3213//3213 3216//3216 3223//3223
f 918//918 3220//3220 3224//3224
f 3220//3220 308//308 3205//3205
f 3205//3205 913//913 3224//3224
f 3220//3220 3205//3205 3224//3224
f 916//916 3223//3223 3222//3222
f 3223//3223 918//918 3224//3224
f 3224//3224 913//913 3222//3222
f 3223//3223 3224//3224 3222//3222
f 103//103 1888//1888 3226//3226
f 1888//1888 570//570 3225//3225
f 3225//3225 920//920 3226//3226
f 1888//1888 3225//3225 3226//3226
f 570//570 1885//1885 3228//3228
f 1885//1885 214//214 3227//3227
f 3227//3227 919//919 3228//3228
f 1885//1885 3227//3227 3228//3228
f 919//919 3229//3229 3231//3231
f 3229//3229 310//310 3230//3230
f 3230//3230 920//920 3231//3231
f 3229//3229 3230//3230 3231//3231
f 570//570 3228//3228 3225//3225
f 3228//3228 919//919 3231//3231
f 3231//3231 920//920 3225//3225
f 3228//3228 3231//3231 3225//3225
f 214//214 1880//1880 3233//3233
f 1880//1880 568//568 3232//3232
f 3232//3232 922//922 3233//3233
f 1880//1880 3232//3232 3233//3233
f 568//568 1878//1878 3235//3235
f 1878//1878 9//9 3234//3234
f 3234//3234 921//921 3235//3235
f 1878//1878 3234//3234 3235//3235
f 921//921 3236//3236 3238//3238
f 3236//3236 309//309 3237//3237
f 3237//3237 922//922 3238//3238
f 3236//3236 3237//3237 3238//3238
f 568//568 3235//3235 3232//3232
f 3235//3235 921//921 3238//3238
f 3238//3238 922//922 3232//3232
f 3235//3235 3238//3238 3232//3232
f 309//309 3239//3239 3241//3241
f 3239//3239 923//923 3240//3240
f 3240//3240 925//925 3241//3241
f 3239//3239 3240//3240 3241//3241
f 923//923 3242//3242 3244//3244
f 3242//3242 129//129 3243//3243
f 3243//3243 924//924 3244//3244
f 3242//3242 3243//3243 3244//3244
f 924//924 3245//3245 3247//3247
f 3245//3245 310//310 3246//3246
f 3246//3246 925//925 3247//3247
f 3245//3245 3246//3246 3247//3247
f 923//923 3244//3244 3240//3240
f 3244//3244 924//924 3247//3247
f 3247//3247 925//925 3240//3240
f 3244//3244 3247//3247 3240//3240
f 214//214 3233//3233 3227//3227
f 3233//3233 922//922 3248//3248
f 3248//3248 919//919 3227//3227
f 3233//3233 3248//3248 3227//3227
f 922//922 3237//3237 3249//3249
f 3237//3237 309//309 3241//3241
f 3241//3241 925//925 3249//3249
f 3237//3237 3241//3241 3249//3249
f 925//925 3246//3246 3250//3250
f 3246//3246 310//310 3229//3229
f 3229//3229 919//919 3250//3250
f 3246//3246 3229//3229 3250//3250
f 922//922 3249//3249 3248//3248
f 3249//3249 925//925 3250//3250
f 3250//3250 919//919 3248//3248
f 3249//3249 3250//3250 3248//3248
f 128//128 3201//3201 3182//3182
f 3201//3201 914//914 3251//3251
f 3251//3251 907//907 3182//3182
f 3201//3201 3251//3251 3182//3182
f 914//914 3206//3206 3253//3253
f 3206//3206 308//308 3252//3252
f 3252//3252 926//926 3253//3253
f 3206//3206 3252//3252 3253//3253
f 926//926 3254//3254 3255//3255
f 3254//3254 305//305 3184//3184
f 3184//3184 907//907 3255//3255
f 3254//3254 3184//3184 3255//3255
f 914//914 3253//3253 3251//3251
f 3253//3253 926//926 3255//3255
f 3255//3255 907//907 3251//3251
f 3253//3253 3255//3255 3251//3251
f 308//308 3219//3219 3257//3257
f 3219//3219 917//917 3256//3256
f 3256//3256 927//927 3257//3257
f 3219//3219 3256//3256 3257//3257
f 917//917 3217//3217 3258//3258
f 3217//3217 103//103 3226//3226
f 3226//3226 920//920 3258//3258
f 3217//3217 3226//3226 3258//3258
f 920//920 3230//3230 3260//3260
f 3230//3230 310//310 3259//3259
f 3259//3259 927//927 3260//3260
f 3230//3230 3259//3259 3260//3260
f 917//917 3258//3258 3256//3256
f 3258//3258 920//920 3260//3260
f 3260//3260 927//927 3256//3256
f 3258//3258 3260//3260 3256//3256
f 310//310 3245//3245 3262//3262
f 3245//3245 924//924 3261//3261
f 3261//3261 928//928 3262//3262
f 3245//3245 3261//3261 3262//3262
f 924//924 3243//3243 3263//3263
f 3243//3243 129//129 3190//3190
f 3190//3190 909//909 3263//3263
f 3243//3243 3190//3190 3263//3263
f 909//909 3187//3187 3265//3265
f 3187//3187 305//305 3264//3264
f 3264//3264 928//928 3265//3265
f 3187//3187 3264//3264 3265//3265
f 924//924 3263//3263 3261//3261
f 3263//3263 909//909 3265//3265
f 3265//3265 928//928 3261//3261
f 3263//3263 3265//3265 3261//3261
f 308//308 3257//3257 3252//3252
f 3257//3257 927//927 3266//3266
f 3266//3266 926//926 3252//3252
f 3257//3257 3266//3266 3252//3252
f 927//927 3259//3259 3267//3267
f 3259//3259 310//310 3262//3262
f 3262//3262 928//928 3267//3267
f 3259//3259 3262//3262 3267//3267
f 928//928 3264//3264 3268//3268
f 3264//3264 305//305 3254//3254
f 3254//3254 926//926 3268//3268
f 3264//3264 3254//3254 3268//3268
f 927//927 3267//3267 3266//3266
f 3267//3267 928//928 3268//3268
f 3268//3268 926//926 3266//3266
f 3267//3267 3268//3268 3266//3266
f 27//27 3269//3269 2977//2977
f 3269//3269 929//929 3270//3270
f 3270//3270 855//855 2977//2977
f 3269//3269 3270//3270 2977//2977
f 929//929 3271//3271 3273//3273
f 3271//3271 311//311 3272//3272
f 3272//3272 930//930 3273//3273
f 3271//3271 3272//3272 3273//3273
f 930//930 3274//3274 3275//3275
f 3274//3274 292//292 2980//2980
f 2980//2980 855//855 3275//3275
f 3274//3274 2980//2980 3275//3275
f 929//929 3273//3273 3270//3270
f 3273//3273 930//930 3275//3275
f 3275//3275 855//855 3270//3270
f 3273//3273 3275//3275 3270//3270
f 311//311 3276//3276 3278//3278
f 3276//3276 931//931 3277//3277
f 3277//3277 933//933 3278//3278
f 3276//3276 3277//3277 3278//3278
f 931//931 3279//3279 3281//3281
f 3279//3279 130//130 3280//3280
f 3280//3280 932//932 3281//3281
f 3279//3279 3280//3280 3281//3281
f 932//932 3282//3282 3284//3284
f 3282//3282 312//312 3283//3283
f 3283//3283 933//933 3284//3284
f 3282//3282 3283//3283 3284//3284
f 931//931 3281//3281 3277//3277
f 3281//3281 932//932 3284//3284
f 3284//3284 933//933 3277//3277
f 3281//3281 3284//3284 3277//3277
f 312//312 3285//3285 3287//3287
f 3285//3285 934//934 3286//3286
f 3286//3286 935//935 3287//3287
f 3285//3285 3286//3286 3287//3287
f 934//934 3288//3288 3289//3289
f 3288//3288 125//125 2989//2989
f 2989//2989 858//858 3289//3289
f 3288//3288 2989//2989 3289//3289
f 858//858 2986//2986 3291//3291
f 2986//2986 292//292 3290//3290
f 3290//3290 935//935 3291//3291
f 2986//2986 3290//3290 3291//3291
f 934//934 3289//3289 3286//3286
f 3289//3289 858//858 3291//3291
f 3291//3291 935//935 3286//3286
f 3289//3289 3291//3291 3286//3286
f 311//311 3278//3278 3272//3272
f 3278//3278 933//933 3292//3292
f 3292//3292 930//930 3272//3272
f 3278//3278 3292//3292 3272//3272
f 933//933 3283//3283 3293//3293
f 3283//3283 312//312 3287//3287
f 3287//3287 935//935 3293//3293
f 3283//3283 3287//3287 3293//3293
f 935//935 3290//3290 3294//3294
f 3290//3290 292//292 3274//3274
f 3274//3274 930//930 3294//3294
f 3290//3290 3274//3274 3294//3294
f 933//933 3293//3293 3292//3292
f 3293//3293 935//935 3294//3294
f 3294//3294 930//930 3292//3292
f 3293//3293 3294//3294 3292//3292
f 130//130 3295//3295 3297//3297
f 3295//3295 936//936 3296//3296
f 3296//3296 938//938 3297//3297
f 3295//3295 3296//3296 3297//3297
f 936//936 3298//3298 3300//3300
f 3298//3298 313//313 3299//3299
f 3299//3299 937//937 3300//3300
f 3298//3298 3299//3299 3300//3300
f 937//937 3301//3301 3303//3303
f 3301//3301 314//314 3302//3302
f 3302//3302 938//938 3303//3303
f 3301//3301 3302//3302 3303//3303
f 936//936 3300//3300 3296//3296
f 3300//3300 937//937 3303//3303
f 3303//3303 938//938 3296//3296
f 3300//3300 3303//3303 3296//3296
f 313//313 3304//3304 3306//3306
f 3304//3304 939//939 3305//3305
f 3305//3305 940//940 3306//3306
f 3304//3304 3305//3305 3306//3306
f 939//939 3307//3307 3308//3308
f 3307//3307 28//28 3171//3171
f 3171//3171 905//905 3308//3308
f 3307//3307 3171//3171 3308//3308
f 905//905 3176//3176 3310//3310
f 3176//3176 306//306 3309//3309
f 3309//3309 940//940 3310//3310
f 3176//3176 3309//3309 3310//3310
f 939//939 3308//3308 3305//3305
f 3308//3308 905//905 3310//3310
f 3310//3310 940//940 3305//3305
f 3308//3308 3310//3310 3305//3305
f 306//306 3193//3193 3312//3312
f 3193//3193 910//910 3311//3311
f 3311//3311 942//942 3312//3312
f 3193//3193 3311//3311 3312//3312
f 910//910 3191//3191 3314//3314
f 3191//3191 129//129 3313//3313
f 3313//3313 941//941 3314//3314
f 3191//3191 3313//3313 3314//3314
f 941//941 3315//3315 3317//3317
f 3315//3315 314//314 3316//3316
f 3316//3316 942//942 3317//3317
f 3315//3315 3316//3316 3317//3317
f 910//910 3314//3314 3311//3311
f 3314//3314 941//941 3317//3317
f 3317//3317 942//942 3311//3311
f 3314//3314 3317//3317 3311//3311
f 313//313 3306//3306 3299//3299
f 3306//3306 940//940 3318//3318
f 3318//3318 937//937 3299//3299
f 3306//3306 3318//3318 3299//3299
f 940//940 3309//3309 3319//3319
f 3309//3309 306//306 3312//3312
f 3312//3312 942//942 3319//3319
f 3309//3309 3312//3312 3319//3319
f 942//942 3316//3316 3320//3320
f 3316//3316 314//314 3301//3301
f 3301//3301 937//937 3320//3320
f 3316//3316 3301//3301 3320//3320
f 940//940 3319//3319 3318//3318
f 3319//3319 942//942 3320//3320
f 3320//3320 937//937 3318//3318
f 3319//3319 3320//3320 3318//3318
f 129//129 3242//3242 3322//3322
f 3242//3242 923//923 3321//3321
f 3321//3321 944//944 3322//3322
f 3242//3242 3321//3321 3322//3322
f 923//923 3239//3239 3324//3324
f 3239//3239 309//309 3323//3323
f 3323//3323 943//943 3324//3324
f 3239//3239 3323//3323 3324//3324
f 943//943 3325//3325 3327//3327
f 3325//3325 315//315 3326//3326
f 3326//3326 944//944 3327//3327
f 3325//3325 3326//3326 3327//3327
f 923//923 3324//3324 3321//3321
f 3324//3324 943//943 3327//3327
f 3327//3327 944//944 3321//3321
f 3324//3324 3327//3327 3321//3321
f 309//309 3236//3236 3329//3329
f 3236//3236 921//921 3328//3328
f 3328//3328 945//945 3329//3329
f 3236//3236 3328//3328 3329//3329
f 921//921 3234//3234 3330//3330
f 3234//3234 9//9 3019//3019
f 3019//3019 867//867 3330//3330
f 3234//3234 3019//3019 3330//3330
f 867//867 3016//3016 3332//3332
f 3016//3016 295//295 3331//3331
f 3331//3331 945//945 3332//3332
f 3016//3016 3331//3331 3332//3332
f 921//921 3330//3330 3328//3328
f 3330//3330 867//867 3332//3332
f 3332//3332 945//945 3328//3328
f 3330//3330 3332//3332 3328//3328
f 295//295 3010//3010 3334//3334
f 3010//3010 864//864 3333//3333
f 3333//3333 947//947 3334//3334
f 3010//3010 3333//3333 3334//3334
f 864//864 3007//3007 3336//3336
f 3007//3007 125//125 3335//3335
f 3335//3335 946//946 3336//3336
f 3007//3007 3335//3335 3336//3336
f 946//946 3337//3337 3339//3339
f 3337//3337 315//315 3338//3338
f 3338//3338 947//947 3339//3339
f 3337//3337 3338//3338 3339//3339
f 864//864 3336//3336 3333//3333
f 3336//3336 946//946 3339//3339
f 3339//3339 947//947 3333//3333
f 3336//3336 3339//3339 3333//3333
f 309//309 3329//3329 3323//3323
f 3329//3329 945//945 3340//3340
f 3340//3340 943//943 3323//3323
f 3329//3329 3340//3340 3323//3323
f 945//945 3331//3331 3341//3341
f 3331//3331 295//295 3334//3334
f 3334//3334 947//947 3341//3341
f 3331//3331 3334//3334 3341//3341
f 947//947 3338//3338 3342//3342
f 3338//3338 315//315 3325//3325
f 3325//3325 943//943 3342//3342
f 3338//3338 3325//3325 3342//3342
f 945//945 3341//3341 3340//3340
f 3341//3341 947//947 3342//3342
f 3342//3342 943//943 3340//3340
f 3341//3341 3342//3342 3340//3340
f 130//130 3297//3297 3280//3280
f 3297//3297 938//938 3343//3343
f 3343//3343 932//932 3280//3280
f 3297//3297 3343//3343 3280//3280
f 938//938 3302//3302 3345//3345
f 3302//3302 314//314 3344//3344
f 3344//3344 948//948 3345//3345
f 3302//3302 3344//3344 3345//3345
f 948//948 3346//3346 3347//3347
f 3346//3346 312//312 3282//3282
f 3282//3282 932//932 3347//3347
f 3346//3346 3282//3282 3347//3347
f 938//938 3345//3345 3343//3343
f 3345//3345 948//948 3347//3347
f 3347//3347 932//932 3343//3343
f 3345//3345 3347//3347 3343//3343
f 314//314 3315//3315 3349//3349
f 3315//3315 941//941 3348//3348
f 3348//3348 949//949 3349//3349
f 3315//3315 3348//3348 3349//3349
f 941//941 3313//3313 3350//3350
f 3313//3313 129//129 3322//3322
f 3322//3322 944//944 3350//3350
f 3313//3313 3322//3322 3350//3350
f 944//944 3326//3326 3352//3352
f 3326//3326 315//315 3351//3351
f 3351//3351 949//949 3352//3352
f 3326//3326 3351//3351 3352//3352
f 941//941 3350//3350 3348//3348
f 3350//3350 944//944 3352//3352
f 3352//3352 949//949 3348//3348
f 3350//3350 3352//3352 3348//3348
f 315//315 3337//3337 3354//3354
f 3337//3337 946//946 3353//3353
f 3353//3353 950//950 3354//3354
f 3337//3337 3353//3353 3354//3354
f 946//946 3335//3335 3355//3355
f 3335//3335 125//125 3288//3288
f 3288//3288 934//934 3355//3355
f 3335//3335 3288//3288 3355//3355
f 934//934 3285//3285 3357//3357
f 3285//3285 312//312 3356//3356
f 3356//3356 950//950 3357//3357
f 3285//3285 3356//3356 3357//3357
f 946//946 3355//3355 3353//3353
f 3355//3355 934//934 3357//3357
f 3357//3357 950//950 3353//3353
f 3355//3355 3357//3357 3353//3353
f 314//314 3349//3349 3344//3344
f 3349//3349 949//949 3358//3358
f 3358//3358 948//948 3344//3344
f 3349//3349 3358//3358 3344//3344
f 949//949 3351//3351 3359//3359
f 3351//3351 315//315 3354//3354
f 3354//3354 950//950 3359//3359
f 3351//3351 3354//3354 3359//3359
f 950//950 3356//3356 3360//3360
f 3356//3356 312//312 3346//3346
f 3346//3346 948//948 3360//3360
f 3356//3356 3346//3346 3360//3360
f 949//949 3359//3359 3358//3358
f 3359//3359 950//950 3360//3360
f 3360//3360 948//948 3358//3358
f 3359//3359 3360//3360 3358//3358
f 29//29 3361//3361 3363//3363
f 3361//3361 951//951 3362//3362
f 3362//3362 953//953 3363//3363
f 3361//3361 3362//3362 3363//3363
f 951//951 3364//3364 3366//3366
f 3364//3364 316//316 3365//3365
f 3365//3365 952//952 3366//3366
f 3364//3364 3365//3365 3366//3366
f 952//952 3367//3367 3369//3369
f 3367//3367 318//318 3368//3368
f 3368//3368 953//953 3369//3369
f 3367//3367 3368//3368 3369//3369
f 951//951 3366//3366 3362//3362
f 3366//3366 952//952 3369//3369
f 3369//3369 953//953 3362//3362
f 3366//3366 3369//3369 3362//3362
f 316//316 3370//3370 3372//3372
f 3370//3370 954//954 3371//3371
f 3371//3371 956//956 3372//3372
f 3370//3370 3371//3371 3372//3372
f 954//954 3373//3373 3375//3375
f 3373//3373 131//131 3374//3374
f 3374//3374 955//955 3375//3375
f 3373//3373 3374//3374 3375//3375
f 955//955 3376//3376 3378//3378
f 3376//3376 317//317 3377//3377
f 3377//3377 956//956 3378//3378
f 3376//3376 3377//3377 3378//3378
f 954//954 3375//3375 3371//3371
f 3375//3375 955//955 3378//3378
f 3378//3378 956//956 3371//3371
f 3375//3375 3378//3378 3371//3371
f 317//317 3379//3379 3381//3381
f 3379//3379 957//957 3380//3380
f 3380//3380 959//959 3381//3381
f 3379//3379 3380//3380 3381//3381
f 957//957 3382//3382 3384//3384
f 3382//3382 132//132 3383//3383
f 3383//3383 958//958 3384//3384
f 3382//3382 3383//3383 3384//3384
f 958//958 3385//3385 3387//3387
f 3385//3385 318//318 3386//3386
f 3386//3386 959//959 3387//3387
f 3385//3385 3386//3386 3387//3387
f 957//957 3384//3384 3380//3380
f 3384//3384 958//958 3387//3387
f 3387//3387 959//959 3380//3380
f 3384//3384 3387//3387 3380//3380
f 316//316 3372//3372 3365//3365
f 3372//3372 956//956 3388//3388
f 3388//3388 952//952 3365//3365
f 3372//3372 3388//3388 3365//3365
f 956//956 3377//3377 3389//3389
f 3377//3377 317//317 3381//3381
f 3381//3381 959//959 3389//3389
f 3377//3377 3381//3381 3389//3389
f 959//959 3386//3386 3390//3390
f 3386//3386 318//318 3367//3367
f 3367//3367 952//952 3390//3390
f 3386//3386 3367//3367 3390//3390
f 956//956 3389//3389 3388//3388
f 3389//3389 959//959 3390//3390
f 3390//3390 952//952 3388//3388
f 3389//3389 3390//3390 3388//3388
f 131//131 3391//3391 3393//3393
f 3391//3391 960//960 3392//3392
f 3392//3392 962//962 3393//3393
f 3391//3391 3392//3392 3393//3393
f 960//960 3394//3394 3396//3396
f 3394//3394 319//319 3395//3395
f 3395//3395 961//961 3396//3396
f 3394//3394 3395//3395 3396//3396
f 961//961 3397//3397 3399//3399
f 3397//3397 320//320 3398//3398
f 3398//3398 962//962 3399//3399
f 3397//3397 3398//3398 3399//3399
f 960//960 3396//3396 3392//3392
f 3396//3396 961//961 3399//3399
f 3399//3399 962//962 3392//3392
f 3396//3396 3399//3399 3392//3392
f 319//319 3400//3400 3402//3402
f 3400//3400 963//963 3401//3401
f 3401//3401 964//964 3402//3402
f 3400//3400 3401//3401 3402//3402
f 963//963 3403//3403 3404//3404
f 3403//3403 11//11 2014//2014
f 2014//2014 603//603 3404//3404
f 3403//3403 2014//2014 3404//3404
f 603//603 2011//2011 3406//3406
f 2011//2011 223//223 3405//3405
f 3405//3405 964//964 3406//3406
f 2011//2011 3405//3405 3406//3406
f 963//963 3404//3404 3401//3401
f 3404//3404 603//603 3406//3406
f 3406//3406 964//964 3401//3401
f 3404//3404 3406//3406 3401//3401
f 223//223 2005//2005 3408//3408
f 2005//2005 600//600 3407//3407
f 3407//3407 966//966 3408//3408
f 2005//2005 3407//3407 3408//3408
f 600//600 2002//2002 3410//3410
f 2002//2002 105//105 3409//3409
f 3409//3409 965//965 3410//3410
f 2002//2002 3409//3409 3410//3410
f 965//965 3411//3411 3413//3413
f 3411//3411 320//320 3412//3412
f 3412//3412 966//966 3413//3413
f 3411//3411 3412//3412 3413//3413
f 600//600 3410//3410 3407//3407
f 3410//3410 965//965 3413//3413
f 3413//3413 966//966 3407//3407
f 3410//3410 3413//3413 3407//3407
f 319//319 3402//3402 3395//3395
f 3402//3402 964//964 3414//3414
f 3414//3414 961//961 3395//3395
f 3402//3402 3414//3414 3395//3395
f 964//964 3405//3405 3415//3415
f 3405//3405 223//223 3408//3408
f 3408//3408 966//966 3415//3415
f 3405//3405 3408//3408 3415//3415
f 966//966 3412//3412 3416//3416
f 3412//3412 320//320 3397//3397
f 3397//3397 961//961 3416//3416
f 3412//3412 3397//3397 3416//3416
f 964//964 3415//3415 3414//3414
f 3415//3415 966//966 3416//3416
f 3416//3416 961//961 3414//3414
f 3415//3415 3416//3416 3414//3414
f 105//105 1986//1986 3418//3418
f 1986//1986 595//595 3417//3417
f 3417//3417 968//968 3418//3418
f 1986//1986 3417//3417 3418//3418
f 595//595 1983//1983 3420//3420
f 1983//1983 221//221 3419//3419
f 3419//3419 967//967 3420//3420
f 1983//1983 3419//3419 3420//3420
f 967//967 3421//3421 3423//3423
f 3421//3421 322//322 3422//3422
f 3422//3422 968//968 3423//3423
f 3421//3421 3422//3422 3423//3423
f 595//595 3420//3420 3417//3417
f 3420//3420 967//967 3423//3423
f 3423//3423 968//968 3417//3417
f 3420//3420 3423//3423 3417//3417
f 221//221 1978//1978 3425//3425
f 1978//1978 593//593 3424//3424
f 3424//3424 970//970 3425//3425
f 1978//1978 3424//3424 3425//3425
f 593//593 1976//1976 3427//3427
f 1976//1976 10//10 3426//3426
f 3426//3426 969//969 3427//3427
f 1976//1976 3426//3426 3427//3427
f 969//969 3428//3428 3430//3430
f 3428//3428 321//321 3429//3429
f 3429//3429 970//970 3430//3430
f 3428//3428 3429//3429 3430//3430
f 593//593 3427//3427 3424//3424
f 3427//3427 969//969 3430//3430
f 3430//3430 970//970 3424//3424
f 3427//3427 3430//3430 3424//3424
f 321//321 3431//3431 3433//3433
f 3431//3431 971//971 3432//3432
f 3432//3432 973//973 3433//3433
f 3431//3431 3432//3432 3433//3433
f 971//971 3434//3434 3436//3436
f 3434//3434 132//132 3435//3435
f 3435//3435 972//972 3436//3436
f 3434//3434 3435//3435 3436//3436
f 972//972 3437//3437 3439//3439
f 3437//3437 322//322 3438//3438
f 3438//3438 973//973 3439//3439
f 3437//3437 3438//3438 3439//3439
f 971//971 3436//3436 3432//3432
f 3436//3436 972//972 3439//3439
f 3439//3439 973//973 3432//3432
f 3436//3436 3439//3439 3432//3432
f 221//221 3425//3425 3419//3419
f 3425//3425 970//970 3440//3440
f 3440//3440 967//967 3419//3419
f 3425//3425 3440//3440 3419//3419
f 970//970 3429//3429 3441//3441
f 3429//3429 321//321 3433//3433
f 3433//3433 973//973 3441//3441
f 3429//3429 3433//3433 3441//3441
f 973//973 3438//3438 3442//3442
f 3438//3438 322//322 3421//3421
f 3421//3421 967//967 3442//3442
f 3438//3438 3421//3421 3442//3442
f 970//970 3441//3441 3440//3440
f 3441//3441 973//973 3442//3442
f 3442//3442 967//967 3440//3440
f 3441//3441 3442//3442 3440//3440
f 131//131 3393//3393 3374//3374
f 3393//3393 962//962 3443//3443
f 3443//3443 955//955 3374//3374
f 3393//3393 3443//3443 3374//3374
f 962//962 3398//3398 3445//3445
f 3398//3398 320//320 3444//3444
f 3444//3444 974//974 3445//3445
f 3398//3398 3444//3444 3445//3445
f 974//974 3446//3446 3447//3447
f 3446//3446 317//317 3376//3376
f 3376//3376 955//955 3447//3447
f 3446//3446 3376//3376 3447//3447
f 962//962 3445//3445 3443//3443
f 3445//3445 974//974 3447//3447
f 3447//3447 955//955 3443//3443
f 3445//3445 3447//3447 3443//3443
f 320//320 3411//3411 3449//3449
f 3411//3411 965//965 3448//3448
f 3448//3448 975//975 3449//3449
f 3411//3411 3448//3448 3449//3449
f 965//965 3409//3409 3450//3450
f 3409//3409 105//105 3418//3418
f 3418//3418 968//968 3450//3450
f 3409//3409 3418//3418 3450//3450
f 968//968 3422//3422 3452//3452
f 3422//3422 322//322 3451//3451
f 3451//3451 975//975 3452//3452
f 3422//3422 3451//3451 3452//3452
f 965//965 3450//3450 3448//3448
f 3450//3450 968//968 3452//3452
f 3452//3452 975//975 3448//3448
f 3450//3450 3452//3452 3448//3448
f 322//322 3437//3437 3454//3454
f 3437//3437 972//972 3453//3453
f 3453//3453 976//976 3454//3454
f 3437//3437 3453//3453 3454//3454
f 972//972 3435//3435 3455//3455
f 3435//3435 132//132 3382//3382
f 3382//3382 957//957 3455//3455
f 3435//3435 3382//3382 3455//3455
f 957//957 3379//3379 3457//3457
f 3379//3379 317//317 3456//3456
f 3456//3456 976//976 3457//3457
f 3379//3379 3456//3456 3457//3457
f 972//972 3455//3455 3453//3453
f 3455//3455 957//957 3457//3457
f 3457//3457 976//976 3453//3453
f 3455//3455 3457//3457 3453//3453
f 320//320 3449//3449 3444//3444
f 3449//3449 975//975 3458//3458
f 3458//3458 974//974 3444//3444
f 3449//3449 3458//3458 3444//3444
f 975//975 3451//3451 3459//3459
f 3451//3451 322//322 3454//3454
f 3454//3454 976//976 3459//3459
f 3451//3451 3454//3454 3459//3459
f 976//976 3456//3456 3460//3460
f 3456//3456 317//317 3446//3446
f 3446//3446 974//974 3460//3460
f 3456//3456 3446//3446 3460//3460
f 975//975 3459//3459 3458//3458
f 3459//3459 976//976 3460//3460
f 3460//3460 974//974 3458//3458
f 3459//3459 3460//3460 3458//3458
f 28//28 3461//3461 3169//3169
f 3461//3461 977//977 3462//3462
f 3462//3462 903//903 3169//3169
f 3461//3461 3462//3462 3169//3169
f 977//977 3463//3463 3465//3465
f 3463//3463 323//323 3464//3464
f 3464//3464 978//978 3465//3465
f 3463//3463 3464//3464 3465//3465
f 978//978 3466//3466 3467//3467
f 3466//3466 304//304 3172//3172
f 3172//3172 903//903 3467//3467
f 3466//3466 3172//3172 3467//3467
f 977//977 3465//3465 3462//3462
f 3465//3465 978//978 3467//3467
f 3467//3467 903//903 3462//3462
f 3465//3465 3467//3467 3462//3462
f 323//323 3468//3468 3470//3470
f 3468//3468 979//979 3469//3469
f 3469//3469 981//981 3470//3470
f 3468//3468 3469//3469 3470//3470
f 979//979 3471//3471 3473//3473
f 3471//3471 133//133 3472//3472
f 3472//3472 980//980 3473//3473
f 3471//3471 3472//3472 3473//3473
f 980//980 3474//3474 3476//3476
f 3474//3474 324//324 3475//3475
f 3475//3475 981//981 3476//3476
f 3474//3474 3475//3475 3476//3476
f 979//979 3473//3473 3469//3469
f 3473//3473 980//980 3476//3476
f 3476//3476 981//981 3469//3469
f 3473//3473 3476//3476 3469//3469
f 324//324 3477//3477 3479//3479
f 3477//3477 982//982 3478//3478
f 3478//3478 983//983 3479//3479
f 3477//3477 3478//3478 3479//3479
f 982//982 3480//3480 3481//3481
f 3480//3480 128//128 3181//3181
f 3181//3181 906//906 3481//3481
f 3480//3480 3181//3181 3481//3481
f 906//906 3178//3178 3483//3483
f 3178//3178 304//304 3482//3482
f 3482//3482 983//983 3483//3483
f 3178//3178 3482//3482 3483//3483
f 982//982 3481//3481 3478//3478
f 3481//3481 906//906 3483//3483
f 3483//3483 983//983 3478//3478
f 3481//3481 3483//3483 3478//3478
f 323//323 3470//3470 3464//3464
f 3470//3470 981//981 3484//3484
f 3484//3484 978//978 3464//3464
f 3470//3470 3484//3484 3464//3464
f 981//981 3475//3475 3485//3485
f 3475//3475 324//324 3479//3479
f 3479//3479 983//983 3485//3485
f 3475//3475 3479//3479 3485//3485
f 983//983 3482//3482 3486//3486
f 3482//3482 304//304 3466//3466
f 3466//3466 978//978 3486//3486
f 3482//3482 3466//3466 3486//3486
f 981//981 3485//3485 3484//3484
f 3485//3485 983//983 3486//3486
f 3486//3486 978//978 3484//3484
f 3485//3485 3486//3486 3484//3484
f 133//133 3487//3487 3489//3489
f 3487//3487 984//984 3488//3488
f 3488//3488 986//986 3489//3489
f 3487//3487 3488//3488 3489//3489
f 984//984 3490//3490 3492//3492
f 3490//3490 325//325 3491//3491
f 3491//3491 985//985 3492//3492
f 3490//3490 3491//3491 3492//3492
f 985//985 3493//3493 3495//3495
f 3493//3493 326//326 3494//3494
f 3494//3494 986//986 3495//3495
f 3493//3493 3494//3494 3495//3495
f 984//984 3492//3492 3488//3488
f 3492//3492 985//985 3495//3495
f 3495//3495 986//986 3488//3488
f 3492//3492 3495//3495 3488//3488
f 325//325 3496//3496 3498//3498
f 3496//3496 987//987 3497//3497
f 3497//3497 988//988 3498//3498
f 3496//3496 3497//3497 3498//3498
f 987//987 3499//3499 3500//3500
f 3499//3499 29//29 3363//3363
f 3363//3363 953//953 3500//3500
f 3499//3499 3363//3363 3500//3500
f 953//953 3368//3368 3502//3502
f 3368//3368 318//318 3501//3501
f 3501//3501 988//988 3502//3502
f 3368//3368 3501//3501 3502//3502
f 987//987 3500//3500 3497//3497
f 3500//3500 953//953 3502//3502
f 3502//3502 988//988 3497//3497
f 3500//3500 3502//3502 3497//3497
f 318//318 3385//3385 3504//3504
f 3385//3385 958//958 3503//3503
f 3503//3503 990//990 3504//3504
f 3385//3385 3503//3503 3504//3504
f 958//958 3383//3383 3506//3506
f 3383//3383 132//132 3505//3505
f 3505//3505 989//989 3506//3506
f 3383//3383 3505//3505 3506//3506
f 989//989 3507//3507 3509//3509
f 3507//3507 326//326 3508//3508
f 3508//3508 990//990 3509//3509
f 3507//3507 3508//3508 3509//3509
f 958//958 3506//3506 3503//3503
f 3506//3506 989//989 3509//3509
f 3509//3509 990//990 3503//3503
f 3506//3506 3509//3509 3503//3503
f 325//325 3498//3498 3491//3491
f 3498//3498 988//988 3510//3510
f 3510//3510 985//985 3491//3491
f 3498//3498 3510//3510 3491//3491
f 988//988 3501//3501 3511//3511
f 3501//3501 318//318 3504//3504
f 3504//3504 990//990 3511//3511
f 3501//3501 3504//3504 3511//3511
f 990//990 3508//3508 3512//3512
f 3508//3508 326//326 3493//3493
f 3493//3493 985//985 3512//3512
f 3508//3508 3493//3493 3512//3512
f 988//988 3511//3511 3510//3510
f 3511//3511 990//990 3512//3512
f 3512//3512 985//985 3510//3510
f 3511//3511 3512//3512 3510//3510
f 132//132 3434//3434 3514//3514
f 3434//3434 971//971 3513//3513
f 3513//3513 992//992 3514//3514
f 3434//3434 3513//3513 3514//3514
f 971//971 3431//3431 3516//3516
f 3431//3431 321//321 3515//3515
f 3515//3515 991//991 3516//3516
f 3431//3431 3515//3515 3516//3516
f 991//991 3517//3517 3519//3519
f 3517//3517 327//327 3518//3518
f 3518//3518 992//992 3519//3519
f 3517//3517 3518//3518 3519//3519
f 971//971 3516//3516 3513//3513
f 3516//3516 991//991 3519//3519
f 3519//3519 992//992 3513//3513
f 3516//3516 3519//3519 3513//3513
f 321//321 3428//3428 3521//3521
f 3428//3428 969//969 3520//3520
f 3520//3520 993//993 3521//3521
f 3428//3428 3520//3520 3521//3521
f 969//969 3426//3426 3522//3522
f 3426//3426 10//10 3211//3211
f 3211//3211 915//915 3522//3522
f 3426//3426 3211//3211 3522//3522
f 915//915 3208//3208 3524//3524
f 3208//3208 307//307 3523//3523
f 3523//3523 993//993 3524//3524
f 3208//3208 3523//3523 3524//3524
f 969//969 3522//3522 3520//3520
f 3522//3522 915//915 3524//3524
f 3524//3524 993//993 3520//3520
f 3522//3522 3524//3524 3520//3520
f 307//307 3202//3202 3526//3526
f 3202//3202 912//912 3525//3525
f 3525//3525 995//995 3526//3526
f 3202//3202 3525//3525 3526//3526
f 912//912 3199//3199 3528//3528
f 3199//3199 128//128 3527//3527
f 3527//3527 994//994 3528//3528
f 3199//3199 3527//3527 3528//3528
f 994//994 3529//3529 3531//3531
f 3529//3529 327//327 3530//3530
f 3530//3530 995//995 3531//3531
f 3529//3529 3530//3530 3531//3531
f 912//912 3528//3528 3525//3525
f 3528//3528 994//994 3531//3531
f 3531//3531 995//995 3525//3525
f 3528//3528 3531//3531 3525//3525
f 321//321 3521//3521 3515//3515
f 3521//3521 993//993 3532//3532
f 3532//3532 991//991 3515//3515
f 3521//3521 3532//3532 3515//3515
f 993//993 3523//3523 3533//3533
f 3523//3523 307//307 3526//3526
f 3526//3526 995//995 3533//3533
f 3523//3523 3526//3526 3533//3533
f 995//995 3530//3530 3534//3534
f 3530//3530 327//327 3517//3517
f 3517//3517 991//991 3534//3534
f 3530//3530 3517//3517 3534//3534
f 993//993 3533//3533 3532//3532
f 3533//3533 995//995 3534//3534
f 3534//3534 991//991 3532//3532
f 3533//3533 3534//3534 3532//3532
f 133//133 3489//3489 3472//3472
f 3489//3489 986//986 3535//3535
f 3535//3535 980//980 3472//3472
f 3489//3489 3535//3535 3472//3472
f 986//986 3494//3494 3537//3537
f 3494//3494 326//326 3536//3536
f 3536//3536 996//996 3537//3537
f 3494//3494 3536//3536 3537//3537
f 996//996 3538//3538 3539//3539
f 3538//3538 324//324 3474//3474
f 3474//3474 980//980 3539//3539
f 3538//3538 3474//3474 3539//3539
f 986//986 3537//3537 3535//3535
f 3537//3537 996//996 3539//3539
f 3539//3539 980//980 3535//3535
f 3537//3537 3539//3539 3535//3535
f 326//326 3507//3507 3541//3541
f 3507//3507 989//989 3540//3540
f 3540//3540 997//997 3541//3541
f 3507//3507 3540//3540 3541//3541
f 989//989 3505//3505 3542//3542
f 3505//3505 132//132 3514//3514
f 3514//3514 992//992 3542//3542
f 3505//3505 3514//3514 3542//3542
f 992//992 3518//3518 3544//3544
f 3518//3518 327//327 3543//3543
f 3543//3543 997//997 3544//3544
f 3518//3518 3543//3543 3544//3544
f 989//989 3542//3542 3540//3540
f 3542//3542 992//992 3544//3544
f 3544//3544 997//997 3540//3540
f 3542//3542 3544//3544 3540//3540
f 327//327 3529//3529 3546//3546
f 3529//3529 994//994 3545//3545
f 3545//3545 998//998 3546//3546
f 3529//3529 3545//3545 3546//3546
f 994//994 3527//3527 3547//3547
f 3527//3527 128//128 3480//3480
f 3480//3480 982//982 3547//3547
f 3527//3527 3480//3480 3547//3547
f 982//982 3477//3477 3549//3549
f 3477//3477 324//324 3548//3548
f 3548//3548 998//998 3549//3549
f 3477//3477 3548//3548 3549//3549
f 994//994 3547//3547 3545//3545
f 3547//3547 982//982 3549//3549
f 3549//3549 998//998 3545//3545
f 3547//3547 3549//3549 3545//3545
f 326//326 3541//3541 3536//3536
f 3541//3541 997//997 3550//3550
f 3550//3550 996//996 3536//3536
f 3541//3541 3550//3550 3536//3536
f 997//997 3543//3543 3551//3551
f 3543//3543 327//327 3546//3546
f 3546//3546 998//998 3551//3551
f 3543//3543 3546//3546 3551//3551
f 998//998 3548//3548 3552//3552
f 3548//3548 324//324 3538//3538
f 3538//3538 996//996 3552//3552
f 3548//3548 3538//3538 3552//3552
f 997//997 3551//3551 3550//3550
f 3551//3551 998//998 3552//3552
f 3552//3552 996//996 3550//3550
f 3551//3551 3552//3552 3550//3550
f 3553//3553 999//999 30//30
f 30//30 12//12 2111//2111
f 2111//2111 629//629 3554//3554
f 30//30 2111//2111 3554//3554
f 629//629 2108//2108 3556//3556
f 2108//2108 230//230 3555//3555
f 3555//3555 999//999 3556//3556
f 2108//2108 3555//3555 3556//3556
f 30//30 3554//3554 3553//3553
f 3554//3554 629//629 3556//3556
f 3556//3556 999//999 3553//3553
f 3554//3554 3556//3556 3553//3553
f 230//230 2102//2102 3558//3558
f 2102//2102 626//626 3557//3557
f 3557//3557 1001//1001 3558//3558
f 2102//2102 3557//3557 3558//3558
f 626//626 2099//2099 3560//3560
f 2099//2099 107//107 3559//3559
f 3559//3559 1000//1000 3560//3560
f 2099//2099 3559//3559 3560//3560
f 1000//1000 30//30 3562//3562
f 3561//3561 1001//1001 3562//3562
f 30//30 3561//3561 3562//3562
f 626//626 3560//3560 3557//3557
f 3560//3560 1000//1000 3562//3562
f 3562//3562 1001//1001 3557//3557
f 3560//3560 3562//3562 3557//3557
f 999//999 3555//3555 3563//3563
f 3555//3555 230//230 3558//3558
f 3558//3558 1001//1001 3563//3563
f 3555//3555 3558//3558 3563//3563
f 1001//1001 3561//3561 30//30
f 999//999 3563//3563 30//30
f 3563//3563 1001//1001 30//30
f 107//107 2083//2083 3565//3565
f 2083//2083 621//621 3564//3564
f 3564//3564 1003//1003 3565//3565
f 2083//2083 3564//3564 3565//3565
f 621//621 2080//2080 3567//3567
f 2080//2080 228//228 3566//3566
f 3566//3566 1002//1002 3567//3567
f 2080//2080 3566//3566 3567//3567
f 1002//1002 30//30 3569//3569
f 3568//3568 1003//1003 3569//3569
f 30//30 3568//3568 3569//3569
f 621//621 3567//3567 3564//3564
f 3567//3567 1002//1002 3569//3569
f 3569//3569 1003//1003 3564//3564
f 3567//3567 3569//3569 3564//3564
f 228//228 2075//2075 3571//3571
f 2075//2075 619//619 3570//3570
f 3570//3570 1004//1004 3571//3571
f 2075//2075 3570//3570 3571//3571
f 619//619 2073//2073 3572//3572
f 2073//2073 11//11 30//30
f 2073//2073 30//30 3572//3572
f 619//619 3572//3572 3570//3570
f 30//30 1004//1004 3570//3570
f 3572//3572 30//30 3570//3570
f 228//228 3571//3571 3566//3566
f 3571//3571 1004//1004 3573//3573
f 3573//3573 1002//1002 3566//3566
f 3571//3571 3573//3573 3566//3566
f 1004//1004 30//30 3573//3573
f 30//30 1002//1002 3573//3573
f 30//30 1000//1000 3574//3574
f 1000//1000 3559//3559 3575//3575
f 3559//3559 107//107 3565//3565
f 3565//3565 1003//1003 3575//3575
f 3559//3559 3565//3565 3575//3575
f 1003//1003 3568//3568 3577//3577
f 3568//3568 30//30 3576//3576
f 3576//3576 30//30 3577//3577
f 3568//3568 3576//3576 3577//3577
f 1000//1000 3575//3575 3574//3574
f 3575//3575 1003//1003 3577//3577
f 3577//3577 30//30 3574//3574
f 3575//3575 3577//3577 3574//3574
f 29//29 30//30 3361//3361
f 3578//3578 951//951 3361//3361
f 30//30 3578//3578 3361//3361
f 3579//3579 1005//1005 3580//3580
f 30//30 3579//3579 3580//3580
f 1005//1005 3581//3581 3582//3582
f 3581//3581 316//316 3364//3364
f 3364//3364 951//951 3582//3582
f 3581//3581 3364//3364 3582//3582
f 30//30 3580//3580 3578//3578
f 3580//3580 1005//1005 3582//3582
f 3582//3582 951//951 3578//3578
f 3580//3580 3582//3582 3578//3578
f 3583//3583 1007//1007 3584//3584
f 30//30 3583//3583 3584//3584
f 3585//3585 1006//1006 3586//3586
f 30//30 3585//3585 3586//3586
f 1006//1006 3587//3587 3589//3589
f 3587//3587 328//328 3588//3588
f 3588//3588 1007//1007 3589//3589
f 3587//3587 3588//3588 3589//3589
f 30//30 3586//3586 3583//3583
f 3586//3586 1006//1006 3589//3589
f 3589//3589 1007//1007 3583//3583
f 3586//3586 3589//3589 3583//3583
f 328//328 3590//3590 3592//3592
f 3590//3590 1008//1008 3591//3591
f 3591//3591 1009//1009 3592//3592
f 3590//3590 3591//3591 3592//3592
f 1008//1008 3593//3593 3594//3594
f 3593//3593 131//131 3373//3373
f 3373//3373 954//954 3594//3594
f 3593//3593 3373//3373 3594//3594
f 954//954 3370//3370 3596//3596
f 3370//3370 316//316 3595//3595
f 3595//3595 1009//1009 3596//3596
f 3370//3370 3595//3595 3596//3596
f 1008//1008 3594//3594 3591//3591
f 3594//3594 954//954 3596//3596
f 3596//3596 1009//1009 3591//3591
f 3594//3594 3596//3596 3591//3591
f 30//30 3584//3584 3579//3579
f 3584//3584 1007//1007 3597//3597
f 3597//3597 1005//1005 3579//3579
f 3584//3584 3597//3597 3579//3579
f 1007//1007 3588//3588 3598//3598
f 3588//3588 328//328 3592//3592
f 3592//3592 1009//1009 3598//3598
f 3588//3588 3592//3592 3598//3598
f 1009//1009 3595//3595 3599//3599
f 3595//3595 316//316 3581//3581
f 3581//3581 1005//1005 3599//3599
f 3595//3595 3581//3581 3599//3599
f 1007//1007 3598//3598 3597//3597
f 3598//3598 1009//1009 3599//3599
f 3599//3599 1005//1005 3597//3597
f 3598//3598 3599//3599 3597//3597
f 3600//3600 1011//1011 3601//3601
f 30//30 3600//3600 3601//3601
f 30//30 1010//1010 3602//3602
f 1010//1010 3603//3603 3605//3605
f 3603//3603 329//329 3604//3604
f 3604//3604 1011//1011 3605//3605
f 3603//3603 3604//3604 3605//3605
f 30//30 3602//3602 3600//3600
f 3602//3602 1010//1010 3605//3605
f 3605//3605 1011//1011 3600//3600
f 3602//3602 3605//3605 3600//3600
f 30//30 329//329 3603//3603
f 3603//3603 1010//1010 30//30
f 3606//3606 1012//1012 30//30
f 1012//1012 3607//3607 30//30
f 3607//3607 330//330 3608//3608
f 3607//3607 3608//3608 30//30
f 3609//3609 1013//1013 3610//3610
f 30//30 3609//3609 3610//3610
f 30//30 11//11 3403//3403
f 3403//3403 963//963 3611//3611
f 30//30 3403//3403 3611//3611
f 963//963 3400//3400 3613//3613
f 3400//3400 319//319 3612//3612
f 3612//3612 1013//1013 3613//3613
f 3400//3400 3612//3612 3613//3613
f 30//30 3611//3611 3609//3609
f 3611//3611 963//963 3613//3613
f 3613//3613 1013//1013 3609//3609
f 3611//3611 3613//3613 3609//3609
f 319//319 3394//3394 3615//3615
f 3394//3394 960//960 3614//3614
f 3614//3614 1015//1015 3615//3615
f 3394//3394 3614//3614 3615//3615
f 960//960 3391//3391 3617//3617
f 3391//3391 131//131 3616//3616
f 3616//3616 1014//1014 3617//3617
f 3391//3391 3616//3616 3617//3617
f 1014//1014 3618//3618 3620//3620
f 3618//3618 330//330 3619//3619
f 3619//3619 1015//1015 3620//3620
f 3618//3618 3619//3619 3620//3620
f 960//960 3617//3617 3614//3614
f 3617//3617 1014//1014 3620//3620
f 3620//3620 1015//1015 3614//3614
f 3617//3617 3620//3620 3614//3614
f 30//30 3610//3610 3606//3606
f 3610//3610 1013//1013 3621//3621
f 3621//3621 1012//1012 3606//3606
f 3610//3610 3621//3621 3606//3606
f 1013//1013 3612//3612 3622//3622
f 3612//3612 319//319 3615//3615
f 3615//3615 1015//1015 3622//3622
f 3612//3612 3615//3615 3622//3622
f 1015//1015 3619//3619 3623//3623
f 3619//3619 330//330 3607//3607
f 3607//3607 1012//1012 3623//3623
f 3619//3619 3607//3607 3623//3623
f 1013//1013 3622//3622 3621//3621
f 3622//3622 1015//1015 3623//3623
f 3623//3623 1012//1012 3621//3621
f 3622//3622 3623//3623 3621//3621
f 30//30 3601//3601 3585//3585
f 3601//3601 1011//1011 3624//3624
f 3624//3624 1006//1006 3585//3585
f 3601//3601 3624//3624 3585//3585
f 1011//1011 3604//3604 3626//3626
f 3604//3604 329//329 3625//3625
f 3625//3625 1016//1016 3626//3626
f 3604//3604 3625//3625 3626//3626
f 1016//1016 3627//3627 3628//3628
f 3627//3627 328//328 3587//3587
f 3587//3587 1006//1006 3628//3628
f 3627//3627 3587//3587 3628//3628
f 1011//1011 3626//3626 3624//3624
f 3626//3626 1016//1016 3628//3628
f 3628//3628 1006//1006 3624//3624
f 3626//3626 3628//3628 3624//3624
f 329//329 30//30 3629//3629
f 30//30 1017//1017 3629//3629
f 3608//3608 330//330 3630//3630
f 3630//3630 1017//1017 30//30
f 3608//3608 3630//3630 30//30
f 330//330 3618//3618 3632//3632
f 3618//3618 1014//1014 3631//3631
f 3631//3631 1018//1018 3632//3632
f 3618//3618 3631//3631 3632//3632
f 1014//1014 3616//3616 3633//3633
f 3616//3616 131//131 3593//3593
f 3593//3593 1008//1008 3633//3633
f 3616//3616 3593//3593 3633//3633
f 1008//1008 3590//3590 3635//3635
f 3590//3590 328//328 3634//3634
f 3634//3634 1018//1018 3635//3635
f 3590//3590 3634//3634 3635//3635
f 1014//1014 3633//3633 3631//3631
f 3633//3633 1008//1008 3635//3635
f 3635//3635 1018//1018 3631//3631
f 3633//3633 3635//3635 3631//3631
f 329//329 3629//3629 3625//3625
f 3629//3629 1017//1017 3636//3636
f 3636//3636 1016//1016 3625//3625
f 3629//3629 3636//3636 3625//3625
f 1017//1017 3630//3630 3637//3637
f 3630//3630 330//330 3632//3632
f 3632//3632 1018//1018 3637//3637
f 3630//3630 3632//3632 3637//3637
f 1018//1018 3634//3634 3638//3638
f 3634//3634 328//328 3627//3627
f 3627//3627 1016//1016 3638//3638
f 3634//3634 3627//3627 3638//3638
f 1017//1017 3637//3637 3636//3636
f 3637//3637 1018//1018 3638//3638
f 3638//3638 1016//1016 3636//3636
f 3637//3637 3638//3638 3636//3636
f 31//31 3639//3639 3641//3641
f 3639//3639 1019//1019 3640//3640
f 3640//3640 1021//1021 3641//3641
f 3639//3639 3640//3640 3641//3641
f 1019//1019 3642//3642 3644//3644
f 3642//3642 331//331 3643//3643
f 3643//3643 1020//1020 3644//3644
f 3642//3642 3643//3643 3644//3644
f 1020//1020 3645//3645 3647//3647
f 3645//3645 333//333 3646//3646
f 3646//3646 1021//1021 3647//3647
f 3645//3645 3646//3646 3647//3647
f 1019//1019 3644//3644 3640//3640
f 3644//3644 1020//1020 3647//3647
f 3647//3647 1021//1021 3640//3640
f 3644//3644 3647//3647 3640//3640
f 331//331 3648//3648 3650//3650
f 3648//3648 1022//1022 3649//3649
f 3649//3649 1024//1024 3650//3650
f 3648//3648 3649//3649 3650//3650
f 1022//1022 3651//3651 3653//3653
f 3651//3651 134//134 3652//3652
f 3652//3652 1023//1023 3653//3653
f 3651//3651 3652//3652 3653//3653
f 1023//1023 3654//3654 3656//3656
f 3654//3654 332//332 3655//3655
f 3655//3655 1024//1024 3656//3656
f 3654//3654 3655//3655 3656//3656
f 1022//1022 3653//3653 3649//3649
f 3653//3653 1023//1023 3656//3656
f 3656//3656 1024//1024 3649//3649
f 3653//3653 3656//3656 3649//3649
f 332//332 3657//3657 3659//3659
f 3657//3657 1025//1025 3658//3658
f 3658//3658 1027//1027 3659//3659
f 3657//3657 3658//3658 3659//3659
f 1025//1025 3660//3660 3662//3662
f 3660//3660 135//135 3661//3661
f 3661//3661 1026//1026 3662//3662
f 3660//3660 3661//3661 3662//3662
f 1026//1026 3663//3663 3665//3665
f 3663//3663 333//333 3664//3664
f 3664//3664 1027//1027 3665//3665
f 3663//3663 3664//3664 3665//3665
f 1025//1025 3662//3662 3658//3658
f 3662//3662 1026//1026 3665//3665
f 3665//3665 1027//1027 3658//3658
f 3662//3662 3665//3665 3658//3658
f 331//331 3650//3650 3643//3643
f 3650//3650 1024//1024 3666//3666
f 3666//3666 1020//1020 3643//3643
f 3650//3650 3666//3666 3643//3643
f 1024//1024 3655//3655 3667//3667
f 3655//3655 332//332 3659//3659
f 3659//3659 1027//1027 3667//3667
f 3655//3655 3659//3659 3667//3667
f 1027//1027 3664//3664 3668//3668
f 3664//3664 333//333 3645//3645
f 3645//3645 1020//1020 3668//3668
f 3664//3664 3645//3645 3668//3668
f 1024//1024 3667//3667 3666//3666
f 3667//3667 1027//1027 3668//3668
f 3668//3668 1020//1020 3666//3666
f 3667//3667 3668//3668 3666//3666
f 134//134 3669//3669 3671//3671
f 3669//3669 1028//1028 3670//3670
f 3670//3670 1030//1030 3671//3671
f 3669//3669 3670//3670 3671//3671
f 1028//1028 3672//3672 3674//3674
f 3672//3672 334//334 3673//3673
f 3673//3673 1029//1029 3674//3674
f 3672//3672 3673//3673 3674//3674
f 1029//1029 3675//3675 3677//3677
f 3675//3675 335//335 3676//3676
f 3676//3676 1030//1030 3677//3677
f 3675//3675 3676//3676 3677//3677
f 1028//1028 3674//3674 3670//3670
f 3674//3674 1029//1029 3677//3677
f 3677//3677 1030//1030 3670//3670
f 3674//3674 3677//3677 3670//3670
f 334//334 3678//3678 3680//3680
f 3678//3678 1031//1031 3679//3679
f 3679//3679 1032//1032 3680//3680
f 3678//3678 3679//3679 3680//3680
f 1031//1031 3681//3681 3682//3682
f 3681//3681 13//13 2209//2209
f 2209//2209 654//654 3682//3682
f 3681//3681 2209//2209 3682//3682
f 654//654 2206//2206 3684//3684
f 2206//2206 237//237 3683//3683
f 3683//3683 1032//1032 3684//3684
f 2206//2206 3683//3683 3684//3684
f 1031//1031 3682//3682 3679//3679
f 3682//3682 654//654 3684//3684
f 3684//3684 1032//1032 3679//3679
f 3682//3682 3684//3684 3679//3679
f 237//237 2200//2200 3686//3686
f 2200//2200 651//651 3685//3685
f 3685//3685 1034//1034 3686//3686
f 2200//2200 3685//3685 3686//3686
f 651//651 2197//2197 3688//3688
f 2197//2197 109//109 3687//3687
f 3687//3687 1033//1033 3688//3688
f 2197//2197 3687//3687 3688//3688
f 1033//1033 3689//3689 3691//3691
f 3689//3689 335//335 3690//3690
f 3690//3690 1034//1034 3691//3691
f 3689//3689 3690//3690 3691//3691
f 651//651 3688//3688 3685//3685
f 3688//3688 1033//1033 3691//3691
f 3691//3691 1034//1034 3685//3685
f 3688//3688 3691//3691 3685//3685
f 334//334 3680//3680 3673//3673
f 3680//3680 1032//1032 3692//3692
f 3692//3692 1029//1029 3673//3673
f 3680//3680 3692//3692 3673//3673
f 1032//1032 3683//3683 3693//3693
f 3683//3683 237//237 3686//3686
f 3686//3686 1034//1034 3693//3693
f 3683//3683 3686//3686 3693//3693
f 1034//1034 3690//3690 3694//3694
f 3690//3690 335//335 3675//3675
f 3675//3675 1029//1029 3694//3694
f 3690//3690 3675//3675 3694//3694
f 1032//1032 3693//3693 3692//3692
f 3693//3693 1034//1034 3694//3694
f 3694//3694 1029//1029 3692//3692
f 3693//3693 3694//3694 3692//3692
f 109//109 2181//2181 3696//3696
f 2181//2181 646//646 3695//3695
f 3695//3695 1036//1036 3696//3696
f 2181//2181 3695//3695 3696//3696
f 646//646 2178//2178 3698//3698
f 2178//2178 235//235 3697//3697
f 3697//3697 1035//1035 3698//3698
f 2178//2178 3697//3697 3698//3698
f 1035//1035 3699//3699 3701//3701
f 3699//3699 337//337 3700//3700
f 3700//3700 1036//1036 3701//3701
f 3699//3699 3700//3700 3701//3701
f 646//646 3698//3698 3695//3695
f 3698//3698 1035//1035 3701//3701
f 3701//3701 1036//1036 3695//3695
f 3698//3698 3701//3701 3695//3695
f 235//235 2173//2173 3703//3703
f 2173//2173 644//644 3702//3702
f 3702//3702 1038//1038 3703//3703
f 2173//2173 3702//3702 3703//3703
f 644//644 2171//2171 3705//3705
f 2171//2171 12//12 3704//3704
f 3704//3704 1037//1037 3705//3705
f 2171//2171 3704//3704 3705//3705
f 1037//1037 3706//3706 3708//3708
f 3706//3706 336//336 3707//3707
f 3707//3707 1038//1038 3708//3708
f 3706//3706 3707//3707 3708//3708
f 644//644 3705//3705 3702//3702
f 3705//3705 1037//1037 3708//3708
f 3708//3708 1038//1038 3702//3702
f 3705//3705 3708//3708 3702//3702
f 336//336 3709//3709 3711//3711
f 3709//3709 1039//1039 3710//3710
f 3710//3710 1041//1041 3711//3711
f 3709//3709 3710//3710 3711//3711
f 1039//1039 3712//3712 3714//3714
f 3712//3712 135//135 3713//3713
f 3713//3713 1040//1040 3714//3714
f 3712//3712 3713//3713 3714//3714
f 1040//1040 3715//3715 3717//3717
f 3715//3715 337//337 3716//3716
f 3716//3716 1041//1041 3717//3717
f 3715//3715 3716//3716 3717//3717
f 1039//1039 3714//3714 3710//3710
f 3714//3714 1040//1040 3717//3717
f 3717//3717 1041//1041 3710//3710
f 3714//3714 3717//3717 3710//3710
f 235//235 3703//3703 3697//3697
f 3703//3703 1038//1038 3718//3718
f 3718//3718 1035//1035 3697//3697
f 3703//3703 3718//3718 3697//3697
f 1038//1038 3707//3707 3719//3719
f 3707//3707 336//336 3711//3711
f 3711//3711 1041//1041 3719//3719
f 3707//3707 3711//3711 3719//3719
f 1041//1041 3716//3716 3720//3720
f 3716//3716 337//337 3699//3699
f 3699//3699 1035//1035 3720//3720
f 3716//3716 3699//3699 3720//3720
f 1038//1038 3719//3719 3718//3718
f 3719//3719 1041//1041 3720//3720
f 3720//3720 1035//1035 3718//3718
f 3719//3719 3720//3720 3718//3718
f 134//134 3671//3671 3652//3652
f 3671//3671 1030//1030 3721//3721
f 3721//3721 1023//1023 3652//3652
f 3671//3671 3721//3721 3652//3652
f 1030//1030 3676//3676 3723//3723
f 3676//3676 335//335 3722//3722
f 3722//3722 1042//1042 3723//3723
f 3676//3676 3722//3722 3723//3723
f 1042//1042 3724//3724 3725//3725
f 3724//3724 332//332 3654//3654
f 3654//3654 1023//1023 3725//3725
f 3724//3724 3654//3654 3725//3725
f 1030//1030 3723//3723 3721//3721
f 3723//3723 1042//1042 3725//3725
f 3725//3725 1023//1023 3721//3721
f 3723//3723 3725//3725 3721//3721
f 335//335 3689//3689 3727//3727
f 3689//3689 1033//1033 3726//3726
f 3726//3726 1043//1043 3727//3727
f 3689//3689 3726//3726 3727//3727
f 1033//1033 3687//3687 3728//3728
f 3687//3687 109//109 3696//3696
f 3696//3696 1036//1036 3728//3728
f 3687//3687 3696//3696 3728//3728
f 1036//1036 3700//3700 3730//3730
f 3700//3700 337//337 3729//3729
f 3729//3729 1043//1043 3730//3730
f 3700//3700 3729//3729 3730//3730
f 1033//1033 3728//3728 3726//3726
f 3728//3728 1036//1036 3730//3730
f 3730//3730 1043//1043 3726//3726
f 3728//3728 3730//3730 3726//3726
f 337//337 3715//3715 3732//3732
f 3715//3715 1040//1040 3731//3731
f 3731//3731 1044//1044 3732//3732
f 3715//3715 3731//3731 3732//3732
f 1040//1040 3713//3713 3733//3733
f 3713//3713 135//135 3660//3660
f 3660//3660 1025//1025 3733//3733
f 3713//3713 3660//3660 3733//3733
f 1025//1025 3657//3657 3735//3735
f 3657//3657 332//332 3734//3734
f 3734//3734 1044//1044 3735//3735
f 3657//3657 3734//3734 3735//3735
f 1040//1040 3733//3733 3731//3731
f 3733//3733 1025//1025 3735//3735
f 3735//3735 1044//1044 3731//3731
f 3733//3733 3735//3735 3731//3731
f 335//335 3727//3727 3722//3722
f 3727//3727 1043//1043 3736//3736
f 3736//3736 1042//1042 3722//3722
f 3727//3727 3736//3736 3722//3722
f 1043//1043 3729//3729 3737//3737
f 3729//3729 337//337 3732//3732
f 3732//3732 1044//1044 3737//3737
f 3729//3729 3732//3732 3737//3737
f 1044//1044 3734//3734 3738//3738
f 3734//3734 332//332 3724//3724
f 3724//3724 1042//1042 3738//3738
f 3734//3734 3724//3724 3738//3738
f 1043//1043 3737//3737 3736//3736
f 3737//3737 1044//1044 3738//3738
f 3738//3738 1042//1042 3736//3736
f 3737//3737 3738//3738 3736//3736
f 338//338 3739//3739 3740//3740
f 3739//3739 30//30 3740//3740
f 30//30 338//338 3740//3740
f 1045//1045 3741//3741 3743//3743
f 3741//3741 339//339 3742//3742
f 3742//3742 30//30 3743//3743
f 3741//3741 3742//3742 3743//3743
f 30//30 1045//1045 3743//3743
f 30//30 31//31 3641//3641
f 3641//3641 1021//1021 3744//3744
f 30//30 3641//3641 3744//3744
f 1021//1021 3646//3646 3746//3746
f 3646//3646 333//333 3745//3745
f 3745//3745 1046//1046 3746//3746
f 3646//3646 3745//3745 3746//3746
f 3744//3744 1021//1021 3746//3746
f 3746//3746 1046//1046 30//30
f 3744//3744 3746//3746 30//30
f 333//333 3663//3663 3748//3748
f 3663//3663 1026//1026 3747//3747
f 3747//3747 1048//1048 3748//3748
f 3663//3663 3747//3747 3748//3748
f 1026//1026 3661//3661 3750//3750
f 3661//3661 135//135 3749//3749
f 3749//3749 1047//1047 3750//3750
f 3661//3661 3749//3749 3750//3750
f 1047//1047 3751//3751 3753//3753
f 3751//3751 339//339 3752//3752
f 3752//3752 1048//1048 3753//3753
f 3751//3751 3752//3752 3753//3753
f 1026//1026 3750//3750 3747//3747
f 3750//3750 1047//1047 3753//3753
f 3753//3753 1048//1048 3747//3747
f 3750//3750 3753//3753 3747//3747
f 30//30 1046//1046 3754//3754
f 3754//3754 1045//1045 30//30
f 1046//1046 3745//3745 3755//3755
f 3745//3745 333//333 3748//3748
f 3748//3748 1048//1048 3755//3755
f 3745//3745 3748//3748 3755//3755
f 1048//1048 3752//3752 3756//3756
f 3752//3752 339//339 3741//3741
f 3741//3741 1045//1045 3756//3756
f 3752//3752 3741//3741 3756//3756
f 1046//1046 3755//3755 3754//3754
f 3755//3755 1048//1048 3756//3756
f 3756//3756 1045//1045 3754//3754
f 3755//3755 3756//3756 3754//3754
f 135//135 3712//3712 3758//3758
f 3712//3712 1039//1039 3757//3757
f 3757//3757 1050//1050 3758//3758
f 3712//3712 3757//3757 3758//3758
f 1039//1039 3709//3709 3760//3760
f 3709//3709 336//336 3759//3759
f 3759//3759 1049//1049 3760//3760
f 3709//3709 3759//3759 3760//3760
f 1049//1049 3761//3761 3763//3763
f 3761//3761 340//340 3762//3762
f 3762//3762 1050//1050 3763//3763
f 3761//3761 3762//3762 3763//3763
f 1039//1039 3760//3760 3757//3757
f 3760//3760 1049//1049 3763//3763
f 3763//3763 1050//1050 3757//3757
f 3760//3760 3763//3763 3757//3757
f 336//336 3706//3706 3765//3765
f 3706//3706 1037//1037 3764//3764
f 3764//3764 1051//1051 3765//3765
f 3706//3706 3764//3764 3765//3765
f 1037//1037 3704//3704 3766//3766
f 3704//3704 12//12 30//30
f 3704//3704 30//30 3766//3766
f 1037//1037 3766//3766 3764//3764
f 30//30 1051//1051 3764//3764
f 3766//3766 30//30 3764//3764
f 3767//3767 340//340 3768//3768
f 3767//3767 3768//3768 30//30
f 336//336 3765//3765 3759//3759
f 3765//3765 1051//1051 3769//3769
f 3769//3769 1049//1049 3759//3759
f 3765//3765 3769//3769 3759//3759
f 1051//1051 30//30 3770//3770
f 30//30 3768//3768 3771//3771
f 3768//3768 340//340 3761//3761
f 3761//3761 1049//1049 3771//3771
f 3768//3768 3761//3761 3771//3771
f 1051//1051 3770//3770 3769//3769
f 3770//3770 30//30 3771//3771
f 3771//3771 1049//1049 3769//3769
f 3770//3770 3771//3771 3769//3769
f 30//30 3742//3742 3773//3773
f 3742//3742 339//339 3772//3772
f 3772//3772 1052//1052 3773//3773
f 3742//3742 3772//3772 3773//3773
f 1052//1052 3774//3774 3775//3775
f 3774//3774 338//338 30//30
f 3774//3774 30//30 3775//3775
f 3773//3773 1052//1052 3775//3775
f 3773//3773 3775//3775 30//30
f 339//339 3751//3751 3777//3777
f 3751//3751 1047//1047 3776//3776
f 3776//3776 1053//1053 3777//3777
f 3751//3751 3776//3776 3777//3777
f 1047//1047 3749//3749 3778//3778
f 3749//3749 135//135 3758//3758
f 3758//3758 1050//1050 3778//3778
f 3749//3749 3758//3758 3778//3778
f 1050//1050 3762//3762 3780//3780
f 3762//3762 340//340 3779//3779
f 3779//3779 1053//1053 3780//3780
f 3762//3762 3779//3779 3780//3780
f 1047//1047 3778//3778 3776//3776
f 3778//3778 1050//1050 3780//3780
f 3780//3780 1053//1053 3776//3776
f 3778//3778 3780//3780 3776//3776
f 340//340 3767//3767 3782//3782
f 3767//3767 30//30 3781//3781
f 3781//3781 1054//1054 3782//3782
f 3767//3767 3781//3781 3782//3782
f 30//30 3739//3739 3784//3784
f 3739//3739 338//338 3783//3783
f 3783//3783 1054//1054 3784//3784
f 3739//3739 3783//3783 3784//3784
f 3784//3784 1054//1054 3781//3781
f 30//30 3784//3784 3781//3781
f 339//339 3777//3777 3772//3772
f 3777//3777 1053//1053 3785//3785
f 3785//3785 1052//1052 3772//3772
f 3777//3777 3785//3785 3772//3772
f 1053//1053 3779//3779 3786//3786
f 3779//3779 340//340 3782//3782
f 3782//3782 1054//1054 3786//3786
f 3779//3779 3782//3782 3786//3786
f 1054//1054 3783//3783 3787//3787
f 3783//3783 338//338 3774//3774
f 3774//3774 1052//1052 3787//3787
f 3783//3783 3774//3774 3787//3787
f 1053//1053 3786//3786 3785//3785
f 3786//3786 1054//1054 3787//3787
f 3787//3787 1052//1052 3785//3785
f 3786//3786 3787//3787 3785//3785
f 21//21 2450//2450 3789//3789
f 2450//2450 719//719 3788//3788
f 3788//3788 1056//1056 3789//3789
f 2450//2450 3788//3788 3789//3789
f 719//719 2455//2455 3791//3791
f 2455//2455 258//258 3790//3790
f 3790//3790 1055//1055 3791//3791
f 2455//2455 3790//3790 3791//3791
f 1055//1055 3792//3792 3794//3794
f 3792//3792 342//342 3793//3793
f 3793//3793 1056//1056 3794//3794
f 3792//3792 3793//3793 3794//3794
f 719//719 3791//3791 3788//3788
f 3791//3791 1055//1055 3794//3794
f 3794//3794 1056//1056 3788//3788
f 3791//3791 3794//3794 3788//3788
f 258//258 2472//2472 3796//3796
f 2472//2472 724//724 3795//3795
f 3795//3795 1058//1058 3796//3796
f 2472//2472 3795//3795 3796//3796
f 724//724 2470//2470 3798//3798
f 2470//2470 116//116 3797//3797
f 3797//3797 1057//1057 3798//3798
f 2470//2470 3797//3797 3798//3798
f 1057//1057 3799//3799 3801//3801
f 3799//3799 341//341 3800//3800
f 3800//3800 1058//1058 3801//3801
f 3799//3799 3800//3800 3801//3801
f 724//724 3798//3798 3795//3795
f 3798//3798 1057//1057 3801//3801
f 3801//3801 1058//1058 3795//3795
f 3798//3798 3801//3801 3795//3795
f 341//341 3802//3802 3804//3804
f 3802//3802 1059//1059 3803//3803
f 3803//3803 1061//1061 3804//3804
f 3802//3802 3803//3803 3804//3804
f 1059//1059 3805//3805 3807//3807
f 3805//3805 136//136 3806//3806
f 3806//3806 1060//1060 3807//3807
f 3805//3805 3806//3806 3807//3807
f 1060//1060 3808//3808 3810//3810
f 3808//3808 342//342 3809//3809
f 3809//3809 1061//1061 3810//3810
f 3808//3808 3809//3809 3810//3810
f 1059//1059 3807//3807 3803//3803
f 3807//3807 1060//1060 3810//3810
f 3810//3810 1061//1061 3803//3803
f 3807//3807 3810//3810 3803//3803
f 258//258 3796//3796 3790//3790
f 3796//3796 1058//1058 3811//3811
f 3811//3811 1055//1055 3790//3790
f 3796//3796 3811//3811 3790//3790
f 1058//1058 3800//3800 3812//3812
f 3800//3800 341//341 3804//3804
f 3804//3804 1061//1061 3812//3812
f 3800//3800 3804//3804 3812//3812
f 1061//1061 3809//3809 3813//3813
f 3809//3809 342//342 3792//3792
f 3792//3792 1055//1055 3813//3813
f 3809//3809 3792//3792 3813//3813
f 1058//1058 3812//3812 3811//3811
f 3812//3812 1061//1061 3813//3813
f 3813//3813 1055//1055 3811//3811
f 3812//3812 3813//3813 3811//3811
f 116//116 2519//2519 3815//3815
f 2519//2519 736//736 3814//3814
f 3814//3814 1063//1063 3815//3815
f 2519//2519 3814//3814 3815//3815
f 736//736 2516//2516 3817//3817
f 2516//2516 261//261 3816//3816
f 3816//3816 1062//1062 3817//3817
f 2516//2516 3816//3816 3817//3817
f 1062//1062 3818//3818 3820//3820
f 3818//3818 343//343 3819//3819
f 3819//3819 1063//1063 3820//3820
f 3818//3818 3819//3819 3820//3820
f 736//736 3817//3817 3814//3814
f 3817//3817 1062//1062 3820//3820
f 3820//3820 1063//1063 3814//3814
f 3817//3817 3820//3820 3814//3814
f 261//261 2513//2513 3822//3822
f 2513//2513 734//734 3821//3821
f 3821//3821 1064//1064 3822//3822
f 2513//2513 3821//3821 3822//3822
f 734//734 2511//2511 3823//3823
f 2511//2511 1//1 2300//2300
f 2300//2300 677//677 3823//3823
f 2511//2511 2300//2300 3823//3823
f 677//677 2297//2297 3825//3825
f 2297//2297 244//244 3824//3824
f 3824//3824 1064//1064 3825//3825
f 2297//2297 3824//3824 3825//3825
f 734//734 3823//3823 3821//3821
f 3823//3823 677//677 3825//3825
f 3825//3825 1064//1064 3821//3821
f 3823//3823 3825//3825 3821//3821
f 244//244 2291//2291 3827//3827
f 2291//2291 674//674 3826//3826
f 3826//3826 1066//1066 3827//3827
f 2291//2291 3826//3826 3827//3827
f 674//674 2288//2288 3829//3829
f 2288//2288 111//111 3828//3828
f 3828//3828 1065//1065 3829//3829
f 2288//2288 3828//3828 3829//3829
f 1065//1065 3830//3830 3832//3832
f 3830//3830 343//343 3831//3831
f 3831//3831 1066//1066 3832//3832
f 3830//3830 3831//3831 3832//3832
f 674//674 3829//3829 3826//3826
f 3829//3829 1065//1065 3832//3832
f 3832//3832 1066//1066 3826//3826
f 3829//3829 3832//3832 3826//3826
f 261//261 3822//3822 3816//3816
f 3822//3822 1064//1064 3833//3833
f 3833//3833 1062//1062 3816//3816
f 3822//3822 3833//3833 3816//3816
f 1064//1064 3824//3824 3834//3834
f 3824//3824 244//244 3827//3827
f 3827//3827 1066//1066 3834//3834
f 3824//3824 3827//3827 3834//3834
f 1066//1066 3831//3831 3835//3835
f 3831//3831 343//343 3818//3818
f 3818//3818 1062//1062 3835//3835
f 3831//3831 3818//3818 3835//3835
f 1064//1064 3834//3834 3833//3833
f 3834//3834 1066//1066 3835//3835
f 3835//3835 1062//1062 3833//3833
f 3834//3834 3835//3835 3833//3833
f 111//111 2272//2272 3837//3837
f 2272//2272 669//669 3836//3836
f 3836//3836 1068//1068 3837//3837
f 2272//2272 3836//3836 3837//3837
f 669//669 2269//2269 3839//3839
f 2269//2269 242//242 3838//3838
f 3838//3838 1067//1067 3839//3839
f 2269//2269 3838//3838 3839//3839
f 1067//1067 3840//3840 3842//3842
f 3840//3840 345//345 3841//3841
f 3841//3841 1068//1068 3842//3842
f 3840//3840 3841//3841 3842//3842
f 669//669 3839//3839 3836//3836
f 3839//3839 1067//1067 3842//3842
f 3842//3842 1068//1068 3836//3836
f 3839//3839 3842//3842 3836//3836
f 242//242 2264//2264 3844//3844
f 2264//2264 667//667 3843//3843
f 3843//3843 1070//1070 3844//3844
f 2264//2264 3843//3843 3844//3844
f 667//667 2262//2262 3846//3846
f 2262//2262 13//13 3845//3845
f 3845//3845 1069//1069 3846//3846
f 2262//2262 3845//3845 3846//3846
f 1069//1069 3847//3847 3849//3849
f 3847//3847 344//344 3848//3848
f 3848//3848 1070//1070 3849//3849
f 3847//3847 3848//3848 3849//3849
f 667//667 3846//3846 3843//3843
f 3846//3846 1069//1069 3849//3849
f 3849//3849 1070//1070 3843//3843
f 3846//3846 3849//3849 3843//3843
f 344//344 3850//3850 3852//3852
f 3850//3850 1071//1071 3851//3851
f 3851//3851 1073//1073 3852//3852
f 3850//3850 3851//3851 3852//3852
f 1071//1071 3853//3853 3855//3855
f 3853//3853 136//136 3854//3854
f 3854//3854 1072//1072 3855//3855
f 3853//3853 3854//3854 3855//3855
f 1072//1072 3856//3856 3858//3858
f 3856//3856 345//345 3857//3857
f 3857//3857 1073//1073 3858//3858
f 3856//3856 3857//3857 3858//3858
f 1071//1071 3855//3855 3851//3851
f 3855//3855 1072//1072 3858//3858
f 3858//3858 1073//1073 3851//3851
f 3855//3855 3858//3858 3851//3851
f 242//242 3844//3844 3838//3838
f 3844//3844 1070//1070 3859//3859
f 3859//3859 1067//1067 3838//3838
f 3844//3844 3859//3859 3838//3838
f 1070//1070 3848//3848 3860//3860
f 3848//3848 344//344 3852//3852
f 3852//3852 1073//1073 3860//3860
f 3848//3848 3852//3852 3860//3860
f 1073//1073 3857//3857 3861//3861
f 3857//3857 345//345 3840//3840
f 3840//3840 1067//1067 3861//3861
f 3857//3857 3840//3840 3861//3861
f 1070//1070 3860//3860 3859//3859
f 3860//3860 1073//1073 3861//3861
f 3861//3861 1067//1067 3859//3859
f 3860//3860 3861//3861 3859//3859
f 116//116 3815//3815 3797//3797
f 3815//3815 1063//1063 3862//3862
f 3862//3862 1057//1057 3797//3797
f 3815//3815 3862//3862 3797//3797
f 1063//1063 3819//3819 3864//3864
f 3819//3819 343//343 3863//3863
f 3863//3863 1074//1074 3864//3864
f 3819//3819 3863//3863 3864//3864
f 1074//1074 3865//3865 3866//3866
f 3865//3865 341//341 3799//3799
f 3799//3799 1057//1057 3866//3866
f 3865//3865 3799//3799 3866//3866
f 1063//1063 3864//3864 3862//3862
f 3864//3864 1074//1074 3866//3866
f 3866//3866 1057//1057 3862//3862
f 3864//3864 3866//3866 3862//3862
f 343//343 3830//3830 3868//3868
f 3830//3830 1065//1065 3867//3867
f 3867//3867 1075//1075 3868//3868
f 3830//3830 3867//3867 3868//3868
f 1065//1065 3828//3828 3869//3869
f 3828//3828 111//111 3837//3837
f 3837//3837 1068//1068 3869//3869
f 3828//3828 3837//3837 3869//3869
f 1068//1068 3841//3841 3871//3871
f 3841//3841 345//345 3870//3870
f 3870//3870 1075//1075 3871//3871
f 3841//3841 3870//3870 3871//3871
f 1065//1065 3869//3869 3867//3867
f 3869//3869 1068//1068 3871//3871
f 3871//3871 1075//1075 3867//3867
f 3869//3869 3871//3871 3867//3867
f 345//345 3856//3856 3873//3873
f 3856//3856 1072//1072 3872//3872
f 3872//3872 1076//1076 3873//3873
f 3856//3856 3872//3872 3873//3873
f 1072//1072 3854//3854 3874//3874
f 3854//3854 136//136 3805//3805
f 3805//3805 1059//1059 3874//3874
f 3854//3854 3805//3805 3874//3874
f 1059//1059 3802//3802 3876//3876
f 3802//3802 341//341 3875//3875
f 3875//3875 1076//1076 3876//3876
f 3802//3802 3875//3875 3876//3876
f 1072//1072 3874//3874 3872//3872
f 3874//3874 1059//1059 3876//3876
f 3876//3876 1076//1076 3872//3872
f 3874//3874 3876//3876 3872//3872
f 343//343 3868//3868 3863//3863
f 3868//3868 1075//1075 3877//3877
f 3877//3877 1074//1074 3863//3863
f 3868//3868 3877//3877 3863//3863
f 1075//1075 3870//3870 3878//3878
f 3870//3870 345//345 3873//3873
f 3873//3873 1076//1076 3878//3878
f 3870//3870 3873//3873 3878//3878
f 1076//1076 3875//3875 3879//3879
f 3875//3875 341//341 3865//3865
f 3865//3865 1074//1074 3879//3879
f 3875//3875 3865//3865 3879//3879
f 1075//1075 3878//3878 3877//3877
f 3878//3878 1076//1076 3879//3879
f 3879//3879 1074//1074 3877//3877
f 3878//3878 3879//3879 3877//3877
f 31//31 3880//3880 3639//3639
f 3880//3880 1077//1077 3881//3881
f 3881//3881 1019//1019 3639//3639
f 3880//3880 3881//3881 3639//3639
f 1077//1077 3882//3882 3884//3884
f 3882//3882 346//346 3883//3883
f 3883//3883 1078//1078 3884//3884
f 3882//3882 3883//3883 3884//3884
f 1078//1078 3885//3885 3886//3886
f 3885//3885 331//331 3642//3642
f 3642//3642 1019//1019 3886//3886
f 3885//3885 3642//3642 3886//3886
f 1077//1077 3884//3884 3881//3881
f 3884//3884 1078//1078 3886//3886
f 3886//3886 1019//1019 3881//3881
f 3884//3884 3886//3886 3881//3881
f 346//346 3887//3887 3889//3889
f 3887//3887 1079//1079 3888//3888
f 3888//3888 1081//1081 3889//3889
f 3887//3887 3888//3888 3889//3889
f 1079//1079 3890//3890 3892//3892
f 3890//3890 137//137 3891//3891
f 3891//3891 1080//1080 3892//3892
f 3890//3890 3891//3891 3892//3892
f 1080//1080 3893//3893 3895//3895
f 3893//3893 347//347 3894//3894
f 3894//3894 1081//1081 3895//3895
f 3893//3893 3894//3894 3895//3895
f 1079//1079 3892//3892 3888//3888
f 3892//3892 1080//1080 3895//3895
f 3895//3895 1081//1081 3888//3888
f 3892//3892 3895//3895 3888//3888
f 347//347 3896//3896 3898//3898
f 3896//3896 1082//1082 3897//3897
f 3897//3897 1083//1083 3898//3898
f 3896//3896 3897//3897 3898//3898
f 1082//1082 3899//3899 3900//3900
f 3899//3899 134//134 3651//3651
f 3651//3651 1022//1022 3900//3900
f 3899//3899 3651//3651 3900//3900
f 1022//1022 3648//3648 3902//3902
f 3648//3648 331//331 3901//3901
f 3901//3901 1083//1083 3902//3902
f 3648//3648 3901//3901 3902//3902
f 1082//1082 3900//3900 3897//3897
f 3900//3900 1022//1022 3902//3902
f 3902//3902 1083//1083 3897//3897
f 3900//3900 3902//3902 3897//3897
f 346//346 3889//3889 3883//3883
f 3889//3889 1081//1081 3903//3903
f 3903//3903 1078//1078 3883//3883
f 3889//3889 3903//3903 3883//3883
f 1081//1081 3894//3894 3904//3904
f 3894//3894 347//347 3898//3898
f 3898//3898 1083//1083 3904//3904
f 3894//3894 3898//3898 3904//3904
f 1083//1083 3901//3901 3905//3905
f 3901//3901 331//331 3885//3885
f 3885//3885 1078//1078 3905//3905
f 3901//3901 3885//3885 3905//3905
f 1081//1081 3904//3904 3903//3903
f 3904//3904 1083//1083 3905//3905
f 3905//3905 1078//1078 3903//3903
f 3904//3904 3905//3905 3903//3903
f 137//137 3906//3906 3908//3908
f 3906//3906 1084//1084 3907//3907
f 3907//3907 1086//1086 3908//3908
f 3906//3906 3907//3907 3908//3908
f 1084//1084 3909//3909 3911//3911
f 3909//3909 348//348 3910//3910
f 3910//3910 1085//1085 3911//3911
f 3909//3909 3910//3910 3911//3911
f 1085//1085 3912//3912 3914//3914
f 3912//3912 349//349 3913//3913
f 3913//3913 1086//1086 3914//3914
f 3912//3912 3913//3913 3914//3914
f 1084//1084 3911//3911 3907//3907
f 3911//3911 1085//1085 3914//3914
f 3914//3914 1086//1086 3907//3907
f 3911//3911 3914//3914 3907//3907
f 348//348 3915//3915 3917//3917
f 3915//3915 1087//1087 3916//3916
f 3916//3916 1088//1088 3917//3917
f 3915//3915 3916//3916 3917//3917
f 1087//1087 3918//3918 3919//3919
f 3918//3918 21//21 3789//3789
f 3789//3789 1056//1056 3919//3919
f 3918//3918 3789//3789 3919//3919
f 1056//1056 3793//3793 3921//3921
f 3793//3793 342//342 3920//3920
f 3920//3920 1088//1088 3921//3921
f 3793//3793 3920//3920 3921//3921
f 1087//1087 3919//3919 3916//3916
f 3919//3919 1056//1056 3921//3921
f 3921//3921 1088//1088 3916//3916
f 3919//3919 3921//3921 3916//3916
f 342//342 3808//3808 3923//3923
f 3808//3808 1060//1060 3922//3922
f 3922//3922 1090//1090 3923//3923
f 3808//3808 3922//3922 3923//3923
f 1060//1060 3806//3806 3925//3925
f 3806//3806 136//136 3924//3924
f 3924//3924 1089//1089 3925//3925
f 3806//3806 3924//3924 3925//3925
f 1089//1089 3926//3926 3928//3928
f 3926//3926 349//349 3927//3927
f 3927//3927 1090//1090 3928//3928
f 3926//3926 3927//3927 3928//3928
f 1060//1060 3925//3925 3922//3922
f 3925//3925 1089//1089 3928//3928
f 3928//3928 1090//1090 3922//3922
f 3925//3925 3928//3928 3922//3922
f 348//348 3917//3917 3910//3910
f 3917//3917 1088//1088 3929//3929
f 3929//3929 1085//1085 3910//3910
f 3917//3917 3929//3929 3910//3910
f 1088//1088 3920//3920 3930//3930
f 3920//3920 342//342 3923//3923
f 3923//3923 1090//1090 3930//3930
f 3920//3920 3923//3923 3930//3930
f 1090//1090 3927//3927 3931//3931
f 3927//3927 349//349 3912//3912
f 3912//3912 1085//1085 3931//3931
f 3927//3927 3912//3912 3931//3931
f 1088//1088 3930//3930 3929//3929
f 3930//3930 1090//1090 3931//3931
f 3931//3931 1085//1085 3929//3929
f 3930//3930 3931//3931 3929//3929
f 136//136 3853//3853 3933//3933
f 3853//3853 1071//1071 3932//3932
f 3932//3932 1092//1092 3933//3933
f 3853//3853 3932//3932 3933//3933
f 1071//1071 3850//3850 3935//3935
f 3850//3850 344//344 3934//3934
f 3934//3934 1091//1091 3935//3935
f 3850//3850 3934//3934 3935//3935
f 1091//1091 3936//3936 3938//3938
f 3936//3936 350//350 3937//3937
f 3937//3937 1092//1092 3938//3938
f 3936//3936 3937//3937 3938//3938
f 1071//1071 3935//3935 3932//3932
f 3935//3935 1091//1091 3938//3938
f 3938//3938 1092//1092 3932//3932
f 3935//3935 3938//3938 3932//3932
f 344//344 3847//3847 3940//3940
f 3847//3847 1069//1069 3939//3939
f 3939//3939 1093//1093 3940//3940
f 3847//3847 3939//3939 3940//3940
f 1069//1069 3845//3845 3941//3941
f 3845//3845 13//13 3681//3681
f 3681//3681 1031//1031 3941//3941
f 3845//3845 3681//3681 3941//3941
f 1031//1031 3678//3678 3943//3943
f 3678//3678 334//334 3942//3942
f 3942//3942 1093//1093 3943//3943
f 3678//3678 3942//3942 3943//3943
f 1069//1069 3941//3941 3939//3939
f 3941//3941 1031//1031 3943//3943
f 3943//3943 1093//1093 3939//3939
f 3941//3941 3943//3943 3939//3939
f 334//334 3672//3672 3945//3945
f 3672//3672 1028//1028 3944//3944
f 3944//3944 1095//1095 3945//3945
f 3672//3672 3944//3944 3945//3945
f 1028//1028 3669//3669 3947//3947
f 3669//3669 134//134 3946//3946
f 3946//3946 1094//1094 3947//3947
f 3669//3669 3946//3946 3947//3947
f 1094//1094 3948//3948 3950//3950
f 3948//3948 350//350 3949//3949
f 3949//3949 1095//1095 3950//3950
f 3948//3948 3949//3949 3950//3950
f 1028//1028 3947//3947 3944//3944
f 3947//3947 1094//1094 3950//3950
f 3950//3950 1095//1095 3944//3944
f 3947//3947 3950//3950 3944//3944
f 344//344 3940//3940 3934//3934
f 3940//3940 1093//1093 3951//3951
f 3951//3951 1091//1091 3934//3934
f 3940//3940 3951//3951 3934//3934
f 1093//1093 3942//3942 3952//3952
f 3942//3942 334//334 3945//3945
f 3945//3945 1095//1095 3952//3952
f 3942//3942 3945//3945 3952//3952
f 1095//1095 3949//3949 3953//3953
f 3949//3949 350//350 3936//3936
f 3936//3936 1091//1091 3953//3953
f 3949//3949 3936//3936 3953//3953
f 1093//1093 3952//3952 3951//3951
f 3952//3952 1095//1095 3953//3953
f 3953//3953 1091//1091 3951//3951
f 3952//3952 3953//3953 3951//3951
f 137//137 3908//3908 3891//3891
f 3908//3908 1086//1086 3954//3954
f 3954//3954 1080//1080 3891//3891
f 3908//3908 3954//3954 3891//3891
f 1086//1086 3913//3913 3956//3956
f 3913//3913 349//349 3955//3955
f 3955//3955 1096//1096 3956//3956
f 3913//3913 3955//3955 3956//3956
f 1096//1096 3957//3957 3958//3958
f 3957//3957 347//347 3893//3893
f 3893//3893 1080//1080 3958//3958
f 3957//3957 3893//3893 3958//3958
f 1086//1086 3956//3956 3954//3954
f 3956//3956 1096//1096 3958//3958
f 3958//3958 1080//1080 3954//3954
f 3956//3956 3958//3958 3954//3954
f 349//349 3926//3926 3960//3960
f 3926//3926 1089//1089 3959//3959
f 3959//3959 1097//1097 3960//3960
f 3926//3926 3959//3959 3960//3960
f 1089//1089 3924//3924 3961//3961
f 3924//3924 136//136 3933//3933
f 3933//3933 1092//1092 3961//3961
f 3924//3924 3933//3933 3961//3961
f 1092//1092 3937//3937 3963//3963
f 3937//3937 350//350 3962//3962
f 3962//3962 1097//1097 3963//3963
f 3937//3937 3962//3962 3963//3963
f 1089//1089 3961//3961 3959//3959
f 3961//3961 1092//1092 3963//3963
f 3963//3963 1097//1097 3959//3959
f 3961//3961 3963//3963 3959//3959
f 350//350 3948//3948 3965//3965
f 3948//3948 1094//1094 3964//3964
f 3964//3964 1098//1098 3965//3965
f 3948//3948 3964//3964 3965//3965
f 1094//1094 3946//3946 3966//3966
f 3946//3946 134//134 3899//3899
f 3899//3899 1082//1082 3966//3966
f 3946//3946 3899//3899 3966//3966
f 1082//1082 3896//3896 3968//3968
f 3896//3896 347//347 3967//3967
f 3967//3967 1098//1098 3968//3968
f 3896//3896 3967//3967 3968//3968
f 1094//1094 3966//3966 3964//3964
f 3966//3966 1082//1082 3968//3968
f 3968//3968 1098//1098 3964//3964
f 3966//3966 3968//3968 3964//3964
f 349//349 3960//3960 3955//3955
f 3960//3960 1097//1097 3969//3969
f 3969//3969 1096//1096 3955//3955
f 3960//3960 3969//3969 3955//3955
f 1097//1097 3962//3962 3970//3970
f 3962//3962 350//350 3965//3965
f 3965//3965 1098//1098 3970//3970
f 3962//3962 3965//3965 3970//3970
f 1098//1098 3967//3967 3971//3971
f 3967//3967 347//347 3957//3957
f 3957//3957 1096//1096 3971//3971
f 3967//3967 3957//3957 3971//3971
f 1097//1097 3970//3970 3969//3969
f 3970//3970 1098//1098 3971//3971
f 3971//3971 1096//1096 3969//3969
f 3970//3970 3971//3971 3969//3969
f 33//33 34//34 32//32
f 32//32 34//34 35//35
f 39//39 1099//1099 37//37
f 39//39 37//37 38//38
f 1099//1099 3972//3972 37//37
f 3972//3972 351//351 37//37
f 351//351 3973//3973 37//37
f 3973//3973 1100//1100 37//37
f 1100//1100 3974//3974 37//37
f 3974//3974 138//138 37//37
f 138//138 3975//3975 37//37
f 3975//3975 1101//1101 37//37
f 1101//1101 3976//3976 37//37
f 3976//3976 352//352 37//37
f 352//352 3977//3977 37//37
f 3977//3977 1102//1102 37//37
f 1102//1102 36//36 37//37
f 15//15 139//139 38//38
f 139//139 39//39 38//38
f 16//16 15//15 38//38
f 32//32 14//14 16//16
f 33//33 32//32 16//16
f 40//40 15//15 140//140
f 15//15 687//687 140//140
f 687//687 2346//2346 140//140
f 2346//2346 247//247 140//140
f 247//247 2345//2345 140//140
f 2345//2345 686//686 140//140
f 686//686 2344//2344 140//140
f 2344//2344 14//14 140//140
f 41//41 40//40 140//140
f 140//140 14//14 41//41
f 15//15 40//40 139//139
f 36//36 1102//1102 139//139
f 1102//1102 3977//3977 139//139
f 3977//3977 352//352 139//139
f 139//139 353//353 3978//3978
f 3978//3978 36//36 139//139
f 352//352 3976//3976 139//139
f 3976//3976 1101//1101 139//139
f 1101//1101 3975//3975 139//139
f 3975//3975 138//138 139//139
f 139//139 141//141 3979//3979
f 3979//3979 1103//1103 139//139
f 1103//1103 3980//3980 139//139
f 3980//3980 353//353 139//139
f 138//138 3974//3974 139//139
f 3974//3974 1100//1100 139//139
f 1100//1100 3973//3973 139//139
f 3973//3973 351//351 139//139
f 351//351 3972//3972 139//139
f 3972//3972 1099//1099 139//139
f 1099//1099 39//39 139//139
f 40//40 1104//1104 139//139
f 1104//1104 3981//3981 139//139
f 3981//3981 354//354 139//139
f 354//354 3982//3982 139//139
f 3982//3982 1105//1105 139//139
f 1105//1105 3983//3983 139//139
f 3983//3983 141//141 139//139
f 40//40 41//41 37//37
f 36//36 3978//3978 37//37
f 3978//3978 353//353 37//37
f 353//353 3980//3980 37//37
f 3980//3980 1103//1103 37//37
f 1103//1103 3979//3979 37//37
f 3979//3979 141//141 37//37
f 141//141 3983//3983 37//37
f 3983//3983 1105//1105 37//37
f 1105//1105 3982//3982 37//37
f 3982//3982 354//354 37//37
f 354//354 3981//3981 37//37
f 3981//3981 1104//1104 37//37
f 1104//1104 40//40 37//37
f 18//18 32//32 35//35
f 19//19 18//18 35//35
f 41//41 32//32 18//18
f 41//41 14//14 32//32
f 41//41 18//18 37//37
f 44//44 1106//1106 43//43
f 1106//1106 3984//3984 43//43
f 3984//3984 355//355 43//43
f 355//355 3985//3985 43//43
f 3985//3985 142//142 43//43
f 45//45 3986//3986 142//142
f 3986//3986 1107//1107 142//142
f 1107//1107 3987//3987 142//142
f 3987//3987 356//356 142//142
f 356//356 3988//3988 142//142
f 3988//3988 1108//1108 142//142
f 1108//1108 3989//3989 142//142
f 3989//3989 143//143 142//142
f 143//143 3990//3990 142//142
f 3990//3990 1109//1109 142//142
f 1109//1109 3991//3991 142//142
f 3991//3991 357//357 142//142
f 357//357 3992//3992 142//142
f 3992//3992 1110//1110 142//142
f 1110//1110 3993//3993 142//142
f 3993//3993 46//46 142//142
f 46//46 3994//3994 142//142
f 3994//3994 1111//1111 142//142
f 1111//1111 3995//3995 142//142
f 3995//3995 358//358 142//142
f 358//358 3996//3996 142//142
f 3996//3996 1112//1112 142//142
f 1112//1112 3997//3997 142//142
f 3997//3997 144//144 142//142
f 144//144 3998//3998 142//142
f 3998//3998 1113//1113 142//142
f 1113//1113 3999//3999 142//142
f 3999//3999 359//359 142//142
f 359//359 4000//4000 142//142
f 4000//4000 1114//1114 142//142
f 1114//1114 4001//4001 142//142
f 4001//4001 47//47 142//142
f 47//47 48//48 142//142
f 49//49 4002//4002 48//48
f 4002//4002 1115//1115 48//48
f 1115//1115 4003//4003 48//48
f 4003//4003 360//360 48//48
f 360//360 4004//4004 48//48
f 4004//4004 1116//1116 48//48
f 1116//1116 4005//4005 142//142
f 4005//4005 145//145 142//142
f 1116//1116 142//142 48//48
f 145//145 4006//4006 43//43
f 4006//4006 1117//1117 43//43
f 1117//1117 4007//4007 43//43
f 4007//4007 361//361 43//43
f 361//361 4008//4008 43//43
f 4008//4008 1118//1118 43//43
f 1118//1118 4009//4009 43//43
f 4009//4009 50//50 43//43
f 145//145 43//43 142//142
f 50//50 4010//4010 43//43
f 4010//4010 1119//1119 43//43
f 1119//1119 4011//4011 43//43
f 4011//4011 362//362 43//43
f 362//362 4012//4012 43//43
f 4012//4012 1120//1120 43//43
f 1120//1120 4013//4013 43//43
f 4013//4013 146//146 43//43
f 146//146 4014//4014 43//43
f 4014//4014 1121//1121 43//43
f 1121//1121 4015//4015 43//43
f 4015//4015 363//363 43//43
f 363//363 4016//4016 43//43
f 4016//4016 1122//1122 43//43
f 1122//1122 4017//4017 43//43
f 4017//4017 51//51 43//43
f 51//51 4018//4018 43//43
f 4018//4018 1123//1123 43//43
f 1123//1123 4019//4019 43//43
f 4019//4019 364//364 43//43
f 364//364 4020//4020 43//43
f 4020//4020 1124//1124 43//43
f 1124//1124 4021//4021 43//43
f 4021//4021 147//147 43//43
f 147//147 4022//4022 43//43
f 4022//4022 1125//1125 43//43
f 1125//1125 4023//4023 43//43
f 4023//4023 365//365 43//43
f 365//365 4024//4024 43//43
f 4024//4024 1126//1126 43//43
f 1126//1126 4025//4025 43//43
f 4025//4025 52//52 43//43
f 52//52 53//53 43//43
f 53//53 42//42 43//43
f 43//43 55//55 54//54
f 43//43 42//42 55//55
f 56//56 44//44 43//43
f 43//43 54//54 56//56
f 57//57 1127//1127 56//56
f 1127//1127 4026//4026 56//56
f 4026//4026 366//366 56//56
f 366//366 4027//4027 56//56
f 4027//4027 1128//1128 56//56
f 1128//1128 4028//4028 56//56
f 4028//4028 148//148 56//56
f 148//148 4029//4029 56//56
f 4029//4029 1129//1129 56//56
f 1129//1129 4030//4030 56//56
f 4030//4030 367//367 56//56
f 367//367 4031//4031 56//56
f 4031//4031 1130//1130 56//56
f 1130//1130 4032//4032 56//56
f 4032//4032 45//45 142//142
f 4032//4032 142//142 56//56
f 142//142 3985//3985 56//56
f 3985//3985 355//355 56//56
f 355//355 3984//3984 56//56
f 3984//3984 1106//1106 56//56
f 1106//1106 44//44 56//56
f 58//58 4033//4033 4035//4035
f 4033//4033 1131//1131 4034//4034
f 4034//4034 1133//1133 4035//4035
f 4033//4033 4034//4034 4035//4035
f 1131//1131 4036//4036 4038//4038
f 4036//4036 368//368 4037//4037
f 4037//4037 1132//1132 4038//4038
f 4036//4036 4037//4037 4038//4038
f 1132//1132 4039//4039 4041//4041
f 4039//4039 370//370 4040//4040
f 4040//4040 1133//1133 4041//4041
f 4039//4039 4040//4040 4041//4041
f 1131//1131 4038//4038 4034//4034
f 4038//4038 1132//1132 4041//4041
f 4041//4041 1133//1133 4034//4034
f 4038//4038 4041//4041 4034//4034
f 368//368 4042//4042 4044//4044
f 4042//4042 1134//1134 4043//4043
f 4043//4043 1136//1136 4044//4044
f 4042//4042 4043//4043 4044//4044
f 1134//1134 4045//4045 4047//4047
f 4045//4045 149//149 4046//4046
f 4046//4046 1135//1135 4047//4047
f 4045//4045 4046//4046 4047//4047
f 1135//1135 4048//4048 4050//4050
f 4048//4048 369//369 4049//4049
f 4049//4049 1136//1136 4050//4050
f 4048//4048 4049//4049 4050//4050
f 1134//1134 4047//4047 4043//4043
f 4047//4047 1135//1135 4050//4050
f 4050//4050 1136//1136 4043//4043
f 4047//4047 4050//4050 4043//4043
f 369//369 4051//4051 4053//4053
f 4051//4051 1137//1137 4052//4052
f 4052//4052 1139//1139 4053//4053
f 4051//4051 4052//4052 4053//4053
f 1137//1137 4054//4054 4056//4056
f 4054//4054 150//150 4055//4055
f 4055//4055 1138//1138 4056//4056
f 4054//4054 4055//4055 4056//4056
f 1138//1138 4057//4057 4059//4059
f 4057//4057 370//370 4058//4058
f 4058//4058 1139//1139 4059//4059
f 4057//4057 4058//4058 4059//4059
f 1137//1137 4056//4056 4052//4052
f 4056//4056 1138//1138 4059//4059
f 4059//4059 1139//1139 4052//4052
f 4056//4056 4059//4059 4052//4052
f 368//368 4044//4044 4037//4037
f 4044//4044 1136//1136 4060//4060
f 4060//4060 1132//1132 4037//4037
f 4044//4044 4060//4060 4037//4037
f 1136//1136 4049//4049 4061//4061
f 4049//4049 369//369 4053//4053
f 4053//4053 1139//1139 4061//4061
f 4049//4049 4053//4053 4061//4061
f 1139//1139 4058//4058 4062//4062
f 4058//4058 370//370 4039//4039
f 4039//4039 1132//1132 4062//4062
f 4058//4058 4039//4039 4062//4062
f 1136//1136 4061//4061 4060//4060
f 4061//4061 1139//1139 4062//4062
f 4062//4062 1132//1132 4060//4060
f 4061//4061 4062//4062 4060//4060
f 149//149 4063//4063 4065//4065
f 4063//4063 1140//1140 4064//4064
f 4064//4064 1142//1142 4065//4065
f 4063//4063 4064//4064 4065//4065
f 1140//1140 4066//4066 4068//4068
f 4066//4066 371//371 4067//4067
f 4067//4067 1141//1141 4068//4068
f 4066//4066 4067//4067 4068//4068
f 1141//1141 4069//4069 4071//4071
f 4069//4069 372//372 4070//4070
f 4070//4070 1142//1142 4071//4071
f 4069//4069 4070//4070 4071//4071
f 1140//1140 4068//4068 4064//4064
f 4068//4068 1141//1141 4071//4071
f 4071//4071 1142//1142 4064//4064
f 4068//4068 4071//4071 4064//4064
f 371//371 4072//4072 4074//4074
f 4072//4072 1143//1143 4073//4073
f 4073//4073 1144//1144 4074//4074
f 4072//4072 4073//4073 4074//4074
f 1143//1143 4075//4075 4076//4076
f 4075//4075 46//46 3993//3993
f 3993//3993 1110//1110 4076//4076
f 4075//4075 3993//3993 4076//4076
f 1110//1110 3992//3992 4078//4078
f 3992//3992 357//357 4077//4077
f 4077//4077 1144//1144 4078//4078
f 3992//3992 4077//4077 4078//4078
f 1143//1143 4076//4076 4073//4073
f 4076//4076 1110//1110 4078//4078
f 4078//4078 1144//1144 4073//4073
f 4076//4076 4078//4078 4073//4073
f 357//357 3991//3991 4080//4080
f 3991//3991 1109//1109 4079//4079
f 4079//4079 1146//1146 4080//4080
f 3991//3991 4079//4079 4080//4080
f 1109//1109 3990//3990 4082//4082
f 3990//3990 143//143 4081//4081
f 4081//4081 1145//1145 4082//4082
f 3990//3990 4081//4081 4082//4082
f 1145//1145 4083//4083 4085//4085
f 4083//4083 372//372 4084//4084
f 4084//4084 1146//1146 4085//4085
f 4083//4083 4084//4084 4085//4085
f 1109//1109 4082//4082 4079//4079
f 4082//4082 1145//1145 4085//4085
f 4085//4085 1146//1146 4079//4079
f 4082//4082 4085//4085 4079//4079
f 371//371 4074//4074 4067//4067
f 4074//4074 1144//1144 4086//4086
f 4086//4086 1141//1141 4067//4067
f 4074//4074 4086//4086 4067//4067
f 1144//1144 4077//4077 4087//4087
f 4077//4077 357//357 4080//4080
f 4080//4080 1146//1146 4087//4087
f 4077//4077 4080//4080 4087//4087
f 1146//1146 4084//4084 4088//4088
f 4084//4084 372//372 4069//4069
f 4069//4069 1141//1141 4088//4088
f 4084//4084 4069//4069 4088//4088
f 1144//1144 4087//4087 4086//4086
f 4087//4087 1146//1146 4088//4088
f 4088//4088 1141//1141 4086//4086
f 4087//4087 4088//4088 4086//4086
f 143//143 3989//3989 4090//4090
f 3989//3989 1108//1108 4089//4089
f 4089//4089 1148//1148 4090//4090
f 3989//3989 4089//4089 4090//4090
f 1108//1108 3988//3988 4092//4092
f 3988//3988 356//356 4091//4091
f 4091//4091 1147//1147 4092//4092
f 3988//3988 4091//4091 4092//4092
f 1147//1147 4093//4093 4095//4095
f 4093//4093 374//374 4094//4094
f 4094//4094 1148//1148 4095//4095
f 4093//4093 4094//4094 4095//4095
f 1108//1108 4092//4092 4089//4089
f 4092//4092 1147//1147 4095//4095
f 4095//4095 1148//1148 4089//4089
f 4092//4092 4095//4095 4089//4089
f 356//356 3987//3987 4097//4097
f 3987//3987 1107//1107 4096//4096
f 4096//4096 1150//1150 4097//4097
f 3987//3987 4096//4096 4097//4097
f 1107//1107 3986//3986 4099//4099
f 3986//3986 45//45 4098//4098
f 4098//4098 1149//1149 4099//4099
f 3986//3986 4098//4098 4099//4099
f 1149//1149 4100//4100 4102//4102
f 4100//4100 373//373 4101//4101
f 4101//4101 1150//1150 4102//4102
f 4100//4100 4101//4101 4102//4102
f 1107//1107 4099//4099 4096//4096
f 4099//4099 1149//1149 4102//4102
f 4102//4102 1150//1150 4096//4096
f 4099//4099 4102//4102 4096//4096
f 373//373 4103//4103 4105//4105
f 4103//4103 1151//1151 4104//4104
f 4104//4104 1153//1153 4105//4105
f 4103//4103 4104//4104 4105//4105
f 1151//1151 4106//4106 4108//4108
f 4106//4106 150//150 4107//4107
f 4107//4107 1152//1152 4108//4108
f 4106//4106 4107//4107 4108//4108
f 1152//1152 4109//4109 4111//4111
f 4109//4109 374//374 4110//4110
f 4110//4110 1153//1153 4111//4111
f 4109//4109 4110//4110 4111//4111
f 1151//1151 4108//4108 4104//4104
f 4108//4108 1152//1152 4111//4111
f 4111//4111 1153//1153 4104//4104
f 4108//4108 4111//4111 4104//4104
f 356//356 4097//4097 4091//4091
f 4097//4097 1150//1150 4112//4112
f 4112//4112 1147//1147 4091//4091
f 4097//4097 4112//4112 4091//4091
f 1150//1150 4101//4101 4113//4113
f 4101//4101 373//373 4105//4105
f 4105//4105 1153//1153 4113//4113
f 4101//4101 4105//4105 4113//4113
f 1153//1153 4110//4110 4114//4114
f 4110//4110 374//374 4093//4093
f 4093//4093 1147//1147 4114//4114
f 4110//4110 4093//4093 4114//4114
f 1150//1150 4113//4113 4112//4112
f 4113//4113 1153//1153 4114//4114
f 4114//4114 1147//1147 4112//4112
f 4113//4113 4114//4114 4112//4112
f 149//149 4065//4065 4046//4046
f 4065//4065 1142//1142 4115//4115
f 4115//4115 1135//1135 4046//4046
f 4065//4065 4115//4115 4046//4046
f 1142//1142 4070//4070 4117//4117
f 4070//4070 372//372 4116//4116
f 4116//4116 1154//1154 4117//4117
f 4070//4070 4116//4116 4117//4117
f 1154//1154 4118//4118 4119//4119
f 4118//4118 369//369 4048//4048
f 4048//4048 1135//1135 4119//4119
f 4118//4118 4048//4048 4119//4119
f 1142//1142 4117//4117 4115//4115
f 4117//4117 1154//1154 4119//4119
f 4119//4119 1135//1135 4115//4115
f 4117//4117 4119//4119 4115//4115
f 372//372 4083//4083 4121//4121
f 4083//4083 1145//1145 4120//4120
f 4120//4120 1155//1155 4121//4121
f 4083//4083 4120//4120 4121//4121
f 1145//1145 4081//4081 4122//4122
f 4081//4081 143//143 4090//4090
f 4090//4090 1148//1148 4122//4122
f 4081//4081 4090//4090 4122//4122
f 1148//1148 4094//4094 4124//4124
f 4094//4094 374//374 4123//4123
f 4123//4123 1155//1155 4124//4124
f 4094//4094 4123//4123 4124//4124
f 1145//1145 4122//4122 4120//4120
f 4122//4122 1148//1148 4124//4124
f 4124//4124 1155//1155 4120//4120
f 4122//4122 4124//4124 4120//4120
f 374//374 4109//4109 4126//4126
f 4109//4109 1152//1152 4125//4125
f 4125//4125 1156//1156 4126//4126
f 4109//4109 4125//4125 4126//4126
f 1152//1152 4107//4107 4127//4127
f 4107//4107 150//150 4054//4054
f 4054//4054 1137//1137 4127//4127
f 4107//4107 4054//4054 4127//4127
f 1137//1137 4051//4051 4129//4129
f 4051//4051 369//369 4128//4128
f 4128//4128 1156//1156 4129//4129
f 4051//4051 4128//4128 4129//4129
f 1152//1152 4127//4127 4125//4125
f 4127//4127 1137//1137 4129//4129
f 4129//4129 1156//1156 4125//4125
f 4127//4127 4129//4129 4125//4125
f 372//372 4121//4121 4116//4116
f 4121//4121 1155//1155 4130//4130
f 4130//4130 1154//1154 4116//4116
f 4121//4121 4130//4130 4116//4116
f 1155//1155 4123//4123 4131//4131
f 4123//4123 374//374 4126//4126
f 4126//4126 1156//1156 4131//4131
f 4123//4123 4126//4126 4131//4131
f 1156//1156 4128//4128 4132//4132
f 4128//4128 369//369 4118//4118
f 4118//4118 1154//1154 4132//4132
f 4128//4128 4118//4118 4132//4132
f 1155//1155 4131//4131 4130//4130
f 4131//4131 1156//1156 4132//4132
f 4132//4132 1154//1154 4130//4130
f 4131//4131 4132//4132 4130//4130
f 57//57 1157//1157 4133//4133
f 4133//4133 1127//1127 57//57
f 1157//1157 4134//4134 4136//4136
f 4134//4134 375//375 4135//4135
f 4135//4135 1158//1158 4136//4136
f 4134//4134 4135//4135 4136//4136
f 1158//1158 4137//4137 4138//4138
f 4137//4137 366//366 4026//4026
f 4026//4026 1127//1127 4138//4138
f 4137//4137 4026//4026 4138//4138
f 1157//1157 4136//4136 4133//4133
f 4136//4136 1158//1158 4138//4138
f 4138//4138 1127//1127 4133//4133
f 4136//4136 4138//4138 4133//4133
f 375//375 4139//4139 4141//4141
f 4139//4139 1159//1159 4140//4140
f 4140//4140 1161//1161 4141//4141
f 4139//4139 4140//4140 4141//4141
f 1159//1159 4142//4142 4144//4144
f 4142//4142 151//151 4143//4143
f 4143//4143 1160//1160 4144//4144
f 4142//4142 4143//4143 4144//4144
f 1160//1160 4145//4145 4147//4147
f 4145//4145 376//376 4146//4146
f 4146//4146 1161//1161 4147//4147
f 4145//4145 4146//4146 4147//4147
f 1159//1159 4144//4144 4140//4140
f 4144//4144 1160//1160 4147//4147
f 4147//4147 1161//1161 4140//4140
f 4144//4144 4147//4147 4140//4140
f 376//376 4148//4148 4150//4150
f 4148//4148 1162//1162 4149//4149
f 4149//4149 1163//1163 4150//4150
f 4148//4148 4149//4149 4150//4150
f 1162//1162 4151//4151 4152//4152
f 4151//4151 148//148 4028//4028
f 4028//4028 1128//1128 4152//4152
f 4151//4151 4028//4028 4152//4152
f 1128//1128 4027//4027 4154//4154
f 4027//4027 366//366 4153//4153
f 4153//4153 1163//1163 4154//4154
f 4027//4027 4153//4153 4154//4154
f 1162//1162 4152//4152 4149//4149
f 4152//4152 1128//1128 4154//4154
f 4154//4154 1163//1163 4149//4149
f 4152//4152 4154//4154 4149//4149
f 375//375 4141//4141 4135//4135
f 4141//4141 1161//1161 4155//4155
f 4155//4155 1158//1158 4135//4135
f 4141//4141 4155//4155 4135//4135
f 1161//1161 4146//4146 4156//4156
f 4146//4146 376//376 4150//4150
f 4150//4150 1163//1163 4156//4156
f 4146//4146 4150//4150 4156//4156
f 1163//1163 4153//4153 4157//4157
f 4153//4153 366//366 4137//4137
f 4137//4137 1158//1158 4157//4157
f 4153//4153 4137//4137 4157//4157
f 1161//1161 4156//4156 4155//4155
f 4156//4156 1163//1163 4157//4157
f 4157//4157 1158//1158 4155//4155
f 4156//4156 4157//4157 4155//4155
f 151//151 4158//4158 4160//4160
f 4158//4158 1164//1164 4159//4159
f 4159//4159 1166//1166 4160//4160
f 4158//4158 4159//4159 4160//4160
f 1164//1164 4161//4161 4163//4163
f 4161//4161 377//377 4162//4162
f 4162//4162 1165//1165 4163//4163
f 4161//4161 4162//4162 4163//4163
f 1165//1165 4164//4164 4166//4166
f 4164//4164 378//378 4165//4165
f 4165//4165 1166//1166 4166//4166
f 4164//4164 4165//4165 4166//4166
f 1164//1164 4163//4163 4159//4159
f 4163//4163 1165//1165 4166//4166
f 4166//4166 1166//1166 4159//4159
f 4163//4163 4166//4166 4159//4159
f 377//377 4167//4167 4169//4169
f 4167//4167 1167//1167 4168//4168
f 4168//4168 1168//1168 4169//4169
f 4167//4167 4168//4168 4169//4169
f 1167//1167 4170//4170 4171//4171
f 4170//4170 58//58 4035//4035
f 4035//4035 1133//1133 4171//4171
f 4170//4170 4035//4035 4171//4171
f 1133//1133 4040//4040 4173//4173
f 4040//4040 370//370 4172//4172
f 4172//4172 1168//1168 4173//4173
f 4040//4040 4172//4172 4173//4173
f 1167//1167 4171//4171 4168//4168
f 4171//4171 1133//1133 4173//4173
f 4173//4173 1168//1168 4168//4168
f 4171//4171 4173//4173 4168//4168
f 370//370 4057//4057 4175//4175
f 4057//4057 1138//1138 4174//4174
f 4174//4174 1170//1170 4175//4175
f 4057//4057 4174//4174 4175//4175
f 1138//1138 4055//4055 4177//4177
f 4055//4055 150//150 4176//4176
f 4176//4176 1169//1169 4177//4177
f 4055//4055 4176//4176 4177//4177
f 1169//1169 4178//4178 4180//4180
f 4178//4178 378//378 4179//4179
f 4179//4179 1170//1170 4180//4180
f 4178//4178 4179//4179 4180//4180
f 1138//1138 4177//4177 4174//4174
f 4177//4177 1169//1169 4180//4180
f 4180//4180 1170//1170 4174//4174
f 4177//4177 4180//4180 4174//4174
f 377//377 4169//4169 4162//4162
f 4169//4169 1168//1168 4181//4181
f 4181//4181 1165//1165 4162//4162
f 4169//4169 4181//4181 4162//4162
f 1168//1168 4172//4172 4182//4182
f 4172//4172 370//370 4175//4175
f 4175//4175 1170//1170 4182//4182
f 4172//4172 4175//4175 4182//4182
f 1170//1170 4179//4179 4183//4183
f 4179//4179 378//378 4164//4164
f 4164//4164 1165//1165 4183//4183
f 4179//4179 4164//4164 4183//4183
f 1168//1168 4182//4182 4181//4181
f 4182//4182 1170//1170 4183//4183
f 4183//4183 1165//1165 4181//4181
f 4182//4182 4183//4183 4181//4181
f 150//150 4106//4106 4185//4185
f 4106//4106 1151//1151 4184//4184
f 4184//4184 1172//1172 4185//4185
f 4106//4106 4184//4184 4185//4185
f 1151//1151 4103//4103 4187//4187
f 4103//4103 373//373 4186//4186
f 4186//4186 1171//1171 4187//4187
f 4103//4103 4186//4186 4187//4187
f 1171//1171 4188//4188 4190//4190
f 4188//4188 379//379 4189//4189
f 4189//4189 1172//1172 4190//4190
f 4188//4188 4189//4189 4190//4190
f 1151//1151 4187//4187 4184//4184
f 4187//4187 1171//1171 4190//4190
f 4190//4190 1172//1172 4184//4184
f 4187//4187 4190//4190 4184//4184
f 373//373 4100//4100 4192//4192
f 4100//4100 1149//1149 4191//4191
f 4191//4191 1173//1173 4192//4192
f 4100//4100 4191//4191 4192//4192
f 1149//1149 4098//4098 4193//4193
f 4098//4098 45//45 4032//4032
f 4032//4032 1130//1130 4193//4193
f 4098//4098 4032//4032 4193//4193
f 1130//1130 4031//4031 4195//4195
f 4031//4031 367//367 4194//4194
f 4194//4194 1173//1173 4195//4195
f 4031//4031 4194//4194 4195//4195
f 1149//1149 4193//4193 4191//4191
f 4193//4193 1130//1130 4195//4195
f 4195//4195 1173//1173 4191//4191
f 4193//4193 4195//4195 4191//4191
f 367//367 4030//4030 4197//4197
f 4030//4030 1129//1129 4196//4196
f 4196//4196 1175//1175 4197//4197
f 4030//4030 4196//4196 4197//4197
f 1129//1129 4029//4029 4199//4199
f 4029//4029 148//148 4198//4198
f 4198//4198 1174//1174 4199//4199
f 4029//4029 4198//4198 4199//4199
f 1174//1174 4200//4200 4202//4202
f 4200//4200 379//379 4201//4201
f 4201//4201 1175//1175 4202//4202
f 4200//4200 4201//4201 4202//4202
f 1129//1129 4199//4199 4196//4196
f 4199//4199 1174//1174 4202//4202
f 4202//4202 1175//1175 4196//4196
f 4199//4199 4202//4202 4196//4196
f 373//373 4192//4192 4186//4186
f 4192//4192 1173//1173 4203//4203
f 4203//4203 1171//1171 4186//4186
f 4192//4192 4203//4203 4186//4186
f 1173//1173 4194//4194 4204//4204
f 4194//4194 367//367 4197//4197
f 4197//4197 1175//1175 4204//4204
f 4194//4194 4197//4197 4204//4204
f 1175//1175 4201//4201 4205//4205
f 4201//4201 379//379 4188//4188
f 4188//4188 1171//1171 4205//4205
f 4201//4201 4188//4188 4205//4205
f 1173//1173 4204//4204 4203//4203
f 4204//4204 1175//1175 4205//4205
f 4205//4205 1171//1171 4203//4203
f 4204//4204 4205//4205 4203//4203
f 151//151 4160//4160 4143//4143
f 4160//4160 1166//1166 4206//4206
f 4206//4206 1160//1160 4143//4143
f 4160//4160 4206//4206 4143//4143
f 1166//1166 4165//4165 4208//4208
f 4165//4165 378//378 4207//4207
f 4207//4207 1176//1176 4208//4208
f 4165//4165 4207//4207 4208//4208
f 1176//1176 4209//4209 4210//4210
f 4209//4209 376//376 4145//4145
f 4145//4145 1160//1160 4210//4210
f 4209//4209 4145//4145 4210//4210
f 1166//1166 4208//4208 4206//4206
f 4208//4208 1176//1176 4210//4210
f 4210//4210 1160//1160 4206//4206
f 4208//4208 4210//4210 4206//4206
f 378//378 4178//4178 4212//4212
f 4178//4178 1169//1169 4211//4211
f 4211//4211 1177//1177 4212//4212
f 4178//4178 4211//4211 4212//4212
f 1169//1169 4176//4176 4213//4213
f 4176//4176 150//150 4185//4185
f 4185//4185 1172//1172 4213//4213
f 4176//4176 4185//4185 4213//4213
f 1172//1172 4189//4189 4215//4215
f 4189//4189 379//379 4214//4214
f 4214//4214 1177//1177 4215//4215
f 4189//4189 4214//4214 4215//4215
f 1169//1169 4213//4213 4211//4211
f 4213//4213 1172//1172 4215//4215
f 4215//4215 1177//1177 4211//4211
f 4213//4213 4215//4215 4211//4211
f 379//379 4200//4200 4217//4217
f 4200//4200 1174//1174 4216//4216
f 4216//4216 1178//1178 4217//4217
f 4200//4200 4216//4216 4217//4217
f 1174//1174 4198//4198 4218//4218
f 4198//4198 148//148 4151//4151
f 4151//4151 1162//1162 4218//4218
f 4198//4198 4151//4151 4218//4218
f 1162//1162 4148//4148 4220//4220
f 4148//4148 376//376 4219//4219
f 4219//4219 1178//1178 4220//4220
f 4148//4148 4219//4219 4220//4220
f 1174//1174 4218//4218 4216//4216
f 4218//4218 1162//1162 4220//4220
f 4220//4220 1178//1178 4216//4216
f 4218//4218 4220//4220 4216//4216
f 378//378 4212//4212 4207//4207
f 4212//4212 1177//1177 4221//4221
f 4221//4221 1176//1176 4207//4207
f 4212//4212 4221//4221 4207//4207
f 1177//1177 4214//4214 4222//4222
f 4214//4214 379//379 4217//4217
f 4217//4217 1178//1178 4222//4222
f 4214//4214 4217//4217 4222//4222
f 1178//1178 4219//4219 4223//4223
f 4219//4219 376//376 4209//4209
f 4209//4209 1176//1176 4223//4223
f 4219//4219 4209//4209 4223//4223
f 1177//1177 4222//4222 4221//4221
f 4222//4222 1178//1178 4223//4223
f 4223//4223 1176//1176 4221//4221
f 4222//4222 4223//4223 4221//4221
f 59//59 4224//4224 4226//4226
f 4224//4224 1179//1179 4225//4225
f 4225//4225 1181//1181 4226//4226
f 4224//4224 4225//4225 4226//4226
f 1179//1179 4227//4227 4229//4229
f 4227//4227 380//380 4228//4228
f 4228//4228 1180//1180 4229//4229
f 4227//4227 4228//4228 4229//4229
f 1180//1180 4230//4230 4232//4232
f 4230//4230 382//382 4231//4231
f 4231//4231 1181//1181 4232//4232
f 4230//4230 4231//4231 4232//4232
f 1179//1179 4229//4229 4225//4225
f 4229//4229 1180//1180 4232//4232
f 4232//4232 1181//1181 4225//4225
f 4229//4229 4232//4232 4225//4225
f 380//380 4233//4233 4235//4235
f 4233//4233 1182//1182 4234//4234
f 4234//4234 1184//1184 4235//4235
f 4233//4233 4234//4234 4235//4235
f 1182//1182 4236//4236 4238//4238
f 4236//4236 152//152 4237//4237
f 4237//4237 1183//1183 4238//4238
f 4236//4236 4237//4237 4238//4238
f 1183//1183 4239//4239 4241//4241
f 4239//4239 381//381 4240//4240
f 4240//4240 1184//1184 4241//4241
f 4239//4239 4240//4240 4241//4241
f 1182//1182 4238//4238 4234//4234
f 4238//4238 1183//1183 4241//4241
f 4241//4241 1184//1184 4234//4234
f 4238//4238 4241//4241 4234//4234
f 381//381 4242//4242 4244//4244
f 4242//4242 1185//1185 4243//4243
f 4243//4243 1187//1187 4244//4244
f 4242//4242 4243//4243 4244//4244
f 1185//1185 4245//4245 4247//4247
f 4245//4245 153//153 4246//4246
f 4246//4246 1186//1186 4247//4247
f 4245//4245 4246//4246 4247//4247
f 1186//1186 4248//4248 4250//4250
f 4248//4248 382//382 4249//4249
f 4249//4249 1187//1187 4250//4250
f 4248//4248 4249//4249 4250//4250
f 1185//1185 4247//4247 4243//4243
f 4247//4247 1186//1186 4250//4250
f 4250//4250 1187//1187 4243//4243
f 4247//4247 4250//4250 4243//4243
f 380//380 4235//4235 4228//4228
f 4235//4235 1184//1184 4251//4251
f 4251//4251 1180//1180 4228//4228
f 4235//4235 4251//4251 4228//4228
f 1184//1184 4240//4240 4252//4252
f 4240//4240 381//381 4244//4244
f 4244//4244 1187//1187 4252//4252
f 4240//4240 4244//4244 4252//4252
f 1187//1187 4249//4249 4253//4253
f 4249//4249 382//382 4230//4230
f 4230//4230 1180//1180 4253//4253
f 4249//4249 4230//4230 4253//4253
f 1184//1184 4252//4252 4251//4251
f 4252//4252 1187//1187 4253//4253
f 4253//4253 1180//1180 4251//4251
f 4252//4252 4253//4253 4251//4251
f 152//152 4254//4254 4256//4256
f 4254//4254 1188//1188 4255//4255
f 4255//4255 1190//1190 4256//4256
f 4254//4254 4255//4255 4256//4256
f 1188//1188 4257//4257 4259//4259
f 4257//4257 383//383 4258//4258
f 4258//4258 1189//1189 4259//4259
f 4257//4257 4258//4258 4259//4259
f 1189//1189 4260//4260 4262//4262
f 4260//4260 384//384 4261//4261
f 4261//4261 1190//1190 4262//4262
f 4260//4260 4261//4261 4262//4262
f 1188//1188 4259//4259 4255//4255
f 4259//4259 1189//1189 4262//4262
f 4262//4262 1190//1190 4255//4255
f 4259//4259 4262//4262 4255//4255
f 383//383 4263//4263 4265//4265
f 4263//4263 1191//1191 4264//4264
f 4264//4264 1192//1192 4265//4265
f 4263//4263 4264//4264 4265//4265
f 1191//1191 4266//4266 4267//4267
f 4266//4266 47//47 4001//4001
f 4001//4001 1114//1114 4267//4267
f 4266//4266 4001//4001 4267//4267
f 1114//1114 4000//4000 4269//4269
f 4000//4000 359//359 4268//4268
f 4268//4268 1192//1192 4269//4269
f 4000//4000 4268//4268 4269//4269
f 1191//1191 4267//4267 4264//4264
f 4267//4267 1114//1114 4269//4269
f 4269//4269 1192//1192 4264//4264
f 4267//4267 4269//4269 4264//4264
f 359//359 3999//3999 4271//4271
f 3999//3999 1113//1113 4270//4270
f 4270//4270 1194//1194 4271//4271
f 3999//3999 4270//4270 4271//4271
f 1113//1113 3998//3998 4273//4273
f 3998//3998 144//144 4272//4272
f 4272//4272 1193//1193 4273//4273
f 3998//3998 4272//4272 4273//4273
f 1193//1193 4274//4274 4276//4276
f 4274//4274 384//384 4275//4275
f 4275//4275 1194//1194 4276//4276
f 4274//4274 4275//4275 4276//4276
f 1113//1113 4273//4273 4270//4270
f 4273//4273 1193//1193 4276//4276
f 4276//4276 1194//1194 4270//4270
f 4273//4273 4276//4276 4270//4270
f 383//383 4265//4265 4258//4258
f 4265//4265 1192//1192 4277//4277
f 4277//4277 1189//1189 4258//4258
f 4265//4265 4277//4277 4258//4258
f 1192//1192 4268//4268 4278//4278
f 4268//4268 359//359 4271//4271
f 4271//4271 1194//1194 4278//4278
f 4268//4268 4271//4271 4278//4278
f 1194//1194 4275//4275 4279//4279
f 4275//4275 384//384 4260//4260
f 4260//4260 1189//1189 4279//4279
f 4275//4275 4260//4260 4279//4279
f 1192//1192 4278//4278 4277//4277
f 4278//4278 1194//1194 4279//4279
f 4279//4279 1189//1189 4277//4277
f 4278//4278 4279//4279 4277//4277
f 144//144 3997//3997 4281//4281
f 3997//3997 1112//1112 4280//4280
f 4280//4280 1196//1196 4281//4281
f 3997//3997 4280//4280 4281//4281
f 1112//1112 3996//3996 4283//4283
f 3996//3996 358//358 4282//4282
f 4282//4282 1195//1195 4283//4283
f 3996//3996 4282//4282 4283//4283
f 1195//1195 4284//4284 4286//4286
f 4284//4284 386//386 4285//4285
f 4285//4285 1196//1196 4286//4286
f 4284//4284 4285//4285 4286//4286
f 1112//1112 4283//4283 4280//4280
f 4283//4283 1195//1195 4286//4286
f 4286//4286 1196//1196 4280//4280
f 4283//4283 4286//4286 4280//4280
f 358//358 3995//3995 4288//4288
f 3995//3995 1111//1111 4287//4287
f 4287//4287 1198//1198 4288//4288
f 3995//3995 4287//4287 4288//4288
f 1111//1111 3994//3994 4290//4290
f 3994//3994 46//46 4289//4289
f 4289//4289 1197//1197 4290//4290
f 3994//3994 4289//4289 4290//4290
f 1197//1197 4291//4291 4293//4293
f 4291//4291 385//385 4292//4292
f 4292//4292 1198//1198 4293//4293
f 4291//4291 4292//4292 4293//4293
f 1111//1111 4290//4290 4287//4287
f 4290//4290 1197//1197 4293//4293
f 4293//4293 1198//1198 4287//4287
f 4290//4290 4293//4293 4287//4287
f 385//385 4294//4294 4296//4296
f 4294//4294 1199//1199 4295//4295
f 4295//4295 1201//1201 4296//4296
f 4294//4294 4295//4295 4296//4296
f 1199//1199 4297//4297 4299//4299
f 4297//4297 153//153 4298//4298
f 4298//4298 1200//1200 4299//4299
f 4297//4297 4298//4298 4299//4299
f 1200//1200 4300//4300 4302//4302
f 4300//4300 386//386 4301//4301
f 4301//4301 1201//1201 4302//4302
f 4300//4300 4301//4301 4302//4302
f 1199//1199 4299//4299 4295//4295
f 4299//4299 1200//1200 4302//4302
f 4302//4302 1201//1201 4295//4295
f 4299//4299 4302//4302 4295//4295
f 358//358 4288//4288 4282//4282
f 4288//4288 1198//1198 4303//4303
f 4303//4303 1195//1195 4282//4282
f 4288//4288 4303//4303 4282//4282
f 1198//1198 4292//4292 4304//4304
f 4292//4292 385//385 4296//4296
f 4296//4296 1201//1201 4304//4304
f 4292//4292 4296//4296 4304//4304
f 1201//1201 4301//4301 4305//4305
f 4301//4301 386//386 4284//4284
f 4284//4284 1195//1195 4305//4305
f 4301//4301 4284//4284 4305//4305
f 1198//1198 4304//4304 4303//4303
f 4304//4304 1201//1201 4305//4305
f 4305//4305 1195//1195 4303//4303
f 4304//4304 4305//4305 4303//4303
f 152//152 4256//4256 4237//4237
f 4256//4256 1190//1190 4306//4306
f 4306//4306 1183//1183 4237//4237
f 4256//4256 4306//4306 4237//4237
f 1190//1190 4261//4261 4308//4308
f 4261//4261 384//384 4307//4307
f 4307//4307 1202//1202 4308//4308
f 4261//4261 4307//4307 4308//4308
f 1202//1202 4309//4309 4310//4310
f 4309//4309 381//381 4239//4239
f 4239//4239 1183//1183 4310//4310
f 4309//4309 4239//4239 4310//4310
f 1190//1190 4308//4308 4306//4306
f 4308//4308 1202//1202 4310//4310
f 4310//4310 1183//1183 4306//4306
f 4308//4308 4310//4310 4306//4306
f 384//384 4274//4274 4312//4312
f 4274//4274 1193//1193 4311//4311
f 4311//4311 1203//1203 4312//4312
f 4274//4274 4311//4311 4312//4312
f 1193//1193 4272//4272 4313//4313
f 4272//4272 144//144 4281//4281
f 4281//4281 1196//1196 4313//4313
f 4272//4272 4281//4281 4313//4313
f 1196//1196 4285//4285 4315//4315
f 4285//4285 386//386 4314//4314
f 4314//4314 1203//1203 4315//4315
f 4285//4285 4314//4314 4315//4315
f 1193//1193 4313//4313 4311//4311
f 4313//4313 1196//1196 4315//4315
f 4315//4315 1203//1203 4311//4311
f 4313//4313 4315//4315 4311//4311
f 386//386 4300//4300 4317//4317
f 4300//4300 1200//1200 4316//4316
f 4316//4316 1204//1204 4317//4317
f 4300//4300 4316//4316 4317//4317
f 1200//1200 4298//4298 4318//4318
f 4298//4298 153//153 4245//4245
f 4245//4245 1185//1185 4318//4318
f 4298//4298 4245//4245 4318//4318
f 1185//1185 4242//4242 4320//4320
f 4242//4242 381//381 4319//4319
f 4319//4319 1204//1204 4320//4320
f 4242//4242 4319//4319 4320//4320
f 1200//1200 4318//4318 4316//4316
f 4318//4318 1185//1185 4320//4320
f 4320//4320 1204//1204 4316//4316
f 4318//4318 4320//4320 4316//4316
f 384//384 4312//4312 4307//4307
f 4312//4312 1203//1203 4321//4321
f 4321//4321 1202//1202 4307//4307
f 4312//4312 4321//4321 4307//4307
f 1203//1203 4314//4314 4322//4322
f 4314//4314 386//386 4317//4317
f 4317//4317 1204//1204 4322//4322
f 4314//4314 4317//4317 4322//4322
f 1204//1204 4319//4319 4323//4323
f 4319//4319 381//381 4309//4309
f 4309//4309 1202//1202 4323//4323
f 4319//4319 4309//4309 4323//4323
f 1203//1203 4322//4322 4321//4321
f 4322//4322 1204//1204 4323//4323
f 4323//4323 1202//1202 4321//4321
f 4322//4322 4323//4323 4321//4321
f 58//58 4324//4324 4033//4033
f 4324//4324 1205//1205 4325//4325
f 4325//4325 1131//1131 4033//4033
f 4324//4324 4325//4325 4033//4033
f 1205//1205 4326//4326 4328//4328
f 4326//4326 387//387 4327//4327
f 4327//4327 1206//1206 4328//4328
f 4326//4326 4327//4327 4328//4328
f 1206//1206 4329//4329 4330//4330
f 4329//4329 368//368 4036//4036
f 4036//4036 1131//1131 4330//4330
f 4329//4329 4036//4036 4330//4330
f 1205//1205 4328//4328 4325//4325
f 4328//4328 1206//1206 4330//4330
f 4330//4330 1131//1131 4325//4325
f 4328//4328 4330//4330 4325//4325
f 387//387 4331//4331 4333//4333
f 4331//4331 1207//1207 4332//4332
f 4332//4332 1209//1209 4333//4333
f 4331//4331 4332//4332 4333//4333
f 1207//1207 4334//4334 4336//4336
f 4334//4334 154//154 4335//4335
f 4335//4335 1208//1208 4336//4336
f 4334//4334 4335//4335 4336//4336
f 1208//1208 4337//4337 4339//4339
f 4337//4337 388//388 4338//4338
f 4338//4338 1209//1209 4339//4339
f 4337//4337 4338//4338 4339//4339
f 1207//1207 4336//4336 4332//4332
f 4336//4336 1208//1208 4339//4339
f 4339//4339 1209//1209 4332//4332
f 4336//4336 4339//4339 4332//4332
f 388//388 4340//4340 4342//4342
f 4340//4340 1210//1210 4341//4341
f 4341//4341 1211//1211 4342//4342
f 4340//4340 4341//4341 4342//4342
f 1210//1210 4343//4343 4344//4344
f 4343//4343 149//149 4045//4045
f 4045//4045 1134//1134 4344//4344
f 4343//4343 4045//4045 4344//4344
f 1134//1134 4042//4042 4346//4346
f 4042//4042 368//368 4345//4345
f 4345//4345 1211//1211 4346//4346
f 4042//4042 4345//4345 4346//4346
f 1210//1210 4344//4344 4341//4341
f 4344//4344 1134//1134 4346//4346
f 4346//4346 1211//1211 4341//4341
f 4344//4344 4346//4346 4341//4341
f 387//387 4333//4333 4327//4327
f 4333//4333 1209//1209 4347//4347
f 4347//4347 1206//1206 4327//4327
f 4333//4333 4347//4347 4327//4327
f 1209//1209 4338//4338 4348//4348
f 4338//4338 388//388 4342//4342
f 4342//4342 1211//1211 4348//4348
f 4338//4338 4342//4342 4348//4348
f 1211//1211 4345//4345 4349//4349
f 4345//4345 368//368 4329//4329
f 4329//4329 1206//1206 4349//4349
f 4345//4345 4329//4329 4349//4349
f 1209//1209 4348//4348 4347//4347
f 4348//4348 1211//1211 4349//4349
f 4349//4349 1206//1206 4347//4347
f 4348//4348 4349//4349 4347//4347
f 154//154 4350//4350 4352//4352
f 4350//4350 1212//1212 4351//4351
f 4351//4351 1214//1214 4352//4352
f 4350//4350 4351//4351 4352//4352
f 1212//1212 4353//4353 4355//4355
f 4353//4353 389//389 4354//4354
f 4354//4354 1213//1213 4355//4355
f 4353//4353 4354//4354 4355//4355
f 1213//1213 4356//4356 4358//4358
f 4356//4356 390//390 4357//4357
f 4357//4357 1214//1214 4358//4358
f 4356//4356 4357//4357 4358//4358
f 1212//1212 4355//4355 4351//4351
f 4355//4355 1213//1213 4358//4358
f 4358//4358 1214//1214 4351//4351
f 4355//4355 4358//4358 4351//4351
f 389//389 4359//4359 4361//4361
f 4359//4359 1215//1215 4360//4360
f 4360//4360 1216//1216 4361//4361
f 4359//4359 4360//4360 4361//4361
f 1215//1215 4362//4362 4363//4363
f 4362//4362 59//59 4226//4226
f 4226//4226 1181//1181 4363//4363
f 4362//4362 4226//4226 4363//4363
f 1181//1181 4231//4231 4365//4365
f 4231//4231 382//382 4364//4364
f 4364//4364 1216//1216 4365//4365
f 4231//4231 4364//4364 4365//4365
f 1215//1215 4363//4363 4360//4360
f 4363//4363 1181//1181 4365//4365
f 4365//4365 1216//1216 4360//4360
f 4363//4363 4365//4365 4360//4360
f 382//382 4248//4248 4367//4367
f 4248//4248 1186//1186 4366//4366
f 4366//4366 1218//1218 4367//4367
f 4248//4248 4366//4366 4367//4367
f 1186//1186 4246//4246 4369//4369
f 4246//4246 153//153 4368//4368
f 4368//4368 1217//1217 4369//4369
f 4246//4246 4368//4368 4369//4369
f 1217//1217 4370//4370 4372//4372
f 4370//4370 390//390 4371//4371
f 4371//4371 1218//1218 4372//4372
f 4370//4370 4371//4371 4372//4372
f 1186//1186 4369//4369 4366//4366
f 4369//4369 1217//1217 4372//4372
f 4372//4372 1218//1218 4366//4366
f 4369//4369 4372//4372 4366//4366
f 389//389 4361//4361 4354//4354
f 4361//4361 1216//1216 4373//4373
f 4373//4373 1213//1213 4354//4354
f 4361//4361 4373//4373 4354//4354
f 1216//1216 4364//4364 4374//4374
f 4364//4364 382//382 4367//4367
f 4367//4367 1218//1218 4374//4374
f 4364//4364 4367//4367 4374//4374
f 1218//1218 4371//4371 4375//4375
f 4371//4371 390//390 4356//4356
f 4356//4356 1213//1213 4375//4375
f 4371//4371 4356//4356 4375//4375
f 1216//1216 4374//4374 4373//4373
f 4374//4374 1218//1218 4375//4375
f 4375//4375 1213//1213 4373//4373
f 4374//4374 4375//4375 4373//4373
f 153//153 4297//4297 4377//4377
f 4297//4297 1199//1199 4376//4376
f 4376//4376 1220//1220 4377//4377
f 4297//4297 4376//4376 4377//4377
f 1199//1199 4294//4294 4379//4379
f 4294//4294 385//385 4378//4378
f 4378//4378 1219//1219 4379//4379
f 4294//4294 4378//4378 4379//4379
f 1219//1219 4380//4380 4382//4382
f 4380//4380 391//391 4381//4381
f 4381//4381 1220//1220 4382//4382
f 4380//4380 4381//4381 4382//4382
f 1199//1199 4379//4379 4376//4376
f 4379//4379 1219//1219 4382//4382
f 4382//4382 1220//1220 4376//4376
f 4379//4379 4382//4382 4376//4376
f 385//385 4291//4291 4384//4384
f 4291//4291 1197//1197 4383//4383
f 4383//4383 1221//1221 4384//4384
f 4291//4291 4383//4383 4384//4384
f 1197//1197 4289//4289 4385//4385
f 4289//4289 46//46 4075//4075
f 4075//4075 1143//1143 4385//4385
f 4289//4289 4075//4075 4385//4385
f 1143//1143 4072//4072 4387//4387
f 4072//4072 371//371 4386//4386
f 4386//4386 1221//1221 4387//4387
f 4072//4072 4386//4386 4387//4387
f 1197//1197 4385//4385 4383//4383
f 4385//4385 1143//1143 4387//4387
f 4387//4387 1221//1221 4383//4383
f 4385//4385 4387//4387 4383//4383
f 371//371 4066//4066 4389//4389
f 4066//4066 1140//1140 4388//4388
f 4388//4388 1223//1223 4389//4389
f 4066//4066 4388//4388 4389//4389
f 1140//1140 4063//4063 4391//4391
f 4063//4063 149//149 4390//4390
f 4390//4390 1222//1222 4391//4391
f 4063//4063 4390//4390 4391//4391
f 1222//1222 4392//4392 4394//4394
f 4392//4392 391//391 4393//4393
f 4393//4393 1223//1223 4394//4394
f 4392//4392 4393//4393 4394//4394
f 1140//1140 4391//4391 4388//4388
f 4391//4391 1222//1222 4394//4394
f 4394//4394 1223//1223 4388//4388
f 4391//4391 4394//4394 4388//4388
f 385//385 4384//4384 4378//4378
f 4384//4384 1221//1221 4395//4395
f 4395//4395 1219//1219 4378//4378
f 4384//4384 4395//4395 4378//4378
f 1221//1221 4386//4386 4396//4396
f 4386//4386 371//371 4389//4389
f 4389//4389 1223//1223 4396//4396
f 4386//4386 4389//4389 4396//4396
f 1223//1223 4393//4393 4397//4397
f 4393//4393 391//391 4380//4380
f 4380//4380 1219//1219 4397//4397
f 4393//4393 4380//4380 4397//4397
f 1221//1221 4396//4396 4395//4395
f 4396//4396 1223//1223 4397//4397
f 4397//4397 1219//1219 4395//4395
f 4396//4396 4397//4397 4395//4395
f 154//154 4352//4352 4335//4335
f 4352//4352 1214//1214 4398//4398
f 4398//4398 1208//1208 4335//4335
f 4352//4352 4398//4398 4335//4335
f 1214//1214 4357//4357 4400//4400
f 4357//4357 390//390 4399//4399
f 4399//4399 1224//1224 4400//4400
f 4357//4357 4399//4399 4400//4400
f 1224//1224 4401//4401 4402//4402
f 4401//4401 388//388 4337//4337
f 4337//4337 1208//1208 4402//4402
f 4401//4401 4337//4337 4402//4402
f 1214//1214 4400//4400 4398//4398
f 4400//4400 1224//1224 4402//4402
f 4402//4402 1208//1208 4398//4398
f 4400//4400 4402//4402 4398//4398
f 390//390 4370//4370 4404//4404
f 4370//4370 1217//1217 4403//4403
f 4403//4403 1225//1225 4404//4404
f 4370//4370 4403//4403 4404//4404
f 1217//1217 4368//4368 4405//4405
f 4368//4368 153//153 4377//4377
f 4377//4377 1220//1220 4405//4405
f 4368//4368 4377//4377 4405//4405
f 1220//1220 4381//4381 4407//4407
f 4381//4381 391//391 4406//4406
f 4406//4406 1225//1225 4407//4407
f 4381//4381 4406//4406 4407//4407
f 1217//1217 4405//4405 4403//4403
f 4405//4405 1220//1220 4407//4407
f 4407//4407 1225//1225 4403//4403
f 4405//4405 4407//4407 4403//4403
f 391//391 4392//4392 4409//4409
f 4392//4392 1222//1222 4408//4408
f 4408//4408 1226//1226 4409//4409
f 4392//4392 4408//4408 4409//4409
f 1222//1222 4390//4390 4410//4410
f 4390//4390 149//149 4343//4343
f 4343//4343 1210//1210 4410//4410
f 4390//4390 4343//4343 4410//4410
f 1210//1210 4340//4340 4412//4412
f 4340//4340 388//388 4411//4411
f 4411//4411 1226//1226 4412//4412
f 4340//4340 4411//4411 4412//4412
f 1222//1222 4410//4410 4408//4408
f 4410//4410 1210//1210 4412//4412
f 4412//4412 1226//1226 4408//4408
f 4410//4410 4412//4412 4408//4408
f 390//390 4404//4404 4399//4399
f 4404//4404 1225//1225 4413//4413
f 4413//4413 1224//1224 4399//4399
f 4404//4404 4413//4413 4399//4399
f 1225//1225 4406//4406 4414//4414
f 4406//4406 391//391 4409//4409
f 4409//4409 1226//1226 4414//4414
f 4406//4406 4409//4409 4414//4414
f 1226//1226 4411//4411 4415//4415
f 4411//4411 388//388 4401//4401
f 4401//4401 1224//1224 4415//4415
f 4411//4411 4401//4401 4415//4415
f 1225//1225 4414//4414 4413//4413
f 4414//4414 1226//1226 4415//4415
f 4415//4415 1224//1224 4413//4413
f 4414//4414 4415//4415 4413//4413
f 4416//4416 392//392 48//48
f 4417//4417 155//155 4418//4418
f 4417//4417 4418//4418 48//48
f 4418//4418 155//155 48//48
f 59//59 4419//4419 4224//4224
f 4419//4419 1227//1227 4420//4420
f 4420//4420 1179//1179 4224//4224
f 4419//4419 4420//4420 4224//4224
f 1227//1227 4421//4421 4423//4423
f 4421//4421 393//393 4422//4422
f 4422//4422 1228//1228 4423//4423
f 4421//4421 4422//4422 4423//4423
f 1228//1228 4424//4424 4425//4425
f 4424//4424 380//380 4227//4227
f 4227//4227 1179//1179 4425//4425
f 4424//4424 4227//4227 4425//4425
f 1227//1227 4423//4423 4420//4420
f 4423//4423 1228//1228 4425//4425
f 4425//4425 1179//1179 4420//4420
f 4423//4423 4425//4425 4420//4420
f 393//393 4426//4426 4428//4428
f 4426//4426 1229//1229 4427//4427
f 4427//4427 1231//1231 4428//4428
f 4426//4426 4427//4427 4428//4428
f 1229//1229 4429//4429 4431//4431
f 4429//4429 156//156 4430//4430
f 4430//4430 1230//1230 4431//4431
f 4429//4429 4430//4430 4431//4431
f 1230//1230 4432//4432 4434//4434
f 4432//4432 394//394 4433//4433
f 4433//4433 1231//1231 4434//4434
f 4432//4432 4433//4433 4434//4434
f 1229//1229 4431//4431 4427//4427
f 4431//4431 1230//1230 4434//4434
f 4434//4434 1231//1231 4427//4427
f 4431//4431 4434//4434 4427//4427
f 394//394 4435//4435 4437//4437
f 4435//4435 1232//1232 4436//4436
f 4436//4436 1233//1233 4437//4437
f 4435//4435 4436//4436 4437//4437
f 1232//1232 4438//4438 4439//4439
f 4438//4438 152//152 4236//4236
f 4236//4236 1182//1182 4439//4439
f 4438//4438 4236//4236 4439//4439
f 1182//1182 4233//4233 4441//4441
f 4233//4233 380//380 4440//4440
f 4440//4440 1233//1233 4441//4441
f 4233//4233 4440//4440 4441//4441
f 1232//1232 4439//4439 4436//4436
f 4439//4439 1182//1182 4441//4441
f 4441//4441 1233//1233 4436//4436
f 4439//4439 4441//4441 4436//4436
f 393//393 4428//4428 4422//4422
f 4428//4428 1231//1231 4442//4442
f 4442//4442 1228//1228 4422//4422
f 4428//4428 4442//4442 4422//4422
f 1231//1231 4433//4433 4443//4443
f 4433//4433 394//394 4437//4437
f 4437//4437 1233//1233 4443//4443
f 4433//4433 4437//4437 4443//4443
f 1233//1233 4440//4440 4444//4444
f 4440//4440 380//380 4424//4424
f 4424//4424 1228//1228 4444//4444
f 4440//4440 4424//4424 4444//4444
f 1231//1231 4443//4443 4442//4442
f 4443//4443 1233//1233 4444//4444
f 4444//4444 1228//1228 4442//4442
f 4443//4443 4444//4444 4442//4442
f 156//156 4445//4445 4447//4447
f 4445//4445 1234//1234 4446//4446
f 4446//4446 1236//1236 4447//4447
f 4445//4445 4446//4446 4447//4447
f 1234//1234 4448//4448 4450//4450
f 4448//4448 395//395 4449//4449
f 4449//4449 1235//1235 4450//4450
f 4448//4448 4449//4449 4450//4450
f 1235//1235 4451//4451 4453//4453
f 4451//4451 396//396 4452//4452
f 4452//4452 1236//1236 4453//4453
f 4451//4451 4452//4452 4453//4453
f 1234//1234 4450//4450 4446//4446
f 4450//4450 1235//1235 4453//4453
f 4453//4453 1236//1236 4446//4446
f 4450//4450 4453//4453 4446//4446
f 395//395 4454//4454 4456//4456
f 4454//4454 1237//1237 4455//4455
f 4455//4455 1238//1238 4456//4456
f 4454//4454 4455//4455 4456//4456
f 1237//1237 4457//4457 48//48
f 4457//4457 60//60 48//48
f 48//48 392//392 4458//4458
f 4458//4458 1238//1238 4459//4459
f 48//48 4458//4458 4459//4459
f 1237//1237 48//48 4455//4455
f 4459//4459 1238//1238 4455//4455
f 48//48 4459//4459 4455//4455
f 392//392 4416//4416 4461//4461
f 4416//4416 48//48 4460//4460
f 4460//4460 1240//1240 4461//4461
f 4416//4416 4460//4460 4461//4461
f 48//48 155//155 4462//4462
f 4462//4462 1239//1239 4463//4463
f 48//48 4462//4462 4463//4463
f 1239//1239 4464//4464 4466//4466
f 4464//4464 396//396 4465//4465
f 4465//4465 1240//1240 4466//4466
f 4464//4464 4465//4465 4466//4466
f 48//48 4463//4463 4460//4460
f 4463//4463 1239//1239 4466//4466
f 4466//4466 1240//1240 4460//4460
f 4463//4463 4466//4466 4460//4460
f 395//395 4456//4456 4449//4449
f 4456//4456 1238//1238 4467//4467
f 4467//4467 1235//1235 4449//4449
f 4456//4456 4467//4467 4449//4449
f 1238//1238 4458//4458 4468//4468
f 4458//4458 392//392 4461//4461
f 4461//4461 1240//1240 4468//4468
f 4458//4458 4461//4461 4468//4468
f 1240//1240 4465//4465 4469//4469
f 4465//4465 396//396 4451//4451
f 4451//4451 1235//1235 4469//4469
f 4465//4465 4451//4451 4469//4469
f 1238//1238 4468//4468 4467//4467
f 4468//4468 1240//1240 4469//4469
f 4469//4469 1235//1235 4467//4467
f 4468//4468 4469//4469 4467//4467
f 155//155 4417//4417 4471//4471
f 4417//4417 48//48 4470//4470
f 4470//4470 1242//1242 4471//4471
f 4417//4417 4470//4470 4471//4471
f 4472//4472 1241//1241 48//48
f 1241//1241 4473//4473 4475//4475
f 4473//4473 397//397 4474//4474
f 4474//4474 1242//1242 4475//4475
f 4473//4473 4474//4474 4475//4475
f 48//48 1241//1241 4475//4475
f 4475//4475 1242//1242 4470//4470
f 48//48 4475//4475 4470//4470
f 48//48 47//47 4266//4266
f 4266//4266 1191//1191 48//48
f 1191//1191 4263//4263 48//48
f 4263//4263 383//383 48//48
f 383//383 4257//4257 4477//4477
f 4257//4257 1188//1188 4476//4476
f 4476//4476 1244//1244 4477//4477
f 4257//4257 4476//4476 4477//4477
f 1188//1188 4254//4254 4479//4479
f 4254//4254 152//152 4478//4478
f 4478//4478 1243//1243 4479//4479
f 4254//4254 4478//4478 4479//4479
f 1243//1243 4480//4480 4482//4482
f 4480//4480 397//397 4481//4481
f 4481//4481 1244//1244 4482//4482
f 4480//4480 4481//4481 4482//4482
f 1188//1188 4479//4479 4476//4476
f 4479//4479 1243//1243 4482//4482
f 4482//4482 1244//1244 4476//4476
f 4479//4479 4482//4482 4476//4476
f 4483//4483 1241//1241 4472//4472
f 48//48 4483//4483 4472//4472
f 48//48 383//383 4477//4477
f 4477//4477 1244//1244 4484//4484
f 48//48 4477//4477 4484//4484
f 1244//1244 4481//4481 4485//4485
f 4481//4481 397//397 4473//4473
f 4473//4473 1241//1241 4485//4485
f 4481//4481 4473//4473 4485//4485
f 48//48 4484//4484 4483//4483
f 4484//4484 1244//1244 4485//4485
f 4485//4485 1241//1241 4483//4483
f 4484//4484 4485//4485 4483//4483
f 156//156 4447//4447 4430//4430
f 4447//4447 1236//1236 4486//4486
f 4486//4486 1230//1230 4430//4430
f 4447//4447 4486//4486 4430//4430
f 1236//1236 4452//4452 4488//4488
f 4452//4452 396//396 4487//4487
f 4487//4487 1245//1245 4488//4488
f 4452//4452 4487//4487 4488//4488
f 1245//1245 4489//4489 4490//4490
f 4489//4489 394//394 4432//4432
f 4432//4432 1230//1230 4490//4490
f 4489//4489 4432//4432 4490//4490
f 1236//1236 4488//4488 4486//4486
f 4488//4488 1245//1245 4490//4490
f 4490//4490 1230//1230 4486//4486
f 4488//4488 4490//4490 4486//4486
f 396//396 4464//4464 4492//4492
f 4464//4464 1239//1239 4491//4491
f 4491//4491 1246//1246 4492//4492
f 4464//4464 4491//4491 4492//4492
f 1239//1239 4462//4462 4493//4493
f 4462//4462 155//155 4471//4471
f 4471//4471 1242//1242 4493//4493
f 4462//4462 4471//4471 4493//4493
f 1242//1242 4474//4474 4495//4495
f 4474//4474 397//397 4494//4494
f 4494//4494 1246//1246 4495//4495
f 4474//4474 4494//4494 4495//4495
f 1239//1239 4493//4493 4491//4491
f 4493//4493 1242//1242 4495//4495
f 4495//4495 1246//1246 4491//4491
f 4493//4493 4495//4495 4491//4491
f 397//397 4480//4480 4497//4497
f 4480//4480 1243//1243 4496//4496
f 4496//4496 1247//1247 4497//4497
f 4480//4480 4496//4496 4497//4497
f 1243//1243 4478//4478 4498//4498
f 4478//4478 152//152 4438//4438
f 4438//4438 1232//1232 4498//4498
f 4478//4478 4438//4438 4498//4498
f 1232//1232 4435//4435 4500//4500
f 4435//4435 394//394 4499//4499
f 4499//4499 1247//1247 4500//4500
f 4435//4435 4499//4499 4500//4500
f 1243//1243 4498//4498 4496//4496
f 4498//4498 1232//1232 4500//4500
f 4500//4500 1247//1247 4496//4496
f 4498//4498 4500//4500 4496//4496
f 396//396 4492//4492 4487//4487
f 4492//4492 1246//1246 4501//4501
f 4501//4501 1245//1245 4487//4487
f 4492//4492 4501//4501 4487//4487
f 1246//1246 4494//4494 4502//4502
f 4494//4494 397//397 4497//4497
f 4497//4497 1247//1247 4502//4502
f 4494//4494 4497//4497 4502//4502
f 1247//1247 4499//4499 4503//4503
f 4499//4499 394//394 4489//4489
f 4489//4489 1245//1245 4503//4503
f 4499//4499 4489//4489 4503//4503
f 1246//1246 4502//4502 4501//4501
f 4502//4502 1247//1247 4503//4503
f 4503//4503 1245//1245 4501//4501
f 4502//4502 4503//4503 4501//4501
f 61//61 4504//4504 48//48
f 4504//4504 1248//1248 48//48
f 1248//1248 4505//4505 48//48
f 4505//4505 398//398 48//48
f 398//398 4506//4506 48//48
f 4506//4506 1249//1249 48//48
f 1249//1249 4507//4507 48//48
f 4507//4507 157//157 48//48
f 157//157 4508//4508 48//48
f 4508//4508 1250//1250 48//48
f 1250//1250 4509//4509 48//48
f 4509//4509 399//399 48//48
f 399//399 4510//4510 48//48
f 4510//4510 1251//1251 48//48
f 1251//1251 4511//4511 48//48
f 4511//4511 49//49 48//48
f 60//60 4512//4512 48//48
f 4512//4512 1252//1252 48//48
f 1252//1252 4513//4513 48//48
f 4513//4513 400//400 48//48
f 400//400 4514//4514 48//48
f 4514//4514 1253//1253 48//48
f 1253//1253 4515//4515 48//48
f 4515//4515 158//158 48//48
f 158//158 4516//4516 48//48
f 4516//4516 1254//1254 48//48
f 1254//1254 4517//4517 48//48
f 4517//4517 401//401 48//48
f 401//401 4518//4518 48//48
f 4518//4518 1255//1255 48//48
f 1255//1255 4519//4519 48//48
f 4519//4519 61//61 48//48
f 62//62 4520//4520 4522//4522
f 4520//4520 1256//1256 4521//4521
f 4521//4521 1258//1258 4522//4522
f 4520//4520 4521//4521 4522//4522
f 1256//1256 4523//4523 4525//4525
f 4523//4523 402//402 4524//4524
f 4524//4524 1257//1257 4525//4525
f 4523//4523 4524//4524 4525//4525
f 1257//1257 4526//4526 4528//4528
f 4526//4526 404//404 4527//4527
f 4527//4527 1258//1258 4528//4528
f 4526//4526 4527//4527 4528//4528
f 1256//1256 4525//4525 4521//4521
f 4525//4525 1257//1257 4528//4528
f 4528//4528 1258//1258 4521//4521
f 4525//4525 4528//4528 4521//4521
f 402//402 4529//4529 4531//4531
f 4529//4529 1259//1259 4530//4530
f 4530//4530 1261//1261 4531//4531
f 4529//4529 4530//4530 4531//4531
f 1259//1259 4532//4532 4534//4534
f 4532//4532 159//159 4533//4533
f 4533//4533 1260//1260 4534//4534
f 4532//4532 4533//4533 4534//4534
f 1260//1260 4535//4535 4537//4537
f 4535//4535 403//403 4536//4536
f 4536//4536 1261//1261 4537//4537
f 4535//4535 4536//4536 4537//4537
f 1259//1259 4534//4534 4530//4530
f 4534//4534 1260//1260 4537//4537
f 4537//4537 1261//1261 4530//4530
f 4534//4534 4537//4537 4530//4530
f 403//403 4538//4538 4540//4540
f 4538//4538 1262//1262 4539//4539
f 4539//4539 1264//1264 4540//4540
f 4538//4538 4539//4539 4540//4540
f 1262//1262 4541//4541 4543//4543
f 4541//4541 160//160 4542//4542
f 4542//4542 1263//1263 4543//4543
f 4541//4541 4542//4542 4543//4543
f 1263//1263 4544//4544 4546//4546
f 4544//4544 404//404 4545//4545
f 4545//4545 1264//1264 4546//4546
f 4544//4544 4545//4545 4546//4546
f 1262//1262 4543//4543 4539//4539
f 4543//4543 1263//1263 4546//4546
f 4546//4546 1264//1264 4539//4539
f 4543//4543 4546//4546 4539//4539
f 402//402 4531//4531 4524//4524
f 4531//4531 1261//1261 4547//4547
f 4547//4547 1257//1257 4524//4524
f 4531//4531 4547//4547 4524//4524
f 1261//1261 4536//4536 4548//4548
f 4536//4536 403//403 4540//4540
f 4540//4540 1264//1264 4548//4548
f 4536//4536 4540//4540 4548//4548
f 1264//1264 4545//4545 4549//4549
f 4545//4545 404//404 4526//4526
f 4526//4526 1257//1257 4549//4549
f 4545//4545 4526//4526 4549//4549
f 1261//1261 4548//4548 4547//4547
f 4548//4548 1264//1264 4549//4549
f 4549//4549 1257//1257 4547//4547
f 4548//4548 4549//4549 4547//4547
f 159//159 4550//4550 4552//4552
f 4550//4550 1265//1265 4551//4551
f 4551//4551 1267//1267 4552//4552
f 4550//4550 4551//4551 4552//4552
f 1265//1265 4553//4553 4555//4555
f 4553//4553 405//405 4554//4554
f 4554//4554 1266//1266 4555//4555
f 4553//4553 4554//4554 4555//4555
f 1266//1266 4556//4556 4558//4558
f 4556//4556 406//406 4557//4557
f 4557//4557 1267//1267 4558//4558
f 4556//4556 4557//4557 4558//4558
f 1265//1265 4555//4555 4551//4551
f 4555//4555 1266//1266 4558//4558
f 4558//4558 1267//1267 4551//4551
f 4555//4555 4558//4558 4551//4551
f 405//405 4559//4559 4561//4561
f 4559//4559 1268//1268 4560//4560
f 4560//4560 1269//1269 4561//4561
f 4559//4559 4560//4560 4561//4561
f 1268//1268 4562//4562 4563//4563
f 4562//4562 50//50 4009//4009
f 4009//4009 1118//1118 4563//4563
f 4562//4562 4009//4009 4563//4563
f 1118//1118 4008//4008 4565//4565
f 4008//4008 361//361 4564//4564
f 4564//4564 1269//1269 4565//4565
f 4008//4008 4564//4564 4565//4565
f 1268//1268 4563//4563 4560//4560
f 4563//4563 1118//1118 4565//4565
f 4565//4565 1269//1269 4560//4560
f 4563//4563 4565//4565 4560//4560
f 361//361 4007//4007 4567//4567
f 4007//4007 1117//1117 4566//4566
f 4566//4566 1271//1271 4567//4567
f 4007//4007 4566//4566 4567//4567
f 1117//1117 4006//4006 4569//4569
f 4006//4006 145//145 4568//4568
f 4568//4568 1270//1270 4569//4569
f 4006//4006 4568//4568 4569//4569
f 1270//1270 4570//4570 4572//4572
f 4570//4570 406//406 4571//4571
f 4571//4571 1271//1271 4572//4572
f 4570//4570 4571//4571 4572//4572
f 1117//1117 4569//4569 4566//4566
f 4569//4569 1270//1270 4572//4572
f 4572//4572 1271//1271 4566//4566
f 4569//4569 4572//4572 4566//4566
f 405//405 4561//4561 4554//4554
f 4561//4561 1269//1269 4573//4573
f 4573//4573 1266//1266 4554//4554
f 4561//4561 4573//4573 4554//4554
f 1269//1269 4564//4564 4574//4574
f 4564//4564 361//361 4567//4567
f 4567//4567 1271//1271 4574//4574
f 4564//4564 4567//4567 4574//4574
f 1271//1271 4571//4571 4575//4575
f 4571//4571 406//406 4556//4556
f 4556//4556 1266//1266 4575//4575
f 4571//4571 4556//4556 4575//4575
f 1269//1269 4574//4574 4573//4573
f 4574//4574 1271//1271 4575//4575
f 4575//4575 1266//1266 4573//4573
f 4574//4574 4575//4575 4573//4573
f 145//145 4005//4005 4577//4577
f 4005//4005 1116//1116 4576//4576
f 4576//4576 1273//1273 4577//4577
f 4005//4005 4576//4576 4577//4577
f 1116//1116 4004//4004 4579//4579
f 4004//4004 360//360 4578//4578
f 4578//4578 1272//1272 4579//4579
f 4004//4004 4578//4578 4579//4579
f 1272//1272 4580//4580 4582//4582
f 4580//4580 408//408 4581//4581
f 4581//4581 1273//1273 4582//4582
f 4580//4580 4581//4581 4582//4582
f 1116//1116 4579//4579 4576//4576
f 4579//4579 1272//1272 4582//4582
f 4582//4582 1273//1273 4576//4576
f 4579//4579 4582//4582 4576//4576
f 360//360 4003//4003 4584//4584
f 4003//4003 1115//1115 4583//4583
f 4583//4583 1275//1275 4584//4584
f 4003//4003 4583//4583 4584//4584
f 1115//1115 4002//4002 4586//4586
f 4002//4002 49//49 4585//4585
f 4585//4585 1274//1274 4586//4586
f 4002//4002 4585//4585 4586//4586
f 1274//1274 4587//4587 4589//4589
f 4587//4587 407//407 4588//4588
f 4588//4588 1275//1275 4589//4589
f 4587//4587 4588//4588 4589//4589
f 1115//1115 4586//4586 4583//4583
f 4586//4586 1274//1274 4589//4589
f 4589//4589 1275//1275 4583//4583
f 4586//4586 4589//4589 4583//4583
f 407//407 4590//4590 4592//4592
f 4590//4590 1276//1276 4591//4591
f 4591//4591 1278//1278 4592//4592
f 4590//4590 4591//4591 4592//4592
f 1276//1276 4593//4593 4595//4595
f 4593//4593 160//160 4594//4594
f 4594//4594 1277//1277 4595//4595
f 4593//4593 4594//4594 4595//4595
f 1277//1277 4596//4596 4598//4598
f 4596//4596 408//408 4597//4597
f 4597//4597 1278//1278 4598//4598
f 4596//4596 4597//4597 4598//4598
f 1276//1276 4595//4595 4591//4591
f 4595//4595 1277//1277 4598//4598
f 4598//4598 1278//1278 4591//4591
f 4595//4595 4598//4598 4591//4591
f 360//360 4584//4584 4578//4578
f 4584//4584 1275//1275 4599//4599
f 4599//4599 1272//1272 4578//4578
f 4584//4584 4599//4599 4578//4578
f 1275//1275 4588//4588 4600//4600
f 4588//4588 407//407 4592//4592
f 4592//4592 1278//1278 4600//4600
f 4588//4588 4592//4592 4600//4600
f 1278//1278 4597//4597 4601//4601
f 4597//4597 408//408 4580//4580
f 4580//4580 1272//1272 4601//4601
f 4597//4597 4580//4580 4601//4601
f 1275//1275 4600//4600 4599//4599
f 4600//4600 1278//1278 4601//4601
f 4601//4601 1272//1272 4599//4599
f 4600//4600 4601//4601 4599//4599
f 159//159 4552//4552 4533//4533
f 4552//4552 1267//1267 4602//4602
f 4602//4602 1260//1260 4533//4533
f 4552//4552 4602//4602 4533//4533
f 1267//1267 4557//4557 4604//4604
f 4557//4557 406//406 4603//4603
f 4603//4603 1279//1279 4604//4604
f 4557//4557 4603//4603 4604//4604
f 1279//1279 4605//4605 4606//4606
f 4605//4605 403//403 4535//4535
f 4535//4535 1260//1260 4606//4606
f 4605//4605 4535//4535 4606//4606
f 1267//1267 4604//4604 4602//4602
f 4604//4604 1279//1279 4606//4606
f 4606//4606 1260//1260 4602//4602
f 4604//4604 4606//4606 4602//4602
f 406//406 4570//4570 4608//4608
f 4570//4570 1270//1270 4607//4607
f 4607//4607 1280//1280 4608//4608
f 4570//4570 4607//4607 4608//4608
f 1270//1270 4568//4568 4609//4609
f 4568//4568 145//145 4577//4577
f 4577//4577 1273//1273 4609//4609
f 4568//4568 4577//4577 4609//4609
f 1273//1273 4581//4581 4611//4611
f 4581//4581 408//408 4610//4610
f 4610//4610 1280//1280 4611//4611
f 4581//4581 4610//4610 4611//4611
f 1270//1270 4609//4609 4607//4607
f 4609//4609 1273//1273 4611//4611
f 4611//4611 1280//1280 4607//4607
f 4609//4609 4611//4611 4607//4607
f 408//408 4596//4596 4613//4613
f 4596//4596 1277//1277 4612//4612
f 4612//4612 1281//1281 4613//4613
f 4596//4596 4612//4612 4613//4613
f 1277//1277 4594//4594 4614//4614
f 4594//4594 160//160 4541//4541
f 4541//4541 1262//1262 4614//4614
f 4594//4594 4541//4541 4614//4614
f 1262//1262 4538//4538 4616//4616
f 4538//4538 403//403 4615//4615
f 4615//4615 1281//1281 4616//4616
f 4538//4538 4615//4615 4616//4616
f 1277//1277 4614//4614 4612//4612
f 4614//4614 1262//1262 4616//4616
f 4616//4616 1281//1281 4612//4612
f 4614//4614 4616//4616 4612//4612
f 406//406 4608//4608 4603//4603
f 4608//4608 1280//1280 4617//4617
f 4617//4617 1279//1279 4603//4603
f 4608//4608 4617//4617 4603//4603
f 1280//1280 4610//4610 4618//4618
f 4610//4610 408//408 4613//4613
f 4613//4613 1281//1281 4618//4618
f 4610//4610 4613//4613 4618//4618
f 1281//1281 4615//4615 4619//4619
f 4615//4615 403//403 4605//4605
f 4605//4605 1279//1279 4619//4619
f 4615//4615 4605//4605 4619//4619
f 1280//1280 4618//4618 4617//4617
f 4618//4618 1281//1281 4619//4619
f 4619//4619 1279//1279 4617//4617
f 4618//4618 4619//4619 4617//4617
f 61//61 4620//4620 4504//4504
f 4620//4620 1282//1282 4621//4621
f 4621//4621 1248//1248 4504//4504
f 4620//4620 4621//4621 4504//4504
f 1282//1282 4622//4622 4624//4624
f 4622//4622 409//409 4623//4623
f 4623//4623 1283//1283 4624//4624
f 4622//4622 4623//4623 4624//4624
f 1283//1283 4625//4625 4626//4626
f 4625//4625 398//398 4505//4505
f 4505//4505 1248//1248 4626//4626
f 4625//4625 4505//4505 4626//4626
f 1282//1282 4624//4624 4621//4621
f 4624//4624 1283//1283 4626//4626
f 4626//4626 1248//1248 4621//4621
f 4624//4624 4626//4626 4621//4621
f 409//409 4627//4627 4629//4629
f 4627//4627 1284//1284 4628//4628
f 4628//4628 1286//1286 4629//4629
f 4627//4627 4628//4628 4629//4629
f 1284//1284 4630//4630 4632//4632
f 4630//4630 161//161 4631//4631
f 4631//4631 1285//1285 4632//4632
f 4630//4630 4631//4631 4632//4632
f 1285//1285 4633//4633 4635//4635
f 4633//4633 410//410 4634//4634
f 4634//4634 1286//1286 4635//4635
f 4633//4633 4634//4634 4635//4635
f 1284//1284 4632//4632 4628//4628
f 4632//4632 1285//1285 4635//4635
f 4635//4635 1286//1286 4628//4628
f 4632//4632 4635//4635 4628//4628
f 410//410 4636//4636 4638//4638
f 4636//4636 1287//1287 4637//4637
f 4637//4637 1288//1288 4638//4638
f 4636//4636 4637//4637 4638//4638
f 1287//1287 4639//4639 4640//4640
f 4639//4639 157//157 4507//4507
f 4507//4507 1249//1249 4640//4640
f 4639//4639 4507//4507 4640//4640
f 1249//1249 4506//4506 4642//4642
f 4506//4506 398//398 4641//4641
f 4641//4641 1288//1288 4642//4642
f 4506//4506 4641//4641 4642//4642
f 1287//1287 4640//4640 4637//4637
f 4640//4640 1249//1249 4642//4642
f 4642//4642 1288//1288 4637//4637
f 4640//4640 4642//4642 4637//4637
f 409//409 4629//4629 4623//4623
f 4629//4629 1286//1286 4643//4643
f 4643//4643 1283//1283 4623//4623
f 4629//4629 4643//4643 4623//4623
f 1286//1286 4634//4634 4644//4644
f 4634//4634 410//410 4638//4638
f 4638//4638 1288//1288 4644//4644
f 4634//4634 4638//4638 4644//4644
f 1288//1288 4641//4641 4645//4645
f 4641//4641 398//398 4625//4625
f 4625//4625 1283//1283 4645//4645
f 4641//4641 4625//4625 4645//4645
f 1286//1286 4644//4644 4643//4643
f 4644//4644 1288//1288 4645//4645
f 4645//4645 1283//1283 4643//4643
f 4644//4644 4645//4645 4643//4643
f 161//161 4646//4646 4648//4648
f 4646//4646 1289//1289 4647//4647
f 4647//4647 1291//1291 4648//4648
f 4646//4646 4647//4647 4648//4648
f 1289//1289 4649//4649 4651//4651
f 4649//4649 411//411 4650//4650
f 4650//4650 1290//1290 4651//4651
f 4649//4649 4650//4650 4651//4651
f 1290//1290 4652//4652 4654//4654
f 4652//4652 412//412 4653//4653
f 4653//4653 1291//1291 4654//4654
f 4652//4652 4653//4653 4654//4654
f 1289//1289 4651//4651 4647//4647
f 4651//4651 1290//1290 4654//4654
f 4654//4654 1291//1291 4647//4647
f 4651//4651 4654//4654 4647//4647
f 411//411 4655//4655 4657//4657
f 4655//4655 1292//1292 4656//4656
f 4656//4656 1293//1293 4657//4657
f 4655//4655 4656//4656 4657//4657
f 1292//1292 4658//4658 4659//4659
f 4658//4658 62//62 4522//4522
f 4522//4522 1258//1258 4659//4659
f 4658//4658 4522//4522 4659//4659
f 1258//1258 4527//4527 4661//4661
f 4527//4527 404//404 4660//4660
f 4660//4660 1293//1293 4661//4661
f 4527//4527 4660//4660 4661//4661
f 1292//1292 4659//4659 4656//4656
f 4659//4659 1258//1258 4661//4661
f 4661//4661 1293//1293 4656//4656
f 4659//4659 4661//4661 4656//4656
f 404//404 4544//4544 4663//4663
f 4544//4544 1263//1263 4662//4662
f 4662//4662 1295//1295 4663//4663
f 4544//4544 4662//4662 4663//4663
f 1263//1263 4542//4542 4665//4665
f 4542//4542 160//160 4664//4664
f 4664//4664 1294//1294 4665//4665
f 4542//4542 4664//4664 4665//4665
f 1294//1294 4666//4666 4668//4668
f 4666//4666 412//412 4667//4667
f 4667//4667 1295//1295 4668//4668
f 4666//4666 4667//4667 4668//4668
f 1263//1263 4665//4665 4662//4662
f 4665//4665 1294//1294 4668//4668
f 4668//4668 1295//1295 4662//4662
f 4665//4665 4668//4668 4662//4662
f 411//411 4657//4657 4650//4650
f 4657//4657 1293//1293 4669//4669
f 4669//4669 1290//1290 4650//4650
f 4657//4657 4669//4669 4650//4650
f 1293//1293 4660//4660 4670//4670
f 4660//4660 404//404 4663//4663
f 4663//4663 1295//1295 4670//4670
f 4660//4660 4663//4663 4670//4670
f 1295//1295 4667//4667 4671//4671
f 4667//4667 412//412 4652//4652
f 4652//4652 1290//1290 4671//4671
f 4667//4667 4652//4652 4671//4671
f 1293//1293 4670//4670 4669//4669
f 4670//4670 1295//1295 4671//4671
f 4671//4671 1290//1290 4669//4669
f 4670//4670 4671//4671 4669//4669
f 160//160 4593//4593 4673//4673
f 4593//4593 1276//1276 4672//4672
f 4672//4672 1297//1297 4673//4673
f 4593//4593 4672//4672 4673//4673
f 1276//1276 4590//4590 4675//4675
f 4590//4590 407//407 4674//4674
f 4674//4674 1296//1296 4675//4675
f 4590//4590 4674//4674 4675//4675
f 1296//1296 4676//4676 4678//4678
f 4676//4676 413//413 4677//4677
f 4677//4677 1297//1297 4678//4678
f 4676//4676 4677//4677 4678//4678
f 1276//1276 4675//4675 4672//4672
f 4675//4675 1296//1296 4678//4678
f 4678//4678 1297//1297 4672//4672
f 4675//4675 4678//4678 4672//4672
f 407//407 4587//4587 4680//4680
f 4587//4587 1274//1274 4679//4679
f 4679//4679 1298//1298 4680//4680
f 4587//4587 4679//4679 4680//4680
f 1274//1274 4585//4585 4681//4681
f 4585//4585 49//49 4511//4511
f 4511//4511 1251//1251 4681//4681
f 4585//4585 4511//4511 4681//4681
f 1251//1251 4510//4510 4683//4683
f 4510//4510 399//399 4682//4682
f 4682//4682 1298//1298 4683//4683
f 4510//4510 4682//4682 4683//4683
f 1274//1274 4681//4681 4679//4679
f 4681//4681 1251//1251 4683//4683
f 4683//4683 1298//1298 4679//4679
f 4681//4681 4683//4683 4679//4679
f 399//399 4509//4509 4685//4685
f 4509//4509 1250//1250 4684//4684
f 4684//4684 1300//1300 4685//4685
f 4509//4509 4684//4684 4685//4685
f 1250//1250 4508//4508 4687//4687
f 4508//4508 157//157 4686//4686
f 4686//4686 1299//1299 4687//4687
f 4508//4508 4686//4686 4687//4687
f 1299//1299 4688//4688 4690//4690
f 4688//4688 413//413 4689//4689
f 4689//4689 1300//1300 4690//4690
f 4688//4688 4689//4689 4690//4690
f 1250//1250 4687//4687 4684//4684
f 4687//4687 1299//1299 4690//4690
f 4690//4690 1300//1300 4684//4684
f 4687//4687 4690//4690 4684//4684
f 407//407 4680//4680 4674//4674
f 4680//4680 1298//1298 4691//4691
f 4691//4691 1296//1296 4674//4674
f 4680//4680 4691//4691 4674//4674
f 1298//1298 4682//4682 4692//4692
f 4682//4682 399//399 4685//4685
f 4685//4685 1300//1300 4692//4692
f 4682//4682 4685//4685 4692//4692
f 1300//1300 4689//4689 4693//4693
f 4689//4689 413//413 4676//4676
f 4676//4676 1296//1296 4693//4693
f 4689//4689 4676//4676 4693//4693
f 1298//1298 4692//4692 4691//4691
f 4692//4692 1300//1300 4693//4693
f 4693//4693 1296//1296 4691//4691
f 4692//4692 4693//4693 4691//4691
f 161//161 4648//4648 4631//4631
f 4648//4648 1291//1291 4694//4694
f 4694//4694 1285//1285 4631//4631
f 4648//4648 4694//4694 4631//4631
f 1291//1291 4653//4653 4696//4696
f 4653//4653 412//412 4695//4695
f 4695//4695 1301//1301 4696//4696
f 4653//4653 4695//4695 4696//4696
f 1301//1301 4697//4697 4698//4698
f 4697//4697 410//410 4633//4633
f 4633//4633 1285//1285 4698//4698
f 4697//4697 4633//4633 4698//4698
f 1291//1291 4696//4696 4694//4694
f 4696//4696 1301//1301 4698//4698
f 4698//4698 1285//1285 4694//4694
f 4696//4696 4698//4698 4694//4694
f 412//412 4666//4666 4700//4700
f 4666//4666 1294//1294 4699//4699
f 4699//4699 1302//1302 4700//4700
f 4666//4666 4699//4699 4700//4700
f 1294//1294 4664//4664 4701//4701
f 4664//4664 160//160 4673//4673
f 4673//4673 1297//1297 4701//4701
f 4664//4664 4673//4673 4701//4701
f 1297//1297 4677//4677 4703//4703
f 4677//4677 413//413 4702//4702
f 4702//4702 1302//1302 4703//4703
f 4677//4677 4702//4702 4703//4703
f 1294//1294 4701//4701 4699//4699
f 4701//4701 1297//1297 4703//4703
f 4703//4703 1302//1302 4699//4699
f 4701//4701 4703//4703 4699//4699
f 413//413 4688//4688 4705//4705
f 4688//4688 1299//1299 4704//4704
f 4704//4704 1303//1303 4705//4705
f 4688//4688 4704//4704 4705//4705
f 1299//1299 4686//4686 4706//4706
f 4686//4686 157//157 4639//4639
f 4639//4639 1287//1287 4706//4706
f 4686//4686 4639//4639 4706//4706
f 1287//1287 4636//4636 4708//4708
f 4636//4636 410//410 4707//4707
f 4707//4707 1303//1303 4708//4708
f 4636//4636 4707//4707 4708//4708
f 1299//1299 4706//4706 4704//4704
f 4706//4706 1287//1287 4708//4708
f 4708//4708 1303//1303 4704//4704
f 4706//4706 4708//4708 4704//4704
f 412//412 4700//4700 4695//4695
f 4700//4700 1302//1302 4709//4709
f 4709//4709 1301//1301 4695//4695
f 4700//4700 4709//4709 4695//4695
f 1302//1302 4702//4702 4710//4710
f 4702//4702 413//413 4705//4705
f 4705//4705 1303//1303 4710//4710
f 4702//4702 4705//4705 4710//4710
f 1303//1303 4707//4707 4711//4711
f 4707//4707 410//410 4697//4697
f 4697//4697 1301//1301 4711//4711
f 4707//4707 4697//4697 4711//4711
f 1302//1302 4710//4710 4709//4709
f 4710//4710 1303//1303 4711//4711
f 4711//4711 1301//1301 4709//4709
f 4710//4710 4711//4711 4709//4709
f 63//63 4712//4712 4714//4714
f 4712//4712 1304//1304 4713//4713
f 4713//4713 1306//1306 4714//4714
f 4712//4712 4713//4713 4714//4714
f 1304//1304 4715//4715 4717//4717
f 4715//4715 414//414 4716//4716
f 4716//4716 1305//1305 4717//4717
f 4715//4715 4716//4716 4717//4717
f 1305//1305 4718//4718 4720//4720
f 4718//4718 416//416 4719//4719
f 4719//4719 1306//1306 4720//4720
f 4718//4718 4719//4719 4720//4720
f 1304//1304 4717//4717 4713//4713
f 4717//4717 1305//1305 4720//4720
f 4720//4720 1306//1306 4713//4713
f 4717//4717 4720//4720 4713//4713
f 414//414 4721//4721 4723//4723
f 4721//4721 1307//1307 4722//4722
f 4722//4722 1309//1309 4723//4723
f 4721//4721 4722//4722 4723//4723
f 1307//1307 4724//4724 4726//4726
f 4724//4724 162//162 4725//4725
f 4725//4725 1308//1308 4726//4726
f 4724//4724 4725//4725 4726//4726
f 1308//1308 4727//4727 4729//4729
f 4727//4727 415//415 4728//4728
f 4728//4728 1309//1309 4729//4729
f 4727//4727 4728//4728 4729//4729
f 1307//1307 4726//4726 4722//4722
f 4726//4726 1308//1308 4729//4729
f 4729//4729 1309//1309 4722//4722
f 4726//4726 4729//4729 4722//4722
f 415//415 4730//4730 4732//4732
f 4730//4730 1310//1310 4731//4731
f 4731//4731 1312//1312 4732//4732
f 4730//4730 4731//4731 4732//4732
f 1310//1310 4733//4733 4735//4735
f 4733//4733 163//163 4734//4734
f 4734//4734 1311//1311 4735//4735
f 4733//4733 4734//4734 4735//4735
f 1311//1311 4736//4736 4738//4738
f 4736//4736 416//416 4737//4737
f 4737//4737 1312//1312 4738//4738
f 4736//4736 4737//4737 4738//4738
f 1310//1310 4735//4735 4731//4731
f 4735//4735 1311//1311 4738//4738
f 4738//4738 1312//1312 4731//4731
f 4735//4735 4738//4738 4731//4731
f 414//414 4723//4723 4716//4716
f 4723//4723 1309//1309 4739//4739
f 4739//4739 1305//1305 4716//4716
f 4723//4723 4739//4739 4716//4716
f 1309//1309 4728//4728 4740//4740
f 4728//4728 415//415 4732//4732
f 4732//4732 1312//1312 4740//4740
f 4728//4728 4732//4732 4740//4740
f 1312//1312 4737//4737 4741//4741
f 4737//4737 416//416 4718//4718
f 4718//4718 1305//1305 4741//4741
f 4737//4737 4718//4718 4741//4741
f 1309//1309 4740//4740 4739//4739
f 4740//4740 1312//1312 4741//4741
f 4741//4741 1305//1305 4739//4739
f 4740//4740 4741//4741 4739//4739
f 162//162 4742//4742 4744//4744
f 4742//4742 1313//1313 4743//4743
f 4743//4743 1315//1315 4744//4744
f 4742//4742 4743//4743 4744//4744
f 1313//1313 4745//4745 4747//4747
f 4745//4745 417//417 4746//4746
f 4746//4746 1314//1314 4747//4747
f 4745//4745 4746//4746 4747//4747
f 1314//1314 4748//4748 4750//4750
f 4748//4748 418//418 4749//4749
f 4749//4749 1315//1315 4750//4750
f 4748//4748 4749//4749 4750//4750
f 1313//1313 4747//4747 4743//4743
f 4747//4747 1314//1314 4750//4750
f 4750//4750 1315//1315 4743//4743
f 4747//4747 4750//4750 4743//4743
f 417//417 4751//4751 4753//4753
f 4751//4751 1316//1316 4752//4752
f 4752//4752 1317//1317 4753//4753
f 4751//4751 4752//4752 4753//4753
f 1316//1316 4754//4754 4755//4755
f 4754//4754 51//51 4017//4017
f 4017//4017 1122//1122 4755//4755
f 4754//4754 4017//4017 4755//4755
f 1122//1122 4016//4016 4757//4757
f 4016//4016 363//363 4756//4756
f 4756//4756 1317//1317 4757//4757
f 4016//4016 4756//4756 4757//4757
f 1316//1316 4755//4755 4752//4752
f 4755//4755 1122//1122 4757//4757
f 4757//4757 1317//1317 4752//4752
f 4755//4755 4757//4757 4752//4752
f 363//363 4015//4015 4759//4759
f 4015//4015 1121//1121 4758//4758
f 4758//4758 1319//1319 4759//4759
f 4015//4015 4758//4758 4759//4759
f 1121//1121 4014//4014 4761//4761
f 4014//4014 146//146 4760//4760
f 4760//4760 1318//1318 4761//4761
f 4014//4014 4760//4760 4761//4761
f 1318//1318 4762//4762 4764//4764
f 4762//4762 418//418 4763//4763
f 4763//4763 1319//1319 4764//4764
f 4762//4762 4763//4763 4764//4764
f 1121//1121 4761//4761 4758//4758
f 4761//4761 1318//1318 4764//4764
f 4764//4764 1319//1319 4758//4758
f 4761//4761 4764//4764 4758//4758
f 417//417 4753//4753 4746//4746
f 4753//4753 1317//1317 4765//4765
f 4765//4765 1314//1314 4746//4746
f 4753//4753 4765//4765 4746//4746
f 1317//1317 4756//4756 4766//4766
f 4756//4756 363//363 4759//4759
f 4759//4759 1319//1319 4766//4766
f 4756//4756 4759//4759 4766//4766
f 1319//1319 4763//4763 4767//4767
f 4763//4763 418//418 4748//4748
f 4748//4748 1314//1314 4767//4767
f 4763//4763 4748//4748 4767//4767
f 1317//1317 4766//4766 4765//4765
f 4766//4766 1319//1319 4767//4767
f 4767//4767 1314//1314 4765//4765
f 4766//4766 4767//4767 4765//4765
f 146//146 4013//4013 4769//4769
f 4013//4013 1120//1120 4768//4768
f 4768//4768 1321//1321 4769//4769
f 4013//4013 4768//4768 4769//4769
f 1120//1120 4012//4012 4771//4771
f 4012//4012 362//362 4770//4770
f 4770//4770 1320//1320 4771//4771
f 4012//4012 4770//4770 4771//4771
f 1320//1320 4772//4772 4774//4774
f 4772//4772 420//420 4773//4773
f 4773//4773 1321//1321 4774//4774
f 4772//4772 4773//4773 4774//4774
f 1120//1120 4771//4771 4768//4768
f 4771//4771 1320//1320 4774//4774
f 4774//4774 1321//1321 4768//4768
f 4771//4771 4774//4774 4768//4768
f 362//362 4011//4011 4776//4776
f 4011//4011 1119//1119 4775//4775
f 4775//4775 1323//1323 4776//4776
f 4011//4011 4775//4775 4776//4776
f 1119//1119 4010//4010 4778//4778
f 4010//4010 50//50 4777//4777
f 4777//4777 1322//1322 4778//4778
f 4010//4010 4777//4777 4778//4778
f 1322//1322 4779//4779 4781//4781
f 4779//4779 419//419 4780//4780
f 4780//4780 1323//1323 4781//4781
f 4779//4779 4780//4780 4781//4781
f 1119//1119 4778//4778 4775//4775
f 4778//4778 1322//1322 4781//4781
f 4781//4781 1323//1323 4775//4775
f 4778//4778 4781//4781 4775//4775
f 419//419 4782//4782 4784//4784
f 4782//4782 1324//1324 4783//4783
f 4783//4783 1326//1326 4784//4784
f 4782//4782 4783//4783 4784//4784
f 1324//1324 4785//4785 4787//4787
f 4785//4785 163//163 4786//4786
f 4786//4786 1325//1325 4787//4787
f 4785//4785 4786//4786 4787//4787
f 1325//1325 4788//4788 4790//4790
f 4788//4788 420//420 4789//4789
f 4789//4789 1326//1326 4790//4790
f 4788//4788 4789//4789 4790//4790
f 1324//1324 4787//4787 4783//4783
f 4787//4787 1325//1325 4790//4790
f 4790//4790 1326//1326 4783//4783
f 4787//4787 4790//4790 4783//4783
f 362//362 4776//4776 4770//4770
f 4776//4776 1323//1323 4791//4791
f 4791//4791 1320//1320 4770//4770
f 4776//4776 4791//4791 4770//4770
f 1323//1323 4780//4780 4792//4792
f 4780//4780 419//419 4784//4784
f 4784//4784 1326//1326 4792//4792
f 4780//4780 4784//4784 4792//4792
f 1326//1326 4789//4789 4793//4793
f 4789//4789 420//420 4772//4772
f 4772//4772 1320//1320 4793//4793
f 4789//4789 4772//4772 4793//4793
f 1323//1323 4792//4792 4791//4791
f 4792//4792 1326//1326 4793//4793
f 4793//4793 1320//1320 4791//4791
f 4792//4792 4793//4793 4791//4791
f 162//162 4744//4744 4725//4725
f 4744//4744 1315//1315 4794//4794
f 4794//4794 1308//1308 4725//4725
f 4744//4744 4794//4794 4725//4725
f 1315//1315 4749//4749 4796//4796
f 4749//4749 418//418 4795//4795
f 4795//4795 1327//1327 4796//4796
f 4749//4749 4795//4795 4796//4796
f 1327//1327 4797//4797 4798//4798
f 4797//4797 415//415 4727//4727
f 4727//4727 1308//1308 4798//4798
f 4797//4797 4727//4727 4798//4798
f 1315//1315 4796//4796 4794//4794
f 4796//4796 1327//1327 4798//4798
f 4798//4798 1308//1308 4794//4794
f 4796//4796 4798//4798 4794//4794
f 418//418 4762//4762 4800//4800
f 4762//4762 1318//1318 4799//4799
f 4799//4799 1328//1328 4800//4800
f 4762//4762 4799//4799 4800//4800
f 1318//1318 4760//4760 4801//4801
f 4760//4760 146//146 4769//4769
f 4769//4769 1321//1321 4801//4801
f 4760//4760 4769//4769 4801//4801
f 1321//1321 4773//4773 4803//4803
f 4773//4773 420//420 4802//4802
f 4802//4802 1328//1328 4803//4803
f 4773//4773 4802//4802 4803//4803
f 1318//1318 4801//4801 4799//4799
f 4801//4801 1321//1321 4803//4803
f 4803//4803 1328//1328 4799//4799
f 4801//4801 4803//4803 4799//4799
f 420//420 4788//4788 4805//4805
f 4788//4788 1325//1325 4804//4804
f 4804//4804 1329//1329 4805//4805
f 4788//4788 4804//4804 4805//4805
f 1325//1325 4786//4786 4806//4806
f 4786//4786 163//163 4733//4733
f 4733//4733 1310//1310 4806//4806
f 4786//4786 4733//4733 4806//4806
f 1310//1310 4730//4730 4808//4808
f 4730//4730 415//415 4807//4807
f 4807//4807 1329//1329 4808//4808
f 4730//4730 4807//4807 4808//4808
f 1325//1325 4806//4806 4804//4804
f 4806//4806 1310//1310 4808//4808
f 4808//4808 1329//1329 4804//4804
f 4806//4806 4808//4808 4804//4804
f 418//418 4800//4800 4795//4795
f 4800//4800 1328//1328 4809//4809
f 4809//4809 1327//1327 4795//4795
f 4800//4800 4809//4809 4795//4795
f 1328//1328 4802//4802 4810//4810
f 4802//4802 420//420 4805//4805
f 4805//4805 1329//1329 4810//4810
f 4802//4802 4805//4805 4810//4810
f 1329//1329 4807//4807 4811//4811
f 4807//4807 415//415 4797//4797
f 4797//4797 1327//1327 4811//4811
f 4807//4807 4797//4797 4811//4811
f 1328//1328 4810//4810 4809//4809
f 4810//4810 1329//1329 4811//4811
f 4811//4811 1327//1327 4809//4809
f 4810//4810 4811//4811 4809//4809
f 62//62 4812//4812 4520//4520
f 4812//4812 1330//1330 4813//4813
f 4813//4813 1256//1256 4520//4520
f 4812//4812 4813//4813 4520//4520
f 1330//1330 4814//4814 4816//4816
f 4814//4814 421//421 4815//4815
f 4815//4815 1331//1331 4816//4816
f 4814//4814 4815//4815 4816//4816
f 1331//1331 4817//4817 4818//4818
f 4817//4817 402//402 4523//4523
f 4523//4523 1256//1256 4818//4818
f 4817//4817 4523//4523 4818//4818
f 1330//1330 4816//4816 4813//4813
f 4816//4816 1331//1331 4818//4818
f 4818//4818 1256//1256 4813//4813
f 4816//4816 4818//4818 4813//4813
f 421//421 4819//4819 4821//4821
f 4819//4819 1332//1332 4820//4820
f 4820//4820 1334//1334 4821//4821
f 4819//4819 4820//4820 4821//4821
f 1332//1332 4822//4822 4824//4824
f 4822//4822 164//164 4823//4823
f 4823//4823 1333//1333 4824//4824
f 4822//4822 4823//4823 4824//4824
f 1333//1333 4825//4825 4827//4827
f 4825//4825 422//422 4826//4826
f 4826//4826 1334//1334 4827//4827
f 4825//4825 4826//4826 4827//4827
f 1332//1332 4824//4824 4820//4820
f 4824//4824 1333//1333 4827//4827
f 4827//4827 1334//1334 4820//4820
f 4824//4824 4827//4827 4820//4820
f 422//422 4828//4828 4830//4830
f 4828//4828 1335//1335 4829//4829
f 4829//4829 1336//1336 4830//4830
f 4828//4828 4829//4829 4830//4830
f 1335//1335 4831//4831 4832//4832
f 4831//4831 159//159 4532//4532
f 4532//4532 1259//1259 4832//4832
f 4831//4831 4532//4532 4832//4832
f 1259//1259 4529//4529 4834//4834
f 4529//4529 402//402 4833//4833
f 4833//4833 1336//1336 4834//4834
f 4529//4529 4833//4833 4834//4834
f 1335//1335 4832//4832 4829//4829
f 4832//4832 1259//1259 4834//4834
f 4834//4834 1336//1336 4829//4829
f 4832//4832 4834//4834 4829//4829
f 421//421 4821//4821 4815//4815
f 4821//4821 1334//1334 4835//4835
f 4835//4835 1331//1331 4815//4815
f 4821//4821 4835//4835 4815//4815
f 1334//1334 4826//4826 4836//4836
f 4826//4826 422//422 4830//4830
f 4830//4830 1336//1336 4836//4836
f 4826//4826 4830//4830 4836//4836
f 1336//1336 4833//4833 4837//4837
f 4833//4833 402//402 4817//4817
f 4817//4817 1331//1331 4837//4837
f 4833//4833 4817//4817 4837//4837
f 1334//1334 4836//4836 4835//4835
f 4836//4836 1336//1336 4837//4837
f 4837//4837 1331//1331 4835//4835
f 4836//4836 4837//4837 4835//4835
f 164//164 4838//4838 4840//4840
f 4838//4838 1337//1337 4839//4839
f 4839//4839 1339//1339 4840//4840
f 4838//4838 4839//4839 4840//4840
f 1337//1337 4841//4841 4843//4843
f 4841//4841 423//423 4842//4842
f 4842//4842 1338//1338 4843//4843
f 4841//4841 4842//4842 4843//4843
f 1338//1338 4844//4844 4846//4846
f 4844//4844 424//424 4845//4845
f 4845//4845 1339//1339 4846//4846
f 4844//4844 4845//4845 4846//4846
f 1337//1337 4843//4843 4839//4839
f 4843//4843 1338//1338 4846//4846
f 4846//4846 1339//1339 4839//4839
f 4843//4843 4846//4846 4839//4839
f 423//423 4847//4847 4849//4849
f 4847//4847 1340//1340 4848//4848
f 4848//4848 1341//1341 4849//4849
f 4847//4847 4848//4848 4849//4849
f 1340//1340 4850//4850 4851//4851
f 4850//4850 63//63 4714//4714
f 4714//4714 1306//1306 4851//4851
f 4850//4850 4714//4714 4851//4851
f 1306//1306 4719//4719 4853//4853
f 4719//4719 416//416 4852//4852
f 4852//4852 1341//1341 4853//4853
f 4719//4719 4852//4852 4853//4853
f 1340//1340 4851//4851 4848//4848
f 4851//4851 1306//1306 4853//4853
f 4853//4853 1341//1341 4848//4848
f 4851//4851 4853//4853 4848//4848
f 416//416 4736//4736 4855//4855
f 4736//4736 1311//1311 4854//4854
f 4854//4854 1343//1343 4855//4855
f 4736//4736 4854//4854 4855//4855
f 1311//1311 4734//4734 4857//4857
f 4734//4734 163//163 4856//4856
f 4856//4856 1342//1342 4857//4857
f 4734//4734 4856//4856 4857//4857
f 1342//1342 4858//4858 4860//4860
f 4858//4858 424//424 4859//4859
f 4859//4859 1343//1343 4860//4860
f 4858//4858 4859//4859 4860//4860
f 1311//1311 4857//4857 4854//4854
f 4857//4857 1342//1342 4860//4860
f 4860//4860 1343//1343 4854//4854
f 4857//4857 4860//4860 4854//4854
f 423//423 4849//4849 4842//4842
f 4849//4849 1341//1341 4861//4861
f 4861//4861 1338//1338 4842//4842
f 4849//4849 4861//4861 4842//4842
f 1341//1341 4852//4852 4862//4862
f 4852//4852 416//416 4855//4855
f 4855//4855 1343//1343 4862//4862
f 4852//4852 4855//4855 4862//4862
f 1343//1343 4859//4859 4863//4863
f 4859//4859 424//424 4844//4844
f 4844//4844 1338//1338 4863//4863
f 4859//4859 4844//4844 4863//4863
f 1341//1341 4862//4862 4861//4861
f 4862//4862 1343//1343 4863//4863
f 4863//4863 1338//1338 4861//4861
f 4862//4862 4863//4863 4861//4861
f 163//163 4785//4785 4865//4865
f 4785//4785 1324//1324 4864//4864
f 4864//4864 1345//1345 4865//4865
f 4785//4785 4864//4864 4865//4865
f 1324//1324 4782//4782 4867//4867
f 4782//4782 419//419 4866//4866
f 4866//4866 1344//1344 4867//4867
f 4782//4782 4866//4866 4867//4867
f 1344//1344 4868//4868 4870//4870
f 4868//4868 425//425 4869//4869
f 4869//4869 1345//1345 4870//4870
f 4868//4868 4869//4869 4870//4870
f 1324//1324 4867//4867 4864//4864
f 4867//4867 1344//1344 4870//4870
f 4870//4870 1345//1345 4864//4864
f 4867//4867 4870//4870 4864//4864
f 419//419 4779//4779 4872//4872
f 4779//4779 1322//1322 4871//4871
f 4871//4871 1346//1346 4872//4872
f 4779//4779 4871//4871 4872//4872
f 1322//1322 4777//4777 4873//4873
f 4777//4777 50//50 4562//4562
f 4562//4562 1268//1268 4873//4873
f 4777//4777 4562//4562 4873//4873
f 1268//1268 4559//4559 4875//4875
f 4559//4559 405//405 4874//4874
f 4874//4874 1346//1346 4875//4875
f 4559//4559 4874//4874 4875//4875
f 1322//1322 4873//4873 4871//4871
f 4873//4873 1268//1268 4875//4875
f 4875//4875 1346//1346 4871//4871
f 4873//4873 4875//4875 4871//4871
f 405//405 4553//4553 4877//4877
f 4553//4553 1265//1265 4876//4876
f 4876//4876 1348//1348 4877//4877
f 4553//4553 4876//4876 4877//4877
f 1265//1265 4550//4550 4879//4879
f 4550//4550 159//159 4878//4878
f 4878//4878 1347//1347 4879//4879
f 4550//4550 4878//4878 4879//4879
f 1347//1347 4880//4880 4882//4882
f 4880//4880 425//425 4881//4881
f 4881//4881 1348//1348 4882//4882
f 4880//4880 4881//4881 4882//4882
f 1265//1265 4879//4879 4876//4876
f 4879//4879 1347//1347 4882//4882
f 4882//4882 1348//1348 4876//4876
f 4879//4879 4882//4882 4876//4876
f 419//419 4872//4872 4866//4866
f 4872//4872 1346//1346 4883//4883
f 4883//4883 1344//1344 4866//4866
f 4872//4872 4883//4883 4866//4866
f 1346//1346 4874//4874 4884//4884
f 4874//4874 405//405 4877//4877
f 4877//4877 1348//1348 4884//4884
f 4874//4874 4877//4877 4884//4884
f 1348//1348 4881//4881 4885//4885
f 4881//4881 425//425 4868//4868
f 4868//4868 1344//1344 4885//4885
f 4881//4881 4868//4868 4885//4885
f 1346//1346 4884//4884 4883//4883
f 4884//4884 1348//1348 4885//4885
f 4885//4885 1344//1344 4883//4883
f 4884//4884 4885//4885 4883//4883
f 164//164 4840//4840 4823//4823
f 4840//4840 1339//1339 4886//4886
f 4886//4886 1333//1333 4823//4823
f 4840//4840 4886//4886 4823//4823
f 1339//1339 4845//4845 4888//4888
f 4845//4845 424//424 4887//4887
f 4887//4887 1349//1349 4888//4888
f 4845//4845 4887//4887 4888//4888
f 1349//1349 4889//4889 4890//4890
f 4889//4889 422//422 4825//4825
f 4825//4825 1333//1333 4890//4890
f 4889//4889 4825//4825 4890//4890
f 1339//1339 4888//4888 4886//4886
f 4888//4888 1349//1349 4890//4890
f 4890//4890 1333//1333 4886//4886
f 4888//4888 4890//4890 4886//4886
f 424//424 4858//4858 4892//4892
f 4858//4858 1342//1342 4891//4891
f 4891//4891 1350//1350 4892//4892
f 4858//4858 4891//4891 4892//4892
f 1342//1342 4856//4856 4893//4893
f 4856//4856 163//163 4865//4865
f 4865//4865 1345//1345 4893//4893
f 4856//4856 4865//4865 4893//4893
f 1345//1345 4869//4869 4895//4895
f 4869//4869 425//425 4894//4894
f 4894//4894 1350//1350 4895//4895
f 4869//4869 4894//4894 4895//4895
f 1342//1342 4893//4893 4891//4891
f 4893//4893 1345//1345 4895//4895
f 4895//4895 1350//1350 4891//4891
f 4893//4893 4895//4895 4891//4891
f 425//425 4880//4880 4897//4897
f 4880//4880 1347//1347 4896//4896
f 4896//4896 1351//1351 4897//4897
f 4880//4880 4896//4896 4897//4897
f 1347//1347 4878//4878 4898//4898
f 4878//4878 159//159 4831//4831
f 4831//4831 1335//1335 4898//4898
f 4878//4878 4831//4831 4898//4898
f 1335//1335 4828//4828 4900//4900
f 4828//4828 422//422 4899//4899
f 4899//4899 1351//1351 4900//4900
f 4828//4828 4899//4899 4900//4900
f 1347//1347 4898//4898 4896//4896
f 4898//4898 1335//1335 4900//4900
f 4900//4900 1351//1351 4896//4896
f 4898//4898 4900//4900 4896//4896
f 424//424 4892//4892 4887//4887
f 4892//4892 1350//1350 4901//4901
f 4901//4901 1349//1349 4887//4887
f 4892//4892 4901//4901 4887//4887
f 1350//1350 4894//4894 4902//4902
f 4894//4894 425//425 4897//4897
f 4897//4897 1351//1351 4902//4902
f 4894//4894 4897//4897 4902//4902
f 1351//1351 4899//4899 4903//4903
f 4899//4899 422//422 4889//4889
f 4889//4889 1349//1349 4903//4903
f 4899//4899 4889//4889 4903//4903
f 1350//1350 4902//4902 4901//4901
f 4902//4902 1351//1351 4903//4903
f 4903//4903 1349//1349 4901//4901
f 4902//4902 4903//4903 4901//4901
f 64//64 426//426 4905//4905
f 4905//4905 1352//1352 4906//4906
f 64//64 4905//4905 4906//4906
f 1352//1352 4907//4907 4909//4909
f 4907//4907 428//428 4908//4908
f 4908//4908 64//64 4909//4909
f 4907//4907 4908//4908 4909//4909
f 64//64 4906//4906 4904//4904
f 4906//4906 1352//1352 4909//4909
f 4909//4909 64//64 4904//4904
f 4906//4906 4909//4909 4904//4904
f 426//426 4910//4910 4912//4912
f 4910//4910 1353//1353 4911//4911
f 4911//4911 1355//1355 4912//4912
f 4910//4910 4911//4911 4912//4912
f 1353//1353 4913//4913 4915//4915
f 4913//4913 165//165 4914//4914
f 4914//4914 1354//1354 4915//4915
f 4913//4913 4914//4914 4915//4915
f 1354//1354 4916//4916 4918//4918
f 4916//4916 427//427 4917//4917
f 4917//4917 1355//1355 4918//4918
f 4916//4916 4917//4917 4918//4918
f 1353//1353 4915//4915 4911//4911
f 4915//4915 1354//1354 4918//4918
f 4918//4918 1355//1355 4911//4911
f 4915//4915 4918//4918 4911//4911
f 427//427 4919//4919 4921//4921
f 4919//4919 1356//1356 4920//4920
f 4920//4920 1358//1358 4921//4921
f 4919//4919 4920//4920 4921//4921
f 1356//1356 4922//4922 4924//4924
f 4922//4922 166//166 4923//4923
f 4923//4923 1357//1357 4924//4924
f 4922//4922 4923//4923 4924//4924
f 1357//1357 4925//4925 4927//4927
f 4925//4925 428//428 4926//4926
f 4926//4926 1358//1358 4927//4927
f 4925//4925 4926//4926 4927//4927
f 1356//1356 4924//4924 4920//4920
f 4924//4924 1357//1357 4927//4927
f 4927//4927 1358//1358 4920//4920
f 4924//4924 4927//4927 4920//4920
f 426//426 4912//4912 4905//4905
f 4912//4912 1355//1355 4928//4928
f 4928//4928 1352//1352 4905//4905
f 4912//4912 4928//4928 4905//4905
f 1355//1355 4917//4917 4929//4929
f 4917//4917 427//427 4921//4921
f 4921//4921 1358//1358 4929//4929
f 4917//4917 4921//4921 4929//4929
f 1358//1358 4926//4926 4930//4930
f 4926//4926 428//428 4907//4907
f 4907//4907 1352//1352 4930//4930
f 4926//4926 4907//4907 4930//4930
f 1355//1355 4929//4929 4928//4928
f 4929//4929 1358//1358 4930//4930
f 4930//4930 1352//1352 4928//4928
f 4929//4929 4930//4930 4928//4928
f 165//165 4931//4931 4933//4933
f 4931//4931 1359//1359 4932//4932
f 4932//4932 1361//1361 4933//4933
f 4931//4931 4932//4932 4933//4933
f 1359//1359 429//429 4934//4934
f 4934//4934 1360//1360 4935//4935
f 1359//1359 4934//4934 4935//4935
f 1360//1360 4936//4936 4938//4938
f 4936//4936 430//430 4937//4937
f 4937//4937 1361//1361 4938//4938
f 4936//4936 4937//4937 4938//4938
f 1359//1359 4935//4935 4932//4932
f 4935//4935 1360//1360 4938//4938
f 4938//4938 1361//1361 4932//4932
f 4935//4935 4938//4938 4932//4932
f 429//429 4939//4939 4941//4941
f 4939//4939 1362//1362 4940//4940
f 4940//4940 1363//1363 4941//4941
f 4939//4939 4940//4940 4941//4941
f 1362//1362 52//52 4025//4025
f 4025//4025 1126//1126 4942//4942
f 1362//1362 4025//4025 4942//4942
f 1126//1126 4024//4024 4944//4944
f 4024//4024 365//365 4943//4943
f 4943//4943 1363//1363 4944//4944
f 4024//4024 4943//4943 4944//4944
f 1362//1362 4942//4942 4940//4940
f 4942//4942 1126//1126 4944//4944
f 4944//4944 1363//1363 4940//4940
f 4942//4942 4944//4944 4940//4940
f 365//365 4023//4023 4946//4946
f 4023//4023 1125//1125 4945//4945
f 4945//4945 1365//1365 4946//4946
f 4023//4023 4945//4945 4946//4946
f 1125//1125 4022//4022 4948//4948
f 4022//4022 147//147 4947//4947
f 4947//4947 1364//1364 4948//4948
f 4022//4022 4947//4947 4948//4948
f 1364//1364 4949//4949 4951//4951
f 4949//4949 430//430 4950//4950
f 4950//4950 1365//1365 4951//4951
f 4949//4949 4950//4950 4951//4951
f 1125//1125 4948//4948 4945//4945
f 4948//4948 1364//1364 4951//4951
f 4951//4951 1365//1365 4945//4945
f 4948//4948 4951//4951 4945//4945
f 429//429 4941//4941 4934//4934
f 4941//4941 1363//1363 4952//4952
f 4952//4952 1360//1360 4934//4934
f 4941//4941 4952//4952 4934//4934
f 1363//1363 4943//4943 4953//4953
f 4943//4943 365//365 4946//4946
f 4946//4946 1365//1365 4953//4953
f 4943//4943 4946//4946 4953//4953
f 1365//1365 4950//4950 4954//4954
f 4950//4950 430//430 4936//4936
f 4936//4936 1360//1360 4954//4954
f 4950//4950 4936//4936 4954//4954
f 1363//1363 4953//4953 4952//4952
f 4953//4953 1365//1365 4954//4954
f 4954//4954 1360//1360 4952//4952
f 4953//4953 4954//4954 4952//4952
f 147//147 4021//4021 4956//4956
f 4021//4021 1124//1124 4955//4955
f 4955//4955 1367//1367 4956//4956
f 4021//4021 4955//4955 4956//4956
f 1124//1124 4020//4020 4958//4958
f 4020//4020 364//364 4957//4957
f 4957//4957 1366//1366 4958//4958
f 4020//4020 4957//4957 4958//4958
f 1366//1366 4959//4959 4961//4961
f 4959//4959 432//432 4960//4960
f 4960//4960 1367//1367 4961//4961
f 4959//4959 4960//4960 4961//4961
f 1124//1124 4958//4958 4955//4955
f 4958//4958 1366//1366 4961//4961
f 4961//4961 1367//1367 4955//4955
f 4958//4958 4961//4961 4955//4955
f 364//364 4019//4019 4963//4963
f 4019//4019 1123//1123 4962//4962
f 4962//4962 1369//1369 4963//4963
f 4019//4019 4962//4962 4963//4963
f 1123//1123 4018//4018 4965//4965
f 4018//4018 51//51 4964//4964
f 4964//4964 1368//1368 4965//4965
f 4018//4018 4964//4964 4965//4965
f 1368//1368 4966//4966 4968//4968
f 4966//4966 431//431 4967//4967
f 4967//4967 1369//1369 4968//4968
f 4966//4966 4967//4967 4968//4968
f 1123//1123 4965//4965 4962//4962
f 4965//4965 1368//1368 4968//4968
f 4968//4968 1369//1369 4962//4962
f 4965//4965 4968//4968 4962//4962
f 431//431 4969//4969 4971//4971
f 4969//4969 1370//1370 4970//4970
f 4970//4970 1372//1372 4971//4971
f 4969//4969 4970//4970 4971//4971
f 1370//1370 4972//4972 4974//4974
f 4972//4972 166//166 4973//4973
f 4973//4973 1371//1371 4974//4974
f 4972//4972 4973//4973 4974//4974
f 1371//1371 4975//4975 4977//4977
f 4975//4975 432//432 4976//4976
f 4976//4976 1372//1372 4977//4977
f 4975//4975 4976//4976 4977//4977
f 1370//1370 4974//4974 4970//4970
f 4974//4974 1371//1371 4977//4977
f 4977//4977 1372//1372 4970//4970
f 4974//4974 4977//4977 4970//4970
f 364//364 4963//4963 4957//4957
f 4963//4963 1369//1369 4978//4978
f 4978//4978 1366//1366 4957//4957
f 4963//4963 4978//4978 4957//4957
f 1369//1369 4967//4967 4979//4979
f 4967//4967 431//431 4971//4971
f 4971//4971 1372//1372 4979//4979
f 4967//4967 4971//4971 4979//4979
f 1372//1372 4976//4976 4980//4980
f 4976//4976 432//432 4959//4959
f 4959//4959 1366//1366 4980//4980
f 4976//4976 4959//4959 4980//4980
f 1369//1369 4979//4979 4978//4978
f 4979//4979 1372//1372 4980//4980
f 4980//4980 1366//1366 4978//4978
f 4979//4979 4980//4980 4978//4978
f 165//165 4933//4933 4914//4914
f 4933//4933 1361//1361 4981//4981
f 4981//4981 1354//1354 4914//4914
f 4933//4933 4981//4981 4914//4914
f 1361//1361 4937//4937 4983//4983
f 4937//4937 430//430 4982//4982
f 4982//4982 1373//1373 4983//4983
f 4937//4937 4982//4982 4983//4983
f 1373//1373 4984//4984 4985//4985
f 4984//4984 427//427 4916//4916
f 4916//4916 1354//1354 4985//4985
f 4984//4984 4916//4916 4985//4985
f 1361//1361 4983//4983 4981//4981
f 4983//4983 1373//1373 4985//4985
f 4985//4985 1354//1354 4981//4981
f 4983//4983 4985//4985 4981//4981
f 430//430 4949//4949 4987//4987
f 4949//4949 1364//1364 4986//4986
f 4986//4986 1374//1374 4987//4987
f 4949//4949 4986//4986 4987//4987
f 1364//1364 4947//4947 4988//4988
f 4947//4947 147//147 4956//4956
f 4956//4956 1367//1367 4988//4988
f 4947//4947 4956//4956 4988//4988
f 1367//1367 4960//4960 4990//4990
f 4960//4960 432//432 4989//4989
f 4989//4989 1374//1374 4990//4990
f 4960//4960 4989//4989 4990//4990
f 1364//1364 4988//4988 4986//4986
f 4988//4988 1367//1367 4990//4990
f 4990//4990 1374//1374 4986//4986
f 4988//4988 4990//4990 4986//4986
f 432//432 4975//4975 4992//4992
f 4975//4975 1371//1371 4991//4991
f 4991//4991 1375//1375 4992//4992
f 4975//4975 4991//4991 4992//4992
f 1371//1371 4973//4973 4993//4993
f 4973//4973 166//166 4922//4922
f 4922//4922 1356//1356 4993//4993
f 4973//4973 4922//4922 4993//4993
f 1356//1356 4919//4919 4995//4995
f 4919//4919 427//427 4994//4994
f 4994//4994 1375//1375 4995//4995
f 4919//4919 4994//4994 4995//4995
f 1371//1371 4993//4993 4991//4991
f 4993//4993 1356//1356 4995//4995
f 4995//4995 1375//1375 4991//4991
f 4993//4993 4995//4995 4991//4991
f 430//430 4987//4987 4982//4982
f 4987//4987 1374//1374 4996//4996
f 4996//4996 1373//1373 4982//4982
f 4987//4987 4996//4996 4982//4982
f 1374//1374 4989//4989 4997//4997
f 4989//4989 432//432 4992//4992
f 4992//4992 1375//1375 4997//4997
f 4989//4989 4992//4992 4997//4997
f 1375//1375 4994//4994 4998//4998
f 4994//4994 427//427 4984//4984
f 4984//4984 1373//1373 4998//4998
f 4994//4994 4984//4984 4998//4998
f 1374//1374 4997//4997 4996//4996
f 4997//4997 1375//1375 4998//4998
f 4998//4998 1373//1373 4996//4996
f 4997//4997 4998//4998 4996//4996
f 63//63 4999//4999 4712//4712
f 4999//4999 1376//1376 5000//5000
f 5000//5000 1304//1304 4712//4712
f 4999//4999 5000//5000 4712//4712
f 1376//1376 5001//5001 5003//5003
f 5001//5001 433//433 5002//5002
f 5002//5002 1377//1377 5003//5003
f 5001//5001 5002//5002 5003//5003
f 1377//1377 5004//5004 5005//5005
f 5004//5004 414//414 4715//4715
f 4715//4715 1304//1304 5005//5005
f 5004//5004 4715//4715 5005//5005
f 1376//1376 5003//5003 5000//5000
f 5003//5003 1377//1377 5005//5005
f 5005//5005 1304//1304 5000//5000
f 5003//5003 5005//5005 5000//5000
f 433//433 5006//5006 5008//5008
f 5006//5006 1378//1378 5007//5007
f 5007//5007 1380//1380 5008//5008
f 5006//5006 5007//5007 5008//5008
f 1378//1378 5009//5009 5011//5011
f 5009//5009 167//167 5010//5010
f 5010//5010 1379//1379 5011//5011
f 5009//5009 5010//5010 5011//5011
f 1379//1379 5012//5012 5014//5014
f 5012//5012 434//434 5013//5013
f 5013//5013 1380//1380 5014//5014
f 5012//5012 5013//5013 5014//5014
f 1378//1378 5011//5011 5007//5007
f 5011//5011 1379//1379 5014//5014
f 5014//5014 1380//1380 5007//5007
f 5011//5011 5014//5014 5007//5007
f 434//434 5015//5015 5017//5017
f 5015//5015 1381//1381 5016//5016
f 5016//5016 1382//1382 5017//5017
f 5015//5015 5016//5016 5017//5017
f 1381//1381 5018//5018 5019//5019
f 5018//5018 162//162 4724//4724
f 4724//4724 1307//1307 5019//5019
f 5018//5018 4724//4724 5019//5019
f 1307//1307 4721//4721 5021//5021
f 4721//4721 414//414 5020//5020
f 5020//5020 1382//1382 5021//5021
f 4721//4721 5020//5020 5021//5021
f 1381//1381 5019//5019 5016//5016
f 5019//5019 1307//1307 5021//5021
f 5021//5021 1382//1382 5016//5016
f 5019//5019 5021//5021 5016//5016
f 433//433 5008//5008 5002//5002
f 5008//5008 1380//1380 5022//5022
f 5022//5022 1377//1377 5002//5002
f 5008//5008 5022//5022 5002//5002
f 1380//1380 5013//5013 5023//5023
f 5013//5013 434//434 5017//5017
f 5017//5017 1382//1382 5023//5023
f 5013//5013 5017//5017 5023//5023
f 1382//1382 5020//5020 5024//5024
f 5020//5020 414//414 5004//5004
f 5004//5004 1377//1377 5024//5024
f 5020//5020 5004//5004 5024//5024
f 1380//1380 5023//5023 5022//5022
f 5023//5023 1382//1382 5024//5024
f 5024//5024 1377//1377 5022//5022
f 5023//5023 5024//5024 5022//5022
f 167//167 5025//5025 5027//5027
f 5025//5025 1383//1383 5026//5026
f 5026//5026 1385//1385 5027//5027
f 5025//5025 5026//5026 5027//5027
f 1383//1383 5028//5028 5030//5030
f 5028//5028 435//435 5029//5029
f 5029//5029 1384//1384 5030//5030
f 5028//5028 5029//5029 5030//5030
f 1384//1384 5031//5031 5033//5033
f 5031//5031 436//436 5032//5032
f 5032//5032 1385//1385 5033//5033
f 5031//5031 5032//5032 5033//5033
f 1383//1383 5030//5030 5026//5026
f 5030//5030 1384//1384 5033//5033
f 5033//5033 1385//1385 5026//5026
f 5030//5030 5033//5033 5026//5026
f 435//435 5034//5034 5036//5036
f 5034//5034 1386//1386 5035//5035
f 5035//5035 1387//1387 5036//5036
f 5034//5034 5035//5035 5036//5036
f 1386//1386 5037//5037 5038//5038
f 5037//5037 64//64 5038//5038
f 64//64 4908//4908 5040//5040
f 4908//4908 428//428 5039//5039
f 5039//5039 1387//1387 5040//5040
f 4908//4908 5039//5039 5040//5040
f 1386//1386 5038//5038 5035//5035
f 5038//5038 64//64 5040//5040
f 5040//5040 1387//1387 5035//5035
f 5038//5038 5040//5040 5035//5035
f 428//428 4925//4925 5042//5042
f 4925//4925 1357//1357 5041//5041
f 5041//5041 1389//1389 5042//5042
f 4925//4925 5041//5041 5042//5042
f 1357//1357 4923//4923 5044//5044
f 4923//4923 166//166 5043//5043
f 5043//5043 1388//1388 5044//5044
f 4923//4923 5043//5043 5044//5044
f 1388//1388 5045//5045 5047//5047
f 5045//5045 436//436 5046//5046
f 5046//5046 1389//1389 5047//5047
f 5045//5045 5046//5046 5047//5047
f 1357//1357 5044//5044 5041//5041
f 5044//5044 1388//1388 5047//5047
f 5047//5047 1389//1389 5041//5041
f 5044//5044 5047//5047 5041//5041
f 435//435 5036//5036 5029//5029
f 5036//5036 1387//1387 5048//5048
f 5048//5048 1384//1384 5029//5029
f 5036//5036 5048//5048 5029//5029
f 1387//1387 5039//5039 5049//5049
f 5039//5039 428//428 5042//5042
f 5042//5042 1389//1389 5049//5049
f 5039//5039 5042//5042 5049//5049
f 1389//1389 5046//5046 5050//5050
f 5046//5046 436//436 5031//5031
f 5031//5031 1384//1384 5050//5050
f 5046//5046 5031//5031 5050//5050
f 1387//1387 5049//5049 5048//5048
f 5049//5049 1389//1389 5050//5050
f 5050//5050 1384//1384 5048//5048
f 5049//5049 5050//5050 5048//5048
f 166//166 4972//4972 5052//5052
f 4972//4972 1370//1370 5051//5051
f 5051//5051 1391//1391 5052//5052
f 4972//4972 5051//5051 5052//5052
f 1370//1370 4969//4969 5054//5054
f 4969//4969 431//431 5053//5053
f 5053//5053 1390//1390 5054//5054
f 4969//4969 5053//5053 5054//5054
f 1390//1390 5055//5055 5057//5057
f 5055//5055 437//437 5056//5056
f 5056//5056 1391//1391 5057//5057
f 5055//5055 5056//5056 5057//5057
f 1370//1370 5054//5054 5051//5051
f 5054//5054 1390//1390 5057//5057
f 5057//5057 1391//1391 5051//5051
f 5054//5054 5057//5057 5051//5051
f 431//431 4966//4966 5059//5059
f 4966//4966 1368//1368 5058//5058
f 5058//5058 1392//1392 5059//5059
f 4966//4966 5058//5058 5059//5059
f 1368//1368 4964//4964 5060//5060
f 4964//4964 51//51 4754//4754
f 4754//4754 1316//1316 5060//5060
f 4964//4964 4754//4754 5060//5060
f 1316//1316 4751//4751 5062//5062
f 4751//4751 417//417 5061//5061
f 5061//5061 1392//1392 5062//5062
f 4751//4751 5061//5061 5062//5062
f 1368//1368 5060//5060 5058//5058
f 5060//5060 1316//1316 5062//5062
f 5062//5062 1392//1392 5058//5058
f 5060//5060 5062//5062 5058//5058
f 417//417 4745//4745 5064//5064
f 4745//4745 1313//1313 5063//5063
f 5063//5063 1394//1394 5064//5064
f 4745//4745 5063//5063 5064//5064
f 1313//1313 4742//4742 5066//5066
f 4742//4742 162//162 5065//5065
f 5065//5065 1393//1393 5066//5066
f 4742//4742 5065//5065 5066//5066
f 1393//1393 5067//5067 5069//5069
f 5067//5067 437//437 5068//5068
f 5068//5068 1394//1394 5069//5069
f 5067//5067 5068//5068 5069//5069
f 1313//1313 5066//5066 5063//5063
f 5066//5066 1393//1393 5069//5069
f 5069//5069 1394//1394 5063//5063
f 5066//5066 5069//5069 5063//5063
f 431//431 5059//5059 5053//5053
f 5059//5059 1392//1392 5070//5070
f 5070//5070 1390//1390 5053//5053
f 5059//5059 5070//5070 5053//5053
f 1392//1392 5061//5061 5071//5071
f 5061//5061 417//417 5064//5064
f 5064//5064 1394//1394 5071//5071
f 5061//5061 5064//5064 5071//5071
f 1394//1394 5068//5068 5072//5072
f 5068//5068 437//437 5055//5055
f 5055//5055 1390//1390 5072//5072
f 5068//5068 5055//5055 5072//5072
f 1392//1392 5071//5071 5070//5070
f 5071//5071 1394//1394 5072//5072
f 5072//5072 1390//1390 5070//5070
f 5071//5071 5072//5072 5070//5070
f 167//167 5027//5027 5010//5010
f 5027//5027 1385//1385 5073//5073
f 5073//5073 1379//1379 5010//5010
f 5027//5027 5073//5073 5010//5010
f 1385//1385 5032//5032 5075//5075
f 5032//5032 436//436 5074//5074
f 5074//5074 1395//1395 5075//5075
f 5032//5032 5074//5074 5075//5075
f 1395//1395 5076//5076 5077//5077
f 5076//5076 434//434 5012//5012
f 5012//5012 1379//1379 5077//5077
f 5076//5076 5012//5012 5077//5077
f 1385//1385 5075//5075 5073//5073
f 5075//5075 1395//1395 5077//5077
f 5077//5077 1379//1379 5073//5073
f 5075//5075 5077//5077 5073//5073
f 436//436 5045//5045 5079//5079
f 5045//5045 1388//1388 5078//5078
f 5078//5078 1396//1396 5079//5079
f 5045//5045 5078//5078 5079//5079
f 1388//1388 5043//5043 5080//5080
f 5043//5043 166//166 5052//5052
f 5052//5052 1391//1391 5080//5080
f 5043//5043 5052//5052 5080//5080
f 1391//1391 5056//5056 5082//5082
f 5056//5056 437//437 5081//5081
f 5081//5081 1396//1396 5082//5082
f 5056//5056 5081//5081 5082//5082
f 1388//1388 5080//5080 5078//5078
f 5080//5080 1391//1391 5082//5082
f 5082//5082 1396//1396 5078//5078
f 5080//5080 5082//5082 5078//5078
f 437//437 5067//5067 5084//5084
f 5067//5067 1393//1393 5083//5083
f 5083//5083 1397//1397 5084//5084
f 5067//5067 5083//5083 5084//5084
f 1393//1393 5065//5065 5085//5085
f 5065//5065 162//162 5018//5018
f 5018//5018 1381//1381 5085//5085
f 5065//5065 5018//5018 5085//5085
f 1381//1381 5015//5015 5087//5087
f 5015//5015 434//434 5086//5086
f 5086//5086 1397//1397 5087//5087
f 5015//5015 5086//5086 5087//5087
f 1393//1393 5085//5085 5083//5083
f 5085//5085 1381//1381 5087//5087
f 5087//5087 1397//1397 5083//5083
f 5085//5085 5087//5087 5083//5083
f 436//436 5079//5079 5074//5074
f 5079//5079 1396//1396 5088//5088
f 5088//5088 1395//1395 5074//5074
f 5079//5079 5088//5088 5074//5074
f 1396//1396 5081//5081 5089//5089
f 5081//5081 437//437 5084//5084
f 5084//5084 1397//1397 5089//5089
f 5081//5081 5084//5084 5089//5089
f 1397//1397 5086//5086 5090//5090
f 5086//5086 434//434 5076//5076
f 5076//5076 1395//1395 5090//5090
f 5086//5086 5076//5076 5090//5090
f 1396//1396 5089//5089 5088//5088
f 5089//5089 1397//1397 5090//5090
f 5090//5090 1395//1395 5088//5088
f 5089//5089 5090//5090 5088//5088
f 5091//5091 1398//1398 53//53
f 5091//5091 53//53 64//64
f 1398//1398 5092//5092 53//53
f 5092//5092 438//438 53//53
f 53//53 426//426 64//64
f 438//438 5093//5093 53//53
f 5093//5093 1399//1399 53//53
f 1399//1399 5094//5094 53//53
f 5094//5094 168//168 53//53
f 53//53 165//165 4913//4913
f 4913//4913 1353//1353 53//53
f 1353//1353 4910//4910 53//53
f 4910//4910 426//426 53//53
f 168//168 5095//5095 53//53
f 5095//5095 1400//1400 53//53
f 1400//1400 439//439 53//53
f 439//439 1401//1401 53//53
f 1401//1401 5096//5096 53//53
f 5096//5096 65//65 53//53
f 53//53 52//52 1362//1362
f 1362//1362 4939//4939 53//53
f 4939//4939 429//429 53//53
f 429//429 1359//1359 53//53
f 1359//1359 4931//4931 53//53
f 4931//4931 165//165 53//53
f 55//55 42//42 53//53
f 65//65 55//55 53//53
f 66//66 67//67 68//68
f 67//67 69//69 68//68
f 69//69 70//70 68//68
f 70//70 71//71 68//68
f 71//71 72//72 68//68
f 72//72 73//73 68//68
f 68//68 74//74 169//169
f 74//74 75//75 169//169
f 75//75 76//76 169//169
f 76//76 77//77 169//169
f 169//169 66//66 68//68
f 78//78 67//67 79//79
f 67//67 66//66 79//79
f 78//78 80//80 69//69
f 67//67 78//78 69//69
f 81//81 70//70 69//69
f 80//80 5097//5097 69//69
f 5097//5097 1402//1402 69//69
f 1402//1402 81//81 69//69
f 82//82 71//71 70//70
f 82//82 70//70 81//81
f 72//72 71//71 82//82
f 72//72 82//82 83//83
f 170//170 440//440 84//84
f 170//170 73//73 72//72
f 83//83 171//171 72//72
f 171//171 440//440 72//72
f 440//440 170//170 72//72
f 68//68 73//73 170//170
f 85//85 68//68 170//170
f 85//85 170//170 84//84
f 74//74 68//68 172//172
f 85//85 86//86 172//172
f 85//85 172//172 68//68
f 75//75 74//74 87//87
f 86//86 5098//5098 172//172
f 5098//5098 1403//1403 172//172
f 1403//1403 5099//5099 172//172
f 5099//5099 441//441 172//172
f 441//441 5100//5100 172//172
f 5100//5100 1404//1404 172//172
f 1404//1404 5101//5101 172//172
f 5101//5101 173//173 172//172
f 173//173 5102//5102 172//172
f 5102//5102 1405//1405 172//172
f 1405//1405 5103//5103 172//172
f 5103//5103 87//87 172//172
f 87//87 74//74 172//172
f 87//87 1406//1406 76//76
f 1406//1406 5104//5104 76//76
f 5104//5104 174//174 76//76
f 174//174 5105//5105 76//76
f 5105//5105 1407//1407 76//76
f 1407//1407 5106//5106 76//76
f 5106//5106 442//442 76//76
f 442//442 5107//5107 76//76
f 5107//5107 1408//1408 76//76
f 1408//1408 5108//5108 76//76
f 5108//5108 88//88 76//76
f 76//76 75//75 87//87
f 77//77 76//76 89//89
f 88//88 89//89 76//76
f 79//79 66//66 169//169
f 169//169 77//77 79//79
f 79//79 77//77 89//89
