# Created by Open3D 
# object name: m1480_simplified_norm
# number of vertices: 6534
# number of triangles: 12100
v -0.0318184 0.116617 0.420003
vn -0.254955 -0.554524 0.79215
v -0.0516173 0.118765 0.412535
vn -0.374235 -0.534791 0.757593
v -0.0502339 0.103302 0.403746
vn -0.385159 -0.426106 0.818588
v -0.0327628 0.131083 0.430931
vn -0.294517 -0.613578 0.732654
v -0.0539872 0.134779 0.423679
vn -0.381234 -0.587622 0.713695
v -0.0668997 0.121207 0.406099
vn -0.341552 -0.52948 0.776527
v -0.0630054 0.106422 0.398586
vn -0.385879 -0.463964 0.797392
v -0.0679167 0.135699 0.416313
vn -0.341994 -0.56989 0.747172
v 0.0114757 0.11528 0.423809
vn 3.31746e-18 -0.576231 0.817287
v -0.0104456 0.115534 0.423338
vn -0.0884361 -0.582828 0.807769
v -0.0103982 0.102723 0.415228
vn -0.0616375 -0.492293 0.868244
v 0.0114757 0.128152 0.434507
vn 3.51954e-18 -0.66235 0.749194
v -0.0105635 0.128774 0.434071
vn -0.12681 -0.648293 0.750756
v -0.0314405 0.102634 0.41159
vn -0.235334 -0.451982 0.860425
v 0.0731854 0.103302 0.403746
vn 0.385166 -0.4261 0.818588
v 0.0745688 0.118765 0.412535
vn 0.374238 -0.534794 0.757589
v 0.0547699 0.116617 0.420003
vn 0.254949 -0.554525 0.792151
v 0.0859558 0.106422 0.398586
vn 0.385879 -0.463964 0.797392
v 0.0898512 0.121207 0.406099
vn 0.341546 -0.529484 0.776526
v 0.0769386 0.134779 0.423679
vn 0.381234 -0.587622 0.713695
v 0.0557142 0.131083 0.430931
vn 0.294512 -0.613579 0.732655
v 0.0908682 0.135699 0.416313
vn 0.341994 -0.56989 0.747172
v 0.0333497 0.102723 0.415228
vn 0.0616382 -0.492291 0.868246
v 0.033396 0.115534 0.423338
vn 0.0884369 -0.582826 0.80777
v 0.0543919 0.102634 0.41159
vn 0.235332 -0.451981 0.860426
v 0.0335139 0.128774 0.434071
vn 0.126809 -0.648295 0.750755
v -0.0153969 0.0513638 0.129715
vn -0.251255 -0.865228 -0.433879
v -0.00627336 0.0533694 0.125033
vn 0.000236837 -0.897412 -0.441194
v -0.0158749 0.0259735 0.189858
vn -0.0274271 -0.921414 -0.387613
v 0.04558 0.0535083 0.12508
vn 0.00839996 -0.908399 -0.41802
v 0.0527812 0.0512722 0.13043
vn 0.0582204 -0.918467 -0.391189
v 0.0527812 0.0261335 0.189928
vn 0.0349926 -0.922903 -0.38344
v -0.00819577 0.0235973 0.195509
vn -0.0308973 -0.977335 -0.20943
v 0.04558 0.0237363 0.195555
vn 0.0309005 -0.985415 0.167341
v -0.0162328 0.0277948 0.191173
vn -0.0196209 0.919815 0.391861
v -0.00847476 0.0253955 0.196893
vn -0.020752 0.732042 0.680944
v -0.0157485 0.0535768 0.130107
vn -0.476325 0.823116 0.309183
v -0.0065355 0.0556066 0.125357
vn -0.00795491 0.934618 0.355563
v 0.0458369 0.0557455 0.125403
vn 7.3772e-05 0.940716 0.339196
v 0.0531096 0.0534852 0.130799
vn 0.0285393 0.923144 0.383394
v 0.0531096 0.0279791 0.19122
vn 0.0539722 0.918679 0.391299
v 0.0458369 0.0255345 0.196938
vn 0.0791677 0.640251 0.764075
v -0.0181521 0.0684286 0.132736
vn -0.233439 -0.872194 -0.429864
v -0.00831685 0.0706879 0.127478
vn 0.000500525 -0.900113 -0.435656
v -0.0186711 0.0400168 0.200006
vn -0.0249152 -0.921463 -0.387667
v 0.0475835 0.0708269 0.127548
vn 0.00806385 -0.90978 -0.415013
v 0.0553468 0.0683359 0.13352
vn 0.054622 -0.918828 -0.390859
v 0.0553468 0.0402252 0.200075
vn 0.032958 -0.922828 -0.383801
v -0.0103898 0.037389 0.206325
vn -0.0283833 -0.973287 -0.22783
v 0.0475835 0.0375258 0.206394
vn 0.0296604 -0.992565 0.118045
v -0.0190343 0.0418381 0.20132
vn -0.0187023 0.920032 0.391397
v -0.0106751 0.039163 0.207732
vn -0.0196906 0.757191 0.652897
v -0.01851 0.0706426 0.133105
vn -0.446557 0.83617 0.318443
v -0.00858215 0.072903 0.127801
vn -0.0076202 0.933173 0.359348
v 0.0478435 0.0730641 0.127846
vn -0.000522511 0.938755 0.344585
v 0.0556784 0.070551 0.13389
vn 0.0257891 0.923038 0.383842
v 0.0556784 0.0420465 0.201413
vn 0.0495601 0.918982 0.391172
v 0.0478435 0.0393019 0.207778
vn 0.0742218 0.675435 0.733675
v -0.0194259 0.0963424 0.134074
vn -0.227837 -0.874449 -0.428287
v -0.00926225 0.0986944 0.128584
vn 0.000590127 -0.901099 -0.433613
v -0.0199629 0.0665472 0.204687
vn -0.0239746 -0.921512 -0.387608
v 0.0485068 0.0988555 0.128631
vn 0.00809672 -0.910487 -0.413457
v 0.0565323 0.0962509 0.134903
vn 0.0522243 -0.919032 -0.390709
v 0.0565323 0.0667315 0.20478
vn 0.0312728 -0.922708 -0.38423
v -0.0114015 0.0637805 0.211306
vn -0.02742 -0.971182 -0.236758
v 0.0485068 0.0639174 0.211375
vn 0.0291547 -0.99452 0.100395
v -0.0203261 0.0683454 0.206002
vn -0.0177305 0.91995 0.391634
v -0.01169 0.0655323 0.212712
vn -0.0189506 0.768773 0.639241
v -0.0197839 0.0985554 0.134465
vn -0.434652 0.841089 0.321943
v -0.00952756 0.100955 0.128885
vn -0.00750482 0.932689 0.360602
v 0.048769 0.101093 0.128954
vn -0.000174692 0.937986 0.346673
v 0.056866 0.0984407 0.135296
vn 0.025264 0.922774 0.384511
v 0.056866 0.0685297 0.206071
vn 0.0477083 0.919154 0.390999
v 0.048769 0.0656934 0.212782
vn 0.07104 0.694548 0.71593
v -0.016656 0.059204 0.131099
vn -0.242977 -0.868506 -0.43204
v -0.0072093 0.0613032 0.126163
vn 0.000189329 -0.898703 -0.438557
v -0.0171551 0.0324072 0.194494
vn -0.0261672 -0.921398 -0.387737
v 0.0464939 0.0614422 0.126233
vn 0.00823988 -0.909043 -0.416622
v 0.053955 0.0590882 0.13186
vn 0.0561034 -0.918655 -0.391056
v 0.053955 0.0325914 0.194586
vn 0.0339498 -0.922835 -0.383695
v -0.00919909 0.0299162 0.200444
vn -0.0295574 -0.975115 -0.21972
v 0.0464939 0.0300542 0.200514
vn 0.0304624 -0.989101 0.144054
v -0.017512 0.0342296 0.195809
vn -0.0189788 0.919832 0.391854
v -0.00948123 0.0316923 0.201828
vn -0.0204674 0.744817 0.666954
v -0.0170108 0.0613949 0.131491
vn -0.460695 0.83006 0.314262
v -0.00746934 0.0635394 0.126463
vn -0.00774496 0.933871 0.357527
v 0.0467539 0.0636784 0.126533
vn 8.50198e-05 0.939631 0.34219
v 0.0542835 0.0612801 0.132228
vn 0.0273077 0.923009 0.383808
v 0.0542835 0.0344138 0.195878
vn 0.051463 0.918928 0.391053
v 0.0467539 0.0318544 0.20192
vn 0.0760294 0.659406 0.747933
v -0.0140272 0.0428309 0.12817
vn -0.261059 -0.861179 -0.436141
v -0.00526058 0.0447217 0.123765
vn 0.000456233 -0.896019 -0.444016
v -0.0144883 0.0189387 0.184808
vn -0.0283496 -0.921465 -0.387425
v 0.0445862 0.0448607 0.123834
vn 0.00870515 -0.907736 -0.419452
v 0.0515104 0.0427614 0.128838
vn 0.0602737 -0.91833 -0.3912
v 0.0515104 0.0191008 0.184878
vn 0.0362153 -0.92305 -0.382972
v -0.00710612 0.0167026 0.190113
vn -0.0315441 -0.979075 -0.201042
v 0.0445862 0.0168416 0.190182
vn 0.0310709 -0.982414 0.184113
v -0.0148431 0.0207379 0.1861
vn -0.0202209 0.91972 0.392054
v -0.00738301 0.0184787 0.191496
vn -0.0217666 0.718731 0.694948
v -0.0143788 0.0450449 0.128584
vn -0.490465 0.816533 0.304495
v -0.00552061 0.04696 0.124111
vn -0.00789596 0.935317 0.353722
v 0.044842 0.0470737 0.124157
vn 0.000255887 0.941704 0.336444
v 0.0518358 0.0449523 0.129254
vn 0.0292272 0.923331 0.382891
v 0.0518358 0.0209222 0.186192
vn 0.0556482 0.918542 0.391387
v 0.044842 0.0186176 0.191565
vn 0.0812372 0.619184 0.781033
v -0.0127786 0.035037 0.126763
vn -0.268039 -0.85794 -0.438285
v -0.00433306 0.036811 0.122589
vn -0.000366111 -0.894286 -0.447496
v -0.0132229 0.0124819 0.180196
vn -0.0295338 -0.921494 -0.387269
v 0.0436808 0.0369268 0.122635
vn 0.00902185 -0.906917 -0.421213
v 0.0503513 0.0349665 0.127385
vn 0.0628136 -0.918181 -0.39115
v 0.0503513 0.0126209 0.180265
vn 0.0374692 -0.923112 -0.382701
v -0.00611122 0.0103605 0.185224
vn -0.0329269 -0.981483 -0.188697
v 0.0436808 0.0104995 0.185269
vn 0.0317047 -0.976477 0.213278
v -0.0135808 0.0142811 0.181488
vn -0.0210269 0.919672 0.392123
v -0.00639127 0.0121587 0.186584
vn -0.0223706 0.704593 0.709259
v -0.0131302 0.0372268 0.127155
vn -0.503445 0.810293 0.299948
v -0.00459204 0.0390492 0.122912
vn -0.00840459 0.936108 0.351612
v 0.0439345 0.039163 0.122982
vn 0.000183524 0.94298 0.33285
v 0.0506745 0.0371574 0.127801
vn 0.030515 0.923425 0.382563
v 0.0506745 0.0144654 0.181557
vn 0.0580486 0.918448 0.391259
v 0.0439345 0.0122977 0.186654
vn 0.083885 0.598098 0.797021
v -0.0115395 0.0272421 0.125333
vn -0.275546 -0.854146 -0.441032
v -0.0034108 0.0289013 0.121413
vn -0.000144618 -0.892565 -0.450919
v -0.0119658 0.00600091 0.175583
vn -0.0308448 -0.921489 -0.387177
v 0.0427817 0.0290403 0.121459
vn 0.00886397 -0.905616 -0.424006
v 0.0491953 0.0271484 0.12591
vn 0.0648899 -0.917856 -0.391574
v 0.0491953 0.00616407 0.175653
vn 0.0388806 -0.923497 -0.38163
v -0.00512265 0.00404059 0.180312
vn -0.034035 -0.983724 -0.176434
v 0.0427817 0.00415639 0.180358
vn 0.0315023 -0.972735 0.229772
v -0.0123175 0.00782435 0.176875
vn -0.0218819 0.919533 0.392403
v -0.00539954 0.00581771 0.181672
vn -0.0225736 0.688006 0.725354
v -0.0118858 0.0294088 0.125725
vn -0.518814 0.802552 0.294521
v -0.0036698 0.0311164 0.121759
vn -0.00895946 0.936995 0.349227
v 0.0430354 0.0312533 0.121804
vn 9.43861e-05 0.944097 0.329669
v 0.0495207 0.0293635 0.126325
vn 0.0324418 0.923426 0.382402
v 0.0495207 0.00798543 0.176945
vn 0.0606514 0.918019 0.391871
v 0.0430354 0.00593245 0.181718
vn 0.0861172 0.574184 0.814185
v -0.0103024 0.0194462 0.123881
vn -0.285916 -0.849136 -0.444094
v -0.00249382 0.0210148 0.120191
vn -0.000688151 -0.890267 -0.455439
v -0.0107151 -0.000479064 0.171017
vn -0.032258 -0.921501 -0.387034
v 0.0418847 0.0211064 0.12026
vn 0.0093383 -0.904679 -0.425991
v 0.048051 0.0193777 0.124434
vn 0.0676798 -0.917721 -0.391417
v 0.048051 -0.000316946 0.171064
vn 0.0403184 -0.92343 -0.381644
v -0.00413723 -0.00232355 0.175446
vn -0.0355278 -0.986029 -0.162738
v 0.0418847 -0.00220881 0.175492
vn 0.0317227 -0.966173 0.255937
v -0.0110636 0.00136542 0.172286
vn -0.0225297 0.919375 0.392738
v -0.00441307 -0.000524339 0.176784
vn -0.0231985 0.668513 0.743339
v -0.0106488 0.0216139 0.124295
vn -0.537478 0.792703 0.287644
v -0.00275281 0.0232289 0.12056
vn -0.00905352 0.938 0.346517
v 0.0421353 0.0233436 0.120605
vn 0.000594244 0.945601 0.325328
v 0.0483678 0.0215686 0.124849
vn 0.0337793 0.923556 0.381974
v 0.0483678 0.00150442 0.172356
vn 0.0630919 0.917726 0.392171
v 0.0421353 -0.000431687 0.176852
vn 0.0885189 0.547992 0.831787
v -0.00918434 0.012344 0.122543
vn -0.296801 -0.843992 -0.446751
v -0.00166317 0.013819 0.119084
vn -0.000177952 -0.888343 -0.459181
v -0.00957914 -0.00635895 0.166843
vn -0.033498 -0.921548 -0.386816
v 0.0410751 0.0139348 0.119152
vn 0.00984042 -0.903607 -0.428249
v 0.0470097 0.0122977 0.123073
vn 0.0698925 -0.91739 -0.391805
v 0.0470097 -0.00622102 0.166913
vn 0.0416473 -0.923604 -0.38108
v -0.00324867 -0.00808973 0.171017
vn -0.0366668 -0.987809 -0.151289
v 0.0410751 -0.00799604 0.171064
vn 0.0318918 -0.959543 0.279749
v -0.00993077 -0.00453655 0.168112
vn -0.0232171 0.919229 0.393038
v -0.00352241 -0.00631367 0.172356
vn -0.0241193 0.649977 0.759571
v -0.00952756 0.0145338 0.122958
vn -0.55192 0.784873 0.281706
v -0.0019232 0.016034 0.119453
vn -0.0095179 0.939016 0.34374
v 0.0413257 0.016172 0.119499
vn 0.00043827 0.946918 0.321474
v 0.0473308 0.0144885 0.123489
vn 0.0351385 0.923585 0.381781
v 0.0473308 -0.00439759 0.168204
vn 0.0653253 0.917625 0.392043
v 0.0413257 -0.00619787 0.172425
vn 0.090654 0.518186 0.85045
v -0.0153969 0.0513638 0.100288
vn -0.251186 -0.865315 0.433746
v -0.0158749 0.0259735 0.0401211
vn -0.027427 -0.921414 0.387613
v -0.00627336 0.0533694 0.10497
vn 0.000248827 -0.897478 0.441058
v 0.04558 0.0535083 0.104924
vn 0.00840942 -0.908447 0.417914
v 0.0527812 0.0512722 0.0995736
vn 0.0584373 -0.918456 0.391183
v 0.0527812 0.0261335 0.0400759
vn 0.035113 -0.922905 0.383424
v -0.00819577 0.0235973 0.034495
vn -0.0308391 -0.97732 0.20951
v 0.04558 0.0237363 0.0344266
vn 0.0308452 -0.9855 -0.166846
v -0.0162328 0.0277948 0.0388304
vn -0.0197327 0.919856 -0.39176
v -0.00847476 0.0253955 0.0331106
vn -0.0211084 0.731139 -0.681901
v -0.0157485 0.0535768 0.0998968
vn -0.475639 0.82346 -0.309325
v -0.0065355 0.0556066 0.104647
vn -0.00795528 0.934618 -0.355563
v 0.0458369 0.0557455 0.104601
vn -5.66108e-05 0.940752 -0.339096
v 0.0531096 0.0534852 0.099182
vn 0.0283278 0.923234 -0.383191
v 0.0531096 0.0279791 0.0387388
vn 0.0540733 0.918669 -0.391309
v 0.0458369 0.0255345 0.0330421
vn 0.0794346 0.637728 -0.766155
v -0.0181521 0.0684286 0.097268
vn -0.234365 -0.871993 0.42977
v -0.0186711 0.0400168 0.0299753
vn -0.024901 -0.921503 0.387572
v -0.00831685 0.0706879 0.102526
vn 0.000519983 -0.900118 0.435645
v 0.0475835 0.0708269 0.102456
vn 0.00807431 -0.909772 0.41503
v 0.0553468 0.0683359 0.0964837
vn 0.0546097 -0.91887 0.390763
v 0.0553468 0.0402252 0.0299058
vn 0.032855 -0.922837 0.383787
v -0.0103898 0.037389 0.0236554
vn -0.0283769 -0.973116 0.228562
v 0.0475835 0.0375258 0.0236101
vn 0.0296537 -0.992529 -0.118351
v -0.0190343 0.0418381 0.0286846
vn -0.0186411 0.920014 -0.391442
v -0.0106751 0.039163 0.022272
vn -0.0196659 0.758046 -0.651905
v -0.01851 0.0706426 0.0968753
vn -0.44591 0.836467 -0.318571
v -0.00858215 0.072903 0.102202
vn -0.00762993 0.933177 -0.359337
v 0.0478435 0.0730641 0.102134
vn -0.000639181 0.938785 -0.344502
v 0.0556784 0.070551 0.096092
vn 0.0258935 0.923001 -0.383926
v 0.0556784 0.0420465 0.0285909
vn 0.0495373 0.918985 -0.391169
v 0.0478435 0.0393019 0.0222036
vn 0.0739342 0.675707 -0.733454
v -0.0194259 0.0762698 0.0959299
vn -0.228937 -0.874103 0.428406
v -0.0199629 0.0464746 0.0253157
vn -0.0240459 -0.921508 0.387614
v -0.00926225 0.0786218 0.101419
vn 0.000727855 -0.901107 0.433597
v 0.0485068 0.0787839 0.10135
vn 0.0080844 -0.910484 0.413466
v 0.0565323 0.0761772 0.0951003
vn 0.0522423 -0.918983 0.39082
v 0.0565323 0.0466578 0.0252241
vn 0.031384 -0.92275 0.384119
v -0.0114015 0.0437068 0.0186746
vn -0.0274309 -0.971215 0.236621
v 0.0485068 0.0438458 0.0186283
vn 0.0291799 -0.994485 -0.100738
v -0.0203261 0.0482739 0.0240018
vn -0.0177263 0.919952 -0.39163
v -0.01169 0.0454597 0.0172902
vn -0.0190259 0.768778 -0.639233
v -0.0197839 0.0784838 0.0955151
vn -0.435344 0.840784 -0.321803
v -0.00952756 0.0808821 0.101096
vn -0.0073775 0.932694 -0.360593
v 0.048769 0.08102 0.10105
vn -7.17883e-05 0.937954 -0.34676
v 0.056866 0.0783691 0.0947076
vn 0.0251633 0.922815 -0.384421
v 0.056866 0.0484581 0.0239091
vn 0.0477379 0.919185 -0.390923
v 0.048769 0.0456218 0.0171986
vn 0.0713128 0.692591 -0.717796
v -0.016656 0.059204 0.098882
vn -0.242927 -0.868524 0.432034
v -0.0171551 0.0324072 0.0354857
vn -0.0262312 -0.921396 0.387738
v -0.0072093 0.0613032 0.103841
vn 3.61324e-05 -0.898645 0.438676
v 0.0464939 0.0614422 0.103771
vn 0.00825074 -0.909039 0.41663
v 0.053955 0.0590882 0.0981439
vn 0.0561991 -0.918651 0.391053
v 0.053955 0.0325914 0.0354172
vn 0.0339398 -0.922832 0.383704
v -0.00919909 0.0299162 0.0295595
vn -0.0295748 -0.975188 0.219395
v 0.0464939 0.0300542 0.0294679
vn 0.0304738 -0.989154 -0.143688
v -0.017512 0.0342296 0.0341718
vn -0.0190424 0.919831 -0.391854
v -0.00948123 0.0316923 0.0281529
vn -0.020488 0.743906 -0.66797
v -0.0170108 0.0613949 0.0985135
vn -0.460665 0.830074 -0.314268
v -0.00746934 0.0635394 0.103517
vn -0.00789364 0.93391 -0.357421
v 0.0467539 0.0636784 0.103448
vn 9.48261e-05 0.939694 -0.342018
v 0.0542835 0.0612801 0.0977523
vn 0.0274354 0.923013 -0.38379
v 0.0542835 0.0344138 0.0341034
vn 0.0517044 0.918873 -0.391151
v 0.0467539 0.0318544 0.0280835
vn 0.076333 0.659109 -0.748163
v -0.0140272 0.0428309 0.101834
vn -0.259959 -0.861515 0.436134
v -0.0144883 0.0189387 0.0451956
vn -0.0282291 -0.921489 0.387377
v -0.00526058 0.0447217 0.106216
vn 0.000456684 -0.896019 0.444015
v 0.0445862 0.0448607 0.106169
vn 0.00869338 -0.907743 0.419437
v 0.0515104 0.0427614 0.101142
vn 0.060266 -0.918377 0.391091
v 0.0515104 0.0191008 0.0451041
vn 0.0362171 -0.923087 0.382883
v -0.00710612 0.0167026 0.0398685
vn -0.031521 -0.979158 0.200639
v 0.0445862 0.0168416 0.0397979
vn 0.0310689 -0.982423 -0.184065
v -0.0148431 0.0207379 0.0439028
vn -0.0202275 0.919745 -0.391995
v -0.00738301 0.0184787 0.038484
vn -0.0217787 0.72064 -0.692967
v -0.0143788 0.0450449 0.101419
vn -0.490498 0.816518 -0.304483
v -0.00552061 0.04696 0.105893
vn -0.0078738 0.935276 -0.353832
v 0.044842 0.0470737 0.105846
vn 0.000244348 0.941673 -0.336528
v 0.0518358 0.0449523 0.10075
vn 0.0291202 0.923329 -0.382904
v 0.0518358 0.0209222 0.0438112
vn 0.0553949 0.918646 -0.391179
v 0.044842 0.0186176 0.0384156
vn 0.0809667 0.622066 -0.778767
v -0.0127786 0.035037 0.10324
vn -0.266969 -0.858203 0.438423
v -0.0132229 0.0124819 0.0498079
vn -0.0294726 -0.921471 0.387327
v -0.00433306 0.036811 0.107392
vn -0.000206197 -0.894226 0.447615
v 0.0436808 0.0369268 0.107345
vn 0.00886055 -0.906798 0.421473
v 0.0503513 0.0349665 0.102618
vn 0.0628232 -0.918181 0.391149
v 0.0503513 0.0126209 0.0497153
vn 0.03759 -0.923112 0.382688
v -0.00611122 0.0103605 0.0447808
vn -0.032985 -0.981485 0.188676
v 0.0436808 0.0104995 0.0447334
vn 0.0317046 -0.976477 -0.213277
v -0.0135808 0.0142811 0.0485151
vn -0.0211067 0.919672 -0.392119
v -0.00639127 0.0121587 0.0433964
vn -0.022477 0.703442 -0.710397
v -0.0131302 0.0372268 0.102849
vn -0.504145 0.809916 -0.299789
v -0.00459204 0.0390492 0.107068
vn -0.00852075 0.936071 -0.351709
v 0.0439345 0.039163 0.107
vn 0.00031198 0.942905 -0.333063
v 0.0506745 0.0371574 0.102202
vn 0.0305034 0.923428 -0.382558
v 0.0506745 0.0144654 0.0484235
vn 0.0579284 0.918503 -0.391149
v 0.0439345 0.0122977 0.0433511
vn 0.0841476 0.595192 -0.799166
v -0.0115395 0.0473137 0.104647
vn -0.274353 -0.854545 0.441002
v -0.0119658 0.0260746 0.0544202
vn -0.03078 -0.921466 0.387237
v -0.0034108 0.0489739 0.108568
vn -0.000141324 -0.892635 0.45078
v 0.0427817 0.0491119 0.108521
vn 0.00885884 -0.905629 0.423978
v 0.0491953 0.0472221 0.104071
vn 0.0648847 -0.917858 0.39157
v 0.0491953 0.0262357 0.0543276
vn 0.039033 -0.923496 0.381618
v -0.00512265 0.0241143 0.0496921
vn -0.0340161 -0.98381 0.175959
v 0.0427817 0.0242301 0.0496237
vn 0.0313055 -0.973137 -0.228089
v -0.0123175 0.0278959 0.0531053
vn -0.0219442 0.919585 -0.392277
v -0.00539954 0.0258903 0.0483077
vn -0.0229073 0.687044 -0.726254
v -0.0118858 0.0494814 0.104279
vn -0.518653 0.802643 -0.294557
v -0.0036698 0.051188 0.108244
vn -0.00896601 0.936984 -0.349256
v 0.0430354 0.0513269 0.108199
vn 9.58637e-05 0.944058 -0.329779
v 0.0495207 0.0494351 0.103679
vn 0.0323024 0.923471 -0.382305
v 0.0495207 0.028058 0.0530358
vn 0.0604788 0.918141 -0.391611
v 0.0430354 0.026004 0.0482392
vn 0.0861492 0.574117 -0.814228
v -0.0103024 0.0395188 0.106123
vn -0.283547 -0.849942 0.444071
v -0.0107151 0.0195946 0.0589851
vn -0.0323845 -0.92144 0.387169
v -0.00249382 0.0410875 0.109767
vn -0.0006683 -0.890286 0.455401
v 0.0418847 0.0411801 0.109744
vn 0.00898117 -0.904548 0.426278
v 0.048051 0.0394504 0.105569
vn 0.0676366 -0.917713 0.391443
v 0.048051 0.0197546 0.0589399
vn 0.0403285 -0.923429 0.381643
v -0.00413723 0.017749 0.0545592
vn -0.0355945 -0.986086 0.162379
v 0.0418847 0.0178649 0.0545118
vn 0.0316445 -0.96663 -0.254216
v -0.0110636 0.0214391 0.0576944
vn -0.0225156 0.9194 -0.392679
v -0.00441307 0.0195472 0.0531979
vn -0.023213 0.667277 -0.744448
v -0.0106488 0.0416875 0.105708
vn -0.538169 0.792343 -0.287344
v -0.00275281 0.0433015 0.109444
vn -0.00899212 0.937957 -0.346636
v 0.0421353 0.0434162 0.109398
vn 0.00059292 0.945565 -0.325433
v 0.0483678 0.0416402 0.105154
vn 0.0339231 0.92356 -0.381949
v 0.0483678 0.0215781 0.0576492
vn 0.063243 0.917754 -0.392081
v 0.0421353 0.0196399 0.0531295
vn 0.0888857 0.547713 -0.831931
v -0.00918434 0.0324166 0.107438
vn -0.295505 -0.844549 0.446558
v -0.00957914 0.0137137 0.0631363
vn -0.0335074 -0.921489 0.386957
v -0.00166317 0.0338926 0.110898
vn -0.000142197 -0.888536 0.458806
v 0.0410751 0.0340084 0.110828
vn 0.00984633 -0.903691 0.428071
v 0.0470097 0.0323714 0.106907
vn 0.069703 -0.917337 0.391961
v 0.0470097 0.0138526 0.0630921
vn 0.0414913 -0.92349 0.381372
v -0.00324867 0.0119839 0.0589851
vn -0.0368156 -0.987841 0.151048
v 0.0410751 0.0120755 0.0589399
vn 0.0319726 -0.960027 -0.278075
v -0.00993077 0.015535 0.0618677
vn -0.0231974 0.919292 -0.392893
v -0.00352241 0.01376 0.0576018
vn -0.023963 0.64865 -0.76071
v -0.00952756 0.0346075 0.107045
vn -0.551086 0.785382 -0.28192
v -0.0019232 0.0361056 0.110551
vn -0.00948609 0.939001 -0.343785
v 0.0413257 0.0362446 0.110505
vn 0.000290338 0.946906 -0.32151
v 0.0473308 0.0345601 0.106493
vn 0.0351162 0.923571 -0.381815
v 0.0473308 0.015674 0.0617993
vn 0.065421 0.917639 -0.391994
v 0.0413257 0.0138758 0.0575786
vn 0.0915135 0.51713 -0.851
v -0.0227612 -0.0175354 0.107276
vn -0.535605 -0.454587 -0.711673
v -0.022776 -0.0138454 0.117377
vn -0.91969 -0.221753 0.324031
v -0.0285937 -0.0016919 0.101557
vn -0.883013 0.0670899 -0.464529
v -0.0286105 0.00197499 0.111658
vn -0.580835 0.409333 0.703617
v -0.0177309 -0.0166132 0.106954
vn 0.00223379 -0.34056 -0.94022
v -0.0180657 0.000129438 0.100889
vn -0.0690579 0.0384915 -0.99687
v -0.0180657 0.00381951 0.110989
vn -0.141054 0.931624 0.334935
v -0.0177341 -0.012921 0.117054
vn -0.000608732 0.340229 0.940342
v -0.0227612 -0.0195873 0.124295
vn -0.534724 -0.454769 0.712219
v -0.0285937 -0.00374378 0.130061
vn -0.882632 0.0666338 0.465317
v -0.022776 -0.0159194 0.114218
vn -0.919612 -0.220636 -0.325012
v -0.0286105 -5.48009e-05 0.11996
vn -0.581992 0.408404 -0.703201
v -0.0177309 -0.0186419 0.124665
vn -0.0052846 -0.339536 0.940578
v -0.0180657 -0.00189929 0.130707
vn -0.0698919 0.0376533 0.996844
v -0.0180657 0.00179075 0.120605
vn -0.142655 0.93154 -0.334488
v -0.0177341 -0.0149519 0.114563
vn -0.00151142 0.339625 -0.94056
v -0.0227612 -0.0241765 0.0940159
vn -0.535671 -0.455051 -0.711326
v -0.022776 -0.0205096 0.104116
vn -0.919751 -0.221123 0.324287
v -0.0285937 -0.00833293 0.0882739
vn -0.883023 0.0665342 -0.46459
v -0.0286105 -0.00466604 0.0983745
vn -0.580548 0.409626 0.703684
v -0.0177309 -0.02323 0.0936706
vn -0.000366278 -0.341039 -0.940049
v -0.0180657 -0.00651159 0.0876054
vn -0.0697177 0.0376704 -0.996855
v -0.0180657 -0.00282155 0.0977059
vn -0.141041 0.931602 0.335001
v -0.0177341 -0.0195642 0.103771
vn 0.000174636 0.340693 0.940175
v -0.0227612 -0.0251914 0.138086
vn -0.534991 -0.454681 0.712074
v -0.0285937 -0.00934784 0.143851
vn -0.882553 0.0666657 0.465463
v -0.022776 -0.0215466 0.128009
vn -0.91971 -0.220812 -0.324615
v -0.0286105 -0.00568092 0.133751
vn -0.581555 0.408449 -0.703536
v -0.0177309 -0.0242681 0.138455
vn -0.00675973 -0.339562 0.940559
v -0.0180657 -0.00752544 0.144498
vn -0.0700389 0.0376354 0.996834
v -0.0180657 -0.00383643 0.134397
vn -0.141731 0.931405 -0.335257
v -0.0177341 -0.0205791 0.128354
vn -0.00143345 0.339654 -0.940549
v -0.0680009 -0.139022 -0.0809294
vn -0.115668 0.808852 -0.576523
v -0.0680009 -0.142596 -0.0825433
vn -0.368986 0.15634 -0.916191
v -0.0680009 -0.137637 -0.0772867
vn -0.776411 0.611745 0.151505
v -0.0680009 -0.146263 -0.081161
vn -0.56242 -0.477981 -0.674698
v -0.0680009 -0.147877 -0.0775868
vn -0.625971 -0.775106 -0.0858551
v -0.0680009 -0.145847 -0.0739189
vn -0.760515 -0.642893 0.0911335
v -0.0680009 -0.140036 -0.0719133
vn -0.414226 0.892771 -0.177137
v -0.0680009 -0.1375 -0.068478
vn -0.782375 0.622537 -0.018365
v -0.0680009 -0.147693 -0.0673694
vn -0.726601 -0.682488 -0.0791303
v -0.0680009 -0.138606 -0.0647174
vn -0.563713 0.567284 0.600347
v -0.0680009 -0.142019 -0.0628497
vn -0.369113 -0.0254784 0.929035
v -0.0680009 -0.145802 -0.0639341
vn -0.116833 -0.719711 0.684373
v -0.0595259 -0.1375 -0.068478
vn 0.733981 0.643347 -0.217663
v -0.0595259 -0.139967 -0.0728018
vn 0.389791 0.909425 0.144944
v -0.0595259 -0.138606 -0.0647174
vn 0.562611 0.709147 0.424947
v -0.0595259 -0.142019 -0.0628497
vn 0.370495 0.225173 0.901127
v -0.0595259 -0.145802 -0.0639341
vn 0.116678 -0.506343 0.854402
v -0.0595259 -0.147693 -0.0673694
vn 0.769919 -0.629626 0.103898
v -0.0595259 -0.145893 -0.0725123
vn 0.731739 -0.678264 -0.0672046
v -0.0595259 -0.147877 -0.0775868
vn 0.626241 -0.765245 0.149072
v -0.0595259 -0.146263 -0.081161
vn 0.562309 -0.643135 -0.519794
v -0.0595259 -0.142596 -0.0825433
vn 0.369079 -0.097503 -0.92427
v -0.0595259 -0.139022 -0.0809294
vn 0.11539 0.622963 -0.773694
v -0.0595259 -0.137637 -0.0772867
vn 0.834644 0.550407 -0.0205292
v -0.0680009 -0.139022 -0.100878
vn -0.116148 0.810219 -0.574503
v -0.0680009 -0.142596 -0.102492
vn -0.370435 0.156244 -0.915623
v -0.0680009 -0.137637 -0.097212
vn -0.776744 0.611258 0.151763
v -0.0680009 -0.146263 -0.101109
vn -0.563164 -0.477688 -0.674285
v -0.0680009 -0.147877 -0.0975352
vn -0.625506 -0.775456 -0.0860779
v -0.0680009 -0.145847 -0.0938904
vn -0.760615 -0.642759 0.0912464
v -0.0680009 -0.140036 -0.0918617
vn -0.413603 0.893027 -0.177301
v -0.0680009 -0.1375 -0.0884243
vn -0.782885 0.621896 -0.0183496
v -0.0680009 -0.147693 -0.0873178
vn -0.726133 -0.683006 -0.0789489
v -0.0680009 -0.138606 -0.0846658
vn -0.563648 0.567228 0.600461
v -0.0680009 -0.142019 -0.0827981
vn -0.369165 -0.0253 0.929019
v -0.0680009 -0.145802 -0.0838815
vn -0.116889 -0.719752 0.684321
v -0.0595259 -0.1375 -0.0884243
vn 0.734343 0.643048 -0.217323
v -0.0595259 -0.139967 -0.0927607
vn 0.389987 0.909273 0.145373
v -0.0595259 -0.138606 -0.0846658
vn 0.562621 0.709056 0.425085
v -0.0595259 -0.142019 -0.0827981
vn 0.370539 0.225249 0.90109
v -0.0595259 -0.145802 -0.0838815
vn 0.116748 -0.506268 0.854437
v -0.0595259 -0.147693 -0.0873178
vn 0.769848 -0.629745 0.103709
v -0.0595259 -0.145893 -0.0924828
vn 0.730898 -0.67917 -0.0672017
v -0.0595259 -0.147877 -0.0975352
vn 0.626537 -0.764908 0.149556
v -0.0595259 -0.146263 -0.101109
vn 0.563053 -0.642741 -0.519476
v -0.0595259 -0.142596 -0.102492
vn 0.370527 -0.0974425 -0.923696
v -0.0595259 -0.139022 -0.100878
vn 0.116113 0.624183 -0.772602
v -0.0595259 -0.137637 -0.097212
vn 0.83397 0.551428 -0.0205452
v -0.0680009 -0.139022 -0.142204
vn -0.116728 0.809587 -0.575276
v -0.0680009 -0.142596 -0.143795
vn -0.370383 0.152343 -0.916301
v -0.0680009 -0.137637 -0.138536
vn -0.776516 0.611534 0.15182
v -0.0680009 -0.146263 -0.142412
vn -0.561754 -0.477236 -0.67578
v -0.0680009 -0.147877 -0.13886
vn -0.626257 -0.774837 -0.0861941
v -0.0680009 -0.145847 -0.135194
vn -0.760719 -0.642662 0.091057
v -0.0680009 -0.140036 -0.133186
vn -0.413363 0.893245 -0.176763
v -0.0680009 -0.1375 -0.129728
vn -0.783397 0.62125 -0.0183694
v -0.0680009 -0.147693 -0.128621
vn -0.725846 -0.683301 -0.0790377
v -0.0680009 -0.138606 -0.125991
vn -0.562504 0.568648 0.600191
v -0.0680009 -0.142019 -0.124101
vn -0.369093 -0.0273515 0.92899
v -0.0680009 -0.145802 -0.125208
vn -0.115678 -0.718856 0.685467
v -0.0595259 -0.1375 -0.129728
vn 0.733953 0.643568 -0.217103
v -0.0595259 -0.139967 -0.134086
vn 0.390306 0.909173 0.145141
v -0.0595259 -0.138606 -0.125991
vn 0.562678 0.708581 0.4258
v -0.0595259 -0.142019 -0.124101
vn 0.370337 0.22695 0.900746
v -0.0595259 -0.145802 -0.125208
vn 0.115241 -0.507906 0.853669
v -0.0595259 -0.147693 -0.128621
vn 0.770446 -0.628986 0.103875
v -0.0595259 -0.145893 -0.133799
vn 0.731235 -0.678819 -0.0670827
v -0.0595259 -0.147877 -0.13886
vn 0.625802 -0.765505 0.149583
v -0.0595259 -0.146263 -0.142412
vn 0.562414 -0.641788 -0.521343
v -0.0595259 -0.142596 -0.143795
vn 0.370168 -0.0995723 -0.923613
v -0.0595259 -0.139022 -0.142204
vn 0.116822 0.621696 -0.774498
v -0.0595259 -0.137637 -0.138536
vn 0.833563 0.552041 -0.0205625
v -0.0680009 -0.139022 -0.162659
vn -0.116622 0.811665 -0.572363
v -0.0680009 -0.142596 -0.164274
vn -0.372055 0.156132 -0.914985
v -0.0680009 -0.137637 -0.158969
vn -0.777107 0.610884 0.15141
v -0.0680009 -0.146263 -0.16289
vn -0.564669 -0.478462 -0.672475
v -0.0680009 -0.147877 -0.159292
vn -0.625079 -0.775835 -0.0857686
v -0.0680009 -0.145847 -0.15565
vn -0.760258 -0.643169 0.0913298
v -0.0680009 -0.140036 -0.153619
vn -0.413857 0.892785 -0.177924
v -0.0680009 -0.1375 -0.150207
vn -0.782343 0.622578 -0.0183344
v -0.0680009 -0.147693 -0.149077
vn -0.726565 -0.682554 -0.0788911
v -0.0680009 -0.138606 -0.146425
vn -0.564376 0.567896 0.599144
v -0.0680009 -0.142019 -0.144556
vn -0.369283 -0.0252139 0.928975
v -0.0680009 -0.145802 -0.14564
vn -0.116914 -0.71984 0.684224
v -0.0595259 -0.1375 -0.150207
vn 0.735103 0.642118 -0.217505
v -0.0595259 -0.139967 -0.154519
vn 0.389607 0.909391 0.145652
v -0.0595259 -0.138606 -0.146425
vn 0.562533 0.71005 0.423539
v -0.0595259 -0.142019 -0.144556
vn 0.370641 0.225407 0.901009
v -0.0595259 -0.145802 -0.14564
vn 0.116782 -0.506339 0.85439
v -0.0595259 -0.147693 -0.149077
vn 0.770253 -0.629265 0.103612
v -0.0595259 -0.145893 -0.154242
vn 0.730466 -0.67963 -0.0672556
v -0.0595259 -0.147877 -0.159292
vn 0.626934 -0.764638 0.149273
v -0.0595259 -0.146263 -0.16289
vn 0.563794 -0.643781 -0.517381
v -0.0595259 -0.142596 -0.164274
vn 0.372138 -0.0976401 -0.923028
v -0.0595259 -0.139022 -0.162659
vn 0.116836 0.625567 -0.771373
v -0.0595259 -0.137637 -0.158969
vn 0.833623 0.551954 -0.0204824
v -0.0680009 -0.139022 -0.121334
vn -0.115711 0.808977 -0.576339
v -0.0680009 -0.142596 -0.122948
vn -0.369118 0.156332 -0.91614
v -0.0680009 -0.137637 -0.117689
vn -0.776445 0.611702 0.151507
v -0.0680009 -0.146263 -0.121565
vn -0.562555 -0.478034 -0.674548
v -0.0680009 -0.147877 -0.117989
vn -0.625897 -0.775166 -0.0858451
v -0.0680009 -0.145847 -0.114323
vn -0.760565 -0.642832 0.09115
v -0.0680009 -0.140036 -0.112317
vn -0.414198 0.892786 -0.177125
v -0.0680009 -0.1375 -0.10888
vn -0.781759 0.623312 -0.018314
v -0.0680009 -0.147693 -0.107774
vn -0.727074 -0.682004 -0.0789533
v -0.0680009 -0.138606 -0.105098
vn -0.565009 0.567599 0.598829
v -0.0680009 -0.142019 -0.10323
vn -0.370614 -0.0255521 0.928436
v -0.0680009 -0.145802 -0.104315
vn -0.117372 -0.72169 0.682193
v -0.0595259 -0.1375 -0.10888
vn 0.734032 0.643433 -0.217236
v -0.0595259 -0.139967 -0.113205
vn 0.389839 0.909402 0.144962
v -0.0595259 -0.138606 -0.105098
vn 0.563168 0.709678 0.423319
v -0.0595259 -0.142019 -0.10323
vn 0.371993 0.225113 0.900525
v -0.0595259 -0.145802 -0.104315
vn 0.117442 -0.507985 0.853322
v -0.0595259 -0.147693 -0.107774
vn 0.769738 -0.629906 0.103545
v -0.0595259 -0.145893 -0.112917
vn 0.731742 -0.67826 -0.0672126
v -0.0595259 -0.147877 -0.117989
vn 0.626304 -0.765191 0.149087
v -0.0595259 -0.146263 -0.121565
vn 0.562372 -0.643227 -0.519612
v -0.0595259 -0.142596 -0.122948
vn 0.36921 -0.0974975 -0.924218
v -0.0595259 -0.139022 -0.121334
vn 0.115456 0.623074 -0.773595
v -0.0595259 -0.137637 -0.117689
vn 0.834596 0.55048 -0.0205265
v -0.0680009 -0.109457 -0.331976
vn -0.115518 0.968835 0.219121
v -0.0680009 -0.110633 -0.335713
vn -0.370823 0.786042 -0.494599
v -0.0680009 -0.111255 -0.328494
vn -0.776595 0.297948 0.555092
v -0.0680009 -0.114115 -0.337511
vn -0.563421 0.180624 -0.806184
v -0.0680009 -0.117851 -0.336312
vn -0.625238 -0.45632 -0.633127
v -0.0680009 -0.119211 -0.332344
vn -0.76 -0.498748 -0.416715
v -0.0680009 -0.116836 -0.326672
vn -0.413243 0.72981 0.544617
v -0.0680009 -0.11769 -0.322497
vn -0.782682 0.429469 0.450516
v -0.0680009 -0.125323 -0.329324
vn -0.725749 -0.398155 -0.561035
v -0.0680009 -0.121218 -0.320814
vn -0.562033 -0.0679452 0.824319
v -0.0680009 -0.124908 -0.322105
vn -0.369661 -0.707683 0.602109
v -0.0680009 -0.126615 -0.325634
vn -0.116249 -0.990026 -0.0795901
v -0.0595259 -0.11769 -0.322497
vn 0.734217 0.591824 0.332669
v -0.0595259 -0.116121 -0.327225
vn 0.389542 0.502298 0.77198
v -0.0595259 -0.121218 -0.320814
vn 0.562062 0.15674 0.812108
v -0.0595259 -0.124908 -0.322105
vn 0.369994 -0.518424 0.770935
v -0.0595259 -0.126615 -0.325634
vn 0.116133 -0.974435 0.192327
v -0.0595259 -0.125323 -0.329324
vn 0.769738 -0.497914 -0.39948
v -0.0595259 -0.120284 -0.331444
vn 0.730717 -0.404918 -0.549631
v -0.0595259 -0.117851 -0.336312
vn 0.625385 -0.624136 -0.468346
v -0.0595259 -0.114115 -0.337511
vn 0.563212 -0.0451986 -0.825075
v -0.0595259 -0.110633 -0.335713
vn 0.370777 0.621633 -0.689998
v -0.0595259 -0.109457 -0.331976
vn 0.115545 0.992036 -0.0501433
v -0.0595259 -0.111255 -0.328494
vn 0.833788 0.385005 0.395688
v -0.0680009 -0.0738969 -0.343506
vn -0.115445 0.70963 0.695052
v -0.0680009 -0.0729504 -0.347288
vn -0.370815 0.928657 -0.00957016
v -0.0680009 -0.0772637 -0.341477
vn -0.798818 -0.0400401 0.600239
v -0.0680009 -0.074956 -0.350655
vn -0.562472 0.580296 -0.588967
v -0.0680009 -0.0787398 -0.351601
vn -0.647429 -0.0600638 -0.759755
v -0.0680009 -0.0833973 -0.348742
vn -0.758869 -0.204547 -0.618287
v -0.0680009 -0.0829373 -0.342906
vn -0.415062 0.334955 0.845889
v -0.0680009 -0.0858883 -0.33977
vn -0.752716 0.138622 0.643586
v -0.0680009 -0.088794 -0.349594
vn -0.727709 -0.0378296 -0.684842
v -0.0680009 -0.0897625 -0.340186
vn -0.56182 -0.489531 0.666872
v -0.0680009 -0.0922535 -0.343228
vn -0.371822 -0.917612 0.140486
v -0.0680009 -0.0918376 -0.347126
vn -0.115785 -0.799873 -0.588895
v -0.0595259 -0.0858883 -0.33977
vn 0.732259 0.331778 0.594744
v -0.0595259 -0.0820487 -0.342999
vn 0.388597 0.0178403 0.921235
v -0.0595259 -0.0897625 -0.340186
vn 0.563158 -0.292432 0.772876
v -0.0595259 -0.0922535 -0.343228
vn 0.371427 -0.844333 0.386192
v -0.0595259 -0.0918376 -0.347126
vn 0.115771 -0.929231 -0.350893
v -0.0595259 -0.088794 -0.349594
vn 0.76987 -0.213833 -0.601312
v -0.0595259 -0.0833973 -0.348742
vn 0.760412 -0.0484532 -0.647631
v -0.0595259 -0.0787398 -0.351601
vn 0.598594 -0.274216 -0.752656
v -0.0595259 -0.074956 -0.350655
vn 0.563173 0.397912 -0.724225
v -0.0595259 -0.0729504 -0.347288
vn 0.370169 0.891858 -0.259931
v -0.0595259 -0.0738969 -0.343506
vn 0.115814 0.870949 0.477531
v -0.0595259 -0.0772637 -0.341477
vn 0.833348 0.118905 0.539808
v -0.0680009 -0.00111389 -0.230829
vn -0.11676 0.892478 -0.435719
v -0.0680009 -0.00439021 -0.232997
vn -0.369857 0.300828 -0.879038
v -0.0680009 -0.000353781 -0.227001
vn -0.775612 0.581016 0.24667
v -0.0680009 -0.00821712 -0.232212
vn -0.562603 -0.365744 -0.741424
v -0.0680009 -0.0103848 -0.228938
vn -0.624774 -0.752476 -0.208415
v -0.0680009 -0.00895514 -0.224995
vn -0.759966 -0.649839 -0.0127168
v -0.0680009 -0.00355954 -0.222065
vn -0.413115 0.910143 -0.0312345
v -0.0680009 -0.00162346 -0.218284
vn -0.781572 0.618511 0.0811731
v -0.0680009 -0.0118387 -0.218814
vn -0.725896 -0.661575 -0.188134
v -0.0680009 -0.00330583 -0.214731
vn -0.562716 0.46172 0.685686
v -0.0680009 -0.00701903 -0.213441
vn -0.370245 -0.176578 0.911997
v -0.0680009 -0.0105238 -0.215124
vn -0.114801 -0.822662 0.55682
v -0.0595259 -0.00162346 -0.218284
vn 0.73426 0.669778 -0.110726
v -0.0595259 -0.00335214 -0.222941
vn 0.389115 0.875357 0.286949
v -0.0595259 -0.00330583 -0.214731
vn 0.562743 0.631986 0.532836
v -0.0595259 -0.00701903 -0.213441
vn 0.3689 0.0761004 0.926348
v -0.0595259 -0.0105238 -0.215124
vn 0.115127 -0.642341 0.757723
v -0.0595259 -0.0118387 -0.218814
vn 0.769779 -0.63831 0.00126771
v -0.0595259 -0.00923307 -0.223622
vn 0.730385 -0.660077 -0.1756
v -0.0595259 -0.0103848 -0.228938
vn 0.624951 -0.780238 0.0257591
v -0.0595259 -0.00821712 -0.232212
vn 0.561848 -0.55288 -0.615346
v -0.0595259 -0.00439021 -0.232997
vn 0.370559 0.0507396 -0.927422
v -0.0595259 -0.00111389 -0.230829
vn 0.116462 0.739864 -0.662599
v -0.0595259 -0.000353781 -0.227001
vn 0.833654 0.547942 0.0691338
v -0.0680009 -0.00517348 -0.211504
vn -0.116721 0.892462 -0.435762
v -0.0680009 -0.00844873 -0.213671
vn -0.369943 0.300686 -0.879051
v -0.0680009 -0.0044123 -0.207675
vn -0.798749 0.552659 0.237841
v -0.0680009 -0.0122767 -0.212886
vn -0.561845 -0.364502 -0.74261
v -0.0680009 -0.0144444 -0.209635
vn -0.646806 -0.736301 -0.198754
v -0.0680009 -0.0133021 -0.204308
vn -0.759751 -0.650063 -0.0139983
v -0.0680009 -0.00764125 -0.202786
vn -0.415996 0.908803 -0.0320042
v -0.0680009 -0.00568092 -0.198957
vn -0.752391 0.652929 0.0871328
v -0.0680009 -0.0159194 -0.199512
vn -0.727709 -0.657822 -0.194192
v -0.0680009 -0.00738751 -0.195428
vn -0.562674 0.461379 0.68595
v -0.0680009 -0.0110765 -0.194138
vn -0.369483 -0.176424 0.912336
v -0.0680009 -0.0146055 -0.195822
vn -0.11561 -0.821682 0.558097
v -0.0595259 -0.00568092 -0.198957
vn 0.732845 0.671278 -0.111011
v -0.0595259 -0.00742224 -0.203663
vn 0.388981 0.874692 0.289151
v -0.0595259 -0.00738751 -0.195428
vn 0.562236 0.629889 0.535846
v -0.0595259 -0.0110765 -0.194138
vn 0.369549 0.0761622 0.926085
v -0.0595259 -0.0146055 -0.195822
vn 0.115684 -0.640289 0.759373
v -0.0595259 -0.0159194 -0.199512
vn 0.769965 -0.638086 0.000551666
v -0.0595259 -0.0133021 -0.204308
vn 0.761087 -0.625541 -0.171594
v -0.0595259 -0.0144444 -0.209635
vn 0.5986 -0.80102 0.0067317
v -0.0595259 -0.0122767 -0.212886
vn 0.561855 -0.550899 -0.617114
v -0.0595259 -0.00844873 -0.213671
vn 0.370566 0.0506442 -0.927424
v -0.0595259 -0.00517348 -0.211504
vn 0.116454 0.739871 -0.662593
v -0.0595259 -0.0044123 -0.207675
vn 0.833857 0.547549 0.0698017
v -0.0680009 -0.00434387 -0.254305
vn -0.115921 -0.838828 0.531912
v -0.0680009 -0.000861221 -0.252507
vn -0.371152 -0.202974 0.906117
v -0.0680009 -0.00554196 -0.258041
vn -0.776596 -0.602693 -0.183464
v -0.0680009 0.00287513 -0.253706
vn -0.562393 0.442408 0.698562
v -0.0680009 0.00465016 -0.257164
vn -0.626139 0.77 0.122677
v -0.0680009 0.0028046 -0.260946
vn -0.759114 0.648481 -0.0567263
v -0.0680009 -0.00286679 -0.263253
vn -0.412037 -0.901765 0.13056
v -0.0680009 -0.00521875 -0.266804
vn -0.782005 -0.623136 -0.0130283
v -0.0680009 0.0050197 -0.267405
vn -0.726432 0.677213 0.116959
v -0.0680009 -0.00392802 -0.270517
vn -0.562808 -0.533058 -0.631741
v -0.0680009 -0.000378003 -0.2722
vn -0.368415 0.0763015 -0.926525
v -0.0680009 0.00331207 -0.270909
vn -0.115041 0.754587 -0.646037
v -0.0595259 -0.00521875 -0.266804
vn 0.734402 -0.653327 0.183898
v -0.0595259 -0.0029826 -0.262354
vn 0.388746 -0.900841 -0.193294
v -0.0595259 -0.00392802 -0.270517
vn 0.562724 -0.685779 -0.461572
v -0.0595259 -0.000378003 -0.2722
vn 0.367816 -0.175613 -0.913166
v -0.0595259 0.00331207 -0.270909
vn 0.114908 0.552832 -0.825332
v -0.0595259 0.0050197 -0.267405
vn 0.771157 0.63283 -0.069595
v -0.0595259 0.00293199 -0.262341
vn 0.729819 0.675596 0.104565
v -0.0595259 0.00465016 -0.257164
vn 0.624465 0.773072 -0.111366
v -0.0595259 0.00287513 -0.253706
vn 0.563779 0.614583 0.551762
v -0.0595259 -0.000861221 -0.252507
vn 0.371008 0.0507907 0.92724
v -0.0595259 -0.00434387 -0.254305
vn 0.115969 -0.663735 0.738923
v -0.0595259 -0.00554196 -0.258041
vn 0.833605 -0.552309 -0.00764776
v -0.0680009 0.00192975 -0.250938
vn -0.117169 0.861753 -0.493612
v -0.0680009 -0.00148447 -0.252875
vn -0.369811 0.241765 -0.8971
v -0.0680009 0.00294356 -0.247157
vn -0.776511 0.594438 0.208984
v -0.0680009 -0.00526613 -0.25186
vn -0.563244 -0.410758 -0.716961
v -0.0680009 -0.00720327 -0.248447
vn -0.624995 -0.764633 -0.157218
v -0.0680009 -0.00551987 -0.244618
vn -0.760053 -0.649163 0.0301013
v -0.0680009 6.10072e-05 -0.242059
vn -0.412531 0.906286 -0.0919994
v -0.0680009 0.00225295 -0.238393
vn -0.782095 0.621656 0.0432596
v -0.0680009 -0.0079876 -0.238254
vn -0.725501 -0.67288 -0.144499
v -0.0680009 0.000775873 -0.234749
vn -0.561977 0.505264 0.654897
v -0.0680009 -0.00282155 -0.233226
vn -0.369267 -0.113669 0.922346
v -0.0680009 -0.00644316 -0.234656
vn -0.116069 -0.783977 0.609842
v -0.0595259 0.00225295 -0.238393
vn 0.734015 0.6615 -0.153753
v -0.0595259 0.000210513 -0.242946
vn 0.389655 0.891806 0.229893
v -0.0595259 0.000775873 -0.234749
vn 0.561036 0.664274 0.493942
v -0.0595259 -0.00282155 -0.233226
vn 0.368858 0.137435 0.919269
v -0.0595259 -0.00644316 -0.234656
vn 0.11632 -0.588153 0.800341
v -0.0595259 -0.0079876 -0.238254
vn 0.769387 -0.637388 0.0421908
v -0.0595259 -0.00570411 -0.243224
vn 0.730305 -0.670314 -0.131658
v -0.0595259 -0.00720327 -0.248447
vn 0.625627 -0.776258 0.0775585
v -0.0595259 -0.00526613 -0.25186
vn 0.562902 -0.591386 -0.577412
v -0.0595259 -0.00148447 -0.252875
vn 0.370123 -0.00784053 -0.92895
v -0.0595259 0.00192975 -0.250938
vn 0.117052 0.693753 -0.710637
v -0.0595259 0.00294356 -0.247157
vn 0.833721 0.551198 0.0330258
v -0.0680009 -0.0189651 -0.134295
vn -0.116649 0.892432 -0.435842
v -0.0680009 -0.0222393 -0.136462
vn -0.369921 0.300772 -0.87903
v -0.0680009 -0.0182029 -0.130466
vn -0.798166 0.553768 0.237218
v -0.0680009 -0.0260662 -0.135677
vn -0.562602 -0.365746 -0.741424
v -0.0680009 -0.0282339 -0.132403
vn -0.646134 -0.736964 -0.198481
v -0.0680009 -0.0270938 -0.127087
vn -0.760037 -0.649725 -0.0141978
v -0.0680009 -0.0214329 -0.125554
vn -0.417197 0.908255 -0.0319328
v -0.0680009 -0.0194726 -0.121749
vn -0.752279 0.653047 0.0872155
v -0.0680009 -0.029711 -0.122301
vn -0.728339 -0.657101 -0.194272
v -0.0680009 -0.0211781 -0.118221
vn -0.562877 0.463772 0.684168
v -0.0680009 -0.0248682 -0.116906
vn -0.370792 -0.177942 0.91151
v -0.0680009 -0.0283971 -0.118612
vn -0.115094 -0.822304 0.557288
v -0.0595259 -0.0194726 -0.121749
vn 0.733489 0.670502 -0.111447
v -0.0595259 -0.0212128 -0.126419
vn 0.388549 0.874965 0.288905
v -0.0595259 -0.0211781 -0.118221
vn 0.562796 0.630403 0.534652
v -0.0595259 -0.0248682 -0.116906
vn 0.370874 0.0783195 0.925375
v -0.0595259 -0.0283971 -0.118612
vn 0.11505 -0.642615 0.757502
v -0.0595259 -0.029711 -0.122301
vn 0.770404 -0.637555 0.000551732
v -0.0595259 -0.0270938 -0.127087
vn 0.761348 -0.625133 -0.171922
v -0.0595259 -0.0282339 -0.132403
vn 0.598982 -0.800737 0.00648719
v -0.0595259 -0.0260662 -0.135677
vn 0.561848 -0.552881 -0.615345
v -0.0595259 -0.0222393 -0.136462
vn 0.370549 0.0506592 -0.92743
v -0.0595259 -0.0189651 -0.134295
vn 0.116395 0.739925 -0.662543
v -0.0595259 -0.0182029 -0.130466
vn 0.833708 0.547812 0.0695232
v -0.0680009 -0.0222846 -0.115407
vn -0.116736 0.892556 -0.435565
v -0.0680009 -0.0255588 -0.117574
vn -0.369898 0.300718 -0.879059
v -0.0680009 -0.0215245 -0.111578
vn -0.798741 0.553509 0.235882
v -0.0680009 -0.0293878 -0.116791
vn -0.561824 -0.364254 -0.742747
v -0.0680009 -0.0315555 -0.113539
vn -0.646903 -0.736263 -0.198579
v -0.0680009 -0.0304143 -0.1082
vn -0.759841 -0.649957 -0.014097
v -0.0680009 -0.0247302 -0.106667
vn -0.41737 0.908194 -0.0314008
v -0.0680009 -0.022792 -0.102862
vn -0.752991 0.65203 0.0886608
v -0.0680009 -0.0330326 -0.103393
vn -0.727063 -0.658574 -0.19406
v -0.0680009 -0.0244997 -0.0993334
vn -0.561904 0.461636 0.686408
v -0.0680009 -0.0281887 -0.0980426
vn -0.369313 -0.17233 0.913187
v -0.0680009 -0.0317166 -0.0997019
vn -0.116103 -0.820836 0.559238
v -0.0595259 -0.022792 -0.102862
vn 0.734323 0.669934 -0.109357
v -0.0595259 -0.0245228 -0.107544
vn 0.390015 0.874878 0.287188
v -0.0595259 -0.0244997 -0.0993334
vn 0.561448 0.630219 0.536284
v -0.0595259 -0.0281887 -0.0980426
vn 0.369012 0.0783174 0.926119
v -0.0595259 -0.0317166 -0.0997019
vn 0.116329 -0.637606 0.761529
v -0.0595259 -0.0330326 -0.103393
vn 0.769547 -0.63859 0.000716682
v -0.0595259 -0.0304143 -0.1082
vn 0.760973 -0.625738 -0.171381
v -0.0595259 -0.0315555 -0.113539
vn 0.598454 -0.80113 0.00660002
v -0.0595259 -0.0293878 -0.116791
vn 0.561823 -0.550875 -0.617164
v -0.0595259 -0.0255588 -0.117574
vn 0.370456 0.0509072 -0.927454
v -0.0595259 -0.0222846 -0.115407
vn 0.116483 0.739927 -0.662525
v -0.0595259 -0.0215245 -0.111578
vn 0.833927 0.547517 0.0692154
v -0.0680009 -0.00844873 -0.192593
vn -0.115941 0.89092 -0.439112
v -0.0680009 -0.0117229 -0.194761
vn -0.369615 0.300913 -0.879111
v -0.0680009 -0.0076644 -0.188764
vn -0.799281 0.552232 0.237043
v -0.0680009 -0.015552 -0.193978
vn -0.562492 -0.364113 -0.74231
v -0.0680009 -0.0177197 -0.190725
vn -0.647605 -0.735659 -0.198528
v -0.0680009 -0.0165774 -0.185398
vn -0.760557 -0.649121 -0.0139783
v -0.0680009 -0.0108923 -0.183876
vn -0.416891 0.908471 -0.0297143
v -0.0680009 -0.00895514 -0.180047
vn -0.753411 0.651537 0.0887255
v -0.0680009 -0.0191946 -0.180602
vn -0.727362 -0.658198 -0.194218
v -0.0680009 -0.0106617 -0.176542
vn -0.561365 0.462988 0.685938
v -0.0680009 -0.0143528 -0.175227
vn -0.370697 -0.174383 0.912236
v -0.0680009 -0.0178797 -0.176912
vn -0.11551 -0.821695 0.5581
v -0.0595259 -0.00895514 -0.180047
vn 0.733376 0.670986 -0.10926
v -0.0595259 -0.0106849 -0.184752
vn 0.39041 0.873714 0.29018
v -0.0595259 -0.0106617 -0.176542
vn 0.562123 0.629103 0.536886
v -0.0595259 -0.0143528 -0.175227
vn 0.370387 0.0802013 0.925409
v -0.0595259 -0.0178797 -0.176912
vn 0.115609 -0.640439 0.759258
v -0.0595259 -0.0191946 -0.180602
vn 0.769658 -0.638456 0.000662982
v -0.0595259 -0.0165774 -0.185398
vn 0.761597 -0.624967 -0.171423
v -0.0595259 -0.0177197 -0.190725
vn 0.599512 -0.800338 0.00672596
v -0.0595259 -0.015552 -0.193978
vn 0.562459 -0.550673 -0.616765
v -0.0595259 -0.0117229 -0.194761
vn 0.370191 0.0510058 -0.927554
v -0.0595259 -0.00844873 -0.192593
vn 0.115737 0.738984 -0.663707
v -0.0595259 -0.0076644 -0.188764
vn 0.834334 0.547042 0.0680537
v -0.0680009 -0.0117229 -0.172991
vn -0.116339 0.89177 -0.437277
v -0.0680009 -0.0149971 -0.175159
vn -0.37114 0.300558 -0.87859
v -0.0680009 -0.0109397 -0.169139
vn -0.776443 0.579581 0.247431
v -0.0680009 -0.0188261 -0.174374
vn -0.563953 -0.365211 -0.740661
v -0.0680009 -0.0209939 -0.171099
vn -0.625722 -0.751745 -0.208209
v -0.0680009 -0.0195642 -0.167157
vn -0.760086 -0.6497 -0.0126034
v -0.0680009 -0.0141675 -0.164228
vn -0.413234 0.910135 -0.0298531
v -0.0680009 -0.0122304 -0.160445
vn -0.781744 0.617883 0.0842493
v -0.0680009 -0.0224467 -0.161
vn -0.726111 -0.661183 -0.18868
v -0.0680009 -0.013938 -0.156916
vn -0.562283 0.463894 0.684573
v -0.0680009 -0.017627 -0.155602
vn -0.371127 -0.17894 0.911178
v -0.0680009 -0.0211328 -0.15731
vn -0.114323 -0.823441 0.555766
v -0.0595259 -0.0122304 -0.160445
vn 0.733899 0.670348 -0.109661
v -0.0595259 -0.0139591 -0.165104
vn 0.389147 0.874222 0.290347
v -0.0595259 -0.013938 -0.156916
vn 0.562116 0.630607 0.535126
v -0.0595259 -0.017627 -0.155602
vn 0.370611 0.0782415 0.925487
v -0.0595259 -0.0211328 -0.15731
vn 0.114515 -0.644897 0.755642
v -0.0595259 -0.0224467 -0.161
vn 0.769617 -0.638505 0.00110501
v -0.0595259 -0.01984 -0.165785
vn 0.730934 -0.659401 -0.175859
v -0.0595259 -0.0209939 -0.171099
vn 0.625953 -0.779431 0.0258654
v -0.0595259 -0.0188261 -0.174374
vn 0.563275 -0.552155 -0.614692
v -0.0595259 -0.0149971 -0.175159
vn 0.371703 0.0506173 -0.926971
v -0.0595259 -0.0117229 -0.172991
vn 0.116387 0.73991 -0.662561
v -0.0595259 -0.0109397 -0.169139
vn 0.833573 0.548227 0.067846
v -0.0680009 -0.015712 -0.153481
vn -0.115184 0.891812 -0.437497
v -0.0680009 -0.0189651 -0.15565
vn -0.370496 0.301349 -0.878591
v -0.0680009 -0.0149287 -0.149653
vn -0.799347 0.552277 0.236716
v -0.0680009 -0.0228152 -0.154864
vn -0.5617 -0.363225 -0.743344
v -0.0680009 -0.0249829 -0.151613
vn -0.647611 -0.735806 -0.197965
v -0.0680009 -0.0238301 -0.146286
vn -0.760174 -0.649597 -0.012659
v -0.0680009 -0.0181576 -0.144765
vn -0.416699 0.908481 -0.0319954
v -0.0680009 -0.0161973 -0.140936
vn -0.753192 0.651971 0.0873777
v -0.0680009 -0.0264368 -0.141489
vn -0.727498 -0.658338 -0.193232
v -0.0680009 -0.0179039 -0.13743
vn -0.561456 0.463045 0.685825
v -0.0680009 -0.0215929 -0.136116
vn -0.370512 -0.174451 0.912298
v -0.0680009 -0.0251219 -0.1378
vn -0.115559 -0.82154 0.558318
v -0.0595259 -0.0161973 -0.140936
vn 0.732962 0.671118 -0.111207
v -0.0595259 -0.0179386 -0.145641
vn 0.389631 0.874431 0.289064
v -0.0595259 -0.0179039 -0.13743
vn 0.56209 0.62923 0.536773
v -0.0595259 -0.0215929 -0.136116
vn 0.370337 0.080039 0.925443
v -0.0595259 -0.0251219 -0.1378
vn 0.115625 -0.640192 0.759464
v -0.0595259 -0.0264368 -0.141489
vn 0.769679 -0.63843 0.00121508
v -0.0595259 -0.0238301 -0.146286
vn 0.761647 -0.62525 -0.170165
v -0.0595259 -0.0249829 -0.151613
vn 0.599332 -0.800461 0.00793892
v -0.0595259 -0.0228152 -0.154864
vn 0.562522 -0.549769 -0.617514
v -0.0595259 -0.0189651 -0.15565
vn 0.369884 0.0506499 -0.927696
v -0.0595259 -0.015712 -0.153481
vn 0.115156 0.741022 -0.661533
v -0.0595259 -0.0149287 -0.149653
vn 0.83437 0.547036 0.0676697
v -0.0680009 -0.0254672 -0.0961507
vn -0.115973 0.890992 -0.438957
v -0.0680009 -0.0287414 -0.0983185
vn -0.369626 0.300917 -0.879105
v -0.0680009 -0.0246839 -0.0923217
vn -0.776031 0.579825 0.248149
v -0.0680009 -0.0325704 -0.0975352
vn -0.563219 -0.365304 -0.741173
v -0.0680009 -0.0347381 -0.0942589
vn -0.625183 -0.752064 -0.208677
v -0.0680009 -0.0333084 -0.0903393
vn -0.760894 -0.648732 -0.0136565
v -0.0680009 -0.0279128 -0.0874105
vn -0.412755 0.910351 -0.0298973
v -0.0680009 -0.0259746 -0.0836046
vn -0.783369 0.615841 0.0841067
v -0.0680009 -0.0362152 -0.0841594
vn -0.726109 -0.660764 -0.190151
v -0.0680009 -0.0276823 -0.0800998
vn -0.561722 0.465355 0.684042
v -0.0680009 -0.0313713 -0.0787617
vn -0.371953 -0.176183 0.911378
v -0.0680009 -0.0348992 -0.0804693
vn -0.114994 -0.82227 0.557358
v -0.0595259 -0.0259746 -0.0836046
vn 0.733974 0.670274 -0.109614
v -0.0595259 -0.0277054 -0.0882874
vn 0.38938 0.874255 0.289932
v -0.0595259 -0.0276823 -0.0800998
vn 0.56268 0.629548 0.535781
v -0.0595259 -0.0313713 -0.0787617
vn 0.371805 0.0821241 0.924671
v -0.0595259 -0.0348992 -0.0804693
vn 0.114974 -0.642788 0.757367
v -0.0595259 -0.0362152 -0.0841594
vn 0.770104 -0.637918 0.00011013
v -0.0595259 -0.0335853 -0.0889559
vn 0.730919 -0.658989 -0.177457
v -0.0595259 -0.0347381 -0.0942589
vn 0.626362 -0.779104 0.0258564
v -0.0595259 -0.0325704 -0.0975352
vn 0.562459 -0.552613 -0.615028
v -0.0595259 -0.0287414 -0.0983185
vn 0.370202 0.0510083 -0.92755
v -0.0595259 -0.0254672 -0.0961507
vn 0.115767 0.739032 -0.663649
v -0.0595259 -0.0246839 -0.0923217
vn 0.834014 0.54752 0.0681317
v -0.0680009 -0.0318103 -0.0582848
vn -0.115075 0.891767 -0.437618
v -0.0680009 -0.0350613 -0.0604525
vn -0.37056 0.301291 -0.878583
v -0.0680009 -0.0310249 -0.0544558
vn -0.798606 0.553847 0.235544
v -0.0680009 -0.0389114 -0.0596671
vn -0.562451 -0.364377 -0.742212
v -0.0680009 -0.0410802 -0.0563929
vn -0.647012 -0.736229 -0.198349
v -0.0680009 -0.0399389 -0.0510774
vn -0.760713 -0.648956 -0.0130991
v -0.0680009 -0.0342538 -0.0495203
vn -0.418907 0.907463 -0.0320702
v -0.0680009 -0.0322935 -0.0457386
vn -0.752456 0.652854 0.0871308
v -0.0680009 -0.042533 -0.0462692
vn -0.728151 -0.658099 -0.191577
v -0.0680009 -0.0340001 -0.0421865
vn -0.563419 0.462296 0.68472
v -0.0680009 -0.0376891 -0.0408958
vn -0.369412 -0.176432 0.912363
v -0.0680009 -0.0412181 -0.0425803
vn -0.115558 -0.821538 0.558321
v -0.0595259 -0.0322935 -0.0457386
vn 0.73493 0.668949 -0.111286
v -0.0595259 -0.0340349 -0.0503973
vn 0.389594 0.874745 0.288163
v -0.0595259 -0.0340001 -0.0421865
vn 0.562196 0.631372 0.53414
v -0.0595259 -0.0376891 -0.0408958
vn 0.369477 0.0761592 0.926114
v -0.0595259 -0.0412181 -0.0425803
vn 0.115624 -0.64019 0.759465
v -0.0595259 -0.042533 -0.0462692
vn 0.770322 -0.637652 0.00187244
v -0.0595259 -0.0399389 -0.0510774
vn 0.761788 -0.625268 -0.169466
v -0.0595259 -0.0410802 -0.0563929
vn 0.599886 -0.800058 0.0065422
v -0.0595259 -0.0389114 -0.0596671
vn 0.562528 -0.551627 -0.615849
v -0.0595259 -0.0350613 -0.0604525
vn 0.369875 0.0505671 -0.927704
v -0.0595259 -0.0318103 -0.0582848
vn 0.115089 0.741082 -0.661477
v -0.0595259 -0.0310249 -0.0544558
vn 0.834263 0.547253 0.0672205
v -0.0680009 -0.00309841 -0.273539
vn -0.117131 -0.736797 0.66589
v -0.0680009 0.000639012 -0.272385
vn -0.369934 -0.0430762 0.928059
v -0.0680009 -0.00489765 -0.27702
vn -0.798382 -0.597642 -0.073548
v -0.0680009 0.00409744 -0.274185
vn -0.561987 0.554642 0.613631
v -0.0680009 0.00529552 -0.277919
vn -0.647002 0.762389 -0.0123014
v -0.0680009 0.00270144 -0.282717
vn -0.760025 0.627738 -0.16825
v -0.0680009 -0.00316684 -0.282624
vn -0.416542 -0.864409 0.281584
v -0.0680009 -0.00609574 -0.28576
vn -0.753106 -0.650452 0.0987135
v -0.0680009 0.00389005 -0.288044
vn -0.727182 0.686429 0.00464032
v -0.0680009 -0.00545037 -0.28959
vn -0.561316 -0.633411 -0.532649
v -0.0680009 -0.00224461 -0.291871
vn -0.371734 -0.0878604 -0.924172
v -0.0680009 0.00160652 -0.291249
vn -0.116679 0.636691 -0.762241
v -0.0595259 -0.00609574 -0.28576
vn 0.732671 -0.614282 0.293004
v -0.0595259 -0.00313211 -0.281725
vn 0.389212 -0.920514 -0.0341867
v -0.0595259 -0.00545037 -0.28959
vn 0.563263 -0.752826 -0.34057
v -0.0595259 -0.00224461 -0.291871
vn 0.370684 -0.332923 -0.867038
v -0.0595259 0.00160652 -0.291249
vn 0.117063 0.404179 -0.907158
v -0.0595259 0.00389005 -0.288044
vn 0.76878 0.614559 -0.176905
v -0.0595259 0.00270144 -0.282717
vn 0.761549 0.648044 -0.00909538
v -0.0595259 0.00529552 -0.277919
vn 0.599052 0.76708 -0.22962
v -0.0595259 0.00409744 -0.274185
vn 0.561128 0.699816 0.442033
v -0.0595259 0.000639012 -0.272385
vn 0.370327 0.207904 0.905336
v -0.0595259 -0.00309841 -0.273539
vn 0.117216 -0.525891 0.842436
v -0.0595259 -0.00489765 -0.27702
vn 0.833242 -0.54621 0.0858039
v -0.0680009 -0.00508189 -0.291572
vn -0.116702 -0.538811 0.834304
v -0.0680009 -0.00116127 -0.291411
vn -0.369806 0.197257 0.907928
v -0.0680009 -0.00770968 -0.294454
vn -0.776501 -0.623651 0.0900287
v -0.0680009 0.00172129 -0.294063
vn -0.562258 0.695756 0.446978
v -0.0680009 0.00188237 -0.297983
vn -0.624958 0.751359 -0.211868
v -0.0680009 -0.00139185 -0.300611
vn -0.759426 0.562405 -0.327066
v -0.0680009 -0.00752544 -0.300312
vn -0.412765 -0.761851 0.499208
v -0.0680009 -0.0111471 -0.302548
vn -0.782176 -0.570477 0.250512
v -0.0680009 -0.00212984 -0.307392
vn -0.725545 0.663712 -0.181856
v -0.0680009 -0.0115387 -0.306446
vn -0.562389 -0.750703 -0.346647
v -0.0680009 -0.00904779 -0.309467
vn -0.370523 -0.32713 -0.869309
v -0.0680009 -0.00517348 -0.309883
vn -0.11674 0.413826 -0.90284
v -0.0595259 -0.0111471 -0.302548
vn 0.733796 -0.515928 0.441998
v -0.0595259 -0.00724855 -0.299447
vn 0.389267 -0.897061 0.209169
v -0.0595259 -0.0115387 -0.306446
vn 0.562345 -0.816787 -0.128948
v -0.0595259 -0.00904779 -0.309467
vn 0.369919 -0.547452 -0.750637
v -0.0595259 -0.00517348 -0.309883
vn 0.117152 0.150909 -0.981581
v -0.0595259 -0.00212984 -0.307392
vn 0.768854 0.54648 -0.331999
v -0.0595259 -0.00187613 -0.301937
vn 0.730343 0.65545 -0.192312
v -0.0595259 0.00188237 -0.297983
vn 0.624985 0.653221 -0.427428
v -0.0595259 0.00172129 -0.294063
vn 0.561994 0.79107 0.2416
v -0.0595259 -0.00116127 -0.291411
vn 0.370025 0.435681 0.820526
v -0.0595259 -0.00508189 -0.291572
vn 0.116438 -0.290714 0.949699
v -0.0595259 -0.00770968 -0.294454
vn 0.834069 -0.503881 0.224572
v -0.0680009 -0.0118619 -0.308706
vn -0.116099 -0.290667 0.949755
v -0.0680009 -0.00803288 -0.309606
vn -0.368709 0.432808 0.822637
v -0.0680009 -0.0151814 -0.310758
vn -0.798985 -0.551302 0.240186
v -0.0680009 -0.00595781 -0.312927
vn -0.564124 0.789036 0.243281
v -0.0680009 -0.00688007 -0.316755
vn -0.646546 0.647967 -0.402638
v -0.0680009 -0.0115271 -0.319546
vn -0.760801 0.453795 -0.463952
v -0.0680009 -0.0165426 -0.316479
vn -0.417102 -0.601194 0.68161
v -0.0680009 -0.0206475 -0.317677
vn -0.75249 -0.51045 0.416173
v -0.0680009 -0.0132442 -0.324734
vn -0.726939 0.591757 -0.3484
v -0.0680009 -0.0220551 -0.321322
vn -0.562681 -0.816258 -0.130815
v -0.0680009 -0.0204864 -0.324896
vn -0.370532 -0.543325 -0.753329
v -0.0680009 -0.0168427 -0.326303
vn -0.115067 0.156616 -0.980934
v -0.0595259 -0.0206475 -0.317677
vn 0.733239 -0.379522 0.564202
v -0.0595259 -0.0160478 -0.315718
vn 0.389355 -0.81042 0.437746
v -0.0595259 -0.0220551 -0.321322
vn 0.562537 -0.821383 0.0942443
v -0.0595259 -0.0204864 -0.324896
vn 0.370609 -0.727868 -0.576938
v -0.0595259 -0.0168427 -0.326303
vn 0.115286 -0.112817 -0.986905
v -0.0595259 -0.0132442 -0.324734
vn 0.769015 0.43632 -0.467162
v -0.0595259 -0.0115271 -0.319546
vn 0.761369 0.552552 -0.339122
v -0.0595259 -0.00688007 -0.316755
vn 0.600251 0.541857 -0.588294
v -0.0595259 -0.00595781 -0.312927
vn 0.5633 0.826071 0.0173508
v -0.0595259 -0.00803288 -0.309606
vn 0.369262 0.638335 0.675407
v -0.0595259 -0.0118619 -0.308706
vn 0.115753 -0.0227612 0.993017
v -0.0595259 -0.0151814 -0.310758
vn 0.834517 -0.424369 0.351414
v -0.0680009 -0.0227468 -0.323188
vn -0.116603 -0.0353883 0.992548
v -0.0680009 -0.0193094 -0.325057
vn -0.369953 0.634043 0.679061
v -0.0680009 -0.0265052 -0.324318
vn -0.776795 -0.48999 0.395599
v -0.0680009 -0.0181797 -0.328794
vn -0.564013 0.8253 0.0277405
v -0.0680009 -0.0200716 -0.332252
vn -0.62441 0.537181 -0.567053
v -0.0680009 -0.0242217 -0.332851
vn -0.759548 0.316993 -0.56798
v -0.0680009 -0.0293194 -0.329439
vn -0.412177 -0.401029 0.818099
v -0.0680009 -0.0335843 -0.329532
vn -0.781385 -0.361041 0.509007
v -0.0680009 -0.0283276 -0.338294
vn -0.725582 0.476853 -0.496127
v -0.0680009 -0.0359373 -0.332667
vn -0.563098 -0.821793 0.087043
v -0.0680009 -0.0353372 -0.336541
vn -0.369659 -0.723759 -0.582687
v -0.0680009 -0.0322019 -0.338871
vn -0.115999 -0.1067 -0.987502
v -0.0595259 -0.0335843 -0.329532
vn 0.73316 -0.217779 0.644243
v -0.0595259 -0.0286382 -0.32885
vn 0.390085 -0.665131 0.636738
v -0.0595259 -0.0359373 -0.332667
vn 0.563117 -0.766015 0.310032
v -0.0595259 -0.0353372 -0.336541
vn 0.369212 -0.853708 -0.367241
v -0.0595259 -0.0322019 -0.338871
vn 0.116122 -0.370824 -0.921415
v -0.0595259 -0.0283276 -0.338294
vn 0.769462 0.299119 -0.564318
v -0.0595259 -0.0253051 -0.333739
vn 0.729933 0.465232 -0.500757
v -0.0595259 -0.0200716 -0.332252
vn 0.625243 0.344356 -0.70035
v -0.0595259 -0.0181797 -0.328794
vn 0.562556 0.802237 -0.199866
v -0.0595259 -0.0193094 -0.325057
vn 0.370238 0.793097 0.483654
v -0.0595259 -0.0227468 -0.323188
vn 0.116739 0.236561 0.964578
v -0.0595259 -0.0265052 -0.324318
vn 0.833452 -0.318041 0.451894
v -0.0680009 -0.0375975 -0.334604
vn -0.11544 0.237885 0.964409
v -0.0680009 -0.0347855 -0.337326
vn -0.371041 0.79433 0.481008
v -0.0680009 -0.0415181 -0.334651
vn -0.776487 -0.365082 0.513599
v -0.0680009 -0.0347381 -0.341247
vn -0.562658 0.802633 -0.197983
v -0.0680009 -0.0374607 -0.344059
vn -0.625939 0.364417 -0.689493
v -0.0680009 -0.0416108 -0.343506
vn -0.759957 0.149508 -0.632544
v -0.0680009 -0.045623 -0.338848
vn -0.413363 -0.161625 0.896107
v -0.0680009 -0.049751 -0.337741
vn -0.782324 -0.209786 0.58648
v -0.0680009 -0.0470527 -0.347611
vn -0.725882 0.323258 -0.607124
v -0.0680009 -0.052842 -0.340138
vn -0.561889 -0.76855 0.30596
v -0.0680009 -0.0533253 -0.344036
vn -0.369857 -0.854138 -0.365587
v -0.0680009 -0.050927 -0.347126
vn -0.115894 -0.369036 -0.922161
v -0.0595259 -0.049751 -0.337741
vn 0.733565 -0.0321637 0.678858
v -0.0595259 -0.0448155 -0.338456
vn 0.38929 -0.468405 0.793127
v -0.0595259 -0.052842 -0.340138
vn 0.562478 -0.65611 0.503129
v -0.0595259 -0.0533253 -0.344036
vn 0.369363 -0.921348 -0.121195
v -0.0595259 -0.050927 -0.347126
vn 0.115816 -0.605345 -0.787492
v -0.0595259 -0.0470527 -0.347611
vn 0.769941 0.135229 -0.623622
v -0.0595259 -0.0429015 -0.34406
vn 0.730765 0.309804 -0.608279
v -0.0595259 -0.0374607 -0.344059
vn 0.626133 0.140778 -0.766902
v -0.0595259 -0.0347381 -0.341247
vn 0.562916 0.71944 -0.406857
v -0.0595259 -0.0347855 -0.337326
vn 0.370826 0.895423 0.246387
v -0.0595259 -0.0375975 -0.334604
vn 0.115516 0.488961 0.864623
v -0.0595259 -0.0415181 -0.334651
vn 0.833786 -0.182426 0.521077
v -0.0680009 -0.133718 -0.303195
vn -0.116477 0.937106 -0.329038
v -0.0680009 -0.136715 -0.305731
vn -0.371733 0.40117 -0.837184
v -0.0680009 -0.133395 -0.299274
vn -0.777126 0.545093 0.314562
v -0.0680009 -0.140636 -0.30541
vn -0.563885 -0.273906 -0.779108
v -0.0680009 -0.14315 -0.302412
vn -0.626071 -0.722728 -0.292745
v -0.0680009 -0.142204 -0.298329
vn -0.760401 -0.643159 -0.090203
v -0.0680009 -0.137176 -0.294801
vn -0.412725 0.907607 0.0768627
v -0.0680009 -0.1357 -0.290789
vn -0.782077 0.603784 0.154273
v -0.0680009 -0.145802 -0.292541
vn -0.726389 -0.63412 -0.265048
v -0.0680009 -0.1378 -0.287467
vn -0.56408 0.377027 0.734618
v -0.0680009 -0.141604 -0.286636
vn -0.368647 -0.281687 0.885862
v -0.0680009 -0.144925 -0.288713
vn -0.116281 -0.880686 0.459206
v -0.0595259 -0.1357 -0.290789
vn 0.733818 0.678648 -0.0307782
v -0.0595259 -0.136876 -0.295642
vn 0.390272 0.83334 0.39145
v -0.0595259 -0.1378 -0.287467
vn 0.562761 0.564178 0.604155
v -0.0595259 -0.141604 -0.286636
vn 0.369324 -0.0352421 0.928632
v -0.0595259 -0.144925 -0.288713
vn 0.116405 -0.722922 0.681053
v -0.0595259 -0.145802 -0.292541
vn 0.769774 -0.634058 -0.0736065
v -0.0595259 -0.142642 -0.296992
vn 0.730933 -0.633838 -0.252956
v -0.0595259 -0.14315 -0.302412
vn 0.62605 -0.776988 -0.0659589
v -0.0595259 -0.140636 -0.30541
vn 0.56467 -0.475999 -0.67422
v -0.0595259 -0.136715 -0.305731
vn 0.371501 0.159817 -0.914574
v -0.0595259 -0.133718 -0.303195
vn 0.116562 0.812681 -0.570931
v -0.0595259 -0.133395 -0.299274
vn 0.833959 0.535713 0.132379
v -0.0680009 -0.139022 -0.224002
vn -0.11617 0.81028 -0.574414
v -0.0680009 -0.142596 -0.225616
vn -0.370549 0.156149 -0.915593
v -0.0680009 -0.137637 -0.220335
vn -0.776544 0.611622 0.151322
v -0.0680009 -0.146263 -0.224233
vn -0.563176 -0.477789 -0.674203
v -0.0680009 -0.147877 -0.220659
vn -0.625922 -0.775145 -0.0858592
v -0.0680009 -0.145847 -0.216991
vn -0.760502 -0.642907 0.0911418
v -0.0680009 -0.140036 -0.214962
vn -0.41395 0.892921 -0.177025
v -0.0680009 -0.1375 -0.211527
vn -0.782409 0.622494 -0.0183672
v -0.0680009 -0.147693 -0.210442
vn -0.726694 -0.682403 -0.0790108
v -0.0680009 -0.138606 -0.207767
vn -0.564326 0.567038 0.600004
v -0.0680009 -0.142019 -0.205899
vn -0.370614 -0.0255495 0.928436
v -0.0680009 -0.145802 -0.206984
vn -0.117373 -0.721691 0.682191
v -0.0595259 -0.1375 -0.211527
vn 0.733892 0.643491 -0.217533
v -0.0595259 -0.139967 -0.215861
vn 0.389771 0.909434 0.144945
v -0.0595259 -0.138606 -0.207767
vn 0.56328 0.708735 0.424747
v -0.0595259 -0.142019 -0.205899
vn 0.371994 0.22511 0.900526
v -0.0595259 -0.145802 -0.206984
vn 0.117444 -0.507983 0.853323
v -0.0595259 -0.147693 -0.210442
vn 0.769332 -0.630388 0.103634
v -0.0595259 -0.145893 -0.215584
vn 0.731749 -0.678252 -0.0672121
v -0.0595259 -0.147877 -0.220659
vn 0.626202 -0.765276 0.149078
v -0.0595259 -0.146263 -0.224233
vn 0.563079 -0.642758 -0.519426
v -0.0595259 -0.142596 -0.225616
vn 0.37063 -0.0976142 -0.923637
v -0.0595259 -0.139022 -0.224002
vn 0.116145 0.624237 -0.772553
v -0.0595259 -0.137637 -0.220335
vn 0.834063 0.551288 -0.0204961
v -0.0680009 -0.139022 -0.244019
vn -0.115643 0.808887 -0.576479
v -0.0680009 -0.142596 -0.245634
vn -0.369097 0.156333 -0.916148
v -0.0680009 -0.137637 -0.240377
vn -0.776951 0.61098 0.151825
v -0.0680009 -0.146263 -0.24425
vn -0.56163 -0.477285 -0.675848
v -0.0680009 -0.147877 -0.2407
vn -0.626727 -0.77448 -0.0859946
v -0.0680009 -0.145847 -0.23701
vn -0.759971 -0.643562 0.0909529
v -0.0680009 -0.140036 -0.235026
vn -0.41369 0.893066 -0.176897
v -0.0680009 -0.1375 -0.231568
vn -0.782257 0.622686 -0.0183306
v -0.0680009 -0.147693 -0.230459
vn -0.7266 -0.68249 -0.0791252
v -0.0680009 -0.138606 -0.227807
vn -0.563714 0.567283 0.600347
v -0.0680009 -0.142019 -0.22594
vn -0.369112 -0.0254797 0.929036
v -0.0680009 -0.145802 -0.227024
vn -0.116833 -0.719711 0.684373
v -0.0595259 -0.1375 -0.231568
vn 0.733355 0.644245 -0.217114
v -0.0595259 -0.139967 -0.235914
vn 0.390339 0.909159 0.145138
v -0.0595259 -0.138606 -0.227807
vn 0.562611 0.709147 0.424947
v -0.0595259 -0.142019 -0.22594
vn 0.370495 0.22517 0.901128
v -0.0595259 -0.145802 -0.227024
vn 0.116678 -0.506343 0.854402
v -0.0595259 -0.147693 -0.230459
vn 0.76992 -0.629626 0.103899
v -0.0595259 -0.145893 -0.235602
vn 0.731682 -0.678334 -0.0671148
v -0.0595259 -0.147877 -0.2407
vn 0.625513 -0.765866 0.148938
v -0.0595259 -0.146263 -0.24425
vn 0.562377 -0.641713 -0.521476
v -0.0595259 -0.142596 -0.245634
vn 0.36918 -0.097763 -0.924202
v -0.0595259 -0.139022 -0.244019
vn 0.115361 0.623081 -0.773603
v -0.0595259 -0.137637 -0.240377
vn 0.834803 0.550165 -0.0205588
v -0.0680009 -0.139022 -0.182262
vn -0.116192 0.810343 -0.574321
v -0.0680009 -0.142596 -0.183876
vn -0.370666 0.156055 -0.915562
v -0.0680009 -0.137637 -0.178594
vn -0.777104 0.610833 0.151634
v -0.0680009 -0.146263 -0.182492
vn -0.563189 -0.477889 -0.674122
v -0.0680009 -0.147877 -0.178917
vn -0.625884 -0.775174 -0.085879
v -0.0680009 -0.145847 -0.175252
vn -0.760162 -0.6433 0.09121
v -0.0680009 -0.140036 -0.173244
vn -0.413646 0.892997 -0.177353
v -0.0680009 -0.1375 -0.169809
vn -0.782406 0.622497 -0.0183673
v -0.0680009 -0.147693 -0.168702
vn -0.726576 -0.682514 -0.0791281
v -0.0680009 -0.138606 -0.166049
vn -0.563703 0.567162 0.600472
v -0.0680009 -0.142019 -0.164182
vn -0.369166 -0.0252125 0.929021
v -0.0680009 -0.145802 -0.165265
vn -0.116943 -0.719791 0.684269
v -0.0595259 -0.1375 -0.169809
vn 0.733864 0.643521 -0.217543
v -0.0595259 -0.139967 -0.174143
vn 0.389973 0.909275 0.145395
v -0.0595259 -0.138606 -0.166049
vn 0.562618 0.70908 0.425049
v -0.0595259 -0.142019 -0.164182
vn 0.370546 0.225165 0.901108
v -0.0595259 -0.145802 -0.165265
vn 0.116815 -0.506195 0.854471
v -0.0595259 -0.147693 -0.168702
vn 0.769816 -0.629754 0.103892
v -0.0595259 -0.145893 -0.173844
vn 0.731338 -0.678691 -0.0672554
v -0.0595259 -0.147877 -0.178917
vn 0.626239 -0.765239 0.149109
v -0.0595259 -0.146263 -0.182492
vn 0.563106 -0.642775 -0.519376
v -0.0595259 -0.142596 -0.183876
vn 0.370735 -0.0977858 -0.923576
v -0.0595259 -0.139022 -0.182262
vn 0.116178 0.624293 -0.772503
v -0.0595259 -0.137637 -0.178594
vn 0.834202 0.551077 -0.0205248
v -0.0680009 -0.139022 -0.203132
vn -0.116146 0.810314 -0.574371
v -0.0680009 -0.142596 -0.204747
vn -0.37061 0.156229 -0.915555
v -0.0680009 -0.137637 -0.199465
vn -0.777534 0.610311 0.151528
v -0.0680009 -0.146263 -0.203362
vn -0.563188 -0.47789 -0.674122
v -0.0680009 -0.147877 -0.199788
vn -0.626316 -0.774849 -0.0856513
v -0.0680009 -0.145847 -0.196098
vn -0.760231 -0.643248 0.090996
v -0.0680009 -0.140036 -0.194115
vn -0.413385 0.893235 -0.176761
v -0.0680009 -0.1375 -0.190656
vn -0.782915 0.621857 -0.0183873
v -0.0680009 -0.147693 -0.18955
vn -0.726305 -0.682791 -0.0792318
v -0.0680009 -0.138606 -0.18692
vn -0.562504 0.568648 0.600191
v -0.0680009 -0.142019 -0.18503
vn -0.369095 -0.0273462 0.928989
v -0.0680009 -0.145802 -0.186136
vn -0.11568 -0.718857 0.685465
v -0.0595259 -0.1375 -0.190656
vn 0.733385 0.644149 -0.217299
v -0.0595259 -0.139967 -0.195015
vn 0.390328 0.909164 0.145139
v -0.0595259 -0.138606 -0.18692
vn 0.562678 0.708581 0.4258
v -0.0595259 -0.142019 -0.18503
vn 0.370338 0.226953 0.900745
v -0.0595259 -0.145802 -0.186136
vn 0.115243 -0.507904 0.85367
v -0.0595259 -0.147693 -0.18955
vn 0.77044 -0.62896 0.10408
v -0.0595259 -0.145893 -0.194703
vn 0.731731 -0.67828 -0.0671263
v -0.0595259 -0.147877 -0.199788
vn 0.625811 -0.765657 0.148758
v -0.0595259 -0.146263 -0.203362
vn 0.563105 -0.642776 -0.519376
v -0.0595259 -0.142596 -0.204747
vn 0.370692 -0.0977009 -0.923603
v -0.0595259 -0.139022 -0.203132
vn 0.116116 0.624353 -0.772464
v -0.0595259 -0.137637 -0.199465
vn 0.8344 0.550777 -0.0205191
v -0.0680009 -0.139022 -0.284931
vn -0.11617 0.810281 -0.574412
v -0.0680009 -0.142596 -0.286545
vn -0.370551 0.156148 -0.915593
v -0.0680009 -0.137637 -0.281264
vn -0.776544 0.611622 0.151322
v -0.0680009 -0.146263 -0.285161
vn -0.563176 -0.477791 -0.674202
v -0.0680009 -0.147877 -0.281587
vn -0.625921 -0.775146 -0.0858593
v -0.0680009 -0.145847 -0.277919
vn -0.760169 -0.643292 0.0912026
v -0.0680009 -0.140036 -0.275891
vn -0.414197 0.892696 -0.177577
v -0.0680009 -0.1375 -0.272477
vn -0.78188 0.623158 -0.0183498
v -0.0680009 -0.147693 -0.271371
vn -0.727067 -0.682011 -0.0789543
v -0.0680009 -0.138606 -0.268696
vn -0.56501 0.567597 0.59883
v -0.0680009 -0.142019 -0.266827
vn -0.370665 -0.0253739 0.92842
v -0.0680009 -0.145802 -0.267911
vn -0.117427 -0.72173 0.682142
v -0.0595259 -0.1375 -0.272477
vn 0.734596 0.642644 -0.217664
v -0.0595259 -0.139967 -0.27679
vn 0.389441 0.909536 0.145188
v -0.0595259 -0.138606 -0.268696
vn 0.563168 0.709678 0.423319
v -0.0595259 -0.142019 -0.266827
vn 0.372036 0.225189 0.900488
v -0.0595259 -0.145802 -0.267911
vn 0.117511 -0.507909 0.853358
v -0.0595259 -0.147693 -0.271371
vn 0.7697 -0.629955 0.103536
v -0.0595259 -0.145893 -0.276514
vn 0.73137 -0.678657 -0.0672521
v -0.0595259 -0.147877 -0.281587
vn 0.626195 -0.765279 0.149091
v -0.0595259 -0.146263 -0.285161
vn 0.563079 -0.642759 -0.519425
v -0.0595259 -0.142596 -0.286545
vn 0.370632 -0.0976168 -0.923636
v -0.0595259 -0.139022 -0.284931
vn 0.116145 0.624238 -0.772552
v -0.0595259 -0.137637 -0.281264
vn 0.834049 0.551309 -0.0204968
v -0.0680009 -0.0926219 -0.340162
vn -0.115977 0.873261 0.473249
v -0.0680009 -0.0927609 -0.344059
vn -0.37032 0.889815 -0.266631
v -0.0680009 -0.0952971 -0.337302
vn -0.776128 0.13409 0.616153
v -0.0680009 -0.0956203 -0.346734
vn -0.561728 0.394867 -0.727008
v -0.0680009 -0.0995409 -0.34662
vn -0.625409 -0.263534 -0.734448
v -0.0680009 -0.101916 -0.343183
vn -0.760299 -0.36616 -0.536538
v -0.0680009 -0.101155 -0.337095
vn -0.41344 0.554281 0.722385
v -0.0680009 -0.103115 -0.33329
vn -0.782853 0.292294 0.549277
v -0.0680009 -0.108627 -0.341938
vn -0.726077 -0.231585 -0.647441
v -0.0680009 -0.106966 -0.332622
vn -0.561662 -0.289606 0.775025
v -0.0680009 -0.110195 -0.334882
vn -0.371792 -0.84319 0.388331
v -0.0680009 -0.110864 -0.338709
vn -0.114585 -0.93167 -0.344763
v -0.0595259 -0.103115 -0.33329
vn 0.734051 0.480163 0.480221
v -0.0595259 -0.100324 -0.337418
vn 0.389396 0.271559 0.880129
v -0.0595259 -0.106966 -0.332622
vn 0.56289 -0.0695659 0.823599
v -0.0595259 -0.110195 -0.334882
vn 0.370018 -0.706568 0.603198
v -0.0595259 -0.110864 -0.338709
vn 0.115066 -0.989977 -0.0818835
v -0.0595259 -0.108627 -0.341938
vn 0.769703 -0.372848 -0.51821
v -0.0595259 -0.103196 -0.342606
vn 0.730757 -0.239821 -0.639125
v -0.0595259 -0.0995409 -0.34662
vn 0.626167 -0.471838 -0.620712
v -0.0595259 -0.0956203 -0.346734
vn 0.56148 0.184372 -0.806689
v -0.0595259 -0.0927609 -0.344059
vn 0.369827 0.784889 -0.497169
v -0.0595259 -0.0926219 -0.340162
vn 0.116154 0.969006 0.218028
v -0.0595259 -0.0952971 -0.337302
vn 0.833509 0.262493 0.486169
v -0.0680009 -0.0555624 -0.341684
vn -0.11522 0.496974 0.860082
v -0.0680009 -0.0536253 -0.345074
vn -0.369699 0.897365 0.240954
v -0.0680009 -0.059322 -0.340647
vn -0.775739 -0.206433 0.596335
v -0.0680009 -0.0546634 -0.348857
vn -0.561983 0.716235 -0.413743
v -0.0680009 -0.0580765 -0.350794
vn -0.624951 0.155557 -0.765009
v -0.0680009 -0.0619055 -0.349086
vn -0.759794 -0.0330086 -0.649325
v -0.0680009 -0.0644417 -0.343506
vn -0.411669 0.0972051 0.906134
v -0.0680009 -0.0681076 -0.341292
vn -0.782587 -0.0393924 0.621293
v -0.0680009 -0.0682697 -0.351532
vn -0.725906 0.141575 -0.673066
v -0.0680009 -0.0717292 -0.342745
vn -0.561237 -0.652104 0.50968
v -0.0680009 -0.0732979 -0.346343
vn -0.371478 -0.92193 -0.109769
v -0.0680009 -0.0718682 -0.349964
vn -0.115421 -0.612503 -0.781996
v -0.0595259 -0.0681076 -0.341292
vn 0.732978 0.158605 0.661504
v -0.0595259 -0.0635658 -0.343367
vn 0.389389 -0.225112 0.893141
v -0.0595259 -0.0717292 -0.342745
vn 0.562076 -0.491122 0.665485
v -0.0595259 -0.0732979 -0.346343
vn 0.370507 -0.917466 0.144844
v -0.0595259 -0.0718682 -0.349964
vn 0.115773 -0.801131 -0.587184
v -0.0595259 -0.0682697 -0.351532
vn 0.769065 -0.0458891 -0.637521
v -0.0595259 -0.0633121 -0.349272
vn 0.730407 0.128968 -0.670726
v -0.0595259 -0.0580765 -0.350794
vn 0.62519 -0.0804345 -0.776317
v -0.0595259 -0.0546634 -0.348857
vn 0.561907 0.577051 -0.592682
v -0.0595259 -0.0536253 -0.345074
vn 0.369133 0.929302 -0.0117877
v -0.0595259 -0.0555624 -0.341684
vn 0.11517 0.71068 0.694024
v -0.0595259 -0.059322 -0.340647
vn 0.833982 -0.0302776 0.550961
v -0.0680009 -0.123802 -0.319062
vn -0.115676 0.991139 -0.0652909
v -0.0680009 -0.125992 -0.322289
vn -0.368913 0.612739 -0.698895
v -0.0680009 -0.124539 -0.315234
vn -0.775021 0.441615 0.452017
v -0.0680009 -0.129844 -0.323052
vn -0.561218 -0.0504506 -0.826129
v -0.0680009 -0.133071 -0.32086
vn -0.625641 -0.616144 -0.478476
v -0.0680009 -0.133279 -0.316663
vn -0.759567 -0.59577 -0.26099
v -0.0680009 -0.129428 -0.311912
vn -0.41289 0.85294 0.319397
v -0.0680009 -0.129059 -0.307669
vn -0.780909 0.542026 0.310466
v -0.0680009 -0.138284 -0.312074
vn -0.726081 -0.538465 -0.427623
v -0.0680009 -0.131965 -0.305039
vn -0.562281 0.163429 0.810636
v -0.0680009 -0.135886 -0.305271
vn -0.369497 -0.510999 0.776113
v -0.0680009 -0.138514 -0.308177
vn -0.117156 -0.973342 0.197179
v -0.0595259 -0.129059 -0.307669
vn 0.733146 0.662935 0.151706
v -0.0595259 -0.128887 -0.312638
vn 0.387368 0.697467 0.602899
v -0.0595259 -0.131965 -0.305039
vn 0.562596 0.379483 0.734492
v -0.0595259 -0.135886 -0.305271
vn 0.369216 -0.284661 0.884674
v -0.0595259 -0.138514 -0.308177
vn 0.116996 -0.881923 0.456645
v -0.0595259 -0.138284 -0.312074
vn 0.769841 -0.588878 -0.246105
v -0.0595259 -0.134052 -0.315509
vn 0.730929 -0.542314 -0.414291
v -0.0595259 -0.133071 -0.32086
vn 0.624679 -0.730887 -0.274918
v -0.0595259 -0.129844 -0.323052
vn 0.562126 -0.274175 -0.780283
v -0.0595259 -0.125992 -0.322289
vn 0.368146 0.402587 -0.838088
v -0.0595259 -0.123802 -0.319062
vn 0.115644 0.936227 -0.331821
v -0.0595259 -0.124539 -0.315234
vn 0.833548 0.480379 0.272825
v -0.0680009 -0.13999 -0.265306
vn -0.116145 0.791842 -0.599581
v -0.0680009 -0.143611 -0.266804
vn -0.369438 0.128894 -0.920273
v -0.0680009 -0.138491 -0.261684
vn -0.799374 0.58729 0.126851
v -0.0680009 -0.147232 -0.265329
vn -0.564187 -0.497291 -0.659087
v -0.0680009 -0.148731 -0.261684
vn -0.64674 -0.760877 -0.0528447
v -0.0680009 -0.146586 -0.25668
vn -0.759758 -0.640525 0.111784
v -0.0680009 -0.140728 -0.256265
vn -0.417077 0.886154 -0.201934
v -0.0680009 -0.1381 -0.252898
vn -0.751641 0.658256 -0.0416557
v -0.0680009 -0.148223 -0.251492
vn -0.727505 -0.683106 -0.0640482
v -0.0680009 -0.139068 -0.249117
vn -0.562229 0.584844 0.584684
v -0.0680009 -0.142457 -0.247133
vn -0.371172 0.00392689 0.928556
v -0.0680009 -0.14624 -0.248102
vn -0.116584 -0.702238 0.702332
v -0.0595259 -0.1381 -0.252898
vn 0.732542 0.638069 -0.237171
v -0.0595259 -0.140682 -0.257164
vn 0.38927 0.913446 0.118683
v -0.0595259 -0.139068 -0.249117
vn 0.563096 0.721678 0.402621
v -0.0595259 -0.142457 -0.247133
vn 0.370486 0.253689 0.893522
v -0.0595259 -0.14624 -0.248102
vn 0.116842 -0.483858 0.867311
v -0.0595259 -0.148223 -0.251492
vn 0.768859 -0.627637 0.122181
v -0.0595259 -0.146586 -0.25668
vn 0.76143 -0.646505 -0.0474846
v -0.0595259 -0.148731 -0.261684
vn 0.599937 -0.783849 0.160179
v -0.0595259 -0.147232 -0.265329
vn 0.562997 -0.659518 -0.498066
v -0.0595259 -0.143611 -0.266804
vn 0.369712 -0.123096 -0.920956
v -0.0595259 -0.13999 -0.265306
vn 0.116161 0.599564 -0.791852
v -0.0595259 -0.138491 -0.261684
vn 0.834165 0.550221 -0.037771
v -0.0680009 -0.0287646 -0.0771952
vn -0.116032 0.89344 -0.433937
v -0.0680009 -0.0320177 -0.0793607
vn -0.370733 0.300997 -0.878611
v -0.0680009 -0.0280055 -0.0733661
vn -0.776138 0.58009 0.247193
v -0.0680009 -0.0358678 -0.0785775
vn -0.56106 -0.363847 -0.743523
v -0.0680009 -0.0380123 -0.0753264
vn -0.624561 -0.752818 -0.207819
v -0.0680009 -0.0366068 -0.0713827
vn -0.759478 -0.650369 -0.014622
v -0.0680009 -0.0312092 -0.068478
vn -0.412842 0.910287 -0.0306577
v -0.0680009 -0.029272 -0.064649
vn -0.782039 0.617908 0.0812651
v -0.0680009 -0.0394894 -0.0652017
vn -0.726145 -0.66127 -0.188243
v -0.0680009 -0.0309565 -0.06112
vn -0.562989 0.464361 0.683676
v -0.0680009 -0.0346465 -0.0598061
vn -0.370798 -0.177862 0.911523
v -0.0680009 -0.0381755 -0.0615117
vn -0.115137 -0.82233 0.55724
v -0.0595259 -0.029272 -0.064649
vn 0.732793 0.671531 -0.10982
v -0.0595259 -0.0309902 -0.0693423
vn 0.389857 0.874863 0.287448
v -0.0595259 -0.0309565 -0.06112
vn 0.563236 0.631708 0.532645
v -0.0595259 -0.0346465 -0.0598061
vn 0.370877 0.0782297 0.925381
v -0.0595259 -0.0381755 -0.0615117
vn 0.115109 -0.64256 0.75754
v -0.0595259 -0.0394894 -0.0652017
vn 0.769878 -0.63819 0.00110342
v -0.0595259 -0.0368827 -0.0699982
vn 0.730475 -0.659765 -0.1764
v -0.0595259 -0.0380123 -0.0753264
vn 0.624065 -0.780993 0.0243585
v -0.0595259 -0.0358678 -0.0785775
vn 0.562352 -0.551493 -0.616129
v -0.0595259 -0.0320177 -0.0793607
vn 0.370079 0.0507331 -0.927614
v -0.0595259 -0.0287646 -0.0771952
vn 0.115982 0.741831 -0.66048
v -0.0595259 -0.0280055 -0.0733661
vn 0.833533 0.548168 0.0688167
v 0.0636913 -0.0281666 -0.279185
vn 0.999831 0.018288 0.00162249
v 0.0636913 -0.0273001 -0.281579
vn 0.999573 0.0274773 0.00994456
v 0.0588737 -0.0273001 -0.281579
vn -0.994183 0.101279 0.0366547
v -0.0407398 -0.0273001 -0.281579
vn -0.988608 0.141531 0.0512229
v -0.0407398 -0.0281666 -0.279185
vn -0.99969 0.0242435 -0.00558272
v -0.0359222 -0.0281666 -0.279185
vn 0.999831 0.018288 0.00162249
v 0.0636913 -0.0272043 -0.275286
vn 0.97488 0.179306 -0.132133
v 0.0588737 -0.0281666 -0.279185
vn -0.99969 0.0242435 -0.00558272
v -0.0407398 -0.0256378 -0.27408
vn -0.997286 0.0254498 -0.0690936
v -0.0359222 -0.0272043 -0.275286
vn 0.97488 0.179306 -0.132133
v 0.0636913 -0.02345 -0.274458
vn 0.987692 -0.0665064 -0.141571
v 0.0588737 -0.0256378 -0.27408
vn -0.997774 0.0230482 -0.0625736
v -0.0407398 -0.0217056 -0.276251
vn -0.984148 -0.131969 -0.11848
v -0.0359222 -0.02345 -0.274458
vn 0.987692 -0.0665064 -0.141571
v 0.0636913 -0.0213834 -0.277697
vn 0.999952 -0.00874705 -0.00436051
v 0.0588737 -0.0217056 -0.276251
vn -0.984148 -0.131969 -0.11848
v -0.0407398 -0.021296 -0.277978
vn -0.999994 -0.00331759 -0.000786423
v -0.0359222 -0.0213834 -0.277697
vn 0.999781 -0.0187352 -0.00933975
v -0.0407398 -0.0444733 -0.237709
vn -0.999926 -0.0111954 0.00474245
v -0.0407398 -0.050269 -0.238647
vn -0.99968 0.0119407 0.022321
v -0.0359222 -0.0453093 -0.239157
vn 0.9999 -0.00720957 0.0121346
v 0.0636913 -0.0495499 -0.239574
vn 0.999013 0.0199144 0.039711
v 0.0636913 -0.0453093 -0.239157
vn 0.999904 -0.00709299 0.0119384
v 0.0588737 -0.050269 -0.238647
vn -0.99968 0.0119407 0.022321
v 0.0636913 -0.0527557 -0.235423
vn 0.999861 0.0164093 0.00301205
v -0.0407398 -0.0515155 -0.233692
vn -0.999339 0.027529 -0.0237295
v -0.0359222 -0.0527557 -0.235423
vn 0.999861 0.0164093 0.00301205
v 0.0636913 -0.0504427 -0.232874
vn 0.969649 0.0135487 -0.244124
v 0.0588737 -0.0515155 -0.233692
vn -0.999339 0.027529 -0.0237295
v -0.0407398 -0.0462305 -0.233827
vn -0.99643 -0.0360815 -0.0763281
v -0.0359222 -0.0504427 -0.232874
vn 0.969649 0.0135487 -0.244124
v 0.0636913 -0.0453693 -0.234585
vn 0.996896 -0.0651669 -0.0441758
v 0.0588737 -0.0462305 -0.233827
vn -0.99643 -0.0360815 -0.0763281
v -0.0359222 -0.0453693 -0.234585
vn 0.996896 -0.0651669 -0.0441758
v 0.0588737 -0.0444733 -0.237709
vn -0.999926 -0.0111954 0.00474245
v 0.0636913 -0.0935516 -0.237104
vn 0.999878 -0.0112208 0.0108631
v 0.0636913 -0.0931346 -0.233226
vn 0.986102 -0.102692 -0.130605
v 0.0588737 -0.0925367 -0.234864
vn -0.999927 -0.0119242 0.00212369
v -0.0407398 -0.0925367 -0.234864
vn -0.999927 -0.0119242 0.00212369
v -0.0407398 -0.0966899 -0.238875
vn -0.99987 -0.00342683 0.0157856
v -0.0359222 -0.0935516 -0.237104
vn 0.999878 -0.0112208 0.0108631
v 0.0636913 -0.0987955 -0.239352
vn 0.99989 0.00513675 0.0139074
v 0.0588737 -0.0966899 -0.238875
vn -0.99987 -0.00342683 0.0157856
v -0.0407398 -0.100455 -0.235474
vn -0.999944 0.0104597 -0.0013824
v -0.0359222 -0.0987955 -0.239352
vn 0.99989 0.00513675 0.0139074
v 0.0636913 -0.101117 -0.236321
vn 0.999986 0.00526299 -0.000186043
v 0.0588737 -0.100455 -0.235474
vn -0.999944 0.0104597 -0.0013824
v 0.0636913 -0.0985871 -0.233455
vn 0.994639 0.0438025 -0.0936689
v -0.0407398 -0.0952645 -0.232409
vn -0.996021 0.00558162 -0.0889415
v -0.0359222 -0.0985871 -0.233455
vn 0.994639 0.0438025 -0.0936689
v 0.0588737 -0.0952645 -0.232409
vn -0.996021 0.00558162 -0.0889415
v -0.0359222 -0.0931346 -0.233226
vn 0.986102 -0.102692 -0.130605
v 0.0636913 -0.118783 -0.274679
vn -0.535996 -0.731718 -0.421067
v 0.0636913 -0.123203 -0.274329
vn -0.593689 0.639358 -0.488626
v 0.0588737 -0.119674 -0.274329
vn 0.593689 -0.639358 -0.488626
v 0.0636913 -0.119674 -0.280462
vn -0.593689 -0.639358 0.488626
v -0.0407398 -0.119674 -0.274329
vn 0.593689 -0.639358 -0.488626
v -0.0407398 -0.118783 -0.280112
vn 0.535996 -0.731718 0.421067
v -0.0359222 -0.119674 -0.280462
vn -0.593689 -0.639358 0.488626
v -0.0407398 -0.123203 -0.280462
vn 0.593689 0.639358 0.488626
v 0.0636913 -0.124093 -0.280112
vn -0.535996 0.731718 0.421067
v 0.0588737 -0.123203 -0.280462
vn 0.593689 0.639358 0.488626
v -0.0407398 -0.124093 -0.274679
vn 0.535996 0.731718 -0.421067
v -0.0359222 -0.123203 -0.274329
vn -0.593689 0.639358 -0.488626
v -0.0407398 -0.101697 -0.318268
vn 0.517993 0.633754 -0.57449
v -0.0407398 -0.0959014 -0.31733
vn 0.602541 -0.485763 -0.633229
v -0.0359222 -0.0986629 -0.316398
vn -0.635801 -0.0378241 -0.770926
v 0.0636913 -0.0942675 -0.321156
vn -0.586047 -0.807246 -0.0700128
v 0.0636913 -0.0986629 -0.316398
vn -0.635801 -0.0378241 -0.770926
v 0.0588737 -0.0959014 -0.31733
vn 0.602541 -0.485763 -0.633229
v -0.0407398 -0.0946549 -0.322284
vn 0.469079 -0.523147 0.711535
v -0.0359222 -0.0942675 -0.321156
vn -0.586047 -0.807246 -0.0700128
v 0.0636913 -0.0989303 -0.322733
vn -0.636995 0.10262 0.764007
v 0.0588737 -0.0946549 -0.322284
vn 0.469079 -0.523147 0.711535
v -0.0407398 -0.0999389 -0.322149
vn 0.677295 0.430188 0.596833
v -0.0359222 -0.0989303 -0.322733
vn -0.636995 0.10262 0.764007
v 0.0636913 -0.101861 -0.319561
vn -0.39848 0.907566 0.132431
v 0.0588737 -0.0999389 -0.322149
vn 0.677295 0.430188 0.596833
v -0.0359222 -0.101861 -0.319561
vn -0.39848 0.907566 0.132431
v 0.0588737 -0.101697 -0.318268
vn 0.517993 0.633754 -0.57449
v 0.0636913 -0.0505764 -0.316995
vn 0.996604 0.0558807 -0.0604825
v 0.0636913 -0.0529305 -0.321748
vn 0.999968 0.00690378 0.00409095
v 0.0588737 -0.0537822 -0.321146
vn -0.99996 0.00865743 -0.0020513
v -0.0407398 -0.0537822 -0.321146
vn -0.99996 0.00865743 -0.0020513
v -0.0407398 -0.0505764 -0.316995
vn -0.994943 0.0176173 -0.0988854
v -0.0359222 -0.0505764 -0.316995
vn 0.997227 0.0433601 -0.0604837
v 0.0636913 -0.0464915 -0.316989
vn 0.997838 -0.0232027 -0.0614824
v 0.0588737 -0.0505764 -0.316995
vn -0.994977 0.0308813 -0.0952175
v -0.0407398 -0.0463368 -0.317413
vn -0.999934 -0.00876128 -0.00743246
v -0.0359222 -0.0459136 -0.318571
vn 0.999715 -0.020669 -0.0119774
v 0.0636913 -0.0453366 -0.320154
vn 0.999644 -0.0263534 0.00414946
v 0.0588737 -0.0463368 -0.317413
vn -0.999853 -0.0142953 -0.00946491
v -0.0407398 -0.0462894 -0.322048
vn -0.959588 -0.237612 0.150771
v 0.0636913 -0.0482666 -0.323325
vn 0.996661 -0.020171 0.0791152
v 0.0588737 -0.0462894 -0.322048
vn -0.962923 -0.210235 0.169056
v -0.0407398 -0.0509059 -0.323567
vn -0.996398 0.016946 0.0830889
v -0.0359222 -0.0482666 -0.323325
vn 0.996924 -0.0293381 0.072671
v 0.0588737 -0.0509059 -0.323567
vn -0.996398 0.016946 0.0830889
v -0.0359222 -0.0529305 -0.321748
vn 0.999968 0.00690378 0.00409095
v 0.0636913 -0.0278423 -0.225817
vn 0.995785 0.020682 0.0893565
v 0.0636913 -0.018305 -0.219944
vn 0.996901 -0.0468855 -0.0631647
v 0.0588737 -0.018305 -0.219944
vn -0.999302 -0.0351914 -0.0125503
v -0.0407398 -0.018305 -0.219944
vn -0.999302 -0.0351914 -0.0125503
v -0.0407398 -0.0278423 -0.225817
vn -0.990075 0.0837636 0.112847
v -0.0359222 -0.0278423 -0.225817
vn 0.995785 0.020682 0.0893565
v 0.0636913 -0.0468032 -0.205267
vn 0.990895 0.126813 0.0452251
v 0.0588737 -0.0468032 -0.205267
vn -0.983199 -0.0411605 -0.177834
v -0.0407398 -0.0468032 -0.205267
vn -0.983199 -0.0411605 -0.177834
v -0.0359222 -0.018305 -0.219944
vn 0.996901 -0.0468855 -0.0631647
v 0.0588737 -0.0278423 -0.225817
vn -0.990075 0.0837636 0.112847
v -0.0359222 -0.0468032 -0.205267
vn 0.990895 0.126813 0.0452251
v 0.0636913 -0.0956456 -0.212723
vn 0.989951 -0.10337 0.0965023
v 0.0636913 -0.0959625 -0.201524
vn 0.926636 0.149384 -0.345008
v 0.0588737 -0.0959625 -0.201524
vn -0.981957 -0.0340773 -0.186007
v -0.0407398 -0.0959625 -0.201524
vn -0.981957 -0.0340773 -0.186007
v -0.0407398 -0.0956456 -0.212723
vn -0.98012 -0.0788351 0.182073
v -0.0359222 -0.0956456 -0.212723
vn 0.989951 -0.10337 0.0965023
v 0.0636913 -0.122924 -0.218866
vn 0.999301 0.00673496 0.036762
v 0.0588737 -0.122924 -0.218866
vn -0.998691 0.0373924 -0.0349083
v -0.0407398 -0.122924 -0.218866
vn -0.998691 0.0373924 -0.0349083
v -0.0359222 -0.0959625 -0.201524
vn 0.926636 0.149384 -0.345008
v 0.0588737 -0.0956456 -0.212723
vn -0.98012 -0.0788351 0.182073
v -0.0359222 -0.122924 -0.218866
vn 0.999301 0.00673496 0.036762
v 0.0636913 -0.140887 -0.264893
vn -0.852985 -0.499216 -0.152313
v 0.0636913 -0.150744 -0.259568
vn -0.733632 0.675062 -0.0779495
v 0.0588737 -0.150744 -0.259568
vn 0.915437 0.306586 -0.260732
v -0.0407398 -0.150744 -0.259568
vn 0.915437 0.306586 -0.260732
v -0.0407398 -0.140887 -0.264893
vn 0.733632 -0.675062 0.0779495
v -0.0359222 -0.140887 -0.264893
vn -0.852985 -0.499216 -0.152313
v 0.0636913 -0.149206 -0.291589
vn -0.915437 -0.306586 0.260732
v 0.0588737 -0.149206 -0.291589
vn 0.852985 0.499216 0.152313
v -0.0407398 -0.149206 -0.291589
vn 0.852985 0.499216 0.152313
v -0.0359222 -0.150744 -0.259568
vn -0.733632 0.675062 -0.0779495
v 0.0588737 -0.140887 -0.264893
vn 0.733632 -0.675062 0.0779495
v -0.0359222 -0.149206 -0.291589
vn -0.915437 -0.306586 0.260732
v 0.0636913 -0.118327 -0.330159
vn 0.999474 -0.00731154 -0.0315922
v 0.0636913 -0.127866 -0.336033
vn 0.997133 0.0450969 0.060755
v 0.0588737 -0.127866 -0.336033
vn -0.999722 0.0221933 0.0079121
v -0.0407398 -0.127866 -0.336033
vn -0.999722 0.0221933 0.0079121
v -0.0407398 -0.118327 -0.330159
vn -0.998839 -0.0287078 -0.0386755
v -0.0359222 -0.118327 -0.330159
vn 0.999474 -0.00731154 -0.0315922
v 0.0636913 -0.0993672 -0.35071
vn 0.999761 -0.0206053 -0.00734597
v 0.0588737 -0.0993672 -0.35071
vn -0.999571 0.00660395 0.0285348
v -0.0407398 -0.0993672 -0.35071
vn -0.999571 0.00660395 0.0285348
v -0.0359222 -0.127866 -0.336033
vn 0.997133 0.0450969 0.060755
v 0.0588737 -0.118327 -0.330159
vn -0.998839 -0.0287078 -0.0386755
v -0.0359222 -0.0993672 -0.35071
vn 0.999761 -0.0206053 -0.00734597
v 0.0636913 -0.0505238 -0.343254
vn 0.991387 0.0957246 -0.0893792
v 0.0636913 -0.050209 -0.354452
vn 0.926724 -0.149292 0.34481
v 0.0588737 -0.050209 -0.354452
vn -0.981985 0.0340544 0.185866
v -0.0407398 -0.050209 -0.354452
vn -0.981985 0.0340544 0.185866
v -0.0407398 -0.0505238 -0.343254
vn -0.980617 0.0778494 -0.179804
v -0.0359222 -0.0505238 -0.343254
vn 0.991387 0.0957246 -0.0893792
v 0.0636913 -0.0232458 -0.337111
vn 0.9995 -0.00569654 -0.0310913
v 0.0588737 -0.0232458 -0.337111
vn -0.998889 -0.0344422 0.0321591
v -0.0407398 -0.0232458 -0.337111
vn -0.999107 -0.0308766 0.0288299
v -0.0359222 -0.050209 -0.354452
vn 0.926724 -0.149292 0.34481
v 0.0588737 -0.0505238 -0.343254
vn -0.980617 0.0778494 -0.179804
v -0.0359222 -0.0232458 -0.337111
vn 0.999403 -0.00622771 -0.0339904
v 0.0636913 -0.00528298 -0.291083
vn 0.999224 0.0376697 0.0114922
v 0.0636913 0.00457332 -0.296408
vn 0.969662 -0.242836 0.0280489
v 0.0588737 0.00457332 -0.296408
vn -0.992917 -0.0905032 0.0769716
v -0.0407398 0.00457332 -0.296408
vn -0.992917 -0.0905032 0.0769716
v -0.0407398 -0.00528298 -0.291083
vn -0.998216 0.0593179 -0.00685155
v -0.0359222 -0.00528298 -0.291083
vn 0.999344 0.0346395 0.0105678
v 0.0636913 0.00303622 -0.264388
vn 0.991593 0.098566 -0.0838289
v 0.0588737 0.00303622 -0.264388
vn -0.983906 -0.170911 -0.0521412
v -0.0407398 0.00303622 -0.264388
vn -0.983906 -0.170911 -0.0521412
v -0.0359222 0.00457332 -0.296408
vn 0.969662 -0.242836 0.0280489
v 0.0588737 -0.00528298 -0.291083
vn -0.998216 0.0593179 -0.00685155
v -0.0359222 0.00303622 -0.264388
vn 0.991593 0.098566 -0.0838289
v -0.0162297 -0.00904779 0.118899
vn 0 0.509095 0.86071
v -0.034682 -0.00904779 0.118899
vn -0.15063 0.152019 0.976832
v -0.0162297 -0.0119072 0.118392
vn 0 -0.485179 0.874415
v -0.034682 -0.0119072 0.118392
vn -0.0513978 -0.774933 0.62995
v -0.0162297 -0.00720327 0.116709
vn 0 0.999925 -0.0122078
v -0.034682 -0.00720327 0.116709
vn -0.200409 0.91449 0.351489
v -0.0162297 -0.00817184 0.114011
vn 0 0.488017 -0.872834
v -0.034682 -0.00817184 0.114011
vn -0.151608 0.768647 -0.621447
v -0.0162297 -0.0110081 0.113503
vn 0 -0.507742 -0.861509
v -0.034682 -0.0110081 0.113503
vn -0.0507881 -0.153886 -0.986783
v -0.0162297 -0.0128768 0.115694
vn 0 -0.999957 0.00929554
v -0.034682 -0.0128768 0.115694
vn -0.293141 -0.890445 -0.348103
v 0.0101155 -0.00784864 0.122267
vn 0 0.512089 0.858932
v -0.0311131 -0.00784864 0.122267
vn -0.151692 0.152843 0.976539
v 0.0101155 -0.0141675 0.121113
vn 0 -0.490646 0.871359
v -0.0311131 -0.0141675 0.121113
vn -0.0507342 -0.776694 0.627831
v 0.0101155 -0.00369747 0.117331
vn 0 0.999941 -0.0108226
v -0.0311131 -0.00369747 0.117331
vn -0.199923 0.914228 0.352446
v 0.0101155 -0.00586516 0.111289
vn 0 0.489972 -0.871738
v -0.0311131 -0.00586516 0.111289
vn -0.151793 0.769321 -0.620568
v 0.0101155 -0.0122072 0.110136
vn 0 -0.51145 -0.859313
v -0.0311131 -0.0122072 0.110136
vn -0.0512917 -0.154078 -0.986726
v 0.0101155 -0.0163584 0.115071
vn 0 -0.999908 0.0135476
v -0.0311131 -0.0163584 0.115071
vn -0.292819 -0.892588 -0.342848
v -0.00722088 -0.0166584 0.100957
vn 0 0.508969 0.860785
v -0.0256732 -0.0166584 0.100957
vn -0.151364 0.151988 0.976723
v -0.00722088 -0.0195178 0.100451
vn 0 -0.487532 0.873105
v -0.0256732 -0.0195178 0.100451
vn -0.0516377 -0.777456 0.626814
v -0.00722088 -0.0148129 0.0987672
vn 0 0.999924 -0.0123485
v -0.0256732 -0.0148129 0.0987672
vn -0.200537 0.914419 0.3516
v -0.00722088 -0.0157825 0.0960689
vn 0 0.487971 -0.87286
v -0.0256732 -0.0157825 0.0960689
vn -0.150964 0.768593 -0.62167
v -0.00722088 -0.0186188 0.0955614
vn 0 -0.503343 -0.864087
v -0.0256732 -0.0186188 0.0955614
vn -0.050352 -0.150942 -0.98726
v -0.00722088 -0.0204864 0.0977292
vn 0 -0.999958 0.00912909
v -0.0256732 -0.0204864 0.0977292
vn -0.294042 -0.889847 -0.348872
v -0.00208428 -0.0377691 0.0925399
vn -0.447061 -0.360671 -0.818568
v -0.00208428 -0.0276444 0.115555
vn -0.894352 0.180385 0.409385
v -0.00208428 -0.00359113 0.0774807
vn -0.894347 -0.180385 -0.409395
v -0.00208428 0.00653258 0.100496
vn -0.447056 0.36068 0.818567
v 0.0230702 -0.0377691 0.0925399
vn 0.706956 -0.285172 -0.647217
v 0.0230702 -0.00359113 0.0774807
vn 0.706949 -0.285175 -0.647224
v 0.0230702 0.00653258 0.100496
vn 0.706951 0.28518 0.647219
v 0.0230702 -0.0276444 0.115555
vn 0.706958 0.285177 0.647213
v -0.05859 -0.0145465 0.195371
vn -0.0768974 -0.997038 -0.0016278
v -0.0522511 -0.0147308 0.0151235
vn 0.196209 -0.980529 0.00807899
v -0.0537882 -0.0121472 0.196154
vn 0.650226 -0.759365 0.0239039
v -0.0474345 -0.0124241 0.0158605
vn 0.830874 -0.555643 0.03015
v -0.0636982 -0.0127462 0.195001
vn -0.762659 -0.646272 -0.0261615
v -0.0572993 -0.0129779 0.0143855
vn -0.557913 -0.829688 -0.018759
v -0.0659985 -0.00788127 0.19454
vn -0.995475 0.0883454 -0.0350007
v -0.0596228 -0.00811078 0.0140865
vn -0.981071 -0.190557 -0.03445
v -0.0641077 -0.00292365 0.194079
vn -0.634536 0.772575 -0.0221712
v -0.0578615 -0.00301526 0.0143855
vn -0.825099 0.564231 -0.0292526
v -0.0592417 -0.000708578 0.19454
vn 0.0832411 0.996525 0.00292355
v -0.0530439 -0.000663303 0.0151235
vn -0.184064 0.982893 -0.00638961
v -0.0543009 -0.00236883 0.195878
vn 0.759761 0.649671 0.0262673
v -0.0479968 -0.00246148 0.0158384
vn 0.556692 0.830496 0.0192688
v -0.0520605 -0.00707378 0.196685
vn 0.995895 -0.0833421 0.0353226
v -0.0456732 -0.00730433 0.0161384
vn 0.981336 0.189186 0.0344775
v 0.0836576 -0.0145465 0.195371
vn 0.0768974 -0.997038 -0.0016285
v 0.0788547 -0.0121472 0.196154
vn -0.650225 -0.759365 0.023901
v 0.0773187 -0.0147308 0.0151235
vn -0.196209 -0.980529 0.00807812
v 0.0725021 -0.0124241 0.0158605
vn -0.830808 -0.555741 0.0301509
v 0.0887657 -0.0127462 0.195001
vn 0.762659 -0.646272 -0.0261659
v 0.0823658 -0.0129779 0.0143855
vn 0.557945 -0.829666 -0.0187627
v 0.0910661 -0.00788127 0.19454
vn 0.995462 0.0884831 -0.0350102
v 0.0846893 -0.00811078 0.0140865
vn 0.981097 -0.190424 -0.0344569
v 0.0891753 -0.00292365 0.194079
vn 0.634638 0.772491 -0.0221833
v 0.0829259 -0.00301526 0.0143855
vn 0.82513 0.564185 -0.0292644
v 0.0843093 -0.000708578 0.19454
vn -0.0832235 0.996527 0.00292492
v 0.0781114 -0.000663303 0.0151235
vn 0.184064 0.982893 -0.00639219
v 0.0793685 -0.00236883 0.195878
vn -0.759759 0.649673 0.0262805
v 0.0730612 -0.00246148 0.0158384
vn -0.556593 0.830562 0.0192731
v 0.0771281 -0.00707378 0.196685
vn -0.995883 -0.0834831 0.0353318
v 0.0707377 -0.00730433 0.0161384
vn -0.981374 0.188983 0.0344962
v -0.0611546 -0.143173 -0.281701
vn -0.878325 0.469422 0.0904904
v -0.0611546 -0.131227 -0.292702
vn -0.977711 -0.205148 -0.044682
v -0.0611546 -0.129844 -0.316571
vn -0.917624 0.301174 0.259346
v -0.0611546 -0.127721 -0.298168
vn -0.900194 -0.321823 -0.293397
v -0.0611546 -0.131481 -0.286222
vn -0.865372 -0.477607 0.151734
v -0.0611546 -0.122117 -0.301073
vn -0.985598 -0.0506903 -0.161327
v -0.0611546 -0.0649492 -0.345581
vn -0.798564 -0.113861 0.591042
v -0.0611546 -0.0649944 -0.335965
vn -0.993819 0.0035294 -0.110956
v -0.0611546 -0.0300795 -0.332275
vn -0.940702 -0.221163 0.25723
v -0.0611546 -0.0589988 -0.333521
vn -0.914224 0.213707 -0.344274
v -0.0611546 -0.0551255 -0.328562
vn -0.959798 0.247989 -0.131491
v -0.0611546 -0.101755 -0.339494
vn -0.936545 0.11436 0.331368
v -0.0611546 -0.0714291 -0.335043
vn -0.911255 -0.192937 -0.363855
v -0.0611546 -0.0763878 -0.331169
vn -0.961208 -0.234243 -0.145635
v -0.0611546 -0.112132 -0.242844
vn -0.984313 0.0853741 0.154397
v -0.0611546 -0.102954 -0.234127
vn -0.981654 -0.180817 -0.0605062
v -0.0611546 -0.107104 -0.246925
vn -0.927453 0.319464 0.194353
v -0.0611546 -0.0988945 -0.239176
vn -0.933307 -0.237898 -0.268967
v -0.0611546 -0.123109 -0.277136
vn -0.98013 -0.0426054 0.193725
v -0.0611546 -0.122163 -0.265605
vn -0.913843 -0.197099 -0.355024
v -0.0611546 -0.116606 -0.27686
vn -0.915441 0.120303 0.384051
v -0.0611546 -0.11573 -0.266574
vn -0.922935 0.0075522 -0.384881
v -0.0611546 -0.0788556 -0.325149
vn -0.980662 -0.1956 -0.00647054
v -0.0611546 -0.0891867 -0.322428
vn -0.971418 0.186294 -0.147109
v -0.0611546 -0.0779333 -0.318738
vn -0.902892 -0.379406 0.202083
v -0.0611546 -0.087179 -0.316247
vn -0.913987 0.401353 -0.0595301
v -0.0611546 -0.0802147 -0.224094
vn -0.918736 0.374373 0.125575
v -0.0611546 -0.0702068 -0.223726
vn -0.891026 -0.424094 0.161914
v -0.0611546 -0.0792472 -0.230551
vn -0.891331 0.444506 -0.0891275
v -0.0611546 -0.0702995 -0.230207
vn -0.905174 -0.41988 -0.0660435
v -0.0611546 -0.0463147 -0.230459
vn -0.911239 0.384847 -0.146755
v -0.0611546 -0.0388198 -0.236087
vn -0.878352 -0.241574 0.412479
v -0.0611546 -0.0496362 -0.23604
vn -0.879264 0.301887 -0.368455
v -0.0611546 -0.0429478 -0.241115
vn -0.895638 -0.386375 0.220335
v -0.0611546 -0.0233458 -0.289774
vn -0.910997 -0.0579467 -0.408322
v -0.0611546 -0.0271517 -0.298307
vn -0.878086 0.348416 0.32798
v -0.0611546 -0.0295268 -0.287745
vn -0.878767 -0.292028 -0.377477
v -0.0611546 -0.0329621 -0.295424
vn -0.896312 0.127385 0.424732
v -0.0611546 -0.0243839 -0.256312
vn -0.904779 0.214629 -0.367844
v -0.0611546 -0.0221477 -0.264937
vn -0.868699 0.0682675 0.490614
v -0.0611546 -0.0304943 -0.258572
vn -0.869481 0.00491455 -0.493942
v -0.0611546 -0.0285119 -0.266343
vn -0.888646 -0.172432 0.424941
v -0.0611546 -0.0940285 -0.326741
vn -0.73867 0.250725 -0.625703
v -0.0611546 -0.100209 -0.328031
vn -0.846614 -0.0772614 -0.526569
v -0.0611546 -0.0542022 -0.322128
vn -0.991095 0.133092 0.00421376
v -0.0611546 -0.128552 -0.280642
vn -0.994306 -0.0717834 0.0787578
v -0.0611546 -0.137062 -0.24485
vn -0.925595 0.357779 -0.123562
v -0.0611546 -0.106389 -0.326026
vn -0.977482 -0.131405 -0.16511
v -0.0611546 -0.110703 -0.321137
vn -0.902581 -0.399996 -0.15922
v -0.0611546 -0.11197 -0.314979
vn -0.982151 -0.186054 0.0276321
v -0.0611546 -0.109965 -0.308821
vn -0.916349 -0.314378 0.247934
v -0.0611546 -0.115637 -0.30082
vn -0.886882 0.0982067 -0.451436
v -0.0611546 -0.105122 -0.304488
vn -0.88759 -0.171869 0.42737
v -0.0611546 -0.110149 -0.297314
vn -0.901998 0.290349 -0.319525
v -0.0611546 -0.104799 -0.252807
vn -0.928517 0.371234 0.00639508
v -0.0611546 -0.0930146 -0.24146
vn -0.946202 -0.0627982 -0.317425
v -0.0611546 -0.111025 -0.279765
vn -0.918871 0.291811 0.265562
v -0.0611546 -0.109872 -0.264268
vn -0.94078 0.176924 -0.289188
v -0.0611546 -0.0740338 -0.313756
vn -0.910324 -0.218383 0.351594
v -0.0611546 -0.0884476 -0.310091
vn -0.935876 0.327271 0.130495
v -0.0611546 -0.0815528 -0.236409
vn -0.90274 0.322747 -0.28442
v -0.0611546 -0.0672085 -0.235718
vn -0.997718 -0.0522043 -0.0428126
v -0.0611546 -0.0989408 -0.303195
vn -0.998356 0.00845335 0.0566916
v -0.0611546 -0.107243 -0.291711
vn -0.997849 0.0625658 -0.0195778
v -0.0611546 -0.0551255 -0.239108
vn -0.893596 0.0702148 -0.443347
v -0.0611546 -0.0439627 -0.247318
vn -0.9271 -0.374785 -0.00466617
v -0.0611546 -0.0337706 -0.283085
vn -0.994358 -0.0983125 -0.0398334
v -0.0611546 -0.0392578 -0.295816
vn -0.996524 -0.0194636 0.0810039
v -0.0611546 -0.0366984 -0.257534
vn -0.974941 -0.110226 -0.193234
v -0.0611546 -0.0331694 -0.270587
vn -0.988286 -0.120902 0.0931323
v -0.0611546 -0.0159668 -0.266943
vn -0.979731 0.122401 0.15857
v -0.0611546 -0.020279 -0.251307
vn -0.981125 0.168028 -0.0957049
v -0.0611546 -0.0327325 -0.233827
vn -0.971888 -0.00236585 0.235434
v -0.0611546 -0.046222 -0.223957
vn -0.979554 0.198741 0.0312265
v -0.0611546 -0.0235774 -0.303749
vn -0.984541 0.170324 0.040859
v -0.0611546 -0.017028 -0.288367
vn -0.981554 0.0720607 -0.177083
v -0.0611546 -0.0668853 -0.218145
vn -0.986325 -0.104503 0.127442
v -0.0611546 -0.0842975 -0.219067
vn -0.981652 0.125971 0.143149
v -0.0611546 -0.127214 -0.2615
vn -0.88367 -0.399999 -0.243161
v -0.0611546 -0.129497 -0.255642
vn -0.65996 -0.751171 -0.0139311
v -0.0611546 -0.128529 -0.249233
vn -0.981024 -0.16978 0.093634
v -0.0611546 -0.114138 -0.216783
vn -0.942683 0.217585 -0.252992
v -0.0611546 -0.124447 -0.244158
vn -0.911319 -0.214482 0.35142
v -0.0611546 -0.118589 -0.241875
vn -0.958699 -0.00521526 0.284375
v -0.0611546 -0.103923 -0.227691
vn -0.844447 -0.525665 0.102883
v -0.0611546 -0.101662 -0.221835
vn -0.978779 -0.153456 0.135803
v -0.0611546 -0.0792472 -0.203478
vn -0.920462 0.0738922 -0.383782
v -0.0611546 -0.0965889 -0.217753
vn -0.642844 -0.245864 0.725468
v -0.0611546 -0.0901773 -0.216761
vn -0.894548 0.0873165 0.438361
v -0.0611546 -0.0613749 -0.215055
vn -0.982537 -0.0293526 0.183737
v -0.0611546 -0.0424404 -0.209566
vn -0.850793 -0.171443 -0.496749
v -0.0611546 -0.0548939 -0.215124
vn -0.770936 0.227791 0.594785
v -0.0611546 -0.049313 -0.218468
vn -0.990179 0.108039 0.0887324
v -0.0611546 -0.0143528 -0.23249
vn -0.917975 -0.300594 -0.258775
v -0.0611546 -0.0265052 -0.234864
vn -0.706402 0.351623 0.614295
v -0.0611546 -0.0215013 -0.238992
vn -0.981102 0.167071 0.0975973
v -0.0611546 -0.0010223 -0.267381
vn -0.915691 -0.394619 -0.0760643
v -0.0611546 -0.019241 -0.24508
vn -0.911704 0.410827 0.00408271
v -0.0611546 -0.0117229 -0.271601
vn -0.844792 0.496087 0.200561
v -0.0611546 -0.0103396 -0.277942
vn -0.978016 0.20657 -0.0285116
v -0.0611546 -0.00713381 -0.30421
vn -0.911647 -0.388415 0.134286
v -0.0611546 -0.012322 -0.284123
vn -0.904261 0.3372 -0.261933
v -0.0611546 -0.0232068 -0.310022
vn -0.980333 0.189087 -0.0565137
v -0.0611546 -0.0260662 -0.315833
vn -0.737631 0.463143 -0.491324
v -0.0611546 -0.0315102 -0.319407
vn -0.973749 0.0535939 -0.221226
v -0.0611546 -0.0377818 -0.319798
vn -0.608993 -0.226289 -0.760211
v -0.0611546 -0.0435942 -0.316939
vn -0.833779 -0.40098 -0.37951
v -0.0611546 -0.0471916 -0.311497
vn -0.91812 -0.385327 -0.0926251
v -0.0611546 -0.0566468 -0.316108
vn -0.925276 0.322528 0.199599
v -0.0611546 -0.0475601 -0.305202
vn -0.921027 -0.373301 0.111156
v -0.0611546 -0.0616055 -0.312235
vn -0.942298 0.156811 0.295777
v -0.0611546 -0.10579 -0.259216
vn -0.992432 0.107391 -0.059543
v -0.0611546 -0.0865799 -0.240492
vn -0.997893 0.0206837 -0.0615009
v -0.0611546 -0.0447007 -0.299366
vn -0.999743 -0.0155481 0.0165199
v -0.0611546 -0.0680391 -0.311313
vn -0.991456 -0.00414057 0.130373
v -0.0611546 -0.10752 -0.28523
vn -0.999086 0.0417475 0.00919482
v -0.0611546 -0.0927609 -0.305224
vn -0.999744 0.0140754 0.0177174
v -0.0611546 -0.0616276 -0.239038
vn -0.999914 -0.00465671 -0.0122577
v -0.0611546 -0.0351529 -0.276766
vn -0.968884 -0.24518 0.0339262
v -0.0611546 -0.0417024 -0.253429
vn -0.737985 -0.582892 -0.340023
v -0.0659448 -0.129844 -0.316571
vn 0 0.860958 0.508675
v -0.0659448 -0.143173 -0.281701
vn 0 0.999948 0.0101907
v -0.0659448 -0.101755 -0.339494
vn 0 0.487631 0.87305
v -0.0659448 -0.0649492 -0.345581
vn 0 -0.0104323 0.999946
v -0.0659448 -0.0300795 -0.332275
vn 0 -0.508107 0.861294
v -0.0659448 -0.00713381 -0.30421
vn 0 -0.872725 0.488213
v -0.0659448 -0.0010223 -0.267381
vn 0 -0.999948 -0.0102024
v -0.0659448 -0.0143528 -0.23249
vn 0 -0.861055 -0.508511
v -0.0659448 -0.0424404 -0.209566
vn 0 -0.487643 -0.873043
v -0.0659448 -0.0792472 -0.203478
vn 0 0.010401 -0.999946
v -0.0659448 -0.114138 -0.216783
vn 0 0.508018 -0.861346
v -0.0659448 -0.137062 -0.24485
vn 0 0.872956 -0.4878
v -0.0659448 -0.0392578 -0.295816
vn 0 -0.399686 0.916652
v -0.0659448 -0.0447007 -0.299366
vn 0 -0.806459 0.59129
v -0.0659448 -0.0329621 -0.295424
vn 0 0.113345 0.993556
v -0.0659448 -0.0271517 -0.298307
vn 0 0.593565 0.804786
v -0.0659448 -0.0235774 -0.303749
vn 0 0.915908 0.401388
v -0.0659448 -0.0232068 -0.310022
vn 0 0.993409 -0.114627
v -0.0659448 -0.0260662 -0.315833
vn 0 0.805904 -0.592046
v -0.0659448 -0.0315102 -0.319407
vn 0 0.402289 -0.915513
v -0.0659448 -0.0377818 -0.319798
vn 0 -0.11239 -0.993664
v -0.0659448 -0.0435942 -0.316939
vn 0 -0.591281 -0.806465
v -0.0659448 -0.0471916 -0.311497
vn 0 -0.915221 -0.402951
v -0.0659448 -0.0475601 -0.305202
vn 0 -0.993431 0.11443
v -0.0659448 -0.0331694 -0.270587
vn 0 -0.887422 0.460957
v -0.0659448 -0.0351529 -0.276766
vn 0 -0.99914 -0.0414756
v -0.0659448 -0.0285119 -0.266343
vn 0 -0.533623 0.845722
v -0.0659448 -0.0221477 -0.264937
vn 0 -0.0425543 0.999094
v -0.0659448 -0.0159668 -0.266943
vn 0 0.462814 0.886455
v -0.0659448 -0.0117229 -0.271601
vn 0 0.845937 0.533283
v -0.0659448 -0.0103396 -0.277942
vn 0 0.999137 0.0415446
v -0.0659448 -0.012322 -0.284123
vn 0 0.886433 -0.462858
v -0.0659448 -0.017028 -0.288367
vn 0 0.532436 -0.84647
v -0.0659448 -0.0233458 -0.289774
vn 0 0.0416467 -0.999132
v -0.0659448 -0.0295268 -0.287745
vn 0 -0.464797 -0.885417
v -0.0659448 -0.0337706 -0.283085
vn 0 -0.845656 -0.533729
v -0.0659448 -0.0439627 -0.247318
vn 0 -0.982377 -0.18691
v -0.0659448 -0.0417024 -0.253429
vn 0 -0.759442 -0.650575
v -0.0659448 -0.0429478 -0.241115
vn 0 -0.942907 0.333055
v -0.0659448 -0.0388198 -0.236087
vn 0 -0.651411 0.758725
v -0.0659448 -0.0327325 -0.233827
vn 0 -0.186009 0.982548
v -0.0659448 -0.0265052 -0.234864
vn 0 0.334749 0.942307
v -0.0659448 -0.0215013 -0.238992
vn 0 0.759961 0.649969
v -0.0659448 -0.019241 -0.24508
vn 0 0.98256 0.185945
v -0.0659448 -0.020279 -0.251307
vn 0 0.942659 -0.333757
v -0.0659448 -0.0243839 -0.256312
vn 0 0.650666 -0.759364
v -0.0659448 -0.0304943 -0.258572
vn 0 0.18573 -0.982601
v -0.0659448 -0.0366984 -0.257534
vn 0 -0.334527 -0.942386
v -0.0659448 -0.0672085 -0.235718
vn 0 -0.648812 -0.760949
v -0.0659448 -0.0616276 -0.239038
vn 0 -0.183 -0.983113
v -0.0659448 -0.0702995 -0.230207
vn 0 -0.944478 -0.328574
v -0.0659448 -0.0702068 -0.223726
vn 0 -0.982582 0.185828
v -0.0659448 -0.0668853 -0.218145
vn 0 -0.760897 0.648873
v -0.0659448 -0.0613749 -0.215055
vn 0 -0.329622 0.944113
v -0.0659448 -0.0548939 -0.215124
vn 0 0.184587 0.982816
v -0.0659448 -0.049313 -0.218468
vn 0 0.649561 0.76031
v -0.0659448 -0.046222 -0.223957
vn 0 0.944343 0.328962
v -0.0659448 -0.0463147 -0.230459
vn 0 0.982659 -0.185421
v -0.0659448 -0.0496362 -0.23604
vn 0 0.760955 -0.648805
v -0.0659448 -0.0551255 -0.239108
vn 0 0.327845 -0.944732
v -0.0659448 -0.0930146 -0.24146
vn 0 -0.018582 -0.999827
v -0.0659448 -0.0865799 -0.240492
vn 0 0.484613 -0.874728
v -0.0659448 -0.0988945 -0.239176
vn 0 -0.519439 -0.854507
v -0.0659448 -0.102954 -0.234127
vn 0 -0.876351 -0.481672
v -0.0659448 -0.103923 -0.227691
vn 0 -0.999851 0.0172541
v -0.0659448 -0.101662 -0.221835
vn 0 -0.854685 0.519147
v -0.0659448 -0.0965889 -0.217753
vn 0 -0.483865 0.875143
v -0.0659448 -0.0901773 -0.216761
vn 0 0.0172204 0.999852
v -0.0659448 -0.0842975 -0.219067
vn 0 0.519755 0.854315
v -0.0659448 -0.0802147 -0.224094
vn 0 0.875051 0.484031
v -0.0659448 -0.0792472 -0.230551
vn 0 0.999805 -0.0197379
v -0.0659448 -0.0815528 -0.236409
vn 0 0.853685 -0.520789
v -0.0659448 -0.109872 -0.264268
vn 0 0.662753 -0.748838
v -0.0659448 -0.10579 -0.259216
vn 0 0.946945 -0.321395
v -0.0659448 -0.11573 -0.266574
vn 0 0.196837 -0.980436
v -0.0659448 -0.122163 -0.265605
vn 0 -0.319632 -0.947542
v -0.0659448 -0.127214 -0.2615
vn 0 -0.75059 -0.660768
v -0.0659448 -0.129497 -0.255642
vn 0 -0.980856 -0.194735
v -0.0659448 -0.128529 -0.249233
vn 0 -0.947815 0.31882
v -0.0659448 -0.124447 -0.244158
vn 0 -0.663446 0.748224
v -0.0659448 -0.118589 -0.241875
vn 0 -0.194193 0.980963
v -0.0659448 -0.112132 -0.242844
vn 0 0.318098 0.948058
v -0.0659448 -0.107104 -0.246925
vn 0 0.750611 0.660744
v -0.0659448 -0.104799 -0.252807
vn 0 0.980738 0.19533
v -0.0659448 -0.107243 -0.291711
vn 0 0.992071 -0.125682
v -0.0659448 -0.10752 -0.28523
vn 0 0.922479 0.386048
v -0.0659448 -0.110149 -0.297314
vn 0 0.793069 -0.609132
v -0.0659448 -0.115637 -0.30082
vn 0 0.384248 -0.92323
v -0.0659448 -0.122117 -0.301073
vn 0 -0.128126 -0.991758
v -0.0659448 -0.127721 -0.298168
vn 0 -0.608327 -0.793686
v -0.0659448 -0.131227 -0.292702
vn 0 -0.922883 -0.38508
v -0.0659448 -0.131481 -0.286222
vn 0 -0.991578 0.129508
v -0.0659448 -0.128552 -0.280642
vn 0 -0.792112 0.610376
v -0.0659448 -0.123109 -0.277136
vn 0 -0.386513 0.922284
v -0.0659448 -0.116606 -0.27686
vn 0 0.12559 0.992082
v -0.0659448 -0.111025 -0.279765
vn 0 0.609455 0.79282
v -0.0659448 -0.0884476 -0.310091
vn 0 0.848876 0.528593
v -0.0659448 -0.0927609 -0.305224
vn 0 0.471914 0.881645
v -0.0659448 -0.087179 -0.316247
vn 0 0.99959 0.0286208
v -0.0659448 -0.0891867 -0.322428
vn 0 0.883137 -0.469115
v -0.0659448 -0.0940285 -0.326741
vn 0 0.529994 -0.848001
v -0.0659448 -0.100209 -0.328031
vn 0 0.0310429 -0.999518
v -0.0659448 -0.106389 -0.326026
vn 0 -0.470918 -0.882177
v -0.0659448 -0.110703 -0.321137
vn 0 -0.849574 -0.527469
v -0.0659448 -0.11197 -0.314979
vn 0 -0.999589 -0.0286535
v -0.0659448 -0.109965 -0.308821
vn 0 -0.882912 0.469539
v -0.0659448 -0.105122 -0.304488
vn 0 -0.53164 0.84697
v -0.0659448 -0.0989408 -0.303195
vn 0 -0.0300231 0.999549
v -0.0659448 -0.0616055 -0.312235
vn 0 0.305426 0.952216
v -0.0659448 -0.0680391 -0.311313
vn 0 -0.210394 0.977617
v -0.0659448 -0.0566468 -0.316108
vn 0 0.744041 0.668135
v -0.0659448 -0.0542022 -0.322128
vn 0 0.977723 0.209898
v -0.0659448 -0.0551255 -0.328562
vn 0 0.952183 -0.305529
v -0.0659448 -0.0589988 -0.333521
vn 0 0.668786 -0.743455
v -0.0659448 -0.0649944 -0.335965
vn 0 0.210467 -0.977601
v -0.0659448 -0.0714291 -0.335043
vn 0 -0.305445 -0.95221
v -0.0659448 -0.0763878 -0.331169
vn 0 -0.74347 -0.668769
v -0.0659448 -0.0788556 -0.325149
vn 0 -0.977151 -0.212548
v -0.0659448 -0.0779333 -0.318738
vn 0 -0.95169 0.307061
v -0.0659448 -0.0740338 -0.313756
vn 0 -0.668751 0.743486
v -0.0188385 -0.0259294 0.123466
vn -0.242075 0.332995 0.911325
v -0.0188385 0.00764852 0.111197
vn -0.422765 0.897889 0.122741
v -0.0188385 -0.0284887 0.0939696
vn -0.770451 -0.240197 -0.590518
v -0.0188385 -0.00461973 0.0842607
vn -0.214844 0.121413 -0.969072
v 0.0384431 -0.0259294 0.123466
vn 0.446491 0.307094 0.84044
v 0.0384431 0.00764852 0.111197
vn 0.382403 0.632071 0.673984
v 0.0384431 -0.00461973 0.0842607
vn 0.198971 0.660514 -0.72397
v 0.0384431 -0.0284887 0.0939696
vn 0.517184 -0.322476 -0.792799
v -0.0188385 -0.0265968 0.109236
vn -0.253193 0.295649 -0.921133
v -0.0188385 -0.0263442 0.140807
vn -0.792355 -0.175736 0.584201
v -0.0188385 0.00753271 0.120191
vn -0.420408 0.892156 -0.165275
v -0.0188385 -0.00342058 0.147703
vn -0.206443 0.229756 0.951101
v 0.0384431 -0.0265968 0.109236
vn 0.463751 0.270757 -0.843579
v 0.0384431 0.00753271 0.120191
vn 0.380038 0.604089 -0.700463
v 0.0384431 -0.00342058 0.147703
vn 0.184236 0.719218 0.669912
v 0.0384431 -0.0263442 0.140807
vn 0.544639 -0.241591 0.80312
v -0.00722088 -0.0173964 0.137741
vn 0 0.510538 0.859855
v -0.0256732 -0.0173964 0.137741
vn -0.0508624 0.154361 0.986704
v -0.00722088 -0.0202327 0.137233
vn 0 -0.486736 0.873549
v -0.0256732 -0.0202327 0.137233
vn -0.293229 -0.740608 0.60458
v -0.00722088 -0.015552 0.13555
vn 0 0.99993 -0.0118609
v -0.0256732 -0.015552 0.13555
vn -0.151527 0.923028 0.353636
v -0.00722088 -0.0165195 0.132828
vn 0 0.490273 -0.871569
v -0.0256732 -0.0165195 0.132828
vn -0.200127 0.764317 -0.613
v -0.00722088 -0.0193568 0.132321
vn 0 -0.512287 -0.858814
v -0.0256732 -0.0193568 0.132321
vn -0.151628 -0.155208 -0.976176
v -0.00722088 -0.0212244 0.134535
vn 0 -0.999884 0.0152128
v -0.0256732 -0.0212244 0.134535
vn -0.0512802 -0.931999 -0.358814
v -0.034024 -0.10121 0.134258
vn -0.77992 -0.49129 0.387761
v -0.0360391 -0.107898 0.108337
vn -0.818423 -0.551494 0.161362
v -0.0191238 -0.109235 0.136195
vn -0.359234 -0.757626 0.544935
v -0.0200776 -0.120766 0.110458
vn -0.429962 -0.853833 0.29343
v -0.0408504 -0.0822529 0.134165
vn -0.975728 -0.0124009 0.218637
v -0.0433465 -0.0867042 0.107553
vn -0.994516 -0.08535 0.0604447
v -0.0377636 -0.0637121 0.133658
vn -0.871801 0.465929 0.151239
v -0.0400429 -0.064727 0.106584
vn -0.922303 0.385704 0.0242822
v -0.0255953 -0.0467158 0.132805
vn -0.591627 0.79851 0.111172
v -0.0270135 -0.0468316 0.105685
vn -0.599249 0.800371 0.0175446
v -0.00761041 -0.038944 0.132482
vn -0.39241 0.918603 0.0467207
v -0.000135564 -0.112187 0.138018
vn -0.178483 -0.82943 0.529329
v 0.000262406 -0.124225 0.111566
vn -0.179038 -0.937476 0.298471
v -0.0359212 -0.112395 0.0819551
vn -0.86514 -0.49923 0.0479779
v -0.0199597 -0.127731 0.082831
vn -0.495444 -0.862897 0.0997219
v -0.0432318 -0.0896794 0.080757
vn -0.998199 -0.0597389 0.00542024
v -0.039925 -0.0656967 0.0795116
vn -0.92362 0.383092 -0.0129543
v -0.0268924 -0.0468779 0.0785651
vn -0.621849 0.78303 -0.0129439
v -0.00762725 -0.0382534 0.0781734
vn -0.401489 0.915863 -0.00127473
v 0.000377148 -0.131605 0.0831542
vn -0.189422 -0.978207 0.085037
v -0.0358054 -0.114355 0.0281298
vn -0.809223 -0.580791 0.0885473
v -0.0198418 -0.129945 0.0290057
vn -0.384002 -0.916831 0.109381
v -0.0431107 -0.091248 0.0268843
vn -0.985569 -0.153791 0.0707189
v -0.039807 -0.0668947 0.0255936
vn -0.956933 0.283156 0.0640421
v -0.0267776 -0.0477538 0.0246482
vn -0.713306 0.697495 0.0685219
v -0.00750934 -0.0389914 0.0242776
vn -0.410716 0.911348 0.0275068
v 0.000498227 -0.133912 0.0292837
vn -0.190748 -0.964614 0.18203
v -0.0386595 -0.116431 0.0277613
vn -0.897262 -0.429719 0.101306
v -0.0212136 -0.133496 0.028753
vn -0.564836 -0.809086 0.162297
v -0.046645 -0.0912007 0.0264243
vn -0.998137 -0.00747556 0.0605447
v -0.043036 -0.0645881 0.0250398
vn -0.906781 0.41852 0.0508878
v -0.0287927 -0.0436721 0.0240018
vn -0.583786 0.809386 0.0639337
v -0.00773781 -0.0341012 0.0235628
vn -0.406837 0.90149 0.147642
v 0.00101409 -0.137808 0.0290973
vn -0.195634 -0.967554 0.159893
v -0.03853 -0.122173 -0.0255797
vn -0.858057 -0.488888 0.157246
v -0.0210841 -0.140322 -0.0245416
vn -0.48282 -0.854005 0.193802
v -0.0465176 -0.0953529 -0.0270326
vn -0.990335 -0.0754912 0.11635
v -0.0429033 -0.0670337 -0.0285096
vn -0.936579 0.340598 0.0825343
v -0.0286621 -0.0448018 -0.0296161
vn -0.667146 0.742333 0.062112
v -0.00760725 -0.0346086 -0.0300541
vn -0.427282 0.903649 0.0291384
v 0.00114465 -0.144888 -0.0242184
vn -0.145448 -0.970871 0.190405
v -0.0467481 -0.130498 -0.066883
vn -0.66077 -0.490444 -0.568197
v -0.0251258 -0.151622 -0.0656839
vn -0.217783 -0.751192 -0.623122
v -0.0566507 -0.0992272 -0.0685885
vn -0.82259 -0.150352 -0.548398
v -0.0521732 -0.0662041 -0.0702962
vn -0.790803 0.203734 -0.577168
v -0.0345199 -0.0402822 -0.0715869
vn -0.564522 0.514314 -0.645598
v -0.00841791 -0.0284277 -0.0720944
vn -0.360429 0.746795 -0.558917
v 0.00191108 -0.151807 -0.062178
vn 0.0943451 -0.641287 -0.761479
v -0.00299495 -0.0927009 -0.0686812
vn 0.0237355 -0.0597733 -0.99793
v -0.0251542 -0.0817002 0.159464
vn -0.35097 -0.497014 0.793598
v -0.010554 -0.085206 0.161147
vn -0.198508 -0.576157 0.792867
v -0.030853 -0.0681855 0.162577
vn -0.690891 -0.256645 0.675872
v -0.0282758 -0.0611759 0.163224
vn -0.771679 0.430617 0.468059
v -0.0181121 -0.0462789 0.156074
vn -0.594995 0.675147 0.436071
v -0.00757883 -0.0433258 0.157757
vn -0.358573 0.876396 0.321488
v -0.00757883 -0.0614297 0.166866
vn -0.168325 0.0735217 0.982986
v 0.00835419 -0.128976 0.128747
vn -0.893439 0.418563 -0.163007
v 0.00835419 -0.137993 0.0900721
vn -0.867954 0.495696 -0.0306932
v -0.0242035 -0.128976 0.128747
vn -0.868332 0.475057 -0.142552
v -0.0242035 -0.137993 0.0900721
vn -0.778123 0.628085 0.00575076
v 0.00835419 -0.116569 0.152845
vn -0.926939 0.286258 -0.242569
v -0.0242035 -0.116569 0.152845
vn -0.913735 0.340241 -0.22209
v 0.00835419 -0.101072 0.166405
vn -0.943405 0.178753 -0.279345
v -0.0242035 -0.101072 0.166405
vn -0.937417 0.210247 -0.277572
v 0.00835419 -0.0855745 0.1745
vn -0.939799 0.0739649 -0.333628
v -0.0242035 -0.0855745 0.1745
vn -0.960342 0.087105 -0.264868
v 0.00835419 -0.0513512 0.179758
vn -0.977564 0.0319845 -0.208195
v -0.0242035 -0.0513512 0.179758
vn -0.918354 0.0600945 -0.39117
v 0.00835419 -0.132205 -0.0303541
vn -0.713398 0.699951 0.0336431
v -0.0242035 -0.132205 -0.0303541
vn -0.897585 0.440333 0.0211646
v 0.00835419 -0.0684634 0.0242565
vn -1 0 0
v -0.0242035 -0.0684634 0.0242565
vn -1 0 0
v -0.0624822 -0.08712 0.125357
vn -0.895068 -0.375081 0.241181
v -0.0624822 -0.0798326 0.133566
vn -0.920363 -0.178775 0.347809
v -0.0624822 -0.0668484 0.0946844
vn -0.987493 -0.00757224 -0.157478
v -0.0624822 -0.0694078 0.137048
vn -0.927416 0.0179744 0.3736
v -0.0624822 -0.0586387 0.134858
vn -0.920439 0.211825 0.328514
v -0.0624822 -0.050429 0.127548
vn -0.894881 0.396748 0.204398
v -0.0624822 -0.0469464 0.117147
vn -0.837581 0.545681 -0.0262863
v -0.0624822 -0.0491383 0.106354
vn -0.727447 0.577136 -0.371125
v -0.0624822 -0.0564257 0.0981439
vn -0.580377 0.372125 -0.724352
v -0.0624822 -0.0776406 0.0968753
vn -0.581195 -0.440135 -0.684466
v -0.0624822 -0.0858504 0.104163
vn -0.727963 -0.609847 -0.3133
v -0.0624822 -0.0893109 0.114586
vn -0.837678 -0.545534 0.0262314
v -0.0492506 -0.0941074 0.128838
vn -0.102718 -0.860863 0.498362
v -0.0492506 -0.0841448 0.140093
vn -0.102868 -0.495479 0.862507
v -0.0492506 -0.0698699 0.144843
vn -0.102863 0.00203878 0.994693
v -0.0492506 -0.0551329 0.141822
vn -0.102786 0.499537 0.860173
v -0.0492506 -0.0439269 0.13186
vn -0.102851 0.862657 0.495222
v -0.0492506 -0.0391525 0.117608
vn -0.102774 0.994704 -0.00148009
v -0.0492506 -0.042174 0.102872
vn -0.102716 0.86042 -0.499126
v -0.0492506 -0.0521366 0.0916408
vn -0.102761 0.495337 -0.862601
v -0.0492506 -0.0663873 0.0868906
vn -0.10297 -0.00161964 -0.994683
v -0.0492506 -0.0811233 0.0898879
vn -0.102903 -0.498675 -0.860659
v -0.0492506 -0.0923545 0.0998505
vn -0.10295 -0.862595 -0.495308
v -0.0492506 -0.0971048 0.114102
vn -0.102886 -0.994691 0.00205033
v 0.00905956 -0.0942685 0.128931
vn -0.00331636 -0.93066 0.365871
v 0.00905956 -0.0842364 0.140254
vn -0.00317877 -0.623027 0.782194
v 0.00905956 -0.0698931 0.145027
vn -0.00318149 -0.14803 0.988978
v 0.00905956 -0.0550645 0.142007
vn -0.00326191 0.366269 0.930503
v 0.00905956 -0.0437406 0.131952
vn -0.00343286 0.782936 0.622093
v 0.00905956 -0.0389683 0.117608
vn -0.00330918 0.988874 0.148721
v 0.00905956 -0.0419877 0.102803
vn -0.00331592 0.93048 -0.366327
v 0.00905956 -0.052044 0.0914566
vn -0.00342603 0.622772 -0.782396
v 0.00905956 -0.0663873 0.0866821
vn -0.00357264 0.148185 -0.988953
v 0.00905956 -0.0811938 0.0897037
vn -0.00343991 -0.36585 -0.930667
v 0.00905956 -0.0925388 0.0997578
vn -0.00342116 -0.782399 -0.622769
v 0.00905956 -0.0973132 0.114102
vn -0.00357281 -0.989042 -0.147588
v -0.0530786 -0.0561025 0.168758
vn -0.782757 -0.518007 0.344905
v -0.0530786 -0.0518819 0.173532
vn -0.847057 -0.23556 0.476452
v -0.0530786 -0.0553635 0.15642
vn -0.980295 -0.177158 -0.0873846
v -0.0530786 -0.0458167 0.175538
vn -0.88794 0.0292042 0.459031
v -0.0530786 -0.0395441 0.17427
vn -0.90877 0.230709 0.347722
v -0.0530786 -0.0347476 0.170049
vn -0.914847 0.361881 0.179156
v -0.0530786 -0.0327399 0.163961
vn -0.908604 0.416817 -0.0265115
v -0.0530786 -0.0340096 0.157688
vn -0.887928 0.383078 -0.254627
v -0.0530786 -0.0382534 0.152915
vn -0.846877 0.235683 -0.47671
v -0.0530786 -0.0443417 0.150885
vn -0.782674 -0.0389077 -0.621215
v -0.0530786 -0.0506132 0.152153
vn -0.710997 -0.389746 -0.585304
v -0.0530786 -0.0573932 0.162486
vn -0.711573 -0.701198 0.0445487
v -0.0433265 -0.0642196 0.172794
vn -0.151918 -0.853334 0.49874
v -0.0433265 -0.0568637 0.181073
vn -0.151818 -0.489113 0.858906
v -0.0433265 -0.0463473 0.184577
vn -0.151757 0.00448999 0.988408
v -0.0433265 -0.0354856 0.182363
vn -0.151787 0.498863 0.853286
v -0.0433265 -0.0272296 0.175031
vn -0.151548 0.858767 0.489441
v -0.0433265 -0.0237238 0.164514
vn -0.151776 0.988402 -0.00507815
v -0.0433265 -0.0259389 0.153653
vn -0.151592 0.853746 -0.498135
v -0.0433265 -0.0332705 0.145373
vn -0.151597 0.489118 -0.858942
v -0.0433265 -0.043788 0.141869
vn -0.151667 -0.00435963 -0.988422
v -0.0433265 -0.0546255 0.144083
vn -0.151558 -0.498414 -0.853589
v -0.0433265 -0.0629289 0.151415
vn -0.151604 -0.858456 -0.489969
v -0.0433265 -0.0664326 0.161932
vn -0.15182 -0.988396 0.00492323
v -0.00034928 -0.0643354 0.172863
vn -0.00316946 -0.930626 0.365958
v -0.00034928 -0.0569321 0.181211
vn -0.00342302 -0.622351 0.782731
v -0.00034928 -0.0463705 0.184716
vn -0.00338431 -0.148193 0.988953
v -0.00034928 -0.0354393 0.182502
vn -0.00329374 0.365973 0.93062
v -0.00034928 -0.0270906 0.175077
vn -0.00326332 0.782731 0.622351
v -0.00034928 -0.0235627 0.164514
vn -0.00365619 0.988952 0.148188
v -0.00034928 -0.0257999 0.153583
vn -0.00366291 0.930603 -0.366013
v -0.00034928 -0.0332021 0.145236
vn -0.00356123 0.622366 -0.782719
v -0.00034928 -0.043788 0.14173
vn -0.00336125 0.148084 -0.988969
v -0.00034928 -0.0547181 0.143944
vn -0.00365057 -0.365902 -0.930646
v -0.00034928 -0.0630426 0.151347
vn -0.00337191 -0.782367 -0.622809
v -0.00034928 -0.0665715 0.161932
vn -0.00317913 -0.988969 -0.148088
v 0.00326603 -0.00725909 0.123189
vn -0.373698 -0.811265 -0.449665
v 0.00746247 -0.0062663 0.120905
vn -0.00387402 -0.842006 -0.539455
v 0.00304705 -0.0196189 0.152453
vn -0.10438 -0.917822 -0.383023
v 0.0313146 -0.00619787 0.120929
vn 0.0226441 -0.878879 -0.476508
v 0.0346288 -0.00728118 0.123511
vn 0.180462 -0.90283 -0.390296
v 0.0346288 -0.0195263 0.152477
vn 0.106302 -0.923922 -0.367517
v 0.00657813 -0.0207486 0.155198
vn -0.0623331 -0.995433 -0.0723043
v 0.0313146 -0.0206801 0.155243
vn 0.0265564 -0.993386 0.111712
v -0.00133785 -0.0179134 0.157873
vn -0.987437 -0.157967 -0.00376484
v 0.00317022 -0.0193662 0.161378
vn -0.146611 -0.66308 0.73405
v -0.00105571 -0.00213828 0.120537
vn -0.936229 -0.205192 -0.285256
v 0.00429777 -0.000893852 0.117631
vn -0.05686 0.233998 -0.970573
v 0.0347331 -0.000800164 0.117654
vn 0.146579 0.0725847 -0.986532
v 0.038959 -0.00218459 0.120975
vn 0.989283 -0.0982721 -0.107991
v 0.038959 -0.0177976 0.157919
vn 0.948473 -0.316359 0.0177796
v 0.0347331 -0.0192957 0.161424
vn 0.0680094 -0.536865 0.840922
v -0.00145576 -0.00149395 0.164884
vn -0.9906 -0.130453 0.041154
v 0.00305231 -0.00294683 0.168389
vn -0.110669 -0.457336 0.882381
v -0.00117677 0.0142811 0.127548
vn -0.98832 -0.0126502 -0.151868
v 0.00417669 0.0155266 0.124619
vn -0.0826301 0.287973 -0.954067
v 0.034612 0.0156193 0.124665
vn 0.108906 0.322673 -0.940224
v 0.0388379 0.0142348 0.127985
vn 0.991765 -0.048527 -0.118521
v 0.0388379 -0.00137814 0.164929
vn 0.993228 -0.0916771 0.0713723
v 0.034612 -0.00287627 0.168435
vn 0.0994062 -0.490427 0.865795
v -0.00426989 0.0149728 0.1748
vn -0.95215 -0.297284 -0.0709368
v 0.000838278 0.0132883 0.178766
vn -0.158644 -0.661373 0.733088
v -0.00394984 0.0328219 0.132482
vn -0.933639 -0.197802 -0.298651
v 0.00211849 0.0342516 0.129185
vn -0.0491075 0.0597816 -0.997003
v 0.0366007 0.0343222 0.129231
vn 0.158126 0.0736138 -0.984671
v 0.041392 0.0327535 0.132966
vn 0.95546 -0.24635 -0.162506
v 0.041392 0.0150644 0.174845
vn 0.948049 -0.316595 0.0311526
v 0.0366007 0.013381 0.178812
vn 0.0598805 -0.679708 0.731034
v -0.0203661 0.0538084 0.208354
vn -0.977554 -0.210191 0.0144352
v -0.01173 0.0509943 0.215064
vn -0.0982786 -0.625256 0.774207
v -0.0198239 0.0840184 0.136817
vn -0.961216 -0.180552 -0.20848
v -0.00956756 0.0863703 0.131236
vn -0.0872526 0.191647 -0.977578
v 0.0487311 0.0865546 0.131306
vn 0.0984648 0.126968 -0.987008
v 0.056826 0.0838794 0.137648
vn 0.980017 -0.122632 -0.156613
v 0.056826 0.0539926 0.208446
vn 0.968222 -0.250011 -0.00637058
v 0.0487311 0.0511332 0.215134
vn 0.105411 -0.572611 0.813022
v -0.0205482 0.0784375 0.218893
vn -0.96335 0.141334 0.227993
v -0.011909 0.0756234 0.225581
vn -0.0635499 -0.284028 0.956708
v -0.0200092 0.108648 0.147357
vn -0.992574 0.116182 -0.0360391
v -0.0097518 0.111047 0.141776
vn -0.134244 0.598963 -0.789444
v 0.0485468 0.111184 0.141822
vn 0.0616244 0.495193 -0.866594
v 0.0566439 0.108533 0.148188
vn 0.960064 0.275349 -0.0496084
v 0.0566439 0.0786218 0.218962
vn 0.992964 0.0736257 0.0927418
v 0.0485468 0.0757855 0.225673
vn 0.161688 -0.142476 0.976503
v -0.0163191 0.0827972 0.216172
vn -0.0248642 0.919255 0.392876
v -0.00863373 0.0803052 0.222144
vn -0.0158895 0.798011 0.602433
v -0.0158401 0.109686 0.1525
vn -0.326704 0.87886 0.347663
v -0.00671133 0.111807 0.147541
vn -0.00971618 0.936987 0.34923
v 0.0451715 0.111946 0.147587
vn 0.000702752 0.944208 0.32935
v 0.0523779 0.109571 0.153238
vn 0.0371639 0.9234 0.382037
v 0.0523779 0.0829572 0.216241
vn 0.0695753 0.917757 0.391001
v 0.0451715 0.0804441 0.222214
vn 0.0503456 0.785059 0.617372
v -0.0350853 0.0913985 0.0873285
vn -0.954607 -0.297252 0.0191419
v -0.0350853 0.0891834 0.077388
vn -0.98582 -0.142348 0.0888604
v -0.0350853 0.0743327 0.160824
vn -0.999606 -0.0032317 -0.0278732
v -0.0350853 0.0829108 0.0700322
vn -0.993816 -0.0518107 0.0982067
v -0.0350853 0.0743327 0.0672654
vn -0.995266 0.00873256 0.0967969
v -0.0350853 0.0656608 0.0698247
vn -0.99386 0.0676497 0.0875557
v -0.0350853 0.0592956 0.0769964
vn -0.986335 0.151962 0.0636437
v -0.0350853 0.0568984 0.0868906
vn -0.909182 0.416317 0.00824296
v -0.0372477 0.104289 0.0886656
vn -0.766914 0.639407 -0.0547802
v -0.0372477 0.100415 0.0721767
vn -0.767918 0.554563 -0.320564
v -0.0410988 0.0937968 0.0860599
vn -0.992536 -0.121825 -0.00558267
v -0.0410988 0.0912595 0.0756351
vn -0.992667 -0.119534 -0.0180113
v -0.0372477 0.0895066 0.0600011
vn -0.769166 0.317626 -0.554524
v -0.0410988 0.0841563 0.067956
vn -0.992052 -0.119461 0.039523
v -0.0372477 0.0744716 0.0554341
vn -0.771658 -0.0266668 -0.635478
v -0.0410988 0.0743558 0.0650735
vn -0.992532 -0.0830737 0.0893279
v -0.0372477 0.059343 0.0596315
vn -0.766466 -0.362848 -0.529973
v -0.0410988 0.064509 0.0677255
vn -0.993365 -0.0206261 0.113138
v -0.0372477 0.0482033 0.0715303
vn -0.763046 -0.581551 -0.282064
v -0.0410988 0.0572216 0.0752435
vn -0.994154 0.0423588 0.0993199
v -0.0372477 0.0439848 0.0879276
vn -0.856102 -0.515991 -0.0290331
v -0.0410988 0.0545001 0.0855978
vn -0.974275 0.224264 0.0222228
v -0.0296486 0.108948 0.0887119
vn -0.203138 0.976093 -0.0773159
v -0.0296486 0.104474 0.0696858
vn -0.1642 0.856967 -0.488514
v -0.0296486 0.0918817 0.0556183
vn -0.223549 0.552791 -0.802775
v -0.0296486 0.0745169 0.0503385
vn -0.141631 0.0303817 -0.989453
v -0.0296486 0.0570826 0.0552035
vn -0.170328 -0.553142 -0.815489
v -0.0296486 0.0441911 0.0689478
vn -0.163267 -0.885791 -0.434417
v -0.0296486 0.0393261 0.0878591
vn -0.252617 -0.965413 -0.0645187
v -0.0350853 0.0913985 0.140761
vn -0.879482 -0.47585 -0.0088321
v -0.0350853 0.0891834 0.150724
vn -0.812197 -0.542145 -0.215443
v -0.0350853 0.0829108 0.158058
vn -0.567792 -0.518068 -0.639701
v -0.0350853 0.0656608 0.158288
vn -0.550986 0.372347 -0.746841
v -0.0350853 0.0592956 0.151093
vn -0.812547 0.488223 -0.318443
v -0.0350853 0.0568984 0.141199
vn -0.941475 0.336291 -0.0230808
v -0.0372477 0.104289 0.139424
vn -0.784623 0.619147 0.0320117
v -0.0410988 0.0937968 0.142007
vn -0.991095 -0.133106 -0.00369802
v -0.0372477 0.100415 0.155936
vn -0.768155 0.55424 0.320556
v -0.0410988 0.0912595 0.152453
vn -0.99564 -0.0849466 -0.038541
v -0.0372477 0.0895066 0.168089
vn -0.768708 0.318058 0.554912
v -0.0410988 0.0841563 0.160133
vn -0.995761 -0.0538783 -0.0745459
v -0.0372477 0.0744716 0.172678
vn -0.771588 -0.0268884 0.635554
v -0.0410988 0.0743558 0.163038
vn -0.99584 -0.00397163 -0.0910375
v -0.0372477 0.059343 0.168435
vn -0.76659 -0.363282 0.529496
v -0.0410988 0.064509 0.160363
vn -0.995826 0.0470014 -0.0782401
v -0.0372477 0.0482033 0.156535
vn -0.762958 -0.581582 0.282235
v -0.0410988 0.0572216 0.152845
vn -0.995864 0.0791458 -0.0446228
v -0.0372477 0.0439848 0.140162
vn -0.747692 -0.663281 0.0318675
v -0.0410988 0.0545001 0.142468
vn -0.984974 0.172659 -0.00375161
v -0.0296486 0.108948 0.139378
vn -0.109451 0.993116 0.0417291
v -0.0296486 0.104474 0.158426
vn -0.132153 0.888234 0.439973
v -0.0296486 0.0918817 0.172447
vn -0.222895 0.552405 0.803222
v -0.0296486 0.0745169 0.177751
vn -0.141037 0.0311202 0.989515
v -0.0296486 0.0570826 0.172886
vn -0.170543 -0.553303 0.815335
v -0.0296486 0.0441911 0.159141
vn -0.16369 -0.885726 0.43439
v -0.0296486 0.0393261 0.140231
vn -0.128733 -0.990292 0.0524363
v -0.00958546 0.0918817 0.0556183
vn 0 0.542522 -0.840042
v -0.00958546 0.0745169 0.0503385
vn 0 0.0119204 -0.999929
v -0.00958546 0.104474 0.0696858
vn 0 0.92419 -0.381933
v -0.00958546 0.0570826 0.0552035
vn 0 -0.441102 -0.897457
v -0.00958546 0.0441911 0.0689478
vn 0 -0.834411 -0.551143
v -0.00958546 0.0393261 0.0878591
vn 0 -0.997679 -0.0680905
v -0.00958546 0.0393261 0.140231
vn 0 -0.994231 0.107258
v -0.00958546 0.108948 0.0887119
vn 0 0.99931 -0.0371414
v -0.00958546 0.108948 0.139378
vn 0 0.994959 0.100286
v -0.00958546 0.104474 0.158426
vn 0 0.888645 0.458595
v -0.00958546 0.0918817 0.172447
vn 0 0.542084 0.840324
v -0.00958546 0.0745169 0.177751
vn 0 0.0126145 0.99992
v -0.00958546 0.0570826 0.172886
vn 0 -0.441119 0.897449
v -0.00958546 0.0441911 0.159141
vn 0 -0.834416 0.551135
v 0.00326603 -0.00725909 0.106815
vn -0.373759 -0.81137 0.449425
v 0.00304705 -0.0196189 0.077527
vn -0.104245 -0.917918 0.382832
v 0.00746247 -0.0062663 0.109075
vn -0.0038531 -0.842154 0.539223
v 0.0313146 -0.00619787 0.109075
vn 0.022586 -0.879017 0.476254
v 0.0346288 -0.00728118 0.106469
vn 0.180139 -0.903061 0.38991
v 0.0346288 -0.0195263 0.0774807
vn 0.10609 -0.923857 0.36774
v 0.00657813 -0.0207486 0.0747834
vn -0.0624415 -0.995396 0.0727122
v 0.0313146 -0.0206801 0.0747603
vn 0.0265319 -0.99333 -0.112209
v -0.00133785 -0.0179134 0.0721082
vn -0.987445 -0.157916 0.00376769
v 0.00317022 -0.0193662 0.0686256
vn -0.14656 -0.663049 -0.734089
v -0.00105571 -0.00213828 0.109444
vn -0.936334 -0.204999 0.285051
v 0.00429777 -0.000893852 0.112372
vn -0.0574425 0.234074 0.97052
v 0.0347331 -0.000800164 0.112349
vn 0.146463 0.0719446 0.986596
v 0.038959 -0.00218459 0.109029
vn 0.98927 -0.0983895 0.108005
v 0.038959 -0.0177976 0.0720851
vn 0.948415 -0.316532 -0.0177936
v 0.0347331 -0.0192957 0.0685793
vn 0.0681799 -0.537053 -0.840789
v -0.00145576 -0.00149395 0.0651209
vn -0.990591 -0.130514 -0.0411715
v 0.00305231 -0.00294683 0.0615919
vn -0.110687 -0.457339 -0.882377
v -0.00117677 0.0142811 0.102433
vn -0.988303 -0.012744 0.15197
v 0.00417669 0.0155266 0.105362
vn -0.0831976 0.287937 0.954029
v 0.034612 0.0156193 0.105339
vn 0.108473 0.323037 0.940149
v 0.0388379 0.0142348 0.102018
vn 0.991765 -0.0485277 0.11852
v 0.0388379 -0.00137814 0.0650735
vn 0.993228 -0.0916794 -0.0713718
v 0.034612 -0.00287627 0.0615687
vn 0.0997564 -0.490142 -0.865916
v -0.00426989 0.0149728 0.0552035
vn -0.952167 -0.297234 0.0709232
v 0.000838278 0.0132883 0.0512376
vn -0.158393 -0.661269 -0.733236
v -0.00394984 0.0328219 0.0975217
vn -0.933642 -0.197753 0.298674
v 0.00211849 0.0342516 0.100819
vn -0.0493016 0.0598059 0.996992
v 0.0366007 0.0343222 0.100773
vn 0.158332 0.0733752 0.984656
v 0.041392 0.0327535 0.0970374
vn 0.955476 -0.2463 0.162484
v 0.041392 0.0150644 0.0551582
vn 0.948042 -0.316618 -0.0311484
v 0.0366007 0.013381 0.0511903
vn 0.059741 -0.679824 -0.730938
v -0.0203661 0.0538084 0.0216266
vn -0.977551 -0.210204 -0.0144388
v -0.01173 0.0509943 0.0149382
vn -0.0983435 -0.625426 -0.774061
v -0.0198239 0.0840184 0.0931632
vn -0.961215 -0.18057 0.208471
v -0.00956756 0.0863703 0.098744
vn -0.0875021 0.191625 0.97756
v 0.0487311 0.0865546 0.0986977
vn 0.0984555 0.12705 0.986998
v 0.056826 0.0838794 0.0923325
vn 0.980023 -0.122639 0.156572
v 0.056826 0.0539926 0.021534
vn 0.968226 -0.249997 0.00637023
v 0.0487311 0.0511332 0.0148467
vn 0.105306 -0.572714 -0.812963
v -0.0205482 0.0784375 0.0111113
vn -0.963351 0.141336 -0.227991
v -0.011909 0.0756234 0.00439974
vn -0.0637385 -0.284002 -0.956703
v -0.0200092 0.108648 0.0826467
vn -0.99257 0.116212 0.0360447
v -0.0097518 0.111047 0.0882276
vn -0.134214 0.598816 0.78956
v 0.0485468 0.111184 0.0881813
vn 0.0614948 0.495255 0.866569
v 0.0566439 0.108533 0.0818161
vn 0.960084 0.27528 0.0495899
v 0.0566439 0.0786218 0.0110187
vn 0.992963 0.0736194 -0.0927585
v 0.0485468 0.0757855 0.00433131
vn 0.161715 -0.141866 -0.976587
v -0.0163191 0.0827972 0.0138317
vn -0.0249376 0.919272 -0.392832
v -0.00863373 0.0803052 0.00783712
vn -0.0158125 0.798017 -0.602427
v -0.0158401 0.109686 0.0774807
vn -0.326722 0.878854 -0.347661
v -0.00671133 0.111807 0.0824625
vn -0.00972061 0.936993 -0.349214
v 0.0451715 0.111946 0.0823941
vn 0.000586161 0.944237 -0.329267
v 0.0523779 0.109571 0.0767437
vn 0.0371676 0.923406 -0.382022
v 0.0523779 0.0829572 0.0137391
vn 0.0695705 0.917757 -0.391
v 0.0451715 0.0804441 0.00778977
vn 0.0503638 0.784273 -0.618368
v 0.0324264 0.0202073 0.204295
vn -0.130103 0.0837549 0.987957
v 0.0328822 0.013081 0.200952
vn -0.848524 -0.368022 0.380219
v 0.0475783 0.0211991 0.204203
vn -0.00633725 -0.0323945 0.999455
v 0.0480341 0.0140737 0.200859
vn -0.0413555 -0.743768 0.667158
v 0.0319189 0.0276106 0.201597
vn -0.450804 0.674364 0.584815
v 0.0470708 0.0286013 0.201504
vn 0.0547515 0.692625 0.719217
v 0.0316547 0.0309322 0.194449
vn -0.659097 0.748653 -0.0714753
v 0.0468055 0.0319229 0.194356
vn 0.091342 0.995527 0.0241423
v 0.0317874 0.0282096 0.187022
vn -0.701039 0.431082 -0.568078
v 0.0469382 0.0292245 0.18693
vn 0.0703421 0.735233 -0.674155
v 0.0322369 0.0211064 0.183678
vn -0.606945 -0.115206 -0.786349
v 0.0473877 0.0220992 0.183563
vn 0.0112087 0.056998 -0.998311
v 0.0327464 0.0137042 0.186377
vn -0.366456 -0.727677 -0.579824
v 0.0478983 0.014697 0.186284
vn -0.0333385 -0.658355 -0.751969
v 0.0330118 0.0103605 0.193525
vn -0.0647715 -0.993489 0.0937246
v 0.0481636 0.0113754 0.193434
vn -0.0451651 -0.996661 -0.0680265
v 0.0615826 0.018386 0.204964
vn -0.0849684 0.00403195 0.996375
v 0.0587568 0.0119292 0.201459
vn -0.390844 -0.633402 0.667864
v 0.0651852 0.0249586 0.202473
vn 0.266909 0.62037 0.737496
v 0.0674571 0.0277717 0.195462
vn 0.45317 0.888944 0.0664557
v 0.0670655 0.0251881 0.188014
vn 0.381735 0.663857 -0.643096
v 0.0642398 0.0187092 0.184486
vn 0.105335 0.0620277 -0.9925
v 0.0606371 0.0121587 0.186976
vn -0.226541 -0.589672 -0.77522
v 0.0583684 0.0093467 0.193987
vn -0.440507 -0.893818 -0.0839191
v 0.0720694 0.00893085 0.207201
vn -0.191007 0.0707861 0.979033
v 0.0667907 0.00468702 0.203166
vn -0.783652 -0.0638299 0.617912
v 0.0787515 0.0127367 0.205379
vn 0.453716 0.40897 0.791761
v 0.0829196 0.013819 0.198738
vn 0.832579 0.531438 0.156158
v 0.0821416 0.011606 0.19122
vn 0.740898 0.357 -0.568877
v 0.0768607 0.00731691 0.187184
vn 0.240338 -0.0233227 -0.970409
v 0.0701786 0.00353418 0.189006
vn -0.33499 -0.406238 -0.850149
v 0.0660096 0.00242771 0.195624
vn -0.948085 -0.264932 -0.175917
v 0.0745888 -0.00347533 0.210037
vn -0.156032 0.198589 0.967583
v 0.0824184 -0.00326793 0.209023
vn 0.546588 0.256373 0.797192
v 0.0873013 -0.00435335 0.202935
vn 0.967114 0.185382 0.174139
v 0.0863727 -0.00615049 0.195278
vn 0.836356 0.0068046 -0.548145
v 0.0801781 -0.00758019 0.190597
vn 0.214342 -0.181128 -0.959818
v 0.0723463 -0.00781181 0.191588
vn -0.554949 -0.253239 -0.792402
v 0.079478 -0.0456325 0.219631
vn -0.309787 0.118718 0.943365
v 0.0733149 -0.0474306 0.215019
vn -0.885784 -0.0387461 0.462477
v 0.0872697 -0.0449629 0.218524
vn 0.458163 0.202977 0.865383
v 0.0921273 -0.0458167 0.212367
vn 0.94532 0.169008 0.278937
v 0.0911924 -0.0475243 0.20471
vn 0.881747 0.036614 -0.470299
v 0.0850178 -0.0490909 0.200075
vn 0.299857 -0.118333 -0.946617
v 0.0772229 -0.0497373 0.201182
vn -0.455305 -0.20375 -0.866709
v 0.0723811 -0.0491141 0.207362
vn -0.943456 -0.173555 -0.282436
v 0.0826374 -0.0712523 0.221222
vn -0.236379 -0.0233131 0.971381
v 0.0763985 -0.0724293 0.216518
vn -0.84715 -0.102987 0.521278
v 0.0904144 -0.0704458 0.220093
vn 0.507231 0.0694616 0.859006
v 0.095171 -0.0704458 0.213774
vn 0.960723 0.121931 0.249286
v 0.0941192 -0.0712312 0.206002
vn 0.853537 0.10451 -0.510444
v 0.0878688 -0.0722451 0.201274
vn 0.242905 0.027295 -0.969666
v 0.0800918 -0.0730294 0.202428
vn -0.509772 -0.0653677 -0.857823
v 0.0753437 -0.0731441 0.2087
vn -0.963787 -0.120324 -0.237983
v 0.085779 -0.100126 0.22
vn -0.206703 -0.319712 0.924693
v 0.0794664 -0.100126 0.215227
vn -0.829913 -0.254459 0.496482
v 0.0935391 -0.099065 0.218962
vn 0.536305 -0.199468 0.820115
v 0.098203 -0.0976122 0.212759
vn 0.970162 0.0333284 0.240157
v 0.0970334 -0.096552 0.20501
vn 0.840099 0.250896 -0.48092
v 0.0907113 -0.0964594 0.200282
vn 0.211611 0.329054 -0.920296
v 0.082948 -0.0974743 0.20132
vn -0.545696 0.211778 -0.810781
v 0.0782904 -0.0990187 0.207501
vn -0.974685 -0.0335665 -0.22105
v 0.087515 -0.136833 0.200398
vn -0.2038 -0.66479 0.718693
v 0.0812214 -0.134789 0.196107
vn -0.833786 -0.416858 0.361981
v 0.0952805 -0.135491 0.199973
vn 0.536221 -0.529229 0.657559
v 0.0999738 -0.131501 0.195025
vn 0.971503 -0.0949479 0.21718
v 0.0988463 -0.127248 0.188456
vn 0.84071 0.411842 -0.351558
v 0.0925537 -0.125175 0.184148
vn 0.1991 0.685652 -0.700172
v 0.0847872 -0.126529 0.184619
vn -0.550157 0.54792 -0.630167
v 0.0800949 -0.130519 0.189566
vn -0.975765 0.0892946 -0.199775
v 0.0897196 -0.165056 0.162385
vn -0.0981364 -0.950894 0.293547
v 0.0831849 -0.162055 0.159116
vn -0.768556 -0.621747 0.150836
v 0.0974366 -0.163412 0.161949
vn 0.603058 -0.750833 0.269391
v 0.101813 -0.158125 0.158065
vn 0.989067 -0.116703 0.0901533
v 0.100284 -0.152257 0.152988
vn 0.772042 0.619585 -0.141653
v 0.0937465 -0.149261 0.149743
vn 0.0967854 0.958256 -0.269032
v 0.0860295 -0.150863 0.150192
vn -0.60679 0.755971 -0.245588
v 0.0816541 -0.156172 0.154068
vn -0.990667 0.109651 -0.080969
v 0.0912104 -0.183738 0.0543023
vn -0.12296 -0.991468 -0.0432729
v 0.0845051 -0.179713 0.0531853
vn -0.77778 -0.618901 -0.109636
v 0.0988958 -0.1819 0.0543181
vn 0.59331 -0.803905 0.0414698
v 0.103055 -0.175273 0.0531748
vn 0.984669 -0.142548 0.100534
v 0.101253 -0.167773 0.051585
vn 0.779911 0.617292 0.10339
v 0.0945488 -0.163749 0.0504681
vn 0.121011 0.991463 0.0485594
v 0.0868686 -0.165571 0.0504817
vn -0.595928 0.802133 -0.0381002
v 0.0827059 -0.172192 0.051604
vn -0.984657 0.136228 -0.109051
v 0.113146 -0.154758 -0.103327
vn -0.132685 -0.770124 -0.623942
v 0.107358 -0.151252 -0.103327
vn -0.694341 -0.421697 -0.583149
v 0.119731 -0.153144 -0.103396
vn 0.548912 -0.756499 -0.355536
v 0.123245 -0.147378 -0.103511
vn 0.954565 -0.218564 0.202573
v 0.121638 -0.140783 -0.10365
vn 0.695984 0.415196 0.585849
v 0.115848 -0.137277 -0.10365
vn 0.135805 0.762684 0.632353
v 0.109269 -0.138891 -0.103556
vn -0.549203 0.756677 0.354706
v 0.105753 -0.144657 -0.103419
vn -0.953254 0.213007 -0.214326
v 0.163445 0.00939301 -0.190743
vn -0.124913 -0.558241 -0.820222
v 0.157653 0.0122198 -0.188663
vn -0.719383 -0.309222 -0.621989
v 0.170024 0.0107027 -0.189832
vn 0.522236 -0.573116 -0.631512
v 0.17354 0.0154003 -0.186473
vn 0.969577 -0.242743 0.0315742
v 0.171929 0.0207401 -0.182622
vn 0.688112 0.23029 0.68809
v 0.16614 0.0235805 -0.180561
vn 0.113942 0.462139 0.879457
v 0.159559 0.022254 -0.181486
vn -0.509605 0.480879 0.713483
v 0.156045 0.0175564 -0.184847
vn -0.983266 0.170856 0.0632176
v 0.137613 0.0513838 0.286824
vn 0.93901 -0.172507 0.297493
v 0.13521 0.0334241 0.261139
vn 3.15816e-06 -0.819573 0.572974
v 0.145756 0.0298973 0.256094
vn 0.696971 -0.463706 0.546999
v 0.13521 0.0482991 0.282412
vn -4.44594e-06 -0.819571 0.572978
v -0.114663 0.0513838 0.286824
vn -0.893928 -0.270409 0.357451
v -0.112259 0.0482991 0.282412
vn 8.77549e-06 -0.81957 0.57298
v -0.112259 0.0334241 0.261139
vn -1.7015e-06 -0.819579 0.572967
v -0.122805 0.0298973 0.256094
vn -0.853539 -0.321054 0.410361
v 0.13521 0.00840653 0.24114
vn 8.92906e-06 -0.571151 0.820845
v 0.146874 0.0013707 0.236245
vn 0.404972 -0.390683 0.826659
v 0.13521 0.0232804 0.251491
vn 1.35728e-05 -0.571063 0.820906
v -0.112259 0.00840653 0.24114
vn -4.80805e-06 -0.571148 0.820847
v -0.123922 0.0013707 0.236245
vn -0.649575 -0.349517 0.675197
v -0.112259 0.0232804 0.251491
vn -6.81933e-06 -0.571056 0.820911
v -0.120233 -0.0361162 0.222064
vn -0.456166 -0.327356 0.827496
v 0.143184 -0.0361162 0.222064
vn 0.458009 -0.27839 0.844231
v 0.13521 -0.00782128 0.232768
vn 0 0.353831 -0.935309
v 0.13521 -0.0226962 0.227141
vn 0 0.353831 -0.935309
v -0.112259 -0.00782128 0.232768
vn 0 0.353831 -0.935309
v -0.112259 -0.0226962 0.227141
vn 0 0.353831 -0.935309
v -0.106072 -0.0496204 0.219503
vn 0 0.186375 -0.982479
v 0.129024 -0.0496204 0.219503
vn 0 0.186375 -0.982479
v -0.106072 -0.0646439 0.216653
vn 0 0.186375 -0.982479
v 0.129024 -0.0646439 0.216653
vn 0 0.186375 -0.982479
v -0.112097 -0.0791535 0.213901
vn -0.514819 -0.221126 0.82829
v 0.135049 -0.0791535 0.213901
vn 0.543115 -0.181497 0.819808
v -0.0912309 -0.0927441 0.213434
vn 0 0.0343225 -0.999411
v 0.113303 -0.0927441 0.213434
vn 0 0.0343225 -0.999411
v -0.0912309 -0.107919 0.212912
vn 0 0.0343225 -0.999411
v 0.113303 -0.107919 0.212912
vn 0 0.0343225 -0.999411
v -0.100481 -0.121277 0.212453
vn -0.553892 -0.116907 0.82434
v 0.123431 -0.121277 0.212453
vn 0.634862 -0.0613672 0.770184
v -0.0793185 -0.127825 0.21424
vn 0 -0.263317 -0.964709
v 0.101532 -0.127825 0.21424
vn 0 -0.263317 -0.964709
v -0.0793185 -0.142999 0.218382
vn 0 -0.263317 -0.964709
v 0.101532 -0.142999 0.218382
vn 0 -0.263317 -0.964709
v -0.0906182 -0.149516 0.22016
vn -0.316605 0.145234 0.937373
v 0.11357 -0.149516 0.22016
vn 0.583937 0.0175682 0.811609
v 0.162027 0.0284707 -0.230609
vn -0.0611385 -0.825716 -0.560762
v 0.150527 0.0341 -0.226494
vn -0.749213 -0.555726 -0.360345
v 0.175091 0.0311206 -0.228789
vn 0.660512 -0.625868 -0.414745
v 0.18207 0.0404305 -0.222111
vn 0.997353 -0.0723811 -0.00685976
v 0.178873 0.0510069 -0.214466
vn 0.748946 0.509856 0.423235
v 0.167377 0.0566331 -0.210384
vn 0.0620462 0.779405 0.62344
v 0.154313 0.0540158 -0.212207
vn -0.65955 0.580242 0.477822
v 0.147331 0.0446901 -0.218869
vn -0.997187 0.0267621 0.0700098
v 0.161954 0.112026 -0.343576
vn -0.267372 -0.762504 -0.589152
v 0.150726 0.117476 -0.339458
vn -0.870259 -0.384407 -0.308028
v 0.174711 0.114579 -0.341745
vn 0.491972 -0.687658 -0.533939
v 0.181524 0.123561 -0.335064
vn 0.963084 -0.204189 -0.175431
v 0.178406 0.133755 -0.327462
vn 0.870166 0.406737 0.278166
v 0.167181 0.139191 -0.323327
vn 0.267412 0.784686 0.559248
v 0.154422 0.13667 -0.325161
vn -0.491155 0.710083 0.504528
v 0.147608 0.127688 -0.331841
vn -0.963197 0.22608 0.145393
v 0.162217 0.122585 -0.352294
vn -0.262036 -0.496081 -0.827793
v 0.152686 0.127198 -0.348826
vn -0.826006 -0.163943 -0.539293
v 0.173042 0.124732 -0.350764
vn 0.445284 -0.43139 -0.784618
v 0.178826 0.132361 -0.34509
vn 0.900653 -0.0042747 -0.434519
v 0.176177 0.14101 -0.33862
vn 0.834546 0.550026 0.0316831
v 0.166651 0.145607 -0.335135
vn 0.268614 0.902183 0.337509
v 0.155823 0.143477 -0.336681
vn -0.463524 0.836273 0.292904
v 0.150041 0.135847 -0.342357
vn -0.917815 0.389933 -0.074612
v 0.162488 0.125654 -0.351648
vn -0.132522 0.213976 -0.967808
v 0.154678 0.129446 -0.348817
vn -0.404966 0.365109 -0.838271
v 0.171367 0.127426 -0.350392
vn 0.186211 0.247448 -0.950839
v 0.176106 0.133669 -0.345751
vn 0.404964 0.437658 -0.802782
v 0.173938 0.140755 -0.340429
vn 0.399913 0.700371 -0.591227
v 0.166125 0.144564 -0.337583
vn 0.144425 0.896338 -0.41919
v 0.15725 0.142792 -0.33884
vn -0.232477 0.87424 -0.426215
v 0.152508 0.13653 -0.343495
vn -0.460916 0.641347 -0.613376
v 0.0114757 0.135526 0.40823
vn -1.40088e-17 -0.380255 0.924882
v 0.0114757 0.169909 0.409853
vn -2.32445e-17 0.277513 0.960722
v -0.0644014 0.16693 0.388029
vn -0.544831 0.324438 0.773239
v -0.0558738 0.167616 0.376279
vn 0.465566 0.4886 -0.737915
v 0.0114757 0.170592 0.398101
vn -3.39869e-18 0.661499 -0.749946
v 0.0114757 0.136212 0.39648
vn -5.0331e-18 -0.121581 -0.992582
v -0.0996122 0.078328 -0.00871389
vn 0.981994 -0.0849823 0.168719
v -0.0731259 -0.125202 -0.0667598
vn 0.578082 -0.229341 0.783086
v -0.0745198 -0.121591 -0.085787
vn 0.906998 0.155506 -0.391372
v -0.113744 0.078328 -0.00871389
vn -0.913888 -0.26254 0.309647
v -0.0875956 -0.125202 -0.0667598
vn -0.964372 -0.191434 0.182592
v -0.113744 0.0945274 -0.0509163
vn -0.932043 -0.0786904 -0.3537
v -0.0886516 -0.121591 -0.085787
vn -0.809634 -0.108067 -0.5769
v -0.0996122 0.0945274 -0.0509163
vn 0.933848 -0.0307747 -0.356343
v -0.0996122 0.146433 -0.118392
vn 0.987252 -0.0422701 -0.153452
v -0.113744 0.113027 -0.00707783
vn -0.962056 0.259739 -0.083571
v -0.113744 0.148994 -0.0659197
vn -0.729083 0.614561 0.301251
v -0.113744 0.146433 -0.118392
vn -0.961172 -0.0732838 -0.26604
v -0.0996122 0.113027 -0.00707783
vn 0.925159 0.310134 0.218856
v -0.0996122 0.148994 -0.0659197
vn 0.929911 0.361431 0.0680682
v -0.0644014 0.13255 0.386408
vn -0.645769 -0.422806 0.635781
v -0.0558738 0.133233 0.374657
vn 0.739934 -0.304011 -0.600063
v -0.121614 0.119553 0.291143
vn -0.846367 -0.404304 0.3467
v -0.107482 0.119943 0.284428
vn 0.885363 -0.392689 -0.248852
v -0.121614 0.153935 0.292764
vn -0.860163 0.367419 0.353727
v -0.141874 0.104588 0.195257
vn -0.926547 -0.371669 0.0580749
v -0.127742 0.104588 0.195257
vn 0.927501 -0.37157 0.0409578
v -0.141874 0.140865 0.196968
vn -0.929581 0.365361 0.0489015
v -0.107482 0.154326 0.286049
vn 0.804337 0.410628 -0.429448
v -0.133161 0.0930577 0.093877
vn -0.921786 -0.376414 -0.0928633
v -0.119029 0.0930577 0.093877
vn 0.905094 -0.381454 0.187875
v -0.133161 0.12702 0.0954783
vn -0.911529 0.378475 -0.160849
v -0.127742 0.140865 0.196968
vn 0.910098 0.383954 -0.155886
v -0.119029 0.12702 0.0954783
vn 0.925132 0.374925 0.0596923
v 0.0873529 0.16693 0.388029
vn 0.54483 0.324449 0.773236
v 0.0788242 0.167616 0.376279
vn -0.465564 0.488611 -0.737909
v 0.0974713 -0.121591 -0.085787
vn -0.971769 0.112396 -0.207441
v 0.0960774 -0.125202 -0.0667598
vn -0.579429 -0.191709 0.792155
v 0.122564 0.078328 -0.00871389
vn -0.976983 -0.0959603 0.190514
v 0.110547 -0.125202 -0.0667598
vn 0.961361 -0.209612 0.178459
v 0.136695 0.078328 -0.00871389
vn 0.913888 -0.26254 0.309647
v 0.111603 -0.121591 -0.085787
vn 0.575329 0.027479 -0.81746
v 0.136695 0.0945274 -0.0509163
vn 0.976716 -0.0975077 -0.1911
v 0.122564 0.0945274 -0.0509163
vn -0.898046 0.00843149 -0.439821
v 0.122564 0.148994 -0.0659197
vn -0.948505 0.311289 0.058625
v 0.122564 0.146433 -0.118392
vn -0.964047 -0.0705705 -0.25619
v 0.136695 0.146433 -0.118392
vn 0.87574 -0.128212 -0.465446
v 0.136695 0.148994 -0.0659197
vn 0.903798 0.384273 0.188372
v 0.122564 0.113027 -0.00707783
vn -0.925159 0.310134 0.218856
v 0.0788242 0.133233 0.374657
vn -0.73993 -0.304021 -0.600062
v 0.0873529 0.13255 0.386408
vn 0.645765 -0.422816 0.635779
v 0.130433 0.119943 0.284428
vn -0.885359 -0.392697 -0.248853
v 0.144565 0.119553 0.291143
vn 0.846367 -0.404304 0.3467
v 0.144565 0.153935 0.292764
vn 0.860161 0.367427 0.353725
v 0.150693 0.104588 0.195257
vn -0.927501 -0.371571 0.0409578
v 0.164825 0.104588 0.195257
vn 0.926547 -0.371669 0.0580749
v 0.130433 0.154326 0.286049
vn -0.804335 0.410628 -0.429453
v 0.164825 0.140865 0.196968
vn 0.929581 0.365361 0.0489014
v 0.14198 0.0930577 0.093877
vn -0.905094 -0.381454 0.187875
v 0.156112 0.0930577 0.093877
vn 0.921786 -0.376414 -0.0928633
v 0.150693 0.140865 0.196968
vn -0.910098 0.383954 -0.155886
v 0.156112 0.12702 0.0954783
vn 0.911528 0.378475 -0.160849
v 0.14198 0.12702 0.0954783
vn -0.925131 0.374925 0.0596923
v 0.136695 0.113027 -0.00707783
vn 0.941704 0.320274 -0.103048
v -0.0413304 0.0753128 -0.366082
vn -0.66819 0.654402 -0.35395
v -0.04884 0.0687465 -0.362684
vn -0.740343 0.600514 -0.302117
v -0.04884 0.0811316 -0.331725
vn -0.732305 0.652608 -0.194506
v -0.0531565 0.06401 -0.360201
vn -0.815318 0.506117 -0.281249
v -0.0531565 0.0760108 -0.330202
vn -0.818841 0.55091 -0.161237
v -0.0463765 0.0525103 -0.392277
vn -0.715632 0.581036 -0.387643
v -0.054822 0.04419 -0.385584
vn -0.847096 0.439859 -0.29825
v -0.0564876 0.0590661 -0.35757
vn -0.907376 0.366411 -0.205944
v -0.0564876 0.0706679 -0.328568
vn -0.902719 0.409288 -0.132596
v -0.033624 0.0580406 -0.165763
vn -0.645694 0.58448 0.491388
v -0.0463765 0.0492614 -0.173169
vn -0.707067 0.535216 0.462169
v -0.0413304 0.0278927 -0.145835
vn -0.678058 0.464726 0.569445
v -0.0413304 -0.00133813 -0.12684
vn -0.663866 0.337702 0.667263
v -0.04884 -0.00472393 -0.133369
vn -0.727791 0.316799 0.608242
v -0.0463765 -0.0349845 -0.118578
vn -0.699007 0.2618 0.66547
v -0.04884 0.0232931 -0.151575
vn -0.736529 0.414586 0.534456
v -0.0413304 0.0728335 -0.19861
vn -0.661359 0.654616 0.366171
v -0.04884 0.0663693 -0.202161
vn -0.729431 0.598867 0.330588
v -0.0531565 -0.00717905 -0.138008
vn -0.811879 0.271549 0.51683
v -0.0531565 -0.0371775 -0.126007
vn -0.78497 0.227563 0.576227
v -0.0531565 0.0199694 -0.15565
vn -0.805154 0.376913 0.45789
v -0.0531565 0.0432668 -0.178132
vn -0.799743 0.457933 0.388213
v -0.0531565 0.0617075 -0.204663
vn -0.815058 0.508266 0.278111
v -0.0564876 -0.00975632 -0.14276
vn -0.895631 0.217672 0.387898
v -0.0564876 -0.0387577 -0.131159
vn -0.894056 0.166376 0.415912
v -0.0564876 0.0164899 -0.159817
vn -0.89658 0.2867 0.33756
v -0.0564876 0.0390124 -0.181554
vn -0.89777 0.344561 0.274386
v -0.0564876 0.0568404 -0.207201
vn -0.89896 0.390116 0.1992
v -0.0413304 0.0865356 -0.230587
vn -0.665051 0.713373 0.22092
v -0.04884 0.079503 -0.23281
vn -0.730705 0.652834 0.199694
v -0.0413304 0.0937747 -0.264688
vn -0.66503 0.742545 0.0797581
v -0.04884 0.0864409 -0.265497
vn -0.731046 0.678669 0.0705746
v -0.0413304 0.0943916 -0.299543
vn -0.665343 0.74374 -0.0645709
v -0.04884 0.0870347 -0.298906
vn -0.731667 0.6789 -0.0612981
v -0.0413304 0.0882338 -0.333783
vn -0.665645 0.71594 -0.210585
v -0.0531565 0.0744337 -0.234361
vn -0.815915 0.552072 0.171756
v -0.0531565 0.0811558 -0.266032
vn -0.816785 0.573563 0.0623573
v -0.0531565 0.0817307 -0.298405
vn -0.817866 0.573318 -0.0490148
v -0.0564876 0.0691434 -0.235911
vn -0.899916 0.419793 0.118004
v -0.0564876 0.0756424 -0.26653
vn -0.90084 0.432717 0.0352524
v -0.0564876 0.0761972 -0.297826
vn -0.901844 0.429311 -0.0486792
v -0.0170424 0.0893392 -0.373303
vn -0.300941 0.854583 -0.423228
v -0.0229728 0.0872979 -0.372252
vn -0.460546 0.789699 -0.405305
v -0.0229728 0.1012 -0.337501
vn -0.460778 0.854221 -0.240812
v -0.0170424 0.068657 -0.40513
vn -0.246339 0.81038 -0.531602
v -0.0229728 0.066861 -0.403701
vn -0.483079 0.734187 -0.477079
v -0.0310278 0.0828782 -0.369977
vn -0.591192 0.716985 -0.369356
v -0.0310278 0.0964193 -0.33613
vn -0.591484 0.77572 -0.220012
v -0.0310278 0.0629751 -0.400609
vn -0.620721 0.654868 -0.431108
v -0.0170424 0.00588087 -0.112815
vn -0.280414 0.43489 0.855709
v -0.0229728 0.00483126 -0.114858
vn -0.444415 0.426191 0.787945
v -0.0229728 -0.0299205 -0.100956
vn -0.448866 0.32831 0.831103
v -0.0170424 0.0377101 -0.133497
vn -0.285937 0.597925 0.748816
v -0.0229728 0.0362804 -0.135294
vn -0.44009 0.554327 0.706429
v -0.0170424 0.0650207 -0.159858
vn -0.286144 0.730715 0.61982
v -0.0229728 0.0632678 -0.16134
vn -0.427389 0.689377 0.584892
v -0.0170424 0.0866409 -0.190959
vn -0.286235 0.838944 0.462863
v -0.0229728 0.0846311 -0.192073
vn -0.451392 0.781849 0.430067
v -0.0310278 0.00255614 -0.119276
vn -0.573214 0.3758 0.728149
v -0.0284326 0.0343559 -0.137713
vn -0.531015 0.539371 0.65353
v -0.0284326 0.0609063 -0.163338
vn -0.544149 0.644324 0.537353
v -0.0310278 0.080282 -0.194484
vn -0.580986 0.715397 0.388152
v -0.033624 0.0320197 -0.14065
vn -0.624269 0.478344 0.617637
v -0.033624 -0.0318082 -0.107541
vn -0.620448 0.289263 0.728952
v -0.0170424 0.101559 -0.225773
vn -0.28603 0.913999 0.287736
v -0.0229728 0.0993724 -0.226474
vn -0.460539 0.844997 0.271817
v -0.0170424 0.109441 -0.262904
vn -0.285929 0.952293 0.106687
v -0.0229728 0.107161 -0.263164
vn -0.460393 0.881576 0.10422
v -0.0170424 0.110113 -0.300855
vn -0.286062 0.954997 -0.0784152
v -0.0229728 0.107825 -0.300665
vn -0.460542 0.885097 -0.0671121
v -0.0170424 0.103409 -0.338135
vn -0.286241 0.920514 -0.265933
v -0.0310278 0.094639 -0.227991
vn -0.591197 0.76816 0.245796
v -0.0310278 0.102224 -0.263727
vn -0.590996 0.801236 0.093517
v -0.0310278 0.102873 -0.300251
vn -0.591222 0.804106 -0.062214
v -0.0105014 0.090611 -0.373957
vn -0.148091 0.871254 -0.467959
v -0.0105014 0.104785 -0.33853
vn -0.131881 0.950533 -0.281236
v 0.000235031 0.0913838 -0.374355
vn -0.0235337 0.891634 -0.452145
v -0.00345608 0.070351 -0.406476
vn -0.0700178 0.834779 -0.546115
v 0.000235031 0.105621 -0.338769
vn -0.0337545 0.9645 -0.261917
v 0.0227164 0.105621 -0.338769
vn 0.0213318 0.963458 -0.26701
v -0.0105014 0.111539 -0.300973
vn -0.131824 0.987425 -0.087256
v -0.0105014 0.110862 -0.262742
vn -0.131737 0.985774 0.104379
v -0.0105014 0.102921 -0.225338
vn -0.13182 0.94736 0.291775
v -0.0105014 0.0878927 -0.190264
vn -0.131913 0.87099 0.47326
v 0.000235031 0.112405 -0.301046
vn -0.0261461 0.995464 -0.0914756
v 0.000235031 0.111725 -0.262644
vn -0.02132 0.992361 0.121511
v 0.000235031 0.10375 -0.225072
vn -0.0337528 0.948535 0.314868
v 0.000235031 0.0886528 -0.189843
vn -0.0261325 0.880086 0.474095
v 0.0227164 0.112405 -0.301046
vn 0.0261216 0.998538 -0.0473229
v 0.0227164 0.10375 -0.225072
vn 0.0213295 0.950426 0.310219
v 0.0227164 0.0886528 -0.189843
vn 0.0261192 0.857427 0.513943
v -0.0105014 0.0661135 -0.158933
vn -0.131824 0.759913 0.636518
v -0.0105014 0.0385997 -0.13238
vn -0.131701 0.623227 0.770872
v -0.0105014 0.00653678 -0.111545
vn -0.119829 0.475282 0.871635
v 0.000235031 0.0667768 -0.158371
vn -0.0213324 0.755586 0.654702
v 0.000235031 0.0391398 -0.131698
vn -0.0261276 0.596987 0.801825
v 0.000235031 0.00693368 -0.11077
vn -0.0412639 0.44351 0.895319
v -0.0137714 -0.0290899 -0.0980584
vn -0.166942 0.361434 0.917331
v 0.000235031 -0.0286508 -0.096534
vn -0.0267579 0.371305 0.928125
v 0.0227164 0.00693368 -0.11077
vn 0.0213518 0.45271 0.891402
v -0.0585479 0.053981 -0.354817
vn -0.941844 0.303323 -0.144653
v -0.0585479 0.0375258 -0.380142
vn -0.927208 0.30959 -0.210806
v -0.0585479 0.0637047 -0.237428
vn -0.939155 0.323782 0.114683
v -0.0585479 0.0699762 -0.266972
vn -0.93988 0.337861 0.0497516
v -0.0585479 0.0705121 -0.297171
vn -0.940631 0.339063 -0.015789
v -0.0585479 0.0651765 -0.326834
vn -0.941349 0.327392 -0.0817117
v -0.0585479 -0.0124251 -0.147547
vn -0.935805 0.15174 0.318188
v -0.0585479 0.0128999 -0.164005
vn -0.936513 0.209177 0.281405
v -0.0585479 0.0346307 -0.184978
vn -0.93739 0.257459 0.234552
v -0.0585479 0.0518333 -0.209725
vn -0.938345 0.296362 0.177985
v 0.0717915 0.0811316 -0.331725
vn 0.732305 0.652608 -0.194506
v 0.0717915 0.0687465 -0.362684
vn 0.740343 0.600514 -0.302117
v 0.0642819 0.0753128 -0.366082
vn 0.66819 0.654402 -0.353949
v 0.076108 0.0760108 -0.330202
vn 0.818842 0.550909 -0.161237
v 0.076108 0.06401 -0.360201
vn 0.815319 0.506117 -0.281249
v 0.079439 0.0706679 -0.328568
vn 0.90272 0.409287 -0.132596
v 0.079439 0.0590661 -0.35757
vn 0.907376 0.36641 -0.205943
v 0.0777735 0.04419 -0.385584
vn 0.847096 0.439858 -0.298249
v 0.069328 0.0525103 -0.392277
vn 0.715633 0.581036 -0.387643
v 0.069328 -0.0349845 -0.118578
vn 0.698993 0.261802 0.665484
v 0.0717915 -0.00472393 -0.133369
vn 0.727792 0.3168 0.608241
v 0.0642819 -0.00133813 -0.12684
vn 0.663852 0.337707 0.667274
v 0.076108 -0.0371775 -0.126007
vn 0.78497 0.227563 0.576227
v 0.076108 -0.00717905 -0.138008
vn 0.811879 0.271549 0.51683
v 0.079439 -0.0387577 -0.131159
vn 0.894056 0.166375 0.415911
v 0.079439 -0.00975632 -0.14276
vn 0.895631 0.217672 0.387897
v 0.0717915 0.0232931 -0.151575
vn 0.736529 0.414586 0.534456
v 0.0642819 0.0278927 -0.145835
vn 0.678034 0.464741 0.56946
v 0.076108 0.0199694 -0.15565
vn 0.805155 0.376913 0.457889
v 0.079439 0.0164899 -0.159817
vn 0.896581 0.286699 0.337559
v 0.069328 0.0492614 -0.173169
vn 0.707054 0.535226 0.462177
v 0.0565744 0.0580406 -0.165763
vn 0.645687 0.584481 0.491396
v 0.076108 0.0432668 -0.178132
vn 0.799743 0.457932 0.388212
v 0.079439 0.0390124 -0.181554
vn 0.89777 0.34456 0.274385
v 0.0717915 0.0663693 -0.202161
vn 0.729432 0.598867 0.330588
v 0.0642819 0.0728335 -0.19861
vn 0.661353 0.654618 0.366179
v 0.076108 0.0617075 -0.204663
vn 0.815059 0.508265 0.278111
v 0.079439 0.0568404 -0.207201
vn 0.898961 0.390115 0.199199
v 0.0717915 0.079503 -0.23281
vn 0.730705 0.652834 0.199694
v 0.0642819 0.0865356 -0.230587
vn 0.665051 0.713373 0.22092
v 0.076108 0.0744337 -0.234361
vn 0.815915 0.552071 0.171755
v 0.079439 0.0691434 -0.235911
vn 0.899916 0.419792 0.118004
v 0.0717915 0.0864409 -0.265497
vn 0.731046 0.678669 0.0705746
v 0.0642819 0.0937747 -0.264688
vn 0.66503 0.742545 0.0797581
v 0.076108 0.0811558 -0.266032
vn 0.816785 0.573562 0.0623572
v 0.079439 0.0756424 -0.26653
vn 0.900841 0.432716 0.0352523
v 0.0717915 0.0870347 -0.298906
vn 0.731667 0.6789 -0.0612981
v 0.0642819 0.0943916 -0.299543
vn 0.665343 0.74374 -0.0645708
v 0.076108 0.0817307 -0.298405
vn 0.817866 0.573317 -0.0490148
v 0.079439 0.0761972 -0.297826
vn 0.901844 0.42931 -0.048679
v 0.0642819 0.0882338 -0.333783
vn 0.665645 0.71594 -0.210585
v 0.0459243 0.1012 -0.337501
vn 0.460778 0.854221 -0.240812
v 0.0459243 0.0872979 -0.372252
vn 0.475711 0.787627 -0.391591
v 0.0399939 0.0893392 -0.373303
vn 0.291781 0.844149 -0.44975
v 0.0539793 0.0964193 -0.33613
vn 0.591484 0.77572 -0.220012
v 0.0539793 0.0828782 -0.369977
vn 0.581701 0.720139 -0.378185
v 0.0539793 0.0629751 -0.400609
vn 0.604168 0.665797 -0.437831
v 0.0429596 0.067759 -0.404415
vn 0.417 0.758776 -0.50037
v 0.0459243 -0.0299205 -0.100956
vn 0.470531 0.326152 0.819894
v 0.0459243 0.00483126 -0.114858
vn 0.444404 0.426195 0.787949
v 0.0399939 0.00588087 -0.112815
vn 0.286034 0.442834 0.849754
v 0.0539793 0.00255614 -0.119276
vn 0.573228 0.375794 0.72814
v 0.0565744 -0.0318082 -0.107541
vn 0.620449 0.289251 0.728956
v 0.0459243 0.0362804 -0.135294
vn 0.440065 0.554333 0.706441
v 0.0399939 0.037709 -0.133497
vn 0.285937 0.597925 0.748816
v 0.0513841 0.0343559 -0.137713
vn 0.531045 0.539362 0.653514
v 0.0565744 0.0320197 -0.14065
vn 0.624279 0.478342 0.617628
v 0.0459243 0.0632678 -0.16134
vn 0.42739 0.689376 0.584892
v 0.0399939 0.0650207 -0.159858
vn 0.286127 0.730715 0.619829
v 0.0513841 0.0609063 -0.163338
vn 0.544184 0.644308 0.537337
v 0.0459243 0.0846311 -0.192073
vn 0.451392 0.781849 0.430067
v 0.0399939 0.0866409 -0.190959
vn 0.286235 0.838944 0.462863
v 0.0539793 0.080282 -0.194484
vn 0.580995 0.71539 0.388152
v 0.0459243 0.0993724 -0.226474
vn 0.460539 0.844997 0.271817
v 0.0399939 0.101559 -0.225773
vn 0.28603 0.913999 0.287736
v 0.0539793 0.094639 -0.227991
vn 0.591197 0.76816 0.245796
v 0.0459243 0.107161 -0.263164
vn 0.460393 0.881576 0.10422
v 0.0399939 0.109441 -0.262904
vn 0.285929 0.952293 0.106687
v 0.0539793 0.102224 -0.263727
vn 0.590996 0.801235 0.0935169
v 0.0459243 0.107825 -0.300665
vn 0.460542 0.885097 -0.0671121
v 0.0399939 0.110113 -0.300855
vn 0.286062 0.954997 -0.0784152
v 0.0539793 0.102873 -0.300251
vn 0.591222 0.804106 -0.062214
v 0.0399939 0.103409 -0.338135
vn 0.286241 0.920514 -0.265933
v 0.0334529 0.0697762 -0.406019
vn 0.140368 0.828496 -0.542117
v 0.0334529 0.090611 -0.373957
vn 0.145075 0.885256 -0.441899
v 0.0227164 0.0913838 -0.374355
vn 0.03937 0.885339 -0.463276
v 0.0190253 0.0705637 -0.406645
vn 0.0123073 0.838282 -0.545098
v 0.0334529 0.104785 -0.33853
vn 0.131881 0.950533 -0.281236
v 0.0334529 0.111539 -0.300973
vn 0.131824 0.987425 -0.087256
v 0.0334529 0.110862 -0.262742
vn 0.131737 0.985774 0.104379
v 0.0227164 0.111725 -0.262644
vn 0.033736 0.991414 0.12633
v 0.0334529 0.102921 -0.225338
vn 0.13182 0.94736 0.291775
v 0.0334529 0.0878927 -0.190264
vn 0.131913 0.87099 0.47326
v 0.0334529 0.0661135 -0.158933
vn 0.131838 0.759909 0.636519
v 0.0227164 0.0667768 -0.158371
vn 0.0337537 0.75204 0.658253
v 0.0334529 0.0385997 -0.13238
vn 0.131725 0.623226 0.770868
v 0.0227164 0.0391398 -0.131698
vn 0.0261393 0.631149 0.775221
v 0.0334529 0.00653678 -0.111545
vn 0.131824 0.463572 0.876198
v 0.0334529 -0.0288919 -0.0973709
vn 0.111923 0.369107 0.922623
v 0.0399939 -0.0292867 -0.0987459
vn 0.260568 0.358615 0.896381
v 0.0227164 -0.0286508 -0.096534
vn 0.0260811 0.371312 0.928142
v 0.0814993 0.053981 -0.354817
vn 0.941844 0.303323 -0.144653
v 0.0814993 0.0375258 -0.380142
vn 0.927208 0.30959 -0.210805
v 0.0814993 0.0637047 -0.237428
vn 0.939155 0.323782 0.114683
v 0.0814993 0.0699762 -0.266972
vn 0.93988 0.337861 0.0497516
v 0.0814993 0.0705121 -0.297171
vn 0.940631 0.339063 -0.015789
v 0.0814993 0.0651765 -0.326834
vn 0.941349 0.327392 -0.0817117
v 0.0814993 -0.0124251 -0.147547
vn 0.935805 0.15174 0.318188
v 0.0814993 0.0128999 -0.164005
vn 0.936513 0.209177 0.281405
v 0.0814993 0.0346307 -0.184978
vn 0.93739 0.257459 0.234552
v 0.0814993 0.0518333 -0.209725
vn 0.938345 0.296362 0.177985
v 0.0407582 0.0600652 0.459269
vn 0.298327 0.835919 0.460696
v 0.0108904 0.0635994 0.460173
vn 0.0404771 0.909032 0.414756
v -0.0189954 0.0602031 0.45895
vn -0.209082 0.887044 0.411628
v -0.0186858 0.0640363 0.444526
vn -0.248591 0.946213 0.207085
v -0.0409651 0.0512512 0.452667
vn -0.505065 0.833197 0.225148
v -0.0407272 0.054418 0.442164
vn -0.527417 0.831835 0.172865
v 0.0112052 0.0676621 0.445503
vn 0.000227337 0.975195 0.221348
v 0.0410719 0.0640131 0.444737
vn 0.253439 0.941259 0.22316
v 0.0627964 0.0504942 0.452771
vn -0.113881 0.931613 0.345149
v 0.0630575 0.0542811 0.442636
vn 0.459146 0.860599 0.220349
v -0.0404608 0.0570363 0.428113
vn -0.579259 0.810548 0.0864324
v -0.048959 0.0444353 0.435614
vn -0.818304 0.570738 0.0680915
v -0.0488737 0.0435394 0.426276
vn -0.852132 0.523207 0.0111592
v -0.0184058 0.0668126 0.429636
vn -0.24936 0.959427 0.131604
v 0.0114894 0.0703931 0.430368
vn -0.000984815 0.990215 0.139545
v 0.0413499 0.0667662 0.429909
vn 0.253144 0.956511 0.144929
v 0.0633291 0.0568973 0.428482
vn 0.609636 0.782058 0.129337
v 0.0716536 0.0434025 0.426692
vn 0.852937 0.514265 0.0896083
v -0.0402208 0.0584576 0.413847
vn -0.626146 0.779067 0.0315522
v -0.0485516 0.0449975 0.406348
vn -0.853904 0.520354 -0.00892491
v -0.0181552 0.0684191 0.414521
vn -0.249053 0.966922 0.0550937
v 0.01174 0.071907 0.414864
vn 0.000509262 0.998074 0.062035
v 0.0416057 0.0683738 0.414754
vn 0.251172 0.965739 0.0652763
v 0.0635692 0.0584123 0.414139
vn 0.630738 0.773716 0.0594435
v 0.07188 0.0447344 0.413448
vn 0.85449 0.517716 0.0426138
v -0.0400092 0.0588029 0.399369
vn -0.567229 0.822994 -0.0305461
v -0.0179383 0.0687402 0.39928
vn -0.250447 0.967845 -0.0235188
v 0.0119663 0.0723208 0.39926
vn 0.0018112 0.999877 -0.0155546
v 0.0418215 0.0686718 0.39946
vn 0.252611 0.967504 -0.0110933
v 0.0637734 0.0586871 0.399728
vn 0.57257 0.819856 -5.17705e-05
v 0.0721579 0.0445838 0.39336
vn 0.858933 0.511985 -0.0102218
v -0.0398355 0.0579985 0.38496
vn -0.625063 0.776031 -0.0840924
v -0.0482873 0.0444122 0.386355
vn -0.852298 0.518855 -0.0661639
v -0.0177573 0.0678222 0.383983
vn -0.249583 0.963342 -0.0983906
v 0.0121537 0.071448 0.38365
vn 0.00106981 0.995259 -0.0972491
v 0.042009 0.0678222 0.384095
vn 0.253494 0.963309 -0.0881883
v 0.0639555 0.0578164 0.385207
vn 0.631305 0.773191 -0.0602471
v -0.0396912 0.0559561 0.370651
vn -0.625515 0.765729 -0.14963
v -0.048101 0.0411317 0.366663
vn -0.853098 0.5063 -0.126032
v -0.0175951 0.0657798 0.368728
vn -0.250452 0.952053 -0.175695
v 0.0123074 0.0693151 0.368036
vn 0.00162404 0.984345 -0.176243
v 0.0421574 0.065665 0.368825
vn 0.253371 0.952757 -0.167505
v 0.064104 0.0559108 0.37082
vn 0.630297 0.765303 -0.130521
v 0.0723832 0.0424614 0.373425
vn 0.858032 0.508083 -0.0750558
v -0.0395786 0.052904 0.356519
vn -0.567193 0.793152 -0.221817
v -0.0174846 0.0624519 0.353783
vn -0.250398 0.934573 -0.252733
v 0.0124275 0.0658945 0.352782
vn 0.00119162 0.966502 -0.256656
v 0.0422742 0.0623603 0.353902
vn 0.255141 0.936226 -0.241626
v 0.0642061 0.0527209 0.356724
vn 0.571703 0.796262 -0.197795
v 0.0725232 0.0376764 0.353959
vn 0.859553 0.490484 -0.143505
v -0.0394986 0.0486813 0.342753
vn -0.623932 0.737029 -0.259803
v -0.0479694 0.0359203 0.347462
vn -0.851309 0.493031 -0.179425
v -0.0174035 0.0579069 0.339233
vn -0.249266 0.912813 -0.32348
v 0.0125106 0.0612812 0.337975
vn -0.000336122 0.943383 -0.331706
v 0.0423638 0.0579301 0.339243
vn 0.254006 0.914786 -0.314081
v 0.0642893 0.048497 0.342918
vn 0.650007 0.720131 -0.242699
v -0.0394522 0.0434942 0.32941
vn -0.624373 0.713188 -0.318624
v -0.0479178 0.0282433 0.32925
vn -0.855663 0.458917 -0.239241
v -0.017354 0.0523987 0.325155
vn -0.248729 0.886987 -0.389086
v 0.012557 0.0556129 0.323526
vn 0.00078514 0.915495 -0.402329
v 0.0424059 0.0523987 0.325154
vn 0.25212 0.886118 -0.388885
v 0.064343 0.0433573 0.329555
vn 0.574424 0.754355 -0.317782
v 0.0726148 0.0280938 0.329379
vn 0.862591 0.459572 -0.211496
v -0.0394364 0.0373205 0.316701
vn -0.567929 0.720486 -0.39794
v -0.0173361 0.045904 0.311612
vn -0.249249 0.851982 -0.460437
v 0.0125749 0.0489339 0.309752
vn 0.00252862 0.881153 -0.472824
v 0.0424174 0.0456966 0.311695
vn 0.253341 0.852701 -0.456858
v 0.0643514 0.037091 0.316701
vn 0.647582 0.672113 -0.359029
v -0.0394522 0.0301826 0.30461
vn -0.647265 0.641387 -0.411911
v -0.0479483 0.0153918 0.307273
vn -0.85573 0.42387 -0.296749
v -0.0173572 0.038307 0.298844
vn -0.251733 0.813145 -0.52481
v 0.0125559 0.0411538 0.296713
vn 0.000183779 0.840942 -0.541126
v 0.0424069 0.0381923 0.298879
vn 0.252483 0.816268 -0.519576
v 0.0643282 0.0299983 0.304663
vn 0.569566 0.697037 -0.435585
v 0.0725843 0.0152645 0.30719
vn 0.861319 0.420901 -0.284556
v -0.0394975 0.0227467 0.293971
vn -0.567653 0.652965 -0.501404
v -0.0174056 0.0304805 0.287662
vn -0.250741 0.770312 -0.586301
v 0.0125012 0.0331673 0.285272
vn 0.000645586 0.797136 -0.6038
v 0.04235 0.0303668 0.287627
vn 0.253675 0.773683 -0.580572
v 0.064284 0.0225624 0.293933
vn 0.648091 0.608251 -0.458267
v -0.0395796 0.0146454 0.284053
vn -0.643185 0.575773 -0.504775
v -0.0480862 0.00050739 0.28885
vn -0.854794 0.377708 -0.355898
v -0.0174846 0.021875 0.277187
vn -0.250769 0.723066 -0.643654
v 0.0124201 0.0243985 0.274647
vn -0.00060233 0.74636 -0.665542
v 0.0422764 0.0217823 0.27703
vn 0.252461 0.724162 -0.641757
v 0.0642166 0.0144843 0.284005
vn 0.57253 0.61921 -0.53739
v 0.0724443 0.00026633 0.288777
vn 0.859943 0.375808 -0.34535
v -0.0396797 0.00596825 0.274896
vn -0.565435 0.574925 -0.591392
v -0.017593 0.0126019 0.267581
vn -0.249914 0.675481 -0.693735
v 0.0123127 0.0149434 0.264812
vn 0.000149115 0.694802 -0.719201
v 0.0421679 0.0124882 0.267475
vn 0.251027 0.670467 -0.698184
v 0.0641145 0.00571768 0.274794
vn 0.629166 0.540379 -0.558695
v -0.0398049 -0.00323423 0.266564
vn -0.642445 0.493182 -0.586546
v -0.0483252 -0.016569 0.273311
vn -0.853398 0.321833 -0.410042
v -0.0177215 0.00296251 0.258775
vn -0.249909 0.61731 -0.745972
v 0.0121832 0.00507445 0.255937
vn 0.00119507 0.638182 -0.769885
v 0.0420321 0.00273303 0.258778
vn 0.252065 0.616965 -0.745532
v 0.0639777 -0.00357849 0.266479
vn 0.626473 0.493007 -0.603718
v 0.07228 -0.0124146 0.2767
vn 0.854619 0.329381 -0.401416
v -0.0399586 -0.0129421 0.259109
vn -0.562727 0.4752 -0.676405
v -0.0178941 -0.00736542 0.251075
vn -0.249682 0.55623 -0.792633
v 0.0120127 -0.00536929 0.24805
vn 0.000563681 0.57228 -0.820058
v 0.0418721 -0.00745701 0.25099
vn 0.25051 0.553132 -0.794538
v 0.0638303 -0.0132632 0.259025
vn 0.567123 0.475292 -0.672658
v 0.0720452 -0.0261505 0.266646
vn 0.853981 0.27398 -0.442325
v -0.0401345 -0.0230637 0.252596
vn -0.638927 0.39968 -0.657289
v -0.04866 -0.0354003 0.260949
vn -0.851576 0.254471 -0.458326
v -0.0180731 -0.0179913 0.244188
vn -0.248852 0.491748 -0.83442
v 0.0118253 -0.0161552 0.241035
vn 0.000601612 0.506003 -0.862531
v 0.0416805 -0.0181513 0.244191
vn 0.250356 0.488739 -0.835737
v 0.0636481 -0.0233848 0.252531
vn 0.639856 0.383419 -0.666014
v -0.0403387 -0.0334832 0.246884
vn -0.557552 0.366886 -0.744668
v -0.01829 -0.028893 0.238368
vn -0.245835 0.424875 -0.871233
v 0.0116031 -0.0274012 0.235152
vn -0.000159904 0.432062 -0.901844
v 0.0414689 -0.0291225 0.238349
vn 0.247926 0.420598 -0.872714
v 0.0634439 -0.0338969 0.246847
vn 0.559284 0.363185 -0.745184
v 0.071662 -0.0457051 0.255932
vn 0.850241 0.215427 -0.480293
v -0.0405682 -0.0442249 0.242169
vn -0.647227 0.290627 -0.704723
v -0.0492032 -0.0604969 0.250036
vn -0.830586 0.238807 -0.503089
v -0.0185258 -0.0401169 0.233462
vn -0.243054 0.354065 -0.903085
v 0.0113652 -0.0388082 0.23027
vn -0.000479178 0.359569 -0.933118
v 0.0412372 -0.0403464 0.233391
vn 0.243749 0.349811 -0.904554
v 0.0632165 -0.0445691 0.242123
vn 0.612584 0.287332 -0.736329
v -0.0408125 -0.0550803 0.238283
vn -0.543298 0.247716 -0.802162
v -0.0187795 -0.0515229 0.229567
vn -0.239939 0.282651 -0.928729
v 0.011102 -0.0503995 0.226316
vn 0.000115973 0.286292 -0.958142
v 0.0409751 -0.0517987 0.229505
vn 0.213081 0.282151 -0.935407
v 0.0629712 -0.0555172 0.238234
vn 0.446222 0.265214 -0.854721
v 0.0713241 -0.0609096 0.249921
vn 0.84215 0.206465 -0.498151
v -0.0410778 -0.066143 0.235436
vn -0.469658 0.247674 -0.847396
v -0.0492769 -0.0674053 0.243952
vn 0.293615 0.863229 0.410641
v -0.0190638 -0.0630447 0.226623
vn -0.236767 0.206675 -0.94933
v 0.0108167 -0.0620803 0.223306
vn -0.000718087 0.20816 -0.978095
v 0.0406951 -0.0633426 0.22656
vn 0.253677 0.207821 -0.9447
v 0.0712104 -0.0685761 0.244625
vn -0.547702 0.0627233 0.834319
v -0.0193617 -0.0746802 0.22458
vn -0.253391 -0.0323995 -0.966821
v -0.0412831 -0.0747486 0.233014
vn 0.0292693 0.270205 -0.962358
v 0.0105177 -0.0738779 0.221338
vn -0.0372126 -0.0118993 -0.999237
v 0.0403929 -0.0749097 0.22455
vn 0.17977 -0.0333767 -0.983142
v 0.0624869 -0.0751855 0.233597
vn 0.206518 0.191686 -0.959483
v 0.0715093 0.0428972 0.436549
vn -0.835456 -0.507395 -0.211101
v -0.0513415 -0.192519 -0.251107
vn -0.922215 0.375825 -0.090969
v -0.0494791 -0.188534 -0.252165
vn -0.845711 0.519919 -0.120238
v -0.0494791 -0.19174 -0.27555
vn -0.844777 0.534913 -0.0148582
v -0.046427 -0.185006 -0.253053
vn -0.659259 0.732447 -0.169998
v -0.046427 -0.188113 -0.275728
vn -0.658759 0.752046 -0.0215178
v -0.0417084 -0.181939 -0.253793
vn -0.450337 0.869564 -0.202621
v -0.0417084 -0.184962 -0.275849
vn -0.450306 0.892486 -0.0263299
v -0.0348484 -0.17934 -0.254406
vn -0.287885 0.932462 -0.218261
v -0.0348484 -0.182291 -0.27594
vn -0.287994 0.957186 -0.0292406
v -0.0513415 -0.184547 -0.227976
vn -0.928562 0.341159 -0.146231
v -0.0494791 -0.180826 -0.229802
vn -0.846616 0.485761 -0.217434
v -0.046427 -0.177533 -0.231371
vn -0.659923 0.685522 -0.307508
v -0.0417084 -0.17467 -0.232702
vn -0.450387 0.814324 -0.366098
v -0.0348484 -0.172243 -0.233813
vn -0.28777 0.873104 -0.393545
v -0.0513415 -0.17232 -0.206784
vn -0.923503 0.311081 -0.224434
v -0.0494791 -0.169005 -0.209314
vn -0.847782 0.433427 -0.305626
v -0.046427 -0.166071 -0.211507
vn -0.661043 0.612874 -0.432907
v -0.0417084 -0.163521 -0.21338
vn -0.450921 0.72859 -0.515584
v -0.0348484 -0.161357 -0.214946
vn -0.287941 0.78116 -0.553966
v -0.0513415 -0.156239 -0.188414
vn -0.929568 0.257819 -0.263501
v -0.0494791 -0.153459 -0.191552
vn -0.849018 0.363098 -0.383834
v -0.046427 -0.150998 -0.194286
vn -0.662386 0.51437 -0.544673
v -0.0417084 -0.148859 -0.19663
vn -0.451685 0.611981 -0.649199
v -0.0348484 -0.147041 -0.198591
vn -0.288159 0.656126 -0.697469
v -0.0513415 -0.177156 -0.34528
vn -0.917281 0.339945 0.207442
v -0.0494791 -0.173681 -0.343214
vn -0.84222 0.45732 0.285522
v -0.0494791 -0.159411 -0.362016
vn -0.841861 0.39207 0.37088
v -0.046427 -0.170605 -0.341329
vn -0.65737 0.639536 0.398571
v -0.046427 -0.15677 -0.359559
vn -0.657568 0.547756 0.517269
v -0.0417084 -0.167931 -0.339663
vn -0.450231 0.758192 0.471631
v -0.0417084 -0.154473 -0.357395
vn -0.450776 0.649532 0.612298
v -0.0348484 -0.165663 -0.338247
vn -0.287706 0.813734 0.505038
v -0.0348484 -0.152522 -0.355561
vn -0.287791 0.697531 0.656222
v -0.0513415 -0.187875 -0.323286
vn -0.924776 0.353304 0.141298
v -0.0494791 -0.184045 -0.321949
vn -0.842714 0.502986 0.191932
v -0.046427 -0.180653 -0.320713
vn -0.657331 0.704296 0.26811
v -0.0417084 -0.177705 -0.319608
vn -0.449864 0.834931 0.317036
v -0.0348484 -0.175205 -0.318667
vn -0.287578 0.89571 0.33912
v -0.0513415 -0.194214 -0.299656
vn -0.918324 0.390748 0.0632251
v -0.0494791 -0.190173 -0.299104
vn -0.843621 0.529087 0.0914918
v -0.046427 -0.186595 -0.298562
vn -0.657898 0.742197 0.127726
v -0.0417084 -0.183485 -0.298061
vn -0.449948 0.880246 0.150713
v -0.0348484 -0.180849 -0.297629
vn -0.287741 0.944135 0.160666
v -0.0513415 -0.195833 -0.275296
vn -0.9258 0.377992 -0.00411846
v -0.0513415 -0.099702 -0.401008
vn -0.91498 0.0949288 0.392173
v -0.0494791 -0.0987976 -0.397092
vn -0.841617 0.121686 0.526187
v -0.0494791 -0.0754119 -0.400296
vn -0.842136 0.0149787 0.539057
v -0.046427 -0.0980028 -0.393566
vn -0.658543 0.170136 0.733058
v -0.046427 -0.0753276 -0.396674
vn -0.659591 0.0215154 0.751317
v -0.0417084 -0.0973079 -0.390476
vn -0.451855 0.202449 0.868816
v -0.0417084 -0.0752529 -0.393497
vn -0.452593 0.0262874 0.89133
v -0.0348484 -0.0967078 -0.38786
vn -0.287656 0.218284 0.932527
v -0.0348484 -0.0751739 -0.390811
vn -0.287808 0.0292363 0.957242
v -0.0513415 -0.122833 -0.393035
vn -0.922661 0.151922 0.354425
v -0.0494791 -0.121161 -0.389384
vn -0.841256 0.220874 0.493461
v -0.046427 -0.119684 -0.386094
vn -0.657781 0.308275 0.687234
v -0.0417084 -0.118399 -0.383205
vn -0.45112 0.365944 0.813988
v -0.0348484 -0.117301 -0.380763
vn -0.287513 0.393591 0.873168
v -0.0513415 -0.144025 -0.380808
vn -0.91426 0.237031 0.32855
v -0.0494791 -0.14165 -0.377563
vn -0.841401 0.311429 0.441652
v -0.046427 -0.139549 -0.374632
vn -0.657513 0.434682 0.615409
v -0.0417084 -0.137722 -0.372058
vn -0.450863 0.515597 0.728617
v -0.0348484 -0.136167 -0.369876
vn -0.287682 0.554017 0.781219
v -0.0513415 -0.162396 -0.364728
vn -0.922519 0.275866 0.269919
v -0.0513415 -0.00552934 -0.385645
vn -0.916976 -0.207812 0.340543
v -0.0494791 -0.00774861 -0.382239
vn -0.844268 -0.283819 0.454598
v -0.0494791 0.0110533 -0.367969
vn -0.845397 -0.367061 0.388035
v -0.046427 -0.00972683 -0.379166
vn -0.662247 -0.39631 0.635899
v -0.046427 0.00850338 -0.365331
vn -0.663542 -0.513664 0.543931
v -0.0417084 -0.0114408 -0.376467
vn -0.454206 -0.470581 0.756472
v -0.0417084 0.00629359 -0.363008
vn -0.454974 -0.610827 0.647988
v -0.0348484 -0.0128673 -0.374183
vn -0.287681 -0.505068 0.813723
v -0.0348484 0.00444697 -0.361042
vn -0.287925 -0.656167 0.697527
v -0.0513415 -0.0275222 -0.396364
vn -0.923648 -0.142314 0.355839
v -0.0494791 -0.029013 -0.392601
vn -0.843214 -0.191654 0.502254
v -0.046427 -0.0303427 -0.389215
vn -0.660933 -0.267004 0.701339
v -0.0417084 -0.0314934 -0.386242
vn -0.45349 -0.316381 0.833216
v -0.0348484 -0.0324472 -0.383725
vn -0.28751 -0.339111 0.895735
v -0.0513415 -0.0511533 -0.402703
vn -0.914117 -0.0647633 0.400245
v -0.0494791 -0.0518598 -0.398731
vn -0.842529 -0.0917835 0.530773
v -0.046427 -0.0524935 -0.395157
vn -0.660203 -0.127362 0.74021
v -0.0417084 -0.0530399 -0.39202
vn -0.453027 -0.150428 0.878714
v -0.0348484 -0.0534853 -0.389369
vn -0.287601 -0.16067 0.944177
v -0.0513415 -0.075514 -0.404322
vn -0.9219 0.00422529 0.387406
v -0.0513415 0.0501984 -0.308191
vn -0.921858 -0.376652 0.0911658
v -0.0494791 0.0461293 -0.307355
vn -0.84848 -0.515622 0.119229
v -0.0494791 0.0493329 -0.283969
vn -0.849622 -0.527189 0.0146466
v -0.046427 0.0425108 -0.306563
vn -0.666127 -0.726524 0.168632
v -0.046427 0.0456187 -0.28389
vn -0.667058 -0.744701 0.0213101
v -0.0417084 0.0393746 -0.305844
vn -0.455951 -0.866784 0.201977
v -0.0417084 0.0423961 -0.283788
vn -0.456314 -0.889432 0.026232
v -0.0348484 0.0367457 -0.305227
vn -0.287902 -0.932456 0.218262
v -0.0348484 0.0396967 -0.283693
vn -0.288124 -0.957147 0.0292242
v -0.0513415 0.0422276 -0.331321
vn -0.927057 -0.344602 0.147699
v -0.0494791 0.0384218 -0.329719
vn -0.847323 -0.484735 0.216969
v -0.046427 0.0350381 -0.328245
vn -0.665098 -0.681346 0.305634
v -0.0417084 0.0321039 -0.326934
vn -0.45544 -0.811978 0.365056
v -0.0348484 0.0296488 -0.32582
vn -0.28759 -0.873162 0.393547
v -0.0513415 0.0300004 -0.352514
vn -0.918011 -0.321595 0.23202
v -0.0494791 0.026601 -0.350207
vn -0.846339 -0.435302 0.306955
v -0.046427 0.0235773 -0.348109
vn -0.664327 -0.610503 0.431226
v -0.0417084 0.0209548 -0.346258
vn -0.455149 -0.726846 0.514329
v -0.0348484 0.018764 -0.344687
vn -0.287736 -0.781204 0.554011
v -0.0513415 0.013919 -0.370884
vn -0.924372 -0.266791 0.272688
v -0.0513415 0.0348349 -0.214018
vn -0.926426 -0.32137 -0.196101
v -0.0494791 0.0312754 -0.216307
vn -0.8518 -0.444368 -0.277441
v -0.0494791 0.0170068 -0.197505
vn -0.852376 -0.379899 -0.359349
v -0.046427 0.0281096 -0.218288
vn -0.667949 -0.631574 -0.393647
v -0.046427 0.0142748 -0.200059
vn -0.668219 -0.540907 -0.510787
v -0.0417084 0.025366 -0.219975
vn -0.455956 -0.755709 -0.470115
v -0.0417084 0.0119071 -0.202243
vn -0.455912 -0.647632 -0.610505
v -0.0348484 0.0230688 -0.221386
vn -0.288067 -0.813637 -0.504987
v -0.0348484 0.00992784 -0.204073
vn -0.288157 -0.697456 -0.656141
v -0.0513415 0.0455545 -0.236011
vn -0.930688 -0.339655 -0.135849
v -0.0494791 0.0416391 -0.23757
vn -0.851016 -0.490627 -0.187233
v -0.046427 0.0381586 -0.238903
vn -0.66756 -0.695836 -0.264908
v -0.0417084 0.0351402 -0.24003
vn -0.455995 -0.832024 -0.315917
v -0.0348484 0.0326114 -0.240966
vn -0.287868 -0.895631 -0.339084
v -0.0513415 0.0518934 -0.259642
vn -0.923228 -0.379317 -0.0613828
v -0.0494791 0.0477685 -0.260417
vn -0.85036 -0.518507 -0.0896572
v -0.046427 0.0441006 -0.261053
vn -0.667384 -0.733929 -0.126283
v -0.0417084 0.040919 -0.261577
vn -0.456164 -0.877134 -0.150166
v -0.0348484 0.0382554 -0.262004
vn -0.287957 -0.944073 -0.160648
v -0.0513415 0.0535136 -0.284002
vn -0.928269 -0.371886 0.00406005
v -0.0513415 -0.0426172 -0.15829
vn -0.9283 -0.0874865 -0.361393
v -0.0494791 -0.0436079 -0.16243
vn -0.852354 -0.117831 -0.509518
v -0.0494791 -0.0669937 -0.159224
vn -0.852135 -0.0145366 -0.52312
v -0.046427 -0.0444933 -0.16605
vn -0.666791 -0.168499 -0.725946
v -0.046427 -0.0671664 -0.162942
vn -0.666263 -0.0213212 -0.745412
v -0.0417084 -0.0452577 -0.169162
vn -0.454319 -0.202152 -0.867599
v -0.0417084 -0.0673138 -0.16614
vn -0.453958 -0.026259 -0.890636
v -0.0348484 -0.0458872 -0.171773
vn -0.288106 -0.218227 -0.932401
v -0.0348484 -0.0674211 -0.168822
vn -0.288274 -0.0292224 -0.957102
v -0.0513415 -0.0194862 -0.166263
vn -0.932507 -0.142282 -0.331943
v -0.0494791 -0.0212434 -0.170136
vn -0.852362 -0.213649 -0.477318
v -0.046427 -0.022811 -0.173523
vn -0.66716 -0.304872 -0.679669
v -0.0417084 -0.024167 -0.176431
vn -0.454599 -0.365209 -0.812381
v -0.0348484 -0.0252935 -0.17887
vn -0.28801 -0.39354 -0.873027
v -0.0513415 0.00170444 -0.17849
vn -0.926695 -0.219882 -0.304777
v -0.0494791 -0.000754889 -0.181958
vn -0.852423 -0.301308 -0.427305
v -0.046427 -0.00294683 -0.184984
vn -0.667702 -0.429492 -0.608038
v -0.0417084 -0.0048429 -0.18758
vn -0.455276 -0.514325 -0.726769
v -0.0348484 -0.00642738 -0.189757
vn -0.288075 -0.55395 -0.781122
v -0.0513415 0.0200768 -0.19457
vn -0.931186 -0.260566 -0.254948
v -0.0513415 -0.136791 -0.173652
vn -0.926626 0.195854 -0.320945
v -0.0494791 -0.134656 -0.177281
vn -0.849878 0.279096 -0.447005
v -0.046427 -0.132768 -0.18045
vn -0.663284 0.395824 -0.63512
v -0.0417084 -0.131126 -0.183171
vn -0.452011 0.471156 -0.757428
v -0.0348484 -0.129727 -0.185451
vn -0.28802 0.504996 -0.813648
v -0.0513415 -0.114798 -0.162934
vn -0.931647 0.134933 -0.337384
v -0.0494791 -0.113393 -0.166918
vn -0.850593 0.187458 -0.491276
v -0.046427 -0.112152 -0.170403
vn -0.66406 0.265998 -0.698763
v -0.0417084 -0.111072 -0.173397
vn -0.452395 0.316571 -0.83374
v -0.0348484 -0.110147 -0.175909
vn -0.287836 0.339087 -0.89564
v -0.0513415 -0.091167 -0.156595
vn -0.926785 0.0599969 -0.37077
v -0.0494791 -0.0905458 -0.160789
vn -0.851408 0.089369 -0.516834
v -0.046427 -0.0900026 -0.164461
vn -0.665155 0.126638 -0.735888
v -0.0417084 -0.0895246 -0.167618
vn -0.453115 0.150447 -0.878665
v -0.0348484 -0.0891098 -0.170264
vn -0.287984 0.16067 -0.944061
v -0.0513415 -0.0668063 -0.154975
vn -0.931717 -0.0039608 -0.363163
v -0.043057 0.0415791 -0.173545
vn -0.732271 0.493205 0.469605
v -0.043057 0.0188955 -0.153689
vn -0.732413 0.390604 0.557674
v -0.0362665 0.0227898 -0.148257
vn -0.665489 0.430334 0.609867
v -0.043057 -0.00727277 -0.138591
vn -0.732502 0.276199 0.622217
v -0.0362665 -0.00450916 -0.132506
vn -0.665403 0.305183 0.681251
v -0.043057 -0.0358351 -0.128747
vn -0.732841 0.151204 0.663386
v -0.0362665 -0.0343086 -0.122236
vn -0.665658 0.168359 0.727018
v -0.043057 -0.065704 -0.124653
vn -0.733132 0.0166506 0.679882
v -0.0362665 -0.0654714 -0.117965
vn -0.665866 0.0209599 0.745777
v -0.0469587 0.0380786 -0.176873
vn -0.818848 0.417661 0.393761
v -0.0469587 0.0160983 -0.157633
vn -0.819289 0.331188 0.468059
v -0.0469587 -0.00925729 -0.143003
vn -0.819654 0.234867 0.522499
v -0.0469587 -0.0369321 -0.133466
vn -0.820136 0.129812 0.557248
v -0.0469587 -0.0658725 -0.1295
vn -0.820374 0.0168441 0.57158
v -0.0499707 0.0344464 -0.180382
vn -0.902682 0.304545 0.304002
v -0.0499707 0.0131968 -0.161781
vn -0.903188 0.23817 0.35711
v -0.0499707 -0.0113155 -0.147639
vn -0.903572 0.165034 0.395374
v -0.0499707 -0.0380723 -0.138418
vn -0.903914 0.0855007 0.419081
v -0.0499707 -0.0660504 -0.134583
vn -0.904069 0.000381207 0.427386
v -0.043057 -0.0957845 -0.126654
vn -0.732827 -0.118068 0.670093
v -0.0362665 -0.0968531 -0.120051
vn -0.665622 -0.126945 0.735413
v -0.043057 -0.124964 -0.134482
vn -0.732509 -0.244662 0.635273
v -0.0362665 -0.127296 -0.128218
vn -0.665419 -0.265912 0.697502
v -0.043057 -0.152121 -0.147718
vn -0.732472 -0.36238 0.576338
v -0.0362665 -0.155628 -0.142025
vn -0.66557 -0.395067 0.633197
v -0.043057 -0.176136 -0.165943
vn -0.732334 -0.469561 0.493152
v -0.0362665 -0.180682 -0.161041
vn -0.665709 -0.512626 0.54226
v -0.0469587 -0.0950202 -0.131436
vn -0.820049 -0.0965878 0.564084
v -0.0469587 -0.123293 -0.139021
vn -0.819669 -0.203378 0.535519
v -0.0469587 -0.149607 -0.151846
vn -0.819375 -0.302813 0.486754
v -0.0469587 -0.172876 -0.169505
vn -0.81892 -0.393693 0.417582
v -0.0499707 -0.0942285 -0.136456
vn -0.903836 -0.0838336 0.419585
v -0.0499707 -0.121562 -0.143789
vn -0.903452 -0.162968 0.396505
v -0.0499707 -0.147001 -0.156188
vn -0.903035 -0.236899 0.358338
v -0.0499707 -0.169496 -0.173261
vn -0.902405 -0.304422 0.304947
v -0.043057 -0.195992 -0.188627
vn -0.731705 -0.5583 0.391036
v -0.0362665 -0.201398 -0.184708
vn -0.665343 -0.609981 0.430398
v -0.043057 -0.21109 -0.214795
vn -0.731093 -0.623597 0.276821
v -0.0362665 -0.217149 -0.212009
vn -0.665049 -0.681538 0.305312
v -0.043057 -0.220934 -0.243357
vn -0.730823 -0.665501 0.151676
v -0.0362665 -0.227419 -0.241806
vn -0.665119 -0.727484 0.168471
v -0.043057 -0.225027 -0.273226
vn -0.73048 -0.682729 0.0167309
v -0.0362665 -0.23169 -0.272968
vn -0.665213 -0.746359 0.0209706
v -0.0469587 -0.192115 -0.191487
vn -0.81791 -0.469661 0.332327
v -0.0469587 -0.206745 -0.216841
vn -0.816889 -0.526088 0.236483
v -0.0469587 -0.216282 -0.244517
vn -0.816077 -0.562873 0.131123
v -0.0469587 -0.220249 -0.273458
vn -0.815193 -0.578938 0.0170586
v -0.0499707 -0.188097 -0.194509
vn -0.901456 -0.360119 0.240189
v -0.0499707 -0.20224 -0.219022
vn -0.900469 -0.401358 0.167533
v -0.0499707 -0.211461 -0.245778
vn -0.899538 -0.428026 0.0873256
v -0.0499707 -0.215295 -0.273756
vn -0.898514 -0.438945 0.000379238
v -0.043057 -0.223028 -0.303307
vn -0.729708 -0.673389 -0.118636
v -0.0362665 -0.229603 -0.304351
vn -0.664811 -0.736127 -0.127059
v -0.043057 -0.2152 -0.332486
vn -0.72907 -0.638705 -0.245994
v -0.0362665 -0.221437 -0.334792
vn -0.664503 -0.698262 -0.266207
v -0.043057 -0.201964 -0.359643
vn -0.7288 -0.579665 -0.364472
v -0.0362665 -0.207628 -0.363125
vn -0.664599 -0.633929 -0.395527
v -0.043057 -0.183738 -0.383658
vn -0.728584 -0.496054 -0.47233
v -0.0362665 -0.188614 -0.388179
vn -0.664708 -0.542907 -0.51324
v -0.0469587 -0.218311 -0.302605
vn -0.813948 -0.572601 -0.0980616
v -0.0469587 -0.210727 -0.330877
vn -0.812819 -0.544566 -0.206816
v -0.0469587 -0.197902 -0.357192
vn -0.812051 -0.495523 -0.30827
v -0.0469587 -0.180242 -0.38046
vn -0.811372 -0.425316 -0.400977
v -0.0499707 -0.213422 -0.301936
vn -0.89728 -0.432906 -0.0864969
v -0.0499707 -0.206089 -0.329267
vn -0.896165 -0.410407 -0.168682
v -0.0499707 -0.19369 -0.354707
vn -0.895294 -0.371611 -0.24567
v -0.0499707 -0.176618 -0.377202
vn -0.894497 -0.316401 -0.315858
v -0.043057 -0.161054 -0.403515
vn -0.728007 -0.393301 -0.561534
v -0.0362665 -0.164947 -0.408895
vn -0.664343 -0.430916 -0.610704
v -0.043057 -0.134885 -0.418612
vn -0.727591 -0.278327 -0.627013
v -0.0362665 -0.137647 -0.424646
vn -0.664119 -0.305648 -0.682294
v -0.043057 -0.106324 -0.428455
vn -0.727632 -0.152444 -0.668815
v -0.0362665 -0.107849 -0.434917
vn -0.664282 -0.168643 -0.72821
v -0.043057 -0.0764552 -0.43255
vn -0.727793 -0.0167929 -0.685591
v -0.0362665 -0.0766879 -0.439188
vn -0.664465 -0.0209925 -0.747024
v -0.0469587 -0.158262 -0.399699
vn -0.810466 -0.338352 -0.478186
v -0.0469587 -0.132907 -0.414329
vn -0.8098 -0.24055 -0.535126
v -0.0469587 -0.105231 -0.423866
vn -0.809623 -0.133175 -0.571643
v -0.0469587 -0.0762909 -0.427833
vn -0.80966 -0.0172847 -0.586645
v -0.0499707 -0.155369 -0.395802
vn -0.893662 -0.248993 -0.373323
v -0.0499707 -0.130856 -0.409946
vn -0.89308 -0.173318 -0.415174
v -0.0499707 -0.104102 -0.419168
vn -0.892881 -0.090016 -0.441203
v -0.0499707 -0.0761225 -0.423002
vn -0.892927 -0.000386827 -0.450202
v -0.043057 -0.0463736 -0.430548
vn -0.727579 0.119046 -0.675616
v -0.0362665 -0.045304 -0.437101
vn -0.664238 0.127153 -0.736628
v -0.043057 -0.0171954 -0.422721
vn -0.727554 0.246568 -0.64021
v -0.0362665 -0.0148613 -0.428934
vn -0.66413 0.26633 -0.69857
v -0.043057 0.00996151 -0.409486
vn -0.727984 0.364924 -0.580405
v -0.0362665 0.0134705 -0.415126
vn -0.664375 0.395628 -0.634102
v -0.043057 0.0339769 -0.39126
vn -0.728529 0.472365 -0.496102
v -0.0362665 0.038525 -0.396111
vn -0.66467 0.51325 -0.542943
v -0.0469587 -0.0471432 -0.425896
vn -0.809569 0.0990926 -0.5786
v -0.0469587 -0.0188714 -0.418311
vn -0.809753 0.20832 -0.548546
v -0.0469587 0.00744323 -0.405487
vn -0.810394 0.309475 -0.497481
v -0.0469587 0.0307121 -0.387827
vn -0.811254 0.401085 -0.425438
v -0.0499707 -0.0479444 -0.421128
vn -0.892954 0.0882049 -0.441422
v -0.0499707 -0.0206096 -0.413795
vn -0.893241 0.170897 -0.41583
v -0.0499707 0.00482912 -0.401398
vn -0.893941 0.247162 -0.373873
v -0.0499707 0.0273253 -0.384324
vn -0.894802 0.315424 -0.31597
v -0.043057 0.0538337 -0.368576
vn -0.728709 0.560923 -0.392871
v -0.0362665 0.0592419 -0.372445
vn -0.66453 0.610571 -0.430817
v -0.043057 0.0689308 -0.342408
vn -0.729007 0.625639 -0.277713
v -0.0362665 0.0749917 -0.345145
vn -0.664489 0.681997 -0.305508
v -0.043057 0.0787744 -0.313846
vn -0.729679 0.666691 -0.151955
v -0.0362665 0.0852617 -0.315346
vn -0.664831 0.727737 -0.168519
v -0.043057 0.0828687 -0.283977
vn -0.730418 0.682796 -0.0167268
v -0.0362665 0.0895319 -0.284184
vn -0.665152 0.746413 -0.0209779
v -0.0469587 0.049952 -0.365847
vn -0.811912 0.476553 -0.337187
v -0.0469587 0.0645806 -0.340491
vn -0.812711 0.531446 -0.238885
v -0.0469587 0.0741189 -0.312815
vn -0.813875 0.565888 -0.131831
v -0.0469587 0.0780848 -0.283875
vn -0.815087 0.579088 -0.0170584
v -0.0499707 0.0459251 -0.363075
vn -0.895587 0.370126 -0.246841
v -0.0499707 0.0600673 -0.338562
vn -0.896531 0.408796 -0.17064
v -0.0499707 0.0692877 -0.311808
vn -0.897706 0.431701 -0.0880786
v -0.0499707 0.073123 -0.283829
vn -0.898904 0.438145 -0.00038749
v -0.043057 0.0808674 -0.253895
vn -0.730725 0.672316 0.118462
v -0.0362665 0.0874463 -0.252802
vn -0.665045 0.735921 0.127022
v -0.043057 0.0730398 -0.224717
vn -0.731061 0.636721 0.245226
v -0.0362665 0.0792798 -0.222359
vn -0.665026 0.697825 0.266045
v -0.043057 0.0598051 -0.197561
vn -0.731663 0.577078 0.362836
v -0.0362665 0.0654713 -0.194027
vn -0.66535 0.633362 0.395175
v -0.0362665 0.0464567 -0.168974
vn -0.66567 0.54229 0.512644
v -0.0469587 0.0761477 -0.254728
vn -0.815922 0.569865 0.0975935
v -0.0469587 0.0685623 -0.226455
vn -0.816773 0.539375 0.204831
v -0.0469587 0.0557392 -0.200141
vn -0.817861 0.488588 0.30395
v -0.0499707 0.0712501 -0.255651
vn -0.899866 0.427713 0.0854604
v -0.0499707 0.0639174 -0.228317
vn -0.900793 0.40165 0.165077
v -0.0499707 0.0515186 -0.202879
vn -0.901818 0.360464 0.238307
v -0.0196691 0.0553749 -0.160655
vn -0.460779 0.651793 0.60237
v -0.0196691 0.0299131 -0.138367
vn -0.460541 0.519636 0.719639
v -0.0143083 0.0311248 -0.136682
vn -0.286014 0.556097 0.780354
v -0.0196691 0.000540053 -0.121421
vn -0.460405 0.371543 0.806215
v -0.0143083 0.00140229 -0.119531
vn -0.285925 0.395747 0.872715
v -0.0196691 -0.0315187 -0.110371
vn -0.460503 0.20971 0.86253
v -0.0143083 -0.0310439 -0.10835
vn -0.286144 0.220523 0.932465
v -0.0196691 -0.0650439 -0.105775
vn -0.460769 0.0349389 0.886832
v -0.0143083 -0.0649723 -0.1037
vn -0.28621 0.0315259 0.957648
v -0.0269524 0.0520871 -0.163721
vn -0.591477 0.591297 0.5482
v -0.0269524 0.0272863 -0.142013
vn -0.591216 0.471138 0.654593
v -0.0269524 -0.00132132 -0.125507
vn -0.591005 0.336533 0.733115
v -0.0269524 -0.0325473 -0.114744
vn -0.591265 0.189312 0.783943
v -0.0269524 -0.0652008 -0.11027
vn -0.591506 0.0304584 0.805725
v -0.0196691 -0.0988092 -0.108022
vn -0.460566 -0.141432 0.876285
v -0.0143083 -0.0991419 -0.105972
vn -0.285991 -0.158585 0.945019
v -0.0196691 -0.131561 -0.116808
vn -0.460396 -0.30736 0.832806
v -0.0143083 -0.132288 -0.114863
vn -0.285931 -0.337262 0.896938
v -0.0196691 -0.162043 -0.131665
vn -0.460589 -0.46161 0.758139
v -0.0143083 -0.163136 -0.129898
vn -0.286148 -0.503424 0.815281
v -0.0196691 -0.188998 -0.152122
vn -0.46075 -0.602366 0.651816
v -0.0143083 -0.190415 -0.150601
vn -0.286248 -0.654854 0.699449
v -0.0269524 -0.098087 -0.112456
vn -0.591195 -0.129724 0.796027
v -0.0269524 -0.129988 -0.121014
vn -0.591014 -0.280435 0.756345
v -0.0269524 -0.159678 -0.135484
vn -0.591187 -0.420493 0.688246
v -0.0269524 -0.185932 -0.155408
vn -0.591444 -0.548215 0.591317
v -0.0196691 -0.211286 -0.177582
vn -0.460536 -0.719637 0.519643
v -0.0143083 -0.212971 -0.176371
vn -0.28601 -0.780349 0.556106
v -0.0196691 -0.228233 -0.206955
vn -0.460388 -0.806222 0.371548
v -0.0143083 -0.230121 -0.206093
vn -0.285951 -0.872712 0.395735
v -0.0196691 -0.239282 -0.239014
vn -0.46057 -0.862501 0.209683
v -0.0143083 -0.241303 -0.238539
vn -0.286091 -0.932479 0.220532
v -0.0196691 -0.243876 -0.272539
vn -0.460819 -0.886806 0.0349503
v -0.0143083 -0.245953 -0.272468
vn -0.286266 -0.957631 0.0315356
v -0.0269524 -0.20764 -0.180209
vn -0.591204 -0.654601 0.471143
v -0.0269524 -0.224146 -0.208817
vn -0.59101 -0.733116 0.336523
v -0.0269524 -0.234908 -0.240043
vn -0.591204 -0.783988 0.189317
v -0.0269524 -0.239383 -0.272696
vn -0.591414 -0.805792 0.0304746
v -0.0196691 -0.241632 -0.306304
vn -0.460551 -0.876294 -0.141424
v -0.0143083 -0.243681 -0.306637
vn -0.286098 -0.944986 -0.158583
v -0.0196691 -0.232845 -0.339057
vn -0.460363 -0.832822 -0.307366
v -0.0143083 -0.234789 -0.339783
vn -0.285959 -0.896924 -0.337274
v -0.0196691 -0.217989 -0.369539
vn -0.460545 -0.758162 -0.461615
v -0.0143083 -0.219755 -0.370632
vn -0.28607 -0.815308 -0.503424
v -0.0196691 -0.197532 -0.396494
vn -0.460759 -0.6518 -0.602377
v -0.0143083 -0.199051 -0.397911
vn -0.286228 -0.699451 -0.65486
v -0.0269524 -0.237197 -0.305584
vn -0.591143 -0.796065 -0.129732
v -0.0269524 -0.228639 -0.337483
vn -0.590944 -0.756395 -0.28045
v -0.0269524 -0.214169 -0.367174
vn -0.591146 -0.68827 -0.420513
v -0.0269524 -0.194244 -0.393428
vn -0.591383 -0.59134 -0.548255
v -0.0196691 -0.172069 -0.418781
vn -0.460561 -0.519622 -0.719637
v -0.0143083 -0.173283 -0.420466
vn -0.286025 -0.556096 -0.780351
v -0.0196691 -0.142697 -0.435727
vn -0.460395 -0.371553 -0.806216
v -0.0143083 -0.143558 -0.437617
vn -0.285995 -0.395736 -0.872697
v -0.0196691 -0.110638 -0.446777
vn -0.460589 -0.209682 -0.862491
v -0.0143083 -0.111114 -0.448799
vn -0.286136 -0.22054 -0.932464
v -0.0196691 -0.0771132 -0.451371
vn -0.460821 -0.0349368 -0.886805
v -0.0143083 -0.0771848 -0.453449
vn -0.286405 -0.0315143 -0.95759
v -0.0269524 -0.169443 -0.415135
vn -0.591104 -0.47118 -0.654664
v -0.0269524 -0.140836 -0.431641
vn -0.590902 -0.336565 -0.733184
v -0.0269524 -0.10961 -0.442403
vn -0.591121 -0.189329 -0.784048
v -0.0269524 -0.0769553 -0.446878
vn -0.591327 -0.0304713 -0.805856
v -0.0196691 -0.0433489 -0.449126
vn -0.46056 0.141414 -0.876291
v -0.0143083 -0.0430152 -0.451176
vn -0.286143 0.15857 -0.944975
v -0.0196691 -0.0105964 -0.440341
vn -0.46044 0.307345 -0.832787
v -0.0143083 -0.00987003 -0.442286
vn -0.285954 0.337255 -0.896933
v -0.0196691 0.0198862 -0.425483
vn -0.460605 0.461607 -0.758131
v -0.0143083 0.020979 -0.427251
vn -0.286132 0.503427 -0.815285
v -0.0196691 0.046841 -0.405027
vn -0.460754 0.602367 -0.651812
v -0.0143083 0.048258 -0.406547
vn -0.286294 0.654847 -0.699437
v -0.0269524 -0.0440701 -0.444691
vn -0.591064 0.129739 -0.796123
v -0.0269524 -0.0121693 -0.436135
vn -0.590889 0.280461 -0.756434
v -0.0269524 0.0175206 -0.421664
vn -0.591109 0.420528 -0.688292
v -0.0269524 0.0437742 -0.40174
vn -0.591358 0.548253 -0.591366
v -0.0196691 0.0691287 -0.379566
vn -0.46054 0.719637 -0.51964
v -0.0143083 0.0708132 -0.380779
vn -0.286032 0.780348 -0.556096
v -0.0196691 0.0860745 -0.350193
vn -0.460394 0.80622 -0.371548
v -0.0143083 0.0879643 -0.351055
vn -0.28594 0.872712 -0.395742
v -0.0196691 0.0971247 -0.318135
vn -0.460494 0.862535 -0.209712
v -0.0143083 0.099146 -0.318609
vn -0.286131 0.932469 -0.220525
v -0.0196691 0.10172 -0.284609
vn -0.460773 0.88683 -0.0349384
v -0.0143083 0.103795 -0.28468
vn -0.286206 0.957649 -0.0315258
v -0.0269524 0.0654828 -0.37694
vn -0.591097 0.654664 -0.471189
v -0.0269524 0.0819886 -0.348331
vn -0.590919 0.733174 -0.336557
v -0.0269524 0.0927514 -0.317106
vn -0.591195 0.783994 -0.189322
v -0.0269524 0.0972257 -0.284451
vn -0.591458 0.805761 -0.0304548
v -0.0196691 0.0994735 -0.250844
vn -0.460559 0.876288 0.141434
v -0.0143083 0.101523 -0.250511
vn -0.286007 0.945014 0.158586
v -0.0196691 0.0906879 -0.218092
vn -0.460341 0.83284 0.307349
v -0.0143083 0.0926324 -0.217366
vn -0.285927 0.896939 0.337262
v -0.0196691 0.0758329 -0.187609
vn -0.460573 0.75815 0.461608
v -0.0143083 0.0775974 -0.186517
vn -0.286058 0.815317 0.503417
v -0.0143083 0.0568941 -0.159237
vn -0.286287 0.699431 0.654856
v -0.0269524 0.0950391 -0.251566
vn -0.591148 0.796063 0.129725
v -0.0269524 0.0864819 -0.219665
vn -0.590993 0.756362 0.280434
v -0.0269524 0.0720112 -0.189975
vn -0.591232 0.688213 0.420484
v -0.00839369 -0.0649271 -0.102406
vn -0.15733 0.0330345 0.986993
v -0.00839369 -0.030747 -0.107091
vn -0.157163 0.227803 0.96094
v -0.00839369 0.00193709 -0.118356
vn -0.157119 0.40832 0.899215
v -0.00839369 0.0318808 -0.135632
vn -0.13906 0.576032 0.805512
v -0.00839369 0.0578417 -0.158355
vn -0.147496 0.716017 0.682323
v -0.00202428 -0.0649039 -0.101743
vn -0.0261667 0.015344 0.99954
v -0.00202428 -0.0305954 -0.106445
vn -0.0261652 0.213536 0.976585
v -0.00202428 0.00221188 -0.117752
vn -0.0265082 0.40113 0.915638
v 0.00131204 0.0323408 -0.134995
vn -0.0201075 0.583163 0.812106
v -0.00202428 0.058327 -0.157901
vn -0.0414999 0.73809 0.673424
v 0.0216384 -0.0648997 -0.10162
vn 0.0198582 0.0686703 0.997442
v 0.0216384 -0.0305669 -0.106326
vn 0.019861 0.26361 0.964425
v 0.0216384 0.00226243 -0.11764
vn 0.0217943 0.441083 0.897202
v 0.0183021 0.058506 -0.157734
vn 0.0116413 0.731549 0.68169
v -0.00839369 0.0786965 -0.185836
vn -0.157231 0.840567 0.518388
v -0.00839369 0.093842 -0.216913
vn -0.157205 0.924556 0.347107
v -0.00839369 0.102799 -0.250303
vn -0.157286 0.97402 0.162927
v -0.00839369 0.105089 -0.284726
vn -0.157332 0.986993 -0.0330344
v -0.00202428 0.0792619 -0.185487
vn -0.0286141 0.843709 0.536037
v -0.00202428 0.0944653 -0.21668
vn -0.026156 0.929733 0.367305
v -0.00202428 0.103455 -0.250197
vn -0.0261294 0.982928 0.182125
v -0.00202428 0.105752 -0.28475
vn -0.0261667 0.99954 -0.015344
v 0.0216384 0.0793661 -0.185422
vn 0.0256022 0.860937 0.508067
v 0.0216384 0.094579 -0.216638
vn 0.0198882 0.947201 0.320024
v 0.0216384 0.103576 -0.250178
vn 0.0198646 0.991149 0.131259
v 0.0216384 0.105876 -0.284754
vn 0.0198591 0.997442 -0.0686722
v -0.00839369 0.100404 -0.318906
vn -0.157168 0.960939 -0.227804
v -0.00839369 0.0891392 -0.35159
vn -0.157105 0.899218 -0.408319
v -0.00839369 0.0718639 -0.381533
vn -0.157248 0.803947 -0.573535
v -0.00839369 0.0491403 -0.407492
vn -0.157342 0.674542 -0.721274
v -0.00202428 0.101051 -0.319057
vn -0.02616 0.976584 -0.213541
v -0.00202428 0.0897435 -0.351865
vn -0.0261471 0.917157 -0.397666
v -0.00202428 0.0724018 -0.381923
vn -0.026159 0.823827 -0.566238
v -0.00202428 0.0495941 -0.40798
vn -0.0265795 0.693038 -0.720411
v 0.0216384 0.10117 -0.319085
vn 0.0198609 0.964425 -0.26361
v 0.0216384 0.0898551 -0.351916
vn 0.0198558 0.896081 -0.443447
v 0.0216384 0.0725008 -0.381995
vn 0.019882 0.79366 -0.608037
v 0.0216384 0.0496783 -0.408069
vn 0.0218629 0.658791 -0.752008
v -0.00839369 0.0216592 -0.428349
vn -0.139028 0.518874 -0.84347
v -0.00839369 -0.0094173 -0.443496
vn -0.147299 0.355879 -0.92285
v -0.00839369 -0.0428078 -0.452453
vn -0.157232 0.162939 -0.974027
v -0.00839369 -0.07723 -0.454743
vn -0.157301 -0.033044 -0.986998
v 0.00131204 0.0220739 -0.429018
vn -0.0201296 0.522168 -0.852605
v -0.00202428 -0.00918465 -0.444117
vn -0.0414222 0.34026 -0.939419
v -0.00202428 -0.0427015 -0.453108
vn -0.0285327 0.178066 -0.983605
v -0.00202428 -0.0772543 -0.455406
vn -0.0261439 -0.015346 -0.99954
v 0.0183021 -0.00909937 -0.444346
vn 0.0116286 0.349829 -0.936741
v 0.0216384 -0.0426825 -0.453229
vn 0.0255703 0.145675 -0.989002
v 0.0216384 -0.0772585 -0.455528
vn 0.0198594 -0.0686774 -0.997441
v -0.00839369 -0.11141 -0.450057
vn -0.15719 -0.22781 -0.960934
v -0.00839369 -0.144094 -0.438793
vn -0.138911 -0.410483 -0.901226
v -0.00839369 -0.174039 -0.421514
vn -0.147397 -0.567081 -0.810366
v -0.00839369 -0.199998 -0.398793
vn -0.139132 -0.724049 -0.67557
v -0.00202428 -0.111562 -0.450703
vn -0.0265245 -0.217315 -0.975741
v 0.00131204 -0.144421 -0.439507
vn -0.0185429 -0.419211 -0.9077
v -0.00202428 -0.174427 -0.422054
vn -0.0337924 -0.592565 -0.804814
v 0.00131204 -0.200574 -0.399329
vn -0.0185732 -0.734878 -0.677945
v 0.0216384 -0.111589 -0.450823
vn 0.0217995 -0.261017 -0.965088
v 0.0216384 -0.174498 -0.422154
vn 0.0185621 -0.585989 -0.810106
v -0.00839369 -0.220854 -0.371312
vn -0.147389 -0.837097 -0.526825
v -0.00839369 -0.236 -0.340235
vn -0.118223 -0.935361 -0.333352
v -0.00839369 -0.244957 -0.306846
vn -0.145042 -0.97849 -0.146696
v -0.00839369 -0.247246 -0.272423
vn -0.131887 -0.990917 0.0262643
v -0.00202428 -0.221418 -0.371661
vn -0.0338992 -0.860185 -0.508854
v 0.00131204 -0.245733 -0.306971
vn -0.0255775 -0.989002 -0.145674
v 0.00131204 -0.248033 -0.272395
vn -0.0198795 -0.997441 0.0686776
v 0.0046494 -0.236851 -0.340553
vn -0.0116305 -0.936737 -0.349841
v 0.0216384 -0.221522 -0.371727
vn 0.0201098 -0.852604 -0.522171
v -0.00839369 -0.242561 -0.238243
vn -0.13182 -0.96606 0.222154
v -0.00839369 -0.231297 -0.205558
vn -0.131707 -0.90527 0.403906
v -0.00839369 -0.21402 -0.175615
vn -0.131775 -0.810824 0.570263
v -0.00839369 -0.191297 -0.149656
vn -0.13194 -0.682119 0.71924
v 0.00131204 -0.243327 -0.238062
vn -0.019851 -0.964426 0.263607
v 0.00131204 -0.232012 -0.205233
vn -0.0198406 -0.896073 0.443463
v 0.00131204 -0.214658 -0.175155
vn -0.0198867 -0.793665 0.608031
v 0.00131204 -0.191834 -0.149079
vn -0.0199106 -0.656753 0.753843
v -0.00839369 -0.163817 -0.128799
vn -0.131883 -0.52602 0.840184
v -0.00839369 -0.13274 -0.113654
vn -0.147352 -0.355871 0.922845
v -0.00839369 -0.0993493 -0.104696
vn -0.157286 -0.162927 0.97402
v 0.00131204 -0.164231 -0.128129
vn -0.0239058 -0.500802 0.865232
v -0.00202428 -0.132972 -0.11303
vn -0.0414397 -0.340254 0.93942
v -0.00202428 -0.0994556 -0.10404
vn -0.0285378 -0.178057 0.983606
v 0.0183021 -0.133058 -0.112803
vn 0.0116612 -0.349825 0.936743
v 0.0216384 -0.0994756 -0.103919
vn 0.0255898 -0.14568 0.989001
v -0.0523911 -0.195402 -0.312449
vn -0.988322 0.146151 0.043112
v -0.0523911 -0.198648 -0.262412
vn -0.988667 0.149278 -0.0159237
v -0.0525975 -0.204345 -0.287647
vn -0.998718 -0.0506194 -0.000858998
v -0.0518342 -0.208434 -0.301321
vn -0.97959 -0.198479 -0.0317816
v -0.0518342 -0.210241 -0.274131
vn -0.968864 -0.247113 0.0153974
v -0.0525975 -0.190891 -0.337997
vn -0.998663 -0.0474087 -0.0205926
v -0.0518342 -0.201359 -0.327694
vn -0.967591 -0.238731 -0.082307
v -0.0523911 -0.173355 -0.357575
vn -0.987807 0.121142 0.0977875
v -0.0518342 -0.189395 -0.352241
vn -0.979256 -0.173152 -0.105242
v -0.0525975 -0.159367 -0.379395
vn -0.998643 -0.0361979 -0.0374492
v -0.0518342 -0.172922 -0.373947
vn -0.967184 -0.190482 -0.168142
v -0.0523911 -0.182329 -0.214911
vn -0.989195 0.128759 -0.0700994
v -0.0523911 -0.149241 -0.177235
vn -0.989445 0.0910188 -0.112759
v -0.0525975 -0.171274 -0.190966
vn -0.998793 -0.0353101 0.0341313
v -0.0518342 -0.183997 -0.197666
vn -0.980632 -0.158652 0.114853
v -0.0518342 -0.16605 -0.177161
vn -0.970402 -0.159813 0.181051
v -0.0525975 -0.197363 -0.236083
vn -0.998746 -0.046574 0.018366
v -0.0518342 -0.197644 -0.221318
vn -0.969368 -0.220795 0.107584
v -0.0518342 -0.206541 -0.247134
vn -0.980315 -0.191815 0.046789
v -0.0523911 -0.104115 -0.155187
vn -0.989758 0.0403908 -0.136922
v -0.0523911 -0.054078 -0.151941
vn -0.989745 -0.015152 -0.142041
v -0.0525975 -0.0795262 -0.145988
vn -0.998829 -0.000821012 0.0483676
v -0.0518342 -0.0934242 -0.141651
vn -0.981212 -0.0305057 0.190506
v -0.0518342 -0.0662346 -0.139843
vn -0.970998 0.0148676 0.238625
v -0.0525975 -0.129876 -0.159443
vn -0.998806 -0.0194596 0.0448006
v -0.0518342 -0.119798 -0.148725
vn -0.970524 -0.0785525 0.227843
v -0.0518342 -0.144344 -0.160689
vn -0.981167 -0.100324 0.165063
v -0.0523911 -0.00657896 -0.16826
vn -0.989764 -0.0682398 -0.125343
v -0.0523911 0.0310985 -0.201346
vn -0.989454 -0.11271 -0.0909815
v -0.0525975 0.0171542 -0.17906
vn -0.998809 0.0339033 0.0350741
v -0.0518342 0.01023 -0.166086
vn -0.981053 0.113611 0.156933
v -0.0518342 0.0307332 -0.184034
vn -0.970378 0.181126 0.159875
v -0.0525975 -0.0279623 -0.152971
vn -0.998815 0.0178547 0.0452764
v -0.0518342 -0.0134211 -0.152441
vn -0.970514 0.105583 0.216692
v -0.0518342 -0.0392378 -0.143542
vn -0.981381 0.0455181 0.186602
v -0.0523911 0.0531462 -0.246472
vn -0.989209 -0.140526 -0.0414544
v -0.0523911 0.056393 -0.296511
vn -0.98868 -0.149196 0.0159162
v -0.0525975 0.0621318 -0.270808
vn -0.998743 0.0501257 0.000850409
v -0.0518342 0.0662461 -0.25666
vn -0.980227 0.195388 0.0312873
v -0.0518342 0.0680538 -0.283849
vn -0.968826 0.247263 -0.0154093
v -0.0525975 0.0486771 -0.220458
vn -0.998768 0.0455094 0.0197673
v -0.0518342 0.0591714 -0.230285
vn -0.969336 0.232321 0.0800951
v -0.0518342 0.0472074 -0.20574
vn -0.980857 0.166401 0.101144
v -0.0523911 0.0400726 -0.344011
vn -0.988333 -0.133768 0.0728261
v -0.0523911 0.00698527 -0.381688
vn -0.987815 -0.0977543 0.121104
v -0.0525975 0.0290603 -0.367487
vn -0.998662 0.0371777 -0.0359372
v -0.0518342 0.0418107 -0.360315
vn -0.979153 0.164535 -0.119111
v -0.0518342 0.0238626 -0.380819
vn -0.967168 0.168176 -0.190532
v -0.0525975 0.0551486 -0.32237
vn -0.998688 0.0476446 -0.0187878
v -0.0518342 0.055456 -0.336663
vn -0.967563 0.227108 -0.110651
v -0.0518342 0.0643532 -0.310845
vn -0.979849 0.194049 -0.0473351
v -0.0523911 -0.0381397 -0.403734
vn -0.98765 -0.0443285 0.150273
v -0.0523911 -0.0881781 -0.406981
vn -0.987424 0.0167685 0.1572
v -0.0525975 -0.0626878 -0.412466
vn -0.998618 0.000892816 -0.0525444
v -0.0518342 -0.0487635 -0.416329
vn -0.978473 0.0326332 -0.203778
v -0.0518342 -0.0759519 -0.418137
vn -0.966441 -0.015968 -0.25639
v -0.0525975 -0.0123378 -0.39901
vn -0.998618 0.020937 -0.0482015
v -0.0518342 -0.0223888 -0.409255
vn -0.966231 0.0839824 -0.243606
v -0.0518342 0.00215609 -0.397292
vn -0.978909 0.106109 -0.174581
v -0.0523911 -0.135677 -0.390662
vn -0.987644 0.0749324 0.137637
v -0.0518342 -0.152418 -0.391894
vn -0.978664 -0.120485 -0.166432
v -0.0525975 -0.114251 -0.405483
vn -0.998607 -0.0193545 -0.0490778
v -0.0518342 -0.128767 -0.40554
vn -0.966245 -0.112853 -0.231593
v -0.0518342 -0.10295 -0.414439
vn -0.978647 -0.0487106 -0.199691
v 0.0724306 -0.19174 -0.27555
vn 0.844748 0.534957 -0.0148594
v 0.0724306 -0.188534 -0.252165
vn 0.845661 0.519997 -0.120253
v 0.0742929 -0.192519 -0.251107
vn 0.922278 0.37568 -0.0909311
v 0.0724306 -0.180826 -0.229802
vn 0.846566 0.485835 -0.217464
v 0.0742929 -0.184547 -0.227976
vn 0.928597 0.341078 -0.146194
v 0.0724306 -0.169005 -0.209314
vn 0.847732 0.433494 -0.30567
v 0.0742929 -0.17232 -0.206784
vn 0.923562 0.31097 -0.224345
v 0.0724306 -0.153459 -0.191552
vn 0.848968 0.363155 -0.38389
v 0.0742929 -0.156239 -0.188414
vn 0.929603 0.257758 -0.263436
v 0.0693775 -0.188113 -0.275728
vn 0.658758 0.752047 -0.0215247
v 0.0693775 -0.185006 -0.253053
vn 0.659258 0.732447 -0.170004
v 0.0693775 -0.177533 -0.231371
vn 0.659921 0.685521 -0.307515
v 0.0693775 -0.166071 -0.211507
vn 0.661041 0.612871 -0.432913
v 0.0693775 -0.150998 -0.194286
vn 0.662384 0.514366 -0.544679
v 0.0646599 -0.184962 -0.275849
vn 0.450306 0.892486 -0.0263244
v 0.0646599 -0.181939 -0.253793
vn 0.450337 0.869565 -0.202616
v 0.0646599 -0.17467 -0.232702
vn 0.450426 0.814305 -0.366092
v 0.0646599 -0.163521 -0.21338
vn 0.45094 0.72859 -0.515568
v 0.0646599 -0.148859 -0.19663
vn 0.451685 0.611985 -0.649195
v 0.0577988 -0.182291 -0.27594
vn 0.287976 0.957191 -0.0292432
v 0.0577988 -0.17934 -0.254406
vn 0.287886 0.932457 -0.218278
v 0.0577988 -0.172242 -0.233813
vn 0.287753 0.873108 -0.393549
v 0.0577988 -0.161357 -0.214946
vn 0.287908 0.781174 -0.553963
v 0.0577988 -0.147041 -0.198591
vn 0.288142 0.656128 -0.697475
v 0.0724306 -0.159411 -0.362016
vn 0.841809 0.392126 0.370937
v 0.0724306 -0.173681 -0.343214
vn 0.842169 0.457386 0.285567
v 0.0742929 -0.177156 -0.34528
vn 0.917344 0.339817 0.207373
v 0.0724306 -0.184045 -0.321949
vn 0.842663 0.503059 0.191963
v 0.0742929 -0.187875 -0.323286
vn 0.924813 0.353219 0.141267
v 0.0724306 -0.190173 -0.299104
vn 0.843581 0.529147 0.0915083
v 0.0742929 -0.194214 -0.299656
vn 0.918376 0.390627 0.0632185
v 0.0742929 -0.195834 -0.275296
vn 0.925837 0.377902 -0.00411504
v 0.0693775 -0.15677 -0.359559
vn 0.657567 0.547762 0.517265
v 0.0693775 -0.170605 -0.341329
vn 0.657368 0.639541 0.398566
v 0.0693775 -0.180653 -0.320713
vn 0.657329 0.7043 0.268105
v 0.0693775 -0.186595 -0.298562
vn 0.657896 0.7422 0.127719
v 0.0646599 -0.154473 -0.357395
vn 0.450776 0.649528 0.612302
v 0.0646599 -0.167931 -0.339663
vn 0.450231 0.75819 0.471636
v 0.0646599 -0.177705 -0.319608
vn 0.449865 0.834929 0.31704
v 0.0646599 -0.183485 -0.298061
vn 0.449948 0.880245 0.150718
v 0.0577988 -0.152522 -0.355561
vn 0.287759 0.697544 0.656222
v 0.0577988 -0.165663 -0.338247
vn 0.287689 0.813739 0.505038
v 0.0577988 -0.175205 -0.318667
vn 0.287561 0.895715 0.33912
v 0.0577988 -0.180849 -0.297629
vn 0.287724 0.944141 0.160664
v 0.0724306 -0.0754119 -0.400296
vn 0.842085 0.0149778 0.539137
v 0.0724306 -0.0987976 -0.397092
vn 0.841566 0.121701 0.526265
v 0.0742929 -0.099702 -0.401008
vn 0.915045 0.0948866 0.392032
v 0.0724306 -0.121161 -0.389384
vn 0.841204 0.220904 0.493535
v 0.0742929 -0.122833 -0.393035
vn 0.922699 0.151884 0.354342
v 0.0724306 -0.14165 -0.377563
vn 0.841349 0.311472 0.441719
v 0.0742929 -0.144025 -0.380808
vn 0.914325 0.236939 0.328435
v 0.0742929 -0.162396 -0.364728
vn 0.922557 0.275799 0.269857
v 0.0693775 -0.0753276 -0.396674
vn 0.659589 0.0215223 0.751318
v 0.0693775 -0.0980028 -0.393566
vn 0.658542 0.170143 0.733058
v 0.0693775 -0.119684 -0.386094
vn 0.657779 0.308281 0.687233
v 0.0693775 -0.139549 -0.374632
vn 0.657511 0.434688 0.615407
v 0.0646599 -0.0752529 -0.393497
vn 0.452593 0.026282 0.89133
v 0.0646599 -0.0973079 -0.390476
vn 0.451855 0.202444 0.868817
v 0.0646599 -0.118399 -0.383205
vn 0.45112 0.36594 0.81399
v 0.0646599 -0.137722 -0.372058
vn 0.450863 0.515593 0.72862
v 0.0577988 -0.0751739 -0.390811
vn 0.287791 0.0292389 0.957247
v 0.0577988 -0.0967078 -0.38786
vn 0.287639 0.218287 0.932531
v 0.0577988 -0.117301 -0.380763
vn 0.287496 0.393595 0.873172
v 0.0577988 -0.136167 -0.369876
vn 0.287634 0.554022 0.781234
v 0.0724306 0.0110533 -0.367969
vn 0.845346 -0.367118 0.388091
v 0.0724306 -0.00774861 -0.382239
vn 0.844217 -0.283864 0.454664
v 0.0742929 -0.00552934 -0.385645
vn 0.917039 -0.207743 0.340415
v 0.0724306 -0.029013 -0.392601
vn 0.843163 -0.191685 0.502328
v 0.0742929 -0.0275222 -0.396364
vn 0.923685 -0.142283 0.355754
v 0.0724306 -0.0518598 -0.398731
vn 0.842478 -0.0918 0.530851
v 0.0742929 -0.0511533 -0.402703
vn 0.914182 -0.0647478 0.400098
v 0.0742929 -0.075514 -0.404322
vn 0.921938 0.00422179 0.387314
v 0.0693775 0.00850338 -0.365331
vn 0.663541 -0.51366 0.543937
v 0.0693775 -0.00972683 -0.379166
vn 0.662208 -0.396329 0.635928
v 0.0693775 -0.0303427 -0.389215
vn 0.660913 -0.267 0.70136
v 0.0693775 -0.0524935 -0.395157
vn 0.660201 -0.127355 0.740213
v 0.0646599 0.00629359 -0.363008
vn 0.454947 -0.610855 0.647981
v 0.0646599 -0.0114387 -0.376467
vn 0.454206 -0.470586 0.756469
v 0.0646599 -0.0314934 -0.386242
vn 0.453509 -0.316373 0.833209
v 0.0646599 -0.0530399 -0.39202
vn 0.453027 -0.150433 0.878713
v 0.0577988 0.00444697 -0.361042
vn 0.287931 -0.65617 0.697522
v 0.0577988 -0.0128673 -0.374183
vn 0.287705 -0.505057 0.813722
v 0.0577988 -0.0324472 -0.383725
vn 0.287493 -0.339111 0.895741
v 0.0577988 -0.0534853 -0.389369
vn 0.287584 -0.160669 0.944183
v 0.0724306 0.0493329 -0.283969
vn 0.849573 -0.527268 0.0146459
v 0.0724306 0.0461293 -0.307355
vn 0.848431 -0.5157 0.119244
v 0.0742929 0.0501984 -0.308191
vn 0.921918 -0.376515 0.0911248
v 0.0724306 0.0384218 -0.329719
vn 0.847273 -0.484808 0.216999
v 0.0742929 0.0422276 -0.331321
vn 0.927093 -0.34452 0.147662
v 0.0724306 0.026601 -0.350207
vn 0.846289 -0.435369 0.306998
v 0.0742929 0.0300004 -0.352514
vn 0.918073 -0.321482 0.231928
v 0.0742929 0.013919 -0.370884
vn 0.924409 -0.26673 0.272622
v 0.0693775 0.0456187 -0.28389
vn 0.667056 -0.744703 0.021317
v 0.0693775 0.0425108 -0.306563
vn 0.666126 -0.726524 0.168639
v 0.0693775 0.0350381 -0.328245
vn 0.665096 -0.681345 0.30564
v 0.0693775 0.0235773 -0.348109
vn 0.664325 -0.6105 0.431232
v 0.0646599 0.0423961 -0.283788
vn 0.456314 -0.889432 0.0262265
v 0.0646599 0.0393746 -0.305844
vn 0.455951 -0.866785 0.201971
v 0.0646599 0.0321039 -0.326934
vn 0.45544 -0.811981 0.365051
v 0.0646599 0.0209548 -0.346258
vn 0.455149 -0.726849 0.514324
v 0.0577988 0.0396967 -0.283693
vn 0.288107 -0.957152 0.0292268
v 0.0577988 0.0367457 -0.305227
vn 0.287885 -0.93246 0.218265
v 0.0577988 0.0296488 -0.32582
vn 0.287573 -0.873166 0.393552
v 0.0577988 0.018764 -0.344687
vn 0.287719 -0.781207 0.554016
v 0.0724306 0.0170068 -0.197505
vn 0.852328 -0.379954 -0.359406
v 0.0724306 0.0312754 -0.216307
vn 0.851751 -0.444434 -0.277485
v 0.0742929 0.0348349 -0.214018
vn 0.926483 -0.321247 -0.196034
v 0.0724306 0.0416391 -0.23757
vn 0.850967 -0.490701 -0.187264
v 0.0742929 0.0455545 -0.236011
vn 0.930722 -0.339572 -0.135818
v 0.0724306 0.0477685 -0.260417
vn 0.850311 -0.518585 -0.0896736
v 0.0742929 0.0518934 -0.259642
vn 0.923287 -0.379176 -0.0613677
v 0.0742929 0.0535136 -0.284002
vn 0.928305 -0.371797 0.00405668
v 0.0693775 0.0142748 -0.200059
vn 0.668217 -0.540913 -0.510783
v 0.0693775 0.0281096 -0.218288
vn 0.667947 -0.631579 -0.393643
v 0.0693775 0.0381586 -0.238903
vn 0.667558 -0.695839 -0.264903
v 0.0693775 0.0441006 -0.261053
vn 0.667382 -0.733931 -0.126277
v 0.0646599 0.0119071 -0.202243
vn 0.455912 -0.647628 -0.610509
v 0.0646599 0.025366 -0.219975
vn 0.455956 -0.755706 -0.470119
v 0.0646599 0.0351402 -0.24003
vn 0.455996 -0.832022 -0.315922
v 0.0646599 0.040919 -0.261577
vn 0.456164 -0.877133 -0.150171
v 0.0577988 0.00992784 -0.204073
vn 0.28814 -0.697461 -0.656143
v 0.0577988 0.0230688 -0.221386
vn 0.28805 -0.813643 -0.504988
v 0.0577988 0.0326114 -0.240966
vn 0.287851 -0.895636 -0.339083
v 0.0577988 0.0382554 -0.262004
vn 0.28794 -0.944078 -0.160646
v 0.0724306 -0.0669937 -0.159224
vn 0.852086 -0.0145359 -0.5232
v 0.0724306 -0.0436079 -0.16243
vn 0.852305 -0.117846 -0.509596
v 0.0742929 -0.0426172 -0.15829
vn 0.928356 -0.0874467 -0.361259
v 0.0724306 -0.0212434 -0.170136
vn 0.852313 -0.213679 -0.477392
v 0.0742929 -0.0194862 -0.166263
vn 0.932541 -0.142246 -0.331863
v 0.0724306 -0.000754889 -0.181958
vn 0.852374 -0.301351 -0.427371
v 0.0742929 0.00170444 -0.17849
vn 0.926752 -0.219794 -0.304667
v 0.0742929 0.0200768 -0.19457
vn 0.93122 -0.260502 -0.254888
v 0.0693775 -0.0671664 -0.162942
vn 0.666261 -0.0213281 -0.745413
v 0.0693775 -0.0444933 -0.16605
vn 0.666789 -0.168506 -0.725946
v 0.0693775 -0.022811 -0.173523
vn 0.667158 -0.304879 -0.679668
v 0.0693775 -0.00294683 -0.184984
vn 0.6677 -0.429498 -0.608036
v 0.0646599 -0.0673138 -0.16614
vn 0.453958 -0.0262536 -0.890636
v 0.0646599 -0.0452577 -0.169162
vn 0.454319 -0.202147 -0.8676
v 0.0646599 -0.024167 -0.176431
vn 0.454599 -0.365204 -0.812383
v 0.0646599 -0.0048429 -0.18758
vn 0.455276 -0.514321 -0.726772
v 0.0577988 -0.0674211 -0.168822
vn 0.288256 -0.029225 -0.957107
v 0.0577988 -0.0458872 -0.171773
vn 0.288089 -0.218231 -0.932406
v 0.0577988 -0.0252935 -0.17887
vn 0.287993 -0.393544 -0.873031
v 0.0577988 -0.00642738 -0.189757
vn 0.288058 -0.553955 -0.781125
v 0.0724306 -0.134656 -0.177281
vn 0.849828 0.279141 -0.44707
v 0.0742929 -0.136791 -0.173652
vn 0.926683 0.195788 -0.320821
v 0.0724306 -0.113393 -0.166918
vn 0.850544 0.187489 -0.491349
v 0.0742929 -0.114798 -0.162934
vn 0.931681 0.134902 -0.337302
v 0.0724306 -0.0905458 -0.160789
vn 0.851359 0.0893854 -0.516912
v 0.0742929 -0.091167 -0.156595
vn 0.926841 0.0599819 -0.370631
v 0.0742929 -0.0668063 -0.154975
vn 0.931751 -0.0039575 -0.363075
v 0.0693775 -0.132768 -0.18045
vn 0.663282 0.39582 -0.635125
v 0.0693775 -0.112152 -0.170403
vn 0.664058 0.265992 -0.698766
v 0.0693775 -0.0900026 -0.164461
vn 0.665154 0.126631 -0.735891
v 0.0646599 -0.131126 -0.183171
vn 0.452011 0.471161 -0.757426
v 0.0646599 -0.111072 -0.173397
vn 0.452395 0.316576 -0.833738
v 0.0646599 -0.0895246 -0.167618
vn 0.453115 0.150452 -0.878664
v 0.0577988 -0.129727 -0.185451
vn 0.288003 0.504997 -0.813654
v 0.0577988 -0.110147 -0.175909
vn 0.287819 0.339087 -0.895645
v 0.0577988 -0.0891098 -0.170264
vn 0.287967 0.160668 -0.944066
v 0.0592179 0.0227898 -0.148257
vn 0.665512 0.43032 0.609851
v 0.0660074 0.0188955 -0.153689
vn 0.732413 0.390607 0.557671
v 0.0660074 0.0415791 -0.173545
vn 0.732271 0.493208 0.469601
v 0.0699102 0.0160983 -0.157633
vn 0.819248 0.33122 0.468108
v 0.0699102 0.0380786 -0.176873
vn 0.818807 0.417701 0.393803
v 0.0729222 0.0131968 -0.161781
vn 0.903223 0.238129 0.357048
v 0.0729222 0.0344464 -0.180382
vn 0.902718 0.304492 0.303949
v 0.0592179 -0.00450916 -0.132506
vn 0.665426 0.305173 0.681233
v 0.0660074 -0.00727277 -0.138591
vn 0.732502 0.276203 0.622215
v 0.0699102 -0.00925729 -0.143003
vn 0.819613 0.234888 0.522554
v 0.0729222 -0.0113155 -0.147639
vn 0.903608 0.165005 0.395306
v 0.0592179 -0.0343086 -0.122236
vn 0.665682 0.168352 0.726998
v 0.0660074 -0.0358351 -0.128747
vn 0.732842 0.151208 0.663385
v 0.0699102 -0.0369321 -0.133466
vn 0.820095 0.129822 0.557306
v 0.0729222 -0.0380723 -0.138418
vn 0.903949 0.0854858 0.419008
v 0.0592179 -0.0654714 -0.117965
vn 0.66589 0.0209574 0.745756
v 0.0660074 -0.065704 -0.124653
vn 0.733133 0.0166551 0.679882
v 0.0699102 -0.0658725 -0.1295
vn 0.820333 0.0168432 0.571638
v 0.0729222 -0.0660504 -0.134583
vn 0.904104 0.000381056 0.427311
v 0.0592179 -0.0968531 -0.120051
vn 0.665645 -0.126943 0.735392
v 0.0660074 -0.0957845 -0.126654
vn 0.732827 -0.118063 0.670094
v 0.0699102 -0.0950202 -0.131436
vn 0.820008 -0.0966002 0.564141
v 0.0729222 -0.0942285 -0.136456
vn 0.903872 -0.0838191 0.419512
v 0.0592179 -0.127296 -0.128218
vn 0.665442 -0.265906 0.697482
v 0.0660074 -0.124964 -0.134482
vn 0.732509 -0.244658 0.635274
v 0.0699102 -0.123293 -0.139021
vn 0.819628 -0.203401 0.535573
v 0.0729222 -0.121562 -0.143789
vn 0.903487 -0.162939 0.396436
v 0.0592179 -0.155628 -0.142025
vn 0.665593 -0.395057 0.633179
v 0.0660074 -0.152121 -0.147718
vn 0.732473 -0.362376 0.57634
v 0.0699102 -0.149607 -0.151846
vn 0.819334 -0.302846 0.486802
v 0.0729222 -0.147001 -0.156188
vn 0.903071 -0.236858 0.358276
v 0.0592179 -0.180682 -0.161041
vn 0.665732 -0.512613 0.542243
v 0.0660074 -0.176136 -0.165943
vn 0.732334 -0.469558 0.493155
v 0.0699102 -0.172876 -0.169505
vn 0.81888 -0.393735 0.417623
v 0.0729222 -0.169496 -0.173261
vn 0.902441 -0.304369 0.304894
v 0.0592179 -0.201398 -0.184708
vn 0.665366 -0.609965 0.430385
v 0.0660074 -0.195992 -0.188627
vn 0.731706 -0.558297 0.391039
v 0.0699102 -0.192115 -0.191487
vn 0.817869 -0.46971 0.332359
v 0.0729222 -0.188097 -0.194509
vn 0.901492 -0.360057 0.240147
v 0.0592179 -0.217149 -0.212009
vn 0.665073 -0.68152 0.305302
v 0.0660074 -0.21109 -0.214795
vn 0.731093 -0.623595 0.276825
v 0.0699102 -0.206745 -0.216841
vn 0.816848 -0.526142 0.236504
v 0.0729222 -0.20224 -0.219022
vn 0.900505 -0.401289 0.167505
v 0.0592179 -0.227419 -0.241806
vn 0.665143 -0.727465 0.168465
v 0.0660074 -0.220934 -0.243357
vn 0.730824 -0.6655 0.15168
v 0.0699102 -0.216282 -0.244517
vn 0.816035 -0.56293 0.131134
v 0.0729222 -0.211461 -0.245778
vn 0.899574 -0.427953 0.0873105
v 0.0592179 -0.23169 -0.272968
vn 0.665236 -0.746338 0.0209682
v 0.0660074 -0.225027 -0.273226
vn 0.73048 -0.682729 0.0167354
v 0.0699102 -0.220249 -0.273458
vn 0.815152 -0.578996 0.0170577
v 0.0729222 -0.215295 -0.273756
vn 0.898551 -0.43887 0.000379084
v 0.0592179 -0.229603 -0.304351
vn 0.664834 -0.736106 -0.127058
v 0.0660074 -0.223028 -0.303307
vn 0.729708 -0.673389 -0.118632
v 0.0699102 -0.218311 -0.302605
vn 0.813907 -0.572658 -0.0980739
v 0.0729222 -0.213422 -0.301936
vn 0.897317 -0.432832 -0.0864822
v 0.0592179 -0.221437 -0.334792
vn 0.664527 -0.698242 -0.266201
v 0.0660074 -0.2152 -0.332486
vn 0.72907 -0.638706 -0.24599
v 0.0699102 -0.210727 -0.330877
vn 0.812777 -0.54462 -0.206839
v 0.0729222 -0.206089 -0.329267
vn 0.896203 -0.410337 -0.168653
v 0.0592179 -0.207628 -0.363125
vn 0.664623 -0.63391 -0.395518
v 0.0660074 -0.201964 -0.359643
vn 0.7288 -0.579667 -0.364468
v 0.0699102 -0.197902 -0.357192
vn 0.812009 -0.495571 -0.308303
v 0.0729222 -0.19369 -0.354707
vn 0.895332 -0.371547 -0.245628
v 0.0592179 -0.188614 -0.388179
vn 0.664731 -0.542891 -0.513227
v 0.0660074 -0.183738 -0.383658
vn 0.728585 -0.496057 -0.472326
v 0.0699102 -0.180242 -0.38046
vn 0.81133 -0.425356 -0.401019
v 0.0729222 -0.176618 -0.377202
vn 0.894535 -0.316347 -0.315804
v 0.0592179 -0.164947 -0.408895
vn 0.664366 -0.430902 -0.610689
v 0.0660074 -0.161054 -0.403515
vn 0.728007 -0.393304 -0.561531
v 0.0699102 -0.158262 -0.399699
vn 0.810424 -0.338384 -0.478235
v 0.0729222 -0.155369 -0.395802
vn 0.893701 -0.248951 -0.37326
v 0.0592179 -0.137647 -0.424646
vn 0.664143 -0.305638 -0.682276
v 0.0660074 -0.134885 -0.418612
vn 0.727591 -0.278331 -0.627011
v 0.0699102 -0.132907 -0.414329
vn 0.809758 -0.240572 -0.53518
v 0.0729222 -0.130856 -0.409946
vn 0.893118 -0.173289 -0.415104
v 0.0592179 -0.107849 -0.434917
vn 0.664305 -0.168636 -0.72819
v 0.0660074 -0.106324 -0.428455
vn 0.727632 -0.152449 -0.668813
v 0.0699102 -0.105231 -0.423866
vn 0.80958 -0.133186 -0.5717
v 0.0729222 -0.104102 -0.419168
vn 0.89292 -0.0900006 -0.441128
v 0.0592179 -0.0766879 -0.439188
vn 0.664489 -0.02099 -0.747003
v 0.0660074 -0.0764552 -0.43255
vn 0.727794 -0.0167975 -0.68559
v 0.0699102 -0.0762909 -0.427833
vn 0.809618 -0.0172837 -0.586703
v 0.0729222 -0.0761225 -0.423002
vn 0.892965 -0.000386671 -0.450126
v 0.0592179 -0.045304 -0.437101
vn 0.664261 0.127151 -0.736607
v 0.0660074 -0.0463736 -0.430548
vn 0.727579 0.119042 -0.675617
v 0.0699102 -0.0471432 -0.425896
vn 0.809527 0.0991049 -0.578657
v 0.0729222 -0.0479444 -0.421128
vn 0.892992 0.08819 -0.441348
v 0.0592179 -0.0148613 -0.428934
vn 0.664153 0.266324 -0.69855
v 0.0660074 -0.0171954 -0.422721
vn 0.727555 0.246564 -0.640211
v 0.0699102 -0.0188714 -0.418311
vn 0.809711 0.208343 -0.5486
v 0.0729222 -0.0206096 -0.413795
vn 0.893279 0.170868 -0.41576
v 0.0592179 0.0134705 -0.415126
vn 0.664398 0.395618 -0.634083
v 0.0660074 0.00996151 -0.409486
vn 0.727984 0.364921 -0.580407
v 0.0699102 0.00744323 -0.405487
vn 0.810352 0.309508 -0.497529
v 0.0729222 0.00482912 -0.401398
vn 0.893979 0.24712 -0.373809
v 0.0592179 0.038525 -0.396111
vn 0.664694 0.513237 -0.542927
v 0.0660074 0.0339769 -0.39126
vn 0.728529 0.472361 -0.496105
v 0.0699102 0.0307121 -0.387827
vn 0.811212 0.401127 -0.425478
v 0.0729222 0.0273253 -0.384324
vn 0.89484 0.31537 -0.315916
v 0.0592179 0.0592419 -0.372445
vn 0.664553 0.610555 -0.430803
v 0.0660074 0.0538337 -0.368576
vn 0.72871 0.56092 -0.392875
v 0.0699102 0.049952 -0.365847
vn 0.81187 0.476602 -0.337219
v 0.0729222 0.0459251 -0.363075
vn 0.895625 0.370063 -0.246799
v 0.0592179 0.0749917 -0.345145
vn 0.664512 0.681978 -0.305498
v 0.0660074 0.0689308 -0.342408
vn 0.729007 0.625637 -0.277717
v 0.0699102 0.0645806 -0.340491
vn 0.812669 0.5315 -0.238907
v 0.0729222 0.0600673 -0.338562
vn 0.896568 0.408727 -0.17061
v 0.0592179 0.0852617 -0.315346
vn 0.664855 0.727717 -0.168512
v 0.0660074 0.0787744 -0.313846
vn 0.72968 0.66669 -0.151959
v 0.0699102 0.0741189 -0.312815
vn 0.813833 0.565945 -0.131842
v 0.0729222 0.0692877 -0.311808
vn 0.897743 0.431627 -0.0880635
v 0.0592179 0.0895319 -0.284184
vn 0.665175 0.746393 -0.0209755
v 0.0660074 0.0828687 -0.283977
vn 0.730418 0.682795 -0.0167313
v 0.0699102 0.0780848 -0.283875
vn 0.815045 0.579146 -0.0170575
v 0.0729222 0.073123 -0.283829
vn 0.898941 0.438069 -0.000387335
v 0.0592179 0.0874463 -0.252802
vn 0.665069 0.7359 0.12702
v 0.0660074 0.0808674 -0.253895
vn 0.730725 0.672316 0.118458
v 0.0699102 0.0761477 -0.254728
vn 0.815881 0.569922 0.0976058
v 0.0729222 0.0712501 -0.255651
vn 0.899902 0.427639 0.0854458
v 0.0592179 0.0792798 -0.222359
vn 0.66505 0.697805 0.266039
v 0.0660074 0.0730398 -0.224717
vn 0.731062 0.636722 0.245222
v 0.0699102 0.0685623 -0.226455
vn 0.816732 0.539429 0.204854
v 0.0729222 0.0639174 -0.228317
vn 0.900829 0.40158 0.165048
v 0.0592179 0.0654713 -0.194027
vn 0.665373 0.633343 0.395165
v 0.0660074 0.0598051 -0.197561
vn 0.731664 0.57708 0.362832
v 0.0699102 0.0557392 -0.200141
vn 0.81782 0.488636 0.303983
v 0.0729222 0.0515186 -0.202879
vn 0.901854 0.360402 0.238265
v 0.0592179 0.0464567 -0.168974
vn 0.665694 0.542274 0.512631
v 0.0372598 0.0311248 -0.136682
vn 0.286014 0.556097 0.780354
v 0.0426206 0.0299131 -0.138367
vn 0.460542 0.519635 0.719639
v 0.0426206 0.0553749 -0.160655
vn 0.460779 0.651793 0.602369
v 0.0499039 0.0272863 -0.142013
vn 0.591217 0.471138 0.654593
v 0.0499039 0.0520871 -0.163721
vn 0.591478 0.591297 0.548199
v 0.0372598 0.00140229 -0.119531
vn 0.285925 0.395747 0.872715
v 0.0426206 0.000540053 -0.121421
vn 0.460406 0.371542 0.806215
v 0.0499039 -0.00132132 -0.125507
vn 0.591006 0.336533 0.733115
v 0.0372598 -0.0310439 -0.10835
vn 0.286144 0.220523 0.932465
v 0.0426206 -0.0315187 -0.110371
vn 0.460504 0.20971 0.86253
v 0.0499039 -0.0325473 -0.114744
vn 0.591266 0.189312 0.783942
v 0.0372598 -0.0649723 -0.1037
vn 0.28621 0.0315259 0.957648
v 0.0426206 -0.0650439 -0.105775
vn 0.46077 0.0349388 0.886832
v 0.0499039 -0.0652008 -0.11027
vn 0.591507 0.0304585 0.805725
v 0.0372598 -0.0991419 -0.105972
vn 0.285991 -0.158585 0.945019
v 0.0426206 -0.0988092 -0.108022
vn 0.460567 -0.141432 0.876285
v 0.0499039 -0.098087 -0.112456
vn 0.591196 -0.129724 0.796027
v 0.0372598 -0.132288 -0.114863
vn 0.285931 -0.337262 0.896938
v 0.0426206 -0.131561 -0.116808
vn 0.460397 -0.30736 0.832805
v 0.0499039 -0.129988 -0.121014
vn 0.591015 -0.280435 0.756345
v 0.0372598 -0.163136 -0.129898
vn 0.286148 -0.503424 0.815281
v 0.0426206 -0.162043 -0.131665
vn 0.46059 -0.46161 0.758138
v 0.0499039 -0.159678 -0.135484
vn 0.591188 -0.420493 0.688246
v 0.0372598 -0.190415 -0.150601
vn 0.286248 -0.654854 0.699449
v 0.0426206 -0.188998 -0.152122
vn 0.460751 -0.602366 0.651816
v 0.0499039 -0.185932 -0.155408
vn 0.591444 -0.548214 0.591316
v 0.0372598 -0.212971 -0.176371
vn 0.28601 -0.780349 0.556106
v 0.0426206 -0.211286 -0.177582
vn 0.460537 -0.719637 0.519643
v 0.0499039 -0.20764 -0.180209
vn 0.591205 -0.654601 0.471142
v 0.0372598 -0.230121 -0.206093
vn 0.285951 -0.872712 0.395735
v 0.0426206 -0.228233 -0.206955
vn 0.460389 -0.806222 0.371548
v 0.0499039 -0.224146 -0.208817
vn 0.591011 -0.733115 0.336523
v 0.0372598 -0.241303 -0.238539
vn 0.286091 -0.932479 0.220532
v 0.0426206 -0.239282 -0.239014
vn 0.460571 -0.862501 0.209683
v 0.0499039 -0.234908 -0.240043
vn 0.591204 -0.783988 0.189317
v 0.0372598 -0.245953 -0.272468
vn 0.286266 -0.957631 0.0315356
v 0.0426206 -0.243876 -0.272539
vn 0.46082 -0.886805 0.0349502
v 0.0499039 -0.239383 -0.272696
vn 0.591415 -0.805791 0.0304747
v 0.0372598 -0.243681 -0.306637
vn 0.286098 -0.944986 -0.158583
v 0.0426206 -0.241632 -0.306304
vn 0.460552 -0.876294 -0.141424
v 0.0499039 -0.237197 -0.305584
vn 0.591144 -0.796064 -0.129732
v 0.0372598 -0.234789 -0.339783
vn 0.285959 -0.896924 -0.337274
v 0.0426206 -0.232845 -0.339057
vn 0.460364 -0.832822 -0.307365
v 0.0499039 -0.228639 -0.337483
vn 0.590944 -0.756394 -0.28045
v 0.0372598 -0.219755 -0.370632
vn 0.28607 -0.815308 -0.503424
v 0.0426206 -0.217989 -0.369539
vn 0.460546 -0.758162 -0.461615
v 0.0499039 -0.214169 -0.367174
vn 0.591146 -0.688269 -0.420513
v 0.0372598 -0.199051 -0.397911
vn 0.286228 -0.699451 -0.65486
v 0.0426206 -0.197532 -0.396494
vn 0.46076 -0.651799 -0.602377
v 0.0499039 -0.194244 -0.393428
vn 0.591384 -0.591339 -0.548255
v 0.0372598 -0.173283 -0.420466
vn 0.286025 -0.556096 -0.780351
v 0.0426206 -0.172069 -0.418781
vn 0.460562 -0.519621 -0.719636
v 0.0499039 -0.169443 -0.415135
vn 0.591105 -0.47118 -0.654664
v 0.0372598 -0.143558 -0.437617
vn 0.285995 -0.395736 -0.872697
v 0.0426206 -0.142697 -0.435727
vn 0.460396 -0.371553 -0.806216
v 0.0499039 -0.140836 -0.431641
vn 0.590903 -0.336565 -0.733184
v 0.0372598 -0.111114 -0.448799
vn 0.286136 -0.22054 -0.932464
v 0.0426206 -0.110638 -0.446777
vn 0.46059 -0.209682 -0.862491
v 0.0499039 -0.10961 -0.442403
vn 0.591122 -0.189329 -0.784047
v 0.0372598 -0.0771848 -0.453449
vn 0.286405 -0.0315143 -0.95759
v 0.0426206 -0.0771132 -0.451371
vn 0.460822 -0.0349368 -0.886805
v 0.0499039 -0.0769553 -0.446878
vn 0.591328 -0.0304714 -0.805855
v 0.0372598 -0.0430152 -0.451176
vn 0.286143 0.15857 -0.944975
v 0.0426206 -0.0433489 -0.449126
vn 0.460561 0.141414 -0.876291
v 0.0499039 -0.0440701 -0.444691
vn 0.591064 0.129739 -0.796122
v 0.0372598 -0.00987003 -0.442286
vn 0.285954 0.337255 -0.896933
v 0.0426206 -0.0105964 -0.440341
vn 0.460441 0.307345 -0.832786
v 0.0499039 -0.0121693 -0.436135
vn 0.59089 0.280461 -0.756433
v 0.0372598 0.020979 -0.427251
vn 0.286132 0.503427 -0.815285
v 0.0426206 0.0198862 -0.425483
vn 0.460606 0.461606 -0.75813
v 0.0499039 0.0175206 -0.421664
vn 0.59111 0.420528 -0.688291
v 0.0372598 0.048258 -0.406547
vn 0.286294 0.654847 -0.699437
v 0.0426206 0.046841 -0.405027
vn 0.460755 0.602367 -0.651812
v 0.0499039 0.0437742 -0.40174
vn 0.591359 0.548253 -0.591366
v 0.0372598 0.0708132 -0.380779
vn 0.286032 0.780348 -0.556096
v 0.0426206 0.0691287 -0.379566
vn 0.460541 0.719637 -0.519639
v 0.0499039 0.0654828 -0.37694
vn 0.591098 0.654663 -0.471189
v 0.0372598 0.0879643 -0.351055
vn 0.28594 0.872712 -0.395742
v 0.0426206 0.0860745 -0.350193
vn 0.460395 0.806219 -0.371547
v 0.0499039 0.0819886 -0.348331
vn 0.59092 0.733173 -0.336557
v 0.0372598 0.099146 -0.318609
vn 0.286131 0.932469 -0.220525
v 0.0426206 0.0971247 -0.318135
vn 0.460495 0.862534 -0.209712
v 0.0499039 0.0927514 -0.317106
vn 0.591195 0.783993 -0.189322
v 0.0372598 0.103795 -0.28468
vn 0.286206 0.957649 -0.0315258
v 0.0426206 0.10172 -0.284609
vn 0.460773 0.88683 -0.0349383
v 0.0499039 0.0972257 -0.284451
vn 0.591459 0.80576 -0.0304549
v 0.0372598 0.101523 -0.250511
vn 0.286007 0.945014 0.158586
v 0.0426206 0.0994735 -0.250844
vn 0.46056 0.876288 0.141434
v 0.0499039 0.0950391 -0.251566
vn 0.591149 0.796062 0.129725
v 0.0372598 0.0926324 -0.217366
vn 0.285927 0.896939 0.337262
v 0.0426206 0.0906879 -0.218092
vn 0.460342 0.83284 0.307349
v 0.0499039 0.0864819 -0.219665
vn 0.590994 0.756362 0.280434
v 0.0372598 0.0775974 -0.186517
vn 0.286058 0.815317 0.503417
v 0.0426206 0.0758329 -0.187609
vn 0.460574 0.758149 0.461608
v 0.0499039 0.0720112 -0.189975
vn 0.591233 0.688213 0.420484
v 0.0372598 0.0568941 -0.159237
vn 0.286287 0.699431 0.654856
v 0.0313452 -0.030747 -0.107091
vn 0.13179 0.222163 0.966062
v 0.0313452 -0.0649271 -0.102406
vn 0.131945 0.0262486 0.990909
v 0.0313452 0.00193709 -0.118356
vn 0.131736 0.403898 0.905269
v 0.0313452 0.0318808 -0.135632
vn 0.147432 0.567064 0.810372
v 0.0249757 0.0322692 -0.135094
vn 0.0338699 0.595327 0.802769
v 0.0313452 0.0578417 -0.158355
vn 0.118402 0.737164 0.66526
v 0.0313452 0.0786965 -0.185836
vn 0.145093 0.850813 0.505041
v 0.0313452 0.093842 -0.216913
vn 0.131765 0.925722 0.354509
v 0.0313452 0.102799 -0.250303
vn 0.131843 0.976563 0.170124
v 0.0313452 0.105089 -0.284726
vn 0.131945 0.990909 -0.0262486
v 0.0313452 0.100404 -0.318906
vn 0.131784 0.966062 -0.222166
v 0.0313452 0.0891392 -0.35159
vn 0.131736 0.905272 -0.403892
v 0.0313452 0.0718639 -0.381533
vn 0.131832 0.810824 -0.57025
v 0.0313452 0.0491403 -0.407492
vn 0.131913 0.682113 -0.719251
v 0.0313452 0.0216592 -0.428349
vn 0.147396 0.526839 -0.837087
v 0.0249757 0.0220087 -0.428915
vn 0.0339101 0.508851 -0.860187
v 0.0313452 -0.0094173 -0.443496
vn 0.118216 0.333335 -0.935368
v 0.0313452 -0.0428078 -0.452453
vn 0.145106 0.146713 -0.978478
v 0.0313452 -0.07723 -0.454743
vn 0.131877 -0.0262628 -0.990918
v 0.0313452 -0.11141 -0.450057
vn 0.1318 -0.222164 -0.96606
v 0.0313452 -0.144094 -0.438793
vn 0.147286 -0.400912 -0.904199
v 0.0249757 -0.14437 -0.439396
vn 0.033743 -0.426516 -0.90385
v 0.0313452 -0.174039 -0.421514
vn 0.139034 -0.576048 -0.805505
v 0.0313452 -0.199998 -0.398793
vn 0.147531 -0.716008 -0.682325
v 0.0249757 -0.200484 -0.399247
vn 0.033791 -0.740469 -0.671241
v 0.0313452 -0.220854 -0.371312
vn 0.139043 -0.843473 -0.518864
v 0.0313452 -0.236 -0.340235
vn 0.147313 -0.922842 -0.355894
v 0.0249757 -0.236621 -0.340468
vn 0.0414175 -0.939416 -0.340267
v 0.0313452 -0.244957 -0.306846
vn 0.15715 -0.974043 -0.162926
v 0.0249757 -0.245612 -0.306951
vn 0.0285452 -0.983604 -0.178066
v 0.0313452 -0.247246 -0.272423
vn 0.157301 -0.986998 0.033044
v 0.0249757 -0.24791 -0.272399
vn 0.0261662 -0.99954 0.0153433
v 0.0313452 -0.242561 -0.238243
vn 0.157217 -0.960933 0.227796
v 0.0249757 -0.243208 -0.238091
vn 0.0261412 -0.976584 0.213544
v 0.0313452 -0.231297 -0.205558
vn 0.15707 -0.89922 0.408328
v 0.0249757 -0.231901 -0.205284
vn 0.0261239 -0.917152 0.397679
v 0.0313452 -0.21402 -0.175615
vn 0.157178 -0.803949 0.573552
v 0.0249757 -0.214559 -0.175226
vn 0.026158 -0.823828 0.566236
v 0.0313452 -0.191297 -0.149656
vn 0.157383 -0.674548 0.72126
v 0.0249757 -0.191751 -0.149169
vn 0.0261942 -0.695941 0.717621
v 0.0313452 -0.163817 -0.128799
vn 0.157291 -0.518402 0.840547
v 0.0249757 -0.164167 -0.128234
vn 0.0268899 -0.53324 0.845536
v 0.0313452 -0.13274 -0.113654
vn 0.118209 -0.33333 0.935371
v 0.0313452 -0.0993493 -0.104696
vn 0.145114 -0.146708 0.978478
v 0.0753416 -0.198648 -0.262412
vn 0.988665 0.149288 -0.015929
v 0.0753416 -0.195402 -0.312449
vn 0.988322 0.146157 0.0431094
v 0.0753416 -0.173355 -0.357575
vn 0.987806 0.121148 0.0977872
v 0.0755489 -0.204345 -0.287647
vn 0.998717 -0.0506234 -0.000855925
v 0.0755489 -0.190891 -0.337997
vn 0.998663 -0.0474136 -0.0205913
v 0.0755489 -0.159367 -0.379395
vn 0.998643 -0.036203 -0.0374498
v 0.0747846 -0.210241 -0.274131
vn 0.968873 -0.24708 0.0153926
v 0.0747846 -0.208434 -0.301321
vn 0.979585 -0.1985 -0.0317924
v 0.0747846 -0.201359 -0.327694
vn 0.9676 -0.238699 -0.0822987
v 0.0747846 -0.189395 -0.352241
vn 0.979251 -0.173167 -0.10526
v 0.0747846 -0.172922 -0.373947
vn 0.967193 -0.190455 -0.168122
v 0.0753416 -0.149241 -0.177235
vn 0.989444 0.0910185 -0.112765
v 0.0753416 -0.182329 -0.214911
vn 0.989194 0.128762 -0.0701052
v 0.0755489 -0.171274 -0.190966
vn 0.998793 -0.0353107 0.0341361
v 0.0755489 -0.197363 -0.236083
vn 0.998746 -0.0465765 0.0183703
v 0.0747846 -0.16605 -0.177161
vn 0.97041 -0.159794 0.181025
v 0.0747846 -0.183997 -0.197666
vn 0.980627 -0.158674 0.114861
v 0.0747846 -0.197644 -0.221318
vn 0.969377 -0.220767 0.107567
v 0.0747846 -0.206541 -0.247134
vn 0.980311 -0.191838 0.0467873
v 0.0753416 -0.054078 -0.151941
vn 0.989744 -0.0151564 -0.142045
v 0.0753416 -0.104115 -0.155187
vn 0.989757 0.0403884 -0.136928
v 0.0755489 -0.0795262 -0.145988
vn 0.998829 -0.000818076 0.0483714
v 0.0755489 -0.129876 -0.159443
vn 0.998806 -0.0194584 0.0448053
v 0.0747846 -0.0662346 -0.139843
vn 0.971006 0.0148629 0.238594
v 0.0747846 -0.0934242 -0.141651
vn 0.981208 -0.030516 0.190527
v 0.0747846 -0.119798 -0.148725
vn 0.970532 -0.0785445 0.227812
v 0.0747846 -0.144344 -0.160689
vn 0.981163 -0.100341 0.165078
v 0.0753416 0.0310985 -0.201346
vn 0.989453 -0.112716 -0.0909812
v 0.0753416 -0.00657896 -0.16826
vn 0.989763 -0.0682453 -0.125345
v 0.0755489 0.0171542 -0.17906
vn 0.998809 0.033908 0.0350747
v 0.0755489 -0.0279623 -0.152971
vn 0.998815 0.0178588 0.0452788
v 0.0747846 0.0307332 -0.184034
vn 0.970386 0.1811 0.159856
v 0.0747846 0.01023 -0.166086
vn 0.981048 0.113619 0.156955
v 0.0747846 -0.0134211 -0.152441
vn 0.970522 0.105567 0.216664
v 0.0747846 -0.0392378 -0.143542
vn 0.981376 0.0455165 0.186625
v 0.0753416 0.056393 -0.296511
vn 0.988679 -0.1492 0.0159208
v 0.0753416 0.0531462 -0.246472
vn 0.989208 -0.140531 -0.0414519
v 0.0755489 0.0621318 -0.270808
vn 0.998742 0.0501296 0.000847365
v 0.0755489 0.0486771 -0.220458
vn 0.998768 0.0455141 0.0197661
v 0.0747846 0.0680538 -0.283849
vn 0.968834 0.24723 -0.0154045
v 0.0747846 0.0662461 -0.25666
vn 0.980222 0.195409 0.0312978
v 0.0747846 0.0591714 -0.230285
vn 0.969344 0.232289 0.080087
v 0.0747846 0.0472074 -0.20574
vn 0.980853 0.166416 0.101161
v 0.0753416 0.00698527 -0.381688
vn 0.987814 -0.097754 0.121111
v 0.0753416 0.0400726 -0.344011
vn 0.988332 -0.13377 0.072832
v 0.0755489 0.0290603 -0.367487
vn 0.998662 0.0371783 -0.0359422
v 0.0755489 0.0551486 -0.32237
vn 0.998687 0.0476471 -0.0187922
v 0.0747846 0.0238626 -0.380819
vn 0.967177 0.168156 -0.190505
v 0.0747846 0.0418107 -0.360315
vn 0.979148 0.164558 -0.119119
v 0.0747846 0.055456 -0.336663
vn 0.967572 0.227079 -0.110634
v 0.0747846 0.0643532 -0.310845
vn 0.979844 0.194073 -0.0473334
v 0.0753416 -0.0881781 -0.406981
vn 0.987424 0.0167734 0.157204
v 0.0753416 -0.0381397 -0.403734
vn 0.98765 -0.0443258 0.150279
v 0.0755489 -0.0626878 -0.412466
vn 0.998618 0.000889627 -0.0525485
v 0.0755489 -0.0123378 -0.39901
vn 0.998618 0.0209357 -0.0482065
v 0.0747846 -0.0759519 -0.418137
vn 0.96645 -0.015963 -0.256357
v 0.0747846 -0.0487635 -0.416329
vn 0.978468 0.0326442 -0.2038
v 0.0747846 -0.0223888 -0.409255
vn 0.966241 0.083974 -0.243573
v 0.0747846 0.00215609 -0.397292
vn 0.978904 0.106127 -0.174597
v 0.0753416 -0.135677 -0.390662
vn 0.987643 0.0749385 0.137639
v 0.0755489 -0.114251 -0.405483
vn 0.998607 -0.019359 -0.0490804
v 0.0747846 -0.152418 -0.391894
vn 0.978659 -0.120493 -0.166455
v 0.0747846 -0.128767 -0.40554
vn 0.966254 -0.112836 -0.231564
v 0.0747846 -0.10295 -0.414439
vn 0.978642 -0.0487089 -0.199716
v -0.0310035 -0.154687 0.52543
vn -0.348206 -0.402517 0.846601
v -0.0310035 -0.177431 0.51261
vn -0.348712 -0.541888 0.764694
v 0.0109441 -0.180988 0.517634
vn 0.000134361 -0.562847 0.826561
v 0.0109441 -0.157257 0.530973
vn 1.17307e-05 -0.411784 0.911281
v -0.0413631 -0.14888 0.512939
vn -0.81717 0.203964 -0.539103
v -0.0413631 -0.169628 0.501338
vn -0.816838 0.293454 -0.496649
v -0.0123322 -0.144267 0.502942
vn -0.508299 0.377197 -0.77418
v -0.0123322 -0.163363 0.492303
vn -0.50912 0.506149 -0.696139
v 0.0632386 -0.14888 0.512939
vn 0.817494 0.269258 -0.50912
v 0.0632386 -0.169628 0.501338
vn 0.817725 0.353962 -0.453913
v 0.0342204 -0.163363 0.492303
vn 0.508794 0.462892 -0.725851
v 0.0342204 -0.144267 0.502942
vn 0.508126 0.330882 -0.795189
v 0.0528801 -0.154687 0.52543
vn 0.348096 -0.36965 0.861504
v 0.0528801 -0.177431 0.51261
vn 0.348267 -0.513247 0.784403
v -0.0310035 -0.129923 0.534091
vn -0.346975 -0.249825 0.903989
v 0.0109441 -0.131484 0.539997
vn 6.60361e-05 -0.248258 0.968694
v -0.0413631 -0.126503 0.520842
vn -0.817192 0.108556 -0.56605
v -0.0123322 -0.12368 0.510184
vn -0.507944 0.239672 -0.827376
v 0.0632386 -0.126503 0.520842
vn 0.817036 0.178556 -0.548243
v 0.0342204 -0.12368 0.510184
vn 0.507989 0.189301 -0.840305
v 0.0528801 -0.129923 0.534091
vn 0.347356 -0.21588 0.912546
v -0.0310035 -0.10408 0.5384
vn -0.346967 -0.0910016 0.933452
v 0.0109441 -0.104585 0.544472
vn -0.000146719 -0.0787879 0.996891
v -0.0413631 -0.103047 0.524751
vn -0.816794 0.00929382 -0.576855
v -0.0123322 -0.102107 0.513774
vn -0.507723 0.0935365 -0.856428
v 0.0632386 -0.103047 0.524751
vn 0.816817 0.0812655 -0.571144
v 0.0342204 -0.102107 0.513774
vn 0.507555 0.0418766 -0.860601
v 0.0528801 -0.10408 0.5384
vn 0.347229 -0.056193 0.936095
v -0.0310035 -0.0778702 0.538177
vn -0.347274 0.070157 0.935136
v 0.0109441 -0.0773416 0.544291
vn 6.48329e-05 0.0937992 0.995591
v -0.0413631 -0.0792241 0.524566
vn -0.81691 -0.0897124 -0.569745
v -0.0123322 -0.08028 0.51361
vn -0.507776 -0.0550501 -0.859729
v 0.0632386 -0.0792241 0.524566
vn 0.816506 -0.0182127 -0.577049
v 0.0342204 -0.08028 0.51361
vn 0.508222 -0.106316 -0.854638
v 0.0528801 -0.0778702 0.538177
vn 0.347394 0.105737 0.931739
v -0.0310035 -0.0521882 0.53351
vn -0.347375 0.230647 0.908918
v 0.0109441 -0.0504901 0.539376
vn -4.86951e-05 0.264211 0.964465
v -0.0413631 -0.0558604 0.520305
vn -0.816394 -0.187369 -0.546254
v -0.0123322 -0.058843 0.509708
vn -0.508382 -0.202287 -0.837035
v 0.0632386 -0.0558604 0.520305
vn 0.817152 -0.116802 -0.564464
v 0.0342204 -0.058843 0.509708
vn 0.508478 -0.252358 -0.823265
v 0.0528801 -0.0521882 0.53351
vn 0.347522 0.264722 0.899528
v -0.0310035 -0.0276539 0.524423
vn -0.348018 0.383553 0.855436
v 0.0109441 -0.0249682 0.529942
vn 6.22312e-05 0.426507 0.904484
v -0.0413631 -0.0335737 0.512063
vn -0.816887 -0.277894 -0.505441
v -0.0123322 -0.0383482 0.502127
vn -0.508592 -0.343499 -0.78952
v 0.0632386 -0.0335737 0.512063
vn 0.817412 -0.212749 -0.535328
v 0.0342204 -0.0383482 0.502127
vn 0.508373 -0.390176 -0.767671
v 0.0528801 -0.0276539 0.524423
vn 0.347769 0.415627 0.840423
v -0.0310035 -0.00497766 0.511274
vn -0.348135 0.525131 0.776557
v 0.0109441 -0.00146555 0.516246
vn 5.6415e-05 0.575527 0.817783
v -0.0413631 -0.0130337 0.500111
vn -0.818454 -0.360289 -0.447576
v -0.0123322 -0.0194599 0.491157
vn -0.508511 -0.4747 -0.718385
v 0.0632386 -0.0130337 0.500111
vn 0.817511 -0.300952 -0.491023
v 0.0342204 -0.0194599 0.491157
vn 0.50897 -0.516844 -0.688347
v 0.0528801 -0.00497766 0.511274
vn 0.348173 0.553635 0.756482
v -0.0310035 0.0149897 0.494418
vn -0.348228 0.652136 0.673391
v 0.0109441 0.0193746 0.498733
vn -0.000302207 0.708951 0.705258
v -0.0413631 0.00512076 0.484839
vn -0.818534 -0.431553 -0.379162
v -0.0123322 -0.00288891 0.477115
vn -0.509885 -0.591066 -0.625027
v 0.0632386 0.00512076 0.484839
vn 0.818059 -0.381564 -0.430335
v 0.0342204 -0.00288891 0.477115
vn 0.510672 -0.627866 -0.587366
v 0.0528801 0.0149897 0.494418
vn 0.349445 0.677359 0.647358
v -0.0310035 0.0315839 0.474425
vn -0.349237 0.759429 0.54891
v 0.0109441 0.0367236 0.477906
vn -0.0001366 0.821401 0.570352
v -0.0413631 0.0202684 0.466641
vn -0.81803 -0.492572 -0.296986
v -0.0123322 0.0111112 0.460424
vn -0.511107 -0.690535 -0.511792
v 0.0632386 0.0202684 0.466641
vn 0.818073 -0.45017 -0.357916
v 0.0342204 0.0111112 0.460424
vn 0.511097 -0.720337 -0.46893
v 0.0528801 0.0315839 0.474425
vn 0.349583 0.779693 0.51949
v -0.0310035 0.044528 0.451856
vn -0.349912 0.842887 0.408782
v 0.0109441 0.0501731 0.454389
vn 0.000223941 0.908205 0.418526
v -0.0413631 0.0319513 0.446175
vn -0.819223 -0.534879 -0.20683
v -0.0123322 0.0218297 0.44158
vn -0.511173 -0.76949 -0.382867
v 0.0632386 0.0319513 0.446175
vn 0.818838 -0.5052 -0.272539
v 0.0342204 0.0218297 0.44158
vn 0.511482 -0.790912 -0.335924
v 0.0528801 0.044528 0.451856
vn 0.349779 0.858096 0.375934
v -0.0310035 0.0532946 0.427401
vn -0.349829 0.901413 0.255097
v 0.0109441 0.0592629 0.428952
vn 0.000174031 0.967236 0.253878
v -0.0413631 0.039961 0.423989
vn -0.819335 -0.562726 -0.10968
v -0.0123322 0.0291508 0.421217
vn -0.512233 -0.823655 -0.24333
v 0.0632386 0.039961 0.423989
vn 0.819567 -0.543796 -0.180542
v 0.0342204 0.0291508 0.421217
vn 0.512602 -0.836902 -0.191922
v 0.0528801 0.0532946 0.427401
vn 0.349399 0.910489 0.221201
v -0.0310035 0.0577027 0.401795
vn -0.350152 0.932034 0.0933102
v 0.0109441 0.06383 0.402294
vn -9.48544e-05 0.996733 0.08077
v -0.0413631 0.0439079 0.400692
vn -0.819844 -0.572522 -0.0086398
v -0.0123322 0.0327546 0.399849
vn -0.512695 -0.853336 -0.0946641
v 0.0632386 0.0439079 0.400692
vn 0.820231 -0.56621 -0.0814099
v 0.0342204 0.0327546 0.399849
vn 0.512298 -0.857787 -0.0418624
v 0.0528801 0.0577027 0.401795
vn 0.35024 0.934905 0.057316
v -0.0310035 0.05745 0.375849
vn -0.351128 0.933542 -0.0721656
v 0.0109441 0.0636226 0.375293
vn 0.000113181 0.995318 -0.096659
v -0.0413631 0.0436552 0.377168
vn -0.819552 -0.565585 0.0919113
v -0.0123322 0.0325945 0.37822
vn -0.511686 -0.857292 0.0568236
v 0.0632386 0.0436552 0.377168
vn 0.820249 -0.571687 0.0191256
v 0.0342204 0.0325945 0.37822
vn 0.511171 -0.852559 0.108852
v 0.0528801 0.05745 0.375849
vn 0.350561 0.930216 -0.108652
v -0.0310035 0.0527219 0.350345
vn -0.350037 0.906739 -0.235156
v 0.0109441 0.0586197 0.34872
vn -5.38553e-05 0.963067 -0.26926
v -0.0413631 0.0393177 0.353979
vn -0.819553 -0.541365 0.187765
v -0.0123322 0.0286234 0.356957
vn -0.511188 -0.834592 0.205289
v 0.0632386 0.0393177 0.353979
vn 0.819755 -0.560436 0.117956
v 0.0342204 0.0286234 0.356957
vn 0.511626 -0.82055 0.254826
v 0.0528801 0.0527219 0.350345
vn 0.350654 0.89701 -0.269102
v -0.0310035 0.0435184 0.326045
vn -0.349315 0.85189 -0.390208
v 0.0109441 0.0491182 0.3234
vn -0.000388208 0.90134 -0.433111
v -0.0413631 0.0310785 0.331924
vn -0.818588 -0.500634 0.281565
v -0.0123322 0.0210485 0.336658
vn -0.511811 -0.785606 0.347667
v 0.0632386 0.0310785 0.331924
vn 0.818731 -0.532693 0.214285
v 0.0342204 0.0210485 0.336658
vn 0.511533 -0.762649 0.395855
v 0.0528801 0.0435184 0.326045
vn 0.350247 0.836041 -0.422329
v -0.0310035 0.03023 0.303697
vn -0.349957 0.770968 -0.532107
v 0.0109441 0.0353234 0.300158
vn 5.13092e-05 0.811894 -0.583805
v -0.0413631 0.018984 0.311647
vn -0.818049 -0.445189 0.364147
v -0.0123322 0.0099173 0.318008
vn -0.51052 -0.712872 0.480815
v 0.0632386 0.018984 0.311647
vn 0.818527 -0.486256 0.305891
v 0.0342204 0.0099173 0.318008
vn 0.510259 -0.682903 0.522761
v 0.0528801 0.03023 0.303697
vn 0.349476 0.75012 -0.561415
v -0.0310035 0.0132452 0.283926
vn -0.3493 0.667162 -0.657939
v 0.0109441 0.0176059 0.279585
vn 0.000224426 0.698544 -0.715567
v -0.0413631 0.00356051 0.293679
vn -0.817396 -0.374721 0.437548
v -0.0123322 -0.0041965 0.301536
vn -0.510334 -0.618944 0.597049
v 0.0632386 0.00356051 0.293679
vn 0.818344 -0.426665 0.385059
v 0.0342204 -0.0041965 0.301536
vn 0.510275 -0.581111 0.633979
v 0.0528801 0.0132452 0.283926
vn 0.348721 0.642165 -0.682655
v -0.0310035 -0.00690429 0.267406
vn -0.348847 0.5429 -0.763914
v 0.0109441 -0.00341637 0.262359
vn -0.000107274 0.563618 -0.826035
v -0.0413631 -0.0148245 0.278705
vn -0.817428 -0.293956 0.495381
v -0.0123322 -0.0210886 0.287769
vn -0.509499 -0.50536 0.696435
v 0.0632386 -0.0148245 0.278705
vn 0.818004 -0.353078 0.454099
v 0.0342204 -0.0210886 0.287769
vn 0.50942 -0.463304 0.725148
v 0.0528801 -0.00690429 0.267406
vn 0.348995 0.513101 -0.784175
v -0.0310035 -0.0297184 0.254624
vn -0.348494 0.402094 -0.846683
v 0.0109441 -0.0271485 0.249041
vn 9.44322e-07 0.411966 -0.911199
v -0.0413631 -0.0354561 0.267077
vn -0.817135 -0.204122 0.539096
v -0.0123322 -0.0400937 0.277082
vn -0.509256 -0.378681 0.772825
v 0.0632386 -0.0354561 0.267077
vn 0.817624 -0.269755 0.508648
v 0.0342204 -0.0400937 0.277082
vn 0.508484 -0.330937 0.794937
v 0.0528801 -0.0297184 0.254624
vn 0.34822 0.370077 -0.86127
v -0.0310035 -0.0544138 0.245926
vn -0.348286 0.250419 -0.90332
v 0.0109441 -0.0528525 0.240008
vn 9.85397e-05 0.248676 -0.968587
v -0.0413631 -0.0579723 0.259209
vn -0.816701 -0.108191 0.566828
v -0.0123322 -0.0606801 0.26984
vn -0.507646 -0.239213 0.827691
v 0.0632386 -0.0579723 0.259209
vn 0.817396 -0.17792 0.547913
v 0.0342204 -0.0606801 0.26984
vn 0.507565 -0.189507 0.840515
v 0.0528801 -0.0544138 0.245926
vn 0.348183 0.216008 -0.9122
v -0.0310035 -0.08028 0.241625
vn -0.347561 0.0909446 -0.933237
v 0.0109441 -0.0797515 0.235544
vn 0.000108305 0.078034 -0.996951
v -0.0413631 -0.0814275 0.255291
vn -0.816779 -0.00947516 0.576873
v -0.0123322 -0.0822308 0.266242
vn -0.507823 -0.0937573 0.856344
v 0.0632386 -0.0814275 0.255291
vn 0.817102 -0.0813278 0.570728
v 0.0342204 -0.0822308 0.266242
vn 0.508123 -0.0421126 0.860255
v 0.0528801 -0.08028 0.241625
vn 0.347398 0.0558208 -0.936055
v -0.0310035 -0.106536 0.241826
vn -0.347102 -0.0708991 -0.935144
v 0.0109441 -0.107086 0.235773
vn 5.84657e-05 -0.0940994 -0.995563
v -0.0413631 -0.105205 0.255488
vn -0.816562 0.0912857 0.569994
v -0.0123322 -0.10408 0.266395
vn -0.508088 0.0560417 0.85948
v 0.0632386 -0.105205 0.255488
vn 0.816508 0.018115 0.57705
v 0.0342204 -0.10408 0.266395
vn 0.507854 0.107441 0.854717
v 0.0528801 -0.106536 0.241826
vn 0.347408 -0.105803 -0.931726
v -0.0310035 -0.132218 0.246544
vn -0.347897 -0.23053 -0.908748
v 0.0109441 -0.133917 0.240659
vn -0.000293295 -0.263889 -0.964553
v -0.0413631 -0.128545 0.25977
vn -0.81681 0.18644 0.54595
v -0.0123322 -0.125653 0.270393
vn -0.507682 0.202776 0.837341
v 0.0632386 -0.128545 0.25977
vn 0.817011 0.118035 0.564412
v 0.0342204 -0.125653 0.270393
vn 0.507562 0.25245 0.823802
v 0.0528801 -0.132218 0.246544
vn 0.347922 -0.264746 -0.899366
v -0.0310035 -0.156845 0.255618
vn -0.348309 -0.383192 -0.855479
v 0.0109441 -0.159507 0.2501
vn 7.92859e-05 -0.426064 -0.904693
v -0.0413631 -0.150901 0.26802
vn -0.817562 0.277807 0.504395
v -0.0123322 -0.146126 0.277914
vn -0.507979 0.343306 0.789999
v 0.0632386 -0.150901 0.26802
vn 0.817402 0.211775 0.535729
v 0.0342204 -0.146126 0.277914
vn 0.508373 0.390009 0.767756
v 0.0528801 -0.156845 0.255618
vn 0.348594 -0.41522 -0.840282
v -0.0310035 -0.179451 0.268779
vn -0.348775 -0.525298 -0.776156
v 0.0109441 -0.183032 0.263794
vn 0.000178831 -0.57637 -0.817189
v -0.0413631 -0.171419 0.279952
vn -0.817826 0.360643 0.448438
v -0.0123322 -0.164969 0.288897
vn -0.508838 0.474564 0.718243
v 0.0632386 -0.171419 0.279952
vn 0.817713 0.30169 0.490234
v 0.0342204 -0.164969 0.288897
vn 0.5093 0.517171 0.687858
v 0.0528801 -0.179451 0.268779
vn 0.348669 -0.554476 -0.755636
v -0.0310035 -0.199396 0.285597
vn -0.348989 -0.652119 -0.673014
v 0.0109441 -0.203779 0.281342
vn 0.000102839 -0.709534 -0.704671
v -0.0413631 -0.18948 0.295238
vn -0.818313 0.432232 0.378866
v -0.0123322 -0.181609 0.302937
vn -0.509568 0.591599 0.624781
v 0.0632386 -0.18948 0.295238
vn 0.817728 0.381453 0.431063
v 0.0342204 -0.181609 0.302937
vn 0.509747 0.627668 0.58838
v 0.0528801 -0.199396 0.285597
vn 0.349355 -0.677187 -0.647587
v -0.0310035 -0.216012 0.305577
vn -0.349062 -0.759382 -0.549085
v 0.0109441 -0.221107 0.302139
vn -0.000198959 -0.821144 -0.570721
v -0.0413631 -0.204674 0.313374
vn -0.818188 0.491927 0.297618
v -0.0123322 -0.19554 0.319619
vn -0.510602 0.690382 0.512502
v 0.0632386 -0.204674 0.313374
vn 0.818438 0.449906 0.357411
v 0.0342204 -0.19554 0.319619
vn 0.510996 0.720625 0.468596
v 0.0528801 -0.216012 0.305577
vn 0.34938 -0.779381 -0.520095
v -0.0310035 -0.228979 0.328187
vn -0.350352 -0.842707 -0.408778
v 0.0109441 -0.23458 0.325644
vn 1.7776e-05 -0.907877 -0.419236
v -0.0413631 -0.216356 0.333889
vn -0.818971 0.535752 0.205564
v -0.0123322 -0.206304 0.338451
vn -0.511008 0.769733 0.382599
v 0.0632386 -0.216356 0.333889
vn 0.819118 0.504943 0.272173
v 0.0342204 -0.206304 0.338451
vn 0.510717 0.791614 0.335434
v 0.0528801 -0.228979 0.328187
vn 0.350095 -0.857857 -0.376185
v -0.0310035 -0.237747 0.352652
vn -0.350781 -0.900962 -0.255381
v 0.0109441 -0.243714 0.351091
vn 0.000319564 -0.967395 -0.253271
v -0.0413631 -0.224297 0.356099
vn -0.819815 0.561949 0.110076
v -0.0123322 -0.21358 0.358836
vn -0.510707 0.824767 0.24277
v 0.0632386 -0.224297 0.356099
vn 0.819372 0.544197 0.180222
v 0.0342204 -0.21358 0.358836
vn 0.510782 0.837776 0.192959
v 0.0528801 -0.237747 0.352652
vn 0.350639 -0.910317 -0.219945
v -0.0310035 -0.242131 0.378229
vn -0.349612 -0.9323 -0.0926669
v 0.0109441 -0.248189 0.377721
vn -3.55285e-05 -0.996756 -0.0804815
v -0.0413631 -0.228314 0.379311
vn -0.820241 0.571943 0.00932998
v -0.0123322 -0.217206 0.380152
vn -0.51114 0.854182 0.0954466
v 0.0632386 -0.228314 0.379311
vn 0.819835 0.566548 0.0830274
v 0.0342204 -0.217206 0.380152
vn 0.511877 0.858031 0.0420125
v 0.0528801 -0.242131 0.378229
vn 0.349965 -0.934956 -0.0581479
v -0.0310035 -0.241901 0.404173
vn -0.350235 -0.93392 0.0716138
v 0.0109441 -0.248052 0.404772
vn -6.02577e-05 -0.995371 0.0961032
v -0.0413631 -0.228131 0.402854
vn -0.819765 0.565359 -0.0914001
v -0.0123322 -0.216999 0.401793
vn -0.512407 0.856875 -0.0566142
v 0.0632386 -0.228131 0.402854
vn 0.820352 0.571529 -0.0194275
v 0.0342204 -0.216999 0.401793
vn 0.512518 0.851687 -0.109338
v 0.0528801 -0.241901 0.404173
vn 0.350276 -0.930306 0.108799
v -0.0310035 -0.23715 0.429669
vn -0.350337 -0.906461 0.235781
v 0.0109441 -0.243026 0.431284
vn -9.36257e-05 -0.962997 0.269513
v -0.0413631 -0.223747 0.426014
vn -0.819124 0.541584 -0.189005
v -0.0123322 -0.213051 0.423096
vn -0.511849 0.834145 -0.20546
v 0.0632386 -0.223747 0.426014
vn 0.820237 0.559636 -0.118399
v 0.0342204 -0.213051 0.423096
vn 0.51131 0.820596 -0.255313
v 0.0528801 -0.23715 0.429669
vn 0.350202 -0.89716 0.26919
v -0.0310035 -0.227946 0.454009
vn -0.349662 -0.852102 0.389434
v 0.0109441 -0.233547 0.456612
vn -0.000369581 -0.901562 0.43265
v -0.0413631 -0.215438 0.448101
vn -0.819151 0.500468 -0.280219
v -0.0123322 -0.205454 0.443395
vn -0.511083 0.785972 -0.347913
v 0.0632386 -0.215438 0.448101
vn 0.818745 0.53272 -0.214164
v 0.0342204 -0.205454 0.443395
vn 0.51107 0.763591 -0.394634
v 0.0528801 -0.227946 0.454009
vn 0.35073 -0.835997 0.422015
v -0.0310035 -0.214658 0.476378
vn -0.349669 -0.771143 0.532044
v 0.0109441 -0.21973 0.479907
vn 3.17707e-05 -0.812226 0.583343
v -0.0413631 -0.203435 0.468426
vn -0.818159 0.444156 -0.365161
v -0.0123322 -0.194393 0.462025
vn -0.510819 0.71276 -0.480664
v 0.0632386 -0.203435 0.468426
vn 0.818612 0.486592 -0.305127
v 0.0342204 -0.194393 0.462025
vn 0.510463 0.681757 -0.524057
v 0.0528801 -0.214658 0.476378
vn 0.349416 -0.750548 0.56088
v -0.0310035 -0.197697 0.496126
vn -0.349271 -0.66651 0.658615
v 0.0109441 -0.202035 0.500489
vn -6.43265e-05 -0.697595 0.716492
v -0.0413631 -0.187943 0.486356
vn -0.818096 0.375125 -0.43589
v -0.0123322 -0.18014 0.47848
vn -0.509756 0.618781 -0.597711
v 0.0632386 -0.187943 0.486356
vn 0.818649 0.425555 -0.385639
v 0.0342204 -0.18014 0.47848
vn 0.509484 0.581986 -0.633812
v 0.0528801 -0.197697 0.496126
vn 0.349495 -0.640381 0.683934
v 0.0450758 0.252119 0.29736
vn -0.0118788 0.608829 -0.793212
v 0.0472614 0.260566 0.303738
vn -0.485082 0.441775 -0.754672
v 0.0472614 0.257619 0.299146
vn 0.434895 0.516398 -0.737699
v 0.0406371 0.268749 0.309919
vn -0.127965 0.467164 -0.874861
v 0.0450758 0.266065 0.305524
vn 0.359723 0.766161 -0.532538
v 0.0257685 0.274656 0.31438
vn -0.0318794 0.50274 -0.86385
v 0.0340656 0.273458 0.311108
vn 0.182357 0.880884 -0.436795
v 0.00658549 0.275967 0.315371
vn 0.00719965 0.53308 -0.846034
v 0.016367 0.277262 0.313981
vn 0.0150508 0.910479 -0.413282
v -0.0111141 0.272163 0.312496
vn 0.026379 0.558807 -0.828878
v -0.00281703 0.275951 0.31299
vn -0.148826 0.888149 -0.43479
v -0.0221243 0.26477 0.306914
vn 0.0364194 0.582942 -0.811697
v -0.0176857 0.270043 0.30853
vn -0.322411 0.793793 -0.515698
v -0.0243109 0.256323 0.300535
vn 0.0413692 0.609047 -0.792054
v -0.0243109 0.261861 0.30235
vn -0.437595 0.567668 -0.697326
v -0.0176857 0.248139 0.294355
vn 0.0415081 0.641345 -0.766129
v -0.0221243 0.253414 0.295971
vn -0.34128 0.321637 -0.88322
v -0.00281703 0.242233 0.289894
vn 0.0301161 0.68859 -0.724525
v -0.0111141 0.246021 0.290388
vn -0.168663 0.216532 -0.961596
v 0.016367 0.240921 0.288903
vn -0.0202294 0.774963 -0.631683
v 0.00658549 0.242216 0.287515
vn -0.0138281 0.191306 -0.981433
v 0.0340656 0.244726 0.291776
vn -0.271683 0.915726 -0.296033
v 0.0257685 0.243529 0.288505
vn 0.137467 0.213343 -0.967258
v 0.0406371 0.249435 0.292966
vn 0.304084 0.301154 -0.903792
v -0.0384005 0.241606 0.313047
vn -0.106147 -0.725417 -0.680076
v -0.0384005 0.241285 0.318581
vn -0.0177768 -0.964219 0.264511
v -0.0384005 0.245783 0.321567
vn -0.0545413 -0.240368 0.969148
v -0.0384005 0.246428 0.310499
vn -0.0182085 0.240615 -0.97045
v -0.0384005 0.250926 0.313486
vn -0.0532842 0.963011 -0.264142
v 0.061352 0.250926 0.313486
vn 0.107302 0.793958 -0.598429
v -0.0384005 0.250605 0.319021
vn -0.0709969 0.727661 0.682253
v 0.061352 0.250605 0.319021
vn 0.0176734 0.927915 0.372372
v 0.061352 0.245783 0.321567
vn 0.0543135 0.147128 0.987625
v 0.061352 0.241285 0.318581
vn 0.0717592 -0.796485 0.600385
v 0.061352 0.241606 0.313047
vn 0.0529326 -0.92675 -0.371931
v 0.061352 0.246428 0.310499
vn 0.0181293 -0.147467 -0.988901
v -0.060205 0.252172 0.313487
vn -0.893466 0.387951 0.226301
v -0.0561538 0.255723 0.316021
vn -0.471743 0.858213 0.20231
v -0.0595291 0.251144 0.311723
vn -0.0374025 0.60732 -0.793577
v -0.0409167 0.243879 0.307575
vn 0.457203 -0.384902 -0.801758
v -0.0443151 0.244918 0.307284
vn -0.00192697 0.505933 -0.862571
v -0.0387269 0.251838 0.312219
vn 0.0472089 0.60923 -0.791587
v -0.0607282 0.247853 0.310408
vn -0.971534 -0.0738636 -0.225091
v -0.0584637 0.245257 0.308557
vn -0.488258 -0.101552 -0.86677
v 0.0818089 0.248181 0.30961
vn 0.0498101 0.544345 -0.837381
v 0.0830491 0.252659 0.313835
vn 0.811951 0.583251 -0.0235461
v 0.0838945 0.248827 0.311103
vn 0.956407 -0.0318761 -0.290293
v 0.0616783 0.251838 0.312219
vn -0.0596218 0.586457 -0.807783
v 0.0672656 0.244918 0.307284
vn -0.0176453 0.495522 -0.868416
v 0.0638682 0.243879 0.307575
vn -0.457219 -0.384954 -0.801724
v 0.0762754 0.242905 0.30688
vn 0.260101 -0.378479 -0.888314
v 0.0511651 0.262284 0.308171
vn 0.902044 0.402977 0.154679
v 0.0405308 0.271905 0.315436
vn 0.523468 0.7213 0.45355
v 0.02211 0.277459 0.319631
vn 0.153029 0.82462 0.544596
v 0.00084038 0.277459 0.319631
vn -0.191487 0.822319 0.53584
v -0.0175793 0.271905 0.315436
vn -0.56747 0.707234 0.421661
v -0.0282136 0.262284 0.308171
vn -0.931445 0.351902 0.0926022
v -0.0282136 0.251176 0.299781
vn -0.889653 -0.204242 -0.408415
v -0.0175793 0.241554 0.292515
vn -0.509128 -0.512906 -0.69117
v 0.00084038 0.236 0.288321
vn -0.148205 -0.605752 -0.781729
v 0.02211 0.236 0.288321
vn 0.185234 -0.597442 -0.780225
v 0.0405308 0.241554 0.292515
vn 0.551284 -0.482423 -0.680701
v 0.0511651 0.251176 0.299781
vn 0.920354 -0.141463 -0.364605
v 0.0511651 0.239474 0.332636
vn 0.0980393 -0.572934 0.813716
v 0.0470603 0.24465 0.336546
vn 0.779705 0.440919 0.44458
v 0.0405308 0.249095 0.339902
vn 0.573053 0.538095 0.618113
v 0.0525653 0.23392 0.328442
vn 0.997538 -0.0660599 -0.0235279
v 0.0511651 0.228365 0.324247
vn 0.899228 -0.381405 -0.214288
v 0.0470603 0.22319 0.320338
vn 0.710271 -0.630885 -0.31225
v 0.0470603 0.245999 0.295872
vn 0.770181 -0.396486 -0.49962
v 0.0405308 0.218744 0.316981
vn 0.501745 -0.799594 -0.330002
v 0.0320211 0.215334 0.314406
vn 0.306321 -0.905433 -0.293866
v 0.0320211 0.238144 0.28994
vn 0.375735 -0.612573 -0.695397
v 0.02211 0.213189 0.312787
vn 0.131218 -0.966122 -0.222237
v 0.0114757 0.212457 0.312234
vn -0.0249157 -0.991836 -0.125063
v 0.0114757 0.235268 0.287768
vn 0.025923 -0.667792 -0.743897
v 0.00084038 0.213189 0.312787
vn -0.163573 -0.986501 -0.00775287
v -0.00906958 0.215334 0.314406
vn -0.284758 -0.950322 0.125701
v -0.00906958 0.238144 0.28994
vn -0.319185 -0.629694 -0.708242
v -0.0175793 0.218744 0.316981
vn -0.386176 -0.881724 0.270983
v -0.0241088 0.22319 0.320338
vn -0.463267 -0.779614 0.42141
v -0.0241088 0.245999 0.295872
vn -0.709577 -0.448849 -0.543172
v -0.0282136 0.228365 0.324247
vn -0.510527 -0.645529 0.568028
v -0.0296139 0.23392 0.328442
vn -0.523632 -0.484975 0.700435
v -0.0296139 0.256729 0.303976
vn -0.992765 0.0134399 -0.11932
v -0.0282136 0.239474 0.332636
vn -0.500843 -0.308219 0.8088
v -0.0241088 0.24465 0.336546
vn -0.444171 -0.127662 0.8868
v -0.0241088 0.267461 0.31208
vn -0.779784 0.518095 0.351446
v -0.0175793 0.249095 0.339902
vn -0.358487 0.0450648 0.932447
v -0.00906958 0.252506 0.342478
vn -0.249066 0.201077 0.947383
v -0.00906958 0.275317 0.318012
vn -0.382485 0.735507 0.559226
v 0.00084038 0.25465 0.344097
vn -0.120322 0.334697 0.934612
v 0.0114757 0.25538 0.344649
vn 0.0256453 0.4417 0.896796
v 0.0114757 0.278191 0.320183
vn -0.0263394 0.789796 0.612804
v 0.02211 0.25465 0.344097
vn 0.189105 0.51776 0.834364
v 0.0320211 0.252506 0.342478
vn 0.371911 0.554993 0.744087
v 0.0320211 0.275317 0.318012
vn 0.32485 0.750116 0.576019
v 0.0470603 0.267461 0.31208
vn 0.718994 0.566867 0.40213
v 0.0525653 0.256729 0.303976
vn 0.993989 0.103573 -0.0354792
v -0.0501687 0.257203 0.317076
vn -0.0957867 0.762758 0.639551
v -0.0437456 0.256698 0.316716
vn 0.186864 0.972004 -0.14244
v -0.0386069 0.254347 0.315039
vn 0.689581 0.619266 0.375484
v -0.0361275 0.250776 0.312492
vn 0.977002 0.213203 0.00343864
v -0.0369729 0.246945 0.30976
vn 0.828439 -0.203131 -0.521945
v -0.0533239 0.242905 0.30688
vn -0.269194 -0.504903 -0.820127
v -0.0600976 0.238991 0.317814
vn -0.187172 -0.658765 0.728694
v -0.060943 0.242822 0.320546
vn -0.982084 0.0515054 0.18127
v -0.0561538 0.235925 0.315628
vn -0.489356 -0.679647 -0.546452
v -0.0501687 0.234447 0.314574
vn -0.095352 -0.874089 -0.476315
v -0.0469018 0.242401 0.30652
vn 0.092193 -0.618523 -0.78034
v -0.0437456 0.23495 0.314933
vn 0.268113 -0.942282 -0.200552
v -0.0386069 0.237303 0.316611
vn 0.524015 -0.824987 0.211671
v -0.0361275 0.240874 0.319156
vn 0.585485 -0.55241 0.593338
v -0.0369729 0.244704 0.321888
vn 0.48696 -0.257201 0.834696
v -0.0409167 0.247769 0.324075
vn 0.304677 -0.0133527 0.952362
v -0.0469018 0.249249 0.325129
vn 0.0684017 0.170449 0.982989
v -0.0533239 0.248743 0.324769
vn -0.235276 0.290595 0.927469
v -0.0584637 0.246391 0.323092
vn -0.649897 0.303785 0.69667
v 0.0748899 0.256065 0.314843
vn 0.0248377 0.655865 -0.754469
v 0.0791053 0.255723 0.316021
vn 0.490008 0.716539 0.496452
v 0.0666981 0.256698 0.316716
vn -0.286448 0.907987 0.305791
v 0.059079 0.250776 0.312492
vn -0.977002 0.213203 0.0034384
v 0.0615583 0.254347 0.315039
vn -0.689546 0.619302 0.375488
v 0.0599244 0.246945 0.30976
vn -0.82844 -0.20313 -0.521944
v 0.0814151 0.245257 0.308557
vn 0.675254 -0.454411 -0.580984
v 0.0838945 0.242822 0.320546
vn 0.216428 -0.534756 0.81682
v 0.0830491 0.238991 0.317814
vn 0.870202 -0.415743 -0.264397
v 0.0791053 0.235925 0.315628
vn 0.483276 -0.795725 -0.365056
v 0.0731202 0.234447 0.314574
vn 0.0894269 -0.966395 -0.241005
v 0.0666981 0.23495 0.314933
vn -0.238357 -0.971137 0.00886294
v 0.0698523 0.242401 0.30652
vn -0.092198 -0.618528 -0.780335
v 0.0615583 0.237303 0.316611
vn -0.466036 -0.825869 0.317412
v 0.059079 0.240874 0.319156
vn -0.558928 -0.559721 0.61181
v 0.0599244 0.244704 0.321888
vn -0.508695 -0.237088 0.827658
v 0.0638682 0.247769 0.324075
vn -0.339278 0.0725726 0.937882
v 0.0698523 0.249249 0.325129
vn -0.0781629 0.323039 0.943152
v 0.0762754 0.248743 0.324769
vn 0.26546 0.476439 0.838175
v 0.0731202 0.257203 0.317076
vn 0.096038 0.793556 0.60087
v 0.0814151 0.246391 0.323092
vn 0.67521 0.454441 0.581012
v -0.114851 0.206749 0.25928
vn 0.564236 -0.0711874 -0.822539
v -0.107338 0.215072 0.266831
vn 0.554328 0.489045 -0.673465
v -0.106686 0.211768 0.266447
vn 0.783935 -0.0212211 -0.620481
v -0.110714 0.217157 0.266771
vn 0.30293 0.82175 -0.48266
v -0.0863901 0.226944 0.302047
vn 0.378182 0.782892 -0.494023
v -0.121148 0.215362 0.261023
vn 0.262782 0.535276 -0.802761
v -0.118201 0.21726 0.264219
vn 0.0441507 0.891682 -0.450504
v -0.112383 0.221416 0.274847
vn 0.242045 0.844744 -0.477307
v -0.164094 0.20014 0.237948
vn 0.202002 0.56035 -0.803245
v -0.145754 0.210486 0.25144
vn 0.0642623 0.777168 -0.626003
v -0.177311 0.201967 0.23973
vn -0.0846979 0.841704 -0.533255
v -0.174029 0.190179 0.229861
vn 0.208112 0.378485 -0.901909
v -0.183934 0.193531 0.230883
vn 0.0193633 0.657468 -0.753234
v -0.180246 0.187038 0.227686
vn 0.16546 0.318705 -0.933301
v -0.16315 0.190375 0.233342
vn 0.359599 0.247137 -0.899784
v -0.179431 0.178827 0.22666
vn 0.34292 -0.0696347 -0.93678
v -0.13891 0.19398 0.245395
vn 0.475716 0.0221791 -0.879319
v -0.121688 0.200547 0.25672
vn 0.575171 0.0267749 -0.817595
v -0.122411 0.204341 0.254697
vn 0.318313 0.419376 -0.850177
v -0.12555 0.18615 0.258276
vn 0.551324 -0.677689 -0.4866
v -0.107196 0.197455 0.266093
vn 0.707387 -0.562197 -0.428415
v -0.114291 0.191479 0.264373
vn 0.604263 -0.758309 -0.244608
v -0.113725 0.198117 0.259767
vn 0.546898 -0.36932 -0.751336
v -0.106582 0.200637 0.266001
vn 0.79678 -0.0260568 -0.603707
v -0.113562 0.200004 0.259966
vn 0.454771 0.383247 -0.803931
v -0.105947 0.206502 0.268995
vn 0.737693 0.0293876 -0.674497
v -0.160278 0.182195 0.234603
vn 0.49807 -0.259127 -0.827514
v -0.158601 0.187677 0.235705
vn 0.417656 0.00654976 -0.908581
v -0.174999 0.172643 0.230119
vn 0.388034 -0.402501 -0.82911
v -0.166895 0.173293 0.235213
vn 0.506729 -0.573731 -0.643474
v -0.185149 0.166545 0.23056
vn 0.358318 -0.747511 -0.559316
v -0.150261 0.177105 0.245092
vn 0.505799 -0.703201 -0.499676
v -0.169675 0.168598 0.241962
vn 0.296947 -0.954794 -0.0138308
v -0.123324 0.185065 0.266465
vn 0.394168 -0.918197 -0.0393213
v -0.11227 0.191019 0.273509
vn 0.534075 -0.833482 -0.141676
v -0.124121 0.188145 0.278208
vn 0.123101 -0.932325 0.340025
v -0.109391 0.191924 0.280524
vn 0.276194 -0.947817 0.159247
v -0.0990511 0.196547 0.297652
vn 0.295219 -0.953484 0.0609404
v -0.134823 0.18279 0.269479
vn 0.196558 -0.943868 0.265477
v -0.1871 0.164697 0.2388
vn 0.0818446 -0.985565 0.148199
v -0.188004 0.164828 0.232716
vn 0.17022 -0.978888 -0.113155
v -0.179811 0.167547 0.246276
vn 0.0717794 -0.912001 0.403858
v -0.197011 0.166007 0.239828
vn -0.146379 -0.871813 0.467456
v -0.183211 0.171746 0.251195
vn -0.195254 -0.674252 0.712222
v -0.15986 0.176848 0.26136
vn -0.192291 -0.659882 0.726347
v -0.124608 0.190435 0.283689
vn -0.180226 -0.806009 0.563797
v -0.139622 0.198869 0.281056
vn -0.315328 -0.470716 0.824011
v -0.128821 0.198502 0.285604
vn -0.370543 -0.542319 0.754048
v -0.123579 0.203266 0.293417
vn -0.572722 -0.481332 0.663558
v -0.13517 0.188353 0.276995
vn -0.307633 -0.457435 0.834335
v -0.125217 0.197993 0.287504
vn -0.573008 -0.443134 0.689416
v -0.192358 0.172833 0.24893
vn -0.290865 -0.493478 0.819681
v -0.199439 0.168498 0.241847
vn -0.381304 -0.619947 0.685764
v -0.187639 0.180935 0.254933
vn -0.35149 -0.367234 0.861158
v -0.197435 0.174372 0.247404
vn -0.511033 -0.343944 0.787749
v -0.202942 0.179852 0.245128
vn -0.626577 -0.00926804 0.779304
v -0.157564 0.196102 0.27299
vn -0.502294 0.035555 0.863966
v -0.131537 0.216205 0.28146
vn -0.560238 0.431798 0.706883
v -0.137377 0.208356 0.281484
vn -0.547733 0.399391 0.73517
v -0.130573 0.205357 0.289674
vn -0.705209 0.196244 0.681299
v -0.186438 0.190905 0.255903
vn -0.548334 0.334804 0.766313
v -0.182472 0.188039 0.258346
vn -0.51767 -0.0209323 0.855324
v -0.198419 0.189766 0.246728
vn -0.667184 0.404794 0.625306
v -0.185057 0.198531 0.25212
vn -0.55447 0.55808 0.617341
v -0.198225 0.192882 0.242048
vn -0.593877 0.785628 0.173488
v -0.141978 0.215858 0.273664
vn -0.483201 0.784858 0.387962
v -0.124739 0.220825 0.285016
vn -0.497284 0.828 0.259084
v -0.126148 0.219768 0.266153
vn -0.0940531 0.926016 -0.365579
v -0.122228 0.222004 0.271749
vn -0.147721 0.977155 -0.152799
v -0.11627 0.223087 0.274603
vn 0.240866 0.867672 -0.434889
v -0.128909 0.220849 0.273914
vn -0.307259 0.9509 0.0371582
v -0.115763 0.22426 0.287094
vn -0.315362 0.948652 0.0246275
v -0.150681 0.213853 0.263093
vn -0.300088 0.952434 -0.0530732
v -0.177095 0.204484 0.248516
vn -0.298907 0.946639 -0.120533
v -0.175325 0.204244 0.253555
vn -0.474054 0.843951 0.251037
v -0.187582 0.199393 0.240129
vn -0.408281 0.898012 -0.163953
v -0.189542 0.196432 0.235411
vn -0.279748 0.821384 -0.497061
v -0.128562 0.216494 0.26287
vn 0.12299 0.820391 -0.558419
v 0.187045 0.20014 0.237948
vn -0.202044 0.560646 -0.803028
v 0.142951 0.216061 0.261946
vn -0.156281 0.730892 -0.66436
v 0.168706 0.210486 0.25144
vn -0.0615267 0.780499 -0.622122
v 0.152273 0.215674 0.260907
vn -0.130766 0.813703 -0.566381
v 0.135334 0.221416 0.274847
vn -0.239814 0.844818 -0.478301
v 0.138415 0.213758 0.262094
vn -0.31247 0.44652 -0.838441
v 0.133665 0.217157 0.266771
vn -0.356585 0.786328 -0.504516
v 0.130288 0.215072 0.266831
vn -0.621965 0.446556 -0.643232
v 0.137803 0.206749 0.25928
vn -0.547171 0.0426211 -0.835935
v 0.128058 0.212083 0.268319
vn -0.781259 0.0117036 -0.624098
v 0.16153 0.198896 0.246131
vn -0.337703 0.359885 -0.869736
v 0.128898 0.206502 0.268995
vn -0.757022 -0.00611041 -0.653361
v 0.14464 0.200547 0.25672
vn -0.564317 0.0338454 -0.824864
v 0.187524 0.189465 0.232676
vn -0.352714 0.216676 -0.910299
v 0.19819 0.193006 0.230944
vn -0.160169 0.461372 -0.872629
v 0.202169 0.180931 0.226593
vn -0.275625 0.0728736 -0.958499
v 0.204737 0.19063 0.229061
vn -0.0956071 0.442845 -0.891486
v 0.209527 0.195507 0.233044
vn 0.0573449 0.747592 -0.661678
v 0.183229 0.182195 0.234603
vn -0.516003 -0.311794 -0.797825
v 0.161861 0.19398 0.245395
vn -0.473985 0.0181328 -0.880346
v 0.146844 0.195689 0.253609
vn -0.547113 -0.222113 -0.807052
v 0.135056 0.201248 0.261603
vn -0.493007 0.32823 -0.805735
v 0.130147 0.197455 0.266093
vn -0.699404 -0.484715 -0.525247
v 0.129532 0.200637 0.266001
vn -0.775418 -0.0519726 -0.629306
v 0.116037 0.20411 0.287402
vn -0.791287 -0.453766 -0.409831
v 0.137243 0.191479 0.264373
vn -0.602763 -0.759145 -0.245714
v 0.122898 0.198338 0.282269
vn -0.634992 -0.738955 -0.225234
v 0.144972 0.188342 0.259003
vn -0.5431 -0.584208 -0.603112
v 0.139195 0.188815 0.270593
vn -0.533821 -0.816852 -0.218602
v 0.191454 0.171778 0.235285
vn -0.502781 -0.584122 -0.637191
v 0.175609 0.175549 0.245656
vn -0.460517 -0.824359 -0.329175
v 0.2081 0.166545 0.23056
vn -0.333768 -0.871576 -0.359101
v 0.198264 0.173759 0.229203
vn -0.407958 -0.374988 -0.832439
v 0.205671 0.169259 0.228785
vn -0.340668 -0.528574 -0.777531
v 0.191987 0.1796 0.230632
vn -0.392411 -0.0655027 -0.917455
v 0.147787 0.184254 0.265134
vn -0.295106 -0.950222 0.0999526
v 0.128118 0.193817 0.286465
vn -0.407685 -0.913104 0.00580383
v 0.138975 0.190316 0.281108
vn -0.130593 -0.942856 0.306542
v 0.126449 0.195844 0.298226
vn -0.119169 -0.973525 0.195057
v 0.157774 0.18279 0.269479
vn -0.169519 -0.938909 0.29952
v 0.207428 0.17192 0.251086
vn 0.226101 -0.621082 0.750423
v 0.203622 0.167526 0.245969
vn 0.000531019 -0.875577 0.483078
v 0.219962 0.166007 0.239828
vn 0.26908 -0.764426 0.585875
v 0.205707 0.16561 0.240977
vn -0.192708 -0.955038 0.225313
v 0.217107 0.164548 0.237523
vn 0.0222002 -0.982706 0.183838
v 0.193749 0.168252 0.241036
vn -0.333262 -0.938936 -0.0856474
v 0.207643 0.164808 0.236918
vn -0.174018 -0.976438 -0.127616
v 0.156123 0.188734 0.278161
vn 0.325045 -0.451642 0.830882
v 0.173864 0.180212 0.26691
vn 0.035176 -0.820839 0.570075
v 0.147558 0.190435 0.283689
vn 0.0978713 -0.846525 0.523275
v 0.162573 0.198869 0.281056
vn 0.316069 -0.443686 0.838596
v 0.150051 0.197235 0.285688
vn 0.534955 -0.470535 0.701726
v 0.153524 0.205357 0.289674
vn 0.631438 0.00866759 0.775378
v 0.212021 0.180813 0.254247
vn 0.394102 -0.310641 0.864977
v 0.189616 0.192602 0.267527
vn 0.379762 -0.337892 0.861168
v 0.196211 0.19262 0.26377
vn 0.544386 0.131708 0.82843
v 0.22568 0.177767 0.244863
vn 0.625606 -0.075599 0.776467
v 0.219176 0.171544 0.246323
vn 0.419273 -0.507941 0.752467
v 0.168634 0.202812 0.27843
vn 0.544784 0.423969 0.723506
v 0.151109 0.213569 0.286265
vn 0.652231 0.436874 0.619464
v 0.14658 0.211858 0.293791
vn 0.743621 0.440328 0.50313
v 0.156341 0.217266 0.279387
vn 0.549055 0.426828 0.718579
v 0.14769 0.220825 0.285016
vn 0.553555 0.765245 0.328599
v 0.209375 0.198469 0.250869
vn 0.521379 0.780058 0.345938
v 0.203426 0.199077 0.255613
vn 0.548502 0.45694 0.700251
v 0.221177 0.192882 0.242048
vn 0.638117 0.708454 0.301497
v 0.210798 0.190081 0.2552
vn 0.550997 0.242953 0.798359
v 0.220501 0.188889 0.248007
vn 0.678098 0.395671 0.619376
v 0.200046 0.204484 0.248516
vn 0.344434 0.937615 -0.0473691
v 0.1748 0.212382 0.267974
vn 0.490207 0.786074 0.376543
v 0.164285 0.216873 0.269622
vn 0.31574 0.948628 0.0203194
v 0.13662 0.224667 0.281982
vn 0.161557 0.979821 -0.117688
v 0.138715 0.22426 0.287094
vn 0.32006 0.946885 0.0311407
v 0.150641 0.220317 0.269002
vn 0.206977 0.957531 -0.200735
v 0.139221 0.223087 0.274603
vn -0.197361 0.893085 -0.404286
v 0.1468 0.220232 0.26705
vn -0.0155491 0.868833 -0.494862
v 0.195313 0.203656 0.241339
vn 0.12917 0.894939 -0.427081
v 0.215569 0.196292 0.237815
vn 0.343883 0.909053 -0.235304
v -0.142349 0.177899 0.255867
vn 0.329266 -0.944165 0.0116619
v -0.154888 0.210042 0.250657
vn -0.145716 0.927964 -0.343001
v 0.192864 0.181257 0.261573
vn 0.298948 -0.442605 0.845417
v -0.133339 0.215422 0.33505
vn -0.492528 0.866878 -0.0770693
v -0.136099 0.215346 0.338294
vn -0.513701 0.855016 -0.0711248
v -0.133266 0.214729 0.343795
vn -0.507625 0.613464 0.604962
v -0.140346 0.209378 0.3306
vn -0.759074 0.638741 0.125761
v -0.139948 0.211513 0.335791
vn -0.871175 0.255403 0.419312
v -0.14258 0.202944 0.330619
vn -0.906765 0.116619 0.405188
v -0.140582 0.200412 0.338225
vn -0.899138 -0.00417093 0.437644
v -0.126771 0.204444 0.340104
vn 0.718813 -0.537132 0.441358
v -0.133299 0.20176 0.3466
vn 0.651557 -0.445971 0.613664
v -0.137076 0.198207 0.342052
vn 0.195227 -0.954272 0.22639
v -0.134672 0.202456 0.346525
vn -0.769271 0.135325 0.624427
v -0.124742 0.211974 0.340435
vn 0.712017 0.128949 0.69022
v -0.131648 0.209106 0.346874
vn 0.401183 0.296995 0.866514
v -0.126017 0.217666 0.337206
vn 0.0300529 0.898717 0.437498
v -0.134329 0.212184 0.32407
vn -0.563415 0.656288 -0.501847
v -0.137901 0.211465 0.328096
vn -0.512023 0.858861 -0.0137859
v -0.130832 0.200552 0.334886
vn 0.397576 -0.917042 0.0310922
v -0.14098 0.198268 0.333037
vn -0.282651 -0.931407 0.229323
v -0.112993 0.226824 0.311782
vn -0.40736 0.904185 0.128478
v -0.121213 0.222091 0.321024
vn -0.488605 0.872425 0.0118466
v -0.116685 0.222194 0.32606
vn 0.150775 0.839768 0.52159
v -0.11639 0.223675 0.302648
vn -0.691574 0.704556 -0.159143
v -0.125744 0.217335 0.316337
vn -0.753897 0.556209 -0.349672
v -0.118965 0.215004 0.305749
vn -0.793604 0.00816581 -0.608379
v -0.127644 0.210358 0.316293
vn -0.731812 -0.0843702 -0.676264
v -0.117427 0.205497 0.306633
vn -0.660035 -0.650809 -0.375236
v -0.126476 0.204485 0.319154
vn -0.272879 -0.863108 -0.424949
v -0.135357 0.206319 0.322792
vn -0.247724 -0.249633 -0.936118
v -0.134963 0.201073 0.326506
vn 0.201071 -0.866282 -0.457303
v -0.114309 0.203767 0.316838
vn -0.16577 -0.953623 0.251242
v -0.122262 0.203718 0.325053
vn 0.293842 -0.950703 0.0991019
v -0.107177 0.208806 0.321018
vn 0.263662 -0.627746 0.732405
v -0.117499 0.207929 0.329188
vn 0.693379 -0.477154 0.539953
v -0.108715 0.218313 0.320135
vn 0.725469 0.019768 0.687971
v -0.115947 0.215796 0.329255
vn 0.7514 0.0322411 0.659058
v -0.10614 0.226985 0.317032
vn 0.193535 0.735982 0.648749
v -0.0944156 0.22588 0.289554
vn 0.515496 0.678463 -0.523404
v -0.0841656 0.229189 0.303938
vn 0.399442 0.789359 -0.466217
v -0.0787131 0.221416 0.30224
vn 0.697653 0.405739 -0.59047
v -0.102158 0.22998 0.293259
vn 0.131338 0.941561 -0.310184
v -0.0919078 0.233289 0.307643
vn -0.0182094 0.977143 -0.211804
v -0.110185 0.229081 0.298059
vn -0.271811 0.961276 -0.0454668
v -0.105277 0.230922 0.305494
vn -0.377723 0.925861 -0.010359
v -0.0999354 0.23239 0.312444
vn -0.32146 0.933474 0.15903
v -0.111974 0.197725 0.304934
vn -0.525019 -0.800962 0.287776
v -0.107101 0.198956 0.312504
vn -0.278964 -0.827645 0.487015
v -0.104232 0.193625 0.30123
vn -0.0893084 -0.959405 0.267518
v -0.0939819 0.196934 0.315615
vn -0.00349445 -0.971241 0.238073
v -0.101724 0.201034 0.31932
vn -0.42152 -0.719593 0.551821
v -0.0900002 0.199929 0.291841
vn 0.695876 -0.626082 -0.351821
v -0.0797501 0.203238 0.306226
vn 0.695851 -0.626134 -0.351777
v -0.0962043 0.194522 0.296429
vn 0.374507 -0.925659 -0.053857
v -0.0859543 0.197833 0.310814
vn 0.374532 -0.925651 -0.0538101
v -0.087425 0.208601 0.288739
vn 0.815013 -0.247907 -0.523732
v -0.077175 0.211909 0.303123
vn 0.82056 -0.0845693 -0.56527
v -0.0889632 0.218107 0.287856
vn 0.763179 0.241473 -0.599374
v 0.156217 0.214729 0.343795
vn 0.507632 0.613468 0.604952
v 0.159049 0.215346 0.338294
vn 0.513671 0.855032 -0.0711465
v 0.15629 0.215422 0.33505
vn 0.492538 0.866873 -0.0770618
v 0.162899 0.211513 0.335791
vn 0.871185 0.255421 0.41928
v 0.163297 0.209378 0.3306
vn 0.759077 0.638727 0.125816
v 0.163533 0.200412 0.338225
vn 0.899158 -0.00416053 0.437604
v 0.16553 0.202944 0.330619
vn 0.906765 0.116618 0.405189
v 0.157624 0.202456 0.346525
vn 0.769271 0.135325 0.624427
v 0.160027 0.198207 0.342052
vn -0.195237 -0.954268 0.226396
v 0.15625 0.20176 0.3466
vn -0.651563 -0.44602 0.613622
v 0.149724 0.204444 0.340104
vn -0.718808 -0.537165 0.441326
v 0.154599 0.209106 0.346874
vn -0.401148 0.297018 0.866522
v 0.147693 0.211974 0.340435
vn -0.712037 0.128912 0.690207
v 0.148969 0.217666 0.337206
vn -0.030052 0.898712 0.437508
v 0.160853 0.211465 0.328096
vn 0.512015 0.858866 -0.0137786
v 0.157281 0.212184 0.32407
vn 0.56341 0.656279 -0.501864
v 0.163931 0.198268 0.333037
vn 0.282669 -0.931402 0.229321
v 0.153783 0.200552 0.334886
vn -0.397584 -0.917038 0.0311099
v 0.139637 0.222194 0.32606
vn -0.150774 0.839775 0.52158
v 0.144165 0.222091 0.321024
vn 0.488611 0.872421 0.011847
v 0.135945 0.226824 0.311782
vn 0.40736 0.904185 0.128477
v 0.148695 0.217335 0.316337
vn 0.753909 0.556192 -0.349674
v 0.139341 0.223675 0.302648
vn 0.691573 0.704557 -0.159143
v 0.150594 0.210358 0.316293
vn 0.731813 -0.0843712 -0.676263
v 0.141916 0.215004 0.305749
vn 0.793622 0.00813665 -0.608356
v 0.158308 0.206319 0.322792
vn 0.247718 -0.249608 -0.936126
v 0.149428 0.204485 0.319154
vn 0.272888 -0.863098 -0.424964
v 0.140378 0.205497 0.306633
vn 0.660057 -0.650795 -0.37522
v 0.157914 0.201073 0.326506
vn -0.201071 -0.866282 -0.457302
v 0.145214 0.203718 0.325053
vn -0.293842 -0.950703 0.0991019
v 0.137261 0.203767 0.316838
vn 0.165764 -0.953621 0.251256
v 0.140451 0.207929 0.329188
vn -0.693372 -0.477138 0.539976
v 0.130128 0.208806 0.321018
vn -0.263663 -0.627753 0.732399
v 0.138899 0.215796 0.329255
vn -0.751415 0.0321933 0.659044
v 0.131666 0.218313 0.320135
vn -0.725469 0.0197682 0.687971
v 0.129091 0.226985 0.317032
vn -0.193536 0.735982 0.648749
v 0.101665 0.221416 0.30224
vn -0.697654 0.405739 -0.59047
v 0.107117 0.229189 0.303938
vn -0.399442 0.789359 -0.466217
v 0.117367 0.22588 0.289554
vn -0.515496 0.678463 -0.523404
v 0.114859 0.233289 0.307643
vn 0.0182094 0.977143 -0.211804
v 0.125109 0.22998 0.293259
vn -0.131338 0.941561 -0.310183
v 0.128229 0.230922 0.305494
vn 0.377723 0.925861 -0.0103591
v 0.133137 0.229081 0.298059
vn 0.271811 0.961276 -0.0454663
v 0.122887 0.23239 0.312444
vn 0.32146 0.933474 0.159029
v 0.130051 0.198956 0.312504
vn 0.278964 -0.827645 0.487015
v 0.134926 0.197725 0.304934
vn 0.524986 -0.800975 0.287799
v 0.124676 0.201034 0.31932
vn 0.421548 -0.719607 0.551782
v 0.116933 0.196934 0.315615
vn 0.00349457 -0.971242 0.238068
v 0.127183 0.193625 0.30123
vn 0.0893106 -0.959402 0.267527
v 0.108906 0.197833 0.310814
vn -0.374532 -0.925651 -0.0538101
v 0.119156 0.194522 0.296429
vn -0.374507 -0.925659 -0.053857
v 0.102702 0.203238 0.306226
vn -0.695848 -0.626149 -0.351756
v 0.112952 0.199929 0.291841
vn -0.695858 -0.626113 -0.351801
v 0.100126 0.211909 0.303123
vn -0.820577 -0.0845322 -0.56525
v 0.110375 0.208601 0.288739
vn -0.815031 -0.247904 -0.523705
v 0.111915 0.218107 0.287856
vn -0.763179 0.241504 -0.599361
v -0.0917004 0.236924 0.306846
vn 0.493506 0.159328 0.855024
v -0.108779 0.229359 0.318113
vn 0.493506 0.159318 0.855026
v -0.110023 0.207545 0.322896
vn 0.493498 0.159324 0.855029
v -0.0873608 0.197555 0.29076
vn -0.493481 -0.159327 -0.855039
v -0.104439 0.189989 0.302027
vn -0.49348 -0.159363 -0.855033
v -0.120273 0.204236 0.308511
vn -0.493478 -0.159336 -0.855039
v 0.100062 0.200864 0.305145
vn -0.4935 0.159325 0.855028
v 0.117141 0.193299 0.316412
vn -0.493499 0.159334 0.855027
v 0.132975 0.207545 0.322896
vn -0.493498 0.159324 0.85503
v 0.124902 0.233616 0.292462
vn 0.493488 -0.15933 -0.855035
v 0.14198 0.22605 0.303728
vn 0.493454 -0.15935 -0.85505
v 0.143224 0.204236 0.308511
vn 0.493473 -0.159334 -0.855042
v -0.0897243 0.188601 0.00691279
vn -0.762942 0.644176 -0.0543738
v -0.0814694 0.196203 -0.00674832
vn -0.52467 0.847436 -0.0810801
v -0.084573 0.192943 -0.0116702
vn 0.914865 -0.292581 0.278241
v -0.0841993 0.193565 0.00899837
vn -0.38631 -0.911175 -0.143264
v -0.0763928 0.198894 -0.00404684
vn -0.341242 0.939177 -0.0387441
v -0.0639171 0.201822 -0.0164488
vn -0.803505 0.144343 0.577533
v -0.0668902 0.200469 -0.0211906
vn 0.192955 -0.963525 0.18544
v -0.0542609 0.20379 -0.0117059
vn 0.072045 -0.981893 0.175201
v -0.069098 0.198551 -0.0285907
vn 0.31457 -0.940172 0.130856
v -0.086407 0.1887 -0.0201388
vn 0.774731 -0.624721 0.097551
v -0.0892674 0.18385 -0.0328155
vn -0.670144 0.672849 0.313337
v -0.0931112 0.175375 -0.00802852
vn 0.908009 -0.406436 0.101639
v -0.0957105 0.166914 -0.0233762
vn -0.78087 0.406982 0.473928
v -0.0923321 0.18276 0.00199517
vn 0.907092 -0.18153 0.379777
v -0.0755453 0.194383 -0.0543937
vn -0.35366 0.935172 -0.0194548
v -0.0947504 0.179073 -0.0498498
vn -0.782149 0.615888 0.09447
v -0.0789353 0.193241 -0.0722565
vn 0.56221 -0.797557 -0.218684
v -0.100055 0.175538 -0.0700509
vn 0.758914 -0.288955 0.583571
v -0.102738 0.158358 -0.0435257
vn -0.903474 0.39725 0.161021
v -0.110059 0.15159 -0.0670136
vn 0.270612 0.00905147 0.962646
v -0.0802397 0.193411 -0.0913742
vn 0.410021 -0.910889 -0.0465113
v -0.102193 0.174205 -0.0915321
vn 0.813398 -0.581482 -0.016196
v -0.101795 0.174724 -0.110967
vn 0.821316 -0.570301 0.0140347
v -0.113112 0.148223 -0.0917332
vn 0.920828 -0.388765 -0.030624
v -0.112372 0.147909 -0.113925
vn 0.924857 -0.377438 0.0466979
v -0.0795775 0.196208 -0.122055
vn 0.411711 -0.899802 -0.144393
v -0.100332 0.176569 -0.125785
vn 0.839448 -0.543348 -0.0100377
v -0.099009 0.179827 -0.137875
vn 0.856162 -0.505444 -0.107303
v -0.0800976 0.194544 -0.108754
vn 0.422266 -0.903333 -0.0753781
v -0.109656 0.149999 -0.130731
vn 0.932834 -0.352875 0.072805
v -0.107098 0.154592 -0.144559
vn 0.950042 -0.312106 -0.00301327
v -0.0789111 0.201537 -0.143287
vn 0.380054 -0.885245 -0.268142
v -0.098451 0.184719 -0.149773
vn 0.847976 -0.498828 -0.179186
v -0.0972708 0.1914 -0.16215
vn 0.752487 -0.631742 -0.186187
v -0.0791627 0.198478 -0.132842
vn 0.472035 -0.853933 -0.219044
v -0.10615 0.161966 -0.158496
vn 0.954168 -0.281984 -0.100238
v -0.105208 0.172374 -0.173063
vn 0.932882 -0.346906 -0.0968907
v -0.0156422 0.22557 -0.192473
vn 0.0371266 -0.959788 -0.278261
v -0.0224054 0.230266 -0.212074
vn 0.0659483 -0.970643 -0.231306
v 0.0114757 0.231947 -0.213991
vn -3.36368e-18 -0.966468 -0.256788
v -0.0404871 0.224513 -0.193231
vn 0.0959222 -0.966601 -0.23766
v -0.0518468 0.225543 -0.206974
vn 0.191247 -0.96685 -0.169193
v -0.0246226 0.234522 -0.231417
vn 0.12538 -0.973531 -0.191097
v 0.0114757 0.237165 -0.233558
vn -4.8171e-18 -0.971004 -0.239061
v -0.0560401 0.226876 -0.225148
vn 0.314415 -0.94516 -0.0884107
v -0.0574414 0.220393 -0.186064
vn 0.1605 -0.952331 -0.259431
v -0.0727101 0.218076 -0.198439
vn 0.383165 -0.916382 -0.11588
v -0.0680146 0.21539 -0.176442
vn 0.265027 -0.924598 -0.273641
v -0.0859848 0.209072 -0.187453
vn 0.657819 -0.74715 -0.0950889
v -0.0790711 0.214932 -0.215134
vn 0.571561 -0.820545 -0.00494245
v -0.0939061 0.200523 -0.20237
vn 0.768067 -0.639014 -0.0416531
v -0.0936386 0.199809 -0.175001
vn 0.745888 -0.650271 -0.144219
v -0.101905 0.185716 -0.187987
vn 0.859927 -0.505817 -0.0683794
v -0.0744209 0.210226 -0.165437
vn 0.335628 -0.900139 -0.277676
v -0.0777509 0.205465 -0.15411
vn 0.357233 -0.891864 -0.277422
v -0.00636496 0.206064 -0.0102805
vn 0.0215195 -0.959195 0.281925
v -0.00941491 0.210107 0.00266262
vn 0.0664892 -0.95657 0.283819
v -0.0289348 0.208331 0.00176672
vn 0.0975989 -0.971326 0.216796
v -0.00950229 0.214396 0.0163258
vn 0.0706454 -0.946015 0.316331
v -0.0295275 0.211037 0.0151393
vn 0.135242 -0.962165 0.236535
v 0.0114757 0.208981 -0.00225497
vn 2.96035e-18 -0.947026 0.321156
v 0.0114757 0.215893 0.016827
vn 7.95802e-18 -0.940225 0.340555
v -0.0415568 0.205133 -0.0097972
vn 0.10676 -0.985015 0.135456
v -0.0455006 0.206258 0.000538105
vn 0.135235 -0.982842 0.12543
v -0.0588416 0.203995 -0.000815791
vn 0.228165 -0.971849 0.058737
v -0.0207609 0.205694 -0.0110722
vn 0.0367549 -0.982922 0.180317
v -0.0476809 0.207201 0.0136823
vn 0.184032 -0.97316 0.138174
v -0.0631739 0.203022 0.0121283
vn 0.255045 -0.965619 0.0503258
v -0.0690043 0.201501 -0.00225183
vn 0.283329 -0.958878 0.0166467
v -0.075381 0.198404 0.0105712
vn 0.35951 -0.933102 -0.00850881
v 0.0114757 0.204962 -0.0155486
vn -8.41345e-20 -0.988972 0.148103
v 0.0293164 0.206064 -0.0102805
vn -0.0215195 -0.959195 0.281925
v -0.0369487 0.214515 -0.161567
vn 0.0600142 -0.950916 -0.303575
v -0.038929 0.211255 -0.150853
vn 0.107741 -0.954205 -0.279078
v 0.0114757 0.219939 -0.175836
vn -2.01211e-18 -0.947288 -0.320385
v 0.0114757 0.213605 -0.155735
vn -1.47196e-18 -0.962879 -0.269933
v -0.0271882 0.221405 -0.18116
vn 0.0502582 -0.946193 -0.319678
v 0.0114757 0.225675 -0.191608
vn -7.34653e-18 -0.950085 -0.31199
v -0.0396797 0.207311 -0.135564
vn 0.0995061 -0.968524 -0.228167
v 0.0114757 0.208354 -0.135135
vn 0 -0.976732 -0.214466
v -0.039767 0.204294 -0.120374
vn 0.100579 -0.981821 -0.16097
v 0.0114757 0.205449 -0.120051
vn 1.22212e-18 -0.988731 -0.149703
v -0.0398702 0.202704 -0.10779
vn 0.105596 -0.989559 -0.0980941
v 0.0114757 0.20387 -0.107624
vn 7.2518e-19 -0.995342 -0.0964044
v -0.0398986 0.20132 -0.0912931
vn 0.098112 -0.993298 -0.0611064
v 0.0114757 0.202448 -0.0912732
vn -1.88271e-18 -0.998265 -0.058884
v -0.039288 0.200528 -0.0730872
vn 0.0591992 -0.841465 -0.537059
v 0.0114757 0.201571 -0.0731619
vn -2.42646e-17 -0.759368 -0.650662
v -0.0376435 0.200687 -0.0560087
vn -0.0891185 0.995652 -0.027099
v 0.0114757 0.201588 -0.056095
vn -7.01679e-19 0.999863 -0.0165768
v -0.0356748 0.201521 -0.0416812
vn -0.13736 0.987591 0.0761303
v 0.0114757 0.202256 -0.0416696
vn 2.14083e-18 0.998473 0.055237
v -0.0717236 0.196365 -0.0394987
vn -0.290013 0.947413 0.135281
v -0.0341135 0.202608 -0.0311037
vn 0.0549099 -0.99195 0.114103
v 0.0114757 0.203187 -0.0309142
vn -2.66916e-19 -0.993933 0.109987
v -0.03177 0.203851 -0.0218317
vn 0.0390136 -0.989473 0.139363
v 0.107524 0.192943 -0.0116702
vn -0.914888 -0.29248 0.278273
v 0.104421 0.196203 -0.00674832
vn 0.524669 0.847436 -0.0810799
v 0.112676 0.188601 0.00691279
vn 0.762942 0.644176 -0.0543742
v 0.0898417 0.200469 -0.0211906
vn -0.192951 -0.963526 0.185436
v 0.0868686 0.201822 -0.0164488
vn 0.8035 0.144247 0.577565
v 0.0993443 0.198894 -0.00404684
vn 0.341283 0.939159 -0.0388141
v 0.107151 0.193565 0.00899837
vn 0.386219 -0.911218 -0.143236
v 0.0772124 0.20379 -0.0117059
vn -0.0720429 -0.981896 0.175185
v 0.112219 0.18385 -0.0328155
vn 0.670102 0.672889 0.313342
v 0.109358 0.1887 -0.0201388
vn -0.774737 -0.624716 0.0975325
v 0.0920494 0.198551 -0.0285907
vn -0.314571 -0.94017 0.130867
v 0.118662 0.166914 -0.0233762
vn 0.780894 0.407006 0.473869
v 0.116062 0.175375 -0.00802852
vn -0.908024 -0.406406 0.101617
v 0.115284 0.18276 0.00199517
vn -0.907076 -0.181351 0.379901
v 0.117702 0.179073 -0.0498498
vn 0.782141 0.615897 0.0944724
v 0.0984957 0.194383 -0.0543937
vn 0.353659 0.935172 -0.0194485
v 0.125689 0.158358 -0.0435257
vn 0.903474 0.39725 0.161021
v 0.123007 0.175538 -0.0700509
vn -0.758892 -0.288822 0.583665
v 0.101887 0.193241 -0.0722565
vn -0.562231 -0.797562 -0.21861
v 0.133011 0.15159 -0.0670136
vn -0.270517 0.00909415 0.962672
v 0.124746 0.174724 -0.110967
vn -0.821317 -0.570298 0.0140451
v 0.125144 0.174205 -0.0915321
vn -0.813404 -0.581473 -0.0162047
v 0.103191 0.193411 -0.0913742
vn -0.410021 -0.910889 -0.0465112
v 0.135324 0.147909 -0.113925
vn -0.924861 -0.377428 0.0466985
v 0.136063 0.148223 -0.0917332
vn -0.920837 -0.388743 -0.0306264
v 0.12196 0.179827 -0.137875
vn -0.856162 -0.505443 -0.107304
v 0.123284 0.176569 -0.125785
vn -0.839455 -0.543337 -0.0100469
v 0.102529 0.196208 -0.122055
vn -0.411711 -0.899802 -0.144393
v 0.130049 0.154592 -0.144559
vn -0.950047 -0.312092 -0.00303257
v 0.132606 0.149999 -0.130731
vn -0.932841 -0.352854 0.0728106
v 0.103049 0.194544 -0.108754
vn -0.422266 -0.903333 -0.0753782
v 0.120221 0.1914 -0.16215
vn -0.752482 -0.631749 -0.186183
v 0.121402 0.184719 -0.149773
vn -0.847972 -0.498841 -0.17917
v 0.101863 0.201537 -0.143287
vn -0.380053 -0.885249 -0.268131
v 0.128159 0.172374 -0.173063
vn -0.932875 -0.346921 -0.0969005
v 0.129102 0.161966 -0.158496
vn -0.954168 -0.281984 -0.100239
v 0.102114 0.198478 -0.132842
vn -0.472035 -0.853933 -0.219045
v 0.0453568 0.230266 -0.212074
vn -0.0659483 -0.970643 -0.231306
v 0.0385937 0.22557 -0.192473
vn -0.0371268 -0.959788 -0.278261
v 0.047574 0.234522 -0.231417
vn -0.12538 -0.973531 -0.191097
v 0.0747983 0.225543 -0.206974
vn -0.191247 -0.966849 -0.169195
v 0.0634386 0.224513 -0.193231
vn -0.0959232 -0.9666 -0.237662
v 0.0789916 0.226876 -0.225148
vn -0.314414 -0.94516 -0.088411
v 0.0956616 0.218076 -0.198439
vn -0.383161 -0.916384 -0.115885
v 0.0803918 0.220393 -0.186064
vn -0.160502 -0.95233 -0.259437
v 0.102023 0.214932 -0.215134
vn -0.571561 -0.820544 -0.00494281
v 0.108936 0.209072 -0.187453
vn -0.657819 -0.747149 -0.0950903
v 0.0909661 0.21539 -0.176443
vn -0.265025 -0.924597 -0.273647
v 0.116858 0.200523 -0.20237
vn -0.768066 -0.639014 -0.0416536
v 0.124857 0.185716 -0.187987
vn -0.859926 -0.505817 -0.0683796
v 0.11659 0.199809 -0.175001
vn -0.74588 -0.650273 -0.144249
v 0.0973713 0.210226 -0.165437
vn -0.335623 -0.900141 -0.277676
v 0.100702 0.205465 -0.15411
vn -0.357232 -0.891869 -0.277407
v 0.0518863 0.208331 0.00176672
vn -0.0975989 -0.971326 0.216796
v 0.0323664 0.210107 0.00266262
vn -0.0664892 -0.95657 0.283819
v 0.052479 0.211037 0.0151393
vn -0.135242 -0.962164 0.236536
v 0.0324538 0.214396 0.0163258
vn -0.0706453 -0.946015 0.316331
v 0.0817931 0.203995 -0.000815791
vn -0.22817 -0.971847 0.0587544
v 0.068452 0.206258 0.000538105
vn -0.135236 -0.982842 0.125433
v 0.0645072 0.205133 -0.0097972
vn -0.106762 -0.985014 0.135458
v 0.0861254 0.203022 0.0121283
vn -0.255045 -0.965619 0.0503262
v 0.0706324 0.207201 0.0136823
vn -0.184032 -0.97316 0.138174
v 0.0437124 0.205694 -0.0110722
vn -0.0367553 -0.982921 0.180318
v 0.0919547 0.201501 -0.00225183
vn -0.283325 -0.958879 0.0166467
v 0.0983325 0.198404 0.0105712
vn -0.359518 -0.9331 -0.00848451
v 0.0618794 0.211255 -0.150853
vn -0.107742 -0.954206 -0.279074
v 0.0598991 0.214515 -0.161567
vn -0.0600169 -0.950916 -0.303574
v 0.0501397 0.221405 -0.18116
vn -0.0502606 -0.946192 -0.31968
v 0.0626311 0.207311 -0.135564
vn -0.0995064 -0.968524 -0.228165
v 0.0627185 0.204294 -0.120374
vn -0.100579 -0.981821 -0.16097
v 0.0628217 0.202704 -0.10779
vn -0.105596 -0.989559 -0.0980941
v 0.0628501 0.20132 -0.0912931
vn -0.098112 -0.993298 -0.0611064
v 0.0622395 0.200528 -0.0730872
vn -0.0591993 -0.841465 -0.537059
v 0.060595 0.200687 -0.0560087
vn 0.0891192 0.995652 -0.0270971
v 0.0586263 0.201521 -0.0416812
vn 0.137364 0.98759 0.0761443
v 0.0946741 0.196365 -0.0394987
vn 0.29 0.947407 0.13535
v 0.057065 0.202608 -0.0311037
vn -0.0549097 -0.99195 0.114102
v 0.0547204 0.203851 -0.0218317
vn -0.0390136 -0.989473 0.139363
v -0.0894822 -0.0415044 -0.121064
vn -0.959062 0.282882 0.0133391
v -0.0894822 -0.05356 -0.305369
vn -0.81184 0.573462 -0.109808
v -0.0894822 -0.0993872 -0.302004
vn -0.980558 -0.181136 -0.0754742
v -0.0730691 -0.0415044 -0.121064
vn 0.861016 0.502222 -0.0801554
v -0.0730691 -0.05356 -0.305369
vn 0.980797 0.168415 -0.0983599
v -0.0730691 -0.0873316 -0.117698
vn 0.970586 -0.237798 -0.037618
v -0.0730691 -0.0993872 -0.302004
vn 0.811299 -0.583638 -0.0340729
v -0.0894822 -0.0873316 -0.117698
vn -0.914615 -0.391791 0.0998954
v -0.0574582 -0.0348845 -0.0208221
vn 0.939629 0.32982 -0.0911909
v -0.0574582 -0.0807127 -0.0174574
vn 0.930069 -0.319801 0.180827
v -0.0738703 -0.0348845 -0.0208221
vn -0.938914 0.189232 0.287458
v -0.0738703 -0.0807127 -0.0174574
vn -0.788457 -0.543614 0.287783
v 0.100906 -0.0993872 -0.302004
vn 0.980558 -0.181136 -0.0754741
v 0.100906 -0.05356 -0.305369
vn 0.81184 0.573461 -0.109808
v 0.100906 -0.0415044 -0.121064
vn 0.959563 0.28131 -0.0101349
v 0.0844925 -0.05356 -0.305369
vn -0.980797 0.168414 -0.0983598
v 0.0844925 -0.0415044 -0.121064
vn -0.861789 0.505224 -0.0454835
v 0.0844925 -0.0993872 -0.302004
vn -0.811299 -0.583638 -0.0340729
v 0.0844925 -0.0873316 -0.117698
vn -0.971933 -0.235254 0.0015147
v 0.100906 -0.0873316 -0.117698
vn 0.916803 -0.396743 0.0454637
v 0.0804087 -0.0348845 -0.0208221
vn -0.940933 0.338196 0.0163652
v 0.0968218 -0.0348845 -0.0208221
vn 0.964906 0.186373 0.184993
v 0.0804087 -0.0807127 -0.0174574
vn -0.909863 -0.305228 0.281042
v 0.0968218 -0.0807127 -0.0174574
vn 0.803263 -0.56059 0.201264
v -0.0629338 0.233675 0.324936
vn 0.281889 0.701099 -0.65498
v -0.0743809 0.228358 0.313111
vn 0.421949 0.645953 -0.636163
v -0.0815883 0.23243 0.314544
vn 0.169824 0.900323 -0.400721
v -0.0598018 0.227225 0.321
vn 0.386741 0.384288 -0.838304
v -0.0722953 0.222845 0.310738
vn 0.604429 0.277849 -0.746636
v -0.0590511 0.219027 0.319746
vn 0.487887 -0.105898 -0.866459
v -0.0721174 0.216553 0.310184
vn 0.6783 -0.184075 -0.711355
v -0.084274 0.223701 0.300384
vn 0.645995 0.451467 -0.615522
v -0.0833707 0.217511 0.298253
vn 0.731603 0.146323 -0.665843
v -0.0926185 0.216317 0.286224
vn 0.78139 0.1722 -0.599814
v -0.0832496 0.211327 0.298467
vn 0.799668 -0.136929 -0.584621
v -0.0611546 0.211166 0.32181
vn 0.47228 -0.504399 -0.722865
v -0.0743798 0.208717 0.312186
vn 0.620102 -0.559553 -0.549885
v -0.0639077 0.20668 0.324794
vn 0.390227 -0.789324 -0.474016
v -0.0787247 0.203343 0.316176
vn 0.478669 -0.83539 -0.270183
v -0.0853247 0.205602 0.30029
vn 0.697778 -0.58752 -0.409787
v -0.0926101 0.200462 0.295281
vn 0.615315 -0.753484 -0.231623
v -0.0930859 0.20411 0.287402
vn 0.784191 -0.475024 -0.399245
v -0.0670671 0.204611 0.328481
vn 0.243809 -0.949627 -0.196892
v -0.0880304 0.200302 0.313922
vn 0.135801 -0.984047 0.11493
v -0.0612641 0.205427 0.335645
vn -0.0220948 -0.942648 0.333057
v -0.0716057 0.206124 0.335162
vn -0.0994742 -0.902961 0.418051
v -0.106715 0.195423 0.297459
vn 0.024024 -0.964747 0.262081
v -0.0866028 0.203636 0.325088
vn -0.239804 -0.83218 0.499971
v -0.111844 0.195763 0.298075
vn -0.199712 -0.865524 0.459329
v -0.0730312 0.210281 0.338962
vn -0.288938 -0.600693 0.745441
v -0.0883536 0.207843 0.328806
vn -0.475704 -0.528648 0.70302
v -0.0736945 0.215818 0.341802
vn -0.404073 -0.294827 0.865911
v -0.0894632 0.215444 0.331824
vn -0.584862 -0.200258 0.786024
v -0.105873 0.201219 0.308746
vn -0.540057 -0.560501 0.627836
v -0.10196 0.208354 0.318154
vn -0.616707 -0.404996 0.675019
v -0.103507 0.214165 0.318941
vn -0.702061 -0.121114 0.701742
v -0.0737397 0.222096 0.342379
vn -0.452612 0.124042 0.883038
v -0.0893348 0.22176 0.33189
vn -0.627759 0.210447 0.74942
v -0.0730312 0.229912 0.339887
vn -0.429984 0.488006 0.759581
v -0.0883547 0.227484 0.329733
vn -0.586731 0.574449 0.57075
v -0.0708214 0.235212 0.335211
vn -0.343265 0.816291 0.464583
v -0.0855995 0.232772 0.325211
vn -0.400219 0.872553 0.280138
v -0.101968 0.220701 0.318731
vn -0.732437 0.405385 0.546991
v -0.0996112 0.228676 0.313631
vn -0.650149 0.625701 0.43105
v -0.123456 0.218685 0.288588
vn -0.724294 0.460794 0.512901
v -0.0681167 0.23674 0.331298
vn -0.156783 0.987567 0.011406
v -0.0880378 0.232833 0.315449
vn -0.102284 0.984471 -0.142671
v -0.0576698 0.237125 0.331811
vn 0.069832 0.8762 -0.476862
v -0.0966075 0.230605 0.311777
vn -0.331077 0.942742 0.0403089
v -0.0438256 0.226848 0.32632
vn 0.220291 0.238722 -0.945772
v -0.0436582 0.220576 0.325783
vn 0.267298 -0.112395 -0.957037
v -0.0453879 0.23234 0.328851
vn 0.178858 0.594097 -0.784256
v -0.0264649 0.227644 0.329424
vn 0.100404 0.290944 -0.951457
v -0.026346 0.221373 0.328882
vn 0.112731 -0.0954975 -0.989026
v -0.0275714 0.233132 0.331997
vn 0.0870132 0.573262 -0.814739
v -0.0191764 0.237383 0.336153
vn 0.0346246 0.667866 -0.743475
v -0.0079831 0.22986 0.331331
vn 0.0153722 0.430394 -0.90251
v -0.00769358 0.223775 0.329876
vn 0.0201092 0.0323123 -0.999276
v -0.0509888 0.238271 0.337633
vn -0.0592074 0.998203 0.00927774
v -0.0524911 0.2376 0.340324
vn -0.168313 0.888248 0.427418
v -0.0540914 0.234534 0.344178
vn -0.226604 0.673955 0.703161
v -0.0200713 0.238821 0.338844
vn 0.00444245 0.93263 -0.360806
v -0.0325175 0.23838 0.343709
vn -0.0729347 0.912079 0.403476
v -0.0335913 0.235314 0.347615
vn -0.110697 0.623083 0.774283
v -0.0104014 0.239339 0.342257
vn -0.00743686 0.997094 0.0758147
v -0.011131 0.237806 0.346382
vn -0.0178009 0.836386 0.547852
v 0.0430217 0.238821 0.338844
vn -0.00482209 0.937997 -0.34661
v 0.0318684 0.236296 0.335494
vn -0.00452021 0.66118 -0.750214
v 0.0338771 0.238663 0.345038
vn 0.010726 0.942082 0.335211
v 0.0342856 0.236948 0.347726
vn 0.0220515 0.738693 0.673681
v -0.0550473 0.227722 0.348126
vn -0.250832 0.383783 0.888704
v -0.0551968 0.221528 0.349181
vn -0.235464 -0.0247605 0.971568
v -0.0341914 0.228506 0.351581
vn -0.114787 0.301269 0.946605
v -0.0342599 0.220227 0.352248
vn -0.104741 -0.154569 0.982414
v -0.0115942 0.234244 0.350207
vn -0.0279431 0.624349 0.780645
v -0.0117279 0.230776 0.352245
vn -0.0128831 0.423893 0.905621
v -0.0117795 0.226807 0.353581
vn -0.025698 0.171995 0.984763
v -0.0117869 0.222602 0.353951
vn -0.0172077 -0.0810575 0.996561
v 0.0345446 0.234244 0.350207
vn 0.0175132 0.530478 0.847518
v -0.0550473 0.215414 0.347546
vn -0.189351 -0.4393 0.878158
v -0.0540914 0.208903 0.342971
vn -0.115976 -0.74176 0.660561
v -0.0339935 0.212596 0.348954
vn -0.0810582 -0.546808 0.833325
v -0.0223327 0.208574 0.345719
vn -0.0215175 -0.790929 0.61153
v -0.0117795 0.218426 0.353186
vn -0.0277424 -0.361289 0.932041
v -0.0116605 0.21288 0.350299
vn -0.00989964 -0.561909 0.82714
v 0.034731 0.218426 0.353186
vn 0.0138119 -0.363835 0.931361
v 0.0452831 0.208574 0.345719
vn 0.0226548 -0.816751 0.576546
v 0.034612 0.21288 0.350299
vn 0.00885734 -0.642247 0.766447
v -0.0509888 0.205805 0.336102
vn 0.0736598 -0.98423 -0.160827
v -0.0484758 0.20735 0.332233
vn 0.229664 -0.810271 -0.53918
v -0.0217211 0.207112 0.342892
vn -0.00270258 -0.954754 0.297384
v -0.0297402 0.208137 0.335478
vn 0.101481 -0.786232 -0.609542
v -0.0104014 0.206871 0.340725
vn 0.0139026 -0.959822 -0.280264
v -0.00950651 0.208425 0.336706
vn 0.0187479 -0.79678 -0.603978
v 0.032458 0.208425 0.336706
vn -0.0149822 -0.774216 -0.632745
v -0.0453879 0.21271 0.327924
vn 0.265153 -0.50133 -0.823628
v -0.0275714 0.213502 0.331071
vn 0.107098 -0.462848 -0.879944
v -0.00863057 0.212038 0.333146
vn 0.0132577 -0.577892 -0.816006
v -0.0079831 0.217553 0.330751
vn 0.018834 -0.286275 -0.957962
v 0.030644 0.223775 0.329876
vn -0.0166592 0.149233 -0.988662
v 0.0307682 0.219554 0.330173
vn -0.0115958 -0.204808 -0.978733
v 0.10454 0.23243 0.314544
vn -0.185759 0.891606 -0.412957
v 0.0973324 0.228358 0.313111
vn -0.421959 0.645945 -0.636164
v 0.0858853 0.233675 0.324936
vn -0.27535 0.681975 -0.677564
v 0.109341 0.226944 0.302047
vn -0.36623 0.789706 -0.492179
v 0.107226 0.223701 0.300384
vn -0.576641 0.569972 -0.585335
v 0.0952468 0.222845 0.310738
vn -0.599442 0.285238 -0.747869
v 0.0827532 0.227225 0.321
vn -0.405445 0.373458 -0.834352
v 0.106204 0.219737 0.298862
vn -0.736326 0.244511 -0.630902
v 0.0950689 0.216553 0.310184
vn -0.683855 -0.167616 -0.710103
v 0.0820026 0.219027 0.319746
vn -0.487882 -0.105891 -0.866463
v 0.106439 0.215285 0.297645
vn -0.790796 -0.0411285 -0.610697
v 0.106201 0.211327 0.298467
vn -0.797267 -0.187512 -0.573763
v 0.0973313 0.208717 0.312186
vn -0.620115 -0.559539 -0.549885
v 0.0841061 0.211166 0.32181
vn -0.47227 -0.504406 -0.722866
v 0.108275 0.205602 0.30029
vn -0.674967 -0.641185 -0.365104
v 0.101676 0.203343 0.316176
vn -0.427583 -0.864123 -0.26545
v 0.0868591 0.20668 0.324794
vn -0.390227 -0.789324 -0.474016
v 0.113322 0.200025 0.303796
vn -0.459485 -0.880808 -0.114241
v 0.106393 0.202027 0.321224
vn -0.110518 -0.984557 0.135769
v 0.0900186 0.204611 0.328481
vn -0.195057 -0.969778 -0.146574
v 0.109553 0.203636 0.325088
vn 0.223997 -0.846803 0.482441
v 0.0945572 0.206124 0.335162
vn 0.150265 -0.85066 0.503784
v 0.134794 0.195763 0.298075
vn 0.210432 -0.863321 0.458689
v 0.111304 0.207843 0.328806
vn 0.471694 -0.50656 0.721735
v 0.0959827 0.210281 0.338962
vn 0.288946 -0.600692 0.745439
v 0.123952 0.204735 0.316383
vn 0.525918 -0.557925 0.641974
v 0.143569 0.195689 0.29032
vn 0.575692 -0.483663 0.659279
v 0.125402 0.210252 0.318804
vn 0.624634 -0.413694 0.662336
v 0.112414 0.215444 0.331824
vn 0.583194 -0.225114 0.780518
v 0.0966459 0.215818 0.341802
vn 0.404083 -0.294826 0.865907
v 0.13971 0.21007 0.304316
vn 0.683017 -0.257253 0.683599
v 0.126458 0.214165 0.318941
vn 0.714985 0.0310117 0.698452
v 0.112286 0.22176 0.33189
vn 0.627758 0.210413 0.749431
v 0.0966912 0.222096 0.342379
vn 0.452615 0.124029 0.883038
v 0.12492 0.220701 0.318731
vn 0.732875 0.393466 0.555049
v 0.111306 0.227484 0.329733
vn 0.586716 0.574483 0.57073
v 0.0959827 0.229912 0.339887
vn 0.429983 0.488023 0.759571
v 0.122563 0.228676 0.313631
vn 0.640178 0.641018 0.423401
v 0.10855 0.232772 0.325211
vn 0.400218 0.872548 0.280153
v 0.0937718 0.235212 0.335211
vn 0.345857 0.807624 0.477626
v 0.138849 0.220533 0.298082
vn 0.733604 0.459298 0.500869
v 0.119559 0.230605 0.311777
vn 0.333342 0.94183 0.042881
v 0.110989 0.232833 0.315449
vn 0.104617 0.985027 -0.137028
v 0.0910682 0.23674 0.331298
vn 0.155089 0.987764 0.0164341
v 0.0806213 0.237125 0.331811
vn -0.0473179 0.934252 -0.35346
v 0.0666096 0.220576 0.325783
vn -0.270929 -0.0693259 -0.9601
v 0.0672277 0.228773 0.327065
vn -0.218424 0.378107 -0.899626
v 0.0492975 0.221373 0.328882
vn -0.107128 -0.061837 -0.99232
v 0.0497365 0.229568 0.330182
vn -0.0917398 0.378939 -0.920863
v 0.0309346 0.22986 0.331331
vn -0.020358 0.433292 -0.901024
v 0.0697891 0.235216 0.331112
vn -0.146637 0.639489 -0.754686
v 0.0515441 0.236006 0.334303
vn -0.06739 0.653276 -0.754115
v 0.074692 0.237935 0.338979
vn 0.103991 0.980061 0.169312
v 0.0544372 0.239054 0.340964
vn 0.025447 0.995651 0.0896225
v 0.0558753 0.237524 0.345042
vn 0.0942704 0.817164 0.568644
v 0.0770429 0.234534 0.344178
vn 0.219144 0.689302 0.690535
v 0.056945 0.232226 0.349879
vn 0.109846 0.507512 0.854614
v 0.0779988 0.227722 0.348126
vn 0.251358 0.346706 0.903667
v 0.0347057 0.228792 0.352912
vn 0.0273146 0.309487 0.950511
v 0.0572113 0.224418 0.352446
vn 0.119859 0.0965315 0.988087
v 0.0781483 0.221528 0.349181
vn 0.254378 -0.0543215 0.965578
v 0.0347383 0.222602 0.353951
vn 0.0240718 0.0218592 0.999471
v 0.0779988 0.215414 0.347546
vn 0.189645 -0.40557 0.894174
v 0.0572008 0.21814 0.351862
vn 0.100886 -0.268387 0.958014
v 0.056945 0.212596 0.348954
vn 0.0768113 -0.580185 0.810854
v 0.0770429 0.208903 0.342971
vn 0.115973 -0.741767 0.660554
v 0.0446725 0.207112 0.342892
vn 0.00442992 -0.95428 0.298882
v 0.0842145 0.205427 0.335645
vn 0.0245214 -0.939465 0.341765
v 0.0739403 0.205805 0.336102
vn -0.0900992 -0.988994 -0.117357
v 0.0544372 0.206587 0.339433
vn -0.0277979 -0.984154 -0.175126
v 0.0714272 0.20735 0.332233
vn -0.213187 -0.830676 -0.514324
v 0.0526917 0.208137 0.335478
vn -0.10694 -0.763755 -0.636586
v 0.0683383 0.21271 0.327924
vn -0.265148 -0.501333 -0.823628
v 0.0505219 0.213502 0.331071
vn -0.11775 -0.471054 -0.87421
v 0.031341 0.213795 0.332237
vn -0.0157699 -0.4568 -0.88943
v -0.142785 0.207888 0.321545
vn 0.391892 0.390474 -0.833037
v -0.190566 0.198847 0.291063
vn 0.530912 -0.170326 -0.830133
v -0.203208 0.199083 0.284016
vn -0.229061 0.97137 0.0630199
v -0.142636 0.203775 0.321727
vn 0.500111 -0.240811 -0.831805
v -0.14328 0.199218 0.323447
vn 0.497107 -0.509295 -0.702498
v -0.180252 0.196188 0.298892
vn 0.485853 -0.513868 -0.707026
v -0.20244 0.194381 0.286308
vn -0.510428 -0.54693 0.663575
v -0.146621 0.197475 0.326693
vn -0.562462 -0.332419 0.757056
v -0.169956 0.195047 0.307986
vn 0.204505 -0.954376 -0.217585
v -0.147099 0.20144 0.326049
vn -0.605034 0.224277 0.763959
v -0.207279 0.196171 0.282616
vn -0.589218 0.337148 0.734271
v -0.15901 0.203959 0.315347
vn -0.546354 0.481357 0.685415
v -0.144449 0.208469 0.322964
vn -0.368091 0.902131 0.225095
v -0.146126 0.206147 0.324792
vn -0.626423 0.559388 0.542845
v -0.14189 0.197416 0.328282
vn 0.272888 -0.942787 -0.191532
v 0.22616 0.199083 0.284016
vn 0.229049 0.971374 0.063003
v 0.213517 0.198847 0.291063
vn -0.53091 -0.170335 -0.830133
v 0.165737 0.207888 0.321545
vn -0.391889 0.390485 -0.833033
v 0.165587 0.203775 0.321727
vn -0.500112 -0.240811 -0.831804
v 0.203204 0.196188 0.298892
vn -0.485834 -0.513928 -0.706996
v 0.166232 0.199218 0.323447
vn -0.497101 -0.509317 -0.702486
v 0.225392 0.194381 0.286308
vn 0.510421 -0.546944 0.663568
v 0.192908 0.195047 0.307986
vn -0.204499 -0.95438 -0.217576
v 0.169572 0.197475 0.326693
vn 0.562466 -0.332378 0.757072
v 0.230231 0.196171 0.282616
vn 0.589213 0.337181 0.73426
v 0.17005 0.20144 0.326049
vn 0.605025 0.224277 0.763966
v 0.181961 0.203959 0.315347
vn 0.546346 0.48138 0.685404
v 0.169077 0.206147 0.324792
vn 0.626422 0.559389 0.542844
v 0.1674 0.208469 0.322964
vn 0.36809 0.902132 0.225095
v 0.164842 0.197416 0.328282
vn -0.272887 -0.942787 -0.191534
v -0.0916341 0.167127 -0.0200188
vn -0.916857 0.398562 0.0228307
v -0.111197 0.128397 -0.0326545
vn -0.930186 0.350676 0.108536
v -0.104206 0.150736 0.00222571
vn -0.937206 0.277508 -0.211269
v -0.111564 0.113027 -0.00707783
vn -0.967435 0.219759 -0.1256
v -0.0939797 0.18398 0.00573786
vn -0.885863 0.32521 -0.330884
v -0.0223275 0.245607 0.112987
vn -0.0957405 0.99316 -0.0668406
v 0.0114757 0.247438 0.157003
vn -1.38542e-18 0.999441 0.033417
v 0.0114757 0.246141 0.0999769
vn 1.6645e-18 0.995635 -0.0933378
v -0.0128428 0.239675 0.0693773
vn -0.0807876 0.971081 -0.224667
v 0.0114757 0.240771 0.0681139
vn 0 0.972203 -0.23414
v -0.047941 0.23688 0.0742571
vn -0.178434 0.962817 -0.202843
v -0.0307972 0.211146 0.0152804
vn -0.13832 0.772037 -0.620343
v -0.0654521 0.203369 0.0121167
vn -0.301799 0.805991 -0.50921
v -0.0623095 0.223384 0.0397779
vn -0.259424 0.875302 -0.4081
v -0.0237287 0.227163 0.0321304
vn -0.107284 0.897539 -0.427685
v 0.0114757 0.218267 0.0175997
vn 3.71877e-18 0.800076 -0.599899
v 0.0114757 0.231514 0.0392442
vn -2.33043e-18 0.927827 -0.373011
v -0.0315373 0.244796 0.159283
vn -0.13123 0.990276 0.0461798
v -0.0600871 0.239788 0.120055
vn -0.220608 0.973998 -0.0515789
v -0.0700844 0.236949 0.162829
vn -0.249006 0.96666 0.0596997
v -0.114796 0.2193 0.14765
vn -0.669034 0.743014 -0.0179768
v -0.117238 0.21631 0.176557
vn -0.673683 0.733558 0.0896859
v -0.102231 0.226136 0.168487
vn -0.391957 0.917222 0.0712339
v -0.0943851 0.230021 0.132583
vn -0.360592 0.932049 -0.0354628
v -0.110311 0.219588 0.105771
vn -0.650835 0.740977 -0.165433
v -0.0932996 0.217158 0.0576113
vn -0.507788 0.78055 -0.364545
v -0.0845951 0.229339 0.0868927
vn -0.331704 0.927599 -0.171848
v -0.0144831 0.242538 0.203276
vn -0.0982735 0.984275 0.146784
v -0.0507993 0.237175 0.199715
vn -0.205612 0.965639 0.158951
v -0.0338724 0.230976 0.243365
vn -0.172898 0.94447 0.279434
v -0.0790806 0.211611 0.260563
vn -0.393057 0.828271 0.399341
v -0.0568202 0.205103 0.292109
vn -0.309195 0.8108 0.496993
v -0.0491411 0.216225 0.273319
vn -0.22336 0.898372 0.378205
v -0.0711067 0.224856 0.231643
vn -0.284224 0.920601 0.267788
v -0.0994617 0.21593 0.222613
vn -0.471719 0.827532 0.304421
v -0.110071 0.217801 0.195395
vn -0.569813 0.797534 0.198125
v -0.0870997 0.228133 0.195292
vn -0.315905 0.933091 0.171891
v 0.0114757 0.242187 0.21492
vn 6.46262e-18 0.986483 0.163865
v -0.00499842 0.23296 0.247562
vn -0.0950923 0.951542 0.292447
v 0.0114757 0.234063 0.248939
vn 1.26e-17 0.954303 0.298842
v -0.0263955 0.205161 0.303864
vn -0.14997 0.81458 0.560329
v -0.0144831 0.218126 0.283381
vn -0.106624 0.900969 0.420579
v 0.0114757 0.20604 0.305901
vn 1.32233e-17 0.810578 0.58563
v 0.0114757 0.222676 0.277227
vn 2.95511e-18 0.907871 0.419249
v -0.122957 0.121061 0.0450893
vn -0.951575 0.191246 -0.240687
v -0.11954 0.152517 0.0522693
vn -0.94503 0.18921 -0.26668
v -0.131377 0.126995 0.0953014
vn -0.983557 0.078786 -0.162505
v -0.130264 0.155559 0.099582
vn -0.976972 0.0970314 -0.190026
v -0.115016 0.180594 0.0570354
vn -0.92698 0.220046 -0.303788
v -0.128475 0.180861 0.102429
vn -0.966389 0.14858 -0.209799
v -0.0864407 0.193512 0.00903417
vn -0.54926 0.720926 -0.422587
v -0.108527 0.200163 0.0581734
vn -0.783455 0.5237 -0.334569
v -0.124098 0.201013 0.103369
vn -0.900657 0.380254 -0.210296
v -0.130034 0.200303 0.14729
vn -0.888424 0.456782 -0.0453096
v -0.129713 0.19869 0.186541
vn -0.839665 0.535871 0.0883495
v -0.134922 0.180547 0.148696
vn -0.985406 0.14478 -0.0895226
v -0.135 0.179816 0.194514
vn -0.979108 0.192199 0.0663928
v -0.13679 0.160389 0.196988
vn -0.99754 0.0405747 0.0571705
v -0.136376 0.158092 0.148141
vn -0.99632 0.0510542 -0.0688402
v -0.136691 0.133923 0.146083
vn -0.998868 0.016693 -0.0445464
v -0.13037 0.147217 0.2436
vn -0.979798 0.0112695 0.199672
v -0.130186 0.162943 0.243375
vn -0.968327 0.0902787 0.232794
v -0.115455 0.152595 0.28359
vn -0.878387 0.0509636 0.475226
v -0.11539 0.165109 0.282341
vn -0.848127 0.239194 0.472724
v -0.128901 0.179558 0.236737
vn -0.899962 0.345138 0.26636
v -0.114944 0.179189 0.273029
vn -0.737163 0.518084 0.433797
v -0.124342 0.1978 0.219376
vn -0.766374 0.601507 0.225523
v -0.112242 0.196105 0.250673
vn -0.612066 0.696231 0.375016
v -0.0901012 0.19311 0.282937
vn -0.454983 0.756966 0.469034
v -0.0607324 0.189261 0.310097
vn -0.340545 0.733853 0.587783
v -0.0917847 0.177964 0.301714
vn -0.555521 0.61166 0.563266
v -0.0612904 0.17596 0.322941
vn -0.36149 0.609458 0.70561
v -0.0612904 0.16624 0.32872
vn -0.420081 0.310627 0.852668
v -0.0918405 0.16617 0.309966
vn -0.63315 0.300819 0.713182
v -0.0918489 0.156239 0.311598
vn -0.619123 0.139394 0.772823
v -0.0260744 0.160288 0.343124
vn -0.274972 0.247468 0.929059
v -0.0260744 0.165723 0.341489
vn -0.222991 0.425346 0.87713
v 0.0114757 0.160952 0.348065
vn 0 0.315893 0.948795
v 0.0114757 0.165367 0.346421
vn 0 0.479204 0.877704
v -0.0260744 0.173692 0.336883
vn -0.149142 0.597082 0.788194
v 0.0114757 0.172573 0.341975
vn -7.15698e-18 0.612485 0.790482
v -0.0261144 0.186451 0.325956
vn -0.142841 0.724392 0.674427
v 0.0114757 0.185299 0.330977
vn 1.09418e-17 0.712952 0.701213
v 0.134148 0.128397 -0.0326545
vn 0.930192 0.350663 0.108527
v 0.114586 0.167127 -0.0200188
vn 0.916864 0.398546 0.0228314
v 0.127157 0.150736 0.00222571
vn 0.937205 0.277506 -0.211275
v 0.116931 0.18398 0.00573786
vn 0.885864 0.32521 -0.330884
v 0.134515 0.113027 -0.00707783
vn 0.967433 0.219762 -0.125613
v 0.0452789 0.245607 0.112987
vn 0.0957405 0.99316 -0.0668406
v 0.0357943 0.239675 0.0693773
vn 0.0807876 0.971081 -0.224667
v 0.0708924 0.23688 0.0742571
vn 0.178434 0.962817 -0.202843
v 0.085261 0.223384 0.0397779
vn 0.259424 0.875301 -0.408102
v 0.0884036 0.203369 0.0121167
vn 0.301796 0.805992 -0.509211
v 0.0537476 0.211146 0.0152804
vn 0.13832 0.772036 -0.620346
v 0.0466802 0.227163 0.0321304
vn 0.107284 0.897538 -0.427686
v 0.0544888 0.244796 0.159283
vn 0.13123 0.990276 0.0461806
v 0.0830385 0.239788 0.120055
vn 0.220608 0.973998 -0.0515788
v 0.0930359 0.236949 0.162829
vn 0.249006 0.96666 0.0597033
v 0.125182 0.226136 0.168487
vn 0.391958 0.917221 0.0712354
v 0.14019 0.21631 0.176557
vn 0.673689 0.733554 0.0896717
v 0.137746 0.2193 0.14765
vn 0.669034 0.743015 -0.0179767
v 0.117337 0.230021 0.132583
vn 0.360595 0.932048 -0.0354621
v 0.133262 0.219588 0.105771
vn 0.650834 0.740978 -0.165428
v 0.116251 0.217158 0.0576113
vn 0.507788 0.78055 -0.364545
v 0.107547 0.229339 0.0868927
vn 0.331704 0.927599 -0.171848
v 0.0374346 0.242538 0.203276
vn 0.0982745 0.984275 0.146784
v 0.0737497 0.237175 0.199715
vn 0.205614 0.965638 0.158951
v 0.0568239 0.230976 0.243365
vn 0.1729 0.944469 0.279433
v 0.0720916 0.216225 0.273319
vn 0.22336 0.898372 0.378205
v 0.0797717 0.205103 0.292109
vn 0.309195 0.8108 0.496993
v 0.102032 0.211611 0.260563
vn 0.393053 0.828272 0.399343
v 0.0940582 0.224856 0.231643
vn 0.284223 0.920602 0.267786
v 0.122413 0.21593 0.222613
vn 0.471717 0.827534 0.304419
v 0.133022 0.217801 0.195395
vn 0.569806 0.797539 0.198125
v 0.11005 0.228133 0.195292
vn 0.315901 0.933092 0.171891
v 0.0279499 0.23296 0.247562
vn 0.0950923 0.951542 0.292447
v 0.0493469 0.205161 0.303864
vn 0.149971 0.81458 0.560328
v 0.0374346 0.218126 0.283381
vn 0.106626 0.900968 0.420579
v 0.142491 0.152517 0.0522693
vn 0.945032 0.189205 -0.266677
v 0.145908 0.121061 0.0450893
vn 0.951576 0.191246 -0.240681
v 0.137967 0.180594 0.0570354
vn 0.926982 0.220046 -0.303782
v 0.153216 0.155559 0.099582
vn 0.976973 0.097031 -0.190026
v 0.154328 0.126995 0.0953014
vn 0.983559 0.0787675 -0.162503
v 0.151425 0.180861 0.102429
vn 0.966389 0.14858 -0.209799
v 0.131479 0.200163 0.0581734
vn 0.783455 0.5237 -0.334569
v 0.109392 0.193512 0.00903417
vn 0.54926 0.720926 -0.422587
v 0.14705 0.201013 0.103369
vn 0.900662 0.380239 -0.210298
v 0.152664 0.19869 0.186541
vn 0.839662 0.535876 0.0883452
v 0.152985 0.200303 0.14729
vn 0.888418 0.456794 -0.0453054
v 0.157951 0.179816 0.194514
vn 0.979109 0.192188 0.0663991
v 0.157873 0.180547 0.148696
vn 0.985405 0.14478 -0.0895305
v 0.159642 0.133923 0.146083
vn 0.998867 0.0167089 -0.0445485
v 0.159327 0.158092 0.148141
vn 0.996321 0.0510401 -0.0688367
v 0.15974 0.160389 0.196988
vn 0.99754 0.0405751 0.0571706
v 0.153138 0.162943 0.243375
vn 0.968327 0.0902883 0.23279
v 0.153321 0.147217 0.2436
vn 0.9798 0.0112915 0.199662
v 0.151851 0.179558 0.236737
vn 0.899958 0.345144 0.266366
v 0.138342 0.165109 0.282341
vn 0.848122 0.239223 0.472716
v 0.138406 0.152595 0.28359
vn 0.878387 0.0509644 0.475226
v 0.137895 0.179189 0.273029
vn 0.737172 0.518078 0.43379
v 0.147294 0.1978 0.219376
vn 0.766379 0.601498 0.225528
v 0.135193 0.196105 0.250673
vn 0.612078 0.696219 0.375019
v 0.0836828 0.189261 0.310097
vn 0.340545 0.733853 0.587783
v 0.113053 0.19311 0.282937
vn 0.454978 0.756969 0.469035
v 0.0842419 0.17596 0.322941
vn 0.361487 0.609464 0.705607
v 0.114736 0.177964 0.301714
vn 0.555527 0.611657 0.563263
v 0.1148 0.156239 0.311598
vn 0.619123 0.139395 0.772823
v 0.114792 0.16617 0.309966
vn 0.63315 0.30082 0.713182
v 0.0842419 0.16624 0.32872
vn 0.420081 0.310627 0.852668
v 0.0490258 0.165723 0.341489
vn 0.22299 0.425346 0.87713
v 0.0490258 0.160288 0.343124
vn 0.274972 0.247468 0.929059
v 0.0490258 0.173692 0.336883
vn 0.149142 0.597082 0.788194
v 0.0490658 0.186451 0.325956
vn 0.142842 0.724394 0.674426
v -0.0108783 0.155333 0.451038
vn -0.108146 -0.00900619 0.994094
v -0.0107183 0.140266 0.445015
vn -0.115061 -0.532249 0.838733
v 0.0114757 0.139631 0.445504
vn 0 -0.484006 0.875065
v -0.0352821 0.157762 0.446926
vn -0.281591 0.00317463 0.959529
v -0.034003 0.143029 0.441515
vn -0.289906 -0.507885 0.811177
v -0.0105372 0.086205 0.408608
vn -0.102689 -0.278688 0.954876
v -0.0104414 0.0933441 0.410828
vn -0.0871326 -0.365334 0.92679
v -0.0317889 0.0928998 0.40726
vn -0.258935 -0.308453 0.915319
v 0.0114757 0.0862429 0.409071
vn -6.37711e-19 -0.297012 0.954874
v 0.0114757 0.0935399 0.411344
vn 1.36867e-18 -0.392186 0.919886
v 0.0114757 0.102857 0.415754
vn -2.31781e-18 -0.497405 0.867519
v -0.0915625 -0.125202 -0.0667598
vn -0.990355 -0.136321 -0.0247817
v -0.101012 -0.0844586 0.0867643
vn -0.98453 -0.167268 -0.0521678
v -0.101025 -0.0227362 -0.0373668
vn -0.992753 -0.102303 -0.0630497
v -0.11211 -0.0187293 0.0974101
vn -0.987816 -0.13097 -0.0840597
v -0.112622 0.078328 -0.00871389
vn -0.986787 -0.128117 -0.0991867
v -0.0875882 -0.140824 0.0752424
vn -0.967714 -0.250199 -0.0304908
v -0.120745 0.0294751 0.123365
vn -0.986058 -0.14143 -0.0876792
v -0.12309 0.0816928 0.0434838
vn -0.966061 -0.23462 -0.108075
v -0.126267 0.0535894 0.156365
vn -0.991086 -0.12938 -0.0317628
v -0.131377 0.092525 0.0936748
vn -0.967761 -0.246959 -0.0494887
v -0.127915 0.0688329 0.193405
vn -0.991519 -0.117665 0.055187
v -0.136542 0.0990355 0.145614
vn -0.962288 -0.270851 0.025315
v -0.127224 0.0838194 0.225211
vn -0.972574 -0.183525 0.142895
v -0.13586 0.106809 0.203838
vn -0.959153 -0.262674 0.105016
v -0.113745 0.0942105 0.298293
vn -0.943535 -0.207575 0.258174
v -0.127963 0.117711 0.270685
vn -0.939326 -0.281563 0.195929
v -0.0980793 0.0682643 0.330611
vn -0.896653 -0.213718 0.387735
v -0.10153 0.111276 0.352998
vn -0.863137 -0.356 0.358131
v -0.118704 0.13278 0.331488
vn -0.893084 -0.358808 0.2714
v -0.076696 0.0796598 0.371952
vn -0.742977 -0.4175 0.523144
v -0.100302 0.139215 0.387567
vn -0.808339 -0.412023 0.420505
v -0.114282 0.152147 0.371118
vn -0.847364 -0.405284 0.343103
v -0.086068 0.126951 0.399883
vn -0.690338 -0.423627 0.586492
v -0.103136 0.16669 0.404166
vn -0.753451 -0.258783 0.604436
v -0.11507 0.173133 0.389597
vn -0.815484 -0.318191 0.483467
v -0.0859016 0.159353 0.419104
vn -0.630071 -0.19735 0.751042
v -0.107911 0.192389 0.400912
vn -0.623793 0.336583 0.705403
v -0.118949 0.195172 0.38789
vn -0.729548 0.210525 0.650721
v -0.0910435 0.188926 0.414793
vn -0.504771 0.385983 0.772155
v -0.108143 0.227535 0.369022
vn -0.502941 0.658621 0.559704
v -0.119661 0.228956 0.355622
vn -0.545994 0.632397 0.549513
v -0.0910288 0.2262 0.38403
vn -0.440296 0.65384 0.615331
v -0.0622211 0.161878 0.436383
vn -0.476682 -0.04508 0.877919
v -0.0651752 0.185923 0.429718
vn -0.363187 0.452212 0.814616
v -0.036256 0.182559 0.441036
vn -0.243819 0.437228 0.86567
v -0.0650436 0.225059 0.400902
vn -0.386365 0.629297 0.67432
v -0.0362012 0.224277 0.414489
vn -0.292093 0.602781 0.74252
v -0.0109994 0.181042 0.445723
vn -0.102456 0.415863 0.903637
v 0.0114757 0.154899 0.451623
vn -7.89654e-18 0.0662728 0.997802
v 0.0114757 0.180816 0.446392
vn 3.13031e-17 0.448317 0.893875
v -0.010993 0.22396 0.420194
vn -0.126285 0.594274 0.794287
v 0.0114757 0.223916 0.421009
vn 2.75746e-17 0.610158 0.79228
v -0.100321 0.280281 0.303268
vn -0.52063 0.718889 0.460589
v -0.112581 0.281119 0.287087
vn -0.521401 0.71935 0.458994
v -0.0838339 0.280432 0.321959
vn -0.514377 0.699002 0.496803
v -0.0907898 0.330916 0.224909
vn -0.534671 0.760391 0.368689
v -0.103743 0.330746 0.206638
vn -0.513801 0.768183 0.381973
v -0.0751936 0.332586 0.246671
vn -0.578342 0.722415 0.378996
v -0.086228 0.359589 0.156258
vn -0.501636 0.82344 0.265156
v -0.0992416 0.357056 0.141988
vn -0.456233 0.842837 0.285443
v -0.0709814 0.363253 0.177138
vn -0.569402 0.779528 0.260993
v -0.0847815 0.37376 0.0973649
vn -0.491909 0.847535 0.199273
v -0.0947388 0.367345 0.104262
vn -0.41069 0.889588 0.199916
v -0.0698812 0.379822 0.11291
vn -0.555041 0.806669 0.203014
v -0.0578025 0.147181 0.432761
vn -0.434134 -0.48298 0.760433
v -0.0748746 0.143889 0.419748
vn -0.49472 -0.480015 0.724457
v -0.0765075 0.123535 0.404795
vn -0.447506 -0.51578 0.730554
v -0.0679852 0.0999104 0.393644
vn -0.431305 -0.486505 0.759795
v -0.0516826 0.0933915 0.39946
vn -0.47237 -0.364276 0.802602
v -0.0545967 0.0847122 0.395642
vn -0.530054 -0.169503 0.83085
v 0.0336697 0.140266 0.445015
vn 0.115062 -0.532249 0.838732
v 0.0338298 0.155333 0.451038
vn 0.108146 -0.00900619 0.994094
v 0.0569544 0.143029 0.441515
vn 0.289906 -0.507885 0.811176
v 0.0582336 0.157762 0.446926
vn 0.281595 0.00317071 0.959528
v 0.0547404 0.0928998 0.40726
vn 0.258935 -0.308453 0.915319
v 0.0333929 0.0933441 0.410828
vn 0.0871326 -0.365334 0.92679
v 0.0334887 0.086205 0.408608
vn 0.102689 -0.278688 0.954876
v 0.114514 -0.125202 -0.0667598
vn 0.990355 -0.136321 -0.0247816
v 0.123977 -0.0227362 -0.0373668
vn 0.992753 -0.102303 -0.0630497
v 0.123964 -0.0844586 0.0867643
vn 0.98453 -0.16727 -0.0521666
v 0.135061 -0.0187293 0.0974101
vn 0.987817 -0.130968 -0.0840575
v 0.135573 0.078328 -0.00871389
vn 0.986788 -0.128111 -0.0991847
v 0.11054 -0.140824 0.0752424
vn 0.967716 -0.250193 -0.0304875
v 0.14604 0.0816928 0.0434838
vn 0.966066 -0.234598 -0.108074
v 0.143696 0.0294751 0.123365
vn 0.986058 -0.141429 -0.0876775
v 0.149218 0.0535894 0.156365
vn 0.991087 -0.129371 -0.031762
v 0.154328 0.092525 0.0936748
vn 0.967762 -0.246953 -0.0494971
v 0.159494 0.0990355 0.145614
vn 0.962286 -0.270859 0.0253089
v 0.150866 0.0688329 0.193405
vn 0.991518 -0.117673 0.0551874
v 0.150175 0.0838194 0.225211
vn 0.972572 -0.183533 0.142897
v 0.158811 0.106809 0.203838
vn 0.959153 -0.262674 0.105016
v 0.150914 0.117711 0.270685
vn 0.939326 -0.281563 0.195929
v 0.136696 0.0942105 0.298293
vn 0.94353 -0.207588 0.258182
v 0.141655 0.13278 0.331488
vn 0.893077 -0.358819 0.27141
v 0.124481 0.111276 0.352998
vn 0.863133 -0.356005 0.358135
v 0.12103 0.0682643 0.330611
vn 0.89665 -0.213725 0.387737
v 0.0996475 0.0796598 0.371952
vn 0.742987 -0.417493 0.523134
v 0.137233 0.152147 0.371118
vn 0.847347 -0.405306 0.343118
v 0.123252 0.139215 0.387567
vn 0.808343 -0.412025 0.420495
v 0.138022 0.173133 0.389597
vn 0.815476 -0.318199 0.483475
v 0.126087 0.16669 0.404166
vn 0.75346 -0.258785 0.604424
v 0.109019 0.126951 0.399883
vn 0.690349 -0.423626 0.58648
v 0.108853 0.159353 0.419104
vn 0.630066 -0.197344 0.751047
v 0.141899 0.195172 0.38789
vn 0.729571 0.210515 0.6507
v 0.130863 0.192389 0.400912
vn 0.62381 0.336572 0.705394
v 0.142611 0.228956 0.355622
vn 0.54603 0.632378 0.549498
v 0.131095 0.227535 0.369022
vn 0.502944 0.658622 0.559701
v 0.113995 0.188926 0.414793
vn 0.504769 0.38598 0.772158
v 0.11398 0.2262 0.38403
vn 0.440299 0.65384 0.61533
v 0.0881267 0.185923 0.429718
vn 0.363189 0.45221 0.814616
v 0.0851715 0.161878 0.436383
vn 0.476682 -0.0450802 0.877919
v 0.0879951 0.225059 0.400902
vn 0.386362 0.6293 0.674319
v 0.0592074 0.182559 0.441036
vn 0.243819 0.437228 0.86567
v 0.0591527 0.224277 0.414489
vn 0.292095 0.602782 0.742519
v 0.0339508 0.181042 0.445723
vn 0.102456 0.415863 0.903637
v 0.0339445 0.22396 0.420194
vn 0.126285 0.594274 0.794287
v 0.135532 0.281119 0.287087
vn 0.52139 0.719356 0.458997
v 0.123271 0.280281 0.303268
vn 0.52063 0.718889 0.460589
v 0.126695 0.330746 0.206638
vn 0.513792 0.768186 0.381979
v 0.113741 0.330916 0.224909
vn 0.534678 0.760387 0.368688
v 0.106785 0.280432 0.321959
vn 0.514377 0.699001 0.496803
v 0.0981451 0.332586 0.246671
vn 0.578334 0.722419 0.378998
v 0.122193 0.357056 0.141988
vn 0.456233 0.842837 0.285443
v 0.109179 0.359589 0.156258
vn 0.501626 0.823446 0.265157
v 0.11769 0.367345 0.104262
vn 0.41069 0.889588 0.199916
v 0.107733 0.37376 0.0973649
vn 0.491902 0.847538 0.199277
v 0.0939318 0.363253 0.177138
vn 0.569402 0.779528 0.260993
v 0.0928327 0.379822 0.11291
vn 0.555053 0.80666 0.203017
v 0.0978261 0.143889 0.419748
vn 0.49472 -0.480016 0.724457
v 0.080754 0.147181 0.432761
vn 0.434133 -0.48297 0.76044
v 0.0909366 0.0999104 0.393644
vn 0.431301 -0.486502 0.759799
v 0.099459 0.123535 0.404795
vn 0.447506 -0.51578 0.730554
v 0.0775482 0.0847122 0.395642
vn 0.530054 -0.169502 0.83085
v 0.0746341 0.0933915 0.39946
vn 0.47237 -0.364276 0.802602
v -0.0220916 0.222562 -0.414669
vn -0.193705 -0.660343 -0.725552
v 0.0114757 0.21729 -0.412395
vn 0.0171055 -0.708448 -0.705555
v 0.0114757 0.209548 -0.404145
vn 0.0344332 -0.750499 -0.659974
v -0.0131923 0.227046 -0.419721
vn -0.0573403 -0.569641 -0.819891
v 0.0114757 0.225677 -0.419492
vn 0.016501 -0.579662 -0.81469
v 0.0450431 0.222562 -0.414669
vn 0.210927 -0.61096 -0.763045
v 0.0530433 0.21739 -0.407271
vn 0.281954 -0.625213 -0.727744
v 0.0361438 0.227046 -0.419721
vn 0.124881 -0.51162 -0.850088
v 0.0471024 0.23734 -0.421278
vn 0.408474 -0.13604 -0.902575
v 0.056287 0.2383 -0.415609
vn 0.62181 0.0182433 -0.782956
v 0.0338192 0.236423 -0.42466
vn 0.127857 -0.366627 -0.921541
v 0.0305577 0.25215 -0.427786
vn 0.285555 0.12769 -0.949818
v 0.0350879 0.259213 -0.423945
vn 0.434961 0.424041 -0.794354
v 0.0259401 0.24604 -0.428814
vn 0.105734 -0.19663 -0.97476
v 0.0114757 0.257392 -0.43016
vn -0.0418065 0.178766 -0.983003
v 0.0114757 0.267056 -0.427073
vn -0.0408178 0.536492 -0.842918
v 0.0114757 0.24717 -0.429827
vn -0.030675 -0.208202 -0.977605
v -0.0076062 0.25215 -0.427786
vn -0.32511 0.121284 -0.937867
v -0.0121364 0.259213 -0.423945
vn -0.468692 0.376756 -0.798988
v -0.00298864 0.24604 -0.428814
vn -0.190428 -0.153221 -0.96967
v -0.0241509 0.23734 -0.421278
vn -0.377556 -0.201239 -0.903855
v -0.0333355 0.2383 -0.415609
vn -0.578204 -0.125254 -0.80622
v -0.0108688 0.236423 -0.42466
vn -0.134495 -0.378716 -0.915688
v -0.039747 0.20956 -0.397057
vn -0.186151 -0.612395 -0.768323
v 0.0114757 0.201818 -0.394847
vn -0.00706295 -0.708782 -0.705392
v 0.0114757 0.190223 -0.38272
vn -0.0251666 -0.678173 -0.734471
v 0.0626985 0.20956 -0.397057
vn 0.298522 -0.532545 -0.79201
v 0.0842419 0.184836 -0.376189
vn 0.241624 -0.466641 -0.850802
v 0.0653316 0.237995 -0.407068
vn 0.742238 0.144271 -0.654423
v 0.078381 0.232779 -0.391693
vn 0.663753 0.0604654 -0.745504
v 0.0401108 0.264711 -0.41637
vn 0.523223 0.68759 -0.503446
v 0.048211 0.266973 -0.401545
vn 0.573056 0.774258 -0.268575
v 0.0114757 0.274622 -0.419815
vn -0.0490358 0.883366 -0.466112
v 0.0114757 0.278937 -0.404884
vn -0.0426525 0.993041 -0.109774
v -0.0171593 0.264711 -0.41637
vn -0.581447 0.609634 -0.538763
v -0.0252595 0.266973 -0.401545
vn -0.598999 0.734762 -0.318316
v -0.0423801 0.237995 -0.407068
vn -0.678249 0.00684309 -0.7348
v -0.0554295 0.232779 -0.391693
vn -0.696289 0.158789 -0.699977
v -0.0612904 0.184836 -0.376189
vn -0.312034 -0.409176 -0.857444
v 0.0114757 0.236126 -0.425638
vn 0.000295848 -0.432875 -0.901454
v 0.0821721 0.242479 -0.292873
vn 0.468362 0.865854 0.175882
v 0.0114757 0.257998 -0.293306
vn 0.00558106 0.965847 0.259052
v 0.0114757 0.240782 -0.236463
vn 0.0746978 0.965073 0.251107
v 0.0739098 0.256298 -0.340126
vn 0.485507 0.863656 0.135576
v 0.0114757 0.272077 -0.341417
vn -0.0148203 0.973884 0.22656
v -0.0592217 0.242479 -0.292873
vn -0.501943 0.848922 0.165484
v -0.0622821 0.229929 -0.227746
vn -0.475858 0.871283 0.120103
v -0.0509583 0.256298 -0.340126
vn -0.52176 0.846861 0.102919
v 0.0609635 0.264591 -0.37613
vn 0.519034 0.854343 -0.0264875
v 0.0114757 0.278757 -0.37886
vn -0.0276437 0.994792 0.0981039
v -0.038012 0.264591 -0.37613
vn -0.564492 0.821789 -0.0775393
v -0.0996301 0.169841 -0.357544
vn -0.724463 0.0943883 -0.682821
v -0.0744251 0.224411 -0.368347
vn -0.829541 0.456761 -0.321295
v -0.113984 0.151095 -0.331518
vn -0.913576 0.351462 -0.204579
v -0.0902013 0.211587 -0.336467
vn -0.858314 0.500145 -0.114683
v -0.122518 0.134405 -0.301428
vn -0.937136 0.338992 -0.082829
v -0.101257 0.195715 -0.297626
vn -0.8621 0.506739 -5.6765e-05
v -0.129432 0.120703 -0.261161
vn -0.950294 0.300378 -0.0819463
v -0.110908 0.176854 -0.250876
vn -0.832888 0.553377 0.00849055
v -0.128148 0.142569 -0.224433
vn -0.955793 0.273618 -0.10767
v -0.113704 0.175119 -0.222786
vn -0.816425 0.571632 -0.081774
v -0.128802 0.147725 -0.21062
vn -0.921116 0.388427 0.0258723
v -0.134601 0.109823 -0.206135
vn -0.989073 0.143262 -0.0347896
v -0.132292 0.12899 -0.192021
vn -0.95653 0.272655 0.103488
v -0.134563 0.102044 -0.147366
vn -0.920775 0.35347 0.165019
v -0.121013 0.137755 -0.155356
vn -0.859177 0.442215 0.257411
v -0.119354 0.161127 -0.189971
vn -0.86939 0.458659 0.18383
v -0.106785 0.17019 -0.17272
vn -0.789509 0.522061 0.322688
v -0.098592 0.200756 -0.203437
vn -0.815295 0.578279 -0.0297928
v -0.115895 0.125743 -0.120153
vn -0.841414 0.481153 0.245997
v -0.105514 0.152732 -0.144064
vn -0.796896 0.531485 0.287195
v -0.126802 0.0985996 -0.0996092
vn -0.828299 0.512753 0.225842
v -0.107491 0.120821 -0.0875757
vn -0.81108 0.514873 0.277588
v -0.103951 0.146433 -0.118392
vn -0.850135 0.470653 0.236127
v -0.115915 0.104043 -0.0769951
vn -0.793735 0.555189 0.248496
v 0.0973766 0.224411 -0.368347
vn 0.829541 0.456761 -0.321295
v 0.122582 0.169841 -0.357544
vn 0.724463 0.094388 -0.682821
v 0.113153 0.211587 -0.336467
vn 0.858314 0.500145 -0.114683
v 0.136935 0.151095 -0.331518
vn 0.913576 0.351462 -0.20458
v 0.124208 0.195715 -0.297626
vn 0.862097 0.506743 -5.17681e-05
v 0.145469 0.134405 -0.301428
vn 0.937136 0.338992 -0.0828289
v 0.133859 0.176854 -0.250876
vn 0.832885 0.55338 0.00848828
v 0.152383 0.120703 -0.261161
vn 0.950294 0.300378 -0.0819464
v 0.0852336 0.229929 -0.227746
vn 0.556519 0.828522 0.061947
v 0.1511 0.142569 -0.224433
vn 0.955793 0.273618 -0.10767
v 0.136655 0.175119 -0.222786
vn 0.816425 0.571632 -0.0817739
v 0.151754 0.147725 -0.21062
vn 0.921116 0.388427 0.0258723
v 0.157552 0.109823 -0.206135
vn 0.989073 0.143262 -0.0347895
v 0.155244 0.12899 -0.192021
vn 0.95653 0.272655 0.103488
v 0.157514 0.102044 -0.147366
vn 0.920777 0.353465 0.165024
v 0.142306 0.161127 -0.189971
vn 0.86939 0.458659 0.18383
v 0.143965 0.137755 -0.155356
vn 0.859177 0.442215 0.257411
v 0.121544 0.200756 -0.203437
vn 0.815295 0.578279 -0.029793
v 0.129736 0.17019 -0.17272
vn 0.789509 0.522061 0.322688
v 0.128466 0.152732 -0.144064
vn 0.796895 0.531486 0.287195
v 0.138846 0.125743 -0.120153
vn 0.841418 0.481144 0.246001
v 0.126902 0.146433 -0.118392
vn 0.850135 0.470653 0.236127
v 0.130443 0.120821 -0.0875757
vn 0.81109 0.51486 0.277582
v 0.149752 0.0985996 -0.0996092
vn 0.82831 0.512734 0.225846
v 0.138866 0.104043 -0.0769951
vn 0.79375 0.55518 0.248469
v -0.0605735 0.282111 0.343761
vn -0.494061 0.671891 0.551785
v -0.0346978 0.284039 0.361622
vn -0.37921 0.673594 0.634406
v -0.0552368 0.336509 0.272933
vn -0.570081 0.706607 0.419183
v -0.032906 0.340449 0.294774
vn -0.424626 0.755734 0.498557
v -0.0108046 0.284903 0.36915
vn -0.157404 0.695296 0.701276
v 0.0114757 0.285025 0.370224
vn -9.68121e-18 0.716953 0.697122
v -0.0105814 0.342176 0.304007
vn -0.163052 0.812762 0.559314
v 0.0114757 0.342422 0.305326
vn -3.69167e-17 0.846313 0.532685
v -0.0525975 0.368659 0.204439
vn -0.553874 0.782841 0.283521
v -0.0320163 0.373514 0.22774
vn -0.385557 0.861598 0.330143
v -0.0518521 0.386272 0.139018
vn -0.505998 0.833786 0.220834
v -0.0317605 0.391389 0.162134
vn -0.30637 0.918609 0.249591
v -0.0104698 0.375598 0.237643
vn -0.136613 0.923054 0.359595
v 0.0114757 0.375897 0.239057
vn 0 0.943513 0.331335
v -0.0104382 0.393531 0.172029
vn -0.0917326 0.960553 0.262534
v 0.0114757 0.393838 0.173443
vn 4.54601e-17 0.964591 0.263749
v 0.0835239 0.282111 0.343761
vn 0.49406 0.671891 0.551785
v 0.0781883 0.336509 0.272933
vn 0.570088 0.706602 0.419182
v 0.0576493 0.284039 0.361622
vn 0.379215 0.673592 0.634405
v 0.0558574 0.340449 0.294774
vn 0.42462 0.755737 0.498558
v 0.0337561 0.284903 0.36915
vn 0.157403 0.695297 0.701275
v 0.0335318 0.342176 0.304007
vn 0.163052 0.812762 0.559314
v 0.0755489 0.368659 0.204439
vn 0.553882 0.782835 0.28352
v 0.0748036 0.386272 0.139018
vn 0.505989 0.833791 0.220833
v 0.0549678 0.373514 0.22774
vn 0.385551 0.861601 0.330143
v 0.0547109 0.391389 0.162134
vn 0.306363 0.918612 0.249587
v 0.0334213 0.375598 0.237643
vn 0.136614 0.923054 0.359593
v 0.0333886 0.393531 0.172029
vn 0.0917338 0.960553 0.262532
v -0.0765549 -0.0747707 0.392648
vn 0.0640002 -0.420766 -0.904909
v -0.0766697 -0.0747254 0.392874
vn -0.0657764 0.418142 0.905997
v -0.088063 -0.0766763 0.388656
vn 0.543959 -0.354382 -0.760607
v -0.0884389 -0.076631 0.38874
vn -0.544495 0.350858 0.761856
v -0.0621147 -0.0751392 0.39183
vn -0.35845 -0.394073 -0.846298
v -0.0619042 -0.0750466 0.392037
vn 0.359514 0.390706 0.847407
v -0.0532113 -0.0776406 0.386665
vn -0.967921 -0.108046 -0.226838
v -0.0527901 -0.0775943 0.386697
vn 0.967853 0.103232 0.229355
v -0.0550421 -0.0807611 0.380152
vn -0.544933 0.350904 0.761521
v -0.0546662 -0.0808317 0.380088
vn 0.546074 -0.3539 -0.759314
v -0.0665491 -0.0826899 0.37613
vn -0.0663986 0.418428 0.90582
v -0.0664354 -0.0828509 0.37596
vn 0.0623794 -0.421091 -0.904871
v -0.0810935 -0.0823561 0.37687
vn -0.375568 -0.47463 -0.796037
v -0.0898938 -0.0797978 0.382144
vn 0.969406 0.100712 0.22385
v -0.090315 -0.0798431 0.382092
vn -0.966373 -0.109708 -0.232567
v -0.0766697 0.0675021 0.327005
vn -0.202352 0.393712 0.896685
v -0.0884389 0.065505 0.322898
vn -0.768632 0.240382 0.592808
v -0.0619042 0.0670894 0.326165
vn 0.202432 0.393664 0.896688
v -0.0527901 0.0645185 0.320855
vn 0.770794 0.238979 0.590564
v -0.0546662 0.0612833 0.314237
vn 0.769266 -0.297024 -0.565692
v -0.0664354 0.0592629 0.310088
vn 0.203407 -0.429917 -0.879657
v -0.0812009 0.0597441 0.31095
vn -0.207334 -0.430166 -0.878618
v -0.090315 0.0622929 0.31626
vn -0.767174 -0.298323 -0.567844
v -0.0781594 0.0739968 0.326941
vn -0.0902994 0.33204 0.938933
v -0.0933512 0.0714027 0.321659
vn -0.581012 0.21494 0.785001
v -0.0590901 0.0734694 0.325861
vn 0.323506 0.29884 0.897796
v -0.0473261 0.0701636 0.319026
vn 0.922013 -0.024584 0.386379
v -0.0497539 0.0660556 0.3104
vn 0.580885 -0.470466 -0.664255
v -0.0649457 0.0634846 0.30513
vn 0.0920735 -0.513555 -0.853102
v -0.0840098 0.0640131 0.306189
vn -0.32396 -0.503865 -0.800731
v -0.095779 0.0672495 0.313042
vn -0.92265 -0.313613 -0.22442
v -0.0781594 0.092725 0.31813
vn -0.190046 0.562395 0.804733
v -0.0933502 0.090132 0.312808
vn -0.730399 0.499785 0.465544
v -0.0590901 0.0921976 0.31701
vn 0.211088 0.562132 0.799656
v -0.0473261 0.0888918 0.310175
vn 0.762008 0.488327 0.4253
v -0.0497539 0.0846911 0.301586
vn 0.728114 -0.0440118 -0.684042
v -0.0649457 0.0822129 0.296269
vn 0.188937 -0.264692 -0.945643
v -0.0840098 0.0826719 0.297366
vn -0.210298 -0.260681 -0.942242
v -0.0957779 0.0859777 0.30424
vn -0.759823 -0.0200683 -0.64982
v -0.0759074 0.0940326 0.312933
vn -0.140762 0.973555 0.179934
v -0.0859364 0.092266 0.309445
vn -0.347858 0.921538 -0.17252
v -0.0633307 0.0936662 0.312217
vn 0.1089 0.97311 0.202972
v -0.0555706 0.0914617 0.307715
vn 0.326427 0.938925 -0.108923
v -0.0571677 0.0887539 0.302033
vn 0.34613 0.705722 -0.618183
v -0.0671977 0.0870326 0.298536
vn 0.140067 0.470553 -0.871184
v -0.0797733 0.0874231 0.299253
vn -0.107988 0.452011 -0.885452
v -0.0875282 0.0896035 0.303755
vn -0.331391 0.667688 -0.666612
v -0.076556 0.0674105 0.326819
vn 0.201083 -0.393996 -0.896846
v -0.088063 0.0654123 0.322823
vn 0.768961 -0.24082 -0.592203
v -0.0621147 0.0669736 0.325988
vn -0.203011 -0.393801 -0.896497
v -0.0532113 0.0644953 0.320803
vn -0.770554 -0.239724 -0.590575
v -0.0550421 0.0612833 0.314318
vn -0.769768 0.296185 0.565448
v -0.0665491 0.0594219 0.310256
vn -0.201739 0.42979 0.880104
v -0.0809851 0.0598356 0.311117
vn 0.201054 0.429251 0.880523
v -0.0898938 0.0622929 0.316312
vn 0.77453 0.293156 0.560503
v -0.0780109 0.0739052 0.326712
vn 0.0914392 -0.334537 -0.937936
v -0.092868 0.0714027 0.321507
vn 0.581274 -0.218973 -0.783691
v -0.0593743 0.0733778 0.325654
vn -0.324691 -0.300207 -0.896912
v -0.0478662 0.0700952 0.318963
vn -0.922481 0.0207384 -0.385484
v -0.0502318 0.066124 0.310535
vn -0.582 0.466545 0.666041
v -0.0650942 0.0636005 0.305349
vn -0.0911024 0.51181 0.854255
v -0.0837308 0.0641048 0.306437
vn 0.324966 0.502449 0.801213
v -0.0952389 0.0673179 0.313156
vn 0.923523 0.30979 0.226131
v -0.0780109 0.0926113 0.317871
vn 0.191021 -0.56044 -0.805865
v -0.0928669 0.090132 0.312635
vn 0.730761 -0.495888 -0.469131
v -0.0593743 0.0921049 0.316802
vn -0.211563 -0.56011 -0.800948
v -0.0478662 0.0888234 0.310101
vn -0.762338 -0.483858 -0.429792
v -0.0502318 0.0848301 0.301703
vn -0.729073 0.0489625 0.682682
v -0.0650942 0.0823287 0.296497
vn -0.189838 0.267857 0.944571
v -0.0837308 0.0828329 0.297574
vn 0.21105 0.26447 0.941017
v -0.0952378 0.0860008 0.304283
vn 0.760391 0.0270416 0.648902
v -0.0758169 0.0939421 0.312778
vn 0.139598 -0.971305 -0.192557
v -0.0856121 0.0922892 0.309355
vn 0.35345 -0.919718 0.170855
v -0.0635129 0.0935525 0.312091
vn -0.109166 -0.972145 -0.207405
v -0.0559285 0.0914164 0.307673
vn -0.331469 -0.937728 0.103892
v -0.0574867 0.0888012 0.302126
vn -0.350587 -0.707852 0.613216
v -0.0672882 0.0871484 0.298673
vn -0.140941 -0.461076 0.876096
v -0.0795859 0.0875147 0.29939
vn 0.109685 -0.442979 0.889797
v -0.0871766 0.0896035 0.303807
vn 0.335591 -0.663364 0.668825
v 0.0995011 -0.0747707 0.392638
vn -0.0640368 -0.420766 -0.904906
v 0.111008 -0.0766763 0.388656
vn -0.543652 -0.354466 -0.760787
v 0.0996148 -0.0747254 0.392874
vn 0.065795 0.418107 0.906012
v 0.111384 -0.076631 0.38874
vn 0.544416 0.350881 0.761902
v 0.0850715 -0.0751392 0.39183
vn 0.358087 -0.394136 -0.846422
v 0.0848557 -0.0750466 0.392037
vn -0.359477 0.390684 0.847433
v 0.0761564 -0.0776406 0.386665
vn 0.967932 -0.108024 -0.226799
v 0.0757363 -0.0775943 0.386697
vn -0.967913 0.103129 0.229147
v 0.0779935 -0.0807611 0.380152
vn 0.544836 0.350931 0.761579
v 0.0776177 -0.0808317 0.380088
vn -0.545994 -0.35392 -0.759362
v 0.0895006 -0.0826899 0.37613
vn 0.0664003 0.418428 0.905819
v 0.0893869 -0.0828509 0.37596
vn -0.0623809 -0.421091 -0.904871
v 0.104044 -0.0823561 0.37687
vn 0.376509 -0.474633 -0.795591
v 0.112845 -0.0797978 0.382144
vn -0.969537 0.100497 0.223377
v 0.113265 -0.0798431 0.382092
vn 0.966496 -0.10951 -0.23215
v 0.0996148 0.0675021 0.327005
vn 0.202386 0.393714 0.896677
v 0.111384 0.065505 0.322898
vn 0.768421 0.240456 0.593052
v 0.0848557 0.0670894 0.326165
vn -0.202467 0.39367 0.896678
v 0.0757363 0.0645185 0.320855
vn -0.77069 0.239045 0.590672
v 0.0776177 0.0612833 0.314237
vn -0.769059 -0.297139 -0.565912
v 0.0893869 0.0592629 0.310088
vn -0.203407 -0.429917 -0.879657
v 0.104152 0.0597441 0.31095
vn 0.207345 -0.430168 -0.878615
v 0.113265 0.0622929 0.31626
vn 0.767294 -0.298293 -0.567698
v 0.101105 0.0739968 0.326941
vn 0.090313 0.331986 0.938951
v 0.116308 0.0714027 0.321659
vn 0.580787 0.214851 0.785191
v 0.0820468 0.0734694 0.325861
vn -0.323545 0.298885 0.897767
v 0.0702786 0.0701636 0.319026
vn -0.921855 -0.0241835 0.386779
v 0.0727001 0.0660556 0.3104
vn -0.580829 -0.470497 -0.664282
v 0.0878972 0.0634846 0.30513
vn -0.0920641 -0.513571 -0.853094
v 0.106961 0.0640131 0.306189
vn 0.323955 -0.50387 -0.80073
v 0.11873 0.0672495 0.313042
vn 0.922537 -0.313772 -0.224662
v 0.101106 0.092725 0.31813
vn 0.190007 0.562329 0.804788
v 0.116308 0.090132 0.312808
vn 0.730382 0.499846 0.465507
v 0.0820468 0.0921976 0.31701
vn -0.211151 0.56216 0.799619
v 0.0702786 0.0888918 0.310175
vn -0.761803 0.488423 0.425558
v 0.0727001 0.0846911 0.301586
vn -0.728209 -0.0438755 -0.683949
v 0.0878972 0.0822129 0.296269
vn -0.188901 -0.264725 -0.945641
v 0.106961 0.0826719 0.297366
vn 0.210287 -0.260662 -0.94225
v 0.11873 0.0859777 0.30424
vn 0.759758 -0.0201457 -0.649893
v 0.0988652 0.0940326 0.312933
vn 0.140757 0.973557 0.179926
v 0.108884 0.092266 0.309445
vn 0.347764 0.92154 -0.172699
v 0.0862885 0.0936662 0.312217
vn -0.108904 0.97312 0.20292
v 0.078522 0.0914617 0.307715
vn -0.326385 0.938954 -0.1088
v 0.0801202 0.0887539 0.302033
vn -0.346074 0.705921 -0.617987
v 0.0901428 0.0870326 0.298536
vn -0.140066 0.47057 -0.871175
v 0.10272 0.0874231 0.299253
vn 0.107943 0.452081 -0.885421
v 0.110486 0.0896035 0.303755
vn 0.331409 0.667641 -0.666651
v 0.0995011 0.0674105 0.326819
vn -0.200919 -0.393964 -0.896897
v 0.111008 0.0654123 0.322823
vn -0.768713 -0.240931 -0.59248
v 0.0850715 0.0669736 0.325988
vn 0.202838 -0.393787 -0.896542
v 0.0761564 0.0644953 0.320803
vn 0.770229 -0.239933 -0.590915
v 0.0779935 0.0612833 0.314318
vn 0.769529 0.296287 0.56572
v 0.0895006 0.0594219 0.310256
vn 0.201738 0.429795 0.880101
v 0.103937 0.0598356 0.311117
vn -0.20106 0.429245 0.880525
v 0.112845 0.0622929 0.316312
vn -0.774631 0.293098 0.560392
v 0.100962 0.0739052 0.326712
vn -0.0914191 -0.334508 -0.937948
v 0.115818 0.0714027 0.321507
vn -0.581344 -0.218892 -0.783662
v 0.0823195 0.0733778 0.325654
vn 0.324753 -0.300129 -0.896916
v 0.0708187 0.0700952 0.318963
vn 0.92263 0.0208874 -0.385119
v 0.0731886 0.066124 0.310535
vn 0.582204 0.466396 0.665968
v 0.0880393 0.0636005 0.305349
vn 0.0911017 0.511804 0.854258
v 0.106682 0.0641048 0.306437
vn -0.324999 0.502462 0.801192
v 0.118184 0.0673179 0.313156
vn -0.923506 0.309735 0.226276
v 0.100963 0.0926113 0.317871
vn -0.191007 -0.56044 -0.805868
v 0.115818 0.090132 0.312635
vn -0.730901 -0.495857 -0.468946
v 0.0823195 0.0921049 0.316802
vn 0.211531 -0.560158 -0.800923
v 0.0708187 0.0888234 0.310101
vn 0.762642 -0.483672 -0.429462
v 0.0731886 0.0848301 0.301703
vn 0.729116 0.048875 0.682642
v 0.0880393 0.0823287 0.296497
vn 0.189893 0.267789 0.944579
v 0.106683 0.0828329 0.297574
vn -0.211025 0.264518 0.941009
v 0.118184 0.0860008 0.304283
vn -0.760513 0.0271064 0.648756
v 0.098762 0.0939421 0.312778
vn -0.13961 -0.971315 -0.192498
v 0.108565 0.0922892 0.309355
vn -0.353518 -0.919707 0.170776
v 0.0864706 0.0935525 0.312091
vn 0.109124 -0.972187 -0.207232
v 0.0788747 0.0914164 0.307673
vn 0.331483 -0.937712 0.103999
v 0.0804434 0.0888012 0.302126
vn 0.350628 -0.707622 0.613458
v 0.090246 0.0871484 0.298673
vn 0.140964 -0.461246 0.876003
v 0.102538 0.0875147 0.29939
vn -0.109688 -0.442946 0.889813
v 0.110128 0.0896035 0.303807
vn -0.335731 -0.663303 0.668815
v 0.0280236 -0.140021 0.493735
vn 0.249553 0.424196 -0.870506
v 0.0280236 -0.157533 0.483943
vn 0.249844 0.56861 -0.783748
v -0.00614702 -0.157533 0.483943
vn -0.250166 0.520841 -0.816175
v -0.00614702 -0.140021 0.493735
vn -0.249211 0.373565 -0.8935
v 0.0280236 -0.121178 0.500389
vn 0.248907 0.269192 -0.930366
v -0.00614702 -0.121178 0.500389
vn -0.24828 0.214427 -0.944658
v 0.0280236 -0.101325 0.503717
vn 0.248077 0.104331 -0.963106
v -0.00614702 -0.101325 0.503717
vn -0.248501 0.0472668 -0.967478
v 0.0280236 -0.0812896 0.503521
vn 0.24883 -0.0640016 -0.96643
v -0.00614702 -0.0812896 0.503521
vn -0.249148 -0.119432 -0.961073
v 0.0280236 -0.0615528 0.499929
vn 0.249212 -0.22804 -0.941218
v -0.00614702 -0.0615528 0.499929
vn -0.249259 -0.282733 -0.926246
v 0.0280236 -0.0426857 0.492963
vn 0.249155 -0.386618 -0.887946
v -0.00614702 -0.0426857 0.492963
vn -0.249325 -0.437429 -0.863998
v 0.0280236 -0.0253577 0.482906
vn 0.249377 -0.534351 -0.807639
v -0.00614702 -0.0253577 0.482906
vn -0.249533 -0.581668 -0.774207
v 0.0280236 -0.0101637 0.470019
vn 0.249687 -0.66748 -0.701518
v -0.00614702 -0.0101637 0.470019
vn -0.250512 -0.706813 -0.661558
v 0.0280236 0.00261933 0.454694
vn 0.251215 -0.777715 -0.576238
v -0.00614702 0.00261933 0.454694
vn -0.251105 -0.810418 -0.52931
v 0.0280236 0.0125345 0.437415
vn 0.250789 -0.866616 -0.431373
v -0.00614702 0.0125345 0.437415
vn -0.250595 -0.890817 -0.379008
v 0.0280236 0.0192356 0.418664
vn 0.251014 -0.92883 -0.272519
v -0.00614702 0.0192356 0.418664
vn -0.251473 -0.9432 -0.217105
v 0.0280236 0.0225645 0.399065
vn 0.251316 -0.962003 -0.106729
v -0.00614702 0.0225645 0.399065
vn -0.250862 -0.966725 -0.0501101
v 0.0280236 0.0224487 0.379187
vn 0.250637 -0.96598 0.0637528
v -0.00614702 0.0224487 0.379187
vn -0.250664 -0.960319 0.122287
v 0.0280236 0.0187545 0.359624
vn 0.250714 -0.939395 0.233836
v -0.00614702 0.0187545 0.359624
vn -0.251765 -0.923873 0.288225
v 0.0280236 0.0117544 0.341037
vn 0.251973 -0.884542 0.39255
v -0.00614702 0.0117544 0.341037
vn -0.251612 -0.859977 0.443994
v 0.0280236 0.00160968 0.323869
vn 0.250657 -0.802472 0.541489
v -0.00614702 0.00160968 0.323869
vn -0.250425 -0.76858 0.588704
v 0.0280236 -0.0114734 0.308751
vn 0.250723 -0.69486 0.674024
v -0.00614702 -0.0114734 0.308751
vn -0.251497 -0.654184 0.713297
v 0.0280236 -0.0269422 0.29611
vn 0.250795 -0.568338 0.783641
v -0.00614702 -0.0269422 0.29611
vn -0.250524 -0.521652 0.815547
v 0.0280236 -0.0443838 0.286319
vn 0.250254 -0.425344 0.869745
v -0.00614702 -0.0443838 0.286319
vn -0.249959 -0.374398 0.892943
v 0.0280236 -0.063251 0.279634
vn 0.249395 -0.269063 0.930273
v -0.00614702 -0.063251 0.279634
vn -0.249269 -0.213298 0.944653
v 0.0280236 -0.0830573 0.27637
vn 0.249371 -0.103179 0.962896
v -0.00614702 -0.0830573 0.27637
vn -0.249649 -0.0475098 0.96717
v 0.0280236 -0.103185 0.27652
vn 0.249559 0.0624585 0.966343
v -0.00614702 -0.103185 0.27652
vn -0.249595 0.118743 0.961042
v 0.0280236 -0.122922 0.280114
vn 0.249035 0.228494 0.941154
v -0.00614702 -0.122922 0.280114
vn -0.248773 0.283267 0.926214
v 0.0280236 -0.14172 0.287081
vn 0.249338 0.38746 0.887528
v -0.00614702 -0.14172 0.287081
vn -0.250124 0.438305 0.863323
v 0.0280236 -0.158979 0.29712
vn 0.250234 0.534518 0.807263
v -0.00614702 -0.158979 0.29712
vn -0.249976 0.580989 0.774573
v 0.0280236 -0.174311 0.310065
vn 0.250285 0.66631 0.702416
v -0.00614702 -0.174311 0.310065
vn -0.251197 0.706455 0.661681
v 0.0280236 -0.187048 0.325369
vn 0.251675 0.778252 0.575311
v -0.00614702 -0.187048 0.325369
vn -0.251944 0.81066 0.52854
v 0.0280236 -0.19694 0.34264
vn 0.252054 0.866194 0.431483
v -0.00614702 -0.19694 0.34264
vn -0.25148 0.890258 0.379735
v 0.0280236 -0.203688 0.361388
vn 0.25122 0.928248 0.274308
v -0.00614702 -0.203688 0.361388
vn -0.250634 0.942949 0.219158
v 0.0280236 -0.207061 0.380996
vn 0.250355 0.962335 0.105993
v -0.00614702 -0.207061 0.380996
vn -0.250851 0.9669 0.0466799
v 0.0280236 -0.206808 0.400828
vn 0.251086 0.965647 -0.0669387
v -0.00614702 -0.206808 0.400828
vn -0.251577 0.960054 -0.122495
v 0.0280236 -0.203182 0.420379
vn 0.251488 0.939646 -0.231989
v -0.00614702 -0.203182 0.420379
vn -0.251758 0.924123 -0.287427
v 0.0280236 -0.196159 0.439028
vn 0.251848 0.88455 -0.392611
v -0.00614702 -0.196159 0.439028
vn -0.251868 0.859917 -0.443966
v 0.0280236 -0.186016 0.456175
vn 0.251279 0.802677 -0.540896
v -0.00614702 -0.186016 0.456175
vn -0.250711 0.769083 -0.587924
v 0.0280236 -0.173002 0.47128
vn 0.249885 0.695848 -0.673315
v -0.00614702 -0.173002 0.47128
vn -0.249643 0.65553 -0.712713
v 0.00974389 -0.126586 0.339077
vn -0.999364 0.0161253 0.031818
v 0.00974389 -0.148639 0.390124
vn -0.97367 -0.227963 -6.28308e-05
v 0.00974389 -0.128615 0.344223
vn -0.975617 0.214428 -0.0468131
v 0.00974389 -0.0888234 0.453346
vn -0.997192 -0.0200311 -0.0721595
v 0.00974389 -0.0377617 0.423877
vn -0.998658 -0.0364545 -0.036788
v 0.00974389 -0.0862525 0.45
vn -0.98651 -0.15931 -0.0376471
v 0.00974389 -0.120513 0.324168
vn -0.945815 -0.113427 -0.304252
v 0.00974389 -0.0755171 0.333162
vn -0.999007 0.0437829 0.00819093
v 0.00974389 -0.101854 0.319035
vn -0.834259 -0.0529388 -0.548826
v 0.00974389 -0.0416076 0.425468
vn -0.980904 0.0702325 -0.181371
v 0.00974389 -0.0762415 0.426406
vn -0.96876 -0.106813 -0.223818
v 0.00974389 -0.0406664 0.418107
vn -0.99846 0.0163482 0.053004
v 0.00974389 -0.0669684 0.420949
vn -0.768434 -0.417641 -0.484855
v 0.00974389 -0.043928 0.421489
vn -0.996051 0.0882382 -0.00983036
v 0.00974389 -0.083171 0.3189
vn -0.743201 0.109998 -0.659964
v 0.00974389 -0.158496 0.418241
vn -0.991583 -0.121084 0.0458502
v 0.00974389 -0.151423 0.394301
vn -0.962824 -0.0702735 -0.260827
v 0.00974389 -0.163638 0.39975
vn -0.718373 -0.692266 0.0686207
v 0.00974389 -0.0395073 0.36767
vn -0.99887 0.0431175 -0.0199879
v 0.00974389 -0.0374364 0.419896
vn -0.995921 -0.0764978 0.0478401
v 0.00974389 -0.0367184 0.369506
vn -0.998468 -0.00700439 -0.0548882
v 0.00974389 -0.0598526 0.413554
vn -0.839378 -0.449734 -0.305262
v 0.00974389 -0.128747 0.434913
vn -0.999253 -0.0353283 0.0156724
v 0.00974389 -0.125138 0.346066
vn -0.999617 -0.00537941 -0.0271382
v 0.00974389 -0.131914 0.433392
vn -0.999611 -0.000229492 0.0279021
v 0.00974389 -0.155169 0.392785
vn -0.93708 0.300928 -0.176983
v 0.00974389 -0.163822 0.381211
vn -0.657427 -0.743181 -0.124387
v 0.00974389 -0.155363 0.38922
vn -0.969835 0.193126 0.148739
v 0.00974389 -0.0726083 0.329707
vn -0.939169 0.0615869 0.337889
v 0.00974389 -0.0652471 0.323512
vn -0.630726 0.314433 -0.709448
v 0.00974389 -0.0685866 0.331843
vn -0.959909 -0.237855 0.148323
v 0.00974389 -0.0548718 0.404672
vn -0.972098 -0.221062 -0.078471
v 0.00974389 -0.15195 0.387149
vn -0.997712 -0.0164172 0.0655802
v 0.00974389 -0.0927188 0.451795
vn -0.995251 0.0802519 -0.0550971
v 0.00974389 -0.0917702 0.446962
vn -0.997866 0.045506 0.0468162
v 0.00974389 -0.129131 0.439667
vn -0.99617 -0.0779159 -0.0396859
v 0.00974389 -0.0880033 0.446515
vn -0.996934 -0.0420521 0.06598
v 0.00974389 -0.0490214 0.332369
vn -0.941331 0.211165 -0.263261
v 0.00974389 -0.148536 0.434721
vn -0.733249 -0.548767 0.401499
v 0.00974389 -0.135449 0.436756
vn -0.928358 0.34744 0.132051
v 0.00974389 -0.13495 0.44756
vn -0.563151 -0.515766 0.645637
v 0.00974389 -0.133044 0.440494
vn -0.905511 0.166397 -0.390335
v 0.00974389 -0.118791 0.456497
vn -0.901499 -0.176583 0.395118
v 0.00974389 -0.100936 0.461045
vn -0.655787 -0.122818 0.744888
v 0.00974389 -0.0821613 0.460932
vn -0.941912 0.0319187 0.334339
v 0.00974389 -0.0635016 0.455792
vn -0.854288 0.181801 0.486971
v 0.00974389 -0.04684 0.445921
vn -0.704434 0.413069 0.577189
v 0.00974389 -0.0338738 0.432535
vn -0.576013 0.633081 0.517123
v 0.00974389 -0.0248755 0.416542
vn -0.946008 0.295052 0.134215
v 0.00974389 -0.0202401 0.398775
vn -0.862708 0.498543 0.0847916
v 0.00974389 -0.0203085 0.380202
vn -0.77932 0.623653 -0.0609658
v 0.00974389 -0.0330494 0.367549
vn -0.981187 -0.178981 -0.0723721
v 0.00974389 -0.0256104 0.361713
vn -0.626379 0.727611 -0.2797
v 0.00974389 -0.0340591 0.36293
vn -0.950934 -0.228171 0.208957
v 0.00974389 -0.0355477 0.345255
vn -0.773596 0.512274 -0.372995
v 0.00974389 -0.0864999 0.429239
vn -0.863604 -0.0922654 -0.495656
v 0.00974389 -0.0969647 0.42934
vn -0.819844 0.0431455 -0.570958
v 0.00974389 -0.0523019 0.394858
vn -0.61754 -0.783744 -0.0662572
v 0.00974389 -0.0523019 0.384566
vn -0.787002 -0.605836 0.116581
v 0.00974389 -0.0552624 0.374327
vn -0.82453 -0.508813 0.247506
v 0.00974389 -0.0607022 0.365221
vn -0.869183 -0.372521 0.325189
v 0.00974389 -0.0392378 0.363781
vn -0.998735 0.0305734 0.0399288
v 0.00974389 -0.0692298 0.335789
vn -0.998481 -0.0393123 -0.0386057
v 0.00974389 -0.159208 0.363464
vn -0.963381 -0.244221 -0.110693
v 0.00974389 -0.150234 0.347449
vn -0.76309 -0.500059 -0.409431
v 0.00974389 -0.137175 0.334027
vn -0.66455 -0.43441 -0.607999
v 0.00974389 -0.122349 0.339929
vn -0.946031 -0.272018 0.176155
v 0.00974389 -0.121902 0.343691
vn -0.999058 -0.039502 -0.0179516
v 0.00974389 -0.0737263 0.336557
vn -0.995995 0.0342718 -0.0825826
v 0.00974389 -0.10688 0.426807
vn -0.967104 0.0836823 -0.240221
v 0.00974389 -0.115785 0.421863
vn -0.840746 0.301576 -0.449664
v 0.00974389 -0.123313 0.414758
vn -0.821248 0.42875 -0.376463
v 0.00974389 -0.0681844 0.358087
vn -0.972526 -0.128979 0.193797
v 0.00974389 -0.128775 0.4056
vn -0.700937 0.642125 -0.310423
v 0.00974389 -0.0771585 0.353191
vn -0.879244 -0.154845 0.450503
v 0.00974389 -0.0871411 0.350666
vn -0.960711 -0.0214457 0.276721
v 0.00974389 -0.0974932 0.350739
vn -0.659428 0.136061 0.739352
v 0.00974389 -0.107798 0.353551
vn -0.778799 0.271867 0.565297
v 0.00974389 -0.117025 0.359061
vn -0.791285 0.39893 0.463382
v 0.00974389 -0.124208 0.366462
vn -0.709043 0.583064 0.396603
v 0.00974389 -0.129142 0.375296
vn -0.402799 0.861628 0.30879
v 0.00974389 -0.131644 0.395385
vn 0.915995 0.39403 -0.0754481
v 0.00974389 -0.131782 0.385128
vn 0.369934 0.926253 0.0721404
v 0.0175672 -0.163638 0.39975
vn 0.752117 -0.647622 0.12209
v 0.0175672 -0.158496 0.418241
vn 0.989336 -0.130941 0.0637849
v 0.0175672 -0.163822 0.381211
vn 0.736458 -0.674463 -0.0522474
v 0.0175672 -0.159208 0.363464
vn 0.956201 -0.275989 -0.0975209
v 0.0175672 -0.150234 0.347449
vn 0.751603 -0.544899 -0.371722
v 0.0175672 -0.137175 0.334027
vn 0.667824 -0.484661 -0.564902
v 0.0175672 -0.120513 0.324168
vn 0.951159 -0.133144 -0.278511
v 0.0175672 -0.101854 0.319035
vn 0.848958 -0.0964967 -0.519576
v 0.0175672 -0.083171 0.3189
vn 0.760085 0.0508587 -0.64783
v 0.0175672 -0.0652471 0.323512
vn 0.627754 0.255338 -0.735342
v 0.0175672 -0.0490214 0.332369
vn 0.942163 0.185843 -0.278911
v 0.0175672 -0.0355477 0.345255
vn 0.67089 0.558513 -0.487821
v 0.0175672 -0.0256104 0.361713
vn 0.659444 0.675126 -0.330663
v 0.0175672 -0.0203085 0.380202
vn 0.685463 0.715032 -0.137367
v 0.0175672 -0.0202401 0.398775
vn 0.820891 0.569179 0.0466278
v 0.0175672 -0.0248755 0.416542
vn 0.944124 0.310644 0.110141
v 0.0175672 -0.0338738 0.432535
vn 0.669531 0.613534 0.418694
v 0.0175672 -0.04684 0.445921
vn 0.746698 0.433785 0.504255
v 0.0175672 -0.0635016 0.455792
vn 0.858646 0.221306 0.462331
v 0.0175672 -0.0821613 0.460932
vn 0.936718 0.0637857 0.344225
v 0.0175672 -0.100936 0.461045
vn 0.724263 -0.0536358 0.687435
v 0.0175672 -0.118791 0.456497
vn 0.919229 -0.129295 0.371888
v 0.0175672 -0.13495 0.44756
vn 0.572841 -0.455812 0.681241
v 0.0175672 -0.148536 0.434721
vn 0.726175 -0.515911 0.454429
v 0.0175672 -0.0380207 0.36891
vn 0.973228 0.0923689 -0.210466
v 0.0175672 -0.0397747 0.365416
vn 0.999462 0.0314827 0.00924343
v 0.0175672 -0.0333737 0.367614
vn 0.997996 -0.0584035 -0.0243704
v 0.0175672 -0.0352793 0.362543
vn 0.997815 -0.00762554 0.0656295
v 0.0175672 -0.123313 0.414758
vn 0.819657 0.463602 -0.336504
v 0.0175672 -0.128775 0.4056
vn 0.699589 0.66827 -0.252964
v 0.0175672 -0.115785 0.421863
vn 0.842019 0.336831 -0.421364
v 0.0175672 -0.10688 0.426807
vn 0.970107 0.0992206 -0.221467
v 0.0175672 -0.0969647 0.42934
vn 0.872324 0.0790735 -0.482491
v 0.0175672 -0.0864999 0.429239
vn 0.870512 -0.0476708 -0.489834
v 0.0175672 -0.0762415 0.426406
vn 0.981761 -0.0665006 -0.178107
v 0.0175672 -0.0669684 0.420949
vn 0.770674 -0.370091 -0.518742
v 0.0175672 -0.0598526 0.413554
vn 0.843634 -0.416892 -0.338353
v 0.0175672 -0.0548718 0.404672
vn 0.974077 -0.205952 -0.0935813
v 0.0175672 -0.0523019 0.394858
vn 0.59585 -0.791503 -0.135964
v 0.0175672 -0.0523019 0.384566
vn 0.79165 -0.608176 0.058414
v 0.0175672 -0.0552624 0.374327
vn 0.833816 -0.515349 0.197904
v 0.0175672 -0.0607022 0.365221
vn 0.809278 -0.475718 0.344617
v 0.0175672 -0.0681844 0.358087
vn 0.96817 -0.156417 0.195398
v 0.0175672 -0.0771585 0.353191
vn 0.837437 -0.220518 0.500071
v 0.0175672 -0.0871411 0.350666
vn 0.964283 -0.0429139 0.261376
v 0.0175672 -0.0974932 0.350739
vn 0.662964 0.0711276 0.745264
v 0.0175672 -0.107798 0.353551
vn 0.78141 0.218158 0.584642
v 0.0175672 -0.117025 0.359061
vn 0.79097 0.357016 0.496896
v 0.0175672 -0.124208 0.366462
vn 0.715058 0.541472 0.442155
v 0.0175672 -0.129142 0.375296
vn 0.425731 0.823652 0.374634
v 0.0175672 -0.131782 0.385128
vn -0.343701 0.925519 0.159013
v 0.0175672 -0.131644 0.395385
vn -0.917196 0.396367 -0.0405628
v 0.0175672 -0.0414529 0.425037
vn 0.999263 0.0135945 -0.0359088
v 0.0175672 -0.0371427 0.422204
vn 0.997317 -0.0725356 -0.00983017
v 0.0175672 -0.040319 0.418251
vn 0.998337 -0.0227926 0.0529441
v 0.0175672 -0.0438048 0.419735
vn 0.92568 0.347256 0.150098
v 0.0175672 -0.0925124 0.452559
vn 0.976175 0.153396 -0.153467
v 0.0175672 -0.0931031 0.44852
vn 0.998664 0.049197 0.0157999
v 0.0175672 -0.0885255 0.453095
vn 0.989637 -0.0615543 -0.129733
v 0.0175672 -0.0866463 0.448503
vn 0.997309 -0.0704753 0.020211
v 0.0175672 -0.0898057 0.446011
vn 0.967705 0.0114102 0.251828
v 0.0175672 -0.13542 0.43651
vn 0.926765 0.367955 -0.0756078
v 0.0175672 -0.132826 0.440618
vn 0.975514 0.0803983 -0.204716
v 0.0175672 -0.128933 0.439057
vn 0.994307 -0.0634028 -0.0856314
v 0.0175672 -0.128494 0.43534
vn 0.997821 -0.0578818 0.0316566
v 0.0175672 -0.132671 0.433407
vn 0.999574 0.0116048 0.0267774
v 0.0175672 -0.154016 0.393647
vn 0.92735 0.176347 -0.330035
v 0.0175672 -0.149244 0.393263
vn 0.990366 -0.102383 -0.0932404
v 0.0175672 -0.148714 0.388945
vn 0.957599 -0.230784 0.17246
v 0.0175672 -0.152713 0.387165
vn 0.998212 0.0143054 0.0580312
v 0.0175672 -0.155559 0.389403
vn 0.612766 0.785506 0.086593
v 0.0175672 -0.127068 0.345502
vn 0.999697 0.0119433 -0.0215206
v 0.0175672 -0.122303 0.343758
vn 0.996925 -0.0701181 -0.0349853
v 0.0175672 -0.123611 0.33912
vn 0.996246 -0.0332753 0.0799104
v 0.0175672 -0.128268 0.340362
vn 0.998864 0.0430338 0.0204812
v 0.0175672 -0.0754308 0.334478
vn 0.998999 0.0383085 -0.0230939
v 0.0175672 -0.0710101 0.336295
vn 0.999375 -0.00740102 -0.0345674
v 0.0175672 -0.0679781 0.332688
vn 0.821238 -0.563679 -0.088512
v 0.0175672 -0.07005 0.33003
vn 0.930507 -0.129774 0.342512
v 0.0175672 -0.0745791 0.330799
vn 0.936829 0.241368 0.253167
v -0.012947 -0.0782607 0.265252
vn -0.0414627 -0.993196 -0.108822
v -0.00763042 -0.0890709 0.380652
vn -0.11637 -0.990571 -0.0723045
v -0.0129239 -0.0746339 0.265621
vn -0.0914121 0.994103 0.0583327
v -0.00762515 -0.0881981 0.380759
vn -0.01001 0.992632 0.120758
v 0.0362902 -0.0746339 0.265621
vn 0.0514386 0.993485 0.101694
v 0.0363007 -0.0782607 0.265252
vn 0.0737407 -0.985648 -0.151854
v 0.0309904 -0.0890709 0.380652
vn 0.05143 -0.994838 -0.087481
v 0.0309851 -0.0881981 0.380759
vn 0.0227608 0.990848 0.133046
v -0.012947 -0.00123604 0.30193
vn -0.041854 -0.70026 -0.71266
v -0.00763042 -0.083012 0.384863
vn -0.117611 -0.721393 -0.682466
v -0.0129239 0.00140333 0.304495
vn -0.0923864 0.733042 0.67388
v -0.00762515 -0.0823688 0.385477
vn -0.0101213 0.69225 0.721586
v 0.0362902 0.00140333 0.304495
vn 0.0519571 0.70502 0.707282
v 0.0363007 -0.00123604 0.30193
vn 0.0743845 -0.667049 -0.741292
v 0.0309904 -0.083012 0.384863
vn 0.0519546 -0.715102 -0.697087
v 0.0309851 -0.0823688 0.385477
vn 0.0230014 0.683043 0.730016
v -0.012947 0.0348202 0.381931
vn -0.0404688 -0.0655889 -0.997026
v -0.00763042 -0.0819318 0.391394
vn -0.112577 -0.0991706 -0.988682
v -0.0129239 0.0350728 0.385479
vn -0.088413 0.113475 0.989599
v -0.00762515 -0.0818866 0.39221
vn -0.00930342 0.0539669 0.998499
v 0.0362902 0.0350728 0.385479
vn 0.0497427 0.072092 0.996157
v 0.0363007 0.0348202 0.381931
vn 0.0719924 -0.0233853 -0.997131
v 0.0309904 -0.0819318 0.391394
vn 0.0497324 -0.0859911 -0.995054
v 0.0309851 -0.0818866 0.39221
vn 0.0211547 0.0425525 0.99887
v -0.012947 -0.0607254 0.511118
vn -0.0416923 0.969667 -0.240849
v -0.00763042 -0.0904711 0.398966
vn -0.116272 0.954715 -0.273863
v -0.0129239 -0.0642828 0.512002
vn -0.0912923 -0.953104 0.288546
v -0.00762515 -0.0912965 0.399186
vn -0.00972129 -0.973313 0.229274
v 0.0362902 -0.0642828 0.512002
vn 0.0513887 -0.967539 0.24744
v 0.0363007 -0.0607254 0.511118
vn 0.0741717 0.977464 -0.197643
v 0.0309904 -0.0904711 0.398966
vn 0.0513681 0.963858 -0.261417
v 0.0309851 -0.0912965 0.399186
vn 0.022097 -0.975812 0.21749
v -0.012947 0.0101247 0.464372
vn -0.0406369 0.600293 -0.798747
v -0.00763042 -0.084228 0.395697
vn -0.113505 0.56884 -0.814578
v -0.0129239 0.00798964 0.467237
vn -0.089133 -0.55868 0.82458
v -0.00762515 -0.0847312 0.396368
vn -0.00954507 -0.610081 0.792281
v 0.0362902 0.00798964 0.467237
vn 0.0501544 -0.594629 0.802434
v 0.0363007 0.0101247 0.464372
vn 0.0722935 0.632612 -0.771087
v 0.0309904 -0.084228 0.395697
vn 0.0501409 0.583335 -0.810683
v 0.0309851 -0.0847312 0.396368
vn 0.0217011 -0.619239 0.784903
v -0.012947 -0.208897 0.435417
vn -0.041204 0.335268 0.941221
v -0.00763042 -0.0993977 0.394489
vn -0.115346 0.366312 0.923315
v -0.0129239 -0.210206 0.432037
vn -0.0906722 -0.380367 -0.92038
v -0.00762515 -0.0996504 0.393665
vn -0.00981116 -0.324402 -0.945868
v 0.0362902 -0.210206 0.432037
vn 0.050975 -0.341619 -0.938455
v 0.0363007 -0.208897 0.435417
vn 0.0732242 0.293918 0.953022
v 0.0309904 -0.0993977 0.394489
vn 0.0509891 0.354848 0.933532
v 0.0309851 -0.0996504 0.393665
vn 0.0223179 -0.312906 -0.949522
v -0.012947 -0.147733 0.501585
vn -0.0415627 0.890586 0.452911
v -0.00763042 -0.0967131 0.397231
vn -0.117308 0.901128 0.41738
v -0.0129239 -0.151015 0.499979
vn -0.0921145 -0.909313 -0.405789
v -0.00762515 -0.0975385 0.396862
vn -0.0102713 -0.885881 -0.463798
v 0.0362902 -0.151015 0.499979
vn 0.0518209 -0.893442 -0.44618
v 0.0363007 -0.147733 0.501585
vn 0.073894 0.868311 0.490485
v 0.0309904 -0.0967131 0.397231
vn 0.051808 0.899697 0.43343
v 0.0309851 -0.0975385 0.396862
vn 0.0233361 -0.879725 -0.47491
v -0.012947 -0.212845 0.355653
vn -0.0409374 -0.280889 0.958867
v -0.00763042 -0.100109 0.386802
vn -0.114928 -0.245209 0.962634
v -0.0129239 -0.211812 0.352205
vn -0.090289 0.232409 -0.968418
v -0.00762515 -0.0998115 0.38598
vn -0.00994391 0.292273 -0.956283
v 0.0362902 -0.211812 0.352205
vn 0.0508301 0.274036 -0.960375
v 0.0363007 -0.212845 0.355653
vn 0.0728567 -0.321096 0.94424
v 0.0309904 -0.100109 0.386802
vn 0.050818 -0.260597 0.964109
v 0.0309851 -0.0998115 0.38598
vn 0.0226248 0.303888 -0.952439
v -0.012947 -0.159943 0.284612
vn -0.04158 -0.846585 0.530628
v -0.00763042 -0.0966436 0.38216
vn -0.11493 -0.822737 0.556682
v -0.0129239 -0.156845 0.282672
vn -0.0902468 0.816394 -0.5704
v -0.00762515 -0.0959551 0.381729
vn -0.00924519 0.85371 -0.520667
v 0.0362902 -0.156845 0.282672
vn 0.0507965 0.842724 -0.535943
v 0.0363007 -0.159943 0.284612
vn 0.0739752 -0.867343 0.492183
v 0.0309904 -0.0966436 0.38216
vn 0.0507788 -0.834837 0.54815
v 0.0309851 -0.0959551 0.381729
vn 0.02102 0.859453 -0.510782
v 0.113902 -0.0933621 0.393313
vn 0 -0.471218 0.882017
v -0.0893538 -0.0933621 0.393313
vn -0.00427057 -0.693883 0.720075
v 0.113902 -0.0951286 0.390406
vn 0 -0.957252 0.289256
v -0.0893538 -0.0951286 0.390406
vn -0.0144713 -0.999659 0.0217184
v 0.113902 -0.0900342 0.394109
vn 0 0.286252 0.958154
v -0.0893538 -0.0900342 0.394109
vn -0.0575497 0.018835 0.998165
v 0.113902 -0.0870958 0.392336
vn 0 0.878593 0.477571
v -0.0893538 -0.0870958 0.392336
vn -0.00424811 0.715422 0.698679
v 0.113902 -0.0862925 0.389042
vn 0 0.957425 -0.288681
v -0.0893538 -0.0862925 0.389042
vn -0.0145448 0.999748 -0.0171055
v 0.113902 -0.0880612 0.386155
vn 0 0.47118 -0.882037
v -0.0893538 -0.0880612 0.386155
vn -0.0247734 0.691264 -0.722177
v 0.113902 -0.0914102 0.385337
vn 0 -0.283542 -0.95896
v -0.0893538 -0.0914102 0.385337
vn -0.0288143 -0.0141954 -0.999484
v 0.113902 -0.0943485 0.38711
vn 0 -0.880683 -0.473706
v -0.0893538 -0.0943485 0.38711
vn -0.0246769 -0.716476 -0.697175
v -0.0503003 -0.101463 0.412632
vn -0.0185207 -0.379165 0.925144
v -0.0503003 -0.107156 0.409128
vn -0.040162 -0.597855 0.800598
v 0.07254 -0.101463 0.412632
vn 0.135349 -0.449585 0.882923
v 0.07254 -0.107156 0.409128
vn 0.102045 -0.665411 0.739469
v -0.0503003 -0.095175 0.414624
vn -0.00491777 -0.122251 0.992487
v 0.07254 -0.095175 0.414624
vn 0.170671 -0.209774 0.962739
v -0.0503003 -0.0884729 0.414841
vn -0.854783 0.0709679 0.51411
v 0.07254 -0.0884729 0.414841
vn 0.201248 0.0506299 0.978231
v -0.0503003 -0.0820234 0.41338
vn -0.00455343 0.382774 0.923831
v 0.07254 -0.0820234 0.41338
vn 0.22831 0.294986 0.927824
v -0.0503003 -0.0760804 0.410312
vn -0.0182604 0.607084 0.794428
v 0.07254 -0.0760804 0.410312
vn 0.247907 0.517803 0.818793
v -0.0503003 -0.0711923 0.40584
vn -0.0404694 0.793746 0.606902
v 0.07254 -0.0711923 0.40584
vn 0.261439 0.711669 0.652056
v -0.0503003 -0.067657 0.400255
vn -0.0688832 0.921896 0.381265
v 0.07254 -0.067657 0.400255
vn 0.265905 0.855595 0.444131
v -0.0503003 -0.0656819 0.393998
vn -0.102286 0.987351 0.121147
v 0.07254 -0.0656819 0.393998
vn 0.262439 0.94291 0.205052
v -0.0503003 -0.0654766 0.387405
vn -0.136338 0.982053 -0.130324
v 0.07254 -0.0654766 0.387405
vn 0.249898 0.96705 -0.0486302
v -0.0503003 -0.0668758 0.380931
vn -0.170933 0.907649 -0.383348
v 0.07254 -0.0668758 0.380931
vn 0.229816 0.92811 -0.29291
v -0.0503003 -0.0699973 0.375121
vn -0.202268 0.771352 -0.60341
v 0.07254 -0.0699973 0.375121
vn 0.202552 0.820025 -0.535287
v -0.0503003 -0.0745191 0.370251
vn -0.228549 0.585541 -0.777758
v 0.07254 -0.0745191 0.370251
vn 0.170603 0.660288 -0.731378
v -0.0503003 -0.080141 0.366751
vn -0.247696 0.358932 -0.899897
v 0.07254 -0.080141 0.366751
vn 0.135575 0.447022 -0.884189
v -0.0503003 -0.0865684 0.364816
vn -0.260638 0.121399 -0.957774
v 0.07254 -0.0865684 0.364816
vn 0.100467 0.207448 -0.973073
v -0.0503003 -0.0931557 0.364541
vn -0.263767 -0.129081 -0.955911
v 0.07254 -0.0931557 0.364541
vn 0.0684075 -0.046086 -0.996592
v -0.0503003 -0.0996504 0.366001
vn -0.259828 -0.370376 -0.891802
v 0.07254 -0.0996504 0.366001
vn 0.0400633 -0.302231 -0.952393
v -0.0503003 -0.105618 0.369098
vn -0.249153 -0.589552 -0.768344
v 0.07254 -0.105618 0.369098
vn 0.0183991 -0.535992 -0.844023
v -0.0503003 -0.110484 0.373572
vn -0.229208 -0.773124 -0.591391
v 0.07254 -0.110484 0.373572
vn 0.00465272 -0.737965 -0.674823
v -0.0503003 -0.113995 0.379106
vn -0.202291 -0.904945 -0.374371
v 0.07254 -0.113995 0.379106
vn 0.856596 -0.458003 -0.237649
v -0.0503003 -0.116014 0.385464
vn -0.172316 -0.976921 -0.126228
v 0.07254 -0.116014 0.385464
vn 0.00481646 -0.976166 -0.216973
v -0.0503003 -0.116267 0.392054
vn -0.136626 -0.98023 0.143115
v 0.07254 -0.116267 0.392054
vn 0.0191553 -0.998427 0.0526963
v -0.0503003 -0.11473 0.398422
vn -0.100861 -0.914947 0.390768
v 0.07254 -0.11473 0.398422
vn 0.0408845 -0.948335 0.314627
v -0.0503003 -0.111631 0.404292
vn -0.0693963 -0.788435 0.611191
v 0.07254 -0.111631 0.404292
vn 0.0681557 -0.838868 0.540051
v -0.0780057 -0.0978607 0.400899
vn -0.39343 0.178122 0.901934
v -0.0780057 -0.0745191 0.389759
vn -0.777882 0.595435 0.200888
v -0.0780057 -0.103598 0.388972
vn -0.778 -0.595143 -0.201298
v -0.0780057 -0.08028 0.377812
vn -0.394094 -0.178459 -0.901578
v -0.063036 -0.103598 0.388972
vn 0.651175 -0.487242 -0.581864
v -0.063036 -0.0978607 0.400899
vn 0.525044 -0.291956 0.799432
v -0.0630349 -0.0745191 0.389759
vn 0.651145 0.4869 0.582184
v -0.0630349 -0.08028 0.377812
vn 0.525363 0.292095 -0.799171
v 0.100957 -0.0978607 0.400899
vn 0.393442 0.178113 0.901931
v 0.100957 -0.103598 0.388972
vn 0.778 -0.595143 -0.201298
v 0.100957 -0.0745191 0.389759
vn 0.777904 0.595409 0.200879
v 0.100957 -0.08028 0.377812
vn 0.394107 -0.178465 -0.901571
v 0.0859874 -0.103598 0.388972
vn -0.651191 -0.487219 -0.581866
v 0.0859874 -0.0978607 0.400899
vn -0.525051 -0.291941 0.799432
v 0.0859874 -0.0745191 0.389759
vn -0.651157 0.486908 0.582164
v 0.0859874 -0.08028 0.377812
vn -0.525383 0.292104 -0.799154
v -0.0255585 0.0346559 -0.304738
vn -0.178022 -0.957763 0.225827
v -0.0255585 0.0375501 -0.283622
vn -0.178248 -0.983475 0.0317008
v -0.0143041 0.0331315 -0.304384
vn -0.105568 -0.967599 0.229364
v -0.0143041 0.0359825 -0.283579
vn -0.105693 -0.993843 0.0332319
v -0.00174213 0.0321955 -0.304169
vn -0.0498168 -0.971652 0.231108
v -0.00174213 0.0350223 -0.283556
vn -0.0499416 -0.998166 0.0342209
v 0.0114757 0.0318797 -0.304097
vn -5.15923e-19 -0.964597 0.263729
v 0.0114757 0.0346949 -0.28355
vn 5.16798e-19 -0.997629 0.0688201
v -0.0255585 0.027698 -0.324931
vn -0.177942 -0.896462 0.405823
v -0.0143041 0.0262746 -0.324279
vn -0.105459 -0.905461 0.411119
v -0.00174213 0.025404 -0.323881
vn -0.0497808 -0.909095 0.413603
v 0.0114757 0.025107 -0.323745
vn 6.18574e-18 -0.896188 0.443674
v -0.0255585 0.0170237 -0.343428
vn -0.178067 -0.801721 0.570557
v -0.0143041 0.0157582 -0.342508
vn -0.105535 -0.809536 0.577507
v -0.00174213 0.0149834 -0.34194
vn -0.0499124 -0.812609 0.580668
v 0.0114757 0.0147212 -0.341746
vn 6.19542e-18 -0.793759 0.608233
v -0.0255585 0.0029857 -0.359466
vn -0.17825 -0.673008 0.717835
v -0.0143041 0.00192658 -0.35831
vn -0.105841 -0.679221 0.726262
v -0.00174213 0.00128014 -0.357596
vn -0.0500271 -0.681624 0.72999
v 0.0114757 0.00106117 -0.357353
vn -1.86044e-17 -0.656794 0.75407
v -0.0255585 -0.128576 -0.187292
vn -0.181896 0.517182 -0.836324
v -0.0255585 -0.145553 -0.200179
vn -0.182217 0.672502 -0.717313
v -0.0143041 -0.127705 -0.188663
vn -0.110283 0.521743 -0.845944
v -0.0143041 -0.144433 -0.201359
vn -0.110576 0.678864 -0.72589
v -0.00174213 -0.127155 -0.189517
vn -0.0529574 0.523545 -0.850351
v -0.00174213 -0.143728 -0.202095
vn -0.0531897 0.681503 -0.72988
v 0.0114757 -0.126962 -0.18981
vn 8.77056e-18 0.495564 -0.868571
v 0.0114757 -0.143483 -0.202347
vn -8.26882e-18 0.656792 -0.754072
v -0.0255585 -0.109377 -0.177935
vn -0.181565 0.34669 -0.920239
v -0.0143041 -0.108789 -0.179444
vn -0.109855 0.349373 -0.930522
v -0.00174213 -0.108412 -0.180382
vn -0.0526771 0.350315 -0.93515
v 0.0114757 -0.10828 -0.180704
vn 5.15468e-18 0.319996 -0.947419
v -0.0255585 -0.0887487 -0.172403
vn -0.181312 0.163377 -0.96976
v -0.0143041 -0.0884634 -0.17399
vn -0.109457 0.164007 -0.980368
v -0.00174213 -0.0882749 -0.17498
vn -0.0524606 0.163984 -0.985067
v 0.0114757 -0.0882054 -0.17532
vn 5.16285e-18 0.131143 -0.991363
v -0.0255585 -0.0674833 -0.170989
vn -0.181028 -0.0316932 -0.982967
v -0.0143041 -0.0675085 -0.172597
vn -0.1091 -0.0332533 -0.993474
v -0.00174213 -0.0675148 -0.1736
vn -0.052186 -0.0342076 -0.998051
v 0.0114757 -0.0675127 -0.173945
vn 1.5504e-18 -0.0687869 -0.997631
v -0.0255585 -0.0463673 -0.173882
vn -0.18056 -0.225748 -0.957307
v -0.0143041 -0.0467032 -0.175449
vn -0.108521 -0.229298 -0.967288
v -0.00174213 -0.0469 -0.176424
vn -0.0517794 -0.231063 -0.97156
v 0.0114757 -0.0469653 -0.17676
vn -1.7541e-17 -0.26374 -0.964594
v -0.0255585 -0.0261757 -0.180842
vn -0.180027 -0.405669 -0.896115
v -0.0143041 -0.0268074 -0.182306
vn -0.107893 -0.411003 -0.905227
v -0.00174213 -0.0271885 -0.183217
vn -0.0514261 -0.413579 -0.909015
v 0.0114757 -0.0273149 -0.183533
vn -1.18556e-17 -0.44364 -0.896205
v -0.0255585 -0.00767598 -0.191514
vn -0.179607 -0.570357 -0.80152
v -0.0143041 -0.00857929 -0.192823
vn -0.107482 -0.57739 -0.809363
v -0.00174213 -0.00912884 -0.193638
vn -0.0510941 -0.58062 -0.81257
v 0.0114757 -0.00931414 -0.193918
vn -2.68475e-17 -0.60823 -0.793761
v -0.0255585 0.00836128 -0.205552
vn -0.179378 -0.717714 -0.672838
v -0.0143041 0.00722215 -0.206654
vn -0.107038 -0.726167 -0.679135
v -0.00174213 0.00652731 -0.207341
vn -0.0508096 -0.729974 -0.681583
v 0.0114757 0.00629149 -0.207578
vn -2.27392e-17 -0.754103 -0.656756
v -0.0255585 0.0212454 -0.222531
vn -0.178911 -0.836804 -0.517446
v -0.0143041 0.0199178 -0.223382
vn -0.106547 -0.846295 -0.52195
v -0.00174213 0.019104 -0.223915
vn -0.050517 -0.850468 -0.523595
v 0.0114757 0.0188292 -0.224099
vn 5.15915e-18 -0.868571 -0.495564
v -0.0255585 0.0306026 -0.241728
vn -0.178497 -0.920764 -0.346891
v -0.0143041 0.0291372 -0.242299
vn -0.106138 -0.930909 -0.349489
v -0.00174213 0.0282391 -0.242657
vn -0.0502017 -0.935276 -0.35034
v 0.0114757 0.0279349 -0.242781
vn -6.70093e-18 -0.947416 -0.320005
v -0.0255585 0.0361351 -0.262357
vn -0.178349 -0.970295 -0.163459
v -0.0143041 0.0345886 -0.262624
vn -0.105858 -0.980754 -0.164059
v -0.00174213 0.033641 -0.262796
vn -0.0499862 -0.985188 -0.164033
v 0.0114757 0.0333199 -0.262855
vn 1.03255e-18 -0.991359 -0.131173
v -0.0255585 -0.0139907 -0.372352
vn -0.17843 -0.517501 0.836873
v -0.0143041 -0.0148024 -0.371004
vn -0.106068 -0.521973 0.846341
v -0.00174213 -0.015294 -0.370175
vn -0.0501856 -0.523614 0.850476
v 0.0114757 -0.0154593 -0.369891
vn -2.16688e-17 -0.495538 0.868586
v -0.0255585 -0.0331895 -0.381708
vn -0.178641 -0.346878 0.92074
v -0.0143041 -0.033719 -0.380225
vn -0.106353 -0.349479 0.930889
v -0.00174213 -0.0340359 -0.379308
vn -0.0503774 -0.350331 0.93527
v 0.0114757 -0.0341422 -0.378996
vn 7.73181e-18 -0.320021 0.947411
v -0.0255585 -0.053819 -0.387242
vn -0.179063 -0.163433 0.970168
v -0.0143041 -0.0540454 -0.385676
vn -0.106771 -0.164055 0.980656
v -0.00174213 -0.0541748 -0.384712
vn -0.050667 -0.164023 0.985154
v 0.0114757 -0.0542149 -0.38438
vn 7.74426e-18 -0.131159 0.991361
v -0.0255585 -0.0750845 -0.388656
vn -0.179551 0.0317105 0.983237
v -0.0143041 -0.0749981 -0.38707
vn -0.107318 0.0332607 0.993668
v -0.00174213 -0.0749349 -0.386091
vn -0.051041 0.0342093 0.99811
v 0.0114757 -0.0749097 -0.385757
vn -2.06723e-18 0.0687875 0.997631
v -0.0255585 -0.0961993 -0.385761
vn -0.179887 0.22578 0.957426
v -0.0143041 -0.0958045 -0.384218
vn -0.107753 0.229295 0.967374
v -0.00174213 -0.0955477 -0.383266
vn -0.0513725 0.231102 0.971572
v 0.0114757 -0.0954561 -0.38294
vn 2.57963e-18 0.263764 0.964587
v -0.0255585 -0.116391 -0.378802
vn -0.180158 0.405666 0.896091
v -0.0143041 -0.1157 -0.377362
vn -0.108197 0.411016 0.905185
v -0.00174213 -0.115259 -0.376473
vn -0.0516998 0.413586 0.908996
v 0.0114757 -0.115105 -0.376169
vn 5.15459e-18 0.44364 0.896205
v -0.0255585 -0.134891 -0.368128
vn -0.180594 0.570258 0.801369
v -0.0143041 -0.133927 -0.366845
vn -0.108794 0.577315 0.809241
v -0.00174213 -0.133319 -0.366052
vn -0.0520129 0.5806 0.812526
v 0.0114757 -0.133107 -0.365783
vn -1.65209e-17 0.608243 0.793751
v -0.0255585 -0.150928 -0.354092
vn -0.181189 0.71746 0.672623
v -0.0143041 -0.149729 -0.353013
vn -0.109358 0.725983 0.678962
v -0.00174213 -0.148975 -0.352349
vn -0.0523907 0.729906 0.681536
v 0.0114757 -0.148713 -0.352122
vn 9.30228e-18 0.754095 0.656766
v -0.0255585 -0.163812 -0.337114
vn -0.181473 0.836405 0.517199
v -0.0143041 -0.162424 -0.336285
vn -0.109716 0.84599 0.521788
v -0.00174213 -0.161553 -0.335775
vn -0.0526998 0.850361 0.523554
v 0.0114757 -0.161251 -0.335601
vn -2.57958e-18 0.868572 0.495564
v -0.0255585 -0.173169 -0.317916
vn -0.181643 0.920216 0.34671
v -0.0143041 -0.171645 -0.317369
vn -0.110035 0.930501 0.34937
v -0.00174213 -0.170688 -0.317033
vn -0.0529171 0.935139 0.350306
v 0.0114757 -0.170356 -0.316919
vn -1.18559e-17 0.947412 0.320016
v -0.0255585 -0.178703 -0.297288
vn -0.181976 0.969639 0.163353
v -0.0143041 -0.177097 -0.297042
vn -0.110374 0.980271 0.163972
v -0.00174213 -0.17609 -0.296896
vn -0.053127 0.985031 0.163989
v 0.0114757 -0.175741 -0.296845
vn 1.54887e-18 0.991359 0.131178
v -0.0255585 -0.180117 -0.276021
vn -0.18228 0.982735 -0.0317024
v -0.0143041 -0.17849 -0.276088
vn -0.110666 0.993302 -0.0332397
v -0.00174213 -0.17747 -0.276136
vn -0.0533008 0.997993 -0.0341892
v 0.0114757 -0.177117 -0.276153
vn -2.58404e-18 0.997631 -0.0687875
v -0.0255585 -0.177223 -0.254906
vn -0.182285 0.956998 -0.225668
v -0.0143041 -0.175639 -0.255283
vn -0.110732 0.967051 -0.229239
v -0.00174213 -0.174645 -0.255522
vn -0.053353 0.971471 -0.231078
v 0.0114757 -0.174301 -0.255605
vn -2.57954e-18 0.964585 -0.263771
v -0.0255585 -0.170264 -0.234714
vn -0.182247 0.895739 -0.405509
v -0.0143041 -0.168781 -0.235388
vn -0.110677 0.904935 -0.410906
v -0.00174213 -0.167852 -0.235809
vn -0.0533302 0.908926 -0.413532
v 0.0114757 -0.167528 -0.235956
vn 1.2371e-17 0.896205 -0.44364
v -0.0255585 -0.15959 -0.216216
vn -0.18225 0.801116 -0.570086
v -0.0143041 -0.158265 -0.217159
vn -0.110619 0.809091 -0.577179
v -0.00174213 -0.157432 -0.21775
vn -0.0533152 0.812466 -0.580566
v 0.0114757 -0.157143 -0.217954
vn 1.08419e-17 0.793751 -0.608243
v 0.0485089 0.0375501 -0.283622
vn 0.178257 -0.983473 0.0317022
v 0.0485089 0.0346559 -0.304738
vn 0.178031 -0.957761 0.225828
v 0.0485089 0.027698 -0.324931
vn 0.17795 -0.89646 0.405824
v 0.0485089 0.0170237 -0.343428
vn 0.178076 -0.801719 0.570557
v 0.0485089 0.0029857 -0.359466
vn 0.178258 -0.673006 0.717835
v 0.0372556 0.0359825 -0.283579
vn 0.105693 -0.993843 0.033229
v 0.0372556 0.0331315 -0.304384
vn 0.105568 -0.9676 0.229361
v 0.0372556 0.0262746 -0.324279
vn 0.105459 -0.905462 0.411116
v 0.0372556 0.0157582 -0.342508
vn 0.105535 -0.809538 0.577504
v 0.0372556 0.00192658 -0.35831
vn 0.105841 -0.679223 0.72626
v 0.0246926 0.0350223 -0.283556
vn 0.0499417 -0.998166 0.0342236
v 0.0246926 0.0321955 -0.304169
vn 0.0498168 -0.971651 0.231111
v 0.0246926 0.025404 -0.323881
vn 0.0497808 -0.909094 0.413606
v 0.0246926 0.0149834 -0.34194
vn 0.0499124 -0.812607 0.58067
v 0.0246926 0.00128014 -0.357596
vn 0.0500271 -0.681622 0.729992
v 0.0485089 -0.145553 -0.200179
vn 0.182225 0.6725 -0.717313
v 0.0485089 -0.128576 -0.187292
vn 0.181905 0.51718 -0.836323
v 0.0485089 -0.109377 -0.177935
vn 0.181573 0.346688 -0.920238
v 0.0485089 -0.0887487 -0.172403
vn 0.18132 0.163375 -0.969758
v 0.0485089 -0.0674833 -0.170989
vn 0.181036 -0.0316946 -0.982966
v 0.0372556 -0.144433 -0.201359
vn 0.110576 0.678866 -0.725888
v 0.0372556 -0.127705 -0.188663
vn 0.110283 0.521746 -0.845943
v 0.0372556 -0.108789 -0.179444
vn 0.109855 0.349375 -0.930521
v 0.0372556 -0.0884634 -0.17399
vn 0.109457 0.16401 -0.980367
v 0.0372556 -0.0675085 -0.172597
vn 0.1091 -0.0332504 -0.993475
v 0.0246926 -0.143728 -0.202095
vn 0.0531898 0.681501 -0.729882
v 0.0246926 -0.127155 -0.189517
vn 0.0529574 0.523543 -0.850352
v 0.0246926 -0.108412 -0.180382
vn 0.0526771 0.350312 -0.935151
v 0.0246926 -0.0882749 -0.17498
vn 0.0524607 0.163981 -0.985067
v 0.0246926 -0.0675148 -0.1736
vn 0.052186 -0.0342104 -0.998051
v 0.0485089 -0.0463673 -0.173882
vn 0.180569 -0.225749 -0.957305
v 0.0485089 -0.0261757 -0.180842
vn 0.180035 -0.40567 -0.896113
v 0.0485089 -0.00767598 -0.191514
vn 0.179616 -0.570357 -0.801518
v 0.0485089 0.00836128 -0.205552
vn 0.179387 -0.717714 -0.672835
v 0.0372556 -0.0467032 -0.175449
vn 0.108521 -0.229296 -0.967288
v 0.0372556 -0.0268074 -0.182306
vn 0.107893 -0.411 -0.905228
v 0.0372556 -0.00857929 -0.192823
vn 0.107482 -0.577387 -0.809365
v 0.0372556 0.00722215 -0.206654
vn 0.107038 -0.726165 -0.679137
v 0.0246926 -0.0469 -0.176424
vn 0.0517795 -0.231066 -0.971559
v 0.0246926 -0.0271885 -0.183217
vn 0.0514261 -0.413582 -0.909013
v 0.0246926 -0.00912884 -0.193638
vn 0.0510942 -0.580622 -0.812569
v 0.0246926 0.00652731 -0.207341
vn 0.0508096 -0.729976 -0.681581
v 0.0485089 0.0212454 -0.222531
vn 0.178919 -0.836803 -0.517444
v 0.0485089 0.0306026 -0.241728
vn 0.178506 -0.920763 -0.346889
v 0.0485089 0.0361351 -0.262357
vn 0.178358 -0.970294 -0.163457
v 0.0372556 0.0199178 -0.223382
vn 0.106547 -0.846294 -0.521953
v 0.0372556 0.0291372 -0.242299
vn 0.106138 -0.930908 -0.349491
v 0.0372556 0.0345886 -0.262624
vn 0.105858 -0.980754 -0.164062
v 0.0246926 0.019104 -0.223915
vn 0.0505171 -0.85047 -0.523592
v 0.0246926 0.0282391 -0.242657
vn 0.0502018 -0.935277 -0.350337
v 0.0246926 0.033641 -0.262796
vn 0.0499863 -0.985188 -0.16403
v 0.0485089 -0.0139907 -0.372352
vn 0.178439 -0.517499 0.836872
v 0.0485089 -0.0331895 -0.381708
vn 0.17865 -0.346877 0.920739
v 0.0485089 -0.053819 -0.387242
vn 0.179072 -0.163431 0.970167
v 0.0485089 -0.0750845 -0.388656
vn 0.17956 0.0317119 0.983236
v 0.0372556 -0.0148024 -0.371004
vn 0.106068 -0.521976 0.84634
v 0.0372556 -0.033719 -0.380225
vn 0.106353 -0.349481 0.930888
v 0.0372556 -0.0540454 -0.385676
vn 0.106771 -0.164058 0.980655
v 0.0372556 -0.0749981 -0.38707
vn 0.107318 0.0332578 0.993668
v 0.0246926 -0.015294 -0.370175
vn 0.0501856 -0.523611 0.850478
v 0.0246926 -0.0340359 -0.379308
vn 0.0503775 -0.350328 0.935271
v 0.0246926 -0.0541748 -0.384712
vn 0.050667 -0.164021 0.985155
v 0.0246926 -0.0749349 -0.386091
vn 0.051041 0.0342121 0.99811
v 0.0485089 -0.0961993 -0.385761
vn 0.179895 0.225781 0.957424
v 0.0485089 -0.116391 -0.378802
vn 0.180153 0.405654 0.896097
v 0.0485089 -0.134891 -0.368129
vn 0.180603 0.570258 0.801367
v 0.0485089 -0.150928 -0.354092
vn 0.18121 0.717466 0.672611
v 0.0372556 -0.0958045 -0.384218
vn 0.107753 0.229292 0.967375
v 0.0372556 -0.1157 -0.377362
vn 0.10821 0.411006 0.905188
v 0.0372556 -0.133927 -0.366845
vn 0.108818 0.577317 0.809237
v 0.0372556 -0.149729 -0.353013
vn 0.109358 0.725981 0.678964
v 0.0246926 -0.0955477 -0.383266
vn 0.0513726 0.231105 0.971572
v 0.0246926 -0.115259 -0.376473
vn 0.0516998 0.413589 0.908995
v 0.0246926 -0.133319 -0.366052
vn 0.0520129 0.580602 0.812525
v 0.0246926 -0.148975 -0.352349
vn 0.0523907 0.729908 0.681534
v 0.0485089 -0.163812 -0.337114
vn 0.181482 0.836404 0.517197
v 0.0485089 -0.173169 -0.317916
vn 0.181652 0.920215 0.346708
v 0.0485089 -0.178703 -0.297288
vn 0.181985 0.969638 0.163351
v 0.0485089 -0.180117 -0.276021
vn 0.182289 0.982734 -0.0317038
v 0.0372556 -0.162424 -0.336285
vn 0.109716 0.845989 0.52179
v 0.0372556 -0.171645 -0.317369
vn 0.110035 0.9305 0.349373
v 0.0372556 -0.177097 -0.297042
vn 0.110374 0.98027 0.163975
v 0.0372556 -0.17849 -0.276088
vn 0.11068 0.9933 -0.0332534
v 0.0246926 -0.161553 -0.335775
vn 0.0526999 0.850362 0.523552
v 0.0246926 -0.170688 -0.317033
vn 0.0529171 0.93514 0.350303
v 0.0246926 -0.17609 -0.296896
vn 0.053127 0.985031 0.163986
v 0.0246926 -0.17747 -0.276136
vn 0.0532873 0.997993 -0.0342001
v 0.0485089 -0.177223 -0.254906
vn 0.18231 0.95699 -0.225684
v 0.0485089 -0.170264 -0.234714
vn 0.182241 0.895746 -0.405497
v 0.0485089 -0.15959 -0.216216
vn 0.182259 0.801114 -0.570086
v 0.0372556 -0.175638 -0.255283
vn 0.110732 0.967052 -0.229236
v 0.0372556 -0.168781 -0.235388
vn 0.110664 0.904943 -0.410891
v 0.0372556 -0.158265 -0.217159
vn 0.110619 0.809093 -0.577176
v 0.0246926 -0.174645 -0.255522
vn 0.0533265 0.971474 -0.231073
v 0.0246926 -0.167852 -0.235809
vn 0.0533302 0.908925 -0.413534
v 0.0246926 -0.157432 -0.21775
vn 0.0533152 0.812464 -0.580568
v -0.00993077 -0.0492983 -0.264756
vn -0.392686 0.236589 0.88872
v -0.000231354 -0.0481876 -0.262449
vn -0.152086 0.272223 0.950139
v -0.000231354 -0.0352624 -0.265084
vn -0.134086 0.152427 0.979177
v 0.0114757 -0.0478181 -0.261681
vn 0.00345124 0.274581 0.961558
v 0.0114757 -0.0350203 -0.264259
vn -0.00622699 0.158783 0.987294
v 0.0231818 -0.0481876 -0.262449
vn 0.16022 0.275422 0.947878
v 0.0231818 -0.0352624 -0.265084
vn 0.13536 0.148312 0.979633
v 0.0328822 -0.0492983 -0.264756
vn 0.397186 0.266439 0.87821
v 0.0328822 -0.0359867 -0.267554
vn 0.404301 0.139481 0.903928
v -0.00993077 -0.0593578 -0.26062
vn -0.392045 0.426352 0.815184
v -0.000231354 -0.0578186 -0.258594
vn -0.156774 0.489806 0.85762
v 0.0114757 -0.0573069 -0.257919
vn 0.000201481 0.497725 0.867335
v 0.0231818 -0.0578186 -0.258594
vn 0.157366 0.496341 0.853745
v 0.0328822 -0.0593578 -0.26062
vn 0.391965 0.470952 0.790296
v -0.00993077 -0.0678391 -0.253946
vn -0.394239 0.62584 0.672978
v -0.000231354 -0.0659199 -0.252245
vn -0.162315 0.696754 0.698705
v 0.0114757 -0.0652776 -0.251676
vn -0.00310182 0.708108 0.706097
v 0.0231818 -0.0659199 -0.252245
vn 0.154862 0.701298 0.695844
v 0.0328822 -0.0678391 -0.253946
vn 0.388665 0.65631 0.646681
v -0.00993077 -0.0764141 -0.243531
vn -0.397503 0.753748 0.523312
v -0.000231354 -0.0742433 -0.242127
vn -0.142795 0.790384 0.595737
v 0.0114757 -0.0735189 -0.241659
vn -0.00308572 0.804184 0.594372
v 0.0231818 -0.0742433 -0.242127
vn 0.154189 0.795318 0.586256
v 0.0328822 -0.0764141 -0.243531
vn 0.408134 0.753403 0.515568
v -0.0108341 -0.0908964 -0.270902
vn -0.58663 -0.80046 -0.122998
v -0.000597729 -0.0951581 -0.268684
vn -0.214411 -0.959494 -0.182755
v -0.00110097 -0.0983355 -0.256479
vn -0.252518 -0.909961 -0.328946
v 0.0114757 -0.0965794 -0.267946
vn 0.0115563 -0.979366 -0.201763
v 0.0114757 -0.10017 -0.255748
vn 0.00598863 -0.928702 -0.37078
v 0.0235492 -0.0951581 -0.268684
vn 0.238999 -0.955393 -0.173505
v 0.0240525 -0.0983355 -0.256479
vn 0.215636 -0.906887 -0.362019
v 0.0337856 -0.0908964 -0.270902
vn 0.587992 -0.803941 -0.0891293
v 0.0350226 -0.0928293 -0.258672
vn 0.56159 -0.776368 -0.286127
v -0.0101982 -0.0908785 -0.280633
vn -0.504958 -0.862282 0.0385691
v -0.000339805 -0.0943064 -0.278495
vn -0.210803 -0.976623 0.0420585
v 0.0114757 -0.0954497 -0.277783
vn 0.00401734 -0.999493 0.0315782
v 0.0232913 -0.0943064 -0.278495
vn 0.219192 -0.974217 0.0534375
v 0.0331497 -0.0908785 -0.280633
vn 0.495788 -0.862987 0.0972022
v -0.00996447 -0.0932178 -0.29017
vn -0.519063 -0.81594 0.254589
v -0.00024505 -0.0961067 -0.288183
vn -0.205345 -0.936416 0.284531
v 0.0114757 -0.09707 -0.287522
vn -0.000591519 -0.959135 0.282948
v 0.0231955 -0.0961067 -0.288183
vn 0.202678 -0.934636 0.292193
v 0.0329159 -0.0932178 -0.29017
vn 0.501657 -0.81498 0.290082
v -0.00993077 -0.0983618 -0.301817
vn -0.458291 -0.792401 0.402581
v -0.000231354 -0.100886 -0.300019
vn -0.182205 -0.881743 0.435121
v 0.0114757 -0.101729 -0.299421
vn 0.00488481 -0.897721 0.440537
v 0.0231818 -0.100886 -0.300019
vn 0.199267 -0.881266 0.42856
v 0.0328822 -0.0983618 -0.301817
vn 0.404454 -0.812647 0.419549
v -0.00996447 -0.0725377 -0.304521
vn -0.476381 0.659961 -0.580958
v -0.00024505 -0.0696699 -0.306538
vn -0.209574 0.709 -0.673348
v -0.000231354 -0.0778828 -0.31639
vn -0.170183 0.77731 -0.605662
v 0.0114757 -0.0687129 -0.307209
vn 0.000233658 0.714894 -0.699232
v 0.0114757 -0.0770416 -0.316989
vn -0.0114502 0.781736 -0.623505
v 0.0231955 -0.0696699 -0.306538
vn 0.21165 0.704421 -0.677492
v 0.0231818 -0.0778828 -0.31639
vn 0.167363 0.778132 -0.605393
v 0.0329159 -0.0725377 -0.304521
vn 0.496994 0.629751 -0.597001
v 0.0328822 -0.0804084 -0.314593
vn 0.465973 0.706417 -0.53277
v -0.0101982 -0.0654261 -0.29764
vn -0.505096 0.515711 -0.692041
v -0.000339805 -0.0621708 -0.300021
vn -0.232538 0.537858 -0.81033
v 0.0114757 -0.0610854 -0.300813
vn -0.00410309 0.535268 -0.844672
v 0.0232913 -0.0621708 -0.300021
vn 0.224314 0.529915 -0.817847
v 0.0331497 -0.0654261 -0.29764
vn 0.515408 0.464487 -0.720144
v -0.0108341 -0.0569932 -0.292767
vn -0.592395 0.31869 -0.739936
v -0.000597729 -0.0533158 -0.295803
vn -0.252853 0.311207 -0.916087
v 0.0114757 -0.0520914 -0.296815
vn -0.0115101 0.300619 -0.953675
v 0.0235492 -0.0533158 -0.295803
vn 0.228748 0.304338 -0.924691
v 0.0337856 -0.0569932 -0.292767
vn 0.590363 0.28108 -0.756614
v -0.0120711 -0.0451534 -0.288719
vn -0.641795 0.088236 -0.761783
v -0.00110097 -0.0410349 -0.292851
vn -0.234174 0.087579 -0.968242
v 0.0114757 -0.039661 -0.294229
vn -0.000384078 0.0689836 -0.997618
v 0.0240525 -0.0410349 -0.292851
vn 0.261223 0.111063 -0.958868
v 0.0350226 -0.0451534 -0.288719
vn 0.548813 0.0473305 -0.834604
v -0.00845896 -0.119019 -0.203989
vn -0.371721 -0.869543 -0.325144
v 0.000366621 -0.121157 -0.203433
vn -0.129246 -0.925801 -0.355229
v 0.00121833 -0.12571 -0.190021
vn -0.121979 -0.968093 -0.218902
v 0.0114757 -0.12187 -0.203246
vn -0.0056183 -0.936542 -0.35051
v 0.0114757 -0.1264 -0.189172
vn -0.00129107 -0.975021 -0.222109
v 0.022848 -0.117669 -0.212023
vn 0.144982 -0.914866 -0.37683
v 0.0217331 -0.12571 -0.190021
vn 0.12056 -0.959049 -0.256299
v 0.0314104 -0.119019 -0.203989
vn 0.397072 -0.852186 -0.340754
v 0.0293143 -0.123642 -0.19257
vn 0.299349 -0.916241 -0.266257
v -0.00975285 -0.111591 -0.22045
vn -0.391544 -0.844604 -0.365155
v -0.00036718 -0.110153 -0.229863
vn -0.172098 -0.904932 -0.389204
v 0.0114757 -0.115044 -0.220667
vn -0.00566527 -0.924162 -0.381959
v 0.0332171 -0.107039 -0.229974
vn 0.436199 -0.821628 -0.366958
v -0.0120711 -0.0928293 -0.258672
vn -0.524104 -0.793392 -0.309586
v -0.000208199 -0.0840543 -0.227678
vn -0.150329 0.827048 0.541657
v 0.0114757 -0.0833257 -0.22727
vn -0.00369772 0.834889 0.550405
v 0.0231597 -0.0840543 -0.227678
vn 0.137977 0.829751 0.54081
v 0.0313767 -0.105553 -0.197466
vn 0.341927 0.780149 0.523884
v -0.00842528 -0.105553 -0.197466
vn -0.354517 0.777698 0.519137
v 0.000380317 -0.104702 -0.195559
vn -0.105379 0.828988 0.549249
v 0.0114757 -0.104419 -0.194923
vn 0.0147653 0.830379 0.557004
v 0.0225712 -0.104702 -0.195559
vn 0.107399 0.823917 0.55644
v -0.00636284 -0.112217 -0.186994
vn -0.272493 0.747754 0.605485
v 0.00121833 -0.113075 -0.183837
vn -0.116173 0.748283 0.653128
v 0.0114757 -0.113361 -0.182783
vn 0.00113091 0.751652 0.659559
v 0.0217331 -0.113075 -0.183837
vn 0.120349 0.744587 0.656587
v 0.0293143 -0.112217 -0.186994
vn 0.322428 0.680143 0.658366
v -0.00836948 -0.116165 -0.185341
vn -0.589107 0.461019 0.663638
v 0.000403472 -0.119082 -0.179166
vn -0.27182 0.444632 0.853473
v 0.0114757 -0.120054 -0.177109
vn -0.0126258 0.467202 0.884061
v 0.022548 -0.119082 -0.179166
vn 0.261206 0.397568 0.879608
v 0.031321 -0.116165 -0.185341
vn 0.65276 0.364285 0.66423
v -0.00903906 -0.119881 -0.185976
vn -0.837339 -0.0985632 0.537726
v 0.000131852 -0.123539 -0.178844
vn -0.445415 -0.343062 0.826991
v 0.0114757 -0.12476 -0.176465
vn 9.11223e-05 -0.445451 0.895306
v 0.0228196 -0.123539 -0.178844
vn 0.446286 -0.451104 0.772874
v 0.0319905 -0.119881 -0.185976
vn 0.847788 -0.231994 0.4769
v -0.00836948 -0.122621 -0.188518
vn -0.728378 -0.662234 0.175816
v 0.000403472 -0.125924 -0.182565
vn -0.264604 -0.942629 0.203555
v 0.0114757 -0.127025 -0.18058
vn 0.0129387 -0.988826 0.148513
v 0.022548 -0.125924 -0.182565
vn 0.275809 -0.949522 0.149456
v 0.031321 -0.122621 -0.188518
vn 0.674047 -0.732345 0.0966015
v -0.00636284 -0.123642 -0.19257
vn -0.390417 -0.904533 -0.171451
v -0.00842528 0.0175932 -0.274318
vn -0.397125 0.139114 0.90716
v 0.000380317 0.019084 -0.272762
vn -0.147725 0.151114 0.977416
v 0.00121833 0.0329262 -0.275538
vn -0.121667 0.296029 0.947399
v 0.0114757 0.0195799 -0.272243
vn 0.00180528 0.152972 0.988229
v 0.0114757 0.0340084 -0.275366
vn -0.00106437 0.296031 0.955178
v 0.0225712 0.019084 -0.272762
vn 0.118717 0.153577 0.980979
v 0.0217331 0.0329262 -0.275538
vn 0.117645 0.29151 0.949306
v 0.0313767 0.0175932 -0.274318
vn 0.336056 0.138765 0.931563
v 0.0293143 0.0296846 -0.276056
vn 0.341494 0.248884 0.906332
v -0.00993077 -0.0359867 -0.267554
vn -0.335378 0.139582 0.931686
v -0.0107783 -0.0234679 -0.289117
vn -0.431377 0.0191612 -0.901968
v -0.00036718 -0.0115692 -0.29201
vn -0.196927 0.0309389 -0.97993
v 0.0233176 -0.0115692 -0.29201
vn 0.18202 0.0326762 -0.982752
v 0.0314104 0.0162899 -0.289229
vn 0.373712 0.0412717 -0.926626
v -0.00845896 0.0162899 -0.289229
vn -0.381982 0.0456777 -0.92304
v 0.000366621 0.0175774 -0.290944
vn -0.101738 0.0545063 -0.993317
v 0.0114757 0.0180081 -0.291517
vn 0.013753 0.0590289 -0.998162
v 0.0225849 0.0175774 -0.290944
vn 0.106791 0.0674306 -0.991992
v -0.00636284 0.0288013 -0.288738
vn -0.273782 0.148153 -0.950313
v 0.00121833 0.031965 -0.289574
vn -0.116163 0.19041 -0.974808
v 0.0114757 0.0330199 -0.289852
vn 0.00138006 0.194512 -0.980899
v 0.0217331 0.031965 -0.289574
vn 0.120703 0.194722 -0.973403
v 0.0293143 0.0288013 -0.288738
vn 0.322611 0.227806 -0.918709
v -0.00836948 0.0322071 -0.286147
vn -0.591343 0.342441 -0.730101
v 0.000403472 0.0390134 -0.286707
vn -0.271842 0.516865 -0.811759
v 0.0114757 0.0412812 -0.286894
vn -0.0126605 0.532042 -0.846623
v 0.022548 0.0390134 -0.286707
vn 0.26124 0.563061 -0.784038
v 0.031321 0.0322071 -0.286147
vn 0.654721 0.391068 -0.646843
v -0.00903906 0.0335136 -0.282609
vn -0.837703 0.514291 -0.183734
v 0.000131852 0.0415212 -0.283006
vn -0.445428 0.887701 -0.116538
v 0.0114757 0.0441911 -0.283139
vn 0.000132205 0.998085 -0.0618501
v 0.0228196 0.0415212 -0.283006
vn 0.44632 0.894864 0.00421508
v 0.0319905 0.0335136 -0.282609
vn 0.848212 0.528293 -0.0379993
v -0.00836948 0.0326851 -0.278966
vn -0.727399 0.484761 0.485692
v 0.000403472 0.0394914 -0.279083
vn -0.264604 0.64756 0.714598
v 0.0114757 0.0417602 -0.279119
vn 0.0129186 0.623018 0.782101
v 0.022548 0.0394914 -0.279083
vn 0.275843 0.604192 0.747571
v 0.031321 0.0326851 -0.278966
vn 0.672929 0.451182 0.586176
v -0.00636284 0.0296846 -0.276056
vn -0.388926 0.306137 0.868917
v 0.0225712 -0.126158 -0.349208
vn 0.143129 -0.884209 0.444622
v -0.00842528 -0.124077 -0.349002
vn -0.352671 -0.832861 0.426575
v 0.000380317 -0.126158 -0.349208
vn -0.109059 -0.889124 0.444482
v 0.0114757 -0.126852 -0.349277
vn -0.00317057 -0.899278 0.437365
v 0.0313767 -0.124077 -0.349002
vn 0.358954 -0.832438 0.422137
v -0.00636284 -0.12982 -0.35999
vn -0.338615 -0.880914 0.330652
v 0.00121833 -0.132126 -0.362312
vn -0.116196 -0.939697 0.321664
v 0.0114757 -0.132895 -0.363086
vn 0.00118473 -0.946973 0.321311
v 0.0217331 -0.132126 -0.362312
vn 0.120405 -0.940807 0.316836
v 0.0293143 -0.12982 -0.35999
vn 0.385368 -0.884254 0.263793
v -0.00836948 -0.129279 -0.364237
vn -0.666285 -0.745575 -0.0134673
v 0.000403472 -0.133167 -0.369849
vn -0.271834 -0.961439 -0.0417338
v 0.0114757 -0.134463 -0.371721
vn -0.012635 -0.999218 -0.0374671
v 0.022548 -0.133167 -0.369849
vn 0.261202 -0.960542 -0.095562
v 0.031321 -0.129279 -0.364237
vn 0.721525 -0.68528 -0.0989592
v -0.00903906 -0.126868 -0.367137
vn -0.84742 -0.294279 -0.441904
v 0.000131852 -0.131217 -0.373872
vn -0.445427 -0.544703 -0.710558
v 0.0114757 -0.132666 -0.376118
vn 0.000120853 -0.552639 -0.833421
v 0.0228196 -0.131217 -0.373872
vn 0.446289 -0.443865 -0.777052
v 0.0319905 -0.126868 -0.367137
vn 0.839027 -0.167628 -0.517624
v -0.00836948 -0.123298 -0.368239
vn -0.659017 0.284834 -0.696107
v 0.000403472 -0.126803 -0.374076
vn -0.264638 0.294991 -0.918121
v 0.0114757 -0.127971 -0.376023
vn 0.0129227 0.365819 -0.930596
v 0.022548 -0.126803 -0.374076
vn 0.275831 0.3454 -0.897004
v 0.031321 -0.123298 -0.368239
vn 0.59547 0.382777 -0.706326
v -0.00636284 -0.119279 -0.367099
vn -0.325683 0.607136 -0.724787
v 0.00121833 -0.120453 -0.370163
vn -0.12166 0.672718 -0.729829
v 0.0114757 -0.120843 -0.371185
vn -0.00110229 0.679344 -0.733819
v 0.0217331 -0.120453 -0.370163
vn 0.117624 0.676541 -0.72695
v 0.0293143 -0.119279 -0.367099
vn 0.275272 0.681553 -0.678019
v -0.00842528 -0.111748 -0.357498
vn -0.3688 0.72636 -0.57999
v 0.000380317 -0.111134 -0.359564
vn -0.104093 0.758588 -0.643202
v 0.0114757 -0.11093 -0.360252
vn -0.00792173 0.765219 -0.643721
v 0.0225712 -0.111134 -0.359564
vn 0.122133 0.775726 -0.619139
v 0.0313767 -0.111748 -0.357498
vn 0.35995 0.734026 -0.575883
v -5.02847e-05 -0.0998852 -0.345278
vn -0.175386 0.780813 -0.599642
v 0.0114757 -0.0993367 -0.345829
vn 0.00924553 0.78992 -0.61314
v -0.00993077 -0.0804084 -0.314593
vn -0.43764 0.719259 -0.539572
v 0.0407698 -0.098445 -0.322741
vn 0.999507 -0.00244827 -0.031306
v 0.0379546 -0.104919 -0.341721
vn 0.747497 0.523141 -0.409356
v 0.0390201 -0.0716597 -0.294069
vn 0.859666 0.387704 -0.332657
v 0.0379546 -0.112633 -0.336282
vn 0.730893 -0.608424 0.309219
v 0.0389169 -0.0885402 -0.29349
vn 0.847055 -0.477587 0.233256
v 0.0397949 -0.108849 -0.339115
vn 0.992592 -0.111123 -0.049126
v 0.0357037 -0.122063 -0.352038
vn 0.790016 -0.586913 0.177224
v 0.0371471 -0.118891 -0.354765
vn 0.975005 -0.0845782 -0.205456
v 0.0357037 -0.11523 -0.356735
vn 0.793675 0.372938 -0.480622
v -0.0159654 -0.0885402 -0.29349
vn -0.84703 -0.477619 0.233281
v -0.0150032 -0.112633 -0.336282
vn -0.730867 -0.608446 0.309236
v -0.0127533 -0.122063 -0.352038
vn -0.790017 -0.586912 0.177224
v -0.0178194 -0.098445 -0.322741
vn -0.999507 -0.00244768 -0.0313064
v -0.0168434 -0.108849 -0.339115
vn -0.992594 -0.111092 -0.0491595
v -0.0141956 -0.118891 -0.354765
vn -0.975006 -0.0845785 -0.205452
v -0.0160686 -0.0716597 -0.294069
vn -0.859647 0.387734 -0.332669
v -0.0150032 -0.104919 -0.341721
vn -0.747477 0.523161 -0.409366
v -0.0127533 -0.11523 -0.356735
vn -0.793676 0.372937 -0.480621
v 0.0389358 -0.0372164 -0.271594
vn 0.723426 0.11983 0.679923
v 0.0379588 0.000338965 -0.276055
vn 0.721219 0.11202 0.683589
v 0.0357048 0.0186608 -0.277699
vn 0.793081 0.201409 0.574854
v 0.0410309 -0.0296963 -0.277897
vn 0.991413 0.0515365 0.120188
v 0.0398276 -0.000114791 -0.280662
vn 0.99671 0.0809357 -0.00441932
v 0.0371514 0.0187671 -0.281842
vn 0.974912 0.213378 -0.063373
v 0.0398054 -0.0416645 -0.282664
vn 0.92339 -0.000216669 -0.383863
v 0.0391653 -0.0217182 -0.284261
vn 0.886757 0.00496974 -0.462209
v 0.0380683 -0.000928616 -0.285339
vn 0.722751 0.0412386 -0.689877
v 0.0357185 0.0179596 -0.28595
vn 0.790684 0.165942 -0.589307
v -0.0180794 -0.0296963 -0.277897
vn -0.99141 0.0515275 0.120212
v -0.0162139 -0.0217182 -0.284261
vn -0.846997 0.00787975 -0.531539
v -0.016854 -0.0416645 -0.282664
vn -0.923391 -0.000216293 -0.383861
v -0.0150074 0.000338965 -0.276055
vn -0.786388 0.106979 0.608399
v -0.0159844 -0.0372164 -0.271594
vn -0.663562 0.120874 0.738292
v -0.0168771 -0.000114791 -0.280662
vn -0.99671 0.0809358 -0.0044167
v -0.0151169 -0.000928616 -0.285339
vn -0.741759 0.0447999 -0.669168
v -0.0127533 0.0186608 -0.277699
vn -0.79306 0.201417 0.57488
v -0.0141999 0.0187671 -0.281842
vn -0.974905 0.213395 -0.0634192
v -0.012767 0.0179596 -0.28595
vn -0.790685 0.165942 -0.589305
v 0.0398054 -0.0887676 -0.253428
vn 0.837155 -0.503849 -0.212858
v 0.0391653 -0.098686 -0.236287
vn 0.87325 -0.44109 -0.207062
v 0.0380683 -0.108309 -0.218071
vn 0.72459 -0.641396 -0.25215
v 0.0357185 -0.116624 -0.201305
vn 0.798081 -0.590786 -0.118484
v 0.0411772 -0.0842575 -0.249166
vn 0.998123 0.000688058 0.0612381
v 0.0398276 -0.104207 -0.215752
vn 0.996651 0.00539465 0.0815956
v 0.0371514 -0.113104 -0.199092
vn 0.974297 -0.0516501 0.219268
v 0.0389358 -0.0799294 -0.245873
vn 0.810775 0.470097 0.348787
v 0.0379588 -0.100005 -0.213791
vn 0.704279 0.582763 0.405435
v 0.0357048 -0.109174 -0.197695
vn 0.786878 0.425316 0.447134
v -0.0107783 -0.102486 -0.239497
vn -0.507433 -0.780832 -0.364434
v -0.0162139 -0.098686 -0.236287
vn -0.846777 -0.483753 -0.221251
v -0.016854 -0.0887676 -0.253428
vn -0.852475 -0.481729 -0.203039
v -0.0168771 -0.104207 -0.215752
vn -0.996651 0.00539603 0.0815964
v -0.0182258 -0.0842575 -0.249166
vn -0.998124 0.000676624 0.0612164
v -0.0151169 -0.108309 -0.218071
vn -0.740993 -0.626417 -0.24193
v -0.0150074 -0.100005 -0.213791
vn -0.704253 0.582785 0.405451
v -0.0159844 -0.0799294 -0.245873
vn -0.810755 0.470125 0.348796
v -0.012767 -0.116624 -0.201305
vn -0.79806 -0.590813 -0.118491
v -0.0141999 -0.113104 -0.199092
vn -0.974289 -0.0516168 0.219309
v -0.0127533 -0.109174 -0.197695
vn -0.78688 0.425314 0.447133
v 0.039159 -0.0842859 -0.281361
vn 0.876968 -0.476567 0.0617339
v 0.0398391 -0.0824761 -0.269833
vn 0.890836 -0.439478 -0.115199
v 0.0395686 -0.0629752 -0.286469
vn 0.926261 0.118725 -0.357695
v 0.0414447 -0.071785 -0.278106
vn 0.997194 -0.0579512 -0.0473941
v -0.0168877 -0.0824761 -0.269833
vn -0.890836 -0.439478 -0.115199
v -0.0162075 -0.0842859 -0.281361
vn -0.876968 -0.476567 0.0617338
v -0.0184932 -0.071785 -0.278106
vn -0.997194 -0.0579506 -0.0473822
v -0.0166171 -0.0629752 -0.286469
vn -0.92626 0.118724 -0.357695
v 0.0418373 -0.0788177 -0.264902
vn 0.98485 -0.165471 -0.0518696
v 0.0418794 -0.0699036 -0.264338
vn 0.967908 0.15269 0.199599
v 0.0390116 -0.0709501 -0.256745
vn 0.671867 0.535272 0.511937
v 0.0425153 -0.0684466 -0.273061
vn 0.995553 -0.0227271 -0.0914189
v 0.0390369 -0.0618603 -0.263932
vn 0.726087 0.364594 0.582982
v 0.0418373 -0.0564615 -0.278711
vn 0.967632 0.0530972 -0.246716
v 0.0417794 -0.05356 -0.273331
vn 0.98386 0.0994933 0.148732
v 0.0390116 -0.051126 -0.268518
vn 0.752334 0.202714 0.626818
v -0.0188859 -0.0788177 -0.264902
vn -0.98485 -0.165472 -0.0518698
v -0.0195639 -0.0684466 -0.273061
vn -0.995553 -0.0227284 -0.0914208
v -0.0188859 -0.0564615 -0.278711
vn -0.967632 0.0530976 -0.246715
v -0.018928 -0.0699036 -0.264338
vn -0.967908 0.15269 0.1996
v -0.018828 -0.05356 -0.273331
vn -0.98386 0.099494 0.148732
v -0.0160602 -0.0709501 -0.256745
vn -0.671866 0.535273 0.511937
v -0.0160854 -0.0618603 -0.263932
vn -0.726087 0.364594 0.582982
v -0.0160602 -0.051126 -0.268518
vn -0.752334 0.202713 0.626817
v 0.0924169 0.0767973 0.321096
vn 0 -0.559512 0.828822
v 0.0924169 0.0865514 0.316941
vn 0 0.986893 0.161375
v -0.0715531 0.0767973 0.321096
vn 0 -0.559512 0.828822
v -0.0715531 0.0865514 0.316941
vn 0 0.986893 0.161375
v -0.0715531 0.0703026 0.305972
vn 0 -0.87705 -0.4804
v 0.0924169 0.0703026 0.305972
vn 0 -0.995279 0.097051
v 0.0924169 0.079942 0.301864
vn 0 0.256182 -0.966629
v -0.0715531 0.079942 0.301864
vn 0 0.751605 -0.659613
v 0.000317141 -0.184339 0.414838
vn -0.857825 -0.0103927 -0.513838
v 0.000317141 -0.120398 0.406046
vn -0.745976 0.157582 0.647061
v 0.000317141 -0.168091 0.412499
vn -0.145966 -0.25954 -0.954638
v 0.000317141 -0.145323 0.467904
vn -0.561567 -0.539136 -0.627675
v 0.000317141 -0.0624467 0.372799
vn -0.993311 0.095505 0.0648962
v 0.000317141 -0.134995 0.455573
vn -0.365087 -0.783746 -0.502448
v 0.000317141 -0.0698826 0.296995
vn -0.811509 0.498175 0.30541
v 0.000317141 -0.0919397 0.356586
vn -0.777052 -0.612132 -0.146575
v 0.000317141 -0.0747707 0.312217
vn -0.210341 0.960844 0.180375
v 0.000317141 -0.0390135 0.498937
vn -1 0 0
v 0.000317141 -0.085604 0.490543
vn -0.920385 -0.0637002 -0.38579
v 0.000317141 -0.101992 0.510332
vn -1 0 0
v 0.000317141 -0.112985 0.415426
vn -0.98463 -0.169118 -0.0436255
v 0.000317141 -0.115004 0.366027
vn -0.971054 -0.217124 0.0995542
v 0.000317141 -0.113627 0.411078
vn -0.505988 -0.760921 0.406172
v 0.000317141 -0.140802 0.40404
vn -0.278042 -0.332321 -0.901252
v 0.000317141 -0.11567 0.370415
vn -0.645197 -0.725925 -0.23823
v 0.000317141 -0.137222 0.411476
vn -0.374035 0.352417 0.857846
v 0.000317141 -0.120582 0.431201
vn -0.608479 -0.701341 -0.371314
v 0.000317141 -0.0893004 0.339544
vn -0.412048 -0.909183 -0.0600327
v 0.000317141 -0.0790409 0.340372
vn -0.342018 0.934495 0.098707
v 0.000317141 -0.163775 0.423125
vn -0.4919 0.412641 0.766656
v 0.000317141 -0.0881981 0.311385
vn -0.530773 -0.846816 0.0344008
v 0.000317141 -0.0213634 0.462979
vn -0.961572 -0.219729 -0.164617
v 0.000317141 -0.0108986 0.439629
vn -0.808505 0.0466072 -0.58664
v 0.000317141 -0.0215718 0.454133
vn -0.351692 -0.826274 0.439982
v 0.000317141 -0.124575 0.397255
vn -0.354819 -0.537814 -0.764761
v 0.000317141 -0.0802568 0.35802
vn -0.412042 0.905453 -0.101859
v 0.000317141 -0.116267 0.407706
vn -0.770651 -0.333403 0.543083
v 0.000317141 -0.118332 0.373807
vn -0.798071 -0.402297 -0.448597
v 0.000317141 -0.0795683 0.483615
vn -0.776015 -0.614213 -0.14333
v 0.000317141 -0.177936 0.432069
vn -0.885618 0.341868 0.314335
v 0.000317141 -0.0899889 0.294948
vn -0.634827 -0.712703 0.298411
v 0.000317141 -0.122463 0.375503
vn -0.705088 0.0394312 -0.708022
v 0.000317141 -0.106674 0.489466
vn -0.775923 0.101715 -0.622573
v 0.000317141 -0.13651 0.305454
vn -0.490811 0.867195 -0.0841266
v 0.000317141 -0.149845 0.315965
vn -0.717077 -0.315789 0.621351
v 0.000317141 -0.13013 0.320163
vn -0.441307 0.770937 -0.459243
v 0.000317141 -0.13892 0.327673
vn -0.534471 -0.658701 0.529578
v 0.000317141 -0.0323809 0.442288
vn -0.452445 -0.571639 0.684487
v 0.000317141 -0.0260231 0.432668
vn -0.506957 0.412329 -0.756954
v 0.000317141 -0.11466 0.344133
vn -0.513331 0.700039 -0.496424
v 0.000317141 -0.12329 0.350876
vn -0.420478 -0.763361 0.490386
v 0.000317141 -0.0550803 0.42474
vn -0.478247 -0.508635 0.715941
v 0.000317141 -0.0497784 0.417173
vn -0.360043 0.529126 -0.768372
v 0.000317141 -0.103896 0.358234
vn -0.649979 0.510295 -0.56314
v 0.000317141 -0.0699289 0.414902
vn -0.716049 -0.275733 0.641284
v 0.000317141 -0.0632036 0.406201
vn -0.264152 0.668394 -0.695322
v 0.000317141 -0.0589114 0.38426
vn -0.666252 0.0586828 -0.743414
v 0.000317141 -0.0743591 0.414724
vn -0.819421 0.169153 0.547665
v 0.000317141 -0.062194 0.38121
vn -0.792218 0.483567 -0.372228
v 0.000317141 -0.179749 0.440499
vn -0.605234 0.782733 -0.144985
v 0.000317141 -0.202379 0.441679
vn -1 0 0
v 0.000317141 -0.191202 0.412966
vn -0.964929 0.228817 -0.128667
v 0.000317141 -0.213831 0.379281
vn -1 0 0
v 0.000317141 -0.193555 0.39845
vn -0.390799 0.913597 -0.112324
v 0.000317141 -0.19407 0.389632
vn -0.504692 0.862961 0.0241754
v 0.000317141 -0.19336 0.377881
vn -0.969847 0.190822 0.151602
v 0.000317141 -0.193039 0.321235
vn -1 0 0
v 0.000317141 -0.160585 0.48976
vn -1 0 0
v 0.000317141 -0.123198 0.485174
vn -0.630788 0.499034 -0.594198
v 0.000317141 -0.12687 0.477297
vn -0.839806 0.542754 0.0120331
v 0.000317141 -0.12267 0.461336
vn -0.659259 0.712795 0.239376
v 0.000317141 -0.0996967 0.359866
vn -0.896635 0.0176796 -0.442418
v 0.000317141 -0.0954729 0.359303
vn -0.610619 -0.371526 -0.699366
v 0.000317141 -0.0782134 0.361957
vn -0.373769 0.628411 -0.6822
v 0.000317141 -0.0745886 0.364269
vn -0.136013 0.213383 -0.967454
v 0.000317141 -0.0700668 0.36451
vn -0.440739 -0.522061 -0.730206
v 0.000317141 -0.0499616 0.360139
vn -0.582524 0.559295 0.589792
v 0.000317141 -0.0569153 0.35337
vn -0.266504 -0.680498 -0.682567
v 0.000317141 -0.0372701 0.332799
vn -0.52969 -0.658466 -0.534651
v 0.000317141 -0.0283877 0.341321
vn -0.473266 0.554622 0.684408
v 0.000317141 -0.0277444 0.319255
vn -0.821344 -0.552123 -0.143367
v 0.000317141 -0.0146634 0.332869
vn -0.369306 0.307608 0.876921
v 0.000317141 -0.122418 0.393425
vn -0.24771 -0.953244 -0.173103
v 0.000317141 -0.122372 0.389145
vn -0.105766 -0.931807 0.347203
v 0.000317141 -0.124621 0.385312
vn -0.240032 -0.369126 0.897848
v 0.000317141 -0.141146 0.379972
vn -0.354336 -0.217445 0.909485
v 0.000317141 -0.138851 0.370738
vn -0.52637 0.273635 -0.805021
v 0.000317141 -0.168802 0.374055
vn -0.561298 -0.106635 0.820715
v 0.000317141 -0.164648 0.360359
vn -0.531639 0.343566 -0.774159
v 0.000317141 -0.185234 0.373082
vn -0.797385 0.0929199 0.596274
v 0.000317141 -0.178349 0.352141
vn -0.563058 0.543569 -0.622493
v 0.000317141 -0.183215 0.344146
vn -0.868198 0.481662 0.119309
v 0.000317141 -0.17563 0.331532
vn -0.539295 0.691807 0.48017
v 0.000317141 -0.168227 0.322294
vn -0.880492 0.354696 0.314523
v 0.000317141 -0.0637543 0.401805
vn -0.312607 0.948678 0.0478217
v 0.000317141 -0.0620108 0.397856
vn -0.182212 0.820282 0.542159
v 0.000317141 -0.0585219 0.3952
vn -0.388065 0.255964 0.885375
v 0.000317141 -0.0406896 0.39334
vn -0.561252 0.0579165 0.825616
v 0.000317141 -0.0416076 0.384231
vn -0.25248 -0.0835256 -0.96399
v 0.000317141 -0.0132853 0.381042
vn -0.506495 -0.163368 -0.846625
v 0.000317141 -0.0120009 0.392546
vn -0.453177 -0.00692539 0.891394
v 0.000317141 0.00282565 0.376795
vn -0.741933 -0.303504 -0.597847
v 0.000317141 0.00406584 0.394704
vn -0.491671 -0.313214 0.8125
v 0.000317141 -0.0781449 0.416667
vn -0.9532 0.221532 0.20575
v 0.000317141 0.00870133 0.36988
vn -0.856642 -0.505636 -0.102453
v 0.000317141 0.00987203 0.400978
vn -0.926121 -0.37706 -0.0112298
v 0.000317141 -0.00024955 0.434716
vn -0.838105 -0.373772 -0.397334
v 0.000317141 -0.0634563 0.377141
vn -0.974892 0.221055 -0.0268322
v 0.000317141 -0.0978607 0.288307
vn -0.781426 -0.087539 0.617827
v 0.000317141 -0.0625625 0.292304
vn -0.987147 0.017614 0.158842
v 0.000317141 -0.111608 0.435303
vn -0.583976 0.739023 0.335884
v 0.000317141 -0.00642421 0.333617
vn -0.961523 -0.12287 0.245717
v 0.000317141 -0.0308428 0.308046
vn -0.901875 -0.33354 0.274539
v 0.000317141 -0.170432 0.454368
vn -0.386849 0.705808 -0.59345
v 0.000317141 -0.162077 0.315903
vn -0.862412 0.101505 0.495927
v 0.000317141 -0.132425 0.296504
vn -0.93064 0.228047 0.286187
v 0.000317141 -0.144543 0.27995
vn -1 0 0
v 0.000317141 -0.119807 0.292145
vn -0.808549 0.150504 0.568856
v 0.000317141 -0.0814507 0.268541
vn -1 0 0
v 0.000317141 -0.0229026 0.289091
vn -1 0 0
v 0.000317141 -0.0542075 0.295257
vn -0.496614 -0.318831 0.807293
v 0.000317141 -0.0434205 0.30021
vn -0.531758 -0.39044 0.751525
v 0.000317141 0.0188229 0.337221
vn -1 0 0
v 0.000317141 -0.00321001 0.338596
vn -0.432961 -0.8004 0.414613
v 0.000317141 0.00329733 0.352384
vn -0.831728 -0.5232 0.185718
v 0.000317141 0.0304132 0.399563
vn -1 0 0
v 0.000317141 0.0095962 0.457617
vn -1 0 0
v 0.000317141 0.00635992 0.41829
vn -0.405695 -0.867054 -0.289188
v 0.000317141 -0.0304522 0.470549
vn -0.478937 -0.50949 -0.714871
v 0.000317141 -0.0403916 0.477087
vn -0.518287 -0.410412 -0.750294
v 0.000317141 -0.0510175 0.482348
vn -0.764384 0.0211433 -0.644415
v 0.000317141 -0.0619413 0.479185
vn -0.724323 0.487437 -0.487608
v 0.000317141 -0.0802568 0.467629
vn -0.456426 -0.875676 0.157691
v 0.000317141 -0.0690572 0.464315
vn -0.51064 0.79875 -0.318191
v 0.000317141 -0.086361 0.439813
vn -0.481563 -0.847553 0.223048
v 0.000317141 -0.0774332 0.437302
vn -0.361274 0.897653 -0.252391
v 0.000317141 -0.0914333 0.42285
vn -0.579612 -0.725633 0.370819
v 0.000317141 -0.0806232 0.420402
vn -0.32933 0.939155 -0.0976192
v 0.000317141 -0.0947391 0.4199
vn -0.958088 -0.110413 0.264342
v 0.000317141 -0.0988935 0.418949
vn -0.774448 0.0816951 0.62734
v 0.000317141 -0.103231 0.42026
vn -0.560178 0.687626 0.461921
v 0.000317141 -0.152713 0.470792
vn -0.863527 0.269265 -0.4264
v 0.0219279 -0.0323809 0.442288
vn 0.523079 -0.580588 0.623944
v 0.0219279 -0.0215718 0.454133
vn 0.600709 -0.70566 0.375756
v 0.0219279 -0.0550803 0.42474
vn 0.422159 -0.541973 0.726668
v 0.0219279 -0.0699289 0.414902
vn 0.556902 -0.417672 0.717921
v 0.0219279 -0.0743591 0.414724
vn 0.815476 0.072051 0.574288
v 0.0219279 -0.0781449 0.416667
vn 0.954779 0.179634 0.236915
v 0.0219279 -0.0806232 0.420402
vn 0.474251 0.878086 0.0636495
v 0.0219279 -0.0774332 0.437302
vn 0.415013 0.88416 -0.214535
v 0.0219279 -0.0690572 0.464315
vn 0.445497 0.845956 -0.293072
v 0.0219279 -0.0619413 0.479185
vn 0.46503 0.625889 -0.626108
v 0.0219279 -0.0510175 0.482348
vn 0.75935 -0.145095 -0.634298
v 0.0219279 -0.0403916 0.477087
vn 0.517865 -0.440745 -0.733185
v 0.0219279 -0.0304522 0.470549
vn 0.479652 -0.535752 -0.694913
v 0.0219279 -0.0213634 0.462979
vn 0.969119 -0.233234 -0.0800679
v 0.0219279 -0.0283877 0.341321
vn 0.544017 0.494142 0.678137
v 0.0219279 -0.0146634 0.332869
vn 0.622209 0.25913 0.738721
v 0.0219279 -0.0499616 0.360139
vn 0.522597 0.571761 0.63244
v 0.0219279 -0.0624467 0.372799
vn 0.98459 0.131553 0.11522
v 0.0219279 -0.0634563 0.377141
vn 0.9741 0.225719 0.0133959
v 0.0219279 -0.062194 0.38121
vn 0.797448 0.535543 -0.277977
v 0.0219279 -0.0589114 0.38426
vn 0.8095 0.144709 -0.569007
v 0.0219279 -0.0416076 0.384231
vn 0.293796 -0.0492681 -0.954598
v 0.0219279 -0.0132853 0.381042
vn 0.441907 -0.129626 -0.887646
v 0.0219279 0.00282565 0.376795
vn 0.582063 -0.368086 -0.725062
v 0.0219279 0.00870133 0.36988
vn 0.923436 -0.381122 0.0448564
v 0.0219279 0.00329733 0.352384
vn 0.552188 -0.765296 0.330773
v 0.0219279 -0.00642421 0.333617
vn 0.837009 -0.356349 0.415249
v 0.0219279 -0.0747707 0.312217
vn 0.251511 0.941193 0.225605
v 0.0219279 -0.0698826 0.296995
vn 0.921662 0.330782 0.202789
v 0.0219279 -0.0790409 0.340372
vn 0.297232 0.946604 0.124873
v 0.0219279 -0.0802568 0.35802
vn 0.283834 0.958826 0.00949388
v 0.0219279 -0.0782134 0.361957
vn 0.370234 0.74059 -0.560762
v 0.0219279 -0.0745886 0.364269
vn 0.138482 0.378277 -0.915275
v 0.0219279 -0.0700668 0.36451
vn 0.602888 -0.345346 -0.71921
v 0.0219279 -0.0569153 0.35337
vn 0.309857 -0.648461 -0.695332
v 0.0219279 -0.0372701 0.332799
vn 0.463435 -0.661065 -0.590102
v 0.0219279 -0.0277444 0.319255
vn 0.584268 -0.785511 -0.20397
v 0.0219279 -0.0308428 0.308046
vn 0.972498 -0.179829 0.148019
v 0.0219279 -0.0434205 0.30021
vn 0.503739 -0.429956 0.749256
v 0.0219279 -0.0542075 0.295257
vn 0.46084 -0.350362 0.815397
v 0.0219279 -0.0625625 0.292304
vn 0.956049 0.0323159 0.291422
v 0.0219279 -0.13013 0.320163
vn 0.510587 0.760105 -0.401921
v 0.0219279 -0.13651 0.305454
vn 0.551494 0.830281 -0.0805456
v 0.0219279 -0.11466 0.344133
vn 0.455577 0.738801 -0.496612
v 0.0219279 -0.103896 0.358234
vn 0.489561 0.660349 -0.569446
v 0.0219279 -0.0996967 0.359866
vn 0.893131 0.0940941 -0.439845
v 0.0219279 -0.0954729 0.359303
vn 0.616716 -0.240471 -0.749557
v 0.0219279 -0.0919397 0.356586
vn 0.885736 -0.426154 -0.184023
v 0.0219279 -0.0893004 0.339544
vn 0.469239 -0.878467 -0.0900587
v 0.0219279 -0.0881981 0.311385
vn 0.465378 -0.885098 -0.00503352
v 0.0219279 -0.0899889 0.294948
vn 0.508788 -0.794094 0.33249
v 0.0219279 -0.0978607 0.288307
vn 0.926023 -0.0756144 0.369815
v 0.0219279 -0.112629 0.290319
vn 0.371902 0.169034 0.912752
v 0.0219279 -0.124105 0.293395
vn 0.953179 0.0901875 0.288647
v 0.0219279 -0.132425 0.296504
vn 0.825376 0.370951 0.425616
v 0.0219279 -0.183215 0.344146
vn 0.783129 0.606077 -0.139208
v 0.0219279 -0.178349 0.352141
vn 0.684703 0.479377 -0.54898
v 0.0219279 -0.164648 0.360359
vn 0.601358 0.359634 -0.713465
v 0.0219279 -0.138851 0.370738
vn 0.466506 0.310907 -0.828076
v 0.0219279 -0.122463 0.375503
vn 0.545365 0.174037 -0.819932
v 0.0219279 -0.118332 0.373807
vn 0.794465 -0.320383 -0.515927
v 0.0219279 -0.11567 0.370415
vn 0.649027 -0.670466 -0.359497
v 0.0219279 -0.115004 0.366027
vn 0.987347 -0.152272 0.0442606
v 0.0219279 -0.12329 0.350876
vn 0.477174 -0.752965 0.453154
v 0.0219279 -0.13892 0.327673
vn 0.466042 -0.716011 0.519743
v 0.0219279 -0.149845 0.315965
vn 0.562421 -0.374624 0.737115
v 0.0219279 -0.162077 0.315903
vn 0.953399 0.156671 0.257844
v 0.0219279 -0.172049 0.326804
vn 0.53212 0.656588 0.534547
v 0.0219279 -0.178923 0.33645
vn 0.47912 0.744002 0.46573
v 0.0219279 -0.191202 0.412966
vn 0.859698 0.464849 -0.21174
v 0.0219279 -0.184339 0.414838
vn 0.957942 -0.00580284 -0.286904
v 0.0219279 -0.168091 0.412499
vn 0.174209 -0.211328 -0.961765
v 0.0219279 -0.140802 0.40404
vn 0.239652 -0.308187 -0.920645
v 0.0219279 -0.124575 0.397255
vn 0.238891 -0.436176 -0.867572
v 0.0219279 -0.122418 0.393425
vn 0.245528 -0.91056 -0.332559
v 0.0219279 -0.122372 0.389145
vn 0.107176 -0.979525 0.170424
v 0.0219279 -0.124621 0.385312
vn 0.356643 -0.491515 0.794492
v 0.0219279 -0.141146 0.379972
vn 0.40634 -0.240967 0.881375
v 0.0219279 -0.168802 0.374055
vn 0.49385 -0.152823 0.856012
v 0.0219279 -0.185234 0.373082
vn 0.816429 0.0889128 0.57056
v 0.0219279 -0.19336 0.377881
vn 0.944597 0.311013 0.104917
v 0.0219279 -0.19407 0.389632
vn 0.569002 0.820815 -0.0499957
v 0.0219279 -0.179749 0.440499
vn 0.511752 0.778995 -0.362321
v 0.0219279 -0.170432 0.454368
vn 0.632166 0.614887 -0.471466
v 0.0219279 -0.163546 0.461631
vn 0.815459 0.393484 -0.424497
v 0.0219279 -0.152713 0.470792
vn 0.57757 0.106946 -0.809305
v 0.0219279 -0.145323 0.467904
vn 0.805104 -0.386473 -0.449941
v 0.0219279 -0.134995 0.455573
vn 0.426788 -0.735586 -0.526085
v 0.0219279 -0.120582 0.431201
vn 0.547839 -0.728511 -0.411272
v 0.0219279 -0.112985 0.415426
vn 0.964972 -0.243136 -0.0985578
v 0.0219279 -0.113627 0.411078
vn 0.502521 -0.822199 0.267324
v 0.0219279 -0.116267 0.407706
vn 0.774949 -0.421014 0.471381
v 0.0219279 -0.120398 0.406046
vn 0.865777 0.0419388 0.49867
v 0.0219279 -0.137222 0.411476
vn 0.42862 0.316427 0.846261
v 0.0219279 -0.163775 0.423125
vn 0.426842 0.390867 0.815493
v 0.0219279 -0.177936 0.432069
vn 0.690072 0.532766 0.489858
v 0.0219279 -0.085604 0.490543
vn 0.94719 -0.177635 -0.266976
v 0.0219279 -0.0795683 0.483615
vn 0.926425 -0.36663 -0.0855556
v 0.0219279 -0.0802568 0.467629
vn 0.526651 -0.843503 0.105547
v 0.0219279 -0.086361 0.439813
vn 0.425442 -0.880387 0.209567
v 0.0219279 -0.0914333 0.42285
vn 0.421827 -0.851787 0.310677
v 0.0219279 -0.0947391 0.4199
vn 0.956997 -0.155737 0.24475
v 0.0219279 -0.0988935 0.418949
vn 0.781115 -0.0291322 0.623707
v 0.0219279 -0.103231 0.42026
vn 0.721425 0.498231 0.48095
v 0.0219279 -0.111608 0.435303
vn 0.646158 0.683814 0.338937
v 0.0219279 -0.12267 0.461336
vn 0.592166 0.751511 0.290811
v 0.0219279 -0.12687 0.477297
vn 0.611812 0.790809 0.0175326
v 0.0219279 -0.123198 0.485174
vn 0.532829 0.346153 -0.772186
v 0.0219279 -0.106674 0.489466
vn 0.931058 0.0682136 -0.358438
v 0.0219279 -0.094498 0.490636
vn 0.430232 0.0460836 -0.901541
v 0.0219279 0.00987203 0.400978
vn 0.886079 -0.447365 0.121361
v 0.0219279 0.00406584 0.394704
vn 0.601331 -0.287395 0.745523
v 0.0219279 -0.0120009 0.392546
vn 0.52254 -0.0492981 0.851189
v 0.0219279 -0.0406896 0.39334
vn 0.502403 0.0395963 0.863726
v 0.0219279 -0.0585219 0.3952
vn 0.264374 0.155028 0.951879
v 0.0219279 -0.0620108 0.397856
vn 0.18124 0.71596 0.674205
v 0.0219279 -0.0637543 0.401805
vn 0.315207 0.923059 0.220467
v 0.0219279 -0.0632036 0.406201
vn 0.39068 0.741716 -0.545185
v 0.0219279 -0.0497784 0.417173
vn 0.413081 0.541639 -0.732114
v 0.0219279 -0.0260231 0.432668
vn 0.442807 0.464633 -0.766836
v 0.0219279 -0.0108986 0.439629
vn 0.566212 0.0652799 -0.821671
v 0.0219279 -0.00024955 0.434716
vn 0.796573 -0.511033 -0.322981
v 0.0219279 0.00635992 0.41829
vn 0.825522 -0.54526 -0.14562
v 0.0219279 -0.0390135 0.498937
vn 1 0 0
v 0.0219279 -0.101992 0.510332
vn 1 0 0
v 0.0219279 -0.202379 0.441679
vn 1 0 0
v 0.0219279 -0.213831 0.379281
vn 1 0 0
v 0.0219279 -0.193039 0.321235
vn 1 0 0
v 0.0219279 -0.160585 0.48976
vn 1 0 0
v 0.0219279 -0.144543 0.27995
vn 1 0 0
v 0.0219279 -0.0814507 0.268541
vn 1 0 0
v 0.0219279 -0.0229026 0.289091
vn 1 0 0
v 0.0219279 0.0188229 0.337221
vn 1 0 0
v 0.0219279 0.0304132 0.399563
vn 1 0 0
v 0.0219279 0.0095962 0.457617
vn 1 0 0
v -0.0359222 -0.101117 -0.236321
vn 0.999986 0.00526299 -0.000186043
v -0.0359222 -0.0730831 -0.365289
vn 0.999473 -0.00171113 -0.0324216
v -0.0359222 -0.0730831 -0.190696
vn 0.999384 0.00184997 0.0350428
v -0.0359222 -0.0495499 -0.239574
vn 0.99912 0.0188054 0.0374996
v -0.0359222 -0.0273001 -0.281579
vn 0.999973 0.00688313 0.00249113
v -0.0359222 -0.0217729 -0.348619
vn 0.988478 0.0823874 -0.126976
v -0.0359222 -0.00245938 -0.329305
vn 0.962801 0.209929 -0.17013
v -0.0359222 0.00993942 -0.30497
vn 0.888707 0.427962 -0.164463
v -0.0359222 -0.00245938 -0.226682
vn 0.981645 0.159993 0.103809
v -0.0359222 0.00993942 -0.251018
vn 0.941961 0.324314 0.0867701
v -0.0359222 0.0142127 -0.277993
vn 0.508477 0.859878 -0.0454043
v -0.0359222 -0.0217729 -0.207369
vn 0.74715 0.418479 0.516375
v -0.0359222 -0.0461083 -0.194968
vn 0.976812 0.0768097 0.199846
v -0.0359222 -0.0461083 -0.361018
vn 0.884734 0.120446 -0.450265
v -0.0359222 -0.10006 -0.194968
vn 0.884501 -0.120575 0.450689
v -0.0359222 -0.10006 -0.361018
vn 0.810621 -0.210036 -0.546606
v -0.0359222 -0.124396 -0.207369
vn 0.997629 -0.0374613 0.0577324
v -0.0359222 -0.143709 -0.329305
vn 0.997483 -0.059484 -0.0385967
v -0.0359222 -0.124396 -0.348619
vn 0.885294 -0.292795 -0.361283
v -0.0359222 -0.143709 -0.226682
vn 0.995085 -0.0769308 0.0623458
v -0.0359222 -0.156109 -0.30497
vn 0.984225 -0.17091 -0.0457226
v -0.0359222 -0.156109 -0.251018
vn 0.917314 -0.371663 0.142833
v -0.0359222 -0.124093 -0.280112
vn -0.535996 0.731718 0.421067
v -0.0359222 -0.118783 -0.274679
vn -0.535996 -0.731718 -0.421067
v -0.0359222 -0.160381 -0.277993
vn 0.508395 -0.859926 0.045397
v -0.0407398 -0.0217729 -0.348619
vn -0.986342 0.103706 -0.127966
v -0.0407398 -0.00245938 -0.329305
vn -0.962802 0.226673 -0.147075
v -0.0407398 0.00993942 -0.30497
vn -0.888704 0.442904 -0.118494
v -0.0407398 -0.00245938 -0.226682
vn -0.981645 0.14817 0.120081
v -0.0407398 0.00993942 -0.251018
vn -0.941959 0.313384 0.120431
v -0.0407398 0.0142127 -0.277993
vn -0.508487 0.859872 0.0454052
v -0.0407398 -0.0217729 -0.207369
vn -0.747149 0.361794 0.55756
v -0.0407398 -0.0461083 -0.361018
vn -0.884731 0.167192 -0.435083
v -0.0407398 -0.0461083 -0.194968
vn -0.973537 0.0590667 0.220766
v -0.0407398 -0.0730831 -0.190696
vn -0.999372 -0.00186778 0.0353809
v -0.0407398 -0.0730831 -0.365289
vn -0.999441 0.00176221 -0.0333886
v -0.0407398 -0.10006 -0.194968
vn -0.884499 -0.167368 0.435488
v -0.0407398 -0.10006 -0.361018
vn -0.810621 -0.15131 -0.565684
v -0.0407398 -0.124396 -0.207369
vn -0.995349 -0.0606555 0.0748435
v -0.0407398 -0.143709 -0.226682
vn -0.997314 -0.0614445 0.0398681
v -0.0407398 -0.143709 -0.329305
vn -0.994605 -0.0805935 -0.065313
v -0.0407398 -0.124396 -0.348619
vn -0.885294 -0.253117 -0.390111
v -0.0407398 -0.156109 -0.251018
vn -0.984226 -0.170903 0.0457227
v -0.0407398 -0.156109 -0.30497
vn -0.917314 -0.371663 -0.142833
v -0.0407398 -0.160381 -0.277993
vn -0.508385 -0.859932 -0.0453961
v 0.0588737 -0.0217729 -0.348619
vn -0.989892 0.0771953 -0.118974
v 0.0588737 -0.00245938 -0.329305
vn -0.962801 0.209929 -0.17013
v 0.0588737 0.00993942 -0.30497
vn -0.888707 0.427962 -0.164463
v 0.0588737 -0.021296 -0.277978
vn -0.999994 -0.00340626 -0.000807442
v 0.0588737 -0.00245938 -0.226682
vn -0.981645 0.159993 0.103809
v 0.0588737 0.00993942 -0.251018
vn -0.941961 0.324314 0.0867701
v 0.0588737 0.0142127 -0.277993
vn -0.508477 0.859878 -0.0454043
v 0.0588737 -0.0217729 -0.207369
vn -0.74715 0.418479 0.516375
v 0.0588737 -0.0461083 -0.361018
vn -0.884734 0.120446 -0.450265
v 0.0588737 -0.0461083 -0.194968
vn -0.973535 0.0819896 0.213323
v 0.0588737 -0.0730831 -0.190696
vn -0.999372 0.00186778 0.03538
v 0.0588737 -0.0730831 -0.365289
vn -0.999441 -0.00176221 -0.0333895
v 0.0588737 -0.10006 -0.194968
vn -0.884501 -0.120575 0.450689
v 0.0588737 -0.10006 -0.361018
vn -0.810621 -0.210036 -0.546606
v 0.0588737 -0.124396 -0.207369
vn -0.995349 -0.0524395 0.0808156
v 0.0588737 -0.143709 -0.226682
vn -0.997314 -0.0569039 0.0461157
v 0.0588737 -0.143709 -0.329305
vn -0.994605 -0.0870216 -0.0564647
v 0.0588737 -0.124396 -0.348619
vn -0.885294 -0.292795 -0.361283
v 0.0588737 -0.156109 -0.251018
vn -0.984226 -0.165143 0.0634657
v 0.0588737 -0.156109 -0.30497
vn -0.917313 -0.38464 -0.102901
v 0.0588737 -0.124093 -0.274679
vn 0.535996 0.731718 -0.421067
v 0.0588737 -0.118783 -0.280112
vn 0.535996 -0.731718 0.421067
v 0.0588737 -0.160381 -0.277993
vn -0.508395 -0.859926 0.045397
v 0.0636913 -0.0730831 -0.365289
vn 0.999473 0.00171113 -0.0324207
v 0.0636913 -0.0730831 -0.190696
vn 0.999384 -0.00184997 0.0350437
v 0.0636913 -0.0217729 -0.348619
vn 0.986445 0.103316 -0.127485
v 0.0636913 -0.00245938 -0.329305
vn 0.962802 0.226673 -0.147075
v 0.0636913 0.00993942 -0.30497
vn 0.888704 0.442904 -0.118494
v 0.0636913 -0.00245938 -0.226682
vn 0.981645 0.14817 0.120081
v 0.0636913 0.00993942 -0.251018
vn 0.941959 0.313384 0.120431
v 0.0636913 0.0142127 -0.277993
vn 0.508487 0.859872 0.0454052
v 0.0636913 -0.0217729 -0.207369
vn 0.747149 0.361794 0.55756
v 0.0636913 -0.0461083 -0.194968
vn 0.976813 0.055335 0.206819
v 0.0636913 -0.0461083 -0.361018
vn 0.884731 0.167192 -0.435083
v 0.0636913 -0.10006 -0.194968
vn 0.884499 -0.167368 0.435488
v 0.0636913 -0.10006 -0.361018
vn 0.810621 -0.15131 -0.565684
v 0.0636913 -0.124396 -0.207369
vn 0.997629 -0.0433306 0.0534662
v 0.0636913 -0.143709 -0.329305
vn 0.997483 -0.0550901 -0.044645
v 0.0636913 -0.124396 -0.348619
vn 0.885294 -0.253117 -0.390111
v 0.0636913 -0.143709 -0.226682
vn 0.995085 -0.0830694 0.0538994
v 0.0636913 -0.156109 -0.30497
vn 0.984226 -0.165143 -0.0634657
v 0.0636913 -0.156109 -0.251018
vn 0.917319 -0.384627 0.102902
v 0.0636913 -0.160381 -0.277993
vn 0.508385 -0.859932 -0.0453961
v -0.0585479 -0.0404085 -0.136353
vn -0.935069 0.131656 0.329109
v 0.0814993 -0.0404085 -0.136353
vn 0.935069 0.131656 0.329109
v -0.0941893 0.193299 0.316412
vn 0.493498 0.159327 0.855029
v -0.0771108 0.200864 0.305145
vn 0.493515 0.159331 0.855019
v -0.0758674 0.222677 0.300362
vn 0.49354 0.159342 0.855002
v -0.119029 0.22605 0.303728
vn -0.493473 -0.159317 -0.855045
v -0.10195 0.233616 0.292462
vn -0.493484 -0.159318 -0.855039
v -0.0861164 0.219367 0.285978
vn -0.493514 -0.159331 -0.855019
v 0.13173 0.229359 0.318113
vn -0.4935 0.159322 0.855029
v 0.114652 0.236924 0.306846
vn -0.493502 0.159326 0.855027
v 0.0988179 0.222677 0.300362
vn -0.493503 0.159326 0.855026
v 0.127391 0.189989 0.302027
vn 0.493489 -0.159324 -0.855035
v 0.110312 0.197555 0.29076
vn 0.493503 -0.159326 -0.855027
v 0.109068 0.219367 0.285978
vn 0.493515 -0.159331 -0.855018
v -0.137044 0.140736 0.196019
vn -0.997943 0.00981491 0.0633478
v -0.0612904 0.158624 0.330361
vn -0.433841 0.189816 0.880768
v 0.159996 0.140736 0.196019
vn 0.997943 0.00986904 0.0633405
v 0.0842419 0.158624 0.330361
vn 0.433841 0.189816 0.880768
v -0.0325564 0.085945 0.40537
vn -0.268059 -0.224959 0.93677
v 0.0555079 0.085945 0.40537
vn 0.268059 -0.224958 0.93677
f 1//1 2//2 3//3
f 4//4 5//5 2//2
f 2//2 6//6 7//7
f 5//5 8//8 6//6
f 9//9 10//10 11//11
f 12//12 13//13 10//10
f 10//10 1//1 14//14
f 13//13 4//4 1//1
f 15//15 16//16 17//17
f 18//18 19//19 16//16
f 16//16 20//20 21//21
f 19//19 22//22 20//20
f 23//23 24//24 9//9
f 25//25 17//17 24//24
f 24//24 26//26 12//12
f 17//17 21//21 26//26
f 27//27 28//28 29//29
f 28//28 30//30 29//29
f 30//30 31//31 29//29
f 31//31 32//32 29//29
f 29//29 32//32 33//33
f 33//33 32//32 34//34
f 29//29 33//33 35//35
f 35//35 33//33 36//36
f 27//27 29//29 37//37
f 37//37 29//29 35//35
f 28//28 27//27 38//38
f 38//38 27//27 37//37
f 30//30 28//28 39//39
f 39//39 28//28 38//38
f 31//31 30//30 40//40
f 40//40 30//30 39//39
f 32//32 31//31 41//41
f 41//41 31//31 40//40
f 34//34 32//32 42//42
f 42//42 32//32 41//41
f 33//33 34//34 36//36
f 36//36 34//34 42//42
f 37//37 35//35 38//38
f 38//38 35//35 39//39
f 39//39 35//35 40//40
f 40//40 35//35 41//41
f 35//35 36//36 41//41
f 36//36 42//42 41//41
f 43//43 44//44 45//45
f 44//44 46//46 45//45
f 46//46 47//47 45//45
f 47//47 48//48 45//45
f 45//45 48//48 49//49
f 49//49 48//48 50//50
f 45//45 49//49 51//51
f 51//51 49//49 52//52
f 43//43 45//45 53//53
f 53//53 45//45 51//51
f 44//44 43//43 54//54
f 54//54 43//43 53//53
f 46//46 44//44 55//55
f 55//55 44//44 54//54
f 47//47 46//46 56//56
f 56//56 46//46 55//55
f 48//48 47//47 57//57
f 57//57 47//47 56//56
f 50//50 48//48 58//58
f 58//58 48//48 57//57
f 49//49 50//50 52//52
f 52//52 50//50 58//58
f 53//53 51//51 54//54
f 54//54 51//51 55//55
f 55//55 51//51 56//56
f 56//56 51//51 57//57
f 51//51 52//52 57//57
f 52//52 58//58 57//57
f 59//59 60//60 61//61
f 60//60 62//62 61//61
f 62//62 63//63 61//61
f 63//63 64//64 61//61
f 61//61 64//64 65//65
f 65//65 64//64 66//66
f 61//61 65//65 67//67
f 67//67 65//65 68//68
f 59//59 61//61 69//69
f 69//69 61//61 67//67
f 60//60 59//59 70//70
f 70//70 59//59 69//69
f 62//62 60//60 71//71
f 71//71 60//60 70//70
f 63//63 62//62 72//72
f 72//72 62//62 71//71
f 64//64 63//63 73//73
f 73//73 63//63 72//72
f 66//66 64//64 74//74
f 74//74 64//64 73//73
f 65//65 66//66 68//68
f 68//68 66//66 74//74
f 69//69 67//67 70//70
f 70//70 67//67 71//71
f 71//71 67//67 72//72
f 72//72 67//67 73//73
f 67//67 68//68 73//73
f 68//68 74//74 73//73
f 75//75 76//76 77//77
f 76//76 78//78 77//77
f 78//78 79//79 77//77
f 79//79 80//80 77//77
f 77//77 80//80 81//81
f 81//81 80//80 82//82
f 77//77 81//81 83//83
f 83//83 81//81 84//84
f 75//75 77//77 85//85
f 85//85 77//77 83//83
f 76//76 75//75 86//86
f 86//86 75//75 85//85
f 78//78 76//76 87//87
f 87//87 76//76 86//86
f 79//79 78//78 88//88
f 88//88 78//78 87//87
f 80//80 79//79 89//89
f 89//89 79//79 88//88
f 82//82 80//80 90//90
f 90//90 80//80 89//89
f 81//81 82//82 84//84
f 84//84 82//82 90//90
f 85//85 83//83 86//86
f 86//86 83//83 87//87
f 87//87 83//83 88//88
f 88//88 83//83 89//89
f 83//83 84//84 89//89
f 84//84 90//90 89//89
f 91//91 92//92 93//93
f 92//92 94//94 93//93
f 94//94 95//95 93//93
f 95//95 96//96 93//93
f 93//93 96//96 97//97
f 97//97 96//96 98//98
f 93//93 97//97 99//99
f 99//99 97//97 100//100
f 91//91 93//93 101//101
f 101//101 93//93 99//99
f 92//92 91//91 102//102
f 102//102 91//91 101//101
f 94//94 92//92 103//103
f 103//103 92//92 102//102
f 95//95 94//94 104//104
f 104//104 94//94 103//103
f 96//96 95//95 105//105
f 105//105 95//95 104//104
f 98//98 96//96 106//106
f 106//106 96//96 105//105
f 97//97 98//98 100//100
f 100//100 98//98 106//106
f 101//101 99//99 102//102
f 102//102 99//99 103//103
f 103//103 99//99 104//104
f 104//104 99//99 105//105
f 99//99 100//100 105//105
f 100//100 106//106 105//105
f 107//107 108//108 109//109
f 108//108 110//110 109//109
f 110//110 111//111 109//109
f 111//111 112//112 109//109
f 109//109 112//112 113//113
f 113//113 112//112 114//114
f 109//109 113//113 115//115
f 115//115 113//113 116//116
f 107//107 109//109 117//117
f 117//117 109//109 115//115
f 108//108 107//107 118//118
f 118//118 107//107 117//117
f 110//110 108//108 119//119
f 119//119 108//108 118//118
f 111//111 110//110 120//120
f 120//120 110//110 119//119
f 112//112 111//111 121//121
f 121//121 111//111 120//120
f 114//114 112//112 122//122
f 122//122 112//112 121//121
f 113//113 114//114 116//116
f 116//116 114//114 122//122
f 117//117 115//115 118//118
f 118//118 115//115 119//119
f 119//119 115//115 120//120
f 120//120 115//115 121//121
f 115//115 116//116 121//121
f 116//116 122//122 121//121
f 123//123 124//124 125//125
f 124//124 126//126 125//125
f 126//126 127//127 125//125
f 127//127 128//128 125//125
f 125//125 128//128 129//129
f 129//129 128//128 130//130
f 125//125 129//129 131//131
f 131//131 129//129 132//132
f 123//123 125//125 133//133
f 133//133 125//125 131//131
f 124//124 123//123 134//134
f 134//134 123//123 133//133
f 126//126 124//124 135//135
f 135//135 124//124 134//134
f 127//127 126//126 136//136
f 136//136 126//126 135//135
f 128//128 127//127 137//137
f 137//137 127//127 136//136
f 130//130 128//128 138//138
f 138//138 128//128 137//137
f 129//129 130//130 132//132
f 132//132 130//130 138//138
f 133//133 131//131 134//134
f 134//134 131//131 135//135
f 135//135 131//131 136//136
f 136//136 131//131 137//137
f 131//131 132//132 137//137
f 132//132 138//138 137//137
f 139//139 140//140 141//141
f 140//140 142//142 141//141
f 142//142 143//143 141//141
f 143//143 144//144 141//141
f 141//141 144//144 145//145
f 145//145 144//144 146//146
f 141//141 145//145 147//147
f 147//147 145//145 148//148
f 139//139 141//141 149//149
f 149//149 141//141 147//147
f 140//140 139//139 150//150
f 150//150 139//139 149//149
f 142//142 140//140 151//151
f 151//151 140//140 150//150
f 143//143 142//142 152//152
f 152//152 142//142 151//151
f 144//144 143//143 153//153
f 153//153 143//143 152//152
f 146//146 144//144 154//154
f 154//154 144//144 153//153
f 145//145 146//146 148//148
f 148//148 146//146 154//154
f 149//149 147//147 150//150
f 150//150 147//147 151//151
f 151//151 147//147 152//152
f 152//152 147//147 153//153
f 147//147 148//148 153//153
f 148//148 154//154 153//153
f 155//155 156//156 157//157
f 156//156 158//158 157//157
f 158//158 159//159 157//157
f 159//159 160//160 157//157
f 157//157 160//160 161//161
f 161//161 160//160 162//162
f 157//157 161//161 163//163
f 163//163 161//161 164//164
f 155//155 157//157 165//165
f 165//165 157//157 163//163
f 156//156 155//155 166//166
f 166//166 155//155 165//165
f 158//158 156//156 167//167
f 167//167 156//156 166//166
f 159//159 158//158 168//168
f 168//168 158//158 167//167
f 160//160 159//159 169//169
f 169//169 159//159 168//168
f 162//162 160//160 170//170
f 170//170 160//160 169//169
f 161//161 162//162 164//164
f 164//164 162//162 170//170
f 165//165 163//163 166//166
f 166//166 163//163 167//167
f 167//167 163//163 168//168
f 168//168 163//163 169//169
f 163//163 164//164 169//169
f 164//164 170//170 169//169
f 171//171 172//172 173//173
f 173//173 172//172 174//174
f 174//174 172//172 175//175
f 175//175 172//172 176//176
f 172//172 177//177 176//176
f 177//177 178//178 176//176
f 172//172 179//179 177//177
f 179//179 180//180 177//177
f 171//171 181//181 172//172
f 181//181 179//179 172//172
f 173//173 182//182 171//171
f 182//182 181//181 171//171
f 174//174 183//183 173//173
f 183//183 182//182 173//173
f 175//175 184//184 174//174
f 184//184 183//183 174//174
f 176//176 185//185 175//175
f 185//185 184//184 175//175
f 178//178 186//186 176//176
f 186//186 185//185 176//176
f 177//177 180//180 178//178
f 180//180 186//186 178//178
f 181//181 182//182 179//179
f 182//182 183//183 179//179
f 183//183 184//184 179//179
f 184//184 185//185 179//179
f 179//179 185//185 180//180
f 180//180 185//185 186//186
f 187//187 188//188 189//189
f 189//189 188//188 190//190
f 190//190 188//188 191//191
f 191//191 188//188 192//192
f 188//188 193//193 192//192
f 193//193 194//194 192//192
f 188//188 195//195 193//193
f 195//195 196//196 193//193
f 187//187 197//197 188//188
f 197//197 195//195 188//188
f 189//189 198//198 187//187
f 198//198 197//197 187//187
f 190//190 199//199 189//189
f 199//199 198//198 189//189
f 191//191 200//200 190//190
f 200//200 199//199 190//190
f 192//192 201//201 191//191
f 201//201 200//200 191//191
f 194//194 202//202 192//192
f 202//202 201//201 192//192
f 193//193 196//196 194//194
f 196//196 202//202 194//194
f 197//197 198//198 195//195
f 198//198 199//199 195//195
f 199//199 200//200 195//195
f 200//200 201//201 195//195
f 195//195 201//201 196//196
f 196//196 201//201 202//202
f 203//203 204//204 205//205
f 205//205 204//204 206//206
f 206//206 204//204 207//207
f 207//207 204//204 208//208
f 204//204 209//209 208//208
f 209//209 210//210 208//208
f 204//204 211//211 209//209
f 211//211 212//212 209//209
f 203//203 213//213 204//204
f 213//213 211//211 204//204
f 205//205 214//214 203//203
f 214//214 213//213 203//203
f 206//206 215//215 205//205
f 215//215 214//214 205//205
f 207//207 216//216 206//206
f 216//216 215//215 206//206
f 208//208 217//217 207//207
f 217//217 216//216 207//207
f 210//210 218//218 208//208
f 218//218 217//217 208//208
f 209//209 212//212 210//210
f 212//212 218//218 210//210
f 213//213 214//214 211//211
f 214//214 215//215 211//211
f 215//215 216//216 211//211
f 216//216 217//217 211//211
f 211//211 217//217 212//212
f 212//212 217//217 218//218
f 219//219 220//220 221//221
f 221//221 220//220 222//222
f 222//222 220//220 223//223
f 223//223 220//220 224//224
f 220//220 225//225 224//224
f 225//225 226//226 224//224
f 220//220 227//227 225//225
f 227//227 228//228 225//225
f 219//219 229//229 220//220
f 229//229 227//227 220//220
f 221//221 230//230 219//219
f 230//230 229//229 219//219
f 222//222 231//231 221//221
f 231//231 230//230 221//221
f 223//223 232//232 222//222
f 232//232 231//231 222//222
f 224//224 233//233 223//223
f 233//233 232//232 223//223
f 226//226 234//234 224//224
f 234//234 233//233 224//224
f 225//225 228//228 226//226
f 228//228 234//234 226//226
f 229//229 230//230 227//227
f 230//230 231//231 227//227
f 231//231 232//232 227//227
f 232//232 233//233 227//227
f 227//227 233//233 228//228
f 228//228 233//233 234//234
f 235//235 236//236 237//237
f 237//237 236//236 238//238
f 238//238 236//236 239//239
f 239//239 236//236 240//240
f 236//236 241//241 240//240
f 241//241 242//242 240//240
f 236//236 243//243 241//241
f 243//243 244//244 241//241
f 235//235 245//245 236//236
f 245//245 243//243 236//236
f 237//237 246//246 235//235
f 246//246 245//245 235//235
f 238//238 247//247 237//237
f 247//247 246//246 237//237
f 239//239 248//248 238//238
f 248//248 247//247 238//238
f 240//240 249//249 239//239
f 249//249 248//248 239//239
f 242//242 250//250 240//240
f 250//250 249//249 240//240
f 241//241 244//244 242//242
f 244//244 250//250 242//242
f 245//245 246//246 243//243
f 246//246 247//247 243//243
f 247//247 248//248 243//243
f 248//248 249//249 243//243
f 243//243 249//249 244//244
f 244//244 249//249 250//250
f 251//251 252//252 253//253
f 253//253 252//252 254//254
f 254//254 252//252 255//255
f 255//255 252//252 256//256
f 252//252 257//257 256//256
f 257//257 258//258 256//256
f 252//252 259//259 257//257
f 259//259 260//260 257//257
f 251//251 261//261 252//252
f 261//261 259//259 252//252
f 253//253 262//262 251//251
f 262//262 261//261 251//251
f 254//254 263//263 253//253
f 263//263 262//262 253//253
f 255//255 264//264 254//254
f 264//264 263//263 254//254
f 256//256 265//265 255//255
f 265//265 264//264 255//255
f 258//258 266//266 256//256
f 266//266 265//265 256//256
f 257//257 260//260 258//258
f 260//260 266//266 258//258
f 261//261 262//262 259//259
f 262//262 263//263 259//259
f 263//263 264//264 259//259
f 264//264 265//265 259//259
f 259//259 265//265 260//260
f 260//260 265//265 266//266
f 267//267 268//268 269//269
f 269//269 268//268 270//270
f 270//270 268//268 271//271
f 271//271 268//268 272//272
f 268//268 273//273 272//272
f 273//273 274//274 272//272
f 268//268 275//275 273//273
f 275//275 276//276 273//273
f 267//267 277//277 268//268
f 277//277 275//275 268//268
f 269//269 278//278 267//267
f 278//278 277//277 267//267
f 270//270 279//279 269//269
f 279//279 278//278 269//269
f 271//271 280//280 270//270
f 280//280 279//279 270//270
f 272//272 281//281 271//271
f 281//281 280//280 271//271
f 274//274 282//282 272//272
f 282//282 281//281 272//272
f 273//273 276//276 274//274
f 276//276 282//282 274//274
f 277//277 278//278 275//275
f 278//278 279//279 275//275
f 279//279 280//280 275//275
f 280//280 281//281 275//275
f 275//275 281//281 276//276
f 276//276 281//281 282//282
f 283//283 284//284 285//285
f 285//285 284//284 286//286
f 286//286 284//284 287//287
f 287//287 284//284 288//288
f 284//284 289//289 288//288
f 289//289 290//290 288//288
f 284//284 291//291 289//289
f 291//291 292//292 289//289
f 283//283 293//293 284//284
f 293//293 291//291 284//284
f 285//285 294//294 283//283
f 294//294 293//293 283//283
f 286//286 295//295 285//285
f 295//295 294//294 285//285
f 287//287 296//296 286//286
f 296//296 295//295 286//286
f 288//288 297//297 287//287
f 297//297 296//296 287//287
f 290//290 298//298 288//288
f 298//298 297//297 288//288
f 289//289 292//292 290//290
f 292//292 298//298 290//290
f 293//293 294//294 291//291
f 294//294 295//295 291//291
f 295//295 296//296 291//291
f 296//296 297//297 291//291
f 291//291 297//297 292//292
f 292//292 297//297 298//298
f 299//299 300//300 301//301
f 301//301 300//300 302//302
f 302//302 300//300 303//303
f 303//303 300//300 304//304
f 300//300 305//305 304//304
f 305//305 306//306 304//304
f 300//300 307//307 305//305
f 307//307 308//308 305//305
f 299//299 309//309 300//300
f 309//309 307//307 300//300
f 301//301 310//310 299//299
f 310//310 309//309 299//299
f 302//302 311//311 301//301
f 311//311 310//310 301//301
f 303//303 312//312 302//302
f 312//312 311//311 302//302
f 304//304 313//313 303//303
f 313//313 312//312 303//303
f 306//306 314//314 304//304
f 314//314 313//313 304//304
f 305//305 308//308 306//306
f 308//308 314//314 306//306
f 309//309 310//310 307//307
f 310//310 311//311 307//307
f 311//311 312//312 307//307
f 312//312 313//313 307//307
f 307//307 313//313 308//308
f 308//308 313//313 314//314
f 315//315 316//316 317//317
f 317//317 316//316 318//318
f 319//319 315//315 320//320
f 320//320 315//315 317//317
f 320//320 317//317 321//321
f 321//321 317//317 318//318
f 321//321 318//318 322//322
f 322//322 318//318 316//316
f 323//323 324//324 325//325
f 324//324 326//326 325//325
f 327//327 328//328 323//323
f 328//328 324//324 323//323
f 328//328 329//329 324//324
f 329//329 326//326 324//324
f 329//329 330//330 326//326
f 330//330 325//325 326//326
f 331//331 332//332 333//333
f 333//333 332//332 334//334
f 335//335 331//331 336//336
f 336//336 331//331 333//333
f 336//336 333//333 337//337
f 337//337 333//333 334//334
f 337//337 334//334 338//338
f 338//338 334//334 332//332
f 339//339 340//340 341//341
f 340//340 342//342 341//341
f 343//343 344//344 339//339
f 344//344 340//340 339//339
f 344//344 345//345 340//340
f 345//345 342//342 340//340
f 345//345 346//346 342//342
f 346//346 341//341 342//342
f 347//347 348//348 349//349
f 348//348 350//350 349//349
f 350//350 351//351 349//349
f 351//351 352//352 349//349
f 349//349 352//352 353//353
f 353//353 352//352 354//354
f 352//352 355//355 354//354
f 354//354 355//355 356//356
f 356//356 355//355 357//357
f 357//357 355//355 358//358
f 354//354 359//359 353//353
f 359//359 360//360 353//353
f 356//356 361//361 354//354
f 361//361 359//359 354//354
f 357//357 362//362 356//356
f 362//362 361//361 356//356
f 358//358 363//363 357//357
f 363//363 362//362 357//357
f 355//355 364//364 358//358
f 364//364 363//363 358//358
f 352//352 365//365 355//355
f 365//365 364//364 355//355
f 351//351 366//366 352//352
f 366//366 365//365 352//352
f 350//350 367//367 351//351
f 367//367 366//366 351//351
f 348//348 368//368 350//350
f 368//368 367//367 350//350
f 347//347 369//369 348//348
f 369//369 368//368 348//348
f 349//349 370//370 347//347
f 370//370 369//369 347//347
f 353//353 360//360 349//349
f 360//360 370//370 349//349
f 369//369 370//370 368//368
f 368//368 370//370 367//367
f 367//367 370//370 366//366
f 366//366 370//370 365//365
f 370//370 360//360 365//365
f 360//360 359//359 365//365
f 365//365 359//359 364//364
f 359//359 361//361 364//364
f 361//361 362//362 364//364
f 362//362 363//363 364//364
f 371//371 372//372 373//373
f 372//372 374//374 373//373
f 374//374 375//375 373//373
f 375//375 376//376 373//373
f 373//373 376//376 377//377
f 377//377 376//376 378//378
f 376//376 379//379 378//378
f 378//378 379//379 380//380
f 380//380 379//379 381//381
f 381//381 379//379 382//382
f 378//378 383//383 377//377
f 383//383 384//384 377//377
f 380//380 385//385 378//378
f 385//385 383//383 378//378
f 381//381 386//386 380//380
f 386//386 385//385 380//380
f 382//382 387//387 381//381
f 387//387 386//386 381//381
f 379//379 388//388 382//382
f 388//388 387//387 382//382
f 376//376 389//389 379//379
f 389//389 388//388 379//379
f 375//375 390//390 376//376
f 390//390 389//389 376//376
f 374//374 391//391 375//375
f 391//391 390//390 375//375
f 372//372 392//392 374//374
f 392//392 391//391 374//374
f 371//371 393//393 372//372
f 393//393 392//392 372//372
f 373//373 394//394 371//371
f 394//394 393//393 371//371
f 377//377 384//384 373//373
f 384//384 394//394 373//373
f 393//393 394//394 392//392
f 392//392 394//394 391//391
f 391//391 394//394 390//390
f 390//390 394//394 389//389
f 394//394 384//384 389//389
f 384//384 383//383 389//389
f 389//389 383//383 388//388
f 383//383 385//385 388//388
f 385//385 386//386 388//388
f 386//386 387//387 388//388
f 395//395 396//396 397//397
f 396//396 398//398 397//397
f 398//398 399//399 397//397
f 399//399 400//400 397//397
f 397//397 400//400 401//401
f 401//401 400//400 402//402
f 400//400 403//403 402//402
f 402//402 403//403 404//404
f 404//404 403//403 405//405
f 405//405 403//403 406//406
f 402//402 407//407 401//401
f 407//407 408//408 401//401
f 404//404 409//409 402//402
f 409//409 407//407 402//402
f 405//405 410//410 404//404
f 410//410 409//409 404//404
f 406//406 411//411 405//405
f 411//411 410//410 405//405
f 403//403 412//412 406//406
f 412//412 411//411 406//406
f 400//400 413//413 403//403
f 413//413 412//412 403//403
f 399//399 414//414 400//400
f 414//414 413//413 400//400
f 398//398 415//415 399//399
f 415//415 414//414 399//399
f 396//396 416//416 398//398
f 416//416 415//415 398//398
f 395//395 417//417 396//396
f 417//417 416//416 396//396
f 397//397 418//418 395//395
f 418//418 417//417 395//395
f 401//401 408//408 397//397
f 408//408 418//418 397//397
f 417//417 418//418 416//416
f 416//416 418//418 415//415
f 415//415 418//418 414//414
f 414//414 418//418 413//413
f 418//418 408//408 413//413
f 408//408 407//407 413//413
f 413//413 407//407 412//412
f 407//407 409//409 412//412
f 409//409 410//410 412//412
f 410//410 411//411 412//412
f 419//419 420//420 421//421
f 420//420 422//422 421//421
f 422//422 423//423 421//421
f 423//423 424//424 421//421
f 421//421 424//424 425//425
f 425//425 424//424 426//426
f 424//424 427//427 426//426
f 426//426 427//427 428//428
f 428//428 427//427 429//429
f 429//429 427//427 430//430
f 426//426 431//431 425//425
f 431//431 432//432 425//425
f 428//428 433//433 426//426
f 433//433 431//431 426//426
f 429//429 434//434 428//428
f 434//434 433//433 428//428
f 430//430 435//435 429//429
f 435//435 434//434 429//429
f 427//427 436//436 430//430
f 436//436 435//435 430//430
f 424//424 437//437 427//427
f 437//437 436//436 427//427
f 423//423 438//438 424//424
f 438//438 437//437 424//424
f 422//422 439//439 423//423
f 439//439 438//438 423//423
f 420//420 440//440 422//422
f 440//440 439//439 422//422
f 419//419 441//441 420//420
f 441//441 440//440 420//420
f 421//421 442//442 419//419
f 442//442 441//441 419//419
f 425//425 432//432 421//421
f 432//432 442//442 421//421
f 441//441 442//442 440//440
f 440//440 442//442 439//439
f 439//439 442//442 438//438
f 438//438 442//442 437//437
f 442//442 432//432 437//437
f 432//432 431//431 437//437
f 437//437 431//431 436//436
f 431//431 433//433 436//436
f 433//433 434//434 436//436
f 434//434 435//435 436//436
f 443//443 444//444 445//445
f 444//444 446//446 445//445
f 446//446 447//447 445//445
f 447//447 448//448 445//445
f 445//445 448//448 449//449
f 449//449 448//448 450//450
f 448//448 451//451 450//450
f 450//450 451//451 452//452
f 452//452 451//451 453//453
f 453//453 451//451 454//454
f 450//450 455//455 449//449
f 455//455 456//456 449//449
f 452//452 457//457 450//450
f 457//457 455//455 450//450
f 453//453 458//458 452//452
f 458//458 457//457 452//452
f 454//454 459//459 453//453
f 459//459 458//458 453//453
f 451//451 460//460 454//454
f 460//460 459//459 454//454
f 448//448 461//461 451//451
f 461//461 460//460 451//451
f 447//447 462//462 448//448
f 462//462 461//461 448//448
f 446//446 463//463 447//447
f 463//463 462//462 447//447
f 444//444 464//464 446//446
f 464//464 463//463 446//446
f 443//443 465//465 444//444
f 465//465 464//464 444//444
f 445//445 466//466 443//443
f 466//466 465//465 443//443
f 449//449 456//456 445//445
f 456//456 466//466 445//445
f 465//465 466//466 464//464
f 464//464 466//466 463//463
f 463//463 466//466 462//462
f 462//462 466//466 461//461
f 466//466 456//456 461//461
f 456//456 455//455 461//461
f 461//461 455//455 460//460
f 455//455 457//457 460//460
f 457//457 458//458 460//460
f 458//458 459//459 460//460
f 467//467 468//468 469//469
f 468//468 470//470 469//469
f 470//470 471//471 469//469
f 471//471 472//472 469//469
f 469//469 472//472 473//473
f 473//473 472//472 474//474
f 472//472 475//475 474//474
f 474//474 475//475 476//476
f 476//476 475//475 477//477
f 477//477 475//475 478//478
f 474//474 479//479 473//473
f 479//479 480//480 473//473
f 476//476 481//481 474//474
f 481//481 479//479 474//474
f 477//477 482//482 476//476
f 482//482 481//481 476//476
f 478//478 483//483 477//477
f 483//483 482//482 477//477
f 475//475 484//484 478//478
f 484//484 483//483 478//478
f 472//472 485//485 475//475
f 485//485 484//484 475//475
f 471//471 486//486 472//472
f 486//486 485//485 472//472
f 470//470 487//487 471//471
f 487//487 486//486 471//471
f 468//468 488//488 470//470
f 488//488 487//487 470//470
f 467//467 489//489 468//468
f 489//489 488//488 468//468
f 469//469 490//490 467//467
f 490//490 489//489 467//467
f 473//473 480//480 469//469
f 480//480 490//490 469//469
f 489//489 490//490 488//488
f 488//488 490//490 487//487
f 487//487 490//490 486//486
f 486//486 490//490 485//485
f 490//490 480//480 485//485
f 480//480 479//479 485//485
f 485//485 479//479 484//484
f 479//479 481//481 484//484
f 481//481 482//482 484//484
f 482//482 483//483 484//484
f 491//491 492//492 493//493
f 492//492 494//494 493//493
f 494//494 495//495 493//493
f 495//495 496//496 493//493
f 493//493 496//496 497//497
f 497//497 496//496 498//498
f 496//496 499//499 498//498
f 498//498 499//499 500//500
f 500//500 499//499 501//501
f 501//501 499//499 502//502
f 498//498 503//503 497//497
f 503//503 504//504 497//497
f 500//500 505//505 498//498
f 505//505 503//503 498//498
f 501//501 506//506 500//500
f 506//506 505//505 500//500
f 502//502 507//507 501//501
f 507//507 506//506 501//501
f 499//499 508//508 502//502
f 508//508 507//507 502//502
f 496//496 509//509 499//499
f 509//509 508//508 499//499
f 495//495 510//510 496//496
f 510//510 509//509 496//496
f 494//494 511//511 495//495
f 511//511 510//510 495//495
f 492//492 512//512 494//494
f 512//512 511//511 494//494
f 491//491 513//513 492//492
f 513//513 512//512 492//492
f 493//493 514//514 491//491
f 514//514 513//513 491//491
f 497//497 504//504 493//493
f 504//504 514//514 493//493
f 513//513 514//514 512//512
f 512//512 514//514 511//511
f 511//511 514//514 510//510
f 510//510 514//514 509//509
f 514//514 504//504 509//509
f 504//504 503//503 509//509
f 509//509 503//503 508//508
f 503//503 505//505 508//508
f 505//505 506//506 508//508
f 506//506 507//507 508//508
f 515//515 516//516 517//517
f 516//516 518//518 517//517
f 518//518 519//519 517//517
f 519//519 520//520 517//517
f 517//517 520//520 521//521
f 521//521 520//520 522//522
f 520//520 523//523 522//522
f 522//522 523//523 524//524
f 524//524 523//523 525//525
f 525//525 523//523 526//526
f 522//522 527//527 521//521
f 527//527 528//528 521//521
f 524//524 529//529 522//522
f 529//529 527//527 522//522
f 525//525 530//530 524//524
f 530//530 529//529 524//524
f 526//526 531//531 525//525
f 531//531 530//530 525//525
f 523//523 532//532 526//526
f 532//532 531//531 526//526
f 520//520 533//533 523//523
f 533//533 532//532 523//523
f 519//519 534//534 520//520
f 534//534 533//533 520//520
f 518//518 535//535 519//519
f 535//535 534//534 519//519
f 516//516 536//536 518//518
f 536//536 535//535 518//518
f 515//515 537//537 516//516
f 537//537 536//536 516//516
f 517//517 538//538 515//515
f 538//538 537//537 515//515
f 521//521 528//528 517//517
f 528//528 538//538 517//517
f 537//537 538//538 536//536
f 536//536 538//538 535//535
f 535//535 538//538 534//534
f 534//534 538//538 533//533
f 538//538 528//528 533//533
f 528//528 527//527 533//533
f 533//533 527//527 532//532
f 527//527 529//529 532//532
f 529//529 530//530 532//532
f 530//530 531//531 532//532
f 539//539 540//540 541//541
f 540//540 542//542 541//541
f 542//542 543//543 541//541
f 543//543 544//544 541//541
f 541//541 544//544 545//545
f 545//545 544//544 546//546
f 544//544 547//547 546//546
f 546//546 547//547 548//548
f 548//548 547//547 549//549
f 549//549 547//547 550//550
f 546//546 551//551 545//545
f 551//551 552//552 545//545
f 548//548 553//553 546//546
f 553//553 551//551 546//546
f 549//549 554//554 548//548
f 554//554 553//553 548//548
f 550//550 555//555 549//549
f 555//555 554//554 549//549
f 547//547 556//556 550//550
f 556//556 555//555 550//550
f 544//544 557//557 547//547
f 557//557 556//556 547//547
f 543//543 558//558 544//544
f 558//558 557//557 544//544
f 542//542 559//559 543//543
f 559//559 558//558 543//543
f 540//540 560//560 542//542
f 560//560 559//559 542//542
f 539//539 561//561 540//540
f 561//561 560//560 540//540
f 541//541 562//562 539//539
f 562//562 561//561 539//539
f 545//545 552//552 541//541
f 552//552 562//562 541//541
f 561//561 562//562 560//560
f 560//560 562//562 559//559
f 559//559 562//562 558//558
f 558//558 562//562 557//557
f 562//562 552//552 557//557
f 552//552 551//551 557//557
f 557//557 551//551 556//556
f 551//551 553//553 556//556
f 553//553 554//554 556//556
f 554//554 555//555 556//556
f 563//563 564//564 565//565
f 564//564 566//566 565//565
f 566//566 567//567 565//565
f 567//567 568//568 565//565
f 565//565 568//568 569//569
f 569//569 568//568 570//570
f 568//568 571//571 570//570
f 570//570 571//571 572//572
f 572//572 571//571 573//573
f 573//573 571//571 574//574
f 570//570 575//575 569//569
f 575//575 576//576 569//569
f 572//572 577//577 570//570
f 577//577 575//575 570//570
f 573//573 578//578 572//572
f 578//578 577//577 572//572
f 574//574 579//579 573//573
f 579//579 578//578 573//573
f 571//571 580//580 574//574
f 580//580 579//579 574//574
f 568//568 581//581 571//571
f 581//581 580//580 571//571
f 567//567 582//582 568//568
f 582//582 581//581 568//568
f 566//566 583//583 567//567
f 583//583 582//582 567//567
f 564//564 584//584 566//566
f 584//584 583//583 566//566
f 563//563 585//585 564//564
f 585//585 584//584 564//564
f 565//565 586//586 563//563
f 586//586 585//585 563//563
f 569//569 576//576 565//565
f 576//576 586//586 565//565
f 585//585 586//586 584//584
f 584//584 586//586 583//583
f 583//583 586//586 582//582
f 582//582 586//586 581//581
f 586//586 576//576 581//581
f 576//576 575//575 581//581
f 581//581 575//575 580//580
f 575//575 577//577 580//580
f 577//577 578//578 580//580
f 578//578 579//579 580//580
f 587//587 588//588 589//589
f 588//588 590//590 589//589
f 590//590 591//591 589//589
f 591//591 592//592 589//589
f 589//589 592//592 593//593
f 593//593 592//592 594//594
f 592//592 595//595 594//594
f 594//594 595//595 596//596
f 596//596 595//595 597//597
f 597//597 595//595 598//598
f 594//594 599//599 593//593
f 599//599 600//600 593//593
f 596//596 601//601 594//594
f 601//601 599//599 594//594
f 597//597 602//602 596//596
f 602//602 601//601 596//596
f 598//598 603//603 597//597
f 603//603 602//602 597//597
f 595//595 604//604 598//598
f 604//604 603//603 598//598
f 592//592 605//605 595//595
f 605//605 604//604 595//595
f 591//591 606//606 592//592
f 606//606 605//605 592//592
f 590//590 607//607 591//591
f 607//607 606//606 591//591
f 588//588 608//608 590//590
f 608//608 607//607 590//590
f 587//587 609//609 588//588
f 609//609 608//608 588//588
f 589//589 610//610 587//587
f 610//610 609//609 587//587
f 593//593 600//600 589//589
f 600//600 610//610 589//589
f 609//609 610//610 608//608
f 608//608 610//610 607//607
f 607//607 610//610 606//606
f 606//606 610//610 605//605
f 610//610 600//600 605//605
f 600//600 599//599 605//605
f 605//605 599//599 604//604
f 599//599 601//601 604//604
f 601//601 602//602 604//604
f 602//602 603//603 604//604
f 611//611 612//612 613//613
f 612//612 614//614 613//613
f 614//614 615//615 613//613
f 615//615 616//616 613//613
f 613//613 616//616 617//617
f 617//617 616//616 618//618
f 616//616 619//619 618//618
f 618//618 619//619 620//620
f 620//620 619//619 621//621
f 621//621 619//619 622//622
f 618//618 623//623 617//617
f 623//623 624//624 617//617
f 620//620 625//625 618//618
f 625//625 623//623 618//618
f 621//621 626//626 620//620
f 626//626 625//625 620//620
f 622//622 627//627 621//621
f 627//627 626//626 621//621
f 619//619 628//628 622//622
f 628//628 627//627 622//622
f 616//616 629//629 619//619
f 629//629 628//628 619//619
f 615//615 630//630 616//616
f 630//630 629//629 616//616
f 614//614 631//631 615//615
f 631//631 630//630 615//615
f 612//612 632//632 614//614
f 632//632 631//631 614//614
f 611//611 633//633 612//612
f 633//633 632//632 612//612
f 613//613 634//634 611//611
f 634//634 633//633 611//611
f 617//617 624//624 613//613
f 624//624 634//634 613//613
f 633//633 634//634 632//632
f 632//632 634//634 631//631
f 631//631 634//634 630//630
f 630//630 634//634 629//629
f 634//634 624//624 629//629
f 624//624 623//623 629//629
f 629//629 623//623 628//628
f 623//623 625//625 628//628
f 625//625 626//626 628//628
f 626//626 627//627 628//628
f 635//635 636//636 637//637
f 636//636 638//638 637//637
f 638//638 639//639 637//637
f 639//639 640//640 637//637
f 637//637 640//640 641//641
f 641//641 640//640 642//642
f 640//640 643//643 642//642
f 642//642 643//643 644//644
f 644//644 643//643 645//645
f 645//645 643//643 646//646
f 642//642 647//647 641//641
f 647//647 648//648 641//641
f 644//644 649//649 642//642
f 649//649 647//647 642//642
f 645//645 650//650 644//644
f 650//650 649//649 644//644
f 646//646 651//651 645//645
f 651//651 650//650 645//645
f 643//643 652//652 646//646
f 652//652 651//651 646//646
f 640//640 653//653 643//643
f 653//653 652//652 643//643
f 639//639 654//654 640//640
f 654//654 653//653 640//640
f 638//638 655//655 639//639
f 655//655 654//654 639//639
f 636//636 656//656 638//638
f 656//656 655//655 638//638
f 635//635 657//657 636//636
f 657//657 656//656 636//636
f 637//637 658//658 635//635
f 658//658 657//657 635//635
f 641//641 648//648 637//637
f 648//648 658//658 637//637
f 657//657 658//658 656//656
f 656//656 658//658 655//655
f 655//655 658//658 654//654
f 654//654 658//658 653//653
f 658//658 648//648 653//653
f 648//648 647//647 653//653
f 653//653 647//647 652//652
f 647//647 649//649 652//652
f 649//649 650//650 652//652
f 650//650 651//651 652//652
f 659//659 660//660 661//661
f 660//660 662//662 661//661
f 662//662 663//663 661//661
f 663//663 664//664 661//661
f 661//661 664//664 665//665
f 665//665 664//664 666//666
f 664//664 667//667 666//666
f 666//666 667//667 668//668
f 668//668 667//667 669//669
f 669//669 667//667 670//670
f 666//666 671//671 665//665
f 671//671 672//672 665//665
f 668//668 673//673 666//666
f 673//673 671//671 666//666
f 669//669 674//674 668//668
f 674//674 673//673 668//668
f 670//670 675//675 669//669
f 675//675 674//674 669//669
f 667//667 676//676 670//670
f 676//676 675//675 670//670
f 664//664 677//677 667//667
f 677//677 676//676 667//667
f 663//663 678//678 664//664
f 678//678 677//677 664//664
f 662//662 679//679 663//663
f 679//679 678//678 663//663
f 660//660 680//680 662//662
f 680//680 679//679 662//662
f 659//659 681//681 660//660
f 681//681 680//680 660//660
f 661//661 682//682 659//659
f 682//682 681//681 659//659
f 665//665 672//672 661//661
f 672//672 682//682 661//661
f 681//681 682//682 680//680
f 680//680 682//682 679//679
f 679//679 682//682 678//678
f 678//678 682//682 677//677
f 682//682 672//672 677//677
f 672//672 671//671 677//677
f 677//677 671//671 676//676
f 671//671 673//673 676//676
f 673//673 674//674 676//676
f 674//674 675//675 676//676
f 683//683 684//684 685//685
f 684//684 686//686 685//685
f 686//686 687//687 685//685
f 687//687 688//688 685//685
f 685//685 688//688 689//689
f 689//689 688//688 690//690
f 688//688 691//691 690//690
f 690//690 691//691 692//692
f 692//692 691//691 693//693
f 693//693 691//691 694//694
f 690//690 695//695 689//689
f 695//695 696//696 689//689
f 692//692 697//697 690//690
f 697//697 695//695 690//690
f 693//693 698//698 692//692
f 698//698 697//697 692//692
f 694//694 699//699 693//693
f 699//699 698//698 693//693
f 691//691 700//700 694//694
f 700//700 699//699 694//694
f 688//688 701//701 691//691
f 701//701 700//700 691//691
f 687//687 702//702 688//688
f 702//702 701//701 688//688
f 686//686 703//703 687//687
f 703//703 702//702 687//687
f 684//684 704//704 686//686
f 704//704 703//703 686//686
f 683//683 705//705 684//684
f 705//705 704//704 684//684
f 685//685 706//706 683//683
f 706//706 705//705 683//683
f 689//689 696//696 685//685
f 696//696 706//706 685//685
f 705//705 706//706 704//704
f 704//704 706//706 703//703
f 703//703 706//706 702//702
f 702//702 706//706 701//701
f 706//706 696//696 701//701
f 696//696 695//695 701//701
f 701//701 695//695 700//700
f 695//695 697//697 700//700
f 697//697 698//698 700//700
f 698//698 699//699 700//700
f 707//707 708//708 709//709
f 708//708 710//710 709//709
f 710//710 711//711 709//709
f 711//711 712//712 709//709
f 709//709 712//712 713//713
f 713//713 712//712 714//714
f 712//712 715//715 714//714
f 714//714 715//715 716//716
f 716//716 715//715 717//717
f 717//717 715//715 718//718
f 714//714 719//719 713//713
f 719//719 720//720 713//713
f 716//716 721//721 714//714
f 721//721 719//719 714//714
f 717//717 722//722 716//716
f 722//722 721//721 716//716
f 718//718 723//723 717//717
f 723//723 722//722 717//717
f 715//715 724//724 718//718
f 724//724 723//723 718//718
f 712//712 725//725 715//715
f 725//725 724//724 715//715
f 711//711 726//726 712//712
f 726//726 725//725 712//712
f 710//710 727//727 711//711
f 727//727 726//726 711//711
f 708//708 728//728 710//710
f 728//728 727//727 710//710
f 707//707 729//729 708//708
f 729//729 728//728 708//708
f 709//709 730//730 707//707
f 730//730 729//729 707//707
f 713//713 720//720 709//709
f 720//720 730//730 709//709
f 729//729 730//730 728//728
f 728//728 730//730 727//727
f 727//727 730//730 726//726
f 726//726 730//730 725//725
f 730//730 720//720 725//725
f 720//720 719//719 725//725
f 725//725 719//719 724//724
f 719//719 721//721 724//724
f 721//721 722//722 724//724
f 722//722 723//723 724//724
f 731//731 732//732 733//733
f 732//732 734//734 733//733
f 734//734 735//735 733//733
f 735//735 736//736 733//733
f 733//733 736//736 737//737
f 737//737 736//736 738//738
f 736//736 739//739 738//738
f 738//738 739//739 740//740
f 740//740 739//739 741//741
f 741//741 739//739 742//742
f 738//738 743//743 737//737
f 743//743 744//744 737//737
f 740//740 745//745 738//738
f 745//745 743//743 738//738
f 741//741 746//746 740//740
f 746//746 745//745 740//740
f 742//742 747//747 741//741
f 747//747 746//746 741//741
f 739//739 748//748 742//742
f 748//748 747//747 742//742
f 736//736 749//749 739//739
f 749//749 748//748 739//739
f 735//735 750//750 736//736
f 750//750 749//749 736//736
f 734//734 751//751 735//735
f 751//751 750//750 735//735
f 732//732 752//752 734//734
f 752//752 751//751 734//734
f 731//731 753//753 732//732
f 753//753 752//752 732//732
f 733//733 754//754 731//731
f 754//754 753//753 731//731
f 737//737 744//744 733//733
f 744//744 754//754 733//733
f 753//753 754//754 752//752
f 752//752 754//754 751//751
f 751//751 754//754 750//750
f 750//750 754//754 749//749
f 754//754 744//744 749//749
f 744//744 743//743 749//749
f 749//749 743//743 748//748
f 743//743 745//745 748//748
f 745//745 746//746 748//748
f 746//746 747//747 748//748
f 755//755 756//756 757//757
f 756//756 758//758 757//757
f 758//758 759//759 757//757
f 759//759 760//760 757//757
f 757//757 760//760 761//761
f 761//761 760//760 762//762
f 760//760 763//763 762//762
f 762//762 763//763 764//764
f 764//764 763//763 765//765
f 765//765 763//763 766//766
f 762//762 767//767 761//761
f 767//767 768//768 761//761
f 764//764 769//769 762//762
f 769//769 767//767 762//762
f 765//765 770//770 764//764
f 770//770 769//769 764//764
f 766//766 771//771 765//765
f 771//771 770//770 765//765
f 763//763 772//772 766//766
f 772//772 771//771 766//766
f 760//760 773//773 763//763
f 773//773 772//772 763//763
f 759//759 774//774 760//760
f 774//774 773//773 760//760
f 758//758 775//775 759//759
f 775//775 774//774 759//759
f 756//756 776//776 758//758
f 776//776 775//775 758//758
f 755//755 777//777 756//756
f 777//777 776//776 756//756
f 757//757 778//778 755//755
f 778//778 777//777 755//755
f 761//761 768//768 757//757
f 768//768 778//778 757//757
f 777//777 778//778 776//776
f 776//776 778//778 775//775
f 775//775 778//778 774//774
f 774//774 778//778 773//773
f 778//778 768//768 773//773
f 768//768 767//767 773//773
f 773//773 767//767 772//772
f 767//767 769//769 772//772
f 769//769 770//770 772//772
f 770//770 771//771 772//772
f 779//779 780//780 781//781
f 780//780 782//782 781//781
f 782//782 783//783 781//781
f 783//783 784//784 781//781
f 781//781 784//784 785//785
f 785//785 784//784 786//786
f 784//784 787//787 786//786
f 786//786 787//787 788//788
f 788//788 787//787 789//789
f 789//789 787//787 790//790
f 786//786 791//791 785//785
f 791//791 792//792 785//785
f 788//788 793//793 786//786
f 793//793 791//791 786//786
f 789//789 794//794 788//788
f 794//794 793//793 788//788
f 790//790 795//795 789//789
f 795//795 794//794 789//789
f 787//787 796//796 790//790
f 796//796 795//795 790//790
f 784//784 797//797 787//787
f 797//797 796//796 787//787
f 783//783 798//798 784//784
f 798//798 797//797 784//784
f 782//782 799//799 783//783
f 799//799 798//798 783//783
f 780//780 800//800 782//782
f 800//800 799//799 782//782
f 779//779 801//801 780//780
f 801//801 800//800 780//780
f 781//781 802//802 779//779
f 802//802 801//801 779//779
f 785//785 792//792 781//781
f 792//792 802//802 781//781
f 801//801 802//802 800//800
f 800//800 802//802 799//799
f 799//799 802//802 798//798
f 798//798 802//802 797//797
f 802//802 792//792 797//797
f 792//792 791//791 797//797
f 797//797 791//791 796//796
f 791//791 793//793 796//796
f 793//793 794//794 796//796
f 794//794 795//795 796//796
f 803//803 804//804 805//805
f 804//804 806//806 805//805
f 806//806 807//807 805//805
f 807//807 808//808 805//805
f 805//805 808//808 809//809
f 809//809 808//808 810//810
f 808//808 811//811 810//810
f 810//810 811//811 812//812
f 812//812 811//811 813//813
f 813//813 811//811 814//814
f 810//810 815//815 809//809
f 815//815 816//816 809//809
f 812//812 817//817 810//810
f 817//817 815//815 810//810
f 813//813 818//818 812//812
f 818//818 817//817 812//812
f 814//814 819//819 813//813
f 819//819 818//818 813//813
f 811//811 820//820 814//814
f 820//820 819//819 814//814
f 808//808 821//821 811//811
f 821//821 820//820 811//811
f 807//807 822//822 808//808
f 822//822 821//821 808//808
f 806//806 823//823 807//807
f 823//823 822//822 807//807
f 804//804 824//824 806//806
f 824//824 823//823 806//806
f 803//803 825//825 804//804
f 825//825 824//824 804//804
f 805//805 826//826 803//803
f 826//826 825//825 803//803
f 809//809 816//816 805//805
f 816//816 826//826 805//805
f 825//825 826//826 824//824
f 824//824 826//826 823//823
f 823//823 826//826 822//822
f 822//822 826//826 821//821
f 826//826 816//816 821//821
f 816//816 815//815 821//821
f 821//821 815//815 820//820
f 815//815 817//817 820//820
f 817//817 818//818 820//820
f 818//818 819//819 820//820
f 827//827 828//828 829//829
f 828//828 830//830 829//829
f 830//830 831//831 829//829
f 831//831 832//832 829//829
f 829//829 832//832 833//833
f 833//833 832//832 834//834
f 832//832 835//835 834//834
f 834//834 835//835 836//836
f 836//836 835//835 837//837
f 837//837 835//835 838//838
f 834//834 839//839 833//833
f 839//839 840//840 833//833
f 836//836 841//841 834//834
f 841//841 839//839 834//834
f 837//837 842//842 836//836
f 842//842 841//841 836//836
f 838//838 843//843 837//837
f 843//843 842//842 837//837
f 835//835 844//844 838//838
f 844//844 843//843 838//838
f 832//832 845//845 835//835
f 845//845 844//844 835//835
f 831//831 846//846 832//832
f 846//846 845//845 832//832
f 830//830 847//847 831//831
f 847//847 846//846 831//831
f 828//828 848//848 830//830
f 848//848 847//847 830//830
f 827//827 849//849 828//828
f 849//849 848//848 828//828
f 829//829 850//850 827//827
f 850//850 849//849 827//827
f 833//833 840//840 829//829
f 840//840 850//850 829//829
f 849//849 850//850 848//848
f 848//848 850//850 847//847
f 847//847 850//850 846//846
f 846//846 850//850 845//845
f 850//850 840//840 845//845
f 840//840 839//839 845//845
f 845//845 839//839 844//844
f 839//839 841//841 844//844
f 841//841 842//842 844//844
f 842//842 843//843 844//844
f 851//851 852//852 853//853
f 852//852 854//854 853//853
f 854//854 855//855 853//853
f 855//855 856//856 853//853
f 853//853 856//856 857//857
f 857//857 856//856 858//858
f 856//856 859//859 858//858
f 858//858 859//859 860//860
f 860//860 859//859 861//861
f 861//861 859//859 862//862
f 858//858 863//863 857//857
f 863//863 864//864 857//857
f 860//860 865//865 858//858
f 865//865 863//863 858//858
f 861//861 866//866 860//860
f 866//866 865//865 860//860
f 862//862 867//867 861//861
f 867//867 866//866 861//861
f 859//859 868//868 862//862
f 868//868 867//867 862//862
f 856//856 869//869 859//859
f 869//869 868//868 859//859
f 855//855 870//870 856//856
f 870//870 869//869 856//856
f 854//854 871//871 855//855
f 871//871 870//870 855//855
f 852//852 872//872 854//854
f 872//872 871//871 854//854
f 851//851 873//873 852//852
f 873//873 872//872 852//852
f 853//853 874//874 851//851
f 874//874 873//873 851//851
f 857//857 864//864 853//853
f 864//864 874//874 853//853
f 873//873 874//874 872//872
f 872//872 874//874 871//871
f 871//871 874//874 870//870
f 870//870 874//874 869//869
f 874//874 864//864 869//869
f 864//864 863//863 869//869
f 869//869 863//863 868//868
f 863//863 865//865 868//868
f 865//865 866//866 868//868
f 866//866 867//867 868//868
f 875//875 876//876 877//877
f 876//876 878//878 877//877
f 878//878 879//879 877//877
f 879//879 880//880 877//877
f 877//877 880//880 881//881
f 881//881 880//880 882//882
f 880//880 883//883 882//882
f 882//882 883//883 884//884
f 884//884 883//883 885//885
f 885//885 883//883 886//886
f 882//882 887//887 881//881
f 887//887 888//888 881//881
f 884//884 889//889 882//882
f 889//889 887//887 882//882
f 885//885 890//890 884//884
f 890//890 889//889 884//884
f 886//886 891//891 885//885
f 891//891 890//890 885//885
f 883//883 892//892 886//886
f 892//892 891//891 886//886
f 880//880 893//893 883//883
f 893//893 892//892 883//883
f 879//879 894//894 880//880
f 894//894 893//893 880//880
f 878//878 895//895 879//879
f 895//895 894//894 879//879
f 876//876 896//896 878//878
f 896//896 895//895 878//878
f 875//875 897//897 876//876
f 897//897 896//896 876//876
f 877//877 898//898 875//875
f 898//898 897//897 875//875
f 881//881 888//888 877//877
f 888//888 898//898 877//877
f 897//897 898//898 896//896
f 896//896 898//898 895//895
f 895//895 898//898 894//894
f 894//894 898//898 893//893
f 898//898 888//888 893//893
f 888//888 887//887 893//893
f 893//893 887//887 892//892
f 887//887 889//889 892//892
f 889//889 890//890 892//892
f 890//890 891//891 892//892
f 899//899 900//900 901//901
f 900//900 902//902 901//901
f 902//902 903//903 901//901
f 903//903 904//904 901//901
f 901//901 904//904 905//905
f 905//905 904//904 906//906
f 904//904 907//907 906//906
f 906//906 907//907 908//908
f 908//908 907//907 909//909
f 909//909 907//907 910//910
f 906//906 911//911 905//905
f 911//911 912//912 905//905
f 908//908 913//913 906//906
f 913//913 911//911 906//906
f 909//909 914//914 908//908
f 914//914 913//913 908//908
f 910//910 915//915 909//909
f 915//915 914//914 909//909
f 907//907 916//916 910//910
f 916//916 915//915 910//910
f 904//904 917//917 907//907
f 917//917 916//916 907//907
f 903//903 918//918 904//904
f 918//918 917//917 904//904
f 902//902 919//919 903//903
f 919//919 918//918 903//903
f 900//900 920//920 902//902
f 920//920 919//919 902//902
f 899//899 921//921 900//900
f 921//921 920//920 900//900
f 901//901 922//922 899//899
f 922//922 921//921 899//899
f 905//905 912//912 901//901
f 912//912 922//922 901//901
f 921//921 922//922 920//920
f 920//920 922//922 919//919
f 919//919 922//922 918//918
f 918//918 922//922 917//917
f 922//922 912//912 917//917
f 912//912 911//911 917//917
f 917//917 911//911 916//916
f 911//911 913//913 916//916
f 913//913 914//914 916//916
f 914//914 915//915 916//916
f 923//923 924//924 925//925
f 924//924 926//926 925//925
f 926//926 927//927 925//925
f 927//927 928//928 925//925
f 925//925 928//928 929//929
f 929//929 928//928 930//930
f 928//928 931//931 930//930
f 930//930 931//931 932//932
f 932//932 931//931 933//933
f 933//933 931//931 934//934
f 930//930 935//935 929//929
f 935//935 936//936 929//929
f 932//932 937//937 930//930
f 937//937 935//935 930//930
f 933//933 938//938 932//932
f 938//938 937//937 932//932
f 934//934 939//939 933//933
f 939//939 938//938 933//933
f 931//931 940//940 934//934
f 940//940 939//939 934//934
f 928//928 941//941 931//931
f 941//941 940//940 931//931
f 927//927 942//942 928//928
f 942//942 941//941 928//928
f 926//926 943//943 927//927
f 943//943 942//942 927//927
f 924//924 944//944 926//926
f 944//944 943//943 926//926
f 923//923 945//945 924//924
f 945//945 944//944 924//924
f 925//925 946//946 923//923
f 946//946 945//945 923//923
f 929//929 936//936 925//925
f 936//936 946//946 925//925
f 945//945 946//946 944//944
f 944//944 946//946 943//943
f 943//943 946//946 942//942
f 942//942 946//946 941//941
f 946//946 936//936 941//941
f 936//936 935//935 941//941
f 941//941 935//935 940//940
f 935//935 937//937 940//940
f 937//937 938//938 940//940
f 938//938 939//939 940//940
f 947//947 948//948 949//949
f 948//948 950//950 949//949
f 950//950 951//951 949//949
f 951//951 952//952 949//949
f 949//949 952//952 953//953
f 953//953 952//952 954//954
f 952//952 955//955 954//954
f 954//954 955//955 956//956
f 956//956 955//955 957//957
f 957//957 955//955 958//958
f 954//954 959//959 953//953
f 959//959 960//960 953//953
f 956//956 961//961 954//954
f 961//961 959//959 954//954
f 957//957 962//962 956//956
f 962//962 961//961 956//956
f 958//958 963//963 957//957
f 963//963 962//962 957//957
f 955//955 964//964 958//958
f 964//964 963//963 958//958
f 952//952 965//965 955//955
f 965//965 964//964 955//955
f 951//951 966//966 952//952
f 966//966 965//965 952//952
f 950//950 967//967 951//951
f 967//967 966//966 951//951
f 948//948 968//968 950//950
f 968//968 967//967 950//950
f 947//947 969//969 948//948
f 969//969 968//968 948//948
f 949//949 970//970 947//947
f 970//970 969//969 947//947
f 953//953 960//960 949//949
f 960//960 970//970 949//949
f 969//969 970//970 968//968
f 968//968 970//970 967//967
f 967//967 970//970 966//966
f 966//966 970//970 965//965
f 970//970 960//960 965//965
f 960//960 959//959 965//965
f 965//965 959//959 964//964
f 959//959 961//961 964//964
f 961//961 962//962 964//964
f 962//962 963//963 964//964
f 971//971 972//972 973//973
f 972//972 974//974 973//973
f 974//974 975//975 973//973
f 975//975 976//976 973//973
f 973//973 976//976 977//977
f 977//977 976//976 978//978
f 976//976 979//979 978//978
f 978//978 979//979 980//980
f 980//980 979//979 981//981
f 981//981 979//979 982//982
f 978//978 983//983 977//977
f 983//983 984//984 977//977
f 980//980 985//985 978//978
f 985//985 983//983 978//978
f 981//981 986//986 980//980
f 986//986 985//985 980//980
f 982//982 987//987 981//981
f 987//987 986//986 981//981
f 979//979 988//988 982//982
f 988//988 987//987 982//982
f 976//976 989//989 979//979
f 989//989 988//988 979//979
f 975//975 990//990 976//976
f 990//990 989//989 976//976
f 974//974 991//991 975//975
f 991//991 990//990 975//975
f 972//972 992//992 974//974
f 992//992 991//991 974//974
f 971//971 993//993 972//972
f 993//993 992//992 972//972
f 973//973 994//994 971//971
f 994//994 993//993 971//971
f 977//977 984//984 973//973
f 984//984 994//994 973//973
f 993//993 994//994 992//992
f 992//992 994//994 991//991
f 991//991 994//994 990//990
f 990//990 994//994 989//989
f 994//994 984//984 989//989
f 984//984 983//983 989//989
f 989//989 983//983 988//988
f 983//983 985//985 988//988
f 985//985 986//986 988//988
f 986//986 987//987 988//988
f 995//995 996//996 997//997
f 996//996 998//998 997//997
f 998//998 999//999 997//997
f 999//999 1000//1000 997//997
f 997//997 1000//1000 1001//1001
f 1001//1001 1000//1000 1002//1002
f 1000//1000 1003//1003 1002//1002
f 1002//1002 1003//1003 1004//1004
f 1004//1004 1003//1003 1005//1005
f 1005//1005 1003//1003 1006//1006
f 1002//1002 1007//1007 1001//1001
f 1007//1007 1008//1008 1001//1001
f 1004//1004 1009//1009 1002//1002
f 1009//1009 1007//1007 1002//1002
f 1005//1005 1010//1010 1004//1004
f 1010//1010 1009//1009 1004//1004
f 1006//1006 1011//1011 1005//1005
f 1011//1011 1010//1010 1005//1005
f 1003//1003 1012//1012 1006//1006
f 1012//1012 1011//1011 1006//1006
f 1000//1000 1013//1013 1003//1003
f 1013//1013 1012//1012 1003//1003
f 999//999 1014//1014 1000//1000
f 1014//1014 1013//1013 1000//1000
f 998//998 1015//1015 999//999
f 1015//1015 1014//1014 999//999
f 996//996 1016//1016 998//998
f 1016//1016 1015//1015 998//998
f 995//995 1017//1017 996//996
f 1017//1017 1016//1016 996//996
f 997//997 1018//1018 995//995
f 1018//1018 1017//1017 995//995
f 1001//1001 1008//1008 997//997
f 1008//1008 1018//1018 997//997
f 1017//1017 1018//1018 1016//1016
f 1016//1016 1018//1018 1015//1015
f 1015//1015 1018//1018 1014//1014
f 1014//1014 1018//1018 1013//1013
f 1018//1018 1008//1008 1013//1013
f 1008//1008 1007//1007 1013//1013
f 1013//1013 1007//1007 1012//1012
f 1007//1007 1009//1009 1012//1012
f 1009//1009 1010//1010 1012//1012
f 1010//1010 1011//1011 1012//1012
f 1019//1019 1020//1020 1021//1021
f 1020//1020 1022//1022 1021//1021
f 1022//1022 1023//1023 1021//1021
f 1023//1023 1024//1024 1021//1021
f 1021//1021 1024//1024 1025//1025
f 1025//1025 1024//1024 1026//1026
f 1024//1024 1027//1027 1026//1026
f 1026//1026 1027//1027 1028//1028
f 1028//1028 1027//1027 1029//1029
f 1029//1029 1027//1027 1030//1030
f 1026//1026 1031//1031 1025//1025
f 1031//1031 1032//1032 1025//1025
f 1028//1028 1033//1033 1026//1026
f 1033//1033 1031//1031 1026//1026
f 1029//1029 1034//1034 1028//1028
f 1034//1034 1033//1033 1028//1028
f 1030//1030 1035//1035 1029//1029
f 1035//1035 1034//1034 1029//1029
f 1027//1027 1036//1036 1030//1030
f 1036//1036 1035//1035 1030//1030
f 1024//1024 1037//1037 1027//1027
f 1037//1037 1036//1036 1027//1027
f 1023//1023 1038//1038 1024//1024
f 1038//1038 1037//1037 1024//1024
f 1022//1022 1039//1039 1023//1023
f 1039//1039 1038//1038 1023//1023
f 1020//1020 1040//1040 1022//1022
f 1040//1040 1039//1039 1022//1022
f 1019//1019 1041//1041 1020//1020
f 1041//1041 1040//1040 1020//1020
f 1021//1021 1042//1042 1019//1019
f 1042//1042 1041//1041 1019//1019
f 1025//1025 1032//1032 1021//1021
f 1032//1032 1042//1042 1021//1021
f 1041//1041 1042//1042 1040//1040
f 1040//1040 1042//1042 1039//1039
f 1039//1039 1042//1042 1038//1038
f 1038//1038 1042//1042 1037//1037
f 1042//1042 1032//1032 1037//1037
f 1032//1032 1031//1031 1037//1037
f 1037//1037 1031//1031 1036//1036
f 1031//1031 1033//1033 1036//1036
f 1033//1033 1034//1034 1036//1036
f 1034//1034 1035//1035 1036//1036
f 1043//1043 1044//1044 1045//1045
f 1044//1044 1046//1046 1045//1045
f 1046//1046 1047//1047 1045//1045
f 1047//1047 1048//1048 1045//1045
f 1045//1045 1048//1048 1049//1049
f 1049//1049 1048//1048 1050//1050
f 1048//1048 1051//1051 1050//1050
f 1050//1050 1051//1051 1052//1052
f 1052//1052 1051//1051 1053//1053
f 1053//1053 1051//1051 1054//1054
f 1050//1050 1055//1055 1049//1049
f 1055//1055 1056//1056 1049//1049
f 1052//1052 1057//1057 1050//1050
f 1057//1057 1055//1055 1050//1050
f 1053//1053 1058//1058 1052//1052
f 1058//1058 1057//1057 1052//1052
f 1054//1054 1059//1059 1053//1053
f 1059//1059 1058//1058 1053//1053
f 1051//1051 1060//1060 1054//1054
f 1060//1060 1059//1059 1054//1054
f 1048//1048 1061//1061 1051//1051
f 1061//1061 1060//1060 1051//1051
f 1047//1047 1062//1062 1048//1048
f 1062//1062 1061//1061 1048//1048
f 1046//1046 1063//1063 1047//1047
f 1063//1063 1062//1062 1047//1047
f 1044//1044 1064//1064 1046//1046
f 1064//1064 1063//1063 1046//1046
f 1043//1043 1065//1065 1044//1044
f 1065//1065 1064//1064 1044//1044
f 1045//1045 1066//1066 1043//1043
f 1066//1066 1065//1065 1043//1043
f 1049//1049 1056//1056 1045//1045
f 1056//1056 1066//1066 1045//1045
f 1065//1065 1066//1066 1064//1064
f 1064//1064 1066//1066 1063//1063
f 1063//1063 1066//1066 1062//1062
f 1062//1062 1066//1066 1061//1061
f 1066//1066 1056//1056 1061//1061
f 1056//1056 1055//1055 1061//1061
f 1061//1061 1055//1055 1060//1060
f 1055//1055 1057//1057 1060//1060
f 1057//1057 1058//1058 1060//1060
f 1058//1058 1059//1059 1060//1060
f 1067//1067 1068//1068 1069//1069
f 1068//1068 1070//1070 1069//1069
f 1070//1070 1071//1071 1069//1069
f 1071//1071 1072//1072 1069//1069
f 1069//1069 1072//1072 1073//1073
f 1073//1073 1072//1072 1074//1074
f 1072//1072 1075//1075 1074//1074
f 1074//1074 1075//1075 1076//1076
f 1076//1076 1075//1075 1077//1077
f 1077//1077 1075//1075 1078//1078
f 1074//1074 1079//1079 1073//1073
f 1079//1079 1080//1080 1073//1073
f 1076//1076 1081//1081 1074//1074
f 1081//1081 1079//1079 1074//1074
f 1077//1077 1082//1082 1076//1076
f 1082//1082 1081//1081 1076//1076
f 1078//1078 1083//1083 1077//1077
f 1083//1083 1082//1082 1077//1077
f 1075//1075 1084//1084 1078//1078
f 1084//1084 1083//1083 1078//1078
f 1072//1072 1085//1085 1075//1075
f 1085//1085 1084//1084 1075//1075
f 1071//1071 1086//1086 1072//1072
f 1086//1086 1085//1085 1072//1072
f 1070//1070 1087//1087 1071//1071
f 1087//1087 1086//1086 1071//1071
f 1068//1068 1088//1088 1070//1070
f 1088//1088 1087//1087 1070//1070
f 1067//1067 1089//1089 1068//1068
f 1089//1089 1088//1088 1068//1068
f 1069//1069 1090//1090 1067//1067
f 1090//1090 1089//1089 1067//1067
f 1073//1073 1080//1080 1069//1069
f 1080//1080 1090//1090 1069//1069
f 1089//1089 1090//1090 1088//1088
f 1088//1088 1090//1090 1087//1087
f 1087//1087 1090//1090 1086//1086
f 1086//1086 1090//1090 1085//1085
f 1090//1090 1080//1080 1085//1085
f 1080//1080 1079//1079 1085//1085
f 1085//1085 1079//1079 1084//1084
f 1079//1079 1081//1081 1084//1084
f 1081//1081 1082//1082 1084//1084
f 1082//1082 1083//1083 1084//1084
f 1091//1091 1092//1092 1093//1093
f 1092//1092 1094//1094 1093//1093
f 1094//1094 1095//1095 1093//1093
f 1095//1095 1096//1096 1093//1093
f 1093//1093 1096//1096 1097//1097
f 1097//1097 1096//1096 1098//1098
f 1096//1096 1099//1099 1098//1098
f 1098//1098 1099//1099 1100//1100
f 1100//1100 1099//1099 1101//1101
f 1101//1101 1099//1099 1102//1102
f 1098//1098 1103//1103 1097//1097
f 1103//1103 1104//1104 1097//1097
f 1100//1100 1105//1105 1098//1098
f 1105//1105 1103//1103 1098//1098
f 1101//1101 1106//1106 1100//1100
f 1106//1106 1105//1105 1100//1100
f 1102//1102 1107//1107 1101//1101
f 1107//1107 1106//1106 1101//1101
f 1099//1099 1108//1108 1102//1102
f 1108//1108 1107//1107 1102//1102
f 1096//1096 1109//1109 1099//1099
f 1109//1109 1108//1108 1099//1099
f 1095//1095 1110//1110 1096//1096
f 1110//1110 1109//1109 1096//1096
f 1094//1094 1111//1111 1095//1095
f 1111//1111 1110//1110 1095//1095
f 1092//1092 1112//1112 1094//1094
f 1112//1112 1111//1111 1094//1094
f 1091//1091 1113//1113 1092//1092
f 1113//1113 1112//1112 1092//1092
f 1093//1093 1114//1114 1091//1091
f 1114//1114 1113//1113 1091//1091
f 1097//1097 1104//1104 1093//1093
f 1104//1104 1114//1114 1093//1093
f 1113//1113 1114//1114 1112//1112
f 1112//1112 1114//1114 1111//1111
f 1111//1111 1114//1114 1110//1110
f 1110//1110 1114//1114 1109//1109
f 1114//1114 1104//1104 1109//1109
f 1104//1104 1103//1103 1109//1109
f 1109//1109 1103//1103 1108//1108
f 1103//1103 1105//1105 1108//1108
f 1105//1105 1106//1106 1108//1108
f 1106//1106 1107//1107 1108//1108
f 1115//1115 1116//1116 1117//1117
f 1116//1116 1118//1118 1117//1117
f 1118//1118 1119//1119 1117//1117
f 1119//1119 1120//1120 1117//1117
f 1117//1117 1120//1120 1121//1121
f 1121//1121 1120//1120 1122//1122
f 1120//1120 1123//1123 1122//1122
f 1122//1122 1123//1123 1124//1124
f 1124//1124 1123//1123 1125//1125
f 1125//1125 1123//1123 1126//1126
f 1122//1122 1127//1127 1121//1121
f 1127//1127 1128//1128 1121//1121
f 1124//1124 1129//1129 1122//1122
f 1129//1129 1127//1127 1122//1122
f 1125//1125 1130//1130 1124//1124
f 1130//1130 1129//1129 1124//1124
f 1126//1126 1131//1131 1125//1125
f 1131//1131 1130//1130 1125//1125
f 1123//1123 1132//1132 1126//1126
f 1132//1132 1131//1131 1126//1126
f 1120//1120 1133//1133 1123//1123
f 1133//1133 1132//1132 1123//1123
f 1119//1119 1134//1134 1120//1120
f 1134//1134 1133//1133 1120//1120
f 1118//1118 1135//1135 1119//1119
f 1135//1135 1134//1134 1119//1119
f 1116//1116 1136//1136 1118//1118
f 1136//1136 1135//1135 1118//1118
f 1115//1115 1137//1137 1116//1116
f 1137//1137 1136//1136 1116//1116
f 1117//1117 1138//1138 1115//1115
f 1138//1138 1137//1137 1115//1115
f 1121//1121 1128//1128 1117//1117
f 1128//1128 1138//1138 1117//1117
f 1137//1137 1138//1138 1136//1136
f 1136//1136 1138//1138 1135//1135
f 1135//1135 1138//1138 1134//1134
f 1134//1134 1138//1138 1133//1133
f 1138//1138 1128//1128 1133//1133
f 1128//1128 1127//1127 1133//1133
f 1133//1133 1127//1127 1132//1132
f 1127//1127 1129//1129 1132//1132
f 1129//1129 1130//1130 1132//1132
f 1130//1130 1131//1131 1132//1132
f 1139//1139 1140//1140 1141//1141
f 1140//1140 1142//1142 1141//1141
f 1142//1142 1143//1143 1141//1141
f 1143//1143 1144//1144 1141//1141
f 1141//1141 1144//1144 1145//1145
f 1145//1145 1144//1144 1146//1146
f 1144//1144 1147//1147 1146//1146
f 1146//1146 1147//1147 1148//1148
f 1148//1148 1147//1147 1149//1149
f 1149//1149 1147//1147 1150//1150
f 1146//1146 1151//1151 1145//1145
f 1151//1151 1152//1152 1145//1145
f 1148//1148 1153//1153 1146//1146
f 1153//1153 1151//1151 1146//1146
f 1149//1149 1154//1154 1148//1148
f 1154//1154 1153//1153 1148//1148
f 1150//1150 1155//1155 1149//1149
f 1155//1155 1154//1154 1149//1149
f 1147//1147 1156//1156 1150//1150
f 1156//1156 1155//1155 1150//1150
f 1144//1144 1157//1157 1147//1147
f 1157//1157 1156//1156 1147//1147
f 1143//1143 1158//1158 1144//1144
f 1158//1158 1157//1157 1144//1144
f 1142//1142 1159//1159 1143//1143
f 1159//1159 1158//1158 1143//1143
f 1140//1140 1160//1160 1142//1142
f 1160//1160 1159//1159 1142//1142
f 1139//1139 1161//1161 1140//1140
f 1161//1161 1160//1160 1140//1140
f 1141//1141 1162//1162 1139//1139
f 1162//1162 1161//1161 1139//1139
f 1145//1145 1152//1152 1141//1141
f 1152//1152 1162//1162 1141//1141
f 1161//1161 1162//1162 1160//1160
f 1160//1160 1162//1162 1159//1159
f 1159//1159 1162//1162 1158//1158
f 1158//1158 1162//1162 1157//1157
f 1162//1162 1152//1152 1157//1157
f 1152//1152 1151//1151 1157//1157
f 1157//1157 1151//1151 1156//1156
f 1151//1151 1153//1153 1156//1156
f 1153//1153 1154//1154 1156//1156
f 1154//1154 1155//1155 1156//1156
f 1163//1163 1164//1164 1165//1165
f 1166//1166 1167//1167 1168//1168
f 1169//1169 1163//1163 1170//1170
f 1167//1167 1171//1171 1172//1172
f 1173//1173 1169//1169 1174//1174
f 1171//1171 1175//1175 1176//1176
f 1177//1177 1173//1173 1178//1178
f 1175//1175 1179//1179 1180//1180
f 1181//1181 1182//1182 1183//1183
f 1184//1184 1185//1185 1186//1186
f 1187//1187 1184//1184 1186//1186
f 1182//1182 1188//1188 1189//1189
f 1190//1190 1187//1187 1191//1191
f 1188//1188 1192//1192 1193//1193
f 1194//1194 1190//1190 1195//1195
f 1192//1192 1181//1181 1196//1196
f 1185//1185 1194//1194 1197//1197
f 1198//1198 1199//1199 1200//1200
f 1201//1201 1202//1202 1203//1203
f 1204//1204 1198//1198 1205//1205
f 1202//1202 1206//1206 1207//1207
f 1208//1208 1204//1204 1209//1209
f 1210//1210 1208//1208 1209//1209
f 1206//1206 1211//1211 1212//1212
f 1199//1199 1210//1210 1213//1213
f 1211//1211 1201//1201 1214//1214
f 1215//1215 1216//1216 1217//1217
f 1218//1218 1215//1215 1217//1217
f 1219//1219 1220//1220 1221//1221
f 1220//1220 1222//1222 1221//1221
f 1223//1223 1218//1218 1224//1224
f 1216//1216 1223//1223 1224//1224
f 1222//1222 1225//1225 1226//1226
f 1225//1225 1219//1219 1226//1226
f 1227//1227 1228//1228 1229//1229
f 1230//1230 1231//1231 1232//1232
f 1228//1228 1233//1233 1234//1234
f 1235//1235 1230//1230 1236//1236
f 1233//1233 1237//1237 1238//1238
f 1239//1239 1235//1235 1240//1240
f 1237//1237 1227//1227 1241//1241
f 1231//1231 1239//1239 1242//1242
f 1243//1243 1244//1244 1245//1245
f 1246//1246 1247//1247 1248//1248
f 1249//1249 1243//1243 1250//1250
f 1247//1247 1251//1251 1252//1252
f 1253//1253 1249//1249 1254//1254
f 1251//1251 1255//1255 1252//1252
f 1256//1256 1253//1253 1257//1257
f 1255//1255 1258//1258 1259//1259
f 1244//1244 1256//1256 1260//1260
f 1258//1258 1246//1246 1261//1261
f 1262//1262 1263//1263 1264//1264
f 1265//1265 1266//1266 1267//1267
f 1263//1263 1268//1268 1269//1269
f 1270//1270 1265//1265 1271//1271
f 1268//1268 1262//1262 1272//1272
f 1266//1266 1270//1270 1273//1273
f 1274//1274 1275//1275 1276//1276
f 1277//1277 1278//1278 1279//1279
f 1275//1275 1280//1280 1281//1281
f 1282//1282 1277//1277 1283//1283
f 1280//1280 1274//1274 1284//1284
f 1278//1278 1282//1282 1285//1285
f 1286//1286 1287//1287 1288//1288
f 1289//1289 1290//1290 1291//1291
f 1287//1287 1292//1292 1293//1293
f 1294//1294 1289//1289 1295//1295
f 1292//1292 1286//1286 1296//1296
f 1290//1290 1294//1294 1297//1297
f 1298//1298 1299//1299 1300//1300
f 1301//1301 1302//1302 1303//1303
f 1299//1299 1304//1304 1305//1305
f 1306//1306 1301//1301 1307//1307
f 1304//1304 1298//1298 1308//1308
f 1302//1302 1306//1306 1309//1309
f 1310//1310 1311//1311 1312//1312
f 1313//1313 1314//1314 1315//1315
f 1311//1311 1316//1316 1317//1317
f 1318//1318 1313//1313 1319//1319
f 1316//1316 1310//1310 1320//1320
f 1314//1314 1318//1318 1321//1321
f 1322//1322 1323//1323 1324//1324
f 1325//1325 1326//1326 1327//1327
f 1323//1323 1328//1328 1329//1329
f 1330//1330 1325//1325 1331//1331
f 1328//1328 1322//1322 1332//1332
f 1326//1326 1330//1330 1333//1333
f 1334//1334 1335//1335 1336//1336
f 1335//1335 1337//1337 1336//1336
f 1338//1338 1339//1339 1334//1334
f 1339//1339 1335//1335 1334//1334
f 1340//1340 1341//1341 1338//1338
f 1341//1341 1339//1339 1338//1338
f 1342//1342 1343//1343 1340//1340
f 1343//1343 1341//1341 1340//1340
f 1344//1344 1345//1345 1342//1342
f 1345//1345 1343//1343 1342//1342
f 1336//1336 1337//1337 1344//1344
f 1337//1337 1345//1345 1344//1344
f 1335//1335 1345//1345 1337//1337
f 1339//1339 1345//1345 1335//1335
f 1341//1341 1345//1345 1339//1339
f 1343//1343 1345//1345 1341//1341
f 1346//1346 1347//1347 1348//1348
f 1347//1347 1349//1349 1348//1348
f 1350//1350 1351//1351 1346//1346
f 1351//1351 1347//1347 1346//1346
f 1352//1352 1353//1353 1350//1350
f 1353//1353 1351//1351 1350//1350
f 1354//1354 1355//1355 1352//1352
f 1355//1355 1353//1353 1352//1352
f 1356//1356 1357//1357 1354//1354
f 1357//1357 1355//1355 1354//1354
f 1348//1348 1349//1349 1356//1356
f 1349//1349 1357//1357 1356//1356
f 1347//1347 1357//1357 1349//1349
f 1351//1351 1357//1357 1347//1347
f 1353//1353 1357//1357 1351//1351
f 1355//1355 1357//1357 1353//1353
f 1358//1358 1359//1359 1360//1360
f 1359//1359 1361//1361 1360//1360
f 1362//1362 1363//1363 1358//1358
f 1363//1363 1359//1359 1358//1358
f 1364//1364 1365//1365 1362//1362
f 1365//1365 1363//1363 1362//1362
f 1366//1366 1367//1367 1364//1364
f 1367//1367 1365//1365 1364//1364
f 1368//1368 1369//1369 1366//1366
f 1369//1369 1367//1367 1366//1366
f 1360//1360 1361//1361 1368//1368
f 1361//1361 1369//1369 1368//1368
f 1359//1359 1369//1369 1361//1361
f 1363//1363 1369//1369 1359//1359
f 1365//1365 1369//1369 1363//1363
f 1367//1367 1369//1369 1365//1365
f 1370//1370 1371//1371 1372//1372
f 1372//1372 1371//1371 1373//1373
f 1374//1374 1370//1370 1375//1375
f 1375//1375 1370//1370 1372//1372
f 1376//1376 1373//1373 1377//1377
f 1377//1377 1373//1373 1371//1371
f 1376//1376 1377//1377 1375//1375
f 1375//1375 1377//1377 1374//1374
f 1378//1378 1379//1379 1380//1380
f 1379//1379 1381//1381 1380//1380
f 1382//1382 1383//1383 1378//1378
f 1383//1383 1379//1379 1378//1378
f 1384//1384 1385//1385 1382//1382
f 1385//1385 1383//1383 1382//1382
f 1386//1386 1387//1387 1384//1384
f 1387//1387 1385//1385 1384//1384
f 1388//1388 1389//1389 1386//1386
f 1389//1389 1387//1387 1386//1386
f 1390//1390 1391//1391 1388//1388
f 1391//1391 1389//1389 1388//1388
f 1392//1392 1393//1393 1390//1390
f 1393//1393 1391//1391 1390//1390
f 1380//1380 1381//1381 1392//1392
f 1381//1381 1393//1393 1392//1392
f 1394//1394 1395//1395 1396//1396
f 1396//1396 1395//1395 1397//1397
f 1398//1398 1394//1394 1399//1399
f 1399//1399 1394//1394 1396//1396
f 1400//1400 1398//1398 1401//1401
f 1401//1401 1398//1398 1399//1399
f 1402//1402 1400//1400 1403//1403
f 1403//1403 1400//1400 1401//1401
f 1404//1404 1402//1402 1405//1405
f 1405//1405 1402//1402 1403//1403
f 1406//1406 1404//1404 1407//1407
f 1407//1407 1404//1404 1405//1405
f 1408//1408 1406//1406 1409//1409
f 1409//1409 1406//1406 1407//1407
f 1395//1395 1408//1408 1397//1397
f 1397//1397 1408//1408 1409//1409
f 1410//1410 1411//1411 1412//1412
f 1411//1411 1413//1413 1412//1412
f 1411//1411 1410//1410 1414//1414
f 1413//1413 1415//1415 1412//1412
f 1416//1416 1417//1417 1418//1418
f 1417//1417 1419//1419 1418//1418
f 1419//1419 1420//1420 1418//1418
f 1416//1416 1421//1421 1417//1417
f 1417//1417 1421//1421 1422//1422
f 1422//1422 1421//1421 1423//1423
f 1424//1424 1425//1425 1426//1426
f 1425//1425 1427//1427 1426//1426
f 1428//1428 1429//1429 1430//1430
f 1429//1429 1431//1431 1430//1430
f 1432//1432 1433//1433 1434//1434
f 1433//1433 1435//1435 1434//1434
f 1436//1436 1437//1437 1438//1438
f 1437//1437 1439//1439 1438//1438
f 1440//1440 1441//1441 1442//1442
f 1441//1441 1443//1443 1442//1442
f 1444//1444 1445//1445 1446//1446
f 1445//1445 1447//1447 1446//1446
f 1448//1448 1449//1449 1450//1450
f 1449//1449 1451//1451 1450//1450
f 1423//1423 1421//1421 1432//1432
f 1432//1432 1421//1421 1433//1433
f 1433//1433 1421//1421 1452//1452
f 1452//1452 1421//1421 1453//1453
f 1420//1420 1454//1454 1418//1418
f 1414//1414 1410//1410 1455//1455
f 1410//1410 1456//1456 1455//1455
f 1455//1455 1456//1456 1428//1428
f 1453//1453 1421//1421 1457//1457
f 1421//1421 1412//1412 1457//1457
f 1457//1457 1412//1412 1458//1458
f 1458//1458 1412//1412 1459//1459
f 1412//1412 1415//1415 1459//1459
f 1459//1459 1415//1415 1460//1460
f 1415//1415 1461//1461 1460//1460
f 1460//1460 1461//1461 1462//1462
f 1461//1461 1463//1463 1462//1462
f 1426//1426 1427//1427 1464//1464
f 1427//1427 1465//1465 1464//1464
f 1430//1430 1431//1431 1466//1466
f 1431//1431 1467//1467 1466//1466
f 1434//1434 1435//1435 1468//1468
f 1435//1435 1469//1469 1468//1468
f 1438//1438 1439//1439 1470//1470
f 1439//1439 1471//1471 1470//1470
f 1462//1462 1463//1463 1472//1472
f 1463//1463 1473//1473 1472//1472
f 1442//1442 1443//1443 1474//1474
f 1443//1443 1475//1475 1474//1474
f 1446//1446 1447//1447 1476//1476
f 1447//1447 1477//1477 1476//1476
f 1450//1450 1451//1451 1478//1478
f 1451//1451 1479//1479 1478//1478
f 1449//1449 1448//1448 1480//1480
f 1448//1448 1481//1481 1480//1480
f 1441//1441 1440//1440 1482//1482
f 1440//1440 1483//1483 1482//1482
f 1445//1445 1444//1444 1484//1484
f 1444//1444 1485//1485 1484//1484
f 1437//1437 1436//1436 1486//1486
f 1436//1436 1487//1487 1486//1486
f 1429//1429 1428//1428 1488//1488
f 1428//1428 1456//1456 1488//1488
f 1488//1488 1456//1456 1489//1489
f 1489//1489 1456//1456 1490//1490
f 1456//1456 1491//1491 1490//1490
f 1490//1490 1491//1491 1492//1492
f 1492//1492 1491//1491 1493//1493
f 1493//1493 1491//1491 1424//1424
f 1424//1424 1491//1491 1425//1425
f 1425//1425 1491//1491 1494//1494
f 1494//1494 1491//1491 1495//1495
f 1491//1491 1496//1496 1495//1495
f 1495//1495 1496//1496 1497//1497
f 1497//1497 1496//1496 1498//1498
f 1498//1498 1496//1496 1487//1487
f 1487//1487 1496//1496 1486//1486
f 1486//1486 1496//1496 1499//1499
f 1496//1496 1500//1500 1499//1499
f 1499//1499 1500//1500 1501//1501
f 1501//1501 1500//1500 1502//1502
f 1500//1500 1503//1503 1502//1502
f 1502//1502 1503//1503 1483//1483
f 1483//1483 1503//1503 1482//1482
f 1482//1482 1503//1503 1504//1504
f 1504//1504 1503//1503 1505//1505
f 1503//1503 1506//1506 1505//1505
f 1505//1505 1506//1506 1507//1507
f 1507//1507 1506//1506 1481//1481
f 1481//1481 1506//1506 1480//1480
f 1480//1480 1506//1506 1508//1508
f 1508//1508 1506//1506 1509//1509
f 1506//1506 1510//1510 1509//1509
f 1509//1509 1510//1510 1511//1511
f 1511//1511 1510//1510 1485//1485
f 1485//1485 1510//1510 1484//1484
f 1484//1484 1510//1510 1512//1512
f 1510//1510 1418//1418 1512//1512
f 1512//1512 1418//1418 1513//1513
f 1513//1513 1418//1418 1514//1514
f 1418//1418 1454//1454 1514//1514
f 1514//1514 1454//1454 1515//1515
f 1515//1515 1454//1454 1516//1516
f 1516//1516 1454//1454 1517//1517
f 1454//1454 1518//1518 1517//1517
f 1517//1517 1518//1518 1519//1519
f 1518//1518 1520//1520 1519//1519
f 1464//1464 1465//1465 1521//1521
f 1465//1465 1522//1522 1521//1521
f 1519//1519 1520//1520 1523//1523
f 1520//1520 1524//1524 1523//1523
f 1466//1466 1467//1467 1525//1525
f 1467//1467 1521//1521 1525//1525
f 1521//1521 1522//1522 1525//1525
f 1468//1468 1469//1469 1524//1524
f 1469//1469 1526//1526 1524//1524
f 1524//1524 1526//1526 1523//1523
f 1470//1470 1471//1471 1522//1522
f 1522//1522 1471//1471 1525//1525
f 1471//1471 1527//1527 1525//1525
f 1525//1525 1527//1527 1473//1473
f 1473//1473 1527//1527 1472//1472
f 1472//1472 1527//1527 1526//1526
f 1526//1526 1527//1527 1523//1523
f 1523//1523 1527//1527 1477//1477
f 1477//1477 1527//1527 1476//1476
f 1476//1476 1527//1527 1528//1528
f 1528//1528 1527//1527 1479//1479
f 1479//1479 1527//1527 1478//1478
f 1478//1478 1527//1527 1529//1529
f 1529//1529 1527//1527 1475//1475
f 1475//1475 1527//1527 1474//1474
f 1412//1412 1530//1530 1410//1410
f 1530//1530 1531//1531 1410//1410
f 1421//1421 1532//1532 1412//1412
f 1532//1532 1530//1530 1412//1412
f 1416//1416 1533//1533 1421//1421
f 1533//1533 1532//1532 1421//1421
f 1418//1418 1534//1534 1416//1416
f 1534//1534 1533//1533 1416//1416
f 1510//1510 1535//1535 1418//1418
f 1535//1535 1534//1534 1418//1418
f 1506//1506 1536//1536 1510//1510
f 1536//1536 1535//1535 1510//1510
f 1503//1503 1537//1537 1506//1506
f 1537//1537 1536//1536 1506//1506
f 1500//1500 1538//1538 1503//1503
f 1538//1538 1537//1537 1503//1503
f 1496//1496 1539//1539 1500//1500
f 1539//1539 1538//1538 1500//1500
f 1491//1491 1540//1540 1496//1496
f 1540//1540 1539//1539 1496//1496
f 1456//1456 1541//1541 1491//1491
f 1541//1541 1540//1540 1491//1491
f 1410//1410 1531//1531 1456//1456
f 1531//1531 1541//1541 1456//1456
f 1477//1477 1542//1542 1523//1523
f 1542//1542 1543//1543 1523//1523
f 1447//1447 1544//1544 1477//1477
f 1544//1544 1542//1542 1477//1477
f 1445//1445 1545//1545 1447//1447
f 1545//1545 1544//1544 1447//1447
f 1484//1484 1546//1546 1445//1445
f 1546//1546 1545//1545 1445//1445
f 1512//1512 1547//1547 1484//1484
f 1547//1547 1546//1546 1484//1484
f 1513//1513 1548//1548 1512//1512
f 1548//1548 1547//1547 1512//1512
f 1514//1514 1549//1549 1513//1513
f 1549//1549 1548//1548 1513//1513
f 1515//1515 1550//1550 1514//1514
f 1550//1550 1549//1549 1514//1514
f 1516//1516 1551//1551 1515//1515
f 1551//1551 1550//1550 1515//1515
f 1517//1517 1552//1552 1516//1516
f 1552//1552 1551//1551 1516//1516
f 1519//1519 1553//1553 1517//1517
f 1553//1553 1552//1552 1517//1517
f 1523//1523 1543//1543 1519//1519
f 1543//1543 1553//1553 1519//1519
f 1479//1479 1554//1554 1528//1528
f 1554//1554 1555//1555 1528//1528
f 1451//1451 1556//1556 1479//1479
f 1556//1556 1554//1554 1479//1479
f 1449//1449 1557//1557 1451//1451
f 1557//1557 1556//1556 1451//1451
f 1480//1480 1558//1558 1449//1449
f 1558//1558 1557//1557 1449//1449
f 1508//1508 1559//1559 1480//1480
f 1559//1559 1558//1558 1480//1480
f 1509//1509 1560//1560 1508//1508
f 1560//1560 1559//1559 1508//1508
f 1511//1511 1561//1561 1509//1509
f 1561//1561 1560//1560 1509//1509
f 1485//1485 1562//1562 1511//1511
f 1562//1562 1561//1561 1511//1511
f 1444//1444 1563//1563 1485//1485
f 1563//1563 1562//1562 1485//1485
f 1446//1446 1564//1564 1444//1444
f 1564//1564 1563//1563 1444//1444
f 1476//1476 1565//1565 1446//1446
f 1565//1565 1564//1564 1446//1446
f 1528//1528 1555//1555 1476//1476
f 1555//1555 1565//1565 1476//1476
f 1475//1475 1566//1566 1529//1529
f 1566//1566 1567//1567 1529//1529
f 1443//1443 1568//1568 1475//1475
f 1568//1568 1566//1566 1475//1475
f 1441//1441 1569//1569 1443//1443
f 1569//1569 1568//1568 1443//1443
f 1482//1482 1570//1570 1441//1441
f 1570//1570 1569//1569 1441//1441
f 1504//1504 1571//1571 1482//1482
f 1571//1571 1570//1570 1482//1482
f 1505//1505 1572//1572 1504//1504
f 1572//1572 1571//1571 1504//1504
f 1507//1507 1573//1573 1505//1505
f 1573//1573 1572//1572 1505//1505
f 1481//1481 1574//1574 1507//1507
f 1574//1574 1573//1573 1507//1507
f 1448//1448 1575//1575 1481//1481
f 1575//1575 1574//1574 1481//1481
f 1450//1450 1576//1576 1448//1448
f 1576//1576 1575//1575 1448//1448
f 1478//1478 1577//1577 1450//1450
f 1577//1577 1576//1576 1450//1450
f 1529//1529 1567//1567 1478//1478
f 1567//1567 1577//1577 1478//1478
f 1471//1471 1578//1578 1527//1527
f 1578//1578 1579//1579 1527//1527
f 1439//1439 1580//1580 1471//1471
f 1580//1580 1578//1578 1471//1471
f 1437//1437 1581//1581 1439//1439
f 1581//1581 1580//1580 1439//1439
f 1486//1486 1582//1582 1437//1437
f 1582//1582 1581//1581 1437//1437
f 1499//1499 1583//1583 1486//1486
f 1583//1583 1582//1582 1486//1486
f 1501//1501 1584//1584 1499//1499
f 1584//1584 1583//1583 1499//1499
f 1502//1502 1585//1585 1501//1501
f 1585//1585 1584//1584 1501//1501
f 1483//1483 1586//1586 1502//1502
f 1586//1586 1585//1585 1502//1502
f 1440//1440 1587//1587 1483//1483
f 1587//1587 1586//1586 1483//1483
f 1442//1442 1588//1588 1440//1440
f 1588//1588 1587//1587 1440//1440
f 1474//1474 1589//1589 1442//1442
f 1589//1589 1588//1588 1442//1442
f 1527//1527 1579//1579 1474//1474
f 1579//1579 1589//1589 1474//1474
f 1465//1465 1590//1590 1522//1522
f 1590//1590 1591//1591 1522//1522
f 1427//1427 1592//1592 1465//1465
f 1592//1592 1590//1590 1465//1465
f 1425//1425 1593//1593 1427//1427
f 1593//1593 1592//1592 1427//1427
f 1494//1494 1594//1594 1425//1425
f 1594//1594 1593//1593 1425//1425
f 1495//1495 1595//1595 1494//1494
f 1595//1595 1594//1594 1494//1494
f 1497//1497 1596//1596 1495//1495
f 1596//1596 1595//1595 1495//1495
f 1498//1498 1597//1597 1497//1497
f 1597//1597 1596//1596 1497//1497
f 1487//1487 1598//1598 1498//1498
f 1598//1598 1597//1597 1498//1498
f 1436//1436 1599//1599 1487//1487
f 1599//1599 1598//1598 1487//1487
f 1438//1438 1600//1600 1436//1436
f 1600//1600 1599//1599 1436//1436
f 1470//1470 1601//1601 1438//1438
f 1601//1601 1600//1600 1438//1438
f 1522//1522 1591//1591 1470//1470
f 1591//1591 1601//1601 1470//1470
f 1467//1467 1602//1602 1521//1521
f 1602//1602 1603//1603 1521//1521
f 1431//1431 1604//1604 1467//1467
f 1604//1604 1602//1602 1467//1467
f 1429//1429 1605//1605 1431//1431
f 1605//1605 1604//1604 1431//1431
f 1488//1488 1606//1606 1429//1429
f 1606//1606 1605//1605 1429//1429
f 1489//1489 1607//1607 1488//1488
f 1607//1607 1606//1606 1488//1488
f 1490//1490 1608//1608 1489//1489
f 1608//1608 1607//1607 1489//1489
f 1492//1492 1609//1609 1490//1490
f 1609//1609 1608//1608 1490//1490
f 1493//1493 1610//1610 1492//1492
f 1610//1610 1609//1609 1492//1492
f 1424//1424 1611//1611 1493//1493
f 1611//1611 1610//1610 1493//1493
f 1426//1426 1612//1612 1424//1424
f 1612//1612 1611//1611 1424//1424
f 1464//1464 1613//1613 1426//1426
f 1613//1613 1612//1612 1426//1426
f 1521//1521 1603//1603 1464//1464
f 1603//1603 1613//1613 1464//1464
f 1473//1473 1614//1614 1525//1525
f 1614//1614 1615//1615 1525//1525
f 1463//1463 1616//1616 1473//1473
f 1616//1616 1614//1614 1473//1473
f 1461//1461 1617//1617 1463//1463
f 1617//1617 1616//1616 1463//1463
f 1415//1415 1618//1618 1461//1461
f 1618//1618 1617//1617 1461//1461
f 1413//1413 1619//1619 1415//1415
f 1619//1619 1618//1618 1415//1415
f 1411//1411 1620//1620 1413//1413
f 1620//1620 1619//1619 1413//1413
f 1414//1414 1621//1621 1411//1411
f 1621//1621 1620//1620 1411//1411
f 1455//1455 1622//1622 1414//1414
f 1622//1622 1621//1621 1414//1414
f 1428//1428 1623//1623 1455//1455
f 1623//1623 1622//1622 1455//1455
f 1430//1430 1624//1624 1428//1428
f 1624//1624 1623//1623 1428//1428
f 1466//1466 1625//1625 1430//1430
f 1625//1625 1624//1624 1430//1430
f 1525//1525 1615//1615 1466//1466
f 1615//1615 1625//1625 1466//1466
f 1469//1469 1626//1626 1526//1526
f 1626//1626 1627//1627 1526//1526
f 1435//1435 1628//1628 1469//1469
f 1628//1628 1626//1626 1469//1469
f 1433//1433 1629//1629 1435//1435
f 1629//1629 1628//1628 1435//1435
f 1452//1452 1630//1630 1433//1433
f 1630//1630 1629//1629 1433//1433
f 1453//1453 1631//1631 1452//1452
f 1631//1631 1630//1630 1452//1452
f 1457//1457 1632//1632 1453//1453
f 1632//1632 1631//1631 1453//1453
f 1458//1458 1633//1633 1457//1457
f 1633//1633 1632//1632 1457//1457
f 1459//1459 1634//1634 1458//1458
f 1634//1634 1633//1633 1458//1458
f 1460//1460 1635//1635 1459//1459
f 1635//1635 1634//1634 1459//1459
f 1462//1462 1636//1636 1460//1460
f 1636//1636 1635//1635 1460//1460
f 1472//1472 1637//1637 1462//1462
f 1637//1637 1636//1636 1462//1462
f 1526//1526 1627//1627 1472//1472
f 1627//1627 1637//1637 1472//1472
f 1520//1520 1638//1638 1524//1524
f 1638//1638 1639//1639 1524//1524
f 1518//1518 1640//1640 1520//1520
f 1640//1640 1638//1638 1520//1520
f 1454//1454 1641//1641 1518//1518
f 1641//1641 1640//1640 1518//1518
f 1420//1420 1642//1642 1454//1454
f 1642//1642 1641//1641 1454//1454
f 1419//1419 1643//1643 1420//1420
f 1643//1643 1642//1642 1420//1420
f 1417//1417 1644//1644 1419//1419
f 1644//1644 1643//1643 1419//1419
f 1422//1422 1645//1645 1417//1417
f 1645//1645 1644//1644 1417//1417
f 1423//1423 1646//1646 1422//1422
f 1646//1646 1645//1645 1422//1422
f 1432//1432 1647//1647 1423//1423
f 1647//1647 1646//1646 1423//1423
f 1434//1434 1648//1648 1432//1432
f 1648//1648 1647//1647 1432//1432
f 1468//1468 1649//1649 1434//1434
f 1649//1649 1648//1648 1434//1434
f 1524//1524 1639//1639 1468//1468
f 1639//1639 1649//1649 1468//1468
f 1650//1650 1651//1651 1652//1652
f 1651//1651 1653//1653 1652//1652
f 1654//1654 1655//1655 1650//1650
f 1655//1655 1651//1651 1650//1650
f 1655//1655 1656//1656 1651//1651
f 1656//1656 1653//1653 1651//1651
f 1656//1656 1657//1657 1653//1653
f 1657//1657 1652//1652 1653//1653
f 1656//1656 1655//1655 1657//1657
f 1655//1655 1654//1654 1657//1657
f 1658//1658 1659//1659 1660//1660
f 1660//1660 1659//1659 1661//1661
f 1662//1662 1658//1658 1663//1663
f 1663//1663 1658//1658 1660//1660
f 1663//1663 1660//1660 1664//1664
f 1664//1664 1660//1660 1661//1661
f 1664//1664 1661//1661 1665//1665
f 1665//1665 1661//1661 1659//1659
f 1664//1664 1665//1665 1663//1663
f 1663//1663 1665//1665 1662//1662
f 1666//1666 1667//1667 1668//1668
f 1667//1667 1669//1669 1668//1668
f 1670//1670 1671//1671 1666//1666
f 1671//1671 1667//1667 1666//1666
f 1672//1672 1673//1673 1670//1670
f 1673//1673 1671//1671 1670//1670
f 1674//1674 1675//1675 1672//1672
f 1675//1675 1673//1673 1672//1672
f 1676//1676 1677//1677 1674//1674
f 1677//1677 1675//1675 1674//1674
f 1668//1668 1669//1669 1676//1676
f 1669//1669 1677//1677 1676//1676
f 1671//1671 1669//1669 1667//1667
f 1673//1673 1669//1669 1671//1671
f 1675//1675 1669//1669 1673//1673
f 1677//1677 1669//1669 1675//1675
f 1678//1678 1679//1679 1680//1680
f 1679//1679 1681//1681 1680//1680
f 1682//1682 1683//1683 1678//1678
f 1683//1683 1679//1679 1678//1678
f 1684//1684 1685//1685 1682//1682
f 1685//1685 1683//1683 1682//1682
f 1686//1686 1687//1687 1684//1684
f 1687//1687 1685//1685 1684//1684
f 1688//1688 1687//1687 1686//1686
f 1680//1680 1681//1681 1689//1689
f 1681//1681 1690//1690 1689//1689
f 1679//1679 1691//1691 1681//1681
f 1691//1691 1692//1692 1681//1681
f 1683//1683 1693//1693 1679//1679
f 1693//1693 1691//1691 1679//1679
f 1685//1685 1694//1694 1683//1683
f 1694//1694 1693//1693 1683//1683
f 1687//1687 1695//1695 1685//1685
f 1695//1695 1694//1694 1685//1685
f 1688//1688 1696//1696 1687//1687
f 1696//1696 1695//1695 1687//1687
f 1681//1681 1692//1692 1690//1690
f 1692//1692 1697//1697 1690//1690
f 1691//1691 1698//1698 1692//1692
f 1698//1698 1699//1699 1692//1692
f 1693//1693 1700//1700 1691//1691
f 1700//1700 1698//1698 1691//1691
f 1694//1694 1701//1701 1693//1693
f 1701//1701 1700//1700 1693//1693
f 1695//1695 1702//1702 1694//1694
f 1702//1702 1701//1701 1694//1694
f 1696//1696 1703//1703 1695//1695
f 1703//1703 1702//1702 1695//1695
f 1692//1692 1699//1699 1697//1697
f 1699//1699 1704//1704 1697//1697
f 1698//1698 1705//1705 1699//1699
f 1705//1705 1706//1706 1699//1699
f 1700//1700 1707//1707 1698//1698
f 1707//1707 1705//1705 1698//1698
f 1701//1701 1708//1708 1700//1700
f 1708//1708 1707//1707 1700//1700
f 1702//1702 1709//1709 1701//1701
f 1709//1709 1708//1708 1701//1701
f 1703//1703 1710//1710 1702//1702
f 1710//1710 1709//1709 1702//1702
f 1699//1699 1706//1706 1704//1704
f 1706//1706 1711//1711 1704//1704
f 1705//1705 1712//1712 1706//1706
f 1712//1712 1713//1713 1706//1706
f 1707//1707 1714//1714 1705//1705
f 1714//1714 1712//1712 1705//1705
f 1708//1708 1715//1715 1707//1707
f 1715//1715 1714//1714 1707//1707
f 1709//1709 1716//1716 1708//1708
f 1716//1716 1715//1715 1708//1708
f 1710//1710 1717//1717 1709//1709
f 1717//1717 1716//1716 1709//1709
f 1706//1706 1713//1713 1711//1711
f 1713//1713 1718//1718 1711//1711
f 1712//1712 1719//1719 1713//1713
f 1719//1719 1720//1720 1713//1713
f 1714//1714 1721//1721 1712//1712
f 1721//1721 1719//1719 1712//1712
f 1715//1715 1722//1722 1714//1714
f 1722//1722 1721//1721 1714//1714
f 1716//1716 1723//1723 1715//1715
f 1723//1723 1722//1722 1715//1715
f 1717//1717 1724//1724 1716//1716
f 1724//1724 1723//1723 1716//1716
f 1713//1713 1720//1720 1718//1718
f 1720//1720 1725//1725 1718//1718
f 1719//1719 1726//1726 1720//1720
f 1721//1721 1726//1726 1719//1719
f 1722//1722 1726//1726 1721//1721
f 1723//1723 1726//1726 1722//1722
f 1724//1724 1726//1726 1723//1723
f 1720//1720 1726//1726 1725//1725
f 1678//1678 1680//1680 1727//1727
f 1728//1728 1727//1727 1680//1680
f 1682//1682 1678//1678 1729//1729
f 1727//1727 1729//1729 1678//1678
f 1684//1684 1682//1682 1730//1730
f 1729//1729 1730//1730 1682//1682
f 1686//1686 1684//1684 1731//1731
f 1730//1730 1731//1731 1684//1684
f 1688//1688 1686//1686 1732//1732
f 1731//1731 1732//1732 1686//1686
f 1680//1680 1689//1689 1728//1728
f 1732//1732 1731//1731 1733//1733
f 1731//1731 1730//1730 1733//1733
f 1733//1733 1730//1730 1729//1729
f 1733//1733 1729//1729 1727//1727
f 1733//1733 1727//1727 1728//1728
f 1734//1734 1735//1735 1736//1736
f 1736//1736 1735//1735 1737//1737
f 1738//1738 1734//1734 1739//1739
f 1739//1739 1734//1734 1736//1736
f 1740//1740 1738//1738 1741//1741
f 1741//1741 1738//1738 1739//1739
f 1742//1742 1740//1740 1743//1743
f 1743//1743 1740//1740 1741//1741
f 1744//1744 1742//1742 1745//1745
f 1745//1745 1742//1742 1743//1743
f 1735//1735 1746//1746 1737//1737
f 1737//1737 1746//1746 1747//1747
f 1735//1735 1734//1734 1748//1748
f 1734//1734 1738//1738 1748//1748
f 1738//1738 1740//1740 1748//1748
f 1740//1740 1742//1742 1748//1748
f 1742//1742 1744//1744 1748//1748
f 1746//1746 1735//1735 1748//1748
f 1736//1736 1749//1749 1737//1737
f 1739//1739 1749//1749 1736//1736
f 1741//1741 1749//1749 1739//1739
f 1743//1743 1749//1749 1741//1741
f 1745//1745 1749//1749 1743//1743
f 1737//1737 1749//1749 1747//1747
f 1750//1750 1751//1751 1752//1752
f 1751//1751 1753//1753 1752//1752
f 1753//1753 1754//1754 1752//1752
f 1754//1754 1755//1755 1752//1752
f 1755//1755 1756//1756 1752//1752
f 1756//1756 1757//1757 1752//1752
f 1757//1757 1758//1758 1752//1752
f 1759//1759 1760//1760 1752//1752
f 1760//1760 1761//1761 1752//1752
f 1761//1761 1750//1750 1752//1752
f 1762//1762 1763//1763 1750//1750
f 1763//1763 1751//1751 1750//1750
f 1763//1763 1764//1764 1751//1751
f 1764//1764 1753//1753 1751//1751
f 1764//1764 1765//1765 1753//1753
f 1765//1765 1754//1754 1753//1753
f 1765//1765 1766//1766 1754//1754
f 1766//1766 1755//1755 1754//1754
f 1766//1766 1767//1767 1755//1755
f 1767//1767 1756//1756 1755//1755
f 1767//1767 1768//1768 1756//1756
f 1768//1768 1757//1757 1756//1756
f 1768//1768 1769//1769 1757//1757
f 1769//1769 1758//1758 1757//1757
f 1769//1769 1770//1770 1758//1758
f 1770//1770 1752//1752 1758//1758
f 1770//1770 1771//1771 1752//1752
f 1771//1771 1759//1759 1752//1752
f 1771//1771 1772//1772 1759//1759
f 1772//1772 1760//1760 1759//1759
f 1772//1772 1773//1773 1760//1760
f 1773//1773 1761//1761 1760//1760
f 1773//1773 1762//1762 1761//1761
f 1762//1762 1750//1750 1761//1761
f 1774//1774 1775//1775 1762//1762
f 1775//1775 1763//1763 1762//1762
f 1775//1775 1776//1776 1763//1763
f 1776//1776 1764//1764 1763//1763
f 1776//1776 1777//1777 1764//1764
f 1777//1777 1765//1765 1764//1764
f 1777//1777 1778//1778 1765//1765
f 1778//1778 1766//1766 1765//1765
f 1778//1778 1779//1779 1766//1766
f 1779//1779 1767//1767 1766//1766
f 1779//1779 1780//1780 1767//1767
f 1780//1780 1768//1768 1767//1767
f 1780//1780 1781//1781 1768//1768
f 1781//1781 1769//1769 1768//1768
f 1781//1781 1782//1782 1769//1769
f 1782//1782 1770//1770 1769//1769
f 1782//1782 1783//1783 1770//1770
f 1783//1783 1771//1771 1770//1770
f 1783//1783 1784//1784 1771//1771
f 1784//1784 1772//1772 1771//1771
f 1784//1784 1785//1785 1772//1772
f 1785//1785 1773//1773 1772//1772
f 1785//1785 1774//1774 1773//1773
f 1774//1774 1762//1762 1773//1773
f 1786//1786 1787//1787 1788//1788
f 1787//1787 1789//1789 1788//1788
f 1789//1789 1790//1790 1788//1788
f 1790//1790 1791//1791 1788//1788
f 1791//1791 1792//1792 1788//1788
f 1792//1792 1793//1793 1788//1788
f 1793//1793 1794//1794 1788//1788
f 1794//1794 1795//1795 1788//1788
f 1795//1795 1796//1796 1788//1788
f 1797//1797 1786//1786 1788//1788
f 1798//1798 1799//1799 1786//1786
f 1799//1799 1787//1787 1786//1786
f 1799//1799 1800//1800 1787//1787
f 1800//1800 1789//1789 1787//1787
f 1800//1800 1801//1801 1789//1789
f 1801//1801 1790//1790 1789//1789
f 1801//1801 1802//1802 1790//1790
f 1802//1802 1791//1791 1790//1790
f 1802//1802 1803//1803 1791//1791
f 1803//1803 1792//1792 1791//1791
f 1803//1803 1804//1804 1792//1792
f 1804//1804 1793//1793 1792//1792
f 1804//1804 1805//1805 1793//1793
f 1805//1805 1794//1794 1793//1793
f 1805//1805 1806//1806 1794//1794
f 1806//1806 1795//1795 1794//1794
f 1806//1806 1807//1807 1795//1795
f 1807//1807 1796//1796 1795//1795
f 1807//1807 1808//1808 1796//1796
f 1808//1808 1788//1788 1796//1796
f 1808//1808 1809//1809 1788//1788
f 1809//1809 1797//1797 1788//1788
f 1809//1809 1798//1798 1797//1797
f 1798//1798 1786//1786 1797//1797
f 1810//1810 1811//1811 1798//1798
f 1811//1811 1799//1799 1798//1798
f 1811//1811 1812//1812 1799//1799
f 1812//1812 1800//1800 1799//1799
f 1812//1812 1813//1813 1800//1800
f 1813//1813 1801//1801 1800//1800
f 1813//1813 1814//1814 1801//1801
f 1814//1814 1802//1802 1801//1801
f 1814//1814 1815//1815 1802//1802
f 1815//1815 1803//1803 1802//1802
f 1815//1815 1816//1816 1803//1803
f 1816//1816 1804//1804 1803//1803
f 1816//1816 1817//1817 1804//1804
f 1817//1817 1805//1805 1804//1804
f 1817//1817 1818//1818 1805//1805
f 1818//1818 1806//1806 1805//1805
f 1818//1818 1819//1819 1806//1806
f 1819//1819 1807//1807 1806//1806
f 1819//1819 1820//1820 1807//1807
f 1820//1820 1808//1808 1807//1807
f 1820//1820 1821//1821 1808//1808
f 1821//1821 1809//1809 1808//1808
f 1821//1821 1810//1810 1809//1809
f 1810//1810 1798//1798 1809//1809
f 1822//1822 1823//1823 1824//1824
f 1823//1823 1825//1825 1824//1824
f 1825//1825 1826//1826 1824//1824
f 1826//1826 1827//1827 1824//1824
f 1824//1824 1827//1827 1828//1828
f 1828//1828 1827//1827 1829//1829
f 1824//1824 1828//1828 1830//1830
f 1830//1830 1828//1828 1831//1831
f 1822//1822 1824//1824 1832//1832
f 1832//1832 1824//1824 1830//1830
f 1823//1823 1822//1822 1833//1833
f 1833//1833 1822//1822 1832//1832
f 1825//1825 1823//1823 1834//1834
f 1834//1834 1823//1823 1833//1833
f 1826//1826 1825//1825 1835//1835
f 1835//1835 1825//1825 1834//1834
f 1827//1827 1826//1826 1836//1836
f 1836//1836 1826//1826 1835//1835
f 1829//1829 1827//1827 1837//1837
f 1837//1837 1827//1827 1836//1836
f 1828//1828 1829//1829 1831//1831
f 1831//1831 1829//1829 1837//1837
f 1830//1830 1831//1831 1838//1838
f 1838//1838 1831//1831 1839//1839
f 1832//1832 1830//1830 1840//1840
f 1840//1840 1830//1830 1838//1838
f 1833//1833 1832//1832 1841//1841
f 1841//1841 1832//1832 1840//1840
f 1834//1834 1833//1833 1842//1842
f 1842//1842 1833//1833 1841//1841
f 1835//1835 1834//1834 1843//1843
f 1843//1843 1834//1834 1842//1842
f 1836//1836 1835//1835 1844//1844
f 1844//1844 1835//1835 1843//1843
f 1837//1837 1836//1836 1845//1845
f 1845//1845 1836//1836 1844//1844
f 1831//1831 1837//1837 1839//1839
f 1839//1839 1837//1837 1845//1845
f 1838//1838 1839//1839 1846//1846
f 1846//1846 1839//1839 1847//1847
f 1840//1840 1838//1838 1848//1848
f 1848//1848 1838//1838 1846//1846
f 1841//1841 1840//1840 1849//1849
f 1849//1849 1840//1840 1848//1848
f 1842//1842 1841//1841 1850//1850
f 1850//1850 1841//1841 1849//1849
f 1843//1843 1842//1842 1851//1851
f 1851//1851 1842//1842 1850//1850
f 1844//1844 1843//1843 1852//1852
f 1852//1852 1843//1843 1851//1851
f 1845//1845 1844//1844 1853//1853
f 1853//1853 1844//1844 1852//1852
f 1839//1839 1845//1845 1847//1847
f 1847//1847 1845//1845 1853//1853
f 1846//1846 1847//1847 1854//1854
f 1854//1854 1847//1847 1855//1855
f 1848//1848 1846//1846 1856//1856
f 1856//1856 1846//1846 1854//1854
f 1849//1849 1848//1848 1857//1857
f 1857//1857 1848//1848 1856//1856
f 1850//1850 1849//1849 1858//1858
f 1858//1858 1849//1849 1857//1857
f 1851//1851 1850//1850 1859//1859
f 1859//1859 1850//1850 1858//1858
f 1852//1852 1851//1851 1860//1860
f 1860//1860 1851//1851 1859//1859
f 1853//1853 1852//1852 1861//1861
f 1861//1861 1852//1852 1860//1860
f 1847//1847 1853//1853 1855//1855
f 1855//1855 1853//1853 1861//1861
f 1854//1854 1855//1855 1862//1862
f 1862//1862 1855//1855 1863//1863
f 1856//1856 1854//1854 1864//1864
f 1864//1864 1854//1854 1862//1862
f 1857//1857 1856//1856 1865//1865
f 1865//1865 1856//1856 1864//1864
f 1858//1858 1857//1857 1866//1866
f 1866//1866 1857//1857 1865//1865
f 1859//1859 1858//1858 1867//1867
f 1867//1867 1858//1858 1866//1866
f 1860//1860 1859//1859 1868//1868
f 1868//1868 1859//1859 1867//1867
f 1861//1861 1860//1860 1869//1869
f 1869//1869 1860//1860 1868//1868
f 1855//1855 1861//1861 1863//1863
f 1863//1863 1861//1861 1869//1869
f 1862//1862 1863//1863 1870//1870
f 1870//1870 1863//1863 1871//1871
f 1864//1864 1862//1862 1872//1872
f 1872//1872 1862//1862 1870//1870
f 1865//1865 1864//1864 1873//1873
f 1873//1873 1864//1864 1872//1872
f 1866//1866 1865//1865 1874//1874
f 1874//1874 1865//1865 1873//1873
f 1867//1867 1866//1866 1875//1875
f 1875//1875 1866//1866 1874//1874
f 1868//1868 1867//1867 1876//1876
f 1876//1876 1867//1867 1875//1875
f 1869//1869 1868//1868 1877//1877
f 1877//1877 1868//1868 1876//1876
f 1863//1863 1869//1869 1871//1871
f 1871//1871 1869//1869 1877//1877
f 1872//1872 1870//1870 1873//1873
f 1873//1873 1870//1870 1874//1874
f 1874//1874 1870//1870 1875//1875
f 1875//1875 1870//1870 1876//1876
f 1870//1870 1871//1871 1876//1876
f 1871//1871 1877//1877 1876//1876
f 1878//1878 1879//1879 1880//1880
f 1879//1879 1881//1881 1880//1880
f 1881//1881 1882//1882 1880//1880
f 1882//1882 1883//1883 1880//1880
f 1883//1883 1884//1884 1880//1880
f 1884//1884 1885//1885 1880//1880
f 1886//1886 1887//1887 1888//1888
f 1887//1887 1889//1889 1888//1888
f 1887//1887 1890//1890 1889//1889
f 1890//1890 1891//1891 1889//1889
f 1890//1890 1892//1892 1891//1891
f 1892//1892 1893//1893 1891//1891
f 1892//1892 1894//1894 1893//1893
f 1894//1894 1895//1895 1893//1893
f 1894//1894 1896//1896 1895//1895
f 1896//1896 1897//1897 1895//1895
f 1896//1896 1898//1898 1897//1897
f 1898//1898 1899//1899 1897//1897
f 1900//1900 1901//1901 1886//1886
f 1901//1901 1887//1887 1886//1886
f 1901//1901 1902//1902 1887//1887
f 1902//1902 1890//1890 1887//1887
f 1902//1902 1903//1903 1890//1890
f 1903//1903 1892//1892 1890//1890
f 1903//1903 1904//1904 1892//1892
f 1904//1904 1894//1894 1892//1892
f 1904//1904 1905//1905 1894//1894
f 1905//1905 1896//1896 1894//1894
f 1905//1905 1906//1906 1896//1896
f 1906//1906 1898//1898 1896//1896
f 1907//1907 1880//1880 1908//1908
f 1908//1908 1880//1880 1909//1909
f 1910//1910 1880//1880 1911//1911
f 1911//1911 1880//1880 1912//1912
f 1913//1913 1914//1914 1915//1915
f 1915//1915 1914//1914 1916//1916
f 1915//1915 1916//1916 1917//1917
f 1917//1917 1916//1916 1918//1918
f 1917//1917 1918//1918 1919//1919
f 1919//1919 1918//1918 1920//1920
f 1919//1919 1920//1920 1921//1921
f 1921//1921 1920//1920 1922//1922
f 1921//1921 1922//1922 1923//1923
f 1923//1923 1922//1922 1924//1924
f 1923//1923 1924//1924 1925//1925
f 1925//1925 1924//1924 1926//1926
f 1927//1927 1913//1913 1928//1928
f 1928//1928 1913//1913 1915//1915
f 1928//1928 1915//1915 1929//1929
f 1929//1929 1915//1915 1917//1917
f 1929//1929 1917//1917 1930//1930
f 1930//1930 1917//1917 1919//1919
f 1930//1930 1919//1919 1931//1931
f 1931//1931 1919//1919 1921//1921
f 1931//1931 1921//1921 1932//1932
f 1932//1932 1921//1921 1923//1923
f 1932//1932 1923//1923 1933//1933
f 1933//1933 1923//1923 1925//1925
f 1913//1913 1900//1900 1886//1886
f 1927//1927 1900//1900 1913//1913
f 1914//1914 1913//1913 1888//1888
f 1913//1913 1886//1886 1888//1888
f 1907//1907 1878//1878 1880//1880
f 1912//1912 1880//1880 1885//1885
f 1925//1925 1926//1926 1898//1898
f 1926//1926 1899//1899 1898//1898
f 1925//1925 1898//1898 1906//1906
f 1933//1933 1925//1925 1906//1906
f 1903//1903 1934//1934 1935//1935
f 1902//1902 1934//1934 1903//1903
f 1902//1902 1901//1901 1934//1934
f 1901//1901 1936//1936 1934//1934
f 1904//1904 1903//1903 1937//1937
f 1903//1903 1935//1935 1937//1937
f 1905//1905 1904//1904 1938//1938
f 1904//1904 1937//1937 1938//1938
f 1939//1939 1905//1905 1938//1938
f 1906//1906 1905//1905 1939//1939
f 1933//1933 1939//1939 1940//1940
f 1906//1906 1939//1939 1933//1933
f 1901//1901 1900//1900 1936//1936
f 1900//1900 1941//1941 1936//1936
f 1900//1900 1927//1927 1941//1941
f 1927//1927 1942//1942 1941//1941
f 1927//1927 1928//1928 1942//1942
f 1928//1928 1943//1943 1942//1942
f 1944//1944 1928//1928 1929//1929
f 1943//1943 1928//1928 1944//1944
f 1945//1945 1944//1944 1930//1930
f 1944//1944 1929//1929 1930//1930
f 1946//1946 1930//1930 1931//1931
f 1945//1945 1930//1930 1946//1946
f 1947//1947 1931//1931 1932//1932
f 1946//1946 1931//1931 1947//1947
f 1932//1932 1933//1933 1940//1940
f 1947//1947 1932//1932 1940//1940
f 1888//1888 1889//1889 1878//1878
f 1879//1879 1878//1878 1889//1889
f 1889//1889 1891//1891 1879//1879
f 1881//1881 1879//1879 1891//1891
f 1891//1891 1893//1893 1881//1881
f 1882//1882 1881//1881 1893//1893
f 1893//1893 1895//1895 1882//1882
f 1883//1883 1882//1882 1895//1895
f 1895//1895 1897//1897 1883//1883
f 1884//1884 1883//1883 1897//1897
f 1897//1897 1899//1899 1884//1884
f 1885//1885 1884//1884 1899//1899
f 1916//1916 1914//1914 1908//1908
f 1907//1907 1908//1908 1914//1914
f 1918//1918 1916//1916 1909//1909
f 1908//1908 1909//1909 1916//1916
f 1920//1920 1918//1918 1880//1880
f 1909//1909 1880//1880 1918//1918
f 1922//1922 1920//1920 1910//1910
f 1880//1880 1910//1910 1920//1920
f 1924//1924 1922//1922 1911//1911
f 1910//1910 1911//1911 1922//1922
f 1926//1926 1924//1924 1912//1912
f 1911//1911 1912//1912 1924//1924
f 1914//1914 1888//1888 1907//1907
f 1878//1878 1907//1907 1888//1888
f 1899//1899 1926//1926 1885//1885
f 1912//1912 1885//1885 1926//1926
f 1948//1948 1949//1949 1950//1950
f 1950//1950 1949//1949 1951//1951
f 1951//1951 1949//1949 1952//1952
f 1952//1952 1949//1949 1953//1953
f 1949//1949 1954//1954 1953//1953
f 1954//1954 1955//1955 1953//1953
f 1949//1949 1956//1956 1954//1954
f 1956//1956 1957//1957 1954//1954
f 1948//1948 1958//1958 1949//1949
f 1958//1958 1956//1956 1949//1949
f 1950//1950 1959//1959 1948//1948
f 1959//1959 1958//1958 1948//1948
f 1951//1951 1960//1960 1950//1950
f 1960//1960 1959//1959 1950//1950
f 1952//1952 1961//1961 1951//1951
f 1961//1961 1960//1960 1951//1951
f 1953//1953 1962//1962 1952//1952
f 1962//1962 1961//1961 1952//1952
f 1955//1955 1963//1963 1953//1953
f 1963//1963 1962//1962 1953//1953
f 1954//1954 1957//1957 1955//1955
f 1957//1957 1963//1963 1955//1955
f 1956//1956 1964//1964 1957//1957
f 1964//1964 1965//1965 1957//1957
f 1958//1958 1966//1966 1956//1956
f 1966//1966 1964//1964 1956//1956
f 1959//1959 1967//1967 1958//1958
f 1967//1967 1966//1966 1958//1958
f 1960//1960 1968//1968 1959//1959
f 1968//1968 1967//1967 1959//1959
f 1961//1961 1969//1969 1960//1960
f 1969//1969 1968//1968 1960//1960
f 1962//1962 1970//1970 1961//1961
f 1970//1970 1969//1969 1961//1961
f 1963//1963 1971//1971 1962//1962
f 1971//1971 1970//1970 1962//1962
f 1957//1957 1965//1965 1963//1963
f 1965//1965 1971//1971 1963//1963
f 1964//1964 1972//1972 1965//1965
f 1972//1972 1973//1973 1965//1965
f 1966//1966 1974//1974 1964//1964
f 1974//1974 1972//1972 1964//1964
f 1967//1967 1975//1975 1966//1966
f 1975//1975 1974//1974 1966//1966
f 1968//1968 1976//1976 1967//1967
f 1976//1976 1975//1975 1967//1967
f 1969//1969 1977//1977 1968//1968
f 1977//1977 1976//1976 1968//1968
f 1970//1970 1978//1978 1969//1969
f 1978//1978 1977//1977 1969//1969
f 1971//1971 1979//1979 1970//1970
f 1979//1979 1978//1978 1970//1970
f 1965//1965 1973//1973 1971//1971
f 1973//1973 1979//1979 1971//1971
f 1972//1972 1980//1980 1973//1973
f 1980//1980 1981//1981 1973//1973
f 1974//1974 1982//1982 1972//1972
f 1982//1982 1980//1980 1972//1972
f 1975//1975 1983//1983 1974//1974
f 1983//1983 1982//1982 1974//1974
f 1976//1976 1984//1984 1975//1975
f 1984//1984 1983//1983 1975//1975
f 1977//1977 1985//1985 1976//1976
f 1985//1985 1984//1984 1976//1976
f 1978//1978 1986//1986 1977//1977
f 1986//1986 1985//1985 1977//1977
f 1979//1979 1987//1987 1978//1978
f 1987//1987 1986//1986 1978//1978
f 1973//1973 1981//1981 1979//1979
f 1981//1981 1987//1987 1979//1979
f 1980//1980 1988//1988 1981//1981
f 1988//1988 1989//1989 1981//1981
f 1982//1982 1990//1990 1980//1980
f 1990//1990 1988//1988 1980//1980
f 1983//1983 1991//1991 1982//1982
f 1991//1991 1990//1990 1982//1982
f 1984//1984 1992//1992 1983//1983
f 1992//1992 1991//1991 1983//1983
f 1985//1985 1993//1993 1984//1984
f 1993//1993 1992//1992 1984//1984
f 1986//1986 1994//1994 1985//1985
f 1994//1994 1993//1993 1985//1985
f 1987//1987 1995//1995 1986//1986
f 1995//1995 1994//1994 1986//1986
f 1981//1981 1989//1989 1987//1987
f 1989//1989 1995//1995 1987//1987
f 1988//1988 1996//1996 1989//1989
f 1996//1996 1997//1997 1989//1989
f 1990//1990 1998//1998 1988//1988
f 1998//1998 1996//1996 1988//1988
f 1991//1991 1999//1999 1990//1990
f 1999//1999 1998//1998 1990//1990
f 1992//1992 2000//2000 1991//1991
f 2000//2000 1999//1999 1991//1991
f 1993//1993 2001//2001 1992//1992
f 2001//2001 2000//2000 1992//1992
f 1994//1994 2002//2002 1993//1993
f 2002//2002 2001//2001 1993//1993
f 1995//1995 2003//2003 1994//1994
f 2003//2003 2002//2002 1994//1994
f 1989//1989 1997//1997 1995//1995
f 1997//1997 2003//2003 1995//1995
f 1998//1998 1999//1999 1996//1996
f 1999//1999 2000//2000 1996//1996
f 2000//2000 2001//2001 1996//1996
f 2001//2001 2002//2002 1996//1996
f 1996//1996 2002//2002 1997//1997
f 1997//1997 2002//2002 2003//2003
f 2004//2004 2005//2005 2006//2006
f 2006//2006 2005//2005 2007//2007
f 2008//2008 2004//2004 2009//2009
f 2009//2009 2004//2004 2006//2006
f 2010//2010 2008//2008 2011//2011
f 2011//2011 2008//2008 2009//2009
f 2012//2012 2010//2010 2013//2013
f 2013//2013 2010//2010 2011//2011
f 2014//2014 2012//2012 2015//2015
f 2015//2015 2012//2012 2013//2013
f 2016//2016 2014//2014 2017//2017
f 2017//2017 2014//2014 2015//2015
f 2018//2018 2016//2016 2019//2019
f 2019//2019 2016//2016 2017//2017
f 2005//2005 2018//2018 2007//2007
f 2007//2007 2018//2018 2019//2019
f 2006//2006 2007//2007 2020//2020
f 2020//2020 2007//2007 2021//2021
f 2009//2009 2006//2006 2022//2022
f 2022//2022 2006//2006 2020//2020
f 2011//2011 2009//2009 2023//2023
f 2023//2023 2009//2009 2022//2022
f 2013//2013 2011//2011 2024//2024
f 2024//2024 2011//2011 2023//2023
f 2015//2015 2013//2013 2025//2025
f 2025//2025 2013//2013 2024//2024
f 2017//2017 2015//2015 2026//2026
f 2026//2026 2015//2015 2025//2025
f 2019//2019 2017//2017 2027//2027
f 2027//2027 2017//2017 2026//2026
f 2007//2007 2019//2019 2021//2021
f 2021//2021 2019//2019 2027//2027
f 2020//2020 2021//2021 2028//2028
f 2028//2028 2021//2021 2029//2029
f 2022//2022 2020//2020 2030//2030
f 2030//2030 2020//2020 2028//2028
f 2023//2023 2022//2022 2031//2031
f 2031//2031 2022//2022 2030//2030
f 2024//2024 2023//2023 2032//2032
f 2032//2032 2023//2023 2031//2031
f 2025//2025 2024//2024 2033//2033
f 2033//2033 2024//2024 2032//2032
f 2026//2026 2025//2025 2034//2034
f 2034//2034 2025//2025 2033//2033
f 2027//2027 2026//2026 2035//2035
f 2035//2035 2026//2026 2034//2034
f 2021//2021 2027//2027 2029//2029
f 2029//2029 2027//2027 2035//2035
f 2028//2028 2029//2029 2036//2036
f 2030//2030 2028//2028 2037//2037
f 2037//2037 2028//2028 2036//2036
f 2031//2031 2030//2030 2038//2038
f 2038//2038 2030//2030 2037//2037
f 2032//2032 2031//2031 2039//2039
f 2039//2039 2031//2031 2038//2038
f 2033//2033 2032//2032 2040//2040
f 2040//2040 2032//2032 2039//2039
f 2034//2034 2033//2033 2041//2041
f 2041//2041 2033//2033 2040//2040
f 2035//2035 2034//2034 2041//2041
f 2036//2036 2029//2029 2042//2042
f 2042//2042 2029//2029 2043//2043
f 2037//2037 2036//2036 2044//2044
f 2044//2044 2036//2036 2042//2042
f 2038//2038 2037//2037 2045//2045
f 2045//2045 2037//2037 2044//2044
f 2039//2039 2038//2038 2046//2046
f 2046//2046 2038//2038 2045//2045
f 2040//2040 2039//2039 2047//2047
f 2047//2047 2039//2039 2046//2046
f 2041//2041 2040//2040 2048//2048
f 2048//2048 2040//2040 2047//2047
f 2035//2035 2041//2041 2049//2049
f 2049//2049 2041//2041 2048//2048
f 2029//2029 2035//2035 2043//2043
f 2043//2043 2035//2035 2049//2049
f 2042//2042 2043//2043 2050//2050
f 2050//2050 2043//2043 2051//2051
f 2044//2044 2042//2042 2052//2052
f 2052//2052 2042//2042 2050//2050
f 2045//2045 2044//2044 2053//2053
f 2053//2053 2044//2044 2052//2052
f 2046//2046 2045//2045 2054//2054
f 2054//2054 2045//2045 2053//2053
f 2047//2047 2046//2046 2055//2055
f 2055//2055 2046//2046 2054//2054
f 2048//2048 2047//2047 2056//2056
f 2056//2056 2047//2047 2055//2055
f 2049//2049 2048//2048 2057//2057
f 2057//2057 2048//2048 2056//2056
f 2043//2043 2049//2049 2051//2051
f 2051//2051 2049//2049 2057//2057
f 2050//2050 2051//2051 2058//2058
f 2058//2058 2051//2051 2059//2059
f 2052//2052 2050//2050 2060//2060
f 2060//2060 2050//2050 2058//2058
f 2053//2053 2052//2052 2061//2061
f 2061//2061 2052//2052 2060//2060
f 2054//2054 2053//2053 2062//2062
f 2062//2062 2053//2053 2061//2061
f 2055//2055 2054//2054 2063//2063
f 2063//2063 2054//2054 2062//2062
f 2056//2056 2055//2055 2064//2064
f 2064//2064 2055//2055 2063//2063
f 2057//2057 2056//2056 2065//2065
f 2065//2065 2056//2056 2064//2064
f 2051//2051 2057//2057 2059//2059
f 2059//2059 2057//2057 2065//2065
f 2058//2058 2059//2059 2066//2066
f 2066//2066 2059//2059 2067//2067
f 2060//2060 2058//2058 2068//2068
f 2068//2068 2058//2058 2066//2066
f 2061//2061 2060//2060 2069//2069
f 2069//2069 2060//2060 2068//2068
f 2062//2062 2061//2061 2070//2070
f 2070//2070 2061//2061 2069//2069
f 2063//2063 2062//2062 2071//2071
f 2071//2071 2062//2062 2070//2070
f 2064//2064 2063//2063 2072//2072
f 2072//2072 2063//2063 2071//2071
f 2065//2065 2064//2064 2073//2073
f 2073//2073 2064//2064 2072//2072
f 2059//2059 2065//2065 2067//2067
f 2067//2067 2065//2065 2073//2073
f 2066//2066 2067//2067 2074//2074
f 2074//2074 2067//2067 2075//2075
f 2068//2068 2066//2066 2076//2076
f 2076//2076 2066//2066 2074//2074
f 2069//2069 2068//2068 2077//2077
f 2077//2077 2068//2068 2076//2076
f 2070//2070 2069//2069 2078//2078
f 2078//2078 2069//2069 2077//2077
f 2071//2071 2070//2070 2079//2079
f 2079//2079 2070//2070 2078//2078
f 2072//2072 2071//2071 2080//2080
f 2080//2080 2071//2071 2079//2079
f 2073//2073 2072//2072 2081//2081
f 2081//2081 2072//2072 2080//2080
f 2067//2067 2073//2073 2075//2075
f 2075//2075 2073//2073 2081//2081
f 2074//2074 2075//2075 2082//2082
f 2082//2082 2075//2075 2083//2083
f 2076//2076 2074//2074 2084//2084
f 2084//2084 2074//2074 2082//2082
f 2077//2077 2076//2076 2085//2085
f 2085//2085 2076//2076 2084//2084
f 2078//2078 2077//2077 2086//2086
f 2086//2086 2077//2077 2085//2085
f 2079//2079 2078//2078 2087//2087
f 2087//2087 2078//2078 2086//2086
f 2080//2080 2079//2079 2088//2088
f 2088//2088 2079//2079 2087//2087
f 2081//2081 2080//2080 2089//2089
f 2089//2089 2080//2080 2088//2088
f 2075//2075 2081//2081 2083//2083
f 2083//2083 2081//2081 2089//2089
f 2082//2082 2083//2083 2090//2090
f 2090//2090 2083//2083 2091//2091
f 2084//2084 2082//2082 2092//2092
f 2092//2092 2082//2082 2090//2090
f 2085//2085 2084//2084 2093//2093
f 2093//2093 2084//2084 2092//2092
f 2086//2086 2085//2085 2094//2094
f 2094//2094 2085//2085 2093//2093
f 2087//2087 2086//2086 2095//2095
f 2095//2095 2086//2086 2094//2094
f 2088//2088 2087//2087 2096//2096
f 2096//2096 2087//2087 2095//2095
f 2089//2089 2088//2088 2097//2097
f 2097//2097 2088//2088 2096//2096
f 2083//2083 2089//2089 2091//2091
f 2091//2091 2089//2089 2097//2097
f 2090//2090 2091//2091 2098//2098
f 2098//2098 2091//2091 2099//2099
f 2092//2092 2090//2090 2100//2100
f 2100//2100 2090//2090 2098//2098
f 2093//2093 2092//2092 2101//2101
f 2101//2101 2092//2092 2100//2100
f 2094//2094 2093//2093 2102//2102
f 2102//2102 2093//2093 2101//2101
f 2095//2095 2094//2094 2103//2103
f 2103//2103 2094//2094 2102//2102
f 2096//2096 2095//2095 2104//2104
f 2104//2104 2095//2095 2103//2103
f 2097//2097 2096//2096 2105//2105
f 2105//2105 2096//2096 2104//2104
f 2091//2091 2097//2097 2099//2099
f 2099//2099 2097//2097 2105//2105
f 2004//2004 2008//2008 2005//2005
f 2008//2008 2010//2010 2005//2005
f 2010//2010 2012//2012 2005//2005
f 2012//2012 2014//2014 2005//2005
f 2014//2014 2016//2016 2005//2005
f 2016//2016 2018//2018 2005//2005
f 2106//2106 2107//2107 2108//2108
f 2106//2106 2109//2109 2107//2107
f 2106//2106 2110//2110 2109//2109
f 2110//2110 2111//2111 2109//2109
f 2107//2107 2112//2112 2108//2108
f 2112//2112 2113//2113 2108//2108
f 2112//2112 2110//2110 2113//2113
f 2112//2112 2111//2111 2110//2110
f 2108//2108 2114//2114 2115//2115
f 2108//2108 2116//2116 2114//2114
f 2114//2114 2117//2117 2115//2115
f 2117//2117 2118//2118 2115//2115
f 2117//2117 2113//2113 2118//2118
f 2117//2117 2119//2119 2113//2113
f 2119//2119 2108//2108 2113//2113
f 2119//2119 2116//2116 2108//2108
f 2118//2118 2120//2120 2115//2115
f 2120//2120 2121//2121 2115//2115
f 2122//2122 2123//2123 2124//2124
f 2123//2123 2125//2125 2124//2124
f 2126//2126 2127//2127 2128//2128
f 2127//2127 2129//2129 2128//2128
f 2130//2130 2121//2121 2120//2120
f 2130//2130 2131//2131 2121//2121
f 2132//2132 2133//2133 2134//2134
f 2133//2133 2135//2135 2134//2134
f 2136//2136 2131//2131 2130//2130
f 2136//2136 2137//2137 2131//2131
f 2138//2138 2139//2139 2140//2140
f 2139//2139 2141//2141 2140//2140
f 2142//2142 2137//2137 2136//2136
f 2142//2142 2143//2143 2137//2137
f 2098//2098 2099//2099 2144//2144
f 2144//2144 2099//2099 2145//2145
f 2100//2100 2098//2098 2146//2146
f 2146//2146 2098//2098 2144//2144
f 2101//2101 2100//2100 2147//2147
f 2147//2147 2100//2100 2146//2146
f 2102//2102 2101//2101 2148//2148
f 2148//2148 2101//2101 2147//2147
f 2103//2103 2102//2102 2149//2149
f 2149//2149 2102//2102 2148//2148
f 2104//2104 2103//2103 2150//2150
f 2150//2150 2103//2103 2149//2149
f 2105//2105 2104//2104 2151//2151
f 2151//2151 2104//2104 2150//2150
f 2099//2099 2105//2105 2145//2145
f 2145//2145 2105//2105 2151//2151
f 2144//2144 2145//2145 2152//2152
f 2152//2152 2145//2145 2153//2153
f 2146//2146 2144//2144 2154//2154
f 2154//2154 2144//2144 2152//2152
f 2147//2147 2146//2146 2155//2155
f 2155//2155 2146//2146 2154//2154
f 2148//2148 2147//2147 2156//2156
f 2156//2156 2147//2147 2155//2155
f 2149//2149 2148//2148 2157//2157
f 2157//2157 2148//2148 2156//2156
f 2150//2150 2149//2149 2158//2158
f 2158//2158 2149//2149 2157//2157
f 2151//2151 2150//2150 2159//2159
f 2159//2159 2150//2150 2158//2158
f 2145//2145 2151//2151 2153//2153
f 2153//2153 2151//2151 2159//2159
f 2152//2152 2153//2153 2160//2160
f 2160//2160 2153//2153 2161//2161
f 2154//2154 2152//2152 2162//2162
f 2162//2162 2152//2152 2160//2160
f 2155//2155 2154//2154 2163//2163
f 2163//2163 2154//2154 2162//2162
f 2156//2156 2155//2155 2164//2164
f 2164//2164 2155//2155 2163//2163
f 2157//2157 2156//2156 2165//2165
f 2165//2165 2156//2156 2164//2164
f 2158//2158 2157//2157 2166//2166
f 2166//2166 2157//2157 2165//2165
f 2159//2159 2158//2158 2167//2167
f 2167//2167 2158//2158 2166//2166
f 2153//2153 2159//2159 2161//2161
f 2161//2161 2159//2159 2167//2167
f 2160//2160 2161//2161 2168//2168
f 2168//2168 2161//2161 2169//2169
f 2162//2162 2160//2160 2170//2170
f 2170//2170 2160//2160 2168//2168
f 2163//2163 2162//2162 2171//2171
f 2171//2171 2162//2162 2170//2170
f 2164//2164 2163//2163 2172//2172
f 2172//2172 2163//2163 2171//2171
f 2165//2165 2164//2164 2173//2173
f 2173//2173 2164//2164 2172//2172
f 2166//2166 2165//2165 2174//2174
f 2174//2174 2165//2165 2173//2173
f 2167//2167 2166//2166 2175//2175
f 2175//2175 2166//2166 2174//2174
f 2161//2161 2167//2167 2169//2169
f 2169//2169 2167//2167 2175//2175
f 2176//2176 2177//2177 2178//2178
f 2179//2179 2180//2180 2181//2181
f 2182//2182 2183//2183 2184//2184
f 2185//2185 2186//2186 2183//2183
f 2187//2187 2188//2188 2186//2186
f 2187//2187 2184//2184 2188//2188
f 2182//2182 2189//2189 2190//2190
f 2191//2191 2192//2192 2193//2193
f 2194//2194 2195//2195 2192//2192
f 2176//2176 2196//2196 2197//2197
f 2178//2178 2177//2177 2180//2180
f 2196//2196 2198//2198 2199//2199
f 2200//2200 2178//2178 2179//2179
f 2198//2198 2201//2201 2202//2202
f 2203//2203 2200//2200 2204//2204
f 2201//2201 2205//2205 2206//2206
f 2207//2207 2203//2203 2208//2208
f 2191//2191 2207//2207 2209//2209
f 2205//2205 2207//2207 2191//2191
f 2194//2194 2209//2209 2206//2206
f 2201//2201 2203//2203 2207//2207
f 2209//2209 2208//2208 2202//2202
f 2198//2198 2200//2200 2203//2203
f 2208//2208 2204//2204 2199//2199
f 2196//2196 2178//2178 2200//2200
f 2204//2204 2179//2179 2197//2197
f 2210//2210 2177//2177 2176//2176
f 2181//2181 2180//2180 2211//2211
f 2212//2212 2213//2213 2214//2214
f 2213//2213 2215//2215 2216//2216
f 2215//2215 2217//2217 2218//2218
f 2217//2217 2212//2212 2219//2219
f 2212//2212 2217//2217 2215//2215
f 2220//2220 2221//2221 2219//2219
f 2218//2218 2222//2222 2223//2223
f 2223//2223 2220//2220 2224//2224
f 2225//2225 2226//2226 2176//2176
f 2180//2180 2177//2177 2210//2210
f 2227//2227 2228//2228 2226//2226
f 2211//2211 2210//2210 2229//2229
f 2230//2230 2231//2231 2228//2228
f 2232//2232 2229//2229 2233//2233
f 2234//2234 2235//2235 2231//2231
f 2236//2236 2233//2233 2237//2237
f 2220//2220 2223//2223 2222//2222
f 2238//2238 2237//2237 2239//2239
f 2239//2239 2237//2237 2235//2235
f 2234//2234 2238//2238 2224//2224
f 2237//2237 2233//2233 2231//2231
f 2230//2230 2236//2236 2238//2238
f 2233//2233 2229//2229 2228//2228
f 2227//2227 2232//2232 2236//2236
f 2229//2229 2210//2210 2226//2226
f 2225//2225 2211//2211 2232//2232
f 2240//2240 2241//2241 2242//2242
f 2241//2241 2243//2243 2244//2244
f 2245//2245 2246//2246 2243//2243
f 2243//2243 2247//2247 2248//2248
f 2249//2249 2250//2250 2251//2251
f 2252//2252 2253//2253 2254//2254
f 2251//2251 2255//2255 2253//2253
f 2256//2256 2257//2257 2250//2250
f 2253//2253 2258//2258 2259//2259
f 2255//2255 2260//2260 2258//2258
f 2250//2250 2261//2261 2260//2260
f 2257//2257 2262//2262 2261//2261
f 2258//2258 2263//2263 2264//2264
f 2260//2260 2265//2265 2263//2263
f 2261//2261 2266//2266 2265//2265
f 2262//2262 2267//2267 2266//2266
f 2268//2268 2269//2269 2257//2257
f 2270//2270 2271//2271 2269//2269
f 2272//2272 2273//2273 2271//2271
f 2274//2274 2242//2242 2273//2273
f 2269//2269 2275//2275 2262//2262
f 2271//2271 2276//2276 2275//2275
f 2273//2273 2277//2277 2276//2276
f 2242//2242 2244//2244 2277//2277
f 2275//2275 2278//2278 2267//2267
f 2276//2276 2279//2279 2278//2278
f 2277//2277 2280//2280 2279//2279
f 2244//2244 2248//2248 2280//2280
f 2281//2281 2282//2282 2283//2283
f 2284//2284 2285//2285 2282//2282
f 2282//2282 2286//2286 2287//2287
f 2285//2285 2288//2288 2286//2286
f 2286//2286 2240//2240 2274//2274
f 2288//2288 2245//2245 2240//2240
f 2289//2289 2290//2290 2291//2291
f 2292//2292 2293//2293 2290//2290
f 2294//2294 2295//2295 2293//2293
f 2296//2296 2297//2297 2295//2295
f 2290//2290 2298//2298 2291//2291
f 2293//2293 2299//2299 2298//2298
f 2295//2295 2300//2300 2299//2299
f 2297//2297 2301//2301 2300//2300
f 2299//2299 2302//2302 2298//2298
f 2300//2300 2249//2249 2302//2302
f 2298//2298 2252//2252 2303//2303
f 2302//2302 2251//2251 2252//2252
f 2301//2301 2256//2256 2249//2249
f 2304//2304 2305//2305 2297//2297
f 2306//2306 2307//2307 2305//2305
f 2308//2308 2309//2309 2307//2307
f 2310//2310 2283//2283 2309//2309
f 2305//2305 2311//2311 2301//2301
f 2307//2307 2312//2312 2311//2311
f 2309//2309 2313//2313 2312//2312
f 2283//2283 2287//2287 2313//2313
f 2311//2311 2268//2268 2256//2256
f 2312//2312 2270//2270 2268//2268
f 2313//2313 2272//2272 2270//2270
f 2287//2287 2274//2274 2272//2272
f 2281//2281 2314//2314 2284//2284
f 2310//2310 2315//2315 2314//2314
f 2314//2314 2316//2316 2317//2317
f 2315//2315 2318//2318 2316//2316
f 2318//2318 2319//2319 2316//2316
f 2308//2308 2320//2320 2315//2315
f 2306//2306 2321//2321 2320//2320
f 2304//2304 2322//2322 2321//2321
f 2296//2296 2323//2323 2322//2322
f 2320//2320 2324//2324 2318//2318
f 2321//2321 2325//2325 2324//2324
f 2322//2322 2326//2326 2325//2325
f 2323//2323 2327//2327 2326//2326
f 2324//2324 2328//2328 2319//2319
f 2326//2326 2329//2329 2325//2325
f 2327//2327 2330//2330 2329//2329
f 2294//2294 2331//2331 2323//2323
f 2292//2292 2332//2332 2331//2331
f 2289//2289 2333//2333 2332//2332
f 2331//2331 2334//2334 2327//2327
f 2332//2332 2335//2335 2334//2334
f 2333//2333 2336//2336 2335//2335
f 2337//2337 2338//2338 2336//2336
f 2336//2336 2339//2339 2335//2335
f 2248//2248 2247//2247 2340//2340
f 2247//2247 2246//2246 2341//2341
f 2267//2267 2278//2278 2342//2342
f 2278//2278 2279//2279 2343//2343
f 2279//2279 2280//2280 2344//2344
f 2280//2280 2248//2248 2345//2345
f 2264//2264 2263//2263 2346//2346
f 2263//2263 2265//2265 2347//2347
f 2265//2265 2266//2266 2348//2348
f 2266//2266 2267//2267 2349//2349
f 2350//2350 2351//2351 2352//2352
f 2353//2353 2354//2354 2351//2351
f 2355//2355 2356//2356 2354//2354
f 2354//2354 2357//2357 2358//2358
f 2359//2359 2360//2360 2361//2361
f 2362//2362 2363//2363 2360//2360
f 2364//2364 2365//2365 2363//2363
f 2360//2360 2366//2366 2367//2367
f 2363//2363 2368//2368 2366//2366
f 2365//2365 2369//2369 2368//2368
f 2367//2367 2370//2370 2371//2371
f 2368//2368 2372//2372 2370//2370
f 2369//2369 2373//2373 2372//2372
f 2370//2370 2374//2374 2375//2375
f 2372//2372 2376//2376 2374//2374
f 2373//2373 2377//2377 2376//2376
f 2374//2374 2378//2378 2379//2379
f 2376//2376 2380//2380 2378//2378
f 2377//2377 2381//2381 2380//2380
f 2378//2378 2382//2382 2383//2383
f 2380//2380 2384//2384 2382//2382
f 2381//2381 2385//2385 2384//2384
f 2382//2382 2386//2386 2387//2387
f 2384//2384 2388//2388 2386//2386
f 2385//2385 2389//2389 2388//2388
f 2386//2386 2350//2350 2390//2390
f 2388//2388 2353//2353 2350//2350
f 2389//2389 2355//2355 2353//2353
f 2391//2391 2392//2392 2393//2393
f 2394//2394 2395//2395 2392//2392
f 2390//2390 2352//2352 2395//2395
f 2395//2395 2396//2396 2397//2397
f 2352//2352 2358//2358 2396//2396
f 2398//2398 2399//2399 2400//2400
f 2398//2398 2401//2401 2399//2399
f 2402//2402 2361//2361 2401//2401
f 2399//2399 2403//2403 2404//2404
f 2401//2401 2405//2405 2403//2403
f 2401//2401 2406//2406 2405//2405
f 2361//2361 2367//2367 2406//2406
f 2403//2403 2407//2407 2408//2408
f 2405//2405 2409//2409 2407//2407
f 2406//2406 2371//2371 2409//2409
f 2407//2407 2410//2410 2411//2411
f 2409//2409 2412//2412 2410//2410
f 2371//2371 2375//2375 2412//2412
f 2410//2410 2413//2413 2414//2414
f 2412//2412 2415//2415 2413//2413
f 2375//2375 2379//2379 2415//2415
f 2413//2413 2416//2416 2417//2417
f 2415//2415 2418//2418 2416//2416
f 2379//2379 2383//2383 2418//2418
f 2416//2416 2419//2419 2420//2420
f 2418//2418 2421//2421 2419//2419
f 2383//2383 2387//2387 2421//2421
f 2419//2419 2391//2391 2422//2422
f 2421//2421 2394//2394 2391//2391
f 2387//2387 2390//2390 2394//2394
f 2423//2423 2424//2424 2393//2393
f 2423//2423 2425//2425 2424//2424
f 2426//2426 2316//2316 2425//2425
f 2424//2424 2427//2427 2422//2422
f 2425//2425 2319//2319 2427//2427
f 2427//2427 2428//2428 2420//2420
f 2319//2319 2328//2328 2428//2428
f 2428//2428 2429//2429 2417//2417
f 2328//2328 2430//2430 2429//2429
f 2328//2328 2325//2325 2430//2430
f 2429//2429 2431//2431 2414//2414
f 2430//2430 2329//2329 2431//2431
f 2431//2431 2432//2432 2411//2411
f 2329//2329 2330//2330 2432//2432
f 2432//2432 2433//2433 2408//2408
f 2330//2330 2434//2434 2433//2433
f 2330//2330 2334//2334 2434//2434
f 2433//2433 2435//2435 2404//2404
f 2434//2434 2436//2436 2435//2435
f 2334//2334 2335//2335 2436//2436
f 2435//2435 2437//2437 2400//2400
f 2436//2436 2339//2339 2437//2437
f 2437//2437 2438//2438 2439//2439
f 2339//2339 2440//2440 2438//2438
f 2339//2339 2338//2338 2440//2440
f 2441//2441 2356//2356 2355//2355
f 2442//2442 2357//2357 2356//2356
f 2443//2443 2381//2381 2377//2377
f 2444//2444 2385//2385 2381//2381
f 2445//2445 2389//2389 2385//2385
f 2446//2446 2355//2355 2389//2389
f 2447//2447 2365//2365 2364//2364
f 2448//2448 2369//2369 2365//2365
f 2449//2449 2373//2373 2369//2369
f 2450//2450 2377//2377 2373//2373
f 2451//2451 2452//2452 2453//2453
f 2453//2453 2454//2454 2455//2455
f 2454//2454 2456//2456 2455//2455
f 2452//2452 2457//2457 2453//2453
f 2457//2457 2454//2454 2453//2453
f 2451//2451 2458//2458 2452//2452
f 2458//2458 2457//2457 2452//2452
f 2459//2459 2460//2460 2451//2451
f 2460//2460 2458//2458 2451//2451
f 2456//2456 2461//2461 2462//2462
f 2461//2461 2463//2463 2462//2462
f 2454//2454 2464//2464 2456//2456
f 2464//2464 2461//2461 2456//2456
f 2457//2457 2465//2465 2454//2454
f 2465//2465 2464//2464 2454//2454
f 2458//2458 2466//2466 2457//2457
f 2466//2466 2465//2465 2457//2457
f 2460//2460 2467//2467 2458//2458
f 2467//2467 2466//2466 2458//2458
f 2468//2468 2467//2467 2460//2460
f 2461//2461 2469//2469 2463//2463
f 2469//2469 2470//2470 2463//2463
f 2464//2464 2471//2471 2461//2461
f 2471//2471 2469//2469 2461//2461
f 2465//2465 2472//2472 2464//2464
f 2472//2472 2471//2471 2464//2464
f 2466//2466 2473//2473 2465//2465
f 2473//2473 2472//2472 2465//2465
f 2467//2467 2474//2474 2466//2466
f 2474//2474 2473//2473 2466//2466
f 2468//2468 2475//2475 2467//2467
f 2475//2475 2474//2474 2467//2467
f 2469//2469 2476//2476 2470//2470
f 2471//2471 2477//2477 2469//2469
f 2477//2477 2476//2476 2469//2469
f 2472//2472 2478//2478 2471//2471
f 2478//2478 2477//2477 2471//2471
f 2473//2473 2479//2479 2472//2472
f 2479//2479 2478//2478 2472//2472
f 2474//2474 2480//2480 2473//2473
f 2480//2480 2479//2479 2473//2473
f 2475//2475 2481//2481 2474//2474
f 2481//2481 2480//2480 2474//2474
f 2476//2476 2482//2482 2470//2470
f 2482//2482 2483//2483 2470//2470
f 2477//2477 2484//2484 2476//2476
f 2484//2484 2482//2482 2476//2476
f 2478//2478 2485//2485 2477//2477
f 2485//2485 2484//2484 2477//2477
f 2479//2479 2486//2486 2478//2478
f 2486//2486 2485//2485 2478//2478
f 2480//2480 2487//2487 2479//2479
f 2487//2487 2486//2486 2479//2479
f 2481//2481 2487//2487 2480//2480
f 2482//2482 2488//2488 2483//2483
f 2488//2488 2489//2489 2483//2483
f 2484//2484 2490//2490 2482//2482
f 2490//2490 2488//2488 2482//2482
f 2485//2485 2491//2491 2484//2484
f 2491//2491 2490//2490 2484//2484
f 2486//2486 2492//2492 2485//2485
f 2492//2492 2491//2491 2485//2485
f 2487//2487 2493//2493 2486//2486
f 2493//2493 2492//2492 2486//2486
f 2481//2481 2494//2494 2487//2487
f 2494//2494 2493//2493 2487//2487
f 2488//2488 2495//2495 2489//2489
f 2490//2490 2496//2496 2488//2488
f 2496//2496 2495//2495 2488//2488
f 2491//2491 2497//2497 2490//2490
f 2497//2497 2496//2496 2490//2490
f 2492//2492 2498//2498 2491//2491
f 2498//2498 2497//2497 2491//2491
f 2493//2493 2499//2499 2492//2492
f 2499//2499 2498//2498 2492//2492
f 2494//2494 2500//2500 2493//2493
f 2500//2500 2499//2499 2493//2493
f 2495//2495 2501//2501 2489//2489
f 2501//2501 2502//2502 2489//2489
f 2496//2496 2503//2503 2495//2495
f 2503//2503 2501//2501 2495//2495
f 2497//2497 2504//2504 2496//2496
f 2504//2504 2503//2503 2496//2496
f 2498//2498 2505//2505 2497//2497
f 2505//2505 2504//2504 2497//2497
f 2499//2499 2506//2506 2498//2498
f 2506//2506 2505//2505 2498//2498
f 2500//2500 2506//2506 2499//2499
f 2501//2501 2507//2507 2502//2502
f 2507//2507 2508//2508 2502//2502
f 2503//2503 2509//2509 2501//2501
f 2509//2509 2507//2507 2501//2501
f 2504//2504 2510//2510 2503//2503
f 2510//2510 2509//2509 2503//2503
f 2505//2505 2511//2511 2504//2504
f 2511//2511 2510//2510 2504//2504
f 2506//2506 2512//2512 2505//2505
f 2512//2512 2511//2511 2505//2505
f 2500//2500 2513//2513 2506//2506
f 2513//2513 2512//2512 2506//2506
f 2507//2507 2514//2514 2508//2508
f 2509//2509 2515//2515 2507//2507
f 2515//2515 2514//2514 2507//2507
f 2510//2510 2516//2516 2509//2509
f 2516//2516 2515//2515 2509//2509
f 2511//2511 2517//2517 2510//2510
f 2517//2517 2516//2516 2510//2510
f 2512//2512 2518//2518 2511//2511
f 2518//2518 2517//2517 2511//2511
f 2513//2513 2518//2518 2512//2512
f 2514//2514 2519//2519 2508//2508
f 2519//2519 2520//2520 2508//2508
f 2515//2515 2521//2521 2514//2514
f 2521//2521 2519//2519 2514//2514
f 2516//2516 2522//2522 2515//2515
f 2522//2522 2521//2521 2515//2515
f 2517//2517 2523//2523 2516//2516
f 2523//2523 2522//2522 2516//2516
f 2518//2518 2524//2524 2517//2517
f 2524//2524 2523//2523 2517//2517
f 2513//2513 2525//2525 2518//2518
f 2525//2525 2524//2524 2518//2518
f 2519//2519 2526//2526 2520//2520
f 2521//2521 2527//2527 2519//2519
f 2527//2527 2526//2526 2519//2519
f 2522//2522 2528//2528 2521//2521
f 2528//2528 2527//2527 2521//2521
f 2523//2523 2529//2529 2522//2522
f 2529//2529 2528//2528 2522//2522
f 2524//2524 2530//2530 2523//2523
f 2530//2530 2529//2529 2523//2523
f 2525//2525 2530//2530 2524//2524
f 2526//2526 2531//2531 2520//2520
f 2531//2531 2532//2532 2520//2520
f 2527//2527 2533//2533 2526//2526
f 2533//2533 2531//2531 2526//2526
f 2528//2528 2534//2534 2527//2527
f 2534//2534 2533//2533 2527//2527
f 2529//2529 2535//2535 2528//2528
f 2535//2535 2534//2534 2528//2528
f 2530//2530 2536//2536 2529//2529
f 2536//2536 2535//2535 2529//2529
f 2525//2525 2537//2537 2530//2530
f 2537//2537 2536//2536 2530//2530
f 2531//2531 2538//2538 2532//2532
f 2533//2533 2539//2539 2531//2531
f 2539//2539 2538//2538 2531//2531
f 2534//2534 2540//2540 2533//2533
f 2540//2540 2539//2539 2533//2533
f 2535//2535 2541//2541 2534//2534
f 2541//2541 2540//2540 2534//2534
f 2536//2536 2542//2542 2535//2535
f 2542//2542 2541//2541 2535//2535
f 2537//2537 2542//2542 2536//2536
f 2538//2538 2543//2543 2532//2532
f 2543//2543 2544//2544 2532//2532
f 2539//2539 2545//2545 2538//2538
f 2545//2545 2543//2543 2538//2538
f 2540//2540 2546//2546 2539//2539
f 2546//2546 2545//2545 2539//2539
f 2541//2541 2547//2547 2540//2540
f 2547//2547 2546//2546 2540//2540
f 2542//2542 2548//2548 2541//2541
f 2548//2548 2547//2547 2541//2541
f 2537//2537 2549//2549 2542//2542
f 2549//2549 2548//2548 2542//2542
f 2543//2543 2550//2550 2544//2544
f 2545//2545 2551//2551 2543//2543
f 2551//2551 2550//2550 2543//2543
f 2546//2546 2552//2552 2545//2545
f 2552//2552 2551//2551 2545//2545
f 2547//2547 2553//2553 2546//2546
f 2553//2553 2552//2552 2546//2546
f 2548//2548 2554//2554 2547//2547
f 2554//2554 2553//2553 2547//2547
f 2549//2549 2555//2555 2548//2548
f 2555//2555 2554//2554 2548//2548
f 2550//2550 2556//2556 2544//2544
f 2556//2556 2557//2557 2544//2544
f 2551//2551 2558//2558 2550//2550
f 2558//2558 2556//2556 2550//2550
f 2552//2552 2559//2559 2551//2551
f 2559//2559 2558//2558 2551//2551
f 2553//2553 2560//2560 2552//2552
f 2560//2560 2559//2559 2552//2552
f 2554//2554 2561//2561 2553//2553
f 2561//2561 2560//2560 2553//2553
f 2555//2555 2561//2561 2554//2554
f 2556//2556 2562//2562 2557//2557
f 2558//2558 2563//2563 2556//2556
f 2563//2563 2562//2562 2556//2556
f 2559//2559 2564//2564 2558//2558
f 2564//2564 2563//2563 2558//2558
f 2560//2560 2565//2565 2559//2559
f 2565//2565 2564//2564 2559//2559
f 2561//2561 2566//2566 2560//2560
f 2566//2566 2565//2565 2560//2560
f 2555//2555 2567//2567 2561//2561
f 2567//2567 2566//2566 2561//2561
f 2562//2562 2568//2568 2557//2557
f 2568//2568 2569//2569 2557//2557
f 2563//2563 2570//2570 2562//2562
f 2570//2570 2568//2568 2562//2562
f 2564//2564 2571//2571 2563//2563
f 2571//2571 2570//2570 2563//2563
f 2565//2565 2572//2572 2564//2564
f 2572//2572 2571//2571 2564//2564
f 2566//2566 2573//2573 2565//2565
f 2573//2573 2572//2572 2565//2565
f 2567//2567 2573//2573 2566//2566
f 2568//2568 2574//2574 2569//2569
f 2570//2570 2575//2575 2568//2568
f 2575//2575 2574//2574 2568//2568
f 2571//2571 2576//2576 2570//2570
f 2576//2576 2575//2575 2570//2570
f 2572//2572 2577//2577 2571//2571
f 2577//2577 2576//2576 2571//2571
f 2573//2573 2578//2578 2572//2572
f 2578//2578 2577//2577 2572//2572
f 2567//2567 2579//2579 2573//2573
f 2579//2579 2578//2578 2573//2573
f 2574//2574 2580//2580 2569//2569
f 2580//2580 2581//2581 2569//2569
f 2575//2575 2582//2582 2574//2574
f 2582//2582 2580//2580 2574//2574
f 2576//2576 2583//2583 2575//2575
f 2583//2583 2582//2582 2575//2575
f 2577//2577 2584//2584 2576//2576
f 2584//2584 2583//2583 2576//2576
f 2578//2578 2584//2584 2577//2577
f 2579//2579 2585//2585 2578//2578
f 2582//2582 2586//2586 2580//2580
f 2586//2586 2587//2587 2580//2580
f 2583//2583 2588//2588 2582//2582
f 2588//2588 2586//2586 2582//2582
f 2584//2584 2589//2589 2583//2583
f 2589//2589 2588//2588 2583//2583
f 2578//2578 2590//2590 2584//2584
f 2590//2590 2589//2589 2584//2584
f 2589//2589 2586//2586 2588//2588
f 2459//2459 2460//2460 2591//2591
f 2455//2455 2456//2456 2462//2462
f 2580//2580 2581//2581 2587//2587
f 2585//2585 2578//2578 2590//2590
f 2592//2592 2593//2593 2594//2594
f 2593//2593 2595//2595 2596//2596
f 2595//2595 2597//2597 2598//2598
f 2597//2597 2599//2599 2600//2600
f 2601//2601 2602//2602 2593//2593
f 2602//2602 2603//2603 2595//2595
f 2603//2603 2604//2604 2597//2597
f 2604//2604 2605//2605 2599//2599
f 2606//2606 2607//2607 2602//2602
f 2607//2607 2608//2608 2603//2603
f 2608//2608 2609//2609 2604//2604
f 2609//2609 2610//2610 2605//2605
f 2611//2611 2612//2612 2607//2607
f 2612//2612 2613//2613 2608//2608
f 2613//2613 2614//2614 2609//2609
f 2614//2614 2615//2615 2610//2610
f 2616//2616 2617//2617 2618//2618
f 2617//2617 2619//2619 2620//2620
f 2619//2619 2621//2621 2622//2622
f 2621//2621 2623//2623 2624//2624
f 2625//2625 2626//2626 2617//2617
f 2626//2626 2627//2627 2619//2619
f 2627//2627 2628//2628 2621//2621
f 2628//2628 2629//2629 2623//2623
f 2630//2630 2631//2631 2626//2626
f 2631//2631 2632//2632 2627//2627
f 2632//2632 2633//2633 2628//2628
f 2633//2633 2634//2634 2629//2629
f 2635//2635 2594//2594 2631//2631
f 2594//2594 2596//2596 2632//2632
f 2596//2596 2598//2598 2633//2633
f 2598//2598 2600//2600 2634//2634
f 2636//2636 2637//2637 2638//2638
f 2637//2637 2639//2639 2640//2640
f 2639//2639 2641//2641 2642//2642
f 2641//2641 2643//2643 2644//2644
f 2645//2645 2646//2646 2637//2637
f 2646//2646 2647//2647 2639//2639
f 2647//2647 2648//2648 2641//2641
f 2648//2648 2649//2649 2643//2643
f 2650//2650 2651//2651 2646//2646
f 2651//2651 2652//2652 2647//2647
f 2652//2652 2653//2653 2648//2648
f 2653//2653 2654//2654 2649//2649
f 2655//2655 2618//2618 2651//2651
f 2618//2618 2620//2620 2652//2652
f 2620//2620 2622//2622 2653//2653
f 2622//2622 2624//2624 2654//2654
f 2656//2656 2657//2657 2658//2658
f 2657//2657 2659//2659 2660//2660
f 2659//2659 2661//2661 2662//2662
f 2661//2661 2663//2663 2664//2664
f 2665//2665 2666//2666 2657//2657
f 2666//2666 2667//2667 2659//2659
f 2667//2667 2668//2668 2661//2661
f 2668//2668 2669//2669 2663//2663
f 2670//2670 2671//2671 2666//2666
f 2671//2671 2672//2672 2667//2667
f 2672//2672 2673//2673 2668//2668
f 2673//2673 2674//2674 2669//2669
f 2675//2675 2638//2638 2671//2671
f 2638//2638 2640//2640 2672//2672
f 2640//2640 2642//2642 2673//2673
f 2642//2642 2644//2644 2674//2674
f 2676//2676 2677//2677 2678//2678
f 2677//2677 2679//2679 2680//2680
f 2679//2679 2681//2681 2682//2682
f 2681//2681 2683//2683 2684//2684
f 2685//2685 2686//2686 2677//2677
f 2686//2686 2687//2687 2679//2679
f 2687//2687 2688//2688 2681//2681
f 2688//2688 2689//2689 2683//2683
f 2690//2690 2691//2691 2686//2686
f 2691//2691 2692//2692 2687//2687
f 2692//2692 2693//2693 2688//2688
f 2693//2693 2694//2694 2689//2689
f 2695//2695 2658//2658 2691//2691
f 2658//2658 2660//2660 2692//2692
f 2660//2660 2662//2662 2693//2693
f 2662//2662 2664//2664 2694//2694
f 2696//2696 2697//2697 2698//2698
f 2697//2697 2699//2699 2700//2700
f 2699//2699 2701//2701 2702//2702
f 2701//2701 2703//2703 2704//2704
f 2705//2705 2706//2706 2697//2697
f 2706//2706 2707//2707 2699//2699
f 2707//2707 2708//2708 2701//2701
f 2708//2708 2709//2709 2703//2703
f 2710//2710 2711//2711 2706//2706
f 2711//2711 2712//2712 2707//2707
f 2712//2712 2713//2713 2708//2708
f 2713//2713 2714//2714 2709//2709
f 2715//2715 2678//2678 2711//2711
f 2678//2678 2680//2680 2712//2712
f 2680//2680 2682//2682 2713//2713
f 2682//2682 2684//2684 2714//2714
f 2716//2716 2717//2717 2718//2718
f 2717//2717 2719//2719 2720//2720
f 2719//2719 2721//2721 2722//2722
f 2721//2721 2723//2723 2724//2724
f 2725//2725 2726//2726 2717//2717
f 2726//2726 2727//2727 2719//2719
f 2727//2727 2728//2728 2721//2721
f 2728//2728 2729//2729 2723//2723
f 2730//2730 2731//2731 2726//2726
f 2731//2731 2732//2732 2727//2727
f 2732//2732 2733//2733 2728//2728
f 2733//2733 2734//2734 2729//2729
f 2735//2735 2698//2698 2731//2731
f 2698//2698 2700//2700 2732//2732
f 2700//2700 2702//2702 2733//2733
f 2702//2702 2704//2704 2734//2734
f 2736//2736 2737//2737 2612//2612
f 2737//2737 2738//2738 2613//2613
f 2738//2738 2739//2739 2614//2614
f 2739//2739 2740//2740 2615//2615
f 2741//2741 2742//2742 2737//2737
f 2742//2742 2743//2743 2738//2738
f 2743//2743 2744//2744 2739//2739
f 2744//2744 2745//2745 2740//2740
f 2746//2746 2747//2747 2742//2742
f 2747//2747 2748//2748 2743//2743
f 2748//2748 2749//2749 2744//2744
f 2749//2749 2750//2750 2745//2745
f 2751//2751 2718//2718 2747//2747
f 2718//2718 2720//2720 2748//2748
f 2720//2720 2722//2722 2749//2749
f 2722//2722 2724//2724 2750//2750
f 2752//2752 2753//2753 2754//2754
f 2753//2753 2755//2755 2756//2756
f 2755//2755 2757//2757 2758//2758
f 2757//2757 2759//2759 2760//2760
f 2761//2761 2762//2762 2753//2753
f 2762//2762 2763//2763 2755//2755
f 2763//2763 2764//2764 2757//2757
f 2764//2764 2765//2765 2759//2759
f 2766//2766 2767//2767 2762//2762
f 2767//2767 2768//2768 2763//2763
f 2768//2768 2769//2769 2764//2764
f 2769//2769 2770//2770 2765//2765
f 2759//2759 2771//2771 2772//2772
f 2771//2771 2773//2773 2774//2774
f 2773//2773 2775//2775 2776//2776
f 2775//2775 2777//2777 2778//2778
f 2765//2765 2779//2779 2771//2771
f 2779//2779 2780//2780 2773//2773
f 2780//2780 2781//2781 2775//2775
f 2781//2781 2782//2782 2777//2777
f 2770//2770 2783//2783 2779//2779
f 2783//2783 2784//2784 2780//2780
f 2784//2784 2785//2785 2781//2781
f 2785//2785 2786//2786 2782//2782
f 2777//2777 2787//2787 2788//2788
f 2787//2787 2789//2789 2790//2790
f 2789//2789 2791//2791 2792//2792
f 2791//2791 2793//2793 2794//2794
f 2782//2782 2795//2795 2787//2787
f 2795//2795 2796//2796 2789//2789
f 2796//2796 2797//2797 2791//2791
f 2797//2797 2798//2798 2793//2793
f 2786//2786 2799//2799 2795//2795
f 2799//2799 2800//2800 2796//2796
f 2800//2800 2801//2801 2797//2797
f 2801//2801 2802//2802 2798//2798
f 2793//2793 2803//2803 2804//2804
f 2803//2803 2805//2805 2806//2806
f 2805//2805 2807//2807 2808//2808
f 2807//2807 2809//2809 2810//2810
f 2798//2798 2811//2811 2803//2803
f 2811//2811 2812//2812 2805//2805
f 2812//2812 2813//2813 2807//2807
f 2813//2813 2814//2814 2809//2809
f 2802//2802 2815//2815 2811//2811
f 2815//2815 2816//2816 2812//2812
f 2816//2816 2817//2817 2813//2813
f 2817//2817 2818//2818 2814//2814
f 2809//2809 2819//2819 2820//2820
f 2819//2819 2821//2821 2822//2822
f 2821//2821 2823//2823 2824//2824
f 2823//2823 2825//2825 2826//2826
f 2814//2814 2827//2827 2819//2819
f 2827//2827 2828//2828 2821//2821
f 2828//2828 2829//2829 2823//2823
f 2829//2829 2830//2830 2825//2825
f 2818//2818 2831//2831 2827//2827
f 2831//2831 2832//2832 2828//2828
f 2832//2832 2833//2833 2829//2829
f 2833//2833 2834//2834 2830//2830
f 2825//2825 2835//2835 2836//2836
f 2835//2835 2837//2837 2838//2838
f 2837//2837 2839//2839 2840//2840
f 2839//2839 2841//2841 2842//2842
f 2830//2830 2843//2843 2835//2835
f 2843//2843 2844//2844 2837//2837
f 2844//2844 2845//2845 2839//2839
f 2845//2845 2846//2846 2841//2841
f 2834//2834 2847//2847 2843//2843
f 2847//2847 2848//2848 2844//2844
f 2848//2848 2849//2849 2845//2845
f 2849//2849 2850//2850 2846//2846
f 2841//2841 2851//2851 2852//2852
f 2851//2851 2853//2853 2854//2854
f 2853//2853 2855//2855 2856//2856
f 2855//2855 2857//2857 2858//2858
f 2846//2846 2859//2859 2851//2851
f 2859//2859 2860//2860 2853//2853
f 2860//2860 2861//2861 2855//2855
f 2861//2861 2862//2862 2857//2857
f 2850//2850 2863//2863 2859//2859
f 2863//2863 2864//2864 2860//2860
f 2864//2864 2865//2865 2861//2861
f 2865//2865 2866//2866 2862//2862
f 2857//2857 2867//2867 2868//2868
f 2867//2867 2869//2869 2870//2870
f 2869//2869 2871//2871 2872//2872
f 2871//2871 2752//2752 2873//2873
f 2862//2862 2874//2874 2867//2867
f 2874//2874 2875//2875 2869//2869
f 2875//2875 2876//2876 2871//2871
f 2876//2876 2761//2761 2752//2752
f 2866//2866 2877//2877 2874//2874
f 2877//2877 2878//2878 2875//2875
f 2878//2878 2879//2879 2876//2876
f 2879//2879 2766//2766 2761//2761
f 2880//2880 2881//2881 2882//2882
f 2881//2881 2883//2883 2884//2884
f 2883//2883 2885//2885 2886//2886
f 2885//2885 2887//2887 2888//2888
f 2889//2889 2890//2890 2881//2881
f 2890//2890 2891//2891 2883//2883
f 2891//2891 2892//2892 2885//2885
f 2892//2892 2893//2893 2887//2887
f 2873//2873 2754//2754 2890//2890
f 2754//2754 2756//2756 2891//2891
f 2756//2756 2758//2758 2892//2892
f 2758//2758 2760//2760 2893//2893
f 2887//2887 2894//2894 2895//2895
f 2894//2894 2896//2896 2897//2897
f 2896//2896 2898//2898 2899//2899
f 2898//2898 2900//2900 2901//2901
f 2893//2893 2902//2902 2894//2894
f 2902//2902 2903//2903 2896//2896
f 2903//2903 2904//2904 2898//2898
f 2904//2904 2905//2905 2900//2900
f 2760//2760 2772//2772 2902//2902
f 2772//2772 2774//2774 2903//2903
f 2774//2774 2776//2776 2904//2904
f 2776//2776 2778//2778 2905//2905
f 2900//2900 2906//2906 2907//2907
f 2906//2906 2908//2908 2909//2909
f 2908//2908 2910//2910 2911//2911
f 2910//2910 2912//2912 2913//2913
f 2905//2905 2914//2914 2906//2906
f 2914//2914 2915//2915 2908//2908
f 2915//2915 2916//2916 2910//2910
f 2916//2916 2917//2917 2912//2912
f 2778//2778 2788//2788 2914//2914
f 2788//2788 2790//2790 2915//2915
f 2790//2790 2792//2792 2916//2916
f 2792//2792 2794//2794 2917//2917
f 2912//2912 2918//2918 2919//2919
f 2918//2918 2920//2920 2921//2921
f 2920//2920 2922//2922 2923//2923
f 2922//2922 2924//2924 2925//2925
f 2917//2917 2926//2926 2918//2918
f 2926//2926 2927//2927 2920//2920
f 2927//2927 2928//2928 2922//2922
f 2928//2928 2929//2929 2924//2924
f 2794//2794 2804//2804 2926//2926
f 2804//2804 2806//2806 2927//2927
f 2806//2806 2808//2808 2928//2928
f 2808//2808 2810//2810 2929//2929
f 2924//2924 2930//2930 2931//2931
f 2930//2930 2932//2932 2933//2933
f 2932//2932 2934//2934 2935//2935
f 2934//2934 2936//2936 2937//2937
f 2929//2929 2938//2938 2930//2930
f 2938//2938 2939//2939 2932//2932
f 2939//2939 2940//2940 2934//2934
f 2940//2940 2941//2941 2936//2936
f 2810//2810 2820//2820 2938//2938
f 2820//2820 2822//2822 2939//2939
f 2822//2822 2824//2824 2940//2940
f 2824//2824 2826//2826 2941//2941
f 2936//2936 2942//2942 2943//2943
f 2942//2942 2944//2944 2945//2945
f 2944//2944 2946//2946 2947//2947
f 2946//2946 2948//2948 2949//2949
f 2941//2941 2950//2950 2942//2942
f 2950//2950 2951//2951 2944//2944
f 2951//2951 2952//2952 2946//2946
f 2952//2952 2953//2953 2948//2948
f 2826//2826 2836//2836 2950//2950
f 2836//2836 2838//2838 2951//2951
f 2838//2838 2840//2840 2952//2952
f 2840//2840 2842//2842 2953//2953
f 2948//2948 2954//2954 2955//2955
f 2954//2954 2956//2956 2957//2957
f 2956//2956 2958//2958 2959//2959
f 2958//2958 2960//2960 2961//2961
f 2953//2953 2962//2962 2954//2954
f 2962//2962 2963//2963 2956//2956
f 2963//2963 2964//2964 2958//2958
f 2964//2964 2965//2965 2960//2960
f 2842//2842 2852//2852 2962//2962
f 2852//2852 2854//2854 2963//2963
f 2854//2854 2856//2856 2964//2964
f 2856//2856 2858//2858 2965//2965
f 2960//2960 2966//2966 2967//2967
f 2966//2966 2968//2968 2969//2969
f 2968//2968 2970//2970 2971//2971
f 2970//2970 2880//2880 2972//2972
f 2965//2965 2973//2973 2966//2966
f 2973//2973 2974//2974 2968//2968
f 2974//2974 2975//2975 2970//2970
f 2975//2975 2889//2889 2880//2880
f 2858//2858 2868//2868 2973//2973
f 2868//2868 2870//2870 2974//2974
f 2870//2870 2872//2872 2975//2975
f 2872//2872 2873//2873 2889//2889
f 2976//2976 2977//2977 2886//2886
f 2977//2977 2978//2978 2884//2884
f 2978//2978 2979//2979 2882//2882
f 2979//2979 2980//2980 2972//2972
f 2981//2981 2982//2982 2977//2977
f 2982//2982 2983//2983 2978//2978
f 2983//2983 2984//2984 2979//2979
f 2984//2984 2985//2985 2980//2980
f 2986//2986 2987//2987 2982//2982
f 2987//2987 2988//2988 2983//2983
f 2984//2984 2989//2989 2985//2985
f 2980//2980 2990//2990 2971//2971
f 2990//2990 2991//2991 2969//2969
f 2991//2991 2992//2992 2967//2967
f 2992//2992 2993//2993 2961//2961
f 2985//2985 2994//2994 2990//2990
f 2994//2994 2995//2995 2991//2991
f 2995//2995 2996//2996 2992//2992
f 2996//2996 2997//2997 2993//2993
f 2989//2989 2998//2998 2994//2994
f 2998//2998 2999//2999 2995//2995
f 2999//2999 3000//3000 2996//2996
f 3000//3000 3001//3001 2997//2997
f 2993//2993 3002//3002 2959//2959
f 3002//3002 3003//3003 2957//2957
f 3003//3003 3004//3004 2955//2955
f 3004//3004 3005//3005 2949//2949
f 2997//2997 3006//3006 3002//3002
f 3006//3006 3007//3007 3003//3003
f 3007//3007 3008//3008 3004//3004
f 3008//3008 3009//3009 3005//3005
f 3001//3001 3010//3010 3006//3006
f 3010//3010 3011//3011 3007//3007
f 3011//3011 3012//3012 3008//3008
f 3012//3012 3013//3013 3009//3009
f 3005//3005 3014//3014 2947//2947
f 3014//3014 3015//3015 2945//2945
f 3015//3015 3016//3016 2943//2943
f 3016//3016 3017//3017 2937//2937
f 3009//3009 3018//3018 3014//3014
f 3018//3018 3019//3019 3015//3015
f 3019//3019 3020//3020 3016//3016
f 3020//3020 3021//3021 3017//3017
f 3018//3018 3022//3022 3019//3019
f 3022//3022 3023//3023 3020//3020
f 3023//3023 3024//3024 3021//3021
f 3017//3017 3025//3025 2935//2935
f 3025//3025 3026//3026 2933//2933
f 3026//3026 3027//3027 2931//2931
f 3027//3027 3028//3028 2925//2925
f 3021//3021 3029//3029 3025//3025
f 3029//3029 3030//3030 3026//3026
f 3030//3030 3031//3031 3027//3027
f 3031//3031 3032//3032 3028//3028
f 3024//3024 3033//3033 3029//3029
f 3030//3030 3034//3034 3031//3031
f 3028//3028 3035//3035 2923//2923
f 3035//3035 3036//3036 2921//2921
f 3036//3036 3037//3037 2919//2919
f 3037//3037 3038//3038 2913//2913
f 3032//3032 3039//3039 3035//3035
f 3036//3036 3040//3040 3037//3037
f 3040//3040 3041//3041 3038//3038
f 3039//3039 3042//3042 3036//3036
f 3032//3032 3043//3043 3039//3039
f 3038//3038 3044//3044 2911//2911
f 3044//3044 3045//3045 2909//2909
f 3045//3045 3046//3046 2907//2907
f 3046//3046 3047//3047 2901//2901
f 3041//3041 3048//3048 3044//3044
f 3048//3048 3049//3049 3045//3045
f 3049//3049 3050//3050 3046//3046
f 3050//3050 3051//3051 3047//3047
f 3047//3047 3052//3052 2899//2899
f 3052//3052 3053//3053 2897//2897
f 3053//3053 3054//3054 2895//2895
f 3054//3054 2976//2976 2888//2888
f 3051//3051 3055//3055 3052//3052
f 3055//3055 3056//3056 3053//3053
f 3056//3056 3057//3057 3054//3054
f 3057//3057 2981//2981 2976//2976
f 3055//3055 3058//3058 3056//3056
f 3058//3058 3059//3059 3057//3057
f 3059//3059 2986//2986 2981//2981
f 2630//2630 3060//3060 3061//3061
f 3062//3062 3063//3063 3064//3064
f 3063//3063 2815//2815 2802//2802
f 3060//3060 3065//3065 3062//3062
f 3065//3065 3066//3066 3063//3063
f 3066//3066 2816//2816 2815//2815
f 2616//2616 3067//3067 3060//3060
f 3065//3065 3068//3068 3066//3066
f 3068//3068 2817//2817 2816//2816
f 3067//3067 3069//3069 3065//3065
f 3069//3069 3070//3070 3068//3068
f 3070//3070 2818//2818 2817//2817
f 2606//2606 3071//3071 3072//3072
f 3073//3073 3074//3074 3075//3075
f 3074//3074 2799//2799 2786//2786
f 3071//3071 3076//3076 3073//3073
f 3076//3076 3077//3077 3074//3074
f 3077//3077 2800//2800 2799//2799
f 2592//2592 3061//3061 3071//3071
f 3076//3076 3078//3078 3077//3077
f 3078//3078 2801//2801 2800//2800
f 3061//3061 3062//3062 3076//3076
f 3062//3062 3064//3064 3078//3078
f 3064//3064 2802//2802 2801//2801
f 2746//2746 3079//3079 3080//3080
f 3081//3081 3082//3082 3083//3083
f 3082//3082 2783//2783 2770//2770
f 3079//3079 3084//3084 3081//3081
f 3084//3084 3085//3085 3082//3082
f 3085//3085 2784//2784 2783//2783
f 2736//2736 3072//3072 3079//3079
f 3084//3084 3086//3086 3085//3085
f 3086//3086 2785//2785 2784//2784
f 3072//3072 3073//3073 3084//3084
f 3073//3073 3075//3075 3086//3086
f 3075//3075 2786//2786 2785//2785
f 2730//2730 3087//3087 3088//3088
f 3089//3089 3090//3090 3091//3091
f 3090//3090 2767//2767 2766//2766
f 3087//3087 3092//3092 3089//3089
f 3092//3092 3093//3093 3090//3090
f 3093//3093 2768//2768 2767//2767
f 2716//2716 3080//3080 3087//3087
f 3092//3092 3094//3094 3093//3093
f 3094//3094 2769//2769 2768//2768
f 3080//3080 3081//3081 3092//3092
f 3081//3081 3083//3083 3094//3094
f 3083//3083 2770//2770 2769//2769
f 2710//2710 3095//3095 3096//3096
f 3097//3097 3098//3098 3099//3099
f 3098//3098 2877//2877 2866//2866
f 3095//3095 3100//3100 3097//3097
f 3100//3100 3101//3101 3098//3098
f 3101//3101 2878//2878 2877//2877
f 2696//2696 3088//3088 3095//3095
f 3100//3100 3102//3102 3101//3101
f 3102//3102 2879//2879 2878//2878
f 3088//3088 3089//3089 3100//3100
f 3089//3089 3091//3091 3102//3102
f 3091//3091 2766//2766 2879//2879
f 2690//2690 3103//3103 3104//3104
f 3105//3105 3106//3106 3107//3107
f 3106//3106 2863//2863 2850//2850
f 3103//3103 3108//3108 3105//3105
f 3108//3108 3109//3109 3106//3106
f 3109//3109 2864//2864 2863//2863
f 2676//2676 3096//3096 3103//3103
f 3108//3108 3110//3110 3109//3109
f 3110//3110 2865//2865 2864//2864
f 3096//3096 3097//3097 3108//3108
f 3097//3097 3099//3099 3110//3110
f 3099//3099 2866//2866 2865//2865
f 2670//2670 3111//3111 3112//3112
f 3113//3113 3114//3114 3115//3115
f 3114//3114 2847//2847 2834//2834
f 3111//3111 3116//3116 3113//3113
f 3116//3116 3117//3117 3114//3114
f 3117//3117 2848//2848 2847//2847
f 2656//2656 3104//3104 3111//3111
f 3116//3116 3118//3118 3117//3117
f 3118//3118 2849//2849 2848//2848
f 3104//3104 3105//3105 3116//3116
f 3105//3105 3107//3107 3118//3118
f 3107//3107 2850//2850 2849//2849
f 2650//2650 3119//3119 3067//3067
f 3069//3069 3120//3120 3070//3070
f 3120//3120 2831//2831 2818//2818
f 3119//3119 3121//3121 3069//3069
f 3121//3121 3122//3122 3120//3120
f 3122//3122 2832//2832 2831//2831
f 2636//2636 3112//3112 3119//3119
f 3121//3121 3123//3123 3122//3122
f 3123//3123 2833//2833 2832//2832
f 3112//3112 3113//3113 3121//3121
f 3113//3113 3115//3115 3123//3123
f 3115//3115 2834//2834 2833//2833
f 3124//3124 3125//3125 3126//3126
f 3125//3125 3127//3127 3128//3128
f 3127//3127 3129//3129 3130//3130
f 3129//3129 3131//3131 3132//3132
f 3133//3133 3134//3134 3125//3125
f 3134//3134 3135//3135 3127//3127
f 3135//3135 3136//3136 3129//3129
f 3136//3136 3137//3137 3131//3131
f 3138//3138 3139//3139 3134//3134
f 3139//3139 3140//3140 3135//3135
f 3140//3140 3141//3141 3136//3136
f 3141//3141 3142//3142 3137//3137
f 3143//3143 3144//3144 3139//3139
f 3144//3144 3145//3145 3140//3140
f 3145//3145 3146//3146 3141//3141
f 3146//3146 3147//3147 3142//3142
f 3148//3148 3149//3149 3150//3150
f 3149//3149 3151//3151 3152//3152
f 3151//3151 3153//3153 3154//3154
f 3153//3153 3124//3124 3155//3155
f 3156//3156 3157//3157 3149//3149
f 3157//3157 3158//3158 3151//3151
f 3158//3158 3159//3159 3153//3153
f 3159//3159 3133//3133 3124//3124
f 3160//3160 3161//3161 3157//3157
f 3161//3161 3162//3162 3158//3158
f 3162//3162 3163//3163 3159//3159
f 3163//3163 3138//3138 3133//3133
f 3164//3164 3165//3165 3161//3161
f 3165//3165 3166//3166 3162//3162
f 3166//3166 3167//3167 3163//3163
f 3167//3167 3143//3143 3138//3138
f 3168//3168 3169//3169 3170//3170
f 3169//3169 3171//3171 3172//3172
f 3171//3171 3173//3173 3174//3174
f 3173//3173 3148//3148 3175//3175
f 3176//3176 3177//3177 3169//3169
f 3177//3177 3178//3178 3171//3171
f 3178//3178 3179//3179 3173//3173
f 3179//3179 3156//3156 3148//3148
f 3180//3180 3181//3181 3177//3177
f 3181//3181 3182//3182 3178//3178
f 3182//3182 3183//3183 3179//3179
f 3183//3183 3160//3160 3156//3156
f 3184//3184 3185//3185 3181//3181
f 3185//3185 3186//3186 3182//3182
f 3186//3186 3187//3187 3183//3183
f 3187//3187 3164//3164 3160//3160
f 3188//3188 3189//3189 3190//3190
f 3189//3189 3191//3191 3192//3192
f 3191//3191 3193//3193 3194//3194
f 3193//3193 3168//3168 3195//3195
f 3196//3196 3197//3197 3189//3189
f 3197//3197 3198//3198 3191//3191
f 3198//3198 3199//3199 3193//3193
f 3199//3199 3176//3176 3168//3168
f 3200//3200 3201//3201 3197//3197
f 3201//3201 3202//3202 3198//3198
f 3202//3202 3203//3203 3199//3199
f 3203//3203 3180//3180 3176//3176
f 3204//3204 3205//3205 3201//3201
f 3205//3205 3206//3206 3202//3202
f 3206//3206 3207//3207 3203//3203
f 3207//3207 3184//3184 3180//3180
f 3208//3208 3209//3209 3210//3210
f 3209//3209 3211//3211 3212//3212
f 3211//3211 3213//3213 3214//3214
f 3213//3213 3188//3188 3215//3215
f 3216//3216 3217//3217 3209//3209
f 3217//3217 3218//3218 3211//3211
f 3218//3218 3219//3219 3213//3213
f 3219//3219 3196//3196 3188//3188
f 3220//3220 3221//3221 3217//3217
f 3221//3221 3222//3222 3218//3218
f 3222//3222 3223//3223 3219//3219
f 3223//3223 3200//3200 3196//3196
f 3224//3224 3225//3225 3221//3221
f 3225//3225 3226//3226 3222//3222
f 3226//3226 3227//3227 3223//3223
f 3227//3227 3204//3204 3200//3200
f 3228//3228 3229//3229 3230//3230
f 3229//3229 3231//3231 3232//3232
f 3231//3231 3233//3233 3234//3234
f 3233//3233 3208//3208 3235//3235
f 3236//3236 3237//3237 3229//3229
f 3237//3237 3238//3238 3231//3231
f 3238//3238 3239//3239 3233//3233
f 3239//3239 3216//3216 3208//3208
f 3240//3240 3241//3241 3237//3237
f 3241//3241 3242//3242 3238//3238
f 3242//3242 3243//3243 3239//3239
f 3243//3243 3220//3220 3216//3216
f 3244//3244 3245//3245 3241//3241
f 3245//3245 3246//3246 3242//3242
f 3246//3246 3247//3247 3243//3243
f 3247//3247 3224//3224 3220//3220
f 3248//3248 3249//3249 3250//3250
f 3249//3249 3251//3251 3252//3252
f 3251//3251 3253//3253 3254//3254
f 3253//3253 3228//3228 3255//3255
f 3256//3256 3257//3257 3249//3249
f 3257//3257 3258//3258 3251//3251
f 3258//3258 3259//3259 3253//3253
f 3259//3259 3236//3236 3228//3228
f 3260//3260 3261//3261 3257//3257
f 3261//3261 3262//3262 3258//3258
f 3262//3262 3263//3263 3259//3259
f 3263//3263 3240//3240 3236//3236
f 3264//3264 3265//3265 3261//3261
f 3265//3265 3266//3266 3262//3262
f 3266//3266 3267//3267 3263//3263
f 3267//3267 3244//3244 3240//3240
f 3131//3131 3268//3268 3269//3269
f 3268//3268 3270//3270 3271//3271
f 3270//3270 3272//3272 3273//3273
f 3272//3272 3248//3248 3274//3274
f 3137//3137 3275//3275 3268//3268
f 3275//3275 3276//3276 3270//3270
f 3276//3276 3277//3277 3272//3272
f 3277//3277 3256//3256 3248//3248
f 3142//3142 3278//3278 3275//3275
f 3278//3278 3279//3279 3276//3276
f 3279//3279 3280//3280 3277//3277
f 3280//3280 3260//3260 3256//3256
f 3147//3147 3281//3281 3278//3278
f 3281//3281 3282//3282 3279//3279
f 3282//3282 3283//3283 3280//3280
f 3283//3283 3264//3264 3260//3260
f 3284//3284 3285//3285 3286//3286
f 3285//3285 3287//3287 3288//3288
f 3287//3287 3289//3289 3290//3290
f 3291//3291 3292//3292 3285//3285
f 3292//3292 3293//3293 3287//3287
f 3293//3293 3294//3294 3289//3289
f 3295//3295 3296//3296 3292//3292
f 3296//3296 3297//3297 3293//3293
f 3297//3297 3298//3298 3294//3294
f 3299//3299 3300//3300 3296//3296
f 3300//3300 3301//3301 3297//3297
f 3301//3301 3302//3302 3298//3298
f 3303//3303 3304//3304 3300//3300
f 3304//3304 3305//3305 3301//3301
f 3305//3305 3306//3306 3302//3302
f 3307//3307 3308//3308 3304//3304
f 3308//3308 3309//3309 3305//3305
f 3309//3309 3310//3310 3306//3306
f 3311//3311 3312//3312 3308//3308
f 3312//3312 3313//3313 3309//3309
f 3313//3313 3314//3314 3310//3310
f 3315//3315 3316//3316 3312//3312
f 3316//3316 3317//3317 3313//3313
f 3317//3317 3318//3318 3314//3314
f 3319//3319 3320//3320 3316//3316
f 3320//3320 3321//3321 3317//3317
f 3321//3321 3322//3322 3318//3318
f 3323//3323 3324//3324 3320//3320
f 3324//3324 3325//3325 3321//3321
f 3325//3325 3326//3326 3322//3322
f 3327//3327 3328//3328 3324//3324
f 3328//3328 3329//3329 3325//3325
f 3329//3329 3330//3330 3326//3326
f 3331//3331 3332//3332 3328//3328
f 3332//3332 3333//3333 3329//3329
f 3333//3333 3334//3334 3330//3330
f 3335//3335 3336//3336 3332//3332
f 3336//3336 3337//3337 3333//3333
f 3337//3337 3338//3338 3334//3334
f 3339//3339 3340//3340 3336//3336
f 3340//3340 3341//3341 3337//3337
f 3341//3341 3342//3342 3338//3338
f 3343//3343 3344//3344 3340//3340
f 3344//3344 3345//3345 3341//3341
f 3345//3345 3346//3346 3342//3342
f 3347//3347 3348//3348 3344//3344
f 3348//3348 3349//3349 3345//3345
f 3349//3349 3350//3350 3346//3346
f 3351//3351 3352//3352 3348//3348
f 3352//3352 3353//3353 3349//3349
f 3353//3353 3354//3354 3350//3350
f 3355//3355 3356//3356 3352//3352
f 3356//3356 3357//3357 3353//3353
f 3357//3357 3358//3358 3354//3354
f 3359//3359 3360//3360 3356//3356
f 3360//3360 3361//3361 3357//3357
f 3361//3361 3362//3362 3358//3358
f 3363//3363 3364//3364 3360//3360
f 3364//3364 3365//3365 3361//3361
f 3365//3365 3366//3366 3362//3362
f 3367//3367 3368//3368 3364//3364
f 3368//3368 3369//3369 3365//3365
f 3369//3369 3370//3370 3366//3366
f 3371//3371 3372//3372 3368//3368
f 3372//3372 3373//3373 3369//3369
f 3373//3373 3374//3374 3370//3370
f 3375//3375 3376//3376 3372//3372
f 3376//3376 3377//3377 3373//3373
f 3377//3377 3378//3378 3374//3374
f 3379//3379 3380//3380 3376//3376
f 3380//3380 3381//3381 3377//3377
f 3381//3381 3382//3382 3378//3378
f 3383//3383 3384//3384 3380//3380
f 3384//3384 3385//3385 3381//3381
f 3385//3385 3386//3386 3382//3382
f 3387//3387 3388//3388 3384//3384
f 3388//3388 3389//3389 3385//3385
f 3389//3389 3390//3390 3386//3386
f 3391//3391 3392//3392 3388//3388
f 3392//3392 3393//3393 3389//3389
f 3393//3393 3394//3394 3390//3390
f 3395//3395 3396//3396 3392//3392
f 3396//3396 3397//3397 3393//3393
f 3397//3397 3398//3398 3394//3394
f 3399//3399 3400//3400 3396//3396
f 3400//3400 3401//3401 3397//3397
f 3401//3401 3402//3402 3398//3398
f 3403//3403 3404//3404 3400//3400
f 3404//3404 3405//3405 3401//3401
f 3405//3405 3406//3406 3402//3402
f 3407//3407 3408//3408 3404//3404
f 3408//3408 3409//3409 3405//3405
f 3409//3409 3410//3410 3406//3406
f 3411//3411 3286//3286 3408//3408
f 3286//3286 3288//3288 3409//3409
f 3288//3288 3290//3290 3410//3410
f 3412//3412 3413//3413 3414//3414
f 3413//3413 3415//3415 3416//3416
f 3415//3415 3284//3284 3411//3411
f 3417//3417 3418//3418 3413//3413
f 3418//3418 3419//3419 3415//3415
f 3419//3419 3291//3291 3284//3284
f 3420//3420 3421//3421 3418//3418
f 3421//3421 3422//3422 3419//3419
f 3422//3422 3295//3295 3291//3291
f 3423//3423 3424//3424 3421//3421
f 3424//3424 3425//3425 3422//3422
f 3425//3425 3299//3299 3295//3295
f 3426//3426 3427//3427 3424//3424
f 3427//3427 3428//3428 3425//3425
f 3428//3428 3303//3303 3299//3299
f 3429//3429 3430//3430 3427//3427
f 3430//3430 3431//3431 3428//3428
f 3431//3431 3307//3307 3303//3303
f 3432//3432 3433//3433 3430//3430
f 3433//3433 3434//3434 3431//3431
f 3434//3434 3311//3311 3307//3307
f 3435//3435 3436//3436 3433//3433
f 3436//3436 3437//3437 3434//3434
f 3437//3437 3315//3315 3311//3311
f 3438//3438 3439//3439 3436//3436
f 3439//3439 3440//3440 3437//3437
f 3440//3440 3319//3319 3315//3315
f 3441//3441 3442//3442 3439//3439
f 3442//3442 3443//3443 3440//3440
f 3443//3443 3323//3323 3319//3319
f 3444//3444 3445//3445 3442//3442
f 3445//3445 3446//3446 3443//3443
f 3446//3446 3327//3327 3323//3323
f 3447//3447 3448//3448 3445//3445
f 3448//3448 3449//3449 3446//3446
f 3449//3449 3331//3331 3327//3327
f 3450//3450 3451//3451 3448//3448
f 3451//3451 3452//3452 3449//3449
f 3452//3452 3335//3335 3331//3331
f 3453//3453 3454//3454 3451//3451
f 3454//3454 3455//3455 3452//3452
f 3455//3455 3339//3339 3335//3335
f 3456//3456 3457//3457 3454//3454
f 3457//3457 3458//3458 3455//3455
f 3458//3458 3343//3343 3339//3339
f 3459//3459 3460//3460 3457//3457
f 3460//3460 3461//3461 3458//3458
f 3461//3461 3347//3347 3343//3343
f 3462//3462 3463//3463 3460//3460
f 3463//3463 3464//3464 3461//3461
f 3464//3464 3351//3351 3347//3347
f 3465//3465 3466//3466 3463//3463
f 3466//3466 3467//3467 3464//3464
f 3467//3467 3355//3355 3351//3351
f 3468//3468 3469//3469 3466//3466
f 3469//3469 3470//3470 3467//3467
f 3470//3470 3359//3359 3355//3355
f 3471//3471 3472//3472 3469//3469
f 3472//3472 3473//3473 3470//3470
f 3473//3473 3363//3363 3359//3359
f 3474//3474 3475//3475 3472//3472
f 3475//3475 3476//3476 3473//3473
f 3476//3476 3367//3367 3363//3363
f 3477//3477 3478//3478 3475//3475
f 3478//3478 3479//3479 3476//3476
f 3479//3479 3371//3371 3367//3367
f 3480//3480 3481//3481 3478//3478
f 3481//3481 3482//3482 3479//3479
f 3482//3482 3375//3375 3371//3371
f 3483//3483 3484//3484 3481//3481
f 3484//3484 3485//3485 3482//3482
f 3485//3485 3379//3379 3375//3375
f 3486//3486 3487//3487 3484//3484
f 3487//3487 3488//3488 3485//3485
f 3488//3488 3383//3383 3379//3379
f 3489//3489 3490//3490 3487//3487
f 3490//3490 3491//3491 3488//3488
f 3491//3491 3387//3387 3383//3383
f 3492//3492 3493//3493 3490//3490
f 3493//3493 3494//3494 3491//3491
f 3494//3494 3391//3391 3387//3387
f 3495//3495 3496//3496 3493//3493
f 3496//3496 3497//3497 3494//3494
f 3497//3497 3395//3395 3391//3391
f 3498//3498 3499//3499 3496//3496
f 3499//3499 3500//3500 3497//3497
f 3500//3500 3399//3399 3395//3395
f 3501//3501 3502//3502 3499//3499
f 3502//3502 3503//3503 3500//3500
f 3503//3503 3403//3403 3399//3399
f 3504//3504 3505//3505 3502//3502
f 3505//3505 3506//3506 3503//3503
f 3506//3506 3407//3407 3403//3403
f 3507//3507 3414//3414 3505//3505
f 3414//3414 3416//3416 3506//3506
f 3416//3416 3411//3411 3407//3407
f 3420//3420 3508//3508 3509//3509
f 3508//3508 2987//2987 2986//2986
f 3417//3417 3510//3510 3508//3508
f 3510//3510 2988//2988 2987//2987
f 3412//3412 3511//3511 3510//3510
f 3511//3511 3512//3512 2988//2988
f 3512//3512 2984//2984 2988//2988
f 3507//3507 3513//3513 3511//3511
f 3513//3513 2989//2989 3512//3512
f 3504//3504 3514//3514 3513//3513
f 3514//3514 2998//2998 3513//3513
f 3501//3501 3515//3515 3514//3514
f 3515//3515 2999//2999 2998//2998
f 3498//3498 3516//3516 3515//3515
f 3516//3516 3000//3000 2999//2999
f 3495//3495 3517//3517 3516//3516
f 3517//3517 3001//3001 3000//3000
f 3492//3492 3518//3518 3517//3517
f 3518//3518 3010//3010 3001//3001
f 3489//3489 3519//3519 3518//3518
f 3519//3519 3011//3011 3010//3010
f 3486//3486 3520//3520 3519//3519
f 3520//3520 3012//3012 3011//3011
f 3483//3483 3521//3521 3520//3520
f 3521//3521 3013//3013 3012//3012
f 3480//3480 3522//3522 3521//3521
f 3522//3522 3523//3523 3013//3013
f 3523//3523 3018//3018 3013//3013
f 3477//3477 3524//3524 3522//3522
f 3524//3524 3022//3022 3523//3523
f 3474//3474 3525//3525 3524//3524
f 3525//3525 3023//3023 3524//3524
f 3471//3471 3526//3526 3525//3525
f 3526//3526 3024//3024 3023//3023
f 3468//3468 3527//3527 3526//3526
f 3527//3527 3033//3033 3024//3024
f 3465//3465 3528//3528 3527//3527
f 3528//3528 3529//3529 3033//3033
f 3529//3529 3030//3030 3033//3033
f 3462//3462 3530//3530 3528//3528
f 3530//3530 3034//3034 3529//3529
f 3459//3459 3531//3531 3530//3530
f 3531//3531 3532//3532 3034//3034
f 3532//3532 3032//3032 3034//3034
f 3456//3456 3533//3533 3531//3531
f 3533//3533 3043//3043 3532//3532
f 3453//3453 3534//3534 3533//3533
f 3534//3534 3535//3535 3043//3043
f 3535//3535 3042//3042 3043//3043
f 3450//3450 3536//3536 3534//3534
f 3536//3536 3537//3537 3535//3535
f 3537//3537 3040//3040 3042//3042
f 3447//3447 3538//3538 3536//3536
f 3538//3538 3539//3539 3537//3537
f 3539//3539 3041//3041 3040//3040
f 3444//3444 3540//3540 3538//3538
f 3540//3540 3541//3541 3539//3539
f 3541//3541 3048//3048 3041//3041
f 3441//3441 3542//3542 3540//3540
f 3542//3542 3543//3543 3541//3541
f 3543//3543 3049//3049 3048//3048
f 3438//3438 3544//3544 3542//3542
f 3544//3544 3545//3545 3543//3543
f 3545//3545 3050//3050 3049//3049
f 3435//3435 3546//3546 3544//3544
f 3546//3546 3547//3547 3545//3545
f 3547//3547 3051//3051 3050//3050
f 3432//3432 3548//3548 3546//3546
f 3548//3548 3549//3549 3547//3547
f 3549//3549 3055//3055 3051//3051
f 3429//3429 3550//3550 3548//3548
f 3550//3550 3058//3058 3549//3549
f 3426//3426 3551//3551 3550//3550
f 3551//3551 3059//3059 3550//3550
f 3423//3423 3509//3509 3551//3551
f 3509//3509 2986//2986 3059//3059
f 3552//3552 3553//3553 3154//3154
f 3553//3553 3554//3554 3150//3150
f 3555//3555 3556//3556 3553//3553
f 3556//3556 3557//3557 3554//3554
f 3558//3558 3559//3559 3555//3555
f 3559//3559 3560//3560 3556//3556
f 3560//3560 3561//3561 3556//3556
f 3561//3561 3562//3562 3557//3557
f 3334//3334 3338//3338 3559//3559
f 3338//3338 3342//3342 3560//3560
f 3342//3342 3346//3346 3561//3561
f 3346//3346 3350//3350 3562//3562
f 3563//3563 3564//3564 3130//3130
f 3564//3564 3552//3552 3126//3126
f 3565//3565 3566//3566 3564//3564
f 3566//3566 3555//3555 3552//3552
f 3567//3567 3568//3568 3565//3565
f 3568//3568 3569//3569 3566//3566
f 3569//3569 3570//3570 3566//3566
f 3570//3570 3558//3558 3555//3555
f 3318//3318 3322//3322 3568//3568
f 3322//3322 3326//3326 3569//3569
f 3326//3326 3330//3330 3570//3570
f 3330//3330 3334//3334 3558//3558
f 3571//3571 3572//3572 3273//3273
f 3572//3572 3563//3563 3269//3269
f 3573//3573 3574//3574 3572//3572
f 3574//3574 3565//3565 3563//3563
f 3575//3575 3576//3576 3573//3573
f 3576//3576 3577//3577 3574//3574
f 3577//3577 3578//3578 3574//3574
f 3578//3578 3567//3567 3565//3565
f 3302//3302 3306//3306 3576//3576
f 3306//3306 3310//3310 3577//3577
f 3310//3310 3314//3314 3578//3578
f 3314//3314 3318//3318 3567//3567
f 3579//3579 3580//3580 3254//3254
f 3580//3580 3571//3571 3250//3250
f 3581//3581 3582//3582 3580//3580
f 3582//3582 3573//3573 3571//3571
f 3583//3583 3584//3584 3581//3581
f 3584//3584 3585//3585 3582//3582
f 3585//3585 3586//3586 3582//3582
f 3586//3586 3575//3575 3573//3573
f 3290//3290 3289//3289 3584//3584
f 3289//3289 3294//3294 3585//3585
f 3294//3294 3298//3298 3586//3586
f 3298//3298 3302//3302 3575//3575
f 3587//3587 3588//3588 3234//3234
f 3588//3588 3579//3579 3230//3230
f 3589//3589 3590//3590 3588//3588
f 3590//3590 3581//3581 3579//3579
f 3591//3591 3592//3592 3589//3589
f 3592//3592 3593//3593 3590//3590
f 3593//3593 3594//3594 3590//3590
f 3594//3594 3583//3583 3581//3581
f 3398//3398 3402//3402 3592//3592
f 3402//3402 3406//3406 3593//3593
f 3406//3406 3410//3410 3594//3594
f 3410//3410 3290//3290 3583//3583
f 3595//3595 3596//3596 3214//3214
f 3596//3596 3587//3587 3210//3210
f 3597//3597 3598//3598 3596//3596
f 3598//3598 3589//3589 3587//3587
f 3599//3599 3600//3600 3597//3597
f 3600//3600 3601//3601 3598//3598
f 3601//3601 3602//3602 3598//3598
f 3602//3602 3591//3591 3589//3589
f 3382//3382 3386//3386 3600//3600
f 3386//3386 3390//3390 3601//3601
f 3390//3390 3394//3394 3602//3602
f 3394//3394 3398//3398 3591//3591
f 3603//3603 3604//3604 3194//3194
f 3604//3604 3595//3595 3190//3190
f 3605//3605 3606//3606 3604//3604
f 3606//3606 3597//3597 3595//3595
f 3607//3607 3608//3608 3605//3605
f 3608//3608 3609//3609 3606//3606
f 3609//3609 3610//3610 3606//3606
f 3610//3610 3599//3599 3597//3597
f 3366//3366 3370//3370 3608//3608
f 3370//3370 3374//3374 3609//3609
f 3374//3374 3378//3378 3610//3610
f 3378//3378 3382//3382 3599//3599
f 3554//3554 3611//3611 3174//3174
f 3611//3611 3603//3603 3170//3170
f 3557//3557 3612//3612 3611//3611
f 3612//3612 3605//3605 3603//3603
f 3562//3562 3613//3613 3557//3557
f 3613//3613 3614//3614 3612//3612
f 3614//3614 3615//3615 3612//3612
f 3615//3615 3607//3607 3605//3605
f 3350//3350 3354//3354 3613//3613
f 3354//3354 3358//3358 3614//3614
f 3358//3358 3362//3362 3615//3615
f 3362//3362 3366//3366 3607//3607
f 3616//3616 3617//3617 3618//3618
f 3619//3619 3616//3616 3618//3618
f 3620//3620 3621//3621 3617//3617
f 3616//3616 3620//3620 3617//3617
f 3622//3622 3623//3623 3621//3621
f 3620//3620 3622//3622 3621//3621
f 3624//3624 3625//3625 3626//3626
f 3627//3627 3624//3624 3626//3626
f 3628//3628 3629//3629 3625//3625
f 3624//3624 3628//3628 3625//3625
f 3619//3619 3618//3618 3629//3629
f 3628//3628 3619//3619 3629//3629
f 3630//3630 3616//3616 3619//3619
f 3631//3631 3630//3630 3619//3619
f 3632//3632 3620//3620 3616//3616
f 3630//3630 3632//3632 3616//3616
f 3633//3633 3622//3622 3620//3620
f 3632//3632 3633//3633 3620//3620
f 3634//3634 3624//3624 3627//3627
f 3635//3635 3634//3634 3627//3627
f 3636//3636 3628//3628 3624//3624
f 3634//3634 3636//3636 3624//3624
f 3631//3631 3619//3619 3628//3628
f 3636//3636 3631//3631 3628//3628
f 3637//3637 3630//3630 3631//3631
f 3638//3638 3637//3637 3631//3631
f 3639//3639 3632//3632 3630//3630
f 3637//3637 3639//3639 3630//3630
f 3640//3640 3633//3633 3632//3632
f 3639//3639 3640//3640 3632//3632
f 3641//3641 3634//3634 3635//3635
f 3642//3642 3641//3641 3635//3635
f 3643//3643 3636//3636 3634//3634
f 3641//3641 3643//3643 3634//3634
f 3638//3638 3631//3631 3636//3636
f 3643//3643 3638//3638 3636//3636
f 3644//3644 3637//3637 3638//3638
f 3645//3645 3644//3644 3638//3638
f 3646//3646 3639//3639 3637//3637
f 3644//3644 3646//3646 3637//3637
f 3647//3647 3640//3640 3639//3639
f 3646//3646 3647//3647 3639//3639
f 3648//3648 3641//3641 3642//3642
f 3649//3649 3648//3648 3642//3642
f 3650//3650 3643//3643 3641//3641
f 3648//3648 3650//3650 3641//3641
f 3645//3645 3638//3638 3643//3643
f 3650//3650 3645//3645 3643//3643
f 3651//3651 3644//3644 3645//3645
f 3652//3652 3651//3651 3645//3645
f 3653//3653 3646//3646 3644//3644
f 3651//3651 3653//3653 3644//3644
f 3654//3654 3647//3647 3646//3646
f 3653//3653 3654//3654 3646//3646
f 3655//3655 3648//3648 3649//3649
f 3656//3656 3655//3655 3649//3649
f 3657//3657 3650//3650 3648//3648
f 3655//3655 3657//3657 3648//3648
f 3652//3652 3645//3645 3650//3650
f 3657//3657 3652//3652 3650//3650
f 3658//3658 3651//3651 3652//3652
f 3659//3659 3658//3658 3652//3652
f 3660//3660 3653//3653 3651//3651
f 3658//3658 3660//3660 3651//3651
f 3661//3661 3654//3654 3653//3653
f 3660//3660 3661//3661 3653//3653
f 3662//3662 3655//3655 3656//3656
f 3663//3663 3662//3662 3656//3656
f 3664//3664 3657//3657 3655//3655
f 3662//3662 3664//3664 3655//3655
f 3659//3659 3652//3652 3657//3657
f 3664//3664 3659//3659 3657//3657
f 3665//3665 3658//3658 3659//3659
f 3666//3666 3665//3665 3659//3659
f 3667//3667 3660//3660 3658//3658
f 3665//3665 3667//3667 3658//3658
f 3668//3668 3661//3661 3660//3660
f 3667//3667 3668//3668 3660//3660
f 3669//3669 3662//3662 3663//3663
f 3670//3670 3669//3669 3663//3663
f 3671//3671 3664//3664 3662//3662
f 3669//3669 3671//3671 3662//3662
f 3666//3666 3659//3659 3664//3664
f 3671//3671 3666//3666 3664//3664
f 3672//3672 3665//3665 3666//3666
f 3673//3673 3672//3672 3666//3666
f 3674//3674 3667//3667 3665//3665
f 3672//3672 3674//3674 3665//3665
f 3675//3675 3668//3668 3667//3667
f 3674//3674 3675//3675 3667//3667
f 3676//3676 3669//3669 3670//3670
f 3677//3677 3676//3676 3670//3670
f 3678//3678 3671//3671 3669//3669
f 3676//3676 3678//3678 3669//3669
f 3673//3673 3666//3666 3671//3671
f 3678//3678 3673//3673 3671//3671
f 3679//3679 3672//3672 3673//3673
f 3680//3680 3679//3679 3673//3673
f 3681//3681 3674//3674 3672//3672
f 3679//3679 3681//3681 3672//3672
f 3682//3682 3675//3675 3674//3674
f 3681//3681 3682//3682 3674//3674
f 3683//3683 3676//3676 3677//3677
f 3684//3684 3683//3683 3677//3677
f 3685//3685 3678//3678 3676//3676
f 3683//3683 3685//3685 3676//3676
f 3680//3680 3673//3673 3678//3678
f 3685//3685 3680//3680 3678//3678
f 3686//3686 3679//3679 3680//3680
f 3687//3687 3686//3686 3680//3680
f 3688//3688 3681//3681 3679//3679
f 3686//3686 3688//3688 3679//3679
f 3689//3689 3682//3682 3681//3681
f 3688//3688 3689//3689 3681//3681
f 3690//3690 3683//3683 3684//3684
f 3691//3691 3690//3690 3684//3684
f 3692//3692 3685//3685 3683//3683
f 3690//3690 3692//3692 3683//3683
f 3687//3687 3680//3680 3685//3685
f 3692//3692 3687//3687 3685//3685
f 3693//3693 3686//3686 3687//3687
f 3694//3694 3693//3693 3687//3687
f 3695//3695 3688//3688 3686//3686
f 3693//3693 3695//3695 3686//3686
f 3696//3696 3689//3689 3688//3688
f 3695//3695 3696//3696 3688//3688
f 3697//3697 3690//3690 3691//3691
f 3698//3698 3697//3697 3691//3691
f 3699//3699 3692//3692 3690//3690
f 3697//3697 3699//3699 3690//3690
f 3694//3694 3687//3687 3692//3692
f 3699//3699 3694//3694 3692//3692
f 3700//3700 3693//3693 3694//3694
f 3701//3701 3700//3700 3694//3694
f 3702//3702 3695//3695 3693//3693
f 3700//3700 3702//3702 3693//3693
f 3703//3703 3696//3696 3695//3695
f 3702//3702 3703//3703 3695//3695
f 3704//3704 3697//3697 3698//3698
f 3705//3705 3704//3704 3698//3698
f 3706//3706 3699//3699 3697//3697
f 3704//3704 3706//3706 3697//3697
f 3701//3701 3694//3694 3699//3699
f 3706//3706 3701//3701 3699//3699
f 3707//3707 3700//3700 3701//3701
f 3708//3708 3707//3707 3701//3701
f 3709//3709 3702//3702 3700//3700
f 3707//3707 3709//3709 3700//3700
f 3710//3710 3703//3703 3702//3702
f 3709//3709 3710//3710 3702//3702
f 3711//3711 3704//3704 3705//3705
f 3712//3712 3711//3711 3705//3705
f 3713//3713 3706//3706 3704//3704
f 3711//3711 3713//3713 3704//3704
f 3708//3708 3701//3701 3706//3706
f 3713//3713 3708//3708 3706//3706
f 3714//3714 3707//3707 3708//3708
f 3715//3715 3714//3714 3708//3708
f 3716//3716 3709//3709 3707//3707
f 3714//3714 3716//3716 3707//3707
f 3717//3717 3710//3710 3709//3709
f 3716//3716 3717//3717 3709//3709
f 3718//3718 3711//3711 3712//3712
f 3719//3719 3718//3718 3712//3712
f 3720//3720 3713//3713 3711//3711
f 3718//3718 3720//3720 3711//3711
f 3715//3715 3708//3708 3713//3713
f 3720//3720 3715//3715 3713//3713
f 3721//3721 3714//3714 3715//3715
f 3722//3722 3721//3721 3715//3715
f 3723//3723 3716//3716 3714//3714
f 3721//3721 3723//3723 3714//3714
f 3724//3724 3717//3717 3716//3716
f 3723//3723 3724//3724 3716//3716
f 3725//3725 3718//3718 3719//3719
f 3726//3726 3725//3725 3719//3719
f 3727//3727 3720//3720 3718//3718
f 3725//3725 3727//3727 3718//3718
f 3722//3722 3715//3715 3720//3720
f 3727//3727 3722//3722 3720//3720
f 3728//3728 3721//3721 3722//3722
f 3729//3729 3728//3728 3722//3722
f 3730//3730 3723//3723 3721//3721
f 3728//3728 3730//3730 3721//3721
f 3731//3731 3724//3724 3723//3723
f 3730//3730 3731//3731 3723//3723
f 3732//3732 3725//3725 3726//3726
f 3733//3733 3732//3732 3726//3726
f 3734//3734 3727//3727 3725//3725
f 3732//3732 3734//3734 3725//3725
f 3729//3729 3722//3722 3727//3727
f 3734//3734 3729//3729 3727//3727
f 3735//3735 3728//3728 3729//3729
f 3736//3736 3735//3735 3729//3729
f 3737//3737 3730//3730 3728//3728
f 3735//3735 3737//3737 3728//3728
f 3738//3738 3731//3731 3730//3730
f 3737//3737 3738//3738 3730//3730
f 3739//3739 3732//3732 3733//3733
f 3740//3740 3739//3739 3733//3733
f 3741//3741 3734//3734 3732//3732
f 3739//3739 3741//3741 3732//3732
f 3736//3736 3729//3729 3734//3734
f 3741//3741 3736//3736 3734//3734
f 3742//3742 3735//3735 3736//3736
f 3743//3743 3742//3742 3736//3736
f 3744//3744 3737//3737 3735//3735
f 3742//3742 3744//3744 3735//3735
f 3745//3745 3738//3738 3737//3737
f 3744//3744 3745//3745 3737//3737
f 3746//3746 3739//3739 3740//3740
f 3747//3747 3746//3746 3740//3740
f 3748//3748 3741//3741 3739//3739
f 3746//3746 3748//3748 3739//3739
f 3743//3743 3736//3736 3741//3741
f 3748//3748 3743//3743 3741//3741
f 3749//3749 3742//3742 3743//3743
f 3750//3750 3749//3749 3743//3743
f 3751//3751 3744//3744 3742//3742
f 3749//3749 3751//3751 3742//3742
f 3752//3752 3745//3745 3744//3744
f 3751//3751 3752//3752 3744//3744
f 3753//3753 3746//3746 3747//3747
f 3754//3754 3753//3753 3747//3747
f 3755//3755 3748//3748 3746//3746
f 3753//3753 3755//3755 3746//3746
f 3750//3750 3743//3743 3748//3748
f 3755//3755 3750//3750 3748//3748
f 3756//3756 3749//3749 3750//3750
f 3757//3757 3756//3756 3750//3750
f 3758//3758 3751//3751 3749//3749
f 3756//3756 3758//3758 3749//3749
f 3759//3759 3752//3752 3751//3751
f 3758//3758 3759//3759 3751//3751
f 3760//3760 3753//3753 3754//3754
f 3761//3761 3760//3760 3754//3754
f 3762//3762 3755//3755 3753//3753
f 3760//3760 3762//3762 3753//3753
f 3757//3757 3750//3750 3755//3755
f 3762//3762 3757//3757 3755//3755
f 3763//3763 3756//3756 3757//3757
f 3764//3764 3763//3763 3757//3757
f 3765//3765 3758//3758 3756//3756
f 3763//3763 3765//3765 3756//3756
f 3766//3766 3759//3759 3758//3758
f 3765//3765 3766//3766 3758//3758
f 3767//3767 3760//3760 3761//3761
f 3768//3768 3767//3767 3761//3761
f 3769//3769 3762//3762 3760//3760
f 3767//3767 3769//3769 3760//3760
f 3764//3764 3757//3757 3762//3762
f 3769//3769 3764//3764 3762//3762
f 3770//3770 3763//3763 3764//3764
f 3771//3771 3770//3770 3764//3764
f 3772//3772 3765//3765 3763//3763
f 3770//3770 3772//3772 3763//3763
f 3773//3773 3766//3766 3765//3765
f 3772//3772 3773//3773 3765//3765
f 3774//3774 3767//3767 3768//3768
f 3775//3775 3774//3774 3768//3768
f 3776//3776 3769//3769 3767//3767
f 3774//3774 3776//3776 3767//3767
f 3771//3771 3764//3764 3769//3769
f 3776//3776 3771//3771 3769//3769
f 3777//3777 3770//3770 3771//3771
f 3778//3778 3777//3777 3771//3771
f 3779//3779 3772//3772 3770//3770
f 3777//3777 3779//3779 3770//3770
f 3780//3780 3773//3773 3772//3772
f 3779//3779 3780//3780 3772//3772
f 3781//3781 3774//3774 3775//3775
f 3782//3782 3781//3781 3775//3775
f 3783//3783 3776//3776 3774//3774
f 3781//3781 3783//3783 3774//3774
f 3778//3778 3771//3771 3776//3776
f 3783//3783 3778//3778 3776//3776
f 3784//3784 3777//3777 3778//3778
f 3785//3785 3784//3784 3778//3778
f 3786//3786 3779//3779 3777//3777
f 3784//3784 3786//3786 3777//3777
f 3787//3787 3780//3780 3779//3779
f 3786//3786 3787//3787 3779//3779
f 3788//3788 3781//3781 3782//3782
f 3789//3789 3788//3788 3782//3782
f 3790//3790 3783//3783 3781//3781
f 3788//3788 3790//3790 3781//3781
f 3785//3785 3778//3778 3783//3783
f 3790//3790 3785//3785 3783//3783
f 3791//3791 3784//3784 3785//3785
f 3792//3792 3791//3791 3785//3785
f 3793//3793 3786//3786 3784//3784
f 3791//3791 3793//3793 3784//3784
f 3794//3794 3787//3787 3786//3786
f 3793//3793 3794//3794 3786//3786
f 3795//3795 3788//3788 3789//3789
f 3796//3796 3795//3795 3789//3789
f 3797//3797 3790//3790 3788//3788
f 3795//3795 3797//3797 3788//3788
f 3792//3792 3785//3785 3790//3790
f 3797//3797 3792//3792 3790//3790
f 3798//3798 3791//3791 3792//3792
f 3799//3799 3798//3798 3792//3792
f 3800//3800 3793//3793 3791//3791
f 3798//3798 3800//3800 3791//3791
f 3801//3801 3794//3794 3793//3793
f 3800//3800 3801//3801 3793//3793
f 3802//3802 3795//3795 3796//3796
f 3803//3803 3802//3802 3796//3796
f 3804//3804 3797//3797 3795//3795
f 3802//3802 3804//3804 3795//3795
f 3799//3799 3792//3792 3797//3797
f 3804//3804 3799//3799 3797//3797
f 3805//3805 3798//3798 3799//3799
f 3806//3806 3805//3805 3799//3799
f 3807//3807 3800//3800 3798//3798
f 3805//3805 3807//3807 3798//3798
f 3808//3808 3801//3801 3800//3800
f 3807//3807 3808//3808 3800//3800
f 3809//3809 3802//3802 3803//3803
f 3810//3810 3809//3809 3803//3803
f 3811//3811 3804//3804 3802//3802
f 3809//3809 3811//3811 3802//3802
f 3806//3806 3799//3799 3804//3804
f 3811//3811 3806//3806 3804//3804
f 3812//3812 3805//3805 3806//3806
f 3813//3813 3812//3812 3806//3806
f 3814//3814 3807//3807 3805//3805
f 3812//3812 3814//3814 3805//3805
f 3815//3815 3808//3808 3807//3807
f 3814//3814 3815//3815 3807//3807
f 3816//3816 3809//3809 3810//3810
f 3817//3817 3816//3816 3810//3810
f 3818//3818 3811//3811 3809//3809
f 3816//3816 3818//3818 3809//3809
f 3813//3813 3806//3806 3811//3811
f 3818//3818 3813//3813 3811//3811
f 3819//3819 3812//3812 3813//3813
f 3820//3820 3819//3819 3813//3813
f 3821//3821 3814//3814 3812//3812
f 3819//3819 3821//3821 3812//3812
f 3822//3822 3815//3815 3814//3814
f 3821//3821 3822//3822 3814//3814
f 3823//3823 3816//3816 3817//3817
f 3824//3824 3823//3823 3817//3817
f 3825//3825 3818//3818 3816//3816
f 3823//3823 3825//3825 3816//3816
f 3820//3820 3813//3813 3818//3818
f 3825//3825 3820//3820 3818//3818
f 3826//3826 3819//3819 3820//3820
f 3827//3827 3826//3826 3820//3820
f 3828//3828 3821//3821 3819//3819
f 3826//3826 3828//3828 3819//3819
f 3829//3829 3822//3822 3821//3821
f 3828//3828 3829//3829 3821//3821
f 3830//3830 3823//3823 3824//3824
f 3831//3831 3830//3830 3824//3824
f 3832//3832 3825//3825 3823//3823
f 3830//3830 3832//3832 3823//3823
f 3827//3827 3820//3820 3825//3825
f 3832//3832 3827//3827 3825//3825
f 3833//3833 3826//3826 3827//3827
f 3834//3834 3833//3833 3827//3827
f 3835//3835 3828//3828 3826//3826
f 3833//3833 3835//3835 3826//3826
f 3836//3836 3829//3829 3828//3828
f 3835//3835 3836//3836 3828//3828
f 3837//3837 3830//3830 3831//3831
f 3838//3838 3837//3837 3831//3831
f 3839//3839 3832//3832 3830//3830
f 3837//3837 3839//3839 3830//3830
f 3834//3834 3827//3827 3832//3832
f 3839//3839 3834//3834 3832//3832
f 3840//3840 3833//3833 3834//3834
f 3841//3841 3840//3840 3834//3834
f 3842//3842 3835//3835 3833//3833
f 3840//3840 3842//3842 3833//3833
f 3843//3843 3836//3836 3835//3835
f 3842//3842 3843//3843 3835//3835
f 3844//3844 3837//3837 3838//3838
f 3845//3845 3844//3844 3838//3838
f 3846//3846 3839//3839 3837//3837
f 3844//3844 3846//3846 3837//3837
f 3841//3841 3834//3834 3839//3839
f 3846//3846 3841//3841 3839//3839
f 3847//3847 3840//3840 3841//3841
f 3848//3848 3847//3847 3841//3841
f 3849//3849 3842//3842 3840//3840
f 3847//3847 3849//3849 3840//3840
f 3850//3850 3843//3843 3842//3842
f 3849//3849 3850//3850 3842//3842
f 3851//3851 3844//3844 3845//3845
f 3852//3852 3851//3851 3845//3845
f 3853//3853 3846//3846 3844//3844
f 3851//3851 3853//3853 3844//3844
f 3848//3848 3841//3841 3846//3846
f 3853//3853 3848//3848 3846//3846
f 3854//3854 3847//3847 3848//3848
f 3855//3855 3854//3854 3848//3848
f 3856//3856 3849//3849 3847//3847
f 3854//3854 3856//3856 3847//3847
f 3857//3857 3850//3850 3849//3849
f 3856//3856 3857//3857 3849//3849
f 3858//3858 3851//3851 3852//3852
f 3859//3859 3858//3858 3852//3852
f 3860//3860 3853//3853 3851//3851
f 3858//3858 3860//3860 3851//3851
f 3855//3855 3848//3848 3853//3853
f 3860//3860 3855//3855 3853//3853
f 3861//3861 3854//3854 3855//3855
f 3862//3862 3861//3861 3855//3855
f 3863//3863 3856//3856 3854//3854
f 3861//3861 3863//3863 3854//3854
f 3864//3864 3857//3857 3856//3856
f 3863//3863 3864//3864 3856//3856
f 3865//3865 3858//3858 3859//3859
f 3866//3866 3865//3865 3859//3859
f 3867//3867 3860//3860 3858//3858
f 3865//3865 3867//3867 3858//3858
f 3862//3862 3855//3855 3860//3860
f 3867//3867 3862//3862 3860//3860
f 3617//3617 3861//3861 3862//3862
f 3618//3618 3617//3617 3862//3862
f 3621//3621 3863//3863 3861//3861
f 3617//3617 3621//3621 3861//3861
f 3623//3623 3864//3864 3863//3863
f 3621//3621 3623//3623 3863//3863
f 3625//3625 3865//3865 3866//3866
f 3626//3626 3625//3625 3866//3866
f 3629//3629 3867//3867 3865//3865
f 3625//3625 3629//3629 3865//3865
f 3618//3618 3862//3862 3867//3867
f 3629//3629 3618//3618 3867//3867
f 3868//3868 3869//3869 3870//3870
f 3869//3869 3871//3871 3872//3872
f 3871//3871 3873//3873 3874//3874
f 3873//3873 3875//3875 3876//3876
f 3875//3875 3877//3877 3878//3878
f 3877//3877 3879//3879 3880//3880
f 3879//3879 3881//3881 3882//3882
f 3881//3881 3883//3883 3884//3884
f 3883//3883 3885//3885 3886//3886
f 3885//3885 3887//3887 3888//3888
f 3887//3887 3889//3889 3890//3890
f 3889//3889 3868//3868 3891//3891
f 3892//3892 3893//3893 3894//3894
f 3895//3895 3896//3896 3897//3897
f 3896//3896 3898//3898 3899//3899
f 3898//3898 3894//3894 3900//3900
f 3894//3894 3893//3893 3901//3901
f 3893//3893 3892//3892 3902//3902
f 3892//3892 3895//3895 3903//3903
f 3897//3897 3899//3899 3900//3900
f 3904//3904 3905//3905 3906//3906
f 3907//3907 3908//3908 3909//3909
f 3910//3910 3906//3906 3911//3911
f 3912//3912 3913//3913 3914//3914
f 3915//3915 3916//3916 3917//3917
f 3918//3918 3912//3912 3914//3914
f 3870//3870 3872//3872 3919//3919
f 3872//3872 3874//3874 3920//3920
f 3874//3874 3876//3876 3921//3921
f 3876//3876 3878//3878 3922//3922
f 3878//3878 3880//3880 3923//3923
f 3880//3880 3882//3882 3924//3924
f 3882//3882 3884//3884 3925//3925
f 3884//3884 3886//3886 3926//3926
f 3886//3886 3888//3888 3927//3927
f 3888//3888 3890//3890 3928//3928
f 3890//3890 3891//3891 3929//3929
f 3891//3891 3870//3870 3930//3930
f 3931//3931 3932//3932 3933//3933
f 3934//3934 3935//3935 3930//3930
f 3935//3935 3936//3936 3937//3937
f 3936//3936 3938//3938 3929//3929
f 3938//3938 3939//3939 3940//3940
f 3939//3939 3941//3941 3928//3928
f 3941//3941 3942//3942 3943//3943
f 3942//3942 3944//3944 3927//3927
f 3944//3944 3945//3945 3946//3946
f 3945//3945 3947//3947 3926//3926
f 3947//3947 3948//3948 3949//3949
f 3948//3948 3950//3950 3925//3925
f 3950//3950 3951//3951 3952//3952
f 3951//3951 3953//3953 3924//3924
f 3953//3953 3954//3954 3955//3955
f 3954//3954 3956//3956 3923//3923
f 3956//3956 3957//3957 3958//3958
f 3957//3957 3959//3959 3922//3922
f 3959//3959 3960//3960 3961//3961
f 3960//3960 3962//3962 3921//3921
f 3962//3962 3963//3963 3964//3964
f 3963//3963 3933//3933 3920//3920
f 3933//3933 3932//3932 3965//3965
f 3932//3932 3931//3931 3919//3919
f 3931//3931 3934//3934 3966//3966
f 3967//3967 3968//3968 3905//3905
f 3969//3969 3970//3970 3909//3909
f 3971//3971 3907//3907 3909//3909
f 3972//3972 3911//3911 3908//3908
f 3910//3910 3973//3973 3974//3974
f 3911//3911 3975//3975 3973//3973
f 3972//3972 3976//3976 3975//3975
f 3977//3977 3978//3978 3976//3976
f 3907//3907 3979//3979 3978//3978
f 3971//3971 3980//3980 3979//3979
f 3970//3970 3981//3981 3980//3980
f 3969//3969 3982//3982 3981//3981
f 3968//3968 3983//3983 3982//3982
f 3967//3967 3984//3984 3983//3983
f 3905//3905 3985//3985 3984//3984
f 3904//3904 3974//3974 3985//3985
f 3913//3913 3986//3986 3987//3987
f 3986//3986 3915//3915 3988//3988
f 3915//3915 3989//3989 3990//3990
f 3915//3915 3917//3917 3991//3991
f 3918//3918 3914//3914 3992//3992
f 3993//3993 3994//3994 3914//3914
f 3994//3994 3995//3995 3992//3992
f 3995//3995 3996//3996 3918//3918
f 3996//3996 3997//3997 3998//3998
f 3997//3997 3999//3999 3917//3917
f 3999//3999 4000//4000 3991//3991
f 4000//4000 4001//4001 3989//3989
f 4001//4001 4002//4002 3990//3990
f 4002//4002 4003//4003 3988//3988
f 4003//4003 4004//4004 4005//4005
f 4004//4004 4006//4006 3987//3987
f 4006//4006 3993//3993 3913//3913
f 4007//4007 4008//4008 4009//4009
f 4008//4008 4010//4010 4011//4011
f 4008//4008 4012//4012 4010//4010
f 4010//4010 4013//4013 4014//4014
f 4012//4012 4015//4015 4016//4016
f 4016//4016 4015//4015 4017//4017
f 4015//4015 4018//4018 4019//4019
f 4019//4019 4018//4018 4020//4020
f 4015//4015 4021//4021 4018//4018
f 4018//4018 4021//4021 4022//4022
f 4023//4023 4007//4007 4024//4024
f 4021//4021 4025//4025 4007//4007
f 4026//4026 4027//4027 4028//4028
f 4026//4026 4029//4029 4027//4027
f 4027//4027 4029//4029 4030//4030
f 4030//4030 4031//4031 4032//4032
f 4029//4029 4023//4023 4031//4031
f 4029//4029 4033//4033 4023//4023
f 4023//4023 4033//4033 4034//4034
f 4034//4034 4033//4033 4022//4022
f 4033//4033 4035//4035 4022//4022
f 4033//4033 4036//4036 4035//4035
f 4035//4035 4036//4036 4037//4037
f 4036//4036 4038//4038 4039//4039
f 4038//4038 4026//4026 4040//4040
f 4026//4026 4028//4028 4041//4041
f 4042//4042 4043//4043 4044//4044
f 4045//4045 4040//4040 4043//4043
f 4043//4043 4040//4040 4041//4041
f 4039//4039 4046//4046 4047//4047
f 4039//4039 4048//4048 4046//4046
f 4046//4046 4048//4048 4049//4049
f 4050//4050 4048//4048 4051//4051
f 4051//4051 4048//4048 4052//4052
f 4048//4048 4042//4042 4052//4052
f 4048//4048 4045//4045 4042//4042
f 4053//4053 4054//4054 4055//4055
f 4053//4053 4056//4056 4054//4054
f 4057//4057 4056//4056 4052//4052
f 4056//4056 4050//4050 4051//4051
f 4050//4050 4058//4058 4059//4059
f 4058//4058 4060//4060 4061//4061
f 4061//4061 4060//4060 4062//4062
f 4060//4060 4053//4053 4063//4063
f 4064//4064 4065//4065 4066//4066
f 4063//4063 4067//4067 4068//4068
f 4068//4068 4067//4067 4062//4062
f 4067//4067 4069//4069 4062//4062
f 4067//4067 4070//4070 4069//4069
f 4069//4069 4070//4070 4071//4071
f 4070//4070 4064//4064 4072//4072
f 4072//4072 4064//4064 4073//4073
f 4074//4074 4075//4075 4076//4076
f 4075//4075 4077//4077 4078//4078
f 4077//4077 4079//4079 4072//4072
f 4079//4079 4080//4080 4081//4081
f 4081//4081 4080//4080 4071//4071
f 4080//4080 4082//4082 4071//4071
f 4080//4080 4017//4017 4082//4082
f 4082//4082 4017//4017 4083//4083
f 4016//4016 4074//4074 4084//4084
f 4085//4085 4086//4086 4087//4087
f 4088//4088 4086//4086 4089//4089
f 4086//4086 4090//4090 4091//4091
f 4092//4092 4093//4093 4094//4094
f 4090//4090 4095//4095 4093//4093
f 4096//4096 4093//4093 4097//4097
f 4098//4098 4099//4099 4100//4100
f 4098//4098 4085//4085 4099//4099
f 4100//4100 4099//4099 4101//4101
f 4099//4099 4085//4085 4102//4102
f 4103//4103 4104//4104 4098//4098
f 4103//4103 4105//4105 4104//4104
f 4104//4104 4105//4105 4097//4097
f 4097//4097 4106//4106 4096//4096
f 4105//4105 4107//4107 4108//4108
f 4108//4108 4107//4107 4109//4109
f 4107//4107 4110//4110 4111//4111
f 4107//4107 4112//4112 4110//4110
f 4110//4110 4112//4112 4113//4113
f 4112//4112 4114//4114 4115//4115
f 4115//4115 4114//4114 4116//4116
f 4114//4114 4117//4117 4118//4118
f 4114//4114 4103//4103 4117//4117
f 4117//4117 4119//4119 4100//4100
f 4115//4115 4120//4120 4113//4113
f 4113//4113 4120//4120 4121//4121
f 4121//4121 4122//4122 4123//4123
f 4120//4120 4124//4124 4122//4122
f 4125//4125 4126//4126 4127//4127
f 4126//4126 4128//4128 4129//4129
f 4128//4128 4130//4130 4131//4131
f 4131//4131 4130//4130 4116//4116
f 4125//4125 4132//4132 4133//4133
f 4133//4133 4132//4132 4134//4134
f 4132//4132 4135//4135 4136//4136
f 4136//4136 4135//4135 4137//4137
f 4135//4135 4138//4138 4139//4139
f 4139//4139 4138//4138 4140//4140
f 4140//4140 4138//4138 4141//4141
f 4138//4138 4125//4125 4142//4142
f 4142//4142 4125//4125 4127//4127
f 4140//4140 4143//4143 4137//4137
f 4137//4137 4144//4144 4145//4145
f 4143//4143 4146//4146 4144//4144
f 4144//4144 4146//4146 4147//4147
f 4148//4148 4149//4149 4150//4150
f 4149//4149 4151//4151 4152//4152
f 4152//4152 4151//4151 4141//4141
f 4148//4148 4153//4153 4154//4154
f 4153//4153 4155//4155 4154//4154
f 4155//4155 4156//4156 4157//4157
f 4155//4155 4158//4158 4156//4156
f 4159//4159 4160//4160 4089//4089
f 4089//4089 4160//4160 4088//4088
f 4085//4085 4161//4161 4102//4102
f 4161//4161 4153//4153 4162//4162
f 4162//4162 4153//4153 4150//4150
f 4026//4026 4038//4038 4029//4029
f 4029//4029 4036//4036 4033//4033
f 4040//4040 4045//4045 4163//4163
f 4053//4053 4060//4060 4056//4056
f 4056//4056 4058//4058 4050//4050
f 4065//4065 4064//4064 4067//4067
f 4064//4064 4070//4070 4067//4067
f 4075//4075 4074//4074 4079//4079
f 4074//4074 4080//4080 4079//4079
f 4074//4074 4164//4164 4080//4080
f 4085//4085 4098//4098 4095//4095
f 4105//4105 4112//4112 4107//4107
f 4105//4105 4103//4103 4112//4112
f 4128//4128 4126//4126 4124//4124
f 4125//4125 4165//4165 4132//4132
f 4132//4132 4165//4165 4135//4135
f 4125//4125 4138//4138 4165//4165
f 4151//4151 4149//4149 4143//4143
f 4155//4155 4153//4153 4158//4158
f 4153//4153 4161//4161 4158//4158
f 4166//4166 4167//4167 4168//4168
f 4169//4169 4170//4170 4167//4167
f 4167//4167 4170//4170 4168//4168
f 4171//4171 4172//4172 4170//4170
f 4173//4173 4174//4174 4175//4175
f 4175//4175 4176//4176 4172//4172
f 4177//4177 4178//4178 4174//4174
f 4179//4179 4168//4168 4178//4178
f 4180//4180 4181//4181 4166//4166
f 4181//4181 4169//4169 4166//4166
f 4182//4182 4175//4175 4183//4183
f 4184//4184 4185//4185 4186//4186
f 4187//4187 4188//4188 4185//4185
f 4185//4185 4166//4166 4179//4179
f 4188//4188 4180//4180 4166//4166
f 4189//4189 4190//4190 4188//4188
f 4191//4191 4192//4192 4190//4190
f 4190//4190 4193//4193 4180//4180
f 4192//4192 4194//4194 4193//4193
f 4195//4195 4196//4196 4192//4192
f 4197//4197 4198//4198 4196//4196
f 4196//4196 4182//4182 4194//4194
f 4198//4198 4173//4173 4182//4182
f 4199//4199 4200//4200 4198//4198
f 4201//4201 4186//4186 4200//4200
f 4200//4200 4177//4177 4173//4173
f 4186//4186 4179//4179 4177//4177
f 4202//4202 4203//4203 4204//4204
f 4205//4205 4206//4206 4203//4203
f 4207//4207 4208//4208 4206//4206
f 4187//4187 4184//4184 4208//4208
f 4208//4208 4209//4209 4206//4206
f 4184//4184 4201//4201 4209//4209
f 4172//4172 4176//4176 4170//4170
f 4170//4170 4176//4176 4168//4168
f 4210//4210 4211//4211 4195//4195
f 4212//4212 4213//4213 4211//4211
f 4211//4211 4214//4214 4197//4197
f 4215//4215 4216//4216 4217//4217
f 4217//4217 4218//4218 4213//4213
f 4219//4219 4220//4220 4216//4216
f 4221//4221 4204//4204 4220//4220
f 4222//4222 4223//4223 4224//4224
f 4222//4222 4225//4225 4223//4223
f 4223//4223 4225//4225 4226//4226
f 4225//4225 4227//4227 4228//4228
f 4227//4227 4229//4229 4230//4230
f 4230//4230 4231//4231 4232//4232
f 4231//4231 4233//4233 4234//4234
f 4233//4233 4222//4222 4235//4235
f 4224//4224 4236//4236 4237//4237
f 4224//4224 4226//4226 4236//4236
f 4238//4238 4230//4230 4239//4239
f 4240//4240 4241//4241 4242//4242
f 4235//4235 4224//4224 4241//4241
f 4241//4241 4243//4243 4244//4244
f 4224//4224 4237//4237 4243//4243
f 4243//4243 4245//4245 4246//4246
f 4237//4237 4247//4247 4245//4245
f 4245//4245 4248//4248 4249//4249
f 4247//4247 4250//4250 4248//4248
f 4248//4248 4251//4251 4252//4252
f 4250//4250 4239//4239 4251//4251
f 4251//4251 4253//4253 4254//4254
f 4239//4239 4232//4232 4253//4253
f 4253//4253 4255//4255 4256//4256
f 4232//4232 4234//4234 4255//4255
f 4255//4255 4240//4240 4257//4257
f 4234//4234 4235//4235 4240//4240
f 4258//4258 4259//4259 4260//4260
f 4259//4259 4261//4261 4262//4262
f 4261//4261 4263//4263 4264//4264
f 4261//4261 4265//4265 4263//4263
f 4263//4263 4242//4242 4244//4244
f 4265//4265 4257//4257 4242//4242
f 4222//4222 4229//4229 4225//4225
f 4225//4225 4229//4229 4227//4227
f 4252//4252 4266//4266 4267//4267
f 4254//4254 4268//4268 4266//4266
f 4266//4266 4269//4269 4270//4270
f 4269//4269 4271//4271 4272//4272
f 4272//4272 4273//4273 4274//4274
f 4273//4273 4275//4275 4276//4276
f 4275//4275 4258//4258 4277//4277
f 4278//4278 4279//4279 4280//4280
f 4281//4281 4282//4282 4283//4283
f 4284//4284 4285//4285 4286//4286
f 4287//4287 4288//4288 4289//4289
f 4290//4290 4291//4291 4292//4292
f 4293//4293 4294//4294 4291//4291
f 4291//4291 4295//4295 4296//4296
f 4294//4294 4297//4297 4295//4295
f 4298//4298 4299//4299 4300//4300
f 4296//4296 4292//4292 4299//4299
f 4299//4299 4301//4301 4302//4302
f 4292//4292 4303//4303 4301//4301
f 4304//4304 4305//4305 4300//4300
f 4306//4306 4307//4307 4305//4305
f 4305//4305 4308//4308 4302//4302
f 4307//4307 4309//4309 4308//4308
f 4310//4310 4311//4311 4312//4312
f 4306//4306 4307//4307 4311//4311
f 4311//4311 4313//4313 4314//4314
f 4307//4307 4309//4309 4313//4313
f 4315//4315 4316//4316 4317//4317
f 4318//4318 4312//4312 4316//4316
f 4316//4316 4319//4319 4320//4320
f 4312//4312 4314//4314 4319//4319
f 4321//4321 4322//4322 4323//4323
f 4324//4324 4317//4317 4322//4322
f 4322//4322 4325//4325 4326//4326
f 4317//4317 4320//4320 4325//4325
f 4327//4327 4328//4328 4329//4329
f 4330//4330 4331//4331 4328//4328
f 4328//4328 4332//4332 4333//4333
f 4331//4331 4334//4334 4332//4332
f 4335//4335 4336//4336 4331//4331
f 4337//4337 4338//4338 4336//4336
f 4336//4336 4339//4339 4334//4334
f 4338//4338 4340//4340 4339//4339
f 4338//4338 4341//4341 4342//4342
f 4337//4337 4343//4343 4341//4341
f 4341//4341 4323//4323 4326//4326
f 4343//4343 4344//4344 4323//4323
f 4345//4345 4346//4346 4347//4347
f 4346//4346 4348//4348 4349//4349
f 4350//4350 4351//4351 4348//4348
f 4352//4352 4353//4353 4354//4354
f 4355//4355 4347//4347 4353//4353
f 4353//4353 4356//4356 4357//4357
f 4347//4347 4349//4349 4356//4356
f 4297//4297 4358//4358 4294//4294
f 4352//4352 4354//4354 4358//4358
f 4358//4358 4359//4359 4293//4293
f 4354//4354 4357//4357 4359//4359
f 4360//4360 4361//4361 4345//4345
f 4343//4343 4362//4362 4363//4363
f 4362//4362 4364//4364 4365//4365
f 4327//4327 4366//4366 4335//4335
f 4367//4367 4364//4364 4366//4366
f 4366//4366 4362//4362 4337//4337
f 4363//4363 4368//4368 4321//4321
f 4365//4365 4369//4369 4368//4368
f 4368//4368 4370//4370 4315//4315
f 4369//4369 4371//4371 4370//4370
f 4370//4370 4372//4372 4318//4318
f 4371//4371 4373//4373 4372//4372
f 4372//4372 4374//4374 4310//4310
f 4373//4373 4375//4375 4374//4374
f 4374//4374 4376//4376 4306//4306
f 4375//4375 4377//4377 4376//4376
f 4376//4376 4378//4378 4379//4379
f 4306//4306 4304//4304 4378//4378
f 4378//4378 4380//4380 4381//4381
f 4304//4304 4382//4382 4380//4380
f 4380//4380 4383//4383 4298//4298
f 4381//4381 4384//4384 4383//4383
f 4383//4383 4385//4385 4296//4296
f 4384//4384 4360//4360 4385//4385
f 4385//4385 4355//4355 4297//4297
f 4386//4386 4387//4387 4388//4388
f 4389//4389 4390//4390 4387//4387
f 4387//4387 4391//4391 4392//4392
f 4390//4390 4393//4393 4391//4391
f 4394//4394 4395//4395 4396//4396
f 4397//4397 4398//4398 4395//4395
f 4395//4395 4386//4386 4389//4389
f 4398//4398 4399//4399 4386//4386
f 4394//4394 4400//4400 4401//4401
f 4397//4397 4402//4402 4400//4400
f 4400//4400 4403//4403 4404//4404
f 4402//4402 4405//4405 4403//4403
f 4406//4406 4407//4407 4408//4408
f 4409//4409 4410//4410 4407//4407
f 4407//4407 4403//4403 4404//4404
f 4410//4410 4405//4405 4403//4403
f 4411//4411 4412//4412 4413//4413
f 4414//4414 4415//4415 4412//4412
f 4412//4412 4406//4406 4416//4416
f 4415//4415 4409//4409 4406//4406
f 4417//4417 4418//4418 4419//4419
f 4420//4420 4421//4421 4418//4418
f 4418//4418 4411//4411 4422//4422
f 4421//4421 4414//4414 4411//4411
f 4329//4329 4423//4423 4424//4424
f 4333//4333 4425//4425 4423//4423
f 4423//4423 4426//4426 4427//4427
f 4425//4425 4428//4428 4426//4426
f 4426//4426 4429//4429 4430//4430
f 4428//4428 4431//4431 4429//4429
f 4429//4429 4432//4432 4433//4433
f 4431//4431 4434//4434 4432//4432
f 4435//4435 4436//4436 4432//4432
f 4420//4420 4417//4417 4436//4436
f 4436//4436 4437//4437 4433//4433
f 4417//4417 4438//4438 4437//4437
f 4439//4439 4440//4440 4361//4361
f 4441//4441 4442//4442 4440//4440
f 4442//4442 4351//4351 4350//4350
f 4443//4443 4444//4444 4445//4445
f 4446//4446 4447//4447 4444//4444
f 4444//4444 4439//4439 4448//4448
f 4447//4447 4441//4441 4439//4439
f 4391//4391 4449//4449 4393//4393
f 4392//4392 4450//4450 4449//4449
f 4449//4449 4443//4443 4445//4445
f 4450//4450 4446//4446 4443//4443
f 4345//4345 4361//4361 4350//4350
f 4451//4451 4452//4452 4437//4437
f 4365//4365 4364//4364 4452//4452
f 4430//4430 4453//4453 4424//4424
f 4433//4433 4452//4452 4453//4453
f 4453//4453 4364//4364 4367//4367
f 4419//4419 4454//4454 4451//4451
f 4454//4454 4369//4369 4365//4365
f 4413//4413 4455//4455 4454//4454
f 4416//4416 4456//4456 4455//4455
f 4455//4455 4371//4371 4369//4369
f 4456//4456 4373//4373 4371//4371
f 4408//4408 4457//4457 4456//4456
f 4404//4404 4458//4458 4457//4457
f 4457//4457 4375//4375 4373//4373
f 4458//4458 4377//4377 4375//4375
f 4379//4379 4459//4459 4458//4458
f 4381//4381 4460//4460 4459//4459
f 4459//4459 4401//4401 4404//4404
f 4460//4460 4461//4461 4401//4401
f 4396//4396 4462//4462 4460//4460
f 4389//4389 4463//4463 4462//4462
f 4462//4462 4384//4384 4381//4381
f 4463//4463 4360//4360 4384//4384
f 4393//4393 4448//4448 4463//4463
f 4464//4464 4465//4465 4466//4466
f 4467//4467 4468//4468 4465//4465
f 4469//4469 4470//4470 4468//4468
f 4471//4471 4466//4466 4470//4470
f 4469//4469 4467//4467 4472//4472
f 4473//4473 4472//4472 4474//4474
f 4472//4472 4467//4467 4464//4464
f 4468//4468 4470//4470 4466//4466
f 4469//4469 4473//4473 4475//4475
f 4474//4474 4464//4464 4471//4471
f 4476//4476 4477//4477 4478//4478
f 4477//4477 4479//4479 4480//4480
f 4479//4479 4481//4481 4482//4482
f 4481//4481 4476//4476 4483//4483
f 4484//4484 4480//4480 4482//4482
f 4485//4485 4484//4484 4486//4486
f 4478//4478 4480//4480 4484//4484
f 4476//4476 4481//4481 4479//4479
f 4487//4487 4486//4486 4482//4482
f 4483//4483 4478//4478 4485//4485
f 4488//4488 4489//4489 4490//4490
f 4491//4491 4492//4492 4489//4489
f 4493//4493 4494//4494 4492//4492
f 4489//4489 4011//4011 4490//4490
f 4489//4489 4495//4495 4011//4011
f 4492//4492 4496//4496 4495//4495
f 4496//4496 4497//4497 4495//4495
f 4496//4496 4498//4498 4497//4497
f 4495//4495 4008//4008 4011//4011
f 4497//4497 4009//4009 4008//4008
f 4498//4498 4032//4032 4009//4009
f 4499//4499 4500//4500 4494//4494
f 4501//4501 4502//4502 4500//4500
f 4494//4494 4498//4498 4496//4496
f 4500//4500 4503//4503 4498//4498
f 4502//4502 4504//4504 4503//4503
f 4503//4503 4505//4505 4498//4498
f 4503//4503 4504//4504 4505//4505
f 4498//4498 4030//4030 4032//4032
f 4505//4505 4027//4027 4030//4030
f 4504//4504 4028//4028 4027//4027
f 4506//4506 4507//4507 4502//4502
f 4508//4508 4509//4509 4507//4507
f 4502//4502 4044//4044 4504//4504
f 4509//4509 4510//4510 4507//4507
f 4511//4511 4512//4512 4510//4510
f 4044//4044 4043//4043 4041//4041
f 4510//4510 4052//4052 4044//4044
f 4513//4513 4514//4514 4511//4511
f 4515//4515 4516//4516 4514//4514
f 4514//4514 4517//4517 4511//4511
f 4514//4514 4518//4518 4517//4517
f 4516//4516 4519//4519 4518//4518
f 4518//4518 4055//4055 4517//4517
f 4517//4517 4057//4057 4052//4052
f 4519//4519 4066//4066 4055//4055
f 4520//4520 4521//4521 4516//4516
f 4522//4522 4523//4523 4521//4521
f 4524//4524 4525//4525 4523//4523
f 4521//4521 4526//4526 4519//4519
f 4523//4523 4527//4527 4526//4526
f 4526//4526 4528//4528 4066//4066
f 4527//4527 4073//4073 4528//4528
f 4529//4529 4530//4530 4525//4525
f 4531//4531 4490//4490 4530//4530
f 4525//4525 4532//4532 4527//4527
f 4530//4530 4075//4075 4532//4532
f 4532//4532 4078//4078 4073//4073
f 4490//4490 4076//4076 4075//4075
f 4491//4491 4533//4533 4534//4534
f 4491//4491 4535//4535 4533//4533
f 4488//4488 4531//4531 4535//4535
f 4533//4533 4536//4536 4537//4537
f 4535//4535 4538//4538 4536//4536
f 4531//4531 4539//4539 4538//4538
f 4536//4536 4540//4540 4541//4541
f 4538//4538 4539//4539 4540//4540
f 4529//4529 4542//4542 4531//4531
f 4524//4524 4543//4543 4542//4542
f 4524//4524 4544//4544 4543//4543
f 4531//4531 4545//4545 4539//4539
f 4543//4543 4546//4546 4542//4542
f 4544//4544 4547//4547 4546//4546
f 4542//4542 4548//4548 4545//4545
f 4546//4546 4549//4549 4548//4548
f 4545//4545 4550//4550 4551//4551
f 4549//4549 4552//4552 4548//4548
f 4549//4549 4553//4553 4552//4552
f 4522//4522 4554//4554 4544//4544
f 4520//4520 4555//4555 4554//4554
f 4554//4554 4556//4556 4547//4547
f 4555//4555 4557//4557 4556//4556
f 4547//4547 4558//4558 4549//4549
f 4556//4556 4559//4559 4558//4558
f 4556//4556 4560//4560 4559//4559
f 4557//4557 4561//4561 4560//4560
f 4558//4558 4562//4562 4553//4553
f 4515//4515 4563//4563 4555//4555
f 4513//4513 4564//4564 4563//4563
f 4563//4563 4565//4565 4557//4557
f 4564//4564 4566//4566 4565//4565
f 4557//4557 4567//4567 4561//4561
f 4565//4565 4568//4568 4567//4567
f 4567//4567 4569//4569 4561//4561
f 4566//4566 4570//4570 4571//4571
f 4506//4506 4572//4572 4508//4508
f 4506//4506 4573//4573 4572//4572
f 4508//4508 4574//4574 4566//4566
f 4573//4573 4575//4575 4572//4572
f 4572//4572 4576//4576 4574//4574
f 4575//4575 4577//4577 4576//4576
f 4577//4577 4578//4578 4576//4576
f 4499//4499 4579//4579 4573//4573
f 4493//4493 4534//4534 4579//4579
f 4579//4579 4580//4580 4575//4575
f 4534//4534 4537//4537 4580//4580
f 4580//4580 4581//4581 4577//4577
f 4580//4580 4582//4582 4581//4581
f 4537//4537 4541//4541 4582//4582
f 4541//4541 4583//4583 4584//4584
f 4585//4585 4586//4586 4587//4587
f 4585//4585 4588//4588 4586//4586
f 4089//4089 4091//4091 4588//4588
f 4588//4588 4589//4589 4586//4586
f 4091//4091 4092//4092 4589//4589
f 4586//4586 4590//4590 4591//4591
f 4589//4589 4592//4592 4590//4590
f 4092//4092 4094//4094 4592//4592
f 4590//4590 4593//4593 4594//4594
f 4592//4592 4595//4595 4593//4593
f 4094//4094 4096//4096 4595//4595
f 4595//4595 4596//4596 4593//4593
f 4096//4096 4108//4108 4596//4596
f 4593//4593 4597//4597 4598//4598
f 4596//4596 4599//4599 4597//4597
f 4596//4596 4109//4109 4599//4599
f 4109//4109 4111//4111 4599//4599
f 4597//4597 4600//4600 4601//4601
f 4599//4599 4602//4602 4600//4600
f 4111//4111 4121//4121 4602//4602
f 4111//4111 4113//4113 4121//4121
f 4600//4600 4603//4603 4604//4604
f 4602//4602 4123//4123 4603//4603
f 4603//4603 4605//4605 4606//4606
f 4123//4123 4607//4607 4605//4605
f 4122//4122 4134//4134 4607//4607
f 4605//4605 4608//4608 4609//4609
f 4605//4605 4610//4610 4608//4608
f 4607//4607 4611//4611 4610//4610
f 4611//4611 4612//4612 4610//4610
f 4611//4611 4136//4136 4612//4612
f 4608//4608 4613//4613 4614//4614
f 4610//4610 4612//4612 4613//4613
f 4136//4136 4615//4615 4612//4612
f 4612//4612 4616//4616 4613//4613
f 4612//4612 4615//4615 4616//4616
f 4613//4613 4617//4617 4618//4618
f 4616//4616 4619//4619 4617//4617
f 4137//4137 4145//4145 4619//4619
f 4617//4617 4620//4620 4621//4621
f 4619//4619 4622//4622 4620//4620
f 4620//4620 4623//4623 4624//4624
f 4625//4625 4147//4147 4622//4622
f 4622//4622 4626//4626 4623//4623
f 4147//4147 4157//4157 4626//4626
f 4623//4623 4627//4627 4628//4628
f 4626//4626 4156//4156 4627//4627
f 4627//4627 4585//4585 4629//4629
f 4156//4156 4159//4159 4585//4585
f 4630//4630 4631//4631 4591//4591
f 4632//4632 4633//4633 4631//4631
f 4583//4583 4634//4634 4633//4633
f 4583//4583 4540//4540 4634//4634
f 4631//4631 4635//4635 4587//4587
f 4633//4633 4636//4636 4635//4635
f 4634//4634 4551//4551 4636//4636
f 4540//4540 4539//4539 4551//4551
f 4636//4636 4550//4550 4629//4629
f 4629//4629 4637//4637 4628//4628
f 4550//4550 4638//4638 4637//4637
f 4550//4550 4548//4548 4638//4638
f 4638//4638 4639//4639 4637//4637
f 4638//4638 4552//4552 4639//4639
f 4637//4637 4640//4640 4624//4624
f 4552//4552 4553//4553 4639//4639
f 4639//4639 4641//4641 4640//4640
f 4553//4553 4562//4562 4641//4641
f 4640//4640 4642//4642 4621//4621
f 4562//4562 4643//4643 4641//4641
f 4562//4562 4559//4559 4643//4643
f 4641//4641 4644//4644 4642//4642
f 4559//4559 4560//4560 4643//4643
f 4642//4642 4645//4645 4618//4618
f 4643//4643 4646//4646 4644//4644
f 4560//4560 4561//4561 4646//4646
f 4645//4645 4647//4647 4614//4614
f 4644//4644 4648//4648 4647//4647
f 4646//4646 4569//4569 4648//4648
f 4648//4648 4649//4649 4647//4647
f 4569//4569 4571//4571 4649//4649
f 4569//4569 4568//4568 4571//4571
f 4647//4647 4650//4650 4609//4609
f 4649//4649 4570//4570 4650//4650
f 4570//4570 4651//4651 4652//4652
f 4570//4570 4574//4574 4651//4651
f 4652//4652 4653//4653 4604//4604
f 4651//4651 4654//4654 4653//4653
f 4574//4574 4576//4576 4654//4654
f 4653//4653 4655//4655 4604//4604
f 4654//4654 4656//4656 4655//4655
f 4654//4654 4578//4578 4656//4656
f 4655//4655 4657//4657 4598//4598
f 4656//4656 4658//4658 4657//4657
f 4578//4578 4659//4659 4658//4658
f 4578//4578 4581//4581 4659//4659
f 4581//4581 4582//4582 4659//4659
f 4657//4657 4630//4630 4594//4594
f 4658//4658 4632//4632 4630//4630
f 4659//4659 4584//4584 4632//4632
f 4584//4584 4583//4583 4632//4632
f 4660//4660 4661//4661 4662//4662
f 4663//4663 4661//4661 4660//4660
f 4664//4664 4665//4665 4661//4661
f 4665//4665 4666//4666 4661//4661
f 4667//4667 4666//4666 4668//4668
f 4669//4669 4670//4670 4666//4666
f 4671//4671 4662//4662 4670//4670
f 4181//4181 4672//4672 4673//4673
f 4180//4180 4660//4660 4672//4672
f 4193//4193 4663//4663 4660//4660
f 4194//4194 4664//4664 4663//4663
f 4183//4183 4667//4667 4674//4674
f 4674//4674 4668//4668 4664//4664
f 4171//4171 4669//4669 4667//4667
f 4169//4169 4673//4673 4669//4669
f 4673//4673 4671//4671 4669//4669
f 4661//4661 4670//4670 4662//4662
f 4675//4675 4676//4676 4677//4677
f 4677//4677 4676//4676 4678//4678
f 4676//4676 4679//4679 4680//4680
f 4676//4676 4681//4681 4679//4679
f 4682//4682 4681//4681 4683//4683
f 4681//4681 4684//4684 4685//4685
f 4684//4684 4675//4675 4686//4686
f 4687//4687 4688//4688 4236//4236
f 4688//4688 4677//4677 4237//4237
f 4677//4677 4678//4678 4247//4247
f 4678//4678 4680//4680 4250//4250
f 4680//4680 4682//4682 4689//4689
f 4689//4689 4683//4683 4238//4238
f 4683//4683 4685//4685 4228//4228
f 4685//4685 4687//4687 4226//4226
f 4685//4685 4686//4686 4687//4687
f 4675//4675 4684//4684 4676//4676
f 4690//4690 2192//2192 4691//4691
f 4690//4690 4691//4691 4692//4692
f 4692//4692 4691//4691 4693//4693
f 4694//4694 4690//4690 4692//4692
f 4695//4695 4696//4696 4697//4697
f 4695//4695 4697//4697 4698//4698
f 4698//4698 4697//4697 4699//4699
f 4700//4700 4695//4695 4698//4698
f 4701//4701 4702//4702 4703//4703
f 4701//4701 4703//4703 4704//4704
f 4704//4704 4703//4703 4700//4700
f 4705//4705 4701//4701 4704//4704
f 4704//4704 4700//4700 4698//4698
f 4704//4704 4698//4698 4706//4706
f 4706//4706 4698//4698 4699//4699
f 4705//4705 4704//4704 4706//4706
f 4707//4707 4696//4696 4695//4695
f 4707//4707 4695//4695 4708//4708
f 4708//4708 4695//4695 4700//4700
f 4709//4709 4707//4707 4708//4708
f 4710//4710 4711//4711 4712//4712
f 4710//4710 4712//4712 4713//4713
f 4713//4713 4712//4712 4709//4709
f 4714//4714 4710//4710 4713//4713
f 4703//4703 4702//4702 4715//4715
f 4703//4703 4715//4715 4716//4716
f 4716//4716 4715//4715 4714//4714
f 4700//4700 4703//4703 4716//4716
f 4713//4713 4709//4709 4708//4708
f 4713//4713 4708//4708 4716//4716
f 4716//4716 4708//4708 4700//4700
f 4714//4714 4713//4713 4716//4716
f 4717//4717 4696//4696 4707//4707
f 4717//4717 4707//4707 4718//4718
f 4718//4718 4707//4707 4709//4709
f 4719//4719 4717//4717 4718//4718
f 4720//4720 4721//4721 4722//4722
f 4720//4720 4722//4722 4723//4723
f 4723//4723 4722//4722 4719//4719
f 4724//4724 4720//4720 4723//4723
f 4712//4712 4711//4711 4725//4725
f 4712//4712 4725//4725 4726//4726
f 4726//4726 4725//4725 4724//4724
f 4709//4709 4712//4712 4726//4726
f 4723//4723 4719//4719 4718//4718
f 4723//4723 4718//4718 4726//4726
f 4726//4726 4718//4718 4709//4709
f 4724//4724 4723//4723 4726//4726
f 4727//4727 4696//4696 4717//4717
f 4727//4727 4717//4717 4728//4728
f 4728//4728 4717//4717 4719//4719
f 4729//4729 4727//4727 4728//4728
f 4722//4722 4721//4721 4730//4730
f 4722//4722 4730//4730 4731//4731
f 4731//4731 4730//4730 4732//4732
f 4719//4719 4722//4722 4731//4731
f 4733//4733 4729//4729 4728//4728
f 4733//4733 4728//4728 4731//4731
f 4731//4731 4728//4728 4719//4719
f 4732//4732 4733//4733 4731//4731
f 4734//4734 4735//4735 4692//4692
f 4736//4736 4737//4737 4735//4735
f 4735//4735 4738//4738 4694//4694
f 4737//4737 4739//4739 4738//4738
f 4740//4740 4741//4741 4715//4715
f 4694//4694 4738//4738 4741//4741
f 4741//4741 4742//4742 4714//4714
f 4738//4738 4739//4739 4742//4742
f 4710//4710 4743//4743 4744//4744
f 4714//4714 4742//4742 4743//4743
f 4743//4743 4745//4745 4746//4746
f 4742//4742 4739//4739 4745//4745
f 4747//4747 4748//4748 4749//4749
f 4746//4746 4745//4745 4748//4748
f 4748//4748 4737//4737 4736//4736
f 4745//4745 4739//4739 4737//4737
f 4750//4750 4751//4751 4747//4747
f 4752//4752 4753//4753 4751//4751
f 4751//4751 4754//4754 4746//4746
f 4753//4753 4755//4755 4754//4754
f 4744//4744 4756//4756 4725//4725
f 4746//4746 4754//4754 4756//4756
f 4756//4756 4757//4757 4724//4724
f 4754//4754 4755//4755 4757//4757
f 4720//4720 4758//4758 4759//4759
f 4724//4724 4757//4757 4758//4758
f 4758//4758 4760//4760 4761//4761
f 4757//4757 4755//4755 4760//4760
f 4762//4762 4763//4763 4764//4764
f 4761//4761 4760//4760 4763//4763
f 4763//4763 4753//4753 4752//4752
f 4760//4760 4755//4755 4753//4753
f 4765//4765 4766//4766 4762//4762
f 4767//4767 4768//4768 4766//4766
f 4766//4766 4769//4769 4761//4761
f 4768//4768 4770//4770 4769//4769
f 4759//4759 4771//4771 4730//4730
f 4761//4761 4769//4769 4771//4771
f 4771//4771 4772//4772 4732//4732
f 4769//4769 4770//4770 4772//4772
f 4773//4773 2223//2223 4774//4774
f 4773//4773 4774//4774 4775//4775
f 4775//4775 4774//4774 4776//4776
f 4777//4777 4773//4773 4775//4775
f 4697//4697 4696//4696 4778//4778
f 4697//4697 4778//4778 4779//4779
f 4779//4779 4778//4778 4780//4780
f 4699//4699 4697//4697 4779//4779
f 4781//4781 4782//4782 4783//4783
f 4781//4781 4783//4783 4784//4784
f 4784//4784 4783//4783 4705//4705
f 4780//4780 4781//4781 4784//4784
f 4779//4779 4780//4780 4784//4784
f 4779//4779 4784//4784 4706//4706
f 4706//4706 4784//4784 4705//4705
f 4699//4699 4779//4779 4706//4706
f 4778//4778 4696//4696 4785//4785
f 4778//4778 4785//4785 4786//4786
f 4786//4786 4785//4785 4787//4787
f 4780//4780 4778//4778 4786//4786
f 4788//4788 4789//4789 4790//4790
f 4788//4788 4790//4790 4791//4791
f 4791//4791 4790//4790 4792//4792
f 4787//4787 4788//4788 4791//4791
f 4793//4793 4782//4782 4781//4781
f 4793//4793 4781//4781 4794//4794
f 4794//4794 4781//4781 4780//4780
f 4792//4792 4793//4793 4794//4794
f 4786//4786 4787//4787 4791//4791
f 4786//4786 4791//4791 4794//4794
f 4794//4794 4791//4791 4792//4792
f 4780//4780 4786//4786 4794//4794
f 4785//4785 4696//4696 4795//4795
f 4785//4785 4795//4795 4796//4796
f 4796//4796 4795//4795 4797//4797
f 4787//4787 4785//4785 4796//4796
f 4798//4798 4799//4799 4800//4800
f 4798//4798 4800//4800 4801//4801
f 4801//4801 4800//4800 4802//4802
f 4797//4797 4798//4798 4801//4801
f 4803//4803 4789//4789 4788//4788
f 4803//4803 4788//4788 4804//4804
f 4804//4804 4788//4788 4787//4787
f 4802//4802 4803//4803 4804//4804
f 4796//4796 4797//4797 4801//4801
f 4796//4796 4801//4801 4804//4804
f 4804//4804 4801//4801 4802//4802
f 4787//4787 4796//4796 4804//4804
f 4795//4795 4696//4696 4727//4727
f 4795//4795 4727//4727 4805//4805
f 4805//4805 4727//4727 4729//4729
f 4797//4797 4795//4795 4805//4805
f 4806//4806 4799//4799 4798//4798
f 4806//4806 4798//4798 4807//4807
f 4807//4807 4798//4798 4797//4797
f 4732//4732 4806//4806 4807//4807
f 4805//4805 4729//4729 4733//4733
f 4805//4805 4733//4733 4807//4807
f 4807//4807 4733//4733 4732//4732
f 4797//4797 4805//4805 4807//4807
f 4775//4775 4808//4808 4809//4809
f 4776//4776 4810//4810 4808//4808
f 4808//4808 4811//4811 4812//4812
f 4810//4810 4813//4813 4811//4811
f 4793//4793 4814//4814 4815//4815
f 4792//4792 4816//4816 4814//4814
f 4814//4814 4810//4810 4776//4776
f 4816//4816 4813//4813 4810//4810
f 4817//4817 4818//4818 4790//4790
f 4819//4819 4820//4820 4818//4818
f 4818//4818 4816//4816 4792//4792
f 4820//4820 4813//4813 4816//4816
f 4821//4821 4822//4822 4823//4823
f 4812//4812 4811//4811 4822//4822
f 4822//4822 4820//4820 4819//4819
f 4811//4811 4813//4813 4820//4820
f 4823//4823 4824//4824 4825//4825
f 4819//4819 4826//4826 4824//4824
f 4824//4824 4827//4827 4828//4828
f 4826//4826 4829//4829 4827//4827
f 4803//4803 4830//4830 4817//4817
f 4802//4802 4831//4831 4830//4830
f 4830//4830 4826//4826 4819//4819
f 4831//4831 4829//4829 4826//4826
f 4832//4832 4833//4833 4800//4800
f 4834//4834 4835//4835 4833//4833
f 4833//4833 4831//4831 4802//4802
f 4835//4835 4829//4829 4831//4831
f 4836//4836 4837//4837 4838//4838
f 4828//4828 4827//4827 4837//4837
f 4837//4837 4835//4835 4834//4834
f 4827//4827 4829//4829 4835//4835
f 4838//4838 4839//4839 4840//4840
f 4834//4834 4841//4841 4839//4839
f 4839//4839 4768//4768 4767//4767
f 4841//4841 4770//4770 4768//4768
f 4806//4806 4842//4842 4832//4832
f 4732//4732 4772//4772 4842//4842
f 4842//4842 4841//4841 4834//4834
f 4772//4772 4770//4770 4841//4841
f 4843//4843 4844//4844 4845//4845
f 4846//4846 4847//4847 4844//4844
f 4844//4844 13//13 12//12
f 4847//4847 4//4 13//13
f 4848//4848 4849//4849 4850//4850
f 4851//4851 4852//4852 4849//4849
f 4849//4849 11//11 14//14
f 4852//4852 4853//4853 11//11
f 4854//4854 4855//4855 4856//4856
f 4856//4856 4855//4855 4857//4857
f 4856//4856 4857//4857 4858//4858
f 4855//4855 2130//2130 4857//4857
f 4854//4854 4859//4859 4855//4855
f 4855//4855 4859//4859 2136//2136
f 4855//4855 2136//2136 2130//2130
f 4859//4859 2142//2142 2136//2136
f 4858//4858 4860//4860 4861//4861
f 4861//4861 4860//4860 4862//4862
f 4861//4861 4862//4862 4863//4863
f 4860//4860 2118//2118 4862//4862
f 2130//2130 2120//2120 4857//4857
f 4857//4857 2120//2120 4860//4860
f 4857//4857 4860//4860 4858//4858
f 2120//2120 2118//2118 4860//4860
f 4863//4863 4864//4864 4865//4865
f 4865//4865 4864//4864 4866//4866
f 4865//4865 4866//4866 4867//4867
f 4864//4864 2110//2110 4866//4866
f 2118//2118 2113//2113 4862//4862
f 4862//4862 2113//2113 4864//4864
f 4862//4862 4864//4864 4863//4863
f 2113//2113 2110//2110 4864//4864
f 4866//4866 4868//4868 4869//4869
f 2110//2110 4870//4870 4868//4868
f 4868//4868 4871//4871 4872//4872
f 4870//4870 4873//4873 4871//4871
f 4871//4871 4874//4874 4875//4875
f 4873//4873 4876//4876 4874//4874
f 4874//4874 4877//4877 4878//4878
f 4876//4876 4879//4879 4877//4877
f 4877//4877 4880//4880 4881//4881
f 4879//4879 4882//4882 4880//4880
f 4880//4880 4883//4883 4884//4884
f 4882//4882 4885//4885 4883//4883
f 4886//4886 4887//4887 4882//4882
f 4846//4846 4888//4888 4887//4887
f 4887//4887 4889//4889 4885//4885
f 4888//4888 4890//4890 4889//4889
f 4843//4843 4891//4891 4888//4888
f 4892//4892 4893//4893 4891//4891
f 4891//4891 4894//4894 4890//4890
f 4893//4893 4895//4895 4894//4894
f 4883//4883 4896//4896 4897//4897
f 4885//4885 4898//4898 4896//4896
f 4896//4896 4899//4899 4900//4900
f 4898//4898 4901//4901 4899//4899
f 4899//4899 4902//4902 4903//4903
f 4901//4901 4904//4904 4902//4902
f 4902//4902 4905//4905 4906//4906
f 4904//4904 4907//4907 4905//4905
f 5//5 4908//4908 4909//4909
f 4//4 4847//4847 4908//4908
f 4908//4908 4886//4886 4879//4879
f 4847//4847 4846//4846 4886//4886
f 6//6 4910//4910 4911//4911
f 8//8 4909//4909 4910//4910
f 4910//4910 4876//4876 4873//4873
f 4909//4909 4879//4879 4876//4876
f 4850//4850 4912//4912 4913//4913
f 14//14 3//3 4912//4912
f 4912//4912 4911//4911 4873//4873
f 3//3 7//7 4911//4911
f 4845//4845 4914//4914 4915//4915
f 12//12 26//26 4914//4914
f 4914//4914 4916//4916 4917//4917
f 26//26 21//21 4916//4916
f 4918//4918 4919//4919 4920//4920
f 25//25 23//23 4919//4919
f 4919//4919 4852//4852 4851//4851
f 23//23 4853//4853 4852//4852
f 4921//4921 4922//4922 4923//4923
f 4923//4923 4922//4922 4924//4924
f 4923//4923 4924//4924 2131//2131
f 4922//4922 4925//4925 4924//4924
f 4921//4921 4923//4923 4926//4926
f 4926//4926 4923//4923 2137//2137
f 4926//4926 2137//2137 2143//2143
f 4923//4923 2131//2131 2137//2137
f 4925//4925 4927//4927 4928//4928
f 4928//4928 4927//4927 4929//4929
f 4928//4928 4929//4929 2115//2115
f 4927//4927 4930//4930 4929//4929
f 2131//2131 4924//4924 2121//2121
f 2121//2121 4924//4924 4928//4928
f 2121//2121 4928//4928 2115//2115
f 4924//4924 4925//4925 4928//4928
f 4930//4930 4931//4931 4932//4932
f 4932//4932 4931//4931 4933//4933
f 4932//4932 4933//4933 2106//2106
f 4931//4931 4934//4934 4933//4933
f 2115//2115 4929//4929 2108//2108
f 2108//2108 4929//4929 4932//4932
f 2108//2108 4932//4932 2106//2106
f 4929//4929 4930//4930 4932//4932
f 4935//4935 4936//4936 4933//4933
f 4937//4937 4938//4938 4936//4936
f 4936//4936 4939//4939 2106//2106
f 4938//4938 4940//4940 4939//4939
f 4941//4941 4942//4942 4938//4938
f 4943//4943 4944//4944 4942//4942
f 4942//4942 4945//4945 4940//4940
f 4944//4944 4946//4946 4945//4945
f 4947//4947 4948//4948 4944//4944
f 4949//4949 4950//4950 4948//4948
f 4948//4948 4951//4951 4946//4946
f 4950//4950 4952//4952 4951//4951
f 4951//4951 4953//4953 4954//4954
f 4952//4952 4955//4955 4953//4953
f 4953//4953 4956//4956 4917//4917
f 4955//4955 4957//4957 4956//4956
f 4956//4956 4958//4958 4915//4915
f 4957//4957 4959//4959 4958//4958
f 4958//4958 4893//4893 4892//4892
f 4959//4959 4895//4895 4893//4893
f 4960//4960 4961//4961 4950//4950
f 4962//4962 4963//4963 4961//4961
f 4961//4961 4964//4964 4952//4952
f 4963//4963 4965//4965 4964//4964
f 4966//4966 4967//4967 4963//4963
f 4968//4968 4969//4969 4967//4967
f 4967//4967 4970//4970 4965//4965
f 4969//4969 4971//4971 4970//4970
f 4972//4972 4973//4973 20//20
f 4946//4946 4954//4954 4973//4973
f 4973//4973 4916//4916 21//21
f 4954//4954 4917//4917 4916//4916
f 4974//4974 4975//4975 19//19
f 4940//4940 4945//4945 4975//4975
f 4975//4975 4972//4972 22//22
f 4945//4945 4946//4946 4972//4972
f 4976//4976 4977//4977 4918//4918
f 4940//4940 4974//4974 4977//4977
f 4977//4977 15//15 25//25
f 4974//4974 18//18 15//15
f 4978//4978 4979//4979 4980//4980
f 4981//4981 4982//4982 4979//4979
f 4979//4979 4983//4983 4984//4984
f 4982//4982 4985//4985 4983//4983
f 4983//4983 4986//4986 4987//4987
f 4985//4985 4988//4988 4986//4986
f 4986//4986 4989//4989 4990//4990
f 4988//4988 4991//4991 4989//4989
f 4989//4989 4992//4992 4993//4993
f 4991//4991 4994//4994 4992//4992
f 4992//4992 4995//4995 4996//4996
f 4994//4994 4997//4997 4995//4995
f 4995//4995 4998//4998 4999//4999
f 4997//4997 5000//5000 4998//4998
f 5000//5000 4981//4981 4978//4978
f 5001//5001 5002//5002 5003//5003
f 4978//4978 4980//4980 5002//5002
f 5002//5002 5004//5004 5005//5005
f 4980//4980 4984//4984 5004//5004
f 5004//5004 5006//5006 5007//5007
f 4984//4984 4987//4987 5006//5006
f 5006//5006 5008//5008 5009//5009
f 4987//4987 4990//4990 5008//5008
f 5008//5008 5010//5010 5011//5011
f 4990//4990 4993//4993 5010//5010
f 5010//5010 5012//5012 5013//5013
f 4993//4993 4996//4996 5012//5012
f 5012//5012 5014//5014 5015//5015
f 4996//4996 4999//4999 5014//5014
f 5014//5014 5001//5001 5016//5016
f 4999//4999 4978//4978 5001//5001
f 4982//4982 5017//5017 4988//4988
f 4981//4981 5000//5000 5017//5017
f 5017//5017 4994//4994 4991//4991
f 5000//5000 4997//4997 4994//4994
f 5018//5018 5019//5019 5020//5020
f 5021//5021 5022//5022 5019//5019
f 5019//5019 5023//5023 5024//5024
f 5022//5022 5025//5025 5023//5023
f 5026//5026 5027//5027 5022//5022
f 5009//5009 5011//5011 5027//5027
f 5027//5027 5028//5028 5025//5025
f 5011//5011 5013//5013 5028//5028
f 5029//5029 5030//5030 5015//5015
f 5031//5031 5032//5032 5030//5030
f 5030//5030 5028//5028 5013//5013
f 5032//5032 5025//5025 5028//5028
f 5033//5033 5034//5034 5032//5032
f 5035//5035 5036//5036 5034//5034
f 5034//5034 5023//5023 5025//5025
f 5036//5036 5024//5024 5023//5023
f 5036//5036 5035//5035 5037//5037
f 5036//5036 5037//5037 5038//5038
f 5038//5038 5037//5037 5039//5039
f 5024//5024 5036//5036 5038//5038
f 5037//5037 5035//5035 5040//5040
f 5037//5037 5040//5040 5041//5041
f 5041//5041 5040//5040 5042//5042
f 5039//5039 5037//5037 5041//5041
f 5043//5043 5044//5044 5041//5041
f 5045//5045 5046//5046 5044//5044
f 5044//5044 5038//5038 5039//5039
f 5046//5046 5024//5024 5038//5038
f 5043//5043 5047//5047 5048//5048
f 5042//5042 5049//5049 5047//5047
f 5047//5047 5050//5050 5051//5051
f 5049//5049 5052//5052 5050//5050
f 5007//5007 5053//5053 5054//5054
f 5009//5009 5026//5026 5053//5053
f 5053//5053 5055//5055 5056//5056
f 5026//5026 5021//5021 5055//5055
f 5055//5055 5057//5057 5058//5058
f 5021//5021 5018//5018 5057//5057
f 5057//5057 5059//5059 5060//5060
f 5018//5018 5061//5061 5059//5059
f 5062//5062 5060//5060 5059//5059
f 5062//5062 5059//5059 5063//5063
f 5063//5063 5059//5059 5061//5061
f 5064//5064 5062//5062 5063//5063
f 5065//5065 5060//5060 5062//5062
f 5065//5065 5062//5062 5066//5066
f 5066//5066 5062//5062 5064//5064
f 5067//5067 5065//5065 5066//5066
f 5066//5066 5068//5068 5069//5069
f 5064//5064 5063//5063 5068//5068
f 5068//5068 5070//5070 5071//5071
f 5063//5063 5061//5061 5070//5070
f 5072//5072 5073//5073 5069//5069
f 5074//5074 5075//5075 5073//5073
f 5073//5073 5076//5076 5067//5067
f 5075//5075 5077//5077 5076//5076
f 4889//4889 5078//5078 4898//4898
f 4890//4890 5079//5079 5078//5078
f 5078//5078 5080//5080 4901//4901
f 5079//5079 5081//5081 5080//5080
f 4894//4894 5082//5082 5079//5079
f 4895//4895 5083//5083 5082//5082
f 5082//5082 5084//5084 5081//5081
f 5083//5083 5085//5085 5084//5084
f 5080//5080 5086//5086 4904//4904
f 5081//5081 5087//5087 5086//5086
f 5086//5086 5088//5088 4907//4907
f 5087//5087 5089//5089 5088//5088
f 5084//5084 5090//5090 5087//5087
f 5085//5085 5091//5091 5090//5090
f 5090//5090 5092//5092 5089//5089
f 5091//5091 5093//5093 5092//5092
f 4964//4964 5094//5094 4955//4955
f 4965//4965 5095//5095 5094//5094
f 5094//5094 5096//5096 4957//4957
f 5095//5095 5097//5097 5096//5096
f 5096//5096 5098//5098 4959//4959
f 5097//5097 5099//5099 5098//5098
f 5098//5098 5083//5083 4895//4895
f 5099//5099 5085//5085 5083//5083
f 4970//4970 5100//5100 5095//5095
f 4971//4971 5101//5101 5100//5100
f 5100//5100 5102//5102 5097//5097
f 5101//5101 5103//5103 5102//5102
f 5102//5102 5104//5104 5099//5099
f 5103//5103 5105//5105 5104//5104
f 5104//5104 5091//5091 5085//5085
f 5105//5105 5093//5093 5091//5091
f 5106//5106 5107//5107 5108//5108
f 5107//5107 5109//5109 5108//5108
f 5110//5110 5111//5111 5106//5106
f 5111//5111 5107//5107 5106//5106
f 5112//5112 5113//5113 5110//5110
f 5113//5113 5111//5111 5110//5110
f 5114//5114 5115//5115 5112//5112
f 5115//5115 5113//5113 5112//5112
f 5116//5116 5117//5117 5114//5114
f 5117//5117 5115//5115 5114//5114
f 5118//5118 5117//5117 5116//5116
f 5119//5119 5120//5120 5118//5118
f 5108//5108 5109//5109 5119//5119
f 5109//5109 5120//5120 5119//5119
f 5107//5107 5121//5121 5109//5109
f 5121//5121 5122//5122 5109//5109
f 5111//5111 5123//5123 5107//5107
f 5123//5123 5121//5121 5107//5107
f 5113//5113 5124//5124 5111//5111
f 5124//5124 5123//5123 5111//5111
f 5115//5115 5125//5125 5113//5113
f 5125//5125 5124//5124 5113//5113
f 5117//5117 5126//5126 5115//5115
f 5126//5126 5125//5125 5115//5115
f 5118//5118 5127//5127 5117//5117
f 5127//5127 5126//5126 5117//5117
f 5120//5120 5128//5128 5118//5118
f 5128//5128 5127//5127 5118//5118
f 5109//5109 5122//5122 5120//5120
f 5122//5122 5128//5128 5120//5120
f 5121//5121 5129//5129 5122//5122
f 5129//5129 5130//5130 5122//5122
f 5123//5123 5131//5131 5121//5121
f 5131//5131 5129//5129 5121//5121
f 5124//5124 5132//5132 5123//5123
f 5132//5132 5131//5131 5123//5123
f 5125//5125 5133//5133 5124//5124
f 5133//5133 5132//5132 5124//5124
f 5126//5126 5134//5134 5125//5125
f 5134//5134 5133//5133 5125//5125
f 5127//5127 5135//5135 5126//5126
f 5135//5135 5134//5134 5126//5126
f 5128//5128 5136//5136 5127//5127
f 5136//5136 5135//5135 5127//5127
f 5122//5122 5130//5130 5128//5128
f 5130//5130 5136//5136 5128//5128
f 5129//5129 5137//5137 5130//5130
f 5137//5137 5138//5138 5130//5130
f 5131//5131 5139//5139 5129//5129
f 5139//5139 5137//5137 5129//5129
f 5132//5132 5140//5140 5131//5131
f 5140//5140 5139//5139 5131//5131
f 5133//5133 5141//5141 5132//5132
f 5141//5141 5140//5140 5132//5132
f 5134//5134 5142//5142 5133//5133
f 5142//5142 5141//5141 5133//5133
f 5135//5135 5143//5143 5134//5134
f 5143//5143 5142//5142 5134//5134
f 5136//5136 5144//5144 5135//5135
f 5144//5144 5143//5143 5135//5135
f 5130//5130 5138//5138 5136//5136
f 5138//5138 5144//5144 5136//5136
f 5137//5137 5145//5145 5138//5138
f 5145//5145 5146//5146 5138//5138
f 5139//5139 5147//5147 5137//5137
f 5147//5147 5145//5145 5137//5137
f 5140//5140 5148//5148 5139//5139
f 5148//5148 5147//5147 5139//5139
f 5141//5141 5149//5149 5140//5140
f 5149//5149 5148//5148 5140//5140
f 5142//5142 5150//5150 5141//5141
f 5150//5150 5149//5149 5141//5141
f 5143//5143 5151//5151 5142//5142
f 5151//5151 5150//5150 5142//5142
f 5144//5144 5152//5152 5143//5143
f 5152//5152 5151//5151 5143//5143
f 5138//5138 5146//5146 5144//5144
f 5146//5146 5152//5152 5144//5144
f 5153//5153 5106//5106 5108//5108
f 5154//5154 5153//5153 5108//5108
f 5155//5155 5110//5110 5106//5106
f 5153//5153 5155//5155 5106//5106
f 5156//5156 5112//5112 5110//5110
f 5155//5155 5156//5156 5110//5110
f 5157//5157 5114//5114 5112//5112
f 5156//5156 5157//5157 5112//5112
f 5158//5158 5116//5116 5114//5114
f 5157//5157 5158//5158 5114//5114
f 5159//5159 5118//5118 5116//5116
f 5158//5158 5159//5159 5116//5116
f 5160//5160 5119//5119 5118//5118
f 5159//5159 5160//5160 5118//5118
f 5154//5154 5108//5108 5119//5119
f 5160//5160 5154//5154 5119//5119
f 5161//5161 5153//5153 5154//5154
f 5162//5162 5161//5161 5154//5154
f 5163//5163 5155//5155 5153//5153
f 5161//5161 5163//5163 5153//5153
f 5164//5164 5156//5156 5155//5155
f 5163//5163 5164//5164 5155//5155
f 5165//5165 5157//5157 5156//5156
f 5164//5164 5165//5165 5156//5156
f 5166//5166 5158//5158 5157//5157
f 5165//5165 5166//5166 5157//5157
f 5167//5167 5159//5159 5158//5158
f 5166//5166 5167//5167 5158//5158
f 5168//5168 5160//5160 5159//5159
f 5167//5167 5168//5168 5159//5159
f 5162//5162 5154//5154 5160//5160
f 5168//5168 5162//5162 5160//5160
f 5169//5169 5161//5161 5162//5162
f 5170//5170 5169//5169 5162//5162
f 5171//5171 5163//5163 5161//5161
f 5169//5169 5171//5171 5161//5161
f 5172//5172 5164//5164 5163//5163
f 5171//5171 5172//5172 5163//5163
f 5173//5173 5165//5165 5164//5164
f 5172//5172 5173//5173 5164//5164
f 5174//5174 5166//5166 5165//5165
f 5173//5173 5174//5174 5165//5165
f 5175//5175 5167//5167 5166//5166
f 5174//5174 5175//5175 5166//5166
f 5176//5176 5168//5168 5167//5167
f 5175//5175 5176//5176 5167//5167
f 5170//5170 5162//5162 5168//5168
f 5176//5176 5170//5170 5168//5168
f 5177//5177 5169//5169 5170//5170
f 5178//5178 5177//5177 5170//5170
f 5179//5179 5171//5171 5169//5169
f 5177//5177 5179//5179 5169//5169
f 5180//5180 5172//5172 5171//5171
f 5179//5179 5180//5180 5171//5171
f 5181//5181 5173//5173 5172//5172
f 5180//5180 5181//5181 5172//5172
f 5182//5182 5174//5174 5173//5173
f 5181//5181 5182//5182 5173//5173
f 5183//5183 5175//5175 5174//5174
f 5182//5182 5183//5183 5174//5174
f 5184//5184 5176//5176 5175//5175
f 5183//5183 5184//5184 5175//5175
f 5178//5178 5170//5170 5176//5176
f 5184//5184 5178//5178 5176//5176
f 5185//5185 5186//5186 5187//5187
f 5187//5187 5186//5186 5188//5188
f 5189//5189 5185//5185 5190//5190
f 5190//5190 5185//5185 5187//5187
f 5191//5191 5189//5189 5192//5192
f 5192//5192 5189//5189 5190//5190
f 5193//5193 5191//5191 5194//5194
f 5194//5194 5191//5191 5192//5192
f 5195//5195 5193//5193 5196//5196
f 5196//5196 5193//5193 5194//5194
f 5197//5197 5195//5195 5196//5196
f 5198//5198 5197//5197 5199//5199
f 5186//5186 5198//5198 5188//5188
f 5188//5188 5198//5198 5199//5199
f 5187//5187 5188//5188 5200//5200
f 5200//5200 5188//5188 5201//5201
f 5190//5190 5187//5187 5202//5202
f 5202//5202 5187//5187 5200//5200
f 5192//5192 5190//5190 5203//5203
f 5203//5203 5190//5190 5202//5202
f 5194//5194 5192//5192 5204//5204
f 5204//5204 5192//5192 5203//5203
f 5196//5196 5194//5194 5205//5205
f 5205//5205 5194//5194 5204//5204
f 5197//5197 5196//5196 5206//5206
f 5206//5206 5196//5196 5205//5205
f 5199//5199 5197//5197 5207//5207
f 5207//5207 5197//5197 5206//5206
f 5188//5188 5199//5199 5201//5201
f 5201//5201 5199//5199 5207//5207
f 5200//5200 5201//5201 5208//5208
f 5208//5208 5201//5201 5209//5209
f 5202//5202 5200//5200 5210//5210
f 5210//5210 5200//5200 5208//5208
f 5203//5203 5202//5202 5211//5211
f 5211//5211 5202//5202 5210//5210
f 5204//5204 5203//5203 5212//5212
f 5212//5212 5203//5203 5211//5211
f 5205//5205 5204//5204 5213//5213
f 5213//5213 5204//5204 5212//5212
f 5206//5206 5205//5205 5214//5214
f 5214//5214 5205//5205 5213//5213
f 5207//5207 5206//5206 5215//5215
f 5215//5215 5206//5206 5214//5214
f 5201//5201 5207//5207 5209//5209
f 5209//5209 5207//5207 5215//5215
f 5208//5208 5209//5209 5216//5216
f 5216//5216 5209//5209 5217//5217
f 5210//5210 5208//5208 5218//5218
f 5218//5218 5208//5208 5216//5216
f 5211//5211 5210//5210 5219//5219
f 5219//5219 5210//5210 5218//5218
f 5212//5212 5211//5211 5220//5220
f 5220//5220 5211//5211 5219//5219
f 5213//5213 5212//5212 5221//5221
f 5221//5221 5212//5212 5220//5220
f 5214//5214 5213//5213 5222//5222
f 5222//5222 5213//5213 5221//5221
f 5215//5215 5214//5214 5223//5223
f 5223//5223 5214//5214 5222//5222
f 5209//5209 5215//5215 5217//5217
f 5217//5217 5215//5215 5223//5223
f 5216//5216 5217//5217 5224//5224
f 5224//5224 5217//5217 5225//5225
f 5218//5218 5216//5216 5226//5226
f 5226//5226 5216//5216 5224//5224
f 5219//5219 5218//5218 5227//5227
f 5227//5227 5218//5218 5226//5226
f 5220//5220 5219//5219 5228//5228
f 5228//5228 5219//5219 5227//5227
f 5221//5221 5220//5220 5229//5229
f 5229//5229 5220//5220 5228//5228
f 5222//5222 5221//5221 5230//5230
f 5230//5230 5221//5221 5229//5229
f 5223//5223 5222//5222 5231//5231
f 5231//5231 5222//5222 5230//5230
f 5217//5217 5223//5223 5225//5225
f 5225//5225 5223//5223 5231//5231
f 5232//5232 5186//5186 5185//5185
f 5233//5233 5186//5186 5232//5232
f 5234//5234 5185//5185 5189//5189
f 5232//5232 5185//5185 5234//5234
f 5235//5235 5189//5189 5191//5191
f 5234//5234 5189//5189 5235//5235
f 5236//5236 5191//5191 5193//5193
f 5235//5235 5191//5191 5236//5236
f 5237//5237 5193//5193 5195//5195
f 5236//5236 5193//5193 5237//5237
f 5238//5238 5195//5195 5197//5197
f 5237//5237 5195//5195 5238//5238
f 5239//5239 5197//5197 5198//5198
f 5238//5238 5197//5197 5239//5239
f 5233//5233 5198//5198 5186//5186
f 5239//5239 5198//5198 5233//5233
f 5240//5240 5233//5233 5232//5232
f 5241//5241 5233//5233 5240//5240
f 5242//5242 5232//5232 5234//5234
f 5240//5240 5232//5232 5242//5242
f 5243//5243 5234//5234 5235//5235
f 5242//5242 5234//5234 5243//5243
f 5244//5244 5235//5235 5236//5236
f 5243//5243 5235//5235 5244//5244
f 5245//5245 5236//5236 5237//5237
f 5244//5244 5236//5236 5245//5245
f 5246//5246 5237//5237 5238//5238
f 5245//5245 5237//5237 5246//5246
f 5247//5247 5238//5238 5239//5239
f 5246//5246 5238//5238 5247//5247
f 5241//5241 5239//5239 5233//5233
f 5247//5247 5239//5239 5241//5241
f 5248//5248 5241//5241 5240//5240
f 5249//5249 5241//5241 5248//5248
f 5250//5250 5240//5240 5242//5242
f 5248//5248 5240//5240 5250//5250
f 5251//5251 5242//5242 5243//5243
f 5250//5250 5242//5242 5251//5251
f 5252//5252 5243//5243 5244//5244
f 5251//5251 5243//5243 5252//5252
f 5253//5253 5244//5244 5245//5245
f 5252//5252 5244//5244 5253//5253
f 5254//5254 5245//5245 5246//5246
f 5253//5253 5245//5245 5254//5254
f 5255//5255 5246//5246 5247//5247
f 5254//5254 5246//5246 5255//5255
f 5249//5249 5247//5247 5241//5241
f 5255//5255 5247//5247 5249//5249
f 5256//5256 5249//5249 5248//5248
f 5257//5257 5249//5249 5256//5256
f 5258//5258 5248//5248 5250//5250
f 5256//5256 5248//5248 5258//5258
f 5259//5259 5250//5250 5251//5251
f 5258//5258 5250//5250 5259//5259
f 5260//5260 5251//5251 5252//5252
f 5259//5259 5251//5251 5260//5260
f 5261//5261 5252//5252 5253//5253
f 5260//5260 5252//5252 5261//5261
f 5262//5262 5253//5253 5254//5254
f 5261//5261 5253//5253 5262//5262
f 5263//5263 5254//5254 5255//5255
f 5262//5262 5254//5254 5263//5263
f 5257//5257 5255//5255 5249//5249
f 5263//5263 5255//5255 5257//5257
f 5264//5264 5265//5265 5266//5266
f 5267//5267 5264//5264 5266//5266
f 5268//5268 5264//5264 5267//5267
f 5269//5269 5268//5268 5267//5267
f 5270//5270 5268//5268 5269//5269
f 5271//5271 5270//5270 5269//5269
f 5272//5272 5270//5270 5271//5271
f 5273//5273 5272//5272 5271//5271
f 5274//5274 5272//5272 5273//5273
f 5275//5275 5274//5274 5273//5273
f 5276//5276 5274//5274 5275//5275
f 5277//5277 5276//5276 5275//5275
f 5278//5278 5276//5276 5277//5277
f 5279//5279 5278//5278 5277//5277
f 5280//5280 5278//5278 5279//5279
f 5281//5281 5280//5280 5279//5279
f 5282//5282 5280//5280 5281//5281
f 5283//5283 5282//5282 5281//5281
f 5284//5284 5282//5282 5283//5283
f 5285//5285 5284//5284 5283//5283
f 5286//5286 5284//5284 5285//5285
f 5287//5287 5286//5286 5285//5285
f 5288//5288 5286//5286 5287//5287
f 5289//5289 5288//5288 5287//5287
f 5290//5290 5288//5288 5289//5289
f 5291//5291 5290//5290 5289//5289
f 5292//5292 5290//5290 5291//5291
f 5293//5293 5292//5292 5291//5291
f 5294//5294 5292//5292 5293//5293
f 5295//5295 5294//5294 5293//5293
f 5296//5296 5294//5294 5295//5295
f 5297//5297 5296//5296 5295//5295
f 5298//5298 5296//5296 5297//5297
f 5299//5299 5298//5298 5297//5297
f 5300//5300 5298//5298 5299//5299
f 5301//5301 5300//5300 5299//5299
f 5302//5302 5300//5300 5301//5301
f 5303//5303 5302//5302 5301//5301
f 5304//5304 5302//5302 5303//5303
f 5305//5305 5304//5304 5303//5303
f 5306//5306 5304//5304 5305//5305
f 5307//5307 5306//5306 5305//5305
f 5308//5308 5306//5306 5307//5307
f 5309//5309 5308//5308 5307//5307
f 5310//5310 5308//5308 5309//5309
f 5311//5311 5310//5310 5309//5309
f 5312//5312 5310//5310 5311//5311
f 5313//5313 5312//5312 5311//5311
f 5314//5314 5312//5312 5313//5313
f 5315//5315 5314//5314 5313//5313
f 5316//5316 5314//5314 5315//5315
f 5317//5317 5316//5316 5315//5315
f 5318//5318 5316//5316 5317//5317
f 5319//5319 5318//5318 5317//5317
f 5320//5320 5318//5318 5319//5319
f 5321//5321 5320//5320 5319//5319
f 5322//5322 5320//5320 5321//5321
f 5323//5323 5322//5322 5321//5321
f 5324//5324 5322//5322 5323//5323
f 5325//5325 5324//5324 5323//5323
f 5326//5326 5324//5324 5325//5325
f 5327//5327 5326//5326 5325//5325
f 5328//5328 5326//5326 5327//5327
f 5329//5329 5328//5328 5327//5327
f 5330//5330 5328//5328 5329//5329
f 5331//5331 5330//5330 5329//5329
f 5332//5332 5330//5330 5331//5331
f 5333//5333 5332//5332 5331//5331
f 5334//5334 5332//5332 5333//5333
f 5335//5335 5334//5334 5333//5333
f 5265//5265 5334//5334 5335//5335
f 5266//5266 5265//5265 5335//5335
f 3627//3627 3626//3626 5264//5264
f 5265//5265 5264//5264 3626//3626
f 3623//3623 3622//3622 5266//5266
f 5267//5267 5266//5266 3622//3622
f 3635//3635 3627//3627 5268//5268
f 5264//5264 5268//5268 3627//3627
f 3622//3622 3633//3633 5267//5267
f 5269//5269 5267//5267 3633//3633
f 3642//3642 3635//3635 5270//5270
f 5268//5268 5270//5270 3635//3635
f 3633//3633 3640//3640 5269//5269
f 5271//5271 5269//5269 3640//3640
f 3649//3649 3642//3642 5272//5272
f 5270//5270 5272//5272 3642//3642
f 3640//3640 3647//3647 5271//5271
f 5273//5273 5271//5271 3647//3647
f 3656//3656 3649//3649 5274//5274
f 5272//5272 5274//5274 3649//3649
f 3647//3647 3654//3654 5273//5273
f 5275//5275 5273//5273 3654//3654
f 3663//3663 3656//3656 5276//5276
f 5274//5274 5276//5276 3656//3656
f 3654//3654 3661//3661 5275//5275
f 5277//5277 5275//5275 3661//3661
f 3670//3670 3663//3663 5278//5278
f 5276//5276 5278//5278 3663//3663
f 3661//3661 3668//3668 5277//5277
f 5279//5279 5277//5277 3668//3668
f 3677//3677 3670//3670 5280//5280
f 5278//5278 5280//5280 3670//3670
f 3668//3668 3675//3675 5279//5279
f 5281//5281 5279//5279 3675//3675
f 3684//3684 3677//3677 5282//5282
f 5280//5280 5282//5282 3677//3677
f 3675//3675 3682//3682 5281//5281
f 5283//5283 5281//5281 3682//3682
f 3691//3691 3684//3684 5284//5284
f 5282//5282 5284//5284 3684//3684
f 3682//3682 3689//3689 5283//5283
f 5285//5285 5283//5283 3689//3689
f 3698//3698 3691//3691 5286//5286
f 5284//5284 5286//5286 3691//3691
f 3689//3689 3696//3696 5285//5285
f 5287//5287 5285//5285 3696//3696
f 3705//3705 3698//3698 5288//5288
f 5286//5286 5288//5288 3698//3698
f 3696//3696 3703//3703 5287//5287
f 5289//5289 5287//5287 3703//3703
f 3712//3712 3705//3705 5290//5290
f 5288//5288 5290//5290 3705//3705
f 3703//3703 3710//3710 5289//5289
f 5291//5291 5289//5289 3710//3710
f 3719//3719 3712//3712 5292//5292
f 5290//5290 5292//5292 3712//3712
f 3710//3710 3717//3717 5291//5291
f 5293//5293 5291//5291 3717//3717
f 3726//3726 3719//3719 5294//5294
f 5292//5292 5294//5294 3719//3719
f 3717//3717 3724//3724 5293//5293
f 5295//5295 5293//5293 3724//3724
f 3733//3733 3726//3726 5296//5296
f 5294//5294 5296//5296 3726//3726
f 3724//3724 3731//3731 5295//5295
f 5297//5297 5295//5295 3731//3731
f 3740//3740 3733//3733 5298//5298
f 5296//5296 5298//5298 3733//3733
f 3731//3731 3738//3738 5297//5297
f 5299//5299 5297//5297 3738//3738
f 3747//3747 3740//3740 5300//5300
f 5298//5298 5300//5300 3740//3740
f 3738//3738 3745//3745 5299//5299
f 5301//5301 5299//5299 3745//3745
f 3754//3754 3747//3747 5302//5302
f 5300//5300 5302//5302 3747//3747
f 3745//3745 3752//3752 5301//5301
f 5303//5303 5301//5301 3752//3752
f 3761//3761 3754//3754 5304//5304
f 5302//5302 5304//5304 3754//3754
f 3752//3752 3759//3759 5303//5303
f 5305//5305 5303//5303 3759//3759
f 3768//3768 3761//3761 5306//5306
f 5304//5304 5306//5306 3761//3761
f 3759//3759 3766//3766 5305//5305
f 5307//5307 5305//5305 3766//3766
f 3775//3775 3768//3768 5308//5308
f 5306//5306 5308//5308 3768//3768
f 3766//3766 3773//3773 5307//5307
f 5309//5309 5307//5307 3773//3773
f 3782//3782 3775//3775 5310//5310
f 5308//5308 5310//5310 3775//3775
f 3773//3773 3780//3780 5309//5309
f 5311//5311 5309//5309 3780//3780
f 3789//3789 3782//3782 5312//5312
f 5310//5310 5312//5312 3782//3782
f 3780//3780 3787//3787 5311//5311
f 5313//5313 5311//5311 3787//3787
f 3796//3796 3789//3789 5314//5314
f 5312//5312 5314//5314 3789//3789
f 3787//3787 3794//3794 5313//5313
f 5315//5315 5313//5313 3794//3794
f 3803//3803 3796//3796 5316//5316
f 5314//5314 5316//5316 3796//3796
f 3794//3794 3801//3801 5315//5315
f 5317//5317 5315//5315 3801//3801
f 3810//3810 3803//3803 5318//5318
f 5316//5316 5318//5318 3803//3803
f 3801//3801 3808//3808 5317//5317
f 5319//5319 5317//5317 3808//3808
f 3817//3817 3810//3810 5320//5320
f 5318//5318 5320//5320 3810//3810
f 3808//3808 3815//3815 5319//5319
f 5321//5321 5319//5319 3815//3815
f 3824//3824 3817//3817 5322//5322
f 5320//5320 5322//5322 3817//3817
f 3815//3815 3822//3822 5321//5321
f 5323//5323 5321//5321 3822//3822
f 3831//3831 3824//3824 5324//5324
f 5322//5322 5324//5324 3824//3824
f 3822//3822 3829//3829 5323//5323
f 5325//5325 5323//5323 3829//3829
f 3838//3838 3831//3831 5326//5326
f 5324//5324 5326//5326 3831//3831
f 3829//3829 3836//3836 5325//5325
f 5327//5327 5325//5325 3836//3836
f 3845//3845 3838//3838 5328//5328
f 5326//5326 5328//5328 3838//3838
f 3836//3836 3843//3843 5327//5327
f 5329//5329 5327//5327 3843//3843
f 3852//3852 3845//3845 5330//5330
f 5328//5328 5330//5330 3845//3845
f 3843//3843 3850//3850 5329//5329
f 5331//5331 5329//5329 3850//3850
f 3859//3859 3852//3852 5332//5332
f 5330//5330 5332//5332 3852//3852
f 3850//3850 3857//3857 5331//5331
f 5333//5333 5331//5331 3857//3857
f 3866//3866 3859//3859 5334//5334
f 5332//5332 5334//5334 3859//3859
f 3857//3857 3864//3864 5333//5333
f 5335//5335 5333//5333 3864//3864
f 3626//3626 3866//3866 5265//5265
f 5334//5334 5265//5265 3866//3866
f 3864//3864 3623//3623 5335//5335
f 5266//5266 5335//5335 3623//3623
f 5336//5336 5337//5337 5338//5338
f 5339//5339 5340//5340 5341//5341
f 5342//5342 5343//5343 5344//5344
f 5340//5340 5345//5345 5341//5341
f 5346//5346 5347//5347 5348//5348
f 5347//5347 5346//5346 5349//5349
f 5344//5344 5343//5343 5350//5350
f 5338//5338 5337//5337 5351//5351
f 5337//5337 5352//5352 5351//5351
f 5351//5351 5352//5352 5353//5353
f 5354//5354 5355//5355 5356//5356
f 5348//5348 5347//5347 5357//5357
f 5345//5345 5349//5349 5341//5341
f 5355//5355 5354//5354 5347//5347
f 5358//5358 5359//5359 5360//5360
f 5352//5352 5361//5361 5353//5353
f 5353//5353 5361//5361 5362//5362
f 5361//5361 5363//5363 5362//5362
f 5343//5343 5364//5364 5350//5350
f 5350//5350 5364//5364 5365//5365
f 5364//5364 5366//5366 5365//5365
f 5357//5357 5347//5347 5367//5367
f 5338//5338 5351//5351 5359//5359
f 5337//5337 5336//5336 5368//5368
f 5369//5369 5370//5370 5371//5371
f 5341//5341 5349//5349 5372//5372
f 5365//5365 5366//5366 5373//5373
f 5359//5359 5351//5351 5360//5360
f 5351//5351 5374//5374 5360//5360
f 5360//5360 5374//5374 5375//5375
f 5374//5374 5376//5376 5375//5375
f 5375//5375 5376//5376 5377//5377
f 5376//5376 5378//5378 5377//5377
f 5377//5377 5378//5378 5371//5371
f 5371//5371 5378//5378 5369//5369
f 5378//5378 5379//5379 5369//5369
f 5379//5379 5380//5380 5369//5369
f 5369//5369 5380//5380 5339//5339
f 5339//5339 5380//5380 5340//5340
f 5380//5380 5381//5381 5340//5340
f 5381//5381 5382//5382 5340//5340
f 5382//5382 5383//5383 5340//5340
f 5383//5383 5384//5384 5340//5340
f 5340//5340 5384//5384 5355//5355
f 5355//5355 5384//5384 5356//5356
f 5384//5384 5385//5385 5356//5356
f 5385//5385 5386//5386 5356//5356
f 5356//5356 5386//5386 5387//5387
f 5386//5386 5388//5388 5387//5387
f 5387//5387 5388//5388 5389//5389
f 5388//5388 5390//5390 5389//5389
f 5349//5349 5346//5346 5372//5372
f 5346//5346 5391//5391 5372//5372
f 5372//5372 5391//5391 5370//5370
f 5391//5391 5392//5392 5370//5370
f 5371//5371 5370//5370 5358//5358
f 5347//5347 5354//5354 5367//5367
f 5367//5367 5354//5354 5393//5393
f 5393//5393 5354//5354 5394//5394
f 5394//5394 5354//5354 5395//5395
f 5395//5395 5354//5354 5396//5396
f 5354//5354 5397//5397 5396//5396
f 5366//5366 5398//5398 5373//5373
f 5389//5389 5390//5390 5397//5397
f 5362//5362 5363//5363 5399//5399
f 5363//5363 5368//5368 5399//5399
f 5368//5368 5336//5336 5399//5399
f 5399//5399 5336//5336 5400//5400
f 5400//5400 5336//5336 5401//5401
f 5401//5401 5336//5336 5342//5342
f 5342//5342 5336//5336 5343//5343
f 5336//5336 5402//5402 5343//5343
f 5402//5402 5403//5403 5343//5343
f 5343//5343 5403//5403 5404//5404
f 5392//5392 5405//5405 5370//5370
f 5370//5370 5405//5405 5358//5358
f 5405//5405 5406//5406 5358//5358
f 5406//5406 5407//5407 5358//5358
f 5396//5396 5397//5397 5408//5408
f 5359//5359 5358//5358 5403//5403
f 5407//5407 5409//5409 5358//5358
f 5390//5390 5373//5373 5397//5397
f 5373//5373 5398//5398 5397//5397
f 5397//5397 5398//5398 5408//5408
f 5408//5408 5398//5398 5410//5410
f 5398//5398 5404//5404 5410//5410
f 5410//5410 5404//5404 5411//5411
f 5404//5404 5403//5403 5411//5411
f 5411//5411 5403//5403 5412//5412
f 5412//5412 5403//5403 5413//5413
f 5413//5413 5403//5403 5414//5414
f 5414//5414 5403//5403 5415//5415
f 5415//5415 5403//5403 5416//5416
f 5409//5409 5417//5417 5358//5358
f 5358//5358 5417//5417 5403//5403
f 5417//5417 5418//5418 5403//5403
f 5403//5403 5418//5418 5416//5416
f 5353//5353 5419//5419 5351//5351
f 5419//5419 5420//5420 5351//5351
f 5362//5362 5421//5421 5353//5353
f 5421//5421 5419//5419 5353//5353
f 5399//5399 5422//5422 5362//5362
f 5422//5422 5421//5421 5362//5362
f 5400//5400 5423//5423 5399//5399
f 5423//5423 5422//5422 5399//5399
f 5401//5401 5424//5424 5400//5400
f 5424//5424 5423//5423 5400//5400
f 5342//5342 5425//5425 5401//5401
f 5425//5425 5424//5424 5401//5401
f 5344//5344 5426//5426 5342//5342
f 5426//5426 5425//5425 5342//5342
f 5350//5350 5427//5427 5344//5344
f 5427//5427 5426//5426 5344//5344
f 5365//5365 5428//5428 5350//5350
f 5428//5428 5427//5427 5350//5350
f 5373//5373 5429//5429 5365//5365
f 5429//5429 5428//5428 5365//5365
f 5390//5390 5430//5430 5373//5373
f 5430//5430 5429//5429 5373//5373
f 5388//5388 5431//5431 5390//5390
f 5431//5431 5430//5430 5390//5390
f 5386//5386 5432//5432 5388//5388
f 5432//5432 5431//5431 5388//5388
f 5385//5385 5433//5433 5386//5386
f 5433//5433 5432//5432 5386//5386
f 5384//5384 5434//5434 5385//5385
f 5434//5434 5433//5433 5385//5385
f 5383//5383 5435//5435 5384//5384
f 5435//5435 5434//5434 5384//5384
f 5382//5382 5436//5436 5383//5383
f 5436//5436 5435//5435 5383//5383
f 5381//5381 5437//5437 5382//5382
f 5437//5437 5436//5436 5382//5382
f 5380//5380 5438//5438 5381//5381
f 5438//5438 5437//5437 5381//5381
f 5379//5379 5439//5439 5380//5380
f 5439//5439 5438//5438 5380//5380
f 5378//5378 5440//5440 5379//5379
f 5440//5440 5439//5439 5379//5379
f 5376//5376 5441//5441 5378//5378
f 5441//5441 5440//5440 5378//5378
f 5374//5374 5442//5442 5376//5376
f 5442//5442 5441//5441 5376//5376
f 5351//5351 5420//5420 5374//5374
f 5420//5420 5442//5442 5374//5374
f 5443//5443 5444//5444 5354//5354
f 5356//5356 5443//5443 5354//5354
f 5445//5445 5443//5443 5356//5356
f 5387//5387 5445//5445 5356//5356
f 5389//5389 5445//5445 5387//5387
f 5446//5446 5445//5445 5389//5389
f 5397//5397 5446//5446 5389//5389
f 5444//5444 5446//5446 5397//5397
f 5354//5354 5444//5444 5397//5397
f 5407//5407 5447//5447 5409//5409
f 5447//5447 5448//5448 5409//5409
f 5406//5406 5449//5449 5407//5407
f 5449//5449 5447//5447 5407//5407
f 5405//5405 5450//5450 5406//5406
f 5450//5450 5449//5449 5406//5406
f 5392//5392 5451//5451 5405//5405
f 5451//5451 5450//5450 5405//5405
f 5391//5391 5452//5452 5392//5392
f 5452//5452 5451//5451 5392//5392
f 5346//5346 5453//5453 5391//5391
f 5453//5453 5452//5452 5391//5391
f 5348//5348 5454//5454 5346//5346
f 5454//5454 5453//5453 5346//5346
f 5357//5357 5455//5455 5348//5348
f 5455//5455 5454//5454 5348//5348
f 5367//5367 5456//5456 5357//5357
f 5456//5456 5455//5455 5357//5357
f 5393//5393 5457//5457 5367//5367
f 5457//5457 5456//5456 5367//5367
f 5394//5394 5458//5458 5393//5393
f 5458//5458 5457//5457 5393//5393
f 5395//5395 5459//5459 5394//5394
f 5459//5459 5458//5458 5394//5394
f 5396//5396 5460//5460 5395//5395
f 5460//5460 5459//5459 5395//5395
f 5408//5408 5461//5461 5396//5396
f 5461//5461 5460//5460 5396//5396
f 5410//5410 5462//5462 5408//5408
f 5462//5462 5461//5461 5408//5408
f 5411//5411 5463//5463 5410//5410
f 5463//5463 5462//5462 5410//5410
f 5412//5412 5464//5464 5411//5411
f 5464//5464 5463//5463 5411//5411
f 5413//5413 5465//5465 5412//5412
f 5465//5465 5464//5464 5412//5412
f 5414//5414 5466//5466 5413//5413
f 5466//5466 5465//5465 5413//5413
f 5415//5415 5467//5467 5414//5414
f 5467//5467 5466//5466 5414//5414
f 5416//5416 5468//5468 5415//5415
f 5468//5468 5467//5467 5415//5415
f 5418//5418 5469//5469 5416//5416
f 5469//5469 5468//5468 5416//5416
f 5417//5417 5470//5470 5418//5418
f 5470//5470 5469//5469 5418//5418
f 5409//5409 5448//5448 5417//5417
f 5448//5448 5470//5470 5417//5417
f 5345//5345 5471//5471 5349//5349
f 5340//5340 5471//5471 5345//5345
f 5472//5472 5471//5471 5340//5340
f 5355//5355 5472//5472 5340//5340
f 5473//5473 5472//5472 5355//5355
f 5347//5347 5473//5473 5355//5355
f 5349//5349 5474//5474 5347//5347
f 5474//5474 5473//5473 5347//5347
f 5471//5471 5474//5474 5349//5349
f 5475//5475 5476//5476 5369//5369
f 5339//5339 5477//5477 5369//5369
f 5477//5477 5475//5475 5369//5369
f 5341//5341 5477//5477 5339//5339
f 5478//5478 5477//5477 5341//5341
f 5372//5372 5478//5478 5341//5341
f 5370//5370 5479//5479 5372//5372
f 5479//5479 5478//5478 5372//5372
f 5476//5476 5479//5479 5370//5370
f 5369//5369 5476//5476 5370//5370
f 5377//5377 5480//5480 5375//5375
f 5481//5481 5480//5480 5377//5377
f 5371//5371 5482//5482 5377//5377
f 5482//5482 5481//5481 5377//5377
f 5358//5358 5483//5483 5371//5371
f 5483//5483 5482//5482 5371//5371
f 5360//5360 5483//5483 5358//5358
f 5484//5484 5483//5483 5360//5360
f 5375//5375 5484//5484 5360//5360
f 5480//5480 5484//5484 5375//5375
f 5352//5352 5485//5485 5361//5361
f 5486//5486 5485//5485 5352//5352
f 5337//5337 5486//5486 5352//5352
f 5487//5487 5486//5486 5337//5337
f 5368//5368 5487//5487 5337//5337
f 5488//5488 5487//5487 5368//5368
f 5363//5363 5488//5488 5368//5368
f 5489//5489 5488//5488 5363//5363
f 5361//5361 5489//5489 5363//5363
f 5485//5485 5489//5489 5361//5361
f 5359//5359 5490//5490 5338//5338
f 5491//5491 5490//5490 5359//5359
f 5403//5403 5491//5491 5359//5359
f 5402//5402 5491//5491 5403//5403
f 5492//5492 5491//5491 5402//5402
f 5336//5336 5492//5492 5402//5402
f 5493//5493 5492//5492 5336//5336
f 5338//5338 5493//5493 5336//5336
f 5490//5490 5493//5493 5338//5338
f 5404//5404 5494//5494 5343//5343
f 5495//5495 5494//5494 5404//5404
f 5398//5398 5495//5495 5404//5404
f 5366//5366 5496//5496 5398//5398
f 5496//5496 5495//5495 5398//5398
f 5497//5497 5496//5496 5366//5366
f 5364//5364 5497//5497 5366//5366
f 5498//5498 5497//5497 5364//5364
f 5343//5343 5498//5498 5364//5364
f 5494//5494 5498//5498 5343//5343
f 5486//5486 5487//5487 5493//5493
f 5444//5444 5443//5443 5472//5472
f 5425//5425 5426//5426 5494//5494
f 5453//5453 5454//5454 5473//5473
f 5473//5473 5474//5474 5453//5453
f 5426//5426 5427//5427 5494//5494
f 5494//5494 5427//5427 5498//5498
f 5493//5493 5490//5490 5486//5486
f 5490//5490 5420//5420 5486//5486
f 5420//5420 5419//5419 5486//5486
f 5486//5486 5419//5419 5485//5485
f 5472//5472 5473//5473 5444//5444
f 5477//5477 5478//5478 5471//5471
f 5454//5454 5455//5455 5473//5473
f 5491//5491 5483//5483 5490//5490
f 5419//5419 5421//5421 5485//5485
f 5485//5485 5421//5421 5489//5489
f 5427//5427 5428//5428 5498//5498
f 5498//5498 5428//5428 5497//5497
f 5483//5483 5484//5484 5490//5490
f 5455//5455 5456//5456 5473//5473
f 5443//5443 5445//5445 5472//5472
f 5489//5489 5421//5421 5488//5488
f 5428//5428 5429//5429 5497//5497
f 5497//5497 5429//5429 5496//5496
f 5474//5474 5471//5471 5453//5453
f 5490//5490 5484//5484 5420//5420
f 5420//5420 5484//5484 5442//5442
f 5484//5484 5480//5480 5442//5442
f 5442//5442 5480//5480 5441//5441
f 5480//5480 5481//5481 5441//5441
f 5441//5441 5481//5481 5440//5440
f 5481//5481 5482//5482 5440//5440
f 5482//5482 5476//5476 5440//5440
f 5440//5440 5476//5476 5439//5439
f 5476//5476 5475//5475 5439//5439
f 5439//5439 5475//5475 5438//5438
f 5475//5475 5477//5477 5438//5438
f 5477//5477 5471//5471 5438//5438
f 5438//5438 5471//5471 5437//5437
f 5437//5437 5471//5471 5436//5436
f 5436//5436 5471//5471 5435//5435
f 5435//5435 5471//5471 5434//5434
f 5471//5471 5472//5472 5434//5434
f 5472//5472 5445//5445 5434//5434
f 5434//5434 5445//5445 5433//5433
f 5433//5433 5445//5445 5432//5432
f 5432//5432 5445//5445 5431//5431
f 5445//5445 5446//5446 5431//5431
f 5431//5431 5446//5446 5430//5430
f 5487//5487 5488//5488 5493//5493
f 5471//5471 5478//5478 5453//5453
f 5453//5453 5478//5478 5452//5452
f 5478//5478 5479//5479 5452//5452
f 5452//5452 5479//5479 5451//5451
f 5482//5482 5483//5483 5476//5476
f 5473//5473 5456//5456 5444//5444
f 5456//5456 5457//5457 5444//5444
f 5457//5457 5458//5458 5444//5444
f 5458//5458 5459//5459 5444//5444
f 5459//5459 5460//5460 5444//5444
f 5496//5496 5429//5429 5495//5495
f 5421//5421 5422//5422 5488//5488
f 5488//5488 5422//5422 5493//5493
f 5422//5422 5423//5423 5493//5493
f 5423//5423 5424//5424 5493//5493
f 5424//5424 5425//5425 5493//5493
f 5493//5493 5425//5425 5492//5492
f 5425//5425 5494//5494 5492//5492
f 5492//5492 5494//5494 5491//5491
f 5479//5479 5476//5476 5451//5451
f 5451//5451 5476//5476 5450//5450
f 5476//5476 5483//5483 5450//5450
f 5450//5450 5483//5483 5449//5449
f 5449//5449 5483//5483 5447//5447
f 5460//5460 5461//5461 5444//5444
f 5447//5447 5483//5483 5448//5448
f 5494//5494 5495//5495 5491//5491
f 5430//5430 5446//5446 5429//5429
f 5429//5429 5446//5446 5495//5495
f 5446//5446 5444//5444 5495//5495
f 5444//5444 5461//5461 5495//5495
f 5461//5461 5462//5462 5495//5495
f 5462//5462 5463//5463 5495//5495
f 5495//5495 5463//5463 5491//5491
f 5463//5463 5464//5464 5491//5491
f 5464//5464 5465//5465 5491//5491
f 5465//5465 5466//5466 5491//5491
f 5466//5466 5467//5467 5491//5491
f 5467//5467 5468//5468 5491//5491
f 5448//5448 5483//5483 5470//5470
f 5483//5483 5491//5491 5470//5470
f 5470//5470 5491//5491 5469//5469
f 5491//5491 5468//5468 5469//5469
f 5499//5499 5500//5500 5501//5501
f 5500//5500 5502//5502 5501//5501
f 5503//5503 5504//5504 5501//5501
f 5504//5504 5499//5499 5501//5501
f 5504//5504 5505//5505 5499//5499
f 5505//5505 5500//5500 5499//5499
f 5505//5505 5506//5506 5500//5500
f 5506//5506 5502//5502 5500//5500
f 5506//5506 5503//5503 5502//5502
f 5503//5503 5501//5501 5502//5502
f 5506//5506 5505//5505 5503//5503
f 5505//5505 5504//5504 5503//5503
f 5507//5507 5508//5508 5509//5509
f 5508//5508 5510//5510 5509//5509
f 5511//5511 5512//5512 5509//5509
f 5512//5512 5507//5507 5509//5509
f 5512//5512 5513//5513 5507//5507
f 5513//5513 5508//5508 5507//5507
f 5513//5513 5514//5514 5508//5508
f 5514//5514 5510//5510 5508//5508
f 5514//5514 5511//5511 5510//5510
f 5511//5511 5509//5509 5510//5510
f 5514//5514 5513//5513 5511//5511
f 5513//5513 5512//5512 5511//5511
f 5515//5515 5516//5516 5517//5517
f 5516//5516 5518//5518 5517//5517
f 5519//5519 5520//5520 5517//5517
f 5520//5520 5515//5515 5517//5517
f 5520//5520 5521//5521 5515//5515
f 5521//5521 5516//5516 5515//5515
f 5521//5521 5522//5522 5516//5516
f 5522//5522 5518//5518 5516//5516
f 5522//5522 5519//5519 5518//5518
f 5519//5519 5517//5517 5518//5518
f 5522//5522 5521//5521 5519//5519
f 5521//5521 5520//5520 5519//5519
f 5523//5523 5524//5524 5525//5525
f 5524//5524 5526//5526 5525//5525
f 5527//5527 5528//5528 5525//5525
f 5528//5528 5523//5523 5525//5525
f 5528//5528 5529//5529 5523//5523
f 5529//5529 5524//5524 5523//5523
f 5529//5529 5530//5530 5524//5524
f 5530//5530 5526//5526 5524//5524
f 5530//5530 5527//5527 5526//5526
f 5527//5527 5525//5525 5526//5526
f 5530//5530 5529//5529 5527//5527
f 5529//5529 5528//5528 5527//5527
f 5531//5531 5532//5532 5533//5533
f 5532//5532 5534//5534 5533//5533
f 5535//5535 5536//5536 5533//5533
f 5536//5536 5531//5531 5533//5533
f 5536//5536 5537//5537 5531//5531
f 5537//5537 5532//5532 5531//5531
f 5537//5537 5538//5538 5532//5532
f 5538//5538 5534//5534 5532//5532
f 5538//5538 5535//5535 5534//5534
f 5535//5535 5533//5533 5534//5534
f 5538//5538 5537//5537 5535//5535
f 5537//5537 5536//5536 5535//5535
f 5539//5539 5540//5540 5541//5541
f 5540//5540 5542//5542 5541//5541
f 5543//5543 5544//5544 5541//5541
f 5544//5544 5539//5539 5541//5541
f 5544//5544 5545//5545 5539//5539
f 5545//5545 5540//5540 5539//5539
f 5545//5545 5546//5546 5540//5540
f 5546//5546 5542//5542 5540//5540
f 5546//5546 5543//5543 5542//5542
f 5543//5543 5541//5541 5542//5542
f 5546//5546 5545//5545 5543//5543
f 5545//5545 5544//5544 5543//5543
f 5547//5547 5548//5548 5549//5549
f 5548//5548 5550//5550 5549//5549
f 5551//5551 5552//5552 5549//5549
f 5552//5552 5547//5547 5549//5549
f 5552//5552 5553//5553 5547//5547
f 5553//5553 5548//5548 5547//5547
f 5553//5553 5554//5554 5548//5548
f 5554//5554 5550//5550 5548//5548
f 5554//5554 5551//5551 5550//5550
f 5551//5551 5549//5549 5550//5550
f 5554//5554 5553//5553 5551//5551
f 5553//5553 5552//5552 5551//5551
f 5555//5555 5556//5556 5557//5557
f 5556//5556 5558//5558 5557//5557
f 5559//5559 5560//5560 5557//5557
f 5560//5560 5555//5555 5557//5557
f 5560//5560 5561//5561 5555//5555
f 5561//5561 5556//5556 5555//5555
f 5561//5561 5562//5562 5556//5556
f 5562//5562 5558//5558 5556//5556
f 5562//5562 5559//5559 5558//5558
f 5559//5559 5557//5557 5558//5558
f 5562//5562 5561//5561 5559//5559
f 5561//5561 5560//5560 5559//5559
f 5563//5563 5564//5564 5565//5565
f 5564//5564 5566//5566 5565//5565
f 5567//5567 5568//5568 5565//5565
f 5568//5568 5563//5563 5565//5565
f 5568//5568 5569//5569 5563//5563
f 5569//5569 5564//5564 5563//5563
f 5569//5569 5570//5570 5564//5564
f 5570//5570 5566//5566 5564//5564
f 5570//5570 5567//5567 5566//5566
f 5567//5567 5565//5565 5566//5566
f 5570//5570 5569//5569 5567//5567
f 5569//5569 5568//5568 5567//5567
f 5571//5571 5572//5572 5573//5573
f 5572//5572 5574//5574 5573//5573
f 5575//5575 5576//5576 5571//5571
f 5576//5576 5572//5572 5571//5571
f 5577//5577 5578//5578 5575//5575
f 5578//5578 5576//5576 5575//5575
f 5579//5579 5580//5580 5577//5577
f 5580//5580 5578//5578 5577//5577
f 5581//5581 5582//5582 5579//5579
f 5582//5582 5580//5580 5579//5579
f 5583//5583 5584//5584 5581//5581
f 5584//5584 5582//5582 5581//5581
f 5585//5585 5586//5586 5583//5583
f 5586//5586 5584//5584 5583//5583
f 5573//5573 5574//5574 5585//5585
f 5574//5574 5586//5586 5585//5585
f 5572//5572 5576//5576 5574//5574
f 5580//5580 5576//5576 5578//5578
f 5582//5582 5576//5576 5580//5580
f 5584//5584 5576//5576 5582//5582
f 5586//5586 5576//5576 5584//5584
f 5574//5574 5576//5576 5586//5586
f 5587//5587 5588//5588 5589//5589
f 5589//5589 5588//5588 5590//5590
f 5591//5591 5587//5587 5592//5592
f 5592//5592 5587//5587 5589//5589
f 5593//5593 5591//5591 5594//5594
f 5594//5594 5591//5591 5592//5592
f 5595//5595 5593//5593 5596//5596
f 5596//5596 5593//5593 5594//5594
f 5597//5597 5595//5595 5598//5598
f 5598//5598 5595//5595 5596//5596
f 5599//5599 5597//5597 5600//5600
f 5600//5600 5597//5597 5598//5598
f 5601//5601 5599//5599 5602//5602
f 5602//5602 5599//5599 5600//5600
f 5603//5603 5601//5601 5604//5604
f 5604//5604 5601//5601 5602//5602
f 5605//5605 5603//5603 5606//5606
f 5606//5606 5603//5603 5604//5604
f 5607//5607 5605//5605 5608//5608
f 5608//5608 5605//5605 5606//5606
f 5609//5609 5607//5607 5610//5610
f 5610//5610 5607//5607 5608//5608
f 5611//5611 5609//5609 5612//5612
f 5612//5612 5609//5609 5610//5610
f 5613//5613 5611//5611 5614//5614
f 5614//5614 5611//5611 5612//5612
f 5615//5615 5613//5613 5616//5616
f 5616//5616 5613//5613 5614//5614
f 5617//5617 5615//5615 5618//5618
f 5618//5618 5615//5615 5616//5616
f 5619//5619 5617//5617 5620//5620
f 5620//5620 5617//5617 5618//5618
f 5621//5621 5619//5619 5622//5622
f 5622//5622 5619//5619 5620//5620
f 5623//5623 5621//5621 5624//5624
f 5624//5624 5621//5621 5622//5622
f 5625//5625 5623//5623 5626//5626
f 5626//5626 5623//5623 5624//5624
f 5627//5627 5625//5625 5628//5628
f 5628//5628 5625//5625 5626//5626
f 5629//5629 5627//5627 5630//5630
f 5630//5630 5627//5627 5628//5628
f 5631//5631 5629//5629 5632//5632
f 5632//5632 5629//5629 5630//5630
f 5633//5633 5631//5631 5634//5634
f 5634//5634 5631//5631 5632//5632
f 5588//5588 5633//5633 5590//5590
f 5590//5590 5633//5633 5634//5634
f 5588//5588 5587//5587 5593//5593
f 5587//5587 5591//5591 5593//5593
f 5595//5595 5597//5597 5593//5593
f 5597//5597 5599//5599 5593//5593
f 5599//5599 5601//5601 5593//5593
f 5601//5601 5603//5603 5593//5593
f 5603//5603 5605//5605 5593//5593
f 5605//5605 5607//5607 5593//5593
f 5607//5607 5609//5609 5593//5593
f 5609//5609 5611//5611 5593//5593
f 5611//5611 5613//5613 5593//5593
f 5613//5613 5615//5615 5593//5593
f 5615//5615 5617//5617 5593//5593
f 5617//5617 5619//5619 5593//5593
f 5619//5619 5621//5621 5593//5593
f 5621//5621 5623//5623 5593//5593
f 5623//5623 5625//5625 5593//5593
f 5625//5625 5627//5627 5593//5593
f 5627//5627 5629//5629 5593//5593
f 5629//5629 5631//5631 5593//5593
f 5631//5631 5633//5633 5593//5593
f 5633//5633 5588//5588 5593//5593
f 5589//5589 5590//5590 5626//5626
f 5592//5592 5589//5589 5626//5626
f 5594//5594 5592//5592 5626//5626
f 5596//5596 5594//5594 5626//5626
f 5598//5598 5596//5596 5626//5626
f 5600//5600 5598//5598 5626//5626
f 5602//5602 5600//5600 5626//5626
f 5604//5604 5602//5602 5626//5626
f 5606//5606 5604//5604 5626//5626
f 5608//5608 5606//5606 5626//5626
f 5610//5610 5608//5608 5626//5626
f 5612//5612 5610//5610 5626//5626
f 5614//5614 5612//5612 5626//5626
f 5616//5616 5614//5614 5626//5626
f 5618//5618 5616//5616 5626//5626
f 5620//5620 5618//5618 5626//5626
f 5622//5622 5620//5620 5626//5626
f 5624//5624 5622//5622 5626//5626
f 5630//5630 5628//5628 5626//5626
f 5632//5632 5630//5630 5626//5626
f 5634//5634 5632//5632 5626//5626
f 5590//5590 5634//5634 5626//5626
f 5635//5635 5636//5636 5637//5637
f 5636//5636 5638//5638 5637//5637
f 5639//5639 5640//5640 5637//5637
f 5640//5640 5635//5635 5637//5637
f 5640//5640 5641//5641 5635//5635
f 5641//5641 5636//5636 5635//5635
f 5641//5641 5642//5642 5636//5636
f 5642//5642 5638//5638 5636//5636
f 5642//5642 5639//5639 5638//5638
f 5639//5639 5637//5637 5638//5638
f 5642//5642 5641//5641 5639//5639
f 5641//5641 5640//5640 5639//5639
f 5643//5643 5644//5644 5645//5645
f 5645//5645 5644//5644 5646//5646
f 5647//5647 5644//5644 5648//5648
f 5648//5648 5644//5644 5643//5643
f 5648//5648 5643//5643 5649//5649
f 5649//5649 5643//5643 5645//5645
f 5649//5649 5645//5645 5650//5650
f 5650//5650 5645//5645 5646//5646
f 5650//5650 5646//5646 5647//5647
f 5647//5647 5646//5646 5644//5644
f 5650//5650 5647//5647 5649//5649
f 5649//5649 5647//5647 5648//5648
f 2683//2683 5651//5651 5652//5652
f 5651//5651 5653//5653 5654//5654
f 5653//5653 5655//5655 5656//5656
f 5655//5655 5657//5657 5658//5658
f 2689//2689 5659//5659 5651//5651
f 5659//5659 5660//5660 5653//5653
f 5660//5660 5661//5661 5655//5655
f 5661//5661 5662//5662 5657//5657
f 2694//2694 5663//5663 5659//5659
f 5663//5663 5664//5664 5660//5660
f 5664//5664 5665//5665 5661//5661
f 5665//5665 5666//5666 5662//5662
f 2664//2664 5667//5667 5663//5663
f 5667//5667 5668//5668 5664//5664
f 5668//5668 5669//5669 5665//5665
f 5669//5669 5670//5670 5666//5666
f 2740//2740 5671//5671 5672//5672
f 5671//5671 5673//5673 5674//5674
f 5673//5673 5675//5675 5676//5676
f 5675//5675 5677//5677 5678//5678
f 2745//2745 5679//5679 5671//5671
f 5679//5679 5680//5680 5673//5673
f 5680//5680 5681//5681 5675//5675
f 5681//5681 5682//5682 5677//5677
f 2750//2750 5683//5683 5679//5679
f 5683//5683 5684//5684 5680//5680
f 5684//5684 5685//5685 5681//5681
f 5685//5685 5686//5686 5682//5682
f 2724//2724 5687//5687 5683//5683
f 5687//5687 5688//5688 5684//5684
f 5688//5688 5689//5689 5685//5685
f 5689//5689 5690//5690 5686//5686
f 2723//2723 5691//5691 5687//5687
f 5691//5691 5692//5692 5688//5688
f 5692//5692 5693//5693 5689//5689
f 5693//5693 5694//5694 5690//5690
f 2729//2729 5695//5695 5691//5691
f 5695//5695 5696//5696 5692//5692
f 5696//5696 5697//5697 5693//5693
f 5697//5697 5698//5698 5694//5694
f 2734//2734 5699//5699 5695//5695
f 5699//5699 5700//5700 5696//5696
f 5700//5700 5701//5701 5697//5697
f 5701//5701 5702//5702 5698//5698
f 2704//2704 5703//5703 5699//5699
f 5703//5703 5704//5704 5700//5700
f 5704//5704 5705//5705 5701//5701
f 5705//5705 5706//5706 5702//5702
f 2703//2703 5707//5707 5703//5703
f 5707//5707 5708//5708 5704//5704
f 5708//5708 5709//5709 5705//5705
f 5709//5709 5710//5710 5706//5706
f 2709//2709 5711//5711 5707//5707
f 5711//5711 5712//5712 5708//5708
f 5712//5712 5713//5713 5709//5709
f 5713//5713 5714//5714 5710//5710
f 2714//2714 5715//5715 5711//5711
f 5715//5715 5716//5716 5712//5712
f 5716//5716 5717//5717 5713//5713
f 5717//5717 5718//5718 5714//5714
f 2684//2684 5652//5652 5715//5715
f 5652//5652 5654//5654 5716//5716
f 5654//5654 5656//5656 5717//5717
f 5656//5656 5658//5658 5718//5718
f 2663//2663 5719//5719 5667//5667
f 5719//5719 5720//5720 5668//5668
f 5720//5720 5721//5721 5669//5669
f 5721//5721 5722//5722 5670//5670
f 2669//2669 5723//5723 5719//5719
f 5723//5723 5724//5724 5720//5720
f 5724//5724 5725//5725 5721//5721
f 5725//5725 5726//5726 5722//5722
f 2674//2674 5727//5727 5723//5723
f 5727//5727 5728//5728 5724//5724
f 5728//5728 5729//5729 5725//5725
f 5729//5729 5730//5730 5726//5726
f 2644//2644 5731//5731 5727//5727
f 5731//5731 5732//5732 5728//5728
f 5732//5732 5733//5733 5729//5729
f 5733//5733 5734//5734 5730//5730
f 2643//2643 5735//5735 5731//5731
f 5735//5735 5736//5736 5732//5732
f 5736//5736 5737//5737 5733//5733
f 5737//5737 5738//5738 5734//5734
f 2649//2649 5739//5739 5735//5735
f 5739//5739 5740//5740 5736//5736
f 5740//5740 5741//5741 5737//5737
f 5741//5741 5742//5742 5738//5738
f 2654//2654 5743//5743 5739//5739
f 5743//5743 5744//5744 5740//5740
f 5744//5744 5745//5745 5741//5741
f 5745//5745 5746//5746 5742//5742
f 2624//2624 5747//5747 5743//5743
f 5747//5747 5748//5748 5744//5744
f 5748//5748 5749//5749 5745//5745
f 5749//5749 5750//5750 5746//5746
f 2623//2623 5751//5751 5747//5747
f 5751//5751 5752//5752 5748//5748
f 5752//5752 5753//5753 5749//5749
f 5753//5753 5754//5754 5750//5750
f 2629//2629 5755//5755 5751//5751
f 5755//5755 5756//5756 5752//5752
f 5756//5756 5757//5757 5753//5753
f 5757//5757 5758//5758 5754//5754
f 2634//2634 5759//5759 5755//5755
f 5759//5759 5760//5760 5756//5756
f 5760//5760 5761//5761 5757//5757
f 5761//5761 5762//5762 5758//5758
f 2600//2600 5763//5763 5759//5759
f 5763//5763 5764//5764 5760//5760
f 5764//5764 5765//5765 5761//5761
f 5765//5765 5766//5766 5762//5762
f 2599//2599 5767//5767 5763//5763
f 5767//5767 5768//5768 5764//5764
f 5768//5768 5769//5769 5765//5765
f 5769//5769 5770//5770 5766//5766
f 2605//2605 5771//5771 5767//5767
f 5771//5771 5772//5772 5768//5768
f 5772//5772 5773//5773 5769//5769
f 5773//5773 5774//5774 5770//5770
f 2610//2610 5775//5775 5771//5771
f 5775//5775 5776//5776 5772//5772
f 5776//5776 5777//5777 5773//5773
f 5777//5777 5778//5778 5774//5774
f 2615//2615 5672//5672 5775//5775
f 5672//5672 5674//5674 5776//5776
f 5674//5674 5676//5676 5777//5777
f 5676//5676 5678//5678 5778//5778
f 5779//5779 5780//5780 3225//3225
f 5780//5780 5781//5781 3226//3226
f 5781//5781 5782//5782 3227//3227
f 5782//5782 5783//5783 3204//3204
f 5784//5784 5785//5785 5780//5780
f 5785//5785 5786//5786 5781//5781
f 5786//5786 5787//5787 5782//5782
f 5787//5787 5788//5788 5783//5783
f 5789//5789 5790//5790 5785//5785
f 5790//5790 5791//5791 5786//5786
f 5791//5791 5792//5792 5787//5787
f 5792//5792 5793//5793 5788//5788
f 5658//5658 5657//5657 5790//5790
f 5657//5657 5662//5662 5791//5791
f 5662//5662 5666//5666 5792//5792
f 5666//5666 5670//5670 5793//5793
f 5794//5794 5795//5795 3281//3281
f 5795//5795 5796//5796 3282//3282
f 5796//5796 5797//5797 3283//3283
f 5797//5797 5798//5798 3264//3264
f 5799//5799 5800//5800 5795//5795
f 5800//5800 5801//5801 5796//5796
f 5801//5801 5802//5802 5797//5797
f 5802//5802 5803//5803 5798//5798
f 5804//5804 5805//5805 5800//5800
f 5805//5805 5806//5806 5801//5801
f 5806//5806 5807//5807 5802//5802
f 5807//5807 5808//5808 5803//5803
f 5678//5678 5677//5677 5805//5805
f 5677//5677 5682//5682 5806//5806
f 5682//5682 5686//5686 5807//5807
f 5686//5686 5690//5690 5808//5808
f 5798//5798 5809//5809 3265//3265
f 5809//5809 5810//5810 3266//3266
f 5810//5810 5811//5811 3267//3267
f 5811//5811 5812//5812 3244//3244
f 5803//5803 5813//5813 5809//5809
f 5813//5813 5814//5814 5810//5810
f 5814//5814 5815//5815 5811//5811
f 5815//5815 5816//5816 5812//5812
f 5808//5808 5817//5817 5813//5813
f 5817//5817 5818//5818 5814//5814
f 5818//5818 5819//5819 5815//5815
f 5819//5819 5820//5820 5816//5816
f 5690//5690 5694//5694 5817//5817
f 5694//5694 5698//5698 5818//5818
f 5698//5698 5702//5702 5819//5819
f 5702//5702 5706//5706 5820//5820
f 5812//5812 5821//5821 3245//3245
f 5821//5821 5822//5822 3246//3246
f 5822//5822 5823//5823 3247//3247
f 5823//5823 5779//5779 3224//3224
f 5816//5816 5824//5824 5821//5821
f 5824//5824 5825//5825 5822//5822
f 5825//5825 5826//5826 5823//5823
f 5826//5826 5784//5784 5779//5779
f 5820//5820 5827//5827 5824//5824
f 5827//5827 5828//5828 5825//5825
f 5828//5828 5829//5829 5826//5826
f 5829//5829 5789//5789 5784//5784
f 5706//5706 5710//5710 5827//5827
f 5710//5710 5714//5714 5828//5828
f 5714//5714 5718//5718 5829//5829
f 5718//5718 5658//5658 5789//5789
f 5783//5783 5830//5830 3205//3205
f 5830//5830 5831//5831 3206//3206
f 5831//5831 5832//5832 3207//3207
f 5832//5832 5833//5833 3184//3184
f 5788//5788 5834//5834 5830//5830
f 5834//5834 5835//5835 5831//5831
f 5835//5835 5836//5836 5832//5832
f 5836//5836 5837//5837 5833//5833
f 5793//5793 5838//5838 5834//5834
f 5838//5838 5839//5839 5835//5835
f 5839//5839 5840//5840 5836//5836
f 5840//5840 5841//5841 5837//5837
f 5670//5670 5722//5722 5838//5838
f 5722//5722 5726//5726 5839//5839
f 5726//5726 5730//5730 5840//5840
f 5730//5730 5734//5734 5841//5841
f 5833//5833 5842//5842 3185//3185
f 5842//5842 5843//5843 3186//3186
f 5843//5843 5844//5844 3187//3187
f 5844//5844 5845//5845 3164//3164
f 5837//5837 5846//5846 5842//5842
f 5846//5846 5847//5847 5843//5843
f 5847//5847 5848//5848 5844//5844
f 5848//5848 5849//5849 5845//5845
f 5841//5841 5850//5850 5846//5846
f 5850//5850 5851//5851 5847//5847
f 5851//5851 5852//5852 5848//5848
f 5852//5852 5853//5853 5849//5849
f 5734//5734 5738//5738 5850//5850
f 5738//5738 5742//5742 5851//5851
f 5742//5742 5746//5746 5852//5852
f 5746//5746 5750//5750 5853//5853
f 5845//5845 5854//5854 3165//3165
f 5854//5854 5855//5855 3166//3166
f 5855//5855 5856//5856 3167//3167
f 5856//5856 5857//5857 3143//3143
f 5849//5849 5858//5858 5854//5854
f 5858//5858 5859//5859 5855//5855
f 5859//5859 5860//5860 5856//5856
f 5860//5860 5861//5861 5857//5857
f 5853//5853 5862//5862 5858//5858
f 5862//5862 5863//5863 5859//5859
f 5863//5863 5864//5864 5860//5860
f 5864//5864 5865//5865 5861//5861
f 5750//5750 5754//5754 5862//5862
f 5754//5754 5758//5758 5863//5863
f 5758//5758 5762//5762 5864//5864
f 5762//5762 5766//5766 5865//5865
f 5857//5857 5866//5866 3144//3144
f 5866//5866 5867//5867 3145//3145
f 5867//5867 5868//5868 3146//3146
f 5868//5868 5794//5794 3147//3147
f 5861//5861 5869//5869 5866//5866
f 5869//5869 5870//5870 5867//5867
f 5870//5870 5871//5871 5868//5868
f 5871//5871 5799//5799 5794//5794
f 5865//5865 5872//5872 5869//5869
f 5872//5872 5873//5873 5870//5870
f 5873//5873 5874//5874 5871//5871
f 5874//5874 5804//5804 5799//5799
f 5766//5766 5770//5770 5872//5872
f 5770//5770 5774//5774 5873//5873
f 5774//5774 5778//5778 5874//5874
f 5778//5778 5678//5678 5804//5804
f 5875//5875 5876//5876 5877//5877
f 5876//5876 5878//5878 5879//5879
f 5878//5878 5880//5880 5881//5881
f 5880//5880 5882//5882 5883//5883
f 5884//5884 5885//5885 5876//5876
f 5885//5885 5886//5886 5878//5878
f 5886//5886 5887//5887 5880//5880
f 5887//5887 5888//5888 5882//5882
f 5889//5889 5890//5890 5885//5885
f 5890//5890 5891//5891 5886//5886
f 5891//5891 5892//5892 5887//5887
f 5892//5892 5893//5893 5888//5888
f 5894//5894 5895//5895 5890//5890
f 5895//5895 5896//5896 5891//5891
f 5896//5896 5897//5897 5892//5892
f 5897//5897 5898//5898 5893//5893
f 5899//5899 5900//5900 5901//5901
f 5900//5900 5902//5902 5903//5903
f 5902//5902 5904//5904 5905//5905
f 5904//5904 5906//5906 5907//5907
f 5908//5908 5909//5909 5900//5900
f 5909//5909 5910//5910 5902//5902
f 5910//5910 5911//5911 5904//5904
f 5911//5911 5912//5912 5906//5906
f 5913//5913 5914//5914 5909//5909
f 5914//5914 5915//5915 5910//5910
f 5915//5915 5916//5916 5911//5911
f 5916//5916 5917//5917 5912//5912
f 5918//5918 5919//5919 5914//5914
f 5919//5919 5920//5920 5915//5915
f 5920//5920 5921//5921 5916//5916
f 5921//5921 5922//5922 5917//5917
f 5923//5923 5924//5924 5925//5925
f 5924//5924 5926//5926 5927//5927
f 5926//5926 5928//5928 5929//5929
f 5928//5928 5930//5930 5931//5931
f 5932//5932 5933//5933 5924//5924
f 5933//5933 5934//5934 5926//5926
f 5934//5934 5935//5935 5928//5928
f 5935//5935 5936//5936 5930//5930
f 5937//5937 5938//5938 5933//5933
f 5938//5938 5939//5939 5934//5934
f 5939//5939 5940//5940 5935//5935
f 5940//5940 5941//5941 5936//5936
f 5942//5942 5943//5943 5938//5938
f 5943//5943 5944//5944 5939//5939
f 5944//5944 5945//5945 5940//5940
f 5945//5945 5946//5946 5941//5941
f 5947//5947 5948//5948 5949//5949
f 5948//5948 5950//5950 5951//5951
f 5950//5950 5952//5952 5953//5953
f 5952//5952 5954//5954 5955//5955
f 5956//5956 5957//5957 5948//5948
f 5957//5957 5958//5958 5950//5950
f 5952//5952 5959//5959 5954//5954
f 5957//5957 5903//5903 5958//5958
f 5903//5903 5905//5905 5952//5952
f 5960//5960 5901//5901 5957//5957
f 5905//5905 5907//5907 5959//5959
f 5894//5894 5961//5961 5895//5895
f 5961//5961 5962//5962 5896//5896
f 5962//5962 5963//5963 5897//5897
f 5963//5963 5964//5964 5898//5898
f 5965//5965 5966//5966 5961//5961
f 5966//5966 5967//5967 5962//5962
f 5967//5967 5968//5968 5963//5963
f 5969//5969 5970//5970 5966//5966
f 5970//5970 5971//5971 5967//5967
f 5971//5971 5972//5972 5968//5968
f 5972//5972 5973//5973 5964//5964
f 5974//5974 5975//5975 5970//5970
f 5975//5975 5976//5976 5971//5971
f 5976//5976 5977//5977 5972//5972
f 5977//5977 5978//5978 5973//5973
f 5979//5979 5980//5980 5975//5975
f 5980//5980 5981//5981 5976//5976
f 5981//5981 5982//5982 5977//5977
f 5982//5982 5983//5983 5978//5978
f 5984//5984 5985//5985 5980//5980
f 5985//5985 5986//5986 5981//5981
f 5986//5986 5987//5987 5982//5982
f 5987//5987 5988//5988 5983//5983
f 5989//5989 5949//5949 5985//5985
f 5949//5949 5951//5951 5986//5986
f 5951//5951 5953//5953 5987//5987
f 5953//5953 5955//5955 5988//5988
f 5990//5990 5991//5991 5992//5992
f 5991//5991 5993//5993 5994//5994
f 5993//5993 5995//5995 5996//5996
f 5995//5995 5997//5997 5998//5998
f 5993//5993 5881//5881 5995//5995
f 5881//5881 5883//5883 5997//5997
f 5999//5999 5877//5877 5991//5991
f 5877//5877 5879//5879 5993//5993
f 6000//6000 6001//6001 5943//5943
f 5944//5944 6002//6002 5945//5945
f 6002//6002 6003//6003 5946//5946
f 6004//6004 6005//6005 6001//6001
f 6005//6005 6006//6006 5944//5944
f 6006//6006 6007//6007 6002//6002
f 6008//6008 6009//6009 6005//6005
f 6009//6009 6010//6010 6006//6006
f 6010//6010 6011//6011 6007//6007
f 6011//6011 6012//6012 6003//6003
f 6013//6013 6014//6014 6009//6009
f 6014//6014 6015//6015 6010//6010
f 6015//6015 6016//6016 6011//6011
f 6016//6016 6017//6017 6012//6012
f 6018//6018 6019//6019 6014//6014
f 6019//6019 6020//6020 6015//6015
f 6020//6020 6021//6021 6016//6016
f 6021//6021 6022//6022 6017//6017
f 6023//6023 6024//6024 6019//6019
f 6024//6024 6025//6025 6020//6020
f 6025//6025 6026//6026 6021//6021
f 6026//6026 6027//6027 6022//6022
f 6028//6028 5992//5992 6024//6024
f 5992//5992 5994//5994 6025//6025
f 5994//5994 5996//5996 6026//6026
f 5996//5996 5998//5998 6027//6027
f 5920//5920 6029//6029 5921//5921
f 6030//6030 6031//6031 5919//5919
f 6031//6031 6032//6032 5920//5920
f 6029//6029 6033//6033 5922//5922
f 6034//6034 6035//6035 6031//6031
f 6035//6035 6036//6036 6032//6032
f 6036//6036 6037//6037 6029//6029
f 6037//6037 6038//6038 6033//6033
f 6039//6039 6040//6040 6035//6035
f 6040//6040 6041//6041 6036//6036
f 6041//6041 6042//6042 6037//6037
f 6042//6042 6043//6043 6038//6038
f 6044//6044 6045//6045 6040//6040
f 6045//6045 6046//6046 6041//6041
f 6046//6046 6047//6047 6042//6042
f 6047//6047 6048//6048 6043//6043
f 6049//6049 6050//6050 6045//6045
f 6050//6050 6051//6051 6046//6046
f 6051//6051 6052//6052 6047//6047
f 6052//6052 6053//6053 6048//6048
f 6054//6054 6055//6055 6050//6050
f 6055//6055 6056//6056 6051//6051
f 6056//6056 6057//6057 6052//6052
f 6057//6057 6058//6058 6053//6053
f 6059//6059 6060//6060 6055//6055
f 6060//6060 6061//6061 6056//6056
f 6061//6061 6062//6062 6057//6057
f 6062//6062 6063//6063 6058//6058
f 6059//6059 6064//6064 6060//6060
f 6064//6064 6065//6065 6061//6061
f 6065//6065 5929//5929 6062//6062
f 6066//6066 5925//5925 6064//6064
f 5929//5929 5931//5931 6063//6063
f 5925//5925 5927//5927 6065//6065
f 6067//6067 6068//6068 6069//6069
f 5922//5922 6070//6070 6071//6071
f 6070//6070 6072//6072 6067//6067
f 6068//6068 6063//6063 5931//5931
f 6033//6033 6073//6073 6070//6070
f 6073//6073 6074//6074 6072//6072
f 6074//6074 6075//6075 6068//6068
f 6038//6038 6043//6043 6073//6073
f 6043//6043 6048//6048 6074//6074
f 6048//6048 6053//6053 6075//6075
f 6053//6053 6058//6058 6063//6063
f 6076//6076 6077//6077 5918//5918
f 6077//6077 6078//6078 6030//6030
f 6078//6078 6039//6039 6034//6034
f 6079//6079 6080//6080 6077//6077
f 6080//6080 6081//6081 6078//6078
f 6081//6081 6044//6044 6039//6039
f 6082//6082 6083//6083 6079//6079
f 6083//6083 6084//6084 6081//6081
f 6084//6084 6049//6049 6044//6044
f 6066//6066 6059//6059 6083//6083
f 6059//6059 6054//6054 6049//6049
f 6085//6085 6086//6086 5883//5883
f 6086//6086 6087//6087 5997//5997
f 6087//6087 6027//6027 5998//5998
f 6088//6088 6089//6089 6086//6086
f 6089//6089 6090//6090 6087//6087
f 6090//6090 6022//6022 6027//6027
f 6091//6091 6092//6092 6088//6088
f 6092//6092 6093//6093 6089//6089
f 6093//6093 6094//6094 6090//6090
f 6094//6094 6017//6017 6022//6022
f 5946//5946 6003//6003 6093//6093
f 6003//6003 6012//6012 6017//6017
f 6095//6095 6096//6096 6097//6097
f 6096//6096 6000//6000 5942//5942
f 5990//5990 6098//6098 6099//6099
f 6098//6098 6100//6100 6095//6095
f 6100//6100 6101//6101 6096//6096
f 6101//6101 6004//6004 6000//6000
f 5990//5990 6102//6102 6098//6098
f 6102//6102 6103//6103 6100//6100
f 6103//6103 6104//6104 6101//6101
f 6028//6028 6023//6023 6102//6102
f 6023//6023 6018//6018 6103//6103
f 6018//6018 6013//6013 6104//6104
f 6013//6013 6008//6008 6004//6004
f 6105//6105 6106//6106 5959//5959
f 6106//6106 6107//6107 5959//5959
f 6107//6107 6108//6108 5954//5954
f 6108//6108 5988//5988 5955//5955
f 6109//6109 6110//6110 6106//6106
f 6110//6110 6111//6111 6108//6108
f 6111//6111 5983//5983 5988//5988
f 6112//6112 6113//6113 6110//6110
f 6113//6113 6114//6114 6111//6111
f 6114//6114 5978//5978 5983//5983
f 5898//5898 5964//5964 6113//6113
f 5964//5964 5973//5973 5978//5978
f 6115//6115 6116//6116 6117//6117
f 6116//6116 6118//6118 6119//6119
f 5956//5956 6120//6120 6116//6116
f 6118//6118 6121//6121 6122//6122
f 6121//6121 5965//5965 5894//5894
f 5947//5947 6123//6123 6120//6120
f 6123//6123 6124//6124 6118//6118
f 6124//6124 6125//6125 6121//6121
f 5989//5989 5984//5984 6123//6123
f 5984//5984 5979//5979 6124//6124
f 5979//5979 5974//5974 6125//6125
f 5974//5974 5969//5969 5965//5965
f 5906//5906 6126//6126 6127//6127
f 6128//6128 5941//5941 5946//5946
f 6129//6129 6069//6069 6128//6128
f 6069//6069 5936//5936 5941//5941
f 5917//5917 6071//6071 6126//6126
f 6071//6071 6067//6067 6129//6129
f 6069//6069 5930//5930 5936//5936
f 6069//6069 5931//5931 5930//5930
f 6130//6130 6131//6131 5899//5899
f 6131//6131 6076//6076 5913//5913
f 6132//6132 6079//6079 6076//6076
f 6133//6133 6082//6082 6132//6132
f 5942//5942 5937//5937 6133//6133
f 5937//5937 5932//5932 6082//6082
f 5932//5932 5923//5923 6082//6082
f 5923//5923 6066//6066 6082//6082
f 6127//6127 6134//6134 6105//6105
f 6134//6134 6135//6135 6109//6109
f 6135//6135 6136//6136 6112//6112
f 6136//6136 5893//5893 5898//5898
f 6129//6129 6137//6137 6134//6134
f 6135//6135 6138//6138 6136//6136
f 6138//6138 5888//5888 5893//5893
f 6128//6128 6139//6139 6137//6137
f 6139//6139 6140//6140 6135//6135
f 6140//6140 6141//6141 6138//6138
f 6141//6141 5882//5882 5888//5888
f 5946//5946 6091//6091 6139//6139
f 6091//6091 6088//6088 6140//6140
f 6088//6088 6085//6085 6141//6141
f 6085//6085 5883//5883 5882//5882
f 6117//6117 6142//6142 6130//6130
f 6142//6142 6143//6143 6132//6132
f 6143//6143 6144//6144 6133//6133
f 6144//6144 6097//6097 5942//5942
f 6119//6119 6145//6145 6142//6142
f 6145//6145 6146//6146 6144//6144
f 6146//6146 6095//6095 6097//6097
f 6122//6122 6147//6147 6145//6145
f 6147//6147 6148//6148 6145//6145
f 6148//6148 6149//6149 6146//6146
f 6149//6149 6099//6099 6095//6095
f 5894//5894 5889//5889 6147//6147
f 5889//5889 5884//5884 6148//6148
f 5884//5884 5875//5875 6149//6149
f 5875//5875 5999//5999 6099//6099
f 6150//6150 6151//6151 6152//6152
f 6151//6151 6153//6153 6152//6152
f 6154//6154 6155//6155 6152//6152
f 6155//6155 6150//6150 6152//6152
f 6156//6156 6157//6157 6151//6151
f 6157//6157 6153//6153 6151//6151
f 6157//6157 6156//6156 6154//6154
f 6156//6156 6155//6155 6154//6154
f 6158//6158 6159//6159 6160//6160
f 6161//6161 6162//6162 6163//6163
f 6164//6164 6165//6165 6166//6166
f 6167//6167 6168//6168 6169//6169
f 6170//6170 6171//6171 6172//6172
f 6160//6160 6159//6159 6173//6173
f 6171//6171 6174//6174 6172//6172
f 6159//6159 6158//6158 6175//6175
f 6163//6163 6162//6162 6176//6176
f 6165//6165 6164//6164 6177//6177
f 6166//6166 6165//6165 6178//6178
f 6176//6176 6162//6162 6170//6170
f 6175//6175 6158//6158 6179//6179
f 6177//6177 6164//6164 6180//6180
f 6181//6181 6182//6182 6183//6183
f 6173//6173 6159//6159 6184//6184
f 6178//6178 6165//6165 6185//6185
f 6172//6172 6174//6174 6186//6186
f 6174//6174 6187//6187 6186//6186
f 6168//6168 6167//6167 6188//6188
f 6170//6170 6162//6162 6171//6171
f 6179//6179 6158//6158 6189//6189
f 6180//6180 6164//6164 6190//6190
f 6186//6186 6187//6187 6159//6159
f 6187//6187 6191//6191 6159//6159
f 6168//6168 6192//6192 6169//6169
f 6193//6193 6194//6194 6195//6195
f 6194//6194 6196//6196 6195//6195
f 6183//6183 6182//6182 6197//6197
f 6182//6182 6198//6198 6197//6197
f 6195//6195 6196//6196 6199//6199
f 6196//6196 6200//6200 6199//6199
f 6197//6197 6198//6198 6201//6201
f 6198//6198 6202//6202 6201//6201
f 6199//6199 6200//6200 6203//6203
f 6200//6200 6171//6171 6203//6203
f 6201//6201 6202//6202 6204//6204
f 6202//6202 6205//6205 6204//6204
f 6204//6204 6206//6206 6207//6207
f 6206//6206 6208//6208 6207//6207
f 6209//6209 6189//6189 6210//6210
f 6189//6189 6158//6158 6210//6210
f 6158//6158 6211//6211 6210//6210
f 6210//6210 6211//6211 6212//6212
f 6211//6211 6213//6213 6212//6212
f 6213//6213 6214//6214 6212//6212
f 6214//6214 6215//6215 6212//6212
f 6212//6212 6215//6215 6216//6216
f 6169//6169 6192//6192 6217//6217
f 6192//6192 6218//6218 6217//6217
f 6218//6218 6219//6219 6217//6217
f 6219//6219 6220//6220 6217//6217
f 6203//6203 6171//6171 6221//6221
f 6171//6171 6162//6162 6221//6221
f 6221//6221 6162//6162 6222//6222
f 6222//6222 6162//6162 6165//6165
f 6185//6185 6165//6165 6223//6223
f 6165//6165 6162//6162 6223//6223
f 6223//6223 6162//6162 6224//6224
f 6224//6224 6162//6162 6225//6225
f 6162//6162 6226//6226 6225//6225
f 6225//6225 6226//6226 6227//6227
f 6227//6227 6226//6226 6228//6228
f 6226//6226 6229//6229 6228//6228
f 6228//6228 6229//6229 6230//6230
f 6229//6229 6231//6231 6230//6230
f 6184//6184 6159//6159 6232//6232
f 6159//6159 6191//6191 6232//6232
f 6232//6232 6191//6191 6233//6233
f 6233//6233 6191//6191 6234//6234
f 6234//6234 6191//6191 6235//6235
f 6191//6191 6236//6236 6235//6235
f 6235//6235 6236//6236 6237//6237
f 6236//6236 6238//6238 6237//6237
f 6237//6237 6238//6238 6239//6239
f 6238//6238 6240//6240 6239//6239
f 6239//6239 6240//6240 6215//6215
f 6240//6240 6241//6241 6215//6215
f 6215//6215 6241//6241 6216//6216
f 6241//6241 6242//6242 6216//6216
f 6242//6242 6243//6243 6216//6216
f 6205//6205 6244//6244 6204//6204
f 6204//6204 6244//6244 6206//6206
f 6244//6244 6245//6245 6206//6206
f 6245//6245 6246//6246 6206//6206
f 6246//6246 6247//6247 6206//6206
f 6206//6206 6247//6247 6248//6248
f 6248//6248 6247//6247 6249//6249
f 6247//6247 6250//6250 6249//6249
f 6249//6249 6250//6250 6251//6251
f 6250//6250 6252//6252 6251//6251
f 6207//6207 6208//6208 6253//6253
f 6251//6251 6252//6252 6254//6254
f 6252//6252 6255//6255 6254//6254
f 6182//6182 6181//6181 6256//6256
f 6208//6208 6257//6257 6253//6253
f 6190//6190 6164//6164 6258//6258
f 6164//6164 6259//6259 6258//6258
f 6220//6220 6260//6260 6217//6217
f 6231//6231 6261//6261 6230//6230
f 6230//6230 6261//6261 6262//6262
f 6209//6209 6210//6210 6263//6263
f 6194//6194 6193//6193 6264//6264
f 6193//6193 6265//6265 6264//6264
f 6216//6216 6243//6243 6266//6266
f 6243//6243 6264//6264 6266//6266
f 6264//6264 6265//6265 6266//6266
f 6265//6265 6267//6267 6266//6266
f 6266//6266 6267//6267 6268//6268
f 6267//6267 6258//6258 6268//6268
f 6258//6258 6259//6259 6268//6268
f 6268//6268 6259//6259 6269//6269
f 6259//6259 6270//6270 6269//6269
f 6270//6270 6271//6271 6269//6269
f 6271//6271 6262//6262 6269//6269
f 6269//6269 6262//6262 6272//6272
f 6262//6262 6261//6261 6272//6272
f 6261//6261 6273//6273 6272//6272
f 6273//6273 6274//6274 6272//6272
f 6272//6272 6274//6274 6275//6275
f 6274//6274 6254//6254 6275//6275
f 6254//6254 6255//6255 6275//6275
f 6275//6275 6255//6255 6276//6276
f 6255//6255 6277//6277 6276//6276
f 6277//6277 6256//6256 6276//6276
f 6256//6256 6181//6181 6276//6276
f 6276//6276 6181//6181 6167//6167
f 6181//6181 6278//6278 6167//6167
f 6278//6278 6279//6279 6167//6167
f 6279//6279 6280//6280 6167//6167
f 6167//6167 6280//6280 6188//6188
f 6280//6280 6281//6281 6188//6188
f 6188//6188 6281//6281 6282//6282
f 6281//6281 6283//6283 6282//6282
f 6282//6282 6283//6283 6284//6284
f 6283//6283 6285//6285 6284//6284
f 6284//6284 6285//6285 6286//6286
f 6285//6285 6287//6287 6286//6286
f 6286//6286 6287//6287 6288//6288
f 6287//6287 6253//6253 6288//6288
f 6253//6253 6257//6257 6288//6288
f 6288//6288 6257//6257 6289//6289
f 6289//6289 6257//6257 6290//6290
f 6257//6257 6162//6162 6290//6290
f 6162//6162 6161//6161 6290//6290
f 6290//6290 6161//6161 6260//6260
f 6260//6260 6161//6161 6217//6217
f 6161//6161 6291//6291 6217//6217
f 6217//6217 6291//6291 6210//6210
f 6291//6291 6263//6263 6210//6210
f 6197//6197 6292//6292 6183//6183
f 6292//6292 6293//6293 6183//6183
f 6201//6201 6294//6294 6197//6197
f 6294//6294 6292//6292 6197//6197
f 6204//6204 6295//6295 6201//6201
f 6295//6295 6294//6294 6201//6201
f 6207//6207 6296//6296 6204//6204
f 6296//6296 6295//6295 6204//6204
f 6253//6253 6297//6297 6207//6207
f 6297//6297 6296//6296 6207//6207
f 6287//6287 6298//6298 6253//6253
f 6298//6298 6297//6297 6253//6253
f 6285//6285 6299//6299 6287//6287
f 6299//6299 6298//6298 6287//6287
f 6283//6283 6300//6300 6285//6285
f 6300//6300 6299//6299 6285//6285
f 6281//6281 6301//6301 6283//6283
f 6301//6301 6300//6300 6283//6283
f 6280//6280 6301//6301 6281//6281
f 6302//6302 6301//6301 6280//6280
f 6279//6279 6302//6302 6280//6280
f 6303//6303 6302//6302 6279//6279
f 6278//6278 6303//6303 6279//6279
f 6304//6304 6303//6303 6278//6278
f 6181//6181 6304//6304 6278//6278
f 6305//6305 6304//6304 6181//6181
f 6183//6183 6305//6305 6181//6181
f 6293//6293 6305//6305 6183//6183
f 6229//6229 6306//6306 6231//6231
f 6306//6306 6307//6307 6231//6231
f 6226//6226 6308//6308 6229//6229
f 6308//6308 6306//6306 6229//6229
f 6162//6162 6309//6309 6226//6226
f 6309//6309 6308//6308 6226//6226
f 6257//6257 6310//6310 6162//6162
f 6310//6310 6309//6309 6162//6162
f 6208//6208 6311//6311 6257//6257
f 6311//6311 6310//6310 6257//6257
f 6206//6206 6312//6312 6208//6208
f 6312//6312 6311//6311 6208//6208
f 6248//6248 6313//6313 6206//6206
f 6313//6313 6312//6312 6206//6206
f 6249//6249 6314//6314 6248//6248
f 6314//6314 6313//6313 6248//6248
f 6251//6251 6315//6315 6249//6249
f 6315//6315 6314//6314 6249//6249
f 6254//6254 6315//6315 6251//6251
f 6316//6316 6315//6315 6254//6254
f 6274//6274 6316//6316 6254//6254
f 6317//6317 6316//6316 6274//6274
f 6273//6273 6317//6317 6274//6274
f 6318//6318 6317//6317 6273//6273
f 6261//6261 6318//6318 6273//6273
f 6231//6231 6318//6318 6261//6261
f 6307//6307 6318//6318 6231//6231
f 6166//6166 6319//6319 6164//6164
f 6319//6319 6320//6320 6164//6164
f 6178//6178 6321//6321 6166//6166
f 6321//6321 6319//6319 6166//6166
f 6185//6185 6322//6322 6178//6178
f 6322//6322 6321//6321 6178//6178
f 6223//6223 6323//6323 6185//6185
f 6323//6323 6322//6322 6185//6185
f 6224//6224 6324//6324 6223//6223
f 6324//6324 6323//6323 6223//6223
f 6225//6225 6325//6325 6224//6224
f 6325//6325 6324//6324 6224//6224
f 6227//6227 6326//6326 6225//6225
f 6326//6326 6325//6325 6225//6225
f 6228//6228 6327//6327 6227//6227
f 6327//6327 6326//6326 6227//6227
f 6230//6230 6328//6328 6228//6228
f 6328//6328 6327//6327 6228//6228
f 6262//6262 6328//6328 6230//6230
f 6329//6329 6328//6328 6262//6262
f 6271//6271 6330//6330 6262//6262
f 6330//6330 6329//6329 6262//6262
f 6270//6270 6331//6331 6271//6271
f 6331//6331 6330//6330 6271//6271
f 6259//6259 6332//6332 6270//6270
f 6332//6332 6331//6331 6270//6270
f 6164//6164 6332//6332 6259//6259
f 6320//6320 6332//6332 6164//6164
f 6195//6195 6333//6333 6193//6193
f 6333//6333 6334//6334 6193//6193
f 6199//6199 6335//6335 6195//6195
f 6335//6335 6333//6333 6195//6195
f 6203//6203 6336//6336 6199//6199
f 6336//6336 6335//6335 6199//6199
f 6221//6221 6337//6337 6203//6203
f 6337//6337 6336//6336 6203//6203
f 6222//6222 6338//6338 6221//6221
f 6338//6338 6337//6337 6221//6221
f 6165//6165 6339//6339 6222//6222
f 6339//6339 6338//6338 6222//6222
f 6177//6177 6340//6340 6165//6165
f 6340//6340 6339//6339 6165//6165
f 6180//6180 6341//6341 6177//6177
f 6341//6341 6340//6340 6177//6177
f 6190//6190 6342//6342 6180//6180
f 6342//6342 6341//6341 6180//6180
f 6258//6258 6342//6342 6190//6190
f 6343//6343 6342//6342 6258//6258
f 6344//6344 6343//6343 6258//6258
f 6267//6267 6344//6344 6258//6258
f 6345//6345 6344//6344 6267//6267
f 6265//6265 6346//6346 6267//6267
f 6346//6346 6345//6345 6267//6267
f 6193//6193 6346//6346 6265//6265
f 6334//6334 6346//6346 6193//6193
f 6240//6240 6347//6347 6241//6241
f 6348//6348 6347//6347 6240//6240
f 6238//6238 6349//6349 6240//6240
f 6349//6349 6348//6348 6240//6240
f 6236//6236 6350//6350 6238//6238
f 6350//6350 6349//6349 6238//6238
f 6191//6191 6351//6351 6236//6236
f 6351//6351 6350//6350 6236//6236
f 6187//6187 6352//6352 6191//6191
f 6352//6352 6351//6351 6191//6191
f 6174//6174 6353//6353 6187//6187
f 6353//6353 6352//6352 6187//6187
f 6171//6171 6354//6354 6174//6174
f 6354//6354 6353//6353 6174//6174
f 6200//6200 6355//6355 6171//6171
f 6355//6355 6354//6354 6171//6171
f 6196//6196 6356//6356 6200//6200
f 6356//6356 6355//6355 6200//6200
f 6194//6194 6357//6357 6196//6196
f 6357//6357 6356//6356 6196//6196
f 6264//6264 6357//6357 6194//6194
f 6358//6358 6357//6357 6264//6264
f 6243//6243 6358//6358 6264//6264
f 6359//6359 6358//6358 6243//6243
f 6242//6242 6359//6359 6243//6243
f 6360//6360 6359//6359 6242//6242
f 6241//6241 6360//6360 6242//6242
f 6347//6347 6360//6360 6241//6241
f 6158//6158 6361//6361 6211//6211
f 6362//6362 6361//6361 6158//6158
f 6160//6160 6363//6363 6158//6158
f 6363//6363 6362//6362 6158//6158
f 6173//6173 6364//6364 6160//6160
f 6364//6364 6363//6363 6160//6160
f 6184//6184 6365//6365 6173//6173
f 6365//6365 6364//6364 6173//6173
f 6232//6232 6366//6366 6184//6184
f 6366//6366 6365//6365 6184//6184
f 6233//6233 6367//6367 6232//6232
f 6367//6367 6366//6366 6232//6232
f 6234//6234 6368//6368 6233//6233
f 6368//6368 6367//6367 6233//6233
f 6235//6235 6369//6369 6234//6234
f 6369//6369 6368//6368 6234//6234
f 6237//6237 6370//6370 6235//6235
f 6370//6370 6369//6369 6235//6235
f 6239//6239 6371//6371 6237//6237
f 6371//6371 6370//6370 6237//6237
f 6215//6215 6371//6371 6239//6239
f 6372//6372 6371//6371 6215//6215
f 6214//6214 6372//6372 6215//6215
f 6373//6373 6372//6372 6214//6214
f 6213//6213 6373//6373 6214//6214
f 6211//6211 6361//6361 6213//6213
f 6361//6361 6373//6373 6213//6213
f 6263//6263 6374//6374 6209//6209
f 6375//6375 6374//6374 6263//6263
f 6291//6291 6376//6376 6263//6263
f 6376//6376 6375//6375 6263//6263
f 6377//6377 6376//6376 6291//6291
f 6161//6161 6377//6377 6291//6291
f 6378//6378 6377//6377 6161//6161
f 6163//6163 6379//6379 6161//6161
f 6379//6379 6378//6378 6161//6161
f 6176//6176 6380//6380 6163//6163
f 6380//6380 6379//6379 6163//6163
f 6170//6170 6381//6381 6176//6176
f 6381//6381 6380//6380 6176//6176
f 6172//6172 6382//6382 6170//6170
f 6382//6382 6381//6381 6170//6170
f 6186//6186 6383//6383 6172//6172
f 6383//6383 6382//6382 6172//6172
f 6159//6159 6384//6384 6186//6186
f 6384//6384 6383//6383 6186//6186
f 6175//6175 6385//6385 6159//6159
f 6385//6385 6384//6384 6159//6159
f 6179//6179 6386//6386 6175//6175
f 6386//6386 6385//6385 6175//6175
f 6189//6189 6387//6387 6179//6179
f 6387//6387 6386//6386 6179//6179
f 6209//6209 6387//6387 6189//6189
f 6374//6374 6387//6387 6209//6209
f 6188//6188 6388//6388 6168//6168
f 6389//6389 6388//6388 6188//6188
f 6282//6282 6390//6390 6188//6188
f 6390//6390 6389//6389 6188//6188
f 6284//6284 6391//6391 6282//6282
f 6391//6391 6390//6390 6282//6282
f 6286//6286 6392//6392 6284//6284
f 6392//6392 6391//6391 6284//6284
f 6288//6288 6393//6393 6286//6286
f 6393//6393 6392//6392 6286//6286
f 6289//6289 6394//6394 6288//6288
f 6394//6394 6393//6393 6288//6288
f 6290//6290 6395//6395 6289//6289
f 6395//6395 6394//6394 6289//6289
f 6260//6260 6396//6396 6290//6290
f 6396//6396 6395//6395 6290//6290
f 6220//6220 6397//6397 6260//6260
f 6397//6397 6396//6396 6260//6260
f 6219//6219 6398//6398 6220//6220
f 6398//6398 6397//6397 6220//6220
f 6218//6218 6398//6398 6219//6219
f 6399//6399 6398//6398 6218//6218
f 6192//6192 6399//6399 6218//6218
f 6400//6400 6399//6399 6192//6192
f 6168//6168 6401//6401 6192//6192
f 6401//6401 6400//6400 6192//6192
f 6388//6388 6401//6401 6168//6168
f 6252//6252 6402//6402 6255//6255
f 6403//6403 6402//6402 6252//6252
f 6250//6250 6404//6404 6252//6252
f 6404//6404 6403//6403 6252//6252
f 6247//6247 6405//6405 6250//6250
f 6405//6405 6404//6404 6250//6250
f 6246//6246 6406//6406 6247//6247
f 6406//6406 6405//6405 6247//6247
f 6245//6245 6407//6407 6246//6246
f 6407//6407 6406//6406 6246//6246
f 6244//6244 6408//6408 6245//6245
f 6408//6408 6407//6407 6245//6245
f 6205//6205 6409//6409 6244//6244
f 6409//6409 6408//6408 6244//6244
f 6202//6202 6410//6410 6205//6205
f 6410//6410 6409//6409 6205//6205
f 6198//6198 6411//6411 6202//6202
f 6411//6411 6410//6410 6202//6202
f 6182//6182 6412//6412 6198//6198
f 6412//6412 6411//6411 6198//6198
f 6256//6256 6412//6412 6182//6182
f 6413//6413 6412//6412 6256//6256
f 6277//6277 6413//6413 6256//6256
f 6414//6414 6413//6413 6277//6277
f 6255//6255 6414//6414 6277//6277
f 6402//6402 6414//6414 6255//6255
f 6362//6362 6363//6363 6384//6384
f 6378//6378 6379//6379 6309//6309
f 6320//6320 6319//6319 6339//6339
f 6415//6415 6416//6416 6388//6388
f 6381//6381 6382//6382 6354//6354
f 6363//6363 6364//6364 6384//6384
f 6354//6354 6382//6382 6353//6353
f 6384//6384 6385//6385 6362//6362
f 6379//6379 6380//6380 6309//6309
f 6339//6339 6340//6340 6320//6320
f 6319//6319 6321//6321 6339//6339
f 6380//6380 6381//6381 6309//6309
f 6385//6385 6386//6386 6362//6362
f 6340//6340 6341//6341 6320//6320
f 6388//6388 6416//6416 6401//6401
f 6305//6305 6293//6293 6412//6412
f 6364//6364 6365//6365 6384//6384
f 6321//6321 6322//6322 6339//6339
f 6382//6382 6383//6383 6353//6353
f 6353//6353 6383//6383 6352//6352
f 6388//6388 6389//6389 6415//6415
f 6381//6381 6354//6354 6309//6309
f 6386//6386 6387//6387 6362//6362
f 6341//6341 6342//6342 6320//6320
f 6383//6383 6384//6384 6352//6352
f 6352//6352 6384//6384 6351//6351
f 6401//6401 6416//6416 6400//6400
f 6334//6334 6333//6333 6357//6357
f 6357//6357 6333//6333 6356//6356
f 6293//6293 6292//6292 6412//6412
f 6412//6412 6292//6292 6411//6411
f 6374//6374 6417//6417 6387//6387
f 6333//6333 6335//6335 6356//6356
f 6356//6356 6335//6335 6355//6355
f 6292//6292 6294//6294 6411//6411
f 6411//6411 6294//6294 6410//6410
f 6335//6335 6336//6336 6355//6355
f 6355//6355 6336//6336 6354//6354
f 6294//6294 6295//6295 6410//6410
f 6410//6410 6295//6295 6409//6409
f 6295//6295 6296//6296 6312//6312
f 6312//6312 6296//6296 6311//6311
f 6387//6387 6417//6417 6362//6362
f 6362//6362 6417//6417 6361//6361
f 6417//6417 6418//6418 6361//6361
f 6361//6361 6418//6418 6373//6373
f 6373//6373 6418//6418 6372//6372
f 6418//6418 6419//6419 6372//6372
f 6372//6372 6419//6419 6371//6371
f 6416//6416 6420//6420 6400//6400
f 6400//6400 6420//6420 6399//6399
f 6399//6399 6420//6420 6398//6398
f 6398//6398 6420//6420 6397//6397
f 6336//6336 6337//6337 6354//6354
f 6354//6354 6337//6337 6309//6309
f 6337//6337 6338//6338 6309//6309
f 6338//6338 6339//6339 6309//6309
f 6322//6322 6323//6323 6339//6339
f 6339//6339 6323//6323 6309//6309
f 6323//6323 6324//6324 6309//6309
f 6324//6324 6325//6325 6309//6309
f 6309//6309 6325//6325 6308//6308
f 6325//6325 6326//6326 6308//6308
f 6326//6326 6327//6327 6308//6308
f 6308//6308 6327//6327 6306//6306
f 6327//6327 6328//6328 6306//6306
f 6306//6306 6328//6328 6307//6307
f 6365//6365 6366//6366 6384//6384
f 6384//6384 6366//6366 6351//6351
f 6366//6366 6367//6367 6351//6351
f 6367//6367 6368//6368 6351//6351
f 6368//6368 6369//6369 6351//6351
f 6351//6351 6369//6369 6350//6350
f 6369//6369 6370//6370 6350//6350
f 6350//6350 6370//6370 6349//6349
f 6370//6370 6371//6371 6349//6349
f 6349//6349 6371//6371 6348//6348
f 6348//6348 6371//6371 6347//6347
f 6371//6371 6419//6419 6347//6347
f 6347//6347 6419//6419 6360//6360
f 6360//6360 6419//6419 6359//6359
f 6409//6409 6295//6295 6408//6408
f 6295//6295 6312//6312 6408//6408
f 6408//6408 6312//6312 6407//6407
f 6407//6407 6312//6312 6406//6406
f 6406//6406 6312//6312 6405//6405
f 6312//6312 6313//6313 6405//6405
f 6313//6313 6314//6314 6405//6405
f 6405//6405 6314//6314 6404//6404
f 6314//6314 6315//6315 6404//6404
f 6404//6404 6315//6315 6403//6403
f 6296//6296 6297//6297 6311//6311
f 6403//6403 6315//6315 6402//6402
f 6315//6315 6316//6316 6402//6402
f 6307//6307 6328//6328 6318//6318
f 6311//6311 6297//6297 6310//6310
f 6320//6320 6342//6342 6332//6332
f 6342//6342 6343//6343 6332//6332
f 6397//6397 6420//6420 6396//6396
f 6334//6334 6357//6357 6346//6346
f 6357//6357 6358//6358 6346//6346
f 6328//6328 6329//6329 6318//6318
f 6412//6412 6413//6413 6305//6305
f 6359//6359 6419//6419 6358//6358
f 6419//6419 6421//6421 6358//6358
f 6358//6358 6421//6421 6346//6346
f 6346//6346 6421//6421 6345//6345
f 6421//6421 6422//6422 6345//6345
f 6345//6345 6422//6422 6344//6344
f 6344//6344 6422//6422 6343//6343
f 6343//6343 6422//6422 6332//6332
f 6422//6422 6423//6423 6332//6332
f 6332//6332 6423//6423 6331//6331
f 6331//6331 6423//6423 6330//6330
f 6330//6330 6423//6423 6329//6329
f 6423//6423 6424//6424 6329//6329
f 6329//6329 6424//6424 6318//6318
f 6318//6318 6424//6424 6317//6317
f 6317//6317 6424//6424 6316//6316
f 6424//6424 6425//6425 6316//6316
f 6316//6316 6425//6425 6402//6402
f 6402//6402 6425//6425 6414//6414
f 6425//6425 6426//6426 6414//6414
f 6414//6414 6426//6426 6413//6413
f 6413//6413 6426//6426 6305//6305
f 6426//6426 6415//6415 6305//6305
f 6305//6305 6415//6415 6304//6304
f 6304//6304 6415//6415 6303//6303
f 6303//6303 6415//6415 6302//6302
f 6415//6415 6389//6389 6302//6302
f 6302//6302 6389//6389 6301//6301
f 6389//6389 6390//6390 6301//6301
f 6301//6301 6390//6390 6300//6300
f 6390//6390 6391//6391 6300//6300
f 6300//6300 6391//6391 6299//6299
f 6391//6391 6392//6392 6299//6299
f 6299//6299 6392//6392 6298//6298
f 6392//6392 6393//6393 6298//6298
f 6298//6298 6393//6393 6297//6297
f 6297//6297 6393//6393 6310//6310
f 6393//6393 6394//6394 6310//6310
f 6394//6394 6395//6395 6310//6310
f 6310//6310 6395//6395 6309//6309
f 6309//6309 6395//6395 6378//6378
f 6395//6395 6396//6396 6378//6378
f 6396//6396 6420//6420 6378//6378
f 6378//6378 6420//6420 6377//6377
f 6377//6377 6420//6420 6376//6376
f 6420//6420 6417//6417 6376//6376
f 6376//6376 6417//6417 6375//6375
f 6417//6417 6374//6374 6375//6375
f 1285//1285 6427//6427 1279//1279
f 6427//6427 1212//1212 1279//1279
f 1285//1285 1303//1303 6427//6427
f 1303//1303 1309//1309 6427//6427
f 1309//1309 1207//1207 6427//6427
f 1309//1309 6428//6428 1207//1207
f 6428//6428 1203//1203 1207//1207
f 6428//6428 6429//6429 1203//1203
f 6428//6428 1261//1261 6429//6429
f 1261//1261 1189//1189 6429//6429
f 1261//1261 1248//1248 1189//1189
f 1248//1248 6430//6430 1189//1189
f 1248//1248 1252//1252 6430//6430
f 1252//1252 1183//1183 6430//6430
f 1252//1252 1321//1321 1183//1183
f 1321//1321 1168//1168 1183//1183
f 1321//1321 6431//6431 1168//1168
f 1321//1321 6432//6432 6431//6431
f 6432//6432 1327//1327 6431//6431
f 6432//6432 6433//6433 1327//1327
f 6433//6433 1331//1331 1327//1327
f 6433//6433 6434//6434 1331//1331
f 1168//1168 1267//1267 1183//1183
f 1168//1168 1271//1271 1267//1267
f 1168//1168 1172//1172 1271//1271
f 1172//1172 1176//1176 1271//1271
f 1176//1176 1180//1180 1271//1271
f 1180//1180 1327//1327 1271//1271
f 1327//1327 6435//6435 1271//1271
f 1327//1327 1333//1333 6435//6435
f 1333//1333 6436//6436 6435//6435
f 1333//1333 1331//1331 6436//6436
f 1331//1331 6434//6434 6436//6436
f 6434//6434 6437//6437 6436//6436
f 1180//1180 6431//6431 1327//1327
f 6435//6435 6438//6438 1271//1271
f 1267//1267 1196//1196 1183//1183
f 6438//6438 6439//6439 1271//1271
f 1321//1321 6440//6440 6432//6432
f 1252//1252 1259//1259 1321//1321
f 6439//6439 1273//1273 1271//1271
f 1321//1321 1319//1319 6440//6440
f 1259//1259 1315//1315 1321//1321
f 1259//1259 1261//1261 1315//1315
f 1189//1189 6439//6439 6429//6429
f 1189//1189 1193//1193 6439//6439
f 1193//1193 1273//1273 6439//6439
f 1193//1193 1196//1196 1273//1273
f 1196//1196 1267//1267 1273//1273
f 6428//6428 1315//1315 1261//1261
f 6428//6428 1319//1319 1315//1315
f 6428//6428 6440//6440 1319//1319
f 6429//6429 1214//1214 1203//1203
f 6429//6429 1212//1212 1214//1214
f 6429//6429 1279//1279 1212//1212
f 6429//6429 1283//1283 1279//1279
f 6429//6429 6441//6441 1283//1283
f 1309//1309 6442//6442 6428//6428
f 1229//1229 1238//1238 1241//1241
f 1229//1229 1234//1234 1238//1238
f 1285//1285 6443//6443 1303//1303
f 1285//1285 6441//6441 6443//6443
f 1285//1285 1283//1283 6441//6441
f 6443//6443 1307//1307 1303//1303
f 6443//6443 6444//6444 1307//1307
f 6444//6444 6445//6445 1307//1307
f 6445//6445 1309//1309 1307//1307
f 6445//6445 6442//6442 1309//1309
f 6443//6443 6446//6446 6444//6444
f 6446//6446 6447//6447 6444//6444
f 6446//6446 6448//6448 6447//6447
f 1291//1291 1297//1297 1295//1295
f 1226//1226 1221//1221 6449//6449
f 1226//1226 6450//6450 1221//1221
f 6448//6448 6451//6451 6447//6447
f 1258//1258 1318//1318 1314//1314
f 1258//1258 1255//1255 1318//1318
f 1255//1255 1251//1251 1318//1318
f 1251//1251 1181//1181 1318//1318
f 1181//1181 1167//1167 1318//1318
f 1167//1167 1166//1166 1318//1318
f 1179//1179 6452//6452 1318//1318
f 1179//1179 1326//1326 6452//6452
f 1326//1326 6453//6453 6452//6452
f 1326//1326 1325//1325 6453//6453
f 1325//1325 6454//6454 6453//6453
f 1181//1181 1266//1266 1167//1167
f 1266//1266 1265//1265 1167//1167
f 1265//1265 1171//1171 1167//1167
f 1265//1265 1175//1175 1171//1171
f 1265//1265 1179//1179 1175//1175
f 1265//1265 1326//1326 1179//1179
f 1265//1265 6455//6455 1326//1326
f 6455//6455 1330//1330 1326//1326
f 6455//6455 6456//6456 1330//1330
f 6456//6456 1325//1325 1330//1330
f 6456//6456 6454//6454 1325//1325
f 6456//6456 6457//6457 6454//6454
f 1265//1265 6458//6458 6455//6455
f 6452//6452 6459//6459 1318//1318
f 1265//1265 6460//6460 6458//6458
f 1251//1251 1182//1182 1181//1181
f 1265//1265 1270//1270 6460//6460
f 1251//1251 1247//1247 1182//1182
f 6459//6459 1313//1313 1318//1318
f 1247//1247 1246//1246 1182//1182
f 1246//1246 6461//6461 1182//1182
f 6461//6461 1188//1188 1182//1182
f 6461//6461 6460//6460 1188//1188
f 6460//6460 1270//1270 1188//1188
f 1270//1270 1192//1192 1188//1188
f 1270//1270 1266//1266 1192//1192
f 1266//1266 1181//1181 1192//1192
f 1246//1246 6462//6462 6461//6461
f 1246//1246 1314//1314 6462//6462
f 1246//1246 1258//1258 1314//1314
f 1314//1314 1313//1313 6462//6462
f 1313//1313 6459//6459 6462//6462
f 6462//6462 1201//1201 6461//6461
f 6462//6462 1202//1202 1201//1201
f 1201//1201 1211//1211 6461//6461
f 1211//1211 1278//1278 6461//6461
f 1278//1278 1277//1277 6461//6461
f 6462//6462 1306//1306 1202//1202
f 1277//1277 6463//6463 6461//6461
f 6462//6462 6464//6464 1306//1306
f 1306//1306 1206//1206 1202//1202
f 1306//1306 1302//1302 1206//1206
f 1302//1302 1282//1282 1206//1206
f 1282//1282 1278//1278 1206//1206
f 1278//1278 1211//1211 1206//1206
f 1237//1237 1228//1228 1227//1227
f 1237//1237 1233//1233 1228//1228
f 1302//1302 6465//6465 1282//1282
f 6465//6465 6463//6463 1282//1282
f 6463//6463 1277//1277 1282//1282
f 1302//1302 1301//1301 6465//6465
f 1301//1301 6466//6466 6465//6465
f 1301//1301 6467//6467 6466//6466
f 1301//1301 6468//6468 6467//6467
f 1301//1301 1306//1306 6468//6468
f 1306//1306 6464//6464 6468//6468
f 6467//6467 6469//6469 6466//6466
f 6467//6467 6470//6470 6469//6469
f 1294//1294 1290//1290 1289//1289
f 1222//1222 1219//1219 1225//1225
f 1222//1222 1220//1220 1219//1219
f 6470//6470 6471//6471 6469//6469
f 1260//1260 1317//1317 1320//1320
f 1260//1260 1257//1257 1317//1317
f 1257//1257 1254//1254 1317//1317
f 1254//1254 1197//1197 1317//1317
f 1197//1197 1170//1170 1317//1317
f 1170//1170 1165//1165 1317//1317
f 1165//1165 6472//6472 1317//1317
f 1332//1332 6473//6473 6472//6472
f 1332//1332 1324//1324 6473//6473
f 1324//1324 6474//6474 6473//6473
f 1197//1197 1272//1272 1170//1170
f 1272//1272 1264//1264 1170//1170
f 1264//1264 1174//1174 1170//1170
f 1264//1264 1178//1178 1174//1174
f 1264//1264 6475//6475 1178//1178
f 1264//1264 1332//1332 6475//6475
f 1264//1264 6476//6476 1332//1332
f 6476//6476 1329//1329 1332//1332
f 6476//6476 6477//6477 1329//1329
f 6477//6477 1324//1324 1329//1329
f 6477//6477 6474//6474 1324//1324
f 6477//6477 6478//6478 6474//6474
f 1332//1332 6472//6472 6475//6475
f 1264//1264 6479//6479 6476//6476
f 6472//6472 6480//6480 1317//1317
f 1264//1264 6481//6481 6479//6479
f 1254//1254 1186//1186 1197//1197
f 1264//1264 1269//1269 6481//6481
f 1254//1254 1250//1250 1186//1186
f 6480//6480 1312//1312 1317//1317
f 1250//1250 1245//1245 1186//1186
f 1245//1245 6482//6482 1186//1186
f 6482//6482 1191//1191 1186//1186
f 6482//6482 6481//6481 1191//1191
f 6481//6481 1269//1269 1191//1191
f 1269//1269 1195//1195 1191//1191
f 1269//1269 1272//1272 1195//1195
f 1272//1272 1197//1197 1195//1195
f 1245//1245 6483//6483 6482//6482
f 1245//1245 1320//1320 6483//6483
f 1245//1245 1260//1260 1320//1320
f 1320//1320 1312//1312 6483//6483
f 1312//1312 6480//6480 6483//6483
f 6483//6483 1200//1200 6482//6482
f 6483//6483 1205//1205 1200//1200
f 1200//1200 1213//1213 6482//6482
f 1213//1213 1284//1284 6482//6482
f 1284//1284 1276//1276 6482//6482
f 6483//6483 1305//1305 1205//1205
f 1276//1276 6484//6484 6482//6482
f 6483//6483 6485//6485 1305//1305
f 1305//1305 1209//1209 1205//1205
f 1305//1305 1308//1308 1209//1209
f 1308//1308 1281//1281 1209//1209
f 1281//1281 1284//1284 1209//1209
f 1284//1284 1213//1213 1209//1209
f 1240//1240 1232//1232 1242//1242
f 1240//1240 1236//1236 1232//1232
f 1308//1308 6486//6486 1281//1281
f 6486//6486 6484//6484 1281//1281
f 6484//6484 1276//1276 1281//1281
f 1308//1308 1300//1300 6486//6486
f 1300//1300 6487//6487 6486//6486
f 1300//1300 6488//6488 6487//6487
f 1300//1300 6489//6489 6488//6488
f 1300//1300 1305//1305 6489//6489
f 1305//1305 6485//6485 6489//6489
f 6488//6488 6490//6490 6487//6487
f 6488//6488 6491//6491 6490//6490
f 1293//1293 1296//1296 1288//1288
f 1224//1224 1217//1217 6492//6492
f 1224//1224 6493//6493 1217//1217
f 6491//6491 6494//6494 6490//6490
f 1280//1280 1208//1208 1274//1274
f 1208//1208 1210//1210 1274//1274
f 1280//1280 1298//1298 1208//1208
f 1298//1298 1304//1304 1208//1208
f 1304//1304 1204//1204 1208//1208
f 1304//1304 6495//6495 1204//1204
f 6495//6495 1198//1198 1204//1204
f 6495//6495 6496//6496 1198//1198
f 6495//6495 1244//1244 6496//6496
f 1244//1244 1187//1187 6496//6496
f 1244//1244 1243//1243 1187//1187
f 1243//1243 1184//1184 1187//1187
f 1243//1243 1249//1249 1184//1184
f 1249//1249 1185//1185 1184//1184
f 1249//1249 1253//1253 1185//1185
f 1253//1253 1316//1316 1185//1185
f 1316//1316 1163//1163 1185//1185
f 1316//1316 1164//1164 1163//1163
f 1316//1316 1177//1177 1164//1164
f 1316//1316 6497//6497 1177//1177
f 6497//6497 1322//1322 1177//1177
f 6497//6497 6498//6498 1322//1322
f 6498//6498 1323//1323 1322//1322
f 6498//6498 6499//6499 1323//1323
f 1163//1163 1262//1262 1185//1185
f 1163//1163 1263//1263 1262//1262
f 1163//1163 1169//1169 1263//1263
f 1169//1169 1173//1173 1263//1263
f 1173//1173 1177//1177 1263//1263
f 1177//1177 1322//1322 1263//1263
f 1322//1322 6500//6500 1263//1263
f 1322//1322 1328//1328 6500//6500
f 1328//1328 6501//6501 6500//6500
f 1328//1328 1323//1323 6501//6501
f 1323//1323 6499//6499 6501//6501
f 6499//6499 6502//6502 6501//6501
f 6500//6500 6503//6503 1263//1263
f 1262//1262 1194//1194 1185//1185
f 6503//6503 6504//6504 1263//1263
f 1316//1316 6505//6505 6497//6497
f 1253//1253 1256//1256 1316//1316
f 6504//6504 1268//1268 1263//1263
f 1316//1316 1311//1311 6505//6505
f 1256//1256 1310//1310 1316//1316
f 1256//1256 1244//1244 1310//1310
f 1187//1187 6504//6504 6496//6496
f 1187//1187 1190//1190 6504//6504
f 1190//1190 1268//1268 6504//6504
f 1190//1190 1194//1194 1268//1268
f 1194//1194 1262//1262 1268//1268
f 6495//6495 1310//1310 1244//1244
f 6495//6495 1311//1311 1310//1310
f 6495//6495 6505//6505 1311//1311
f 6496//6496 1199//1199 1198//1198
f 6496//6496 1210//1210 1199//1199
f 6496//6496 1274//1274 1210//1210
f 6496//6496 1275//1275 1274//1274
f 6496//6496 6506//6506 1275//1275
f 1304//1304 6507//6507 6495//6495
f 1231//1231 1235//1235 1239//1239
f 1231//1231 1230//1230 1235//1235
f 1280//1280 6508//6508 1298//1298
f 1280//1280 6506//6506 6508//6508
f 1280//1280 1275//1275 6506//6506
f 6508//6508 1299//1299 1298//1298
f 6508//6508 6509//6509 1299//1299
f 6509//6509 6510//6510 1299//1299
f 6510//6510 1304//1304 1299//1299
f 6510//6510 6507//6507 1304//1304
f 6508//6508 6511//6511 6509//6509
f 6511//6511 6512//6512 6509//6509
f 6511//6511 6513//6513 6512//6512
f 1286//1286 1292//1292 1287//1287
f 1216//1216 1218//1218 1223//1223
f 1216//1216 1215//1215 1218//1218
f 6513//6513 6514//6514 6512//6512
f 6429//6429 6439//6439 6460//6460
f 6439//6439 6438//6438 6458//6458
f 6438//6438 6435//6435 6455//6455
f 6435//6435 6436//6436 6456//6456
f 6436//6436 6437//6437 6457//6457
f 6437//6437 6434//6434 6454//6454
f 6434//6434 6433//6433 6453//6453
f 6433//6433 6432//6432 6452//6452
f 6432//6432 6440//6440 6459//6459
f 6440//6440 6428//6428 6462//6462
f 6428//6428 6442//6442 6464//6464
f 6442//6442 6445//6445 6468//6468
f 6445//6445 6444//6444 6467//6467
f 6444//6444 6447//6447 6470//6470
f 6447//6447 6451//6451 6471//6471
f 6451//6451 6448//6448 6469//6469
f 6448//6448 6446//6446 6466//6466
f 6446//6446 6443//6443 6465//6465
f 6443//6443 6441//6441 6463//6463
f 6441//6441 6429//6429 6461//6461
f 6504//6504 6481//6481 6482//6482
f 6503//6503 6479//6479 6481//6481
f 6500//6500 6476//6476 6479//6479
f 6501//6501 6477//6477 6476//6476
f 6502//6502 6478//6478 6477//6477
f 6499//6499 6474//6474 6478//6478
f 6498//6498 6473//6473 6474//6474
f 6497//6497 6472//6472 6473//6473
f 6505//6505 6480//6480 6472//6472
f 6495//6495 6483//6483 6480//6480
f 6507//6507 6485//6485 6483//6483
f 6510//6510 6489//6489 6485//6485
f 6509//6509 6488//6488 6489//6489
f 6512//6512 6491//6491 6488//6488
f 6514//6514 6494//6494 6491//6491
f 6513//6513 6490//6490 6494//6494
f 6511//6511 6487//6487 6490//6490
f 6508//6508 6486//6486 6487//6487
f 6506//6506 6484//6484 6486//6486
f 6496//6496 6482//6482 6484//6484
f 1//1 3//3 14//14
f 4//4 2//2 1//1
f 2//2 7//7 3//3
f 5//5 6//6 2//2
f 9//9 11//11 4853//4853
f 12//12 10//10 9//9
f 10//10 14//14 11//11
f 13//13 1//1 10//10
f 15//15 17//17 25//25
f 18//18 16//16 15//15
f 16//16 21//21 17//17
f 19//19 20//20 16//16
f 23//23 9//9 4853//4853
f 25//25 24//24 23//23
f 24//24 12//12 9//9
f 17//17 26//26 24//24
f 1163//1163 1165//1165 1170//1170
f 1166//1166 1168//1168 6431//6431
f 1169//1169 1170//1170 1174//1174
f 1167//1167 1172//1172 1168//1168
f 1171//1171 1176//1176 1172//1172
f 1173//1173 1174//1174 1178//1178
f 1175//1175 1180//1180 1176//1176
f 1177//1177 1178//1178 6475//6475
f 1185//1185 1197//1197 1186//1186
f 1182//1182 6430//6430 1183//1183
f 1182//1182 1189//1189 6430//6430
f 1187//1187 1186//1186 1191//1191
f 1188//1188 1193//1193 1189//1189
f 1190//1190 1191//1191 1195//1195
f 1192//1192 1196//1196 1193//1193
f 1194//1194 1195//1195 1197//1197
f 1181//1181 1183//1183 1196//1196
f 1201//1201 1203//1203 1214//1214
f 1198//1198 1200//1200 1205//1205
f 1202//1202 1207//1207 1203//1203
f 1204//1204 1205//1205 1209//1209
f 1206//1206 6427//6427 1207//1207
f 1206//1206 1212//1212 6427//6427
f 1210//1210 1209//1209 1213//1213
f 1211//1211 1214//1214 1212//1212
f 1199//1199 1213//1213 1200//1200
f 1219//1219 6450//6450 1226//1226
f 1219//1219 1221//1221 6450//6450
f 1218//1218 1217//1217 6493//6493
f 1218//1218 6493//6493 1224//1224
f 1222//1222 6449//6449 1221//1221
f 1222//1222 1226//1226 6449//6449
f 1216//1216 1224//1224 6492//6492
f 1216//1216 6492//6492 1217//1217
f 1231//1231 1242//1242 1232//1232
f 1228//1228 1234//1234 1229//1229
f 1230//1230 1232//1232 1236//1236
f 1233//1233 1238//1238 1234//1234
f 1235//1235 1236//1236 1240//1240
f 1237//1237 1241//1241 1238//1238
f 1239//1239 1240//1240 1242//1242
f 1227//1227 1229//1229 1241//1241
f 1243//1243 1245//1245 1250//1250
f 1246//1246 1248//1248 1261//1261
f 1249//1249 1250//1250 1254//1254
f 1247//1247 1252//1252 1248//1248
f 1253//1253 1254//1254 1257//1257
f 1255//1255 1259//1259 1252//1252
f 1256//1256 1257//1257 1260//1260
f 1258//1258 1261//1261 1259//1259
f 1244//1244 1260//1260 1245//1245
f 1262//1262 1264//1264 1272//1272
f 1265//1265 1267//1267 1271//1271
f 1263//1263 1269//1269 1264//1264
f 1270//1270 1271//1271 1273//1273
f 1268//1268 1272//1272 1269//1269
f 1266//1266 1273//1273 1267//1267
f 1274//1274 1276//1276 1284//1284
f 1277//1277 1279//1279 1283//1283
f 1275//1275 1281//1281 1276//1276
f 1282//1282 1283//1283 1285//1285
f 1280//1280 1284//1284 1281//1281
f 1278//1278 1285//1285 1279//1279
f 1286//1286 1288//1288 1296//1296
f 1289//1289 1291//1291 1295//1295
f 1287//1287 1293//1293 1288//1288
f 1294//1294 1295//1295 1297//1297
f 1292//1292 1296//1296 1293//1293
f 1290//1290 1297//1297 1291//1291
f 1298//1298 1300//1300 1308//1308
f 1301//1301 1303//1303 1307//1307
f 1299//1299 1305//1305 1300//1300
f 1306//1306 1307//1307 1309//1309
f 1304//1304 1308//1308 1305//1305
f 1302//1302 1309//1309 1303//1303
f 1310//1310 1312//1312 1320//1320
f 1313//1313 1315//1315 1319//1319
f 1311//1311 1317//1317 1312//1312
f 1318//1318 1319//1319 1321//1321
f 1316//1316 1320//1320 1317//1317
f 1314//1314 1321//1321 1315//1315
f 1322//1322 1324//1324 1332//1332
f 1325//1325 1327//1327 1331//1331
f 1323//1323 1329//1329 1324//1324
f 1330//1330 1331//1331 1333//1333
f 1328//1328 1332//1332 1329//1329
f 1326//1326 1333//1333 1327//1327
f 2176//2176 2178//2178 2196//2196
f 2179//2179 2181//2181 2197//2197
f 2189//2189 2184//2184 2187//2187
f 2182//2182 2184//2184 2189//2189
f 2185//2185 2183//2183 2182//2182
f 2187//2187 2186//2186 2185//2185
f 2183//2183 2186//2186 2188//2188
f 2183//2183 2188//2188 2184//2184
f 2189//2189 2187//2187 2193//2193
f 2189//2189 2193//2193 2190//2190
f 2182//2182 2190//2190 2195//2195
f 2182//2182 2195//2195 2194//2194
f 2191//2191 2193//2193 2187//2187
f 2191//2191 2187//2187 2185//2185
f 2194//2194 2192//2192 2191//2191
f 2176//2176 2197//2197 2181//2181
f 2178//2178 2180//2180 2179//2179
f 2196//2196 2199//2199 2197//2197
f 2200//2200 2179//2179 2204//2204
f 2198//2198 2202//2202 2199//2199
f 2203//2203 2204//2204 2208//2208
f 2201//2201 2206//2206 2202//2202
f 2207//2207 2208//2208 2209//2209
f 2205//2205 2185//2185 2182//2182
f 2205//2205 2182//2182 2206//2206
f 2193//2193 2192//2192 2195//2195
f 2193//2193 2195//2195 2190//2190
f 2191//2191 2209//2209 2194//2194
f 2205//2205 2191//2191 2185//2185
f 2194//2194 2206//2206 2182//2182
f 2201//2201 2207//2207 2205//2205
f 2209//2209 2202//2202 2206//2206
f 2198//2198 2203//2203 2201//2201
f 2208//2208 2199//2199 2202//2202
f 2196//2196 2200//2200 2198//2198
f 2204//2204 2197//2197 2199//2199
f 2210//2210 2176//2176 2226//2226
f 2181//2181 2211//2211 2225//2225
f 2212//2212 2214//2214 2219//2219
f 2213//2213 2216//2216 2214//2214
f 2215//2215 2218//2218 2216//2216
f 2217//2217 2219//2219 2218//2218
f 2212//2212 2215//2215 2213//2213
f 2222//2222 2218//2218 2219//2219
f 2222//2222 2219//2219 2221//2221
f 2220//2220 2219//2219 2214//2214
f 2220//2220 2214//2214 2224//2224
f 2218//2218 2223//2223 2239//2239
f 2218//2218 2239//2239 2216//2216
f 2223//2223 2224//2224 2239//2239
f 2225//2225 2176//2176 2181//2181
f 2180//2180 2210//2210 2211//2211
f 2227//2227 2226//2226 2225//2225
f 2211//2211 2229//2229 2232//2232
f 2230//2230 2228//2228 2227//2227
f 2232//2232 2233//2233 2236//2236
f 2234//2234 2231//2231 2230//2230
f 2236//2236 2237//2237 2238//2238
f 2214//2214 2216//2216 2235//2235
f 2214//2214 2235//2235 2234//2234
f 2220//2220 2222//2222 2221//2221
f 2238//2238 2239//2239 2224//2224
f 2239//2239 2235//2235 2216//2216
f 2234//2234 2224//2224 2214//2214
f 2237//2237 2231//2231 2235//2235
f 2230//2230 2238//2238 2234//2234
f 2233//2233 2228//2228 2231//2231
f 2227//2227 2236//2236 2230//2230
f 2229//2229 2226//2226 2228//2228
f 2225//2225 2232//2232 2227//2227
f 2240//2240 2242//2242 2274//2274
f 2245//2245 2241//2241 2240//2240
f 2241//2241 2244//2244 2242//2242
f 2245//2245 2243//2243 2241//2241
f 2243//2243 2248//2248 2244//2244
f 2246//2246 2247//2247 2243//2243
f 2252//2252 2254//2254 2303//2303
f 2256//2256 2250//2250 2249//2249
f 2251//2251 2253//2253 2252//2252
f 2250//2250 2255//2255 2251//2251
f 2253//2253 2259//2259 2254//2254
f 2255//2255 2258//2258 2253//2253
f 2250//2250 2260//2260 2255//2255
f 2257//2257 2261//2261 2250//2250
f 2258//2258 2264//2264 2259//2259
f 2260//2260 2263//2263 2258//2258
f 2261//2261 2265//2265 2260//2260
f 2262//2262 2266//2266 2261//2261
f 2268//2268 2257//2257 2256//2256
f 2270//2270 2269//2269 2268//2268
f 2272//2272 2271//2271 2270//2270
f 2274//2274 2273//2273 2272//2272
f 2269//2269 2262//2262 2257//2257
f 2271//2271 2275//2275 2269//2269
f 2273//2273 2276//2276 2271//2271
f 2242//2242 2277//2277 2273//2273
f 2275//2275 2267//2267 2262//2262
f 2276//2276 2278//2278 2275//2275
f 2277//2277 2279//2279 2276//2276
f 2244//2244 2280//2280 2277//2277
f 2281//2281 2283//2283 2310//2310
f 2284//2284 2282//2282 2281//2281
f 2282//2282 2287//2287 2283//2283
f 2285//2285 2286//2286 2282//2282
f 2286//2286 2274//2274 2287//2287
f 2288//2288 2240//2240 2286//2286
f 2289//2289 2291//2291 2337//2337
f 2292//2292 2290//2290 2289//2289
f 2294//2294 2293//2293 2292//2292
f 2296//2296 2295//2295 2294//2294
f 2293//2293 2298//2298 2290//2290
f 2295//2295 2299//2299 2293//2293
f 2297//2297 2300//2300 2295//2295
f 2298//2298 2303//2303 2291//2291
f 2300//2300 2302//2302 2299//2299
f 2301//2301 2249//2249 2300//2300
f 2302//2302 2252//2252 2298//2298
f 2249//2249 2251//2251 2302//2302
f 2304//2304 2297//2297 2296//2296
f 2306//2306 2305//2305 2304//2304
f 2308//2308 2307//2307 2306//2306
f 2310//2310 2309//2309 2308//2308
f 2305//2305 2301//2301 2297//2297
f 2307//2307 2311//2311 2305//2305
f 2309//2309 2312//2312 2307//2307
f 2283//2283 2313//2313 2309//2309
f 2311//2311 2256//2256 2301//2301
f 2312//2312 2268//2268 2311//2311
f 2313//2313 2270//2270 2312//2312
f 2287//2287 2272//2272 2313//2313
f 2310//2310 2314//2314 2281//2281
f 2314//2314 2317//2317 2284//2284
f 2315//2315 2316//2316 2314//2314
f 2316//2316 2426//2426 2317//2317
f 2308//2308 2315//2315 2310//2310
f 2306//2306 2320//2320 2308//2308
f 2304//2304 2321//2321 2306//2306
f 2296//2296 2322//2322 2304//2304
f 2320//2320 2318//2318 2315//2315
f 2321//2321 2324//2324 2320//2320
f 2322//2322 2325//2325 2321//2321
f 2323//2323 2326//2326 2322//2322
f 2324//2324 2319//2319 2318//2318
f 2325//2325 2328//2328 2324//2324
f 2327//2327 2329//2329 2326//2326
f 2294//2294 2323//2323 2296//2296
f 2292//2292 2331//2331 2294//2294
f 2289//2289 2332//2332 2292//2292
f 2337//2337 2333//2333 2289//2289
f 2331//2331 2327//2327 2323//2323
f 2332//2332 2334//2334 2331//2331
f 2333//2333 2335//2335 2332//2332
f 2337//2337 2336//2336 2333//2333
f 2334//2334 2330//2330 2327//2327
f 2338//2338 2339//2339 2336//2336
f 2248//2248 2340//2340 2345//2345
f 2247//2247 2341//2341 2340//2340
f 2267//2267 2342//2342 2349//2349
f 2278//2278 2343//2343 2342//2342
f 2279//2279 2344//2344 2343//2343
f 2280//2280 2345//2345 2344//2344
f 2264//2264 2346//2346 6515//6515
f 2263//2263 2347//2347 2346//2346
f 2265//2265 2348//2348 2347//2347
f 2266//2266 2349//2349 2348//2348
f 2350//2350 2352//2352 2390//2390
f 2353//2353 2351//2351 2350//2350
f 2355//2355 2354//2354 2353//2353
f 2351//2351 2358//2358 2352//2352
f 2354//2354 2358//2358 2351//2351
f 2356//2356 2357//2357 2354//2354
f 2359//2359 2361//2361 2402//2402
f 2362//2362 2360//2360 2359//2359
f 2364//2364 2363//2363 2362//2362
f 2360//2360 2367//2367 2361//2361
f 2363//2363 2366//2366 2360//2360
f 2365//2365 2368//2368 2363//2363
f 2366//2366 2370//2370 2367//2367
f 2368//2368 2370//2370 2366//2366
f 2369//2369 2372//2372 2368//2368
f 2370//2370 2375//2375 2371//2371
f 2372//2372 2374//2374 2370//2370
f 2373//2373 2376//2376 2372//2372
f 2374//2374 2379//2379 2375//2375
f 2376//2376 2378//2378 2374//2374
f 2377//2377 2380//2380 2376//2376
f 2378//2378 2383//2383 2379//2379
f 2380//2380 2382//2382 2378//2378
f 2381//2381 2384//2384 2380//2380
f 2382//2382 2387//2387 2383//2383
f 2384//2384 2386//2386 2382//2382
f 2385//2385 2388//2388 2384//2384
f 2386//2386 2390//2390 2387//2387
f 2388//2388 2350//2350 2386//2386
f 2389//2389 2353//2353 2388//2388
f 2391//2391 2393//2393 2422//2422
f 2394//2394 2392//2392 2391//2391
f 2390//2390 2395//2395 2394//2394
f 2392//2392 2397//2397 2393//2393
f 2395//2395 2397//2397 2392//2392
f 2352//2352 2396//2396 2395//2395
f 2398//2398 2400//2400 2439//2439
f 2402//2402 2401//2401 2398//2398
f 2399//2399 2404//2404 2400//2400
f 2401//2401 2403//2403 2399//2399
f 2361//2361 2406//2406 2401//2401
f 2403//2403 2408//2408 2404//2404
f 2405//2405 2407//2407 2403//2403
f 2406//2406 2409//2409 2405//2405
f 2367//2367 2371//2371 2406//2406
f 2407//2407 2411//2411 2408//2408
f 2409//2409 2410//2410 2407//2407
f 2371//2371 2412//2412 2409//2409
f 2410//2410 2414//2414 2411//2411
f 2412//2412 2413//2413 2410//2410
f 2375//2375 2415//2415 2412//2412
f 2413//2413 2417//2417 2414//2414
f 2415//2415 2416//2416 2413//2413
f 2379//2379 2418//2418 2415//2415
f 2416//2416 2420//2420 2417//2417
f 2418//2418 2419//2419 2416//2416
f 2383//2383 2421//2421 2418//2418
f 2419//2419 2422//2422 2420//2420
f 2421//2421 2391//2391 2419//2419
f 2387//2387 2394//2394 2421//2421
f 2423//2423 2393//2393 2397//2397
f 2426//2426 2425//2425 2423//2423
f 2424//2424 2422//2422 2393//2393
f 2425//2425 2427//2427 2424//2424
f 2316//2316 2319//2319 2425//2425
f 2427//2427 2420//2420 2422//2422
f 2319//2319 2428//2428 2427//2427
f 2428//2428 2417//2417 2420//2420
f 2328//2328 2429//2429 2428//2428
f 2429//2429 2414//2414 2417//2417
f 2430//2430 2431//2431 2429//2429
f 2325//2325 2329//2329 2430//2430
f 2431//2431 2411//2411 2414//2414
f 2329//2329 2432//2432 2431//2431
f 2432//2432 2408//2408 2411//2411
f 2330//2330 2433//2433 2432//2432
f 2433//2433 2404//2404 2408//2408
f 2434//2434 2435//2435 2433//2433
f 2334//2334 2436//2436 2434//2434
f 2435//2435 2400//2400 2404//2404
f 2436//2436 2437//2437 2435//2435
f 2335//2335 2339//2339 2436//2436
f 2437//2437 2439//2439 2400//2400
f 2339//2339 2438//2438 2437//2437
f 2441//2441 2355//2355 2446//2446
f 2442//2442 2356//2356 2441//2441
f 2443//2443 2377//2377 2450//2450
f 2444//2444 2381//2381 2443//2443
f 2445//2445 2385//2385 2444//2444
f 2446//2446 2389//2389 2445//2445
f 2447//2447 2364//2364 6516//6516
f 2448//2448 2365//2365 2447//2447
f 2449//2449 2369//2369 2448//2448
f 2450//2450 2373//2373 2449//2449
f 2592//2592 2594//2594 2635//2635
f 2593//2593 2596//2596 2594//2594
f 2595//2595 2598//2598 2596//2596
f 2597//2597 2600//2600 2598//2598
f 2601//2601 2593//2593 2592//2592
f 2602//2602 2595//2595 2593//2593
f 2603//2603 2597//2597 2595//2595
f 2604//2604 2599//2599 2597//2597
f 2606//2606 2602//2602 2601//2601
f 2607//2607 2603//2603 2602//2602
f 2608//2608 2604//2604 2603//2603
f 2609//2609 2605//2605 2604//2604
f 2611//2611 2607//2607 2606//2606
f 2612//2612 2608//2608 2607//2607
f 2613//2613 2609//2609 2608//2608
f 2614//2614 2610//2610 2609//2609
f 2616//2616 2618//2618 2655//2655
f 2617//2617 2620//2620 2618//2618
f 2619//2619 2622//2622 2620//2620
f 2621//2621 2624//2624 2622//2622
f 2625//2625 2617//2617 2616//2616
f 2626//2626 2619//2619 2617//2617
f 2627//2627 2621//2621 2619//2619
f 2628//2628 2623//2623 2621//2621
f 2630//2630 2626//2626 2625//2625
f 2631//2631 2627//2627 2626//2626
f 2632//2632 2628//2628 2627//2627
f 2633//2633 2629//2629 2628//2628
f 2635//2635 2631//2631 2630//2630
f 2594//2594 2632//2632 2631//2631
f 2596//2596 2633//2633 2632//2632
f 2598//2598 2634//2634 2633//2633
f 2636//2636 2638//2638 2675//2675
f 2637//2637 2640//2640 2638//2638
f 2639//2639 2642//2642 2640//2640
f 2641//2641 2644//2644 2642//2642
f 2645//2645 2637//2637 2636//2636
f 2646//2646 2639//2639 2637//2637
f 2647//2647 2641//2641 2639//2639
f 2648//2648 2643//2643 2641//2641
f 2650//2650 2646//2646 2645//2645
f 2651//2651 2647//2647 2646//2646
f 2652//2652 2648//2648 2647//2647
f 2653//2653 2649//2649 2648//2648
f 2655//2655 2651//2651 2650//2650
f 2618//2618 2652//2652 2651//2651
f 2620//2620 2653//2653 2652//2652
f 2622//2622 2654//2654 2653//2653
f 2656//2656 2658//2658 2695//2695
f 2657//2657 2660//2660 2658//2658
f 2659//2659 2662//2662 2660//2660
f 2661//2661 2664//2664 2662//2662
f 2665//2665 2657//2657 2656//2656
f 2666//2666 2659//2659 2657//2657
f 2667//2667 2661//2661 2659//2659
f 2668//2668 2663//2663 2661//2661
f 2670//2670 2666//2666 2665//2665
f 2671//2671 2667//2667 2666//2666
f 2672//2672 2668//2668 2667//2667
f 2673//2673 2669//2669 2668//2668
f 2675//2675 2671//2671 2670//2670
f 2638//2638 2672//2672 2671//2671
f 2640//2640 2673//2673 2672//2672
f 2642//2642 2674//2674 2673//2673
f 2676//2676 2678//2678 2715//2715
f 2677//2677 2680//2680 2678//2678
f 2679//2679 2682//2682 2680//2680
f 2681//2681 2684//2684 2682//2682
f 2685//2685 2677//2677 2676//2676
f 2686//2686 2679//2679 2677//2677
f 2687//2687 2681//2681 2679//2679
f 2688//2688 2683//2683 2681//2681
f 2690//2690 2686//2686 2685//2685
f 2691//2691 2687//2687 2686//2686
f 2692//2692 2688//2688 2687//2687
f 2693//2693 2689//2689 2688//2688
f 2695//2695 2691//2691 2690//2690
f 2658//2658 2692//2692 2691//2691
f 2660//2660 2693//2693 2692//2692
f 2662//2662 2694//2694 2693//2693
f 2696//2696 2698//2698 2735//2735
f 2697//2697 2700//2700 2698//2698
f 2699//2699 2702//2702 2700//2700
f 2701//2701 2704//2704 2702//2702
f 2705//2705 2697//2697 2696//2696
f 2706//2706 2699//2699 2697//2697
f 2707//2707 2701//2701 2699//2699
f 2708//2708 2703//2703 2701//2701
f 2710//2710 2706//2706 2705//2705
f 2711//2711 2707//2707 2706//2706
f 2712//2712 2708//2708 2707//2707
f 2713//2713 2709//2709 2708//2708
f 2715//2715 2711//2711 2710//2710
f 2678//2678 2712//2712 2711//2711
f 2680//2680 2713//2713 2712//2712
f 2682//2682 2714//2714 2713//2713
f 2716//2716 2718//2718 2751//2751
f 2717//2717 2720//2720 2718//2718
f 2719//2719 2722//2722 2720//2720
f 2721//2721 2724//2724 2722//2722
f 2725//2725 2717//2717 2716//2716
f 2726//2726 2719//2719 2717//2717
f 2727//2727 2721//2721 2719//2719
f 2728//2728 2723//2723 2721//2721
f 2730//2730 2726//2726 2725//2725
f 2731//2731 2727//2727 2726//2726
f 2732//2732 2728//2728 2727//2727
f 2733//2733 2729//2729 2728//2728
f 2735//2735 2731//2731 2730//2730
f 2698//2698 2732//2732 2731//2731
f 2700//2700 2733//2733 2732//2732
f 2702//2702 2734//2734 2733//2733
f 2736//2736 2612//2612 2611//2611
f 2737//2737 2613//2613 2612//2612
f 2738//2738 2614//2614 2613//2613
f 2739//2739 2615//2615 2614//2614
f 2741//2741 2737//2737 2736//2736
f 2742//2742 2738//2738 2737//2737
f 2743//2743 2739//2739 2738//2738
f 2744//2744 2740//2740 2739//2739
f 2746//2746 2742//2742 2741//2741
f 2747//2747 2743//2743 2742//2742
f 2748//2748 2744//2744 2743//2743
f 2749//2749 2745//2745 2744//2744
f 2751//2751 2747//2747 2746//2746
f 2718//2718 2748//2748 2747//2747
f 2720//2720 2749//2749 2748//2748
f 2722//2722 2750//2750 2749//2749
f 2752//2752 2754//2754 2873//2873
f 2753//2753 2756//2756 2754//2754
f 2755//2755 2758//2758 2756//2756
f 2757//2757 2760//2760 2758//2758
f 2761//2761 2753//2753 2752//2752
f 2762//2762 2755//2755 2753//2753
f 2763//2763 2757//2757 2755//2755
f 2764//2764 2759//2759 2757//2757
f 2766//2766 2762//2762 2761//2761
f 2767//2767 2763//2763 2762//2762
f 2768//2768 2764//2764 2763//2763
f 2769//2769 2765//2765 2764//2764
f 2759//2759 2772//2772 2760//2760
f 2771//2771 2774//2774 2772//2772
f 2773//2773 2776//2776 2774//2774
f 2775//2775 2778//2778 2776//2776
f 2765//2765 2771//2771 2759//2759
f 2779//2779 2773//2773 2771//2771
f 2780//2780 2775//2775 2773//2773
f 2781//2781 2777//2777 2775//2775
f 2770//2770 2779//2779 2765//2765
f 2783//2783 2780//2780 2779//2779
f 2784//2784 2781//2781 2780//2780
f 2785//2785 2782//2782 2781//2781
f 2777//2777 2788//2788 2778//2778
f 2787//2787 2790//2790 2788//2788
f 2789//2789 2792//2792 2790//2790
f 2791//2791 2794//2794 2792//2792
f 2782//2782 2787//2787 2777//2777
f 2795//2795 2789//2789 2787//2787
f 2796//2796 2791//2791 2789//2789
f 2797//2797 2793//2793 2791//2791
f 2786//2786 2795//2795 2782//2782
f 2799//2799 2796//2796 2795//2795
f 2800//2800 2797//2797 2796//2796
f 2801//2801 2798//2798 2797//2797
f 2793//2793 2804//2804 2794//2794
f 2803//2803 2806//2806 2804//2804
f 2805//2805 2808//2808 2806//2806
f 2807//2807 2810//2810 2808//2808
f 2798//2798 2803//2803 2793//2793
f 2811//2811 2805//2805 2803//2803
f 2812//2812 2807//2807 2805//2805
f 2813//2813 2809//2809 2807//2807
f 2802//2802 2811//2811 2798//2798
f 2815//2815 2812//2812 2811//2811
f 2816//2816 2813//2813 2812//2812
f 2817//2817 2814//2814 2813//2813
f 2809//2809 2820//2820 2810//2810
f 2819//2819 2822//2822 2820//2820
f 2821//2821 2824//2824 2822//2822
f 2823//2823 2826//2826 2824//2824
f 2814//2814 2819//2819 2809//2809
f 2827//2827 2821//2821 2819//2819
f 2828//2828 2823//2823 2821//2821
f 2829//2829 2825//2825 2823//2823
f 2818//2818 2827//2827 2814//2814
f 2831//2831 2828//2828 2827//2827
f 2832//2832 2829//2829 2828//2828
f 2833//2833 2830//2830 2829//2829
f 2825//2825 2836//2836 2826//2826
f 2835//2835 2838//2838 2836//2836
f 2837//2837 2840//2840 2838//2838
f 2839//2839 2842//2842 2840//2840
f 2830//2830 2835//2835 2825//2825
f 2843//2843 2837//2837 2835//2835
f 2844//2844 2839//2839 2837//2837
f 2845//2845 2841//2841 2839//2839
f 2834//2834 2843//2843 2830//2830
f 2847//2847 2844//2844 2843//2843
f 2848//2848 2845//2845 2844//2844
f 2849//2849 2846//2846 2845//2845
f 2841//2841 2852//2852 2842//2842
f 2851//2851 2854//2854 2852//2852
f 2853//2853 2856//2856 2854//2854
f 2855//2855 2858//2858 2856//2856
f 2846//2846 2851//2851 2841//2841
f 2859//2859 2853//2853 2851//2851
f 2860//2860 2855//2855 2853//2853
f 2861//2861 2857//2857 2855//2855
f 2850//2850 2859//2859 2846//2846
f 2863//2863 2860//2860 2859//2859
f 2864//2864 2861//2861 2860//2860
f 2865//2865 2862//2862 2861//2861
f 2857//2857 2868//2868 2858//2858
f 2867//2867 2870//2870 2868//2868
f 2869//2869 2872//2872 2870//2870
f 2871//2871 2873//2873 2872//2872
f 2862//2862 2867//2867 2857//2857
f 2874//2874 2869//2869 2867//2867
f 2875//2875 2871//2871 2869//2869
f 2876//2876 2752//2752 2871//2871
f 2866//2866 2874//2874 2862//2862
f 2877//2877 2875//2875 2874//2874
f 2878//2878 2876//2876 2875//2875
f 2879//2879 2761//2761 2876//2876
f 2880//2880 2882//2882 2972//2972
f 2881//2881 2884//2884 2882//2882
f 2883//2883 2886//2886 2884//2884
f 2885//2885 2888//2888 2886//2886
f 2889//2889 2881//2881 2880//2880
f 2890//2890 2883//2883 2881//2881
f 2891//2891 2885//2885 2883//2883
f 2892//2892 2887//2887 2885//2885
f 2873//2873 2890//2890 2889//2889
f 2754//2754 2891//2891 2890//2890
f 2756//2756 2892//2892 2891//2891
f 2758//2758 2893//2893 2892//2892
f 2887//2887 2895//2895 2888//2888
f 2894//2894 2897//2897 2895//2895
f 2896//2896 2899//2899 2897//2897
f 2898//2898 2901//2901 2899//2899
f 2893//2893 2894//2894 2887//2887
f 2902//2902 2896//2896 2894//2894
f 2903//2903 2898//2898 2896//2896
f 2904//2904 2900//2900 2898//2898
f 2760//2760 2902//2902 2893//2893
f 2772//2772 2903//2903 2902//2902
f 2774//2774 2904//2904 2903//2903
f 2776//2776 2905//2905 2904//2904
f 2900//2900 2907//2907 2901//2901
f 2906//2906 2909//2909 2907//2907
f 2908//2908 2911//2911 2909//2909
f 2910//2910 2913//2913 2911//2911
f 2905//2905 2906//2906 2900//2900
f 2914//2914 2908//2908 2906//2906
f 2915//2915 2910//2910 2908//2908
f 2916//2916 2912//2912 2910//2910
f 2778//2778 2914//2914 2905//2905
f 2788//2788 2915//2915 2914//2914
f 2790//2790 2916//2916 2915//2915
f 2792//2792 2917//2917 2916//2916
f 2912//2912 2919//2919 2913//2913
f 2918//2918 2921//2921 2919//2919
f 2920//2920 2923//2923 2921//2921
f 2922//2922 2925//2925 2923//2923
f 2917//2917 2918//2918 2912//2912
f 2926//2926 2920//2920 2918//2918
f 2927//2927 2922//2922 2920//2920
f 2928//2928 2924//2924 2922//2922
f 2794//2794 2926//2926 2917//2917
f 2804//2804 2927//2927 2926//2926
f 2806//2806 2928//2928 2927//2927
f 2808//2808 2929//2929 2928//2928
f 2924//2924 2931//2931 2925//2925
f 2930//2930 2933//2933 2931//2931
f 2932//2932 2935//2935 2933//2933
f 2934//2934 2937//2937 2935//2935
f 2929//2929 2930//2930 2924//2924
f 2938//2938 2932//2932 2930//2930
f 2939//2939 2934//2934 2932//2932
f 2940//2940 2936//2936 2934//2934
f 2810//2810 2938//2938 2929//2929
f 2820//2820 2939//2939 2938//2938
f 2822//2822 2940//2940 2939//2939
f 2824//2824 2941//2941 2940//2940
f 2936//2936 2943//2943 2937//2937
f 2942//2942 2945//2945 2943//2943
f 2944//2944 2947//2947 2945//2945
f 2946//2946 2949//2949 2947//2947
f 2941//2941 2942//2942 2936//2936
f 2950//2950 2944//2944 2942//2942
f 2951//2951 2946//2946 2944//2944
f 2952//2952 2948//2948 2946//2946
f 2826//2826 2950//2950 2941//2941
f 2836//2836 2951//2951 2950//2950
f 2838//2838 2952//2952 2951//2951
f 2840//2840 2953//2953 2952//2952
f 2948//2948 2955//2955 2949//2949
f 2954//2954 2957//2957 2955//2955
f 2956//2956 2959//2959 2957//2957
f 2958//2958 2961//2961 2959//2959
f 2953//2953 2954//2954 2948//2948
f 2962//2962 2956//2956 2954//2954
f 2963//2963 2958//2958 2956//2956
f 2964//2964 2960//2960 2958//2958
f 2842//2842 2962//2962 2953//2953
f 2852//2852 2963//2963 2962//2962
f 2854//2854 2964//2964 2963//2963
f 2856//2856 2965//2965 2964//2964
f 2960//2960 2967//2967 2961//2961
f 2966//2966 2969//2969 2967//2967
f 2968//2968 2971//2971 2969//2969
f 2970//2970 2972//2972 2971//2971
f 2965//2965 2966//2966 2960//2960
f 2973//2973 2968//2968 2966//2966
f 2974//2974 2970//2970 2968//2968
f 2975//2975 2880//2880 2970//2970
f 2858//2858 2973//2973 2965//2965
f 2868//2868 2974//2974 2973//2973
f 2870//2870 2975//2975 2974//2974
f 2872//2872 2889//2889 2975//2975
f 2976//2976 2886//2886 2888//2888
f 2977//2977 2884//2884 2886//2886
f 2978//2978 2882//2882 2884//2884
f 2979//2979 2972//2972 2882//2882
f 2981//2981 2977//2977 2976//2976
f 2982//2982 2978//2978 2977//2977
f 2983//2983 2979//2979 2978//2978
f 2984//2984 2980//2980 2979//2979
f 2986//2986 2982//2982 2981//2981
f 2987//2987 2983//2983 2982//2982
f 2988//2988 2984//2984 2983//2983
f 2980//2980 2971//2971 2972//2972
f 2990//2990 2969//2969 2971//2971
f 2991//2991 2967//2967 2969//2969
f 2992//2992 2961//2961 2967//2967
f 2985//2985 2990//2990 2980//2980
f 2994//2994 2991//2991 2990//2990
f 2995//2995 2992//2992 2991//2991
f 2996//2996 2993//2993 2992//2992
f 2989//2989 2994//2994 2985//2985
f 2998//2998 2995//2995 2994//2994
f 2999//2999 2996//2996 2995//2995
f 3000//3000 2997//2997 2996//2996
f 2993//2993 2959//2959 2961//2961
f 3002//3002 2957//2957 2959//2959
f 3003//3003 2955//2955 2957//2957
f 3004//3004 2949//2949 2955//2955
f 2997//2997 3002//3002 2993//2993
f 3006//3006 3003//3003 3002//3002
f 3007//3007 3004//3004 3003//3003
f 3008//3008 3005//3005 3004//3004
f 3001//3001 3006//3006 2997//2997
f 3010//3010 3007//3007 3006//3006
f 3011//3011 3008//3008 3007//3007
f 3012//3012 3009//3009 3008//3008
f 3005//3005 2947//2947 2949//2949
f 3014//3014 2945//2945 2947//2947
f 3015//3015 2943//2943 2945//2945
f 3016//3016 2937//2937 2943//2943
f 3009//3009 3014//3014 3005//3005
f 3018//3018 3015//3015 3014//3014
f 3019//3019 3016//3016 3015//3015
f 3020//3020 3017//3017 3016//3016
f 3013//3013 3018//3018 3009//3009
f 3022//3022 3020//3020 3019//3019
f 3023//3023 3021//3021 3020//3020
f 3017//3017 2935//2935 2937//2937
f 3025//3025 2933//2933 2935//2935
f 3026//3026 2931//2931 2933//2933
f 3027//3027 2925//2925 2931//2931
f 3021//3021 3025//3025 3017//3017
f 3029//3029 3026//3026 3025//3025
f 3030//3030 3027//3027 3026//3026
f 3031//3031 3028//3028 3027//3027
f 3024//3024 3029//3029 3021//3021
f 3033//3033 3030//3030 3029//3029
f 3034//3034 3032//3032 3031//3031
f 3028//3028 2923//2923 2925//2925
f 3035//3035 2921//2921 2923//2923
f 3036//3036 2919//2919 2921//2921
f 3037//3037 2913//2913 2919//2919
f 3032//3032 3035//3035 3028//3028
f 3039//3039 3036//3036 3035//3035
f 3040//3040 3038//3038 3037//3037
f 3042//3042 3040//3040 3036//3036
f 3043//3043 3042//3042 3039//3039
f 3038//3038 2911//2911 2913//2913
f 3044//3044 2909//2909 2911//2911
f 3045//3045 2907//2907 2909//2909
f 3046//3046 2901//2901 2907//2907
f 3041//3041 3044//3044 3038//3038
f 3048//3048 3045//3045 3044//3044
f 3049//3049 3046//3046 3045//3045
f 3050//3050 3047//3047 3046//3046
f 3047//3047 2899//2899 2901//2901
f 3052//3052 2897//2897 2899//2899
f 3053//3053 2895//2895 2897//2897
f 3054//3054 2888//2888 2895//2895
f 3051//3051 3052//3052 3047//3047
f 3055//3055 3053//3053 3052//3052
f 3056//3056 3054//3054 3053//3053
f 3057//3057 2976//2976 3054//3054
f 3058//3058 3057//3057 3056//3056
f 3059//3059 2981//2981 3057//3057
f 2630//2630 3061//3061 2635//2635
f 3060//3060 3062//3062 3061//3061
f 3063//3063 2802//2802 3064//3064
f 2625//2625 3060//3060 2630//2630
f 3065//3065 3063//3063 3062//3062
f 3066//3066 2815//2815 3063//3063
f 2616//2616 3060//3060 2625//2625
f 3067//3067 3065//3065 3060//3060
f 3068//3068 2816//2816 3066//3066
f 2655//2655 3067//3067 2616//2616
f 3069//3069 3068//3068 3065//3065
f 3070//3070 2817//2817 3068//3068
f 2606//2606 3072//3072 2611//2611
f 3071//3071 3073//3073 3072//3072
f 3074//3074 2786//2786 3075//3075
f 2601//2601 3071//3071 2606//2606
f 3076//3076 3074//3074 3073//3073
f 3077//3077 2799//2799 3074//3074
f 2592//2592 3071//3071 2601//2601
f 3061//3061 3076//3076 3071//3071
f 3078//3078 2800//2800 3077//3077
f 2635//2635 3061//3061 2592//2592
f 3062//3062 3078//3078 3076//3076
f 3064//3064 2801//2801 3078//3078
f 2746//2746 3080//3080 2751//2751
f 3079//3079 3081//3081 3080//3080
f 3082//3082 2770//2770 3083//3083
f 2741//2741 3079//3079 2746//2746
f 3084//3084 3082//3082 3081//3081
f 3085//3085 2783//2783 3082//3082
f 2736//2736 3079//3079 2741//2741
f 3072//3072 3084//3084 3079//3079
f 3086//3086 2784//2784 3085//3085
f 2611//2611 3072//3072 2736//2736
f 3073//3073 3086//3086 3084//3084
f 3075//3075 2785//2785 3086//3086
f 2730//2730 3088//3088 2735//2735
f 3087//3087 3089//3089 3088//3088
f 3090//3090 2766//2766 3091//3091
f 2725//2725 3087//3087 2730//2730
f 3092//3092 3090//3090 3089//3089
f 3093//3093 2767//2767 3090//3090
f 2716//2716 3087//3087 2725//2725
f 3080//3080 3092//3092 3087//3087
f 3094//3094 2768//2768 3093//3093
f 2751//2751 3080//3080 2716//2716
f 3081//3081 3094//3094 3092//3092
f 3083//3083 2769//2769 3094//3094
f 2710//2710 3096//3096 2715//2715
f 3095//3095 3097//3097 3096//3096
f 3098//3098 2866//2866 3099//3099
f 2705//2705 3095//3095 2710//2710
f 3100//3100 3098//3098 3097//3097
f 3101//3101 2877//2877 3098//3098
f 2696//2696 3095//3095 2705//2705
f 3088//3088 3100//3100 3095//3095
f 3102//3102 2878//2878 3101//3101
f 2735//2735 3088//3088 2696//2696
f 3089//3089 3102//3102 3100//3100
f 3091//3091 2879//2879 3102//3102
f 2690//2690 3104//3104 2695//2695
f 3103//3103 3105//3105 3104//3104
f 3106//3106 2850//2850 3107//3107
f 2685//2685 3103//3103 2690//2690
f 3108//3108 3106//3106 3105//3105
f 3109//3109 2863//2863 3106//3106
f 2676//2676 3103//3103 2685//2685
f 3096//3096 3108//3108 3103//3103
f 3110//3110 2864//2864 3109//3109
f 2715//2715 3096//3096 2676//2676
f 3097//3097 3110//3110 3108//3108
f 3099//3099 2865//2865 3110//3110
f 2670//2670 3112//3112 2675//2675
f 3111//3111 3113//3113 3112//3112
f 3114//3114 2834//2834 3115//3115
f 2665//2665 3111//3111 2670//2670
f 3116//3116 3114//3114 3113//3113
f 3117//3117 2847//2847 3114//3114
f 2656//2656 3111//3111 2665//2665
f 3104//3104 3116//3116 3111//3111
f 3118//3118 2848//2848 3117//3117
f 2695//2695 3104//3104 2656//2656
f 3105//3105 3118//3118 3116//3116
f 3107//3107 2849//2849 3118//3118
f 2650//2650 3067//3067 2655//2655
f 3119//3119 3069//3069 3067//3067
f 3120//3120 2818//2818 3070//3070
f 2645//2645 3119//3119 2650//2650
f 3121//3121 3120//3120 3069//3069
f 3122//3122 2831//2831 3120//3120
f 2636//2636 3119//3119 2645//2645
f 3112//3112 3121//3121 3119//3119
f 3123//3123 2832//2832 3122//3122
f 2675//2675 3112//3112 2636//2636
f 3113//3113 3123//3123 3121//3121
f 3115//3115 2833//2833 3123//3123
f 3124//3124 3126//3126 3155//3155
f 3125//3125 3128//3128 3126//3126
f 3127//3127 3130//3130 3128//3128
f 3129//3129 3132//3132 3130//3130
f 3133//3133 3125//3125 3124//3124
f 3134//3134 3127//3127 3125//3125
f 3135//3135 3129//3129 3127//3127
f 3136//3136 3131//3131 3129//3129
f 3138//3138 3134//3134 3133//3133
f 3139//3139 3135//3135 3134//3134
f 3140//3140 3136//3136 3135//3135
f 3141//3141 3137//3137 3136//3136
f 3143//3143 3139//3139 3138//3138
f 3144//3144 3140//3140 3139//3139
f 3145//3145 3141//3141 3140//3140
f 3146//3146 3142//3142 3141//3141
f 3148//3148 3150//3150 3175//3175
f 3149//3149 3152//3152 3150//3150
f 3151//3151 3154//3154 3152//3152
f 3153//3153 3155//3155 3154//3154
f 3156//3156 3149//3149 3148//3148
f 3157//3157 3151//3151 3149//3149
f 3158//3158 3153//3153 3151//3151
f 3159//3159 3124//3124 3153//3153
f 3160//3160 3157//3157 3156//3156
f 3161//3161 3158//3158 3157//3157
f 3162//3162 3159//3159 3158//3158
f 3163//3163 3133//3133 3159//3159
f 3164//3164 3161//3161 3160//3160
f 3165//3165 3162//3162 3161//3161
f 3166//3166 3163//3163 3162//3162
f 3167//3167 3138//3138 3163//3163
f 3168//3168 3170//3170 3195//3195
f 3169//3169 3172//3172 3170//3170
f 3171//3171 3174//3174 3172//3172
f 3173//3173 3175//3175 3174//3174
f 3176//3176 3169//3169 3168//3168
f 3177//3177 3171//3171 3169//3169
f 3178//3178 3173//3173 3171//3171
f 3179//3179 3148//3148 3173//3173
f 3180//3180 3177//3177 3176//3176
f 3181//3181 3178//3178 3177//3177
f 3182//3182 3179//3179 3178//3178
f 3183//3183 3156//3156 3179//3179
f 3184//3184 3181//3181 3180//3180
f 3185//3185 3182//3182 3181//3181
f 3186//3186 3183//3183 3182//3182
f 3187//3187 3160//3160 3183//3183
f 3188//3188 3190//3190 3215//3215
f 3189//3189 3192//3192 3190//3190
f 3191//3191 3194//3194 3192//3192
f 3193//3193 3195//3195 3194//3194
f 3196//3196 3189//3189 3188//3188
f 3197//3197 3191//3191 3189//3189
f 3198//3198 3193//3193 3191//3191
f 3199//3199 3168//3168 3193//3193
f 3200//3200 3197//3197 3196//3196
f 3201//3201 3198//3198 3197//3197
f 3202//3202 3199//3199 3198//3198
f 3203//3203 3176//3176 3199//3199
f 3204//3204 3201//3201 3200//3200
f 3205//3205 3202//3202 3201//3201
f 3206//3206 3203//3203 3202//3202
f 3207//3207 3180//3180 3203//3203
f 3208//3208 3210//3210 3235//3235
f 3209//3209 3212//3212 3210//3210
f 3211//3211 3214//3214 3212//3212
f 3213//3213 3215//3215 3214//3214
f 3216//3216 3209//3209 3208//3208
f 3217//3217 3211//3211 3209//3209
f 3218//3218 3213//3213 3211//3211
f 3219//3219 3188//3188 3213//3213
f 3220//3220 3217//3217 3216//3216
f 3221//3221 3218//3218 3217//3217
f 3222//3222 3219//3219 3218//3218
f 3223//3223 3196//3196 3219//3219
f 3224//3224 3221//3221 3220//3220
f 3225//3225 3222//3222 3221//3221
f 3226//3226 3223//3223 3222//3222
f 3227//3227 3200//3200 3223//3223
f 3228//3228 3230//3230 3255//3255
f 3229//3229 3232//3232 3230//3230
f 3231//3231 3234//3234 3232//3232
f 3233//3233 3235//3235 3234//3234
f 3236//3236 3229//3229 3228//3228
f 3237//3237 3231//3231 3229//3229
f 3238//3238 3233//3233 3231//3231
f 3239//3239 3208//3208 3233//3233
f 3240//3240 3237//3237 3236//3236
f 3241//3241 3238//3238 3237//3237
f 3242//3242 3239//3239 3238//3238
f 3243//3243 3216//3216 3239//3239
f 3244//3244 3241//3241 3240//3240
f 3245//3245 3242//3242 3241//3241
f 3246//3246 3243//3243 3242//3242
f 3247//3247 3220//3220 3243//3243
f 3248//3248 3250//3250 3274//3274
f 3249//3249 3252//3252 3250//3250
f 3251//3251 3254//3254 3252//3252
f 3253//3253 3255//3255 3254//3254
f 3256//3256 3249//3249 3248//3248
f 3257//3257 3251//3251 3249//3249
f 3258//3258 3253//3253 3251//3251
f 3259//3259 3228//3228 3253//3253
f 3260//3260 3257//3257 3256//3256
f 3261//3261 3258//3258 3257//3257
f 3262//3262 3259//3259 3258//3258
f 3263//3263 3236//3236 3259//3259
f 3264//3264 3261//3261 3260//3260
f 3265//3265 3262//3262 3261//3261
f 3266//3266 3263//3263 3262//3262
f 3267//3267 3240//3240 3263//3263
f 3131//3131 3269//3269 3132//3132
f 3268//3268 3271//3271 3269//3269
f 3270//3270 3273//3273 3271//3271
f 3272//3272 3274//3274 3273//3273
f 3137//3137 3268//3268 3131//3131
f 3275//3275 3270//3270 3268//3268
f 3276//3276 3272//3272 3270//3270
f 3277//3277 3248//3248 3272//3272
f 3142//3142 3275//3275 3137//3137
f 3278//3278 3276//3276 3275//3275
f 3279//3279 3277//3277 3276//3276
f 3280//3280 3256//3256 3277//3277
f 3147//3147 3278//3278 3142//3142
f 3281//3281 3279//3279 3278//3278
f 3282//3282 3280//3280 3279//3279
f 3283//3283 3260//3260 3280//3280
f 3284//3284 3286//3286 3411//3411
f 3285//3285 3288//3288 3286//3286
f 3287//3287 3290//3290 3288//3288
f 3291//3291 3285//3285 3284//3284
f 3292//3292 3287//3287 3285//3285
f 3293//3293 3289//3289 3287//3287
f 3295//3295 3292//3292 3291//3291
f 3296//3296 3293//3293 3292//3292
f 3297//3297 3294//3294 3293//3293
f 3299//3299 3296//3296 3295//3295
f 3300//3300 3297//3297 3296//3296
f 3301//3301 3298//3298 3297//3297
f 3303//3303 3300//3300 3299//3299
f 3304//3304 3301//3301 3300//3300
f 3305//3305 3302//3302 3301//3301
f 3307//3307 3304//3304 3303//3303
f 3308//3308 3305//3305 3304//3304
f 3309//3309 3306//3306 3305//3305
f 3311//3311 3308//3308 3307//3307
f 3312//3312 3309//3309 3308//3308
f 3313//3313 3310//3310 3309//3309
f 3315//3315 3312//3312 3311//3311
f 3316//3316 3313//3313 3312//3312
f 3317//3317 3314//3314 3313//3313
f 3319//3319 3316//3316 3315//3315
f 3320//3320 3317//3317 3316//3316
f 3321//3321 3318//3318 3317//3317
f 3323//3323 3320//3320 3319//3319
f 3324//3324 3321//3321 3320//3320
f 3325//3325 3322//3322 3321//3321
f 3327//3327 3324//3324 3323//3323
f 3328//3328 3325//3325 3324//3324
f 3329//3329 3326//3326 3325//3325
f 3331//3331 3328//3328 3327//3327
f 3332//3332 3329//3329 3328//3328
f 3333//3333 3330//3330 3329//3329
f 3335//3335 3332//3332 3331//3331
f 3336//3336 3333//3333 3332//3332
f 3337//3337 3334//3334 3333//3333
f 3339//3339 3336//3336 3335//3335
f 3340//3340 3337//3337 3336//3336
f 3341//3341 3338//3338 3337//3337
f 3343//3343 3340//3340 3339//3339
f 3344//3344 3341//3341 3340//3340
f 3345//3345 3342//3342 3341//3341
f 3347//3347 3344//3344 3343//3343
f 3348//3348 3345//3345 3344//3344
f 3349//3349 3346//3346 3345//3345
f 3351//3351 3348//3348 3347//3347
f 3352//3352 3349//3349 3348//3348
f 3353//3353 3350//3350 3349//3349
f 3355//3355 3352//3352 3351//3351
f 3356//3356 3353//3353 3352//3352
f 3357//3357 3354//3354 3353//3353
f 3359//3359 3356//3356 3355//3355
f 3360//3360 3357//3357 3356//3356
f 3361//3361 3358//3358 3357//3357
f 3363//3363 3360//3360 3359//3359
f 3364//3364 3361//3361 3360//3360
f 3365//3365 3362//3362 3361//3361
f 3367//3367 3364//3364 3363//3363
f 3368//3368 3365//3365 3364//3364
f 3369//3369 3366//3366 3365//3365
f 3371//3371 3368//3368 3367//3367
f 3372//3372 3369//3369 3368//3368
f 3373//3373 3370//3370 3369//3369
f 3375//3375 3372//3372 3371//3371
f 3376//3376 3373//3373 3372//3372
f 3377//3377 3374//3374 3373//3373
f 3379//3379 3376//3376 3375//3375
f 3380//3380 3377//3377 3376//3376
f 3381//3381 3378//3378 3377//3377
f 3383//3383 3380//3380 3379//3379
f 3384//3384 3381//3381 3380//3380
f 3385//3385 3382//3382 3381//3381
f 3387//3387 3384//3384 3383//3383
f 3388//3388 3385//3385 3384//3384
f 3389//3389 3386//3386 3385//3385
f 3391//3391 3388//3388 3387//3387
f 3392//3392 3389//3389 3388//3388
f 3393//3393 3390//3390 3389//3389
f 3395//3395 3392//3392 3391//3391
f 3396//3396 3393//3393 3392//3392
f 3397//3397 3394//3394 3393//3393
f 3399//3399 3396//3396 3395//3395
f 3400//3400 3397//3397 3396//3396
f 3401//3401 3398//3398 3397//3397
f 3403//3403 3400//3400 3399//3399
f 3404//3404 3401//3401 3400//3400
f 3405//3405 3402//3402 3401//3401
f 3407//3407 3404//3404 3403//3403
f 3408//3408 3405//3405 3404//3404
f 3409//3409 3406//3406 3405//3405
f 3411//3411 3408//3408 3407//3407
f 3286//3286 3409//3409 3408//3408
f 3288//3288 3410//3410 3409//3409
f 3412//3412 3414//3414 3507//3507
f 3413//3413 3416//3416 3414//3414
f 3415//3415 3411//3411 3416//3416
f 3417//3417 3413//3413 3412//3412
f 3418//3418 3415//3415 3413//3413
f 3419//3419 3284//3284 3415//3415
f 3420//3420 3418//3418 3417//3417
f 3421//3421 3419//3419 3418//3418
f 3422//3422 3291//3291 3419//3419
f 3423//3423 3421//3421 3420//3420
f 3424//3424 3422//3422 3421//3421
f 3425//3425 3295//3295 3422//3422
f 3426//3426 3424//3424 3423//3423
f 3427//3427 3425//3425 3424//3424
f 3428//3428 3299//3299 3425//3425
f 3429//3429 3427//3427 3426//3426
f 3430//3430 3428//3428 3427//3427
f 3431//3431 3303//3303 3428//3428
f 3432//3432 3430//3430 3429//3429
f 3433//3433 3431//3431 3430//3430
f 3434//3434 3307//3307 3431//3431
f 3435//3435 3433//3433 3432//3432
f 3436//3436 3434//3434 3433//3433
f 3437//3437 3311//3311 3434//3434
f 3438//3438 3436//3436 3435//3435
f 3439//3439 3437//3437 3436//3436
f 3440//3440 3315//3315 3437//3437
f 3441//3441 3439//3439 3438//3438
f 3442//3442 3440//3440 3439//3439
f 3443//3443 3319//3319 3440//3440
f 3444//3444 3442//3442 3441//3441
f 3445//3445 3443//3443 3442//3442
f 3446//3446 3323//3323 3443//3443
f 3447//3447 3445//3445 3444//3444
f 3448//3448 3446//3446 3445//3445
f 3449//3449 3327//3327 3446//3446
f 3450//3450 3448//3448 3447//3447
f 3451//3451 3449//3449 3448//3448
f 3452//3452 3331//3331 3449//3449
f 3453//3453 3451//3451 3450//3450
f 3454//3454 3452//3452 3451//3451
f 3455//3455 3335//3335 3452//3452
f 3456//3456 3454//3454 3453//3453
f 3457//3457 3455//3455 3454//3454
f 3458//3458 3339//3339 3455//3455
f 3459//3459 3457//3457 3456//3456
f 3460//3460 3458//3458 3457//3457
f 3461//3461 3343//3343 3458//3458
f 3462//3462 3460//3460 3459//3459
f 3463//3463 3461//3461 3460//3460
f 3464//3464 3347//3347 3461//3461
f 3465//3465 3463//3463 3462//3462
f 3466//3466 3464//3464 3463//3463
f 3467//3467 3351//3351 3464//3464
f 3468//3468 3466//3466 3465//3465
f 3469//3469 3467//3467 3466//3466
f 3470//3470 3355//3355 3467//3467
f 3471//3471 3469//3469 3468//3468
f 3472//3472 3470//3470 3469//3469
f 3473//3473 3359//3359 3470//3470
f 3474//3474 3472//3472 3471//3471
f 3475//3475 3473//3473 3472//3472
f 3476//3476 3363//3363 3473//3473
f 3477//3477 3475//3475 3474//3474
f 3478//3478 3476//3476 3475//3475
f 3479//3479 3367//3367 3476//3476
f 3480//3480 3478//3478 3477//3477
f 3481//3481 3479//3479 3478//3478
f 3482//3482 3371//3371 3479//3479
f 3483//3483 3481//3481 3480//3480
f 3484//3484 3482//3482 3481//3481
f 3485//3485 3375//3375 3482//3482
f 3486//3486 3484//3484 3483//3483
f 3487//3487 3485//3485 3484//3484
f 3488//3488 3379//3379 3485//3485
f 3489//3489 3487//3487 3486//3486
f 3490//3490 3488//3488 3487//3487
f 3491//3491 3383//3383 3488//3488
f 3492//3492 3490//3490 3489//3489
f 3493//3493 3491//3491 3490//3490
f 3494//3494 3387//3387 3491//3491
f 3495//3495 3493//3493 3492//3492
f 3496//3496 3494//3494 3493//3493
f 3497//3497 3391//3391 3494//3494
f 3498//3498 3496//3496 3495//3495
f 3499//3499 3497//3497 3496//3496
f 3500//3500 3395//3395 3497//3497
f 3501//3501 3499//3499 3498//3498
f 3502//3502 3500//3500 3499//3499
f 3503//3503 3399//3399 3500//3500
f 3504//3504 3502//3502 3501//3501
f 3505//3505 3503//3503 3502//3502
f 3506//3506 3403//3403 3503//3503
f 3507//3507 3505//3505 3504//3504
f 3414//3414 3506//3506 3505//3505
f 3416//3416 3407//3407 3506//3506
f 3420//3420 3509//3509 3423//3423
f 3508//3508 2986//2986 3509//3509
f 3417//3417 3508//3508 3420//3420
f 3510//3510 2987//2987 3508//3508
f 3412//3412 3510//3510 3417//3417
f 3511//3511 2988//2988 3510//3510
f 3507//3507 3511//3511 3412//3412
f 3513//3513 3512//3512 3511//3511
f 2989//2989 2984//2984 3512//3512
f 3504//3504 3513//3513 3507//3507
f 2998//2998 2989//2989 3513//3513
f 3501//3501 3514//3514 3504//3504
f 3515//3515 2998//2998 3514//3514
f 3498//3498 3515//3515 3501//3501
f 3516//3516 2999//2999 3515//3515
f 3495//3495 3516//3516 3498//3498
f 3517//3517 3000//3000 3516//3516
f 3492//3492 3517//3517 3495//3495
f 3518//3518 3001//3001 3517//3517
f 3489//3489 3518//3518 3492//3492
f 3519//3519 3010//3010 3518//3518
f 3486//3486 3519//3519 3489//3489
f 3520//3520 3011//3011 3519//3519
f 3483//3483 3520//3520 3486//3486
f 3521//3521 3012//3012 3520//3520
f 3480//3480 3521//3521 3483//3483
f 3522//3522 3013//3013 3521//3521
f 3477//3477 3522//3522 3480//3480
f 3524//3524 3523//3523 3522//3522
f 3022//3022 3018//3018 3523//3523
f 3474//3474 3524//3524 3477//3477
f 3023//3023 3022//3022 3524//3524
f 3471//3471 3525//3525 3474//3474
f 3526//3526 3023//3023 3525//3525
f 3468//3468 3526//3526 3471//3471
f 3527//3527 3024//3024 3526//3526
f 3465//3465 3527//3527 3468//3468
f 3528//3528 3033//3033 3527//3527
f 3462//3462 3528//3528 3465//3465
f 3530//3530 3529//3529 3528//3528
f 3034//3034 3030//3030 3529//3529
f 3459//3459 3530//3530 3462//3462
f 3531//3531 3034//3034 3530//3530
f 3456//3456 3531//3531 3459//3459
f 3533//3533 3532//3532 3531//3531
f 3043//3043 3032//3032 3532//3532
f 3453//3453 3533//3533 3456//3456
f 3534//3534 3043//3043 3533//3533
f 3450//3450 3534//3534 3453//3453
f 3536//3536 3535//3535 3534//3534
f 3537//3537 3042//3042 3535//3535
f 3447//3447 3536//3536 3450//3450
f 3538//3538 3537//3537 3536//3536
f 3539//3539 3040//3040 3537//3537
f 3444//3444 3538//3538 3447//3447
f 3540//3540 3539//3539 3538//3538
f 3541//3541 3041//3041 3539//3539
f 3441//3441 3540//3540 3444//3444
f 3542//3542 3541//3541 3540//3540
f 3543//3543 3048//3048 3541//3541
f 3438//3438 3542//3542 3441//3441
f 3544//3544 3543//3543 3542//3542
f 3545//3545 3049//3049 3543//3543
f 3435//3435 3544//3544 3438//3438
f 3546//3546 3545//3545 3544//3544
f 3547//3547 3050//3050 3545//3545
f 3432//3432 3546//3546 3435//3435
f 3548//3548 3547//3547 3546//3546
f 3549//3549 3051//3051 3547//3547
f 3429//3429 3548//3548 3432//3432
f 3550//3550 3549//3549 3548//3548
f 3058//3058 3055//3055 3549//3549
f 3426//3426 3550//3550 3429//3429
f 3059//3059 3058//3058 3550//3550
f 3423//3423 3551//3551 3426//3426
f 3509//3509 3059//3059 3551//3551
f 3552//3552 3154//3154 3155//3155
f 3553//3553 3152//3152 3154//3154
f 3553//3553 3150//3150 3152//3152
f 3554//3554 3175//3175 3150//3150
f 3555//3555 3553//3553 3552//3552
f 3556//3556 3554//3554 3553//3553
f 3559//3559 3556//3556 3555//3555
f 3561//3561 3557//3557 3556//3556
f 3334//3334 3559//3559 3558//3558
f 3338//3338 3560//3560 3559//3559
f 3342//3342 3561//3561 3560//3560
f 3346//3346 3562//3562 3561//3561
f 3563//3563 3130//3130 3132//3132
f 3564//3564 3128//3128 3130//3130
f 3564//3564 3126//3126 3128//3128
f 3552//3552 3155//3155 3126//3126
f 3565//3565 3564//3564 3563//3563
f 3566//3566 3552//3552 3564//3564
f 3568//3568 3566//3566 3565//3565
f 3570//3570 3555//3555 3566//3566
f 3318//3318 3568//3568 3567//3567
f 3322//3322 3569//3569 3568//3568
f 3326//3326 3570//3570 3569//3569
f 3330//3330 3558//3558 3570//3570
f 3571//3571 3273//3273 3274//3274
f 3572//3572 3271//3271 3273//3273
f 3572//3572 3269//3269 3271//3271
f 3563//3563 3132//3132 3269//3269
f 3573//3573 3572//3572 3571//3571
f 3574//3574 3563//3563 3572//3572
f 3576//3576 3574//3574 3573//3573
f 3578//3578 3565//3565 3574//3574
f 3302//3302 3576//3576 3575//3575
f 3306//3306 3577//3577 3576//3576
f 3310//3310 3578//3578 3577//3577
f 3314//3314 3567//3567 3578//3578
f 3579//3579 3254//3254 3255//3255
f 3580//3580 3252//3252 3254//3254
f 3580//3580 3250//3250 3252//3252
f 3571//3571 3274//3274 3250//3250
f 3581//3581 3580//3580 3579//3579
f 3582//3582 3571//3571 3580//3580
f 3584//3584 3582//3582 3581//3581
f 3586//3586 3573//3573 3582//3582
f 3290//3290 3584//3584 3583//3583
f 3289//3289 3585//3585 3584//3584
f 3294//3294 3586//3586 3585//3585
f 3298//3298 3575//3575 3586//3586
f 3587//3587 3234//3234 3235//3235
f 3588//3588 3232//3232 3234//3234
f 3588//3588 3230//3230 3232//3232
f 3579//3579 3255//3255 3230//3230
f 3589//3589 3588//3588 3587//3587
f 3590//3590 3579//3579 3588//3588
f 3592//3592 3590//3590 3589//3589
f 3594//3594 3581//3581 3590//3590
f 3398//3398 3592//3592 3591//3591
f 3402//3402 3593//3593 3592//3592
f 3406//3406 3594//3594 3593//3593
f 3410//3410 3583//3583 3594//3594
f 3595//3595 3214//3214 3215//3215
f 3596//3596 3212//3212 3214//3214
f 3596//3596 3210//3210 3212//3212
f 3587//3587 3235//3235 3210//3210
f 3597//3597 3596//3596 3595//3595
f 3598//3598 3587//3587 3596//3596
f 3600//3600 3598//3598 3597//3597
f 3602//3602 3589//3589 3598//3598
f 3382//3382 3600//3600 3599//3599
f 3386//3386 3601//3601 3600//3600
f 3390//3390 3602//3602 3601//3601
f 3394//3394 3591//3591 3602//3602
f 3603//3603 3194//3194 3195//3195
f 3604//3604 3192//3192 3194//3194
f 3604//3604 3190//3190 3192//3192
f 3595//3595 3215//3215 3190//3190
f 3605//3605 3604//3604 3603//3603
f 3606//3606 3595//3595 3604//3604
f 3608//3608 3606//3606 3605//3605
f 3610//3610 3597//3597 3606//3606
f 3366//3366 3608//3608 3607//3607
f 3370//3370 3609//3609 3608//3608
f 3374//3374 3610//3610 3609//3609
f 3378//3378 3599//3599 3610//3610
f 3554//3554 3174//3174 3175//3175
f 3611//3611 3172//3172 3174//3174
f 3611//3611 3170//3170 3172//3172
f 3603//3603 3195//3195 3170//3170
f 3557//3557 3611//3611 3554//3554
f 3612//3612 3603//3603 3611//3611
f 3613//3613 3612//3612 3557//3557
f 3615//3615 3605//3605 3612//3612
f 3350//3350 3613//3613 3562//3562
f 3354//3354 3614//3614 3613//3613
f 3358//3358 3615//3615 3614//3614
f 3362//3362 3607//3607 3615//3615
f 3869//3869 3872//3872 3870//3870
f 3871//3871 3874//3874 3872//3872
f 3873//3873 3876//3876 3874//3874
f 3875//3875 3878//3878 3876//3876
f 3877//3877 3880//3880 3878//3878
f 3879//3879 3882//3882 3880//3880
f 3881//3881 3884//3884 3882//3882
f 3883//3883 3886//3886 3884//3884
f 3885//3885 3888//3888 3886//3886
f 3887//3887 3890//3890 3888//3888
f 3889//3889 3891//3891 3890//3890
f 3868//3868 3870//3870 3891//3891
f 3868//3868 3889//3889 3887//3887
f 3868//3868 3887//3887 3885//3885
f 3868//3868 3885//3885 3883//3883
f 3868//3868 3883//3883 3881//3881
f 3868//3868 3881//3881 3879//3879
f 3868//3868 3879//3879 3877//3877
f 3868//3868 3877//3877 3875//3875
f 3868//3868 3875//3875 3873//3873
f 3868//3868 3873//3873 3871//3871
f 3868//3868 3871//3871 3869//3869
f 3892//3892 3894//3894 3898//3898
f 3892//3892 3898//3898 3896//3896
f 3892//3892 3896//3896 3895//3895
f 3895//3895 3897//3897 3903//3903
f 3896//3896 3899//3899 3897//3897
f 3898//3898 3900//3900 3899//3899
f 3894//3894 3901//3901 3900//3900
f 3893//3893 3902//3902 3901//3901
f 3892//3892 3903//3903 3902//3902
f 3897//3897 3900//3900 3901//3901
f 3897//3897 3901//3901 3902//3902
f 3897//3897 3902//3902 3903//3903
f 3906//3906 3905//3905 3968//3968
f 3906//3906 3968//3968 3909//3909
f 3906//3906 3909//3909 3908//3908
f 3906//3906 3908//3908 3911//3911
f 3912//3912 3918//3918 3916//3916
f 3912//3912 3916//3916 3915//3915
f 3912//3912 3915//3915 3986//3986
f 3912//3912 3986//3986 3913//3913
f 3870//3870 3966//3966 3930//3930
f 3870//3870 3919//3919 3966//3966
f 3872//3872 3965//3965 3919//3919
f 3872//3872 3920//3920 3965//3965
f 3874//3874 3964//3964 3920//3920
f 3874//3874 3921//3921 3964//3964
f 3876//3876 3961//3961 3921//3921
f 3876//3876 3922//3922 3961//3961
f 3878//3878 3958//3958 3922//3922
f 3878//3878 3923//3923 3958//3958
f 3880//3880 3955//3955 3923//3923
f 3880//3880 3924//3924 3955//3955
f 3882//3882 3952//3952 3924//3924
f 3882//3882 3925//3925 3952//3952
f 3884//3884 3949//3949 3925//3925
f 3884//3884 3926//3926 3949//3949
f 3886//3886 3946//3946 3926//3926
f 3886//3886 3927//3927 3946//3946
f 3888//3888 3943//3943 3927//3927
f 3888//3888 3928//3928 3943//3943
f 3890//3890 3940//3940 3928//3928
f 3890//3890 3929//3929 3940//3940
f 3891//3891 3937//3937 3929//3929
f 3891//3891 3930//3930 3937//3937
f 3931//3931 3933//3933 3963//3963
f 3931//3931 3963//3963 3962//3962
f 3931//3931 3962//3962 3960//3960
f 3931//3931 3960//3960 3959//3959
f 3931//3931 3959//3959 3957//3957
f 3931//3931 3957//3957 3956//3956
f 3931//3931 3956//3956 3954//3954
f 3931//3931 3954//3954 3953//3953
f 3931//3931 3953//3953 3951//3951
f 3931//3931 3951//3951 3950//3950
f 3931//3931 3950//3950 3948//3948
f 3931//3931 3948//3948 3947//3947
f 3931//3931 3947//3947 3945//3945
f 3931//3931 3945//3945 3944//3944
f 3931//3931 3944//3944 3942//3942
f 3931//3931 3942//3942 3941//3941
f 3931//3931 3941//3941 3939//3939
f 3931//3931 3939//3939 3938//3938
f 3931//3931 3938//3938 3936//3936
f 3931//3931 3936//3936 3935//3935
f 3931//3931 3935//3935 3934//3934
f 3934//3934 3930//3930 3966//3966
f 3935//3935 3937//3937 3930//3930
f 3936//3936 3929//3929 3937//3937
f 3938//3938 3940//3940 3929//3929
f 3939//3939 3928//3928 3940//3940
f 3941//3941 3943//3943 3928//3928
f 3942//3942 3927//3927 3943//3943
f 3944//3944 3946//3946 3927//3927
f 3945//3945 3926//3926 3946//3946
f 3947//3947 3949//3949 3926//3926
f 3948//3948 3925//3925 3949//3949
f 3950//3950 3952//3952 3925//3925
f 3951//3951 3924//3924 3952//3952
f 3953//3953 3955//3955 3924//3924
f 3954//3954 3923//3923 3955//3955
f 3956//3956 3958//3958 3923//3923
f 3957//3957 3922//3922 3958//3958
f 3959//3959 3961//3961 3922//3922
f 3960//3960 3921//3921 3961//3961
f 3962//3962 3964//3964 3921//3921
f 3963//3963 3920//3920 3964//3964
f 3933//3933 3965//3965 3920//3920
f 3932//3932 3919//3919 3965//3965
f 3931//3931 3966//3966 3919//3919
f 3904//3904 3906//3906 3910//3910
f 3969//3969 3909//3909 3968//3968
f 3971//3971 3909//3909 3970//3970
f 3977//3977 3908//3908 3907//3907
f 3972//3972 3908//3908 3977//3977
f 3973//3973 3975//3975 3976//3976
f 3973//3973 3976//3976 3978//3978
f 3973//3973 3978//3978 3979//3979
f 3973//3973 3979//3979 3980//3980
f 3973//3973 3980//3980 3981//3981
f 3973//3973 3981//3981 3982//3982
f 3973//3973 3982//3982 3983//3983
f 3973//3973 3983//3983 3984//3984
f 3973//3973 3984//3984 3985//3985
f 3973//3973 3985//3985 3974//3974
f 3910//3910 3974//3974 3904//3904
f 3911//3911 3973//3973 3910//3910
f 3972//3972 3975//3975 3911//3911
f 3977//3977 3976//3976 3972//3972
f 3907//3907 3978//3978 3977//3977
f 3971//3971 3979//3979 3907//3907
f 3970//3970 3980//3980 3971//3971
f 3969//3969 3981//3981 3970//3970
f 3968//3968 3982//3982 3969//3969
f 3967//3967 3983//3983 3968//3968
f 3905//3905 3984//3984 3967//3967
f 3904//3904 3985//3985 3905//3905
f 3986//3986 4005//4005 3987//3987
f 3986//3986 3988//3988 4005//4005
f 3915//3915 3990//3990 3988//3988
f 3915//3915 3991//3991 3989//3989
f 3916//3916 3998//3998 3917//3917
f 3916//3916 3918//3918 3998//3998
f 3993//3993 4006//4006 4004//4004
f 3993//3993 4004//4004 4003//4003
f 3993//3993 4003//4003 4002//4002
f 3993//3993 4002//4002 4001//4001
f 3993//3993 4001//4001 4000//4000
f 3993//3993 4000//4000 3999//3999
f 3993//3993 3999//3999 3997//3997
f 3993//3993 3997//3997 3996//3996
f 3993//3993 3996//3996 3995//3995
f 3993//3993 3995//3995 3994//3994
f 3994//3994 3992//3992 3914//3914
f 3995//3995 3918//3918 3992//3992
f 3996//3996 3998//3998 3918//3918
f 3997//3997 3917//3917 3998//3998
f 3999//3999 3991//3991 3917//3917
f 4000//4000 3989//3989 3991//3991
f 4001//4001 3990//3990 3989//3989
f 4002//4002 3988//3988 3990//3990
f 4003//4003 4005//4005 3988//3988
f 4004//4004 3987//3987 4005//4005
f 4006//4006 3913//3913 3987//3987
f 3993//3993 3914//3914 3913//3913
f 4007//4007 4009//4009 4032//4032
f 4025//4025 4008//4008 4007//4007
f 4025//4025 4012//4012 4008//4008
f 4010//4010 4014//4014 4011//4011
f 4012//4012 4013//4013 4010//4010
f 4013//4013 4084//4084 4014//4014
f 4013//4013 4016//4016 4084//4084
f 4012//4012 4016//4016 4013//4013
f 4015//4015 4019//4019 4017//4017
f 4018//4018 4022//4022 4020//4020
f 4021//4021 4034//4034 4022//4022
f 4021//4021 4023//4023 4034//4034
f 4021//4021 4007//4007 4023//4023
f 4007//4007 4032//4032 4024//4024
f 4029//4029 4031//4031 4030//4030
f 4031//4031 4024//4024 4032//4032
f 4031//4031 4023//4023 4024//4024
f 4035//4035 4037//4037 4022//4022
f 4036//4036 4039//4039 4037//4037
f 4026//4026 4041//4041 4040//4040
f 4045//4045 4043//4043 4042//4042
f 4042//4042 4044//4044 4052//4052
f 4163//4163 4038//4038 4040//4040
f 4163//4163 4039//4039 4038//4038
f 4039//4039 4047//4047 4037//4037
f 4046//4046 4049//4049 4047//4047
f 4048//4048 4050//4050 4049//4049
f 4053//4053 4055//4055 4066//4066
f 4054//4054 4057//4057 4055//4055
f 4054//4054 4056//4056 4057//4057
f 4056//4056 4051//4051 4052//4052
f 4050//4050 4059//4059 4049//4049
f 4058//4058 4061//4061 4059//4059
f 4061//4061 4062//4062 4059//4059
f 4060//4060 4068//4068 4062//4062
f 4060//4060 4063//4063 4068//4068
f 4053//4053 4066//4066 4063//4063
f 4064//4064 4528//4528 4073//4073
f 4064//4064 4066//4066 4528//4528
f 4065//4065 4063//4063 4066//4066
f 4065//4065 4067//4067 4063//4063
f 4069//4069 4071//4071 4062//4062
f 4070//4070 4081//4081 4071//4071
f 4070//4070 4072//4072 4081//4081
f 4074//4074 4076//4076 4014//4014
f 4077//4077 4073//4073 4078//4078
f 4077//4077 4072//4072 4073//4073
f 4079//4079 4081//4081 4072//4072
f 4082//4082 4083//4083 4071//4071
f 4017//4017 4019//4019 4083//4083
f 4164//4164 4016//4016 4017//4017
f 4164//4164 4074//4074 4016//4016
f 4074//4074 4014//4014 4084//4084
f 4086//4086 4088//4088 4087//4087
f 4086//4086 4091//4091 4089//4089
f 4090//4090 4092//4092 4091//4091
f 4090//4090 4093//4093 4092//4092
f 4093//4093 4096//4096 4094//4094
f 4093//4093 4104//4104 4097//4097
f 4095//4095 4104//4104 4093//4093
f 4095//4095 4098//4098 4104//4104
f 4099//4099 4102//4102 4101//4101
f 4119//4119 4098//4098 4100//4100
f 4103//4103 4098//4098 4119//4119
f 4105//4105 4106//4106 4097//4097
f 4106//4106 4108//4108 4096//4096
f 4105//4105 4108//4108 4106//4106
f 4107//4107 4111//4111 4109//4109
f 4110//4110 4113//4113 4111//4111
f 4112//4112 4115//4115 4113//4113
f 4114//4114 4118//4118 4116//4116
f 4117//4117 4100//4100 4118//4118
f 4103//4103 4119//4119 4117//4117
f 4130//4130 4115//4115 4116//4116
f 4130//4130 4120//4120 4115//4115
f 4120//4120 4122//4122 4121//4121
f 4122//4122 4133//4133 4134//4134
f 4124//4124 4133//4133 4122//4122
f 4124//4124 4126//4126 4133//4133
f 4126//4126 4125//4125 4133//4133
f 4126//4126 4129//4129 4127//4127
f 4128//4128 4131//4131 4129//4129
f 4131//4131 4116//4116 4129//4129
f 4132//4132 4611//4611 4134//4134
f 4132//4132 4136//4136 4611//4611
f 4136//4136 4137//4137 4615//4615
f 4135//4135 4139//4139 4137//4137
f 4138//4138 4142//4142 4141//4141
f 4142//4142 4127//4127 4141//4141
f 4151//4151 4140//4140 4141//4141
f 4151//4151 4143//4143 4140//4140
f 4140//4140 4137//4137 4139//4139
f 4143//4143 4144//4144 4137//4137
f 4144//4144 4625//4625 4145//4145
f 4144//4144 4147//4147 4625//4625
f 4146//4146 4154//4154 4147//4147
f 4146//4146 4149//4149 4154//4154
f 4149//4149 4148//4148 4154//4154
f 4149//4149 4152//4152 4150//4150
f 4152//4152 4141//4141 4150//4150
f 4153//4153 4148//4148 4150//4150
f 4155//4155 4147//4147 4154//4154
f 4155//4155 4157//4157 4147//4147
f 4158//4158 4159//4159 4156//4156
f 4158//4158 4160//4160 4159//4159
f 4158//4158 4161//4161 4160//4160
f 4160//4160 4087//4087 4088//4088
f 4161//4161 4087//4087 4160//4160
f 4161//4161 4085//4085 4087//4087
f 4161//4161 4162//4162 4102//4102
f 4025//4025 4015//4015 4012//4012
f 4021//4021 4015//4015 4025//4025
f 4038//4038 4036//4036 4029//4029
f 4045//4045 4039//4039 4163//4163
f 4048//4048 4039//4039 4045//4045
f 4060//4060 4058//4058 4056//4056
f 4075//4075 4079//4079 4077//4077
f 4164//4164 4017//4017 4080//4080
f 4085//4085 4090//4090 4086//4086
f 4085//4085 4095//4095 4090//4090
f 4103//4103 4114//4114 4112//4112
f 4128//4128 4120//4120 4130//4130
f 4128//4128 4124//4124 4120//4120
f 4138//4138 4135//4135 4165//4165
f 4149//4149 4146//4146 4143//4143
f 4166//4166 4168//4168 4179//4179
f 4169//4169 4167//4167 4166//4166
f 4171//4171 4170//4170 4169//4169
f 4183//4183 4172//4172 4171//4171
f 4175//4175 4172//4172 4183//4183
f 4174//4174 4176//4176 4175//4175
f 4177//4177 4174//4174 4173//4173
f 4179//4179 4178//4178 4177//4177
f 4178//4178 4176//4176 4174//4174
f 4168//4168 4176//4176 4178//4178
f 4182//4182 4674//4674 4194//4194
f 4182//4182 4183//4183 4674//4674
f 4173//4173 4175//4175 4182//4182
f 4184//4184 4186//4186 4201//4201
f 4187//4187 4185//4185 4184//4184
f 4185//4185 4179//4179 4186//4186
f 4188//4188 4166//4166 4185//4185
f 4189//4189 4188//4188 4187//4187
f 4191//4191 4190//4190 4189//4189
f 4190//4190 4180//4180 4188//4188
f 4192//4192 4193//4193 4190//4190
f 4195//4195 4192//4192 4191//4191
f 4197//4197 4196//4196 4195//4195
f 4196//4196 4194//4194 4192//4192
f 4198//4198 4182//4182 4196//4196
f 4199//4199 4198//4198 4197//4197
f 4201//4201 4200//4200 4199//4199
f 4200//4200 4173//4173 4198//4198
f 4186//4186 4177//4177 4200//4200
f 4202//4202 4204//4204 4221//4221
f 4205//4205 4203//4203 4202//4202
f 4207//4207 4206//4206 4205//4205
f 4187//4187 4208//4208 4207//4207
f 4184//4184 4209//4209 4208//4208
f 4210//4210 4195//4195 4191//4191
f 4212//4212 4211//4211 4210//4210
f 4211//4211 4197//4197 4195//4195
f 4213//4213 4214//4214 4211//4211
f 4217//4217 4213//4213 4212//4212
f 4216//4216 4218//4218 4217//4217
f 4219//4219 4216//4216 4215//4215
f 4221//4221 4220//4220 4219//4219
f 4222//4222 4224//4224 4235//4235
f 4223//4223 4226//4226 4224//4224
f 4225//4225 4228//4228 4226//4226
f 4227//4227 4238//4238 4228//4228
f 4227//4227 4230//4230 4238//4238
f 4229//4229 4231//4231 4230//4230
f 4231//4231 4234//4234 4232//4232
f 4229//4229 4233//4233 4231//4231
f 4233//4233 4235//4235 4234//4234
f 4229//4229 4222//4222 4233//4233
f 4689//4689 4239//4239 4250//4250
f 4238//4238 4239//4239 4689//4689
f 4230//4230 4232//4232 4239//4239
f 4240//4240 4242//4242 4257//4257
f 4235//4235 4241//4241 4240//4240
f 4241//4241 4244//4244 4242//4242
f 4224//4224 4243//4243 4241//4241
f 4243//4243 4246//4246 4244//4244
f 4237//4237 4245//4245 4243//4243
f 4245//4245 4249//4249 4246//4246
f 4247//4247 4248//4248 4245//4245
f 4248//4248 4252//4252 4249//4249
f 4250//4250 4251//4251 4248//4248
f 4251//4251 4254//4254 4252//4252
f 4239//4239 4253//4253 4251//4251
f 4253//4253 4256//4256 4254//4254
f 4232//4232 4255//4255 4253//4253
f 4255//4255 4257//4257 4256//4256
f 4234//4234 4240//4240 4255//4255
f 4258//4258 4260//4260 4277//4277
f 4259//4259 4262//4262 4260//4260
f 4261//4261 4264//4264 4262//4262
f 4263//4263 4244//4244 4264//4264
f 4265//4265 4242//4242 4263//4263
f 4252//4252 4267//4267 4249//4249
f 4254//4254 4266//4266 4252//4252
f 4266//4266 4270//4270 4267//4267
f 4268//4268 4269//4269 4266//4266
f 4269//4269 4272//4272 4270//4270
f 4271//4271 4273//4273 4272//4272
f 4273//4273 4276//4276 4274//4274
f 4275//4275 4277//4277 4276//4276
f 4278//4278 4280//4280 6517//6517
f 4278//4278 6517//6517 6518//6518
f 4278//4278 6518//6518 6519//6519
f 4281//4281 4283//4283 6520//6520
f 4281//4281 6520//6520 6521//6521
f 4281//4281 6521//6521 6522//6522
f 4284//4284 4286//4286 6523//6523
f 4284//4284 6523//6523 6524//6524
f 4284//4284 6524//6524 6525//6525
f 4287//4287 4289//4289 6526//6526
f 4287//4287 6526//6526 6527//6527
f 4287//4287 6527//6527 6528//6528
f 4290//4290 4292//4292 4303//4303
f 4293//4293 4291//4291 4290//4290
f 4291//4291 4296//4296 4292//4292
f 4294//4294 4295//4295 4291//4291
f 4298//4298 4300//4300 4382//4382
f 4296//4296 4299//4299 4298//4298
f 4299//4299 4302//4302 4300//4300
f 4292//4292 4301//4301 4299//4299
f 4304//4304 4300//4300 4382//4382
f 4306//4306 4305//4305 4304//4304
f 4305//4305 4302//4302 4300//4300
f 4307//4307 4308//4308 4305//4305
f 4310//4310 4312//4312 4318//4318
f 4306//4306 4311//4311 4310//4310
f 4311//4311 4314//4314 4312//4312
f 4307//4307 4313//4313 4311//4311
f 4315//4315 4317//4317 4324//4324
f 4318//4318 4316//4316 4315//4315
f 4316//4316 4320//4320 4317//4317
f 4312//4312 4319//4319 4316//4316
f 4321//4321 4323//4323 4344//4344
f 4324//4324 4322//4322 4321//4321
f 4322//4322 4326//4326 4323//4323
f 4317//4317 4325//4325 4322//4322
f 4327//4327 4329//4329 4367//4367
f 4330//4330 4328//4328 4327//4327
f 4328//4328 4333//4333 4329//4329
f 4331//4331 4332//4332 4328//4328
f 4335//4335 4331//4331 4330//4330
f 4337//4337 4336//4336 4335//4335
f 4336//4336 4334//4334 4331//4331
f 4338//4338 4339//4339 4336//4336
f 4338//4338 4342//4342 4340//4340
f 4337//4337 4341//4341 4338//4338
f 4341//4341 4326//4326 4342//4342
f 4343//4343 4323//4323 4341//4341
f 4345//4345 4347//4347 4355//4355
f 4350//4350 4346//4346 4345//4345
f 4346//4346 4349//4349 4347//4347
f 4350//4350 4348//4348 4346//4346
f 4355//4355 4353//4353 4352//4352
f 4353//4353 4357//4357 4354//4354
f 4347//4347 4356//4356 4353//4353
f 4352//4352 4358//4358 4297//4297
f 4358//4358 4293//4293 4294//4294
f 4354//4354 4359//4359 4358//4358
f 4355//4355 4352//4352 4297//4297
f 4360//4360 4345//4345 4355//4355
f 4343//4343 4363//4363 4344//4344
f 4337//4337 4362//4362 4343//4343
f 4362//4362 4365//4365 4363//4363
f 4327//4327 4335//4335 4330//4330
f 4367//4367 4366//4366 4327//4327
f 4366//4366 4337//4337 4335//4335
f 4364//4364 4362//4362 4366//4366
f 4363//4363 4321//4321 4344//4344
f 4365//4365 4368//4368 4363//4363
f 4368//4368 4324//4324 4321//4321
f 4368//4368 4315//4315 4324//4324
f 4369//4369 4370//4370 4368//4368
f 4370//4370 4318//4318 4315//4315
f 4371//4371 4372//4372 4370//4370
f 4372//4372 4310//4310 4318//4318
f 4373//4373 4374//4374 4372//4372
f 4374//4374 4306//4306 4310//4310
f 4375//4375 4376//4376 4374//4374
f 4376//4376 4379//4379 4377//4377
f 4306//4306 4378//4378 4376//4376
f 4378//4378 4381//4381 4379//4379
f 4304//4304 4380//4380 4378//4378
f 4380//4380 4298//4298 4382//4382
f 4381//4381 4383//4383 4380//4380
f 4383//4383 4296//4296 4298//4298
f 4384//4384 4385//4385 4383//4383
f 4385//4385 4295//4295 4296//4296
f 4385//4385 4297//4297 4295//4295
f 4360//4360 4355//4355 4385//4385
f 4386//4386 4388//4388 4399//4399
f 4389//4389 4387//4387 4386//4386
f 4387//4387 4392//4392 4388//4388
f 4390//4390 4391//4391 4387//4387
f 4394//4394 4396//4396 4461//4461
f 4397//4397 4395//4395 4394//4394
f 4395//4395 4389//4389 4396//4396
f 4398//4398 4386//4386 4395//4395
f 4394//4394 4401//4401 4461//4461
f 4397//4397 4400//4400 4394//4394
f 4400//4400 4404//4404 4401//4401
f 4402//4402 4403//4403 4400//4400
f 4406//4406 4408//4408 4416//4416
f 4409//4409 4407//4407 4406//4406
f 4407//4407 4404//4404 4408//4408
f 4410//4410 4403//4403 4407//4407
f 4411//4411 4413//4413 4422//4422
f 4414//4414 4412//4412 4411//4411
f 4412//4412 4416//4416 4413//4413
f 4415//4415 4406//4406 4412//4412
f 4417//4417 4419//4419 4438//4438
f 4420//4420 4418//4418 4417//4417
f 4418//4418 4422//4422 4419//4419
f 4421//4421 4411//4411 4418//4418
f 4329//4329 4424//4424 4367//4367
f 4333//4333 4423//4423 4329//4329
f 4423//4423 4427//4427 4424//4424
f 4425//4425 4426//4426 4423//4423
f 4426//4426 4430//4430 4427//4427
f 4428//4428 4429//4429 4426//4426
f 4429//4429 4433//4433 4430//4430
f 4431//4431 4432//4432 4429//4429
f 4435//4435 4432//4432 4434//4434
f 4420//4420 4436//4436 4435//4435
f 4436//4436 4433//4433 4432//4432
f 4417//4417 4437//4437 4436//4436
f 4439//4439 4361//4361 4448//4448
f 4441//4441 4440//4440 4439//4439
f 4440//4440 4350//4350 4361//4361
f 4442//4442 4350//4350 4440//4440
f 4446//4446 4444//4444 4443//4443
f 4444//4444 4448//4448 4445//4445
f 4447//4447 4439//4439 4444//4444
f 4392//4392 4449//4449 4391//4391
f 4449//4449 4445//4445 4393//4393
f 4450//4450 4443//4443 4449//4449
f 4445//4445 4448//4448 4393//4393
f 4361//4361 4360//4360 4448//4448
f 4451//4451 4437//4437 4438//4438
f 4365//4365 4452//4452 4451//4451
f 4452//4452 4433//4433 4437//4437
f 4430//4430 4424//4424 4427//4427
f 4433//4433 4453//4453 4430//4430
f 4453//4453 4367//4367 4424//4424
f 4452//4452 4364//4364 4453//4453
f 4419//4419 4451//4451 4438//4438
f 4422//4422 4454//4454 4419//4419
f 4454//4454 4365//4365 4451//4451
f 4413//4413 4454//4454 4422//4422
f 4416//4416 4455//4455 4413//4413
f 4455//4455 4369//4369 4454//4454
f 4456//4456 4371//4371 4455//4455
f 4408//4408 4456//4456 4416//4416
f 4404//4404 4457//4457 4408//4408
f 4457//4457 4373//4373 4456//4456
f 4458//4458 4375//4375 4457//4457
f 4379//4379 4458//4458 4377//4377
f 4381//4381 4459//4459 4379//4379
f 4459//4459 4404//4404 4458//4458
f 4460//4460 4401//4401 4459//4459
f 4396//4396 4460//4460 4461//4461
f 4389//4389 4462//4462 4396//4396
f 4462//4462 4381//4381 4460//4460
f 4463//4463 4384//4384 4462//4462
f 4390//4390 4463//4463 4389//4389
f 4393//4393 4463//4463 4390//4390
f 4448//4448 4360//4360 4463//4463
f 4464//4464 4466//4466 4471//4471
f 4467//4467 4465//4465 4464//4464
f 4469//4469 4468//4468 4467//4467
f 4471//4471 4470//4470 4469//4469
f 4469//4469 4472//4472 4473//4473
f 4473//4473 4474//4474 4475//4475
f 4472//4472 4464//4464 4474//4474
f 4468//4468 4466//4466 4465//4465
f 4469//4469 4475//4475 4471//4471
f 4474//4474 4471//4471 4475//4475
f 4476//4476 4478//4478 4483//4483
f 4477//4477 4480//4480 4478//4478
f 4479//4479 4482//4482 4480//4480
f 4481//4481 4483//4483 4482//4482
f 4484//4484 4482//4482 4486//4486
f 4485//4485 4486//4486 4487//4487
f 4478//4478 4484//4484 4485//4485
f 4476//4476 4479//4479 4477//4477
f 4487//4487 4482//4482 4483//4483
f 4483//4483 4485//4485 4487//4487
f 4491//4491 4489//4489 4488//4488
f 4493//4493 4492//4492 4491//4491
f 4492//4492 4495//4495 4489//4489
f 4494//4494 4496//4496 4492//4492
f 4011//4011 4076//4076 4490//4490
f 4011//4011 4014//4014 4076//4076
f 4497//4497 4008//4008 4495//4495
f 4498//4498 4009//4009 4497//4497
f 4499//4499 4494//4494 4493//4493
f 4501//4501 4500//4500 4499//4499
f 4500//4500 4498//4498 4494//4494
f 4502//4502 4503//4503 4500//4500
f 4505//4505 4030//4030 4498//4498
f 4504//4504 4027//4027 4505//4505
f 4041//4041 4028//4028 4504//4504
f 4506//4506 4502//4502 4501//4501
f 4508//4508 4507//4507 4506//4506
f 4507//4507 4044//4044 4502//4502
f 4511//4511 4510//4510 4509//4509
f 4044//4044 4041//4041 4504//4504
f 4510//4510 4044//4044 4507//4507
f 4512//4512 4052//4052 4510//4510
f 4513//4513 4511//4511 4509//4509
f 4515//4515 4514//4514 4513//4513
f 4520//4520 4516//4516 4515//4515
f 4516//4516 4518//4518 4514//4514
f 4517//4517 4512//4512 4511//4511
f 4519//4519 4055//4055 4518//4518
f 4517//4517 4052//4052 4512//4512
f 4055//4055 4057//4057 4517//4517
f 4522//4522 4521//4521 4520//4520
f 4524//4524 4523//4523 4522//4522
f 4521//4521 4519//4519 4516//4516
f 4523//4523 4526//4526 4521//4521
f 4525//4525 4527//4527 4523//4523
f 4527//4527 4528//4528 4526//4526
f 4526//4526 4066//4066 4519//4519
f 4529//4529 4525//4525 4524//4524
f 4531//4531 4530//4530 4529//4529
f 4488//4488 4490//4490 4531//4531
f 4530//4530 4532//4532 4525//4525
f 4490//4490 4075//4075 4530//4530
f 4532//4532 4073//4073 4527//4527
f 4075//4075 4078//4078 4532//4532
f 4491//4491 4534//4534 4493//4493
f 4488//4488 4535//4535 4491//4491
f 4533//4533 4537//4537 4534//4534
f 4535//4535 4536//4536 4533//4533
f 4531//4531 4538//4538 4535//4535
f 4536//4536 4541//4541 4537//4537
f 4538//4538 4540//4540 4536//4536
f 4540//4540 4583//4583 4541//4541
f 4524//4524 4542//4542 4529//4529
f 4542//4542 4545//4545 4531//4531
f 4544//4544 4546//4546 4543//4543
f 4546//4546 4548//4548 4542//4542
f 4547//4547 4549//4549 4546//4546
f 4545//4545 4551//4551 4539//4539
f 4548//4548 4550//4550 4545//4545
f 4522//4522 4544//4544 4524//4524
f 4520//4520 4554//4554 4522//4522
f 4554//4554 4547//4547 4544//4544
f 4555//4555 4556//4556 4554//4554
f 4556//4556 4558//4558 4547//4547
f 4557//4557 4560//4560 4556//4556
f 4558//4558 4553//4553 4549//4549
f 4559//4559 4562//4562 4558//4558
f 4515//4515 4555//4555 4520//4520
f 4513//4513 4563//4563 4515//4515
f 4509//4509 4564//4564 4513//4513
f 4563//4563 4557//4557 4555//4555
f 4564//4564 4565//4565 4563//4563
f 4565//4565 4567//4567 4557//4557
f 4566//4566 4568//4568 4565//4565
f 4568//4568 4569//4569 4567//4567
f 4566//4566 4571//4571 4568//4568
f 4508//4508 4564//4564 4509//4509
f 4501//4501 4573//4573 4506//4506
f 4508//4508 4566//4566 4564//4564
f 4572//4572 4574//4574 4508//4508
f 4575//4575 4576//4576 4572//4572
f 4574//4574 4570//4570 4566//4566
f 4499//4499 4573//4573 4501//4501
f 4493//4493 4579//4579 4499//4499
f 4579//4579 4575//4575 4573//4573
f 4534//4534 4580//4580 4579//4579
f 4580//4580 4577//4577 4575//4575
f 4537//4537 4582//4582 4580//4580
f 4581//4581 4578//4578 4577//4577
f 4541//4541 4584//4584 4582//4582
f 4159//4159 4588//4588 4585//4585
f 4089//4089 4588//4588 4159//4159
f 4586//4586 4591//4591 4587//4587
f 4091//4091 4589//4589 4588//4588
f 4589//4589 4590//4590 4586//4586
f 4092//4092 4592//4592 4589//4589
f 4590//4590 4594//4594 4591//4591
f 4592//4592 4593//4593 4590//4590
f 4094//4094 4595//4595 4592//4592
f 4096//4096 4596//4596 4595//4595
f 4593//4593 4598//4598 4594//4594
f 4596//4596 4597//4597 4593//4593
f 4108//4108 4109//4109 4596//4596
f 4597//4597 4601//4601 4598//4598
f 4599//4599 4600//4600 4597//4597
f 4111//4111 4602//4602 4599//4599
f 4600//4600 4604//4604 4601//4601
f 4602//4602 4603//4603 4600//4600
f 4121//4121 4123//4123 4602//4602
f 4603//4603 4652//4652 4604//4604
f 4603//4603 4606//4606 4652//4652
f 4123//4123 4605//4605 4603//4603
f 4122//4122 4607//4607 4123//4123
f 4605//4605 4609//4609 4606//4606
f 4607//4607 4610//4610 4605//4605
f 4134//4134 4611//4611 4607//4607
f 4608//4608 4614//4614 4609//4609
f 4610//4610 4613//4613 4608//4608
f 4613//4613 4618//4618 4614//4614
f 4616//4616 4617//4617 4613//4613
f 4615//4615 4619//4619 4616//4616
f 4137//4137 4619//4619 4615//4615
f 4617//4617 4621//4621 4618//4618
f 4619//4619 4620//4620 4617//4617
f 4145//4145 4625//4625 4619//4619
f 4625//4625 4622//4622 4619//4619
f 4620//4620 4624//4624 4621//4621
f 4622//4622 4623//4623 4620//4620
f 4147//4147 4626//4626 4622//4622
f 4623//4623 4628//4628 4624//4624
f 4626//4626 4627//4627 4623//4623
f 4157//4157 4156//4156 4626//4626
f 4627//4627 4629//4629 4628//4628
f 4156//4156 4585//4585 4627//4627
f 4585//4585 4587//4587 4629//4629
f 4630//4630 4591//4591 4594//4594
f 4632//4632 4631//4631 4630//4630
f 4583//4583 4633//4633 4632//4632
f 4631//4631 4587//4587 4591//4591
f 4633//4633 4635//4635 4631//4631
f 4634//4634 4636//4636 4633//4633
f 4540//4540 4551//4551 4634//4634
f 4635//4635 4629//4629 4587//4587
f 4636//4636 4629//4629 4635//4635
f 4551//4551 4550//4550 4636//4636
f 4550//4550 4637//4637 4629//4629
f 4637//4637 4624//4624 4628//4628
f 4548//4548 4552//4552 4638//4638
f 4639//4639 4640//4640 4637//4637
f 4640//4640 4621//4621 4624//4624
f 4553//4553 4641//4641 4639//4639
f 4641//4641 4642//4642 4640//4640
f 4642//4642 4618//4618 4621//4621
f 4643//4643 4644//4644 4641//4641
f 4644//4644 4645//4645 4642//4642
f 4560//4560 4646//4646 4643//4643
f 4645//4645 4614//4614 4618//4618
f 4644//4644 4647//4647 4645//4645
f 4646//4646 4648//4648 4644//4644
f 4561//4561 4569//4569 4646//4646
f 4647//4647 4609//4609 4614//4614
f 4569//4569 4649//4649 4648//4648
f 4649//4649 4650//4650 4647//4647
f 4650//4650 4606//4606 4609//4609
f 4571//4571 4570//4570 4649//4649
f 4650//4650 4652//4652 4606//4606
f 4570//4570 4652//4652 4650//4650
f 4651//4651 4653//4653 4652//4652
f 4574//4574 4654//4654 4651//4651
f 4654//4654 4655//4655 4653//4653
f 4576//4576 4578//4578 4654//4654
f 4655//4655 4601//4601 4604//4604
f 4655//4655 4598//4598 4601//4601
f 4656//4656 4657//4657 4655//4655
f 4578//4578 4658//4658 4656//4656
f 4657//4657 4594//4594 4598//4598
f 4658//4658 4630//4630 4657//4657
f 4659//4659 4632//4632 4658//4658
f 4582//4582 4584//4584 4659//4659
f 4672//4672 4662//4662 4671//4671
f 4660//4660 4662//4662 4672//4672
f 4664//4664 4661//4661 4663//4663
f 4668//4668 4665//4665 4664//4664
f 4668//4668 4666//4666 4665//4665
f 4669//4669 4666//4666 4667//4667
f 4671//4671 4670//4670 4669//4669
f 4181//4181 4673//4673 4169//4169
f 4180//4180 4672//4672 4181//4181
f 4672//4672 4671//4671 4673//4673
f 4193//4193 4660//4660 4180//4180
f 4194//4194 4663//4663 4193//4193
f 4674//4674 4664//4664 4194//4194
f 4667//4667 4668//4668 4674//4674
f 4171//4171 4667//4667 4183//4183
f 4169//4169 4669//4669 4171//4171
f 4666//4666 4670//4670 4661//4661
f 4675//4675 4688//4688 4686//4686
f 4675//4675 4677//4677 4688//4688
f 4676//4676 4680//4680 4678//4678
f 4679//4679 4682//4682 4680//4680
f 4681//4681 4682//4682 4679//4679
f 4681//4681 4685//4685 4683//4683
f 4684//4684 4686//4686 4685//4685
f 4687//4687 4236//4236 4226//4226
f 4686//4686 4688//4688 4687//4687
f 4688//4688 4237//4237 4236//4236
f 4677//4677 4247//4247 4237//4237
f 4678//4678 4250//4250 4247//4247
f 4680//4680 4689//4689 4250//4250
f 4682//4682 4683//4683 4689//4689
f 4683//4683 4228//4228 4238//4238
f 4685//4685 4226//4226 4228//4228
f 4684//4684 4681//4681 4676//4676
f 4734//4734 4692//4692 4693//4693
f 4736//4736 4735//4735 4734//4734
f 4735//4735 4694//4694 4692//4692
f 4737//4737 4738//4738 4735//4735
f 4740//4740 4715//4715 4702//4702
f 4694//4694 4741//4741 4740//4740
f 4741//4741 4714//4714 4715//4715
f 4738//4738 4742//4742 4741//4741
f 4710//4710 4744//4744 4711//4711
f 4714//4714 4743//4743 4710//4710
f 4743//4743 4746//4746 4744//4744
f 4742//4742 4745//4745 4743//4743
f 4747//4747 4749//4749 6529//6529
f 4746//4746 4748//4748 4747//4747
f 4748//4748 4736//4736 4749//4749
f 4745//4745 4737//4737 4748//4748
f 4750//4750 4747//4747 6529//6529
f 4752//4752 4751//4751 4750//4750
f 4751//4751 4746//4746 4747//4747
f 4753//4753 4754//4754 4751//4751
f 4744//4744 4725//4725 4711//4711
f 4746//4746 4756//4756 4744//4744
f 4756//4756 4724//4724 4725//4725
f 4754//4754 4757//4757 4756//4756
f 4720//4720 4759//4759 4721//4721
f 4724//4724 4758//4758 4720//4720
f 4758//4758 4761//4761 4759//4759
f 4757//4757 4760//4760 4758//4758
f 4762//4762 4764//4764 6530//6530
f 4761//4761 4763//4763 4762//4762
f 4763//4763 4752//4752 4764//4764
f 4760//4760 4753//4753 4763//4763
f 4765//4765 4762//4762 6530//6530
f 4767//4767 4766//4766 4765//4765
f 4766//4766 4761//4761 4762//4762
f 4768//4768 4769//4769 4766//4766
f 4759//4759 4730//4730 4721//4721
f 4761//4761 4771//4771 4759//4759
f 4771//4771 4732//4732 4730//4730
f 4769//4769 4772//4772 4771//4771
f 4775//4775 4809//4809 4777//4777
f 4776//4776 4808//4808 4775//4775
f 4808//4808 4812//4812 4809//4809
f 4810//4810 4811//4811 4808//4808
f 4793//4793 4815//4815 4782//4782
f 4792//4792 4814//4814 4793//4793
f 4814//4814 4776//4776 4815//4815
f 4816//4816 4810//4810 4814//4814
f 4817//4817 4790//4790 4789//4789
f 4819//4819 4818//4818 4817//4817
f 4818//4818 4792//4792 4790//4790
f 4820//4820 4816//4816 4818//4818
f 4821//4821 4823//4823 6531//6531
f 4812//4812 4822//4822 4821//4821
f 4822//4822 4819//4819 4823//4823
f 4811//4811 4820//4820 4822//4822
f 4823//4823 4825//4825 6531//6531
f 4819//4819 4824//4824 4823//4823
f 4824//4824 4828//4828 4825//4825
f 4826//4826 4827//4827 4824//4824
f 4803//4803 4817//4817 4789//4789
f 4802//4802 4830//4830 4803//4803
f 4830//4830 4819//4819 4817//4817
f 4831//4831 4826//4826 4830//4830
f 4832//4832 4800//4800 4799//4799
f 4834//4834 4833//4833 4832//4832
f 4833//4833 4802//4802 4800//4800
f 4835//4835 4831//4831 4833//4833
f 4836//4836 4838//4838 6532//6532
f 4828//4828 4837//4837 4836//4836
f 4837//4837 4834//4834 4838//4838
f 4827//4827 4835//4835 4837//4837
f 4838//4838 4840//4840 6532//6532
f 4834//4834 4839//4839 4838//4838
f 4839//4839 4767//4767 4840//4840
f 4841//4841 4768//4768 4839//4839
f 4806//4806 4832//4832 4799//4799
f 4732//4732 4842//4842 4806//4806
f 4842//4842 4834//4834 4832//4832
f 4772//4772 4841//4841 4842//4842
f 4843//4843 4845//4845 4892//4892
f 4846//4846 4844//4844 4843//4843
f 4844//4844 12//12 4845//4845
f 4847//4847 13//13 4844//4844
f 4848//4848 4850//4850 6533//6533
f 4851//4851 4849//4849 4848//4848
f 4849//4849 14//14 4850//4850
f 4852//4852 11//11 4849//4849
f 4866//4866 4869//4869 4867//4867
f 2110//2110 4868//4868 4866//4866
f 4868//4868 4872//4872 4869//4869
f 4870//4870 4871//4871 4868//4868
f 4871//4871 4875//4875 4872//4872
f 4873//4873 4874//4874 4871//4871
f 4874//4874 4878//4878 4875//4875
f 4876//4876 4877//4877 4874//4874
f 4877//4877 4881//4881 4878//4878
f 4879//4879 4880//4880 4877//4877
f 4880//4880 4884//4884 4881//4881
f 4882//4882 4883//4883 4880//4880
f 4886//4886 4882//4882 4879//4879
f 4846//4846 4887//4887 4886//4886
f 4887//4887 4885//4885 4882//4882
f 4888//4888 4889//4889 4887//4887
f 4843//4843 4888//4888 4846//4846
f 4892//4892 4891//4891 4843//4843
f 4891//4891 4890//4890 4888//4888
f 4893//4893 4894//4894 4891//4891
f 4883//4883 4897//4897 4884//4884
f 4885//4885 4896//4896 4883//4883
f 4896//4896 4900//4900 4897//4897
f 4898//4898 4899//4899 4896//4896
f 4899//4899 4903//4903 4900//4900
f 4901//4901 4902//4902 4899//4899
f 4902//4902 4906//4906 4903//4903
f 4904//4904 4905//4905 4902//4902
f 5//5 4909//4909 8//8
f 4//4 4908//4908 5//5
f 4908//4908 4879//4879 4909//4909
f 4847//4847 4886//4886 4908//4908
f 6//6 4911//4911 7//7
f 8//8 4910//4910 6//6
f 4910//4910 4873//4873 4911//4911
f 4909//4909 4876//4876 4910//4910
f 4850//4850 4913//4913 6533//6533
f 14//14 4912//4912 4850//4850
f 4912//4912 4873//4873 4913//4913
f 3//3 4911//4911 4912//4912
f 4845//4845 4915//4915 4892//4892
f 12//12 4914//4914 4845//4845
f 4914//4914 4917//4917 4915//4915
f 26//26 4916//4916 4914//4914
f 4918//4918 4920//4920 6534//6534
f 25//25 4919//4919 4918//4918
f 4919//4919 4851//4851 4920//4920
f 23//23 4852//4852 4919//4919
f 4935//4935 4933//4933 4934//4934
f 4937//4937 4936//4936 4935//4935
f 4936//4936 2106//2106 4933//4933
f 4938//4938 4939//4939 4936//4936
f 4941//4941 4938//4938 4937//4937
f 4943//4943 4942//4942 4941//4941
f 4942//4942 4940//4940 4938//4938
f 4944//4944 4945//4945 4942//4942
f 4947//4947 4944//4944 4943//4943
f 4949//4949 4948//4948 4947//4947
f 4948//4948 4946//4946 4944//4944
f 4950//4950 4951//4951 4948//4948
f 4951//4951 4954//4954 4946//4946
f 4952//4952 4953//4953 4951//4951
f 4953//4953 4917//4917 4954//4954
f 4955//4955 4956//4956 4953//4953
f 4956//4956 4915//4915 4917//4917
f 4957//4957 4958//4958 4956//4956
f 4958//4958 4892//4892 4915//4915
f 4959//4959 4893//4893 4958//4958
f 4960//4960 4950//4950 4949//4949
f 4962//4962 4961//4961 4960//4960
f 4961//4961 4952//4952 4950//4950
f 4963//4963 4964//4964 4961//4961
f 4966//4966 4963//4963 4962//4962
f 4968//4968 4967//4967 4966//4966
f 4967//4967 4965//4965 4963//4963
f 4969//4969 4970//4970 4967//4967
f 4972//4972 20//20 22//22
f 4946//4946 4973//4973 4972//4972
f 4973//4973 21//21 20//20
f 4954//4954 4916//4916 4973//4973
f 4974//4974 19//19 18//18
f 4940//4940 4975//4975 4974//4974
f 4975//4975 22//22 19//19
f 4945//4945 4972//4972 4975//4975
f 4976//4976 4918//4918 6534//6534
f 4940//4940 4977//4977 4976//4976
f 4977//4977 25//25 4918//4918
f 4974//4974 15//15 4977//4977
f 4981//4981 4979//4979 4978//4978
f 4979//4979 4984//4984 4980//4980
f 4982//4982 4983//4983 4979//4979
f 4983//4983 4987//4987 4984//4984
f 4985//4985 4986//4986 4983//4983
f 4986//4986 4990//4990 4987//4987
f 4988//4988 4989//4989 4986//4986
f 4989//4989 4993//4993 4990//4990
f 4991//4991 4992//4992 4989//4989
f 4992//4992 4996//4996 4993//4993
f 4994//4994 4995//4995 4992//4992
f 4995//4995 4999//4999 4996//4996
f 4997//4997 4998//4998 4995//4995
f 4998//4998 4978//4978 4999//4999
f 5000//5000 4978//4978 4998//4998
f 5001//5001 5003//5003 5016//5016
f 4978//4978 5002//5002 5001//5001
f 5002//5002 5005//5005 5003//5003
f 4980//4980 5004//5004 5002//5002
f 5004//5004 5007//5007 5005//5005
f 4984//4984 5006//5006 5004//5004
f 5006//5006 5009//5009 5007//5007
f 4987//4987 5008//5008 5006//5006
f 5008//5008 5011//5011 5009//5009
f 4990//4990 5010//5010 5008//5008
f 5010//5010 5013//5013 5011//5011
f 4993//4993 5012//5012 5010//5010
f 5012//5012 5015//5015 5013//5013
f 4996//4996 5014//5014 5012//5012
f 5014//5014 5016//5016 5015//5015
f 4999//4999 5001//5001 5014//5014
f 4982//4982 4988//4988 4985//4985
f 4981//4981 5017//5017 4982//4982
f 5017//5017 4991//4991 4988//4988
f 5000//5000 4994//4994 5017//5017
f 5018//5018 5020//5020 5061//5061
f 5021//5021 5019//5019 5018//5018
f 5019//5019 5024//5024 5020//5020
f 5022//5022 5023//5023 5019//5019
f 5026//5026 5022//5022 5021//5021
f 5009//5009 5027//5027 5026//5026
f 5027//5027 5025//5025 5022//5022
f 5011//5011 5028//5028 5027//5027
f 5029//5029 5015//5015 5016//5016
f 5031//5031 5030//5030 5029//5029
f 5030//5030 5013//5013 5015//5015
f 5032//5032 5028//5028 5030//5030
f 5033//5033 5032//5032 5031//5031
f 5035//5035 5034//5034 5033//5033
f 5034//5034 5025//5025 5032//5032
f 5036//5036 5023//5023 5034//5034
f 5043//5043 5041//5041 5042//5042
f 5045//5045 5044//5044 5043//5043
f 5044//5044 5039//5039 5041//5041
f 5046//5046 5038//5038 5044//5044
f 5043//5043 5048//5048 5045//5045
f 5042//5042 5047//5047 5043//5043
f 5047//5047 5051//5051 5048//5048
f 5049//5049 5050//5050 5047//5047
f 5007//5007 5054//5054 5005//5005
f 5009//5009 5053//5053 5007//5007
f 5053//5053 5056//5056 5054//5054
f 5026//5026 5055//5055 5053//5053
f 5055//5055 5058//5058 5056//5056
f 5021//5021 5057//5057 5055//5055
f 5057//5057 5060//5060 5058//5058
f 5018//5018 5059//5059 5057//5057
f 5066//5066 5069//5069 5067//5067
f 5064//5064 5068//5068 5066//5066
f 5068//5068 5071//5071 5069//5069
f 5063//5063 5070//5070 5068//5068
f 5072//5072 5069//5069 5071//5071
f 5074//5074 5073//5073 5072//5072
f 5073//5073 5067//5067 5069//5069
f 5075//5075 5076//5076 5073//5073
f 4889//4889 4898//4898 4885//4885
f 4890//4890 5078//5078 4889//4889
f 5078//5078 4901//4901 4898//4898
f 5079//5079 5080//5080 5078//5078
f 4894//4894 5079//5079 4890//4890
f 4895//4895 5082//5082 4894//4894
f 5082//5082 5081//5081 5079//5079
f 5083//5083 5084//5084 5082//5082
f 5080//5080 4904//4904 4901//4901
f 5081//5081 5086//5086 5080//5080
f 5086//5086 4907//4907 4904//4904
f 5087//5087 5088//5088 5086//5086
f 5084//5084 5087//5087 5081//5081
f 5085//5085 5090//5090 5084//5084
f 5090//5090 5089//5089 5087//5087
f 5091//5091 5092//5092 5090//5090
f 4964//4964 4955//4955 4952//4952
f 4965//4965 5094//5094 4964//4964
f 5094//5094 4957//4957 4955//4955
f 5095//5095 5096//5096 5094//5094
f 5096//5096 4959//4959 4957//4957
f 5097//5097 5098//5098 5096//5096
f 5098//5098 4895//4895 4959//4959
f 5099//5099 5083//5083 5098//5098
f 4970//4970 5095//5095 4965//4965
f 4971//4971 5100//5100 4970//4970
f 5100//5100 5097//5097 5095//5095
f 5101//5101 5102//5102 5100//5100
f 5102//5102 5099//5099 5097//5097
f 5103//5103 5104//5104 5102//5102
f 5104//5104 5085//5085 5099//5099
f 5105//5105 5091//5091 5104//5104
f 2683//2683 5652//5652 2684//2684
f 5651//5651 5654//5654 5652//5652
f 5653//5653 5656//5656 5654//5654
f 5655//5655 5658//5658 5656//5656
f 2689//2689 5651//5651 2683//2683
f 5659//5659 5653//5653 5651//5651
f 5660//5660 5655//5655 5653//5653
f 5661//5661 5657//5657 5655//5655
f 2694//2694 5659//5659 2689//2689
f 5663//5663 5660//5660 5659//5659
f 5664//5664 5661//5661 5660//5660
f 5665//5665 5662//5662 5661//5661
f 2664//2664 5663//5663 2694//2694
f 5667//5667 5664//5664 5663//5663
f 5668//5668 5665//5665 5664//5664
f 5669//5669 5666//5666 5665//5665
f 2740//2740 5672//5672 2615//2615
f 5671//5671 5674//5674 5672//5672
f 5673//5673 5676//5676 5674//5674
f 5675//5675 5678//5678 5676//5676
f 2745//2745 5671//5671 2740//2740
f 5679//5679 5673//5673 5671//5671
f 5680//5680 5675//5675 5673//5673
f 5681//5681 5677//5677 5675//5675
f 2750//2750 5679//5679 2745//2745
f 5683//5683 5680//5680 5679//5679
f 5684//5684 5681//5681 5680//5680
f 5685//5685 5682//5682 5681//5681
f 2724//2724 5683//5683 2750//2750
f 5687//5687 5684//5684 5683//5683
f 5688//5688 5685//5685 5684//5684
f 5689//5689 5686//5686 5685//5685
f 2723//2723 5687//5687 2724//2724
f 5691//5691 5688//5688 5687//5687
f 5692//5692 5689//5689 5688//5688
f 5693//5693 5690//5690 5689//5689
f 2729//2729 5691//5691 2723//2723
f 5695//5695 5692//5692 5691//5691
f 5696//5696 5693//5693 5692//5692
f 5697//5697 5694//5694 5693//5693
f 2734//2734 5695//5695 2729//2729
f 5699//5699 5696//5696 5695//5695
f 5700//5700 5697//5697 5696//5696
f 5701//5701 5698//5698 5697//5697
f 2704//2704 5699//5699 2734//2734
f 5703//5703 5700//5700 5699//5699
f 5704//5704 5701//5701 5700//5700
f 5705//5705 5702//5702 5701//5701
f 2703//2703 5703//5703 2704//2704
f 5707//5707 5704//5704 5703//5703
f 5708//5708 5705//5705 5704//5704
f 5709//5709 5706//5706 5705//5705
f 2709//2709 5707//5707 2703//2703
f 5711//5711 5708//5708 5707//5707
f 5712//5712 5709//5709 5708//5708
f 5713//5713 5710//5710 5709//5709
f 2714//2714 5711//5711 2709//2709
f 5715//5715 5712//5712 5711//5711
f 5716//5716 5713//5713 5712//5712
f 5717//5717 5714//5714 5713//5713
f 2684//2684 5715//5715 2714//2714
f 5652//5652 5716//5716 5715//5715
f 5654//5654 5717//5717 5716//5716
f 5656//5656 5718//5718 5717//5717
f 2663//2663 5667//5667 2664//2664
f 5719//5719 5668//5668 5667//5667
f 5720//5720 5669//5669 5668//5668
f 5721//5721 5670//5670 5669//5669
f 2669//2669 5719//5719 2663//2663
f 5723//5723 5720//5720 5719//5719
f 5724//5724 5721//5721 5720//5720
f 5725//5725 5722//5722 5721//5721
f 2674//2674 5723//5723 2669//2669
f 5727//5727 5724//5724 5723//5723
f 5728//5728 5725//5725 5724//5724
f 5729//5729 5726//5726 5725//5725
f 2644//2644 5727//5727 2674//2674
f 5731//5731 5728//5728 5727//5727
f 5732//5732 5729//5729 5728//5728
f 5733//5733 5730//5730 5729//5729
f 2643//2643 5731//5731 2644//2644
f 5735//5735 5732//5732 5731//5731
f 5736//5736 5733//5733 5732//5732
f 5737//5737 5734//5734 5733//5733
f 2649//2649 5735//5735 2643//2643
f 5739//5739 5736//5736 5735//5735
f 5740//5740 5737//5737 5736//5736
f 5741//5741 5738//5738 5737//5737
f 2654//2654 5739//5739 2649//2649
f 5743//5743 5740//5740 5739//5739
f 5744//5744 5741//5741 5740//5740
f 5745//5745 5742//5742 5741//5741
f 2624//2624 5743//5743 2654//2654
f 5747//5747 5744//5744 5743//5743
f 5748//5748 5745//5745 5744//5744
f 5749//5749 5746//5746 5745//5745
f 2623//2623 5747//5747 2624//2624
f 5751//5751 5748//5748 5747//5747
f 5752//5752 5749//5749 5748//5748
f 5753//5753 5750//5750 5749//5749
f 2629//2629 5751//5751 2623//2623
f 5755//5755 5752//5752 5751//5751
f 5756//5756 5753//5753 5752//5752
f 5757//5757 5754//5754 5753//5753
f 2634//2634 5755//5755 2629//2629
f 5759//5759 5756//5756 5755//5755
f 5760//5760 5757//5757 5756//5756
f 5761//5761 5758//5758 5757//5757
f 2600//2600 5759//5759 2634//2634
f 5763//5763 5760//5760 5759//5759
f 5764//5764 5761//5761 5760//5760
f 5765//5765 5762//5762 5761//5761
f 2599//2599 5763//5763 2600//2600
f 5767//5767 5764//5764 5763//5763
f 5768//5768 5765//5765 5764//5764
f 5769//5769 5766//5766 5765//5765
f 2605//2605 5767//5767 2599//2599
f 5771//5771 5768//5768 5767//5767
f 5772//5772 5769//5769 5768//5768
f 5773//5773 5770//5770 5769//5769
f 2610//2610 5771//5771 2605//2605
f 5775//5775 5772//5772 5771//5771
f 5776//5776 5773//5773 5772//5772
f 5777//5777 5774//5774 5773//5773
f 2615//2615 5775//5775 2610//2610
f 5672//5672 5776//5776 5775//5775
f 5674//5674 5777//5777 5776//5776
f 5676//5676 5778//5778 5777//5777
f 5779//5779 3225//3225 3224//3224
f 5780//5780 3226//3226 3225//3225
f 5781//5781 3227//3227 3226//3226
f 5782//5782 3204//3204 3227//3227
f 5784//5784 5780//5780 5779//5779
f 5785//5785 5781//5781 5780//5780
f 5786//5786 5782//5782 5781//5781
f 5787//5787 5783//5783 5782//5782
f 5789//5789 5785//5785 5784//5784
f 5790//5790 5786//5786 5785//5785
f 5791//5791 5787//5787 5786//5786
f 5792//5792 5788//5788 5787//5787
f 5658//5658 5790//5790 5789//5789
f 5657//5657 5791//5791 5790//5790
f 5662//5662 5792//5792 5791//5791
f 5666//5666 5793//5793 5792//5792
f 5794//5794 3281//3281 3147//3147
f 5795//5795 3282//3282 3281//3281
f 5796//5796 3283//3283 3282//3282
f 5797//5797 3264//3264 3283//3283
f 5799//5799 5795//5795 5794//5794
f 5800//5800 5796//5796 5795//5795
f 5801//5801 5797//5797 5796//5796
f 5802//5802 5798//5798 5797//5797
f 5804//5804 5800//5800 5799//5799
f 5805//5805 5801//5801 5800//5800
f 5806//5806 5802//5802 5801//5801
f 5807//5807 5803//5803 5802//5802
f 5678//5678 5805//5805 5804//5804
f 5677//5677 5806//5806 5805//5805
f 5682//5682 5807//5807 5806//5806
f 5686//5686 5808//5808 5807//5807
f 5798//5798 3265//3265 3264//3264
f 5809//5809 3266//3266 3265//3265
f 5810//5810 3267//3267 3266//3266
f 5811//5811 3244//3244 3267//3267
f 5803//5803 5809//5809 5798//5798
f 5813//5813 5810//5810 5809//5809
f 5814//5814 5811//5811 5810//5810
f 5815//5815 5812//5812 5811//5811
f 5808//5808 5813//5813 5803//5803
f 5817//5817 5814//5814 5813//5813
f 5818//5818 5815//5815 5814//5814
f 5819//5819 5816//5816 5815//5815
f 5690//5690 5817//5817 5808//5808
f 5694//5694 5818//5818 5817//5817
f 5698//5698 5819//5819 5818//5818
f 5702//5702 5820//5820 5819//5819
f 5812//5812 3245//3245 3244//3244
f 5821//5821 3246//3246 3245//3245
f 5822//5822 3247//3247 3246//3246
f 5823//5823 3224//3224 3247//3247
f 5816//5816 5821//5821 5812//5812
f 5824//5824 5822//5822 5821//5821
f 5825//5825 5823//5823 5822//5822
f 5826//5826 5779//5779 5823//5823
f 5820//5820 5824//5824 5816//5816
f 5827//5827 5825//5825 5824//5824
f 5828//5828 5826//5826 5825//5825
f 5829//5829 5784//5784 5826//5826
f 5706//5706 5827//5827 5820//5820
f 5710//5710 5828//5828 5827//5827
f 5714//5714 5829//5829 5828//5828
f 5718//5718 5789//5789 5829//5829
f 5783//5783 3205//3205 3204//3204
f 5830//5830 3206//3206 3205//3205
f 5831//5831 3207//3207 3206//3206
f 5832//5832 3184//3184 3207//3207
f 5788//5788 5830//5830 5783//5783
f 5834//5834 5831//5831 5830//5830
f 5835//5835 5832//5832 5831//5831
f 5836//5836 5833//5833 5832//5832
f 5793//5793 5834//5834 5788//5788
f 5838//5838 5835//5835 5834//5834
f 5839//5839 5836//5836 5835//5835
f 5840//5840 5837//5837 5836//5836
f 5670//5670 5838//5838 5793//5793
f 5722//5722 5839//5839 5838//5838
f 5726//5726 5840//5840 5839//5839
f 5730//5730 5841//5841 5840//5840
f 5833//5833 3185//3185 3184//3184
f 5842//5842 3186//3186 3185//3185
f 5843//5843 3187//3187 3186//3186
f 5844//5844 3164//3164 3187//3187
f 5837//5837 5842//5842 5833//5833
f 5846//5846 5843//5843 5842//5842
f 5847//5847 5844//5844 5843//5843
f 5848//5848 5845//5845 5844//5844
f 5841//5841 5846//5846 5837//5837
f 5850//5850 5847//5847 5846//5846
f 5851//5851 5848//5848 5847//5847
f 5852//5852 5849//5849 5848//5848
f 5734//5734 5850//5850 5841//5841
f 5738//5738 5851//5851 5850//5850
f 5742//5742 5852//5852 5851//5851
f 5746//5746 5853//5853 5852//5852
f 5845//5845 3165//3165 3164//3164
f 5854//5854 3166//3166 3165//3165
f 5855//5855 3167//3167 3166//3166
f 5856//5856 3143//3143 3167//3167
f 5849//5849 5854//5854 5845//5845
f 5858//5858 5855//5855 5854//5854
f 5859//5859 5856//5856 5855//5855
f 5860//5860 5857//5857 5856//5856
f 5853//5853 5858//5858 5849//5849
f 5862//5862 5859//5859 5858//5858
f 5863//5863 5860//5860 5859//5859
f 5864//5864 5861//5861 5860//5860
f 5750//5750 5862//5862 5853//5853
f 5754//5754 5863//5863 5862//5862
f 5758//5758 5864//5864 5863//5863
f 5762//5762 5865//5865 5864//5864
f 5857//5857 3144//3144 3143//3143
f 5866//5866 3145//3145 3144//3144
f 5867//5867 3146//3146 3145//3145
f 5868//5868 3147//3147 3146//3146
f 5861//5861 5866//5866 5857//5857
f 5869//5869 5867//5867 5866//5866
f 5870//5870 5868//5868 5867//5867
f 5871//5871 5794//5794 5868//5868
f 5865//5865 5869//5869 5861//5861
f 5872//5872 5870//5870 5869//5869
f 5873//5873 5871//5871 5870//5870
f 5874//5874 5799//5799 5871//5871
f 5766//5766 5872//5872 5865//5865
f 5770//5770 5873//5873 5872//5872
f 5774//5774 5874//5874 5873//5873
f 5778//5778 5804//5804 5874//5874
f 5875//5875 5877//5877 5999//5999
f 5876//5876 5879//5879 5877//5877
f 5878//5878 5881//5881 5879//5879
f 5880//5880 5883//5883 5881//5881
f 5884//5884 5876//5876 5875//5875
f 5885//5885 5878//5878 5876//5876
f 5886//5886 5880//5880 5878//5878
f 5887//5887 5882//5882 5880//5880
f 5889//5889 5885//5885 5884//5884
f 5890//5890 5886//5886 5885//5885
f 5891//5891 5887//5887 5886//5886
f 5892//5892 5888//5888 5887//5887
f 5894//5894 5890//5890 5889//5889
f 5895//5895 5891//5891 5890//5890
f 5896//5896 5892//5892 5891//5891
f 5897//5897 5893//5893 5892//5892
f 5899//5899 5901//5901 5960//5960
f 5900//5900 5903//5903 5901//5901
f 5902//5902 5905//5905 5903//5903
f 5904//5904 5907//5907 5905//5905
f 5908//5908 5900//5900 5899//5899
f 5909//5909 5902//5902 5900//5900
f 5910//5910 5904//5904 5902//5902
f 5911//5911 5906//5906 5904//5904
f 5913//5913 5909//5909 5908//5908
f 5914//5914 5910//5910 5909//5909
f 5915//5915 5911//5911 5910//5910
f 5916//5916 5912//5912 5911//5911
f 5918//5918 5914//5914 5913//5913
f 5919//5919 5915//5915 5914//5914
f 5920//5920 5916//5916 5915//5915
f 5921//5921 5917//5917 5916//5916
f 5923//5923 5925//5925 6066//6066
f 5924//5924 5927//5927 5925//5925
f 5926//5926 5929//5929 5927//5927
f 5928//5928 5931//5931 5929//5929
f 5932//5932 5924//5924 5923//5923
f 5933//5933 5926//5926 5924//5924
f 5934//5934 5928//5928 5926//5926
f 5935//5935 5930//5930 5928//5928
f 5937//5937 5933//5933 5932//5932
f 5938//5938 5934//5934 5933//5933
f 5939//5939 5935//5935 5934//5934
f 5940//5940 5936//5936 5935//5935
f 5942//5942 5938//5938 5937//5937
f 5943//5943 5939//5939 5938//5938
f 5944//5944 5940//5940 5939//5939
f 5945//5945 5941//5941 5940//5940
f 5947//5947 5949//5949 5989//5989
f 5948//5948 5951//5951 5949//5949
f 5950//5950 5953//5953 5951//5951
f 5952//5952 5955//5955 5953//5953
f 5956//5956 5948//5948 5947//5947
f 5957//5957 5950//5950 5948//5948
f 5958//5958 5952//5952 5950//5950
f 6115//6115 5957//5957 5956//5956
f 5903//5903 5952//5952 5958//5958
f 5905//5905 5959//5959 5952//5952
f 5960//5960 5957//5957 6115//6115
f 5901//5901 5903//5903 5957//5957
f 5961//5961 5896//5896 5895//5895
f 5962//5962 5897//5897 5896//5896
f 5963//5963 5898//5898 5897//5897
f 5965//5965 5961//5961 5894//5894
f 5966//5966 5962//5962 5961//5961
f 5967//5967 5963//5963 5962//5962
f 5968//5968 5964//5964 5963//5963
f 5969//5969 5966//5966 5965//5965
f 5970//5970 5967//5967 5966//5966
f 5971//5971 5968//5968 5967//5967
f 5972//5972 5964//5964 5968//5968
f 5974//5974 5970//5970 5969//5969
f 5975//5975 5971//5971 5970//5970
f 5976//5976 5972//5972 5971//5971
f 5977//5977 5973//5973 5972//5972
f 5979//5979 5975//5975 5974//5974
f 5980//5980 5976//5976 5975//5975
f 5981//5981 5977//5977 5976//5976
f 5982//5982 5978//5978 5977//5977
f 5984//5984 5980//5980 5979//5979
f 5985//5985 5981//5981 5980//5980
f 5986//5986 5982//5982 5981//5981
f 5987//5987 5983//5983 5982//5982
f 5989//5989 5985//5985 5984//5984
f 5949//5949 5986//5986 5985//5985
f 5951//5951 5987//5987 5986//5986
f 5953//5953 5988//5988 5987//5987
f 5990//5990 5992//5992 6028//6028
f 5991//5991 5994//5994 5992//5992
f 5993//5993 5996//5996 5994//5994
f 5995//5995 5998//5998 5996//5996
f 5881//5881 5997//5997 5995//5995
f 5999//5999 5991//5991 5990//5990
f 5877//5877 5993//5993 5991//5991
f 5879//5879 5881//5881 5993//5993
f 6000//6000 5943//5943 5942//5942
f 6001//6001 5944//5944 5943//5943
f 6002//6002 5946//5946 5945//5945
f 6004//6004 6001//6001 6000//6000
f 6005//6005 5944//5944 6001//6001
f 6006//6006 6002//6002 5944//5944
f 6007//6007 6003//6003 6002//6002
f 6008//6008 6005//6005 6004//6004
f 6009//6009 6006//6006 6005//6005
f 6010//6010 6007//6007 6006//6006
f 6011//6011 6003//6003 6007//6007
f 6013//6013 6009//6009 6008//6008
f 6014//6014 6010//6010 6009//6009
f 6015//6015 6011//6011 6010//6010
f 6016//6016 6012//6012 6011//6011
f 6018//6018 6014//6014 6013//6013
f 6019//6019 6015//6015 6014//6014
f 6020//6020 6016//6016 6015//6015
f 6021//6021 6017//6017 6016//6016
f 6023//6023 6019//6019 6018//6018
f 6024//6024 6020//6020 6019//6019
f 6025//6025 6021//6021 6020//6020
f 6026//6026 6022//6022 6021//6021
f 6028//6028 6024//6024 6023//6023
f 5992//5992 6025//6025 6024//6024
f 5994//5994 6026//6026 6025//6025
f 5996//5996 6027//6027 6026//6026
f 6029//6029 5922//5922 5921//5921
f 6030//6030 5919//5919 5918//5918
f 6031//6031 5920//5920 5919//5919
f 6032//6032 6029//6029 5920//5920
f 6034//6034 6031//6031 6030//6030
f 6035//6035 6032//6032 6031//6031
f 6036//6036 6029//6029 6032//6032
f 6037//6037 6033//6033 6029//6029
f 6039//6039 6035//6035 6034//6034
f 6040//6040 6036//6036 6035//6035
f 6041//6041 6037//6037 6036//6036
f 6042//6042 6038//6038 6037//6037
f 6044//6044 6040//6040 6039//6039
f 6045//6045 6041//6041 6040//6040
f 6046//6046 6042//6042 6041//6041
f 6047//6047 6043//6043 6042//6042
f 6049//6049 6045//6045 6044//6044
f 6050//6050 6046//6046 6045//6045
f 6051//6051 6047//6047 6046//6046
f 6052//6052 6048//6048 6047//6047
f 6054//6054 6050//6050 6049//6049
f 6055//6055 6051//6051 6050//6050
f 6056//6056 6052//6052 6051//6051
f 6057//6057 6053//6053 6052//6052
f 6059//6059 6055//6055 6054//6054
f 6060//6060 6056//6056 6055//6055
f 6061//6061 6057//6057 6056//6056
f 6062//6062 6058//6058 6057//6057
f 6064//6064 6061//6061 6060//6060
f 6065//6065 6062//6062 6061//6061
f 5929//5929 6063//6063 6062//6062
f 6066//6066 6064//6064 6059//6059
f 5925//5925 6065//6065 6064//6064
f 5927//5927 5929//5929 6065//6065
f 6068//6068 5931//5931 6069//6069
f 6070//6070 6067//6067 6071//6071
f 6072//6072 6068//6068 6067//6067
f 6033//6033 6070//6070 5922//5922
f 6073//6073 6072//6072 6070//6070
f 6074//6074 6068//6068 6072//6072
f 6075//6075 6063//6063 6068//6068
f 6038//6038 6073//6073 6033//6033
f 6043//6043 6074//6074 6073//6073
f 6048//6048 6075//6075 6074//6074
f 6053//6053 6063//6063 6075//6075
f 6077//6077 6030//6030 5918//5918
f 6078//6078 6034//6034 6030//6030
f 6079//6079 6077//6077 6076//6076
f 6080//6080 6078//6078 6077//6077
f 6081//6081 6039//6039 6078//6078
f 6083//6083 6080//6080 6079//6079
f 6083//6083 6081//6081 6080//6080
f 6084//6084 6044//6044 6081//6081
f 6066//6066 6083//6083 6082//6082
f 6059//6059 6084//6084 6083//6083
f 6059//6059 6049//6049 6084//6084
f 6086//6086 5997//5997 5883//5883
f 6087//6087 5998//5998 5997//5997
f 6088//6088 6086//6086 6085//6085
f 6089//6089 6087//6087 6086//6086
f 6090//6090 6027//6027 6087//6087
f 6092//6092 6089//6089 6088//6088
f 6093//6093 6090//6090 6089//6089
f 6094//6094 6022//6022 6090//6090
f 5946//5946 6092//6092 6091//6091
f 5946//5946 6093//6093 6092//6092
f 6003//6003 6094//6094 6093//6093
f 6003//6003 6017//6017 6094//6094
f 6096//6096 5942//5942 6097//6097
f 5990//5990 6099//6099 5999//5999
f 6098//6098 6095//6095 6099//6099
f 6100//6100 6096//6096 6095//6095
f 6101//6101 6000//6000 6096//6096
f 6102//6102 6100//6100 6098//6098
f 6103//6103 6101//6101 6100//6100
f 6104//6104 6004//6004 6101//6101
f 6028//6028 6102//6102 5990//5990
f 6023//6023 6103//6103 6102//6102
f 6018//6018 6104//6104 6103//6103
f 6013//6013 6004//6004 6104//6104
f 6105//6105 5959//5959 5907//5907
f 6107//6107 5954//5954 5959//5959
f 6108//6108 5955//5955 5954//5954
f 6109//6109 6106//6106 6105//6105
f 6110//6110 6107//6107 6106//6106
f 6110//6110 6108//6108 6107//6107
f 6111//6111 5988//5988 6108//6108
f 6112//6112 6110//6110 6109//6109
f 6113//6113 6111//6111 6110//6110
f 6114//6114 5983//5983 6111//6111
f 5898//5898 6113//6113 6112//6112
f 5964//5964 6114//6114 6113//6113
f 5964//5964 5978//5978 6114//6114
f 6115//6115 6117//6117 5960//5960
f 6116//6116 6119//6119 6117//6117
f 6118//6118 6122//6122 6119//6119
f 5956//5956 6116//6116 6115//6115
f 6120//6120 6118//6118 6116//6116
f 6121//6121 5894//5894 6122//6122
f 5947//5947 6120//6120 5956//5956
f 6123//6123 6118//6118 6120//6120
f 6124//6124 6121//6121 6118//6118
f 6125//6125 5965//5965 6121//6121
f 5989//5989 6123//6123 5947//5947
f 5984//5984 6124//6124 6123//6123
f 5979//5979 6125//6125 6124//6124
f 5974//5974 5965//5965 6125//6125
f 5906//5906 6127//6127 5907//5907
f 6126//6126 6129//6129 6127//6127
f 5912//5912 6126//6126 5906//5906
f 6069//6069 5941//5941 6128//6128
f 5917//5917 6126//6126 5912//5912
f 6071//6071 6129//6129 6126//6126
f 6067//6067 6069//6069 6129//6129
f 5922//5922 6071//6071 5917//5917
f 6130//6130 5899//5899 5960//5960
f 6131//6131 5908//5908 5899//5899
f 6131//6131 5913//5913 5908//5908
f 6076//6076 5918//5918 5913//5913
f 6132//6132 6131//6131 6130//6130
f 6132//6132 6076//6076 6131//6131
f 6082//6082 6079//6079 6132//6132
f 5937//5937 6082//6082 6133//6133
f 6127//6127 6105//6105 5907//5907
f 6134//6134 6109//6109 6105//6105
f 6135//6135 6112//6112 6109//6109
f 6136//6136 5898//5898 6112//6112
f 6129//6129 6134//6134 6127//6127
f 6137//6137 6135//6135 6134//6134
f 6138//6138 5893//5893 6136//6136
f 6128//6128 6137//6137 6129//6129
f 6139//6139 6135//6135 6137//6137
f 6140//6140 6138//6138 6135//6135
f 6141//6141 5888//5888 6138//6138
f 5946//5946 6139//6139 6128//6128
f 6091//6091 6140//6140 6139//6139
f 6088//6088 6141//6141 6140//6140
f 6085//6085 5882//5882 6141//6141
f 6117//6117 6130//6130 5960//5960
f 6142//6142 6132//6132 6130//6130
f 6143//6143 6133//6133 6132//6132
f 6144//6144 5942//5942 6133//6133
f 6119//6119 6142//6142 6117//6117
f 6145//6145 6143//6143 6142//6142
f 6145//6145 6144//6144 6143//6143
f 6146//6146 6097//6097 6144//6144
f 6122//6122 6145//6145 6119//6119
f 6148//6148 6146//6146 6145//6145
f 6149//6149 6095//6095 6146//6146
f 5894//5894 6147//6147 6122//6122
f 5889//5889 6148//6148 6147//6147
f 5884//5884 6149//6149 6148//6148
f 5875//5875 6099//6099 6149//6149
f 1172//1172 6431//6431 1180//1180
f 1171//1171 1179//1179 1318//1318
f 1171//1171 1318//1318 1166//1166
f 1174//1174 6475//6475 6472//6472
f 1174//1174 6472//6472 1165//1165
f 1169//1169 1164//1164 1177//1177
f 6429//6429 6460//6460 6461//6461
f 6439//6439 6458//6458 6460//6460
f 6438//6438 6455//6455 6458//6458
f 6435//6435 6456//6456 6455//6455
f 6436//6436 6457//6457 6456//6456
f 6437//6437 6454//6454 6457//6457
f 6434//6434 6453//6453 6454//6454
f 6433//6433 6452//6452 6453//6453
f 6432//6432 6459//6459 6452//6452
f 6440//6440 6462//6462 6459//6459
f 6428//6428 6464//6464 6462//6462
f 6442//6442 6468//6468 6464//6464
f 6445//6445 6467//6467 6468//6468
f 6444//6444 6470//6470 6467//6467
f 6447//6447 6471//6471 6470//6470
f 6451//6451 6469//6469 6471//6471
f 6448//6448 6466//6466 6469//6469
f 6446//6446 6465//6465 6466//6466
f 6443//6443 6463//6463 6465//6465
f 6441//6441 6461//6461 6463//6463
f 6504//6504 6482//6482 6496//6496
f 6503//6503 6481//6481 6504//6504
f 6500//6500 6479//6479 6503//6503
f 6501//6501 6476//6476 6500//6500
f 6502//6502 6477//6477 6501//6501
f 6499//6499 6478//6478 6502//6502
f 6498//6498 6474//6474 6499//6499
f 6497//6497 6473//6473 6498//6498
f 6505//6505 6472//6472 6497//6497
f 6495//6495 6480//6480 6505//6505
f 6507//6507 6483//6483 6495//6495
f 6510//6510 6485//6485 6507//6507
f 6509//6509 6489//6489 6510//6510
f 6512//6512 6488//6488 6509//6509
f 6514//6514 6491//6491 6512//6512
f 6513//6513 6494//6494 6514//6514
f 6511//6511 6490//6490 6513//6513
f 6508//6508 6487//6487 6511//6511
f 6506//6506 6486//6486 6508//6508
f 6496//6496 6484//6484 6506//6506
