# Created by Open3D 
# object name: m398_refined_norm
# number of vertices: 7518
# number of triangles: 14976
v 0.405172 0.0702088 -0.321388
vn 0.705044 0.705041 -0.076359
v 0.385828 0.0702088 -0.261851
vn 0.545904 0.818858 0.177373
v 0.405172 0.00268143 -0.321388
vn 1 0 0
v 0.366483 0.0702088 -0.202313
vn 0.545905 0.818856 0.177379
v 0.385828 0.00268143 -0.261851
vn 0.951057 0 0.309015
v 0.405172 -0.0648459 -0.321388
vn 1 0 -1.25786e-08
v 0.347137 0.0702088 -0.142776
vn 0.545906 0.818855 0.177377
v 0.366483 0.00268143 -0.202313
vn 0.951055 0 0.309023
v 0.327793 0.0702088 -0.0832383
vn 0.615278 0.705043 0.35263
v 0.347137 0.00268143 -0.142776
vn 0.951057 0 0.309015
v 0.366483 -0.0648459 -0.202313
vn 0.951055 0 0.309023
v 0.385828 -0.132373 -0.261851
vn 0.951057 0 0.309015
v 0.385828 -0.0648459 -0.261851
vn 0.951057 0 0.309015
v 0.405172 -0.199901 -0.321388
vn 0.705044 -0.705041 0.076359
v 0.405172 -0.132373 -0.321388
vn 1 0 0
v 0.327793 0.00268143 -0.0832383
vn 0.809021 0 0.587779
v 0.327793 -0.0648459 -0.0832383
vn 0.809021 0 0.587779
v 0.347137 -0.0648459 -0.142776
vn 0.951057 0 0.309015
v 0.327793 -0.132373 -0.0832383
vn 0.809021 0 0.587779
v 0.347137 -0.132373 -0.142776
vn 0.951057 0 0.309015
v 0.327793 -0.199901 -0.0832383
vn 0.525508 -0.705044 0.476187
v 0.347137 -0.199901 -0.142776
vn 0.545909 -0.818854 0.177373
v 0.366483 -0.199901 -0.202313
vn 0.545903 -0.818857 0.177379
v 0.385828 -0.199901 -0.261851
vn 0.545906 -0.818856 0.177376
v 0.366483 -0.132373 -0.202313
vn 0.951055 0 0.309023
v 8.97225e-06 -0.199901 -0.321388
vn 0 -1 0
v 0.1013 -0.199901 -0.321388
vn 0 -1 0
v 0.0819553 -0.199901 -0.261851
vn 0 -1 0
v 0.202591 -0.199901 -0.321388
vn 0 -1 0
v 0.183246 -0.199901 -0.261851
vn 0 -1 0
v 0.163901 -0.199901 -0.202313
vn 0 -1 0
v 0.303882 -0.199901 -0.321388
vn 0 -1 0
v 0.284536 -0.199901 -0.261851
vn 0 -1 0
v 0.265192 -0.199901 -0.202313
vn 0 -1 0
v 0.245847 -0.199901 -0.142776
vn 0 -1 0
v 8.97225e-06 0.0702088 -0.321388
vn 0 1 0
v 0.0819553 0.0702088 -0.261851
vn 0 1 0
v 0.1013 0.0702088 -0.321388
vn 0 1 0
v 0.163901 0.0702088 -0.202313
vn 0 1 0
v 0.183246 0.0702088 -0.261851
vn 0 1 0
v 0.202591 0.0702088 -0.321388
vn 0 1 0
v 0.245847 0.0702088 -0.142776
vn 0 1 0
v 0.265192 0.0702088 -0.202313
vn 0 1 0
v 0.284536 0.0702088 -0.261851
vn 0 1 0
v 0.303882 0.0702088 -0.321388
vn 0 1 0
v 0.277148 0.0702088 -0.0464425
vn 0.337385 0.818857 0.464375
v 0.226502 0.0702088 -0.0096467
vn 0.337388 0.818853 0.464379
v 0.277148 0.00268143 -0.0464425
vn 0.58778 0 0.809021
v 0.175856 0.0702088 0.0271501
vn 0.337392 0.818855 0.464374
v 0.226502 0.00268143 -0.0096467
vn 0.587785 0 0.809017
v 0.125211 0.0702088 0.063946
vn 0.290492 0.705042 0.646938
v 0.175856 0.00268143 0.0271501
vn 0.587789 0 0.809014
v 0.226502 -0.0648459 -0.0096467
vn 0.587785 0 0.809017
v 0.277148 -0.132373 -0.0464425
vn 0.58778 0 0.809021
v 0.277148 -0.0648459 -0.0464425
vn 0.58778 0 0.809021
v 0.125211 0.00268143 0.063946
vn 0.309016 0 0.951057
v 0.125211 -0.0648459 0.063946
vn 0.309016 0 0.951057
v 0.175856 -0.0648459 0.0271501
vn 0.587789 0 0.809014
v 0.125211 -0.132373 0.063946
vn 0.309016 0 0.951057
v 0.175856 -0.132373 0.0271501
vn 0.587789 0 0.809014
v 0.125211 -0.199901 0.063946
vn 0.145246 -0.705042 0.694132
v 0.175856 -0.199901 0.0271501
vn 0.33739 -0.818856 0.464374
v 0.226502 -0.199901 -0.0096467
vn 0.337392 -0.818854 0.464376
v 0.277148 -0.199901 -0.0464425
vn 0.337384 -0.818856 0.464378
v 0.226502 -0.132373 -0.0096467
vn 0.587785 0 0.809017
v 0.03131 -0.199901 -0.225054
vn 0 -1 0
v 0.113255 -0.199901 -0.165517
vn 0 -1 0
v 0.06261 -0.199901 -0.12872
vn 0 -1 0
v 0.195202 -0.199901 -0.105979
vn 0 -1 0
v 0.144556 -0.199901 -0.0691835
vn 0 -1 0
v 0.093911 -0.199901 -0.0323878
vn 0 -1 0
v 0.03131 0.0702088 -0.225054
vn 0 1 0
v 0.06261 0.0702088 -0.12872
vn 0 1 0
v 0.113255 0.0702088 -0.165517
vn 0 1 0
v 0.093911 0.0702088 -0.0323878
vn 0 1 0
v 0.144556 0.0702088 -0.0691835
vn 0 1 0
v 0.195202 0.0702088 -0.105979
vn 0 1 0
v 0.06261 0.0702088 0.063946
vn 0 0.818859 0.573995
v 8.97225e-06 0.0702088 0.063946
vn 0 0.818857 0.573997
v 0.06261 0.00268143 0.063946
vn 0 0 1
v -0.0625932 0.0702088 0.063946
vn 0 0.818856 0.573999
v 8.97225e-06 0.00268143 0.063946
vn 0 0 1
v -0.125194 0.0702088 0.063946
vn -0.145246 0.705043 0.694131
v -0.0625932 0.00268143 0.063946
vn 0 0 1
v 8.97225e-06 -0.0648459 0.063946
vn 0 0 1
v 0.06261 -0.132373 0.063946
vn 0 0 1
v 0.06261 -0.0648459 0.063946
vn 0 0 1
v -0.125194 0.00268143 0.063946
vn -0.309016 0 0.951057
v -0.125194 -0.0648459 0.063946
vn -0.309016 0 0.951057
v -0.0625932 -0.0648459 0.063946
vn 0 0 1
v -0.125194 -0.132373 0.063946
vn -0.309016 0 0.951057
v -0.0625932 -0.132373 0.063946
vn 0 0 1
v -0.125194 -0.199901 0.063946
vn -0.290492 -0.705043 0.646938
v -0.0625932 -0.199901 0.063946
vn 0 -0.818857 0.573997
v 8.97225e-06 -0.199901 0.063946
vn 0 -0.818856 0.573999
v 0.06261 -0.199901 0.063946
vn 0 -0.818859 0.573995
v 8.97225e-06 -0.132373 0.063946
vn 0 0 1
v -0.0312921 -0.199901 -0.225054
vn 0 -1 0
v 8.97225e-06 -0.199901 -0.12872
vn 0 -1 0
v -0.0625921 -0.199901 -0.12872
vn 0 -1 0
v 0.031309 -0.199901 -0.0323878
vn 0 -1 0
v -0.0312921 -0.199901 -0.0323878
vn 0 -1 0
v -0.0938932 -0.199901 -0.0323878
vn 0 -1 0
v -0.0312921 0.0702088 -0.225054
vn 0 1 0
v -0.0625921 0.0702088 -0.12872
vn 0 1 0
v 8.97225e-06 0.0702088 -0.12872
vn 0 1 0
v -0.0938932 0.0702088 -0.0323878
vn 0 1 0
v -0.0312921 0.0702088 -0.0323878
vn 0 1 0
v 0.031309 0.0702088 -0.0323878
vn 0 1 0
v -0.175839 0.0702088 0.0271501
vn -0.337388 0.818857 0.464372
v -0.226485 0.0702088 -0.0096467
vn -0.337392 0.818855 0.464374
v -0.175839 0.00268143 0.0271501
vn -0.587789 0 0.809014
v -0.27713 0.0702088 -0.0464425
vn -0.337386 0.818858 0.464374
v -0.226485 0.00268143 -0.0096467
vn -0.587789 0 0.809014
v -0.327775 0.0702088 -0.0832383
vn -0.525506 0.705045 0.476189
v -0.27713 0.00268143 -0.0464425
vn -0.587784 0 0.809018
v -0.226485 -0.0648459 -0.0096467
vn -0.587789 0 0.809014
v -0.175839 -0.132373 0.0271501
vn -0.587789 0 0.809014
v -0.175839 -0.0648459 0.0271501
vn -0.587789 0 0.809014
v -0.327775 0.00268143 -0.0832383
vn -0.809017 0 0.587785
v -0.327775 -0.0648459 -0.0832383
vn -0.809017 0 0.587785
v -0.27713 -0.0648459 -0.0464425
vn -0.587784 0 0.809018
v -0.327775 -0.132373 -0.0832383
vn -0.809017 0 0.587785
v -0.27713 -0.132373 -0.0464425
vn -0.587784 0 0.809018
v -0.327775 -0.199901 -0.0832383
vn -0.615274 -0.705043 0.352637
v -0.27713 -0.199901 -0.0464425
vn -0.337386 -0.818858 0.464374
v -0.226485 -0.199901 -0.0096467
vn -0.337389 -0.818856 0.464374
v -0.175839 -0.199901 0.0271501
vn -0.337391 -0.818857 0.464372
v -0.226485 -0.132373 -0.0096467
vn -0.587789 0 0.809014
v -0.0819373 -0.199901 -0.261851
vn 0 -1 0
v -0.113237 -0.199901 -0.165517
vn 0 -1 0
v -0.163883 -0.199901 -0.202313
vn 0 -1 0
v -0.144538 -0.199901 -0.0691835
vn 0 -1 0
v -0.195184 -0.199901 -0.105979
vn 0 -1 0
v -0.245829 -0.199901 -0.142776
vn 0 -1 0
v -0.0819373 0.0702088 -0.261851
vn 0 1 0
v -0.163883 0.0702088 -0.202313
vn 0 1 0
v -0.113237 0.0702088 -0.165517
vn 0 1 0
v -0.245829 0.0702088 -0.142776
vn 0 1 0
v -0.195184 0.0702088 -0.105979
vn 0 1 0
v -0.144538 0.0702088 -0.0691835
vn 0 1 0
v -0.347121 0.0702088 -0.142776
vn -0.545905 0.818856 0.177377
v -0.366465 0.0702088 -0.202313
vn -0.545903 0.818858 0.177375
v -0.347121 0.00268143 -0.142776
vn -0.951056 0 0.309019
v -0.38581 0.0702088 -0.261851
vn -0.545907 0.818855 0.177376
v -0.366465 0.00268143 -0.202313
vn -0.951057 0 0.309017
v -0.405155 0.0702088 -0.321388
vn -0.70504 0.705044 0.0763619
v -0.38581 0.00268143 -0.261851
vn -0.951056 0 0.309019
v -0.366465 -0.0648459 -0.202313
vn -0.951057 0 0.309017
v -0.347121 -0.132373 -0.142776
vn -0.951056 0 0.309019
v -0.347121 -0.0648459 -0.142776
vn -0.951056 0 0.309019
v -0.405155 0.00268143 -0.321388
vn -1 0 0
v -0.405155 -0.0648459 -0.321388
vn -1 0 1.25791e-08
v -0.38581 -0.0648459 -0.261851
vn -0.951056 0 0.309019
v -0.405155 -0.132373 -0.321388
vn -1 0 -3.5957e-17
v -0.38581 -0.132373 -0.261851
vn -0.951056 0 0.309019
v -0.405155 -0.199901 -0.321388
vn -0.70504 -0.705044 -0.0763619
v -0.38581 -0.199901 -0.261851
vn -0.545904 -0.818856 0.177377
v -0.366465 -0.199901 -0.202313
vn -0.545905 -0.818857 0.177375
v -0.347121 -0.199901 -0.142776
vn -0.545903 -0.818857 0.177376
v -0.366465 -0.132373 -0.202313
vn -0.951057 0 0.309017
v -0.101282 -0.199901 -0.321388
vn 0 -1 0
v -0.183228 -0.199901 -0.261851
vn 0 -1 0
v -0.202573 -0.199901 -0.321388
vn 0 -1 0
v -0.265174 -0.199901 -0.202313
vn 0 -1 0
v -0.284519 -0.199901 -0.261851
vn 0 -1 0
v -0.303864 -0.199901 -0.321388
vn 0 -1 0
v -0.101282 0.0702088 -0.321388
vn 0 1 0
v -0.202573 0.0702088 -0.321388
vn 0 1 0
v -0.183228 0.0702088 -0.261851
vn 0 1 0
v -0.303864 0.0702088 -0.321388
vn 0 1 0
v -0.284519 0.0702088 -0.261851
vn 0 1 0
v -0.265174 0.0702088 -0.202313
vn 0 1 0
v -0.38581 0.0702088 -0.380925
vn -0.545904 0.818856 -0.177377
v -0.366465 0.0702088 -0.440462
vn -0.545905 0.818857 -0.177375
v -0.38581 0.00268143 -0.380925
vn -0.951056 0 -0.309019
v -0.347121 0.0702088 -0.499999
vn -0.545903 0.818858 -0.177376
v -0.366465 0.00268143 -0.440462
vn -0.951057 0 -0.309017
v -0.327775 0.0702088 -0.559537
vn -0.615274 0.705043 -0.352637
v -0.347121 0.00268143 -0.499999
vn -0.951056 0 -0.309019
v -0.366465 -0.0648459 -0.440462
vn -0.951057 0 -0.309017
v -0.38581 -0.132373 -0.380925
vn -0.951056 0 -0.309019
v -0.38581 -0.0648459 -0.380925
vn -0.951056 0 -0.309019
v -0.327775 0.00268143 -0.559537
vn -0.809017 0 -0.587785
v -0.327775 -0.0648459 -0.559537
vn -0.809017 0 -0.587785
v -0.347121 -0.0648459 -0.499999
vn -0.951056 0 -0.309019
v -0.327775 -0.132373 -0.559537
vn -0.809017 0 -0.587785
v -0.347121 -0.132373 -0.499999
vn -0.951056 0 -0.309019
v -0.327775 -0.199901 -0.559537
vn -0.525506 -0.705045 -0.476189
v -0.347121 -0.199901 -0.499999
vn -0.545905 -0.818856 -0.177377
v -0.366465 -0.199901 -0.440462
vn -0.545903 -0.818858 -0.177375
v -0.38581 -0.199901 -0.380925
vn -0.545907 -0.818855 -0.177376
v -0.366465 -0.132373 -0.440462
vn -0.951057 0 -0.309017
v -0.0819373 -0.199901 -0.380925
vn 0 -1 0
v -0.183228 -0.199901 -0.380925
vn 0 -1 0
v -0.163883 -0.199901 -0.440462
vn 0 -1 0
v -0.284519 -0.199901 -0.380925
vn 0 -1 0
v -0.265174 -0.199901 -0.440462
vn 0 -1 0
v -0.245829 -0.199901 -0.499999
vn 0 -1 0
v -0.0819373 0.0702088 -0.380925
vn 0 1 0
v -0.163883 0.0702088 -0.440462
vn 0 1 0
v -0.183228 0.0702088 -0.380925
vn 0 1 0
v -0.245829 0.0702088 -0.499999
vn 0 1 0
v -0.265174 0.0702088 -0.440462
vn 0 1 0
v -0.284519 0.0702088 -0.380925
vn 0 1 0
v -0.27713 0.0702088 -0.596333
vn -0.337387 0.818858 -0.464373
v -0.226485 0.0702088 -0.633129
vn -0.33739 0.818856 -0.464374
v -0.27713 0.00268143 -0.596333
vn -0.587787 0 -0.809016
v -0.175839 0.0702088 -0.669925
vn -0.337388 0.818857 -0.464373
v -0.226485 0.00268143 -0.633129
vn -0.587788 0 -0.809015
v -0.125194 0.0702088 -0.706721
vn -0.290494 0.705043 -0.646937
v -0.175839 0.00268143 -0.669925
vn -0.587786 0 -0.809016
v -0.226485 -0.0648459 -0.633129
vn -0.587788 0 -0.809015
v -0.27713 -0.132373 -0.596333
vn -0.587787 0 -0.809016
v -0.27713 -0.0648459 -0.596333
vn -0.587787 0 -0.809016
v -0.125194 0.00268143 -0.706721
vn -0.309018 0 -0.951056
v -0.125194 -0.0648459 -0.706721
vn -0.309018 0 -0.951056
v -0.175839 -0.0648459 -0.669925
vn -0.587786 0 -0.809016
v -0.125194 -0.132373 -0.706721
vn -0.309018 0 -0.951056
v -0.175839 -0.132373 -0.669925
vn -0.587786 0 -0.809016
v -0.125194 -0.199901 -0.706721
vn -0.145247 -0.705043 -0.694131
v -0.175839 -0.199901 -0.669925
vn -0.337388 -0.818857 -0.464373
v -0.226485 -0.199901 -0.633129
vn -0.337389 -0.818856 -0.464374
v -0.27713 -0.199901 -0.596333
vn -0.337388 -0.818857 -0.464372
v -0.226485 -0.132373 -0.633129
vn -0.587788 0 -0.809015
v -0.0312921 -0.199901 -0.417721
vn 0 -1 0
v -0.113237 -0.199901 -0.477258
vn 0 -1 0
v -0.0625921 -0.199901 -0.514055
vn 0 -1 0
v -0.195184 -0.199901 -0.536796
vn 0 -1 0
v -0.144538 -0.199901 -0.573592
vn 0 -1 0
v -0.0938932 -0.199901 -0.610388
vn 0 -1 0
v -0.0312921 0.0702088 -0.417721
vn 0 1 0
v -0.0625921 0.0702088 -0.514055
vn 0 1 0
v -0.113237 0.0702088 -0.477258
vn 0 1 0
v -0.0938932 0.0702088 -0.610388
vn 0 1 0
v -0.144538 0.0702088 -0.573592
vn 0 1 0
v -0.195184 0.0702088 -0.536796
vn 0 1 0
v -0.0625932 0.0702088 -0.706721
vn 0 0.818857 -0.573997
v 8.97225e-06 0.0702088 -0.706721
vn 0 0.818856 -0.573999
v -0.0625932 0.00268143 -0.706721
vn 0 0 -1
v 0.06261 0.0702088 -0.706721
vn 0 0.818859 -0.573995
v 8.97225e-06 0.00268143 -0.706721
vn 0 0 -1
v 0.125211 0.0702088 -0.706721
vn 0.145247 0.705042 -0.694132
v 0.06261 0.00268143 -0.706721
vn 0 0 -1
v 8.97225e-06 -0.0648459 -0.706721
vn 0 0 -1
v -0.0625932 -0.132373 -0.706721
vn 0 0 -1
v -0.0625932 -0.0648459 -0.706721
vn 0 0 -1
v 0.125211 0.00268143 -0.706721
vn 0.309018 0 -0.951056
v 0.125211 -0.0648459 -0.706721
vn 0.309018 0 -0.951056
v 0.06261 -0.0648459 -0.706721
vn 0 0 -1
v 0.125211 -0.132373 -0.706721
vn 0.309018 0 -0.951056
v 0.06261 -0.132373 -0.706721
vn 0 0 -1
v 0.125211 -0.199901 -0.706721
vn 0.290494 -0.705042 -0.646938
v 0.06261 -0.199901 -0.706721
vn 0 -0.818859 -0.573995
v 8.97225e-06 -0.199901 -0.706721
vn 0 -0.818857 -0.573997
v -0.0625932 -0.199901 -0.706721
vn 0 -0.818856 -0.573999
v 8.97225e-06 -0.132373 -0.706721
vn 0 0 -1
v 0.03131 -0.199901 -0.417721
vn 0 -1 0
v 8.97225e-06 -0.199901 -0.514055
vn 0 -1 0
v 0.06261 -0.199901 -0.514055
vn 0 -1 0
v -0.0312921 -0.199901 -0.610388
vn 0 -1 0
v 0.031309 -0.199901 -0.610388
vn 0 -1 0
v 0.093911 -0.199901 -0.610388
vn 0 -1 0
v 0.03131 0.0702088 -0.417721
vn 0 1 0
v 0.06261 0.0702088 -0.514055
vn 0 1 0
v 8.97225e-06 0.0702088 -0.514055
vn 0 1 0
v 0.093911 0.0702088 -0.610388
vn 0 1 0
v 0.031309 0.0702088 -0.610388
vn 0 1 0
v -0.0312921 0.0702088 -0.610388
vn 0 1 0
v 0.175856 0.0702088 -0.669925
vn 0.33739 0.818855 -0.464375
v 0.226502 0.0702088 -0.633129
vn 0.337389 0.818855 -0.464376
v 0.175856 0.00268143 -0.669925
vn 0.587787 0 -0.809016
v 0.277148 0.0702088 -0.596333
vn 0.337386 0.818856 -0.464376
v 0.226502 0.00268143 -0.633129
vn 0.587784 0 -0.809018
v 0.327793 0.0702088 -0.559537
vn 0.525508 0.705044 -0.476187
v 0.277148 0.00268143 -0.596333
vn 0.587783 0 -0.809019
v 0.226502 -0.0648459 -0.633129
vn 0.587784 0 -0.809018
v 0.175856 -0.132373 -0.669925
vn 0.587787 0 -0.809016
v 0.175856 -0.0648459 -0.669925
vn 0.587787 0 -0.809016
v 0.327793 0.00268143 -0.559537
vn 0.809021 0 -0.587779
v 0.327793 -0.0648459 -0.559537
vn 0.809021 0 -0.587779
v 0.277148 -0.0648459 -0.596333
vn 0.587783 0 -0.809019
v 0.327793 -0.132373 -0.559537
vn 0.809021 0 -0.587779
v 0.277148 -0.132373 -0.596333
vn 0.587783 0 -0.809019
v 0.327793 -0.199901 -0.559537
vn 0.615278 -0.705043 -0.35263
v 0.277148 -0.199901 -0.596333
vn 0.337386 -0.818857 -0.464374
v 0.226502 -0.199901 -0.633129
vn 0.337389 -0.818853 -0.464379
v 0.175856 -0.199901 -0.669925
vn 0.337389 -0.818855 -0.464375
v 0.226502 -0.132373 -0.633129
vn 0.587784 0 -0.809018
v 0.0819553 -0.199901 -0.380925
vn 0 -1 0
v 0.113255 -0.199901 -0.477258
vn 0 -1 0
v 0.163901 -0.199901 -0.440462
vn 0 -1 0
v 0.144556 -0.199901 -0.573592
vn 0 -1 0
v 0.195202 -0.199901 -0.536796
vn 0 -1 0
v 0.245847 -0.199901 -0.499999
vn 0 -1 0
v 0.0819553 0.0702088 -0.380925
vn 0 1 0
v 0.163901 0.0702088 -0.440462
vn 0 1 0
v 0.113255 0.0702088 -0.477258
vn 0 1 0
v 0.245847 0.0702088 -0.499999
vn 0 1 0
v 0.195202 0.0702088 -0.536796
vn 0 1 0
v 0.144556 0.0702088 -0.573592
vn 0 1 0
v 0.347137 0.0702088 -0.499999
vn 0.545909 0.818854 -0.177373
v 0.366483 0.0702088 -0.440462
vn 0.545903 0.818857 -0.177379
v 0.347137 0.00268143 -0.499999
vn 0.951057 0 -0.309015
v 0.385828 0.0702088 -0.380925
vn 0.545906 0.818856 -0.177376
v 0.366483 0.00268143 -0.440462
vn 0.951055 0 -0.309023
v 0.385828 0.00268143 -0.380925
vn 0.951057 0 -0.309015
v 0.366483 -0.0648459 -0.440462
vn 0.951055 0 -0.309023
v 0.347137 -0.132373 -0.499999
vn 0.951057 0 -0.309015
v 0.347137 -0.0648459 -0.499999
vn 0.951057 0 -0.309015
v 0.385828 -0.0648459 -0.380925
vn 0.951057 0 -0.309015
v 0.385828 -0.132373 -0.380925
vn 0.951057 0 -0.309015
v 0.385828 -0.199901 -0.380925
vn 0.545904 -0.818858 -0.177373
v 0.366483 -0.199901 -0.440462
vn 0.545905 -0.818856 -0.177379
v 0.347137 -0.199901 -0.499999
vn 0.545906 -0.818855 -0.177377
v 0.366483 -0.132373 -0.440462
vn 0.951055 0 -0.309023
v 0.183246 -0.199901 -0.380925
vn 0 -1 0
v 0.265192 -0.199901 -0.440462
vn 0 -1 0
v 0.284536 -0.199901 -0.380925
vn 0 -1 0
v 0.183246 0.0702088 -0.380925
vn 0 1 0
v 0.284536 0.0702088 -0.380925
vn 0 1 0
v 0.265192 0.0702088 -0.440462
vn 0 1 0
v 0.000128966 0.327235 -0.227919
vn -0.0480162 -0.93299 -0.356686
v -0.0139879 0.327235 -0.232507
vn 0.0999057 -0.946297 -0.307474
v 0.000128966 0.331039 -0.251937
vn -1.64496e-18 -0.987687 -0.156441
v -0.0281058 0.327235 -0.237093
vn 0.0999027 -0.946296 -0.307478
v -0.0139879 0.331039 -0.256525
vn 0.0507633 -0.986414 -0.156239
v 0.000128966 0.334844 -0.275955
vn -3.28993e-18 -0.987687 -0.156441
v -0.0422226 0.327235 -0.24168
vn 0.0999083 -0.946296 -0.307476
v -0.0281058 0.331039 -0.261111
vn 0.0507634 -0.986414 -0.156239
v -0.0563405 0.327235 -0.246268
vn 0.170807 -0.93299 -0.31679
v -0.0422226 0.331039 -0.265698
vn 0.0919558 -0.987687 -0.126563
v -0.0281058 0.334844 -0.285129
vn 0.0919527 -0.987687 -0.126563
v -0.0139879 0.338648 -0.30456
vn 0.0919526 -0.987687 -0.126564
v -0.0139879 0.334844 -0.280542
vn 0.0507633 -0.986414 -0.156239
v 0.000128966 0.342452 -0.323991
vn 0 -1 0
v 0.000128966 0.338648 -0.299973
vn 3.28992e-18 -0.987687 -0.156441
v -0.0650658 0.327235 -0.258276
vn 0.26156 -0.946297 -0.190024
v -0.07379 0.327235 -0.270286
vn 0.261555 -0.946296 -0.190032
v -0.0509479 0.331039 -0.277708
vn 0.132906 -0.986414 -0.0965614
v -0.0825153 0.327235 -0.282294
vn 0.261554 -0.946297 -0.190033
v -0.0596732 0.331039 -0.289716
vn 0.132905 -0.986414 -0.0965632
v -0.0912405 0.327235 -0.294304
vn 0.324396 -0.932988 -0.155886
v -0.0683984 0.331039 -0.301726
vn 0.148784 -0.987687 -0.0483437
v -0.0455553 0.334844 -0.309147
vn 0.148783 -0.987688 -0.0483406
v -0.0227131 0.338648 -0.316569
vn 0.148784 -0.987687 -0.0483428
v -0.036831 0.334844 -0.297138
vn 0.132904 -0.986414 -0.0965611
v -0.0912405 0.327235 -0.309148
vn 0.323304 -0.946295 0
v -0.0912405 0.327235 -0.323991
vn 0.323303 -0.946296 0
v -0.0683984 0.331039 -0.316569
vn 0.164278 -0.986414 0
v -0.0912405 0.327235 -0.338835
vn 0.323301 -0.946296 0
v -0.0683984 0.331039 -0.331413
vn 0.164278 -0.986414 0
v -0.0912405 0.327235 -0.353679
vn 0.354073 -0.932987 0.0645607
v -0.0683984 0.331039 -0.346257
vn 0.148783 -0.987687 0.0483441
v -0.0455553 0.334844 -0.338835
vn 0.148783 -0.987688 0.0483403
v -0.0227131 0.338648 -0.331413
vn 0.148784 -0.987687 0.0483428
v -0.0455553 0.334844 -0.323991
vn 0.164278 -0.986414 0
v -0.0825153 0.327235 -0.365688
vn 0.261553 -0.946296 0.190038
v -0.07379 0.327235 -0.377697
vn 0.261555 -0.946299 0.19002
v -0.0596732 0.331039 -0.358266
vn 0.132905 -0.986414 0.0965617
v -0.0650658 0.327235 -0.389706
vn 0.261551 -0.946298 0.190028
v -0.0509479 0.331039 -0.370275
vn 0.132905 -0.986414 0.0965617
v -0.0563405 0.327235 -0.401715
vn 0.248499 -0.93299 0.260343
v -0.0422226 0.331039 -0.382284
vn 0.0919533 -0.987688 0.126562
v -0.0281058 0.334844 -0.362853
vn 0.0919542 -0.987687 0.126562
v -0.0139879 0.338648 -0.343421
vn 0.0919533 -0.987688 0.126562
v -0.036831 0.334844 -0.350844
vn 0.132904 -0.986414 0.0965595
v -0.0422226 0.327235 -0.406302
vn 0.0999112 -0.946297 0.307472
v -0.0281058 0.327235 -0.41089
vn 0.0999046 -0.946298 0.307472
v -0.0281058 0.331039 -0.386871
vn 0.0507681 -0.986414 0.156236
v -0.0139879 0.327235 -0.415476
vn 0.0999047 -0.946296 0.307477
v -0.0139879 0.331039 -0.391458
vn 0.0507667 -0.986414 0.156238
v 0.000128966 0.327235 -0.420064
vn 0.0480162 -0.93299 0.356686
v 0.000128966 0.331039 -0.396046
vn -1.64496e-18 -0.987687 0.156441
v 0.000128966 0.334844 -0.372028
vn 1.64494e-18 -0.987688 0.156439
v 0.000128966 0.338648 -0.348009
vn -1.64492e-18 -0.987688 0.156436
v -0.0139879 0.334844 -0.36744
vn 0.0507681 -0.986414 0.156236
v 0.0142458 0.327235 -0.415476
vn -0.0999057 -0.946297 0.307474
v 0.0283637 0.327235 -0.41089
vn -0.0999031 -0.946298 0.307474
v 0.0142458 0.331039 -0.391458
vn -0.0507668 -0.986414 0.156238
v 0.0424805 0.327235 -0.406302
vn -0.0999135 -0.946297 0.307474
v 0.0283637 0.331039 -0.386871
vn -0.0507681 -0.986414 0.156236
v 0.0565984 0.327235 -0.401715
vn -0.170814 -0.932988 0.316789
v 0.0424805 0.331039 -0.382284
vn -0.0919533 -0.987688 0.126562
v 0.0283637 0.334844 -0.362853
vn -0.0919541 -0.987687 0.126562
v 0.0142458 0.338648 -0.343421
vn -0.0919533 -0.987688 0.126562
v 0.0142458 0.334844 -0.36744
vn -0.0507681 -0.986414 0.156236
v 0.0653237 0.327235 -0.389706
vn -0.261556 -0.946297 0.190027
v 0.0740479 0.327235 -0.377697
vn -0.261559 -0.946296 0.190028
v 0.0512058 0.331039 -0.370275
vn -0.132905 -0.986414 0.0965616
v 0.0827732 0.327235 -0.365688
vn -0.26155 -0.946297 0.190035
v 0.0599311 0.331039 -0.358266
vn -0.132905 -0.986414 0.0965638
v 0.0914984 0.327235 -0.353679
vn -0.324393 -0.932989 0.155889
v 0.0686563 0.331039 -0.346257
vn -0.148785 -0.987687 0.0483447
v 0.0458142 0.334844 -0.338835
vn -0.148783 -0.987687 0.0483442
v 0.0229711 0.338648 -0.331413
vn -0.148781 -0.987688 0.0483436
v 0.037089 0.334844 -0.350844
vn -0.132902 -0.986414 0.0965621
v 0.0914984 0.327235 -0.338835
vn -0.323302 -0.946296 0
v 0.0914984 0.327235 -0.323991
vn -0.323302 -0.946296 0
v 0.0686563 0.331039 -0.331413
vn -0.164281 -0.986414 0
v 0.0914984 0.327235 -0.309148
vn -0.323304 -0.946295 0
v 0.0686563 0.331039 -0.316569
vn -0.164281 -0.986414 0
v 0.0914984 0.327235 -0.294304
vn -0.354071 -0.932988 -0.0645599
v 0.0686563 0.331039 -0.301726
vn -0.148786 -0.987687 -0.0483444
v 0.0458142 0.334844 -0.309147
vn -0.148784 -0.987687 -0.0483444
v 0.0229711 0.338648 -0.316569
vn -0.148781 -0.987688 -0.0483436
v 0.0458142 0.334844 -0.323991
vn -0.164278 -0.986414 0
v 0.0827732 0.327235 -0.282294
vn -0.261554 -0.946296 -0.190037
v 0.0740479 0.327235 -0.270286
vn -0.261557 -0.946298 -0.190023
v 0.0599311 0.331039 -0.289716
vn -0.132905 -0.986413 -0.0965653
v 0.0653237 0.327235 -0.258276
vn -0.261552 -0.946298 -0.190027
v 0.0512058 0.331039 -0.277708
vn -0.132906 -0.986414 -0.0965614
v 0.0565984 0.327235 -0.246268
vn -0.248499 -0.932989 -0.260346
v 0.0424805 0.331039 -0.265698
vn -0.0919557 -0.987687 -0.126563
v 0.0283637 0.334844 -0.285129
vn -0.0919526 -0.987687 -0.126563
v 0.0142458 0.338648 -0.30456
vn -0.0919526 -0.987687 -0.126564
v 0.037089 0.334844 -0.297138
vn -0.132903 -0.986414 -0.0965637
v 0.0424805 0.327235 -0.24168
vn -0.0999072 -0.946296 -0.307479
v 0.0283637 0.327235 -0.237093
vn -0.099904 -0.946297 -0.307477
v 0.0283637 0.331039 -0.261111
vn -0.0507633 -0.986414 -0.156239
v 0.0142458 0.327235 -0.232507
vn -0.099905 -0.946297 -0.307477
v 0.0142458 0.331039 -0.256525
vn -0.0507634 -0.986414 -0.156239
v 0.0142458 0.334844 -0.280542
vn -0.0507634 -0.986414 -0.156239
v 0.000128966 0.316195 -0.206252
vn -0.0458042 -0.890073 -0.453511
v 0.000128966 0.305155 -0.184585
vn -0.0458012 -0.890077 -0.453503
v -0.0139879 0.316195 -0.210839
vn 0.145937 -0.881468 -0.44913
v 0.000128966 0.294116 -0.162918
vn -0.0458136 -0.890077 -0.453503
v -0.0139879 0.305155 -0.189172
vn 0.145931 -0.881477 -0.449114
v 0.000128966 0.283076 -0.141251
vn -0.040897 -0.79473 -0.605584
v -0.0139879 0.294116 -0.167505
vn 0.145925 -0.881475 -0.449119
v -0.0281058 0.305155 -0.193759
vn 0.145927 -0.881479 -0.44911
v -0.0422226 0.316195 -0.220013
vn 0.14593 -0.881467 -0.449132
v -0.0281058 0.316195 -0.215427
vn 0.145932 -0.881467 -0.449133
v -0.0267237 0.283076 -0.149976
vn 0.187599 -0.79465 -0.577354
v -0.0535763 0.283076 -0.158701
vn 0.187599 -0.794649 -0.577356
v -0.0408416 0.294116 -0.17623
vn 0.145931 -0.881475 -0.449117
v -0.08043 0.283076 -0.167427
vn 0.187598 -0.794654 -0.577349
v -0.0676942 0.294116 -0.184955
vn 0.145937 -0.881475 -0.449116
v -0.107283 0.283076 -0.176152
vn 0.322868 -0.794729 -0.513968
v -0.0945468 0.294116 -0.193681
vn 0.229508 -0.890076 -0.393815
v -0.081811 0.305155 -0.21121
vn 0.229512 -0.890078 -0.39381
v -0.0690763 0.316195 -0.228738
vn 0.229519 -0.890067 -0.393829
v -0.0549584 0.305155 -0.202485
vn 0.145931 -0.881476 -0.449115
v -0.0778005 0.316195 -0.240748
vn 0.382065 -0.881463 -0.277577
v -0.0905363 0.305155 -0.223218
vn 0.382033 -0.881478 -0.277575
v -0.103272 0.294116 -0.20569
vn 0.382041 -0.881475 -0.277574
v -0.0992616 0.305155 -0.235228
vn 0.382042 -0.881476 -0.277568
v -0.095251 0.316195 -0.264766
vn 0.382057 -0.881466 -0.277579
v -0.0865258 0.316195 -0.252756
vn 0.382047 -0.881469 -0.277582
v -0.123878 0.283076 -0.198994
vn 0.491126 -0.794655 -0.356819
v -0.140474 0.283076 -0.221837
vn 0.49112 -0.794657 -0.356822
v -0.119868 0.294116 -0.228532
vn 0.382046 -0.881473 -0.277571
v -0.157071 0.283076 -0.244679
vn 0.491115 -0.794659 -0.356825
v -0.136464 0.294116 -0.251374
vn 0.382041 -0.881475 -0.277574
v -0.173667 0.283076 -0.267521
vn 0.563307 -0.794729 -0.226035
v -0.153061 0.294116 -0.274217
vn 0.417146 -0.890079 -0.183707
v -0.132453 0.305155 -0.280912
vn 0.417148 -0.89008 -0.183698
v -0.111847 0.316195 -0.287608
vn 0.417167 -0.890069 -0.183706
v -0.115857 0.305155 -0.25807
vn 0.382042 -0.881475 -0.27757
v -0.111847 0.316195 -0.302452
vn 0.47225 -0.881465 0
v -0.132453 0.305155 -0.295756
vn 0.472224 -0.881478 0
v -0.153061 0.294116 -0.28906
vn 0.472228 -0.881476 0
v -0.132453 0.305155 -0.3106
vn 0.472222 -0.88148 0
v -0.111847 0.316195 -0.332139
vn 0.47225 -0.881465 0
v -0.111847 0.316195 -0.317296
vn 0.47225 -0.881465 0
v -0.173667 0.283076 -0.295756
vn 0.607058 -0.794657 0
v -0.173667 0.283076 -0.323992
vn 0.60706 -0.794656 0
v -0.153061 0.294116 -0.317296
vn 0.472226 -0.881478 0
v -0.173667 0.283076 -0.352227
vn 0.607059 -0.794657 0
v -0.153061 0.294116 -0.345531
vn 0.472226 -0.881478 0
v -0.173667 0.283076 -0.380461
vn 0.588581 -0.794731 0.148239
v -0.153061 0.294116 -0.373766
vn 0.445461 -0.890078 0.0965743
v -0.132453 0.305155 -0.367071
vn 0.44545 -0.890083 0.0965725
v -0.111847 0.316195 -0.360375
vn 0.445477 -0.890069 0.0965828
v -0.132453 0.305155 -0.338835
vn 0.472224 -0.881478 0
v -0.103122 0.316195 -0.372384
vn 0.382052 -0.881472 0.277569
v -0.123729 0.305155 -0.379079
vn 0.382041 -0.88148 0.277557
v -0.144335 0.294116 -0.385775
vn 0.382046 -0.881473 0.277571
v -0.115004 0.305155 -0.391089
vn 0.382039 -0.881477 0.277569
v -0.0856721 0.316195 -0.396401
vn 0.382051 -0.881468 0.277581
v -0.0943973 0.316195 -0.384393
vn 0.382052 -0.881472 0.277568
v -0.157071 0.283076 -0.403304
vn 0.491123 -0.794652 0.356829
v -0.140474 0.283076 -0.426147
vn 0.491122 -0.794653 0.356827
v -0.127739 0.294116 -0.408617
vn 0.382043 -0.881472 0.277578
v -0.123878 0.283076 -0.448989
vn 0.491121 -0.794659 0.356815
v -0.111143 0.294116 -0.431459
vn 0.382042 -0.881474 0.277574
v -0.107283 0.283076 -0.471831
vn 0.389039 -0.794733 0.465884
v -0.0945468 0.294116 -0.454302
vn 0.303623 -0.890078 0.339962
v -0.081811 0.305155 -0.436773
vn 0.303615 -0.890079 0.339967
v -0.0690763 0.316195 -0.419244
vn 0.303625 -0.89007 0.339982
v -0.0984079 0.305155 -0.413931
vn 0.382039 -0.881474 0.277577
v -0.0549584 0.316195 -0.423831
vn 0.145943 -0.881468 0.449126
v -0.0676942 0.305155 -0.44136
vn 0.145932 -0.881478 0.449111
v -0.08043 0.294116 -0.458889
vn 0.145927 -0.881472 0.449124
v -0.0535763 0.305155 -0.445948
vn 0.145925 -0.881473 0.449122
v -0.0267237 0.316195 -0.433006
vn 0.145935 -0.881466 0.449132
v -0.0408416 0.316195 -0.428418
vn 0.145935 -0.881468 0.449129
v -0.08043 0.283076 -0.480556
vn 0.187583 -0.794654 0.577354
v -0.0535763 0.283076 -0.48928
vn 0.18759 -0.794653 0.577353
v -0.0535763 0.294116 -0.467614
vn 0.145926 -0.881472 0.449124
v -0.0267237 0.283076 -0.498006
vn 0.187598 -0.794656 0.577346
v -0.0267237 0.294116 -0.476339
vn 0.145933 -0.881473 0.44912
v 0.000128966 0.283076 -0.506731
vn 0.0408945 -0.794726 0.60559
v 0.000128966 0.294116 -0.485065
vn 0.0458061 -0.890075 0.453507
v 0.000128966 0.305155 -0.463397
vn 0.0458014 -0.890078 0.453501
v 0.000128966 0.316195 -0.441731
vn 0.0458054 -0.890068 0.45352
v -0.0267237 0.305155 -0.454672
vn 0.145928 -0.881473 0.449123
v 0.0142458 0.316195 -0.437144
vn -0.145939 -0.881463 0.449138
v 0.0142458 0.305155 -0.45881
vn -0.145939 -0.881472 0.449119
v 0.0142458 0.294116 -0.480477
vn -0.145934 -0.881473 0.44912
v 0.0283637 0.305155 -0.454222
vn -0.145924 -0.881478 0.449114
v 0.0424805 0.316195 -0.427969
vn -0.145935 -0.881465 0.449136
v 0.0283637 0.316195 -0.432556
vn -0.145947 -0.881459 0.449143
v 0.0269816 0.283076 -0.498006
vn -0.18759 -0.794657 0.577347
v 0.0538353 0.283076 -0.48928
vn -0.187586 -0.794661 0.577344
v 0.0410995 0.294116 -0.471752
vn -0.145927 -0.881474 0.44912
v 0.0806879 0.283076 -0.480556
vn -0.187588 -0.794658 0.577347
v 0.0679521 0.294116 -0.463027
vn -0.145924 -0.881475 0.449119
v 0.107541 0.283076 -0.471831
vn -0.322865 -0.794731 0.513965
v 0.0948047 0.294116 -0.454302
vn -0.229503 -0.890079 0.393812
v 0.082069 0.305155 -0.436773
vn -0.229507 -0.89008 0.393807
v 0.0693342 0.316195 -0.419244
vn -0.229513 -0.89007 0.393827
v 0.0552163 0.305155 -0.445498
vn -0.145925 -0.881477 0.449115
v 0.0780585 0.316195 -0.407235
vn -0.382065 -0.881463 0.277577
v 0.0907942 0.305155 -0.424764
vn -0.382036 -0.881478 0.277569
v 0.10353 0.294116 -0.442293
vn -0.382042 -0.881475 0.277571
v 0.0995195 0.305155 -0.412755
vn -0.382033 -0.881479 0.277571
v 0.0955089 0.316195 -0.383217
vn -0.382048 -0.881469 0.277582
v 0.0867837 0.316195 -0.395226
vn -0.382048 -0.881469 0.277582
v 0.124136 0.283076 -0.448989
vn -0.491116 -0.794659 0.356821
v 0.140733 0.283076 -0.426147
vn -0.491121 -0.794655 0.356826
v 0.120126 0.294116 -0.419451
vn -0.382033 -0.881478 0.277573
v 0.157329 0.283076 -0.403304
vn -0.491131 -0.79465 0.35682
v 0.136723 0.294116 -0.396609
vn -0.38204 -0.881476 0.277571
v 0.173925 0.283076 -0.380461
vn -0.563307 -0.794729 0.226035
v 0.153318 0.294116 -0.373766
vn -0.417159 -0.890074 0.183705
v 0.132712 0.305155 -0.367071
vn -0.417142 -0.890083 0.183699
v 0.112105 0.316195 -0.360375
vn -0.417161 -0.890072 0.183708
v 0.116115 0.305155 -0.389913
vn -0.382033 -0.881479 0.277572
v 0.112105 0.316195 -0.345531
vn -0.472241 -0.881469 0
v 0.132712 0.305155 -0.352227
vn -0.472225 -0.881478 0
v 0.153318 0.294116 -0.358922
vn -0.472236 -0.881472 0
v 0.132712 0.305155 -0.337382
vn -0.472224 -0.881479 0
v 0.112105 0.316195 -0.315842
vn -0.47224 -0.88147 0
v 0.112105 0.316195 -0.330687
vn -0.472241 -0.881469 0
v 0.173925 0.283076 -0.352227
vn -0.607058 -0.794657 0
v 0.173925 0.283076 -0.323992
vn -0.60706 -0.794656 0
v 0.153318 0.294116 -0.330687
vn -0.472235 -0.881473 0
v 0.173925 0.283076 -0.295756
vn -0.607059 -0.794657 0
v 0.153318 0.294116 -0.302452
vn -0.472235 -0.881473 0
v 0.173925 0.283076 -0.267521
vn -0.588581 -0.794731 -0.148239
v 0.153318 0.294116 -0.274217
vn -0.445465 -0.890075 -0.0965787
v 0.132712 0.305155 -0.280912
vn -0.445452 -0.890081 -0.0965805
v 0.112105 0.316195 -0.287608
vn -0.445468 -0.890073 -0.0965822
v 0.132712 0.305155 -0.309148
vn -0.472225 -0.881478 0
v 0.103379 0.316195 -0.275599
vn -0.38205 -0.88147 -0.277576
v 0.123987 0.305155 -0.268904
vn -0.38204 -0.881478 -0.277566
v 0.144593 0.294116 -0.262208
vn -0.382046 -0.881473 -0.277571
v 0.115262 0.305155 -0.256894
vn -0.382039 -0.881477 -0.277569
v 0.08593 0.316195 -0.251581
vn -0.382054 -0.881467 -0.27758
v 0.0946553 0.316195 -0.26359
vn -0.382055 -0.881471 -0.277565
v 0.157329 0.283076 -0.244679
vn -0.491123 -0.794652 -0.356827
v 0.140733 0.283076 -0.221837
vn -0.491127 -0.79465 -0.356827
v 0.127997 0.294116 -0.239366
vn -0.382044 -0.881474 -0.277572
v 0.124136 0.283076 -0.198994
vn -0.491122 -0.794653 -0.356827
v 0.111402 0.294116 -0.216524
vn -0.382039 -0.881474 -0.277578
v 0.107541 0.283076 -0.176152
vn -0.389043 -0.79473 -0.465886
v 0.0948047 0.294116 -0.193681
vn -0.303621 -0.890076 -0.339968
v 0.082069 0.305155 -0.21121
vn -0.303612 -0.890076 -0.339976
v 0.0693342 0.316195 -0.228738
vn -0.303625 -0.890069 -0.339983
v 0.0986658 0.305155 -0.234052
vn -0.38204 -0.881475 -0.277573
v 0.0552163 0.316195 -0.224152
vn -0.145934 -0.881465 -0.449135
v 0.0679521 0.305155 -0.206622
vn -0.145932 -0.881475 -0.449117
v 0.0806879 0.294116 -0.189094
vn -0.145932 -0.881476 -0.449115
v 0.0538353 0.305155 -0.202036
vn -0.145932 -0.881476 -0.449115
v 0.0269816 0.316195 -0.214977
vn -0.14594 -0.881469 -0.449126
v 0.0410995 0.316195 -0.219565
vn -0.145933 -0.881465 -0.449135
v 0.0806879 0.283076 -0.167427
vn -0.187598 -0.794656 -0.577346
v 0.0538353 0.283076 -0.158701
vn -0.187596 -0.79466 -0.577341
v 0.0538353 0.294116 -0.180369
vn -0.145932 -0.881476 -0.449115
v 0.0269816 0.283076 -0.149976
vn -0.187593 -0.794663 -0.577338
v 0.0269816 0.294116 -0.171644
vn -0.14593 -0.881473 -0.449121
v 0.0269816 0.305155 -0.19331
vn -0.145935 -0.881475 -0.449116
v 0.000128966 0.265881 -0.124056
vn -0.0363628 -0.706635 -0.706643
v 0.000128966 0.248686 -0.10686
vn -0.0363662 -0.706639 -0.706639
v -0.0267237 0.265881 -0.132781
vn 0.223926 -0.689151 -0.68915
v 0.000128966 0.231491 -0.0896656
vn -0.0363685 -0.706639 -0.706639
v -0.0267237 0.248686 -0.115586
vn 0.223927 -0.68915 -0.689151
v 0.000128966 0.214296 -0.0724709
vn -0.0297342 -0.577737 -0.815682
v -0.0267237 0.231491 -0.0983909
vn 0.223927 -0.68915 -0.689151
v -0.0535763 0.248686 -0.124311
vn 0.223926 -0.689149 -0.689153
v -0.08043 0.265881 -0.150232
vn 0.223925 -0.689148 -0.689153
v -0.0535763 0.265881 -0.141507
vn 0.223923 -0.689151 -0.689151
v -0.036831 0.214296 -0.0844804
vn 0.254231 -0.568473 -0.782435
v -0.0737911 0.214296 -0.0964888
vn 0.25423 -0.568474 -0.782435
v -0.0636837 0.231491 -0.1104
vn 0.223922 -0.689157 -0.689146
v -0.110751 0.214296 -0.108498
vn 0.254239 -0.568468 -0.782436
v -0.100644 0.231491 -0.12241
vn 0.223923 -0.689161 -0.689141
v -0.147711 0.214296 -0.120508
vn 0.455393 -0.577737 -0.677375
v -0.137604 0.231491 -0.134419
vn 0.385927 -0.706647 -0.593051
v -0.127496 0.248686 -0.14833
vn 0.385935 -0.706633 -0.593063
v -0.11739 0.265881 -0.162241
vn 0.385934 -0.706634 -0.593063
v -0.0905363 0.248686 -0.13632
vn 0.223928 -0.689147 -0.689154
v -0.133986 0.265881 -0.185084
vn 0.586226 -0.689153 -0.42592
v -0.144093 0.248686 -0.171172
vn 0.586231 -0.689145 -0.425925
v -0.154199 0.231491 -0.157261
vn 0.586223 -0.689157 -0.425917
v -0.160689 0.248686 -0.194015
vn 0.586236 -0.689144 -0.42592
v -0.167177 0.265881 -0.230768
vn 0.586233 -0.689143 -0.425927
v -0.150582 0.265881 -0.207926
vn 0.586225 -0.689153 -0.42592
v -0.170553 0.214296 -0.151948
vn 0.665574 -0.568478 -0.483575
v -0.193396 0.214296 -0.183388
vn 0.66558 -0.568474 -0.483571
v -0.177043 0.231491 -0.188701
vn 0.586218 -0.689163 -0.425915
v -0.216238 0.214296 -0.214828
vn 0.665586 -0.568469 -0.483568
v -0.199885 0.231491 -0.220141
vn 0.586222 -0.689162 -0.42591
v -0.239081 0.214296 -0.246268
vn 0.766567 -0.577743 -0.280336
v -0.222727 0.231491 -0.251581
vn 0.66081 -0.706648 -0.252941
v -0.206373 0.248686 -0.256894
vn 0.660829 -0.706628 -0.252947
v -0.190021 0.265881 -0.262208
vn 0.660822 -0.70663 -0.252959
v -0.183531 0.248686 -0.225455
vn 0.586233 -0.689144 -0.425924
v -0.190021 0.265881 -0.290442
vn 0.724627 -0.689141 0
v -0.206373 0.248686 -0.28513
vn 0.724628 -0.68914 0
v -0.222727 0.231491 -0.279816
vn 0.724606 -0.689163 0
v -0.206373 0.248686 -0.313365
vn 0.724627 -0.689141 0
v -0.190021 0.265881 -0.346913
vn 0.724629 -0.68914 0
v -0.190021 0.265881 -0.318678
vn 0.724627 -0.689141 0
v -0.239081 0.214296 -0.28513
vn 0.822696 -0.568482 0
v -0.239081 0.214296 -0.323991
vn 0.822696 -0.568482 0
v -0.222727 0.231491 -0.318678
vn 0.724606 -0.689163 0
v -0.239081 0.214296 -0.362853
vn 0.822696 -0.568482 0
v -0.222727 0.231491 -0.357539
vn 0.724606 -0.689163 0
v -0.239081 0.214296 -0.401715
vn 0.78494 -0.577749 0.223776
v -0.222727 0.231491 -0.396401
vn 0.683284 -0.706647 0.183774
v -0.206373 0.248686 -0.391089
vn 0.683298 -0.706631 0.183784
v -0.190021 0.265881 -0.385775
vn 0.683303 -0.706626 0.183785
v -0.206373 0.248686 -0.352227
vn 0.724628 -0.68914 0
v -0.173424 0.265881 -0.408617
vn 0.586231 -0.68914 0.425933
v -0.189777 0.248686 -0.413931
vn 0.586232 -0.689145 0.425923
v -0.206131 0.231491 -0.419244
vn 0.586222 -0.689161 0.425912
v -0.173182 0.248686 -0.436773
vn 0.586234 -0.689147 0.425918
v -0.140232 0.265881 -0.454302
vn 0.586232 -0.689152 0.425913
v -0.156828 0.265881 -0.431459
vn 0.586232 -0.689149 0.425917
v -0.216238 0.214296 -0.433155
vn 0.665579 -0.568478 0.483567
v -0.193396 0.214296 -0.464595
vn 0.665584 -0.568468 0.483572
v -0.183289 0.231491 -0.450684
vn 0.586223 -0.689165 0.425904
v -0.170553 0.214296 -0.496035
vn 0.665582 -0.568467 0.483576
v -0.160447 0.231491 -0.482125
vn 0.58622 -0.689161 0.425915
v -0.147711 0.214296 -0.527475
vn 0.5035 -0.577738 0.642422
v -0.137604 0.231491 -0.513565
vn 0.444766 -0.706643 0.550307
v -0.127496 0.248686 -0.499653
vn 0.444767 -0.706638 0.550314
v -0.11739 0.265881 -0.485742
vn 0.444774 -0.70663 0.550317
v -0.150339 0.248686 -0.468213
vn 0.586233 -0.689147 0.42592
v -0.0905363 0.265881 -0.494467
vn 0.223912 -0.689144 0.689161
v -0.100644 0.248686 -0.508378
vn 0.223922 -0.689153 0.68915
v -0.110751 0.231491 -0.522289
vn 0.223918 -0.689158 0.689146
v -0.0737911 0.248686 -0.517104
vn 0.223921 -0.689147 0.689156
v -0.036831 0.265881 -0.511917
vn 0.223917 -0.68915 0.689154
v -0.0636837 0.265881 -0.503192
vn 0.223923 -0.689162 0.68914
v -0.110751 0.214296 -0.539485
vn 0.254228 -0.568467 0.782441
v -0.0737911 0.214296 -0.551493
vn 0.254229 -0.568467 0.78244
v -0.0737911 0.231491 -0.534298
vn 0.223913 -0.689156 0.689149
v -0.036831 0.214296 -0.563502
vn 0.254228 -0.568467 0.782441
v -0.036831 0.231491 -0.546307
vn 0.223918 -0.689159 0.689145
v 0.000128966 0.214296 -0.575511
vn 0.0297346 -0.577733 0.815684
v 0.000128966 0.231491 -0.558316
vn 0.0363642 -0.706643 0.706635
v 0.000128966 0.248686 -0.541121
vn 0.03637 -0.706635 0.706642
v 0.000128966 0.265881 -0.523926
vn 0.0363707 -0.706638 0.70664
v -0.036831 0.248686 -0.529112
vn 0.223917 -0.689145 0.68916
v 0.0269816 0.265881 -0.515201
vn -0.223913 -0.689157 0.689149
v 0.0269816 0.248686 -0.532396
vn -0.223926 -0.68914 0.689162
v 0.0269816 0.231491 -0.549591
vn -0.223913 -0.68916 0.689145
v 0.0538353 0.248686 -0.523671
vn -0.223915 -0.689148 0.689157
v 0.0806879 0.265881 -0.497751
vn -0.223916 -0.68915 0.689154
v 0.0538353 0.265881 -0.506476
vn -0.223919 -0.689149 0.689155
v 0.037089 0.214296 -0.563502
vn -0.254223 -0.568477 0.782435
v 0.074049 0.214296 -0.551493
vn -0.254231 -0.568473 0.782436
v 0.0639416 0.231491 -0.537582
vn -0.223916 -0.689156 0.689148
v 0.111009 0.214296 -0.539485
vn -0.254223 -0.568477 0.782435
v 0.100902 0.231491 -0.525573
vn -0.223917 -0.689158 0.689147
v 0.147969 0.214296 -0.527475
vn -0.455399 -0.577735 0.677372
v 0.137862 0.231491 -0.513565
vn -0.385927 -0.706647 0.593051
v 0.127754 0.248686 -0.499653
vn -0.385939 -0.706632 0.593062
v 0.117648 0.265881 -0.485742
vn -0.385935 -0.706635 0.59306
v 0.0907953 0.248686 -0.511662
vn -0.223922 -0.689144 0.689159
v 0.134244 0.265881 -0.462899
vn -0.586231 -0.689146 0.425925
v 0.144351 0.248686 -0.476811
vn -0.586226 -0.68915 0.425924
v 0.154457 0.231491 -0.490721
vn -0.586229 -0.689152 0.425918
v 0.160947 0.248686 -0.453969
vn -0.586232 -0.689146 0.425922
v 0.167435 0.265881 -0.417215
vn -0.586227 -0.68915 0.425923
v 0.150839 0.265881 -0.440057
vn -0.586233 -0.689146 0.42592
v 0.170811 0.214296 -0.496035
vn -0.66558 -0.568474 0.483571
v 0.193653 0.214296 -0.464595
vn -0.66558 -0.568474 0.483571
v 0.177301 0.231491 -0.459281
vn -0.586229 -0.689151 0.425919
v 0.216496 0.214296 -0.433155
vn -0.66558 -0.568473 0.483571
v 0.200143 0.231491 -0.427841
vn -0.586227 -0.689154 0.425915
v 0.239338 0.214296 -0.401715
vn -0.766575 -0.577733 0.280334
v 0.222985 0.231491 -0.396401
vn -0.66081 -0.706648 0.252941
v 0.206631 0.248686 -0.391089
vn -0.660832 -0.706625 0.252946
v 0.190278 0.265881 -0.385775
vn -0.66082 -0.706633 0.252957
v 0.183789 0.248686 -0.422529
vn -0.586236 -0.689143 0.425922
v 0.190278 0.265881 -0.35754
vn -0.724627 -0.689141 0
v 0.206631 0.248686 -0.362853
vn -0.724628 -0.68914 0
v 0.222985 0.231491 -0.368167
vn -0.724607 -0.689162 0
v 0.206631 0.248686 -0.334618
vn -0.724627 -0.689141 0
v 0.190278 0.265881 -0.30107
vn -0.724629 -0.68914 0
v 0.190278 0.265881 -0.329305
vn -0.724627 -0.689141 0
v 0.239338 0.214296 -0.362853
vn -0.822707 -0.568466 0
v 0.239338 0.214296 -0.323991
vn -0.822707 -0.568466 0
v 0.222985 0.231491 -0.329305
vn -0.724607 -0.689163 0
v 0.239338 0.214296 -0.28513
vn -0.822707 -0.568466 0
v 0.222985 0.231491 -0.290442
vn -0.724607 -0.689163 0
v 0.239338 0.214296 -0.246268
vn -0.784953 -0.577731 -0.223778
v 0.222985 0.231491 -0.251581
vn -0.683283 -0.706648 -0.183774
v 0.206631 0.248686 -0.256894
vn -0.683297 -0.706631 -0.183785
v 0.190278 0.265881 -0.262208
vn -0.683303 -0.706626 -0.183785
v 0.206631 0.248686 -0.295756
vn -0.724628 -0.68914 0
v 0.173682 0.265881 -0.239366
vn -0.586232 -0.689139 -0.425933
v 0.190035 0.248686 -0.234052
vn -0.58623 -0.689151 -0.425918
v 0.206389 0.231491 -0.228738
vn -0.586224 -0.689163 -0.425907
v 0.17344 0.248686 -0.21121
vn -0.586225 -0.689157 -0.425914
v 0.14049 0.265881 -0.193681
vn -0.586231 -0.68915 -0.425918
v 0.157086 0.265881 -0.216524
vn -0.586232 -0.689144 -0.425925
v 0.216496 0.214296 -0.214828
vn -0.665587 -0.568462 -0.483576
v 0.193653 0.214296 -0.183388
vn -0.66558 -0.568469 -0.483577
v 0.183547 0.231491 -0.197298
vn -0.586223 -0.689154 -0.425923
v 0.170811 0.214296 -0.151948
vn -0.665576 -0.568486 -0.483562
v 0.160704 0.231491 -0.165859
vn -0.586223 -0.689154 -0.425923
v 0.147969 0.214296 -0.120508
vn -0.5035 -0.577745 -0.642417
v 0.137862 0.231491 -0.134419
vn -0.444771 -0.706649 -0.550296
v 0.127754 0.248686 -0.14833
vn -0.444777 -0.706631 -0.550315
v 0.117648 0.265881 -0.162241
vn -0.444781 -0.706634 -0.550308
v 0.150597 0.248686 -0.17977
vn -0.586229 -0.689147 -0.425925
v 0.0907953 0.265881 -0.153516
vn -0.223932 -0.689151 -0.689148
v 0.100902 0.248686 -0.139605
vn -0.223931 -0.689144 -0.689155
v 0.111009 0.231491 -0.125694
vn -0.223923 -0.689162 -0.68914
v 0.074049 0.248686 -0.130879
vn -0.22393 -0.689139 -0.689161
v 0.037089 0.265881 -0.136065
vn -0.223921 -0.689146 -0.689157
v 0.0639416 0.265881 -0.14479
vn -0.223931 -0.689151 -0.689148
v 0.111009 0.214296 -0.108498
vn -0.254236 -0.568481 -0.782428
v 0.074049 0.214296 -0.0964888
vn -0.25423 -0.568477 -0.782433
v 0.074049 0.231491 -0.113685
vn -0.223923 -0.689162 -0.689141
v 0.037089 0.214296 -0.0844804
vn -0.254229 -0.568471 -0.782438
v 0.037089 0.231491 -0.101675
vn -0.223923 -0.689154 -0.689148
v 0.037089 0.248686 -0.11887
vn -0.223926 -0.689143 -0.689158
v 0.000128966 0.192629 -0.0614309
vn -0.0233567 -0.453864 -0.890765
v 0.000128966 0.170961 -0.0503909
vn -0.0233508 -0.453862 -0.890766
v -0.036831 0.192629 -0.0734404
vn 0.278093 -0.436075 -0.855864
v 0.000128966 0.149295 -0.039352
vn -0.0233556 -0.453862 -0.890766
v -0.036831 0.170961 -0.0624004
vn 0.278091 -0.436083 -0.85586
v 0.000128966 0.127628 -0.0283119
vn -0.0156388 -0.303845 -0.952593
v -0.036831 0.149295 -0.0513604
vn 0.278086 -0.436087 -0.85586
v -0.0737911 0.170961 -0.0744098
vn 0.278096 -0.436087 -0.855857
v -0.110751 0.192629 -0.0974593
vn 0.278093 -0.436066 -0.855868
v -0.0737911 0.192629 -0.0854498
vn 0.278099 -0.436063 -0.855868
v -0.0433195 0.127628 -0.0424288
vn 0.295242 -0.295243 -0.908661
v -0.0867689 0.127628 -0.0565467
vn 0.29524 -0.295244 -0.908661
v -0.0802795 0.149295 -0.0654782
vn 0.278087 -0.436094 -0.855856
v -0.130217 0.127628 -0.0706635
vn 0.295246 -0.295231 -0.908663
v -0.123729 0.149295 -0.0795951
vn 0.27808 -0.436099 -0.855856
v -0.173667 0.127628 -0.0847814
vn 0.547269 -0.303847 -0.779855
v -0.167177 0.149295 -0.093713
vn 0.504681 -0.453871 -0.734369
v -0.160689 0.170961 -0.102645
vn 0.504679 -0.453875 -0.734368
v -0.154199 0.192629 -0.111576
vn 0.504677 -0.453863 -0.734376
v -0.117239 0.170961 -0.0885277
vn 0.27808 -0.436099 -0.855856
v -0.177043 0.192629 -0.143016
vn 0.728041 -0.436077 -0.528955
v -0.183531 0.170961 -0.134085
vn 0.728044 -0.436079 -0.528949
v -0.190021 0.149295 -0.125153
vn 0.728037 -0.436089 -0.52895
v -0.206373 0.170961 -0.165525
vn 0.728037 -0.43609 -0.528949
v -0.222727 0.192629 -0.205896
vn 0.728041 -0.436076 -0.528956
v -0.199885 0.192629 -0.174456
vn 0.728053 -0.436061 -0.528952
v -0.200519 0.127628 -0.121741
vn 0.772959 -0.295233 -0.56158
v -0.227372 0.127628 -0.158701
vn 0.77295 -0.295248 -0.561584
v -0.216873 0.149295 -0.162113
vn 0.728042 -0.436081 -0.52895
v -0.254226 0.127628 -0.195661
vn 0.77295 -0.295249 -0.561584
v -0.243726 0.149295 -0.199073
vn 0.728038 -0.436085 -0.528953
v -0.281078 0.127628 -0.232621
vn 0.901141 -0.30384 -0.309235
v -0.270579 0.149295 -0.236033
vn 0.839944 -0.453873 -0.297479
v -0.260079 0.170961 -0.239445
vn 0.839952 -0.453862 -0.297473
v -0.249581 0.192629 -0.242856
vn 0.839949 -0.453864 -0.297478
v -0.233227 0.170961 -0.202485
vn 0.728038 -0.436085 -0.528953
v -0.249581 0.192629 -0.281718
vn 0.899911 -0.436075 0
v -0.260079 0.170961 -0.278307
vn 0.899906 -0.436083 0
v -0.270579 0.149295 -0.274895
vn 0.899907 -0.436083 0
v -0.260079 0.170961 -0.317168
vn 0.899906 -0.436084 0
v -0.249581 0.192629 -0.359441
vn 0.899911 -0.436074 0
v -0.249581 0.192629 -0.320579
vn 0.899911 -0.436075 0
v -0.281078 0.127628 -0.278307
vn 0.955427 -0.295229 0
v -0.281078 0.127628 -0.323992
vn 0.955427 -0.295228 0
v -0.270579 0.149295 -0.32058
vn 0.899906 -0.436083 0
v -0.281078 0.127628 -0.369676
vn 0.955427 -0.295229 0
v -0.270579 0.149295 -0.366265
vn 0.899906 -0.436083 0
v -0.281078 0.127628 -0.415361
vn 0.910802 -0.303846 0.279496
v -0.270579 0.149295 -0.41195
vn 0.854386 -0.453862 0.253048
v -0.260079 0.170961 -0.408538
vn 0.854381 -0.453873 0.253047
v -0.249581 0.192629 -0.405127
vn 0.85439 -0.453853 0.253052
v -0.260079 0.170961 -0.362853
vn 0.899906 -0.436083 0
v -0.226737 0.192629 -0.436567
vn 0.728044 -0.436072 0.528954
v -0.237237 0.170961 -0.439978
vn 0.728038 -0.436085 0.528953
v -0.247736 0.149295 -0.44339
vn 0.728038 -0.436085 0.528953
v -0.214394 0.170961 -0.471418
vn 0.728041 -0.43608 0.528952
v -0.181053 0.192629 -0.499447
vn 0.728044 -0.436072 0.528954
v -0.203895 0.192629 -0.468007
vn 0.728044 -0.436072 0.528954
v -0.254226 0.127628 -0.452321
vn 0.772951 -0.295241 0.561586
v -0.227372 0.127628 -0.48928
vn 0.772952 -0.295223 0.561594
v -0.220884 0.149295 -0.48035
vn 0.728041 -0.436082 0.528951
v -0.200519 0.127628 -0.52624
vn 0.772956 -0.295232 0.561584
v -0.194031 0.149295 -0.51731
vn 0.728044 -0.436067 0.528959
v -0.173667 0.127628 -0.5632
vn 0.572571 -0.303857 0.761468
v -0.167177 0.149295 -0.554269
vn 0.542474 -0.453853 0.706922
v -0.160689 0.170961 -0.545338
vn 0.542466 -0.453864 0.706921
v -0.154199 0.192629 -0.536407
vn 0.542475 -0.453852 0.706922
v -0.187542 0.170961 -0.508378
vn 0.728039 -0.436089 0.528947
v -0.117239 0.192629 -0.548415
vn 0.278083 -0.436068 0.855871
v -0.123729 0.170961 -0.557347
vn 0.278088 -0.436083 0.855861
v -0.130217 0.149295 -0.566278
vn 0.278089 -0.436083 0.855861
v -0.0867689 0.170961 -0.569356
vn 0.278082 -0.436079 0.855865
v -0.0433195 0.192629 -0.572433
vn 0.278084 -0.436068 0.85587
v -0.0802795 0.192629 -0.560425
vn 0.27809 -0.436075 0.855865
v -0.130217 0.127628 -0.577318
vn 0.295239 -0.295239 0.908663
v -0.0867689 0.127628 -0.591435
vn 0.295243 -0.295243 0.90866
v -0.0867689 0.149295 -0.580395
vn 0.278083 -0.436079 0.855865
v -0.0433195 0.127628 -0.605553
vn 0.295251 -0.295251 0.908655
v -0.0433195 0.149295 -0.594513
vn 0.278094 -0.436088 0.855857
v 0.000128966 0.127628 -0.619671
vn 0.0156388 -0.303851 0.952591
v 0.000128966 0.149295 -0.608631
vn 0.0233709 -0.453873 0.89076
v 0.000128966 0.170961 -0.597591
vn 0.0233663 -0.453873 0.89076
v 0.000128966 0.192629 -0.586551
vn 0.0233687 -0.453864 0.890764
v -0.0433195 0.170961 -0.583473
vn 0.278088 -0.436084 0.855861
v 0.037089 0.192629 -0.574542
vn -0.278085 -0.436081 0.855863
v 0.037089 0.170961 -0.585582
vn -0.278084 -0.43609 0.855859
v 0.037089 0.149295 -0.596622
vn -0.27809 -0.436079 0.855863
v 0.074049 0.170961 -0.573573
vn -0.278094 -0.436081 0.85586
v 0.111009 0.192629 -0.550525
vn -0.278093 -0.436066 0.855868
v 0.074049 0.192629 -0.562533
vn -0.278085 -0.436081 0.855863
v 0.0435784 0.127628 -0.605553
vn -0.295252 -0.295228 0.908662
v 0.0870268 0.127628 -0.591435
vn -0.295245 -0.295235 0.908662
v 0.0805374 0.149295 -0.582505
vn -0.278097 -0.436075 0.855863
v 0.130476 0.127628 -0.577318
vn -0.295245 -0.295234 0.908662
v 0.123987 0.149295 -0.568387
vn -0.278088 -0.436081 0.855862
v 0.173925 0.127628 -0.5632
vn -0.547274 -0.303847 0.779851
v 0.167435 0.149295 -0.554269
vn -0.504688 -0.453864 0.734369
v 0.160947 0.170961 -0.545338
vn -0.504689 -0.453857 0.734372
v 0.154457 0.192629 -0.536407
vn -0.504685 -0.453857 0.734376
v 0.117497 0.170961 -0.559455
vn -0.278089 -0.436078 0.855864
v 0.177301 0.192629 -0.504967
vn -0.728045 -0.436073 0.528952
v 0.183789 0.170961 -0.513897
vn -0.728052 -0.436065 0.52895
v 0.190278 0.149295 -0.522829
vn -0.728037 -0.43609 0.52895
v 0.206631 0.170961 -0.482457
vn -0.728037 -0.436083 0.528955
v 0.222985 0.192629 -0.442087
vn -0.728046 -0.436068 0.528954
v 0.200143 0.192629 -0.473527
vn -0.728051 -0.43606 0.528955
v 0.200777 0.127628 -0.52624
vn -0.77295 -0.295248 0.561584
v 0.227631 0.127628 -0.48928
vn -0.772947 -0.295253 0.561586
v 0.217131 0.149295 -0.485869
vn -0.728034 -0.436089 0.528954
v 0.254484 0.127628 -0.452321
vn -0.772951 -0.295244 0.561585
v 0.243984 0.149295 -0.44891
vn -0.728034 -0.436089 0.528955
v 0.281336 0.127628 -0.415361
vn -0.901141 -0.30384 0.309235
v 0.270837 0.149295 -0.41195
vn -0.839944 -0.453873 0.297479
v 0.260337 0.170961 -0.408538
vn -0.839944 -0.453879 0.29747
v 0.249837 0.192629 -0.405127
vn -0.839954 -0.453859 0.297472
v 0.233485 0.170961 -0.445498
vn -0.728034 -0.436089 0.528954
v 0.249837 0.192629 -0.366265
vn -0.89991 -0.436075 0
v 0.260337 0.170961 -0.369676
vn -0.899898 -0.436101 0
v 0.270837 0.149295 -0.373088
vn -0.899907 -0.436083 0
v 0.260337 0.170961 -0.330814
vn -0.899897 -0.436102 0
v 0.249837 0.192629 -0.288541
vn -0.89991 -0.436076 0
v 0.249837 0.192629 -0.327402
vn -0.89991 -0.436075 0
v 0.281336 0.127628 -0.369676
vn -0.955427 -0.295228 0
v 0.281336 0.127628 -0.323992
vn -0.955427 -0.295229 0
v 0.270837 0.149295 -0.327404
vn -0.899906 -0.436084 0
v 0.281336 0.127628 -0.278307
vn -0.955426 -0.295229 0
v 0.270837 0.149295 -0.281718
vn -0.899906 -0.436084 0
v 0.281336 0.127628 -0.232621
vn -0.910802 -0.303845 -0.279495
v 0.270837 0.149295 -0.236033
vn -0.854386 -0.453862 -0.253048
v 0.260337 0.170961 -0.239445
vn -0.854376 -0.453885 -0.253042
v 0.249837 0.192629 -0.242856
vn -0.854389 -0.45386 -0.253043
v 0.260337 0.170961 -0.28513
vn -0.899898 -0.436101 0
v 0.226995 0.192629 -0.211416
vn -0.728043 -0.436082 -0.528948
v 0.237495 0.170961 -0.208005
vn -0.728037 -0.436085 -0.528953
v 0.247994 0.149295 -0.204593
vn -0.728037 -0.436085 -0.528953
v 0.214652 0.170961 -0.176565
vn -0.728041 -0.43608 -0.528952
v 0.181311 0.192629 -0.148536
vn -0.728044 -0.436071 -0.528955
v 0.204153 0.192629 -0.179976
vn -0.728042 -0.436081 -0.528949
v 0.254484 0.127628 -0.195661
vn -0.772955 -0.295249 -0.561577
v 0.227631 0.127628 -0.158701
vn -0.772953 -0.295245 -0.561582
v 0.221142 0.149295 -0.167633
vn -0.728037 -0.436098 -0.528943
v 0.200777 0.127628 -0.121741
vn -0.77295 -0.295241 -0.561588
v 0.194289 0.149295 -0.130673
vn -0.728037 -0.436085 -0.528953
v 0.173925 0.127628 -0.0847814
vn -0.572577 -0.303857 -0.761464
v 0.167435 0.149295 -0.093713
vn -0.542481 -0.453867 -0.706908
v 0.160947 0.170961 -0.102645
vn -0.542473 -0.453874 -0.70691
v 0.154457 0.192629 -0.111576
vn -0.542478 -0.453858 -0.706916
v 0.187799 0.170961 -0.139605
vn -0.728039 -0.43609 -0.528947
v 0.117497 0.192629 -0.0995667
vn -0.278096 -0.436081 -0.85586
v 0.123987 0.170961 -0.0906351
vn -0.278095 -0.436094 -0.855854
v 0.130476 0.149295 -0.0817035
vn -0.27809 -0.436087 -0.855859
v 0.0870268 0.170961 -0.0786257
vn -0.278083 -0.43608 -0.855864
v 0.0435784 0.192629 -0.0755488
vn -0.278087 -0.436082 -0.855862
v 0.0805374 0.192629 -0.0875572
vn -0.278087 -0.436082 -0.855862
v 0.130476 0.127628 -0.0706635
vn -0.295238 -0.295235 -0.908664
v 0.0870268 0.127628 -0.0565467
vn -0.295244 -0.29524 -0.908661
v 0.0870268 0.149295 -0.0675867
vn -0.278083 -0.436079 -0.855865
v 0.0435784 0.127628 -0.0424288
vn -0.295238 -0.295236 -0.908664
v 0.0435784 0.149295 -0.0534688
vn -0.278088 -0.436084 -0.855861
v 0.0435784 0.170961 -0.0645088
vn -0.278088 -0.436084 -0.855861
v 0.000128966 0.10361 -0.0245078
vn -0.00805934 -0.156435 -0.987655
v 0.000128966 0.079592 -0.0207036
vn -0.00805971 -0.156436 -0.987655
v -0.0433195 0.10361 -0.0386246
vn 0.305568 -0.148958 -0.940446
v 0.000128966 0.0555741 -0.0168993
vn -0.0080517 -0.156429 -0.987656
v -0.0433195 0.079592 -0.0348204
vn 0.305572 -0.148944 -0.940447
v 0.000128966 0.0315562 -0.0130951
vn -6.83878e-08 -1.76478e-06 -1
v -0.0433195 0.0555741 -0.0310172
vn 0.305569 -0.148952 -0.940447
v -0.0867689 0.079592 -0.0489383
vn 0.305572 -0.148957 -0.940446
v -0.130217 0.10361 -0.0668604
vn 0.305569 -0.148952 -0.940447
v -0.0867689 0.10361 -0.0527425
vn 0.305576 -0.148951 -0.940445
v -0.0455563 0.0315562 -0.0279393
vn 0.309012 -6.66806e-06 -0.951058
v -0.0912405 0.0315562 -0.0427825
vn 0.309014 -2.63061e-06 -0.951058
v -0.0890047 0.0555741 -0.0458604
vn 0.305564 -0.148965 -0.940447
v -0.136926 0.0315562 -0.0576267
vn 0.30902 -3.06461e-06 -0.951056
v -0.13469 0.0555741 -0.0607046
vn 0.305571 -0.148958 -0.940446
v -0.182611 0.0315562 -0.0724709
vn 0.587788 -1.54307e-07 -0.809015
v -0.180375 0.0555741 -0.0755488
vn 0.574018 -0.156429 -0.803762
v -0.178138 0.079592 -0.0786257
vn 0.574014 -0.156439 -0.803763
v -0.175903 0.10361 -0.0817035
vn 0.574013 -0.156439 -0.803763
v -0.132454 0.079592 -0.0637825
vn 0.305565 -0.148967 -0.940446
v -0.202755 0.10361 -0.118664
vn 0.799988 -0.148972 -0.581228
v -0.204992 0.079592 -0.115586
vn 0.79999 -0.148959 -0.58123
v -0.207228 0.0555741 -0.112509
vn 0.799996 -0.148944 -0.581224
v -0.231845 0.079592 -0.152546
vn 0.799996 -0.148944 -0.581225
v -0.256462 0.10361 -0.192584
vn 0.799994 -0.148957 -0.581224
v -0.229609 0.10361 -0.155624
vn 0.799988 -0.148972 -0.581228
v -0.210846 0.0315562 -0.111333
vn 0.809019 -2.91498e-06 -0.587782
v -0.239081 0.0315562 -0.150195
vn 0.809019 -2.7362e-06 -0.587782
v -0.235463 0.0555741 -0.151371
vn 0.799995 -0.148947 -0.581225
v -0.267315 0.0315562 -0.189057
vn 0.809019 -2.87153e-06 -0.587782
v -0.263697 0.0555741 -0.190233
vn 0.799995 -0.148951 -0.581224
v -0.29555 0.0315562 -0.227919
vn 0.951057 4.9893e-07 -0.309016
v -0.291932 0.0555741 -0.229095
vn 0.936828 -0.156434 -0.312859
v -0.288314 0.079592 -0.230271
vn 0.936831 -0.156425 -0.312856
v -0.284696 0.10361 -0.231446
vn 0.936831 -0.156429 -0.312855
v -0.260079 0.079592 -0.191408
vn 0.799998 -0.148942 -0.581222
v -0.284696 0.10361 -0.277131
vn 0.988844 -0.148953 0
v -0.288314 0.079592 -0.275955
vn 0.988844 -0.148953 0
v -0.291932 0.0555741 -0.274779
vn 0.988844 -0.148953 0
v -0.288314 0.079592 -0.32164
vn 0.988844 -0.148953 0
v -0.284696 0.10361 -0.368501
vn 0.988844 -0.148953 0
v -0.284696 0.10361 -0.322816
vn 0.988844 -0.148953 0
v -0.29555 0.0315562 -0.275955
vn 1 -5.41053e-07 0
v -0.29555 0.0315562 -0.323992
vn 1 -2.7409e-17 0
v -0.291932 0.0555741 -0.322816
vn 0.988844 -0.148953 0
v -0.29555 0.0315562 -0.372028
vn 1 5.57453e-07 0
v -0.291932 0.0555741 -0.370852
vn 0.988844 -0.148953 0
v -0.29555 0.0315562 -0.420064
vn 0.951057 -7.76609e-07 0.309016
v -0.291932 0.0555741 -0.418888
vn 0.941805 -0.156429 0.297545
v -0.288314 0.079592 -0.417713
vn 0.941806 -0.156425 0.297544
v -0.284696 0.10361 -0.416537
vn 0.941805 -0.156433 0.297542
v -0.288314 0.079592 -0.369676
vn 0.988844 -0.148953 0
v -0.257844 0.10361 -0.453497
vn 0.799985 -0.14895 0.581238
v -0.261462 0.079592 -0.454672
vn 0.799987 -0.148946 0.581236
v -0.265079 0.0555741 -0.455848
vn 0.799992 -0.148963 0.581225
v -0.234608 0.079592 -0.491632
vn 0.79999 -0.148968 0.581227
v -0.204137 0.10361 -0.527416
vn 0.799994 -0.148957 0.581224
v -0.23099 0.10361 -0.490456
vn 0.799988 -0.148955 0.581234
v -0.267315 0.0315562 -0.458926
vn 0.809019 2.63008e-06 0.587782
v -0.239081 0.0315562 -0.497788
vn 0.809017 6.80544e-06 0.587786
v -0.236845 0.0555741 -0.49471
vn 0.799992 -0.148971 0.581223
v -0.210846 0.0315562 -0.536649
vn 0.809016 2.84328e-06 0.587787
v -0.20861 0.0555741 -0.533572
vn 0.79999 -0.148959 0.581229
v -0.182611 0.0315562 -0.575511
vn 0.587785 -5.06801e-06 0.809017
v -0.180375 0.0555741 -0.572433
vn 0.587039 -0.156429 0.794301
v -0.178138 0.079592 -0.569356
vn 0.58704 -0.156439 0.794299
v -0.175903 0.10361 -0.566278
vn 0.587043 -0.156432 0.794298
v -0.206373 0.079592 -0.530494
vn 0.799992 -0.148971 0.581223
v -0.132454 0.10361 -0.580395
vn 0.305566 -0.148954 0.940448
v -0.13469 0.079592 -0.583473
vn 0.305571 -0.148958 0.940446
v -0.136926 0.0555741 -0.586551
vn 0.305574 -0.14896 0.940444
v -0.0912405 0.079592 -0.597591
vn 0.305577 -0.14896 0.940443
v -0.0455563 0.10361 -0.608631
vn 0.305578 -0.148965 0.940442
v -0.0890047 0.10361 -0.594513
vn 0.305577 -0.148966 0.940442
v -0.136926 0.0315562 -0.590355
vn 0.30902 2.76925e-06 0.951056
v -0.0912405 0.0315562 -0.605199
vn 0.309017 1.00143e-05 0.951057
v -0.0912405 0.0555741 -0.601395
vn 0.305576 -0.148958 0.940444
v -0.0455563 0.0315562 -0.620042
vn 0.30901 2.20456e-05 0.951059
v -0.0455563 0.0555741 -0.616239
vn 0.305565 -0.148946 0.94045
v 0.000128966 0.0315562 -0.634887
vn 6.83889e-08 1.76482e-06 1
v 0.000128966 0.0555741 -0.631083
vn 0.00804397 -0.156421 0.987658
v 0.000128966 0.079592 -0.627278
vn 0.00804495 -0.156424 0.987657
v 0.000128966 0.10361 -0.623475
vn 0.008044 -0.156421 0.987658
v -0.0455563 0.079592 -0.612435
vn 0.30557 -0.148951 0.940447
v 0.0435784 0.10361 -0.609357
vn -0.305576 -0.148951 0.940445
v 0.0435784 0.079592 -0.613161
vn -0.305573 -0.148945 0.940447
v 0.0435784 0.0555741 -0.616965
vn -0.305573 -0.148946 0.940447
v 0.0870268 0.079592 -0.599044
vn -0.305574 -0.148954 0.940445
v 0.130476 0.10361 -0.581121
vn -0.305571 -0.148947 0.940447
v 0.0870268 0.10361 -0.595239
vn -0.305576 -0.148951 0.940445
v 0.0458142 0.0315562 -0.620042
vn -0.309009 -1.93741e-05 0.951059
v 0.0914995 0.0315562 -0.605199
vn -0.309016 -1.42044e-05 0.951057
v 0.0892626 0.0555741 -0.602121
vn -0.305564 -0.148968 0.940446
v 0.137184 0.0315562 -0.590355
vn -0.309023 -3.66917e-06 0.951054
v 0.134948 0.0555741 -0.587277
vn -0.30557 -0.148959 0.940446
v 0.182869 0.0315562 -0.575511
vn -0.587785 5.22292e-06 0.809017
v 0.180633 0.0555741 -0.572433
vn -0.574015 -0.156425 0.803765
v 0.178397 0.079592 -0.569356
vn -0.574012 -0.156433 0.803765
v 0.176161 0.10361 -0.566278
vn -0.57401 -0.15645 0.803763
v 0.132712 0.079592 -0.584199
vn -0.305564 -0.148965 0.940447
v 0.203014 0.10361 -0.529318
vn -0.799988 -0.148971 0.581228
v 0.20525 0.079592 -0.532396
vn -0.799995 -0.14895 0.581225
v 0.207486 0.0555741 -0.535474
vn -0.799993 -0.148948 0.581228
v 0.232103 0.079592 -0.495436
vn -0.799994 -0.148953 0.581226
v 0.256719 0.10361 -0.455399
vn -0.799993 -0.148948 0.581228
v 0.229867 0.10361 -0.492358
vn -0.799991 -0.148955 0.581228
v 0.211104 0.0315562 -0.536649
vn -0.809016 -2.14908e-06 0.587787
v 0.239338 0.0315562 -0.497788
vn -0.809017 -7.30158e-06 0.587786
v 0.235721 0.0555741 -0.496612
vn -0.799993 -0.148954 0.581226
v 0.267573 0.0315562 -0.458926
vn -0.809019 -3.25017e-06 0.587782
v 0.263955 0.0555741 -0.45775
vn -0.799992 -0.148956 0.581227
v 0.295808 0.0315562 -0.420064
vn -0.951057 8.87258e-07 0.309016
v 0.29219 0.0555741 -0.418888
vn -0.936829 -0.15643 0.312859
v 0.288572 0.079592 -0.417713
vn -0.936829 -0.156429 0.312859
v 0.284954 0.10361 -0.416537
vn -0.93683 -0.156428 0.312857
v 0.260337 0.079592 -0.456574
vn -0.799992 -0.14895 0.581228
v 0.284954 0.10361 -0.370852
vn -0.988844 -0.148952 0
v 0.288572 0.079592 -0.372028
vn -0.988844 -0.148953 0
v 0.29219 0.0555741 -0.373204
vn -0.988844 -0.148953 0
v 0.288572 0.079592 -0.326342
vn -0.988844 -0.148953 0
v 0.284954 0.10361 -0.279482
vn -0.988844 -0.148952 0
v 0.284954 0.10361 -0.325167
vn -0.988844 -0.148952 0
v 0.295808 0.0315562 -0.372028
vn -1 -5.57451e-07 0
v 0.295808 0.0315562 -0.323992
vn -1 3.13246e-17 0
v 0.29219 0.0555741 -0.325167
vn -0.988844 -0.148953 0
v 0.295808 0.0315562 -0.275955
vn -1 5.41051e-07 0
v 0.29219 0.0555741 -0.277131
vn -0.988844 -0.148953 0
v 0.295808 0.0315562 -0.227919
vn -0.951057 -6.0958e-07 -0.309016
v 0.29219 0.0555741 -0.229095
vn -0.941806 -0.156429 -0.297542
v 0.288572 0.079592 -0.230271
vn -0.941806 -0.15643 -0.297541
v 0.284954 0.10361 -0.231446
vn -0.941806 -0.156428 -0.297542
v 0.288572 0.079592 -0.278307
vn -0.988844 -0.148953 0
v 0.258102 0.10361 -0.194486
vn -0.799997 -0.148956 -0.58122
v 0.26172 0.079592 -0.19331
vn -0.799999 -0.148952 -0.581219
v 0.265337 0.0555741 -0.192135
vn -0.799996 -0.148944 -0.581225
v 0.234867 0.079592 -0.15635
vn -0.799993 -0.14895 -0.581227
v 0.204395 0.10361 -0.120566
vn -0.79999 -0.148968 -0.581227
v 0.231249 0.10361 -0.157526
vn -0.79999 -0.14896 -0.581229
v 0.267573 0.0315562 -0.189057
vn -0.809019 3.49162e-06 -0.587782
v 0.239338 0.0315562 -0.150195
vn -0.809019 3.23234e-06 -0.587782
v 0.237103 0.0555741 -0.153273
vn -0.799995 -0.148941 -0.581226
v 0.211104 0.0315562 -0.111333
vn -0.80902 2.22078e-06 -0.587782
v 0.208868 0.0555741 -0.114411
vn -0.799995 -0.148941 -0.581226
v 0.182869 0.0315562 -0.0724709
vn -0.587788 -6.05417e-10 -0.809015
v 0.180633 0.0555741 -0.0755488
vn -0.587043 -0.156426 -0.794299
v 0.178397 0.079592 -0.0786257
vn -0.587039 -0.156428 -0.794302
v 0.176161 0.10361 -0.0817035
vn -0.587044 -0.156444 -0.794295
v 0.206632 0.079592 -0.117488
vn -0.799993 -0.148958 -0.581225
v 0.132712 0.10361 -0.0675867
vn -0.305564 -0.148951 -0.940449
v 0.134948 0.079592 -0.0645088
vn -0.305571 -0.148959 -0.940446
v 0.137184 0.0555741 -0.0614309
vn -0.305577 -0.148961 -0.940443
v 0.0914995 0.079592 -0.0503909
vn -0.305568 -0.148965 -0.940445
v 0.0458142 0.10361 -0.039352
vn -0.305563 -0.148949 -0.94045
v 0.0892626 0.10361 -0.0534688
vn -0.305573 -0.148961 -0.940445
v 0.137184 0.0315562 -0.0576267
vn -0.309023 3.96453e-06 -0.951055
v 0.0914995 0.0315562 -0.0427825
vn -0.309013 6.82056e-06 -0.951058
v 0.0914995 0.0555741 -0.0465867
vn -0.305566 -0.148958 -0.940447
v 0.0458142 0.0315562 -0.0279393
vn -0.309011 3.99646e-06 -0.951058
v 0.0458142 0.0555741 -0.0317435
vn -0.305563 -0.148959 -0.940448
v 0.0458142 0.079592 -0.0355477
vn -0.305563 -0.148959 -0.940448
v 0.000128966 0.00753826 -0.0168993
vn 0.00805175 0.156429 -0.987656
v 0.000128966 -0.0164796 -0.0207036
vn 0.00805948 0.156436 -0.987655
v -0.0455563 0.00753826 -0.0317435
vn 0.305566 0.148958 -0.940447
v 0.000128966 -0.0404975 -0.0245078
vn 0.00805939 0.156435 -0.987655
v -0.0455563 -0.0164796 -0.0355477
vn 0.305566 0.148958 -0.940447
v 0.000128966 -0.0645154 -0.0283119
vn 0.0156387 0.30385 -0.952592
v -0.0455563 -0.0404975 -0.039352
vn 0.305565 0.148951 -0.940449
v -0.0912405 -0.0164796 -0.0503909
vn 0.305567 0.14896 -0.940446
v -0.136926 0.00753826 -0.0614309
vn 0.305574 0.148961 -0.940444
v -0.0912405 0.00753826 -0.0465867
vn 0.305566 0.148958 -0.940447
v -0.0433195 -0.0645154 -0.0424288
vn 0.295239 0.295239 -0.908663
v -0.0867689 -0.0645154 -0.0565467
vn 0.295243 0.295243 -0.90866
v -0.0890047 -0.0404975 -0.0534688
vn 0.305571 0.148958 -0.940446
v -0.130217 -0.0645154 -0.0706635
vn 0.295239 0.295239 -0.908663
v -0.132454 -0.0404975 -0.0675867
vn 0.305566 0.148954 -0.940448
v -0.173667 -0.0645154 -0.0847814
vn 0.572571 0.303857 -0.761468
v -0.175903 -0.0404975 -0.0817035
vn 0.587044 0.156431 -0.794298
v -0.178138 -0.0164796 -0.0786257
vn 0.587042 0.156435 -0.794298
v -0.180375 0.00753826 -0.0755488
vn 0.587044 0.156434 -0.794297
v -0.13469 -0.0164796 -0.0645088
vn 0.305571 0.148958 -0.940446
v -0.20861 0.00753826 -0.114411
vn 0.799993 0.148959 -0.581224
v -0.206373 -0.0164796 -0.117488
vn 0.799993 0.148959 -0.581224
v -0.204137 -0.0404975 -0.120566
vn 0.799995 0.148957 -0.581223
v -0.234608 -0.0164796 -0.15635
vn 0.799991 0.148955 -0.581229
v -0.265079 0.00753826 -0.192135
vn 0.799993 0.14895 -0.581227
v -0.236845 0.00753826 -0.153273
vn 0.799993 0.148959 -0.581224
v -0.200519 -0.0645154 -0.121741
vn 0.772955 0.295241 -0.561581
v -0.227372 -0.0645154 -0.158701
vn 0.772954 0.295234 -0.561587
v -0.23099 -0.0404975 -0.157526
vn 0.79999 0.148959 -0.58123
v -0.254226 -0.0645154 -0.195661
vn 0.772953 0.295245 -0.561582
v -0.257844 -0.0404975 -0.194486
vn 0.799991 0.148955 -0.581228
v -0.281078 -0.0645154 -0.232621
vn 0.910802 0.303845 -0.279495
v -0.284696 -0.0404975 -0.231446
vn 0.941806 0.156429 -0.297541
v -0.288314 -0.0164796 -0.230271
vn 0.941806 0.15643 -0.297541
v -0.291932 0.00753826 -0.229095
vn 0.941806 0.156429 -0.297543
v -0.261462 -0.0164796 -0.19331
vn 0.799993 0.148951 -0.581227
v -0.291932 0.00753826 -0.277131
vn 0.988844 0.148953 0
v -0.288314 -0.0164796 -0.278307
vn 0.988844 0.148953 0
v -0.284696 -0.0404975 -0.279482
vn 0.988844 0.148953 0
v -0.288314 -0.0164796 -0.326342
vn 0.988844 0.148953 0
v -0.291932 0.00753826 -0.373204
vn 0.988844 0.148953 0
v -0.291932 0.00753826 -0.325167
vn 0.988844 0.148953 0
v -0.281078 -0.0645154 -0.278307
vn 0.955426 0.295229 0
v -0.281078 -0.0645154 -0.323992
vn 0.955427 0.295229 0
v -0.284696 -0.0404975 -0.325167
vn 0.988844 0.148953 0
v -0.281078 -0.0645154 -0.369676
vn 0.955427 0.295228 0
v -0.284696 -0.0404975 -0.370852
vn 0.988844 0.148953 0
v -0.281078 -0.0645154 -0.415361
vn 0.901141 0.30384 0.309235
v -0.284696 -0.0404975 -0.416537
vn 0.93683 0.156429 0.312857
v -0.288314 -0.0164796 -0.417713
vn 0.93683 0.156429 0.312858
v -0.291932 0.00753826 -0.418888
vn 0.936829 0.15643 0.312859
v -0.288314 -0.0164796 -0.372028
vn 0.988844 0.148953 0
v -0.263697 0.00753826 -0.45775
vn 0.799993 0.148955 0.581226
v -0.260079 -0.0164796 -0.456574
vn 0.799992 0.148951 0.581228
v -0.256462 -0.0404975 -0.455399
vn 0.799993 0.148948 0.581228
v -0.231845 -0.0164796 -0.495436
vn 0.799994 0.148952 0.581226
v -0.207228 0.00753826 -0.535474
vn 0.799993 0.148948 0.581228
v -0.235463 0.00753826 -0.496612
vn 0.799993 0.148955 0.581226
v -0.254226 -0.0645154 -0.452321
vn 0.772946 0.295249 0.561589
v -0.227372 -0.0645154 -0.48928
vn 0.772946 0.295248 0.561589
v -0.229609 -0.0404975 -0.492358
vn 0.799984 0.148972 0.581234
v -0.200519 -0.0645154 -0.52624
vn 0.772959 0.295233 0.56158
v -0.202755 -0.0404975 -0.529318
vn 0.799988 0.148972 0.581229
v -0.173667 -0.0645154 -0.5632
vn 0.547269 0.303847 0.779855
v -0.175903 -0.0404975 -0.566278
vn 0.574013 0.156439 0.803764
v -0.178138 -0.0164796 -0.569356
vn 0.574014 0.156439 0.803763
v -0.180375 0.00753826 -0.572433
vn 0.574012 0.156433 0.803765
v -0.204992 -0.0164796 -0.532396
vn 0.799987 0.148968 0.581231
v -0.13469 0.00753826 -0.587277
vn 0.30557 0.148959 0.940446
v -0.132454 -0.0164796 -0.584199
vn 0.305564 0.148967 0.940446
v -0.130217 -0.0404975 -0.581121
vn 0.30557 0.148952 0.940447
v -0.0867689 -0.0164796 -0.599044
vn 0.305572 0.148956 0.940446
v -0.0433195 0.00753826 -0.616965
vn 0.305571 0.14895 0.940447
v -0.0890047 0.00753826 -0.602121
vn 0.305564 0.148965 0.940447
v -0.130217 -0.0645154 -0.577318
vn 0.295246 0.295231 0.908663
v -0.0867689 -0.0645154 -0.591435
vn 0.295244 0.295233 0.908663
v -0.0867689 -0.0404975 -0.595239
vn 0.305576 0.148951 0.940445
v -0.0433195 -0.0645154 -0.605553
vn 0.295254 0.295225 0.908663
v -0.0433195 -0.0404975 -0.609357
vn 0.305576 0.148951 0.940445
v 0.000128966 -0.0645154 -0.619671
vn -0.0156387 0.303847 0.952592
v 0.000128966 -0.0404975 -0.623475
vn -0.00804423 0.156421 0.987658
v 0.000128966 -0.0164796 -0.627278
vn -0.0080449 0.156424 0.987657
v 0.000128966 0.00753826 -0.631083
vn -0.00804421 0.156421 0.987658
v -0.0433195 -0.0164796 -0.613161
vn 0.305573 0.148946 0.940447
v 0.0458142 0.00753826 -0.616239
vn -0.305561 0.148946 0.940451
v 0.0458142 -0.0164796 -0.612435
vn -0.305566 0.148951 0.940448
v 0.0458142 -0.0404975 -0.608631
vn -0.305576 0.148963 0.940443
v 0.0914995 -0.0164796 -0.597591
vn -0.305578 0.148965 0.940442
v 0.137184 0.00753826 -0.586551
vn -0.305577 0.148961 0.940443
v 0.0914995 0.00753826 -0.601395
vn -0.305576 0.148958 0.940444
v 0.0435784 -0.0645154 -0.605553
vn -0.29525 0.295248 0.908656
v 0.0870268 -0.0645154 -0.591435
vn -0.295244 0.29524 0.908661
v 0.0892626 -0.0404975 -0.594513
vn -0.30558 0.148968 0.940441
v 0.130476 -0.0645154 -0.577318
vn -0.295238 0.295235 0.908664
v 0.132712 -0.0404975 -0.580395
vn -0.305564 0.148951 0.940449
v 0.173925 -0.0645154 -0.5632
vn -0.572577 0.303856 0.761464
v 0.176161 -0.0404975 -0.566278
vn -0.587044 0.156444 0.794295
v 0.178397 -0.0164796 -0.569356
vn -0.587036 0.156433 0.794303
v 0.180633 0.00753826 -0.572433
vn -0.587039 0.156421 0.794304
v 0.134948 -0.0164796 -0.583473
vn -0.305571 0.148959 0.940446
v 0.208868 0.00753826 -0.533572
vn -0.799992 0.148941 0.581231
v 0.206632 -0.0164796 -0.530494
vn -0.799992 0.148971 0.581224
v 0.204395 -0.0404975 -0.527416
vn -0.799989 0.148968 0.581227
v 0.234867 -0.0164796 -0.491632
vn -0.799992 0.148962 0.581225
v 0.265337 0.00753826 -0.455848
vn -0.799994 0.148957 0.581223
v 0.237103 0.00753826 -0.49471
vn -0.799994 0.148954 0.581225
v 0.200777 -0.0645154 -0.52624
vn -0.772951 0.295233 0.561591
v 0.227631 -0.0645154 -0.48928
vn -0.772952 0.295234 0.561589
v 0.231249 -0.0404975 -0.490456
vn -0.799988 0.148955 0.581233
v 0.254484 -0.0645154 -0.452321
vn -0.772953 0.295246 0.561581
v 0.258102 -0.0404975 -0.453497
vn -0.799991 0.148951 0.58123
v 0.281336 -0.0645154 -0.415361
vn -0.910802 0.303846 0.279497
v 0.284954 -0.0404975 -0.416537
vn -0.941805 0.156433 0.297542
v 0.288572 -0.0164796 -0.417713
vn -0.941806 0.156426 0.297544
v 0.29219 0.00753826 -0.418888
vn -0.941805 0.156429 0.297545
v 0.26172 -0.0164796 -0.454672
vn -0.799993 0.148947 0.581228
v 0.29219 0.00753826 -0.370852
vn -0.988844 0.148953 0
v 0.288572 -0.0164796 -0.369676
vn -0.988844 0.148953 0
v 0.284954 -0.0404975 -0.368501
vn -0.988844 0.148952 0
v 0.288572 -0.0164796 -0.32164
vn -0.988844 0.148953 0
v 0.29219 0.00753826 -0.274779
vn -0.988844 0.148953 0
v 0.29219 0.00753826 -0.322816
vn -0.988844 0.148953 0
v 0.281336 -0.0645154 -0.369676
vn -0.955427 0.295229 0
v 0.281336 -0.0645154 -0.323992
vn -0.955427 0.295228 0
v 0.284954 -0.0404975 -0.322816
vn -0.988844 0.148952 0
v 0.281336 -0.0645154 -0.278307
vn -0.955427 0.295229 0
v 0.284954 -0.0404975 -0.277131
vn -0.988844 0.148952 0
v 0.281336 -0.0645154 -0.232621
vn -0.901141 0.30384 -0.309235
v 0.284954 -0.0404975 -0.231446
vn -0.936831 0.156428 -0.312855
v 0.288572 -0.0164796 -0.230271
vn -0.936831 0.156425 -0.312856
v 0.29219 0.00753826 -0.229095
vn -0.936828 0.156434 -0.31286
v 0.288572 -0.0164796 -0.275955
vn -0.988844 0.148953 0
v 0.263955 0.00753826 -0.190233
vn -0.799995 0.148951 -0.581224
v 0.260337 -0.0164796 -0.191408
vn -0.799998 0.148942 -0.581222
v 0.256719 -0.0404975 -0.192584
vn -0.799994 0.148957 -0.581224
v 0.232103 -0.0164796 -0.152546
vn -0.799996 0.148944 -0.581225
v 0.207486 0.00753826 -0.112509
vn -0.799996 0.148944 -0.581224
v 0.235721 0.00753826 -0.151371
vn -0.799995 0.148946 -0.581225
v 0.254484 -0.0645154 -0.195661
vn -0.772954 0.295244 -0.56158
v 0.227631 -0.0645154 -0.158701
vn -0.772951 0.295254 -0.561581
v 0.229867 -0.0404975 -0.155624
vn -0.799995 0.148955 -0.581223
v 0.200777 -0.0645154 -0.121741
vn -0.77295 0.295248 -0.561584
v 0.203014 -0.0404975 -0.118664
vn -0.799988 0.148971 -0.581228
v 0.173925 -0.0645154 -0.0847814
vn -0.547274 0.303848 -0.779851
v 0.176161 -0.0404975 -0.0817035
vn -0.57401 0.15645 -0.803763
v 0.178397 -0.0164796 -0.0786257
vn -0.574013 0.156433 -0.803765
v 0.180633 0.00753826 -0.0755488
vn -0.57402 0.156421 -0.803762
v 0.20525 -0.0164796 -0.115586
vn -0.799997 0.148942 -0.581224
v 0.134948 0.00753826 -0.0607046
vn -0.305571 0.148959 -0.940446
v 0.132712 -0.0164796 -0.0637825
vn -0.305564 0.148965 -0.940447
v 0.130476 -0.0404975 -0.0668604
vn -0.305571 0.148947 -0.940447
v 0.0870268 -0.0164796 -0.0489383
vn -0.305574 0.148954 -0.940445
v 0.0435784 0.00753826 -0.0310172
vn -0.305571 0.148948 -0.940447
v 0.0892626 0.00753826 -0.0458604
vn -0.305565 0.148967 -0.940446
v 0.130476 -0.0645154 -0.0706635
vn -0.295245 0.295235 -0.908662
v 0.0870268 -0.0645154 -0.0565467
vn -0.295241 0.295247 -0.90866
v 0.0870268 -0.0404975 -0.0527425
vn -0.305575 0.148951 -0.940445
v 0.0435784 -0.0645154 -0.0424288
vn -0.29524 0.295246 -0.90866
v 0.0435784 -0.0404975 -0.0386246
vn -0.305568 0.148958 -0.940446
v 0.0435784 -0.0164796 -0.0348204
vn -0.305573 0.148944 -0.940447
v 0.000128966 -0.0861828 -0.039352
vn 0.0233559 0.453862 -0.890766
v 0.000128966 -0.107849 -0.0503909
vn 0.023351 0.453862 -0.890766
v -0.0433195 -0.0861828 -0.0534688
vn 0.278088 0.436084 -0.855861
v 0.000128966 -0.129516 -0.0614309
vn 0.023357 0.453864 -0.890765
v -0.0433195 -0.107849 -0.0645088
vn 0.278088 0.436084 -0.855861
v 0.000128966 -0.151184 -0.0724709
vn 0.0297344 0.577736 -0.815682
v -0.0433195 -0.129516 -0.0755488
vn 0.278086 0.436079 -0.855864
v -0.0867689 -0.107849 -0.0786257
vn 0.278082 0.436079 -0.855866
v -0.130217 -0.0861828 -0.0817035
vn 0.278089 0.436083 -0.855861
v -0.0867689 -0.0861828 -0.0675867
vn 0.278083 0.436079 -0.855865
v -0.036831 -0.151184 -0.0844804
vn 0.254228 0.568467 -0.78244
v -0.0737911 -0.151184 -0.0964888
vn 0.25423 0.568477 -0.782433
v -0.0802795 -0.129516 -0.0875572
vn 0.278085 0.436079 -0.855864
v -0.110751 -0.151184 -0.108498
vn 0.254236 0.568481 -0.782428
v -0.117239 -0.129516 -0.0995667
vn 0.278096 0.436081 -0.85586
v -0.147711 -0.151184 -0.120508
vn 0.5035 0.577745 -0.642416
v -0.154199 -0.129516 -0.111576
vn 0.542478 0.453858 -0.706916
v -0.160689 -0.107849 -0.102645
vn 0.542473 0.453873 -0.70691
v -0.167177 -0.0861828 -0.093713
vn 0.542477 0.453866 -0.706912
v -0.123729 -0.107849 -0.0906351
vn 0.278095 0.43609 -0.855856
v -0.194031 -0.0861828 -0.130673
vn 0.728041 0.43608 -0.528952
v -0.187542 -0.107849 -0.139605
vn 0.728039 0.436089 -0.528947
v -0.181053 -0.129516 -0.148536
vn 0.728044 0.436071 -0.528955
v -0.214394 -0.107849 -0.176565
vn 0.728041 0.43608 -0.528952
v -0.247736 -0.0861828 -0.204593
vn 0.728038 0.436085 -0.528953
v -0.220884 -0.0861828 -0.167633
vn 0.728039 0.436089 -0.528947
v -0.170553 -0.151184 -0.151948
vn 0.665577 0.568475 -0.483573
v -0.193396 -0.151184 -0.183388
vn 0.665584 0.568464 -0.483576
v -0.203895 -0.129516 -0.179976
vn 0.728044 0.436071 -0.528955
v -0.216238 -0.151184 -0.214828
vn 0.665584 0.568469 -0.483571
v -0.226737 -0.129516 -0.211416
vn 0.728045 0.436072 -0.528954
v -0.239081 -0.151184 -0.246268
vn 0.784942 0.577747 -0.223775
v -0.249581 -0.129516 -0.242856
vn 0.85439 0.453853 -0.253052
v -0.260079 -0.107849 -0.239445
vn 0.854381 0.453873 -0.253047
v -0.270579 -0.0861828 -0.236033
vn 0.854387 0.453862 -0.253048
v -0.237237 -0.107849 -0.208005
vn 0.728038 0.436085 -0.528953
v -0.270579 -0.0861828 -0.281718
vn 0.899906 0.436083 0
v -0.260079 -0.107849 -0.28513
vn 0.899907 0.436083 0
v -0.249581 -0.129516 -0.288541
vn 0.899911 0.436074 0
v -0.260079 -0.107849 -0.330814
vn 0.899906 0.436084 0
v -0.270579 -0.0861828 -0.373088
vn 0.899907 0.436082 0
v -0.270579 -0.0861828 -0.327404
vn 0.899906 0.436083 0
v -0.239081 -0.151184 -0.28513
vn 0.822696 0.568482 0
v -0.239081 -0.151184 -0.323991
vn 0.822696 0.568482 0
v -0.249581 -0.129516 -0.327402
vn 0.899911 0.436074 0
v -0.239081 -0.151184 -0.362853
vn 0.822696 0.568482 0
v -0.249581 -0.129516 -0.366265
vn 0.899911 0.436074 0
v -0.239081 -0.151184 -0.401715
vn 0.766567 0.577743 0.280336
v -0.249581 -0.129516 -0.405127
vn 0.839949 0.453864 0.297478
v -0.260079 -0.107849 -0.408538
vn 0.839952 0.453862 0.297473
v -0.270579 -0.0861828 -0.41195
vn 0.839944 0.453873 0.297479
v -0.260079 -0.107849 -0.369676
vn 0.899907 0.436083 0
v -0.243726 -0.0861828 -0.44891
vn 0.728034 0.436084 0.528958
v -0.233227 -0.107849 -0.445498
vn 0.728034 0.436084 0.528958
v -0.222727 -0.129516 -0.442087
vn 0.728041 0.436073 0.528958
v -0.206373 -0.107849 -0.482457
vn 0.728037 0.436083 0.528955
v -0.190021 -0.0861828 -0.522829
vn 0.728037 0.436089 0.52895
v -0.216873 -0.0861828 -0.485869
vn 0.728039 0.43608 0.528955
v -0.216238 -0.151184 -0.433155
vn 0.665586 0.56847 0.483568
v -0.193396 -0.151184 -0.464595
vn 0.66558 0.568474 0.483571
v -0.199885 -0.129516 -0.473527
vn 0.728057 0.43605 0.528955
v -0.170553 -0.151184 -0.496035
vn 0.665574 0.568477 0.483574
v -0.177043 -0.129516 -0.504967
vn 0.728045 0.436069 0.528956
v -0.147711 -0.151184 -0.527475
vn 0.455399 0.577735 0.677372
v -0.154199 -0.129516 -0.536407
vn 0.504685 0.453856 0.734376
v -0.160689 -0.107849 -0.545338
vn 0.504689 0.453856 0.734373
v -0.167177 -0.0861828 -0.554269
vn 0.504687 0.453861 0.734371
v -0.183531 -0.107849 -0.513897
vn 0.728052 0.436065 0.52895
v -0.123729 -0.0861828 -0.568387
vn 0.278089 0.436077 0.855864
v -0.117239 -0.107849 -0.559455
vn 0.278089 0.436077 0.855864
v -0.110751 -0.129516 -0.550525
vn 0.278093 0.436066 0.855868
v -0.0737911 -0.107849 -0.573573
vn 0.278094 0.436081 0.855861
v -0.036831 -0.0861828 -0.596622
vn 0.278091 0.436075 0.855864
v -0.0802795 -0.0861828 -0.582505
vn 0.278096 0.436073 0.855864
v -0.110751 -0.151184 -0.539485
vn 0.254223 0.568477 0.782435
v -0.0737911 -0.151184 -0.551493
vn 0.254231 0.568473 0.782436
v -0.0737911 -0.129516 -0.562533
vn 0.278085 0.436081 0.855863
v -0.036831 -0.151184 -0.563502
vn 0.254223 0.568477 0.782435
v -0.036831 -0.129516 -0.574542
vn 0.278085 0.436081 0.855863
v 0.000128966 -0.151184 -0.575511
vn -0.0297344 0.577734 0.815683
v 0.000128966 -0.129516 -0.586551
vn -0.0233684 0.453864 0.890765
v 0.000128966 -0.107849 -0.597591
vn -0.023366 0.453873 0.89076
v 0.000128966 -0.0861828 -0.608631
vn -0.0233706 0.453872 0.89076
v -0.036831 -0.107849 -0.585582
vn 0.278084 0.43609 0.855859
v 0.0435784 -0.0861828 -0.594513
vn -0.278094 0.436088 0.855857
v 0.0435784 -0.107849 -0.583473
vn -0.278089 0.436084 0.855861
v 0.0435784 -0.129516 -0.572433
vn -0.278085 0.436072 0.855868
v 0.0870268 -0.107849 -0.569356
vn -0.278084 0.436081 0.855864
v 0.130476 -0.0861828 -0.566278
vn -0.27809 0.436086 0.855859
v 0.0870268 -0.0861828 -0.580395
vn -0.278083 0.436079 0.855865
v 0.037089 -0.151184 -0.563502
vn -0.254229 0.568471 0.782438
v 0.074049 -0.151184 -0.551493
vn -0.254229 0.568467 0.78244
v 0.0805374 -0.129516 -0.560425
vn -0.278092 0.436076 0.855863
v 0.111009 -0.151184 -0.539485
vn -0.254228 0.568467 0.782441
v 0.117497 -0.129516 -0.548415
vn -0.278083 0.436068 0.855871
v 0.147969 -0.151184 -0.527475
vn -0.503501 0.577738 0.642422
v 0.154457 -0.129516 -0.536407
vn -0.542475 0.453852 0.706923
v 0.160947 -0.107849 -0.545338
vn -0.542466 0.453865 0.706921
v 0.167435 -0.0861828 -0.554269
vn -0.542477 0.453855 0.706919
v 0.123987 -0.107849 -0.557347
vn -0.278089 0.436087 0.855859
v 0.194289 -0.0861828 -0.51731
vn -0.72804 0.436071 0.52896
v 0.187799 -0.107849 -0.508378
vn -0.728039 0.436089 0.528947
v 0.181311 -0.129516 -0.499447
vn -0.728045 0.436071 0.528955
v 0.214652 -0.107849 -0.471418
vn -0.728041 0.43608 0.528952
v 0.247994 -0.0861828 -0.44339
vn -0.728038 0.436084 0.528953
v 0.221142 -0.0861828 -0.48035
vn -0.728039 0.436091 0.528946
v 0.170811 -0.151184 -0.496035
vn -0.665581 0.568478 0.483565
v 0.193653 -0.151184 -0.464595
vn -0.66558 0.568473 0.483572
v 0.204153 -0.129516 -0.468007
vn -0.728043 0.436081 0.528949
v 0.216496 -0.151184 -0.433155
vn -0.665582 0.568471 0.483572
v 0.226995 -0.129516 -0.436567
vn -0.728043 0.436082 0.528949
v 0.239338 -0.151184 -0.401715
vn -0.784951 0.577733 0.223778
v 0.249837 -0.129516 -0.405127
vn -0.854389 0.45386 0.253043
v 0.260337 -0.107849 -0.408538
vn -0.854376 0.453884 0.253042
v 0.270837 -0.0861828 -0.41195
vn -0.854387 0.453862 0.253048
v 0.237495 -0.107849 -0.439978
vn -0.728037 0.436085 0.528953
v 0.270837 -0.0861828 -0.366265
vn -0.899906 0.436083 0
v 0.260337 -0.107849 -0.362853
vn -0.899898 0.436101 0
v 0.249837 -0.129516 -0.359441
vn -0.89991 0.436075 0
v 0.260337 -0.107849 -0.317168
vn -0.899897 0.436102 0
v 0.270837 -0.0861828 -0.274895
vn -0.899907 0.436083 0
v 0.270837 -0.0861828 -0.32058
vn -0.899906 0.436083 0
v 0.239338 -0.151184 -0.362853
vn -0.822707 0.568466 0
v 0.239338 -0.151184 -0.323991
vn -0.822707 0.568466 0
v 0.249837 -0.129516 -0.320579
vn -0.89991 0.436075 0
v 0.239338 -0.151184 -0.28513
vn -0.822707 0.568466 0
v 0.249837 -0.129516 -0.281718
vn -0.89991 0.436075 0
v 0.239338 -0.151184 -0.246268
vn -0.766575 0.577733 -0.280334
v 0.249837 -0.129516 -0.242856
vn -0.839954 0.453858 -0.297472
v 0.260337 -0.107849 -0.239445
vn -0.839944 0.453879 -0.29747
v 0.270837 -0.0861828 -0.236033
vn -0.839944 0.453873 -0.297479
v 0.260337 -0.107849 -0.278307
vn -0.899898 0.436101 0
v 0.243984 -0.0861828 -0.199073
vn -0.728037 0.43609 -0.528949
v 0.233485 -0.107849 -0.202485
vn -0.728038 0.43609 -0.528949
v 0.222985 -0.129516 -0.205896
vn -0.728046 0.436072 -0.528952
v 0.206631 -0.107849 -0.165525
vn -0.728037 0.43609 -0.528949
v 0.190278 -0.0861828 -0.125153
vn -0.728037 0.43609 -0.52895
v 0.217131 -0.0861828 -0.162113
vn -0.728037 0.43609 -0.528949
v 0.216496 -0.151184 -0.214828
vn -0.66558 0.568473 -0.483571
v 0.193653 -0.151184 -0.183388
vn -0.66558 0.568474 -0.483571
v 0.200143 -0.129516 -0.174456
vn -0.728047 0.436071 -0.528952
v 0.170811 -0.151184 -0.151948
vn -0.66558 0.568474 -0.483571
v 0.177301 -0.129516 -0.143016
vn -0.728041 0.436081 -0.528952
v 0.147969 -0.151184 -0.120508
vn -0.455394 0.577737 -0.677375
v 0.154457 -0.129516 -0.111576
vn -0.504678 0.453863 -0.734377
v 0.160947 -0.107849 -0.102645
vn -0.504679 0.453875 -0.734368
v 0.167435 -0.0861828 -0.093713
vn -0.504683 0.453873 -0.734367
v 0.183789 -0.107849 -0.134085
vn -0.728043 0.436079 -0.52895
v 0.123987 -0.0861828 -0.0795951
vn -0.278079 0.436102 -0.855855
v 0.117497 -0.107849 -0.0885277
vn -0.27808 0.436099 -0.855856
v 0.111009 -0.129516 -0.0974593
vn -0.278093 0.436066 -0.855868
v 0.074049 -0.107849 -0.0744098
vn -0.278096 0.436087 -0.855857
v 0.037089 -0.0861828 -0.0513604
vn -0.278084 0.43609 -0.855859
v 0.0805374 -0.0861828 -0.0654782
vn -0.278088 0.436096 -0.855855
v 0.111009 -0.151184 -0.108498
vn -0.254239 0.568468 -0.782436
v 0.074049 -0.151184 -0.0964888
vn -0.25423 0.568474 -0.782435
v 0.074049 -0.129516 -0.0854498
vn -0.278099 0.436062 -0.855868
v 0.037089 -0.151184 -0.0844804
vn -0.254231 0.568473 -0.782435
v 0.037089 -0.129516 -0.0734404
vn -0.278093 0.436075 -0.855864
v 0.037089 -0.107849 -0.0624004
vn -0.278092 0.436083 -0.85586
v 0.000128966 -0.168379 -0.0896656
vn 0.0363685 0.706639 -0.706639
v 0.000128966 -0.185573 -0.10686
vn 0.0363662 0.706639 -0.706639
v -0.036831 -0.168379 -0.101675
vn 0.223923 0.689155 -0.689148
v 0.000128966 -0.202769 -0.124056
vn 0.0363627 0.706635 -0.706643
v -0.036831 -0.185573 -0.11887
vn 0.223926 0.689143 -0.689158
v 0.000128966 -0.219964 -0.141251
vn 0.0408977 0.794732 -0.605581
v -0.036831 -0.202769 -0.136065
vn 0.223921 0.689146 -0.689157
v -0.0737911 -0.185573 -0.130879
vn 0.22393 0.68914 -0.68916
v -0.110751 -0.168379 -0.125694
vn 0.223923 0.689162 -0.68914
v -0.0737911 -0.168379 -0.113685
vn 0.223923 0.689162 -0.68914
v -0.0267237 -0.219964 -0.149976
vn 0.187593 0.794667 -0.577332
v -0.0535763 -0.219964 -0.158701
vn 0.187597 0.794664 -0.577336
v -0.0636837 -0.202769 -0.14479
vn 0.223933 0.689155 -0.689144
v -0.08043 -0.219964 -0.167427
vn 0.187593 0.794657 -0.577346
v -0.0905363 -0.202769 -0.153516
vn 0.223931 0.689151 -0.689148
v -0.107283 -0.219964 -0.176152
vn 0.389042 0.794732 -0.465883
v -0.11739 -0.202769 -0.162241
vn 0.444777 0.706633 -0.550312
v -0.127496 -0.185573 -0.14833
vn 0.44477 0.706635 -0.550314
v -0.137604 -0.168379 -0.134419
vn 0.444769 0.706646 -0.550302
v -0.100644 -0.185573 -0.139605
vn 0.223931 0.689147 -0.689152
v -0.160447 -0.168379 -0.165859
vn 0.586218 0.689157 -0.425923
v -0.150339 -0.185573 -0.17977
vn 0.586226 0.689153 -0.42592
v -0.140232 -0.202769 -0.193681
vn 0.586231 0.689149 -0.425918
v -0.173182 -0.185573 -0.21121
vn 0.586225 0.689157 -0.425914
v -0.206131 -0.168379 -0.228738
vn 0.586223 0.689163 -0.425907
v -0.183289 -0.168379 -0.197298
vn 0.586221 0.689162 -0.425912
v -0.123878 -0.219964 -0.198994
vn 0.491117 0.794662 -0.356813
v -0.140474 -0.219964 -0.221837
vn 0.491119 0.794657 -0.356824
v -0.156828 -0.202769 -0.216524
vn 0.586229 0.689151 -0.425918
v -0.157071 -0.219964 -0.244679
vn 0.491119 0.794653 -0.356831
v -0.173424 -0.202769 -0.239366
vn 0.586228 0.689142 -0.425934
v -0.173667 -0.219964 -0.267521
vn 0.588578 0.794733 -0.148237
v -0.190021 -0.202769 -0.262208
vn 0.683304 0.706625 -0.183785
v -0.206373 -0.185573 -0.256894
vn 0.683297 0.706631 -0.183785
v -0.222727 -0.168379 -0.251581
vn 0.683282 0.706649 -0.183774
v -0.189777 -0.185573 -0.234052
vn 0.586229 0.689151 -0.425918
v -0.222727 -0.168379 -0.290442
vn 0.724606 0.689163 0
v -0.206373 -0.185573 -0.295756
vn 0.724628 0.68914 0
v -0.190021 -0.202769 -0.30107
vn 0.724629 0.689139 0
v -0.206373 -0.185573 -0.334618
vn 0.724627 0.689142 0
v -0.222727 -0.168379 -0.368167
vn 0.724606 0.689163 0
v -0.222727 -0.168379 -0.329305
vn 0.724606 0.689163 0
v -0.173667 -0.219964 -0.295756
vn 0.607055 0.79466 0
v -0.173667 -0.219964 -0.323992
vn 0.607056 0.794659 0
v -0.190021 -0.202769 -0.329305
vn 0.724628 0.689141 0
v -0.173667 -0.219964 -0.352227
vn 0.607054 0.79466 0
v -0.190021 -0.202769 -0.35754
vn 0.724628 0.689141 0
v -0.173667 -0.219964 -0.380461
vn 0.563304 0.794731 0.226035
v -0.190021 -0.202769 -0.385775
vn 0.66082 0.706632 0.252957
v -0.206373 -0.185573 -0.391089
vn 0.660832 0.706625 0.252946
v -0.222727 -0.168379 -0.396401
vn 0.660809 0.706648 0.252941
v -0.206373 -0.185573 -0.362853
vn 0.724628 0.68914 0
v -0.199885 -0.168379 -0.427841
vn 0.586226 0.689158 0.425911
v -0.183531 -0.185573 -0.422529
vn 0.586236 0.689143 0.425921
v -0.167177 -0.202769 -0.417215
vn 0.586227 0.68915 0.425923
v -0.160689 -0.185573 -0.453969
vn 0.586231 0.689147 0.425922
v -0.154199 -0.168379 -0.490721
vn 0.586228 0.689152 0.425918
v -0.177043 -0.168379 -0.459281
vn 0.586223 0.689157 0.425918
v -0.157071 -0.219964 -0.403304
vn 0.491116 0.79466 0.35682
v -0.140474 -0.219964 -0.426147
vn 0.491116 0.79466 0.356819
v -0.150582 -0.202769 -0.440057
vn 0.586226 0.689153 0.42592
v -0.123878 -0.219964 -0.448989
vn 0.491118 0.79466 0.356816
v -0.133986 -0.202769 -0.462899
vn 0.586231 0.689148 0.42592
v -0.107283 -0.219964 -0.471831
vn 0.322863 0.794734 0.513963
v -0.11739 -0.202769 -0.485742
vn 0.385934 0.706633 0.593063
v -0.127496 -0.185573 -0.499653
vn 0.385935 0.706633 0.593063
v -0.137604 -0.168379 -0.513565
vn 0.385927 0.706648 0.593051
v -0.144093 -0.185573 -0.476811
vn 0.586225 0.68915 0.425924
v -0.100644 -0.168379 -0.525573
vn 0.223915 0.68916 0.689145
v -0.0905363 -0.185573 -0.511662
vn 0.223919 0.689145 0.689158
v -0.08043 -0.202769 -0.497751
vn 0.223915 0.689147 0.689157
v -0.0535763 -0.185573 -0.523671
vn 0.223916 0.68915 0.689155
v -0.0267237 -0.168379 -0.549591
vn 0.223913 0.689162 0.689144
v -0.0636837 -0.168379 -0.537582
vn 0.223915 0.68916 0.689145
v -0.08043 -0.219964 -0.480556
vn 0.187583 0.79466 0.577345
v -0.0535763 -0.219964 -0.48928
vn 0.187586 0.794663 0.577341
v -0.0535763 -0.202769 -0.506476
vn 0.223919 0.689148 0.689155
v -0.0267237 -0.219964 -0.498006
vn 0.187592 0.794659 0.577344
v -0.0267237 -0.202769 -0.515201
vn 0.223917 0.689156 0.689149
v 0.000128966 -0.219964 -0.506731
vn -0.0408951 0.794728 0.605586
v 0.000128966 -0.202769 -0.523926
vn -0.0363705 0.706638 0.70664
v 0.000128966 -0.185573 -0.541121
vn -0.0363699 0.706636 0.706642
v 0.000128966 -0.168379 -0.558316
vn -0.0363642 0.706643 0.706635
v -0.0267237 -0.185573 -0.532396
vn 0.22393 0.689139 0.689161
v 0.037089 -0.168379 -0.546307
vn -0.223918 0.689159 0.689145
v 0.037089 -0.185573 -0.529112
vn -0.223917 0.689145 0.689159
v 0.037089 -0.202769 -0.511917
vn -0.223917 0.68915 0.689154
v 0.074049 -0.185573 -0.517104
vn -0.223921 0.689147 0.689156
v 0.111009 -0.168379 -0.522289
vn -0.223918 0.689158 0.689146
v 0.074049 -0.168379 -0.534298
vn -0.223913 0.689156 0.689149
v 0.0269816 -0.219964 -0.498006
vn -0.187595 0.794658 0.577344
v 0.0538353 -0.219964 -0.48928
vn -0.187587 0.794655 0.577351
v 0.0639416 -0.202769 -0.503192
vn -0.223921 0.689157 0.689146
v 0.0806879 -0.219964 -0.480556
vn -0.187586 0.794659 0.577346
v 0.0907953 -0.202769 -0.494467
vn -0.223914 0.689143 0.689162
v 0.107541 -0.219964 -0.471831
vn -0.389038 0.794736 0.465881
v 0.117648 -0.202769 -0.485742
vn -0.444778 0.706631 0.550314
v 0.127754 -0.185573 -0.499653
vn -0.444773 0.706633 0.550315
v 0.137862 -0.168379 -0.513565
vn -0.444768 0.706647 0.550301
v 0.100902 -0.185573 -0.508378
vn -0.223921 0.689151 0.689152
v 0.160704 -0.168379 -0.482125
vn -0.586224 0.689158 0.425914
v 0.150597 -0.185573 -0.468213
vn -0.586235 0.689141 0.425925
v 0.14049 -0.202769 -0.454302
vn -0.586232 0.689151 0.425913
v 0.17344 -0.185573 -0.436773
vn -0.586234 0.689147 0.425917
v 0.206389 -0.168379 -0.419244
vn -0.586222 0.689161 0.425911
v 0.183547 -0.168379 -0.450684
vn -0.586224 0.689157 0.425915
v 0.124136 -0.219964 -0.448989
vn -0.491119 0.794656 0.356824
v 0.140733 -0.219964 -0.426147
vn -0.491123 0.794653 0.356824
v 0.157086 -0.202769 -0.431459
vn -0.586236 0.689142 0.425924
v 0.157329 -0.219964 -0.403304
vn -0.491121 0.794657 0.35682
v 0.173682 -0.202769 -0.408617
vn -0.586236 0.689137 0.425932
v 0.173925 -0.219964 -0.380461
vn -0.588578 0.794733 0.148237
v 0.190278 -0.202769 -0.385775
vn -0.683304 0.706625 0.183785
v 0.206631 -0.185573 -0.391089
vn -0.683297 0.706632 0.183784
v 0.222985 -0.168379 -0.396401
vn -0.683285 0.706646 0.183775
v 0.190035 -0.185573 -0.413931
vn -0.586232 0.689146 0.425923
v 0.222985 -0.168379 -0.357539
vn -0.724606 0.689163 0
v 0.206631 -0.185573 -0.352227
vn -0.724628 0.689141 0
v 0.190278 -0.202769 -0.346913
vn -0.724629 0.689139 0
v 0.206631 -0.185573 -0.313365
vn -0.724627 0.689142 0
v 0.222985 -0.168379 -0.279816
vn -0.724607 0.689163 0
v 0.222985 -0.168379 -0.318678
vn -0.724606 0.689163 0
v 0.173925 -0.219964 -0.352227
vn -0.607055 0.79466 0
v 0.173925 -0.219964 -0.323992
vn -0.607056 0.794659 0
v 0.190278 -0.202769 -0.318678
vn -0.724628 0.689141 0
v 0.173925 -0.219964 -0.295756
vn -0.607054 0.794661 0
v 0.190278 -0.202769 -0.290442
vn -0.724628 0.689141 0
v 0.173925 -0.219964 -0.267521
vn -0.563303 0.794731 -0.226035
v 0.190278 -0.202769 -0.262208
vn -0.660822 0.70663 -0.252959
v 0.206631 -0.185573 -0.256894
vn -0.660829 0.706628 -0.252948
v 0.222985 -0.168379 -0.251581
vn -0.66081 0.706648 -0.252941
v 0.206631 -0.185573 -0.28513
vn -0.724628 0.689141 0
v 0.200143 -0.168379 -0.220141
vn -0.586223 0.689159 -0.425914
v 0.183789 -0.185573 -0.225455
vn -0.586232 0.689145 -0.425924
v 0.167435 -0.202769 -0.230768
vn -0.586233 0.689143 -0.425927
v 0.160947 -0.185573 -0.194015
vn -0.586236 0.689145 -0.425919
v 0.154457 -0.168379 -0.157261
vn -0.586223 0.689157 -0.425917
v 0.177301 -0.168379 -0.188701
vn -0.586223 0.689158 -0.425915
v 0.157329 -0.219964 -0.244679
vn -0.491124 0.794655 -0.35682
v 0.140733 -0.219964 -0.221837
vn -0.491117 0.794658 -0.356823
v 0.150839 -0.202769 -0.207926
vn -0.586233 0.689146 -0.425921
v 0.124136 -0.219964 -0.198994
vn -0.491117 0.79466 -0.356819
v 0.134244 -0.202769 -0.185084
vn -0.586226 0.68915 -0.425924
v 0.107541 -0.219964 -0.176152
vn -0.322865 0.794731 -0.513965
v 0.117648 -0.202769 -0.162241
vn -0.385935 0.706635 -0.59306
v 0.127754 -0.185573 -0.14833
vn -0.385939 0.706633 -0.593061
v 0.137862 -0.168379 -0.134419
vn -0.385928 0.706647 -0.593051
v 0.144351 -0.185573 -0.171172
vn -0.586231 0.689146 -0.425925
v 0.100902 -0.168379 -0.12241
vn -0.223925 0.68916 -0.689142
v 0.0907953 -0.185573 -0.13632
vn -0.22393 0.689146 -0.689154
v 0.0806879 -0.202769 -0.150232
vn -0.223927 0.68915 -0.689151
v 0.0538353 -0.185573 -0.124311
vn -0.223926 0.689148 -0.689154
v 0.0269816 -0.168379 -0.0983909
vn -0.223927 0.689149 -0.689152
v 0.0639416 -0.168379 -0.1104
vn -0.223922 0.689154 -0.689148
v 0.0806879 -0.219964 -0.167427
vn -0.1876 0.794657 -0.577344
v 0.0538353 -0.219964 -0.158701
vn -0.187596 0.794654 -0.577351
v 0.0538353 -0.202769 -0.141507
vn -0.223923 0.689151 -0.689151
v 0.0269816 -0.219964 -0.149976
vn -0.187596 0.794654 -0.57735
v 0.0269816 -0.202769 -0.132781
vn -0.223922 0.689152 -0.689151
v 0.0269816 -0.185573 -0.115586
vn -0.223923 0.689151 -0.689151
v 0.000128966 -0.231004 -0.162918
vn 0.0458119 0.890074 -0.453508
v 0.000128966 -0.242043 -0.184585
vn 0.0458045 0.890072 -0.453513
v -0.0267237 -0.231004 -0.171644
vn 0.145936 0.881468 -0.449128
v 0.000128966 -0.253083 -0.206252
vn 0.0458032 0.890077 -0.453503
v -0.0267237 -0.242043 -0.19331
vn 0.145941 0.881469 -0.449125
v 0.000128966 -0.264123 -0.227919
vn 0.0480154 0.932991 -0.356681
v -0.0267237 -0.253083 -0.214977
vn 0.145938 0.881473 -0.449118
v -0.0535763 -0.242043 -0.202036
vn 0.145935 0.881469 -0.449128
v -0.08043 -0.231004 -0.189094
vn 0.14593 0.881473 -0.449122
v -0.0535763 -0.231004 -0.180369
vn 0.145934 0.881472 -0.449122
v -0.0139879 -0.264123 -0.232507
vn 0.0999037 0.946298 -0.307473
v -0.0281058 -0.264123 -0.237093
vn 0.0999029 0.946298 -0.307473
v -0.0408416 -0.253083 -0.219565
vn 0.14593 0.881468 -0.44913
v -0.0422226 -0.264123 -0.24168
vn 0.0999061 0.946297 -0.307475
v -0.0549584 -0.253083 -0.224152
vn 0.145932 0.881469 -0.449128
v -0.0563405 -0.264123 -0.246268
vn 0.248496 0.932991 -0.260343
v -0.0690763 -0.253083 -0.228738
vn 0.303619 0.890074 -0.339977
v -0.081811 -0.242043 -0.21121
vn 0.303625 0.890069 -0.339983
v -0.0945468 -0.231004 -0.193681
vn 0.303625 0.890075 -0.339968
v -0.0676942 -0.242043 -0.206622
vn 0.145932 0.881469 -0.449128
v -0.111143 -0.231004 -0.216524
vn 0.38205 0.881468 -0.277582
v -0.0984079 -0.242043 -0.234052
vn 0.382049 0.881468 -0.277582
v -0.0856721 -0.253083 -0.251581
vn 0.382047 0.881471 -0.277575
v -0.115004 -0.242043 -0.256894
vn 0.382048 0.881471 -0.277575
v -0.144335 -0.231004 -0.262208
vn 0.38205 0.88147 -0.277575
v -0.127739 -0.231004 -0.239366
vn 0.382051 0.881466 -0.277586
v -0.0650658 -0.264123 -0.258276
vn 0.261549 0.946299 -0.190025
v -0.07379 -0.264123 -0.270286
vn 0.261554 0.946299 -0.190021
v -0.0943973 -0.253083 -0.26359
vn 0.382048 0.881475 -0.277561
v -0.0825153 -0.264123 -0.282294
vn 0.261551 0.946297 -0.190035
v -0.103122 -0.253083 -0.275599
vn 0.382047 0.881473 -0.277569
v -0.0912405 -0.264123 -0.294304
vn 0.354066 0.932989 -0.0645592
v -0.111847 -0.253083 -0.287608
vn 0.44547 0.890072 -0.0965825
v -0.132453 -0.242043 -0.280912
vn 0.445461 0.890078 -0.0965727
v -0.153061 -0.231004 -0.274217
vn 0.445466 0.890075 -0.0965778
v -0.123729 -0.242043 -0.268904
vn 0.382048 0.881475 -0.277561
v -0.153061 -0.231004 -0.302452
vn 0.472233 0.881474 0
v -0.132453 -0.242043 -0.309148
vn 0.472233 0.881474 0
v -0.111847 -0.253083 -0.315842
vn 0.472242 0.881469 0
v -0.132453 -0.242043 -0.337382
vn 0.472232 0.881474 0
v -0.153061 -0.231004 -0.358922
vn 0.472234 0.881473 0
v -0.153061 -0.231004 -0.330687
vn 0.472233 0.881474 0
v -0.0912405 -0.264123 -0.309148
vn 0.323301 0.946296 0
v -0.0912405 -0.264123 -0.323991
vn 0.323299 0.946297 0
v -0.111847 -0.253083 -0.330687
vn 0.472242 0.881469 0
v -0.0912405 -0.264123 -0.338835
vn 0.323299 0.946297 0
v -0.111847 -0.253083 -0.345531
vn 0.472242 0.881469 0
v -0.0912405 -0.264123 -0.353679
vn 0.324389 0.93299 0.155887
v -0.111847 -0.253083 -0.360375
vn 0.41716 0.890073 0.183703
v -0.132453 -0.242043 -0.367071
vn 0.417157 0.890075 0.183704
v -0.153061 -0.231004 -0.373766
vn 0.417152 0.890076 0.183708
v -0.132453 -0.242043 -0.352227
vn 0.472233 0.881474 0
v -0.136464 -0.231004 -0.396609
vn 0.382046 0.881472 0.277576
v -0.115857 -0.242043 -0.389913
vn 0.382049 0.881471 0.277575
v -0.095251 -0.253083 -0.383217
vn 0.382042 0.881473 0.277577
v -0.0992616 -0.242043 -0.412755
vn 0.382042 0.881473 0.277577
v -0.103272 -0.231004 -0.442293
vn 0.382047 0.881472 0.277575
v -0.119868 -0.231004 -0.419451
vn 0.382049 0.881471 0.277575
v -0.0825153 -0.264123 -0.365688
vn 0.261547 0.946298 0.190033
v -0.07379 -0.264123 -0.377697
vn 0.261556 0.946297 0.190026
v -0.0865258 -0.253083 -0.395226
vn 0.382041 0.881473 0.277577
v -0.0650658 -0.264123 -0.389706
vn 0.261553 0.946299 0.190024
v -0.0778005 -0.253083 -0.407235
vn 0.382058 0.881467 0.277573
v -0.0563405 -0.264123 -0.401715
vn 0.170812 0.93299 0.316785
v -0.0690763 -0.253083 -0.419244
vn 0.22951 0.890074 0.39382
v -0.081811 -0.242043 -0.436773
vn 0.22951 0.890075 0.393818
v -0.0945468 -0.231004 -0.454302
vn 0.229508 0.890076 0.393816
v -0.0905363 -0.242043 -0.424764
vn 0.382042 0.881474 0.277574
v -0.0676942 -0.231004 -0.463027
vn 0.145926 0.88147 0.449128
v -0.0549584 -0.242043 -0.445498
vn 0.145927 0.881472 0.449124
v -0.0422226 -0.253083 -0.427969
vn 0.145932 0.881469 0.449128
v -0.0281058 -0.242043 -0.454222
vn 0.145927 0.881472 0.449124
v -0.0139879 -0.231004 -0.480477
vn 0.145935 0.88147 0.449126
v -0.0408416 -0.231004 -0.471752
vn 0.145931 0.881469 0.449129
v -0.0422226 -0.264123 -0.406302
vn 0.0999124 0.946298 0.30747
v -0.0281058 -0.264123 -0.41089
vn 0.099902 0.946299 0.30747
v -0.0281058 -0.253083 -0.432556
vn 0.145945 0.881463 0.449136
v -0.0139879 -0.264123 -0.415476
vn 0.0999044 0.946299 0.30747
v -0.0139879 -0.253083 -0.437144
vn 0.145937 0.881467 0.449131
v 0.000128966 -0.264123 -0.420064
vn -0.0480155 0.932991 0.356681
v 0.000128966 -0.253083 -0.441731
vn -0.0458044 0.890072 0.453512
v 0.000128966 -0.242043 -0.463397
vn -0.0458047 0.890073 0.453511
v 0.000128966 -0.231004 -0.485065
vn -0.0458043 0.890072 0.453513
v -0.0139879 -0.242043 -0.45881
vn 0.145942 0.881468 0.449128
v 0.0269816 -0.231004 -0.476339
vn -0.145933 0.881469 0.449128
v 0.0269816 -0.242043 -0.454672
vn -0.145928 0.881468 0.449131
v 0.0269816 -0.253083 -0.433006
vn -0.145931 0.881471 0.449124
v 0.0538353 -0.242043 -0.445948
vn -0.145929 0.881469 0.44913
v 0.0806879 -0.231004 -0.458889
vn -0.145932 0.881469 0.449129
v 0.0538353 -0.231004 -0.467614
vn -0.145928 0.881468 0.449131
v 0.0142458 -0.264123 -0.415476
vn -0.0999037 0.946298 0.307473
v 0.0283637 -0.264123 -0.41089
vn -0.0999034 0.946299 0.307469
v 0.0410995 -0.253083 -0.428418
vn -0.145933 0.881473 0.449119
v 0.0424805 -0.264123 -0.406302
vn -0.09991 0.946299 0.307469
v 0.0552163 -0.253083 -0.423831
vn -0.145941 0.881472 0.449119
v 0.0565984 -0.264123 -0.401715
vn -0.248495 0.932992 0.26034
v 0.0693342 -0.253083 -0.419244
vn -0.30362 0.890074 0.339977
v 0.082069 -0.242043 -0.436773
vn -0.30362 0.890075 0.339972
v 0.0948047 -0.231004 -0.454302
vn -0.303623 0.890073 0.339974
v 0.0679521 -0.242043 -0.44136
vn -0.145938 0.881474 0.449116
v 0.111402 -0.231004 -0.431459
vn -0.382044 0.881472 0.277579
v 0.0986658 -0.242043 -0.413931
vn -0.382044 0.881472 0.277578
v 0.08593 -0.253083 -0.396401
vn -0.382045 0.881472 0.277576
v 0.115262 -0.242043 -0.391089
vn -0.382048 0.881471 0.277576
v 0.144593 -0.231004 -0.385775
vn -0.38205 0.88147 0.277575
v 0.127997 -0.231004 -0.408617
vn -0.382049 0.881471 0.277573
v 0.0653237 -0.264123 -0.389706
vn -0.261547 0.9463 0.190026
v 0.0740479 -0.264123 -0.377697
vn -0.261552 0.9463 0.190018
v 0.0946553 -0.253083 -0.384393
vn -0.382046 0.881476 0.277563
v 0.0827732 -0.264123 -0.365688
vn -0.26155 0.946297 0.190036
v 0.103379 -0.253083 -0.372384
vn -0.382042 0.881476 0.277567
v 0.0914984 -0.264123 -0.353679
vn -0.354068 0.932989 0.0645599
v 0.112105 -0.253083 -0.360375
vn -0.44546 0.890078 0.0965796
v 0.132712 -0.242043 -0.367071
vn -0.445463 0.890076 0.0965806
v 0.153318 -0.231004 -0.373766
vn -0.44547 0.890072 0.0965822
v 0.123987 -0.242043 -0.379079
vn -0.382047 0.881473 0.277571
v 0.153318 -0.231004 -0.345531
vn -0.472242 0.881469 0
v 0.132712 -0.242043 -0.338835
vn -0.472233 0.881474 0
v 0.112105 -0.253083 -0.332139
vn -0.472232 0.881474 0
v 0.132712 -0.242043 -0.3106
vn -0.472235 0.881473 0
v 0.153318 -0.231004 -0.28906
vn -0.472242 0.881469 0
v 0.153318 -0.231004 -0.317296
vn -0.472242 0.881469 0
v 0.0914984 -0.264123 -0.338835
vn -0.323297 0.946298 0
v 0.0914984 -0.264123 -0.323991
vn -0.323299 0.946297 0
v 0.112105 -0.253083 -0.317296
vn -0.472233 0.881474 0
v 0.0914984 -0.264123 -0.309148
vn -0.3233 0.946296 0
v 0.112105 -0.253083 -0.302452
vn -0.472233 0.881474 0
v 0.0914984 -0.264123 -0.294304
vn -0.324392 0.93299 -0.155884
v 0.112105 -0.253083 -0.287608
vn -0.417154 0.890076 -0.183704
v 0.132712 -0.242043 -0.280912
vn -0.417151 0.890077 -0.183705
v 0.153318 -0.231004 -0.274217
vn -0.417165 0.890071 -0.183705
v 0.132712 -0.242043 -0.295756
vn -0.472233 0.881474 0
v 0.136723 -0.231004 -0.251374
vn -0.382047 0.88147 -0.277579
v 0.116115 -0.242043 -0.25807
vn -0.38204 0.881474 -0.277578
v 0.0955089 -0.253083 -0.264766
vn -0.38205 0.88147 -0.277575
v 0.0995195 -0.242043 -0.235228
vn -0.382051 0.88147 -0.277575
v 0.10353 -0.231004 -0.20569
vn -0.382046 0.881472 -0.277577
v 0.120126 -0.231004 -0.228532
vn -0.382043 0.881472 -0.277578
v 0.0827732 -0.264123 -0.282294
vn -0.26155 0.946298 -0.19003
v 0.0740479 -0.264123 -0.270286
vn -0.261552 0.946298 -0.190029
v 0.0867837 -0.253083 -0.252756
vn -0.382042 0.881473 -0.277577
v 0.0653237 -0.264123 -0.258276
vn -0.261557 0.946298 -0.190021
v 0.0780585 -0.253083 -0.240748
vn -0.382058 0.881467 -0.277573
v 0.0565984 -0.264123 -0.246268
vn -0.170805 0.932991 -0.316785
v 0.0693342 -0.253083 -0.228738
vn -0.229515 0.890071 -0.393822
v 0.082069 -0.242043 -0.21121
vn -0.229516 0.890072 -0.39382
v 0.0948047 -0.231004 -0.193681
vn -0.229512 0.890074 -0.393818
v 0.0907942 -0.242043 -0.223218
vn -0.382041 0.881473 -0.27758
v 0.0679521 -0.231004 -0.184955
vn -0.14594 0.881471 -0.449122
v 0.0552163 -0.242043 -0.202485
vn -0.145933 0.881471 -0.449123
v 0.0424805 -0.253083 -0.220013
vn -0.145927 0.881472 -0.449124
v 0.0283637 -0.242043 -0.193759
vn -0.14593 0.881474 -0.44912
v 0.0142458 -0.231004 -0.167505
vn -0.145927 0.881472 -0.449124
v 0.0410995 -0.231004 -0.17623
vn -0.145932 0.881472 -0.449124
v 0.0424805 -0.264123 -0.24168
vn -0.099907 0.946298 -0.307472
v 0.0283637 -0.264123 -0.237093
vn -0.0999014 0.946298 -0.307474
v 0.0283637 -0.253083 -0.215427
vn -0.14593 0.881471 -0.449125
v 0.0142458 -0.264123 -0.232507
vn -0.0999047 0.946299 -0.30747
v 0.0142458 -0.253083 -0.210839
vn -0.145935 0.881472 -0.449122
v 0.0142458 -0.242043 -0.189172
vn -0.145934 0.881472 -0.449122
v 0.000128966 -0.267927 -0.251937
vn 0 0.987687 -0.15644
v 0.000128966 -0.271731 -0.275955
vn -1.64496e-18 0.987687 -0.156441
v -0.0139879 -0.267927 -0.256525
vn 0.0507632 0.986414 -0.156239
v 0.000128966 -0.275535 -0.299973
vn 0 0.987687 -0.15644
v -0.0139879 -0.271731 -0.280542
vn 0.0507632 0.986414 -0.156239
v 0.000128966 -0.27934 -0.323991
vn 9.99272e-19 1 1.99854e-18
v -0.0139879 -0.275535 -0.30456
vn 0.0919524 0.987687 -0.126563
v -0.0281058 -0.271731 -0.285129
vn 0.0919525 0.987688 -0.126563
v -0.0422226 -0.267927 -0.265698
vn 0.0919556 0.987687 -0.126562
v -0.0281058 -0.267927 -0.261111
vn 0.0507632 0.986414 -0.156239
v -0.0509479 -0.267927 -0.277708
vn 0.132906 0.986414 -0.0965612
v -0.036831 -0.271731 -0.297138
vn 0.132904 0.986414 -0.0965609
v -0.0227131 -0.275535 -0.316569
vn 0.148784 0.987687 -0.0483426
v -0.0455553 -0.271731 -0.309147
vn 0.148783 0.987688 -0.0483405
v -0.0683984 -0.267927 -0.301726
vn 0.148783 0.987687 -0.0483436
v -0.0596732 -0.267927 -0.289716
vn 0.132905 0.986414 -0.096563
v -0.0683984 -0.267927 -0.316569
vn 0.164278 0.986414 0
v -0.0455553 -0.271731 -0.323991
vn 0.164277 0.986414 0
v -0.0227131 -0.275535 -0.331413
vn 0.148784 0.987687 0.0483426
v -0.0455553 -0.271731 -0.338835
vn 0.148782 0.987688 0.0483403
v -0.0683984 -0.267927 -0.346257
vn 0.148783 0.987687 0.048344
v -0.0683984 -0.267927 -0.331413
vn 0.164278 0.986414 0
v -0.0596732 -0.267927 -0.358266
vn 0.132904 0.986414 0.0965615
v -0.036831 -0.271731 -0.350844
vn 0.132904 0.986414 0.0965594
v -0.0139879 -0.275535 -0.343421
vn 0.0919531 0.987688 0.126561
v -0.0281058 -0.271731 -0.362853
vn 0.091954 0.987687 0.126562
v -0.0422226 -0.267927 -0.382284
vn 0.0919531 0.987688 0.126562
v -0.0509479 -0.267927 -0.370275
vn 0.132904 0.986414 0.0965615
v -0.0281058 -0.267927 -0.386871
vn 0.050768 0.986414 0.156235
v -0.0139879 -0.271731 -0.36744
vn 0.050768 0.986414 0.156235
v 0.000128966 -0.275535 -0.348009
vn 1.64492e-18 0.987688 0.156436
v 0.000128966 -0.271731 -0.372028
vn -8.2247e-18 0.987688 0.156438
v 0.000128966 -0.267927 -0.396046
vn -4.93489e-18 0.987687 0.156441
v -0.0139879 -0.267927 -0.391458
vn 0.0507666 0.986414 0.156238
v 0.0142458 -0.267927 -0.391458
vn -0.0507667 0.986414 0.156238
v 0.0142458 -0.271731 -0.36744
vn -0.050768 0.986414 0.156235
v 0.0142458 -0.275535 -0.343421
vn -0.0919531 0.987688 0.126562
v 0.0283637 -0.271731 -0.362853
vn -0.0919539 0.987687 0.126562
v 0.0424805 -0.267927 -0.382284
vn -0.0919531 0.987688 0.126562
v 0.0283637 -0.267927 -0.386871
vn -0.050768 0.986414 0.156235
v 0.0512058 -0.267927 -0.370275
vn -0.132904 0.986414 0.0965615
v 0.037089 -0.271731 -0.350844
vn -0.132902 0.986414 0.0965619
v 0.0229711 -0.275535 -0.331413
vn -0.14878 0.987688 0.0483435
v 0.0458142 -0.271731 -0.338835
vn -0.148783 0.987687 0.0483441
v 0.0686563 -0.267927 -0.346257
vn -0.148785 0.987687 0.0483446
v 0.0599311 -0.267927 -0.358266
vn -0.132905 0.986414 0.0965636
v 0.0686563 -0.267927 -0.331413
vn -0.164281 0.986414 0
v 0.0458142 -0.271731 -0.323991
vn -0.164278 0.986414 0
v 0.0229711 -0.275535 -0.316569
vn -0.14878 0.987688 -0.0483435
v 0.0458142 -0.271731 -0.309147
vn -0.148783 0.987687 -0.0483443
v 0.0686563 -0.267927 -0.301726
vn -0.148785 0.987687 -0.0483443
v 0.0686563 -0.267927 -0.316569
vn -0.164281 0.986414 0
v 0.0599311 -0.267927 -0.289716
vn -0.132905 0.986413 -0.0965651
v 0.037089 -0.271731 -0.297138
vn -0.132902 0.986414 -0.0965635
v 0.0142458 -0.275535 -0.30456
vn -0.0919524 0.987687 -0.126563
v 0.0283637 -0.271731 -0.285129
vn -0.0919524 0.987688 -0.126563
v 0.0424805 -0.267927 -0.265698
vn -0.0919555 0.987687 -0.126563
v 0.0512058 -0.267927 -0.277708
vn -0.132906 0.986414 -0.0965612
v 0.0283637 -0.267927 -0.261111
vn -0.0507632 0.986414 -0.156239
v 0.0142458 -0.271731 -0.280542
vn -0.0507632 0.986414 -0.156239
v 0.0142458 -0.267927 -0.256525
vn -0.0507632 0.986414 -0.156239
v -0.26831 -0.199919 -0.133884
vn -0.197291 -0.876847 -0.438423
v -0.26831 -0.139144 -0.133884
vn -0.410365 0 -0.911921
v -0.133255 -0.199919 -0.133884
vn 0 -0.707106 -0.707107
v -0.26831 -0.0783691 -0.133884
vn -0.410365 0 -0.911921
v -0.133255 -0.139144 -0.133884
vn 0 0 -1
v 0.00179843 -0.199919 -0.133884
vn 0 -0.707108 -0.707106
v -0.26831 -0.0175954 -0.133884
vn -0.410365 0 -0.911921
v -0.133255 -0.0783691 -0.133884
vn 0 0 -1
v -0.26831 0.0431793 -0.133884
vn -0.303218 0.673817 -0.673817
v -0.133255 -0.0175954 -0.133884
vn 0 0 -1
v 0.00179843 -0.0783691 -0.133884
vn 0 0 -1
v 0.136853 -0.139144 -0.133884
vn 0 0 -1
v 0.00179843 -0.139144 -0.133884
vn 0 0 -1
v 0.271908 -0.199919 -0.133884
vn 0.373384 -0.41487 -0.829739
v 0.136853 -0.199919 -0.133884
vn 0 -0.707107 -0.707107
v 0.271908 -0.139144 -0.133884
vn 0.410366 0 -0.911921
v 0.136853 -0.0783691 -0.133884
vn 0 0 -1
v 0.271908 -0.0783691 -0.133884
vn 0.410366 0 -0.911921
v 0.00179843 -0.0175954 -0.133884
vn 0 0 -1
v -0.133255 0.0431793 -0.133884
vn 0 0.707107 -0.707107
v 0.00179843 0.0431793 -0.133884
vn 0 0.707107 -0.707107
v 0.136853 0.0431793 -0.133884
vn 0 0.707107 -0.707107
v 0.136853 -0.0175954 -0.133884
vn 0 0 -1
v 0.271908 0.0431793 -0.133884
vn 0.303218 0.673817 -0.673817
v 0.271908 -0.0175954 -0.133884
vn 0.410366 0 -0.911921
v -0.133255 -0.199919 -0.0731088
vn 0 -1 0
v -0.26831 -0.199919 -0.0731088
vn -0.410365 -0.911921 0
v 0.00179843 -0.199919 -0.0123341
vn 0 -1 0
v -0.133255 -0.199919 -0.0123341
vn 0 -1 0
v -0.26831 -0.199919 -0.0123341
vn -0.410365 -0.911921 0
v 0.136853 -0.199919 0.0484407
vn 0 -1 0
v 0.00179843 -0.199919 0.0484407
vn 0 -1 0
v 0.271908 -0.199919 0.109215
vn 0.157123 -0.698324 0.698324
v 0.136853 -0.199919 0.109215
vn 0 -0.707107 0.707107
v 0.00179843 -0.199919 0.109215
vn 0 -0.707107 0.707107
v -0.133255 -0.199919 0.109215
vn 0 -0.707107 0.707107
v -0.133255 -0.199919 0.0484407
vn 0 -1 0
v -0.26831 -0.199919 0.109215
vn -0.536896 -0.59655 0.596549
v -0.26831 -0.199919 0.0484407
vn -0.410365 -0.911921 0
v 0.00179843 -0.199919 -0.0731088
vn 0 -1 0
v 0.136853 -0.199919 -0.0731088
vn 0 -1 0
v 0.271908 -0.199919 -0.0731088
vn 0.410365 -0.911921 0
v 0.271908 -0.199919 -0.0123341
vn 0.410365 -0.911921 0
v 0.271908 -0.199919 0.0484407
vn 0.410365 -0.911921 0
v 0.136853 -0.199919 -0.0123341
vn 0 -1 0
v -0.26831 -0.139144 -0.0731088
vn -1 0 0
v -0.26831 -0.139144 -0.0123341
vn -1 0 0
v -0.26831 -0.139144 0.0484407
vn -1 0 0
v -0.26831 -0.0783691 -0.0123341
vn -1 0 0
v -0.26831 -0.0175954 -0.0731088
vn -1 0 0
v -0.26831 -0.0783691 -0.0731088
vn -1 0 0
v -0.26831 0.0431793 -0.0731088
vn -0.410365 0.911921 0
v -0.26831 -0.0175954 -0.0123341
vn -1 0 0
v -0.26831 0.0431793 -0.0123341
vn -0.410365 0.911921 0
v -0.26831 -0.0783691 0.0484407
vn -1 0 0
v -0.26831 -0.139144 0.109215
vn -0.410366 0 0.911921
v -0.26831 -0.0783691 0.109215
vn -0.410363 0 0.911922
v -0.26831 -0.0175954 0.109215
vn -0.410367 0 0.91192
v -0.26831 -0.0175954 0.0484407
vn -1 0 0
v -0.26831 0.0431793 0.109215
vn -0.197291 0.438424 0.876847
v -0.26831 0.0431793 0.0484407
vn -0.410365 0.911921 0
v -0.133255 0.0431793 -0.0731088
vn 0 1 0
v -0.133255 0.0431793 -0.0123341
vn 0 1 0
v 0.00179843 0.0431793 -0.0123341
vn 0 1 0
v -0.133255 0.0431793 0.0484407
vn 0 1 0
v -0.133255 0.0431793 0.109215
vn 0 0.707108 0.707106
v 0.00179843 0.0431793 0.109215
vn 0 0.707106 0.707108
v 0.136853 0.0431793 0.109215
vn 0 0.707107 0.707107
v 0.00179843 0.0431793 0.0484407
vn 0 1 0
v 0.271908 0.0431793 0.109215
vn 0.373384 0.82974 0.41487
v 0.136853 0.0431793 0.0484407
vn 0 1 0
v 0.00179843 0.0431793 -0.0731088
vn 0 1 0
v 0.136853 0.0431793 -0.0123341
vn 0 1 0
v 0.271908 0.0431793 0.0484407
vn 0.410365 0.911921 0
v 0.271908 0.0431793 -0.0123341
vn 0.410365 0.911921 0
v 0.271908 0.0431793 -0.0731088
vn 0.410365 0.911921 0
v 0.136853 0.0431793 -0.0731088
vn 0 1 0
v 0.271908 -0.139144 -0.0731088
vn 1 0 0
v 0.271908 -0.0783691 -0.0123341
vn 1 0 0
v 0.271908 -0.139144 -0.0123341
vn 1 0 0
v 0.271908 -0.0175954 0.0484407
vn 1 0 0
v 0.271908 -0.0783691 0.0484407
vn 1 0 0
v 0.271908 -0.0175954 0.109215
vn 0.410364 0 0.911922
v 0.271908 -0.0783691 0.109215
vn 0.410368 0 0.91192
v 0.271908 -0.139144 0.109215
vn 0.410366 0 0.911921
v 0.271908 -0.139144 0.0484407
vn 1 0 0
v 0.271908 -0.0783691 -0.0731088
vn 1 0 0
v 0.271908 -0.0175954 -0.0731088
vn 1 0 0
v 0.271908 -0.0175954 -0.0123341
vn 1 0 0
v 0.136853 -0.139144 0.109215
vn 0 0 1
v 0.00179843 -0.0783691 0.109215
vn 0 0 1
v 0.00179843 -0.139144 0.109215
vn 0 0 1
v -0.133255 -0.0175954 0.109215
vn 0 0 1
v -0.133255 -0.0783691 0.109215
vn 0 0 1
v -0.133255 -0.139144 0.109215
vn 0 0 1
v 0.136853 -0.0783691 0.109215
vn 0 0 1
v 0.136853 -0.0175954 0.109215
vn 0 0 1
v 0.00179843 -0.0175954 0.109215
vn 0 0 1
v 0.270388 0.0705067 0.11808
vn -0.0480548 -0.93296 -0.356758
v 0.269086 0.0705067 0.117656
vn 0.099896 -0.946298 -0.307475
v 0.270388 0.0708572 0.115864
vn -1.51026e-18 -0.987693 -0.156406
v 0.267783 0.0705067 0.117233
vn 0.099955 -0.946308 -0.307425
v 0.269086 0.0708572 0.115441
vn 0.0508178 -0.986411 -0.156242
v 0.270388 0.0712088 0.113648
vn -1.50973e-18 -0.987653 -0.156658
v 0.266481 0.0705067 0.116809
vn 0.100038 -0.946292 -0.307446
v 0.267783 0.0708572 0.115016
vn 0.0508193 -0.98641 -0.156243
v 0.265177 0.0705067 0.116386
vn 0.170676 -0.932992 -0.316852
v 0.266481 0.0708572 0.114593
vn 0.0918942 -0.987695 -0.12655
v 0.267783 0.0712088 0.112801
vn 0.0920624 -0.987646 -0.126803
v 0.269086 0.0715604 0.111008
vn 0.0919818 -0.987671 -0.126671
v 0.269086 0.0712088 0.113224
vn 0.0508899 -0.986371 -0.156468
v 0.270388 0.0719109 0.109215
vn -6.42053e-18 -1 -1.83444e-18
v 0.270388 0.0715604 0.111431
vn -3.02003e-18 -0.987673 -0.156534
v 0.264372 0.0705067 0.115279
vn 0.261497 -0.946309 -0.190049
v 0.263567 0.0705067 0.11417
vn 0.261496 -0.946319 -0.189998
v 0.265675 0.0708572 0.113486
vn 0.132902 -0.986411 -0.096597
v 0.262763 0.0705067 0.113063
vn 0.261549 -0.946303 -0.190008
v 0.26487 0.0708572 0.112377
vn 0.132924 -0.986408 -0.0965944
v 0.261957 0.0705067 0.111954
vn 0.324432 -0.932975 -0.155892
v 0.264065 0.0708572 0.11127
vn 0.148743 -0.987694 -0.0483406
v 0.266172 0.0712088 0.110585
vn 0.149013 -0.987649 -0.0484285
v 0.268281 0.0715604 0.109901
vn 0.148841 -0.987677 -0.0483726
v 0.266977 0.0712088 0.111693
vn 0.133091 -0.986372 -0.0967359
v 0.261957 0.0705067 0.110585
vn 0.323282 -0.946303 0
v 0.261957 0.0705067 0.109215
vn 0.323322 -0.946289 0
v 0.264065 0.0708572 0.1099
vn 0.16432 -0.986407 0
v 0.261957 0.0705067 0.107845
vn 0.323301 -0.946296 0
v 0.264065 0.0708572 0.10853
vn 0.16432 -0.986407 0
v 0.261957 0.0705067 0.106475
vn 0.354121 -0.932967 0.0645871
v 0.264065 0.0708572 0.107161
vn 0.148742 -0.987694 0.0483459
v 0.266172 0.0712088 0.107846
vn 0.149006 -0.98765 0.0484249
v 0.268281 0.0715604 0.10853
vn 0.148841 -0.987677 0.0483713
v 0.266172 0.0712088 0.109215
vn 0.164516 -0.986374 0
v 0.262763 0.0705067 0.105368
vn 0.261513 -0.946325 0.189948
v 0.263567 0.0705067 0.10426
vn 0.261533 -0.946323 0.189931
v 0.26487 0.0708572 0.106052
vn 0.132922 -0.98641 0.0965772
v 0.264372 0.0705067 0.103151
vn 0.261461 -0.946317 0.190059
v 0.265675 0.0708572 0.104945
vn 0.132899 -0.986413 0.0965801
v 0.265177 0.0705067 0.102044
vn 0.248483 -0.932977 0.260403
v 0.266481 0.0708572 0.103836
vn 0.0919149 -0.987696 0.126523
v 0.267783 0.0712088 0.105629
vn 0.0920924 -0.987649 0.126758
v 0.269086 0.0715604 0.107423
vn 0.0919763 -0.987676 0.126634
v 0.266977 0.0712088 0.106738
vn 0.133088 -0.986374 0.0967189
v 0.266481 0.0705067 0.101621
vn 0.0999448 -0.946326 0.307374
v 0.267783 0.0705067 0.101196
vn 0.0999231 -0.946324 0.307386
v 0.267783 0.0708572 0.103413
vn 0.0507807 -0.98641 0.156256
v 0.269086 0.0705067 0.100773
vn 0.0998769 -0.946318 0.30742
v 0.269086 0.0708572 0.10299
vn 0.0507555 -0.986414 0.156244
v 0.270388 0.0705067 0.10035
vn 0.0480511 -0.932982 0.356702
v 0.270388 0.0708572 0.102567
vn 0 -0.9877 0.156358
v 0.270388 0.0712088 0.104783
vn 0 -0.987649 0.156683
v 0.270388 0.0715604 0.107
vn 3.01953e-18 -0.987677 0.156508
v 0.269086 0.0712088 0.105206
vn 0.0508283 -0.986374 0.156468
v 0.27169 0.0705067 0.100773
vn -0.0998717 -0.946324 0.307404
v 0.272993 0.0705067 0.101196
vn -0.099931 -0.946318 0.307402
v 0.27169 0.0708572 0.10299
vn -0.0507555 -0.986414 0.156244
v 0.274295 0.0705067 0.101621
vn -0.100028 -0.946293 0.307446
v 0.272993 0.0708572 0.103413
vn -0.0507807 -0.98641 0.156256
v 0.275598 0.0705067 0.102044
vn -0.170681 -0.932991 0.316854
v 0.274295 0.0708572 0.103836
vn -0.0919149 -0.987696 0.126523
v 0.272993 0.0712088 0.105629
vn -0.0920924 -0.987649 0.126758
v 0.27169 0.0715604 0.107423
vn -0.0919763 -0.987676 0.126634
v 0.27169 0.0712088 0.105206
vn -0.0508283 -0.986374 0.156468
v 0.276404 0.0705067 0.103151
vn -0.261471 -0.946323 0.190017
v 0.277209 0.0705067 0.10426
vn -0.261593 -0.946297 0.189975
v 0.275101 0.0708572 0.104945
vn -0.132899 -0.986413 0.0965801
v 0.278013 0.0705067 0.105368
vn -0.261498 -0.946319 0.189999
v 0.275906 0.0708572 0.106052
vn -0.132922 -0.98641 0.0965772
v 0.278818 0.0705067 0.106475
vn -0.324387 -0.932987 0.155909
v 0.276711 0.0708572 0.107161
vn -0.148742 -0.987694 0.0483459
v 0.274604 0.0712088 0.107846
vn -0.149006 -0.98765 0.0484249
v 0.272495 0.0715604 0.10853
vn -0.148841 -0.987677 0.0483713
v 0.273798 0.0712088 0.106738
vn -0.133088 -0.986374 0.0967189
v 0.278818 0.0705067 0.107845
vn -0.323321 -0.946289 0
v 0.278818 0.0705067 0.109215
vn -0.323302 -0.946296 0
v 0.276711 0.0708572 0.10853
vn -0.16432 -0.986407 0
v 0.278818 0.0705067 0.110585
vn -0.323283 -0.946302 0
v 0.276711 0.0708572 0.1099
vn -0.16432 -0.986407 0
v 0.278818 0.0705067 0.111954
vn -0.354129 -0.932965 -0.0645746
v 0.276711 0.0708572 0.11127
vn -0.148743 -0.987694 -0.0483406
v 0.274604 0.0712088 0.110585
vn -0.149013 -0.987649 -0.0484285
v 0.272495 0.0715604 0.109901
vn -0.148841 -0.987677 -0.0483726
v 0.274604 0.0712088 0.109215
vn -0.164516 -0.986374 0
v 0.278013 0.0705067 0.113063
vn -0.261536 -0.946312 -0.189982
v 0.277209 0.0705067 0.11417
vn -0.261525 -0.946316 -0.189974
v 0.275906 0.0708572 0.112377
vn -0.132924 -0.986408 -0.0965944
v 0.276404 0.0705067 0.115279
vn -0.261486 -0.946304 -0.19009
v 0.275101 0.0708572 0.113486
vn -0.132902 -0.986411 -0.096597
v 0.275598 0.0705067 0.116386
vn -0.24848 -0.932979 -0.260399
v 0.274295 0.0708572 0.114593
vn -0.0918942 -0.987695 -0.12655
v 0.272993 0.0712088 0.112801
vn -0.0920624 -0.987646 -0.126803
v 0.27169 0.0715604 0.111008
vn -0.0919818 -0.987671 -0.126671
v 0.273798 0.0712088 0.111693
vn -0.133091 -0.986372 -0.0967359
v 0.274295 0.0705067 0.116809
vn -0.0999469 -0.946326 -0.307372
v 0.272993 0.0705067 0.117233
vn -0.0999515 -0.946313 -0.307411
v 0.272993 0.0708572 0.115016
vn -0.0508193 -0.98641 -0.156243
v 0.27169 0.0705067 0.117656
vn -0.0999035 -0.946293 -0.307487
v 0.27169 0.0708572 0.115441
vn -0.0508178 -0.986411 -0.156242
v 0.27169 0.0712088 0.113224
vn -0.0508899 -0.986371 -0.156468
v 0.270388 0.0694878 0.120079
vn -0.0458566 -0.88999 -0.453667
v 0.270388 0.0684688 0.122077
vn -0.0458144 -0.890098 -0.453461
v 0.269086 0.0694878 0.119655
vn 0.145937 -0.881392 -0.449279
v 0.270388 0.0674509 0.124076
vn -0.0458647 -0.890076 -0.453499
v 0.269086 0.0684688 0.121654
vn 0.146009 -0.881458 -0.449124
v 0.270388 0.0664319 0.126075
vn -0.0408554 -0.794716 -0.605605
v 0.269086 0.0674509 0.123653
vn 0.145969 -0.881484 -0.449087
v 0.267783 0.0684688 0.12123
vn 0.145954 -0.881498 -0.449065
v 0.266481 0.0694878 0.118808
vn 0.145941 -0.881406 -0.449248
v 0.267783 0.0694878 0.119232
vn 0.146207 -0.881324 -0.449324
v 0.26791 0.0664319 0.12527
vn 0.187672 -0.794597 -0.577404
v 0.265433 0.0664319 0.124465
vn 0.18754 -0.794671 -0.577345
v 0.266608 0.0674509 0.122848
vn 0.145926 -0.881486 -0.449097
v 0.262955 0.0664319 0.123661
vn 0.187519 -0.794651 -0.577378
v 0.26413 0.0674509 0.122043
vn 0.145863 -0.881495 -0.4491
v 0.260477 0.0664319 0.122855
vn 0.322833 -0.794746 -0.513963
v 0.261652 0.0674509 0.121239
vn 0.22943 -0.890103 -0.393799
v 0.262828 0.0684688 0.119621
vn 0.229465 -0.890111 -0.39376
v 0.264003 0.0694878 0.118004
vn 0.229525 -0.89001 -0.393954
v 0.265305 0.0684688 0.120426
vn 0.145868 -0.881502 -0.449085
v 0.263197 0.0694878 0.116895
vn 0.382112 -0.881393 -0.277736
v 0.262023 0.0684688 0.118513
vn 0.381977 -0.8815 -0.27758
v 0.260848 0.0674509 0.12013
vn 0.382039 -0.881487 -0.277537
v 0.261217 0.0684688 0.117405
vn 0.382013 -0.88148 -0.277594
v 0.261587 0.0694878 0.11468
vn 0.382177 -0.881397 -0.277633
v 0.262392 0.0694878 0.115788
vn 0.382133 -0.8814 -0.277685
v 0.258946 0.0664319 0.120748
vn 0.491105 -0.794674 -0.356805
v 0.257415 0.0664319 0.118641
vn 0.491221 -0.794597 -0.356815
v 0.259316 0.0674509 0.118023
vn 0.381976 -0.881501 -0.27758
v 0.255884 0.0664319 0.116532
vn 0.49114 -0.794626 -0.356863
v 0.257785 0.0674509 0.115915
vn 0.382062 -0.881457 -0.2776
v 0.254352 0.0664319 0.114425
vn 0.56324 -0.794769 -0.22606
v 0.256253 0.0674509 0.113807
vn 0.417191 -0.890051 -0.183742
v 0.258154 0.0684688 0.11319
vn 0.417066 -0.890131 -0.183639
v 0.260056 0.0694878 0.112572
vn 0.417254 -0.890026 -0.183721
v 0.259686 0.0684688 0.115297
vn 0.381972 -0.881503 -0.277577
v 0.260056 0.0694878 0.111203
vn 0.472308 -0.881434 0
v 0.258154 0.0684688 0.11182
vn 0.472121 -0.881534 0
v 0.256253 0.0674509 0.112438
vn 0.472244 -0.881468 0
v 0.258154 0.0684688 0.11045
vn 0.472113 -0.881538 0
v 0.260056 0.0694878 0.108463
vn 0.472297 -0.881439 0
v 0.260056 0.0694878 0.109832
vn 0.472308 -0.881434 0
v 0.254352 0.0664319 0.11182
vn 0.607033 -0.794677 0
v 0.254352 0.0664319 0.109214
vn 0.607034 -0.794676 0
v 0.256253 0.0674509 0.109832
vn 0.472224 -0.881478 0
v 0.254352 0.0664319 0.10661
vn 0.607043 -0.794669 0
v 0.256253 0.0674509 0.107227
vn 0.472224 -0.881478 0
v 0.254352 0.0664319 0.104005
vn 0.588514 -0.794775 0.148271
v 0.256253 0.0674509 0.104623
vn 0.445461 -0.890077 0.0965848
v 0.258154 0.0684688 0.105241
vn 0.44537 -0.890121 0.0965908
v 0.260056 0.0694878 0.105857
vn 0.445524 -0.890048 0.0965546
v 0.258154 0.0684688 0.107845
vn 0.472121 -0.881534 0
v 0.260861 0.0694878 0.10475
vn 0.382152 -0.881439 0.277535
v 0.258959 0.0684688 0.104132
vn 0.382025 -0.881494 0.277534
v 0.257058 0.0674509 0.103514
vn 0.382044 -0.881459 0.277618
v 0.259765 0.0684688 0.103024
vn 0.381978 -0.881492 0.277607
v 0.262471 0.0694878 0.102534
vn 0.382147 -0.88138 0.277728
v 0.261666 0.0694878 0.103642
vn 0.382161 -0.881373 0.277731
v 0.255884 0.0664319 0.101897
vn 0.491083 -0.794666 0.356851
v 0.257415 0.0664319 0.0997891
vn 0.491097 -0.79469 0.356779
v 0.25859 0.0674509 0.101407
vn 0.382013 -0.881473 0.277616
v 0.258946 0.0664319 0.0976817
vn 0.491139 -0.794639 0.356834
v 0.260122 0.0674509 0.0992996
vn 0.381978 -0.88152 0.277516
v 0.260477 0.0664319 0.0955744
vn 0.389063 -0.794691 0.465936
v 0.261652 0.0674509 0.0971922
vn 0.303609 -0.890125 0.339852
v 0.262828 0.0684688 0.0988091
vn 0.303603 -0.890082 0.339968
v 0.264003 0.0694878 0.100426
vn 0.303724 -0.890009 0.340052
v 0.261296 0.0684688 0.100916
vn 0.38201 -0.881476 0.277611
v 0.265305 0.0694878 0.100003
vn 0.146015 -0.881397 0.449243
v 0.26413 0.0684688 0.098386
vn 0.145927 -0.881486 0.449097
v 0.262955 0.0674509 0.096768
vn 0.145895 -0.881512 0.449056
v 0.265433 0.0684688 0.0979628
vn 0.145903 -0.881492 0.449092
v 0.26791 0.0694878 0.0991565
vn 0.14602 -0.881376 0.449283
v 0.266608 0.0694878 0.0995796
vn 0.145954 -0.881343 0.449368
v 0.262955 0.0664319 0.0947691
vn 0.187543 -0.794604 0.577435
v 0.265433 0.0664319 0.0939649
vn 0.187585 -0.794646 0.577364
v 0.265433 0.0674509 0.0959638
vn 0.145883 -0.881491 0.449101
v 0.26791 0.0664319 0.0931596
vn 0.187646 -0.79469 0.577284
v 0.26791 0.0674509 0.0951586
vn 0.145977 -0.881479 0.449095
v 0.270388 0.0664319 0.0923543
vn 0.0408537 -0.794713 0.605608
v 0.270388 0.0674509 0.0943533
vn 0.0458673 -0.890075 0.453501
v 0.270388 0.0684688 0.0963522
vn 0.0458219 -0.890097 0.453461
v 0.270388 0.0694878 0.0983512
vn 0.0458663 -0.889992 0.453663
v 0.26791 0.0684688 0.0971575
vn 0.145977 -0.881479 0.449095
v 0.27169 0.0694878 0.0987743
vn -0.145947 -0.88139 0.449278
v 0.27169 0.0684688 0.0967754
vn -0.145894 -0.881488 0.449104
v 0.27169 0.0674509 0.0947765
vn -0.145946 -0.881465 0.449131
v 0.272993 0.0684688 0.0971986
vn -0.145949 -0.881498 0.449065
v 0.274295 0.0694878 0.0996217
vn -0.145967 -0.881424 0.449206
v 0.272993 0.0694878 0.0991975
vn -0.146127 -0.881367 0.449266
v 0.272866 0.0664319 0.0931596
vn -0.187599 -0.79466 0.577341
v 0.275343 0.0664319 0.0939649
vn -0.18757 -0.794695 0.577302
v 0.274168 0.0674509 0.0955817
vn -0.145969 -0.881455 0.449143
v 0.277821 0.0664319 0.0947691
vn -0.187539 -0.794687 0.577323
v 0.276646 0.0674509 0.096387
vn -0.145926 -0.881486 0.449098
v 0.280298 0.0664319 0.0955744
vn -0.322869 -0.794717 0.513984
v 0.279124 0.0674509 0.0971922
vn -0.229457 -0.890111 0.393766
v 0.277948 0.0684688 0.0988091
vn -0.229587 -0.890081 0.393759
v 0.276773 0.0694878 0.100426
vn -0.229525 -0.89001 0.393954
v 0.275471 0.0684688 0.0980038
vn -0.145932 -0.881493 0.449082
v 0.277578 0.0694878 0.101534
vn -0.382246 -0.881346 0.2777
v 0.278753 0.0684688 0.0999175
vn -0.381981 -0.881499 0.277578
v 0.279928 0.0674509 0.0982996
vn -0.381952 -0.881517 0.277562
v 0.279558 0.0684688 0.101025
vn -0.381921 -0.881512 0.277621
v 0.279189 0.0694878 0.10375
vn -0.382081 -0.881431 0.277657
v 0.278384 0.0694878 0.102643
vn -0.382133 -0.8814 0.277685
v 0.28183 0.0664319 0.0976817
vn -0.491094 -0.794668 0.356833
v 0.283361 0.0664319 0.0997891
vn -0.491197 -0.794629 0.356777
v 0.281459 0.0674509 0.100407
vn -0.38201 -0.881493 0.277557
v 0.284892 0.0664319 0.101897
vn -0.491094 -0.794656 0.356858
v 0.282991 0.0674509 0.102515
vn -0.382054 -0.88147 0.277572
v 0.286424 0.0664319 0.104005
vn -0.563334 -0.794707 0.226045
v 0.284523 0.0674509 0.104623
vn -0.417125 -0.890076 0.183769
v 0.282622 0.0684688 0.105241
vn -0.417093 -0.890116 0.18365
v 0.280719 0.0694878 0.105857
vn -0.417294 -0.890015 0.183682
v 0.28109 0.0684688 0.103132
vn -0.382046 -0.881477 0.27756
v 0.280719 0.0694878 0.107228
vn -0.472308 -0.881434 0
v 0.282622 0.0684688 0.10661
vn -0.472121 -0.881534 0
v 0.284523 0.0674509 0.105992
vn -0.472244 -0.881468 0
v 0.282622 0.0684688 0.10798
vn -0.472113 -0.881538 0
v 0.280719 0.0694878 0.109967
vn -0.472297 -0.881439 0
v 0.280719 0.0694878 0.108597
vn -0.472308 -0.881434 0
v 0.286424 0.0664319 0.10661
vn -0.607154 -0.794584 0
v 0.286424 0.0664319 0.109214
vn -0.607162 -0.794578 0
v 0.284523 0.0674509 0.108597
vn -0.472224 -0.881478 0
v 0.286424 0.0664319 0.11182
vn -0.607145 -0.794591 0
v 0.284523 0.0674509 0.111202
vn -0.472224 -0.881478 0
v 0.286424 0.0664319 0.114425
vn -0.588654 -0.794667 -0.148293
v 0.284523 0.0674509 0.113807
vn -0.445477 -0.890069 -0.096579
v 0.282622 0.0684688 0.11319
vn -0.445373 -0.890121 -0.0965822
v 0.280719 0.0694878 0.112572
vn -0.445529 -0.890047 -0.0965383
v 0.282622 0.0684688 0.110585
vn -0.472121 -0.881534 0
v 0.279915 0.0694878 0.11368
vn -0.38214 -0.881418 -0.277616
v 0.281816 0.0684688 0.114298
vn -0.382002 -0.881453 -0.277696
v 0.283717 0.0674509 0.114915
vn -0.382014 -0.881469 -0.277629
v 0.281011 0.0684688 0.115405
vn -0.381979 -0.881491 -0.277606
v 0.278305 0.0694878 0.115895
vn -0.382177 -0.88137 -0.277717
v 0.27911 0.0694878 0.114788
vn -0.382179 -0.881348 -0.277786
v 0.284892 0.0664319 0.116532
vn -0.491125 -0.794651 -0.356828
v 0.283361 0.0664319 0.118641
vn -0.491098 -0.794691 -0.356776
v 0.282186 0.0674509 0.117023
vn -0.381995 -0.881492 -0.27758
v 0.28183 0.0664319 0.120748
vn -0.49115 -0.794656 -0.356781
v 0.280654 0.0674509 0.11913
vn -0.381989 -0.881528 -0.277477
v 0.280298 0.0664319 0.122855
vn -0.389011 -0.794725 -0.46592
v 0.279124 0.0674509 0.121239
vn -0.303608 -0.890126 -0.339849
v 0.277948 0.0684688 0.119621
vn -0.303599 -0.890105 -0.339913
v 0.276773 0.0694878 0.118004
vn -0.303722 -0.890008 -0.340056
v 0.279479 0.0684688 0.117513
vn -0.382026 -0.88148 -0.277579
v 0.275471 0.0694878 0.118427
vn -0.146015 -0.881397 -0.449243
v 0.276646 0.0684688 0.120044
vn -0.145958 -0.881529 -0.449003
v 0.277821 0.0674509 0.121662
vn -0.145946 -0.881483 -0.449097
v 0.275343 0.0684688 0.120468
vn -0.145921 -0.881531 -0.44901
v 0.272866 0.0694878 0.119273
vn -0.145975 -0.881394 -0.449261
v 0.274168 0.0694878 0.11885
vn -0.145985 -0.881386 -0.449274
v 0.277821 0.0664319 0.123661
vn -0.187527 -0.794598 -0.577449
v 0.275343 0.0664319 0.124465
vn -0.18758 -0.794594 -0.577437
v 0.275343 0.0674509 0.122467
vn -0.145877 -0.881459 -0.449165
v 0.272866 0.0664319 0.12527
vn -0.187647 -0.79469 -0.577283
v 0.272866 0.0674509 0.123271
vn -0.145924 -0.881469 -0.44913
v 0.272866 0.0684688 0.121272
vn -0.145883 -0.881491 -0.449101
v 0.270388 0.0648456 0.127662
vn -0.0362883 -0.706517 -0.706765
v 0.270388 0.0632583 0.129248
vn -0.0363559 -0.706636 -0.706643
v 0.26791 0.0648456 0.126856
vn 0.223871 -0.689156 -0.689163
v 0.270388 0.061672 0.130835
vn -0.0364183 -0.706716 -0.70656
v 0.26791 0.0632583 0.128444
vn 0.223871 -0.689156 -0.689163
v 0.270388 0.0600856 0.132422
vn -0.0297461 -0.577785 -0.815647
v 0.26791 0.061672 0.13003
vn 0.224004 -0.689141 -0.689135
v 0.265433 0.0632583 0.127639
vn 0.223951 -0.689055 -0.689238
v 0.262955 0.0648456 0.125247
vn 0.223854 -0.689132 -0.689193
v 0.265433 0.0648456 0.126052
vn 0.223865 -0.689159 -0.689162
v 0.266977 0.0600856 0.131313
vn 0.2542 -0.56858 -0.782368
v 0.263567 0.0600856 0.130206
vn 0.254127 -0.568649 -0.782341
v 0.264501 0.061672 0.128922
vn 0.223841 -0.68922 -0.689109
v 0.260157 0.0600856 0.129098
vn 0.254206 -0.568513 -0.782415
v 0.26109 0.061672 0.127814
vn 0.223835 -0.689205 -0.689126
v 0.256747 0.0600856 0.12799
vn 0.455323 -0.577807 -0.677362
v 0.25768 0.061672 0.126707
vn 0.385847 -0.706695 -0.593047
v 0.258612 0.0632583 0.125423
vn 0.385952 -0.706602 -0.593089
v 0.259545 0.0648456 0.12414
vn 0.385904 -0.706612 -0.593108
v 0.262023 0.0632583 0.126531
vn 0.223867 -0.689066 -0.689255
v 0.258013 0.0648456 0.122031
vn 0.586318 -0.689085 -0.425903
v 0.257081 0.0632583 0.123315
vn 0.586317 -0.689106 -0.42587
v 0.256148 0.061672 0.124599
vn 0.586253 -0.68919 -0.425822
v 0.25555 0.0632583 0.121207
vn 0.586279 -0.689114 -0.425909
v 0.254951 0.0648456 0.117816
vn 0.586179 -0.68913 -0.426021
v 0.256483 0.0648456 0.119924
vn 0.586315 -0.689088 -0.425902
v 0.254639 0.0600856 0.125089
vn 0.665526 -0.568571 -0.48353
v 0.252531 0.0600856 0.122188
vn 0.665526 -0.568571 -0.48353
v 0.254041 0.061672 0.121698
vn 0.586127 -0.689285 -0.425842
v 0.250424 0.0600856 0.119287
vn 0.665526 -0.568571 -0.48353
v 0.251933 0.061672 0.118796
vn 0.586124 -0.689288 -0.425841
v 0.248316 0.0600856 0.116386
vn 0.766609 -0.577706 -0.280295
v 0.249825 0.061672 0.115895
vn 0.660682 -0.706761 -0.252957
v 0.251334 0.0632583 0.115405
vn 0.660904 -0.706543 -0.252988
v 0.252843 0.0648456 0.114915
vn 0.660851 -0.706576 -0.253034
v 0.253442 0.0632583 0.118306
vn 0.586293 -0.689049 -0.425996
v 0.252843 0.0648456 0.11231
vn 0.724673 -0.689093 0
v 0.251334 0.0632583 0.112801
vn 0.724673 -0.689093 0
v 0.249825 0.061672 0.11329
vn 0.724556 -0.689216 0
v 0.251334 0.0632583 0.110195
vn 0.72466 -0.689107 0
v 0.252843 0.0648456 0.1071
vn 0.724686 -0.68908 0
v 0.252843 0.0648456 0.109705
vn 0.724673 -0.689093 0
v 0.248316 0.0600856 0.112801
vn 0.822755 -0.568397 0
v 0.248316 0.0600856 0.109214
vn 0.822755 -0.568397 0
v 0.249825 0.061672 0.109705
vn 0.72455 -0.689222 0
v 0.248316 0.0600856 0.105629
vn 0.822759 -0.56839 0
v 0.249825 0.061672 0.10612
vn 0.72455 -0.689222 0
v 0.248316 0.0600856 0.102044
vn 0.784976 -0.577696 0.223785
v 0.249825 0.061672 0.102534
vn 0.683233 -0.706691 0.183796
v 0.251334 0.0632583 0.103024
vn 0.683319 -0.706595 0.183844
v 0.252843 0.0648456 0.103514
vn 0.683344 -0.706579 0.183814
v 0.251334 0.0632583 0.10661
vn 0.724673 -0.689093 0
v 0.254374 0.0648456 0.101407
vn 0.586225 -0.689093 0.426018
v 0.252866 0.0632583 0.100916
vn 0.586229 -0.68909 0.426016
v 0.251356 0.061672 0.100426
vn 0.58615 -0.68928 0.425817
v 0.254397 0.0632583 0.0988091
vn 0.586167 -0.689221 0.42589
v 0.257437 0.0648456 0.0971922
vn 0.586307 -0.689039 0.425992
v 0.255906 0.0648456 0.0992996
vn 0.586291 -0.689015 0.426053
v 0.250424 0.0600856 0.0991428
vn 0.665632 -0.568452 0.483525
v 0.252531 0.0600856 0.0962417
vn 0.665569 -0.568464 0.483597
v 0.253464 0.061672 0.0975249
vn 0.586107 -0.689309 0.425829
v 0.254639 0.0600856 0.0933406
vn 0.665542 -0.568544 0.483541
v 0.255572 0.061672 0.0946238
vn 0.58614 -0.689245 0.425889
v 0.256747 0.0600856 0.0904396
vn 0.503451 -0.577858 0.642353
v 0.25768 0.061672 0.0917228
vn 0.444715 -0.706699 0.550277
v 0.258612 0.0632583 0.093007
vn 0.444741 -0.706703 0.550252
v 0.259545 0.0648456 0.0942912
vn 0.444846 -0.706601 0.550297
v 0.256505 0.0632583 0.095908
vn 0.586194 -0.689219 0.425856
v 0.262023 0.0648456 0.093486
vn 0.223909 -0.689161 0.689145
v 0.26109 0.0632583 0.0922017
vn 0.223933 -0.689178 0.689121
v 0.260157 0.061672 0.0909186
vn 0.223904 -0.689215 0.689093
v 0.263567 0.0632583 0.0913965
vn 0.223941 -0.689126 0.68917
v 0.266977 0.0648456 0.0918754
vn 0.223879 -0.689144 0.689172
v 0.264501 0.0648456 0.0926807
vn 0.223971 -0.689281 0.689006
v 0.260157 0.0600856 0.0893312
vn 0.254198 -0.568508 0.782421
v 0.263567 0.0600856 0.0882238
vn 0.2542 -0.568491 0.782433
v 0.263567 0.061672 0.0898102
vn 0.223858 -0.689201 0.689122
v 0.266977 0.0600856 0.0871154
vn 0.254174 -0.568468 0.782457
v 0.266977 0.061672 0.0887028
vn 0.22388 -0.689234 0.689082
v 0.270388 0.0600856 0.086008
vn 0.0297488 -0.577768 0.815659
v 0.270388 0.061672 0.0875944
vn 0.0363397 -0.706687 0.706593
v 0.270388 0.0632583 0.0891807
vn 0.0363976 -0.706604 0.706673
v 0.270388 0.0648456 0.090768
vn 0.0364055 -0.706625 0.706652
v 0.266977 0.0632583 0.0902891
vn 0.223862 -0.689085 0.689237
v 0.272866 0.0648456 0.0915723
vn -0.223894 -0.689196 0.689116
v 0.272866 0.0632583 0.0899859
vn -0.224035 -0.689018 0.689248
v 0.272866 0.061672 0.0883996
vn -0.223859 -0.689258 0.689065
v 0.275343 0.0632583 0.0907912
vn -0.223898 -0.689138 0.689173
v 0.277821 0.0648456 0.0931828
vn -0.223944 -0.689095 0.6892
v 0.275343 0.0648456 0.0923775
vn -0.223971 -0.689104 0.689183
v 0.273798 0.0600856 0.0871154
vn -0.254181 -0.568522 0.782416
v 0.277209 0.0600856 0.0882238
vn -0.254177 -0.568559 0.78239
v 0.276275 0.061672 0.089507
vn -0.22386 -0.689266 0.689056
v 0.280618 0.0600856 0.0893312
vn -0.254207 -0.568516 0.782412
v 0.279686 0.061672 0.0906154
vn -0.223854 -0.689251 0.689073
v 0.284029 0.0600856 0.0904396
vn -0.455403 -0.57775 0.677358
v 0.283096 0.061672 0.0917228
vn -0.385855 -0.706738 0.59299
v 0.282164 0.0632583 0.093007
vn -0.385885 -0.706666 0.593056
v 0.281231 0.0648456 0.0942912
vn -0.385896 -0.706617 0.593107
v 0.278753 0.0632583 0.0918986
vn -0.2239 -0.68916 0.68915
v 0.282763 0.0648456 0.0963986
vn -0.586254 -0.689124 0.425928
v 0.283695 0.0632583 0.0951144
vn -0.586264 -0.689134 0.425899
v 0.284628 0.061672 0.0938312
vn -0.586257 -0.689167 0.425854
v 0.285226 0.0632583 0.0972217
vn -0.58624 -0.68913 0.425938
v 0.285825 0.0648456 0.100613
vn -0.586183 -0.689176 0.425941
v 0.284293 0.0648456 0.0985059
vn -0.586255 -0.689143 0.425895
v 0.286136 0.0600856 0.0933406
vn -0.665526 -0.568571 0.48353
v 0.288245 0.0600856 0.0962417
vn -0.665526 -0.568571 0.48353
v 0.286735 0.061672 0.0967323
vn -0.586182 -0.689214 0.425881
v 0.290352 0.0600856 0.0991428
vn -0.665526 -0.568571 0.48353
v 0.288843 0.061672 0.0996333
vn -0.586178 -0.689218 0.425881
v 0.292459 0.0600856 0.102044
vn -0.76661 -0.577699 0.280309
v 0.290951 0.061672 0.102534
vn -0.6607 -0.706736 0.252982
v 0.289442 0.0632583 0.103024
vn -0.660841 -0.706623 0.25293
v 0.287932 0.0648456 0.103514
vn -0.660861 -0.706596 0.25295
v 0.287334 0.0632583 0.100123
vn -0.586283 -0.689084 0.425953
v 0.287932 0.0648456 0.10612
vn -0.724673 -0.689093 0
v 0.289442 0.0632583 0.105629
vn -0.724551 -0.689221 0
v 0.290951 0.061672 0.105139
vn -0.724556 -0.689216 0
v 0.289442 0.0632583 0.108234
vn -0.724544 -0.689228 0
v 0.287932 0.0648456 0.111329
vn -0.724673 -0.689093 0
v 0.287932 0.0648456 0.108725
vn -0.724673 -0.689093 0
v 0.292459 0.0600856 0.105629
vn -0.82275 -0.568403 0
v 0.292459 0.0600856 0.109214
vn -0.822754 -0.568397 0
v 0.290951 0.061672 0.108725
vn -0.72455 -0.689222 0
v 0.292459 0.0600856 0.112801
vn -0.822759 -0.56839 0
v 0.290951 0.061672 0.11231
vn -0.72455 -0.689222 0
v 0.292459 0.0600856 0.116386
vn -0.784978 -0.577693 -0.223787
v 0.290951 0.061672 0.115895
vn -0.683216 -0.706711 -0.183781
v 0.289442 0.0632583 0.115405
vn -0.683256 -0.706672 -0.183785
v 0.287932 0.0648456 0.114915
vn -0.683343 -0.706605 -0.183716
v 0.289442 0.0632583 0.11182
vn -0.724551 -0.689221 0
v 0.286402 0.0648456 0.117023
vn -0.586268 -0.68912 -0.425915
v 0.28791 0.0632583 0.117513
vn -0.586233 -0.689127 -0.425952
v 0.289419 0.061672 0.118004
vn -0.586151 -0.68928 -0.425818
v 0.286378 0.0632583 0.119621
vn -0.586197 -0.689201 -0.425882
v 0.283338 0.0648456 0.121239
vn -0.586323 -0.689056 -0.425943
v 0.28487 0.0648456 0.11913
vn -0.586302 -0.689045 -0.42599
v 0.290352 0.0600856 0.119287
vn -0.665635 -0.568446 -0.483528
v 0.288245 0.0600856 0.122188
vn -0.665572 -0.568458 -0.4836
v 0.287312 0.061672 0.120905
vn -0.586107 -0.689309 -0.425829
v 0.286136 0.0600856 0.125089
vn -0.665545 -0.568538 -0.483544
v 0.285204 0.061672 0.123806
vn -0.58614 -0.689245 -0.425889
v 0.284029 0.0600856 0.12799
vn -0.503417 -0.577822 -0.642412
v 0.283096 0.061672 0.126707
vn -0.444713 -0.706697 -0.550281
v 0.282164 0.0632583 0.125423
vn -0.444753 -0.706645 -0.550316
v 0.281231 0.0648456 0.12414
vn -0.444814 -0.706573 -0.55036
v 0.284271 0.0632583 0.122522
vn -0.586248 -0.689149 -0.425896
v 0.278753 0.0648456 0.124944
vn -0.223836 -0.689105 -0.689225
v 0.279686 0.0632583 0.126228
vn -0.22386 -0.689122 -0.689201
v 0.280618 0.061672 0.127511
vn -0.223846 -0.68917 -0.689157
v 0.277209 0.0632583 0.127032
vn -0.223945 -0.689129 -0.689166
v 0.273798 0.0648456 0.126554
vn -0.223929 -0.689104 -0.689196
v 0.276275 0.0648456 0.125749
vn -0.223956 -0.689196 -0.689096
v 0.280618 0.0600856 0.129098
vn -0.254198 -0.568507 -0.782421
v 0.277209 0.0600856 0.130206
vn -0.2542 -0.568491 -0.782432
v 0.277209 0.061672 0.12862
vn -0.223911 -0.689229 -0.689077
v 0.273798 0.0600856 0.131313
vn -0.254174 -0.568468 -0.782458
v 0.273798 0.061672 0.129727
vn -0.223827 -0.689207 -0.689127
v 0.273798 0.0632583 0.128141
vn -0.223862 -0.68908 -0.689242
v 0.270388 0.0580867 0.133441
vn -0.0234084 -0.453926 -0.890732
v 0.270388 0.0560867 0.13446
vn -0.0233105 -0.4538 -0.890799
v 0.266977 0.0580867 0.132332
vn 0.278023 -0.436145 -0.855851
v 0.270388 0.0540877 0.135477
vn -0.0233398 -0.453897 -0.890749
v 0.266977 0.0560867 0.133351
vn 0.277988 -0.436093 -0.855889
v 0.270388 0.0520888 0.136496
vn -0.0157021 -0.303941 -0.952561
v 0.266977 0.0540877 0.13437
vn 0.278039 -0.436101 -0.855868
v 0.263567 0.0560867 0.132244
vn 0.278142 -0.435969 -0.855902
v 0.260157 0.0580867 0.130116
vn 0.278074 -0.436114 -0.85585
v 0.263567 0.0580867 0.131225
vn 0.278055 -0.436144 -0.855841
v 0.266379 0.0520888 0.135194
vn 0.295299 -0.295241 -0.908642
v 0.26237 0.0520888 0.133891
vn 0.295324 -0.295127 -0.908672
v 0.262969 0.0540877 0.133067
vn 0.278141 -0.436008 -0.855882
v 0.258362 0.0520888 0.132588
vn 0.295266 -0.295187 -0.908671
v 0.258959 0.0540877 0.131765
vn 0.27815 -0.436032 -0.855867
v 0.254352 0.0520888 0.131286
vn 0.547191 -0.303961 -0.779866
v 0.254951 0.0540877 0.130462
vn 0.504668 -0.453898 -0.734361
v 0.25555 0.0560867 0.129637
vn 0.504823 -0.453679 -0.73439
v 0.256148 0.0580867 0.128814
vn 0.50471 -0.453717 -0.734445
v 0.259558 0.0560867 0.130941
vn 0.278164 -0.435938 -0.85591
v 0.254041 0.0580867 0.125913
vn 0.728115 -0.435898 -0.529001
v 0.253442 0.0560867 0.126736
vn 0.728052 -0.436007 -0.528997
v 0.252843 0.0540877 0.127561
vn 0.728004 -0.436154 -0.528942
v 0.251334 0.0560867 0.123835
vn 0.728041 -0.436019 -0.529002
v 0.249825 0.0580867 0.120111
vn 0.728086 -0.435978 -0.528974
v 0.251933 0.0580867 0.123012
vn 0.728115 -0.435895 -0.529003
v 0.251874 0.0520888 0.127875
vn 0.772918 -0.295288 -0.561607
v 0.249396 0.0520888 0.124466
vn 0.772915 -0.295374 -0.561566
v 0.250366 0.0540877 0.124151
vn 0.727984 -0.436187 -0.528943
v 0.246919 0.0520888 0.121055
vn 0.772969 -0.295241 -0.561561
v 0.247888 0.0540877 0.120741
vn 0.728024 -0.436097 -0.528962
v 0.244442 0.0520888 0.117646
vn 0.90114 -0.303809 -0.309268
v 0.24541 0.0540877 0.117331
vn 0.839953 -0.453825 -0.297528
v 0.246378 0.0560867 0.117015
vn 0.839919 -0.453911 -0.29749
v 0.247348 0.0580867 0.116701
vn 0.839985 -0.453806 -0.297466
v 0.248856 0.0560867 0.120426
vn 0.728061 -0.436003 -0.528989
v 0.247348 0.0580867 0.113115
vn 0.8999 -0.436096 0
v 0.246378 0.0560867 0.11343
vn 0.899902 -0.436093 0
v 0.24541 0.0540877 0.113745
vn 0.89995 -0.435993 0
v 0.246378 0.0560867 0.109845
vn 0.899903 -0.43609 0
v 0.247348 0.0580867 0.105944
vn 0.899899 -0.436098 0
v 0.247348 0.0580867 0.10953
vn 0.8999 -0.436096 0
v 0.244442 0.0520888 0.11343
vn 0.955447 -0.295164 0
v 0.244442 0.0520888 0.109215
vn 0.955443 -0.295176 0
v 0.24541 0.0540877 0.10953
vn 0.89995 -0.435993 0
v 0.244442 0.0520888 0.105001
vn 0.955445 -0.29517 0
v 0.24541 0.0540877 0.105314
vn 0.89995 -0.435993 0
v 0.244442 0.0520888 0.100785
vn 0.910834 -0.303756 0.279489
v 0.24541 0.0540877 0.1011
vn 0.854397 -0.453833 0.253063
v 0.246378 0.0560867 0.101414
vn 0.854386 -0.45381 0.253142
v 0.247348 0.0580867 0.101729
vn 0.854392 -0.453875 0.253004
v 0.246378 0.0560867 0.105629
vn 0.899902 -0.436093 0
v 0.249455 0.0580867 0.098828
vn 0.728107 -0.43597 0.528952
v 0.248487 0.0560867 0.0985133
vn 0.728065 -0.436022 0.528967
v 0.247517 0.0540877 0.0981986
vn 0.728049 -0.436104 0.528921
v 0.250594 0.0560867 0.0956123
vn 0.728083 -0.436023 0.528941
v 0.25367 0.0580867 0.0930259
vn 0.728088 -0.436008 0.528947
v 0.251563 0.0580867 0.095927
vn 0.728107 -0.43597 0.528952
v 0.246919 0.0520888 0.0973744
vn 0.772979 -0.295252 0.561543
v 0.249396 0.0520888 0.0939649
vn 0.772946 -0.295322 0.561552
v 0.249995 0.0540877 0.094788
vn 0.728044 -0.436079 0.528949
v 0.251874 0.0520888 0.0905543
vn 0.772919 -0.295264 0.561619
v 0.252473 0.0540877 0.0913775
vn 0.728021 -0.436065 0.528992
v 0.254352 0.0520888 0.0871438
vn 0.57254 -0.303887 0.761479
v 0.254951 0.0540877 0.0879681
vn 0.542447 -0.45383 0.706959
v 0.25555 0.0560867 0.0887912
vn 0.542454 -0.453715 0.707027
v 0.256148 0.0580867 0.0896154
vn 0.542513 -0.453702 0.706989
v 0.253072 0.0560867 0.0922017
vn 0.728088 -0.43596 0.528987
v 0.259558 0.0580867 0.088508
vn 0.278038 -0.435924 0.855959
v 0.258959 0.0560867 0.0876839
vn 0.278108 -0.435993 0.855901
v 0.258362 0.0540877 0.0868596
vn 0.278086 -0.435988 0.85591
v 0.26237 0.0560867 0.0865754
vn 0.278039 -0.435977 0.855931
v 0.266379 0.0580867 0.0862922
vn 0.278054 -0.435956 0.855937
v 0.262969 0.0580867 0.0873996
vn 0.278086 -0.435974 0.855918
v 0.258362 0.0520888 0.0858418
vn 0.295215 -0.295243 0.908669
v 0.26237 0.0520888 0.0845385
vn 0.295285 -0.295327 0.908619
v 0.26237 0.0540877 0.0855575
vn 0.278103 -0.43605 0.855874
v 0.266379 0.0520888 0.0832365
vn 0.295211 -0.295239 0.908672
v 0.266379 0.0540877 0.0842543
vn 0.2781 -0.436054 0.855872
v 0.270388 0.0520888 0.0819333
vn 0.0156554 -0.303809 0.952604
v 0.270388 0.0540877 0.0829522
vn 0.0233784 -0.453825 0.890784
v 0.270388 0.0560867 0.0839702
vn 0.0233155 -0.453804 0.890797
v 0.270388 0.0580867 0.0849891
vn 0.0234494 -0.45386 0.890764
v 0.266379 0.0560867 0.0852733
vn 0.27813 -0.436071 0.855854
v 0.273798 0.0580867 0.0860975
vn -0.278077 -0.43602 0.855897
v 0.273798 0.0560867 0.0850786
vn -0.277991 -0.436086 0.855891
v 0.273798 0.0540877 0.0840596
vn -0.2781 -0.435969 0.855915
v 0.277209 0.0560867 0.086186
vn -0.278149 -0.435955 0.855907
v 0.280618 0.0580867 0.0883133
vn -0.278133 -0.435988 0.855895
v 0.277209 0.0580867 0.0872049
vn -0.278029 -0.436083 0.85588
v 0.274396 0.0520888 0.0832365
vn -0.295261 -0.295191 0.908671
v 0.278406 0.0520888 0.0845385
vn -0.29525 -0.295189 0.908676
v 0.277807 0.0540877 0.0853628
vn -0.278111 -0.435956 0.855919
v 0.282414 0.0520888 0.0858418
vn -0.295269 -0.29518 0.908672
v 0.281816 0.0540877 0.0866649
vn -0.278126 -0.435966 0.855909
v 0.286424 0.0520888 0.0871438
vn -0.547192 -0.304028 0.779838
v 0.285825 0.0540877 0.0879681
vn -0.504766 -0.453703 0.734414
v 0.285226 0.0560867 0.0887912
vn -0.504752 -0.45372 0.734414
v 0.284628 0.0580867 0.0896154
vn -0.504655 -0.453814 0.734423
v 0.281217 0.0560867 0.0874891
vn -0.278083 -0.435994 0.855909
v 0.286735 0.0580867 0.0925165
vn -0.72807 -0.436012 0.528968
v 0.287334 0.0560867 0.0916922
vn -0.728116 -0.435898 0.528999
v 0.287932 0.0540877 0.0908691
vn -0.728047 -0.436043 0.528974
v 0.289442 0.0560867 0.0945933
vn -0.728087 -0.435925 0.529017
v 0.290951 0.0580867 0.0983186
vn -0.728083 -0.436019 0.528945
v 0.288843 0.0580867 0.0954175
vn -0.72807 -0.436009 0.528971
v 0.288902 0.0520888 0.0905543
vn -0.772906 -0.295373 0.561579
v 0.291379 0.0520888 0.0939649
vn -0.772953 -0.295283 0.561562
v 0.29041 0.0540877 0.0942786
vn -0.728011 -0.436086 0.528988
v 0.293856 0.0520888 0.0973744
vn -0.773004 -0.295157 0.561557
v 0.292888 0.0540877 0.0976891
vn -0.728065 -0.436024 0.528965
v 0.296334 0.0520888 0.100785
vn -0.901161 -0.303755 0.30926
v 0.295366 0.0540877 0.1011
vn -0.839977 -0.453783 0.297523
v 0.294397 0.0560867 0.101414
vn -0.839945 -0.453869 0.297482
v 0.293428 0.0580867 0.101729
vn -0.839985 -0.453806 0.297466
v 0.291919 0.0560867 0.0980038
vn -0.728099 -0.435971 0.528962
v 0.293428 0.0580867 0.105314
vn -0.8999 -0.436096 0
v 0.294397 0.0560867 0.105
vn -0.899902 -0.436093 0
v 0.295366 0.0540877 0.104685
vn -0.89995 -0.435993 0
v 0.294397 0.0560867 0.108586
vn -0.899903 -0.43609 0
v 0.293428 0.0580867 0.112486
vn -0.899899 -0.436098 0
v 0.293428 0.0580867 0.1089
vn -0.8999 -0.436096 0
v 0.296334 0.0520888 0.105001
vn -0.955443 -0.295176 0
v 0.296334 0.0520888 0.109215
vn -0.955447 -0.295164 0
v 0.295366 0.0540877 0.108901
vn -0.89995 -0.435993 0
v 0.296334 0.0520888 0.11343
vn -0.955443 -0.295176 0
v 0.295366 0.0540877 0.113115
vn -0.89995 -0.435993 0
v 0.296334 0.0520888 0.117646
vn -0.910837 -0.303719 -0.279518
v 0.295366 0.0540877 0.117331
vn -0.854371 -0.4539 -0.253031
v 0.294397 0.0560867 0.117015
vn -0.854371 -0.453848 -0.253125
v 0.293428 0.0580867 0.116701
vn -0.854391 -0.453878 -0.253004
v 0.294397 0.0560867 0.112801
vn -0.899902 -0.436093 0
v 0.291321 0.0580867 0.119602
vn -0.728104 -0.435977 -0.528951
v 0.292289 0.0560867 0.119916
vn -0.72802 -0.436136 -0.528934
v 0.293258 0.0540877 0.120232
vn -0.72801 -0.436099 -0.52898
v 0.290182 0.0560867 0.122818
vn -0.728053 -0.436059 -0.528953
v 0.287106 0.0580867 0.125404
vn -0.728087 -0.436013 -0.528945
v 0.289213 0.0580867 0.122503
vn -0.728104 -0.435977 -0.528951
v 0.293856 0.0520888 0.121055
vn -0.772972 -0.295091 -0.561637
v 0.291379 0.0520888 0.124466
vn -0.772978 -0.295265 -0.561537
v 0.290781 0.0540877 0.123642
vn -0.728015 -0.43612 -0.528956
v 0.288902 0.0520888 0.127875
vn -0.772903 -0.295216 -0.561666
v 0.288303 0.0540877 0.127052
vn -0.727963 -0.436149 -0.529002
v 0.286424 0.0520888 0.131286
vn -0.572542 -0.303884 -0.761478
v 0.285825 0.0540877 0.130462
vn -0.542443 -0.453923 -0.706901
v 0.285226 0.0560867 0.129637
vn -0.542454 -0.453721 -0.707023
v 0.284628 0.0580867 0.128814
vn -0.542475 -0.453657 -0.707048
v 0.287704 0.0560867 0.126228
vn -0.728074 -0.435927 -0.529032
v 0.281217 0.0580867 0.129922
vn -0.278108 -0.435996 -0.855899
v 0.281816 0.0560867 0.130746
vn -0.278108 -0.435993 -0.855901
v 0.282414 0.0540877 0.13157
vn -0.27804 -0.43605 -0.855894
v 0.278406 0.0560867 0.131853
vn -0.278039 -0.435977 -0.855931
v 0.274396 0.0580867 0.132137
vn -0.278116 -0.436009 -0.85589
v 0.277807 0.0580867 0.13103
vn -0.278016 -0.435901 -0.855977
v 0.282414 0.0520888 0.132588
vn -0.295218 -0.295247 -0.908667
v 0.278406 0.0520888 0.133891
vn -0.295344 -0.295385 -0.908581
v 0.278406 0.0540877 0.132872
vn -0.278119 -0.436168 -0.855808
v 0.274396 0.0520888 0.135194
vn -0.295215 -0.295243 -0.908669
v 0.274396 0.0540877 0.134175
vn -0.278115 -0.436158 -0.855814
v 0.274396 0.0560867 0.133156
vn -0.278192 -0.43613 -0.855804
v 0.270388 0.049873 0.136848
vn -0.00811575 -0.156441 -0.987654
v 0.270388 0.0476562 0.137199
vn -0.00806831 -0.156447 -0.987653
v 0.266379 0.049873 0.135545
vn 0.305654 -0.148892 -0.940429
v 0.270388 0.0454404 0.13755
vn -0.00809652 -0.15648 -0.987648
v 0.266379 0.0476562 0.135896
vn 0.305609 -0.149042 -0.94042
v 0.270388 0.0432246 0.137901
vn 7.4167e-07 7.68354e-18 -1
v 0.266379 0.0454404 0.136247
vn 0.30562 -0.148916 -0.940436
v 0.26237 0.0476562 0.134593
vn 0.305578 -0.14903 -0.940432
v 0.258362 0.049873 0.13294
vn 0.305503 -0.149108 -0.940444
v 0.26237 0.049873 0.134242
vn 0.305609 -0.149042 -0.94042
v 0.266173 0.0432246 0.136531
vn 0.309027 -5.68339e-06 -0.951053
v 0.261957 0.0432246 0.135162
vn 0.309093 5.83998e-05 -0.951032
v 0.262164 0.0454404 0.134877
vn 0.305615 -0.148995 -0.940425
v 0.257743 0.0432246 0.133791
vn 0.30906 -9.1608e-05 -0.951042
v 0.257949 0.0454404 0.133507
vn 0.305681 -0.148939 -0.940413
v 0.253527 0.0432246 0.132422
vn 0.587711 -1.424e-05 -0.809071
v 0.253733 0.0454404 0.132137
vn 0.573889 -0.156543 -0.803832
v 0.253939 0.0476562 0.131853
vn 0.574017 -0.156303 -0.803787
v 0.254146 0.049873 0.13157
vn 0.574001 -0.156377 -0.803784
v 0.258155 0.0476562 0.133224
vn 0.305658 -0.148815 -0.94044
v 0.251668 0.049873 0.12816
vn 0.799931 -0.148966 -0.581309
v 0.251462 0.0476562 0.128444
vn 0.799978 -0.1489 -0.58126
v 0.251255 0.0454404 0.128728
vn 0.799976 -0.14904 -0.581227
v 0.248985 0.0476562 0.125033
vn 0.800006 -0.148915 -0.581219
v 0.246713 0.049873 0.12134
vn 0.799975 -0.148959 -0.58125
v 0.24919 0.049873 0.12475
vn 0.800061 -0.148786 -0.581176
v 0.250922 0.0432246 0.128836
vn 0.808984 1.32377e-05 -0.587831
v 0.248316 0.0432246 0.125251
vn 0.809 -2.69741e-05 -0.587809
v 0.24865 0.0454404 0.125142
vn 0.799934 -0.149126 -0.581264
v 0.245711 0.0432246 0.121665
vn 0.809001 -2.96853e-05 -0.587808
v 0.246045 0.0454404 0.121556
vn 0.799965 -0.148952 -0.581266
v 0.243106 0.0432246 0.11808
vn 0.951051 -2.4245e-05 -0.309034
v 0.24344 0.0454404 0.117971
vn 0.93682 -0.156391 -0.312905
v 0.243773 0.0476562 0.117863
vn 0.936807 -0.156571 -0.312855
v 0.244108 0.049873 0.117754
vn 0.936799 -0.156562 -0.312883
v 0.246378 0.0476562 0.121448
vn 0.79989 -0.149124 -0.581324
v 0.244108 0.049873 0.113539
vn 0.988822 -0.149103 0
v 0.243773 0.0476562 0.113648
vn 0.988822 -0.149103 0
v 0.24344 0.0454404 0.113756
vn 0.98885 -0.148917 0
v 0.243773 0.0476562 0.109432
vn 0.988822 -0.149102 0
v 0.244108 0.049873 0.105109
vn 0.988821 -0.149105 0
v 0.244108 0.049873 0.109324
vn 0.988822 -0.149103 0
v 0.243106 0.0432246 0.113647
vn 1 -3.55332e-07 0
v 0.243106 0.0432246 0.109215
vn 1 -6.04087e-06 0
v 0.24344 0.0454404 0.109324
vn 0.98885 -0.148917 0
v 0.243106 0.0432246 0.104783
vn 1 8.62396e-17 0
v 0.24344 0.0454404 0.104891
vn 0.98885 -0.148917 0
v 0.243106 0.0432246 0.10035
vn 0.95105 -1.26344e-05 0.309036
v 0.24344 0.0454404 0.100459
vn 0.941797 -0.156439 0.297565
v 0.243773 0.0476562 0.100568
vn 0.941785 -0.156543 0.297548
v 0.244108 0.049873 0.100676
vn 0.941801 -0.156639 0.297449
v 0.243773 0.0476562 0.105
vn 0.988822 -0.149103 0
v 0.246585 0.049873 0.097266
vn 0.800018 -0.14912 0.581149
v 0.246251 0.0476562 0.0971575
vn 0.799984 -0.148924 0.581246
v 0.245917 0.0454404 0.0970491
vn 0.799966 -0.148969 0.581259
v 0.248729 0.0476562 0.093747
vn 0.79997 -0.148932 0.581264
v 0.251541 0.049873 0.0904459
vn 0.799968 -0.148934 0.581266
v 0.249063 0.049873 0.0938554
vn 0.799963 -0.148972 0.581264
v 0.245711 0.0432246 0.0967649
vn 0.809014 -7.14938e-05 0.58779
v 0.248316 0.0432246 0.0931786
vn 0.809001 2.95284e-05 0.587808
v 0.248523 0.0454404 0.0934628
vn 0.79998 -0.149038 0.581223
v 0.250922 0.0432246 0.0895933
vn 0.808985 -7.55377e-06 0.587829
v 0.251128 0.0454404 0.0898775
vn 0.799958 -0.148995 0.581264
v 0.253527 0.0432246 0.086008
vn 0.587714 1.46197e-05 0.809069
v 0.253733 0.0454404 0.0862922
vn 0.58699 -0.156411 0.794341
v 0.253939 0.0476562 0.0865754
vn 0.586971 -0.156387 0.79436
v 0.254146 0.049873 0.0868596
vn 0.587029 -0.156507 0.794294
v 0.251334 0.0476562 0.0901617
vn 0.799983 -0.149008 0.581227
v 0.258155 0.049873 0.0855575
vn 0.305577 -0.149046 0.94043
v 0.257949 0.0476562 0.0852733
vn 0.305614 -0.148972 0.940429
v 0.257743 0.0454404 0.0849891
vn 0.305614 -0.148932 0.940436
v 0.261957 0.0476562 0.0839702
vn 0.305579 -0.148967 0.940442
v 0.266173 0.049873 0.0829522
vn 0.305536 -0.14904 0.940444
v 0.262164 0.049873 0.0842543
vn 0.305577 -0.149039 0.940431
v 0.257743 0.0432246 0.0846386
vn 0.309094 -6.17439e-05 0.951031
v 0.261957 0.0432246 0.083268
vn 0.309057 -0.000151891 0.951044
v 0.261957 0.0454404 0.0836196
vn 0.305576 -0.148925 0.940449
v 0.266173 0.0432246 0.0818986
vn 0.308985 -7.10481e-05 0.951067
v 0.266173 0.0454404 0.0822502
vn 0.305535 -0.148992 0.940452
v 0.270388 0.0432246 0.0805291
vn -7.41063e-07 1.15253e-17 1
v 0.270388 0.0454404 0.0808807
vn 0.00804871 -0.156551 0.987637
v 0.270388 0.0476562 0.0812312
vn 0.00797803 -0.156353 0.987669
v 0.270388 0.049873 0.0815828
vn 0.00807547 -0.156525 0.987641
v 0.266173 0.0476562 0.0826006
vn 0.305541 -0.148963 0.940455
v 0.274396 0.049873 0.0828849
vn -0.305582 -0.148956 0.940442
v 0.274396 0.0476562 0.0825344
vn -0.305582 -0.148956 0.940442
v 0.274396 0.0454404 0.0821828
vn -0.305493 -0.14915 0.940441
v 0.278406 0.0476562 0.0838365
vn -0.305494 -0.149118 0.940445
v 0.282414 0.049873 0.0854902
vn -0.305494 -0.149117 0.940445
v 0.278406 0.049873 0.0841881
vn -0.305582 -0.148956 0.940442
v 0.274603 0.0432246 0.0818986
vn -0.308985 7.10481e-05 0.951067
v 0.278818 0.0432246 0.083268
vn -0.309057 0.000151891 0.951044
v 0.278612 0.0454404 0.0835522
vn -0.305533 -0.149078 0.940439
v 0.283033 0.0432246 0.0846386
vn -0.309094 6.17439e-05 0.951031
v 0.282827 0.0454404 0.0849217
vn -0.305649 -0.148864 0.940435
v 0.287249 0.0432246 0.086008
vn -0.587715 -1.46197e-05 0.809068
v 0.287043 0.0454404 0.0862922
vn -0.573997 -0.156335 0.803796
v 0.286836 0.0476562 0.0865754
vn -0.574038 -0.156383 0.803757
v 0.28663 0.049873 0.0868596
vn -0.573958 -0.156508 0.80379
v 0.282621 0.0476562 0.0852059
vn -0.305534 -0.149044 0.940444
v 0.289108 0.049873 0.0902701
vn -0.799983 -0.149007 0.581226
v 0.289314 0.0476562 0.0899859
vn -0.800026 -0.148888 0.581198
v 0.289521 0.0454404 0.0897018
vn -0.800024 -0.148977 0.581178
v 0.291791 0.0476562 0.0933965
vn -0.800071 -0.148862 0.581142
v 0.294063 0.049873 0.0970912
vn -0.800017 -0.148877 0.581213
v 0.291586 0.049873 0.0936806
vn -0.800074 -0.148825 0.581148
v 0.289854 0.0432246 0.0895933
vn -0.809041 1.00573e-05 0.587752
v 0.292458 0.0432246 0.0931786
vn -0.809056 -4.10511e-05 0.587732
v 0.292125 0.0454404 0.0932881
vn -0.800024 -0.149006 0.58117
v 0.295064 0.0432246 0.0967649
vn -0.809014 7.10746e-05 0.58779
v 0.29473 0.0454404 0.0968733
vn -0.799968 -0.149006 0.581247
v 0.297669 0.0432246 0.10035
vn -0.951052 2.16365e-05 0.309032
v 0.297335 0.0454404 0.100459
vn -0.93682 -0.156445 0.312879
v 0.297002 0.0476562 0.100568
vn -0.936835 -0.156402 0.312854
v 0.296668 0.049873 0.100676
vn -0.93682 -0.156397 0.312904
v 0.294396 0.0476562 0.0969817
vn -0.799972 -0.148973 0.58125
v 0.296668 0.049873 0.104891
vn -0.988857 -0.148871 0
v 0.297002 0.0476562 0.104783
vn -0.988855 -0.148884 0
v 0.297335 0.0454404 0.104674
vn -0.98885 -0.148917 0
v 0.297002 0.0476562 0.108998
vn -0.988855 -0.148885 0
v 0.296668 0.049873 0.113322
vn -0.988857 -0.14887 0
v 0.296668 0.049873 0.109107
vn -0.988857 -0.148871 0
v 0.297669 0.0432246 0.104783
vn -1 -6.8273e-17 0
v 0.297669 0.0432246 0.109215
vn -1 6.03973e-06 0
v 0.297335 0.0454404 0.109107
vn -0.98885 -0.148917 0
v 0.297669 0.0432246 0.113647
vn -1 3.55265e-07 0
v 0.297335 0.0454404 0.113539
vn -0.98885 -0.148917 0
v 0.297669 0.0432246 0.11808
vn -0.951051 1.52442e-05 -0.309034
v 0.297335 0.0454404 0.117971
vn -0.941811 -0.15639 -0.297546
v 0.297002 0.0476562 0.117863
vn -0.941797 -0.156409 -0.297581
v 0.296668 0.049873 0.117754
vn -0.941813 -0.156344 -0.297565
v 0.297002 0.0476562 0.11343
vn -0.988855 -0.148884 0
v 0.29419 0.049873 0.121164
vn -0.800021 -0.148977 -0.581181
v 0.294524 0.0476562 0.121273
vn -0.79999 -0.148911 -0.581242
v 0.294857 0.0454404 0.121382
vn -0.799964 -0.148891 -0.581282
v 0.292046 0.0476562 0.124683
vn -0.799979 -0.148818 -0.58128
v 0.289235 0.049873 0.127984
vn -0.799995 -0.148872 -0.581245
v 0.291713 0.049873 0.124574
vn -0.799992 -0.148801 -0.581267
v 0.295064 0.0432246 0.121665
vn -0.809001 3.01034e-05 -0.587808
v 0.292458 0.0432246 0.125251
vn -0.809055 3.84978e-05 -0.587733
v 0.292252 0.0454404 0.124967
vn -0.800011 -0.149 -0.58119
v 0.289854 0.0432246 0.128836
vn -0.80904 -1.57405e-05 -0.587754
v 0.289648 0.0454404 0.128552
vn -0.799991 -0.149039 -0.581207
v 0.287249 0.0432246 0.132422
vn -0.587709 1.424e-05 -0.809072
v 0.287043 0.0454404 0.132137
vn -0.587006 -0.156533 -0.794305
v 0.286836 0.0476562 0.131853
vn -0.586976 -0.156387 -0.794356
v 0.28663 0.049873 0.13157
vn -0.587018 -0.156383 -0.794326
v 0.289442 0.0476562 0.128268
vn -0.800015 -0.148967 -0.581193
v 0.282621 0.049873 0.132872
vn -0.305618 -0.148974 -0.940428
v 0.282827 0.0476562 0.133156
vn -0.305689 -0.149046 -0.940393
v 0.283033 0.0454404 0.133441
vn -0.305618 -0.148923 -0.940436
v 0.278818 0.0476562 0.13446
vn -0.305577 -0.148971 -0.940442
v 0.274603 0.049873 0.135477
vn -0.305576 -0.148966 -0.940443
v 0.278612 0.049873 0.134175
vn -0.305613 -0.148975 -0.940429
v 0.283033 0.0432246 0.133791
vn -0.30906 9.1608e-05 -0.951042
v 0.278818 0.0432246 0.135162
vn -0.309093 -5.83998e-05 -0.951032
v 0.278818 0.0454404 0.13481
vn -0.305579 -0.14892 -0.940449
v 0.274603 0.0432246 0.136531
vn -0.309027 5.68339e-06 -0.951053
v 0.274603 0.0454404 0.13618
vn -0.305604 -0.149062 -0.940418
v 0.274603 0.0476562 0.135829
vn -0.305576 -0.148896 -0.940454
v 0.270388 0.0410088 0.13755
vn 0.00807084 0.156446 -0.987654
v 0.270388 0.038792 0.137199
vn 0.00811828 0.156446 -0.987653
v 0.266173 0.0410088 0.13618
vn 0.305605 0.149029 -0.940423
v 0.270388 0.0365762 0.136848
vn 0.00809074 0.156477 -0.987649
v 0.266173 0.038792 0.135829
vn 0.305576 0.148896 -0.940454
v 0.270388 0.0343604 0.136496
vn 0.0157021 0.303941 -0.952561
v 0.266173 0.0365762 0.135477
vn 0.305575 0.149001 -0.940438
v 0.261957 0.038792 0.13446
vn 0.305577 0.14897 -0.940442
v 0.257743 0.0410088 0.133441
vn 0.30562 0.14889 -0.94044
v 0.261957 0.0410088 0.13481
vn 0.30558 0.148887 -0.940454
v 0.266379 0.0343604 0.135194
vn 0.295215 0.295243 -0.908669
v 0.26237 0.0343604 0.133891
vn 0.295344 0.295385 -0.908581
v 0.262164 0.0365762 0.134175
vn 0.305611 0.149009 -0.940424
v 0.258362 0.0343604 0.132588
vn 0.295218 0.295247 -0.908667
v 0.258155 0.0365762 0.132872
vn 0.305617 0.149008 -0.940423
v 0.254352 0.0343604 0.131286
vn 0.572542 0.303884 -0.761478
v 0.254146 0.0365762 0.13157
vn 0.586994 0.156419 -0.794337
v 0.253939 0.038792 0.131853
vn 0.587016 0.156387 -0.794327
v 0.253733 0.0410088 0.132137
vn 0.586989 0.156499 -0.794325
v 0.257949 0.038792 0.133156
vn 0.305689 0.149046 -0.940393
v 0.251128 0.0410088 0.128552
vn 0.79994 0.149014 -0.581284
v 0.251334 0.038792 0.128268
vn 0.799959 0.148968 -0.581269
v 0.251541 0.0365762 0.127984
vn 0.799963 0.148969 -0.581263
v 0.248729 0.038792 0.124683
vn 0.799925 0.148935 -0.581324
v 0.245917 0.0410088 0.121382
vn 0.799968 0.148851 -0.581288
v 0.248523 0.0410088 0.124967
vn 0.799959 0.148968 -0.581269
v 0.251874 0.0343604 0.127875
vn 0.772903 0.295216 -0.561666
v 0.249396 0.0343604 0.124466
vn 0.772944 0.295319 -0.561555
v 0.249063 0.0365762 0.124574
vn 0.799933 0.148958 -0.581308
v 0.246919 0.0343604 0.121055
vn 0.772961 0.295215 -0.561586
v 0.246585 0.0365762 0.121164
vn 0.799994 0.149199 -0.581162
v 0.244442 0.0343604 0.117646
vn 0.910837 0.303719 -0.279518
v 0.244108 0.0365762 0.117754
vn 0.94178 0.156675 -0.297496
v 0.243773 0.038792 0.117863
vn 0.941804 0.156542 -0.297488
v 0.24344 0.0410088 0.117971
vn 0.941809 0.156361 -0.297568
v 0.246251 0.038792 0.121273
vn 0.799964 0.148968 -0.581262
v 0.24344 0.0410088 0.113539
vn 0.988855 0.148884 0
v 0.243773 0.038792 0.11343
vn 0.988822 0.149103 0
v 0.244108 0.0365762 0.113322
vn 0.988816 0.149139 0
v 0.243773 0.038792 0.108998
vn 0.988822 0.149101 0
v 0.24344 0.0410088 0.104674
vn 0.988855 0.148885 0
v 0.24344 0.0410088 0.109107
vn 0.988855 0.148884 0
v 0.244442 0.0343604 0.11343
vn 0.955443 0.295176 0
v 0.244442 0.0343604 0.109215
vn 0.955447 0.295164 0
v 0.244108 0.0365762 0.109107
vn 0.988817 0.149137 0
v 0.244442 0.0343604 0.105001
vn 0.955443 0.295176 0
v 0.244108 0.0365762 0.104891
vn 0.988817 0.149137 0
v 0.244442 0.0343604 0.100785
vn 0.901161 0.303755 0.30926
v 0.244108 0.0365762 0.100676
vn 0.93679 0.156647 0.312868
v 0.243773 0.038792 0.100568
vn 0.936788 0.156619 0.312888
v 0.24344 0.0410088 0.100459
vn 0.936835 0.156402 0.312854
v 0.243773 0.038792 0.104783
vn 0.988822 0.149103 0
v 0.246045 0.0410088 0.0968733
vn 0.799974 0.148965 0.581249
v 0.246378 0.038792 0.0969817
vn 0.799904 0.149217 0.581282
v 0.246713 0.0365762 0.0970912
vn 0.799978 0.149038 0.581225
v 0.248985 0.038792 0.0933965
vn 0.799993 0.149042 0.581204
v 0.251255 0.0410088 0.0897018
vn 0.799984 0.149002 0.581226
v 0.24865 0.0410088 0.0932881
vn 0.799938 0.149093 0.581267
v 0.246919 0.0343604 0.0973744
vn 0.773004 0.295157 0.561557
v 0.249396 0.0343604 0.0939649
vn 0.772953 0.295283 0.561562
v 0.24919 0.0365762 0.0936806
vn 0.80007 0.148859 0.581145
v 0.251874 0.0343604 0.0905543
vn 0.772954 0.295254 0.561575
v 0.251668 0.0365762 0.0902701
vn 0.799979 0.149041 0.581223
v 0.254352 0.0343604 0.0871438
vn 0.547184 0.303971 0.779867
v 0.254146 0.0365762 0.0868596
vn 0.573975 0.156544 0.803771
v 0.253939 0.038792 0.0865754
vn 0.573998 0.156382 0.803786
v 0.253733 0.0410088 0.0862922
vn 0.574021 0.156301 0.803785
v 0.251462 0.038792 0.0899859
vn 0.800026 0.148888 0.581198
v 0.257949 0.0410088 0.0849217
vn 0.30565 0.148831 0.94044
v 0.258155 0.038792 0.0852059
vn 0.305534 0.149044 0.940444
v 0.258362 0.0365762 0.0854902
vn 0.305492 0.149151 0.94044
v 0.26237 0.038792 0.0838365
vn 0.305494 0.149118 0.940445
v 0.266379 0.0410088 0.0821828
vn 0.305494 0.149117 0.940445
v 0.262164 0.0410088 0.0835522
vn 0.305534 0.149045 0.940444
v 0.258362 0.0343604 0.0858418
vn 0.295269 0.29518 0.908672
v 0.26237 0.0343604 0.0845385
vn 0.29525 0.295189 0.908676
v 0.26237 0.0365762 0.0841881
vn 0.30558 0.14899 0.940437
v 0.266379 0.0343604 0.0832365
vn 0.295261 0.295191 0.908671
v 0.266379 0.0365762 0.0828849
vn 0.30558 0.14899 0.940437
v 0.270388 0.0343604 0.0819333
vn -0.0156554 0.303809 0.952604
v 0.270388 0.0365762 0.0815828
vn -0.00805045 0.156561 0.987635
v 0.270388 0.038792 0.0812312
vn -0.00802796 0.156352 0.987669
v 0.270388 0.0410088 0.0808807
vn -0.00802302 0.156517 0.987643
v 0.266379 0.038792 0.0825344
vn 0.305582 0.148956 0.940442
v 0.274603 0.0410088 0.0822502
vn -0.305537 0.148959 0.940457
v 0.274603 0.038792 0.0826006
vn -0.305541 0.148963 0.940455
v 0.274603 0.0365762 0.0829522
vn -0.305534 0.149074 0.940439
v 0.278818 0.038792 0.0839702
vn -0.305579 0.148966 0.940442
v 0.283033 0.0410088 0.0849891
vn -0.305615 0.148899 0.940441
v 0.278818 0.0410088 0.0836196
vn -0.305578 0.148892 0.940454
v 0.274396 0.0343604 0.0832365
vn -0.295211 0.295239 0.908672
v 0.278406 0.0343604 0.0845385
vn -0.295285 0.295327 0.908619
v 0.278612 0.0365762 0.0842543
vn -0.305575 0.149073 0.940426
v 0.282414 0.0343604 0.0858418
vn -0.295215 0.295243 0.908669
v 0.282621 0.0365762 0.0855575
vn -0.305575 0.14908 0.940425
v 0.286424 0.0343604 0.0871438
vn -0.57254 0.303887 0.761479
v 0.28663 0.0365762 0.0868596
vn -0.587005 0.156543 0.794304
v 0.286836 0.038792 0.0865754
vn -0.587011 0.156387 0.79433
v 0.287043 0.0410088 0.0862922
vn -0.586973 0.156376 0.794361
v 0.282827 0.038792 0.0852733
vn -0.305614 0.148972 0.940429
v 0.289648 0.0410088 0.0898775
vn -0.800017 0.148954 0.581193
v 0.289442 0.038792 0.0901617
vn -0.800038 0.149007 0.58115
v 0.289235 0.0365762 0.0904459
vn -0.79999 0.148906 0.581242
v 0.292046 0.038792 0.093747
vn -0.800024 0.148813 0.58122
v 0.294857 0.0410088 0.0970491
vn -0.799971 0.148943 0.58126
v 0.292252 0.0410088 0.0934628
vn -0.800039 0.149005 0.58115
v 0.288902 0.0343604 0.0905543
vn -0.772919 0.295264 0.561619
v 0.291379 0.0343604 0.0939649
vn -0.772979 0.295267 0.561534
v 0.291713 0.0365762 0.0938554
vn -0.800013 0.148884 0.581217
v 0.293856 0.0343604 0.0973744
vn -0.77299 0.295127 0.561593
v 0.29419 0.0365762 0.097266
vn -0.800037 0.148966 0.581162
v 0.296334 0.0343604 0.100785
vn -0.910834 0.303756 0.279489
v 0.296668 0.0365762 0.100676
vn -0.941808 0.15638 0.297563
v 0.297002 0.038792 0.100568
vn -0.941808 0.156408 0.297545
v 0.297335 0.0410088 0.100459
vn -0.941794 0.1564 0.297596
v 0.294524 0.038792 0.0971575
vn -0.80001 0.148866 0.581226
v 0.297335 0.0410088 0.104891
vn -0.988855 0.148884 0
v 0.297002 0.038792 0.105
vn -0.988855 0.148884 0
v 0.296668 0.0365762 0.105109
vn -0.988852 0.148905 0
v 0.297002 0.038792 0.109432
vn -0.988855 0.148884 0
v 0.297335 0.0410088 0.113756
vn -0.988855 0.148884 0
v 0.297335 0.0410088 0.109324
vn -0.988855 0.148884 0
v 0.296334 0.0343604 0.105001
vn -0.955445 0.29517 0
v 0.296334 0.0343604 0.109215
vn -0.955443 0.295176 0
v 0.296668 0.0365762 0.109324
vn -0.988852 0.148905 0
v 0.296334 0.0343604 0.11343
vn -0.955447 0.295164 0
v 0.296668 0.0365762 0.113539
vn -0.988852 0.148905 0
v 0.296334 0.0343604 0.117646
vn -0.90114 0.303809 -0.309268
v 0.296668 0.0365762 0.117754
vn -0.936834 0.156384 -0.312868
v 0.297002 0.038792 0.117863
vn -0.936823 0.156353 -0.312915
v 0.297335 0.0410088 0.117971
vn -0.936832 0.156365 -0.312884
v 0.297002 0.038792 0.113648
vn -0.988855 0.148884 0
v 0.29473 0.0410088 0.121556
vn -0.799967 0.148926 -0.581269
v 0.294396 0.038792 0.121448
vn -0.799959 0.148879 -0.581292
v 0.294063 0.0365762 0.12134
vn -0.800005 0.148866 -0.581232
v 0.291791 0.038792 0.125033
vn -0.800085 0.148734 -0.581157
v 0.289521 0.0410088 0.128728
vn -0.800024 0.14895 -0.581185
v 0.292125 0.0410088 0.125142
vn -0.800028 0.148973 -0.581173
v 0.293856 0.0343604 0.121055
vn -0.772969 0.295241 -0.561561
v 0.291379 0.0343604 0.124466
vn -0.772915 0.295374 -0.561566
v 0.291586 0.0365762 0.12475
vn -0.800057 0.14882 -0.581173
v 0.288902 0.0343604 0.127875
vn -0.77287 0.295406 -0.561611
v 0.289108 0.0365762 0.12816
vn -0.799927 0.149 -0.581306
v 0.286424 0.0343604 0.131286
vn -0.547199 0.304018 -0.779837
v 0.28663 0.0365762 0.13157
vn -0.574018 0.156413 -0.803765
v 0.286836 0.038792 0.131853
vn -0.573977 0.156303 -0.803816
v 0.287043 0.0410088 0.132137
vn -0.573913 0.156508 -0.803821
v 0.289314 0.038792 0.128444
vn -0.799978 0.1489 -0.58126
v 0.282827 0.0410088 0.133507
vn -0.305683 0.148906 -0.940417
v 0.282621 0.038792 0.133224
vn -0.305658 0.148815 -0.94044
v 0.282414 0.0365762 0.13294
vn -0.305502 0.149142 -0.940439
v 0.278406 0.038792 0.134593
vn -0.305578 0.149029 -0.940432
v 0.274396 0.0410088 0.136247
vn -0.305622 0.148883 -0.940441
v 0.278612 0.0410088 0.134877
vn -0.305616 0.148962 -0.94043
v 0.282414 0.0343604 0.132588
vn -0.295266 0.295187 -0.908671
v 0.278406 0.0343604 0.133891
vn -0.295324 0.295127 -0.908672
v 0.278406 0.0365762 0.134242
vn -0.305607 0.149076 -0.940415
v 0.274396 0.0343604 0.135194
vn -0.295299 0.295241 -0.908642
v 0.274396 0.0365762 0.135545
vn -0.305652 0.148926 -0.940424
v 0.274396 0.038792 0.135896
vn -0.305609 0.149042 -0.94042
v 0.270388 0.0323614 0.135477
vn 0.0233398 0.453897 -0.890749
v 0.270388 0.0303625 0.13446
vn 0.0233105 0.4538 -0.890799
v 0.266379 0.0323614 0.134175
vn 0.278115 0.436158 -0.855814
v 0.270388 0.0283625 0.133441
vn 0.0234084 0.453926 -0.890732
v 0.266379 0.0303625 0.133156
vn 0.278192 0.43613 -0.855804
v 0.270388 0.0263635 0.132422
vn 0.0297461 0.577785 -0.815647
v 0.266379 0.0283625 0.132137
vn 0.278116 0.436009 -0.85589
v 0.26237 0.0303625 0.131853
vn 0.278039 0.435977 -0.855931
v 0.258362 0.0323614 0.13157
vn 0.27804 0.43605 -0.855894
v 0.26237 0.0323614 0.132872
vn 0.278119 0.436168 -0.855808
v 0.266977 0.0263635 0.131313
vn 0.254174 0.568468 -0.782458
v 0.263567 0.0263635 0.130206
vn 0.2542 0.568491 -0.782432
v 0.262969 0.0283625 0.13103
vn 0.278016 0.435901 -0.855977
v 0.260157 0.0263635 0.129098
vn 0.254198 0.568507 -0.782421
v 0.259558 0.0283625 0.129922
vn 0.278108 0.435996 -0.855899
v 0.256747 0.0263635 0.12799
vn 0.503417 0.577822 -0.642412
v 0.256148 0.0283625 0.128814
vn 0.542475 0.453657 -0.707048
v 0.25555 0.0303625 0.129637
vn 0.542454 0.453721 -0.707023
v 0.254951 0.0323614 0.130462
vn 0.542443 0.453923 -0.706901
v 0.258959 0.0303625 0.130746
vn 0.278108 0.435993 -0.855901
v 0.252473 0.0323614 0.127052
vn 0.727963 0.436149 -0.529002
v 0.253072 0.0303625 0.126228
vn 0.728074 0.435927 -0.529032
v 0.25367 0.0283625 0.125404
vn 0.728087 0.436013 -0.528945
v 0.250594 0.0303625 0.122818
vn 0.728053 0.436059 -0.528953
v 0.247517 0.0323614 0.120232
vn 0.72801 0.436099 -0.52898
v 0.249995 0.0323614 0.123642
vn 0.728015 0.43612 -0.528956
v 0.254639 0.0263635 0.125089
vn 0.665545 0.568538 -0.483544
v 0.252531 0.0263635 0.122188
vn 0.665572 0.568458 -0.4836
v 0.251563 0.0283625 0.122503
vn 0.728104 0.435977 -0.528951
v 0.250424 0.0263635 0.119287
vn 0.665635 0.568446 -0.483528
v 0.249455 0.0283625 0.119602
vn 0.728104 0.435977 -0.528951
v 0.248316 0.0263635 0.116386
vn 0.784978 0.577693 -0.223787
v 0.247348 0.0283625 0.116701
vn 0.854391 0.453878 -0.253004
v 0.246378 0.0303625 0.117015
vn 0.854371 0.453848 -0.253125
v 0.24541 0.0323614 0.117331
vn 0.854371 0.4539 -0.253031
v 0.248487 0.0303625 0.119916
vn 0.72802 0.436136 -0.528934
v 0.24541 0.0323614 0.113115
vn 0.89995 0.435993 0
v 0.246378 0.0303625 0.112801
vn 0.899902 0.436093 0
v 0.247348 0.0283625 0.112486
vn 0.899899 0.436098 0
v 0.246378 0.0303625 0.108586
vn 0.899903 0.43609 0
v 0.24541 0.0323614 0.104685
vn 0.89995 0.435993 0
v 0.24541 0.0323614 0.108901
vn 0.89995 0.435993 0
v 0.248316 0.0263635 0.112801
vn 0.822759 0.56839 0
v 0.248316 0.0263635 0.109214
vn 0.822754 0.568397 0
v 0.247348 0.0283625 0.1089
vn 0.8999 0.436096 0
v 0.248316 0.0263635 0.105629
vn 0.82275 0.568403 0
v 0.247348 0.0283625 0.105314
vn 0.8999 0.436096 0
v 0.248316 0.0263635 0.102044
vn 0.76661 0.577699 0.280309
v 0.247348 0.0283625 0.101729
vn 0.839985 0.453806 0.297466
v 0.246378 0.0303625 0.101414
vn 0.839945 0.453869 0.297482
v 0.24541 0.0323614 0.1011
vn 0.839977 0.453783 0.297523
v 0.246378 0.0303625 0.105
vn 0.899902 0.436093 0
v 0.247888 0.0323614 0.0976891
vn 0.728065 0.436024 0.528965
v 0.248856 0.0303625 0.0980038
vn 0.728099 0.435971 0.528962
v 0.249825 0.0283625 0.0983186
vn 0.728083 0.436019 0.528945
v 0.251334 0.0303625 0.0945933
vn 0.728086 0.435977 0.528975
v 0.252843 0.0323614 0.0908691
vn 0.728047 0.436043 0.528974
v 0.250366 0.0323614 0.0942786
vn 0.728065 0.436042 0.528951
v 0.250424 0.0263635 0.0991428
vn 0.665526 0.568571 0.48353
v 0.252531 0.0263635 0.0962417
vn 0.665526 0.568571 0.48353
v 0.251933 0.0283625 0.0954175
vn 0.72807 0.436009 0.528971
v 0.254639 0.0263635 0.0933406
vn 0.665526 0.568571 0.48353
v 0.254041 0.0283625 0.0925165
vn 0.72807 0.436012 0.528968
v 0.256747 0.0263635 0.0904396
vn 0.455403 0.57775 0.677358
v 0.256148 0.0283625 0.0896154
vn 0.504655 0.453814 0.734423
v 0.25555 0.0303625 0.0887912
vn 0.504752 0.45372 0.734414
v 0.254951 0.0323614 0.0879681
vn 0.504712 0.453752 0.734421
v 0.253442 0.0303625 0.0916922
vn 0.728052 0.436007 0.528997
v 0.258959 0.0323614 0.0866649
vn 0.278126 0.435966 0.855909
v 0.259558 0.0303625 0.0874891
vn 0.278083 0.435994 0.855909
v 0.260157 0.0283625 0.0883133
vn 0.278133 0.435988 0.855895
v 0.263567 0.0303625 0.086186
vn 0.278149 0.435955 0.855907
v 0.266977 0.0323614 0.0840596
vn 0.2781 0.435969 0.855915
v 0.262969 0.0323614 0.0853628
vn 0.278111 0.435956 0.855919
v 0.260157 0.0263635 0.0893312
vn 0.254207 0.568516 0.782412
v 0.263567 0.0263635 0.0882238
vn 0.254177 0.568559 0.78239
v 0.263567 0.0283625 0.0872049
vn 0.278029 0.436083 0.85588
v 0.266977 0.0263635 0.0871154
vn 0.254181 0.568522 0.782416
v 0.266977 0.0283625 0.0860975
vn 0.278077 0.43602 0.855897
v 0.270388 0.0263635 0.086008
vn -0.0297488 0.577768 0.815659
v 0.270388 0.0283625 0.0849891
vn -0.0234494 0.45386 0.890764
v 0.270388 0.0303625 0.0839702
vn -0.0233155 0.453804 0.890797
v 0.270388 0.0323614 0.0829522
vn -0.0233784 0.453825 0.890784
v 0.266977 0.0303625 0.0850786
vn 0.277991 0.436086 0.855891
v 0.274396 0.0323614 0.0842543
vn -0.2781 0.436054 0.855872
v 0.274396 0.0303625 0.0852733
vn -0.27813 0.436071 0.855854
v 0.274396 0.0283625 0.0862922
vn -0.278054 0.435956 0.855937
v 0.278406 0.0303625 0.0865754
vn -0.278039 0.435977 0.855931
v 0.282414 0.0323614 0.0868596
vn -0.278086 0.435988 0.85591
v 0.278406 0.0323614 0.0855575
vn -0.278103 0.43605 0.855874
v 0.273798 0.0263635 0.0871154
vn -0.254174 0.568468 0.782457
v 0.277209 0.0263635 0.0882238
vn -0.2542 0.568491 0.782433
v 0.277807 0.0283625 0.0873996
vn -0.278086 0.435974 0.855918
v 0.280618 0.0263635 0.0893312
vn -0.254198 0.568508 0.782421
v 0.281217 0.0283625 0.088508
vn -0.278038 0.435924 0.855959
v 0.284029 0.0263635 0.0904396
vn -0.503451 0.577858 0.642353
v 0.284628 0.0283625 0.0896154
vn -0.542513 0.453702 0.706989
v 0.285226 0.0303625 0.0887912
vn -0.542454 0.453715 0.707027
v 0.285825 0.0323614 0.0879681
vn -0.542447 0.45383 0.706959
v 0.281816 0.0303625 0.0876839
vn -0.278108 0.435993 0.855901
v 0.288303 0.0323614 0.0913775
vn -0.728021 0.436065 0.528992
v 0.287704 0.0303625 0.0922017
vn -0.728088 0.43596 0.528987
v 0.287106 0.0283625 0.0930259
vn -0.728088 0.436008 0.528947
v 0.290182 0.0303625 0.0956123
vn -0.728083 0.436023 0.528941
v 0.293258 0.0323614 0.0981986
vn -0.728049 0.436104 0.528921
v 0.290781 0.0323614 0.094788
vn -0.728044 0.436079 0.528949
v 0.286136 0.0263635 0.0933406
vn -0.665542 0.568544 0.483541
v 0.288245 0.0263635 0.0962417
vn -0.665569 0.568464 0.483597
v 0.289213 0.0283625 0.095927
vn -0.728107 0.43597 0.528952
v 0.290352 0.0263635 0.0991428
vn -0.665632 0.568452 0.483525
v 0.291321 0.0283625 0.098828
vn -0.728107 0.43597 0.528952
v 0.292459 0.0263635 0.102044
vn -0.784976 0.577696 0.223785
v 0.293428 0.0283625 0.101729
vn -0.854392 0.453875 0.253004
v 0.294397 0.0303625 0.101414
vn -0.854386 0.45381 0.253142
v 0.295366 0.0323614 0.1011
vn -0.854397 0.453833 0.253063
v 0.292289 0.0303625 0.0985133
vn -0.728065 0.436022 0.528967
v 0.295366 0.0323614 0.105314
vn -0.89995 0.435993 0
v 0.294397 0.0303625 0.105629
vn -0.899902 0.436093 0
v 0.293428 0.0283625 0.105944
vn -0.899899 0.436098 0
v 0.294397 0.0303625 0.109845
vn -0.899903 0.43609 0
v 0.295366 0.0323614 0.113745
vn -0.89995 0.435993 0
v 0.295366 0.0323614 0.10953
vn -0.89995 0.435993 0
v 0.292459 0.0263635 0.105629
vn -0.822759 0.56839 0
v 0.292459 0.0263635 0.109214
vn -0.822755 0.568397 0
v 0.293428 0.0283625 0.10953
vn -0.8999 0.436096 0
v 0.292459 0.0263635 0.112801
vn -0.822755 0.568397 0
v 0.293428 0.0283625 0.113115
vn -0.8999 0.436096 0
v 0.292459 0.0263635 0.116386
vn -0.766609 0.577706 -0.280295
v 0.293428 0.0283625 0.116701
vn -0.839985 0.453806 -0.297466
v 0.294397 0.0303625 0.117015
vn -0.839919 0.453911 -0.29749
v 0.295366 0.0323614 0.117331
vn -0.839953 0.453825 -0.297528
v 0.294397 0.0303625 0.11343
vn -0.899902 0.436093 0
v 0.292888 0.0323614 0.120741
vn -0.728024 0.436097 -0.528962
v 0.291919 0.0303625 0.120426
vn -0.728061 0.436003 -0.528989
v 0.290951 0.0283625 0.120111
vn -0.728086 0.435978 -0.528974
v 0.289442 0.0303625 0.123835
vn -0.728043 0.435967 -0.529044
v 0.287932 0.0323614 0.127561
vn -0.728004 0.436154 -0.528942
v 0.29041 0.0323614 0.124151
vn -0.72793 0.436231 -0.52898
v 0.290352 0.0263635 0.119287
vn -0.665526 0.568571 -0.48353
v 0.288245 0.0263635 0.122188
vn -0.665526 0.568571 -0.48353
v 0.288843 0.0283625 0.123012
vn -0.728115 0.435895 -0.529003
v 0.286136 0.0263635 0.125089
vn -0.665526 0.568571 -0.48353
v 0.286735 0.0283625 0.125913
vn -0.728115 0.435898 -0.529001
v 0.284029 0.0263635 0.12799
vn -0.455323 0.577807 -0.677362
v 0.284628 0.0283625 0.128814
vn -0.50471 0.453717 -0.734445
v 0.285226 0.0303625 0.129637
vn -0.504823 0.453679 -0.73439
v 0.285825 0.0323614 0.130462
vn -0.504722 0.453849 -0.734354
v 0.287334 0.0303625 0.126736
vn -0.728116 0.435898 -0.528999
v 0.281816 0.0323614 0.131765
vn -0.27815 0.436032 -0.855867
v 0.281217 0.0303625 0.130941
vn -0.278164 0.435938 -0.85591
v 0.280618 0.0283625 0.130116
vn -0.278074 0.436114 -0.85585
v 0.277209 0.0303625 0.132244
vn -0.278142 0.435969 -0.855902
v 0.273798 0.0323614 0.13437
vn -0.278039 0.436101 -0.855868
v 0.277807 0.0323614 0.133067
vn -0.278141 0.436008 -0.855882
v 0.280618 0.0263635 0.129098
vn -0.254206 0.568513 -0.782415
v 0.277209 0.0263635 0.130206
vn -0.254127 0.568649 -0.782341
v 0.277209 0.0283625 0.131225
vn -0.278055 0.436144 -0.855841
v 0.273798 0.0263635 0.131313
vn -0.2542 0.56858 -0.782368
v 0.273798 0.0283625 0.132332
vn -0.278023 0.436145 -0.855851
v 0.273798 0.0303625 0.133351
vn -0.277988 0.436093 -0.855889
v 0.270388 0.0247772 0.130835
vn 0.0364183 0.706716 -0.70656
v 0.270388 0.0231909 0.129248
vn 0.0363752 0.706748 -0.70653
v 0.266977 0.0247772 0.129727
vn 0.223827 0.689207 -0.689127
v 0.270388 0.0216046 0.127662
vn 0.0362563 0.70664 -0.706644
v 0.266977 0.0231909 0.128141
vn 0.223826 0.689202 -0.689132
v 0.270388 0.0200183 0.126075
vn 0.0408568 0.794715 -0.605606
v 0.266977 0.0216046 0.126554
vn 0.223892 0.689229 -0.689084
v 0.263567 0.0231909 0.127032
vn 0.223911 0.689244 -0.689062
v 0.260157 0.0247772 0.127511
vn 0.223846 0.68917 -0.689157
v 0.263567 0.0247772 0.12862
vn 0.223911 0.689229 -0.689077
v 0.26791 0.0200183 0.12527
vn 0.187647 0.79469 -0.577283
v 0.265433 0.0200183 0.124465
vn 0.18758 0.794594 -0.577437
v 0.264501 0.0216046 0.125749
vn 0.223922 0.689314 -0.688989
v 0.262955 0.0200183 0.123661
vn 0.187527 0.794598 -0.577449
v 0.262023 0.0216046 0.124944
vn 0.223802 0.689223 -0.689118
v 0.260477 0.0200183 0.122855
vn 0.389013 0.794724 -0.465921
v 0.259545 0.0216046 0.12414
vn 0.444717 0.706695 -0.550281
v 0.258612 0.0231909 0.125423
vn 0.444702 0.706757 -0.550213
v 0.25768 0.0247772 0.126707
vn 0.444713 0.706697 -0.550281
v 0.26109 0.0231909 0.126228
vn 0.223824 0.689243 -0.689091
v 0.255572 0.0247772 0.123806
vn 0.58614 0.689245 -0.425889
v 0.256505 0.0231909 0.122522
vn 0.586155 0.68927 -0.425828
v 0.257437 0.0216046 0.121239
vn 0.586227 0.68918 -0.425873
v 0.254397 0.0231909 0.119621
vn 0.586108 0.689316 -0.425817
v 0.251356 0.0247772 0.118004
vn 0.586151 0.68928 -0.425818
v 0.253464 0.0247772 0.120905
vn 0.586107 0.689309 -0.425829
v 0.258946 0.0200183 0.120748
vn 0.49115 0.794656 -0.356781
v 0.257415 0.0200183 0.118641
vn 0.491098 0.794691 -0.356776
v 0.255906 0.0216046 0.11913
vn 0.586211 0.689163 -0.425924
v 0.255884 0.0200183 0.116532
vn 0.491084 0.794667 -0.356848
v 0.254374 0.0216046 0.117023
vn 0.586167 0.689191 -0.42594
v 0.254352 0.0200183 0.114425
vn 0.588528 0.794767 -0.14826
v 0.252843 0.0216046 0.114915
vn 0.683241 0.706682 -0.183801
v 0.251334 0.0231909 0.115405
vn 0.683216 0.706708 -0.183791
v 0.249825 0.0247772 0.115895
vn 0.683216 0.706711 -0.183781
v 0.252866 0.0231909 0.117513
vn 0.586139 0.689249 -0.425883
v 0.249825 0.0247772 0.11231
vn 0.72455 0.689222 0
v 0.251334 0.0231909 0.11182
vn 0.724557 0.689215 0
v 0.252843 0.0216046 0.111329
vn 0.724567 0.689204 0
v 0.251334 0.0231909 0.108234
vn 0.72455 0.689222 0
v 0.249825 0.0247772 0.105139
vn 0.724556 0.689216 0
v 0.249825 0.0247772 0.108725
vn 0.72455 0.689222 0
v 0.254352 0.0200183 0.11182
vn 0.607025 0.794683 0
v 0.254352 0.0200183 0.109214
vn 0.607042 0.79467 0
v 0.252843 0.0216046 0.108725
vn 0.72456 0.689211 0
v 0.254352 0.0200183 0.10661
vn 0.607034 0.794676 0
v 0.252843 0.0216046 0.10612
vn 0.72456 0.689211 0
v 0.254352 0.0200183 0.104005
vn 0.56324 0.794769 0.226061
v 0.252843 0.0216046 0.103514
vn 0.660697 0.706752 0.252945
v 0.251334 0.0231909 0.103024
vn 0.660829 0.706626 0.252952
v 0.249825 0.0247772 0.102534
vn 0.6607 0.706736 0.252982
v 0.251334 0.0231909 0.105629
vn 0.724557 0.689215 0
v 0.251933 0.0247772 0.0996333
vn 0.586178 0.689218 0.425881
v 0.253442 0.0231909 0.100123
vn 0.586202 0.689167 0.42593
v 0.254951 0.0216046 0.100613
vn 0.586026 0.689329 0.42591
v 0.25555 0.0231909 0.0972217
vn 0.586151 0.689245 0.425874
v 0.256148 0.0247772 0.0938312
vn 0.586257 0.689167 0.425854
v 0.254041 0.0247772 0.0967323
vn 0.586182 0.689214 0.425881
v 0.255884 0.0200183 0.101897
vn 0.491094 0.794656 0.356858
v 0.257415 0.0200183 0.0997891
vn 0.491197 0.794629 0.356777
v 0.256483 0.0216046 0.0985059
vn 0.586165 0.689261 0.425829
v 0.258946 0.0200183 0.0976817
vn 0.491094 0.794668 0.356833
v 0.258013 0.0216046 0.0963986
vn 0.586163 0.689242 0.425862
v 0.260477 0.0200183 0.0955744
vn 0.322869 0.794716 0.513986
v 0.259545 0.0216046 0.0942912
vn 0.385851 0.70674 0.59299
v 0.258612 0.0231909 0.093007
vn 0.385803 0.706778 0.592976
v 0.25768 0.0247772 0.0917228
vn 0.385855 0.706738 0.59299
v 0.257081 0.0231909 0.0951144
vn 0.58617 0.689255 0.425831
v 0.26109 0.0247772 0.0906154
vn 0.223854 0.689251 0.689073
v 0.262023 0.0231909 0.0918986
vn 0.223865 0.689281 0.68904
v 0.262955 0.0216046 0.0931828
vn 0.223908 0.689219 0.689088
v 0.265433 0.0231909 0.0907912
vn 0.223864 0.689253 0.689068
v 0.26791 0.0247772 0.0883996
vn 0.223859 0.689258 0.689065
v 0.264501 0.0247772 0.089507
vn 0.22386 0.689266 0.689056
v 0.262955 0.0200183 0.0947691
vn 0.187539 0.794687 0.577323
v 0.265433 0.0200183 0.0939649
vn 0.18757 0.794695 0.577302
v 0.265433 0.0216046 0.0923775
vn 0.223936 0.689222 0.689076
v 0.26791 0.0200183 0.0931596
vn 0.187599 0.79466 0.577341
v 0.26791 0.0216046 0.0915723
vn 0.223859 0.689314 0.689009
v 0.270388 0.0200183 0.0923543
vn -0.0408551 0.794712 0.60561
v 0.270388 0.0216046 0.090768
vn -0.0363734 0.706747 0.706531
v 0.270388 0.0231909 0.0891807
vn -0.0364169 0.706716 0.70656
v 0.270388 0.0247772 0.0875944
vn -0.0363397 0.706687 0.706593
v 0.26791 0.0231909 0.0899859
vn 0.224 0.68914 0.689138
v 0.273798 0.0247772 0.0887028
vn -0.22388 0.689234 0.689082
v 0.273798 0.0231909 0.0902891
vn -0.223827 0.689207 0.689127
v 0.273798 0.0216046 0.0918754
vn -0.223842 0.689269 0.689059
v 0.277209 0.0231909 0.0913965
vn -0.223907 0.689241 0.689066
v 0.280618 0.0247772 0.0909186
vn -0.223904 0.689215 0.689093
v 0.277209 0.0247772 0.0898102
vn -0.223858 0.689201 0.689122
v 0.272866 0.0200183 0.0931596
vn -0.187646 0.79469 0.577284
v 0.275343 0.0200183 0.0939649
vn -0.187585 0.794646 0.577364
v 0.276275 0.0216046 0.0926807
vn -0.223936 0.689399 0.688899
v 0.277821 0.0200183 0.0947691
vn -0.187543 0.794604 0.577435
v 0.278753 0.0216046 0.093486
vn -0.223875 0.689279 0.689039
v 0.280298 0.0200183 0.0955744
vn -0.389065 0.79469 0.465936
v 0.281231 0.0216046 0.0942912
vn -0.444749 0.706724 0.550218
v 0.282164 0.0231909 0.093007
vn -0.44469 0.706815 0.550149
v 0.283096 0.0247772 0.0917228
vn -0.444715 0.706699 0.550277
v 0.279686 0.0231909 0.0922017
vn -0.223897 0.689299 0.689011
v 0.285204 0.0247772 0.0946238
vn -0.58614 0.689245 0.425889
v 0.284271 0.0231909 0.095908
vn -0.5861 0.689341 0.425788
v 0.283338 0.0216046 0.0971922
vn -0.586212 0.689163 0.425922
v 0.286378 0.0231909 0.0988091
vn -0.586078 0.689337 0.425826
v 0.289419 0.0247772 0.100426
vn -0.58615 0.68928 0.425817
v 0.287312 0.0247772 0.0975249
vn -0.586107 0.689309 0.425829
v 0.28183 0.0200183 0.0976817
vn -0.491139 0.794639 0.356834
v 0.283361 0.0200183 0.0997891
vn -0.491097 0.79469 0.356779
v 0.28487 0.0216046 0.0992996
vn -0.5862 0.689133 0.425987
v 0.284892 0.0200183 0.101897
vn -0.491124 0.79465 0.356831
v 0.286402 0.0216046 0.101407
vn -0.586144 0.689259 0.425861
v 0.286424 0.0200183 0.104005
vn -0.588643 0.794673 0.148302
v 0.287932 0.0216046 0.103514
vn -0.683196 0.706748 0.183716
v 0.289442 0.0231909 0.103024
vn -0.683155 0.706782 0.183732
v 0.290951 0.0247772 0.102534
vn -0.683233 0.706691 0.183796
v 0.28791 0.0231909 0.100916
vn -0.586136 0.689212 0.425948
v 0.290951 0.0247772 0.10612
vn -0.72455 0.689222 0
v 0.289442 0.0231909 0.10661
vn -0.724435 0.689343 0
v 0.287932 0.0216046 0.1071
vn -0.724554 0.689218 0
v 0.289442 0.0231909 0.110195
vn -0.724435 0.689343 0
v 0.290951 0.0247772 0.11329
vn -0.724556 0.689216 0
v 0.290951 0.0247772 0.109705
vn -0.72455 0.689222 0
v 0.286424 0.0200183 0.10661
vn -0.607163 0.794578 0
v 0.286424 0.0200183 0.109214
vn -0.607153 0.794585 0
v 0.287932 0.0216046 0.109705
vn -0.72456 0.689211 0
v 0.286424 0.0200183 0.11182
vn -0.607153 0.794585 0
v 0.287932 0.0216046 0.11231
vn -0.72456 0.689211 0
v 0.286424 0.0200183 0.114425
vn -0.563336 0.794704 -0.226047
v 0.287932 0.0216046 0.114915
vn -0.660806 0.706665 -0.252903
v 0.289442 0.0231909 0.115405
vn -0.660689 0.706764 -0.252932
v 0.290951 0.0247772 0.115895
vn -0.660682 0.706761 -0.252957
v 0.289442 0.0231909 0.112801
vn -0.724435 0.689343 0
v 0.288843 0.0247772 0.118796
vn -0.586124 0.689288 -0.425841
v 0.287334 0.0231909 0.118306
vn -0.586186 0.68921 -0.425882
v 0.285825 0.0216046 0.117816
vn -0.586145 0.689226 -0.425913
v 0.285226 0.0231909 0.121207
vn -0.58619 0.68923 -0.425845
v 0.284628 0.0247772 0.124599
vn -0.586253 0.68919 -0.425822
v 0.286735 0.0247772 0.121698
vn -0.586127 0.689285 -0.425842
v 0.284892 0.0200183 0.116532
vn -0.49114 0.794626 -0.356863
v 0.283361 0.0200183 0.118641
vn -0.491221 0.794597 -0.356815
v 0.284293 0.0216046 0.119924
vn -0.586224 0.689206 -0.425836
v 0.28183 0.0200183 0.120748
vn -0.491105 0.794674 -0.356805
v 0.282763 0.0216046 0.122031
vn -0.586227 0.689203 -0.425837
v 0.280298 0.0200183 0.122855
vn -0.322833 0.794745 -0.513965
v 0.281231 0.0216046 0.12414
vn -0.385859 0.706735 -0.592991
v 0.282164 0.0231909 0.125423
vn -0.38587 0.706714 -0.593009
v 0.283096 0.0247772 0.126707
vn -0.385847 0.706695 -0.593047
v 0.283695 0.0231909 0.123315
vn -0.586224 0.689227 -0.425802
v 0.279686 0.0247772 0.127814
vn -0.223835 0.689205 -0.689126
v 0.278753 0.0231909 0.126531
vn -0.223831 0.689187 -0.689145
v 0.277821 0.0216046 0.125247
vn -0.223817 0.689256 -0.68908
v 0.275343 0.0231909 0.127639
vn -0.223917 0.68917 -0.689134
v 0.272866 0.0247772 0.13003
vn -0.224004 0.689141 -0.689135
v 0.276275 0.0247772 0.128922
vn -0.223841 0.68922 -0.689109
v 0.277821 0.0200183 0.123661
vn -0.187519 0.794651 -0.577378
v 0.275343 0.0200183 0.124465
vn -0.18754 0.794671 -0.577345
v 0.275343 0.0216046 0.126052
vn -0.22383 0.689277 -0.689055
v 0.272866 0.0200183 0.12527
vn -0.187672 0.794597 -0.577404
v 0.272866 0.0216046 0.126856
vn -0.223836 0.689274 -0.689056
v 0.272866 0.0231909 0.128444
vn -0.223835 0.689278 -0.689053
v 0.270388 0.0189993 0.124076
vn 0.0458573 0.889993 -0.453662
v 0.270388 0.0179804 0.122077
vn 0.0458647 0.890076 -0.453499
v 0.26791 0.0189993 0.123271
vn 0.145982 0.881369 -0.449307
v 0.270388 0.0169625 0.120079
vn 0.0458123 0.890096 -0.453465
v 0.26791 0.0179804 0.121272
vn 0.145883 0.881491 -0.449101
v 0.270388 0.0159435 0.11808
vn 0.0480535 0.932904 -0.356904
v 0.26791 0.0169625 0.119273
vn 0.145911 0.881505 -0.449064
v 0.265433 0.0179804 0.120468
vn 0.145933 0.88151 -0.449048
v 0.262955 0.0189993 0.121662
vn 0.145997 0.881394 -0.449255
v 0.265433 0.0189993 0.122467
vn 0.145934 0.88136 -0.449342
v 0.269086 0.0159435 0.117656
vn 0.0999732 0.946216 -0.307701
v 0.267783 0.0159435 0.117233
vn 0.100021 0.946236 -0.307625
v 0.266608 0.0169625 0.11885
vn 0.145927 0.881486 -0.449097
v 0.266481 0.0159435 0.116809
vn 0.100017 0.946249 -0.307587
v 0.265305 0.0169625 0.118427
vn 0.145957 0.881497 -0.449066
v 0.265177 0.0159435 0.116386
vn 0.248564 0.932923 -0.260518
v 0.264003 0.0169625 0.118004
vn 0.303567 0.890114 -0.339918
v 0.262828 0.0179804 0.119621
vn 0.303662 0.890083 -0.339914
v 0.261652 0.0189993 0.121239
vn 0.303698 0.890044 -0.339985
v 0.26413 0.0179804 0.120044
vn 0.145958 0.881529 -0.449003
v 0.260122 0.0189993 0.11913
vn 0.38214 0.881428 -0.277587
v 0.261296 0.0179804 0.117513
vn 0.382026 0.88148 -0.277579
v 0.262471 0.0169625 0.115895
vn 0.38201 0.881481 -0.277596
v 0.259765 0.0179804 0.115405
vn 0.382012 0.88147 -0.27763
v 0.257058 0.0189993 0.114915
vn 0.382148 0.88138 -0.277727
v 0.25859 0.0189993 0.117023
vn 0.382146 0.881393 -0.27769
v 0.264372 0.0159435 0.115279
vn 0.261668 0.946227 -0.190222
v 0.263567 0.0159435 0.11417
vn 0.261708 0.946239 -0.190107
v 0.261666 0.0169625 0.114788
vn 0.382028 0.881448 -0.277676
v 0.262763 0.0159435 0.113063
vn 0.261719 0.946235 -0.190114
v 0.260861 0.0169625 0.11368
vn 0.38199 0.881518 -0.277506
v 0.261957 0.0159435 0.111954
vn 0.354267 0.932909 -0.064621
v 0.260056 0.0169625 0.112572
vn 0.445323 0.890153 -0.096518
v 0.258154 0.0179804 0.11319
vn 0.445425 0.890099 -0.0965461
v 0.256253 0.0189993 0.113807
vn 0.445629 0.889986 -0.0966365
v 0.258959 0.0179804 0.114298
vn 0.382002 0.881453 -0.277696
v 0.256253 0.0189993 0.111202
vn 0.472411 0.881379 0
v 0.258154 0.0179804 0.110585
vn 0.472121 0.881534 0
v 0.260056 0.0169625 0.109967
vn 0.47209 0.88155 0
v 0.258154 0.0179804 0.10798
vn 0.472153 0.881517 0
v 0.256253 0.0189993 0.105992
vn 0.472409 0.881379 0
v 0.256253 0.0189993 0.108597
vn 0.472411 0.881379 0
v 0.261957 0.0159435 0.110585
vn 0.323508 0.946225 0
v 0.261957 0.0159435 0.109215
vn 0.323528 0.946219 0
v 0.260056 0.0169625 0.108597
vn 0.472121 0.881534 0
v 0.261957 0.0159435 0.107845
vn 0.323547 0.946212 0
v 0.260056 0.0169625 0.107228
vn 0.472121 0.881534 0
v 0.261957 0.0159435 0.106475
vn 0.324526 0.932932 0.155953
v 0.260056 0.0169625 0.105857
vn 0.417115 0.89012 0.183578
v 0.258154 0.0179804 0.105241
vn 0.417113 0.890094 0.18371
v 0.256253 0.0189993 0.104623
vn 0.417283 0.889993 0.183812
v 0.258154 0.0179804 0.10661
vn 0.472121 0.881534 0
v 0.257785 0.0189993 0.102515
vn 0.382204 0.88137 0.277681
v 0.259686 0.0179804 0.103132
vn 0.382046 0.881477 0.27756
v 0.261587 0.0169625 0.10375
vn 0.381914 0.881542 0.277535
v 0.261217 0.0179804 0.101025
vn 0.381954 0.88149 0.277645
v 0.260848 0.0189993 0.0982996
vn 0.382086 0.881428 0.277659
v 0.259316 0.0189993 0.100407
vn 0.382161 0.881393 0.277667
v 0.262763 0.0159435 0.105368
vn 0.26168 0.946242 0.190132
v 0.263567 0.0159435 0.10426
vn 0.261775 0.94622 0.190108
v 0.262392 0.0169625 0.102643
vn 0.381982 0.8815 0.277575
v 0.264372 0.0159435 0.103151
vn 0.261653 0.946246 0.19015
v 0.263197 0.0169625 0.101534
vn 0.382096 0.881446 0.27759
v 0.265177 0.0159435 0.102044
vn 0.170768 0.932935 0.316971
v 0.264003 0.0169625 0.100426
vn 0.229443 0.890116 0.393764
v 0.262828 0.0179804 0.0988091
vn 0.229569 0.890059 0.393819
v 0.261652 0.0189993 0.0971922
vn 0.229558 0.890029 0.393894
v 0.262023 0.0179804 0.0999175
vn 0.381981 0.881499 0.277578
v 0.26413 0.0189993 0.096387
vn 0.145984 0.881386 0.449275
v 0.265305 0.0179804 0.0980038
vn 0.145932 0.881493 0.449082
v 0.266481 0.0169625 0.0996217
vn 0.145903 0.881534 0.449009
v 0.267783 0.0179804 0.0971986
vn 0.145961 0.881477 0.449103
v 0.269086 0.0189993 0.0947765
vn 0.145997 0.881376 0.449289
v 0.266608 0.0189993 0.0955817
vn 0.146027 0.881355 0.44932
v 0.266481 0.0159435 0.101621
vn 0.100098 0.946216 0.307661
v 0.267783 0.0159435 0.101196
vn 0.100001 0.946241 0.307617
v 0.267783 0.0169625 0.0991975
vn 0.14607 0.881466 0.449089
v 0.269086 0.0159435 0.100773
vn 0.0999413 0.946247 0.307619
v 0.269086 0.0169625 0.0987743
vn 0.14589 0.88149 0.449101
v 0.270388 0.0159435 0.10035
vn -0.0480497 0.932926 0.356848
v 0.270388 0.0169625 0.0983512
vn -0.0458219 0.890097 0.453461
v 0.270388 0.0179804 0.0963522
vn -0.0458722 0.890075 0.453499
v 0.270388 0.0189993 0.0943533
vn -0.0458599 0.889992 0.453664
v 0.269086 0.0179804 0.0967754
vn 0.145894 0.881488 0.449104
v 0.272866 0.0189993 0.0951586
vn -0.146035 0.881379 0.449272
v 0.272866 0.0179804 0.0971575
vn -0.145977 0.881479 0.449095
v 0.272866 0.0169625 0.0991565
vn -0.145956 0.881486 0.449086
v 0.275343 0.0179804 0.0979628
vn -0.145915 0.881471 0.44913
v 0.277821 0.0189993 0.096768
vn -0.145946 0.881423 0.449214
v 0.275343 0.0189993 0.0959638
vn -0.14594 0.881391 0.449278
v 0.27169 0.0159435 0.100773
vn -0.0999465 0.946241 0.307635
v 0.272993 0.0159435 0.101196
vn -0.0999928 0.946247 0.3076
v 0.274168 0.0169625 0.0995796
vn -0.145897 0.881443 0.449191
v 0.274295 0.0159435 0.101621
vn -0.100015 0.946249 0.307588
v 0.275471 0.0169625 0.100003
vn -0.145957 0.881497 0.449066
v 0.275598 0.0159435 0.102044
vn -0.248567 0.932922 0.260521
v 0.276773 0.0169625 0.100426
vn -0.303569 0.890114 0.339915
v 0.277948 0.0179804 0.0988091
vn -0.303666 0.89006 0.33997
v 0.279124 0.0189993 0.0971922
vn -0.303698 0.890042 0.339989
v 0.276646 0.0179804 0.098386
vn -0.145927 0.881486 0.449097
v 0.280654 0.0189993 0.0992996
vn -0.382129 0.88142 0.277626
v 0.279479 0.0179804 0.100916
vn -0.38201 0.881476 0.277611
v 0.278305 0.0169625 0.102534
vn -0.381979 0.881491 0.277606
v 0.281011 0.0179804 0.103024
vn -0.38201 0.88147 0.27763
v 0.283717 0.0189993 0.103514
vn -0.382178 0.881371 0.277716
v 0.282186 0.0189993 0.101407
vn -0.382164 0.881374 0.277726
v 0.276404 0.0159435 0.103151
vn -0.261644 0.94624 0.190192
v 0.277209 0.0159435 0.10426
vn -0.261715 0.946246 0.190064
v 0.27911 0.0169625 0.103642
vn -0.382011 0.881473 0.277621
v 0.278013 0.0159435 0.105368
vn -0.261695 0.946248 0.19008
v 0.279915 0.0169625 0.10475
vn -0.382001 0.881539 0.277425
v 0.278818 0.0159435 0.106475
vn -0.354259 0.932911 0.0646336
v 0.280719 0.0169625 0.105857
vn -0.445318 0.890153 0.0965343
v 0.282622 0.0179804 0.105241
vn -0.445422 0.890099 0.0965548
v 0.284523 0.0189993 0.104623
vn -0.445613 0.889994 0.0966422
v 0.281816 0.0179804 0.104132
vn -0.382025 0.881494 0.277534
v 0.284523 0.0189993 0.107227
vn -0.472411 0.881379 0
v 0.282622 0.0179804 0.107845
vn -0.472121 0.881534 0
v 0.280719 0.0169625 0.108463
vn -0.47209 0.88155 0
v 0.282622 0.0179804 0.11045
vn -0.472153 0.881517 0
v 0.284523 0.0189993 0.112438
vn -0.472409 0.881379 0
v 0.284523 0.0189993 0.109832
vn -0.472411 0.881379 0
v 0.278818 0.0159435 0.107845
vn -0.323526 0.946219 0
v 0.278818 0.0159435 0.109215
vn -0.323548 0.946212 0
v 0.280719 0.0169625 0.109832
vn -0.472121 0.881534 0
v 0.278818 0.0159435 0.110585
vn -0.323507 0.946226 0
v 0.280719 0.0169625 0.111203
vn -0.472121 0.881534 0
v 0.278818 0.0159435 0.111954
vn -0.324571 0.932919 -0.155936
v 0.280719 0.0169625 0.112572
vn -0.417076 0.890131 -0.183616
v 0.282622 0.0179804 0.11319
vn -0.417087 0.890109 -0.183698
v 0.284523 0.0189993 0.113807
vn -0.417349 0.889968 -0.183785
v 0.282622 0.0179804 0.11182
vn -0.472121 0.881534 0
v 0.282991 0.0189993 0.115915
vn -0.382213 0.881357 -0.27771
v 0.28109 0.0179804 0.115297
vn -0.381972 0.881503 -0.277577
v 0.279189 0.0169625 0.11468
vn -0.382009 0.881508 -0.277511
v 0.279558 0.0179804 0.117405
vn -0.382046 0.881459 -0.277618
v 0.279928 0.0189993 0.12013
vn -0.382173 0.881398 -0.277634
v 0.281459 0.0189993 0.118023
vn -0.382127 0.881401 -0.277689
v 0.278013 0.0159435 0.113063
vn -0.261732 0.946226 -0.190141
v 0.277209 0.0159435 0.11417
vn -0.261679 0.946242 -0.190131
v 0.278384 0.0169625 0.115788
vn -0.381982 0.8815 -0.277575
v 0.276404 0.0159435 0.115279
vn -0.261679 0.946232 -0.190181
v 0.277578 0.0169625 0.116895
vn -0.381961 0.881493 -0.277626
v 0.275598 0.0159435 0.116386
vn -0.170763 0.932937 -0.316969
v 0.276773 0.0169625 0.118004
vn -0.229443 0.890116 -0.393764
v 0.277948 0.0179804 0.119621
vn -0.229447 0.89009 -0.393821
v 0.279124 0.0189993 0.121239
vn -0.229532 0.890021 -0.393926
v 0.278753 0.0179804 0.118513
vn -0.381977 0.8815 -0.27758
v 0.276646 0.0189993 0.122043
vn -0.14592 0.881395 -0.449277
v 0.275471 0.0179804 0.120426
vn -0.145868 0.881502 -0.449085
v 0.274295 0.0169625 0.118808
vn -0.145877 0.881517 -0.449051
v 0.272993 0.0179804 0.12123
vn -0.145966 0.881476 -0.449103
v 0.27169 0.0189993 0.123653
vn -0.14602 0.881395 -0.449245
v 0.274168 0.0189993 0.122848
vn -0.145984 0.881386 -0.449275
v 0.274295 0.0159435 0.116809
vn -0.100108 0.946215 -0.30766
v 0.272993 0.0159435 0.117233
vn -0.100025 0.946231 -0.307639
v 0.272993 0.0169625 0.119232
vn -0.14615 0.881424 -0.449147
v 0.27169 0.0159435 0.117656
vn -0.0999657 0.946221 -0.30769
v 0.27169 0.0169625 0.119655
vn -0.145879 0.881491 -0.449101
v 0.27169 0.0179804 0.121654
vn -0.146009 0.881458 -0.449124
v 0.270388 0.0155919 0.115864
vn -1.51022e-18 0.987669 -0.156556
v 0.270388 0.0152414 0.113648
vn 3.01968e-18 0.987725 -0.156204
v 0.269086 0.0155919 0.115441
vn 0.0508178 0.986411 -0.156243
v 0.270388 0.0148909 0.111431
vn 4.53016e-18 0.987698 -0.156375
v 0.269086 0.0152414 0.113224
vn 0.0507419 0.986451 -0.156013
v 0.270388 0.0145393 0.109215
vn 4.58609e-18 1 -1.83444e-18
v 0.269086 0.0148909 0.111008
vn 0.0918883 0.987696 -0.126542
v 0.267783 0.0152414 0.112801
vn 0.0917953 0.987718 -0.126435
v 0.266481 0.0155919 0.114593
vn 0.0919823 0.987671 -0.126672
v 0.267783 0.0155919 0.115016
vn 0.0508193 0.98641 -0.156243
v 0.265675 0.0155919 0.113486
vn 0.132902 0.986411 -0.096597
v 0.266977 0.0152414 0.111693
vn 0.132704 0.986451 -0.0964545
v 0.268281 0.0148909 0.109901
vn 0.14869 0.987702 -0.0483234
v 0.266172 0.0152414 0.110585
vn 0.148581 0.987721 -0.0482879
v 0.264065 0.0155919 0.11127
vn 0.148886 0.98767 -0.048387
v 0.26487 0.0155919 0.112377
vn 0.132924 0.986408 -0.0965943
v 0.264065 0.0155919 0.1099
vn 0.16432 0.986407 0
v 0.266172 0.0152414 0.109215
vn 0.164037 0.986454 0
v 0.268281 0.0148909 0.10853
vn 0.14869 0.987703 0.0483221
v 0.266172 0.0152414 0.107846
vn 0.148574 0.987722 0.0482844
v 0.264065 0.0155919 0.107161
vn 0.148884 0.98767 0.0483923
v 0.264065 0.0155919 0.10853
vn 0.16432 0.986407 0
v 0.26487 0.0155919 0.106052
vn 0.132922 0.98641 0.0965772
v 0.266977 0.0152414 0.106738
vn 0.132701 0.986453 0.0964376
v 0.269086 0.0148909 0.107423
vn 0.0918828 0.987701 0.126505
v 0.267783 0.0152414 0.105629
vn 0.0918251 0.987721 0.12639
v 0.266481 0.0155919 0.103836
vn 0.0920031 0.987672 0.126645
v 0.265675 0.0155919 0.104945
vn 0.132899 0.986413 0.0965801
v 0.267783 0.0155919 0.103413
vn 0.0507808 0.98641 0.156256
v 0.269086 0.0152414 0.105206
vn 0.0506805 0.986454 0.156013
v 0.270388 0.0148909 0.107
vn 0 0.987702 0.156349
v 0.270388 0.0152414 0.104783
vn 1.51007e-18 0.987721 0.156228
v 0.270388 0.0155919 0.102567
vn 4.52929e-18 0.987677 0.156508
v 0.269086 0.0155919 0.10299
vn 0.0507555 0.986414 0.156244
v 0.27169 0.0155919 0.10299
vn -0.0507555 0.986414 0.156244
v 0.27169 0.0152414 0.105206
vn -0.0506805 0.986454 0.156013
v 0.27169 0.0148909 0.107423
vn -0.0918828 0.987701 0.126505
v 0.272993 0.0152414 0.105629
vn -0.0918251 0.987721 0.12639
v 0.274295 0.0155919 0.103836
vn -0.0920031 0.987672 0.126645
v 0.272993 0.0155919 0.103413
vn -0.0507808 0.98641 0.156256
v 0.275101 0.0155919 0.104945
vn -0.132899 0.986413 0.0965801
v 0.273798 0.0152414 0.106738
vn -0.132701 0.986453 0.0964376
v 0.272495 0.0148909 0.10853
vn -0.14869 0.987703 0.0483221
v 0.274604 0.0152414 0.107846
vn -0.148574 0.987722 0.0482844
v 0.276711 0.0155919 0.107161
vn -0.148884 0.98767 0.0483923
v 0.275906 0.0155919 0.106052
vn -0.132922 0.98641 0.0965772
v 0.276711 0.0155919 0.10853
vn -0.16432 0.986407 0
v 0.274604 0.0152414 0.109215
vn -0.164037 0.986454 0
v 0.272495 0.0148909 0.109901
vn -0.14869 0.987702 -0.0483234
v 0.274604 0.0152414 0.110585
vn -0.148581 0.987721 -0.0482879
v 0.276711 0.0155919 0.11127
vn -0.148886 0.98767 -0.048387
v 0.276711 0.0155919 0.1099
vn -0.16432 0.986407 0
v 0.275906 0.0155919 0.112377
vn -0.132924 0.986408 -0.0965943
v 0.273798 0.0152414 0.111693
vn -0.132704 0.986451 -0.0964545
v 0.27169 0.0148909 0.111008
vn -0.0918883 0.987696 -0.126542
v 0.272993 0.0152414 0.112801
vn -0.0917953 0.987718 -0.126435
v 0.274295 0.0155919 0.114593
vn -0.0919823 0.987671 -0.126672
v 0.275101 0.0155919 0.113486
vn -0.132902 0.986411 -0.096597
v 0.272993 0.0155919 0.115016
vn -0.0508193 0.98641 -0.156243
v 0.27169 0.0152414 0.113224
vn -0.0507419 0.986451 -0.156013
v 0.27169 0.0155919 0.115441
vn -0.0508178 0.986411 -0.156243
v -0.271451 0.0705067 0.1197
vn -0.0479797 -0.932975 -0.35673
v -0.272753 0.0705067 0.119276
vn 0.0998988 -0.946298 -0.307474
v -0.271451 0.0708572 0.117484
vn -1.50964e-18 -0.987693 -0.156407
v -0.274056 0.0705067 0.118853
vn 0.0998677 -0.946301 -0.307475
v -0.272753 0.0708572 0.117061
vn 0.0507677 -0.986407 -0.15628
v -0.271451 0.0712088 0.115268
vn -1.50933e-18 -0.987649 -0.156683
v -0.275358 0.0705067 0.11843
vn 0.0998996 -0.946298 -0.307474
v -0.274056 0.0708572 0.116638
vn 0.050768 -0.986407 -0.15628
v -0.276662 0.0705067 0.118007
vn 0.170737 -0.932997 -0.316806
v -0.275358 0.0708572 0.116214
vn 0.0919346 -0.987695 -0.126519
v -0.274056 0.0712088 0.114422
vn 0.0920936 -0.987649 -0.126757
v -0.272753 0.0715604 0.112628
vn 0.0919771 -0.987676 -0.126635
v -0.272753 0.0712088 0.114845
vn 0.0508286 -0.986374 -0.156468
v -0.271451 0.0719109 0.110835
vn -2.7515e-18 -1 -1.83433e-18
v -0.271451 0.0715604 0.113051
vn -3.01826e-18 -0.987677 -0.156508
v -0.277467 0.0705067 0.116899
vn 0.261524 -0.946316 -0.189976
v -0.278271 0.0705067 0.115791
vn 0.261528 -0.946316 -0.189973
v -0.276164 0.0708572 0.115106
vn 0.132938 -0.986408 -0.0965736
v -0.279076 0.0705067 0.114683
vn 0.261598 -0.946291 -0.19
v -0.276969 0.0708572 0.113998
vn 0.132922 -0.98641 -0.0965761
v -0.279882 0.0705067 0.113574
vn 0.324436 -0.932963 -0.155955
v -0.277774 0.0708572 0.11289
vn 0.148722 -0.987697 -0.0483312
v -0.275666 0.0712088 0.112205
vn 0.149014 -0.987651 -0.0483843
v -0.273558 0.0715604 0.111521
vn 0.148878 -0.987672 -0.0483756
v -0.274862 0.0712088 0.113313
vn 0.133126 -0.986372 -0.0966885
v -0.279882 0.0705067 0.112205
vn 0.323278 -0.946304 0
v -0.279882 0.0705067 0.110835
vn 0.323299 -0.946297 0
v -0.277774 0.0708572 0.11152
vn 0.164281 -0.986414 0
v -0.279882 0.0705067 0.109466
vn 0.323299 -0.946297 0
v -0.277774 0.0708572 0.11015
vn 0.164281 -0.986414 0
v -0.279882 0.0705067 0.108096
vn 0.354125 -0.932967 0.0645697
v -0.277774 0.0708572 0.108781
vn 0.148717 -0.987697 0.0483431
v -0.275666 0.0712088 0.109466
vn 0.149006 -0.987652 0.0483877
v -0.273558 0.0715604 0.110151
vn 0.148883 -0.987672 0.0483619
v -0.275666 0.0712088 0.110835
vn 0.164516 -0.986374 0
v -0.279076 0.0705067 0.106988
vn 0.261554 -0.946296 0.190036
v -0.278271 0.0705067 0.10588
vn 0.261514 -0.946325 0.189949
v -0.276969 0.0708572 0.107673
vn 0.132922 -0.98641 0.0965761
v -0.277467 0.0705067 0.104772
vn 0.261524 -0.946316 0.189975
v -0.276164 0.0708572 0.106565
vn 0.132922 -0.98641 0.0965766
v -0.276662 0.0705067 0.103664
vn 0.248502 -0.932972 0.260403
v -0.275358 0.0708572 0.105456
vn 0.0919234 -0.987698 0.126502
v -0.274056 0.0712088 0.10725
vn 0.0920591 -0.987651 0.126768
v -0.272753 0.0715604 0.109043
vn 0.0920048 -0.987672 0.126643
v -0.274862 0.0712088 0.108358
vn 0.13311 -0.986373 0.0966915
v -0.275358 0.0705067 0.103241
vn 0.0999022 -0.946294 0.307486
v -0.274056 0.0705067 0.102818
vn 0.0998781 -0.946291 0.307503
v -0.274056 0.0708572 0.105033
vn 0.0507561 -0.986414 0.156244
v -0.272753 0.0705067 0.102394
vn 0.0999018 -0.946294 0.307486
v -0.272753 0.0708572 0.10461
vn 0.0507558 -0.986414 0.156244
v -0.271451 0.0705067 0.101971
vn 0.0480409 -0.932967 0.356741
v -0.271451 0.0708572 0.104187
vn 0 -0.987697 0.156383
v -0.271451 0.0712088 0.106404
vn 0 -0.987653 0.156658
v -0.271451 0.0715604 0.10862
vn 3.0192e-18 -0.987669 0.156557
v -0.272753 0.0712088 0.106827
vn 0.0508286 -0.986374 0.156468
v -0.270148 0.0705067 0.102394
vn -0.0998681 -0.946301 0.307475
v -0.268846 0.0705067 0.102818
vn -0.0999254 -0.946296 0.307473
v -0.270148 0.0708572 0.10461
vn -0.0507561 -0.986414 0.156244
v -0.267544 0.0705067 0.103241
vn -0.0998943 -0.946299 0.307474
v -0.268846 0.0708572 0.105033
vn -0.0507762 -0.986413 0.156244
v -0.266241 0.0705067 0.103664
vn -0.170824 -0.93297 0.316839
v -0.267544 0.0708572 0.105456
vn -0.0919235 -0.987698 0.126502
v -0.268846 0.0712088 0.10725
vn -0.0920897 -0.987648 0.126768
v -0.270148 0.0715604 0.109043
vn -0.0920127 -0.987673 0.126633
v -0.270148 0.0712088 0.106827
vn -0.0508289 -0.986374 0.156468
v -0.265435 0.0705067 0.104772
vn -0.26144 -0.946326 0.190042
v -0.26463 0.0705067 0.10588
vn -0.261526 -0.946316 0.189974
v -0.266738 0.0708572 0.106565
vn -0.132899 -0.986413 0.0965804
v -0.263826 0.0705067 0.106988
vn -0.261585 -0.946299 0.189977
v -0.265933 0.0708572 0.107673
vn -0.132922 -0.98641 0.096577
v -0.26302 0.0705067 0.108096
vn -0.324429 -0.932976 0.155887
v -0.265128 0.0708572 0.108781
vn -0.148739 -0.987694 0.048351
v -0.267235 0.0712088 0.109466
vn -0.149005 -0.98765 0.0484305
v -0.269344 0.0715604 0.110151
vn -0.148865 -0.987676 0.0483359
v -0.268041 0.0712088 0.108358
vn -0.133112 -0.986371 0.0967155
v -0.26302 0.0705067 0.109466
vn -0.3233 -0.946297 0
v -0.26302 0.0705067 0.110835
vn -0.323301 -0.946296 0
v -0.265128 0.0708572 0.11015
vn -0.16432 -0.986407 0
v -0.26302 0.0705067 0.112205
vn -0.32328 -0.946304 0
v -0.265128 0.0708572 0.11152
vn -0.16432 -0.986407 0
v -0.26302 0.0705067 0.113574
vn -0.354126 -0.932966 -0.0645729
v -0.265128 0.0708572 0.11289
vn -0.148744 -0.987694 -0.0483391
v -0.267235 0.0712088 0.112205
vn -0.149014 -0.987649 -0.0484272
v -0.269344 0.0715604 0.111521
vn -0.14886 -0.987676 -0.0483496
v -0.267235 0.0712088 0.110835
vn -0.164516 -0.986374 0
v -0.263826 0.0705067 0.114683
vn -0.26156 -0.946323 -0.189892
v -0.26463 0.0705067 0.115791
vn -0.26149 -0.946332 -0.189946
v -0.265933 0.0708572 0.113998
vn -0.132922 -0.98641 -0.096577
v -0.265435 0.0705067 0.116899
vn -0.261461 -0.946318 -0.190056
v -0.266738 0.0708572 0.115106
vn -0.132915 -0.986411 -0.0965775
v -0.266241 0.0705067 0.118007
vn -0.2485 -0.93299 -0.260342
v -0.267544 0.0708572 0.116214
vn -0.0919348 -0.987695 -0.126519
v -0.268846 0.0712088 0.114422
vn -0.0921242 -0.987647 -0.126757
v -0.270148 0.0715604 0.112628
vn -0.0919851 -0.987677 -0.126624
v -0.268041 0.0712088 0.113313
vn -0.133128 -0.986369 -0.0967125
v -0.267544 0.0705067 0.11843
vn -0.0998811 -0.946318 -0.307418
v -0.268846 0.0705067 0.118853
vn -0.0998926 -0.946307 -0.307448
v -0.268846 0.0708572 0.116638
vn -0.0507881 -0.986406 -0.15628
v -0.270148 0.0705067 0.119276
vn -0.0998728 -0.946321 -0.307413
v -0.270148 0.0708572 0.117061
vn -0.050768 -0.986407 -0.15628
v -0.270148 0.0712088 0.114845
vn -0.0508289 -0.986374 -0.156468
v -0.271451 0.0694878 0.121699
vn -0.045765 -0.890027 -0.453605
v -0.271451 0.0684688 0.123699
vn -0.0458036 -0.89014 -0.453379
v -0.272753 0.0694878 0.121275
vn 0.145915 -0.881442 -0.449187
v -0.271451 0.0674509 0.125697
vn -0.0458647 -0.890076 -0.453499
v -0.272753 0.0684688 0.123275
vn 0.14598 -0.881511 -0.449031
v -0.271451 0.0664319 0.127696
vn -0.0409076 -0.79468 -0.605648
v -0.272753 0.0674509 0.125274
vn 0.14597 -0.881484 -0.449087
v -0.274056 0.0684688 0.122851
vn 0.145899 -0.881527 -0.449024
v -0.275358 0.0694878 0.120429
vn 0.145856 -0.881429 -0.449232
v -0.274056 0.0694878 0.120852
vn 0.145999 -0.8814 -0.449243
v -0.273929 0.0664319 0.126891
vn 0.187584 -0.794622 -0.577397
v -0.276406 0.0664319 0.126087
vn 0.187539 -0.794671 -0.577345
v -0.275231 0.0674509 0.124469
vn 0.145879 -0.881517 -0.449052
v -0.278884 0.0664319 0.125282
vn 0.187605 -0.794625 -0.577387
v -0.277709 0.0674509 0.123664
vn 0.145879 -0.881517 -0.449052
v -0.281362 0.0664319 0.124476
vn 0.322913 -0.794686 -0.514006
v -0.280187 0.0674509 0.12286
vn 0.229456 -0.890112 -0.393764
v -0.279011 0.0684688 0.121242
vn 0.229529 -0.890109 -0.393728
v -0.277836 0.0694878 0.119625
vn 0.229548 -0.890018 -0.393923
v -0.276534 0.0684688 0.122047
vn 0.145869 -0.881503 -0.449082
v -0.278642 0.0694878 0.118516
vn 0.382202 -0.881379 -0.277655
v -0.279816 0.0684688 0.120133
vn 0.381993 -0.881505 -0.277544
v -0.280991 0.0674509 0.121751
vn 0.381998 -0.881506 -0.277533
v -0.280622 0.0684688 0.119026
vn 0.381959 -0.881528 -0.277515
v -0.280251 0.0694878 0.1163
vn 0.382173 -0.881409 -0.277601
v -0.279447 0.0694878 0.117408
vn 0.382224 -0.881386 -0.277602
v -0.282893 0.0664319 0.122369
vn 0.491094 -0.794668 -0.356832
v -0.284424 0.0664319 0.120262
vn 0.491201 -0.794627 -0.356777
v -0.282523 0.0674509 0.119644
vn 0.381996 -0.88151 -0.277525
v -0.285955 0.0664319 0.118153
vn 0.491166 -0.794607 -0.356869
v -0.284054 0.0674509 0.117535
vn 0.381996 -0.881509 -0.277527
v -0.287487 0.0664319 0.116046
vn 0.563254 -0.794752 -0.226085
v -0.285586 0.0674509 0.115428
vn 0.41705 -0.890118 -0.183738
v -0.283684 0.0684688 0.11481
vn 0.417073 -0.890132 -0.183615
v -0.281783 0.0694878 0.114192
vn 0.41726 -0.890013 -0.183767
v -0.282153 0.0684688 0.116917
vn 0.381984 -0.881527 -0.277486
v -0.281783 0.0694878 0.112823
vn 0.472409 -0.881379 0
v -0.283684 0.0684688 0.113441
vn 0.472121 -0.881534 0
v -0.285586 0.0674509 0.114059
vn 0.47215 -0.881518 0
v -0.283684 0.0684688 0.112071
vn 0.472091 -0.88155 0
v -0.281783 0.0694878 0.110084
vn 0.47241 -0.881379 0
v -0.281783 0.0694878 0.111453
vn 0.472409 -0.881379 0
v -0.287487 0.0664319 0.113441
vn 0.607038 -0.794673 0
v -0.287487 0.0664319 0.110835
vn 0.607039 -0.794672 0
v -0.285586 0.0674509 0.111453
vn 0.47212 -0.881534 0
v -0.287487 0.0664319 0.10823
vn 0.607039 -0.794672 0
v -0.285586 0.0674509 0.108848
vn 0.47212 -0.881534 0
v -0.287487 0.0664319 0.105625
vn 0.588529 -0.794765 0.148264
v -0.285586 0.0674509 0.106243
vn 0.445415 -0.890107 0.0965168
v -0.283684 0.0684688 0.106861
vn 0.445317 -0.890158 0.0965007
v -0.281783 0.0694878 0.107479
vn 0.445621 -0.889992 0.0966258
v -0.283684 0.0684688 0.109466
vn 0.472121 -0.881534 0
v -0.280977 0.0694878 0.10637
vn 0.382152 -0.881436 0.277541
v -0.282879 0.0684688 0.105752
vn 0.381972 -0.881544 0.277449
v -0.284781 0.0674509 0.105134
vn 0.382014 -0.881469 0.277628
v -0.282074 0.0684688 0.104645
vn 0.381966 -0.88151 0.277563
v -0.279368 0.0694878 0.104154
vn 0.382154 -0.881394 0.277673
v -0.280173 0.0694878 0.105263
vn 0.382142 -0.881417 0.277618
v -0.285955 0.0664319 0.103518
vn 0.491075 -0.79465 0.356899
v -0.284424 0.0664319 0.10141
vn 0.491099 -0.79469 0.356776
v -0.283249 0.0674509 0.103027
vn 0.382013 -0.881474 0.277613
v -0.282893 0.0664319 0.0993017
vn 0.491151 -0.794656 0.356781
v -0.281717 0.0674509 0.10092
vn 0.382007 -0.881508 0.277514
v -0.281362 0.0664319 0.0971944
vn 0.38902 -0.794717 0.465928
v -0.280187 0.0674509 0.0988122
vn 0.30357 -0.890117 0.339907
v -0.279011 0.0684688 0.100429
vn 0.303555 -0.890119 0.339915
v -0.277836 0.0694878 0.102047
vn 0.303688 -0.890001 0.340106
v -0.280543 0.0684688 0.102536
vn 0.381992 -0.881495 0.277575
v -0.276534 0.0694878 0.101624
vn 0.145954 -0.881406 0.449244
v -0.277709 0.0684688 0.100006
vn 0.145867 -0.881496 0.449097
v -0.278884 0.0674509 0.0983891
vn 0.145896 -0.881512 0.449056
v -0.276406 0.0684688 0.0995828
vn 0.145927 -0.881521 0.449027
v -0.273929 0.0694878 0.100777
vn 0.145985 -0.881433 0.449181
v -0.275231 0.0694878 0.101201
vn 0.14593 -0.881398 0.449269
v -0.278884 0.0664319 0.0963891
vn 0.187611 -0.794683 0.577306
v -0.276406 0.0664319 0.0955839
vn 0.187585 -0.794646 0.577364
v -0.276406 0.0674509 0.0975838
vn 0.145946 -0.881529 0.449006
v -0.273929 0.0664319 0.0947796
vn 0.187586 -0.794664 0.577339
v -0.273929 0.0674509 0.0967786
vn 0.145937 -0.881499 0.449068
v -0.271451 0.0664319 0.0939743
vn 0.0408518 -0.794712 0.605611
v -0.271451 0.0674509 0.0959733
vn 0.0458099 -0.890088 0.45348
v -0.271451 0.0684688 0.0979722
vn 0.0457177 -0.890134 0.453399
v -0.271451 0.0694878 0.0999723
vn 0.0458381 -0.890046 0.45356
v -0.273929 0.0684688 0.0987775
vn 0.145945 -0.881529 0.449006
v -0.270148 0.0694878 0.100395
vn -0.145999 -0.8814 0.449243
v -0.270148 0.0684688 0.0983964
vn -0.145996 -0.881507 0.449034
v -0.270148 0.0674509 0.0963965
vn -0.145938 -0.881502 0.449061
v -0.268846 0.0684688 0.0988196
vn -0.145847 -0.881549 0.449
v -0.267544 0.0694878 0.101242
vn -0.145938 -0.881415 0.449231
v -0.268846 0.0694878 0.100819
vn -0.146006 -0.881383 0.449274
v -0.268973 0.0664319 0.0947796
vn -0.187509 -0.794672 0.577354
v -0.266495 0.0664319 0.0955839
vn -0.187549 -0.794709 0.577289
v -0.267671 0.0674509 0.0972017
vn -0.145885 -0.881523 0.449037
v -0.264018 0.0664319 0.0963891
vn -0.187656 -0.794667 0.577313
v -0.265193 0.0674509 0.098007
vn -0.145945 -0.881515 0.449034
v -0.261541 0.0664319 0.0971944
vn -0.322866 -0.794698 0.514015
v -0.262715 0.0674509 0.0988122
vn -0.229412 -0.89012 0.393772
v -0.263891 0.0684688 0.100429
vn -0.229528 -0.890109 0.39373
v -0.265066 0.0694878 0.102047
vn -0.229546 -0.890019 0.393923
v -0.266368 0.0684688 0.0996239
vn -0.145885 -0.881523 0.449037
v -0.264261 0.0694878 0.103154
vn -0.382115 -0.881391 0.277736
v -0.263086 0.0684688 0.101538
vn -0.381898 -0.881535 0.277578
v -0.26191 0.0674509 0.0999196
vn -0.381988 -0.881512 0.277528
v -0.262281 0.0684688 0.102645
vn -0.382006 -0.881505 0.277524
v -0.26265 0.0694878 0.105371
vn -0.382171 -0.881409 0.277603
v -0.263455 0.0694878 0.104263
vn -0.382201 -0.88138 0.277653
v -0.260009 0.0664319 0.0993017
vn -0.491125 -0.794655 0.35682
v -0.258477 0.0664319 0.10141
vn -0.491159 -0.794655 0.35677
v -0.260379 0.0674509 0.102028
vn -0.382028 -0.881506 0.27749
v -0.256947 0.0664319 0.103518
vn -0.491179 -0.794605 0.356857
v -0.258848 0.0674509 0.104135
vn -0.381979 -0.8815 0.27758
v -0.255415 0.0664319 0.105625
vn -0.563345 -0.794692 0.226071
v -0.257316 0.0674509 0.106243
vn -0.417124 -0.890076 0.183772
v -0.259217 0.0684688 0.106861
vn -0.417029 -0.89014 0.18368
v -0.261119 0.0694878 0.107479
vn -0.417255 -0.890025 0.18372
v -0.260749 0.0684688 0.104753
vn -0.38201 -0.881494 0.277555
v -0.261119 0.0694878 0.108848
vn -0.472308 -0.881434 0
v -0.259217 0.0684688 0.10823
vn -0.472121 -0.881534 0
v -0.257316 0.0674509 0.107612
vn -0.472242 -0.881469 0
v -0.259217 0.0684688 0.1096
vn -0.472112 -0.881539 0
v -0.261119 0.0694878 0.111587
vn -0.472298 -0.881439 0
v -0.261119 0.0694878 0.110218
vn -0.472308 -0.881434 0
v -0.255415 0.0664319 0.10823
vn -0.607157 -0.794582 0
v -0.255415 0.0664319 0.110835
vn -0.607157 -0.794582 0
v -0.257316 0.0674509 0.110218
vn -0.472223 -0.881479 0
v -0.255415 0.0664319 0.113441
vn -0.607156 -0.794582 0
v -0.257316 0.0674509 0.112823
vn -0.472223 -0.881479 0
v -0.255415 0.0664319 0.116046
vn -0.588656 -0.794666 -0.148294
v -0.257316 0.0674509 0.115428
vn -0.445466 -0.890075 -0.0965693
v -0.259217 0.0684688 0.11481
vn -0.445366 -0.890128 -0.0965522
v -0.261119 0.0694878 0.114192
vn -0.445521 -0.890053 -0.0965207
v -0.259217 0.0684688 0.112205
vn -0.472121 -0.881534 0
v -0.261924 0.0694878 0.115301
vn -0.382162 -0.88146 -0.277455
v -0.260023 0.0684688 0.115919
vn -0.382022 -0.881492 -0.277544
v -0.258122 0.0674509 0.116536
vn -0.382042 -0.881459 -0.277623
v -0.260828 0.0684688 0.117027
vn -0.38198 -0.88149 -0.277608
v -0.263534 0.0694878 0.117516
vn -0.382135 -0.881396 -0.277692
v -0.262729 0.0694878 0.116409
vn -0.382134 -0.881378 -0.277752
v -0.256947 0.0664319 0.118153
vn -0.49114 -0.794674 -0.356755
v -0.258477 0.0664319 0.120262
vn -0.49115 -0.794656 -0.356782
v -0.259653 0.0674509 0.118644
vn -0.382004 -0.88151 -0.277512
v -0.260009 0.0664319 0.122369
vn -0.491163 -0.794594 -0.356902
v -0.261184 0.0674509 0.120751
vn -0.381944 -0.881547 -0.277477
v -0.261541 0.0664319 0.124476
vn -0.389022 -0.794674 -0.465999
v -0.262715 0.0674509 0.12286
vn -0.303584 -0.890112 -0.339908
v -0.263891 0.0684688 0.121242
vn -0.303552 -0.890126 -0.339899
v -0.265066 0.0694878 0.119625
vn -0.303723 -0.890008 -0.340058
v -0.262359 0.0684688 0.119134
vn -0.381987 -0.881501 -0.277564
v -0.266368 0.0694878 0.120048
vn -0.145959 -0.881408 -0.449239
v -0.265193 0.0684688 0.121665
vn -0.145896 -0.881506 -0.449067
v -0.264018 0.0674509 0.123283
vn -0.145866 -0.881487 -0.449115
v -0.266495 0.0684688 0.122088
vn -0.145911 -0.881504 -0.449066
v -0.268973 0.0694878 0.120894
vn -0.145908 -0.881408 -0.449255
v -0.267671 0.0694878 0.120471
vn -0.145954 -0.881406 -0.449244
v -0.264018 0.0664319 0.125282
vn -0.187641 -0.794624 -0.577376
v -0.266495 0.0664319 0.126087
vn -0.187586 -0.794664 -0.577339
v -0.266495 0.0674509 0.124087
vn -0.145899 -0.881521 -0.449037
v -0.268973 0.0664319 0.126891
vn -0.187527 -0.794594 -0.577455
v -0.268973 0.0674509 0.124892
vn -0.145905 -0.881504 -0.449068
v -0.268973 0.0684688 0.122893
vn -0.145907 -0.881503 -0.44907
v -0.271451 0.0648456 0.129283
vn -0.0363713 -0.706561 -0.706717
v -0.271451 0.0632583 0.130869
vn -0.0363583 -0.706641 -0.706638
v -0.273929 0.0648456 0.128478
vn 0.223828 -0.689127 -0.689206
v -0.271451 0.061672 0.132456
vn -0.0364184 -0.706716 -0.70656
v -0.273929 0.0632583 0.130065
vn 0.22387 -0.689156 -0.689163
v -0.271451 0.0600856 0.134043
vn -0.0297441 -0.577796 -0.815639
v -0.273929 0.061672 0.131651
vn 0.224003 -0.689141 -0.689135
v -0.276406 0.0632583 0.12926
vn 0.224036 -0.68902 -0.689245
v -0.278884 0.0648456 0.126868
vn 0.224003 -0.689009 -0.689267
v -0.276406 0.0648456 0.127673
vn 0.223935 -0.689071 -0.689228
v -0.274862 0.0600856 0.132934
vn 0.25431 -0.568515 -0.782379
v -0.278271 0.0600856 0.131826
vn 0.254227 -0.568577 -0.782361
v -0.277338 0.061672 0.130543
vn 0.224005 -0.689138 -0.689138
v -0.281682 0.0600856 0.130719
vn 0.254173 -0.568509 -0.782428
v -0.280749 0.061672 0.129434
vn 0.223829 -0.689191 -0.689141
v -0.285092 0.0600856 0.12961
vn 0.455406 -0.577744 -0.677361
v -0.284159 0.061672 0.128327
vn 0.385915 -0.706676 -0.593025
v -0.283227 0.0632583 0.127044
vn 0.385929 -0.706582 -0.593128
v -0.282294 0.0648456 0.12576
vn 0.385902 -0.706563 -0.593169
v -0.279816 0.0632583 0.128151
vn 0.223941 -0.689036 -0.68926
v -0.283826 0.0648456 0.123652
vn 0.586318 -0.689063 -0.425939
v -0.284758 0.0632583 0.124935
vn 0.586292 -0.689079 -0.425948
v -0.285691 0.061672 0.126219
vn 0.586223 -0.68915 -0.425929
v -0.28629 0.0632583 0.122828
vn 0.586226 -0.689145 -0.425932
v -0.286888 0.0648456 0.119436
vn 0.586172 -0.689164 -0.425976
v -0.285356 0.0648456 0.121545
vn 0.586297 -0.689105 -0.425899
v -0.287199 0.0600856 0.126709
vn 0.6656 -0.568486 -0.483528
v -0.289307 0.0600856 0.123808
vn 0.665536 -0.568504 -0.483596
v -0.287798 0.061672 0.123319
vn 0.586278 -0.6891 -0.425934
v -0.291415 0.0600856 0.120908
vn 0.665422 -0.568614 -0.483624
v -0.289906 0.061672 0.120418
vn 0.586159 -0.68919 -0.425952
v -0.293523 0.0600856 0.118007
vn 0.766611 -0.577703 -0.280296
v -0.292014 0.061672 0.117516
vn 0.660718 -0.70673 -0.252954
v -0.290505 0.0632583 0.117027
vn 0.660902 -0.706545 -0.252987
v -0.288996 0.0648456 0.116536
vn 0.660784 -0.706631 -0.253055
v -0.288397 0.0632583 0.119927
vn 0.586257 -0.689092 -0.425977
v -0.288996 0.0648456 0.113931
vn 0.724671 -0.689095 0
v -0.290505 0.0632583 0.114422
vn 0.724671 -0.689095 0
v -0.292014 0.061672 0.114911
vn 0.724562 -0.68921 0
v -0.290505 0.0632583 0.111816
vn 0.724658 -0.689108 0
v -0.288996 0.0648456 0.108721
vn 0.724683 -0.689082 0
v -0.288996 0.0648456 0.111326
vn 0.724671 -0.689095 0
v -0.293523 0.0600856 0.114422
vn 0.822756 -0.568394 0
v -0.293523 0.0600856 0.110835
vn 0.822756 -0.568394 0
v -0.292014 0.061672 0.111326
vn 0.724555 -0.689217 0
v -0.293523 0.0600856 0.10725
vn 0.822756 -0.568394 0
v -0.292014 0.061672 0.10774
vn 0.724555 -0.689217 0
v -0.293523 0.0600856 0.103664
vn 0.784972 -0.577713 0.223757
v -0.292014 0.061672 0.104154
vn 0.683237 -0.706686 0.183798
v -0.290505 0.0632583 0.104645
vn 0.683319 -0.706594 0.183847
v -0.288996 0.0648456 0.105134
vn 0.683362 -0.706563 0.183806
v -0.290505 0.0632583 0.10823
vn 0.724671 -0.689095 0
v -0.287465 0.0648456 0.103027
vn 0.586224 -0.689095 0.426016
v -0.288973 0.0632583 0.102536
vn 0.586261 -0.689069 0.426007
v -0.290483 0.061672 0.102047
vn 0.586125 -0.689226 0.42594
v -0.287442 0.0632583 0.100429
vn 0.586264 -0.68907 0.426001
v -0.284402 0.0648456 0.0988122
vn 0.586311 -0.689035 0.425994
v -0.285933 0.0648456 0.10092
vn 0.586269 -0.689066 0.426
v -0.291415 0.0600856 0.100763
vn 0.665507 -0.568528 0.483607
v -0.289307 0.0600856 0.0978628
vn 0.665481 -0.568607 0.483552
v -0.288374 0.061672 0.099146
vn 0.586165 -0.689198 0.42593
v -0.287199 0.0600856 0.0949617
vn 0.665557 -0.568519 0.483549
v -0.286267 0.061672 0.0962449
vn 0.586259 -0.689157 0.425867
v -0.285092 0.0600856 0.0920607
vn 0.503537 -0.577765 0.642369
v -0.284159 0.061672 0.0933438
vn 0.444758 -0.706669 0.550281
v -0.283227 0.0632583 0.094627
vn 0.444765 -0.706584 0.550385
v -0.282294 0.0648456 0.0959112
vn 0.444846 -0.706598 0.550302
v -0.285334 0.0632583 0.097528
vn 0.586298 -0.689107 0.425896
v -0.279816 0.0648456 0.0951059
vn 0.223942 -0.689041 0.689255
v -0.280749 0.0632583 0.0938228
vn 0.223891 -0.689072 0.68924
v -0.281682 0.061672 0.0925386
vn 0.223867 -0.689216 0.689104
v -0.278271 0.0632583 0.0930175
vn 0.223988 -0.689058 0.689223
v -0.274862 0.0648456 0.0934954
vn 0.223944 -0.689092 0.689203
v -0.277338 0.0648456 0.0943007
vn 0.223983 -0.689048 0.689234
v -0.281682 0.0600856 0.0909523
vn 0.254229 -0.568572 0.782364
v -0.278271 0.0600856 0.0898439
vn 0.254217 -0.568615 0.782337
v -0.278271 0.061672 0.0914312
vn 0.223915 -0.689226 0.689079
v -0.274862 0.0600856 0.0887365
vn 0.254197 -0.568485 0.782437
v -0.274862 0.061672 0.0903228
vn 0.22396 -0.68918 0.68911
v -0.271451 0.0600856 0.087628
vn 0.0297482 -0.577792 0.815642
v -0.271451 0.061672 0.0892144
vn 0.0363822 -0.706642 0.706636
v -0.271451 0.0632583 0.0908007
vn 0.0363928 -0.706602 0.706675
v -0.271451 0.0648456 0.092388
vn 0.0364056 -0.706625 0.706652
v -0.274862 0.0632583 0.0919091
vn 0.223997 -0.689063 0.689215
v -0.268973 0.0648456 0.0931923
vn -0.223819 -0.689167 0.689169
v -0.268973 0.0632583 0.091606
vn -0.223989 -0.689026 0.689255
v -0.268973 0.061672 0.0900196
vn -0.223967 -0.689139 0.689148
v -0.266495 0.0632583 0.0924112
vn -0.22404 -0.689023 0.689242
v -0.264018 0.0648456 0.0948028
vn -0.224045 -0.689004 0.689258
v -0.266495 0.0648456 0.0939975
vn -0.224035 -0.689018 0.689248
v -0.268041 0.0600856 0.0887365
vn -0.254201 -0.568562 0.782381
v -0.26463 0.0600856 0.0898439
vn -0.254206 -0.568503 0.782421
v -0.265563 0.061672 0.0911281
vn -0.22388 -0.689238 0.689078
v -0.261221 0.0600856 0.0909523
vn -0.254341 -0.568373 0.782473
v -0.262153 0.061672 0.0922354
vn -0.223876 -0.68924 0.689077
v -0.25781 0.0600856 0.0920607
vn -0.455393 -0.57771 0.677399
v -0.258743 0.061672 0.0933438
vn -0.385934 -0.706648 0.593046
v -0.259675 0.0632583 0.094627
vn -0.385936 -0.706627 0.59307
v -0.260608 0.0648456 0.0959112
vn -0.385894 -0.706567 0.593168
v -0.263086 0.0632583 0.0935196
vn -0.223912 -0.689119 0.689187
v -0.259076 0.0648456 0.0980185
vn -0.586316 -0.689057 0.42595
v -0.258144 0.0632583 0.0967354
vn -0.586322 -0.68908 0.425905
v -0.257211 0.061672 0.0954512
vn -0.586212 -0.689189 0.42588
v -0.256613 0.0632583 0.0988428
vn -0.586226 -0.689165 0.425901
v -0.256014 0.0648456 0.102234
vn -0.586242 -0.689099 0.425984
v -0.257546 0.0648456 0.100126
vn -0.586399 -0.68901 0.425912
v -0.255703 0.0600856 0.0949617
vn -0.665643 -0.568431 0.483534
v -0.253595 0.0600856 0.0978628
vn -0.665539 -0.568502 0.483594
v -0.255104 0.061672 0.0983523
vn -0.586248 -0.689149 0.425895
v -0.251487 0.0600856 0.100763
vn -0.665483 -0.568575 0.483586
v -0.252996 0.061672 0.101253
vn -0.586202 -0.689193 0.425886
v -0.249379 0.0600856 0.103664
vn -0.76654 -0.577803 0.280286
v -0.250889 0.061672 0.104154
vn -0.660751 -0.706724 0.252883
v -0.252397 0.0632583 0.104645
vn -0.660895 -0.70658 0.252908
v -0.253907 0.0648456 0.105134
vn -0.660874 -0.70657 0.252989
v -0.254505 0.0632583 0.101744
vn -0.586231 -0.689133 0.425944
v -0.253907 0.0648456 0.10774
vn -0.724671 -0.689095 0
v -0.252397 0.0632583 0.10725
vn -0.724671 -0.689095 0
v -0.250889 0.061672 0.10676
vn -0.724549 -0.689223 0
v -0.252397 0.0632583 0.109855
vn -0.724671 -0.689095 0
v -0.253907 0.0648456 0.11295
vn -0.724671 -0.689095 0
v -0.253907 0.0648456 0.110345
vn -0.724671 -0.689095 0
v -0.249379 0.0600856 0.10725
vn -0.822648 -0.568551 0
v -0.249379 0.0600856 0.110835
vn -0.822639 -0.568564 0
v -0.250889 0.061672 0.110345
vn -0.724555 -0.689217 0
v -0.249379 0.0600856 0.114422
vn -0.822648 -0.568551 0
v -0.250889 0.061672 0.113931
vn -0.724555 -0.689217 0
v -0.249379 0.0600856 0.118007
vn -0.78493 -0.577778 -0.223736
v -0.250889 0.061672 0.117516
vn -0.683213 -0.706733 -0.183709
v -0.252397 0.0632583 0.117027
vn -0.683375 -0.706547 -0.183821
v -0.253907 0.0648456 0.116536
vn -0.683325 -0.706626 -0.1837
v -0.252397 0.0632583 0.113441
vn -0.724671 -0.689095 0
v -0.255437 0.0648456 0.118644
vn -0.586283 -0.689108 -0.425913
v -0.253929 0.0632583 0.119134
vn -0.586281 -0.68911 -0.425914
v -0.252419 0.061672 0.119625
vn -0.586176 -0.689236 -0.425854
v -0.255459 0.0632583 0.121242
vn -0.586262 -0.689073 -0.425998
v -0.258501 0.0648456 0.12286
vn -0.586269 -0.689064 -0.426004
v -0.256969 0.0648456 0.120751
vn -0.586305 -0.689041 -0.425991
v -0.251487 0.0600856 0.120908
vn -0.665533 -0.568459 -0.483653
v -0.253595 0.0600856 0.123808
vn -0.665501 -0.568542 -0.4836
v -0.254528 0.061672 0.122525
vn -0.586185 -0.689119 -0.42603
v -0.255703 0.0600856 0.126709
vn -0.665592 -0.568485 -0.483542
v -0.256635 0.061672 0.125426
vn -0.586259 -0.689157 -0.425867
v -0.25781 0.0600856 0.12961
vn -0.503495 -0.577818 -0.642354
v -0.258743 0.061672 0.128327
vn -0.444727 -0.706638 -0.550346
v -0.259675 0.0632583 0.127044
vn -0.444764 -0.706587 -0.550381
v -0.260608 0.0648456 0.12576
vn -0.444814 -0.706568 -0.550365
v -0.257568 0.0632583 0.124143
vn -0.586303 -0.68904 -0.425997
v -0.263086 0.0648456 0.126565
vn -0.223987 -0.689047 -0.689235
v -0.262153 0.0632583 0.127848
vn -0.223915 -0.688996 -0.689309
v -0.261221 0.061672 0.129131
vn -0.223908 -0.689216 -0.689091
v -0.26463 0.0632583 0.128653
vn -0.223987 -0.689067 -0.689214
v -0.268041 0.0648456 0.128174
vn -0.223905 -0.689088 -0.68922
v -0.265563 0.0648456 0.12737
vn -0.223913 -0.688991 -0.689315
v -0.261221 0.0600856 0.130719
vn -0.254216 -0.568609 -0.782341
v -0.26463 0.0600856 0.131826
vn -0.254194 -0.568483 -0.782441
v -0.26463 0.061672 0.13024
vn -0.223954 -0.689181 -0.689111
v -0.268041 0.0600856 0.132934
vn -0.254293 -0.568507 -0.78239
v -0.268041 0.061672 0.131348
vn -0.223928 -0.68919 -0.68911
v -0.268041 0.0632583 0.129762
vn -0.223915 -0.689113 -0.689192
v -0.271451 0.0580867 0.135062
vn -0.0234051 -0.453926 -0.890732
v -0.271451 0.0560867 0.136081
vn -0.0233073 -0.4538 -0.890799
v -0.274862 0.0580867 0.133953
vn 0.278179 -0.436128 -0.855809
v -0.271451 0.0540877 0.137099
vn -0.0233365 -0.453897 -0.890749
v -0.274862 0.0560867 0.134972
vn 0.278148 -0.436069 -0.855849
v -0.271451 0.0520888 0.138118
vn -0.0156558 -0.303783 -0.952613
v -0.274862 0.0540877 0.135991
vn 0.278081 -0.436177 -0.855816
v -0.278271 0.0560867 0.133864
vn 0.278188 -0.436115 -0.855813
v -0.281682 0.0580867 0.131736
vn 0.278099 -0.435994 -0.855903
v -0.278271 0.0580867 0.132845
vn 0.278148 -0.436071 -0.855848
v -0.275459 0.0520888 0.136815
vn 0.295269 -0.295179 -0.908673
v -0.279469 0.0520888 0.135512
vn 0.295323 -0.295233 -0.908638
v -0.27887 0.0540877 0.134688
vn 0.278173 -0.436178 -0.855785
v -0.283478 0.0520888 0.134209
vn 0.295206 -0.295351 -0.908637
v -0.282879 0.0540877 0.133385
vn 0.278069 -0.436171 -0.855823
v -0.287487 0.0520888 0.132907
vn 0.547248 -0.303963 -0.779824
v -0.286888 0.0540877 0.132083
vn 0.504644 -0.453916 -0.734367
v -0.28629 0.0560867 0.131259
vn 0.504696 -0.453817 -0.734393
v -0.285691 0.0580867 0.130434
vn 0.50461 -0.45389 -0.734406
v -0.282281 0.0560867 0.132561
vn 0.278062 -0.436086 -0.855868
v -0.287798 0.0580867 0.127533
vn 0.728073 -0.43611 -0.528884
v -0.288397 0.0560867 0.128357
vn 0.728072 -0.43606 -0.528927
v -0.288996 0.0540877 0.129182
vn 0.728047 -0.436115 -0.528915
v -0.290505 0.0560867 0.125456
vn 0.728045 -0.436014 -0.529001
v -0.292014 0.0580867 0.121732
vn 0.728043 -0.436022 -0.528998
v -0.289906 0.0580867 0.124632
vn 0.727958 -0.436131 -0.529025
v -0.289965 0.0520888 0.129496
vn 0.772956 -0.2953 -0.561549
v -0.292443 0.0520888 0.126086
vn 0.772921 -0.295356 -0.561568
v -0.291473 0.0540877 0.125771
vn 0.728026 -0.436112 -0.528948
v -0.294919 0.0520888 0.122676
vn 0.773002 -0.295165 -0.561556
v -0.293951 0.0540877 0.122362
vn 0.728028 -0.436058 -0.528988
v -0.297397 0.0520888 0.119266
vn 0.901163 -0.303768 -0.309243
v -0.296429 0.0540877 0.118951
vn 0.839991 -0.453787 -0.297479
v -0.29546 0.0560867 0.118636
vn 0.839955 -0.453868 -0.297454
v -0.294491 0.0580867 0.118322
vn 0.839984 -0.453807 -0.297465
v -0.292983 0.0560867 0.122047
vn 0.728064 -0.435966 -0.529014
v -0.294491 0.0580867 0.114736
vn 0.899902 -0.436093 0
v -0.29546 0.0560867 0.11505
vn 0.899902 -0.436093 0
v -0.296429 0.0540877 0.115365
vn 0.899949 -0.435996 0
v -0.29546 0.0560867 0.111465
vn 0.899903 -0.43609 0
v -0.294491 0.0580867 0.107565
vn 0.8999 -0.436095 0
v -0.294491 0.0580867 0.11115
vn 0.899902 -0.436093 0
v -0.297397 0.0520888 0.11505
vn 0.955446 -0.295167 0
v -0.297397 0.0520888 0.110835
vn 0.955442 -0.295179 0
v -0.296429 0.0540877 0.11115
vn 0.899949 -0.435996 0
v -0.297397 0.0520888 0.10662
vn 0.955444 -0.295173 0
v -0.296429 0.0540877 0.106934
vn 0.899949 -0.435996 0
v -0.297397 0.0520888 0.102405
vn 0.910826 -0.30376 0.279511
v -0.296429 0.0540877 0.10272
vn 0.854393 -0.453835 0.253074
v -0.29546 0.0560867 0.103034
vn 0.854393 -0.453811 0.253117
v -0.294491 0.0580867 0.103349
vn 0.854402 -0.453876 0.252969
v -0.29546 0.0560867 0.10725
vn 0.899902 -0.436093 0
v -0.292384 0.0580867 0.100448
vn 0.728038 -0.436056 0.528976
v -0.293352 0.0560867 0.100133
vn 0.728065 -0.436023 0.528966
v -0.294322 0.0540877 0.0998185
vn 0.728049 -0.436108 0.528918
v -0.291245 0.0560867 0.0972323
vn 0.728 -0.436081 0.529008
v -0.288168 0.0580867 0.094647
vn 0.728047 -0.436008 0.529003
v -0.290276 0.0580867 0.097547
vn 0.72801 -0.436086 0.52899
v -0.294919 0.0520888 0.0989944
vn 0.772996 -0.295295 0.561496
v -0.292443 0.0520888 0.0955839
vn 0.772928 -0.295276 0.5616
v -0.291844 0.0540877 0.096408
vn 0.727987 -0.436161 0.52896
v -0.289965 0.0520888 0.0921743
vn 0.77292 -0.295265 0.561616
v -0.289366 0.0540877 0.0929986
vn 0.727987 -0.436161 0.528959
v -0.287487 0.0520888 0.0887638
vn 0.572601 -0.303882 0.761435
v -0.286888 0.0540877 0.0895881
vn 0.542521 -0.453912 0.706848
v -0.28629 0.0560867 0.0904122
vn 0.54253 -0.453813 0.706905
v -0.285691 0.0580867 0.0912365
vn 0.542569 -0.453891 0.706825
v -0.288767 0.0560867 0.0938228
vn 0.728042 -0.436115 0.528922
v -0.282281 0.0580867 0.090128
vn 0.278144 -0.436108 0.855831
v -0.282879 0.0560867 0.0893038
vn 0.278163 -0.436084 0.855837
v -0.283478 0.0540877 0.0884796
vn 0.278092 -0.436028 0.855888
v -0.279469 0.0560867 0.0881954
vn 0.278024 -0.435997 0.855926
v -0.275459 0.0580867 0.0879122
vn 0.278073 -0.436073 0.855871
v -0.27887 0.0580867 0.0890196
vn 0.278045 -0.436078 0.855878
v -0.283478 0.0520888 0.0874617
vn 0.29514 -0.29514 0.908727
v -0.279469 0.0520888 0.0861596
vn 0.295197 -0.29524 0.908676
v -0.279469 0.0540877 0.0871775
vn 0.277992 -0.435883 0.855995
v -0.275459 0.0520888 0.0848565
vn 0.29521 -0.29524 0.908672
v -0.275459 0.0540877 0.0858754
vn 0.278039 -0.436001 0.855919
v -0.271451 0.0520888 0.0835544
vn 0.015654 -0.303814 0.952603
v -0.271451 0.0540877 0.0845733
vn 0.0233349 -0.453893 0.89075
v -0.271451 0.0560867 0.0855912
vn 0.023231 -0.453557 0.890925
v -0.271451 0.0580867 0.0866091
vn 0.02336 -0.45379 0.890803
v -0.275459 0.0560867 0.0868933
vn 0.278052 -0.4359 0.855966
v -0.268041 0.0580867 0.0877175
vn -0.278138 -0.435895 0.855941
v -0.268041 0.0560867 0.0866996
vn -0.278133 -0.435896 0.855942
v -0.268041 0.0540877 0.0856807
vn -0.278053 -0.436195 0.855816
v -0.26463 0.0560867 0.087808
vn -0.27815 -0.435954 0.855907
v -0.261221 0.0580867 0.0899343
vn -0.278107 -0.435931 0.855933
v -0.26463 0.0580867 0.0888259
vn -0.278228 -0.435773 0.855974
v -0.267442 0.0520888 0.0848565
vn -0.295246 -0.29523 0.908663
v -0.263433 0.0520888 0.0861596
vn -0.295207 -0.295359 0.908634
v -0.264032 0.0540877 0.0869838
vn -0.278094 -0.436154 0.855823
v -0.259424 0.0520888 0.0874617
vn -0.295127 -0.295417 0.908641
v -0.260023 0.0540877 0.0882859
vn -0.277981 -0.436175 0.855849
v -0.255415 0.0520888 0.0887638
vn -0.547251 -0.304034 0.779795
v -0.256014 0.0540877 0.0895881
vn -0.504662 -0.453932 0.734345
v -0.256613 0.0560867 0.0904122
vn -0.504693 -0.453823 0.734391
v -0.257211 0.0580867 0.0912365
vn -0.504655 -0.453814 0.734423
v -0.260622 0.0560867 0.0891102
vn -0.278012 -0.436043 0.855907
v -0.255104 0.0580867 0.0941375
vn -0.728071 -0.436062 0.528926
v -0.254505 0.0560867 0.0933133
vn -0.728069 -0.436013 0.528969
v -0.253907 0.0540877 0.0924891
vn -0.728047 -0.436115 0.528915
v -0.252397 0.0560867 0.0962143
vn -0.728047 -0.43601 0.529001
v -0.250889 0.0580867 0.0999386
vn -0.72804 -0.436026 0.528998
v -0.252996 0.0580867 0.0970386
vn -0.728021 -0.436075 0.528985
v -0.252937 0.0520888 0.0921743
vn -0.772922 -0.295409 0.561538
v -0.250461 0.0520888 0.0955839
vn -0.772972 -0.295237 0.56156
v -0.251429 0.0540877 0.0958996
vn -0.727987 -0.43613 0.528986
v -0.247983 0.0520888 0.0989944
vn -0.772947 -0.295204 0.561612
v -0.248951 0.0540877 0.0993091
vn -0.728023 -0.4361 0.528961
v -0.245505 0.0520888 0.102405
vn -0.901147 -0.303806 0.309252
v -0.246473 0.0540877 0.10272
vn -0.839907 -0.45396 0.297449
v -0.247443 0.0560867 0.103034
vn -0.840012 -0.453814 0.297376
v -0.248411 0.0580867 0.103349
vn -0.840014 -0.453746 0.297473
v -0.249919 0.0560867 0.0996239
vn -0.728061 -0.43602 0.528975
v -0.248411 0.0580867 0.106935
vn -0.899993 -0.435904 0
v -0.247443 0.0560867 0.106621
vn -0.899902 -0.436093 0
v -0.246473 0.0540877 0.106306
vn -0.89986 -0.436179 0
v -0.247443 0.0560867 0.110206
vn -0.899898 -0.436101 0
v -0.248411 0.0580867 0.114107
vn -0.899994 -0.435902 0
v -0.248411 0.0580867 0.110521
vn -0.899993 -0.435904 0
v -0.245505 0.0520888 0.10662
vn -0.955443 -0.295177 0
v -0.245505 0.0520888 0.110835
vn -0.955445 -0.29517 0
v -0.246473 0.0540877 0.110521
vn -0.899857 -0.436184 0
v -0.245505 0.0520888 0.11505
vn -0.955441 -0.295183 0
v -0.246473 0.0540877 0.114735
vn -0.899857 -0.436184 0
v -0.245505 0.0520888 0.119266
vn -0.9108 -0.303833 -0.279516
v -0.246473 0.0540877 0.118951
vn -0.85436 -0.453899 -0.253069
v -0.247443 0.0560867 0.118636
vn -0.854385 -0.453882 -0.253018
v -0.248411 0.0580867 0.118322
vn -0.854487 -0.453688 -0.25302
v -0.247443 0.0560867 0.114421
vn -0.899902 -0.436093 0
v -0.250518 0.0580867 0.121223
vn -0.728062 -0.435972 -0.529012
v -0.24955 0.0560867 0.121538
vn -0.728065 -0.435963 -0.529016
v -0.248582 0.0540877 0.121852
vn -0.728008 -0.436108 -0.528975
v -0.251657 0.0560867 0.124438
vn -0.728043 -0.436014 -0.529004
v -0.254734 0.0580867 0.127024
vn -0.728086 -0.436012 -0.528946
v -0.252626 0.0580867 0.124123
vn -0.728023 -0.436018 -0.529028
v -0.247983 0.0520888 0.122676
vn -0.772931 -0.295237 -0.561616
v -0.250461 0.0520888 0.126086
vn -0.772962 -0.295184 -0.561601
v -0.251058 0.0540877 0.125262
vn -0.728026 -0.436109 -0.52895
v -0.252937 0.0520888 0.129496
vn -0.772996 -0.295298 -0.561495
v -0.253536 0.0540877 0.128672
vn -0.728029 -0.436156 -0.528906
v -0.255415 0.0520888 0.132907
vn -0.572603 -0.303879 -0.761435
v -0.256014 0.0540877 0.132083
vn -0.542519 -0.453981 -0.706806
v -0.256613 0.0560867 0.131259
vn -0.542531 -0.453819 -0.706901
v -0.257211 0.0580867 0.130434
vn -0.542573 -0.45381 -0.706874
v -0.254135 0.0560867 0.127848
vn -0.728066 -0.436059 -0.528935
v -0.260622 0.0580867 0.131543
vn -0.27806 -0.436052 -0.855886
v -0.260023 0.0560867 0.132367
vn -0.278067 -0.43609 -0.855865
v -0.259424 0.0540877 0.133191
vn -0.278046 -0.436089 -0.855872
v -0.263433 0.0560867 0.133474
vn -0.278079 -0.436113 -0.855849
v -0.267442 0.0580867 0.133759
vn -0.278186 -0.436116 -0.855813
v -0.264032 0.0580867 0.13265
vn -0.278059 -0.436052 -0.855887
v -0.259424 0.0520888 0.134209
vn -0.295211 -0.295211 -0.908681
v -0.263433 0.0520888 0.135512
vn -0.295357 -0.295357 -0.908586
v -0.263433 0.0540877 0.134493
vn -0.278119 -0.436168 -0.855808
v -0.267442 0.0520888 0.136815
vn -0.295214 -0.295258 -0.908664
v -0.267442 0.0540877 0.135796
vn -0.278115 -0.436158 -0.855814
v -0.267442 0.0560867 0.134778
vn -0.278192 -0.43613 -0.855804
v -0.271451 0.049873 0.138468
vn -0.00811473 -0.156441 -0.987654
v -0.271451 0.0476562 0.13882
vn -0.00798203 -0.156371 -0.987666
v -0.275459 0.049873 0.137166
vn 0.305619 -0.14882 -0.940452
v -0.271451 0.0454404 0.13917
vn -0.0079652 -0.156251 -0.987685
v -0.275459 0.0476562 0.137516
vn 0.305698 -0.148743 -0.940438
v -0.271451 0.0432246 0.139521
vn 7.41577e-07 5.70822e-06 -1
v -0.275459 0.0454404 0.137867
vn 0.305617 -0.148926 -0.940436
v -0.279469 0.0476562 0.136213
vn 0.305579 -0.148792 -0.940469
v -0.283478 0.049873 0.134561
vn 0.305527 -0.148839 -0.940479
v -0.279469 0.049873 0.135863
vn 0.305588 -0.148818 -0.940462
v -0.275666 0.0432246 0.138151
vn 0.308991 -0.000158167 -0.951065
v -0.279882 0.0432246 0.136782
vn 0.308989 -0.000155603 -0.951066
v -0.279675 0.0454404 0.136497
vn 0.305541 -0.14907 -0.940438
v -0.284096 0.0432246 0.135412
vn 0.308987 -0.000162216 -0.951066
v -0.28389 0.0454404 0.135128
vn 0.305532 -0.149078 -0.940439
v -0.288312 0.0432246 0.134043
vn 0.587737 -7.03148e-05 -0.809052
v -0.288106 0.0454404 0.133759
vn 0.57395 -0.156496 -0.803797
v -0.287899 0.0476562 0.133474
vn 0.573953 -0.156384 -0.803817
v -0.287693 0.049873 0.133191
vn 0.574019 -0.156276 -0.803791
v -0.283684 0.0476562 0.134844
vn 0.305562 -0.148773 -0.940478
v -0.290171 0.049873 0.129781
vn 0.799975 -0.148964 -0.581249
v -0.290377 0.0476562 0.130065
vn 0.799966 -0.148919 -0.581273
v -0.290584 0.0454404 0.130348
vn 0.799965 -0.148978 -0.581259
v -0.292855 0.0476562 0.126654
vn 0.800015 -0.14896 -0.581195
v -0.295126 0.049873 0.12296
vn 0.800019 -0.148976 -0.581185
v -0.292649 0.049873 0.12637
vn 0.800034 -0.148959 -0.581169
v -0.290917 0.0432246 0.130458
vn 0.808999 -2.67474e-05 -0.58781
v -0.293523 0.0432246 0.126871
vn 0.809013 7.23142e-05 -0.58779
v -0.293189 0.0454404 0.126763
vn 0.799968 -0.149004 -0.581248
v -0.296128 0.0432246 0.123286
vn 0.809013 6.06019e-05 -0.587791
v -0.295794 0.0454404 0.123178
vn 0.799969 -0.149002 -0.581248
v -0.298733 0.0432246 0.1197
vn 0.951051 2.66135e-05 -0.309034
v -0.298399 0.0454404 0.119591
vn 0.936833 -0.156388 -0.312868
v -0.298066 0.0476562 0.119483
vn 0.936801 -0.156627 -0.312845
v -0.297731 0.049873 0.119374
vn 0.936798 -0.156567 -0.312883
v -0.29546 0.0476562 0.123068
vn 0.799949 -0.149156 -0.581234
v -0.297731 0.049873 0.115159
vn 0.988821 -0.14911 0
v -0.298066 0.0476562 0.115268
vn 0.988821 -0.14911 0
v -0.298399 0.0454404 0.115376
vn 0.98885 -0.148914 0
v -0.298066 0.0476562 0.111052
vn 0.988821 -0.149108 0
v -0.297731 0.049873 0.106729
vn 0.98882 -0.149112 0
v -0.297731 0.049873 0.110944
vn 0.988821 -0.14911 0
v -0.298733 0.0432246 0.115268
vn 1 -6.0403e-06 0
v -0.298733 0.0432246 0.110835
vn 1 6.0403e-06 0
v -0.298399 0.0454404 0.110944
vn 0.98885 -0.148914 0
v -0.298733 0.0432246 0.106404
vn 1 -6.0403e-06 0
v -0.298399 0.0454404 0.106512
vn 0.98885 -0.148914 0
v -0.298733 0.0432246 0.101971
vn 0.951055 2.77849e-05 0.309023
v -0.298399 0.0454404 0.10208
vn 0.941811 -0.156389 0.297546
v -0.298066 0.0476562 0.102188
vn 0.941799 -0.1565 0.297527
v -0.297731 0.049873 0.102296
vn 0.941804 -0.156644 0.297434
v -0.298066 0.0476562 0.106621
vn 0.988821 -0.14911 0
v -0.295254 0.049873 0.0988859
vn 0.800013 -0.149026 0.58118
v -0.295588 0.0476562 0.0987775
vn 0.799959 -0.148876 0.581293
v -0.295922 0.0454404 0.0986691
vn 0.799965 -0.148885 0.581283
v -0.29311 0.0476562 0.095368
vn 0.799972 -0.148942 0.581258
v -0.290298 0.049873 0.0920659
vn 0.800012 -0.148943 0.581204
v -0.292776 0.049873 0.0954764
vn 0.799956 -0.148791 0.581318
v -0.296128 0.0432246 0.098386
vn 0.809014 -5.80476e-05 0.58779
v -0.293523 0.0432246 0.0947996
vn 0.80904 -0.000111391 0.587753
v -0.293316 0.0454404 0.0950838
vn 0.799998 -0.148986 0.581212
v -0.290917 0.0432246 0.0912133
vn 0.809015 -6.16114e-05 0.587788
v -0.290711 0.0454404 0.0914975
vn 0.799997 -0.148986 0.581212
v -0.288312 0.0432246 0.087628
vn 0.587713 1.62987e-05 0.809069
v -0.288106 0.0454404 0.0879122
vn 0.586994 -0.156418 0.794337
v -0.287899 0.0476562 0.0881954
vn 0.586973 -0.156381 0.79436
v -0.287693 0.049873 0.0884796
vn 0.587049 -0.156481 0.794284
v -0.290505 0.0476562 0.0917817
vn 0.800022 -0.148998 0.581175
v -0.283684 0.049873 0.0871775
vn 0.305455 -0.148994 0.940478
v -0.28389 0.0476562 0.0868933
vn 0.305502 -0.148966 0.940467
v -0.284096 0.0454404 0.0866091
vn 0.305572 -0.149004 0.940438
v -0.279882 0.0476562 0.0855912
vn 0.305498 -0.149111 0.940445
v -0.275666 0.049873 0.0845733
vn 0.305506 -0.148894 0.940477
v -0.279675 0.049873 0.0858754
vn 0.305504 -0.148961 0.940467
v -0.284096 0.0432246 0.0862585
vn 0.308985 0.000157728 0.951067
v -0.279882 0.0432246 0.0848891
vn 0.308948 7.00965e-05 0.951079
v -0.279882 0.0454404 0.0852396
vn 0.305469 -0.14893 0.940483
v -0.275666 0.0432246 0.0835196
vn 0.308987 -6.66799e-05 0.951066
v -0.275666 0.0454404 0.0838712
vn 0.305471 -0.148926 0.940483
v -0.271451 0.0432246 0.0821502
vn -7.41006e-07 -5.70793e-06 1
v -0.271451 0.0454404 0.0825017
vn 0.0080905 -0.156476 0.987649
v -0.271451 0.0476562 0.0828522
vn 0.00806483 -0.156437 0.987655
v -0.271451 0.049873 0.0832038
vn 0.00811725 -0.15645 0.987653
v -0.275666 0.0476562 0.0842217
vn 0.305502 -0.149038 0.940455
v -0.267442 0.049873 0.0845059
vn -0.305503 -0.149034 0.940456
v -0.267442 0.0476562 0.0841544
vn -0.30555 -0.148889 0.940463
v -0.267442 0.0454404 0.0838038
vn -0.30554 -0.149003 0.940449
v -0.263433 0.0476562 0.0854575
vn -0.305528 -0.148873 0.940473
v -0.259424 0.049873 0.0871101
vn -0.305474 -0.148998 0.940471
v -0.263433 0.049873 0.0858081
vn -0.305503 -0.149034 0.940456
v -0.267235 0.0432246 0.0835196
vn -0.308987 7.69251e-05 0.951066
v -0.26302 0.0432246 0.0848891
vn -0.308984 -7.8306e-05 0.951067
v -0.263227 0.0454404 0.0851733
vn -0.305534 -0.149005 0.94045
v -0.258806 0.0432246 0.0862585
vn -0.308985 -0.000157839 0.951067
v -0.259012 0.0454404 0.0865428
vn -0.305542 -0.148856 0.940471
v -0.25459 0.0432246 0.087628
vn -0.587714 -1.62987e-05 0.809069
v -0.254796 0.0454404 0.0879122
vn -0.573935 -0.156415 0.803824
v -0.255003 0.0476562 0.0881954
vn -0.574021 -0.156301 0.803785
v -0.255209 0.049873 0.0884796
vn -0.573999 -0.156484 0.803765
v -0.259218 0.0476562 0.0868259
vn -0.305482 -0.148848 0.940492
v -0.252731 0.049873 0.0918901
vn -0.800038 -0.148954 0.581164
v -0.252525 0.0476562 0.091606
vn -0.800039 -0.14895 0.581164
v -0.252318 0.0454404 0.0913217
vn -0.800024 -0.14898 0.581177
v -0.250048 0.0476562 0.0950165
vn -0.800026 -0.148942 0.581183
v -0.247776 0.049873 0.0987101
vn -0.799969 -0.148945 0.581262
v -0.250254 0.049873 0.0953007
vn -0.800027 -0.148911 0.58119
v -0.251985 0.0432246 0.0912133
vn -0.809072 6.04138e-05 0.58771
v -0.249381 0.0432246 0.0947996
vn -0.809096 0.000102288 0.587676
v -0.249714 0.0454404 0.0949081
vn -0.800048 -0.148917 0.58116
v -0.246775 0.0432246 0.098386
vn -0.809014 5.89733e-05 0.58779
v -0.247109 0.0454404 0.0984933
vn -0.800017 -0.148823 0.581227
v -0.24417 0.0432246 0.101971
vn -0.951055 -2.55344e-05 0.309021
v -0.244504 0.0454404 0.10208
vn -0.936844 -0.156341 0.312858
v -0.244837 0.0476562 0.102188
vn -0.936846 -0.156353 0.312845
v -0.245171 0.049873 0.102296
vn -0.93683 -0.156355 0.312893
v -0.247443 0.0476562 0.0986017
vn -0.799997 -0.14888 0.58124
v -0.245171 0.049873 0.106511
vn -0.988855 -0.148881 0
v -0.244837 0.0476562 0.106403
vn -0.988855 -0.148881 0
v -0.244504 0.0454404 0.106295
vn -0.98885 -0.148914 0
v -0.244837 0.0476562 0.110619
vn -0.988855 -0.148881 0
v -0.245171 0.049873 0.114942
vn -0.988855 -0.14888 0
v -0.245171 0.049873 0.110727
vn -0.988855 -0.148881 0
v -0.24417 0.0432246 0.106404
vn -1 6.04002e-06 0
v -0.24417 0.0432246 0.110835
vn -1 -6.04002e-06 0
v -0.244504 0.0454404 0.110727
vn -0.98885 -0.148914 0
v -0.24417 0.0432246 0.115268
vn -1 6.04002e-06 0
v -0.244504 0.0454404 0.11516
vn -0.98885 -0.148914 0
v -0.24417 0.0432246 0.1197
vn -0.951051 -2.88641e-05 -0.309035
v -0.244504 0.0454404 0.119591
vn -0.9418 -0.156388 -0.297584
v -0.244837 0.0476562 0.119483
vn -0.941805 -0.156356 -0.297585
v -0.245171 0.049873 0.119374
vn -0.941824 -0.156356 -0.297525
v -0.244837 0.0476562 0.11505
vn -0.988855 -0.148881 0
v -0.247649 0.049873 0.122785
vn -0.799956 -0.148876 -0.581297
v -0.247315 0.0476562 0.122893
vn -0.799956 -0.148876 -0.581297
v -0.246982 0.0454404 0.123002
vn -0.799965 -0.148978 -0.581259
v -0.249793 0.0476562 0.126303
vn -0.800027 -0.148941 -0.581183
v -0.252604 0.049873 0.129605
vn -0.800068 -0.148944 -0.581125
v -0.250127 0.049873 0.126194
vn -0.800015 -0.148882 -0.581215
v -0.246775 0.0432246 0.123286
vn -0.809013 -6.15277e-05 -0.587791
v -0.249381 0.0432246 0.126871
vn -0.809069 -6.32068e-05 -0.587713
v -0.249587 0.0454404 0.126587
vn -0.800033 -0.149037 -0.58115
v -0.251985 0.0432246 0.130458
vn -0.809055 2.79321e-05 -0.587733
v -0.252191 0.0454404 0.130173
vn -0.800034 -0.149036 -0.581149
v -0.25459 0.0432246 0.134043
vn -0.587736 7.03148e-05 -0.809053
v -0.254796 0.0454404 0.133759
vn -0.587007 -0.156537 -0.794304
v -0.255003 0.0476562 0.133474
vn -0.586977 -0.156383 -0.794357
v -0.255209 0.049873 0.133191
vn -0.587039 -0.156359 -0.794316
v -0.252397 0.0476562 0.129889
vn -0.800057 -0.148956 -0.581138
v -0.259218 0.049873 0.134493
vn -0.305609 -0.148928 -0.940438
v -0.259012 0.0476562 0.134778
vn -0.305689 -0.149044 -0.940394
v -0.258806 0.0454404 0.135062
vn -0.305617 -0.148921 -0.940436
v -0.26302 0.0476562 0.136081
vn -0.305612 -0.148968 -0.940431
v -0.267235 0.049873 0.137099
vn -0.305506 -0.148896 -0.940476
v -0.263227 0.049873 0.135796
vn -0.305648 -0.148977 -0.940417
v -0.258806 0.0432246 0.135412
vn -0.308987 0.000162327 -0.951066
v -0.26302 0.0432246 0.136782
vn -0.309024 0.000163802 -0.951054
v -0.26302 0.0454404 0.136431
vn -0.305585 -0.148773 -0.94047
v -0.267235 0.0432246 0.138151
vn -0.308991 0.00014794 -0.951065
v -0.267235 0.0454404 0.137801
vn -0.305548 -0.148779 -0.940481
v -0.267235 0.0476562 0.13745
vn -0.305537 -0.148972 -0.940455
v -0.271451 0.0410088 0.13917
vn 0.00793953 0.156217 -0.987691
v -0.271451 0.038792 0.13882
vn 0.00803196 0.156371 -0.987666
v -0.275666 0.0410088 0.137801
vn 0.305549 0.148746 -0.940486
v -0.271451 0.0365762 0.138468
vn 0.00808974 0.156477 -0.987649
v -0.275666 0.038792 0.13745
vn 0.305537 0.148972 -0.940455
v -0.271451 0.0343604 0.138118
vn 0.0156564 0.30381 -0.952604
v -0.275666 0.0365762 0.137099
vn 0.305504 0.148928 -0.940472
v -0.279882 0.038792 0.136081
vn 0.305576 0.148967 -0.940443
v -0.284096 0.0410088 0.135062
vn 0.305618 0.148888 -0.940441
v -0.279882 0.0410088 0.136431
vn 0.305552 0.148742 -0.940486
v -0.275459 0.0343604 0.136815
vn 0.295214 0.295244 -0.908669
v -0.279469 0.0343604 0.135512
vn 0.295322 0.295365 -0.908595
v -0.279675 0.0365762 0.135796
vn 0.30561 0.149009 -0.940425
v -0.283478 0.0343604 0.134209
vn 0.295211 0.29521 -0.908681
v -0.283684 0.0365762 0.134493
vn 0.305607 0.148962 -0.940433
v -0.287487 0.0343604 0.132907
vn 0.572603 0.303879 -0.761435
v -0.287693 0.0365762 0.133191
vn 0.587015 0.156393 -0.794327
v -0.287899 0.038792 0.133474
vn 0.587017 0.156383 -0.794327
v -0.288106 0.0410088 0.133759
vn 0.586989 0.156504 -0.794324
v -0.28389 0.038792 0.134778
vn 0.305689 0.149045 -0.940394
v -0.290711 0.0410088 0.130173
vn 0.799981 0.149008 -0.581229
v -0.290505 0.038792 0.129889
vn 0.8 0.14896 -0.581215
v -0.290298 0.0365762 0.129605
vn 0.800007 0.148977 -0.581201
v -0.29311 0.038792 0.126303
vn 0.79997 0.148942 -0.581262
v -0.295922 0.0410088 0.123002
vn 0.799969 0.148944 -0.581261
v -0.293316 0.0410088 0.126587
vn 0.799981 0.149007 -0.581229
v -0.289965 0.0343604 0.129496
vn 0.772939 0.295296 -0.561574
v -0.292443 0.0343604 0.126086
vn 0.772918 0.295362 -0.561569
v -0.292776 0.0365762 0.126194
vn 0.799953 0.148911 -0.581293
v -0.294919 0.0343604 0.122676
vn 0.772954 0.295306 -0.561549
v -0.295254 0.0365762 0.122785
vn 0.799988 0.149102 -0.581195
v -0.297397 0.0343604 0.119266
vn 0.910832 0.303765 -0.279486
v -0.297731 0.0365762 0.119374
vn 0.941791 0.156683 -0.297455
v -0.298066 0.038792 0.119483
vn 0.94181 0.156499 -0.297492
v -0.298399 0.0410088 0.119591
vn 0.941797 0.156355 -0.297609
v -0.295588 0.038792 0.122893
vn 0.799957 0.148876 -0.581296
v -0.298399 0.0410088 0.11516
vn 0.988855 0.148881 0
v -0.298066 0.038792 0.11505
vn 0.988821 0.14911 0
v -0.297731 0.0365762 0.114942
vn 0.988815 0.149146 0
v -0.298066 0.038792 0.110619
vn 0.988821 0.149108 0
v -0.298399 0.0410088 0.106295
vn 0.988855 0.148881 0
v -0.298399 0.0410088 0.110727
vn 0.988855 0.148881 0
v -0.297397 0.0343604 0.11505
vn 0.955442 0.295179 0
v -0.297397 0.0343604 0.110835
vn 0.955446 0.295167 0
v -0.297731 0.0365762 0.110727
vn 0.988815 0.149144 0
v -0.297397 0.0343604 0.10662
vn 0.955444 0.295173 0
v -0.297731 0.0365762 0.106511
vn 0.988815 0.149144 0
v -0.297397 0.0343604 0.102405
vn 0.901147 0.303804 0.309252
v -0.297731 0.0365762 0.102296
vn 0.936802 0.1566 0.312857
v -0.298066 0.038792 0.102188
vn 0.936797 0.156577 0.312882
v -0.298399 0.0410088 0.10208
vn 0.936858 0.156305 0.312835
v -0.298066 0.038792 0.106403
vn 0.988821 0.14911 0
v -0.295794 0.0410088 0.0984933
vn 0.800022 0.148789 0.581229
v -0.29546 0.038792 0.0986017
vn 0.799974 0.149066 0.581223
v -0.295126 0.0365762 0.0987101
vn 0.799989 0.1491 0.581194
v -0.292855 0.038792 0.0950165
vn 0.799981 0.149003 0.58123
v -0.290584 0.0410088 0.0913217
vn 0.799971 0.148945 0.581258
v -0.293189 0.0410088 0.0949081
vn 0.799997 0.148881 0.58124
v -0.294919 0.0343604 0.0989944
vn 0.773002 0.295211 0.561532
v -0.292443 0.0343604 0.0955839
vn 0.772923 0.295353 0.561566
v -0.292649 0.0365762 0.0953007
vn 0.800023 0.148946 0.581188
v -0.289965 0.0343604 0.0921743
vn 0.772918 0.295346 0.561577
v -0.290171 0.0365762 0.0918901
vn 0.799974 0.148992 0.581242
v -0.287487 0.0343604 0.0887638
vn 0.547242 0.303977 0.779823
v -0.287693 0.0365762 0.0884796
vn 0.574017 0.156517 0.803745
v -0.287899 0.038792 0.0881954
vn 0.57398 0.156301 0.803814
v -0.288106 0.0410088 0.0879122
vn 0.573958 0.156383 0.803814
v -0.290377 0.038792 0.091606
vn 0.799979 0.148958 0.581245
v -0.28389 0.0410088 0.0865428
vn 0.305544 0.148824 0.940476
v -0.283684 0.038792 0.0868259
vn 0.305483 0.148847 0.940492
v -0.283478 0.0365762 0.0871101
vn 0.305473 0.149032 0.940466
v -0.279469 0.038792 0.0854575
vn 0.305493 0.148872 0.940484
v -0.275459 0.0410088 0.0838038
vn 0.305541 0.148968 0.940454
v -0.279675 0.0410088 0.0851733
vn 0.305501 0.148969 0.940466
v -0.283478 0.0343604 0.0874617
vn 0.295127 0.295418 0.908641
v -0.279469 0.0343604 0.0861596
vn 0.295172 0.295353 0.908647
v -0.279469 0.0365762 0.0858081
vn 0.305465 0.14907 0.940462
v -0.275459 0.0343604 0.0848565
vn 0.295262 0.29519 0.908671
v -0.275459 0.0365762 0.0845059
vn 0.305501 0.149068 0.940451
v -0.271451 0.0343604 0.0835544
vn -0.0156534 0.303787 0.952611
v -0.271451 0.0365762 0.0832038
vn -0.00809223 0.156486 0.987647
v -0.271451 0.038792 0.0828522
vn -0.00811474 0.156437 0.987655
v -0.271451 0.0410088 0.0825017
vn -0.00806481 0.156441 0.987654
v -0.275459 0.038792 0.0841544
vn 0.305549 0.148889 0.940464
v -0.267235 0.0410088 0.0838712
vn -0.305473 0.148893 0.940488
v -0.267235 0.038792 0.0842217
vn -0.305502 0.149038 0.940455
v -0.267235 0.0365762 0.0845733
vn -0.305504 0.148931 0.940472
v -0.26302 0.038792 0.0855912
vn -0.305534 0.14911 0.940434
v -0.258806 0.0410088 0.0866091
vn -0.305574 0.148971 0.940443
v -0.26302 0.0410088 0.0852396
vn -0.305506 0.148895 0.940477
v -0.267442 0.0343604 0.0848565
vn -0.29521 0.295254 0.908667
v -0.263433 0.0343604 0.0861596
vn -0.295232 0.295232 0.908667
v -0.263227 0.0365762 0.0858754
vn -0.305539 0.148997 0.94045
v -0.259424 0.0343604 0.0874617
vn -0.29514 0.29514 0.908727
v -0.259218 0.0365762 0.0871775
vn -0.305453 0.149028 0.940473
v -0.255415 0.0343604 0.0887638
vn -0.572601 0.303882 0.761435
v -0.255209 0.0365762 0.0884796
vn -0.587027 0.156519 0.794293
v -0.255003 0.038792 0.0881954
vn -0.587014 0.15638 0.79433
v -0.254796 0.0410088 0.0879122
vn -0.586976 0.156383 0.794357
v -0.259012 0.038792 0.0868933
vn -0.305501 0.148965 0.940467
v -0.252191 0.0410088 0.0914975
vn -0.800058 0.148948 0.581138
v -0.252397 0.038792 0.0917817
vn -0.800079 0.148994 0.581098
v -0.252604 0.0365762 0.0920659
vn -0.800064 0.148979 0.581122
v -0.249793 0.038792 0.095368
vn -0.800029 0.14894 0.58118
v -0.246982 0.0410088 0.0986691
vn -0.799968 0.148853 0.581286
v -0.249587 0.0410088 0.0950838
vn -0.800058 0.148949 0.581139
v -0.252937 0.0343604 0.0921743
vn -0.772978 0.295267 0.561536
v -0.250461 0.0343604 0.0955839
vn -0.772972 0.295098 0.561633
v -0.250127 0.0365762 0.0954764
vn -0.80001 0.148829 0.581234
v -0.247983 0.0343604 0.0989944
vn -0.772973 0.295227 0.561564
v -0.247649 0.0365762 0.0988859
vn -0.799973 0.148869 0.581275
v -0.245505 0.0343604 0.102405
vn -0.910794 0.303828 0.279541
v -0.245171 0.0365762 0.102296
vn -0.941811 0.156389 0.297548
v -0.244837 0.038792 0.102188
vn -0.941824 0.156355 0.297525
v -0.244504 0.0410088 0.10208
vn -0.941809 0.156354 0.297573
v -0.247315 0.038792 0.0987775
vn -0.799959 0.148877 0.581293
v -0.244504 0.0410088 0.106512
vn -0.988855 0.148881 0
v -0.244837 0.038792 0.106621
vn -0.988855 0.148881 0
v -0.245171 0.0365762 0.106729
vn -0.98885 0.148915 0
v -0.244837 0.038792 0.111052
vn -0.988855 0.148881 0
v -0.244504 0.0410088 0.115376
vn -0.988855 0.148881 0
v -0.244504 0.0410088 0.110944
vn -0.988855 0.148881 0
v -0.245505 0.0343604 0.10662
vn -0.955443 0.295177 0
v -0.245505 0.0343604 0.110835
vn -0.955441 0.295183 0
v -0.245171 0.0365762 0.110944
vn -0.98885 0.148915 0
v -0.245505 0.0343604 0.11505
vn -0.955445 0.29517 0
v -0.245171 0.0365762 0.115159
vn -0.98885 0.148915 0
v -0.245505 0.0343604 0.119266
vn -0.901162 0.30377 -0.309243
v -0.245171 0.0365762 0.119374
vn -0.936832 0.156394 -0.312868
v -0.244837 0.038792 0.119483
vn -0.936819 0.156402 -0.312903
v -0.244504 0.0410088 0.119591
vn -0.936846 0.156356 -0.312846
v -0.244837 0.038792 0.115268
vn -0.988855 0.148881 0
v -0.247109 0.0410088 0.123178
vn -0.799972 0.14897 -0.581251
v -0.247443 0.038792 0.123068
vn -0.799972 0.14897 -0.581251
v -0.247776 0.0365762 0.12296
vn -0.79999 0.148889 -0.581246
v -0.250048 0.038792 0.126654
vn -0.80006 0.148897 -0.581149
v -0.252318 0.0410088 0.130348
vn -0.800026 0.148947 -0.581183
v -0.249714 0.0410088 0.126763
vn -0.800027 0.148974 -0.581174
v -0.247983 0.0343604 0.122676
vn -0.772947 0.295158 -0.561636
v -0.250461 0.0343604 0.126086
vn -0.772969 0.295241 -0.561562
v -0.250254 0.0365762 0.12637
vn -0.80003 0.148992 -0.581165
v -0.252937 0.0343604 0.129496
vn -0.77296 0.295362 -0.561511
v -0.252731 0.0365762 0.129781
vn -0.80003 0.148994 -0.581165
v -0.255415 0.0343604 0.132907
vn -0.547257 0.30402 -0.779796
v -0.255209 0.0365762 0.133191
vn -0.574035 0.156315 -0.803772
v -0.255003 0.038792 0.133474
vn -0.573913 0.156382 -0.803846
v -0.254796 0.0410088 0.133759
vn -0.573975 0.156461 -0.803787
v -0.252525 0.038792 0.130065
vn -0.800026 0.148912 -0.581192
v -0.259012 0.0410088 0.135128
vn -0.305534 0.149045 -0.940444
v -0.259218 0.038792 0.134844
vn -0.305562 0.148773 -0.940478
v -0.259424 0.0365762 0.134561
vn -0.305525 0.148874 -0.940474
v -0.263433 0.038792 0.136213
vn -0.305614 0.148791 -0.940458
v -0.267442 0.0410088 0.137867
vn -0.305618 0.148895 -0.94044
v -0.263227 0.0410088 0.136497
vn -0.305577 0.149039 -0.940431
v -0.259424 0.0343604 0.134209
vn -0.295207 0.29535 -0.908637
v -0.263433 0.0343604 0.135512
vn -0.295357 0.295239 -0.908624
v -0.263433 0.0365762 0.135863
vn -0.305622 0.14885 -0.940446
v -0.267442 0.0343604 0.136815
vn -0.295253 0.295218 -0.908665
v -0.267442 0.0365762 0.137166
vn -0.305618 0.148854 -0.940447
v -0.267442 0.038792 0.137516
vn -0.305698 0.148743 -0.940438
v -0.271451 0.0323614 0.137099
vn 0.0233398 0.453897 -0.890749
v -0.271451 0.0303625 0.136081
vn 0.0233106 0.4538 -0.890799
v -0.275459 0.0323614 0.135796
vn 0.278114 0.436158 -0.855815
v -0.271451 0.0283625 0.135062
vn 0.0234084 0.453926 -0.890732
v -0.275459 0.0303625 0.134778
vn 0.278191 0.43613 -0.855804
v -0.271451 0.0263635 0.134043
vn 0.0297461 0.577785 -0.815647
v -0.275459 0.0283625 0.133759
vn 0.27818 0.436075 -0.855836
v -0.279469 0.0303625 0.133474
vn 0.278044 0.436115 -0.855859
v -0.283478 0.0323614 0.133191
vn 0.278046 0.43609 -0.855872
v -0.279469 0.0323614 0.134493
vn 0.278086 0.436173 -0.855816
v -0.274862 0.0263635 0.132934
vn 0.254308 0.568482 -0.782404
v -0.278271 0.0263635 0.131826
vn 0.254199 0.568508 -0.78242
v -0.27887 0.0283625 0.13265
vn 0.278044 0.43607 -0.855882
v -0.281682 0.0263635 0.130719
vn 0.25418 0.568618 -0.782346
v -0.282281 0.0283625 0.131543
vn 0.278028 0.436088 -0.855878
v -0.285092 0.0263635 0.12961
vn 0.503494 0.577818 -0.642355
v -0.285691 0.0283625 0.130434
vn 0.542569 0.453885 -0.706829
v -0.28629 0.0303625 0.131259
vn 0.54253 0.453819 -0.706901
v -0.286888 0.0323614 0.132083
vn 0.542521 0.453906 -0.706852
v -0.282879 0.0303625 0.132367
vn 0.278044 0.436067 -0.855883
v -0.289366 0.0323614 0.128672
vn 0.728029 0.436157 -0.528905
v -0.288767 0.0303625 0.127848
vn 0.728085 0.436102 -0.528873
v -0.288168 0.0283625 0.127024
vn 0.728087 0.436012 -0.528944
v -0.291245 0.0303625 0.124438
vn 0.728004 0.436066 -0.529015
v -0.294322 0.0323614 0.121852
vn 0.728007 0.436109 -0.528975
v -0.291844 0.0323614 0.125262
vn 0.727986 0.436166 -0.528958
v -0.287199 0.0263635 0.126709
vn 0.665592 0.568485 -0.483541
v -0.289307 0.0263635 0.123808
vn 0.665501 0.56854 -0.483601
v -0.290276 0.0283625 0.124123
vn 0.728024 0.436016 -0.529029
v -0.291415 0.0263635 0.120908
vn 0.665533 0.568459 -0.483653
v -0.292384 0.0283625 0.121223
vn 0.728024 0.436016 -0.529029
v -0.293523 0.0263635 0.118007
vn 0.784979 0.577692 -0.223787
v -0.294491 0.0283625 0.118322
vn 0.854396 0.453875 -0.252993
v -0.29546 0.0303625 0.118636
vn 0.854396 0.453813 -0.253105
v -0.296429 0.0323614 0.118951
vn 0.854405 0.453831 -0.25304
v -0.293352 0.0303625 0.121538
vn 0.728025 0.436011 -0.529032
v -0.296429 0.0323614 0.114735
vn 0.899949 0.435996 0
v -0.29546 0.0303625 0.114421
vn 0.899902 0.436093 0
v -0.294491 0.0283625 0.114107
vn 0.8999 0.436095 0
v -0.29546 0.0303625 0.110206
vn 0.899903 0.43609 0
v -0.296429 0.0323614 0.106306
vn 0.899949 0.435996 0
v -0.296429 0.0323614 0.110521
vn 0.899949 0.435996 0
v -0.293523 0.0263635 0.114422
vn 0.822761 0.568388 0
v -0.293523 0.0263635 0.110835
vn 0.822752 0.568401 0
v -0.294491 0.0283625 0.110521
vn 0.899902 0.436093 0
v -0.293523 0.0263635 0.10725
vn 0.822761 0.568388 0
v -0.294491 0.0283625 0.106935
vn 0.899902 0.436093 0
v -0.293523 0.0263635 0.103664
vn 0.766618 0.577709 0.280268
v -0.294491 0.0283625 0.103349
vn 0.84 0.453805 0.297425
v -0.29546 0.0303625 0.103034
vn 0.839959 0.453871 0.29744
v -0.296429 0.0323614 0.10272
vn 0.83999 0.453787 0.297479
v -0.29546 0.0303625 0.106621
vn 0.899902 0.436093 0
v -0.293951 0.0323614 0.0993091
vn 0.728023 0.436101 0.52896
v -0.292983 0.0303625 0.0996239
vn 0.728066 0.435962 0.529015
v -0.292014 0.0283625 0.0999386
vn 0.72804 0.436026 0.528998
v -0.290505 0.0303625 0.0962143
vn 0.728047 0.43601 0.529002
v -0.288996 0.0323614 0.0924891
vn 0.728047 0.436115 0.528915
v -0.291473 0.0323614 0.0958996
vn 0.727984 0.436185 0.528945
v -0.291415 0.0263635 0.100763
vn 0.665421 0.568617 0.483622
v -0.289307 0.0263635 0.0978628
vn 0.665539 0.568502 0.483594
v -0.289906 0.0283625 0.0970386
vn 0.727955 0.436135 0.529025
v -0.287199 0.0263635 0.0949617
vn 0.665643 0.568431 0.483534
v -0.287798 0.0283625 0.0941375
vn 0.728073 0.43611 0.528884
v -0.285092 0.0263635 0.0920607
vn 0.455392 0.57771 0.677399
v -0.285691 0.0283625 0.0912365
vn 0.504614 0.453884 0.734407
v -0.28629 0.0303625 0.0904122
vn 0.504692 0.453823 0.734391
v -0.286888 0.0323614 0.0895881
vn 0.504648 0.45391 0.734368
v -0.288397 0.0303625 0.0933133
vn 0.728072 0.43606 0.528927
v -0.282879 0.0323614 0.0882859
vn 0.277973 0.436154 0.855863
v -0.282281 0.0303625 0.0891102
vn 0.277963 0.436076 0.855905
v -0.281682 0.0283625 0.0899343
vn 0.278071 0.435933 0.855943
v -0.278271 0.0303625 0.087808
vn 0.278133 0.435992 0.855893
v -0.274862 0.0323614 0.0856807
vn 0.27808 0.436174 0.855818
v -0.27887 0.0323614 0.0869838
vn 0.278069 0.436171 0.855823
v -0.281682 0.0263635 0.0909523
vn 0.254305 0.568367 0.782488
v -0.278271 0.0263635 0.0898439
vn 0.254207 0.568512 0.782415
v -0.278271 0.0283625 0.0888259
vn 0.278228 0.435773 0.855974
v -0.274862 0.0263635 0.0887365
vn 0.254235 0.568559 0.782371
v -0.274862 0.0283625 0.0877175
vn 0.278177 0.43589 0.855931
v -0.271451 0.0263635 0.087628
vn -0.0297462 0.577803 0.815634
v -0.271451 0.0283625 0.0866091
vn -0.0233567 0.45379 0.890803
v -0.271451 0.0303625 0.0855912
vn -0.0232277 0.453557 0.890925
v -0.271451 0.0323614 0.0845733
vn -0.0233316 0.453893 0.890751
v -0.274862 0.0303625 0.0866996
vn 0.278172 0.435891 0.855932
v -0.267442 0.0323614 0.0858754
vn -0.278039 0.436001 0.855919
v -0.267442 0.0303625 0.0868933
vn -0.278052 0.4359 0.855966
v -0.267442 0.0283625 0.0879122
vn -0.278079 0.436114 0.855848
v -0.263433 0.0303625 0.0881954
vn -0.27806 0.435995 0.855915
v -0.259424 0.0323614 0.0884796
vn -0.278092 0.436028 0.855888
v -0.263433 0.0323614 0.0871775
vn -0.278025 0.435878 0.855986
v -0.268041 0.0263635 0.0887365
vn -0.254182 0.56851 0.782424
v -0.26463 0.0263635 0.0898439
vn -0.254211 0.56859 0.782357
v -0.264032 0.0283625 0.0890196
vn -0.27806 0.43606 0.855882
v -0.261221 0.0263635 0.0909523
vn -0.254265 0.568563 0.782359
v -0.260622 0.0283625 0.090128
vn -0.278175 0.436072 0.855839
v -0.25781 0.0263635 0.0920607
vn -0.503538 0.577765 0.642368
v -0.257211 0.0283625 0.0912365
vn -0.542573 0.453816 0.70687
v -0.256613 0.0303625 0.0904122
vn -0.542531 0.453813 0.706904
v -0.256014 0.0323614 0.0895881
vn -0.542519 0.453987 0.706802
v -0.260023 0.0303625 0.0893038
vn -0.278185 0.436106 0.855818
v -0.253536 0.0323614 0.0929986
vn -0.727987 0.436161 0.52896
v -0.254135 0.0303625 0.0938228
vn -0.728023 0.436072 0.528985
v -0.254734 0.0283625 0.094647
vn -0.728047 0.436007 0.529004
v -0.251657 0.0303625 0.0972323
vn -0.728039 0.436029 0.528997
v -0.248582 0.0323614 0.0998185
vn -0.72805 0.436107 0.528918
v -0.251058 0.0323614 0.096408
vn -0.728026 0.436104 0.528952
v -0.255703 0.0263635 0.0949617
vn -0.665556 0.56852 0.483549
v -0.253595 0.0263635 0.0978628
vn -0.66548 0.568608 0.483551
v -0.252626 0.0283625 0.097547
vn -0.728009 0.436089 0.52899
v -0.251487 0.0263635 0.100763
vn -0.665507 0.568528 0.483607
v -0.250518 0.0283625 0.100448
vn -0.728077 0.436012 0.528959
v -0.249379 0.0263635 0.103664
vn -0.784922 0.5778 0.223706
v -0.248411 0.0283625 0.103349
vn -0.854493 0.45369 0.252996
v -0.247443 0.0303625 0.103034
vn -0.854382 0.45388 0.25303
v -0.246473 0.0323614 0.10272
vn -0.854348 0.453903 0.253103
v -0.24955 0.0303625 0.100133
vn -0.728105 0.435975 0.52895
v -0.246473 0.0323614 0.106934
vn -0.899857 0.436184 0
v -0.247443 0.0303625 0.10725
vn -0.899902 0.436093 0
v -0.248411 0.0283625 0.107565
vn -0.899994 0.435902 0
v -0.247443 0.0303625 0.111465
vn -0.899898 0.436101 0
v -0.246473 0.0323614 0.115365
vn -0.89986 0.436179 0
v -0.246473 0.0323614 0.11115
vn -0.899857 0.436184 0
v -0.249379 0.0263635 0.10725
vn -0.822644 0.568557 0
v -0.249379 0.0263635 0.110835
vn -0.822644 0.568557 0
v -0.248411 0.0283625 0.11115
vn -0.899993 0.435904 0
v -0.249379 0.0263635 0.114422
vn -0.822644 0.568557 0
v -0.248411 0.0283625 0.114736
vn -0.899993 0.435904 0
v -0.249379 0.0263635 0.118007
vn -0.766533 0.577798 -0.280315
v -0.248411 0.0283625 0.118322
vn -0.839999 0.453748 -0.297513
v -0.247443 0.0303625 0.118636
vn -0.840009 0.453811 -0.29739
v -0.246473 0.0323614 0.118951
vn -0.839908 0.45396 -0.297448
v -0.247443 0.0303625 0.11505
vn -0.899902 0.436093 0
v -0.248951 0.0323614 0.122362
vn -0.728028 0.436057 -0.528989
v -0.249919 0.0303625 0.122047
vn -0.728058 0.436024 -0.528975
v -0.250889 0.0283625 0.121732
vn -0.728043 0.436022 -0.528998
v -0.252397 0.0303625 0.125456
vn -0.728045 0.436014 -0.529001
v -0.253907 0.0323614 0.129182
vn -0.728047 0.436115 -0.528915
v -0.251429 0.0323614 0.125771
vn -0.728029 0.436057 -0.528988
v -0.251487 0.0263635 0.120908
vn -0.665483 0.568572 -0.483588
v -0.253595 0.0263635 0.123808
vn -0.665536 0.568504 -0.483596
v -0.252996 0.0283625 0.124632
vn -0.728023 0.43607 -0.528985
v -0.255703 0.0263635 0.126709
vn -0.6656 0.568486 -0.483528
v -0.255104 0.0283625 0.127533
vn -0.728071 0.436062 -0.528926
v -0.25781 0.0263635 0.12961
vn -0.455407 0.577744 -0.67736
v -0.257211 0.0283625 0.130434
vn -0.504651 0.45382 -0.734421
v -0.256613 0.0303625 0.131259
vn -0.504696 0.453817 -0.734392
v -0.256014 0.0323614 0.132083
vn -0.504658 0.453938 -0.734344
v -0.254505 0.0303625 0.128357
vn -0.728069 0.436013 -0.528969
v -0.260023 0.0323614 0.133385
vn -0.278078 0.436191 -0.85581
v -0.260622 0.0303625 0.132561
vn -0.278111 0.436053 -0.855869
v -0.261221 0.0283625 0.131736
vn -0.278135 0.435993 -0.855892
v -0.26463 0.0303625 0.133864
vn -0.278205 0.436077 -0.855826
v -0.268041 0.0323614 0.135991
vn -0.278055 0.436199 -0.855813
v -0.264032 0.0323614 0.134688
vn -0.278197 0.436161 -0.855786
v -0.261221 0.0263635 0.130719
vn -0.254209 0.568515 -0.782412
v -0.26463 0.0263635 0.131826
vn -0.254226 0.568569 -0.782367
v -0.26463 0.0283625 0.132845
vn -0.278147 0.436071 -0.855848
v -0.268041 0.0263635 0.132934
vn -0.254275 0.568518 -0.782388
v -0.268041 0.0283625 0.133953
vn -0.27814 0.436133 -0.855819
v -0.268041 0.0303625 0.134972
vn -0.278109 0.436074 -0.855859
v -0.271451 0.0247772 0.132456
vn 0.0364184 0.706716 -0.70656
v -0.271451 0.0231909 0.130869
vn 0.0363775 0.706753 -0.706525
v -0.274862 0.0247772 0.131348
vn 0.223961 0.689185 -0.689105
v -0.271451 0.0216046 0.129283
vn 0.0363393 0.706683 -0.706596
v -0.274862 0.0231909 0.129762
vn 0.223911 0.689229 -0.689077
v -0.271451 0.0200183 0.127696
vn 0.0409069 0.794678 -0.605652
v -0.274862 0.0216046 0.128174
vn 0.223904 0.689215 -0.689094
v -0.278271 0.0231909 0.128653
vn 0.223954 0.689178 -0.689114
v -0.281682 0.0247772 0.129131
vn 0.223871 0.689218 -0.689101
v -0.278271 0.0247772 0.13024
vn 0.223955 0.689181 -0.689111
v -0.273929 0.0200183 0.126891
vn 0.187562 0.794601 -0.577433
v -0.276406 0.0200183 0.126087
vn 0.187588 0.794647 -0.577362
v -0.277338 0.0216046 0.12737
vn 0.223879 0.689109 -0.689208
v -0.278884 0.0200183 0.125282
vn 0.187604 0.794633 -0.577376
v -0.279816 0.0216046 0.126565
vn 0.223911 0.689157 -0.689149
v -0.281362 0.0200183 0.124476
vn 0.389024 0.794673 -0.465999
v -0.282294 0.0216046 0.12576
vn 0.444717 0.706692 -0.550285
v -0.283227 0.0231909 0.127044
vn 0.444713 0.706699 -0.550279
v -0.284159 0.0247772 0.128327
vn 0.444727 0.706638 -0.550347
v -0.280749 0.0231909 0.127848
vn 0.223838 0.68911 -0.68922
v -0.286267 0.0247772 0.125426
vn 0.586259 0.689157 -0.425867
v -0.285334 0.0231909 0.124143
vn 0.586224 0.689186 -0.425868
v -0.284402 0.0216046 0.12286
vn 0.586219 0.689155 -0.425926
v -0.287442 0.0231909 0.121242
vn 0.586174 0.689189 -0.425934
v -0.290483 0.0247772 0.119625
vn 0.586121 0.689231 -0.425938
v -0.288374 0.0247772 0.122525
vn 0.586153 0.689183 -0.425972
v -0.282893 0.0200183 0.122369
vn 0.491151 0.794656 -0.356781
v -0.284424 0.0200183 0.120262
vn 0.491099 0.79469 -0.356776
v -0.285933 0.0216046 0.120751
vn 0.586215 0.689159 -0.425925
v -0.285955 0.0200183 0.118153
vn 0.491085 0.794667 -0.356847
v -0.287465 0.0216046 0.118644
vn 0.586137 0.689208 -0.425952
v -0.287487 0.0200183 0.116046
vn 0.588532 0.794763 -0.148262
v -0.288996 0.0216046 0.116536
vn 0.683223 0.706704 -0.183784
v -0.290505 0.0231909 0.117027
vn 0.683216 0.706707 -0.183794
v -0.292014 0.0247772 0.117516
vn 0.683236 0.706687 -0.183799
v -0.288973 0.0231909 0.119134
vn 0.586133 0.689212 -0.425952
v -0.292014 0.0247772 0.113931
vn 0.724555 0.689217 0
v -0.290505 0.0231909 0.113441
vn 0.724555 0.689217 0
v -0.288996 0.0216046 0.11295
vn 0.724565 0.689207 0
v -0.290505 0.0231909 0.109855
vn 0.724549 0.689224 0
v -0.292014 0.0247772 0.10676
vn 0.724562 0.68921 0
v -0.292014 0.0247772 0.110345
vn 0.724555 0.689217 0
v -0.287487 0.0200183 0.113441
vn 0.607038 0.794673 0
v -0.287487 0.0200183 0.110835
vn 0.607039 0.794672 0
v -0.288996 0.0216046 0.110345
vn 0.724559 0.689213 0
v -0.287487 0.0200183 0.10823
vn 0.607039 0.794672 0
v -0.288996 0.0216046 0.10774
vn 0.724559 0.689213 0
v -0.287487 0.0200183 0.105625
vn 0.563251 0.794753 0.226088
v -0.288996 0.0216046 0.105134
vn 0.660711 0.706725 0.252983
v -0.290505 0.0231909 0.104645
vn 0.660801 0.706656 0.252941
v -0.292014 0.0247772 0.104154
vn 0.660692 0.706756 0.252945
v -0.290505 0.0231909 0.10725
vn 0.724555 0.689217 0
v -0.289906 0.0247772 0.101253
vn 0.58615 0.689218 0.425919
v -0.288397 0.0231909 0.101744
vn 0.586203 0.689192 0.425888
v -0.286888 0.0216046 0.102234
vn 0.586076 0.689288 0.425906
v -0.28629 0.0231909 0.0988428
vn 0.586136 0.689281 0.425836
v -0.285691 0.0247772 0.0954512
vn 0.586219 0.689155 0.425926
v -0.287798 0.0247772 0.0983523
vn 0.586313 0.689086 0.425907
v -0.285955 0.0200183 0.103518
vn 0.491116 0.794627 0.356893
v -0.284424 0.0200183 0.10141
vn 0.491161 0.794655 0.35677
v -0.285356 0.0216046 0.100126
vn 0.586147 0.689278 0.425826
v -0.282893 0.0200183 0.0993017
vn 0.491123 0.794679 0.356769
v -0.283826 0.0216046 0.0980185
vn 0.586229 0.689202 0.425836
v -0.281362 0.0200183 0.0971944
vn 0.322867 0.794717 0.513987
v -0.282294 0.0216046 0.0959112
vn 0.385848 0.70669 0.593051
v -0.283227 0.0231909 0.094627
vn 0.385854 0.706739 0.59299
v -0.284159 0.0247772 0.0933438
vn 0.385934 0.706648 0.593046
v -0.284758 0.0231909 0.0967354
vn 0.586146 0.689249 0.425874
v -0.280749 0.0247772 0.0922354
vn 0.223846 0.689235 0.689092
v -0.279816 0.0231909 0.0935196
vn 0.223846 0.689235 0.689092
v -0.278884 0.0216046 0.0948028
vn 0.223972 0.689131 0.689155
v -0.276406 0.0231909 0.0924112
vn 0.224008 0.689133 0.689141
v -0.273929 0.0247772 0.0900196
vn 0.224003 0.689141 0.689135
v -0.277338 0.0247772 0.0911281
vn 0.22388 0.689238 0.689078
v -0.278884 0.0200183 0.0963891
vn 0.18762 0.794662 0.577332
v -0.276406 0.0200183 0.0955839
vn 0.187569 0.794695 0.577302
v -0.276406 0.0216046 0.0939975
vn 0.224 0.689136 0.689141
v -0.273929 0.0200183 0.0947796
vn 0.187518 0.794685 0.577332
v -0.273929 0.0216046 0.0931923
vn 0.223829 0.689278 0.689055
v -0.271451 0.0200183 0.0939743
vn -0.0408553 0.794713 0.605609
v -0.271451 0.0216046 0.092388
vn -0.0363735 0.706747 0.706531
v -0.271451 0.0231909 0.0908007
vn -0.0364121 0.706714 0.706562
v -0.271451 0.0247772 0.0892144
vn -0.0363822 0.706642 0.706636
v -0.273929 0.0231909 0.091606
vn 0.223998 0.68914 0.689138
v -0.268041 0.0247772 0.0903228
vn -0.223928 0.689186 0.689115
v -0.268041 0.0231909 0.0919091
vn -0.223928 0.68919 0.68911
v -0.268041 0.0216046 0.0934954
vn -0.223872 0.689214 0.689104
v -0.26463 0.0231909 0.0930175
vn -0.223952 0.689177 0.689115
v -0.261221 0.0247772 0.0925386
vn -0.223904 0.689214 0.689094
v -0.26463 0.0247772 0.0914312
vn -0.223914 0.689226 0.689079
v -0.268973 0.0200183 0.0947796
vn -0.187551 0.794656 0.577361
v -0.266495 0.0200183 0.0955839
vn -0.187583 0.794663 0.577341
v -0.265563 0.0216046 0.0943007
vn -0.223948 0.689167 0.689127
v -0.264018 0.0200183 0.0963891
vn -0.187647 0.794674 0.577306
v -0.263086 0.0216046 0.0951059
vn -0.223949 0.689167 0.689127
v -0.261541 0.0200183 0.0971944
vn -0.389022 0.794716 0.465928
v -0.260608 0.0216046 0.0959112
vn -0.444749 0.706719 0.550223
v -0.259675 0.0231909 0.094627
vn -0.444714 0.706696 0.550282
v -0.258743 0.0247772 0.0933438
vn -0.444759 0.706669 0.55028
v -0.262153 0.0231909 0.0938228
vn -0.223897 0.689201 0.689109
v -0.256635 0.0247772 0.0962449
vn -0.586259 0.689157 0.425867
v -0.257568 0.0231909 0.097528
vn -0.586189 0.689203 0.425888
v -0.258501 0.0216046 0.0988122
vn -0.58617 0.689193 0.425932
v -0.255459 0.0231909 0.100429
vn -0.586175 0.689185 0.425937
v -0.252419 0.0247772 0.102047
vn -0.586179 0.689232 0.425857
v -0.254528 0.0247772 0.099146
vn -0.586197 0.689135 0.425989
v -0.260009 0.0200183 0.0993017
vn -0.491163 0.794594 0.356902
v -0.258477 0.0200183 0.10141
vn -0.49115 0.794656 0.356782
v -0.256969 0.0216046 0.10092
vn -0.586178 0.689184 0.425934
v -0.256947 0.0200183 0.103518
vn -0.491129 0.794657 0.356808
v -0.255437 0.0216046 0.103027
vn -0.586189 0.689231 0.425844
v -0.255415 0.0200183 0.105625
vn -0.588657 0.794665 0.148293
v -0.253907 0.0216046 0.105134
vn -0.683215 0.706731 0.183709
v -0.252397 0.0231909 0.104645
vn -0.683275 0.706658 0.183768
v -0.250889 0.0247772 0.104154
vn -0.683214 0.706732 0.183708
v -0.253929 0.0231909 0.102536
vn -0.586222 0.68921 0.425833
v -0.250889 0.0247772 0.10774
vn -0.724555 0.689217 0
v -0.252397 0.0231909 0.10823
vn -0.724555 0.689217 0
v -0.253907 0.0216046 0.108721
vn -0.724552 0.68922 0
v -0.252397 0.0231909 0.111816
vn -0.724561 0.68921 0
v -0.250889 0.0247772 0.114911
vn -0.724549 0.689223 0
v -0.250889 0.0247772 0.111326
vn -0.724555 0.689217 0
v -0.255415 0.0200183 0.10823
vn -0.607157 0.794582 0
v -0.255415 0.0200183 0.110835
vn -0.607157 0.794582 0
v -0.253907 0.0216046 0.111326
vn -0.724559 0.689213 0
v -0.255415 0.0200183 0.113441
vn -0.607156 0.794582 0
v -0.253907 0.0216046 0.113931
vn -0.724559 0.689213 0
v -0.255415 0.0200183 0.116046
vn -0.563349 0.794688 -0.226072
v -0.253907 0.0216046 0.116536
vn -0.660738 0.706721 -0.252925
v -0.252397 0.0231909 0.117027
vn -0.66077 0.706693 -0.252921
v -0.250889 0.0247772 0.117516
vn -0.660776 0.706697 -0.252892
v -0.252397 0.0231909 0.114422
vn -0.724555 0.689217 0
v -0.252996 0.0247772 0.120418
vn -0.586212 0.689165 -0.425919
v -0.254505 0.0231909 0.119927
vn -0.586097 0.689277 -0.425896
v -0.256014 0.0216046 0.119436
vn -0.586146 0.689225 -0.425914
v -0.256613 0.0231909 0.122828
vn -0.586139 0.689259 -0.425868
v -0.257211 0.0247772 0.126219
vn -0.586216 0.689184 -0.425883
v -0.255104 0.0247772 0.123319
vn -0.586212 0.689163 -0.425921
v -0.256947 0.0200183 0.118153
vn -0.491229 0.794584 -0.356833
v -0.258477 0.0200183 0.120262
vn -0.4912 0.794628 -0.356777
v -0.257546 0.0216046 0.121545
vn -0.586367 0.689074 -0.425853
v -0.260009 0.0200183 0.122369
vn -0.491096 0.794644 -0.356883
v -0.259076 0.0216046 0.123652
vn -0.586224 0.689154 -0.425921
v -0.261541 0.0200183 0.124476
vn -0.322911 0.794665 -0.514039
v -0.260608 0.0216046 0.12576
vn -0.385857 0.706685 -0.593052
v -0.259675 0.0231909 0.127044
vn -0.385847 0.706694 -0.593048
v -0.258743 0.0247772 0.128327
vn -0.385915 0.706676 -0.593025
v -0.258144 0.0231909 0.124935
vn -0.58628 0.689154 -0.425843
v -0.262153 0.0247772 0.129434
vn -0.223858 0.689197 -0.689126
v -0.263086 0.0231909 0.128151
vn -0.223935 0.689163 -0.689135
v -0.264018 0.0216046 0.126868
vn -0.224003 0.689132 -0.689144
v -0.266495 0.0231909 0.12926
vn -0.224001 0.68914 -0.689137
v -0.268973 0.0247772 0.131651
vn -0.223967 0.689139 -0.689148
v -0.265563 0.0247772 0.130543
vn -0.224005 0.689138 -0.689138
v -0.264018 0.0200183 0.125282
vn -0.187641 0.79463 -0.577369
v -0.266495 0.0200183 0.126087
vn -0.187519 0.794685 -0.577332
v -0.266495 0.0216046 0.127673
vn -0.2239 0.689189 -0.689121
v -0.268973 0.0200183 0.126891
vn -0.187575 0.794609 -0.577419
v -0.268973 0.0216046 0.128478
vn -0.223749 0.689252 -0.689107
v -0.268973 0.0231909 0.130065
vn -0.22379 0.689285 -0.68906
v -0.271451 0.0189993 0.125697
vn 0.0458446 0.889993 -0.453663
v -0.271451 0.0179804 0.123699
vn 0.0458412 0.890119 -0.453418
v -0.273929 0.0189993 0.124892
vn 0.145992 0.8814 -0.449243
v -0.271451 0.0169625 0.121699
vn 0.045708 0.890133 -0.453403
v -0.273929 0.0179804 0.122893
vn 0.145937 0.881499 -0.449068
v -0.271451 0.0159435 0.1197
vn 0.047976 0.932925 -0.35686
v -0.273929 0.0169625 0.120894
vn 0.145866 0.881523 -0.449043
v -0.276406 0.0179804 0.122088
vn 0.145918 0.88147 -0.449131
v -0.278884 0.0189993 0.123283
vn 0.14588 0.881399 -0.449282
v -0.276406 0.0189993 0.124087
vn 0.145957 0.881421 -0.449214
v -0.272753 0.0159435 0.119276
vn 0.0999505 0.946241 -0.307632
v -0.274056 0.0159435 0.118853
vn 0.0999247 0.946238 -0.30765
v -0.275231 0.0169625 0.120471
vn 0.145867 0.881496 -0.449097
v -0.275358 0.0159435 0.11843
vn 0.0999509 0.946241 -0.307633
v -0.276534 0.0169625 0.120048
vn 0.145901 0.881508 -0.449061
v -0.276662 0.0159435 0.118007
vn 0.248584 0.932934 -0.260461
v -0.277836 0.0169625 0.119625
vn 0.303568 0.890113 -0.33992
v -0.279011 0.0179804 0.121242
vn 0.303661 0.890085 -0.33991
v -0.280187 0.0189993 0.12286
vn 0.303696 0.890045 -0.339985
v -0.277709 0.0179804 0.121665
vn 0.145867 0.881496 -0.449097
v -0.281717 0.0189993 0.120751
vn 0.382138 0.881429 -0.277585
v -0.280543 0.0179804 0.119134
vn 0.382011 0.881475 -0.277613
v -0.279368 0.0169625 0.117516
vn 0.381968 0.881508 -0.277569
v -0.282074 0.0179804 0.117027
vn 0.382012 0.881469 -0.27763
v -0.284781 0.0189993 0.116536
vn 0.382176 0.88137 -0.27772
v -0.283249 0.0189993 0.118644
vn 0.382161 0.881376 -0.277721
v -0.277467 0.0159435 0.116899
vn 0.261667 0.946247 -0.190122
v -0.278271 0.0159435 0.115791
vn 0.261702 0.946254 -0.190039
v -0.280173 0.0169625 0.116409
vn 0.381973 0.881542 -0.277453
v -0.279076 0.0159435 0.114683
vn 0.26174 0.946218 -0.190165
v -0.280977 0.0169625 0.115301
vn 0.382012 0.881558 -0.277348
v -0.279882 0.0159435 0.113574
vn 0.354263 0.93291 -0.0646178
v -0.281783 0.0169625 0.114192
vn 0.445413 0.890098 -0.0966052
v -0.283684 0.0179804 0.11481
vn 0.445368 0.890136 -0.0964635
v -0.285586 0.0189993 0.115428
vn 0.445569 0.890023 -0.0965739
v -0.282879 0.0179804 0.115919
vn 0.382012 0.881556 -0.277355
v -0.285586 0.0189993 0.112823
vn 0.472306 0.881435 0
v -0.283684 0.0179804 0.112205
vn 0.472121 0.881534 0
v -0.281783 0.0169625 0.111587
vn 0.472203 0.88149 0
v -0.283684 0.0179804 0.1096
vn 0.472131 0.881529 0
v -0.285586 0.0189993 0.107612
vn 0.472316 0.881429 0
v -0.285586 0.0189993 0.110218
vn 0.472306 0.881435 0
v -0.279882 0.0159435 0.112205
vn 0.323504 0.946227 0
v -0.279882 0.0159435 0.110835
vn 0.323525 0.94622 0
v -0.281783 0.0169625 0.110218
vn 0.472223 0.881479 0
v -0.279882 0.0159435 0.109466
vn 0.323524 0.94622 0
v -0.281783 0.0169625 0.108848
vn 0.472223 0.881479 0
v -0.279882 0.0159435 0.108096
vn 0.324574 0.932908 0.155996
v -0.281783 0.0169625 0.107479
vn 0.417084 0.890118 0.183662
v -0.283684 0.0179804 0.106861
vn 0.417096 0.890109 0.183675
v -0.285586 0.0189993 0.106243
vn 0.417207 0.890035 0.183783
v -0.283684 0.0179804 0.10823
vn 0.472121 0.881534 0
v -0.284054 0.0189993 0.104135
vn 0.38213 0.8814 0.27769
v -0.282153 0.0179804 0.104753
vn 0.381997 0.881512 0.277515
v -0.280251 0.0169625 0.105371
vn 0.382003 0.88152 0.277481
v -0.280622 0.0179804 0.102645
vn 0.382038 0.881484 0.277547
v -0.280991 0.0189993 0.0999196
vn 0.382123 0.881423 0.277625
v -0.282523 0.0189993 0.102028
vn 0.382191 0.881388 0.277641
v -0.279076 0.0159435 0.106988
vn 0.261774 0.946215 0.190134
v -0.278271 0.0159435 0.10588
vn 0.26171 0.946239 0.190106
v -0.279447 0.0169625 0.104263
vn 0.382069 0.881488 0.277495
v -0.277467 0.0159435 0.104772
vn 0.261677 0.946243 0.190131
v -0.278642 0.0169625 0.103154
vn 0.381983 0.881499 0.277577
v -0.276662 0.0159435 0.103664
vn 0.17091 0.932914 0.316956
v -0.277836 0.0169625 0.102047
vn 0.229462 0.890124 0.393733
v -0.279011 0.0179804 0.100429
vn 0.22951 0.890087 0.393791
v -0.280187 0.0189993 0.0988122
vn 0.229558 0.89003 0.393891
v -0.279816 0.0179804 0.101538
vn 0.381981 0.881499 0.277577
v -0.277709 0.0189993 0.098007
vn 0.145997 0.881408 0.449227
v -0.276534 0.0179804 0.0996239
vn 0.145885 0.881523 0.449037
v -0.275358 0.0169625 0.101242
vn 0.145873 0.881527 0.449034
v -0.274056 0.0179804 0.0988196
vn 0.145822 0.881529 0.449046
v -0.272753 0.0189993 0.0963965
vn 0.145971 0.881423 0.449206
v -0.275231 0.0189993 0.0972017
vn 0.145937 0.881417 0.449229
v -0.275358 0.0159435 0.103241
vn 0.0999644 0.946221 0.307688
v -0.274056 0.0159435 0.102818
vn 0.0999422 0.946224 0.307689
v -0.274056 0.0169625 0.100819
vn 0.145891 0.88149 0.449101
v -0.272753 0.0159435 0.102394
vn 0.0999636 0.946222 0.307688
v -0.272753 0.0169625 0.100395
vn 0.14594 0.8815 0.449066
v -0.271451 0.0159435 0.101971
vn -0.0480419 0.932905 0.356904
v -0.271451 0.0169625 0.0999723
vn -0.0458065 0.890151 0.453358
v -0.271451 0.0179804 0.0979722
vn -0.0457806 0.890112 0.453437
v -0.271451 0.0189993 0.0959733
vn -0.0458151 0.890005 0.453643
v -0.272753 0.0179804 0.0983964
vn 0.145995 0.881507 0.449034
v -0.268973 0.0189993 0.0967786
vn -0.145965 0.881403 0.449247
v -0.268973 0.0179804 0.0987775
vn -0.145915 0.881533 0.449008
v -0.268973 0.0169625 0.100777
vn -0.1459 0.88154 0.448999
v -0.266495 0.0179804 0.0995828
vn -0.145944 0.881513 0.449038
v -0.264018 0.0189993 0.0983891
vn -0.145984 0.881421 0.449205
v -0.266495 0.0189993 0.0975838
vn -0.146003 0.881429 0.449183
v -0.270148 0.0159435 0.102394
vn -0.0999634 0.946219 0.307696
v -0.268846 0.0159435 0.102818
vn -0.0999852 0.946206 0.307729
v -0.267671 0.0169625 0.101201
vn -0.145901 0.881508 0.449061
v -0.267544 0.0159435 0.103241
vn -0.0999717 0.946217 0.307701
v -0.266368 0.0169625 0.101624
vn -0.145896 0.881506 0.449067
v -0.266241 0.0159435 0.103664
vn -0.248588 0.932916 0.260522
v -0.265066 0.0169625 0.102047
vn -0.303533 0.890106 0.339969
v -0.263891 0.0179804 0.100429
vn -0.303573 0.890116 0.339907
v -0.262715 0.0189993 0.0988122
vn -0.303639 0.890019 0.340103
v -0.265193 0.0179804 0.100006
vn -0.145896 0.881506 0.449067
v -0.261184 0.0189993 0.10092
vn -0.382116 0.881426 0.277625
v -0.262359 0.0179804 0.102536
vn -0.381968 0.881521 0.277526
v -0.263534 0.0169625 0.104154
vn -0.381986 0.881505 0.277553
v -0.260828 0.0179804 0.104645
vn -0.381998 0.881489 0.277589
v -0.258122 0.0189993 0.105134
vn -0.382148 0.881381 0.277725
v -0.259653 0.0189993 0.103027
vn -0.382158 0.881408 0.277624
v -0.265435 0.0159435 0.104772
vn -0.261683 0.946232 0.190174
v -0.26463 0.0159435 0.10588
vn -0.261667 0.946248 0.190121
v -0.262729 0.0169625 0.105263
vn -0.382 0.881453 0.277697
v -0.263826 0.0159435 0.106988
vn -0.261739 0.946246 0.190028
v -0.261924 0.0169625 0.10637
vn -0.382001 0.881537 0.277429
v -0.26302 0.0159435 0.108096
vn -0.354264 0.93291 0.0646176
v -0.261119 0.0169625 0.107479
vn -0.445317 0.890158 0.0965008
v -0.259217 0.0179804 0.106861
vn -0.445418 0.890105 0.0965173
v -0.257316 0.0189993 0.106243
vn -0.445618 0.889993 0.0966271
v -0.260023 0.0179804 0.105752
vn -0.381982 0.88148 0.277638
v -0.257316 0.0189993 0.108848
vn -0.472409 0.881379 0
v -0.259217 0.0179804 0.109466
vn -0.472121 0.881534 0
v -0.261119 0.0169625 0.110084
vn -0.472091 0.88155 0
v -0.259217 0.0179804 0.112071
vn -0.472152 0.881517 0
v -0.257316 0.0189993 0.114059
vn -0.472408 0.88138 0
v -0.257316 0.0189993 0.111453
vn -0.472409 0.881379 0
v -0.26302 0.0159435 0.109466
vn -0.323525 0.94622 0
v -0.26302 0.0159435 0.110835
vn -0.323525 0.94622 0
v -0.261119 0.0169625 0.111453
vn -0.472121 0.881534 0
v -0.26302 0.0159435 0.112205
vn -0.323505 0.946226 0
v -0.261119 0.0169625 0.112823
vn -0.472121 0.881534 0
v -0.26302 0.0159435 0.113574
vn -0.324569 0.93292 -0.155934
v -0.261119 0.0169625 0.114192
vn -0.417074 0.890131 -0.183617
v -0.259217 0.0179804 0.11481
vn -0.417047 0.890119 -0.183739
v -0.257316 0.0189993 0.115428
vn -0.417282 0.889993 -0.183814
v -0.259217 0.0179804 0.113441
vn -0.472121 0.881534 0
v -0.258848 0.0189993 0.117535
vn -0.382147 0.881409 -0.277636
v -0.260749 0.0179804 0.116917
vn -0.381996 0.881509 -0.277527
v -0.26265 0.0169625 0.1163
vn -0.382007 0.881519 -0.27748
v -0.262281 0.0179804 0.119026
vn -0.381991 0.881507 -0.277539
v -0.26191 0.0189993 0.121751
vn -0.382131 0.881418 -0.27763
v -0.260379 0.0189993 0.119644
vn -0.382134 0.881428 -0.277594
v -0.263826 0.0159435 0.114683
vn -0.261774 0.946221 -0.190108
v -0.26463 0.0159435 0.115791
vn -0.261709 0.946239 -0.190106
v -0.263455 0.0169625 0.117408
vn -0.382055 0.881479 -0.277542
v -0.265435 0.0159435 0.116899
vn -0.261652 0.946246 -0.190151
v -0.264261 0.0169625 0.118516
vn -0.382033 0.881471 -0.277595
v -0.266241 0.0159435 0.118007
vn -0.170825 0.932941 -0.316924
v -0.265066 0.0169625 0.119625
vn -0.229465 0.890123 -0.393733
v -0.263891 0.0179804 0.121242
vn -0.229511 0.890087 -0.393789
v -0.262715 0.0189993 0.12286
vn -0.229514 0.890038 -0.393899
v -0.263086 0.0179804 0.120133
vn -0.38191 0.881541 -0.277545
v -0.265193 0.0189993 0.123664
vn -0.145943 0.881424 -0.449214
v -0.266368 0.0179804 0.122047
vn -0.145869 0.881503 -0.449082
v -0.267544 0.0169625 0.120429
vn -0.145792 0.881539 -0.449036
v -0.268846 0.0179804 0.122851
vn -0.145949 0.881504 -0.449053
v -0.270148 0.0189993 0.125274
vn -0.146039 0.881385 -0.449258
v -0.267671 0.0189993 0.124469
vn -0.145942 0.881424 -0.449214
v -0.267544 0.0159435 0.11843
vn -0.0999689 0.946221 -0.307688
v -0.268846 0.0159435 0.118853
vn -0.0999902 0.946219 -0.307687
v -0.268846 0.0169625 0.120852
vn -0.145998 0.881492 -0.449062
v -0.270148 0.0159435 0.119276
vn -0.0999426 0.946224 -0.307689
v -0.270148 0.0169625 0.121275
vn -0.145858 0.881542 -0.449009
v -0.270148 0.0179804 0.123275
vn -0.145981 0.88151 -0.449031
v -0.271451 0.0155919 0.117484
vn -1.5096e-18 0.987669 -0.156557
v -0.271451 0.0152414 0.115268
vn -1.50944e-18 0.987721 -0.156228
v -0.272753 0.0155919 0.117061
vn 0.0507677 0.986407 -0.15628
v -0.271451 0.0148909 0.113051
vn -1.50917e-18 0.987702 -0.156349
v -0.272753 0.0152414 0.114845
vn 0.0506808 0.986454 -0.156013
v -0.271451 0.0145393 0.110835
vn 9.17166e-19 1 -1.83433e-18
v -0.272753 0.0148909 0.112628
vn 0.0918836 0.987701 -0.126506
v -0.274056 0.0152414 0.114422
vn 0.0918264 0.987721 -0.126389
v -0.275358 0.0155919 0.116214
vn 0.0920228 0.987671 -0.126641
v -0.274056 0.0155919 0.116638
vn 0.050768 0.986407 -0.15628
v -0.276164 0.0155919 0.115106
vn 0.132938 0.986408 -0.0965736
v -0.274862 0.0152414 0.113313
vn 0.132738 0.986451 -0.0964072
v -0.273558 0.0148909 0.111521
vn 0.148727 0.987697 -0.0483264
v -0.275666 0.0152414 0.112205
vn 0.148582 0.987723 -0.0482439
v -0.277774 0.0155919 0.11289
vn 0.148865 0.987673 -0.0483776
v -0.276969 0.0155919 0.113998
vn 0.132922 0.98641 -0.0965762
v -0.277774 0.0155919 0.11152
vn 0.164281 0.986414 0
v -0.275666 0.0152414 0.110835
vn 0.164038 0.986454 0
v -0.273558 0.0148909 0.110151
vn 0.148732 0.987697 0.0483128
v -0.275666 0.0152414 0.109466
vn 0.148573 0.987724 0.0482473
v -0.277774 0.0155919 0.108781
vn 0.14886 0.987674 0.0483895
v -0.277774 0.0155919 0.11015
vn 0.164281 0.986414 0
v -0.276969 0.0155919 0.107673
vn 0.132922 0.98641 0.0965762
v -0.274862 0.0152414 0.108358
vn 0.132722 0.986453 0.0964102
v -0.272753 0.0148909 0.109043
vn 0.0919113 0.987698 0.126514
v -0.274056 0.0152414 0.10725
vn 0.091792 0.987723 0.126401
v -0.275358 0.0155919 0.105456
vn 0.0920116 0.987674 0.126624
v -0.276164 0.0155919 0.106565
vn 0.132922 0.98641 0.0965765
v -0.274056 0.0155919 0.105033
vn 0.0507561 0.986414 0.156244
v -0.272753 0.0152414 0.106827
vn 0.0506808 0.986454 0.156013
v -0.271451 0.0148909 0.10862
vn 0 0.987694 0.156398
v -0.271451 0.0152414 0.106404
vn 1.5092e-18 0.987725 0.156204
v -0.271451 0.0155919 0.104187
vn 4.52809e-18 0.987673 0.156533
v -0.272753 0.0155919 0.10461
vn 0.0507558 0.986414 0.156244
v -0.270148 0.0155919 0.10461
vn -0.0507561 0.986414 0.156244
v -0.270148 0.0152414 0.106827
vn -0.0506811 0.986454 0.156013
v -0.270148 0.0148909 0.109043
vn -0.0919192 0.987698 0.126504
v -0.268846 0.0152414 0.10725
vn -0.0918224 0.98772 0.126401
v -0.267544 0.0155919 0.105456
vn -0.0920117 0.987674 0.126623
v -0.268846 0.0155919 0.105033
vn -0.0507762 0.986413 0.156244
v -0.266738 0.0155919 0.106565
vn -0.132899 0.986413 0.0965804
v -0.268041 0.0152414 0.108358
vn -0.132725 0.98645 0.0964342
v -0.269344 0.0148909 0.110151
vn -0.148713 0.987701 0.0482868
v -0.267235 0.0152414 0.109466
vn -0.148573 0.987722 0.04829
v -0.265128 0.0155919 0.108781
vn -0.148882 0.98767 0.0483974
v -0.265933 0.0155919 0.107673
vn -0.132922 0.98641 0.0965769
v -0.265128 0.0155919 0.11015
vn -0.16432 0.986407 0
v -0.267235 0.0152414 0.110835
vn -0.164038 0.986454 0
v -0.269344 0.0148909 0.111521
vn -0.148709 0.987701 -0.0483004
v -0.267235 0.0152414 0.112205
vn -0.148581 0.987721 -0.0482867
v -0.265128 0.0155919 0.11289
vn -0.148886 0.98767 -0.0483855
v -0.265128 0.0155919 0.11152
vn -0.16432 0.986407 0
v -0.265933 0.0155919 0.113998
vn -0.132922 0.98641 -0.0965769
v -0.268041 0.0152414 0.113313
vn -0.132741 0.986449 -0.0964312
v -0.270148 0.0148909 0.112628
vn -0.0918915 0.987702 -0.126496
v -0.268846 0.0152414 0.114422
vn -0.0918569 0.987719 -0.126389
v -0.267544 0.0155919 0.116214
vn -0.0920229 0.987671 -0.126641
v -0.266738 0.0155919 0.115106
vn -0.132915 0.986411 -0.0965775
v -0.268846 0.0155919 0.116638
vn -0.0507881 0.986406 -0.15628
v -0.270148 0.0152414 0.114845
vn -0.0506811 0.986454 -0.156013
v -0.270148 0.0155919 0.117061
vn -0.050768 0.986407 -0.15628
v -0.412435 -0.297854 0.289009
vn 0.647232 0.0325891 0.761596
v -0.411496 -0.299386 0.286706
vn 0.849443 -0.208402 0.484785
v -0.373895 -0.21338 0.24853
vn 0.725405 -0.00111217 0.688321
v -0.410557 -0.300919 0.284402
vn 0.849426 -0.20838 0.484822
v -0.372957 -0.214912 0.246226
vn 0.867162 -0.171583 0.467535
v -0.335356 -0.128906 0.20805
vn 0.725443 -0.00114966 0.688281
v -0.409618 -0.302451 0.282099
vn 0.849401 -0.208336 0.484886
v -0.372018 -0.216444 0.243923
vn 0.867126 -0.171528 0.467622
v -0.408679 -0.303983 0.279795
vn 0.902382 -0.300979 0.308412
v -0.371079 -0.217976 0.24162
vn 0.867109 -0.171505 0.467661
v -0.333478 -0.13197 0.203444
vn 0.86709 -0.171473 0.467709
v -0.295877 -0.0459628 0.165268
vn 0.867123 -0.171529 0.467628
v -0.334417 -0.130438 0.205747
vn 0.867131 -0.171538 0.467608
v -0.258276 0.0400435 0.127092
vn 0.794293 -0.0346679 0.606544
v -0.296816 -0.0444312 0.167571
vn 0.725392 -0.00110497 0.688335
v -0.37014 -0.219508 0.239316
vn 0.924016 -0.32522 0.201062
v -0.331599 -0.135034 0.198836
vn 0.924019 -0.325225 0.201042
v -0.332538 -0.133502 0.201141
vn 0.867125 -0.171526 0.467625
v -0.293061 -0.0505596 0.158358
vn 0.924018 -0.325215 0.201064
v -0.293999 -0.049027 0.160661
vn 0.867153 -0.171569 0.467557
v -0.254521 0.0339151 0.117879
vn 0.934023 -0.345392 0.0911395
v -0.255459 0.0354467 0.120182
vn 0.88314 -0.134386 0.449448
v -0.256398 0.0369793 0.122485
vn 0.883183 -0.134457 0.449343
v -0.257337 0.0385109 0.124789
vn 0.883159 -0.134408 0.449404
v -0.294938 -0.0474954 0.162965
vn 0.867143 -0.171555 0.467582
v -0.271991 0.0400646 0.114076
vn 0.380522 0.833971 -0.399619
v -0.268563 0.0400593 0.11733
vn 0.380495 0.833992 -0.399602
v -0.267624 0.0385267 0.115027
vn 0.380495 0.834026 -0.39953
v -0.265133 0.0400541 0.120585
vn 0.380486 0.834 -0.399593
v -0.264194 0.0385214 0.118281
vn 0.380484 0.833991 -0.399613
v -0.263255 0.0369899 0.115977
vn 0.380508 0.834016 -0.399539
v -0.261705 0.0400488 0.123839
vn 0.380553 0.833959 -0.399615
v -0.260766 0.0385162 0.121534
vn 0.38051 0.834008 -0.399552
v -0.259827 0.0369846 0.119231
vn 0.380541 0.833959 -0.399627
v -0.258888 0.035452 0.116928
vn 0.380537 0.833992 -0.399561
v -0.426151 -0.297834 0.275993
vn -0.380498 -0.833974 0.399635
v -0.421783 -0.299371 0.276944
vn -0.38046 -0.833974 0.399672
v -0.422722 -0.297839 0.279247
vn -0.380426 -0.834007 0.399636
v -0.417415 -0.300909 0.277894
vn -0.380461 -0.833978 0.399663
v -0.418354 -0.299376 0.280198
vn -0.380468 -0.833973 0.399666
v -0.419293 -0.297844 0.282501
vn -0.380461 -0.834 0.399615
v -0.413047 -0.302446 0.278845
vn -0.380458 -0.833976 0.399669
v -0.413986 -0.300914 0.281148
vn -0.380455 -0.833981 0.399663
v -0.414925 -0.299382 0.283451
vn -0.380455 -0.83401 0.399602
v -0.415864 -0.297849 0.285755
vn -0.380479 -0.833987 0.399628
v -0.409409 -0.304928 0.277129
vn 0.872699 -0.48359 -0.0673511
v -0.410138 -0.305873 0.274463
vn 0.872697 -0.483593 -0.0673562
v -0.370869 -0.220453 0.23665
vn 0.890442 -0.447058 -0.0851621
v -0.410868 -0.306818 0.271796
vn 0.872698 -0.483592 -0.0673495
v -0.371599 -0.221399 0.233984
vn 0.890449 -0.447049 -0.0851375
v -0.411597 -0.307763 0.26913
vn 0.808277 -0.529366 -0.257797
v -0.372328 -0.222344 0.231317
vn 0.890435 -0.447066 -0.0851894
v -0.333058 -0.136924 0.193504
vn 0.890445 -0.447054 -0.0851556
v -0.29379 -0.0515049 0.155691
vn 0.890459 -0.447034 -0.0851096
v -0.332329 -0.135979 0.19617
vn 0.890438 -0.447061 -0.0851809
v -0.373057 -0.223288 0.228651
vn 0.769731 -0.525118 -0.362996
v -0.334517 -0.138813 0.188171
vn 0.76973 -0.525118 -0.362996
v -0.333788 -0.137868 0.190838
vn 0.890427 -0.447076 -0.0852193
v -0.295977 -0.0543386 0.147692
vn 0.769719 -0.525121 -0.363017
v -0.295248 -0.0533933 0.150359
vn 0.890431 -0.447071 -0.0852053
v -0.257437 0.0301362 0.107213
vn 0.721496 -0.514274 -0.463645
v -0.256708 0.0310814 0.10988
vn 0.906433 -0.409645 -0.102814
v -0.255978 0.0320256 0.112546
vn 0.906449 -0.409622 -0.102764
v -0.25525 0.0329709 0.115212
vn 0.906473 -0.409592 -0.102665
v -0.294518 -0.0524491 0.153025
vn 0.890458 -0.447036 -0.0851069
v -0.268352 0.0375825 0.112361
vn 0.380455 0.834009 -0.399603
v -0.263985 0.0360456 0.113311
vn 0.380494 0.834024 -0.399534
v -0.264714 0.0351004 0.110645
vn 0.380453 0.833976 -0.399675
v -0.259617 0.0345077 0.114262
vn 0.380548 0.834018 -0.399496
v -0.260347 0.0335635 0.111595
vn 0.38051 0.834006 -0.399557
v -0.261075 0.0326183 0.108929
vn 0.380465 0.833991 -0.399632
v -0.422513 -0.300316 0.274278
vn -0.380458 -0.833988 0.399644
v -0.418874 -0.302799 0.272562
vn -0.380494 -0.833988 0.39961
v -0.418145 -0.301854 0.275228
vn -0.38046 -0.833977 0.399666
v -0.415236 -0.305281 0.270846
vn -0.380494 -0.833988 0.39961
v -0.414506 -0.304336 0.273512
vn -0.38046 -0.833977 0.399666
v -0.413777 -0.303391 0.276179
vn -0.380465 -0.833975 0.399664
v -0.413716 -0.30776 0.267119
vn 0.55627 -0.588227 -0.586986
v -0.415835 -0.307756 0.265108
vn 0.556218 -0.588226 -0.587036
v -0.375176 -0.223285 0.22664
vn 0.573652 -0.551793 -0.60535
v -0.417954 -0.307753 0.263096
vn 0.556271 -0.588227 -0.586985
v -0.377295 -0.223282 0.224629
vn 0.573705 -0.551794 -0.605298
v -0.420073 -0.30775 0.261086
vn 0.400894 -0.56539 -0.720846
v -0.379414 -0.223279 0.222618
vn 0.573637 -0.551793 -0.605364
v -0.338755 -0.138807 0.184149
vn 0.573708 -0.551794 -0.605296
v -0.298096 -0.0543354 0.145682
vn 0.573708 -0.551794 -0.605296
v -0.336636 -0.13881 0.186161
vn 0.573652 -0.551793 -0.60535
v -0.381533 -0.223275 0.220607
vn 0.321375 -0.524441 -0.788466
v -0.342994 -0.138801 0.180128
vn 0.321435 -0.524454 -0.788434
v -0.340874 -0.138804 0.182139
vn 0.573518 -0.55179 -0.605479
v -0.304454 -0.0543259 0.139648
vn 0.321563 -0.524483 -0.788362
v -0.302335 -0.0543291 0.14166
vn 0.573576 -0.55179 -0.605424
v -0.265914 0.0301488 0.0991691
vn 0.237948 -0.476931 -0.846119
v -0.263795 0.0301456 0.101181
vn 0.590008 -0.514279 -0.622421
v -0.261676 0.0301425 0.103191
vn 0.589799 -0.514274 -0.622622
v -0.259556 0.0301393 0.105202
vn 0.589963 -0.514271 -0.62247
v -0.300215 -0.0543323 0.14367
vn 0.573579 -0.55179 -0.605421
v -0.270472 0.0375856 0.11035
vn 0.380384 0.833993 -0.399705
v -0.266833 0.0351035 0.108634
vn 0.380433 0.83399 -0.399664
v -0.268953 0.0351067 0.106623
vn 0.380389 0.834005 -0.399675
v -0.263195 0.0326214 0.106918
vn 0.38043 0.83399 -0.399666
v -0.265314 0.0326246 0.104907
vn 0.380461 0.833977 -0.399664
v -0.267433 0.0326277 0.102896
vn 0.380375 0.834006 -0.399686
v -0.424632 -0.300313 0.272267
vn -0.380483 -0.833993 0.399611
v -0.423112 -0.302792 0.26854
vn -0.380469 -0.833995 0.399619
v -0.420993 -0.302795 0.27055
vn -0.380467 -0.834002 0.399606
v -0.421593 -0.305271 0.264813
vn -0.380483 -0.833993 0.399611
v -0.419474 -0.305274 0.266824
vn -0.380465 -0.833989 0.399635
v -0.417355 -0.305278 0.268834
vn -0.380497 -0.833989 0.399605
v -0.422773 -0.3068 0.260499
vn 0.0208387 -0.48232 -0.875747
v -0.425472 -0.30585 0.259911
vn 0.0207881 -0.482295 -0.875762
v -0.384233 -0.222326 0.22002
vn 0.0377303 -0.445773 -0.894351
v -0.428172 -0.3049 0.259324
vn 0.0208486 -0.482318 -0.875748
v -0.386932 -0.221375 0.219432
vn 0.0377586 -0.445786 -0.894343
v -0.430871 -0.30395 0.258736
vn -0.16399 -0.395327 -0.903783
v -0.389632 -0.220426 0.218845
vn 0.0377406 -0.445781 -0.894346
v -0.348393 -0.136901 0.178952
vn 0.0378269 -0.445812 -0.894327
v -0.307153 -0.0533765 0.139061
vn 0.0377771 -0.445792 -0.894339
v -0.345693 -0.137851 0.179541
vn 0.0378196 -0.44581 -0.894328
v -0.392331 -0.219475 0.218257
vn -0.249647 -0.323467 -0.912713
v -0.353791 -0.135001 0.177778
vn -0.249735 -0.323422 -0.912705
v -0.351092 -0.135951 0.178365
vn 0.0377233 -0.445774 -0.89435
v -0.315252 -0.0505259 0.137299
vn -0.249747 -0.323412 -0.912706
v -0.312552 -0.0514765 0.137886
vn 0.0376941 -0.445758 -0.89436
v -0.276712 0.0339488 0.0968196
vn -0.33218 -0.247521 -0.910159
v -0.274012 0.0329993 0.097407
vn 0.0545312 -0.408342 -0.911199
v -0.271313 0.0320488 0.0979943
vn 0.0545408 -0.408342 -0.911198
v -0.268614 0.0310983 0.0985817
vn 0.0545326 -0.408343 -0.911198
v -0.309853 -0.052426 0.138473
vn 0.037726 -0.445771 -0.894352
v -0.273171 0.0385351 0.109763
vn 0.380505 0.833952 -0.399675
v -0.271652 0.0360562 0.106035
vn 0.380516 0.833967 -0.399634
v -0.274351 0.0370067 0.105448
vn 0.380485 0.834024 -0.399543
v -0.270133 0.0335772 0.102309
vn 0.380476 0.83398 -0.399643
v -0.272832 0.0345277 0.101722
vn 0.380656 0.833939 -0.399558
v -0.275532 0.0354783 0.101133
vn 0.380505 0.833981 -0.399614
v -0.427331 -0.299363 0.271679
vn -0.380526 -0.833969 0.39962
v -0.428511 -0.300892 0.267365
vn -0.380495 -0.833978 0.399631
v -0.425812 -0.301842 0.267952
vn -0.380476 -0.834001 0.399601
v -0.429691 -0.302421 0.26305
vn -0.380478 -0.833986 0.39963
v -0.426992 -0.303371 0.263638
vn -0.380457 -0.833997 0.399627
v -0.424292 -0.304321 0.264225
vn -0.380497 -0.833983 0.399618
v -0.43312 -0.302416 0.259796
vn -0.528942 -0.20631 -0.823199
v -0.435368 -0.300882 0.260857
vn -0.52901 -0.206261 -0.823167
v -0.39458 -0.217941 0.219318
vn -0.512637 -0.169459 -0.841717
v -0.437617 -0.299348 0.261918
vn -0.528937 -0.206313 -0.823201
v -0.396829 -0.216407 0.220379
vn -0.512572 -0.169506 -0.841747
v -0.439866 -0.297813 0.262979
vn -0.670883 -0.0840489 -0.736785
v -0.399077 -0.214872 0.221439
vn -0.512643 -0.169455 -0.841714
v -0.358289 -0.131932 0.179899
vn -0.512581 -0.169499 -0.841743
v -0.317501 -0.0489912 0.13836
vn -0.512606 -0.169481 -0.841731
v -0.356041 -0.133466 0.178839
vn -0.51263 -0.169465 -0.841719
v -0.401326 -0.213339 0.2225
vn -0.725351 0.001061 -0.688379
v -0.362787 -0.128864 0.18202
vn -0.725339 0.00104886 -0.688391
v -0.360537 -0.130399 0.18096
vn -0.512597 -0.169489 -0.841735
v -0.324247 -0.0443891 0.141541
vn -0.725391 0.00110362 -0.688336
v -0.321998 -0.0459238 0.140481
vn -0.512511 -0.169547 -0.841775
v -0.285707 0.0400856 0.101062
vn -0.770805 0.0862727 -0.631202
v -0.283458 0.0385509 0.100001
vn -0.49519 -0.13236 -0.858643
v -0.281209 0.0370172 0.0989407
vn -0.495195 -0.132371 -0.858639
v -0.278961 0.0354835 0.0978796
vn -0.495225 -0.132344 -0.858625
v -0.319749 -0.0474575 0.13942
vn -0.512609 -0.169478 -0.84173
v -0.275419 0.0400699 0.110823
vn 0.380524 0.833935 -0.399693
v -0.276601 0.0385404 0.106509
vn 0.380523 0.833956 -0.399649
v -0.278849 0.0400751 0.107569
vn 0.380489 0.833968 -0.399657
v -0.277781 0.0370119 0.102194
vn 0.380424 0.834062 -0.399523
v -0.280029 0.0385456 0.103254
vn 0.380514 0.833974 -0.39962
v -0.282278 0.0400804 0.104315
vn 0.380466 0.834 -0.399612
v -0.42958 -0.297829 0.27274
vn -0.380497 -0.833985 0.399613
v -0.433008 -0.297824 0.269486
vn -0.380497 -0.833986 0.399611
v -0.43076 -0.299358 0.268425
vn -0.380516 -0.833967 0.399633
v -0.436437 -0.297819 0.266232
vn -0.380497 -0.833984 0.399616
v -0.434188 -0.299353 0.265171
vn -0.380514 -0.833968 0.399634
v -0.43194 -0.300887 0.264111
vn -0.380517 -0.833966 0.399635
v -0.440805 -0.296281 0.265282
vn -0.88315 0.134393 -0.449427
v -0.441744 -0.294749 0.267585
vn -0.88316 0.134414 -0.449401
v -0.402265 -0.211807 0.224803
vn -0.86714 0.171549 -0.467589
v -0.442683 -0.293217 0.269889
vn -0.883167 0.134412 -0.449388
v -0.403204 -0.210274 0.227106
vn -0.867137 0.171543 -0.467597
v -0.443622 -0.291685 0.272192
vn -0.925912 0.249427 -0.283678
v -0.404143 -0.208743 0.229409
vn -0.86716 0.171582 -0.46754
v -0.364665 -0.1258 0.186627
vn -0.867154 0.171574 -0.467554
v -0.325186 -0.0428575 0.143844
vn -0.867147 0.171565 -0.467571
v -0.363726 -0.127332 0.184324
vn -0.867148 0.171562 -0.46757
v -0.405082 -0.20721 0.231713
vn -0.924018 0.325216 -0.201063
v -0.366542 -0.122735 0.191233
vn -0.924017 0.325196 -0.201099
v -0.365603 -0.124268 0.18893
vn -0.867156 0.171578 -0.467548
v -0.328003 -0.0382607 0.150754
vn -0.924016 0.325197 -0.201101
v -0.327064 -0.0397933 0.148451
vn -0.867138 0.171549 -0.467593
v -0.289463 0.0462141 0.110275
vn -0.910498 0.396942 -0.11589
v -0.288524 0.0446814 0.107972
vn -0.849418 0.208376 -0.484839
v -0.287585 0.0431498 0.105668
vn -0.849425 0.208378 -0.484825
v -0.286646 0.0416172 0.103365
vn -0.849424 0.208359 -0.484836
v -0.326125 -0.0413249 0.146148
vn -0.867154 0.171576 -0.467553
v -0.276358 0.0416014 0.113126
vn 0.380444 0.834012 -0.399608
v -0.279788 0.0416067 0.109872
vn 0.380487 0.833959 -0.399677
v -0.280727 0.0431393 0.112175
vn 0.380512 0.834006 -0.399557
v -0.283217 0.0416119 0.106619
vn 0.380516 0.833943 -0.399683
v -0.284155 0.0431446 0.108922
vn 0.380474 0.833983 -0.399639
v -0.285094 0.0446762 0.111226
vn 0.380416 0.834027 -0.399603
v -0.430519 -0.296297 0.275043
vn -0.380521 -0.83395 0.399664
v -0.434886 -0.29476 0.274092
vn -0.380481 -0.833977 0.399646
v -0.433947 -0.296292 0.271789
vn -0.380522 -0.833962 0.399638
v -0.439254 -0.293222 0.273143
vn -0.380478 -0.833985 0.399632
v -0.438315 -0.294754 0.270839
vn -0.380477 -0.834004 0.399593
v -0.437376 -0.296286 0.268535
vn -0.38052 -0.833963 0.399638
v -0.442892 -0.29074 0.274859
vn -0.906439 0.409635 0.102794
v -0.442163 -0.289795 0.277525
vn -0.906425 0.409655 0.102847
v -0.404352 -0.206265 0.23438
vn -0.890436 0.447064 0.0851885
v -0.441433 -0.28885 0.280191
vn -0.906439 0.409637 0.102792
v -0.403623 -0.205321 0.237046
vn -0.89043 0.447073 0.0852121
v -0.440704 -0.287905 0.282858
vn -0.831808 0.477796 0.282499
v -0.402893 -0.204375 0.239712
vn -0.890443 0.447055 0.0851604
v -0.365083 -0.120846 0.196566
vn -0.890419 0.447086 0.0852547
v -0.327273 -0.0373154 0.153421
vn -0.890425 0.447079 0.0852283
v -0.365813 -0.12179 0.1939
vn -0.890433 0.447068 0.0852051
v -0.402164 -0.20343 0.242379
vn -0.769702 0.525129 0.363041
v -0.363624 -0.118956 0.201899
vn -0.769693 0.52513 0.363058
v -0.364353 -0.119901 0.199232
vn -0.890425 0.447078 0.0852298
v -0.325085 -0.0344817 0.16142
vn -0.769721 0.525118 0.363015
v -0.325814 -0.035426 0.158753
vn -0.890426 0.447077 0.0852294
v -0.286545 0.049993 0.120941
vn -0.698003 0.565832 0.438892
v -0.287274 0.0490478 0.118274
vn -0.872674 0.483626 0.0674214
v -0.288004 0.0481035 0.115608
vn -0.872689 0.483606 0.0673775
v -0.288733 0.0471583 0.112942
vn -0.872674 0.483626 0.0674214
v -0.326544 -0.0363712 0.156087
vn -0.890432 0.447069 0.0852063
v -0.275629 0.0425467 0.115792
vn 0.380418 0.834008 -0.399641
v -0.279997 0.0440835 0.114843
vn 0.38047 0.834026 -0.399553
v -0.279268 0.0450288 0.117509
vn 0.38043 0.833977 -0.399693
v -0.284365 0.0456214 0.113892
vn 0.380483 0.834009 -0.399577
v -0.283635 0.0465656 0.116559
vn 0.380498 0.833988 -0.399605
v -0.282906 0.0475109 0.119225
vn 0.380434 0.83399 -0.399662
v -0.429789 -0.295352 0.277709
vn -0.380548 -0.833955 0.399629
v -0.433427 -0.29287 0.279425
vn -0.380499 -0.833977 0.399629
v -0.434157 -0.293815 0.276759
vn -0.380481 -0.833967 0.399668
v -0.437065 -0.290387 0.281142
vn -0.38049 -0.833957 0.39968
v -0.437795 -0.291332 0.278475
vn -0.38048 -0.833971 0.399658
v -0.438524 -0.292277 0.275809
vn -0.380481 -0.833967 0.399668
v -0.438585 -0.287908 0.284868
vn -0.589962 0.514271 0.622471
v -0.436466 -0.287911 0.28688
vn -0.590066 0.514269 0.622374
v -0.400045 -0.203433 0.244389
vn -0.573704 0.551795 0.605298
v -0.434347 -0.287914 0.288891
vn -0.589962 0.514271 0.622471
v -0.397926 -0.203436 0.246401
vn -0.573704 0.551795 0.605298
v -0.432228 -0.287918 0.290902
vn -0.424485 0.513832 0.745513
v -0.395807 -0.20344 0.248411
vn -0.573644 0.551796 0.605354
v -0.359386 -0.118963 0.205922
vn -0.573628 0.551796 0.605369
v -0.322966 -0.0344849 0.163431
vn -0.573656 0.551791 0.605348
v -0.361505 -0.11896 0.20391
vn -0.573755 0.551793 0.605252
v -0.393688 -0.203443 0.250423
vn -0.321476 0.524463 0.788411
v -0.355148 -0.118968 0.209944
vn -0.321482 0.524467 0.788406
v -0.357267 -0.118966 0.207932
vn -0.573748 0.551795 0.605256
v -0.316608 -0.0344944 0.169464
vn -0.321407 0.524454 0.788445
v -0.318727 -0.0344912 0.167453
vn -0.573727 0.551794 0.605277
v -0.278068 0.0499804 0.128985
vn -0.214353 0.528485 0.821436
v -0.280187 0.0499835 0.126974
vn -0.556218 0.588227 0.587035
v -0.282306 0.0499867 0.124963
vn -0.556223 0.588227 0.58703
v -0.284426 0.0499899 0.122952
vn -0.556122 0.588228 0.587125
v -0.320846 -0.0344881 0.165442
vn -0.573581 0.551794 0.605417
v -0.27351 0.0425435 0.117804
vn 0.380569 0.833996 -0.399523
v -0.277149 0.0450256 0.11952
vn 0.380503 0.834002 -0.399572
v -0.27503 0.0450225 0.121531
vn 0.380544 0.83398 -0.39958
v -0.280787 0.0475077 0.121235
vn 0.380466 0.83399 -0.399633
v -0.278668 0.0475046 0.123247
vn 0.380526 0.833977 -0.399603
v -0.276549 0.0475014 0.125257
vn 0.380507 0.833961 -0.399655
v -0.42767 -0.295355 0.279721
vn -0.380552 -0.833968 0.399596
v -0.429189 -0.292876 0.283448
vn -0.380532 -0.833953 0.399648
v -0.431308 -0.292873 0.281436
vn -0.380571 -0.833968 0.399578
v -0.430709 -0.290397 0.287174
vn -0.380488 -0.833967 0.399661
v -0.432828 -0.290394 0.285164
vn -0.380536 -0.833963 0.399622
v -0.434947 -0.29039 0.283152
vn -0.380544 -0.833963 0.399616
v -0.429528 -0.288868 0.291489
vn -0.0545036 0.408332 0.911205
v -0.426829 -0.289818 0.292076
vn -0.0545152 0.408337 0.911202
v -0.390988 -0.204393 0.25101
vn -0.0376547 0.445746 0.894367
v -0.424129 -0.290768 0.292664
vn -0.0545599 0.408349 0.911194
v -0.388289 -0.205344 0.251597
vn -0.037707 0.445765 0.894356
v -0.42143 -0.291719 0.293251
vn 0.140572 0.343713 0.928494
v -0.385589 -0.206293 0.252185
vn -0.0376562 0.44575 0.894365
v -0.349749 -0.120869 0.211119
vn -0.0375685 0.445722 0.894383
v -0.313909 -0.0354438 0.170051
vn -0.0377205 0.445773 0.894351
v -0.352449 -0.119919 0.210531
vn -0.0376723 0.445757 0.894361
v -0.38289 -0.207244 0.252772
vn 0.249729 0.323427 0.912705
v -0.34435 -0.122769 0.212292
vn 0.249588 0.323495 0.912719
v -0.34705 -0.12182 0.211705
vn -0.0376 0.445734 0.894375
v -0.305811 -0.0382944 0.171813
vn 0.249541 0.323516 0.912725
v -0.30851 -0.0373449 0.171226
vn -0.037726 0.445771 0.894352
v -0.267271 0.0461804 0.131334
vn 0.355683 0.299099 0.885454
v -0.26997 0.0471298 0.130747
vn -0.0208388 0.482322 0.875746
v -0.27267 0.0480804 0.13016
vn -0.0207402 0.48229 0.875766
v -0.275369 0.0490309 0.129572
vn -0.0207879 0.482301 0.875759
v -0.311209 -0.0363944 0.170639
vn -0.0375997 0.445729 0.894378
v -0.270811 0.041593 0.118391
vn 0.380513 0.833989 -0.39959
v -0.27233 0.044072 0.122119
vn 0.380411 0.834013 -0.399637
v -0.269631 0.0431225 0.122705
vn 0.380519 0.833951 -0.399664
v -0.27385 0.0465509 0.125845
vn 0.380504 0.833959 -0.399661
v -0.27115 0.0456014 0.126432
vn 0.380432 0.834017 -0.39961
v -0.268451 0.0446509 0.12702
vn 0.380554 0.833976 -0.399579
v -0.424971 -0.296305 0.280308
vn -0.38045 -0.833998 0.399632
v -0.423791 -0.294776 0.284622
vn -0.380472 -0.83398 0.399648
v -0.42649 -0.293826 0.284035
vn -0.380483 -0.833968 0.399663
v -0.42261 -0.293248 0.288936
vn -0.380494 -0.833981 0.399624
v -0.42531 -0.292297 0.288349
vn -0.380504 -0.83397 0.399637
v -0.428009 -0.291347 0.287762
vn -0.380525 -0.833953 0.399654
v -0.419181 -0.293252 0.29219
vn 0.495263 0.132316 0.858608
v -0.416933 -0.294786 0.29113
vn 0.495196 0.132358 0.85864
v -0.380642 -0.208778 0.251711
vn 0.512577 0.1695 0.841745
v -0.414684 -0.29632 0.290069
vn 0.495257 0.132319 0.85861
v -0.378393 -0.210312 0.250651
vn 0.512652 0.169451 0.841709
v -0.376144 -0.211846 0.24959
vn 0.512555 0.169516 0.841755
v -0.339853 -0.125838 0.210171
vn 0.512676 0.169434 0.841698
v -0.303562 -0.039828 0.170753
vn 0.512642 0.169459 0.841714
v -0.342102 -0.124303 0.211232
vn 0.512575 0.169502 0.841746
v -0.337605 -0.127371 0.209111
vn 0.512591 0.169492 0.841738
v -0.299065 -0.0428965 0.168632
vn 0.512665 0.169442 0.841703
v -0.260525 0.0415772 0.128152
vn 0.529006 0.206264 0.823169
v -0.262774 0.0431119 0.129213
vn 0.528919 0.206339 0.823206
v -0.265023 0.0446456 0.130273
vn 0.529057 0.206236 0.823144
v -0.301313 -0.0413628 0.169692
vn 0.512599 0.169488 0.841734
v -0.267383 0.0415877 0.121645
vn 0.38051 0.833977 -0.399619
v -0.266203 0.0431172 0.12596
vn 0.380543 0.833966 -0.399609
v -0.263953 0.0415825 0.124899
vn 0.380476 0.834001 -0.399601
v -0.421542 -0.29631 0.283562
vn -0.380426 -0.834016 0.399617
v -0.418113 -0.296315 0.286815
vn -0.380443 -0.834007 0.399619
v -0.420362 -0.294781 0.287876
vn -0.380462 -0.833992 0.399633
v 0.288155 0.0402488 0.101063
vn 0.647382 -0.0324527 -0.761474
v 0.289094 0.0417814 0.103366
vn 0.849365 0.208386 -0.484927
v 0.326706 -0.0442175 0.141549
vn 0.725404 0.00115285 -0.688323
v 0.290033 0.0433141 0.105669
vn 0.849399 0.208454 -0.484838
v 0.327645 -0.0426849 0.143852
vn 0.867107 0.171607 -0.467629
v 0.365257 -0.128684 0.182035
vn 0.725457 0.00120341 -0.688266
v 0.290971 0.0448456 0.107972
vn 0.84944 0.208516 -0.48474
v 0.328584 -0.0411523 0.146155
vn 0.86715 0.171676 -0.467523
v 0.29191 0.0463783 0.110275
vn 0.902337 0.301036 -0.308488
v 0.329522 -0.0396207 0.148459
vn 0.867133 0.171652 -0.467564
v 0.367134 -0.125619 0.186642
vn 0.867118 0.171625 -0.467602
v 0.404746 -0.211618 0.224825
vn 0.867123 0.171635 -0.467589
v 0.366195 -0.127151 0.184339
vn 0.867139 0.171658 -0.46755
v 0.442358 -0.297616 0.263008
vn 0.794356 0.0347836 -0.606456
v 0.403808 -0.21315 0.222522
vn 0.72548 0.00122272 -0.688242
v 0.330461 -0.0380881 0.150762
vn 0.923972 0.325296 -0.201143
v 0.369012 -0.122554 0.191248
vn 0.923977 0.325344 -0.201044
v 0.368073 -0.124087 0.188945
vn 0.867099 0.171598 -0.467647
v 0.407563 -0.207021 0.231734
vn 0.923975 0.325318 -0.201092
v 0.406624 -0.208553 0.229431
vn 0.867097 0.171589 -0.467654
v 0.446113 -0.291487 0.272221
vn 0.933985 0.345464 -0.0912448
v 0.445174 -0.293019 0.269918
vn 0.883111 0.134438 -0.449489
v 0.444235 -0.294552 0.267614
vn 0.88316 0.134509 -0.449373
v 0.443297 -0.296084 0.265311
vn 0.88315 0.134497 -0.449397
v 0.405685 -0.210085 0.227128
vn 0.86712 0.171628 -0.467597
v 0.428643 -0.297639 0.276022
vn 0.380616 -0.833898 0.399682
v 0.432071 -0.297633 0.272768
vn 0.380567 -0.833916 0.399691
v 0.43301 -0.296101 0.275071
vn 0.380591 -0.833898 0.399705
v 0.435501 -0.297628 0.269514
vn 0.380576 -0.833906 0.399704
v 0.436439 -0.296095 0.271818
vn 0.380544 -0.833925 0.399694
v 0.437378 -0.294563 0.274121
vn 0.380544 -0.833897 0.399752
v 0.438929 -0.297622 0.266262
vn 0.380541 -0.833932 0.399682
v 0.439868 -0.29609 0.268565
vn 0.380572 -0.833912 0.399695
v 0.440807 -0.294557 0.270868
vn 0.380581 -0.833918 0.399673
v 0.441746 -0.293025 0.273171
vn 0.38059 -0.833893 0.399717
v 0.27444 0.0402267 0.114076
vn -0.38062 0.833886 -0.399702
v 0.278807 0.0417646 0.113126
vn -0.380584 0.833851 -0.399811
v 0.277869 0.0402319 0.110823
vn -0.380591 0.833872 -0.39976
v 0.283175 0.0433025 0.112175
vn -0.380565 0.833869 -0.39979
v 0.282236 0.0417698 0.109873
vn -0.380592 0.833846 -0.399814
v 0.281297 0.0402372 0.10757
vn -0.380532 0.83396 -0.399633
v 0.287543 0.0448404 0.111226
vn -0.380605 0.833872 -0.399746
v 0.286604 0.0433077 0.108923
vn -0.380631 0.833873 -0.39972
v 0.285665 0.0417751 0.10662
vn -0.380659 0.833891 -0.399656
v 0.284727 0.0402435 0.104316
vn -0.380618 0.833918 -0.399639
v 0.291181 0.0473235 0.112942
vn 0.872649 0.483693 0.0672708
v 0.290451 0.0482688 0.115608
vn 0.872609 0.483745 0.0674088
v 0.329731 -0.0371428 0.153428
vn 0.890386 0.447176 0.0851229
v 0.289721 0.049213 0.118274
vn 0.872591 0.483769 0.0674693
v 0.329002 -0.0361975 0.156094
vn 0.890366 0.447202 0.0851967
v 0.288991 0.0501583 0.120941
vn 0.808187 0.529502 0.257801
v 0.328272 -0.0352533 0.158761
vn 0.890352 0.447221 0.0852463
v 0.367552 -0.120664 0.196581
vn 0.890366 0.447203 0.0851977
v 0.406833 -0.206075 0.234401
vn 0.89037 0.447197 0.08518
v 0.368282 -0.121609 0.193914
vn 0.890372 0.447195 0.0851719
v 0.327542 -0.0343081 0.161427
vn 0.769588 0.525271 0.363077
v 0.366092 -0.118774 0.201913
vn 0.769611 0.525265 0.363037
v 0.366823 -0.11972 0.199247
vn 0.890339 0.447236 0.0852965
v 0.404644 -0.203241 0.2424
vn 0.769606 0.525267 0.363045
v 0.405373 -0.204186 0.239733
vn 0.890369 0.447198 0.0851852
v 0.443194 -0.287707 0.282886
vn 0.721337 0.514423 0.463727
v 0.443924 -0.288652 0.28022
vn 0.90639 0.409757 0.102745
v 0.444653 -0.289597 0.277553
vn 0.906352 0.409804 0.102891
v 0.445384 -0.290542 0.274887
vn 0.90634 0.409819 0.102936
v 0.406103 -0.20513 0.237067
vn 0.890338 0.447237 0.085302
v 0.432281 -0.295156 0.277738
vn 0.380661 -0.833899 0.399637
v 0.436648 -0.293618 0.276787
vn 0.38057 -0.833899 0.399725
v 0.435918 -0.292673 0.279453
vn 0.380602 -0.833923 0.399643
v 0.441015 -0.29208 0.275838
vn 0.380559 -0.833884 0.399765
v 0.440286 -0.291135 0.278504
vn 0.380583 -0.833914 0.39968
v 0.439556 -0.29019 0.28117
vn 0.380596 -0.833904 0.399688
v 0.278077 0.0427098 0.115792
vn -0.380639 0.83394 -0.399573
v 0.281715 0.045192 0.117509
vn -0.380628 0.833923 -0.399619
v 0.282445 0.0442477 0.114843
vn -0.38059 0.833912 -0.399676
v 0.285353 0.0476751 0.119225
vn -0.380642 0.833883 -0.399689
v 0.286083 0.0467309 0.116559
vn -0.380644 0.833905 -0.39964
v 0.286813 0.0457856 0.113892
vn -0.38058 0.833863 -0.399789
v 0.286872 0.0501551 0.122951
vn 0.556158 0.58835 0.586969
v 0.284753 0.0501519 0.124963
vn 0.556061 0.588345 0.587066
v 0.325423 -0.0343112 0.163438
vn 0.573574 0.551916 0.605311
v 0.282633 0.0501477 0.126973
vn 0.556 0.588356 0.587113
v 0.323304 -0.0343154 0.165449
vn 0.573501 0.551916 0.60538
v 0.280514 0.0501446 0.128984
vn 0.400798 0.565497 0.720814
v 0.321185 -0.0343186 0.16746
vn 0.573494 0.551918 0.605385
v 0.361854 -0.118782 0.205935
vn 0.573554 0.551917 0.60533
v 0.402524 -0.203244 0.24441
vn 0.573498 0.551918 0.605382
v 0.363973 -0.118778 0.203924
vn 0.573522 0.551917 0.605359
v 0.319065 -0.0343217 0.16947
vn 0.321261 0.524542 0.788446
v 0.357616 -0.118788 0.209956
vn 0.321266 0.524543 0.788443
v 0.359735 -0.118785 0.207946
vn 0.573517 0.551917 0.605364
v 0.396167 -0.203254 0.250443
vn 0.321278 0.524545 0.788437
v 0.398286 -0.203251 0.248432
vn 0.573538 0.551917 0.605344
v 0.434717 -0.287721 0.290929
vn 0.237719 0.476999 0.846145
v 0.436836 -0.287717 0.288919
vn 0.589842 0.514395 0.622483
v 0.438956 -0.287714 0.286907
vn 0.589827 0.514402 0.622491
v 0.441075 -0.28771 0.284896
vn 0.589836 0.514407 0.622478
v 0.400405 -0.203248 0.246422
vn 0.573543 0.551918 0.605339
v 0.430162 -0.295159 0.279749
vn 0.380564 -0.833914 0.399698
v 0.433799 -0.292676 0.281465
vn 0.380648 -0.8339 0.399648
v 0.431681 -0.29268 0.283475
vn 0.380558 -0.833905 0.399723
v 0.437437 -0.290193 0.283181
vn 0.380607 -0.8339 0.399686
v 0.435318 -0.290197 0.285191
vn 0.380612 -0.833887 0.399708
v 0.433198 -0.2902 0.287203
vn 0.380603 -0.833888 0.399714
v 0.275958 0.0427056 0.117804
vn -0.380685 0.833883 -0.399648
v 0.277477 0.0451856 0.12153
vn -0.380613 0.833891 -0.399699
v 0.279596 0.0451888 0.11952
vn -0.380611 0.833883 -0.399717
v 0.278995 0.0476646 0.125257
vn -0.380686 0.833869 -0.399675
v 0.281115 0.0476688 0.123246
vn -0.380647 0.833884 -0.399681
v 0.283234 0.047672 0.121235
vn -0.380603 0.833858 -0.399778
v 0.277815 0.0491941 0.129571
vn 0.0207 0.482367 0.875724
v 0.275116 0.0482435 0.130159
vn 0.0206984 0.48237 0.875723
v 0.316366 -0.0352723 0.170058
vn 0.0376122 0.445834 0.894325
v 0.272416 0.047293 0.130746
vn 0.0207003 0.482372 0.875722
v 0.313667 -0.0362228 0.170645
vn 0.0376127 0.445834 0.894325
v 0.269717 0.0463425 0.131333
vn -0.164178 0.395327 0.903749
v 0.310968 -0.0371733 0.171232
vn 0.03761 0.445833 0.894326
v 0.352217 -0.120689 0.211131
vn 0.0376126 0.445834 0.894325
v 0.393468 -0.204205 0.25103
vn 0.0376152 0.445835 0.894324
v 0.354916 -0.119739 0.210544
vn 0.0376103 0.445833 0.894326
v 0.308268 -0.0381238 0.17182
vn -0.249772 0.323469 0.912678
v 0.346819 -0.122589 0.212306
vn -0.249704 0.323504 0.912685
v 0.349518 -0.12164 0.211719
vn 0.0376853 0.445862 0.894308
v 0.38537 -0.207055 0.252792
vn -0.249697 0.323506 0.912686
v 0.388069 -0.206105 0.252205
vn 0.037691 0.445863 0.894307
v 0.423921 -0.291522 0.293279
vn -0.33215 0.24759 0.910152
v 0.426619 -0.290572 0.292691
vn 0.0544702 0.408432 0.911162
v 0.429319 -0.289621 0.292104
vn 0.0545185 0.408449 0.911152
v 0.432018 -0.288671 0.291516
vn 0.0544691 0.408438 0.911159
v 0.390768 -0.205155 0.251618
vn 0.0376665 0.445854 0.894313
v 0.427462 -0.296109 0.280336
vn 0.380534 -0.833917 0.39972
v 0.428981 -0.29363 0.284063
vn 0.380526 -0.833923 0.399715
v 0.426282 -0.29458 0.28465
vn 0.380601 -0.833905 0.399681
v 0.430499 -0.29115 0.28779
vn 0.380563 -0.833911 0.399704
v 0.427801 -0.292101 0.288378
vn 0.380568 -0.833908 0.399705
v 0.425102 -0.293051 0.288965
vn 0.380573 -0.833894 0.399732
v 0.273259 0.0417551 0.118391
vn -0.380535 0.833925 -0.399703
v 0.272078 0.0432846 0.122705
vn -0.380582 0.833881 -0.39975
v 0.274777 0.0442351 0.122118
vn -0.380595 0.833889 -0.399721
v 0.270898 0.0448141 0.127019
vn -0.380582 0.833908 -0.399693
v 0.273597 0.0457635 0.126431
vn -0.380502 0.833941 -0.3997
v 0.276296 0.046714 0.125845
vn -0.380596 0.833907 -0.399682
v 0.267469 0.0448077 0.130272
vn -0.529057 0.206259 0.823138
v 0.265221 0.0432741 0.129212
vn -0.528988 0.20631 0.823169
v 0.306019 -0.0396575 0.170759
vn -0.512614 0.169497 0.841723
v 0.262972 0.0417393 0.128151
vn -0.529086 0.20623 0.823126
v 0.303771 -0.0411923 0.169699
vn -0.512689 0.169446 0.841688
v 0.260724 0.0402046 0.127091
vn -0.670788 0.0841154 0.736863
v 0.301523 -0.042727 0.168637
vn -0.512669 0.169459 0.841697
v 0.342322 -0.125659 0.210185
vn -0.512738 0.16941 0.841665
v 0.383122 -0.20859 0.251732
vn -0.512645 0.169475 0.841709
v 0.344571 -0.124124 0.211246
vn -0.512586 0.169517 0.841736
v 0.299274 -0.0442617 0.167578
vn -0.725328 -0.00107576 0.688403
v 0.337825 -0.128727 0.208064
vn -0.725387 -0.00113882 0.688341
v 0.340073 -0.127193 0.209124
vn -0.512644 0.169474 0.841709
v 0.376376 -0.213193 0.24855
vn -0.725358 -0.00110811 0.688371
v 0.378625 -0.211659 0.24961
vn -0.512651 0.169469 0.841706
v 0.414927 -0.29766 0.289036
vn -0.770741 -0.0862509 0.631284
v 0.417175 -0.296125 0.290096
vn -0.495256 0.132344 0.858607
v 0.419424 -0.294591 0.291158
vn -0.495388 0.132241 0.858547
v 0.421672 -0.293056 0.292219
vn -0.495324 0.132292 0.858576
v 0.380873 -0.210125 0.250671
vn -0.512768 0.169389 0.841651
v 0.425213 -0.297644 0.279275
vn 0.38059 -0.833882 0.399741
v 0.424033 -0.296115 0.28359
vn 0.380536 -0.833924 0.399704
v 0.421785 -0.297649 0.282529
vn 0.380585 -0.833876 0.399758
v 0.422853 -0.294585 0.287904
vn 0.380497 -0.833952 0.399682
v 0.420604 -0.29612 0.286843
vn 0.380502 -0.833933 0.399716
v 0.418355 -0.297654 0.285783
vn 0.380629 -0.833841 0.399787
v 0.271011 0.0402214 0.11733
vn -0.380534 0.833957 -0.399637
v 0.267582 0.0402151 0.120584
vn -0.380635 0.833883 -0.399694
v 0.26983 0.0417499 0.121644
vn -0.380545 0.833907 -0.39973
v 0.264152 0.0402099 0.123838
vn -0.380646 0.833825 -0.399805
v 0.266401 0.0417446 0.124898
vn -0.380582 0.833879 -0.399753
v 0.26865 0.0432793 0.125959
vn -0.380566 0.833916 -0.399692
v 0.259785 0.038672 0.124788
vn -0.883116 -0.13444 0.44948
v 0.258846 0.0371393 0.122485
vn -0.883192 -0.134565 0.449293
v 0.298335 -0.0457944 0.165274
vn -0.867149 -0.171682 0.467524
v 0.257908 0.0356078 0.120182
vn -0.883149 -0.134499 0.449398
v 0.297397 -0.0473259 0.162971
vn -0.867147 -0.171679 0.467528
v 0.256969 0.0340751 0.117879
vn -0.92587 -0.249479 0.28377
v 0.296458 -0.0488586 0.160668
vn -0.867089 -0.171576 0.467673
v 0.335948 -0.131792 0.203458
vn -0.867089 -0.171575 0.467674
v 0.375437 -0.214726 0.246247
vn -0.867091 -0.17158 0.467668
v 0.336887 -0.13026 0.205761
vn -0.867144 -0.171673 0.467535
v 0.295519 -0.0503912 0.158365
vn -0.923975 -0.325329 0.201076
v 0.334071 -0.134858 0.19885
vn -0.923976 -0.325361 0.201019
v 0.335009 -0.133325 0.201154
vn -0.867165 -0.171709 0.467484
v 0.372622 -0.219324 0.239336
vn -0.923973 -0.325289 0.201146
v 0.373561 -0.217791 0.24164
vn -0.867166 -0.171711 0.467482
v 0.411172 -0.30379 0.279823
vn -0.910455 -0.397017 0.115972
v 0.412111 -0.302258 0.282126
vn -0.849366 -0.208385 0.484925
v 0.41305 -0.300725 0.284429
vn -0.84946 -0.208556 0.484687
v 0.413988 -0.299192 0.286733
vn -0.849411 -0.208467 0.484811
v 0.374498 -0.216259 0.243944
vn -0.867164 -0.171707 0.467487
v 0.424275 -0.299176 0.276972
vn 0.380605 -0.833862 0.399768
v 0.420846 -0.299182 0.280226
vn 0.380589 -0.833881 0.399743
v 0.419908 -0.300714 0.277922
vn 0.380551 -0.833881 0.39978
v 0.417417 -0.299187 0.28348
vn 0.38059 -0.833881 0.399742
v 0.416478 -0.30072 0.281175
vn 0.380576 -0.833904 0.399707
v 0.415539 -0.302252 0.278872
vn 0.380591 -0.833879 0.399745
v 0.270072 0.0386888 0.115027
vn -0.380618 0.833856 -0.399767
v 0.265705 0.0371509 0.115977
vn -0.380607 0.833841 -0.39981
v 0.266643 0.0386835 0.118281
vn -0.380599 0.833926 -0.399639
v 0.261336 0.035613 0.116928
vn -0.380595 0.833857 -0.399788
v 0.262275 0.0371456 0.119231
vn -0.380601 0.833925 -0.399639
v 0.263214 0.0386772 0.121534
vn -0.380599 0.833926 -0.399639
v 0.257698 0.0331298 0.115212
vn -0.906399 -0.409742 -0.102724
v 0.258428 0.0321846 0.112546
vn -0.906333 -0.409831 -0.102957
v 0.296249 -0.0513365 0.155699
vn -0.890372 -0.447196 -0.0851688
v 0.259158 0.0312404 0.10988
vn -0.906345 -0.409816 -0.102906
v 0.296979 -0.0522817 0.153032
vn -0.890337 -0.447241 -0.0852972
v 0.259888 0.0302951 0.107213
vn -0.831778 -0.477909 -0.282398
v 0.297709 -0.0532259 0.150366
vn -0.89038 -0.447183 -0.0851484
v 0.33553 -0.136748 0.193518
vn -0.890378 -0.447186 -0.085157
v 0.373351 -0.220269 0.23667
vn -0.890398 -0.447161 -0.0850823
v 0.334801 -0.135803 0.196184
vn -0.890387 -0.447176 -0.0851198
v 0.298438 -0.0541712 0.1477
vn -0.769698 -0.525233 -0.362898
v 0.336989 -0.138638 0.188185
vn -0.769598 -0.525269 -0.363058
v 0.33626 -0.137692 0.190851
vn -0.89038 -0.447183 -0.0851483
v 0.375541 -0.223104 0.228671
vn -0.769578 -0.525277 -0.363089
v 0.37481 -0.222159 0.231338
vn -0.890357 -0.447216 -0.0852218
v 0.414091 -0.30757 0.269158
vn -0.69785 -0.565973 -0.438953
v 0.413362 -0.306625 0.271824
vn -0.872615 -0.483737 -0.0673889
v 0.412632 -0.30568 0.27449
vn -0.872598 -0.483762 -0.0674321
v 0.411902 -0.304735 0.277156
vn -0.872612 -0.483743 -0.0673892
v 0.374081 -0.221214 0.234004
vn -0.890361 -0.447209 -0.0852094
v 0.425005 -0.300121 0.274306
vn 0.380619 -0.833903 0.399669
v 0.420637 -0.301659 0.275256
vn 0.380575 -0.833898 0.39972
v 0.421367 -0.302604 0.27259
vn 0.38061 -0.833916 0.39965
v 0.41627 -0.303197 0.276206
vn 0.380566 -0.833882 0.399763
v 0.416999 -0.304142 0.27354
vn 0.380591 -0.833908 0.399685
v 0.417729 -0.305087 0.270873
vn 0.380597 -0.8339 0.399695
v 0.270802 0.0377435 0.112361
vn -0.380621 0.833879 -0.399716
v 0.267164 0.0352604 0.110645
vn -0.380652 0.833921 -0.399599
v 0.266434 0.0362057 0.113311
vn -0.380632 0.833857 -0.399751
v 0.263526 0.0327783 0.108929
vn -0.380632 0.833927 -0.399606
v 0.262796 0.0337225 0.111595
vn -0.380602 0.833928 -0.399633
v 0.262067 0.0346678 0.114262
vn -0.380582 0.833861 -0.399791
v 0.262007 0.0302983 0.105202
vn -0.589959 -0.514398 -0.622369
v 0.264126 0.0303014 0.103191
vn -0.589653 -0.51441 -0.622649
v 0.300557 -0.054168 0.145688
vn -0.57347 -0.551919 -0.605407
v 0.266246 0.0303056 0.101181
vn -0.589861 -0.514401 -0.622459
v 0.302677 -0.0541638 0.143678
vn -0.573422 -0.55192 -0.605452
v 0.268365 0.0303088 0.0991691
vn -0.424461 -0.513948 -0.745446
v 0.304796 -0.0541607 0.141666
vn -0.57365 -0.551915 -0.60524
v 0.341228 -0.13863 0.184164
vn -0.573551 -0.551917 -0.605332
v 0.37766 -0.223101 0.226661
vn -0.573468 -0.551917 -0.60541
v 0.339109 -0.138634 0.186174
vn -0.573394 -0.551919 -0.605479
v 0.306915 -0.0541575 0.139655
vn -0.321309 -0.524551 -0.788421
v 0.345466 -0.138624 0.180142
vn -0.321263 -0.524544 -0.788444
v 0.343347 -0.138627 0.182152
vn -0.5736 -0.551918 -0.605285
v 0.384017 -0.22309 0.220628
vn -0.321268 -0.524543 -0.788442
v 0.381898 -0.223093 0.222639
vn -0.573568 -0.551919 -0.605314
v 0.422568 -0.307556 0.261114
vn -0.214166 -0.528554 -0.82144
v 0.420449 -0.30756 0.263125
vn -0.556129 -0.588351 -0.586995
v 0.41833 -0.307563 0.265136
vn -0.556094 -0.588339 -0.587041
v 0.41621 -0.307567 0.267147
vn -0.555987 -0.588348 -0.587133
v 0.379778 -0.223096 0.22465
vn -0.573493 -0.551918 -0.605385
v 0.427124 -0.300118 0.272295
vn 0.380635 -0.833893 0.399674
v 0.423486 -0.302601 0.270579
vn 0.380617 -0.833907 0.399662
v 0.425605 -0.302598 0.268568
vn 0.380593 -0.833895 0.39971
v 0.419848 -0.305084 0.268863
vn 0.380609 -0.833882 0.399722
v 0.421967 -0.30508 0.266852
vn 0.380609 -0.83387 0.399746
v 0.424087 -0.305077 0.264842
vn 0.380643 -0.833879 0.399696
v 0.272921 0.0377467 0.11035
vn -0.380545 0.83392 -0.399703
v 0.271403 0.0352678 0.106623
vn -0.380605 0.833922 -0.399642
v 0.269283 0.0352646 0.108634
vn -0.38059 0.833924 -0.399653
v 0.269884 0.0327888 0.102896
vn -0.380661 0.833887 -0.399662
v 0.267764 0.0327846 0.104907
vn -0.380618 0.833883 -0.399711
v 0.265645 0.0327814 0.106918
vn -0.380615 0.833896 -0.399686
v 0.271064 0.0312593 0.0985817
vn -0.0543612 -0.408384 -0.91119
v 0.273763 0.0322098 0.0979954
vn -0.0542275 -0.408352 -0.911213
v 0.309614 -0.053207 0.139068
vn -0.037453 -0.445778 -0.89436
v 0.276463 0.0331604 0.0974081
vn -0.0544487 -0.408422 -0.911168
v 0.312314 -0.0522565 0.138482
vn -0.0374545 -0.445778 -0.89436
v 0.279162 0.0341109 0.0968207
vn 0.140655 -0.343765 -0.928462
v 0.315013 -0.0513059 0.137894
vn -0.0376733 -0.445852 -0.894314
v 0.350865 -0.136723 0.178968
vn -0.037623 -0.445833 -0.894325
v 0.386716 -0.22214 0.220041
vn -0.0375708 -0.445817 -0.894335
v 0.348166 -0.137673 0.179554
vn -0.0374536 -0.445778 -0.89436
v 0.317712 -0.0503554 0.137307
vn 0.249735 -0.323479 -0.912685
v 0.356264 -0.134822 0.177792
vn 0.249773 -0.323462 -0.91268
v 0.353564 -0.135772 0.17838
vn -0.0377083 -0.445862 -0.894307
v 0.394814 -0.219288 0.218279
vn 0.249847 -0.32343 -0.912672
v 0.392115 -0.220239 0.218866
vn -0.0376052 -0.445831 -0.894327
v 0.433365 -0.303754 0.258765
vn 0.355882 -0.29903 -0.885398
v 0.430666 -0.304705 0.259352
vn -0.0207072 -0.482372 -0.875722
v 0.427967 -0.305655 0.25994
vn -0.0206904 -0.482357 -0.87573
v 0.425267 -0.306606 0.260527
vn -0.0206952 -0.482369 -0.875724
v 0.389415 -0.221189 0.219453
vn -0.0376572 -0.445847 -0.894317
v 0.429823 -0.299168 0.271707
vn 0.380638 -0.83388 0.399698
v 0.428305 -0.301647 0.267981
vn 0.380639 -0.833893 0.39967
v 0.431004 -0.300696 0.267393
vn 0.3806 -0.833906 0.399681
v 0.426786 -0.304126 0.264253
vn 0.38066 -0.833875 0.399687
v 0.429485 -0.303176 0.263666
vn 0.380619 -0.83389 0.399695
v 0.432185 -0.302225 0.263079
vn 0.380587 -0.833899 0.399709
v 0.275621 0.0386972 0.109763
vn -0.380632 0.833891 -0.399682
v 0.276801 0.0371688 0.105449
vn -0.380595 0.833888 -0.399722
v 0.274102 0.0362183 0.106035
vn -0.380542 0.833949 -0.399647
v 0.277982 0.0356393 0.101134
vn -0.380597 0.833915 -0.399665
v 0.275282 0.0346888 0.101722
vn -0.380481 0.833939 -0.399725
v 0.272583 0.0337393 0.102309
vn -0.380545 0.833925 -0.399693
v 0.28141 0.0356456 0.0978817
vn 0.495245 -0.132349 -0.858613
v 0.283658 0.0371793 0.0989417
vn 0.495224 -0.132363 -0.858623
v 0.319961 -0.0488207 0.138367
vn 0.512649 -0.169465 -0.841708
v 0.285907 0.0387141 0.100002
vn 0.495254 -0.132341 -0.858609
v 0.322209 -0.047287 0.139428
vn 0.512611 -0.169492 -0.841726
v 0.324457 -0.0457523 0.140488
vn 0.512708 -0.169428 -0.84168
v 0.360761 -0.131753 0.179913
vn 0.512612 -0.169491 -0.841725
v 0.397063 -0.217753 0.21934
vn 0.512652 -0.169471 -0.841706
v 0.358512 -0.133287 0.178853
vn 0.512687 -0.169442 -0.84169
v 0.363009 -0.130219 0.180974
vn 0.512789 -0.169374 -0.841641
v 0.401559 -0.214685 0.221461
vn 0.512794 -0.169374 -0.841638
v 0.44011 -0.299151 0.261947
vn 0.529158 -0.206191 -0.82309
v 0.437862 -0.300685 0.260886
vn 0.529077 -0.206245 -0.823128
v 0.435613 -0.30222 0.259826
vn 0.528984 -0.206299 -0.823174
v 0.399311 -0.21622 0.2204
vn 0.512655 -0.169468 -0.841704
v 0.433252 -0.299162 0.268454
vn 0.380565 -0.833917 0.399691
v 0.434432 -0.300691 0.26414
vn 0.380597 -0.833905 0.399685
v 0.436681 -0.299156 0.265201
vn 0.38056 -0.833933 0.399662
v 0.279049 0.0387035 0.106509
vn -0.380596 0.833909 -0.399677
v 0.282478 0.0387088 0.103255
vn -0.3806 0.833892 -0.39971
v 0.28023 0.0371741 0.102195
vn -0.38061 0.833874 -0.399737
v 0.239623 0.0141614 -0.0266498
vn 0.232762 0.972207 -0.0252103
v 0.228197 0.0141614 0.00851333
vn 0.15741 0.986208 0.0511463
v 0.239623 0.00461299 -0.0266498
vn 1 0 1.77921e-07
v 0.216772 0.0141614 0.0436754
vn 0.157412 0.986208 0.0511473
v 0.228197 0.00461299 0.00851333
vn 0.951055 0 0.309022
v 0.239623 -0.00493542 -0.0266498
vn 1 0 0
v 0.205347 0.0141614 0.0788386
vn 0.157413 0.986208 0.0511472
v 0.216772 0.00461299 0.0436754
vn 0.951055 0 0.309022
v 0.193922 0.0141614 0.114001
vn 0.203131 0.972205 0.116423
v 0.205347 0.00461299 0.0788386
vn 0.951055 0 0.309023
v 0.216772 -0.00493542 0.0436754
vn 0.951055 0 0.309022
v 0.228197 -0.0144838 0.00851333
vn 0.951055 0 0.309022
v 0.228197 -0.00493542 0.00851333
vn 0.951055 0 0.309022
v 0.239623 -0.0240322 -0.0266498
vn 0.232763 -0.972207 0.0252102
v 0.239623 -0.0144838 -0.0266498
vn 1 0 1.34551e-17
v 0.193922 0.00461299 0.114001
vn 0.809016 0 0.587787
v 0.193922 -0.00493542 0.114001
vn 0.809016 0 0.587787
v 0.205347 -0.00493542 0.0788386
vn 0.951055 0 0.309023
v 0.193922 -0.0144838 0.114001
vn 0.809016 0 0.587787
v 0.205347 -0.0144838 0.0788386
vn 0.951055 0 0.309023
v 0.193922 -0.0240322 0.114001
vn 0.173495 -0.972206 0.157213
v 0.205347 -0.0240322 0.0788386
vn 0.15741 -0.986208 0.0511471
v 0.216772 -0.0240322 0.0436754
vn 0.157413 -0.986207 0.0511472
v 0.228197 -0.0240322 0.00851333
vn 0.157408 -0.986208 0.0511461
v 0.216772 -0.0144838 0.0436754
vn 0.951055 0 0.309022
v 0.000332124 -0.0240322 -0.0266498
vn 0 -1 0
v 0.0601542 -0.0240322 -0.0266498
vn 0 -1 0
v 0.04873 -0.0240322 0.00851333
vn 0 -1 0
v 0.119977 -0.0240322 -0.0266498
vn 0 -1 0
v 0.108552 -0.0240322 0.00851333
vn 0 -1 0
v 0.0971269 -0.0240322 0.0436754
vn 0 -1 0
v 0.1798 -0.0240322 -0.0266498
vn 0 -1 0
v 0.168374 -0.0240322 0.00851333
vn 0 -1 0
v 0.15695 -0.0240322 0.0436754
vn 0 -1 0
v 0.145525 -0.0240322 0.0788386
vn 0 -1 0
v 0.000332124 0.0141614 -0.0266498
vn 0 1 0
v 0.04873 0.0141614 0.00851333
vn 0 1 0
v 0.0601542 0.0141614 -0.0266498
vn 0 1 0
v 0.0971269 0.0141614 0.0436754
vn 0 1 0
v 0.108552 0.0141614 0.00851333
vn 0 1 0
v 0.119977 0.0141614 -0.0266498
vn 0 1 0
v 0.145525 0.0141614 0.0788386
vn 0 1 0
v 0.15695 0.0141614 0.0436754
vn 0 1 0
v 0.168374 0.0141614 0.00851333
vn 0 1 0
v 0.1798 0.0141614 -0.0266498
vn 0 1 0
v 0.164011 0.0141614 0.135732
vn 0.0972868 0.986208 0.133901
v 0.134099 0.0141614 0.157465
vn 0.0972884 0.986207 0.133903
v 0.164011 0.00461299 0.135732
vn 0.587793 0 0.809011
v 0.104189 0.0141614 0.179196
vn 0.0972846 0.986208 0.133901
v 0.134099 0.00461299 0.157465
vn 0.587793 0 0.809011
v 0.0742774 0.0141614 0.200928
vn 0.0959027 0.972206 0.213582
v 0.104189 0.00461299 0.179196
vn 0.587784 0 0.809018
v 0.134099 -0.00493542 0.157465
vn 0.587793 0 0.809011
v 0.164011 -0.0144838 0.135732
vn 0.587793 0 0.809011
v 0.164011 -0.00493542 0.135732
vn 0.587793 0 0.809011
v 0.0742774 0.00461299 0.200928
vn 0.309012 0 0.951058
v 0.0742774 -0.00493542 0.200928
vn 0.309012 0 0.951058
v 0.104189 -0.00493542 0.179196
vn 0.587784 0 0.809018
v 0.0742774 -0.0144838 0.200928
vn 0.309012 0 0.951058
v 0.104189 -0.0144838 0.179196
vn 0.587784 0 0.809018
v 0.0742774 -0.0240322 0.200928
vn 0.0479512 -0.972206 0.229162
v 0.104189 -0.0240322 0.179196
vn 0.0972843 -0.986208 0.133902
v 0.134099 -0.0240322 0.157465
vn 0.0972864 -0.986208 0.133901
v 0.164011 -0.0240322 0.135732
vn 0.0972881 -0.986207 0.133902
v 0.134099 -0.0144838 0.157465
vn 0.587793 0 0.809011
v 0.0188184 -0.0240322 0.0302449
vn 0 -1 0
v 0.0672163 -0.0240322 0.065407
vn 0 -1 0
v 0.0373048 -0.0240322 0.0871396
vn 0 -1 0
v 0.115613 -0.0240322 0.10057
vn 0 -1 0
v 0.0857027 -0.0240322 0.122302
vn 0 -1 0
v 0.0557911 -0.0240322 0.144033
vn 0 -1 0
v 0.0188184 0.0141614 0.0302449
vn 0 1 0
v 0.0373048 0.0141614 0.0871396
vn 0 1 0
v 0.0672163 0.0141614 0.065407
vn 0 1 0
v 0.0557911 0.0141614 0.144033
vn 0 1 0
v 0.0857027 0.0141614 0.122302
vn 0 1 0
v 0.115613 0.0141614 0.10057
vn 0 1 0
v 0.0373048 0.0141614 0.200928
vn 0 0.986208 0.165512
v 0.000333159 0.0141614 0.200928
vn 0 0.986208 0.165512
v 0.0373048 0.00461299 0.200928
vn 0 0 1
v -0.0366394 0.0141614 0.200928
vn 0 0.986208 0.165512
v 0.000333159 0.00461299 0.200928
vn 0 0 1
v -0.0736121 0.0141614 0.200928
vn -0.0479513 0.972206 0.229163
v -0.0366394 0.00461299 0.200928
vn 0 0 1
v 0.000333159 -0.00493542 0.200928
vn 0 0 1
v 0.0373048 -0.0144838 0.200928
vn 0 0 1
v 0.0373048 -0.00493542 0.200928
vn 0 0 1
v -0.0736121 0.00461299 0.200928
vn -0.309012 0 0.951058
v -0.0736121 -0.00493542 0.200928
vn -0.309012 0 0.951058
v -0.0366394 -0.00493542 0.200928
vn 0 0 1
v -0.0736121 -0.0144838 0.200928
vn -0.309012 0 0.951058
v -0.0366394 -0.0144838 0.200928
vn 0 0 1
v -0.0736121 -0.0240322 0.200928
vn -0.0959023 -0.972207 0.213582
v -0.0366394 -0.0240322 0.200928
vn 0 -0.986208 0.165511
v 0.000333159 -0.0240322 0.200928
vn 0 -0.986208 0.165513
v 0.0373048 -0.0240322 0.200928
vn 0 -0.986208 0.16551
v 0.000333159 -0.0144838 0.200928
vn 0 0 1
v -0.0181542 -0.0240322 0.0302449
vn 0 -1 0
v 0.000332124 -0.0240322 0.0871396
vn 0 -1 0
v -0.0366394 -0.0240322 0.0871396
vn 0 -1 0
v 0.0188184 -0.0240322 0.144033
vn 0 -1 0
v -0.0181532 -0.0240322 0.144033
vn 0 -1 0
v -0.0551258 -0.0240322 0.144033
vn 0 -1 0
v -0.0181542 0.0141614 0.0302449
vn 0 1 0
v -0.0366394 0.0141614 0.0871396
vn 0 1 0
v 0.000332124 0.0141614 0.0871396
vn 0 1 0
v -0.0551258 0.0141614 0.144033
vn 0 1 0
v -0.0181532 0.0141614 0.144033
vn 0 1 0
v 0.0188184 0.0141614 0.144033
vn 0 1 0
v -0.103524 0.0141614 0.179196
vn -0.0972846 0.986208 0.133902
v -0.133434 0.0141614 0.157465
vn -0.0972865 0.986208 0.133901
v -0.103524 0.00461299 0.179196
vn -0.587784 0 0.809018
v -0.163346 0.0141614 0.135732
vn -0.0972885 0.986207 0.133905
v -0.133434 0.00461299 0.157465
vn -0.587793 0 0.809011
v -0.193257 0.0141614 0.114001
vn -0.173494 0.972205 0.157216
v -0.163346 0.00461299 0.135732
vn -0.587786 0 0.809016
v -0.133434 -0.00493542 0.157465
vn -0.587793 0 0.809011
v -0.103524 -0.0144838 0.179196
vn -0.587784 0 0.809018
v -0.103524 -0.00493542 0.179196
vn -0.587784 0 0.809018
v -0.193257 0.00461299 0.114001
vn -0.809009 0 0.587796
v -0.193257 -0.00493542 0.114001
vn -0.809009 0 0.587797
v -0.163346 -0.00493542 0.135732
vn -0.587786 0 0.809016
v -0.193257 -0.0144838 0.114001
vn -0.809009 0 0.587797
v -0.163346 -0.0144838 0.135732
vn -0.587786 0 0.809016
v -0.193257 -0.0240322 0.114001
vn -0.203129 -0.972206 0.116424
v -0.163346 -0.0240322 0.135732
vn -0.0972866 -0.986207 0.133904
v -0.133434 -0.0240322 0.157465
vn -0.0972878 -0.986208 0.133902
v -0.103524 -0.0240322 0.179196
vn -0.0972842 -0.986208 0.1339
v -0.133434 -0.0144838 0.157465
vn -0.587793 0 0.809011
v -0.0480647 -0.0240322 0.00851333
vn 0 -1 0
v -0.066551 -0.0240322 0.065407
vn 0 -1 0
v -0.0964626 -0.0240322 0.0436754
vn 0 -1 0
v -0.0850373 -0.0240322 0.122302
vn 0 -1 0
v -0.114949 -0.0240322 0.10057
vn 0 -1 0
v -0.144861 -0.0240322 0.0788386
vn 0 -1 0
v -0.0480647 0.0141614 0.00851333
vn 0 1 0
v -0.0964626 0.0141614 0.0436754
vn 0 1 0
v -0.066551 0.0141614 0.065407
vn 0 1 0
v -0.144861 0.0141614 0.0788386
vn 0 1 0
v -0.114949 0.0141614 0.10057
vn 0 1 0
v -0.0850373 0.0141614 0.122302
vn 0 1 0
v -0.204683 0.0141614 0.0788386
vn -0.15741 0.986208 0.0511469
v -0.216108 0.0141614 0.0436754
vn -0.157412 0.986208 0.0511455
v -0.204683 0.00461299 0.0788386
vn -0.951055 0 0.309023
v -0.227532 0.0141614 0.00851333
vn -0.157411 0.986208 0.0511441
v -0.216108 0.00461299 0.0436754
vn -0.951059 0 0.30901
v -0.238957 0.0141614 -0.0266498
vn -0.232768 0.972206 0.0252107
v -0.227532 0.00461299 0.00851333
vn -0.951059 0 0.30901
v -0.216108 -0.00493542 0.0436754
vn -0.951059 0 0.30901
v -0.204683 -0.0144838 0.0788386
vn -0.951055 0 0.309023
v -0.204683 -0.00493542 0.0788386
vn -0.951055 0 0.309023
v -0.238957 0.00461299 -0.0266498
vn -1 0 -1.77921e-07
v -0.238957 -0.00493542 -0.0266498
vn -1 0 0
v -0.227532 -0.00493542 0.00851333
vn -0.951059 0 0.30901
v -0.238957 -0.0144838 -0.0266498
vn -1 0 0
v -0.227532 -0.0144838 0.00851333
vn -0.951059 0 0.30901
v -0.238957 -0.0240322 -0.0266498
vn -0.232765 -0.972206 -0.0252106
v -0.227532 -0.0240322 0.00851333
vn -0.157412 -0.986208 0.0511455
v -0.216108 -0.0240322 0.0436754
vn -0.15741 -0.986208 0.0511438
v -0.204683 -0.0240322 0.0788386
vn -0.157411 -0.986208 0.0511467
v -0.216108 -0.0144838 0.0436754
vn -0.951059 0 0.30901
v -0.05949 -0.0240322 -0.0266498
vn 0 -1 0
v -0.107888 -0.0240322 0.00851333
vn 0 -1 0
v -0.119312 -0.0240322 -0.0266498
vn 0 -1 0
v -0.156285 -0.0240322 0.0436754
vn 0 -1 0
v -0.16771 -0.0240322 0.00851333
vn 0 -1 0
v -0.179135 -0.0240322 -0.0266498
vn 0 -1 0
v -0.05949 0.0141614 -0.0266498
vn 0 1 0
v -0.119312 0.0141614 -0.0266498
vn 0 1 0
v -0.107888 0.0141614 0.00851333
vn 0 1 0
v -0.179135 0.0141614 -0.0266498
vn 0 1 0
v -0.16771 0.0141614 0.00851333
vn 0 1 0
v -0.156285 0.0141614 0.0436754
vn 0 1 0
v -0.227532 0.0141614 -0.0618119
vn -0.157413 0.986208 -0.0511462
v -0.216108 0.0141614 -0.0969751
vn -0.157411 0.986208 -0.0511435
v -0.227532 0.00461299 -0.0618119
vn -0.951059 0 -0.30901
v -0.204683 0.0141614 -0.132137
vn -0.157412 0.986208 -0.0511474
v -0.216108 0.00461299 -0.0969751
vn -0.951059 0 -0.30901
v -0.193257 0.0141614 -0.1673
vn -0.20313 0.972206 -0.116422
v -0.204683 0.00461299 -0.132137
vn -0.951055 0 -0.309023
v -0.216108 -0.00493542 -0.0969751
vn -0.951059 0 -0.30901
v -0.227532 -0.0144838 -0.0618119
vn -0.951059 0 -0.30901
v -0.227532 -0.00493542 -0.0618119
vn -0.951059 0 -0.30901
v -0.193257 0.00461299 -0.1673
vn -0.809014 0 -0.587789
v -0.193257 -0.00493542 -0.1673
vn -0.809014 0 -0.587789
v -0.204683 -0.00493542 -0.132137
vn -0.951055 0 -0.309023
v -0.193257 -0.0144838 -0.1673
vn -0.809014 0 -0.587789
v -0.204683 -0.0144838 -0.132137
vn -0.951055 0 -0.309023
v -0.193257 -0.0240322 -0.1673
vn -0.173492 -0.972206 -0.157212
v -0.204683 -0.0240322 -0.132137
vn -0.157413 -0.986207 -0.0511473
v -0.216108 -0.0240322 -0.0969751
vn -0.157409 -0.986208 -0.0511449
v -0.227532 -0.0240322 -0.0618119
vn -0.157414 -0.986207 -0.0511444
v -0.216108 -0.0144838 -0.0969751
vn -0.951059 0 -0.30901
v -0.0480647 -0.0240322 -0.0618119
vn 0 -1 0
v -0.107888 -0.0240322 -0.0618119
vn 0 -1 0
v -0.0964626 -0.0240322 -0.0969751
vn 0 -1 0
v -0.16771 -0.0240322 -0.0618119
vn 0 -1 0
v -0.156285 -0.0240322 -0.0969751
vn 0 -1 0
v -0.144861 -0.0240322 -0.132137
vn 0 -1 0
v -0.0480647 0.0141614 -0.0618119
vn 0 1 0
v -0.0964626 0.0141614 -0.0969751
vn 0 1 0
v -0.107888 0.0141614 -0.0618119
vn 0 1 0
v -0.144861 0.0141614 -0.132137
vn 0 1 0
v -0.156285 0.0141614 -0.0969751
vn 0 1 0
v -0.16771 0.0141614 -0.0618119
vn 0 1 0
v -0.163346 0.0141614 -0.189032
vn -0.0972849 0.986208 -0.133904
v -0.133434 0.0141614 -0.210764
vn -0.0972875 0.986207 -0.133904
v -0.163346 0.00461299 -0.189032
vn -0.587777 0 -0.809023
v -0.103524 0.0141614 -0.232496
vn -0.0972874 0.986208 -0.1339
v -0.133434 0.00461299 -0.210764
vn -0.587793 0 -0.809011
v -0.0736121 0.0141614 -0.254228
vn -0.0959025 0.972206 -0.213582
v -0.103524 0.00461299 -0.232496
vn -0.587793 0 -0.809011
v -0.133434 -0.00493542 -0.210764
vn -0.587793 0 -0.809011
v -0.163346 -0.0144838 -0.189032
vn -0.587777 0 -0.809023
v -0.163346 -0.00493542 -0.189032
vn -0.587777 0 -0.809023
v -0.0736121 0.00461299 -0.254228
vn -0.309011 0 -0.951058
v -0.0736121 -0.00493542 -0.254228
vn -0.309011 0 -0.951058
v -0.103524 -0.00493542 -0.232496
vn -0.587793 0 -0.809011
v -0.0736121 -0.0144838 -0.254228
vn -0.309011 0 -0.951058
v -0.103524 -0.0144838 -0.232496
vn -0.587793 0 -0.809011
v -0.0736121 -0.0240322 -0.254228
vn -0.0479511 -0.972207 -0.229162
v -0.103524 -0.0240322 -0.232496
vn -0.0972855 -0.986208 -0.133901
v -0.133434 -0.0240322 -0.210764
vn -0.0972888 -0.986207 -0.133902
v -0.163346 -0.0240322 -0.189032
vn -0.0972845 -0.986208 -0.133903
v -0.133434 -0.0144838 -0.210764
vn -0.587793 0 -0.809011
v -0.0181542 -0.0240322 -0.0835446
vn 0 -1 0
v -0.066551 -0.0240322 -0.118707
vn 0 -1 0
v -0.0366394 -0.0240322 -0.140438
vn 0 -1 0
v -0.114949 -0.0240322 -0.15387
vn 0 -1 0
v -0.0850373 -0.0240322 -0.175601
vn 0 -1 0
v -0.0551258 -0.0240322 -0.197333
vn 0 -1 0
v -0.0181542 0.0141614 -0.0835446
vn 0 1 0
v -0.0366394 0.0141614 -0.140438
vn 0 1 0
v -0.066551 0.0141614 -0.118707
vn 0 1 0
v -0.0551258 0.0141614 -0.197333
vn 0 1 0
v -0.0850373 0.0141614 -0.175601
vn 0 1 0
v -0.114949 0.0141614 -0.15387
vn 0 1 0
v -0.0366394 0.0141614 -0.254228
vn 0 0.986208 -0.165512
v 0.000333159 0.0141614 -0.254228
vn 0 0.986208 -0.165513
v -0.0366394 0.00461299 -0.254228
vn 0 0 -1
v 0.0373048 0.0141614 -0.254228
vn 0 0.986208 -0.16551
v 0.000333159 0.00461299 -0.254228
vn 0 0 -1
v 0.0742774 0.0141614 -0.254228
vn 0.0479512 0.972206 -0.229163
v 0.0373048 0.00461299 -0.254228
vn 0 0 -1
v 0.000333159 -0.00493542 -0.254228
vn 0 0 -1
v -0.0366394 -0.0144838 -0.254228
vn 0 0 -1
v -0.0366394 -0.00493542 -0.254228
vn 0 0 -1
v 0.0742774 0.00461299 -0.254228
vn 0.309012 0 -0.951058
v 0.0742774 -0.00493542 -0.254228
vn 0.309012 0 -0.951058
v 0.0373048 -0.00493542 -0.254228
vn 0 0 -1
v 0.0742774 -0.0144838 -0.254228
vn 0.309012 0 -0.951058
v 0.0373048 -0.0144838 -0.254228
vn 0 0 -1
v 0.0742774 -0.0240322 -0.254228
vn 0.0959022 -0.972207 -0.213582
v 0.0373048 -0.0240322 -0.254228
vn 0 -0.986208 -0.165511
v 0.000333159 -0.0240322 -0.254228
vn 0 -0.986208 -0.165511
v -0.0366394 -0.0240322 -0.254228
vn 0 -0.986208 -0.165511
v 0.000333159 -0.0144838 -0.254228
vn 0 0 -1
v 0.0188184 -0.0240322 -0.0835446
vn 0 -1 0
v 0.000332124 -0.0240322 -0.140438
vn 0 -1 0
v 0.0373048 -0.0240322 -0.140438
vn 0 -1 0
v -0.0181532 -0.0240322 -0.197333
vn 0 -1 0
v 0.0188184 -0.0240322 -0.197333
vn 0 -1 0
v 0.0557911 -0.0240322 -0.197333
vn 0 -1 0
v 0.0188184 0.0141614 -0.0835446
vn 0 1 0
v 0.0373048 0.0141614 -0.140438
vn 0 1 0
v 0.000332124 0.0141614 -0.140438
vn 0 1 0
v 0.0557911 0.0141614 -0.197333
vn 0 1 0
v 0.0188184 0.0141614 -0.197333
vn 0 1 0
v -0.0181532 0.0141614 -0.197333
vn 0 1 0
v 0.104189 0.0141614 -0.232496
vn 0.0972858 0.986208 -0.133901
v 0.134099 0.0141614 -0.210764
vn 0.0972893 0.986207 -0.133903
v 0.104189 0.00461299 -0.232496
vn 0.587793 0 -0.809011
v 0.164011 0.0141614 -0.189032
vn 0.0972847 0.986208 -0.133902
v 0.134099 0.00461299 -0.210764
vn 0.587793 0 -0.809011
v 0.193922 0.0141614 -0.1673
vn 0.173494 0.972206 -0.157209
v 0.164011 0.00461299 -0.189032
vn 0.587784 0 -0.809018
v 0.134099 -0.00493542 -0.210764
vn 0.587793 0 -0.809011
v 0.104189 -0.0144838 -0.232496
vn 0.587793 0 -0.809011
v 0.104189 -0.00493542 -0.232496
vn 0.587793 0 -0.809011
v 0.193922 0.00461299 -0.1673
vn 0.809021 0 -0.587779
v 0.193922 -0.00493542 -0.1673
vn 0.809021 0 -0.587779
v 0.164011 -0.00493542 -0.189032
vn 0.587784 0 -0.809018
v 0.193922 -0.0144838 -0.1673
vn 0.809021 0 -0.587779
v 0.164011 -0.0144838 -0.189032
vn 0.587784 0 -0.809018
v 0.193922 -0.0240322 -0.1673
vn 0.203131 -0.972206 -0.11642
v 0.164011 -0.0240322 -0.189032
vn 0.0972845 -0.986208 -0.1339
v 0.134099 -0.0240322 -0.210764
vn 0.0972874 -0.986207 -0.133904
v 0.104189 -0.0240322 -0.232496
vn 0.0972871 -0.986208 -0.1339
v 0.134099 -0.0144838 -0.210764
vn 0.587793 0 -0.809011
v 0.04873 -0.0240322 -0.0618119
vn 0 -1 0
v 0.0672163 -0.0240322 -0.118707
vn 0 -1 0
v 0.0971269 -0.0240322 -0.0969751
vn 0 -1 0
v 0.0857027 -0.0240322 -0.175601
vn 0 -1 0
v 0.115613 -0.0240322 -0.15387
vn 0 -1 0
v 0.145525 -0.0240322 -0.132137
vn 0 -1 0
v 0.04873 0.0141614 -0.0618119
vn 0 1 0
v 0.0971269 0.0141614 -0.0969751
vn 0 1 0
v 0.0672163 0.0141614 -0.118707
vn 0 1 0
v 0.145525 0.0141614 -0.132137
vn 0 1 0
v 0.115613 0.0141614 -0.15387
vn 0 1 0
v 0.0857027 0.0141614 -0.175601
vn 0 1 0
v 0.205347 0.0141614 -0.132137
vn 0.157414 0.986207 -0.0511477
v 0.216772 0.0141614 -0.0969751
vn 0.15741 0.986208 -0.0511469
v 0.205347 0.00461299 -0.132137
vn 0.951055 0 -0.309023
v 0.228197 0.0141614 -0.0618119
vn 0.157411 0.986208 -0.0511467
v 0.216772 0.00461299 -0.0969751
vn 0.951055 0 -0.309022
v 0.228197 0.00461299 -0.0618119
vn 0.951055 0 -0.309022
v 0.216772 -0.00493542 -0.0969751
vn 0.951055 0 -0.309022
v 0.205347 -0.0144838 -0.132137
vn 0.951055 0 -0.309023
v 0.205347 -0.00493542 -0.132137
vn 0.951055 0 -0.309023
v 0.228197 -0.00493542 -0.0618119
vn 0.951055 0 -0.309022
v 0.228197 -0.0144838 -0.0618119
vn 0.951055 0 -0.309022
v 0.228197 -0.0240322 -0.0618119
vn 0.157409 -0.986208 -0.0511467
v 0.216772 -0.0240322 -0.0969751
vn 0.157411 -0.986208 -0.0511466
v 0.205347 -0.0240322 -0.132137
vn 0.157412 -0.986208 -0.0511476
v 0.216772 -0.0144838 -0.0969751
vn 0.951055 0 -0.309022
v 0.108552 -0.0240322 -0.0618119
vn 0 -1 0
v 0.15695 -0.0240322 -0.0969751
vn 0 -1 0
v 0.168374 -0.0240322 -0.0618119
vn 0 -1 0
v 0.108552 0.0141614 -0.0618119
vn 0 1 0
v 0.168374 0.0141614 -0.0618119
vn 0 1 0
v 0.15695 0.0141614 -0.0969751
vn 0 1 0
v -0.161095 -0.210619 0.0396754
vn -0.0518502 -0.990495 -0.1274
v -0.161095 -0.202022 0.0396754
vn -0.376964 0 -0.926228
v -0.0789826 -0.210619 0.0396754
vn 0 -0.968469 -0.249132
v -0.161095 -0.193426 0.0396754
vn -0.376964 0 -0.926228
v -0.0789826 -0.202022 0.0396754
vn 0 0 -1
v 0.00313106 -0.210619 0.0396754
vn 0 -0.968469 -0.249133
v -0.161095 -0.18483 0.0396754
vn -0.376964 0 -0.926228
v -0.0789826 -0.193426 0.0396754
vn 0 0 -1
v -0.161095 -0.176233 0.0396754
vn -0.100877 0.963529 -0.247863
v -0.0789826 -0.18483 0.0396754
vn 0 0 -1
v 0.00313106 -0.193426 0.0396754
vn 0 0 -1
v 0.0852448 -0.202022 0.0396754
vn 0 0 -1
v 0.00313106 -0.202022 0.0396754
vn 0 0 -1
v 0.167357 -0.210619 0.0396754
vn 0.183048 -0.87419 -0.449761
v 0.0852448 -0.210619 0.0396754
vn 0 -0.968469 -0.249134
v 0.167357 -0.202022 0.0396754
vn 0.376965 0 -0.926228
v 0.0852448 -0.193426 0.0396754
vn 0 0 -1
v 0.167357 -0.193426 0.0396754
vn 0.376965 0 -0.926228
v 0.00313106 -0.18483 0.0396754
vn 0 0 -1
v -0.0789826 -0.176233 0.0396754
vn 0 0.968469 -0.249133
v 0.00313106 -0.176233 0.0396754
vn 0 0.968469 -0.249133
v 0.0852448 -0.176233 0.0396754
vn 0 0.968469 -0.249133
v 0.0852448 -0.18483 0.0396754
vn 0 0 -1
v 0.167357 -0.176233 0.0396754
vn 0.100877 0.963529 -0.247863
v 0.167357 -0.18483 0.0396754
vn 0.376965 0 -0.926228
v -0.0789826 -0.210619 0.0730943
vn 0 -1 0
v -0.161095 -0.210619 0.0730943
vn -0.104126 -0.994564 0
v 0.00313106 -0.210619 0.106513
vn 0 -1 0
v -0.0789826 -0.210619 0.106513
vn 0 -1 0
v -0.161095 -0.210619 0.106513
vn -0.104125 -0.994564 0
v 0.0852448 -0.210619 0.139933
vn 0 -1 0
v 0.00313106 -0.210619 0.139933
vn 0 -1 0
v 0.167357 -0.210619 0.173352
vn 0.0506322 -0.967227 0.248814
v 0.0852448 -0.210619 0.173352
vn 0 -0.968469 0.249133
v 0.00313106 -0.210619 0.173352
vn 0 -0.968469 0.249133
v -0.0789826 -0.210619 0.173352
vn 0 -0.968469 0.249133
v -0.0789826 -0.210619 0.139933
vn 0 -1 0
v -0.161095 -0.210619 0.173352
vn -0.198744 -0.94915 0.244163
v -0.161095 -0.210619 0.139933
vn -0.104128 -0.994564 0
v 0.00313106 -0.210619 0.0730943
vn 0 -1 0
v 0.0852448 -0.210619 0.0730943
vn 0 -1 0
v 0.167357 -0.210619 0.0730943
vn 0.104127 -0.994564 0
v 0.167357 -0.210619 0.106513
vn 0.104128 -0.994564 0
v 0.167357 -0.210619 0.139933
vn 0.104125 -0.994564 0
v 0.0852448 -0.210619 0.106513
vn 0 -1 0
v -0.161095 -0.202022 0.0730943
vn -1 0 0
v -0.161095 -0.202022 0.106513
vn -1 0 0
v -0.161095 -0.202022 0.139933
vn -1 0 0
v -0.161095 -0.193426 0.106513
vn -1 0 0
v -0.161095 -0.18483 0.0730943
vn -1 0 0
v -0.161095 -0.193426 0.0730943
vn -1 0 0
v -0.161095 -0.176233 0.0730943
vn -0.104127 0.994564 0
v -0.161095 -0.18483 0.106513
vn -1 0 0
v -0.161095 -0.176233 0.106513
vn -0.104127 0.994564 0
v -0.161095 -0.193426 0.139933
vn -1 0 0
v -0.161095 -0.202022 0.173352
vn -0.376951 0 0.926233
v -0.161095 -0.193426 0.173352
vn -0.376964 0 0.926228
v -0.161095 -0.18483 0.173352
vn -0.376978 0 0.926222
v -0.161095 -0.18483 0.139933
vn -1 0 0
v -0.161095 -0.176233 0.173352
vn -0.0926961 0.885386 0.455521
v -0.161095 -0.176233 0.139933
vn -0.104127 0.994564 0
v -0.0789826 -0.176233 0.0730943
vn 0 1 0
v -0.0789826 -0.176233 0.106513
vn 0 1 0
v 0.00313106 -0.176233 0.106513
vn 0 1 0
v -0.0789826 -0.176233 0.139933
vn 0 1 0
v -0.0789826 -0.176233 0.173352
vn 0 0.968469 0.249134
v 0.00313106 -0.176233 0.173352
vn 0 0.968469 0.249133
v 0.0852448 -0.176233 0.173352
vn 0 0.968469 0.249132
v 0.00313106 -0.176233 0.139933
vn 0 1 0
v 0.167357 -0.176233 0.173352
vn 0.103285 0.986525 0.126889
v 0.0852448 -0.176233 0.139933
vn 0 1 0
v 0.00313106 -0.176233 0.0730943
vn 0 1 0
v 0.0852448 -0.176233 0.106513
vn 0 1 0
v 0.167357 -0.176233 0.139933
vn 0.104127 0.994564 0
v 0.167357 -0.176233 0.106513
vn 0.104127 0.994564 0
v 0.167357 -0.176233 0.0730943
vn 0.104127 0.994564 0
v 0.0852448 -0.176233 0.0730943
vn 0 1 0
v 0.167357 -0.202022 0.0730943
vn 1 0 0
v 0.167357 -0.193426 0.106513
vn 1 0 0
v 0.167357 -0.202022 0.106513
vn 1 0 0
v 0.167357 -0.18483 0.139933
vn 1 0 0
v 0.167357 -0.193426 0.139933
vn 1 0 0
v 0.167357 -0.18483 0.173352
vn 0.376951 0 0.926233
v 0.167357 -0.193426 0.173352
vn 0.376965 0 0.926228
v 0.167357 -0.202022 0.173352
vn 0.376978 0 0.926222
v 0.167357 -0.202022 0.139933
vn 1 0 0
v 0.167357 -0.193426 0.0730943
vn 1 0 0
v 0.167357 -0.18483 0.0730943
vn 1 0 0
v 0.167357 -0.18483 0.106513
vn 1 0 0
v 0.0852448 -0.202022 0.173352
vn 0 0 1
v 0.00313106 -0.193426 0.173352
vn 0 0 1
v 0.00313106 -0.202022 0.173352
vn 0 0 1
v -0.0789826 -0.18483 0.173352
vn 0 0 1
v -0.0789826 -0.193426 0.173352
vn 0 0 1
v -0.0789826 -0.202022 0.173352
vn 0 0 1
v 0.0852448 -0.193426 0.173352
vn 0 0 1
v 0.0852448 -0.18483 0.173352
vn 0 0 1
v 0.00313106 -0.18483 0.173352
vn 0 0 1
v -0.269017 0.0427572 0.123654
vn -0.0163219 0.107911 0.994027
v -0.269018 0.040772 0.12301
vn -0.0236251 -0.308624 0.950891
v -0.133963 0.0427267 0.123624
vn 0.000227484 0.00034727 1
v -0.269018 0.0387878 0.122366
vn -0.0236248 -0.309004 0.950767
v -0.133963 0.0407414 0.12298
vn 0.000148393 -0.308983 0.951068
v 0.00109211 0.0426951 0.123593
vn 0.000230358 0.000263423 1
v -0.269019 0.0368035 0.121721
vn -0.0236215 -0.308767 0.950844
v -0.133964 0.0387572 0.122334
vn 0.000147529 -0.308948 0.951079
v -0.269019 0.0348183 0.121076
vn -0.0164895 -0.497045 0.867568
v -0.133964 0.036772 0.12169
vn 0.000143937 -0.308729 0.95115
v 0.00109108 0.0387256 0.122304
vn 0.000144328 -0.308703 0.951158
v 0.136147 0.0406804 0.122918
vn 0.000144379 -0.308698 0.95116
v 0.00109211 0.0407109 0.122948
vn 0.000148311 -0.308972 0.951071
v 0.271202 0.042634 0.123531
vn 0.0167715 -0.107382 0.994076
v 0.136147 0.0426646 0.123562
vn 0.000228671 0.000179207 1
v -0.133965 0.0347877 0.121046
vn 5.1005e-05 -0.587764 0.809033
v 0.00108895 0.0347572 0.121014
vn 5.19011e-05 -0.587623 0.809135
v 0.00109001 0.0367414 0.12166
vn 0.000148786 -0.309033 0.951051
v 0.136144 0.0347256 0.120984
vn 4.82035e-05 -0.587493 0.809229
v 0.136145 0.0367109 0.121628
vn 0.000147588 -0.308958 0.951076
v 0.271198 0.0346951 0.120953
vn 0.0165882 -0.671262 0.741035
v 0.271199 0.0366793 0.121598
vn 0.0239117 -0.30863 0.950882
v 0.271199 0.0386646 0.122242
vn 0.0239198 -0.308966 0.950772
v 0.271201 0.0406488 0.122887
vn 0.0239157 -0.308782 0.950832
v 0.136146 0.0386951 0.122273
vn 0.00014848 -0.30898 0.951069
v 0.271198 0.0426309 0.110025
vn 1 -0.000245342 -0.000241324
v 0.271199 0.0426319 0.113402
vn 1 -0.000268759 -0.000210539
v 0.271198 0.0406467 0.112756
vn 1 -0.000422075 -0.0003065
v 0.271199 0.0426319 0.116778
vn 1 -0.000375463 -0.000157893
v 0.271199 0.0406477 0.116133
vn 1 -0.000217459 -0.000157894
v 0.271198 0.0386635 0.115489
vn 1 -0.000422097 -0.000306475
v 0.271201 0.042633 0.120154
vn 1 -0.000430877 -0.000263104
v 0.271199 0.0406488 0.11951
vn 1 -0.00021746 -0.000157892
v 0.271199 0.0386635 0.118866
vn 1 -0.00021742 -0.000157912
v 0.271198 0.0366793 0.118221
vn 1 -0.00042205 -0.000306537
v -0.269021 0.0427541 0.110148
vn -1 0.000191642 0.000263633
v -0.269021 0.0407699 0.11288
vn -1 0.000214234 0.000155572
v -0.269019 0.0427551 0.113525
vn -1 0.000264765 0.000207404
v -0.269021 0.0387867 0.115612
vn -1 0.000153277 0.000239501
v -0.269019 0.0407709 0.116256
vn -1 0.000268766 0.000259276
v -0.269019 0.0427562 0.116902
vn -1 0.000159698 0.000155599
v -0.269019 0.0368025 0.118344
vn -1 0.000153261 0.000239522
v -0.269019 0.0387867 0.118989
vn -1 0.000268811 0.00025929
v -0.269018 0.040772 0.119633
vn -1 0.000109141 0.00020747
v -0.269018 0.0427562 0.120277
vn -1 0.000105198 0.000259346
v -0.269021 0.033592 0.119388
vn -0.0238183 -0.808651 0.587806
v -0.269021 0.0323646 0.117701
vn -0.0238244 -0.808684 0.587761
v -0.133966 0.0335604 0.119358
vn -5.12092e-05 -0.808828 0.588045
v -0.269021 0.0311383 0.116012
vn -0.0238187 -0.808656 0.5878
v -0.133966 0.032334 0.11767
vn -4.95385e-05 -0.80897 0.58785
v -0.269022 0.0299109 0.114325
vn -0.0166842 -0.911991 0.40987
v -0.133967 0.0311067 0.115982
vn -5.13014e-05 -0.80883 0.588043
v 0.00108791 0.0323035 0.117639
vn -5.04072e-05 -0.808892 0.587957
v 0.136144 0.0334993 0.119296
vn -5.1524e-05 -0.80893 0.587905
v 0.00108895 0.0335298 0.119327
vn -5.02784e-05 -0.808907 0.587936
v -0.133967 0.0298804 0.114294
vn -0.000146697 -0.950973 0.309274
v 0.00108791 0.0298488 0.114263
vn -0.00014784 -0.950998 0.309196
v 0.00108791 0.0310762 0.115951
vn -5.31965e-05 -0.808792 0.588095
v 0.136142 0.0298183 0.114232
vn -0.000148024 -0.950984 0.309241
v 0.136143 0.0310446 0.115921
vn -5.05574e-05 -0.808885 0.587966
v 0.271196 0.0297867 0.114202
vn 0.0163921 -0.978605 0.205096
v 0.271196 0.0310141 0.115889
vn 0.0237176 -0.808665 0.587791
v 0.271197 0.0322414 0.117578
vn 0.0237231 -0.808607 0.587871
v 0.271197 0.0334677 0.119265
vn 0.0237173 -0.808667 0.587788
v 0.136143 0.032272 0.117608
vn -5.33032e-05 -0.808794 0.588092
v 0.271197 0.0394204 0.111069
vn 1 -0.000271601 -0.00018423
v 0.271197 0.0374362 0.113801
vn 1 -0.000204639 -0.000148584
v 0.271197 0.0362088 0.112113
vn 1 -0.000183227 -0.000222989
v 0.271197 0.035452 0.116533
vn 1 -0.000204613 -0.000148611
v 0.271197 0.0342246 0.114845
vn 1 -0.000217425 -0.000157888
v 0.271196 0.0329983 0.113157
vn 1 -0.000283386 -0.000190423
v -0.269021 0.0395435 0.111192
vn -1 8.18913e-05 0.000251783
v -0.269021 0.036333 0.112236
vn -1 0.00018055 0.000219703
v -0.269021 0.0375593 0.113924
vn -1 0 0
v -0.269022 0.0331214 0.113281
vn -1 0.000180535 0.000219685
v -0.269021 0.0343488 0.114968
vn -1 9.87044e-05 0.000135797
v -0.269021 0.0355751 0.116656
vn -1 9.86945e-05 0.000135784
v -0.269022 0.0299098 0.112238
vn -0.0239976 -0.999712 0.00034468
v -0.269023 0.0299098 0.110151
vn -0.0239953 -0.999712 8.02008e-06
v -0.133968 0.0298793 0.112207
vn -0.000227289 -1 0.000170461
v -0.269023 0.0299098 0.108065
vn -0.023994 -0.999712 0.000334664
v -0.133968 0.0298793 0.110121
vn -0.000229787 -1 0.00024808
v -0.269024 0.0299088 0.105978
vn -0.0168408 -0.978709 -0.204561
v -0.133969 0.0298783 0.108033
vn -0.000229787 -1 0.000248116
v 0.00108684 0.0298477 0.110089
vn -0.000229787 -1 0.000248095
v 0.136142 0.0298172 0.112146
vn -0.000229788 -1 0.000248077
v 0.00108684 0.0298488 0.112176
vn -0.000229788 -1 0.000248101
v -0.133969 0.0298783 0.105947
vn -0.000284762 -0.951069 -0.308979
v 0.00108474 0.0298477 0.105916
vn -0.00029001 -0.951173 -0.308657
v 0.00108581 0.0298477 0.108003
vn -0.000226012 -1 7.58979e-08
v 0.136139 0.0298162 0.105885
vn -0.000289412 -0.951173 -0.308658
v 0.136141 0.0298172 0.107972
vn -0.000229902 -1 0.000255633
v 0.271194 0.0297856 0.105854
vn 0.0162685 -0.912161 -0.40951
v 0.271194 0.0297856 0.107941
vn 0.0235409 -0.999723 0.000336642
v 0.271195 0.0297867 0.110028
vn 0.0235382 -0.999723 0.000162277
v 0.271195 0.0297867 0.112114
vn 0.0235433 -0.999723 -3.97164e-06
v 0.136141 0.0298172 0.110059
vn -0.000226012 -1 5.71975e-08
v 0.271197 0.0394193 0.108982
vn 1 -0.0002946 -9.56081e-05
v 0.271196 0.0362088 0.110026
vn 1 -0.000249156 -0.000255551
v 0.271196 0.0362088 0.10794
vn 1 -0.00030048 -9.75263e-05
v 0.271196 0.0329972 0.11107
vn 1 -0.000249205 -0.000255517
v 0.271195 0.0329972 0.108984
vn 1 -0.000249184 -0.00025552
v 0.271195 0.0329972 0.106896
vn 1 -0.000300467 -9.75395e-05
v -0.269022 0.0395425 0.109105
vn -1 0.000115624 0.000315885
v -0.269022 0.0363319 0.108063
vn -1 9.87387e-05 0.000199925
v -0.269022 0.0363319 0.110149
vn -1 0.000163711 0.000335679
v -0.269023 0.0331204 0.107021
vn -1 0.000214256 0.000180059
v -0.269023 0.0331204 0.109107
vn -1 0.000163696 0.00016788
v -0.269022 0.0331214 0.111193
vn -1 0.000163725 0.000335679
v -0.269024 0.0311351 0.104289
vn -0.0240894 -0.808868 -0.587497
v -0.269024 0.0323614 0.102601
vn -0.0240861 -0.809038 -0.587262
v -0.13397 0.0311046 0.104259
vn -0.000320416 -0.809255 -0.587457
v -0.269025 0.0335867 0.100912
vn -0.024085 -0.808958 -0.587372
v -0.13397 0.0323298 0.10257
vn -0.000321237 -0.809229 -0.587493
v -0.269025 0.034813 0.0992238
vn -0.0168843 -0.671531 -0.740784
v -0.13397 0.0335562 0.100882
vn -0.00031796 -0.809106 -0.587662
v 0.00108474 0.0322993 0.102539
vn -0.00031796 -0.809106 -0.587662
v 0.136139 0.0310425 0.104196
vn -0.000315685 -0.809104 -0.587665
v 0.00108474 0.031073 0.104227
vn -0.000321958 -0.809285 -0.587416
v -0.13397 0.0347825 0.0991933
vn -0.000320211 -0.588008 -0.808855
v 0.00108474 0.0347509 0.0991617
vn -0.000321755 -0.587969 -0.808883
v 0.00108474 0.0335256 0.10085
vn -0.000321145 -0.809228 -0.587495
v 0.136139 0.0347204 0.0991312
vn -0.000316192 -0.58793 -0.808912
v 0.136139 0.033494 0.10082
vn -0.000318825 -0.809228 -0.587495
v 0.271194 0.0346898 0.0991007
vn 0.0162573 -0.497402 -0.867368
v 0.271194 0.0334635 0.100789
vn 0.0234525 -0.808887 -0.587496
v 0.271194 0.0322372 0.102478
vn 0.02345 -0.809042 -0.587282
v 0.271194 0.031012 0.104166
vn 0.0234458 -0.808965 -0.587389
v 0.136139 0.0322688 0.102508
vn -0.00031887 -0.809226 -0.587497
v 0.271197 0.0406456 0.107293
vn 1 -0.000182106 -0.00025053
v 0.271196 0.0374341 0.106251
vn 1 -0.000268774 -0.000195154
v 0.271196 0.0386604 0.104563
vn 1 -0.000185733 -0.000255519
v 0.271195 0.0342225 0.105208
vn 1 -0.000268797 -0.000195119
v 0.271195 0.0354488 0.10352
vn 1 -0.000268747 -0.00019519
v 0.271195 0.0366751 0.101831
vn 1 -0.000185748 -0.000255541
v -0.269022 0.0407688 0.107416
vn -1 0.000183016 0.000251782
v -0.269023 0.0387835 0.104686
vn -1 0.000183002 0.000251762
v -0.269023 0.0375572 0.106374
vn -1 5.06391e-05 0.000347985
v -0.269024 0.0367983 0.101954
vn -1 0.000183017 0.000251783
v -0.269024 0.035572 0.103643
vn -1 5.0667e-05 0.000347985
v -0.269023 0.0343467 0.105331
vn -1 5.06836e-05 0.000347939
v -0.269025 0.0367972 0.0985786
vn -0.0240508 -0.309171 -0.950702
v -0.269024 0.0387814 0.0979333
vn -0.024058 -0.309108 -0.950723
v -0.13397 0.0367667 0.098548
vn -0.000288987 -0.309234 -0.950986
v -0.269024 0.0407667 0.097288
vn -0.0240604 -0.309115 -0.95072
v -0.13397 0.0387509 0.0979028
vn -0.000286471 -0.309157 -0.951011
v -0.269024 0.0427509 0.0966428
vn -0.016818 -0.107883 -0.994021
v -0.133969 0.0407351 0.0972575
vn -0.000285707 -0.309205 -0.950995
v 0.00108474 0.0387204 0.0978722
vn -0.000287711 -0.30908 -0.951036
v 0.136139 0.0367046 0.0984859
vn -0.000286874 -0.309132 -0.951019
v 0.00108474 0.0367362 0.0985165
vn -0.000288114 -0.309055 -0.951044
v -0.133969 0.0427204 0.0966123
vn -0.000225721 -0.000263373 -1
v 0.00108581 0.0426888 0.0965817
vn -0.000230021 -0.000268679 -1
v 0.00108581 0.0407046 0.097227
vn -0.000288838 -0.30923 -0.950987
v 0.136141 0.0426583 0.0965501
vn -0.000228508 -8.42129e-05 -1
v 0.136141 0.0406741 0.0971954
vn -0.000288986 -0.309234 -0.950986
v 0.271195 0.0426277 0.0965196
vn 0.0163649 0.107564 -0.994063
v 0.271195 0.0406435 0.0971649
vn 0.0234917 -0.309127 -0.950731
v 0.271194 0.0386583 0.0978101
vn 0.0234817 -0.309123 -0.950732
v 0.271194 0.036674 0.0984554
vn 0.0234767 -0.30912 -0.950733
v 0.136139 0.0386898 0.0978407
vn -0.000289314 -0.3092 -0.950997
v 0.271197 0.0426298 0.106648
vn 1 -0.000259214 -0.000306564
v 0.271196 0.0406446 0.103918
vn 1 -0.00010269 -0.000315915
v 0.271196 0.0426298 0.103272
vn 1 -0.00026876 -0.000210584
v 0.271195 0.0386593 0.101186
vn 1 -0.000102672 -0.000315893
v 0.271195 0.0406435 0.100542
vn 1 -0.000319981 -0.000157896
v 0.271196 0.0426288 0.0998965
vn 1 -0.000162081 -0.000157894
v -0.269022 0.042753 0.106771
vn -1 0.000264765 0.000207454
v -0.269022 0.042753 0.103395
vn -1 0.000264805 0.000103727
v -0.269023 0.0407677 0.104041
vn -1 0.000315325 0.000155599
v -0.269023 0.042752 0.10002
vn -1 0.000264874 0.000311188
v -0.269023 0.0407677 0.100665
vn -1 0.000315274 0.000155575
v -0.269024 0.0387825 0.101309
vn -1 0.000315327 0.000155544
v -0.269023 0.0447362 0.097287
vn -0.0239167 0.308829 -0.950817
v -0.269022 0.0467204 0.0979323
vn -0.0239172 0.308763 -0.950838
v -0.133968 0.0447046 0.0972565
vn -0.000145278 0.308804 -0.951126
v -0.269022 0.0487056 0.0985764
vn -0.0239118 0.308825 -0.950818
v -0.133968 0.0466899 0.0979007
vn -0.000147267 0.308852 -0.95111
v -0.269021 0.0506899 0.0992207
vn -0.016649 0.496983 -0.867601
v -0.133967 0.0486741 0.098546
vn -0.000146845 0.308902 -0.951094
v 0.00108684 0.0466593 0.0978702
vn -0.000145605 0.308824 -0.951119
v 0.136142 0.0446435 0.0971954
vn -0.000146435 0.308876 -0.951102
v 0.00108684 0.0446741 0.0972259
vn -0.000146371 0.308733 -0.951149
v -0.133966 0.0506593 0.0991901
vn -5.1113e-05 0.587569 -0.809174
v 0.00108895 0.0506288 0.0991596
vn -5.04907e-05 0.587659 -0.809109
v 0.00108791 0.0486435 0.0985143
vn -0.000147254 0.308853 -0.95111
v 0.136143 0.0505972 0.0991281
vn -5.0744e-05 0.587652 -0.809114
v 0.136143 0.048613 0.0984838
vn -0.000145961 0.308784 -0.951132
v 0.271197 0.0505667 0.0990975
vn 0.0165468 0.67117 -0.741119
v 0.271197 0.0485825 0.0984533
vn 0.0236218 0.308662 -0.950879
v 0.271196 0.0465972 0.0978091
vn 0.0236222 0.308708 -0.950864
v 0.271195 0.0446119 0.0971638
vn 0.0236232 0.308807 -0.950831
v 0.136142 0.0466277 0.0978396
vn -0.000145206 0.308799 -0.951127
v 0.271198 0.0446151 0.107293
vn 1 -0.00014639 -0.00022881
v 0.271197 0.044614 0.103916
vn 1 -0.000269521 -0.000257007
v 0.271197 0.0465993 0.104561
vn 1 -0.000146397 -0.000228797
v 0.271196 0.044613 0.100541
vn 1 -0.000272808 -0.000263202
v 0.271197 0.0465983 0.101185
vn 1 -0.000217425 -0.000157937
v 0.271197 0.0485825 0.101829
vn 1 -0.000204662 -0.00014862
v -0.269021 0.0447383 0.107416
vn -1 0.000214222 0.00015559
v -0.269021 0.0467225 0.104684
vn -1 0.000214235 0.000155572
v -0.269022 0.0447372 0.10404
vn -1 0.000214232 0.000155598
v -0.269021 0.0487056 0.101952
vn -1 0.000214225 0.000155585
v -0.269022 0.0467214 0.101308
vn -1 0.000214229 0.000155587
v -0.269022 0.0447362 0.100664
vn -1 0.000214267 0.000155596
v -0.269021 0.0519172 0.100909
vn -0.0237237 0.808685 -0.587764
v -0.269019 0.0531435 0.102596
vn -0.0237117 0.808744 -0.587683
v -0.133966 0.0518856 0.100877
vn 5.05702e-05 0.808909 -0.587934
v -0.269019 0.0543699 0.104285
vn -0.0237238 0.808688 -0.587759
v -0.133965 0.053113 0.102566
vn 4.77531e-05 0.8089 -0.587946
v -0.269018 0.0555972 0.105972
vn -0.016451 0.912001 -0.409859
v -0.133965 0.0543393 0.104253
vn 4.76156e-05 0.808898 -0.587949
v 0.00109001 0.0530825 0.102534
vn 5.04782e-05 0.808907 -0.587936
v 0.136144 0.0518246 0.100816
vn 4.93715e-05 0.80883 -0.588043
v 0.00108895 0.0518551 0.100847
vn 4.94309e-05 0.808829 -0.588043
v -0.133964 0.0555667 0.105942
vn 0.000146656 0.951009 -0.309163
v 0.00109108 0.0555351 0.10591
vn 0.000146753 0.95101 -0.309161
v 0.00109001 0.0543088 0.104223
vn 5.12979e-05 0.808966 -0.587856
v 0.136146 0.0555046 0.10588
vn 0.000145388 0.950975 -0.309267
v 0.136145 0.0542783 0.104192
vn 5.05702e-05 0.808909 -0.587934
v 0.271201 0.055474 0.105849
vn 0.0167419 0.978605 -0.205067
v 0.271199 0.0542467 0.104161
vn 0.0238248 0.808678 -0.587769
v 0.271199 0.0530204 0.102473
vn 0.0238142 0.808732 -0.587695
v 0.271198 0.0517941 0.100785
vn 0.023825 0.808677 -0.58777
v 0.136145 0.0530509 0.102504
vn 5.13759e-05 0.808968 -0.587853
v 0.271198 0.0458414 0.108981
vn 1 -0.000183265 -0.000223012
v 0.271198 0.0478256 0.106249
vn 1 -0.000311773 -0.000287715
v 0.271199 0.049052 0.107936
vn 1 -0.000283366 -0.000190426
v 0.271198 0.0498098 0.103518
vn 1 -0.000422098 -0.000306547
v 0.271199 0.0510362 0.105205
vn 1 -0.000217445 -0.000157953
v 0.271199 0.0522635 0.106893
vn 1 -0.000183222 -0.000222987
v -0.269021 0.0459646 0.109104
vn -1 0.000180554 0.000219739
v -0.269019 0.0491762 0.10806
vn -1 0.000279199 0.000187629
v -0.269021 0.0479488 0.106372
vn -1 0.000214249 0.000155602
v -0.269019 0.0523867 0.107016
vn -1 0.00018054 0.000219732
v -0.269019 0.0511593 0.105328
vn -1 0.000214247 0.0001556
v -0.269021 0.049933 0.103641
vn -1 0.000214244 0.000155627
v -0.269018 0.0555972 0.108059
vn -0.0235405 0.999723 -0.000162394
v -0.269017 0.0555983 0.110146
vn -0.0235423 0.999723 -0.00033676
v -0.133964 0.0555667 0.108028
vn 0.000227211 1 -0.000338319
v -0.269017 0.0555983 0.112232
vn -0.0235405 0.999723 -0.000157384
v -0.133963 0.0555677 0.110114
vn 0.000228605 1 -0.000170441
v -0.269016 0.0555993 0.114319
vn -0.0163009 0.978742 0.204444
v -0.133963 0.0555677 0.112202
vn 0.000227251 1 -0.000333309
v 0.00109211 0.0555362 0.110084
vn 0.000228605 1 -0.000170455
v 0.136146 0.0555056 0.107967
vn 0.000228644 1 -0.000165429
v 0.00109108 0.0555362 0.107997
vn 0.000227252 1 -0.000333281
v -0.133962 0.0555688 0.114288
vn 0.000284768 0.951153 0.308718
v 0.00109318 0.0555383 0.114257
vn 0.00028802 0.951137 0.308769
v 0.00109211 0.0555372 0.11217
vn 0.000225896 1 -0.000503698
v 0.136147 0.0555067 0.114226
vn 0.000287925 0.951138 0.308767
v 0.136147 0.0555067 0.11214
vn 0.000227212 1 -0.000338313
v 0.271202 0.0554762 0.114195
vn 0.0168681 0.912247 0.409292
v 0.271202 0.0554762 0.112109
vn 0.0240019 0.999712 -0.000170365
v 0.271202 0.0554751 0.110023
vn 0.0239949 0.999712 -0.000515096
v 0.271201 0.055474 0.107935
vn 0.023998 0.999712 -0.000178511
v 0.136147 0.0555056 0.110053
vn 0.00022725 1 -0.000340855
v 0.271199 0.0458425 0.111067
vn 1 -0.000117295 -0.00032064
v 0.271199 0.049053 0.110024
vn 1 -0.00024914 -8.50666e-05
v 0.271199 0.0490541 0.11211
vn 1 -0.000117296 -0.000320606
v 0.271201 0.0522635 0.10898
vn 1 -0.000249167 -0.000255478
v 0.271201 0.0522646 0.111066
vn 1 -0.000332167 1.13194e-07
v 0.271201 0.0522646 0.113153
vn 1 -0.000200378 -0.000235398
v -0.269019 0.0459656 0.11119
vn -1 0.000214296 0.000347911
v -0.269018 0.0491762 0.112233
vn -1 0.000214277 0.000347951
v -0.269019 0.0491762 0.110147
vn -1 0.000245504 0.000251775
v -0.269017 0.0523877 0.113276
vn -1 0.000214274 0.000347935
v -0.269018 0.0523877 0.111189
vn -1 0.000245503 0.000251776
v -0.269018 0.0523867 0.109103
vn -1 0.000245524 0.000251741
v -0.269016 0.054373 0.116007
vn -0.0234533 0.808945 0.587416
v -0.269016 0.0531467 0.117696
vn -0.0234487 0.80902 0.587313
v -0.133962 0.0543425 0.115976
vn 0.000316533 0.809137 0.58762
v -0.269016 0.0519214 0.119385
vn -0.0234472 0.809024 0.587308
v -0.133962 0.0531161 0.117665
vn 0.00031832 0.809205 0.587526
v -0.269016 0.0506951 0.121073
vn -0.0162479 0.671531 0.740798
v -0.133962 0.0518899 0.119354
vn 0.00032002 0.80919 0.587547
v 0.00109318 0.0530856 0.117634
vn 0.000316456 0.809137 0.587619
v 0.136147 0.0542814 0.115915
vn 0.000319289 0.809242 0.587475
v 0.00109318 0.0543119 0.115946
vn 0.000317442 0.809177 0.587565
v -0.133962 0.0506646 0.121042
vn 0.000320549 0.587966 0.808886
v 0.00109318 0.050633 0.121011
vn 0.000321449 0.587989 0.808869
v 0.00109318 0.0518593 0.119323
vn 0.000319923 0.809089 0.587686
v 0.136148 0.0506025 0.12098
vn 0.000319209 0.587965 0.808887
v 0.136148 0.0518288 0.119291
vn 0.00031871 0.809053 0.587735
v 0.271203 0.0505719 0.120949
vn 0.0168786 0.497386 0.867365
v 0.271203 0.0517983 0.119261
vn 0.0240882 0.808874 0.587489
v 0.271203 0.0530246 0.117572
vn 0.0240878 0.808897 0.587457
v 0.271202 0.0542499 0.115884
vn 0.0240882 0.808951 0.587382
v 0.136148 0.0530551 0.117604
vn 0.000319846 0.809086 0.58769
v 0.271199 0.0446161 0.112755
vn 1 -0.000185779 -0.000255505
v 0.271201 0.0478277 0.113799
vn 1 -0.000168581 -0.000333063
v 0.271201 0.0466014 0.115487
vn 1 -0.000185757 -0.000255513
v 0.271202 0.0510393 0.114842
vn 1 -6.84982e-05 -0.000470969
v 0.271202 0.049813 0.116529
vn 1 -0.000268725 -0.00019522
v 0.271202 0.0485867 0.118217
vn 1 -0.00018578 -0.000255506
v -0.269019 0.0447393 0.11288
vn -1 0.000183047 0.000251748
v -0.269018 0.0467246 0.11561
vn -1 0.000183002 0.000251761
v -0.269018 0.0479509 0.113922
vn -1 0.000264846 0.000192259
v -0.269017 0.0487099 0.118342
vn -1 0.000182989 0.00025174
v -0.269017 0.0499362 0.116653
vn -1 0.000264823 0.000192263
v -0.269017 0.0511614 0.114965
vn -1 0.000264848 0.000192257
v -0.269016 0.0487109 0.121719
vn -0.0234793 0.30923 0.950697
v -0.269017 0.0467257 0.122364
vn -0.0234906 0.309126 0.950731
v -0.133962 0.0486793 0.121688
vn 0.00028849 0.309334 0.950953
v -0.269017 0.0447414 0.123009
vn -0.0234886 0.309177 0.950714
v -0.133962 0.0466951 0.122333
vn 0.000288543 0.309253 0.95098
v -0.133963 0.0447109 0.122979
vn 0.000288583 0.309259 0.950978
v 0.00109318 0.0466646 0.122302
vn 0.000289918 0.309327 0.950956
v 0.136148 0.0486183 0.121625
vn 0.000287438 0.309403 0.950931
v 0.00109318 0.0486488 0.121656
vn 0.000292287 0.309252 0.95098
v 0.00109211 0.0446804 0.122947
vn 0.000288529 0.30934 0.950951
v 0.136147 0.0446488 0.122916
vn 0.000287265 0.309263 0.950976
v 0.271202 0.0446183 0.122886
vn 0.0240583 0.309156 0.950707
v 0.271203 0.0466025 0.122241
vn 0.0240577 0.309218 0.950687
v 0.271203 0.0485877 0.121594
vn 0.0240561 0.309425 0.95062
v 0.136148 0.046634 0.122271
vn 0.000285963 0.309413 0.950928
v 0.271201 0.0446172 0.116132
vn 1 -0.00026471 -0.000263202
v 0.271202 0.0466025 0.118864
vn 1 -0.00010277 -0.000315843
v 0.271202 0.0446172 0.119509
vn 1 -0.000426705 -0.000210507
v -0.269018 0.0447404 0.116255
vn -1 0.000315409 0.000155571
v -0.269018 0.0447404 0.119632
vn -1 0.000315373 0.000155584
v -0.269017 0.0467257 0.118987
vn -1 0.000315327 0.000155558
v 0.284973 0.0442235 0.110106
vn 0.99363 0.107705 0.0331473
v 0.284328 0.0422393 0.110106
vn 0.949973 -0.308711 0.0474331
v 0.284973 0.0442372 0.0425786
vn 1 -8.56066e-07 -2.05785e-21
v 0.283684 0.0402541 0.110105
vn 0.950096 -0.308328 0.0474445
v 0.284328 0.042253 0.0425786
vn 0.951085 -0.308928 -6.09472e-05
v 0.284973 0.0442509 -0.0249488
vn 1 5.03479e-08 8.55914e-07
v 0.283039 0.0382688 0.110105
vn 0.950038 -0.308508 0.047446
v 0.283684 0.0402677 0.0425786
vn 0.951164 -0.308686 -6.17121e-05
v 0.282394 0.0362846 0.110105
vn 0.867014 -0.497188 0.0330199
v 0.283039 0.0382825 0.0425775
vn 0.951069 -0.308978 -6.42105e-05
v 0.283684 0.0402814 -0.0249488
vn 0.951132 -0.308786 -6.34293e-05
v 0.284328 0.0422793 -0.0924761
vn 0.951069 -0.30898 -6.42347e-05
v 0.284328 0.0422656 -0.0249488
vn 0.951085 -0.308929 -6.09951e-05
v 0.284973 0.0442783 -0.160002
vn 0.993633 -0.107677 -0.0331434
v 0.284973 0.0442646 -0.0924751
vn 1 0 8.02349e-20
v 0.282394 0.0362983 0.0425775
vn 0.808886 -0.587966 -0.000123044
v 0.282394 0.036313 -0.0249499
vn 0.808885 -0.587967 -0.000124429
v 0.283039 0.0382972 -0.0249499
vn 0.951053 -0.309028 -6.50591e-05
v 0.282394 0.0363267 -0.0924772
vn 0.808886 -0.587966 -0.000119209
v 0.283039 0.0383109 -0.0924761
vn 0.951061 -0.309002 -6.34257e-05
v 0.282394 0.0363404 -0.160005
vn 0.74048 -0.671255 -0.0332552
v 0.283039 0.0383246 -0.160004
vn 0.949971 -0.308695 -0.0475758
v 0.283684 0.0403098 -0.160004
vn 0.950063 -0.308411 -0.0475702
v 0.284328 0.042294 -0.160004
vn 0.950005 -0.308591 -0.0475644
v 0.283684 0.0402951 -0.0924761
vn 0.951124 -0.308809 -6.49645e-05
v 0.271468 0.0442783 -0.160002
vn 0 0.000194465 -1
v 0.274844 0.0442783 -0.160002
vn 0 0.000268773 -1
v 0.274199 0.042294 -0.160004
vn -3.25623e-05 0.000223918 -1
v 0.278221 0.0442783 -0.160002
vn 0 0.000268773 -1
v 0.277575 0.042294 -0.160004
vn 0 0.000268788 -1
v 0.276931 0.0403098 -0.160004
vn 1.89232e-05 0.000110359 -1
v 0.281596 0.0442783 -0.160002
vn 0 0.000268773 -1
v 0.280952 0.042294 -0.160004
vn 0 0.000268761 -1
v 0.280307 0.0403098 -0.160004
vn 0 0 -1
v 0.279663 0.0383246 -0.160004
vn 6.84878e-05 0.000262864 -1
v 0.271468 0.0442235 0.110106
vn 0 -0.000120182 1
v 0.274199 0.0422393 0.110106
vn 6.50718e-05 -0.000179155 1
v 0.274844 0.0442235 0.110106
vn 0 0 1
v 0.276931 0.0402541 0.110105
vn 3.25286e-05 -0.000223875 1
v 0.277575 0.0422393 0.110106
vn 0 -0.000268689 1
v 0.278221 0.0442235 0.110106
vn 0 0 1
v 0.279663 0.0382688 0.110105
vn 0 0 1
v 0.280307 0.0402541 0.110105
vn 0 -0.00026863 1
v 0.280952 0.0422393 0.110106
vn 0 -0.000268716 1
v 0.281596 0.0442235 0.110106
vn 0 0 1
v 0.280706 0.0350583 0.110105
vn 0.587004 -0.8082 0.0473295
v 0.279017 0.0338319 0.110105
vn 0.58708 -0.808144 0.0473309
v 0.280706 0.0350719 0.0425775
vn 0.587661 -0.809107 -0.000170338
v 0.27733 0.0326056 0.110104
vn 0.587155 -0.80809 0.0473315
v 0.279017 0.0338457 0.0425775
vn 0.587783 -0.809019 -0.00017032
v 0.275642 0.0313793 0.110104
vn 0.409337 -0.911789 0.0329286
v 0.27733 0.0326193 0.0425764
vn 0.587833 -0.808982 -0.000166114
v 0.279017 0.0338604 -0.0249499
vn 0.587895 -0.808938 -0.000167985
v 0.280706 0.0351004 -0.0924772
vn 0.587665 -0.809105 -0.000164072
v 0.280706 0.0350867 -0.0249499
vn 0.587663 -0.809106 -0.000170212
v 0.275642 0.031393 0.0425764
vn 0.308979 -0.951069 -0.000192868
v 0.275642 0.0314067 -0.0249509
vn 0.308979 -0.951069 -0.000192639
v 0.27733 0.032633 -0.0249509
vn 0.587942 -0.808903 -0.000163844
v 0.275642 0.0314204 -0.0924783
vn 0.308979 -0.951069 -0.000192639
v 0.27733 0.0326467 -0.0924783
vn 0.587943 -0.808902 -0.000163906
v 0.275642 0.031434 -0.160006
vn 0.204683 -0.978261 -0.033315
v 0.27733 0.0326604 -0.160006
vn 0.587189 -0.808046 -0.0476622
v 0.279017 0.0338878 -0.160005
vn 0.587382 -0.807905 -0.0476617
v 0.280706 0.0351141 -0.160005
vn 0.587006 -0.808179 -0.0476572
v 0.279017 0.033874 -0.0924772
vn 0.587949 -0.808898 -0.000164031
v 0.272511 0.0410667 -0.160004
vn 1.69834e-05 0.000272549 -1
v 0.275243 0.0390825 -0.160004
vn 3.78184e-05 0.000220706 -1
v 0.273554 0.0378562 -0.160005
vn 9.90903e-05 0.00018851 -1
v 0.277974 0.0370983 -0.160005
vn 3.7848e-05 0.000220727 -1
v 0.276286 0.035872 -0.160005
vn 3.90042e-05 0.000227609 -1
v 0.274598 0.0346446 -0.160005
vn -6.5095e-05 0.000200282 -1
v 0.272511 0.041013 0.110106
vn 6.50704e-05 -0.000200295 1
v 0.273554 0.0378014 0.110105
vn 3.25308e-05 -0.000100135 1
v 0.275243 0.0390277 0.110105
vn 9.75873e-05 -0.000134359 1
v 0.274598 0.0345898 0.110105
vn 6.12454e-05 -0.00018852 1
v 0.276286 0.0358161 0.110105
vn -1.89264e-05 -0.000110353 1
v 0.277974 0.0370425 0.110105
vn 0 0 1
v 0.273555 0.0313793 0.110104
vn 0 -0.998881 0.0472954
v 0.271469 0.0313793 0.110104
vn 0 -0.998881 0.0472874
v 0.273555 0.031393 0.0425764
vn 0 -1 -0.000202783
v 0.269382 0.0313793 0.110104
vn 0 -0.998882 0.0472793
v 0.271469 0.031393 0.0425764
vn 0 -1 -0.000202783
v 0.267295 0.0313793 0.110104
vn -0.204688 -0.978274 0.032918
v 0.269382 0.031393 0.0425764
vn 0 -1 -0.000202783
v 0.271469 0.0314067 -0.0249509
vn 0 -1 -0.00020255
v 0.273555 0.0314204 -0.0924783
vn 0 -1 -0.00020255
v 0.273555 0.0314067 -0.0249509
vn 0 -1 -0.00020255
v 0.267295 0.031393 0.0425764
vn -0.308979 -0.951069 -0.000192852
v 0.267295 0.0314067 -0.0249509
vn -0.308979 -0.951069 -0.000192639
v 0.269382 0.0314067 -0.0249509
vn 0 -1 -0.00020255
v 0.267295 0.0314204 -0.0924783
vn -0.308979 -0.951069 -0.000192639
v 0.269382 0.0314204 -0.0924783
vn 0 -1 -0.00020255
v 0.267295 0.031434 -0.160006
vn -0.409334 -0.911777 -0.0332987
v 0.269382 0.031434 -0.160006
vn 0 -0.998862 -0.047693
v 0.271469 0.031434 -0.160006
vn 0 -0.998862 -0.0476854
v 0.273555 0.031434 -0.160006
vn 0 -0.998862 -0.0477006
v 0.271469 0.0314204 -0.0924783
vn 0 -1 -0.00020255
v 0.270425 0.0410667 -0.160004
vn -1.69835e-05 0.00027255 -1
v 0.271468 0.0378562 -0.160005
vn 0 0.000156314 -1
v 0.269382 0.0378562 -0.160005
vn -9.90945e-05 0.000188516 -1
v 0.272511 0.0346446 -0.160005
vn 0 0.000166084 -1
v 0.270425 0.0346446 -0.160005
vn 0 0.000166098 -1
v 0.268338 0.0346446 -0.160005
vn 6.50993e-05 0.000200295 -1
v 0.270425 0.041013 0.110106
vn -6.50709e-05 -0.000200295 1
v 0.269382 0.0378014 0.110105
vn -3.25322e-05 -0.000100137 1
v 0.271468 0.0378014 0.110105
vn 0 -0.000166056 1
v 0.268338 0.0345898 0.110105
vn -6.12494e-05 -0.000188532 1
v 0.270425 0.0345898 0.110105
vn 0 -0.000156327 1
v 0.272511 0.0345898 0.110105
vn 0 -0.000156314 1
v 0.265607 0.0326056 0.110104
vn -0.586993 -0.808207 0.0473284
v 0.263918 0.0338319 0.110105
vn -0.586998 -0.808204 0.0473283
v 0.265607 0.0326193 0.0425764
vn -0.587658 -0.80911 -0.000164073
v 0.26223 0.0350583 0.110105
vn -0.587005 -0.808198 0.0473289
v 0.263918 0.0338457 0.0425764
vn -0.587661 -0.809107 -0.000164009
v 0.260542 0.0362846 0.110105
vn -0.740565 -0.671175 0.0329818
v 0.26223 0.0350719 0.0425775
vn -0.587662 -0.809107 -0.00016401
v 0.263918 0.0338593 -0.0249509
vn -0.587663 -0.809106 -0.000163948
v 0.265607 0.0326467 -0.0924783
vn -0.587658 -0.80911 -0.000163886
v 0.265607 0.032633 -0.0249509
vn -0.587658 -0.80911 -0.000163886
v 0.260542 0.0362983 0.0425775
vn -0.809098 -0.587674 -0.000123048
v 0.260542 0.036313 -0.0249499
vn -0.809097 -0.587675 -0.000124302
v 0.26223 0.0350856 -0.0249499
vn -0.587827 -0.808987 -0.00017025
v 0.260542 0.0363267 -0.0924772
vn -0.809006 -0.5878 -0.000119216
v 0.26223 0.0351004 -0.0924772
vn -0.587827 -0.808987 -0.00017025
v 0.260542 0.0363404 -0.160005
vn -0.867157 -0.496926 -0.0332224
v 0.26223 0.0351141 -0.160005
vn -0.587001 -0.808182 -0.0476562
v 0.263918 0.0338878 -0.160005
vn -0.587225 -0.808019 -0.0476625
v 0.265607 0.0326604 -0.160006
vn -0.587108 -0.808104 -0.0476699
v 0.263918 0.033873 -0.0924772
vn -0.587829 -0.808985 -0.000170188
v 0.268736 0.042294 -0.160004
vn 3.25573e-05 0.000223939 -1
v 0.267693 0.0390825 -0.160004
vn -3.78182e-05 0.000220706 -1
v 0.266005 0.0403098 -0.160004
vn -1.89203e-05 0.000110342 -1
v 0.26665 0.035872 -0.160005
vn -3.89977e-05 0.000227601 -1
v 0.264962 0.0370983 -0.160005
vn -3.7848e-05 0.000220727 -1
v 0.263273 0.0383246 -0.160004
vn -6.84916e-05 0.000262851 -1
v 0.268736 0.0422393 0.110106
vn -6.50618e-05 -0.000179156 1
v 0.266005 0.0402541 0.110105
vn -3.25235e-05 -0.000223896 1
v 0.267693 0.0390277 0.110105
vn -9.75866e-05 -0.000134358 1
v 0.263273 0.0382688 0.110105
vn 0 0 1
v 0.264962 0.0370425 0.110105
vn 0 0 1
v 0.26665 0.0358161 0.110105
vn 1.89233e-05 -0.000110361 1
v 0.259897 0.0382688 0.110105
vn -0.950039 -0.308508 0.0474282
v 0.259252 0.0402541 0.110105
vn -0.949986 -0.308668 0.0474354
v 0.259897 0.0382835 0.0425775
vn -0.951077 -0.308953 -6.5018e-05
v 0.258608 0.0422393 0.110106
vn -0.950036 -0.308516 0.0474278
v 0.259252 0.0402677 0.0425775
vn -0.951085 -0.308928 -6.42004e-05
v 0.257963 0.0442235 0.110106
vn -0.993632 -0.107705 0.0331037
v 0.258608 0.042253 0.0425786
vn -0.951069 -0.308978 -6.33966e-05
v 0.259252 0.0402825 -0.0249488
vn -0.951085 -0.308928 -6.42004e-05
v 0.259897 0.0383109 -0.0924772
vn -0.951077 -0.308953 -6.26507e-05
v 0.259897 0.0382972 -0.0249499
vn -0.951069 -0.308978 -6.33979e-05
v 0.257963 0.0442372 0.0425786
vn -1 -8.56066e-07 0
v 0.257963 0.0442509 -0.0249488
vn -1 0 0
v 0.258608 0.0422667 -0.0249488
vn -0.951053 -0.309028 -6.25938e-05
v 0.257963 0.0442646 -0.0924751
vn -1 -2.52869e-17 0
v 0.258608 0.0422804 -0.0924761
vn -0.951053 -0.309028 -6.25939e-05
v 0.257963 0.0442783 -0.160002
vn -0.993631 0.107713 -0.0331037
v 0.258608 0.042294 -0.160004
vn -0.949958 -0.308736 -0.0475574
v 0.259252 0.0403098 -0.160004
vn -0.950016 -0.308558 -0.047555
v 0.259897 0.0383246 -0.160004
vn -0.949988 -0.308645 -0.0475542
v 0.259252 0.0402962 -0.0924761
vn -0.951077 -0.308954 -6.26028e-05
v 0.268091 0.0442783 -0.160002
vn 0 0.000268773 -1
v 0.265359 0.042294 -0.160004
vn 0 0.00026876 -1
v 0.264715 0.0442783 -0.160002
vn 0 0.000268773 -1
v 0.262628 0.0403098 -0.160004
vn 0 0 -1
v 0.261984 0.042294 -0.160004
vn 0 0.000268776 -1
v 0.261339 0.0442783 -0.160002
vn 0 0.000268773 -1
v 0.268091 0.0442235 0.110106
vn 0 0 1
v 0.264715 0.0442235 0.110106
vn 0 0 1
v 0.265359 0.0422393 0.110106
vn 0 -0.000268717 1
v 0.261339 0.0442235 0.110106
vn 0 0 1
v 0.261984 0.0422393 0.110106
vn 0 -0.000268702 1
v 0.262628 0.0402541 0.110105
vn 0 -0.000268629 1
v 0.258608 0.0462077 0.110106
vn -0.949971 0.308695 0.0475586
v 0.259252 0.048193 0.110107
vn -0.95004 0.308483 0.0475563
v 0.258608 0.0462214 0.0425796
vn -0.951077 0.308954 6.2603e-05
v 0.259897 0.0501772 0.110108
vn -0.949959 0.308734 0.0475528
v 0.259252 0.0482067 0.0425796
vn -0.951069 0.308977 6.10049e-05
v 0.260542 0.0521614 0.110108
vn -0.867153 0.496933 0.0332217
v 0.259897 0.0501909 0.0425807
vn -0.951061 0.309003 6.17748e-05
v 0.259252 0.0482193 -0.0249467
vn -0.951069 0.308978 6.09572e-05
v 0.258608 0.0462488 -0.0924751
vn -0.951053 0.309028 6.26415e-05
v 0.258608 0.0462351 -0.0249477
vn -0.951061 0.309003 6.17762e-05
v 0.260542 0.0521751 0.0425807
vn -0.809006 0.5878 0.000119059
v 0.260542 0.0521888 -0.0249467
vn -0.809006 0.5878 0.000119059
v 0.259897 0.0502046 -0.0249467
vn -0.951077 0.308953 6.25786e-05
v 0.260542 0.0522025 -0.0924741
vn -0.809006 0.5878 0.000119059
v 0.259897 0.0502183 -0.0924741
vn -0.951077 0.308954 6.26025e-05
v 0.260542 0.0522161 -0.160001
vn -0.740565 0.671175 -0.0329818
v 0.259897 0.0502319 -0.160001
vn -0.950016 0.308575 -0.0474386
v 0.259252 0.0482467 -0.160002
vn -0.949989 0.308662 -0.0474195
v 0.258608 0.0462625 -0.160002
vn -0.950006 0.308606 -0.0474346
v 0.259252 0.048233 -0.0924741
vn -0.951077 0.308953 6.265e-05
v 0.268736 0.0462625 -0.160002
vn 2.01059e-05 0.000117257 -1
v 0.265359 0.0462625 -0.160002
vn 0 0 -1
v 0.266005 0.0482467 -0.160002
vn 7.27333e-05 0.000279264 -1
v 0.261984 0.0462625 -0.160002
vn 0 0 -1
v 0.262628 0.0482467 -0.160002
vn 0 0.000268705 -1
v 0.263273 0.0502319 -0.160001
vn -3.25329e-05 0.000223933 -1
v 0.268736 0.0462077 0.110106
vn -7.27337e-05 -0.000279264 1
v 0.266005 0.048193 0.110107
vn 9.75875e-05 -0.000403085 1
v 0.265359 0.0462077 0.110106
vn 0 -0.00026872 1
v 0.263273 0.0501772 0.110108
vn 3.2539e-05 -0.000223981 1
v 0.262628 0.048193 0.110107
vn 0 -0.000537405 1
v 0.261984 0.0462077 0.110106
vn 0 -0.000268704 1
v 0.26223 0.0533878 0.110108
vn -0.587103 0.808108 0.0476576
v 0.263918 0.0546151 0.110108
vn -0.587222 0.808022 0.0476625
v 0.26223 0.0534014 0.0425807
vn -0.587827 0.808987 0.000163861
v 0.265607 0.0558414 0.110109
vn -0.586996 0.808185 0.0476677
v 0.263918 0.0546288 0.0425807
vn -0.587773 0.809026 0.000159734
v 0.267295 0.0570677 0.110109
vn -0.409334 0.911777 0.0332987
v 0.265607 0.0558551 0.0425817
vn -0.587712 0.80907 0.00016181
v 0.263918 0.0546414 -0.0249467
vn -0.587773 0.809026 0.000159734
v 0.26223 0.0534288 -0.0924741
vn -0.587665 0.809105 0.000163884
v 0.26223 0.0534151 -0.0249467
vn -0.587719 0.809065 0.000161809
v 0.267295 0.0570814 0.0425817
vn -0.308979 0.951069 0.000192639
v 0.267295 0.0570951 -0.0249456
vn -0.308977 0.95107 0.000192705
v 0.265607 0.0558688 -0.0249456
vn -0.587822 0.808991 0.000163987
v 0.267295 0.0571088 -0.092473
vn -0.308974 0.95107 0.000192787
v 0.265607 0.0558825 -0.092473
vn -0.587822 0.808991 0.000163987
v 0.267295 0.0571225 -0.16
vn -0.204687 0.978274 -0.0329184
v 0.265607 0.0558962 -0.16
vn -0.5871 0.808129 -0.047338
v 0.263918 0.0546688 -0.16
vn -0.58722 0.808043 -0.0473266
v 0.26223 0.0534425 -0.160001
vn -0.587002 0.808201 -0.0473293
v 0.263918 0.0546551 -0.0924741
vn -0.58783 0.808984 0.000163924
v 0.270425 0.0474888 -0.160002
vn -6.5071e-05 0.000200295 -1
v 0.267693 0.0494741 -0.160001
vn 4.02086e-05 0.000234496 -1
v 0.269382 0.0507004 -0.160001
vn 2.0106e-05 0.000283299 -1
v 0.264962 0.0514583 -0.160001
vn 4.02135e-05 0.000234523 -1
v 0.26665 0.0526846 -0.160001
vn 4.01803e-05 0.000234498 -1
v 0.268338 0.053912 -0.16
vn 0.000105286 0.000200295 -1
v 0.270425 0.0474351 0.110107
vn -0.000105287 -0.000200296 1
v 0.269382 0.0506456 0.110107
vn 6.51004e-05 -0.000200298 1
v 0.267693 0.0494193 0.110107
vn 7.74951e-05 -0.000251641 1
v 0.268338 0.0538572 0.110108
vn 9.38337e-05 -0.00028866 1
v 0.26665 0.0526298 0.110108
vn 7.86959e-05 -0.000244714 1
v 0.264962 0.0514035 0.110108
vn 9.76015e-05 -0.000134379 1
v 0.269382 0.0570677 0.110109
vn 0 0.998862 0.047693
v 0.271469 0.0570677 0.110109
vn 0 0.998862 0.0476854
v 0.269382 0.0570814 0.0425817
vn 0 1 0.00020255
v 0.273555 0.0570677 0.110109
vn 0 0.998862 0.0477006
v 0.271469 0.0570814 0.0425817
vn 0 1 0.00020255
v 0.275642 0.0570677 0.110109
vn 0.204683 0.978261 0.033315
v 0.273555 0.0570814 0.0425817
vn 0 1 0.00020255
v 0.271469 0.0570951 -0.0249456
vn 0 1 0.00020255
v 0.269382 0.0571088 -0.092473
vn 0 1 0.000202783
v 0.269382 0.0570951 -0.0249456
vn 0 1 0.00020255
v 0.275642 0.0570814 0.0425817
vn 0.308979 0.951069 0.000192639
v 0.275642 0.0570951 -0.0249456
vn 0.308979 0.951069 0.000192639
v 0.273555 0.0570951 -0.0249456
vn 0 1 0.00020255
v 0.275642 0.0571088 -0.092473
vn 0.308974 0.95107 0.000192934
v 0.273555 0.0571088 -0.092473
vn 0 1 0.000202783
v 0.275642 0.0571225 -0.16
vn 0.409334 0.91179 -0.0329292
v 0.273555 0.0571225 -0.16
vn 0 0.998881 -0.0472962
v 0.271469 0.0571225 -0.16
vn 0 0.998881 -0.0472881
v 0.269382 0.0571225 -0.16
vn 0 0.998882 -0.04728
v 0.271469 0.0571088 -0.092473
vn 0 1 0.000202783
v 0.272511 0.0474888 -0.160002
vn 6.50706e-05 0.000200295 -1
v 0.271468 0.0507004 -0.160001
vn 0 0.000332114 -1
v 0.273554 0.0507004 -0.160001
vn -2.01051e-05 0.000283319 -1
v 0.270425 0.053912 -0.16
vn 0 0.00016607 -1
v 0.272511 0.053912 -0.16
vn 0 0.000166084 -1
v 0.274598 0.053912 -0.16
vn -0.000105279 0.00020031 -1
v 0.272511 0.0474351 0.110107
vn 0.000105286 -0.000200296 1
v 0.273554 0.0506456 0.110107
vn -6.50976e-05 -0.000200292 1
v 0.271468 0.0506456 0.110107
vn 0 -0.000166084 1
v 0.274598 0.0538572 0.110108
vn -9.38276e-05 -0.000288642 1
v 0.272511 0.0538572 0.110108
vn 0 -0.000322398 1
v 0.270425 0.0538572 0.110108
vn 0 -0.000322397 1
v 0.27733 0.0558414 0.110109
vn 0.587077 0.808127 0.0476643
v 0.279017 0.0546151 0.110108
vn 0.58727 0.807986 0.0476751
v 0.27733 0.0558551 0.0425817
vn 0.587779 0.809021 0.000163868
v 0.280706 0.0533878 0.110108
vn 0.587216 0.808026 0.0476542
v 0.279017 0.0546288 0.0425817
vn 0.587949 0.808898 0.000163844
v 0.282394 0.0521614 0.110108
vn 0.740475 0.671261 0.0332546
v 0.280706 0.0534014 0.0425807
vn 0.587827 0.808987 0.000163861
v 0.279017 0.0546425 -0.0249456
vn 0.587949 0.808898 0.000164031
v 0.27733 0.0558825 -0.092473
vn 0.587776 0.809024 0.000164119
v 0.27733 0.0558688 -0.0249456
vn 0.587777 0.809023 0.000163993
v 0.282394 0.0521751 0.0425807
vn 0.808886 0.587966 0.000119093
v 0.282394 0.0521888 -0.0249467
vn 0.808886 0.587966 0.000119093
v 0.280706 0.0534151 -0.0249467
vn 0.587829 0.808985 0.000163923
v 0.282394 0.0522025 -0.0924741
vn 0.808886 0.587966 0.000119093
v 0.280706 0.0534288 -0.0924741
vn 0.587776 0.809023 0.000161738
v 0.282394 0.0522161 -0.160001
vn 0.867014 0.497188 -0.0330199
v 0.280706 0.0534425 -0.160001
vn 0.586997 0.808204 -0.0473293
v 0.279017 0.0546688 -0.16
vn 0.587306 0.80798 -0.0473364
v 0.27733 0.0558962 -0.16
vn 0.587265 0.808009 -0.0473454
v 0.279017 0.0546562 -0.092473
vn 0.588008 0.808855 0.000159701
v 0.274199 0.0462625 -0.160002
vn -2.0109e-05 0.000117275 -1
v 0.275243 0.0494741 -0.160001
vn -4.02089e-05 0.000234496 -1
v 0.276931 0.0482467 -0.160002
vn -7.27447e-05 0.000279279 -1
v 0.276286 0.0526846 -0.160001
vn -4.0187e-05 0.000234507 -1
v 0.277974 0.0514583 -0.160001
vn -4.02135e-05 0.000234523 -1
v 0.279663 0.0502319 -0.160001
vn 3.25311e-05 0.000223921 -1
v 0.274199 0.0462077 0.110106
vn 7.27448e-05 -0.00027928 1
v 0.276931 0.048193 0.110107
vn -9.76028e-05 -0.000403065 1
v 0.275243 0.0494193 0.110107
vn -7.74957e-05 -0.000251641 1
v 0.279663 0.0501772 0.110108
vn -3.25372e-05 -0.000223968 1
v 0.277974 0.0514035 0.110108
vn -9.76015e-05 -0.000134379 1
v 0.276286 0.0526298 0.110108
vn -7.8709e-05 -0.000244698 1
v 0.283039 0.0501772 0.110108
vn 0.949958 0.308734 0.0475671
v 0.283684 0.048193 0.110107
vn 0.95007 0.308388 0.047576
v 0.283039 0.0501909 0.0425807
vn 0.951053 0.309028 6.26175e-05
v 0.284328 0.0462077 0.110106
vn 0.950035 0.3085 0.0475528
v 0.283684 0.0482067 0.0425796
vn 0.951156 0.308711 6.0952e-05
v 0.284328 0.0462214 0.0425786
vn 0.951069 0.308978 6.17712e-05
v 0.283684 0.0482193 -0.0249477
vn 0.951156 0.308711 6.09042e-05
v 0.283039 0.0502183 -0.0924741
vn 0.951077 0.308953 6.25786e-05
v 0.283039 0.0502046 -0.0249467
vn 0.951069 0.308978 6.17709e-05
v 0.284328 0.0462351 -0.0249477
vn 0.951053 0.309028 6.25941e-05
v 0.284328 0.0462488 -0.0924751
vn 0.951053 0.309028 6.26657e-05
v 0.284328 0.0462625 -0.160002
vn 0.949959 0.308751 -0.0474326
v 0.283684 0.0482467 -0.160002
vn 0.950066 0.308422 -0.0474424
v 0.283039 0.0502319 -0.160001
vn 0.950032 0.308525 -0.0474452
v 0.283684 0.048233 -0.0924751
vn 0.951148 0.308736 6.25825e-05
v 0.277575 0.0462625 -0.160002
vn 0 0 -1
v 0.280307 0.0482467 -0.160002
vn 0 0.000268705 -1
v 0.280952 0.0462625 -0.160002
vn 0 0 -1
v 0.277575 0.0462077 0.110106
vn 0 -0.000268691 1
v 0.280952 0.0462077 0.110106
vn 0 -0.000268718 1
v 0.280307 0.048193 0.110107
vn 0 -0.000537405 1
v -0.256595 0.0442235 0.112483
vn 0.99363 0.107702 0.0331473
v -0.257241 0.0422393 0.112483
vn 0.949971 -0.308715 0.0474328
v -0.256595 0.0442372 0.0449554
vn 1 -8.05748e-07 2.05785e-21
v -0.257885 0.0402541 0.112482
vn 0.950051 -0.308469 0.0474424
v -0.257241 0.042253 0.0449554
vn 0.951085 -0.308928 -6.09472e-05
v -0.256595 0.0442509 -0.0225719
vn 1 8.42746e-18 8.55956e-07
v -0.25853 0.0382688 0.112482
vn 0.949989 -0.30866 0.047434
v -0.257885 0.0402677 0.0449554
vn 0.951094 -0.308903 -6.17563e-05
v -0.259174 0.0362846 0.112482
vn 0.867163 -0.496928 0.0330204
v -0.25853 0.0382825 0.0449544
vn 0.951068 -0.308982 -6.42112e-05
v -0.257885 0.0402814 -0.0225719
vn 0.951061 -0.309003 -6.34746e-05
v -0.257241 0.0422793 -0.0900993
vn 0.951069 -0.30898 -6.4235e-05
v -0.257241 0.0422656 -0.0225719
vn 0.951085 -0.308929 -6.09951e-05
v -0.256595 0.0442783 -0.157626
vn 0.993632 -0.10769 -0.0331436
v -0.256595 0.0442646 -0.0900983
vn 1 1.68535e-17 7.61203e-20
v -0.259174 0.0362983 0.0449544
vn 0.809012 -0.587793 -0.000123007
v -0.259174 0.036313 -0.022573
vn 0.809011 -0.587793 -0.000124393
v -0.25853 0.0382972 -0.022573
vn 0.951052 -0.309031 -6.50586e-05
v -0.259174 0.0363267 -0.0901004
vn 0.809012 -0.587792 -0.000119174
v -0.25853 0.0383109 -0.0900993
vn 0.95106 -0.309006 -6.34276e-05
v -0.259174 0.0363404 -0.157628
vn 0.74057 -0.671156 -0.033254
v -0.25853 0.0383246 -0.157627
vn 0.950018 -0.30855 -0.0475686
v -0.257885 0.0403098 -0.157627
vn 0.949973 -0.30869 -0.0475659
v -0.257241 0.042294 -0.157626
vn 0.950004 -0.308594 -0.0475647
v -0.257885 0.0402951 -0.0900993
vn 0.951053 -0.309027 -6.50098e-05
v -0.270101 0.0442783 -0.157626
vn 0 0.000120181 -1
v -0.266725 0.0442783 -0.157626
vn 0 0 -1
v -0.267369 0.042294 -0.157626
vn 7.27217e-05 0.000279296 -1
v -0.263348 0.0442783 -0.157626
vn 0 0 -1
v -0.263993 0.042294 -0.157626
vn 0 0.000268761 -1
v -0.264637 0.0403098 -0.157627
vn -1.36371e-05 0.000334264 -1
v -0.259972 0.0442783 -0.157626
vn 0 0 -1
v -0.260616 0.042294 -0.157626
vn 0 0.000268789 -1
v -0.261262 0.0403098 -0.157627
vn 0 0.000268719 -1
v -0.261906 0.0383246 -0.157627
vn 6.84952e-05 0.000262865 -1
v -0.270101 0.0442235 0.112483
vn 0 -0.000194466 1
v -0.267369 0.0422393 0.112483
vn 6.50717e-05 -0.000179156 1
v -0.266725 0.0442235 0.112483
vn 0 -0.000268775 1
v -0.264637 0.0402541 0.112482
vn 3.25286e-05 -0.000223874 1
v -0.263993 0.0422393 0.112483
vn 0 -0.000268688 1
v -0.263348 0.0442235 0.112483
vn 0 -0.000268775 1
v -0.261906 0.0382688 0.112482
vn 0 0 1
v -0.261262 0.0402541 0.112482
vn 0 -0.000268644 1
v -0.260616 0.0422393 0.112483
vn 0 -0.000268717 1
v -0.259972 0.0442235 0.112483
vn 0 -0.000268775 1
v -0.260863 0.0350583 0.112482
vn 0.587005 -0.808199 0.0473295
v -0.262551 0.0338319 0.112482
vn 0.587074 -0.808148 0.0473306
v -0.260863 0.0350719 0.0449544
vn 0.58766 -0.809108 -0.000170338
v -0.264238 0.0326056 0.112481
vn 0.587158 -0.808087 0.0473316
v -0.262551 0.0338457 0.0449544
vn 0.587779 -0.809021 -0.00017032
v -0.265927 0.0313793 0.112481
vn 0.409337 -0.911789 0.0329288
v -0.264238 0.0326193 0.0449533
vn 0.587837 -0.808979 -0.000166113
v -0.262551 0.0338604 -0.022573
vn 0.587891 -0.80894 -0.000167985
v -0.260863 0.0351004 -0.0901004
vn 0.587663 -0.809106 -0.000164073
v -0.260863 0.0350867 -0.022573
vn 0.587661 -0.809107 -0.000170212
v -0.265927 0.031393 0.0449533
vn 0.308978 -0.951069 -0.000192868
v -0.265927 0.0314067 -0.0225741
vn 0.308978 -0.951069 -0.000192639
v -0.264238 0.032633 -0.0225741
vn 0.587945 -0.808901 -0.000163843
v -0.265927 0.0314204 -0.0901014
vn 0.308978 -0.951069 -0.000192639
v -0.264238 0.0326467 -0.0901014
vn 0.587947 -0.8089 -0.000163906
v -0.265927 0.031434 -0.157629
vn 0.204682 -0.978261 -0.033315
v -0.264238 0.0326604 -0.157629
vn 0.587192 -0.808043 -0.0476623
v -0.262551 0.0338878 -0.157628
vn 0.587381 -0.807906 -0.0476618
v -0.260863 0.0351141 -0.157628
vn 0.587001 -0.808182 -0.0476568
v -0.262551 0.033874 -0.0901004
vn 0.587945 -0.808901 -0.000164031
v -0.269057 0.0410667 -0.157627
vn 0.000105286 0.000200296 -1
v -0.266326 0.0390825 -0.157627
vn -7.18001e-05 0.000243713 -1
v -0.268014 0.0378562 -0.157627
vn -6.12687e-05 0.00018851 -1
v -0.263594 0.0370983 -0.157628
vn 3.78477e-05 0.000220727 -1
v -0.265283 0.035872 -0.157628
vn -7.18125e-05 0.000243695 -1
v -0.26697 0.0346446 -0.157628
vn -9.57409e-05 0.000294532 -1
v -0.269057 0.041013 0.112483
vn 6.50706e-05 -0.000200295 1
v -0.268014 0.0378014 0.112482
vn 3.2531e-05 -0.000100134 1
v -0.266326 0.0390277 0.112482
vn 9.75865e-05 -0.000134359 1
v -0.26697 0.0345898 0.112482
vn 6.12452e-05 -0.000188519 1
v -0.265283 0.0358161 0.112482
vn -1.89264e-05 -0.000110352 1
v -0.263594 0.0370425 0.112482
vn 0 0 1
v -0.268013 0.0313793 0.112481
vn 0 -0.998881 0.0472953
v -0.270101 0.0313793 0.112481
vn 0 -0.998882 0.0472794
v -0.268013 0.031393 0.0449533
vn 0 -1 -0.000202783
v -0.272187 0.0313793 0.112481
vn 0 -0.998881 0.0472953
v -0.270101 0.031393 0.0449533
vn 0 -1 -0.000202783
v -0.274274 0.0313793 0.112481
vn -0.204616 -0.978289 0.0329149
v -0.272187 0.031393 0.0449533
vn 0 -1 -0.000202783
v -0.270101 0.0314067 -0.0225741
vn 0 -1 -0.00020255
v -0.268013 0.0314204 -0.0901014
vn 0 -1 -0.00020255
v -0.268013 0.0314067 -0.0225741
vn 0 -1 -0.00020255
v -0.274274 0.031393 0.0449533
vn -0.3089 -0.951094 -0.000192858
v -0.274274 0.0314067 -0.0225741
vn -0.3089 -0.951094 -0.000192645
v -0.272187 0.0314067 -0.0225741
vn 0 -1 -0.00020255
v -0.274274 0.0314204 -0.0901014
vn -0.3089 -0.951094 -0.000192645
v -0.272187 0.0314204 -0.0901014
vn 0 -1 -0.00020255
v -0.274274 0.031434 -0.157629
vn -0.409269 -0.911806 -0.0333019
v -0.272187 0.031434 -0.157629
vn 0 -0.998862 -0.0476929
v -0.270101 0.031434 -0.157629
vn 0 -0.998862 -0.0476932
v -0.268013 0.031434 -0.157629
vn 0 -0.998862 -0.047693
v -0.270101 0.0314204 -0.0901014
vn 0 -1 -0.00020255
v -0.271144 0.0410667 -0.157627
vn -0.000105287 0.000200296 -1
v -0.270101 0.0378562 -0.157627
vn 0 0.000156314 -1
v -0.272187 0.0378562 -0.157627
vn 6.12689e-05 0.00018851 -1
v -0.269057 0.0346446 -0.157628
vn 0 0.000322399 -1
v -0.271144 0.0346446 -0.157628
vn 0 0.000322398 -1
v -0.273231 0.0346446 -0.157628
vn 9.57331e-05 0.000294535 -1
v -0.271144 0.041013 0.112483
vn -6.50709e-05 -0.000200295 1
v -0.272187 0.0378014 0.112482
vn -3.25312e-05 -0.000100134 1
v -0.270101 0.0378014 0.112482
vn 0 -0.000166056 1
v -0.273231 0.0345898 0.112482
vn -6.12402e-05 -0.00018853 1
v -0.271144 0.0345898 0.112482
vn 0 -0.000156314 1
v -0.269057 0.0345898 0.112482
vn 0 -0.000156327 1
v -0.275963 0.0326056 0.112481
vn -0.587078 -0.808146 0.047325
v -0.27765 0.0338319 0.112482
vn -0.587158 -0.808087 0.0473369
v -0.275963 0.0326193 0.0449533
vn -0.587783 -0.809019 -0.000164055
v -0.279338 0.0350583 0.112482
vn -0.586999 -0.808203 0.0473293
v -0.27765 0.0338457 0.0449544
vn -0.587779 -0.809021 -0.000163992
v -0.281027 0.0362846 0.112482
vn -0.740483 -0.671265 0.032983
v -0.279338 0.0350719 0.0449544
vn -0.587658 -0.809109 -0.00016401
v -0.27765 0.0338593 -0.0225741
vn -0.587781 -0.80902 -0.00016393
v -0.275963 0.0326467 -0.0901014
vn -0.587783 -0.809019 -0.000163868
v -0.275963 0.032633 -0.0225741
vn -0.587783 -0.809019 -0.000163867
v -0.281027 0.0362983 0.0449544
vn -0.808978 -0.587839 -0.000123084
v -0.281027 0.036313 -0.022573
vn -0.808977 -0.587841 -0.000124336
v -0.279338 0.0350856 -0.022573
vn -0.587824 -0.808989 -0.000170251
v -0.281027 0.0363267 -0.0901004
vn -0.808886 -0.587966 -0.00011925
v -0.279338 0.0351004 -0.0901004
vn -0.587824 -0.808989 -0.00017025
v -0.281027 0.0363404 -0.157628
vn -0.867011 -0.49718 -0.0332218
v -0.279338 0.0351141 -0.157628
vn -0.587 -0.808183 -0.0476567
v -0.27765 0.0338878 -0.157628
vn -0.5873 -0.807964 -0.0476637
v -0.275963 0.0326604 -0.157629
vn -0.587273 -0.807984 -0.047673
v -0.27765 0.033873 -0.0901004
vn -0.587947 -0.8089 -0.00017017
v -0.272832 0.042294 -0.157626
vn -7.27104e-05 0.000279281 -1
v -0.273875 0.0390825 -0.157627
vn 7.18e-05 0.000243713 -1
v -0.275564 0.0403098 -0.157627
vn 1.3635e-05 0.000334268 -1
v -0.274918 0.035872 -0.157628
vn 7.18123e-05 0.000243695 -1
v -0.276607 0.0370983 -0.157628
vn -3.78477e-05 0.000220727 -1
v -0.278295 0.0383246 -0.157627
vn -6.84846e-05 0.000262851 -1
v -0.272832 0.0422393 0.112483
vn -6.50617e-05 -0.000179156 1
v -0.275564 0.0402541 0.112482
vn -3.25235e-05 -0.000223895 1
v -0.273875 0.0390277 0.112482
vn -9.75863e-05 -0.000134359 1
v -0.278295 0.0382688 0.112482
vn 0 0 1
v -0.276607 0.0370425 0.112482
vn 0 0 1
v -0.274918 0.0358161 0.112482
vn 1.89263e-05 -0.000110352 1
v -0.281672 0.0382688 0.112482
vn -0.94999 -0.308655 0.0474354
v -0.282316 0.0402541 0.112482
vn -0.950082 -0.308372 0.0474404
v -0.281672 0.0382835 0.0449544
vn -0.951077 -0.308953 -6.50193e-05
v -0.282961 0.0422393 0.112483
vn -0.950037 -0.308513 0.0474276
v -0.282316 0.0402677 0.0449544
vn -0.951158 -0.308704 -6.41538e-05
v -0.283606 0.0442235 0.112483
vn -0.99363 -0.107716 0.0331038
v -0.282961 0.042253 0.0449554
vn -0.951069 -0.308978 -6.33966e-05
v -0.282316 0.0402825 -0.0225719
vn -0.951158 -0.308704 -6.41538e-05
v -0.281672 0.0383109 -0.0901004
vn -0.951077 -0.308953 -6.26507e-05
v -0.281672 0.0382972 -0.022573
vn -0.951069 -0.308978 -6.33966e-05
v -0.283606 0.0442372 0.0449554
vn -1 -8.42893e-18 -2.05784e-21
v -0.283606 0.0442509 -0.0225719
vn -1 5.03581e-08 0
v -0.282961 0.0422667 -0.0225719
vn -0.951053 -0.309028 -6.25938e-05
v -0.283606 0.0442646 -0.0900983
vn -1 8.05732e-07 0
v -0.282961 0.0422804 -0.0900993
vn -0.951053 -0.309028 -6.25943e-05
v -0.283606 0.0442783 -0.157626
vn -0.993631 0.107707 -0.0331039
v -0.282961 0.042294 -0.157626
vn -0.949955 -0.308746 -0.0475575
v -0.282316 0.0403098 -0.157627
vn -0.95007 -0.30839 -0.047558
v -0.281672 0.0383246 -0.157627
vn -0.950035 -0.308498 -0.0475662
v -0.282316 0.0402962 -0.0900993
vn -0.95115 -0.308729 -6.25573e-05
v -0.273477 0.0442783 -0.157626
vn 0 0 -1
v -0.276209 0.042294 -0.157626
vn 0 0.000268789 -1
v -0.276853 0.0442783 -0.157626
vn 0 0 -1
v -0.278941 0.0403098 -0.157627
vn 0 0.000268691 -1
v -0.279585 0.042294 -0.157626
vn 0 0.000268775 -1
v -0.280229 0.0442783 -0.157626
vn 0 0 -1
v -0.273477 0.0442235 0.112483
vn 0 -0.000268775 1
v -0.276853 0.0442235 0.112483
vn 0 -0.000268775 1
v -0.276209 0.0422393 0.112483
vn 0 -0.000268716 1
v -0.280229 0.0442235 0.112483
vn 0 -0.000268775 1
v -0.279585 0.0422393 0.112483
vn 0 -0.000268702 1
v -0.278941 0.0402541 0.112482
vn 0 -0.000268617 1
v -0.282961 0.0462077 0.112484
vn -0.949973 0.308689 0.0475579
v -0.282316 0.048193 0.112484
vn -0.950084 0.308347 0.0475584
v -0.282961 0.0462214 0.0449565
vn -0.951077 0.308954 6.26026e-05
v -0.281672 0.0501772 0.112485
vn -0.950006 0.308587 0.0475648
v -0.282316 0.0482067 0.0449565
vn -0.951142 0.308753 6.09606e-05
v -0.281027 0.0521614 0.112485
vn -0.867007 0.497187 0.0332211
v -0.281672 0.0501909 0.0449575
vn -0.951061 0.309003 6.17761e-05
v -0.282316 0.0482193 -0.0225699
vn -0.951142 0.308754 6.09129e-05
v -0.282961 0.0462488 -0.0900983
vn -0.951053 0.309028 6.26415e-05
v -0.282961 0.0462351 -0.0225709
vn -0.951061 0.309003 6.17762e-05
v -0.281027 0.0521751 0.0449575
vn -0.808886 0.587966 0.000119093
v -0.281027 0.0521888 -0.0225699
vn -0.808886 0.587966 0.000119093
v -0.281672 0.0502046 -0.0225699
vn -0.951077 0.308953 6.25786e-05
v -0.281027 0.0522025 -0.0900972
vn -0.808886 0.587966 0.000119093
v -0.281672 0.0502183 -0.0900972
vn -0.951077 0.308954 6.26025e-05
v -0.281027 0.0522161 -0.157625
vn -0.740483 0.671265 -0.032983
v -0.281672 0.0502319 -0.157625
vn -0.949968 0.308722 -0.0474458
v -0.282316 0.0482467 -0.157626
vn -0.950085 0.308366 -0.0474245
v -0.282961 0.0462625 -0.157626
vn -0.950007 0.308604 -0.0474345
v -0.282316 0.048233 -0.0900972
vn -0.95115 0.308729 6.26045e-05
v -0.272832 0.0462625 -0.157626
vn 2.01059e-05 0.000117257 -1
v -0.276209 0.0462625 -0.157626
vn 0 0 -1
v -0.275564 0.0482467 -0.157626
vn 7.27334e-05 0.000279264 -1
v -0.279585 0.0462625 -0.157626
vn 0 0 -1
v -0.278941 0.0482467 -0.157626
vn 0 0.000268718 -1
v -0.278295 0.0502319 -0.157625
vn -3.25296e-05 0.000223937 -1
v -0.272832 0.0462077 0.112484
vn 3.25553e-05 -0.000223925 1
v -0.275564 0.048193 0.112484
vn 6.50581e-05 -0.000179149 1
v -0.276209 0.0462077 0.112484
vn 0 -0.000268691 1
v -0.278295 0.0501772 0.112485
vn 3.25357e-05 -0.000223985 1
v -0.278941 0.048193 0.112484
vn 0 -0.000268716 1
v -0.279585 0.0462077 0.112484
vn 0 -0.000268705 1
v -0.279338 0.0533878 0.112485
vn -0.587102 0.808109 0.047658
v -0.27765 0.0546151 0.112485
vn -0.587297 0.807967 0.0476636
v -0.279338 0.0534014 0.0449575
vn -0.587824 0.808989 0.000163861
v -0.275963 0.0558414 0.112486
vn -0.587161 0.808065 0.0476709
v -0.27765 0.0546288 0.0449575
vn -0.587891 0.80894 0.000159717
v -0.274274 0.0570677 0.112486
vn -0.409269 0.911806 0.0333019
v -0.275963 0.0558551 0.0449586
vn -0.587837 0.808979 0.000161793
v -0.27765 0.0546414 -0.0225699
vn -0.587891 0.80894 0.000159718
v -0.279338 0.0534288 -0.0900972
vn -0.587661 0.809107 0.000163885
v -0.279338 0.0534151 -0.0225699
vn -0.587715 0.809068 0.00016181
v -0.274274 0.0570814 0.0449586
vn -0.3089 0.951094 0.000192645
v -0.274274 0.0570951 -0.0225688
vn -0.308898 0.951095 0.000192711
v -0.275963 0.0558688 -0.0225688
vn -0.587947 0.8089 0.000163969
v -0.274274 0.0571088 -0.0900962
vn -0.308895 0.951096 0.000192792
v -0.275963 0.0558825 -0.0900962
vn -0.587947 0.8089 0.000163968
v -0.274274 0.0571225 -0.157624
vn -0.204615 0.978289 -0.0329153
v -0.275963 0.0558962 -0.157624
vn -0.587185 0.808068 -0.0473347
v -0.27765 0.0546688 -0.157624
vn -0.587381 0.807925 -0.0473342
v -0.279338 0.0534425 -0.157625
vn -0.586996 0.808205 -0.0473291
v -0.27765 0.0546551 -0.0900962
vn -0.587948 0.808898 0.000163906
v -0.271144 0.0474888 -0.157626
vn -6.50711e-05 0.000200295 -1
v -0.273875 0.0494741 -0.157625
vn 4.02085e-05 0.000234496 -1
v -0.272187 0.0507004 -0.157625
vn 2.01053e-05 0.000283319 -1
v -0.276607 0.0514583 -0.157625
vn 4.02131e-05 0.000234522 -1
v -0.274918 0.0526846 -0.157625
vn 4.01869e-05 0.000234507 -1
v -0.273231 0.053912 -0.157624
vn 0.00010527 0.000200293 -1
v -0.271144 0.0474351 0.112484
vn 3.25631e-05 -0.000100148 1
v -0.272187 0.0506456 0.112484
vn 6.50982e-05 -0.000200292 1
v -0.273875 0.0494193 0.112484
vn 9.76014e-05 -0.00013438 1
v -0.273231 0.0538572 0.112485
vn 9.38195e-05 -0.000288643 1
v -0.274918 0.0526298 0.112485
vn 7.87087e-05 -0.000244698 1
v -0.276607 0.0514035 0.112485
vn 9.76007e-05 -0.00013438 1
v -0.272187 0.0570677 0.112486
vn 0 0.998862 0.0476929
v -0.270101 0.0570677 0.112486
vn 0 0.998862 0.0476931
v -0.272187 0.0570814 0.0449586
vn 0 1 0.00020255
v -0.268013 0.0570677 0.112486
vn 0 0.998862 0.047693
v -0.270101 0.0570814 0.0449586
vn 0 1 0.00020255
v -0.265927 0.0570677 0.112486
vn 0.204682 0.978261 0.0333149
v -0.268013 0.0570814 0.0449586
vn 0 1 0.00020255
v -0.270101 0.0570951 -0.0225688
vn 0 1 0.00020255
v -0.272187 0.0571088 -0.0900962
vn 0 1 0.000202783
v -0.272187 0.0570951 -0.0225688
vn 0 1 0.00020255
v -0.265927 0.0570814 0.0449586
vn 0.308978 0.951069 0.000192639
v -0.265927 0.0570951 -0.0225688
vn 0.308978 0.951069 0.000192639
v -0.268013 0.0570951 -0.0225688
vn 0 1 0.00020255
v -0.265927 0.0571088 -0.0900962
vn 0.308973 0.951071 0.000192934
v -0.268013 0.0571088 -0.0900962
vn 0 1 0.000202783
v -0.265927 0.0571225 -0.157624
vn 0.409334 0.91179 -0.0329293
v -0.268013 0.0571225 -0.157624
vn 0 0.998881 -0.0472961
v -0.270101 0.0571225 -0.157624
vn 0 0.998882 -0.0472801
v -0.272187 0.0571225 -0.157624
vn 0 0.998881 -0.0472961
v -0.270101 0.0571088 -0.0900962
vn 0 1 0.000202783
v -0.269057 0.0474888 -0.157626
vn 6.50708e-05 0.000200295 -1
v -0.270101 0.0507004 -0.157625
vn 0 0.000332114 -1
v -0.268014 0.0507004 -0.157625
vn -2.01052e-05 0.000283319 -1
v -0.271144 0.053912 -0.157624
vn 0 0.000166084 -1
v -0.269057 0.053912 -0.157624
vn 0 0.00016607 -1
v -0.26697 0.053912 -0.157624
vn -0.000105279 0.00020031 -1
v -0.269057 0.0474351 0.112484
vn -3.2563e-05 -0.000100148 1
v -0.268014 0.0506456 0.112484
vn -6.5098e-05 -0.000200292 1
v -0.270101 0.0506456 0.112484
vn 0 -0.000166084 1
v -0.26697 0.0538572 0.112485
vn -9.38272e-05 -0.000288642 1
v -0.269057 0.0538572 0.112485
vn 0 -0.000322397 1
v -0.271144 0.0538572 0.112485
vn 0 -0.000322398 1
v -0.264238 0.0558414 0.112486
vn 0.58708 0.808124 0.0476644
v -0.262551 0.0546151 0.112485
vn 0.587269 0.807986 0.0476752
v -0.264238 0.0558551 0.0449586
vn 0.587783 0.809019 0.000163868
v -0.260863 0.0533878 0.112485
vn 0.587211 0.80803 0.0476537
v -0.262551 0.0546288 0.0449586
vn 0.587945 0.808901 0.000163844
v -0.259174 0.0521614 0.112485
vn 0.740565 0.671162 0.0332533
v -0.260863 0.0534014 0.0449575
vn 0.587825 0.808988 0.000163861
v -0.262551 0.0546425 -0.0225688
vn 0.587945 0.808901 0.000164031
v -0.264238 0.0558825 -0.0900962
vn 0.587779 0.809021 0.000164118
v -0.264238 0.0558688 -0.0225688
vn 0.587781 0.80902 0.000163993
v -0.259174 0.0521751 0.0449575
vn 0.809012 0.587793 0.000119058
v -0.259174 0.0521888 -0.0225699
vn 0.809012 0.587793 0.000119058
v -0.260863 0.0534151 -0.0225699
vn 0.587827 0.808987 0.000163923
v -0.259174 0.0522025 -0.0900972
vn 0.809012 0.587793 0.000119058
v -0.260863 0.0534288 -0.0900972
vn 0.587775 0.809025 0.000161739
v -0.259174 0.0522161 -0.157625
vn 0.867163 0.496928 -0.0330204
v -0.260863 0.0534425 -0.157625
vn 0.586998 0.808203 -0.0473294
v -0.262551 0.0546688 -0.157624
vn 0.5873 0.807984 -0.0473361
v -0.264238 0.0558962 -0.157624
vn 0.587269 0.808006 -0.0473454
v -0.262551 0.0546562 -0.0900962
vn 0.588004 0.808858 0.000159701
v -0.267369 0.0462625 -0.157626
vn -2.0109e-05 0.000117275 -1
v -0.266326 0.0494741 -0.157625
vn -4.02086e-05 0.000234496 -1
v -0.264637 0.0482467 -0.157626
vn -7.27448e-05 0.000279279 -1
v -0.265283 0.0526846 -0.157625
vn -4.01869e-05 0.000234507 -1
v -0.263594 0.0514583 -0.157625
vn -4.02131e-05 0.000234523 -1
v -0.261906 0.0502319 -0.157625
vn 3.25346e-05 0.000223916 -1
v -0.267369 0.0462077 0.112484
vn -3.25603e-05 -0.000223904 1
v -0.264637 0.048193 0.112484
vn -6.50684e-05 -0.000179149 1
v -0.266326 0.0494193 0.112484
vn -9.76016e-05 -0.00013438 1
v -0.261906 0.0501772 0.112485
vn -3.25407e-05 -0.000223964 1
v -0.263594 0.0514035 0.112485
vn -9.76007e-05 -0.000134379 1
v -0.265283 0.0526298 0.112485
vn -7.87088e-05 -0.000244698 1
v -0.25853 0.0501772 0.112485
vn 0.950006 0.308589 0.0475598
v -0.257885 0.048193 0.112484
vn 0.94997 0.308698 0.0475712
v -0.25853 0.0501909 0.0449575
vn 0.951052 0.309031 6.26183e-05
v -0.257241 0.0462077 0.112484
vn 0.950039 0.308488 0.0475522
v -0.257885 0.0482067 0.0449565
vn 0.951085 0.308929 6.09948e-05
v -0.257241 0.0462214 0.0449554
vn 0.951069 0.308978 6.17709e-05
v -0.257885 0.0482193 -0.0225709
vn 0.951085 0.308928 6.09471e-05
v -0.25853 0.0502183 -0.0900972
vn 0.951076 0.308957 6.25793e-05
v -0.25853 0.0502046 -0.0225699
vn 0.951068 0.308982 6.17703e-05
v -0.257241 0.0462351 -0.0225709
vn 0.951053 0.309028 6.25941e-05
v -0.257241 0.0462488 -0.0900983
vn 0.951053 0.309028 6.26657e-05
v -0.257241 0.0462625 -0.157626
vn 0.949958 0.308756 -0.0474323
v -0.257885 0.0482467 -0.157626
vn 0.95002 0.308562 -0.0474402
v -0.25853 0.0502319 -0.157625
vn 0.949984 0.308676 -0.0474332
v -0.257885 0.048233 -0.0900983
vn 0.951077 0.308954 6.26266e-05
v -0.263993 0.0462625 -0.157626
vn 0 0 -1
v -0.261262 0.0482467 -0.157626
vn 0 0.000268691 -1
v -0.260616 0.0462625 -0.157626
vn 0 0 -1
v -0.263993 0.0462077 0.112484
vn 0 -0.000268719 1
v -0.260616 0.0462077 0.112484
vn 0 -0.00026869 1
v -0.261262 0.048193 0.112484
vn 0 -0.000268689 1
v -0.0536963 -0.18163 0.0851754
vn -0.218217 -0.436433 -0.872873
v -0.0536963 -0.15462 0.0851754
vn -0.242534 0 -0.970143
v -0.0266858 -0.18163 0.0851754
vn 0 -0.242534 -0.970143
v -0.0536963 -0.127608 0.0851754
vn -0.242534 0 -0.970143
v -0.0266858 -0.15462 0.0851754
vn 0 0 -1
v 0.000324751 -0.18163 0.0851754
vn 0 -0.242537 -0.970142
v -0.0536963 -0.100598 0.0851754
vn -0.242534 0 -0.970143
v -0.0266858 -0.127608 0.0851754
vn 0 0 -1
v -0.0536963 -0.0735859 0.0851754
vn -0.235701 0.235692 -0.942812
v -0.0266858 -0.100598 0.0851754
vn 0 0 -1
v 0.000324751 -0.127608 0.0851754
vn 0 0 -1
v 0.0273363 -0.15462 0.0851754
vn 0 0 -1
v 0.000324751 -0.15462 0.0851754
vn 0 0 -1
v 0.0543469 -0.18163 0.0851754
vn 0.24077 -0.120385 -0.963087
v 0.0273363 -0.18163 0.0851754
vn 0 -0.242531 -0.970144
v 0.0543469 -0.15462 0.0851754
vn 0.242534 0 -0.970143
v 0.0273363 -0.127608 0.0851754
vn 0 0 -1
v 0.0543469 -0.127608 0.0851754
vn 0.242534 0 -0.970143
v 0.000324751 -0.100598 0.0851754
vn 0 0 -1
v -0.0266858 -0.0735859 0.0851754
vn 0 0.242525 -0.970145
v 0.000324751 -0.0735859 0.0851754
vn 0 0.242525 -0.970145
v 0.0273363 -0.0735859 0.0851754
vn 0 0.242525 -0.970145
v 0.0273363 -0.100598 0.0851754
vn 0 0 -1
v 0.0543469 -0.0735859 0.0851754
vn 0.235701 0.235692 -0.942812
v 0.0543469 -0.100598 0.0851754
vn 0.242534 0 -0.970143
v -0.0266858 -0.18163 0.091928
vn 0 -1 0
v -0.0536963 -0.18163 0.091928
vn -0.707106 -0.707108 0
v 0.000324751 -0.18163 0.0986807
vn 0 -1 0
v -0.0266858 -0.18163 0.0986807
vn 0 -1 0
v -0.0536963 -0.18163 0.0986807
vn -0.707107 -0.707107 0
v 0.0273363 -0.18163 0.105433
vn 0 -1 0
v 0.000324751 -0.18163 0.105433
vn 0 -1 0
v 0.0543469 -0.18163 0.112186
vn 0.120386 -0.240772 0.963087
v 0.0273363 -0.18163 0.112186
vn 0 -0.242536 0.970142
v 0.000324751 -0.18163 0.112186
vn 0 -0.242536 0.970142
v -0.0266858 -0.18163 0.112186
vn 0 -0.242536 0.970142
v -0.0266858 -0.18163 0.105433
vn 0 -1 0
v -0.0536963 -0.18163 0.112186
vn -0.436436 -0.218218 0.872871
v -0.0536963 -0.18163 0.105433
vn -0.707107 -0.707107 0
v 0.000324751 -0.18163 0.091928
vn 0 -1 0
v 0.0273363 -0.18163 0.091928
vn 0 -1 0
v 0.0543469 -0.18163 0.091928
vn 0.707108 -0.707106 0
v 0.0543469 -0.18163 0.0986807
vn 0.707107 -0.707107 0
v 0.0543469 -0.18163 0.105433
vn 0.707107 -0.707107 0
v 0.0273363 -0.18163 0.0986807
vn 0 -1 0
v -0.0536963 -0.15462 0.091928
vn -1 0 0
v -0.0536963 -0.15462 0.0986807
vn -1 0 0
v -0.0536963 -0.15462 0.105433
vn -1 0 0
v -0.0536963 -0.127608 0.0986807
vn -1 0 0
v -0.0536963 -0.100598 0.091928
vn -1 0 0
v -0.0536963 -0.127608 0.091928
vn -1 0 0
v -0.0536963 -0.0735859 0.091928
vn -0.70712 0.707093 0
v -0.0536963 -0.100598 0.0986807
vn -1 0 0
v -0.0536963 -0.0735859 0.0986807
vn -0.70712 0.707093 0
v -0.0536963 -0.127608 0.105433
vn -1 0 0
v -0.0536963 -0.15462 0.112186
vn -0.242539 0 0.970142
v -0.0536963 -0.127608 0.112186
vn -0.242533 0 0.970143
v -0.0536963 -0.100598 0.112186
vn -0.242539 0 0.970142
v -0.0536963 -0.100598 0.105433
vn -1 0 0
v -0.0536963 -0.0735859 0.112186
vn -0.123092 0.123087 0.984732
v -0.0536963 -0.0735859 0.105433
vn -0.70712 0.707093 0
v -0.0266858 -0.0735859 0.091928
vn 0 1 0
v -0.0266858 -0.0735859 0.0986807
vn 0 1 0
v 0.000324751 -0.0735859 0.0986807
vn 0 1 0
v -0.0266858 -0.0735859 0.105433
vn 0 1 0
v -0.0266858 -0.0735859 0.112186
vn 0 0.242527 0.970145
v 0.000324751 -0.0735859 0.112186
vn 0 0.242524 0.970145
v 0.0273363 -0.0735859 0.112186
vn 0 0.24253 0.970144
v 0.000324751 -0.0735859 0.105433
vn 0 1 0
v 0.0543469 -0.0735859 0.112186
vn 0.408251 0.408236 0.816501
v 0.0273363 -0.0735859 0.105433
vn 0 1 0
v 0.000324751 -0.0735859 0.091928
vn 0 1 0
v 0.0273363 -0.0735859 0.0986807
vn 0 1 0
v 0.0543469 -0.0735859 0.105433
vn 0.70712 0.707093 0
v 0.0543469 -0.0735859 0.0986807
vn 0.70712 0.707093 0
v 0.0543469 -0.0735859 0.091928
vn 0.70712 0.707093 0
v 0.0273363 -0.0735859 0.091928
vn 0 1 0
v 0.0543469 -0.15462 0.091928
vn 1 0 0
v 0.0543469 -0.127608 0.0986807
vn 1 0 0
v 0.0543469 -0.15462 0.0986807
vn 1 0 0
v 0.0543469 -0.100598 0.105433
vn 1 0 0
v 0.0543469 -0.127608 0.105433
vn 1 0 0
v 0.0543469 -0.100598 0.112186
vn 0.242533 0 0.970143
v 0.0543469 -0.127608 0.112186
vn 0.242539 0 0.970142
v 0.0543469 -0.15462 0.112186
vn 0.242533 0 0.970143
v 0.0543469 -0.15462 0.105433
vn 1 0 0
v 0.0543469 -0.127608 0.091928
vn 1 0 0
v 0.0543469 -0.100598 0.091928
vn 1 0 0
v 0.0543469 -0.100598 0.0986807
vn 1 0 0
v 0.0273363 -0.15462 0.112186
vn 0 0 1
v 0.000324751 -0.127608 0.112186
vn 0 0 1
v 0.000324751 -0.15462 0.112186
vn 0 0 1
v -0.0266858 -0.100598 0.112186
vn 0 0 1
v -0.0266858 -0.127608 0.112186
vn 0 0 1
v -0.0266858 -0.15462 0.112186
vn 0 0 1
v 0.0273363 -0.127608 0.112186
vn 0 0 1
v 0.0273363 -0.100598 0.112186
vn 0 0 1
v 0.000324751 -0.100598 0.112186
vn 0 0 1
v -0.119228 -0.0108238 0.151082
vn 0.99319 0.0446172 -0.107621
v -0.119836 -0.0108238 0.152953
vn 0.949081 0.0639539 0.308473
v -0.119228 -0.0580933 0.151082
vn 1 0 1.24052e-06
v -0.120445 -0.0108238 0.154826
vn 0.949095 0.0639547 0.308428
v -0.119836 -0.0580933 0.152953
vn 0.951035 0 0.309083
v -0.119228 -0.105362 0.151082
vn 1 0 -1.22254e-06
v -0.121053 -0.0108238 0.156697
vn 0.949065 0.0639529 0.308523
v -0.120445 -0.0580933 0.154826
vn 0.951035 0 0.309083
v -0.121662 -0.0108238 0.158569
vn 0.866656 0.044613 0.496908
v -0.121053 -0.0580933 0.156697
vn 0.951011 0 0.309158
v -0.120445 -0.105362 0.154826
vn 0.951035 0 0.309083
v -0.119836 -0.152631 0.152953
vn 0.951035 0 0.309083
v -0.119836 -0.105362 0.152953
vn 0.951035 0 0.309083
v -0.119228 -0.199901 0.151082
vn 0.99319 -0.0446173 0.107621
v -0.119228 -0.152631 0.151082
vn 1 0 1.79783e-08
v -0.121662 -0.0580933 0.158569
vn 0.808919 0 0.587921
v -0.121662 -0.105362 0.158569
vn 0.80892 0 0.587919
v -0.121053 -0.105362 0.156697
vn 0.951011 0 0.309158
v -0.121662 -0.152631 0.158569
vn 0.808919 0 0.58792
v -0.121053 -0.152631 0.156697
vn 0.951011 0 0.309158
v -0.121662 -0.199901 0.158569
vn 0.740182 -0.0446096 0.670925
v -0.121053 -0.199901 0.156697
vn 0.949063 -0.0639528 0.308528
v -0.120445 -0.199901 0.154826
vn 0.94908 -0.0639652 0.308473
v -0.119836 -0.199901 0.152953
vn 0.949096 -0.0639436 0.308428
v -0.120445 -0.152631 0.154826
vn 0.951035 0 0.309083
v -0.131967 -0.199901 0.151082
vn 0 -1 0
v -0.128782 -0.199901 0.151082
vn 0 -1 0
v -0.12939 -0.199901 0.152953
vn 0 -1 0
v -0.125597 -0.199901 0.151082
vn 0 -1 0
v -0.126206 -0.199901 0.152953
vn 0 -1 0
v -0.126814 -0.199901 0.154826
vn 0 -1 0
v -0.122413 -0.199901 0.151082
vn 0 -1 0
v -0.123022 -0.199901 0.152953
vn 0 -1 0
v -0.12363 -0.199901 0.154826
vn 0 -1 0
v -0.124238 -0.199901 0.156697
vn 0 -1 0
v -0.131967 -0.0108238 0.151082
vn 0 1 0
v -0.12939 -0.0108238 0.152953
vn 0 1 0
v -0.128782 -0.0108238 0.151082
vn 0 1 0
v -0.126814 -0.0108238 0.154826
vn 0 1 0
v -0.126206 -0.0108238 0.152953
vn 0 1 0
v -0.125597 -0.0108238 0.151082
vn 0 1 0
v -0.124238 -0.0108238 0.156697
vn 0 1 0
v -0.12363 -0.0108238 0.154826
vn 0 1 0
v -0.123022 -0.0108238 0.152953
vn 0 1 0
v -0.122413 -0.0108238 0.151082
vn 0 1 0
v -0.123254 -0.0108238 0.159726
vn 0.586576 0.0639278 0.807367
v -0.124846 -0.0108238 0.160883
vn 0.586661 0.0639479 0.807304
v -0.123254 -0.0580933 0.159726
vn 0.587819 0 0.808992
v -0.126438 -0.0108238 0.16204
vn 0.586588 0.0639267 0.807359
v -0.124846 -0.0580933 0.160883
vn 0.587826 0 0.808988
v -0.12803 -0.0108238 0.163196
vn 0.409288 0.0446081 0.911314
v -0.126438 -0.0580933 0.16204
vn 0.587829 0 0.808985
v -0.124846 -0.105362 0.160883
vn 0.587826 0 0.808988
v -0.123254 -0.152631 0.159726
vn 0.587819 0 0.808992
v -0.123254 -0.105362 0.159726
vn 0.587819 0 0.808992
v -0.12803 -0.0580933 0.163196
vn 0.309045 0 0.951048
v -0.12803 -0.105362 0.163196
vn 0.309047 0 0.951047
v -0.126438 -0.105362 0.16204
vn 0.587829 0 0.808985
v -0.12803 -0.152631 0.163196
vn 0.309046 0 0.951047
v -0.126438 -0.152631 0.16204
vn 0.587829 0 0.808985
v -0.12803 -0.199901 0.163196
vn 0.204612 -0.0446011 0.977827
v -0.126438 -0.199901 0.16204
vn 0.586666 -0.0639364 0.807301
v -0.124846 -0.199901 0.160883
vn 0.586585 -0.0639385 0.80736
v -0.123254 -0.199901 0.159726
vn 0.586657 -0.0639366 0.807308
v -0.124846 -0.152631 0.160883
vn 0.587826 0 0.808988
v -0.130983 -0.199901 0.15411
vn 0 -1 0
v -0.128406 -0.199901 0.155983
vn 0 -1 0
v -0.129998 -0.199901 0.15714
vn 0 -1 0
v -0.12583 -0.199901 0.157854
vn 0 -1 0
v -0.127423 -0.199901 0.159011
vn 0 -1 0
v -0.129014 -0.199901 0.160168
vn 0 -1 0
v -0.130983 -0.0108238 0.15411
vn 0 1 0
v -0.129998 -0.0108238 0.15714
vn 0 1 0
v -0.128406 -0.0108238 0.155983
vn 0 1 0
v -0.129014 -0.0108238 0.160168
vn 0 1 0
v -0.127423 -0.0108238 0.159011
vn 0 1 0
v -0.12583 -0.0108238 0.157854
vn 0 1 0
v -0.129998 -0.0108238 0.163196
vn 0 0.063936 0.997954
v -0.131966 -0.0108238 0.163196
vn 0 0.063936 0.997954
v -0.129998 -0.0580933 0.163196
vn 0 0 1
v -0.133934 -0.0108238 0.163196
vn 0 0.063936 0.997954
v -0.131966 -0.0580933 0.163196
vn 0 0 1
v -0.135903 -0.0108238 0.163196
vn -0.204576 0.044605 0.977834
v -0.133934 -0.0580933 0.163196
vn 0 0 1
v -0.131966 -0.105362 0.163196
vn 0 0 1
v -0.129998 -0.152631 0.163196
vn 0 0 1
v -0.129998 -0.105362 0.163196
vn 0 0 1
v -0.135903 -0.0580933 0.163196
vn -0.308966 0 0.951073
v -0.135903 -0.105362 0.163196
vn -0.308963 0 0.951074
v -0.133934 -0.105362 0.163196
vn 0 0 1
v -0.135903 -0.152631 0.163196
vn -0.308964 0 0.951074
v -0.133934 -0.152631 0.163196
vn 0 0 1
v -0.135903 -0.199901 0.163196
vn -0.409149 -0.0446047 0.911377
v -0.133934 -0.199901 0.163196
vn 0 -0.0639364 0.997954
v -0.131966 -0.199901 0.163196
vn 0 -0.0639245 0.997955
v -0.129998 -0.199901 0.163196
vn 0 -0.0639475 0.997953
v -0.131966 -0.152631 0.163196
vn 0 0 1
v -0.132951 -0.199901 0.15411
vn 0 -1 0
v -0.131967 -0.199901 0.15714
vn 0 -1 0
v -0.133934 -0.199901 0.15714
vn 0 -1 0
v -0.130983 -0.199901 0.160168
vn 0 -1 0
v -0.13295 -0.199901 0.160168
vn 0 -1 0
v -0.134918 -0.199901 0.160168
vn 0 -1 0
v -0.132951 -0.0108238 0.15411
vn 0 1 0
v -0.133934 -0.0108238 0.15714
vn 0 1 0
v -0.131967 -0.0108238 0.15714
vn 0 1 0
v -0.134918 -0.0108238 0.160168
vn 0 1 0
v -0.13295 -0.0108238 0.160168
vn 0 1 0
v -0.130983 -0.0108238 0.160168
vn 0 1 0
v -0.137495 -0.0108238 0.16204
vn -0.586578 0.0639386 0.807365
v -0.139087 -0.0108238 0.160883
vn -0.58667 0.0639389 0.807298
v -0.137495 -0.0580933 0.16204
vn -0.587826 0 0.808988
v -0.140679 -0.0108238 0.159726
vn -0.586493 0.0639254 0.807428
v -0.139087 -0.0580933 0.160883
vn -0.587829 0 0.808985
v -0.142272 -0.0108238 0.158569
vn -0.740176 0.0446094 0.670931
v -0.140679 -0.0580933 0.159726
vn -0.587694 0 0.809083
v -0.139087 -0.105362 0.160883
vn -0.587829 0 0.808985
v -0.137495 -0.152631 0.16204
vn -0.587826 0 0.808988
v -0.137495 -0.105362 0.16204
vn -0.587826 0 0.808988
v -0.142272 -0.0580933 0.158569
vn -0.808916 0 0.587924
v -0.142272 -0.105362 0.158569
vn -0.808915 0 0.587926
v -0.140679 -0.105362 0.159726
vn -0.587694 0 0.809083
v -0.142272 -0.152631 0.158569
vn -0.808915 0 0.587925
v -0.140679 -0.152631 0.159726
vn -0.587694 0 0.809083
v -0.142272 -0.199901 0.158569
vn -0.866653 -0.0446131 0.496912
v -0.140679 -0.199901 0.159726
vn -0.586491 -0.0639252 0.807429
v -0.139087 -0.199901 0.160883
vn -0.586583 -0.0639306 0.807362
v -0.137495 -0.199901 0.16204
vn -0.586668 -0.0639473 0.807299
v -0.139087 -0.152631 0.160883
vn -0.587829 0 0.808985
v -0.134543 -0.199901 0.152953
vn 0 -1 0
v -0.135527 -0.199901 0.155983
vn 0 -1 0
v -0.137119 -0.199901 0.154826
vn 0 -1 0
v -0.136511 -0.199901 0.159011
vn 0 -1 0
v -0.138104 -0.199901 0.157854
vn 0 -1 0
v -0.139695 -0.199901 0.156697
vn 0 -1 0
v -0.134543 -0.0108238 0.152953
vn 0 1 0
v -0.137119 -0.0108238 0.154826
vn 0 1 0
v -0.135527 -0.0108238 0.155983
vn 0 1 0
v -0.139695 -0.0108238 0.156697
vn 0 1 0
v -0.138104 -0.0108238 0.157854
vn 0 1 0
v -0.136511 -0.0108238 0.159011
vn 0 1 0
v -0.142881 -0.0108238 0.156697
vn -0.949063 0.0639528 0.308528
v -0.143489 -0.0108238 0.154826
vn -0.949133 0.0639616 0.30831
v -0.142881 -0.0580933 0.156697
vn -0.951011 0 0.309158
v -0.144096 -0.0108238 0.152953
vn -0.949201 0.0639296 0.308107
v -0.143489 -0.0580933 0.154826
vn -0.951115 0 0.308838
v -0.144705 -0.0108238 0.151082
vn -0.99319 0.0446032 0.107626
v -0.144096 -0.0580933 0.152953
vn -0.951112 0 0.308845
v -0.143489 -0.105362 0.154826
vn -0.951115 0 0.308838
v -0.142881 -0.152631 0.156697
vn -0.951011 0 0.309158
v -0.142881 -0.105362 0.156697
vn -0.951011 0 0.309158
v -0.144705 -0.0580933 0.151082
vn -1 0 -1.24058e-06
v -0.144705 -0.105362 0.151082
vn -1 0 1.2226e-06
v -0.144096 -0.105362 0.152953
vn -0.951112 0 0.308845
v -0.144705 -0.152631 0.151082
vn -1 0 -1.79792e-08
v -0.144096 -0.152631 0.152953
vn -0.951112 0 0.308845
v -0.144705 -0.199901 0.151082
vn -0.99319 -0.0446032 -0.107626
v -0.144096 -0.199901 0.152953
vn -0.949132 -0.0639364 0.30832
v -0.143489 -0.199901 0.154826
vn -0.949201 -0.0639548 0.308102
v -0.142881 -0.199901 0.156697
vn -0.949065 -0.0639529 0.308523
v -0.143489 -0.152631 0.154826
vn -0.951115 0 0.308838
v -0.135151 -0.199901 0.151082
vn 0 -1 0
v -0.137728 -0.199901 0.152953
vn 0 -1 0
v -0.138336 -0.199901 0.151082
vn 0 -1 0
v -0.140304 -0.199901 0.154826
vn 0 -1 0
v -0.140912 -0.199901 0.152953
vn 0 -1 0
v -0.14152 -0.199901 0.151082
vn 0 -1 0
v -0.135151 -0.0108238 0.151082
vn 0 1 0
v -0.138336 -0.0108238 0.151082
vn 0 1 0
v -0.137728 -0.0108238 0.152953
vn 0 1 0
v -0.14152 -0.0108238 0.151082
vn 0 1 0
v -0.140912 -0.0108238 0.152953
vn 0 1 0
v -0.140304 -0.0108238 0.154826
vn 0 1 0
v -0.144096 -0.0108238 0.14921
vn -0.949133 0.0639364 -0.308317
v -0.143489 -0.0108238 0.147337
vn -0.949203 0.0639549 -0.308096
v -0.144096 -0.0580933 0.14921
vn -0.951114 0 -0.308841
v -0.142881 -0.0108238 0.145466
vn -0.949065 0.0639529 -0.308523
v -0.143489 -0.0580933 0.147337
vn -0.951116 0 -0.308833
v -0.142272 -0.0108238 0.143594
vn -0.866653 0.044613 -0.496912
v -0.142881 -0.0580933 0.145466
vn -0.951011 0 -0.309158
v -0.143489 -0.105362 0.147337
vn -0.951116 0 -0.308833
v -0.144096 -0.152631 0.14921
vn -0.951114 0 -0.308841
v -0.144096 -0.105362 0.14921
vn -0.951114 0 -0.308841
v -0.142272 -0.0580933 0.143594
vn -0.808915 0 -0.587926
v -0.142272 -0.105362 0.143594
vn -0.808916 0 -0.587924
v -0.142881 -0.105362 0.145466
vn -0.951011 0 -0.309158
v -0.142272 -0.152631 0.143594
vn -0.808915 0 -0.587925
v -0.142881 -0.152631 0.145466
vn -0.951011 0 -0.309158
v -0.142272 -0.199901 0.143594
vn -0.740176 -0.0446095 -0.670931
v -0.142881 -0.199901 0.145466
vn -0.949063 -0.0639528 -0.308528
v -0.143489 -0.199901 0.147337
vn -0.949134 -0.0639624 -0.308307
v -0.144096 -0.199901 0.14921
vn -0.949203 -0.0639291 -0.308101
v -0.143489 -0.152631 0.147337
vn -0.951116 0 -0.308833
v -0.134543 -0.199901 0.14921
vn 0 -1 0
v -0.137728 -0.199901 0.14921
vn 0 -1 0
v -0.137119 -0.199901 0.147337
vn 0 -1 0
v -0.140912 -0.199901 0.14921
vn 0 -1 0
v -0.140304 -0.199901 0.147337
vn 0 -1 0
v -0.139695 -0.199901 0.145466
vn 0 -1 0
v -0.134543 -0.0108238 0.14921
vn 0 1 0
v -0.137119 -0.0108238 0.147337
vn 0 1 0
v -0.137728 -0.0108238 0.14921
vn 0 1 0
v -0.139695 -0.0108238 0.145466
vn 0 1 0
v -0.140304 -0.0108238 0.147337
vn 0 1 0
v -0.140912 -0.0108238 0.14921
vn 0 1 0
v -0.140679 -0.0108238 0.142437
vn -0.586491 0.0639251 -0.807429
v -0.139087 -0.0108238 0.141281
vn -0.586576 0.0639305 -0.807367
v -0.140679 -0.0580933 0.142437
vn -0.587694 0 -0.809083
v -0.137495 -0.0108238 0.140124
vn -0.586654 0.0639479 -0.807309
v -0.139087 -0.0580933 0.141281
vn -0.587819 0 -0.808992
v -0.135903 -0.0108238 0.138967
vn -0.409149 0.0446047 -0.911377
v -0.137495 -0.0580933 0.140124
vn -0.587815 0 -0.808995
v -0.139087 -0.105362 0.141281
vn -0.587819 0 -0.808992
v -0.140679 -0.152631 0.142437
vn -0.587694 0 -0.809083
v -0.140679 -0.105362 0.142437
vn -0.587694 0 -0.809083
v -0.135903 -0.0580933 0.138967
vn -0.308963 0 -0.951074
v -0.135903 -0.105362 0.138967
vn -0.308966 0 -0.951073
v -0.137495 -0.105362 0.140124
vn -0.587815 0 -0.808995
v -0.135903 -0.152631 0.138967
vn -0.308964 0 -0.951074
v -0.137495 -0.152631 0.140124
vn -0.587815 0 -0.808995
v -0.135903 -0.199901 0.138967
vn -0.204576 -0.0446051 -0.977834
v -0.137495 -0.199901 0.140124
vn -0.586571 -0.0639389 -0.80737
v -0.139087 -0.199901 0.141281
vn -0.586657 -0.0639393 -0.807308
v -0.140679 -0.199901 0.142437
vn -0.586493 -0.0639254 -0.807428
v -0.139087 -0.152631 0.141281
vn -0.587819 0 -0.808992
v -0.132951 -0.199901 0.148053
vn 0 -1 0
v -0.135527 -0.199901 0.146182
vn 0 -1 0
v -0.133934 -0.199901 0.145025
vn 0 -1 0
v -0.138104 -0.199901 0.144309
vn 0 -1 0
v -0.136511 -0.199901 0.143152
vn 0 -1 0
v -0.134918 -0.199901 0.141995
vn 0 -1 0
v -0.132951 -0.0108238 0.148053
vn 0 1 0
v -0.133934 -0.0108238 0.145025
vn 0 1 0
v -0.135527 -0.0108238 0.146182
vn 0 1 0
v -0.134918 -0.0108238 0.141995
vn 0 1 0
v -0.136511 -0.0108238 0.143152
vn 0 1 0
v -0.138104 -0.0108238 0.144309
vn 0 1 0
v -0.133934 -0.0108238 0.138967
vn 0 0.0639363 -0.997954
v -0.131966 -0.0108238 0.138967
vn 0 0.0639245 -0.997955
v -0.133934 -0.0580933 0.138967
vn 0 0 -1
v -0.129998 -0.0108238 0.138967
vn 0 0.0639475 -0.997953
v -0.131966 -0.0580933 0.138967
vn 0 0 -1
v -0.12803 -0.0108238 0.138967
vn 0.204612 0.0446011 -0.977827
v -0.129998 -0.0580933 0.138967
vn 0 0 -1
v -0.131966 -0.105362 0.138967
vn 0 0 -1
v -0.133934 -0.152631 0.138967
vn 0 0 -1
v -0.133934 -0.105362 0.138967
vn 0 0 -1
v -0.12803 -0.0580933 0.138967
vn 0.309047 0 -0.951047
v -0.12803 -0.105362 0.138967
vn 0.309045 0 -0.951048
v -0.129998 -0.105362 0.138967
vn 0 0 -1
v -0.12803 -0.152631 0.138967
vn 0.309046 0 -0.951047
v -0.129998 -0.152631 0.138967
vn 0 0 -1
v -0.12803 -0.199901 0.138967
vn 0.409288 -0.0446081 -0.911314
v -0.129998 -0.199901 0.138967
vn 0 -0.063936 -0.997954
v -0.131966 -0.199901 0.138967
vn 0 -0.063936 -0.997954
v -0.133934 -0.199901 0.138967
vn 0 -0.063936 -0.997954
v -0.131966 -0.152631 0.138967
vn 0 0 -1
v -0.130983 -0.199901 0.148053
vn 0 -1 0
v -0.131967 -0.199901 0.145025
vn 0 -1 0
v -0.129998 -0.199901 0.145025
vn 0 -1 0
v -0.13295 -0.199901 0.141995
vn 0 -1 0
v -0.130983 -0.199901 0.141995
vn 0 -1 0
v -0.129014 -0.199901 0.141995
vn 0 -1 0
v -0.130983 -0.0108238 0.148053
vn 0 1 0
v -0.129998 -0.0108238 0.145025
vn 0 1 0
v -0.131967 -0.0108238 0.145025
vn 0 1 0
v -0.129014 -0.0108238 0.141995
vn 0 1 0
v -0.130983 -0.0108238 0.141995
vn 0 1 0
v -0.13295 -0.0108238 0.141995
vn 0 1 0
v -0.126438 -0.0108238 0.140124
vn 0.586659 0.0639366 -0.807306
v -0.124846 -0.0108238 0.141281
vn 0.586571 0.0639388 -0.80737
v -0.126438 -0.0580933 0.140124
vn 0.587819 0 -0.808992
v -0.123254 -0.0108238 0.142437
vn 0.586657 0.0639365 -0.807308
v -0.124846 -0.0580933 0.141281
vn 0.587815 0 -0.808995
v -0.121662 -0.0108238 0.143594
vn 0.740182 0.0446096 -0.670925
v -0.123254 -0.0580933 0.142437
vn 0.587819 0 -0.808992
v -0.124846 -0.105362 0.141281
vn 0.587815 0 -0.808995
v -0.126438 -0.152631 0.140124
vn 0.587819 0 -0.808992
v -0.126438 -0.105362 0.140124
vn 0.587819 0 -0.808992
v -0.121662 -0.0580933 0.143594
vn 0.80892 0 -0.587919
v -0.121662 -0.105362 0.143594
vn 0.808919 0 -0.587921
v -0.123254 -0.105362 0.142437
vn 0.587819 0 -0.808992
v -0.121662 -0.152631 0.143594
vn 0.808919 0 -0.58792
v -0.123254 -0.152631 0.142437
vn 0.587819 0 -0.808992
v -0.121662 -0.199901 0.143594
vn 0.866656 -0.044613 -0.496908
v -0.123254 -0.199901 0.142437
vn 0.586576 -0.0639278 -0.807367
v -0.124846 -0.199901 0.141281
vn 0.586654 -0.0639479 -0.807309
v -0.126438 -0.199901 0.140124
vn 0.586574 -0.0639273 -0.807369
v -0.124846 -0.152631 0.141281
vn 0.587815 0 -0.808995
v -0.12939 -0.199901 0.14921
vn 0 -1 0
v -0.128406 -0.199901 0.146182
vn 0 -1 0
v -0.126814 -0.199901 0.147337
vn 0 -1 0
v -0.127423 -0.199901 0.143152
vn 0 -1 0
v -0.12583 -0.199901 0.144309
vn 0 -1 0
v -0.124238 -0.199901 0.145466
vn 0 -1 0
v -0.12939 -0.0108238 0.14921
vn 0 1 0
v -0.126814 -0.0108238 0.147337
vn 0 1 0
v -0.128406 -0.0108238 0.146182
vn 0 1 0
v -0.124238 -0.0108238 0.145466
vn 0 1 0
v -0.12583 -0.0108238 0.144309
vn 0 1 0
v -0.127423 -0.0108238 0.143152
vn 0 1 0
v -0.121053 -0.0108238 0.145466
vn 0.949063 0.0639528 -0.308528
v -0.120445 -0.0108238 0.147337
vn 0.949081 0.0639659 -0.30847
v -0.121053 -0.0580933 0.145466
vn 0.951011 0 -0.309158
v -0.119836 -0.0108238 0.14921
vn 0.949098 0.063943 -0.308422
v -0.120445 -0.0580933 0.147337
vn 0.951037 0 -0.309079
v -0.119836 -0.0580933 0.14921
vn 0.951037 0 -0.309079
v -0.120445 -0.105362 0.147337
vn 0.951037 0 -0.309079
v -0.121053 -0.152631 0.145466
vn 0.951011 0 -0.309158
v -0.121053 -0.105362 0.145466
vn 0.951011 0 -0.309158
v -0.119836 -0.105362 0.14921
vn 0.951037 0 -0.309079
v -0.119836 -0.152631 0.14921
vn 0.951037 0 -0.309079
v -0.119836 -0.199901 0.14921
vn 0.949082 -0.0639541 -0.30847
v -0.120445 -0.199901 0.147337
vn 0.949097 -0.0639549 -0.308422
v -0.121053 -0.199901 0.145466
vn 0.949065 -0.0639529 -0.308523
v -0.120445 -0.152631 0.147337
vn 0.951037 0 -0.309079
v -0.126206 -0.199901 0.14921
vn 0 -1 0
v -0.12363 -0.199901 0.147337
vn 0 -1 0
v -0.123022 -0.199901 0.14921
vn 0 -1 0
v -0.126206 -0.0108238 0.14921
vn 0 1 0
v -0.123022 -0.0108238 0.14921
vn 0 1 0
v -0.12363 -0.0108238 0.147337
vn 0 1 0
v 0.142022 -0.0108238 0.151082
vn 0.99319 0.0446177 -0.107621
v 0.141413 -0.0108238 0.152953
vn 0.949082 0.0639543 0.308468
v 0.142022 -0.0580933 0.151082
vn 1 0 1.24052e-06
v 0.140805 -0.0108238 0.154826
vn 0.949095 0.0639551 0.308428
v 0.141413 -0.0580933 0.152953
vn 0.951037 0 0.309076
v 0.142022 -0.105362 0.151082
vn 1 0 -1.22254e-06
v 0.140196 -0.0108238 0.156697
vn 0.94906 0.0639519 0.308537
v 0.140805 -0.0580933 0.154826
vn 0.951033 0 0.30909
v 0.139588 -0.0108238 0.158569
vn 0.866658 0.0446127 0.496904
v 0.140196 -0.0580933 0.156697
vn 0.951008 0 0.309165
v 0.140805 -0.105362 0.154826
vn 0.951033 0 0.30909
v 0.141413 -0.152631 0.152953
vn 0.951037 0 0.309076
v 0.141413 -0.105362 0.152953
vn 0.951037 0 0.309076
v 0.142022 -0.199901 0.151082
vn 0.99319 -0.0446177 0.107621
v 0.142022 -0.152631 0.151082
vn 1 0 1.79783e-08
v 0.139588 -0.0580933 0.158569
vn 0.808919 0 0.587921
v 0.139588 -0.105362 0.158569
vn 0.80892 0 0.587919
v 0.140196 -0.105362 0.156697
vn 0.951008 0 0.309165
v 0.139588 -0.152631 0.158569
vn 0.808919 0 0.58792
v 0.140196 -0.152631 0.156697
vn 0.951008 0 0.309165
v 0.139588 -0.199901 0.158569
vn 0.740179 -0.0446091 0.670928
v 0.140196 -0.199901 0.156697
vn 0.949063 -0.0639522 0.308528
v 0.140805 -0.199901 0.154826
vn 0.949075 -0.0639653 0.308487
v 0.141413 -0.199901 0.152953
vn 0.949099 -0.063944 0.308419
v 0.140805 -0.152631 0.154826
vn 0.951033 0 0.30909
v 0.129283 -0.199901 0.151082
vn 0 -1 0
v 0.132467 -0.199901 0.151082
vn 0 -1 0
v 0.131858 -0.199901 0.152953
vn 0 -1 0
v 0.135652 -0.199901 0.151082
vn 0 -1 0
v 0.135044 -0.199901 0.152953
vn 0 -1 0
v 0.134435 -0.199901 0.154826
vn 0 -1 0
v 0.138836 -0.199901 0.151082
vn 0 -1 0
v 0.138228 -0.199901 0.152953
vn 0 -1 0
v 0.137619 -0.199901 0.154826
vn 0 -1 0
v 0.137011 -0.199901 0.156697
vn 0 -1 0
v 0.129283 -0.0108238 0.151082
vn 0 1 0
v 0.131858 -0.0108238 0.152953
vn 0 1 0
v 0.132467 -0.0108238 0.151082
vn 0 1 0
v 0.134435 -0.0108238 0.154826
vn 0 1 0
v 0.135044 -0.0108238 0.152953
vn 0 1 0
v 0.135652 -0.0108238 0.151082
vn 0 1 0
v 0.137011 -0.0108238 0.156697
vn 0 1 0
v 0.137619 -0.0108238 0.154826
vn 0 1 0
v 0.138228 -0.0108238 0.152953
vn 0 1 0
v 0.138836 -0.0108238 0.151082
vn 0 1 0
v 0.137995 -0.0108238 0.159726
vn 0.586574 0.0639278 0.807369
v 0.136404 -0.0108238 0.160883
vn 0.586666 0.0639485 0.8073
v 0.137995 -0.0580933 0.159726
vn 0.587819 0 0.808992
v 0.134811 -0.0108238 0.16204
vn 0.586588 0.0639271 0.807359
v 0.136404 -0.0580933 0.160883
vn 0.587829 0 0.808985
v 0.133219 -0.0108238 0.163196
vn 0.40929 0.0446081 0.911313
v 0.134811 -0.0580933 0.16204
vn 0.587829 0 0.808985
v 0.136404 -0.105362 0.160883
vn 0.587829 0 0.808985
v 0.137995 -0.152631 0.159726
vn 0.587819 0 0.808992
v 0.137995 -0.105362 0.159726
vn 0.587819 0 0.808992
v 0.133219 -0.0580933 0.163196
vn 0.309047 0 0.951047
v 0.133219 -0.105362 0.163196
vn 0.309049 0 0.951046
v 0.134811 -0.105362 0.16204
vn 0.587829 0 0.808985
v 0.133219 -0.152631 0.163196
vn 0.309048 0 0.951046
v 0.134811 -0.152631 0.16204
vn 0.587829 0 0.808985
v 0.133219 -0.199901 0.163196
vn 0.204614 -0.0446014 0.977826
v 0.134811 -0.199901 0.16204
vn 0.586666 -0.0639368 0.807301
v 0.136404 -0.199901 0.160883
vn 0.586587 -0.0639388 0.807358
v 0.137995 -0.199901 0.159726
vn 0.586659 -0.0639372 0.807306
v 0.136404 -0.152631 0.160883
vn 0.587829 0 0.808985
v 0.130267 -0.199901 0.15411
vn 0 -1 0
v 0.132843 -0.199901 0.155983
vn 0 -1 0
v 0.131251 -0.199901 0.15714
vn 0 -1 0
v 0.135419 -0.199901 0.157854
vn 0 -1 0
v 0.133827 -0.199901 0.159011
vn 0 -1 0
v 0.132235 -0.199901 0.160168
vn 0 -1 0
v 0.130267 -0.0108238 0.15411
vn 0 1 0
v 0.131251 -0.0108238 0.15714
vn 0 1 0
v 0.132843 -0.0108238 0.155983
vn 0 1 0
v 0.132235 -0.0108238 0.160168
vn 0 1 0
v 0.133827 -0.0108238 0.159011
vn 0 1 0
v 0.135419 -0.0108238 0.157854
vn 0 1 0
v 0.131251 -0.0108238 0.163196
vn 0 0.063936 0.997954
v 0.129283 -0.0108238 0.163196
vn 0 0.0639353 0.997954
v 0.131251 -0.0580933 0.163196
vn 0 0 1
v 0.127315 -0.0108238 0.163196
vn 0 0.0639367 0.997954
v 0.129283 -0.0580933 0.163196
vn 0 0 1
v 0.125347 -0.0108238 0.163196
vn -0.204572 0.0446049 0.977835
v 0.127315 -0.0580933 0.163196
vn 0 0 1
v 0.129283 -0.105362 0.163196
vn 0 0 1
v 0.131251 -0.152631 0.163196
vn 0 0 1
v 0.131251 -0.105362 0.163196
vn 0 0 1
v 0.125347 -0.0580933 0.163196
vn -0.308961 0 0.951075
v 0.125347 -0.105362 0.163196
vn -0.308958 0 0.951076
v 0.127315 -0.105362 0.163196
vn 0 0 1
v 0.125347 -0.152631 0.163196
vn -0.30896 0 0.951075
v 0.127315 -0.152631 0.163196
vn 0 0 1
v 0.125347 -0.199901 0.163196
vn -0.409145 -0.0446051 0.911378
v 0.127315 -0.199901 0.163196
vn 0 -0.0639245 0.997955
v 0.129283 -0.199901 0.163196
vn 0 -0.0639475 0.997953
v 0.131251 -0.199901 0.163196
vn 0 -0.0639354 0.997954
v 0.129283 -0.152631 0.163196
vn 0 0 1
v 0.128298 -0.199901 0.15411
vn 0 -1 0
v 0.129283 -0.199901 0.15714
vn 0 -1 0
v 0.127314 -0.199901 0.15714
vn 0 -1 0
v 0.130267 -0.199901 0.160168
vn 0 -1 0
v 0.128298 -0.199901 0.160168
vn 0 -1 0
v 0.126331 -0.199901 0.160168
vn 0 -1 0
v 0.128298 -0.0108238 0.15411
vn 0 1 0
v 0.127314 -0.0108238 0.15714
vn 0 1 0
v 0.129283 -0.0108238 0.15714
vn 0 1 0
v 0.126331 -0.0108238 0.160168
vn 0 1 0
v 0.128298 -0.0108238 0.160168
vn 0 1 0
v 0.130267 -0.0108238 0.160168
vn 0 1 0
v 0.123754 -0.0108238 0.16204
vn -0.586495 0.0639412 0.807425
v 0.122162 -0.0108238 0.160883
vn -0.586587 0.0639388 0.807358
v 0.123754 -0.0580933 0.16204
vn -0.587701 0 0.809078
v 0.12057 -0.0108238 0.159726
vn -0.586659 0.0639397 0.807306
v 0.122162 -0.0580933 0.160883
vn -0.587829 0 0.808985
v 0.118977 -0.0108238 0.158569
vn -0.74018 0.0445977 0.670929
v 0.12057 -0.0580933 0.159726
vn -0.587819 0 0.808992
v 0.122162 -0.105362 0.160883
vn -0.587829 0 0.808985
v 0.123754 -0.152631 0.16204
vn -0.587701 0 0.809078
v 0.123754 -0.105362 0.16204
vn -0.587701 0 0.809078
v 0.118977 -0.0580933 0.158569
vn -0.80892 0 0.587919
v 0.118977 -0.105362 0.158569
vn -0.808919 0 0.587921
v 0.12057 -0.105362 0.159726
vn -0.587819 0 0.808992
v 0.118977 -0.152631 0.158569
vn -0.808919 0 0.58792
v 0.12057 -0.152631 0.159726
vn -0.587819 0 0.808992
v 0.118977 -0.199901 0.158569
vn -0.866658 -0.0446014 0.496904
v 0.12057 -0.199901 0.159726
vn -0.586574 -0.0639304 0.807369
v 0.122162 -0.199901 0.160883
vn -0.586666 -0.0639485 0.8073
v 0.123754 -0.199901 0.16204
vn -0.586501 -0.0639408 0.80742
v 0.122162 -0.152631 0.160883
vn -0.587829 0 0.808985
v 0.126706 -0.199901 0.152953
vn 0 -1 0
v 0.125723 -0.199901 0.155983
vn 0 -1 0
v 0.12413 -0.199901 0.154826
vn 0 -1 0
v 0.124738 -0.199901 0.159011
vn 0 -1 0
v 0.123146 -0.199901 0.157854
vn 0 -1 0
v 0.121553 -0.199901 0.156697
vn 0 -1 0
v 0.126706 -0.0108238 0.152953
vn 0 1 0
v 0.12413 -0.0108238 0.154826
vn 0 1 0
v 0.125723 -0.0108238 0.155983
vn 0 1 0
v 0.121553 -0.0108238 0.156697
vn 0 1 0
v 0.123146 -0.0108238 0.157854
vn 0 1 0
v 0.124738 -0.0108238 0.159011
vn 0 1 0
v 0.118369 -0.0108238 0.156697
vn -0.949067 0.063939 0.308518
v 0.117761 -0.0108238 0.154826
vn -0.949132 0.0639619 0.308315
v 0.118369 -0.0580933 0.156697
vn -0.951013 0 0.309151
v 0.117153 -0.0108238 0.152953
vn -0.9492 0.0639293 0.308112
v 0.117761 -0.0580933 0.154826
vn -0.951112 0 0.308845
v 0.116545 -0.0108238 0.151082
vn -0.993191 0.0446028 0.107621
v 0.117153 -0.0580933 0.152953
vn -0.951112 0 0.308845
v 0.117761 -0.105362 0.154826
vn -0.951112 0 0.308845
v 0.118369 -0.152631 0.156697
vn -0.951013 0 0.309151
v 0.118369 -0.105362 0.156697
vn -0.951013 0 0.309151
v 0.116545 -0.0580933 0.151082
vn -1 0 -1.24052e-06
v 0.116545 -0.105362 0.151082
vn -1 0 1.22254e-06
v 0.117153 -0.105362 0.152953
vn -0.951112 0 0.308845
v 0.116545 -0.152631 0.151082
vn -1 0 -1.79783e-08
v 0.117153 -0.152631 0.152953
vn -0.951112 0 0.308845
v 0.116545 -0.199901 0.151082
vn -0.993191 -0.0446028 -0.107621
v 0.117153 -0.199901 0.152953
vn -0.949133 -0.0639363 0.308315
v 0.117761 -0.199901 0.154826
vn -0.949198 -0.063955 0.308111
v 0.118369 -0.199901 0.156697
vn -0.949067 -0.063939 0.308518
v 0.117761 -0.152631 0.154826
vn -0.951112 0 0.308845
v 0.126098 -0.199901 0.151082
vn 0 -1 0
v 0.123522 -0.199901 0.152953
vn 0 -1 0
v 0.122913 -0.199901 0.151082
vn 0 -1 0
v 0.120946 -0.199901 0.154826
vn 0 -1 0
v 0.120337 -0.199901 0.152953
vn 0 -1 0
v 0.119729 -0.199901 0.151082
vn 0 -1 0
v 0.126098 -0.0108238 0.151082
vn 0 1 0
v 0.122913 -0.0108238 0.151082
vn 0 1 0
v 0.123522 -0.0108238 0.152953
vn 0 1 0
v 0.119729 -0.0108238 0.151082
vn 0 1 0
v 0.120337 -0.0108238 0.152953
vn 0 1 0
v 0.120946 -0.0108238 0.154826
vn 0 1 0
v 0.117153 -0.0108238 0.14921
vn -0.949134 0.0639363 -0.308312
v 0.117761 -0.0108238 0.147337
vn -0.9492 0.0639551 -0.308105
v 0.117153 -0.0580933 0.14921
vn -0.951114 0 -0.308841
v 0.118369 -0.0108238 0.145466
vn -0.949067 0.063939 -0.308518
v 0.117761 -0.0580933 0.147337
vn -0.951114 0 -0.308841
v 0.118977 -0.0108238 0.143594
vn -0.866658 0.0446014 -0.496904
v 0.118369 -0.0580933 0.145466
vn -0.951013 0 -0.309151
v 0.117761 -0.105362 0.147337
vn -0.951114 0 -0.308841
v 0.117153 -0.152631 0.14921
vn -0.951114 0 -0.308841
v 0.117153 -0.105362 0.14921
vn -0.951114 0 -0.308841
v 0.118977 -0.0580933 0.143594
vn -0.808919 0 -0.587921
v 0.118977 -0.105362 0.143594
vn -0.80892 0 -0.587919
v 0.118369 -0.105362 0.145466
vn -0.951013 0 -0.309151
v 0.118977 -0.152631 0.143594
vn -0.808919 0 -0.58792
v 0.118369 -0.152631 0.145466
vn -0.951013 0 -0.309151
v 0.118977 -0.199901 0.143594
vn -0.74018 -0.0445977 -0.670929
v 0.118369 -0.199901 0.145466
vn -0.949067 -0.063939 -0.308518
v 0.117761 -0.199901 0.147337
vn -0.949133 -0.0639627 -0.308311
v 0.117153 -0.199901 0.14921
vn -0.949202 -0.0639288 -0.308106
v 0.117761 -0.152631 0.147337
vn -0.951114 0 -0.308841
v 0.126706 -0.199901 0.14921
vn 0 -1 0
v 0.123522 -0.199901 0.14921
vn 0 -1 0
v 0.12413 -0.199901 0.147337
vn 0 -1 0
v 0.120337 -0.199901 0.14921
vn 0 -1 0
v 0.120946 -0.199901 0.147337
vn 0 -1 0
v 0.121553 -0.199901 0.145466
vn 0 -1 0
v 0.126706 -0.0108238 0.14921
vn 0 1 0
v 0.12413 -0.0108238 0.147337
vn 0 1 0
v 0.123522 -0.0108238 0.14921
vn 0 1 0
v 0.121553 -0.0108238 0.145466
vn 0 1 0
v 0.120946 -0.0108238 0.147337
vn 0 1 0
v 0.120337 -0.0108238 0.14921
vn 0 1 0
v 0.12057 -0.0108238 0.142437
vn -0.586574 0.0639304 -0.807369
v 0.122162 -0.0108238 0.141281
vn -0.586659 0.0639485 -0.807305
v 0.12057 -0.0580933 0.142437
vn -0.587819 0 -0.808992
v 0.123754 -0.0108238 0.140124
vn -0.586488 0.0639413 -0.80743
v 0.122162 -0.0580933 0.141281
vn -0.587819 0 -0.808992
v 0.125347 -0.0108238 0.138967
vn -0.409145 0.0446051 -0.911378
v 0.123754 -0.0580933 0.140124
vn -0.58769 0 -0.809086
v 0.122162 -0.105362 0.141281
vn -0.587819 0 -0.808992
v 0.12057 -0.152631 0.142437
vn -0.587819 0 -0.808992
v 0.12057 -0.105362 0.142437
vn -0.587819 0 -0.808992
v 0.125347 -0.0580933 0.138967
vn -0.308958 0 -0.951076
v 0.125347 -0.105362 0.138967
vn -0.308961 0 -0.951075
v 0.123754 -0.105362 0.140124
vn -0.58769 0 -0.809086
v 0.125347 -0.152631 0.138967
vn -0.30896 0 -0.951075
v 0.123754 -0.152631 0.140124
vn -0.58769 0 -0.809086
v 0.125347 -0.199901 0.138967
vn -0.204572 -0.0446049 -0.977835
v 0.123754 -0.199901 0.140124
vn -0.586488 -0.0639414 -0.80743
v 0.122162 -0.199901 0.141281
vn -0.586573 -0.0639392 -0.807368
v 0.12057 -0.199901 0.142437
vn -0.586659 -0.0639397 -0.807306
v 0.122162 -0.152631 0.141281
vn -0.587819 0 -0.808992
v 0.128298 -0.199901 0.148053
vn 0 -1 0
v 0.125723 -0.199901 0.146182
vn 0 -1 0
v 0.127314 -0.199901 0.145025
vn 0 -1 0
v 0.123146 -0.199901 0.144309
vn 0 -1 0
v 0.124738 -0.199901 0.143152
vn 0 -1 0
v 0.126331 -0.199901 0.141995
vn 0 -1 0
v 0.128298 -0.0108238 0.148053
vn 0 1 0
v 0.127314 -0.0108238 0.145025
vn 0 1 0
v 0.125723 -0.0108238 0.146182
vn 0 1 0
v 0.126331 -0.0108238 0.141995
vn 0 1 0
v 0.124738 -0.0108238 0.143152
vn 0 1 0
v 0.123146 -0.0108238 0.144309
vn 0 1 0
v 0.127315 -0.0108238 0.138967
vn 0 0.0639245 -0.997955
v 0.129283 -0.0108238 0.138967
vn 0 0.0639475 -0.997953
v 0.127315 -0.0580933 0.138967
vn 0 0 -1
v 0.131251 -0.0108238 0.138967
vn 0 0.0639353 -0.997954
v 0.129283 -0.0580933 0.138967
vn 0 0 -1
v 0.133219 -0.0108238 0.138967
vn 0.204614 0.0446013 -0.977826
v 0.131251 -0.0580933 0.138967
vn 0 0 -1
v 0.129283 -0.105362 0.138967
vn 0 0 -1
v 0.127315 -0.152631 0.138967
vn 0 0 -1
v 0.127315 -0.105362 0.138967
vn 0 0 -1
v 0.133219 -0.0580933 0.138967
vn 0.309049 0 -0.951046
v 0.133219 -0.105362 0.138967
vn 0.309047 0 -0.951047
v 0.131251 -0.105362 0.138967
vn 0 0 -1
v 0.133219 -0.152631 0.138967
vn 0.309048 0 -0.951046
v 0.131251 -0.152631 0.138967
vn 0 0 -1
v 0.133219 -0.199901 0.138967
vn 0.40929 -0.0446081 -0.911313
v 0.131251 -0.199901 0.138967
vn 0 -0.063936 -0.997954
v 0.129283 -0.199901 0.138967
vn 0 -0.0639354 -0.997954
v 0.127315 -0.199901 0.138967
vn 0 -0.0639367 -0.997954
v 0.129283 -0.152631 0.138967
vn 0 0 -1
v 0.130267 -0.199901 0.148053
vn 0 -1 0
v 0.129283 -0.199901 0.145025
vn 0 -1 0
v 0.131251 -0.199901 0.145025
vn 0 -1 0
v 0.128298 -0.199901 0.141995
vn 0 -1 0
v 0.130267 -0.199901 0.141995
vn 0 -1 0
v 0.132235 -0.199901 0.141995
vn 0 -1 0
v 0.130267 -0.0108238 0.148053
vn 0 1 0
v 0.131251 -0.0108238 0.145025
vn 0 1 0
v 0.129283 -0.0108238 0.145025
vn 0 1 0
v 0.132235 -0.0108238 0.141995
vn 0 1 0
v 0.130267 -0.0108238 0.141995
vn 0 1 0
v 0.128298 -0.0108238 0.141995
vn 0 1 0
v 0.134811 -0.0108238 0.140124
vn 0.586659 0.063937 -0.807306
v 0.136404 -0.0108238 0.141281
vn 0.586573 0.0639391 -0.807368
v 0.134811 -0.0580933 0.140124
vn 0.587819 0 -0.808992
v 0.137995 -0.0108238 0.142437
vn 0.586659 0.0639371 -0.807306
v 0.136404 -0.0580933 0.141281
vn 0.587819 0 -0.808992
v 0.139588 -0.0108238 0.143594
vn 0.740179 0.044609 -0.670928
v 0.137995 -0.0580933 0.142437
vn 0.587819 0 -0.808992
v 0.136404 -0.105362 0.141281
vn 0.587819 0 -0.808992
v 0.134811 -0.152631 0.140124
vn 0.587819 0 -0.808992
v 0.134811 -0.105362 0.140124
vn 0.587819 0 -0.808992
v 0.139588 -0.0580933 0.143594
vn 0.80892 0 -0.587919
v 0.139588 -0.105362 0.143594
vn 0.808919 0 -0.587921
v 0.137995 -0.105362 0.142437
vn 0.587819 0 -0.808992
v 0.139588 -0.152631 0.143594
vn 0.808919 0 -0.58792
v 0.137995 -0.152631 0.142437
vn 0.587819 0 -0.808992
v 0.139588 -0.199901 0.143594
vn 0.866658 -0.0446127 -0.496904
v 0.137995 -0.199901 0.142437
vn 0.586574 -0.0639278 -0.807369
v 0.136404 -0.199901 0.141281
vn 0.586659 -0.0639485 -0.807305
v 0.134811 -0.199901 0.140124
vn 0.586574 -0.0639277 -0.807369
v 0.136404 -0.152631 0.141281
vn 0.587819 0 -0.808992
v 0.131858 -0.199901 0.14921
vn 0 -1 0
v 0.132843 -0.199901 0.146182
vn 0 -1 0
v 0.134435 -0.199901 0.147337
vn 0 -1 0
v 0.133827 -0.199901 0.143152
vn 0 -1 0
v 0.135419 -0.199901 0.144309
vn 0 -1 0
v 0.137011 -0.199901 0.145466
vn 0 -1 0
v 0.131858 -0.0108238 0.14921
vn 0 1 0
v 0.134435 -0.0108238 0.147337
vn 0 1 0
v 0.132843 -0.0108238 0.146182
vn 0 1 0
v 0.137011 -0.0108238 0.145466
vn 0 1 0
v 0.135419 -0.0108238 0.144309
vn 0 1 0
v 0.133827 -0.0108238 0.143152
vn 0 1 0
v 0.140196 -0.0108238 0.145466
vn 0.949063 0.0639521 -0.308528
v 0.140805 -0.0108238 0.147337
vn 0.949076 0.063966 -0.308484
v 0.140196 -0.0580933 0.145466
vn 0.951008 0 -0.309165
v 0.141413 -0.0108238 0.14921
vn 0.949101 0.0639434 -0.308412
v 0.140805 -0.0580933 0.147337
vn 0.951034 0 -0.309086
v 0.141413 -0.0580933 0.14921
vn 0.951039 0 -0.309071
v 0.140805 -0.105362 0.147337
vn 0.951034 0 -0.309086
v 0.140196 -0.152631 0.145466
vn 0.951008 0 -0.309165
v 0.140196 -0.105362 0.145466
vn 0.951008 0 -0.309165
v 0.141413 -0.105362 0.14921
vn 0.951039 0 -0.309071
v 0.141413 -0.152631 0.14921
vn 0.951039 0 -0.309071
v 0.141413 -0.199901 0.14921
vn 0.949083 -0.0639544 -0.308465
v 0.140805 -0.199901 0.147337
vn 0.949097 -0.0639553 -0.308422
v 0.140196 -0.199901 0.145466
vn 0.94906 -0.063952 -0.308537
v 0.140805 -0.152631 0.147337
vn 0.951034 0 -0.309086
v 0.135044 -0.199901 0.14921
vn 0 -1 0
v 0.137619 -0.199901 0.147337
vn 0 -1 0
v 0.138228 -0.199901 0.14921
vn 0 -1 0
v 0.135044 -0.0108238 0.14921
vn 0 1 0
v 0.138228 -0.0108238 0.14921
vn 0 1 0
v 0.137619 -0.0108238 0.147337
vn 0 1 0
f 1//1 2//2 3//3
f 2//2 4//4 5//5
f 5//5 6//6 3//3
f 2//2 5//5 3//3
f 4//4 7//7 8//8
f 7//7 9//9 10//10
f 10//10 11//11 8//8
f 7//7 10//10 8//8
f 11//11 12//12 13//13
f 12//12 14//14 15//15
f 15//15 6//6 13//13
f 12//12 15//15 13//13
f 4//4 8//8 5//5
f 8//8 11//11 13//13
f 13//13 6//6 5//5
f 8//8 13//13 5//5
f 9//9 16//16 10//10
f 16//16 17//17 18//18
f 18//18 11//11 10//10
f 16//16 18//18 10//10
f 17//17 19//19 20//20
f 19//19 21//21 22//22
f 22//22 23//23 20//20
f 19//19 22//22 20//20
f 23//23 24//24 25//25
f 24//24 14//14 12//12
f 12//12 11//11 25//25
f 24//24 12//12 25//25
f 17//17 20//20 18//18
f 20//20 23//23 25//25
f 25//25 11//11 18//18
f 20//20 25//25 18//18
f 26//26 27//27 28//28
f 27//27 29//29 30//30
f 30//30 31//31 28//28
f 27//27 30//30 28//28
f 29//29 32//32 33//33
f 32//32 14//14 24//24
f 24//24 23//23 33//33
f 32//32 24//24 33//33
f 23//23 22//22 34//34
f 22//22 21//21 35//35
f 35//35 31//31 34//34
f 22//22 35//35 34//34
f 29//29 33//33 30//30
f 33//33 23//23 34//34
f 34//34 31//31 30//30
f 33//33 34//34 30//30
f 36//36 37//37 38//38
f 37//37 39//39 40//40
f 40//40 41//41 38//38
f 37//37 40//40 38//38
f 39//39 42//42 43//43
f 42//42 9//9 7//7
f 7//7 4//4 43//43
f 42//42 7//7 43//43
f 4//4 2//2 44//44
f 2//2 1//1 45//45
f 45//45 41//41 44//44
f 2//2 45//45 44//44
f 39//39 43//43 40//40
f 43//43 4//4 44//44
f 44//44 41//41 40//40
f 43//43 44//44 40//40
f 9//9 46//46 16//16
f 46//46 47//47 48//48
f 48//48 17//17 16//16
f 46//46 48//48 16//16
f 47//47 49//49 50//50
f 49//49 51//51 52//52
f 52//52 53//53 50//50
f 49//49 52//52 50//50
f 53//53 54//54 55//55
f 54//54 21//21 19//19
f 19//19 17//17 55//55
f 54//54 19//19 55//55
f 47//47 50//50 48//48
f 50//50 53//53 55//55
f 55//55 17//17 48//48
f 50//50 55//55 48//48
f 51//51 56//56 52//52
f 56//56 57//57 58//58
f 58//58 53//53 52//52
f 56//56 58//58 52//52
f 57//57 59//59 60//60
f 59//59 61//61 62//62
f 62//62 63//63 60//60
f 59//59 62//62 60//60
f 63//63 64//64 65//65
f 64//64 21//21 54//54
f 54//54 53//53 65//65
f 64//64 54//54 65//65
f 57//57 60//60 58//58
f 60//60 63//63 65//65
f 65//65 53//53 58//58
f 60//60 65//65 58//58
f 26//26 28//28 66//66
f 28//28 31//31 67//67
f 67//67 68//68 66//66
f 28//28 67//67 66//66
f 31//31 35//35 69//69
f 35//35 21//21 64//64
f 64//64 63//63 69//69
f 35//35 64//64 69//69
f 63//63 62//62 70//70
f 62//62 61//61 71//71
f 71//71 68//68 70//70
f 62//62 71//71 70//70
f 31//31 69//69 67//67
f 69//69 63//63 70//70
f 70//70 68//68 67//67
f 69//69 70//70 67//67
f 36//36 72//72 37//37
f 72//72 73//73 74//74
f 74//74 39//39 37//37
f 72//72 74//74 37//37
f 73//73 75//75 76//76
f 75//75 51//51 49//49
f 49//49 47//47 76//76
f 75//75 49//49 76//76
f 47//47 46//46 77//77
f 46//46 9//9 42//42
f 42//42 39//39 77//77
f 46//46 42//42 77//77
f 73//73 76//76 74//74
f 76//76 47//47 77//77
f 77//77 39//39 74//74
f 76//76 77//77 74//74
f 51//51 78//78 56//56
f 78//78 79//79 80//80
f 80//80 57//57 56//56
f 78//78 80//80 56//56
f 79//79 81//81 82//82
f 81//81 83//83 84//84
f 84//84 85//85 82//82
f 81//81 84//84 82//82
f 85//85 86//86 87//87
f 86//86 61//61 59//59
f 59//59 57//57 87//87
f 86//86 59//59 87//87
f 79//79 82//82 80//80
f 82//82 85//85 87//87
f 87//87 57//57 80//80
f 82//82 87//87 80//80
f 83//83 88//88 84//84
f 88//88 89//89 90//90
f 90//90 85//85 84//84
f 88//88 90//90 84//84
f 89//89 91//91 92//92
f 91//91 93//93 94//94
f 94//94 95//95 92//92
f 91//91 94//94 92//92
f 95//95 96//96 97//97
f 96//96 61//61 86//86
f 86//86 85//85 97//97
f 96//96 86//86 97//97
f 89//89 92//92 90//90
f 92//92 95//95 97//97
f 97//97 85//85 90//90
f 92//92 97//97 90//90
f 26//26 66//66 98//98
f 66//66 68//68 99//99
f 99//99 100//100 98//98
f 66//66 99//99 98//98
f 68//68 71//71 101//101
f 71//71 61//61 96//96
f 96//96 95//95 101//101
f 71//71 96//96 101//101
f 95//95 94//94 102//102
f 94//94 93//93 103//103
f 103//103 100//100 102//102
f 94//94 103//103 102//102
f 68//68 101//101 99//99
f 101//101 95//95 102//102
f 102//102 100//100 99//99
f 101//101 102//102 99//99
f 36//36 104//104 72//72
f 104//104 105//105 106//106
f 106//106 73//73 72//72
f 104//104 106//106 72//72
f 105//105 107//107 108//108
f 107//107 83//83 81//81
f 81//81 79//79 108//108
f 107//107 81//81 108//108
f 79//79 78//78 109//109
f 78//78 51//51 75//75
f 75//75 73//73 109//109
f 78//78 75//75 109//109
f 105//105 108//108 106//106
f 108//108 79//79 109//109
f 109//109 73//73 106//106
f 108//108 109//109 106//106
f 83//83 110//110 88//88
f 110//110 111//111 112//112
f 112//112 89//89 88//88
f 110//110 112//112 88//88
f 111//111 113//113 114//114
f 113//113 115//115 116//116
f 116//116 117//117 114//114
f 113//113 116//116 114//114
f 117//117 118//118 119//119
f 118//118 93//93 91//91
f 91//91 89//89 119//119
f 118//118 91//91 119//119
f 111//111 114//114 112//112
f 114//114 117//117 119//119
f 119//119 89//89 112//112
f 114//114 119//119 112//112
f 115//115 120//120 116//116
f 120//120 121//121 122//122
f 122//122 117//117 116//116
f 120//120 122//122 116//116
f 121//121 123//123 124//124
f 123//123 125//125 126//126
f 126//126 127//127 124//124
f 123//123 126//126 124//124
f 127//127 128//128 129//129
f 128//128 93//93 118//118
f 118//118 117//117 129//129
f 128//128 118//118 129//129
f 121//121 124//124 122//122
f 124//124 127//127 129//129
f 129//129 117//117 122//122
f 124//124 129//129 122//122
f 26//26 98//98 130//130
f 98//98 100//100 131//131
f 131//131 132//132 130//130
f 98//98 131//131 130//130
f 100//100 103//103 133//133
f 103//103 93//93 128//128
f 128//128 127//127 133//133
f 103//103 128//128 133//133
f 127//127 126//126 134//134
f 126//126 125//125 135//135
f 135//135 132//132 134//134
f 126//126 135//135 134//134
f 100//100 133//133 131//131
f 133//133 127//127 134//134
f 134//134 132//132 131//131
f 133//133 134//134 131//131
f 36//36 136//136 104//104
f 136//136 137//137 138//138
f 138//138 105//105 104//104
f 136//136 138//138 104//104
f 137//137 139//139 140//140
f 139//139 115//115 113//113
f 113//113 111//111 140//140
f 139//139 113//113 140//140
f 111//111 110//110 141//141
f 110//110 83//83 107//107
f 107//107 105//105 141//141
f 110//110 107//107 141//141
f 137//137 140//140 138//138
f 140//140 111//111 141//141
f 141//141 105//105 138//138
f 140//140 141//141 138//138
f 115//115 142//142 120//120
f 142//142 143//143 144//144
f 144//144 121//121 120//120
f 142//142 144//144 120//120
f 143//143 145//145 146//146
f 145//145 147//147 148//148
f 148//148 149//149 146//146
f 145//145 148//148 146//146
f 149//149 150//150 151//151
f 150//150 125//125 123//123
f 123//123 121//121 151//151
f 150//150 123//123 151//151
f 143//143 146//146 144//144
f 146//146 149//149 151//151
f 151//151 121//121 144//144
f 146//146 151//151 144//144
f 147//147 152//152 148//148
f 152//152 153//153 154//154
f 154//154 149//149 148//148
f 152//152 154//154 148//148
f 153//153 155//155 156//156
f 155//155 157//157 158//158
f 158//158 159//159 156//156
f 155//155 158//158 156//156
f 159//159 160//160 161//161
f 160//160 125//125 150//150
f 150//150 149//149 161//161
f 160//160 150//150 161//161
f 153//153 156//156 154//154
f 156//156 159//159 161//161
f 161//161 149//149 154//154
f 156//156 161//161 154//154
f 26//26 130//130 162//162
f 130//130 132//132 163//163
f 163//163 164//164 162//162
f 130//130 163//163 162//162
f 132//132 135//135 165//165
f 135//135 125//125 160//160
f 160//160 159//159 165//165
f 135//135 160//160 165//165
f 159//159 158//158 166//166
f 158//158 157//157 167//167
f 167//167 164//164 166//166
f 158//158 167//167 166//166
f 132//132 165//165 163//163
f 165//165 159//159 166//166
f 166//166 164//164 163//163
f 165//165 166//166 163//163
f 36//36 168//168 136//136
f 168//168 169//169 170//170
f 170//170 137//137 136//136
f 168//168 170//170 136//136
f 169//169 171//171 172//172
f 171//171 147//147 145//145
f 145//145 143//143 172//172
f 171//171 145//145 172//172
f 143//143 142//142 173//173
f 142//142 115//115 139//139
f 139//139 137//137 173//173
f 142//142 139//139 173//173
f 169//169 172//172 170//170
f 172//172 143//143 173//173
f 173//173 137//137 170//170
f 172//172 173//173 170//170
f 147//147 174//174 152//152
f 174//174 175//175 176//176
f 176//176 153//153 152//152
f 174//174 176//176 152//152
f 175//175 177//177 178//178
f 177//177 179//179 180//180
f 180//180 181//181 178//178
f 177//177 180//180 178//178
f 181//181 182//182 183//183
f 182//182 157//157 155//155
f 155//155 153//153 183//183
f 182//182 155//155 183//183
f 175//175 178//178 176//176
f 178//178 181//181 183//183
f 183//183 153//153 176//176
f 178//178 183//183 176//176
f 179//179 184//184 180//180
f 184//184 185//185 186//186
f 186//186 181//181 180//180
f 184//184 186//186 180//180
f 185//185 187//187 188//188
f 187//187 189//189 190//190
f 190//190 191//191 188//188
f 187//187 190//190 188//188
f 191//191 192//192 193//193
f 192//192 157//157 182//182
f 182//182 181//181 193//193
f 192//192 182//182 193//193
f 185//185 188//188 186//186
f 188//188 191//191 193//193
f 193//193 181//181 186//186
f 188//188 193//193 186//186
f 26//26 162//162 194//194
f 162//162 164//164 195//195
f 195//195 196//196 194//194
f 162//162 195//195 194//194
f 164//164 167//167 197//197
f 167//167 157//157 192//192
f 192//192 191//191 197//197
f 167//167 192//192 197//197
f 191//191 190//190 198//198
f 190//190 189//189 199//199
f 199//199 196//196 198//198
f 190//190 199//199 198//198
f 164//164 197//197 195//195
f 197//197 191//191 198//198
f 198//198 196//196 195//195
f 197//197 198//198 195//195
f 36//36 200//200 168//168
f 200//200 201//201 202//202
f 202//202 169//169 168//168
f 200//200 202//202 168//168
f 201//201 203//203 204//204
f 203//203 179//179 177//177
f 177//177 175//175 204//204
f 203//203 177//177 204//204
f 175//175 174//174 205//205
f 174//174 147//147 171//171
f 171//171 169//169 205//205
f 174//174 171//171 205//205
f 201//201 204//204 202//202
f 204//204 175//175 205//205
f 205//205 169//169 202//202
f 204//204 205//205 202//202
f 179//179 206//206 184//184
f 206//206 207//207 208//208
f 208//208 185//185 184//184
f 206//206 208//208 184//184
f 207//207 209//209 210//210
f 209//209 211//211 212//212
f 212//212 213//213 210//210
f 209//209 212//212 210//210
f 213//213 214//214 215//215
f 214//214 189//189 187//187
f 187//187 185//185 215//215
f 214//214 187//187 215//215
f 207//207 210//210 208//208
f 210//210 213//213 215//215
f 215//215 185//185 208//208
f 210//210 215//215 208//208
f 211//211 216//216 212//212
f 216//216 217//217 218//218
f 218//218 213//213 212//212
f 216//216 218//218 212//212
f 217//217 219//219 220//220
f 219//219 221//221 222//222
f 222//222 223//223 220//220
f 219//219 222//222 220//220
f 223//223 224//224 225//225
f 224//224 189//189 214//214
f 214//214 213//213 225//225
f 224//224 214//214 225//225
f 217//217 220//220 218//218
f 220//220 223//223 225//225
f 225//225 213//213 218//218
f 220//220 225//225 218//218
f 26//26 194//194 226//226
f 194//194 196//196 227//227
f 227//227 228//228 226//226
f 194//194 227//227 226//226
f 196//196 199//199 229//229
f 199//199 189//189 224//224
f 224//224 223//223 229//229
f 199//199 224//224 229//229
f 223//223 222//222 230//230
f 222//222 221//221 231//231
f 231//231 228//228 230//230
f 222//222 231//231 230//230
f 196//196 229//229 227//227
f 229//229 223//223 230//230
f 230//230 228//228 227//227
f 229//229 230//230 227//227
f 36//36 232//232 200//200
f 232//232 233//233 234//234
f 234//234 201//201 200//200
f 232//232 234//234 200//200
f 233//233 235//235 236//236
f 235//235 211//211 209//209
f 209//209 207//207 236//236
f 235//235 209//209 236//236
f 207//207 206//206 237//237
f 206//206 179//179 203//203
f 203//203 201//201 237//237
f 206//206 203//203 237//237
f 233//233 236//236 234//234
f 236//236 207//207 237//237
f 237//237 201//201 234//234
f 236//236 237//237 234//234
f 211//211 238//238 216//216
f 238//238 239//239 240//240
f 240//240 217//217 216//216
f 238//238 240//240 216//216
f 239//239 241//241 242//242
f 241//241 243//243 244//244
f 244//244 245//245 242//242
f 241//241 244//244 242//242
f 245//245 246//246 247//247
f 246//246 221//221 219//219
f 219//219 217//217 247//247
f 246//246 219//219 247//247
f 239//239 242//242 240//240
f 242//242 245//245 247//247
f 247//247 217//217 240//240
f 242//242 247//247 240//240
f 243//243 248//248 244//244
f 248//248 249//249 250//250
f 250//250 245//245 244//244
f 248//248 250//250 244//244
f 249//249 251//251 252//252
f 251//251 253//253 254//254
f 254//254 255//255 252//252
f 251//251 254//254 252//252
f 255//255 256//256 257//257
f 256//256 221//221 246//246
f 246//246 245//245 257//257
f 256//256 246//246 257//257
f 249//249 252//252 250//250
f 252//252 255//255 257//257
f 257//257 245//245 250//250
f 252//252 257//257 250//250
f 26//26 226//226 258//258
f 226//226 228//228 259//259
f 259//259 260//260 258//258
f 226//226 259//259 258//258
f 228//228 231//231 261//261
f 231//231 221//221 256//256
f 256//256 255//255 261//261
f 231//231 256//256 261//261
f 255//255 254//254 262//262
f 254//254 253//253 263//263
f 263//263 260//260 262//262
f 254//254 263//263 262//262
f 228//228 261//261 259//259
f 261//261 255//255 262//262
f 262//262 260//260 259//259
f 261//261 262//262 259//259
f 36//36 264//264 232//232
f 264//264 265//265 266//266
f 266//266 233//233 232//232
f 264//264 266//266 232//232
f 265//265 267//267 268//268
f 267//267 243//243 241//241
f 241//241 239//239 268//268
f 267//267 241//241 268//268
f 239//239 238//238 269//269
f 238//238 211//211 235//235
f 235//235 233//233 269//269
f 238//238 235//235 269//269
f 265//265 268//268 266//266
f 268//268 239//239 269//269
f 269//269 233//233 266//266
f 268//268 269//269 266//266
f 243//243 270//270 248//248
f 270//270 271//271 272//272
f 272//272 249//249 248//248
f 270//270 272//272 248//248
f 271//271 273//273 274//274
f 273//273 275//275 276//276
f 276//276 277//277 274//274
f 273//273 276//276 274//274
f 277//277 278//278 279//279
f 278//278 253//253 251//251
f 251//251 249//249 279//279
f 278//278 251//251 279//279
f 271//271 274//274 272//272
f 274//274 277//277 279//279
f 279//279 249//249 272//272
f 274//274 279//279 272//272
f 275//275 280//280 276//276
f 280//280 281//281 282//282
f 282//282 277//277 276//276
f 280//280 282//282 276//276
f 281//281 283//283 284//284
f 283//283 285//285 286//286
f 286//286 287//287 284//284
f 283//283 286//286 284//284
f 287//287 288//288 289//289
f 288//288 253//253 278//278
f 278//278 277//277 289//289
f 288//288 278//278 289//289
f 281//281 284//284 282//282
f 284//284 287//287 289//289
f 289//289 277//277 282//282
f 284//284 289//289 282//282
f 26//26 258//258 290//290
f 258//258 260//260 291//291
f 291//291 292//292 290//290
f 258//258 291//291 290//290
f 260//260 263//263 293//293
f 263//263 253//253 288//288
f 288//288 287//287 293//293
f 263//263 288//288 293//293
f 287//287 286//286 294//294
f 286//286 285//285 295//295
f 295//295 292//292 294//294
f 286//286 295//295 294//294
f 260//260 293//293 291//291
f 293//293 287//287 294//294
f 294//294 292//292 291//291
f 293//293 294//294 291//291
f 36//36 296//296 264//264
f 296//296 297//297 298//298
f 298//298 265//265 264//264
f 296//296 298//298 264//264
f 297//297 299//299 300//300
f 299//299 275//275 273//273
f 273//273 271//271 300//300
f 299//299 273//273 300//300
f 271//271 270//270 301//301
f 270//270 243//243 267//267
f 267//267 265//265 301//301
f 270//270 267//267 301//301
f 297//297 300//300 298//298
f 300//300 271//271 301//301
f 301//301 265//265 298//298
f 300//300 301//301 298//298
f 275//275 302//302 280//280
f 302//302 303//303 304//304
f 304//304 281//281 280//280
f 302//302 304//304 280//280
f 303//303 305//305 306//306
f 305//305 1//1 307//307
f 307//307 308//308 306//306
f 305//305 307//307 306//306
f 308//308 309//309 310//310
f 309//309 285//285 283//283
f 283//283 281//281 310//310
f 309//309 283//283 310//310
f 303//303 306//306 304//304
f 306//306 308//308 310//310
f 310//310 281//281 304//304
f 306//306 310//310 304//304
f 1//1 3//3 307//307
f 3//3 6//6 311//311
f 311//311 308//308 307//307
f 3//3 311//311 307//307
f 6//6 15//15 312//312
f 15//15 14//14 313//313
f 313//313 314//314 312//312
f 15//15 313//313 312//312
f 314//314 315//315 316//316
f 315//315 285//285 309//309
f 309//309 308//308 316//316
f 315//315 309//309 316//316
f 6//6 312//312 311//311
f 312//312 314//314 316//316
f 316//316 308//308 311//311
f 312//312 316//316 311//311
f 26//26 290//290 27//27
f 290//290 292//292 317//317
f 317//317 29//29 27//27
f 290//290 317//317 27//27
f 292//292 295//295 318//318
f 295//295 285//285 315//315
f 315//315 314//314 318//318
f 295//295 315//315 318//318
f 314//314 313//313 319//319
f 313//313 14//14 32//32
f 32//32 29//29 319//319
f 313//313 32//32 319//319
f 292//292 318//318 317//317
f 318//318 314//314 319//319
f 319//319 29//29 317//317
f 318//318 319//319 317//317
f 36//36 38//38 296//296
f 38//38 41//41 320//320
f 320//320 297//297 296//296
f 38//38 320//320 296//296
f 41//41 45//45 321//321
f 45//45 1//1 305//305
f 305//305 303//303 321//321
f 45//45 305//305 321//321
f 303//303 302//302 322//322
f 302//302 275//275 299//299
f 299//299 297//297 322//322
f 302//302 299//299 322//322
f 41//41 321//321 320//320
f 321//321 303//303 322//322
f 322//322 297//297 320//320
f 321//321 322//322 320//320
f 323//323 324//324 325//325
f 324//324 326//326 327//327
f 327//327 328//328 325//325
f 324//324 327//327 325//325
f 326//326 329//329 330//330
f 329//329 331//331 332//332
f 332//332 333//333 330//330
f 329//329 332//332 330//330
f 333//333 334//334 335//335
f 334//334 336//336 337//337
f 337//337 328//328 335//335
f 334//334 337//337 335//335
f 326//326 330//330 327//327
f 330//330 333//333 335//335
f 335//335 328//328 327//327
f 330//330 335//335 327//327
f 331//331 338//338 332//332
f 338//338 339//339 340//340
f 340//340 333//333 332//332
f 338//338 340//340 332//332
f 339//339 341//341 342//342
f 341//341 343//343 344//344
f 344//344 345//345 342//342
f 341//341 344//344 342//342
f 345//345 346//346 347//347
f 346//346 336//336 334//334
f 334//334 333//333 347//347
f 346//346 334//334 347//347
f 339//339 342//342 340//340
f 342//342 345//345 347//347
f 347//347 333//333 340//340
f 342//342 347//347 340//340
f 343//343 348//348 344//344
f 348//348 349//349 350//350
f 350//350 345//345 344//344
f 348//348 350//350 344//344
f 349//349 351//351 352//352
f 351//351 353//353 354//354
f 354//354 355//355 352//352
f 351//351 354//354 352//352
f 355//355 356//356 357//357
f 356//356 336//336 346//346
f 346//346 345//345 357//357
f 356//356 346//346 357//357
f 349//349 352//352 350//350
f 352//352 355//355 357//357
f 357//357 345//345 350//350
f 352//352 357//357 350//350
f 353//353 358//358 354//354
f 358//358 359//359 360//360
f 360//360 355//355 354//354
f 358//358 360//360 354//354
f 359//359 361//361 362//362
f 361//361 363//363 364//364
f 364//364 365//365 362//362
f 361//361 364//364 362//362
f 365//365 366//366 367//367
f 366//366 336//336 356//356
f 356//356 355//355 367//367
f 366//366 356//356 367//367
f 359//359 362//362 360//360
f 362//362 365//365 367//367
f 367//367 355//355 360//360
f 362//362 367//367 360//360
f 363//363 368//368 364//364
f 368//368 369//369 370//370
f 370//370 365//365 364//364
f 368//368 370//370 364//364
f 369//369 371//371 372//372
f 371//371 373//373 374//374
f 374//374 375//375 372//372
f 371//371 374//374 372//372
f 375//375 376//376 377//377
f 376//376 336//336 366//366
f 366//366 365//365 377//377
f 376//376 366//366 377//377
f 369//369 372//372 370//370
f 372//372 375//375 377//377
f 377//377 365//365 370//370
f 372//372 377//377 370//370
f 373//373 378//378 374//374
f 378//378 379//379 380//380
f 380//380 375//375 374//374
f 378//378 380//380 374//374
f 379//379 381//381 382//382
f 381//381 383//383 384//384
f 384//384 385//385 382//382
f 381//381 384//384 382//382
f 385//385 386//386 387//387
f 386//386 336//336 376//376
f 376//376 375//375 387//387
f 386//386 376//376 387//387
f 379//379 382//382 380//380
f 382//382 385//385 387//387
f 387//387 375//375 380//380
f 382//382 387//387 380//380
f 383//383 388//388 384//384
f 388//388 389//389 390//390
f 390//390 385//385 384//384
f 388//388 390//390 384//384
f 389//389 391//391 392//392
f 391//391 393//393 394//394
f 394//394 395//395 392//392
f 391//391 394//394 392//392
f 395//395 396//396 397//397
f 396//396 336//336 386//386
f 386//386 385//385 397//397
f 396//396 386//386 397//397
f 389//389 392//392 390//390
f 392//392 395//395 397//397
f 397//397 385//385 390//390
f 392//392 397//397 390//390
f 393//393 398//398 394//394
f 398//398 399//399 400//400
f 400//400 395//395 394//394
f 398//398 400//400 394//394
f 399//399 401//401 402//402
f 401//401 403//403 404//404
f 404//404 405//405 402//402
f 401//401 404//404 402//402
f 405//405 406//406 407//407
f 406//406 336//336 396//396
f 396//396 395//395 407//407
f 406//406 396//396 407//407
f 399//399 402//402 400//400
f 402//402 405//405 407//407
f 407//407 395//395 400//400
f 402//402 407//407 400//400
f 403//403 408//408 404//404
f 408//408 409//409 410//410
f 410//410 405//405 404//404
f 408//408 410//410 404//404
f 409//409 411//411 412//412
f 411//411 413//413 414//414
f 414//414 415//415 412//412
f 411//411 414//414 412//412
f 415//415 416//416 417//417
f 416//416 336//336 406//406
f 406//406 405//405 417//417
f 416//416 406//406 417//417
f 409//409 412//412 410//410
f 412//412 415//415 417//417
f 417//417 405//405 410//410
f 412//412 417//417 410//410
f 413//413 418//418 414//414
f 418//418 419//419 420//420
f 420//420 415//415 414//414
f 418//418 420//420 414//414
f 419//419 421//421 422//422
f 421//421 323//323 325//325
f 325//325 328//328 422//422
f 421//421 325//325 422//422
f 328//328 337//337 423//423
f 337//337 336//336 416//416
f 416//416 415//415 423//423
f 337//337 416//416 423//423
f 419//419 422//422 420//420
f 422//422 328//328 423//423
f 423//423 415//415 420//420
f 422//422 423//423 420//420
f 323//323 424//424 324//324
f 424//424 425//425 426//426
f 426//426 326//326 324//324
f 424//424 426//426 324//324
f 425//425 427//427 428//428
f 427//427 429//429 430//430
f 430//430 431//431 428//428
f 427//427 430//430 428//428
f 431//431 432//432 433//433
f 432//432 331//331 329//329
f 329//329 326//326 433//433
f 432//432 329//329 433//433
f 425//425 428//428 426//426
f 428//428 431//431 433//433
f 433//433 326//326 426//426
f 428//428 433//433 426//426
f 429//429 434//434 430//430
f 434//434 435//435 436//436
f 436//436 431//431 430//430
f 434//434 436//436 430//430
f 435//435 437//437 438//438
f 437//437 439//439 440//440
f 440//440 441//441 438//438
f 437//437 440//440 438//438
f 441//441 442//442 443//443
f 442//442 331//331 432//432
f 432//432 431//431 443//443
f 442//442 432//432 443//443
f 435//435 438//438 436//436
f 438//438 441//441 443//443
f 443//443 431//431 436//436
f 438//438 443//443 436//436
f 331//331 442//442 338//338
f 442//442 441//441 444//444
f 444//444 339//339 338//338
f 442//442 444//444 338//338
f 441//441 440//440 445//445
f 440//440 439//439 446//446
f 446//446 447//447 445//445
f 440//440 446//446 445//445
f 447//447 448//448 449//449
f 448//448 343//343 341//341
f 341//341 339//339 449//449
f 448//448 341//341 449//449
f 441//441 445//445 444//444
f 445//445 447//447 449//449
f 449//449 339//339 444//444
f 445//445 449//449 444//444
f 439//439 450//450 446//446
f 450//450 451//451 452//452
f 452//452 447//447 446//446
f 450//450 452//452 446//446
f 451//451 453//453 454//454
f 453//453 455//455 456//456
f 456//456 457//457 454//454
f 453//453 456//456 454//454
f 457//457 458//458 459//459
f 458//458 343//343 448//448
f 448//448 447//447 459//459
f 458//458 448//448 459//459
f 451//451 454//454 452//452
f 454//454 457//457 459//459
f 459//459 447//447 452//452
f 454//454 459//459 452//452
f 343//343 458//458 348//348
f 458//458 457//457 460//460
f 460//460 349//349 348//348
f 458//458 460//460 348//348
f 457//457 456//456 461//461
f 456//456 455//455 462//462
f 462//462 463//463 461//461
f 456//456 462//462 461//461
f 463//463 464//464 465//465
f 464//464 353//353 351//351
f 351//351 349//349 465//465
f 464//464 351//351 465//465
f 457//457 461//461 460//460
f 461//461 463//463 465//465
f 465//465 349//349 460//460
f 461//461 465//465 460//460
f 455//455 466//466 462//462
f 466//466 467//467 468//468
f 468//468 463//463 462//462
f 466//466 468//468 462//462
f 467//467 469//469 470//470
f 469//469 471//471 472//472
f 472//472 473//473 470//470
f 469//469 472//472 470//470
f 473//473 474//474 475//475
f 474//474 353//353 464//464
f 464//464 463//463 475//475
f 474//474 464//464 475//475
f 467//467 470//470 468//468
f 470//470 473//473 475//475
f 475//475 463//463 468//468
f 470//470 475//475 468//468
f 353//353 474//474 358//358
f 474//474 473//473 476//476
f 476//476 359//359 358//358
f 474//474 476//476 358//358
f 473//473 472//472 477//477
f 472//472 471//471 478//478
f 478//478 479//479 477//477
f 472//472 478//478 477//477
f 479//479 480//480 481//481
f 480//480 363//363 361//361
f 361//361 359//359 481//481
f 480//480 361//361 481//481
f 473//473 477//477 476//476
f 477//477 479//479 481//481
f 481//481 359//359 476//476
f 477//477 481//481 476//476
f 471//471 482//482 478//478
f 482//482 483//483 484//484
f 484//484 479//479 478//478
f 482//482 484//484 478//478
f 483//483 485//485 486//486
f 485//485 487//487 488//488
f 488//488 489//489 486//486
f 485//485 488//488 486//486
f 489//489 490//490 491//491
f 490//490 363//363 480//480
f 480//480 479//479 491//491
f 490//490 480//480 491//491
f 483//483 486//486 484//484
f 486//486 489//489 491//491
f 491//491 479//479 484//484
f 486//486 491//491 484//484
f 363//363 490//490 368//368
f 490//490 489//489 492//492
f 492//492 369//369 368//368
f 490//490 492//492 368//368
f 489//489 488//488 493//493
f 488//488 487//487 494//494
f 494//494 495//495 493//493
f 488//488 494//494 493//493
f 495//495 496//496 497//497
f 496//496 373//373 371//371
f 371//371 369//369 497//497
f 496//496 371//371 497//497
f 489//489 493//493 492//492
f 493//493 495//495 497//497
f 497//497 369//369 492//492
f 493//493 497//497 492//492
f 487//487 498//498 494//494
f 498//498 499//499 500//500
f 500//500 495//495 494//494
f 498//498 500//500 494//494
f 499//499 501//501 502//502
f 501//501 503//503 504//504
f 504//504 505//505 502//502
f 501//501 504//504 502//502
f 505//505 506//506 507//507
f 506//506 373//373 496//496
f 496//496 495//495 507//507
f 506//506 496//496 507//507
f 499//499 502//502 500//500
f 502//502 505//505 507//507
f 507//507 495//495 500//500
f 502//502 507//507 500//500
f 373//373 506//506 378//378
f 506//506 505//505 508//508
f 508//508 379//379 378//378
f 506//506 508//508 378//378
f 505//505 504//504 509//509
f 504//504 503//503 510//510
f 510//510 511//511 509//509
f 504//504 510//510 509//509
f 511//511 512//512 513//513
f 512//512 383//383 381//381
f 381//381 379//379 513//513
f 512//512 381//381 513//513
f 505//505 509//509 508//508
f 509//509 511//511 513//513
f 513//513 379//379 508//508
f 509//509 513//513 508//508
f 503//503 514//514 510//510
f 514//514 515//515 516//516
f 516//516 511//511 510//510
f 514//514 516//516 510//510
f 515//515 517//517 518//518
f 517//517 519//519 520//520
f 520//520 521//521 518//518
f 517//517 520//520 518//518
f 521//521 522//522 523//523
f 522//522 383//383 512//512
f 512//512 511//511 523//523
f 522//522 512//512 523//523
f 515//515 518//518 516//516
f 518//518 521//521 523//523
f 523//523 511//511 516//516
f 518//518 523//523 516//516
f 383//383 522//522 388//388
f 522//522 521//521 524//524
f 524//524 389//389 388//388
f 522//522 524//524 388//388
f 521//521 520//520 525//525
f 520//520 519//519 526//526
f 526//526 527//527 525//525
f 520//520 526//526 525//525
f 527//527 528//528 529//529
f 528//528 393//393 391//391
f 391//391 389//389 529//529
f 528//528 391//391 529//529
f 521//521 525//525 524//524
f 525//525 527//527 529//529
f 529//529 389//389 524//524
f 525//525 529//529 524//524
f 519//519 530//530 526//526
f 530//530 531//531 532//532
f 532//532 527//527 526//526
f 530//530 532//532 526//526
f 531//531 533//533 534//534
f 533//533 535//535 536//536
f 536//536 537//537 534//534
f 533//533 536//536 534//534
f 537//537 538//538 539//539
f 538//538 393//393 528//528
f 528//528 527//527 539//539
f 538//538 528//528 539//539
f 531//531 534//534 532//532
f 534//534 537//537 539//539
f 539//539 527//527 532//532
f 534//534 539//539 532//532
f 393//393 538//538 398//398
f 538//538 537//537 540//540
f 540//540 399//399 398//398
f 538//538 540//540 398//398
f 537//537 536//536 541//541
f 536//536 535//535 542//542
f 542//542 543//543 541//541
f 536//536 542//542 541//541
f 543//543 544//544 545//545
f 544//544 403//403 401//401
f 401//401 399//399 545//545
f 544//544 401//401 545//545
f 537//537 541//541 540//540
f 541//541 543//543 545//545
f 545//545 399//399 540//540
f 541//541 545//545 540//540
f 535//535 546//546 542//542
f 546//546 547//547 548//548
f 548//548 543//543 542//542
f 546//546 548//548 542//542
f 547//547 549//549 550//550
f 549//549 551//551 552//552
f 552//552 553//553 550//550
f 549//549 552//552 550//550
f 553//553 554//554 555//555
f 554//554 403//403 544//544
f 544//544 543//543 555//555
f 554//554 544//544 555//555
f 547//547 550//550 548//548
f 550//550 553//553 555//555
f 555//555 543//543 548//548
f 550//550 555//555 548//548
f 403//403 554//554 408//408
f 554//554 553//553 556//556
f 556//556 409//409 408//408
f 554//554 556//556 408//408
f 553//553 552//552 557//557
f 552//552 551//551 558//558
f 558//558 559//559 557//557
f 552//552 558//558 557//557
f 559//559 560//560 561//561
f 560//560 413//413 411//411
f 411//411 409//409 561//561
f 560//560 411//411 561//561
f 553//553 557//557 556//556
f 557//557 559//559 561//561
f 561//561 409//409 556//556
f 557//557 561//561 556//556
f 551//551 562//562 558//558
f 562//562 563//563 564//564
f 564//564 559//559 558//558
f 562//562 564//564 558//558
f 563//563 565//565 566//566
f 565//565 567//567 568//568
f 568//568 569//569 566//566
f 565//565 568//568 566//566
f 569//569 570//570 571//571
f 570//570 413//413 560//560
f 560//560 559//559 571//571
f 570//570 560//560 571//571
f 563//563 566//566 564//564
f 566//566 569//569 571//571
f 571//571 559//559 564//564
f 566//566 571//571 564//564
f 413//413 570//570 418//418
f 570//570 569//569 572//572
f 572//572 419//419 418//418
f 570//570 572//572 418//418
f 569//569 568//568 573//573
f 568//568 567//567 574//574
f 574//574 575//575 573//573
f 568//568 574//574 573//573
f 575//575 576//576 577//577
f 576//576 323//323 421//421
f 421//421 419//419 577//577
f 576//576 421//421 577//577
f 569//569 573//573 572//572
f 573//573 575//575 577//577
f 577//577 419//419 572//572
f 573//573 577//577 572//572
f 567//567 578//578 574//574
f 578//578 579//579 580//580
f 580//580 575//575 574//574
f 578//578 580//580 574//574
f 579//579 581//581 582//582
f 581//581 429//429 427//427
f 427//427 425//425 582//582
f 581//581 427//427 582//582
f 425//425 424//424 583//583
f 424//424 323//323 576//576
f 576//576 575//575 583//583
f 424//424 576//576 583//583
f 579//579 582//582 580//580
f 582//582 425//425 583//583
f 583//583 575//575 580//580
f 582//582 583//583 580//580
f 429//429 584//584 434//434
f 584//584 585//585 586//586
f 586//586 435//435 434//434
f 584//584 586//586 434//434
f 585//585 587//587 588//588
f 587//587 589//589 590//590
f 590//590 591//591 588//588
f 587//587 590//590 588//588
f 591//591 592//592 593//593
f 592//592 439//439 437//437
f 437//437 435//435 593//593
f 592//592 437//437 593//593
f 585//585 588//588 586//586
f 588//588 591//591 593//593
f 593//593 435//435 586//586
f 588//588 593//593 586//586
f 589//589 594//594 590//590
f 594//594 595//595 596//596
f 596//596 591//591 590//590
f 594//594 596//596 590//590
f 595//595 597//597 598//598
f 597//597 599//599 600//600
f 600//600 601//601 598//598
f 597//597 600//600 598//598
f 601//601 602//602 603//603
f 602//602 439//439 592//592
f 592//592 591//591 603//603
f 602//602 592//592 603//603
f 595//595 598//598 596//596
f 598//598 601//601 603//603
f 603//603 591//591 596//596
f 598//598 603//603 596//596
f 439//439 602//602 450//450
f 602//602 601//601 604//604
f 604//604 451//451 450//450
f 602//602 604//604 450//450
f 601//601 600//600 605//605
f 600//600 599//599 606//606
f 606//606 607//607 605//605
f 600//600 606//606 605//605
f 607//607 608//608 609//609
f 608//608 455//455 453//453
f 453//453 451//451 609//609
f 608//608 453//453 609//609
f 601//601 605//605 604//604
f 605//605 607//607 609//609
f 609//609 451//451 604//604
f 605//605 609//609 604//604
f 599//599 610//610 606//606
f 610//610 611//611 612//612
f 612//612 607//607 606//606
f 610//610 612//612 606//606
f 611//611 613//613 614//614
f 613//613 615//615 616//616
f 616//616 617//617 614//614
f 613//613 616//616 614//614
f 617//617 618//618 619//619
f 618//618 455//455 608//608
f 608//608 607//607 619//619
f 618//618 608//608 619//619
f 611//611 614//614 612//612
f 614//614 617//617 619//619
f 619//619 607//607 612//612
f 614//614 619//619 612//612
f 455//455 618//618 466//466
f 618//618 617//617 620//620
f 620//620 467//467 466//466
f 618//618 620//620 466//466
f 617//617 616//616 621//621
f 616//616 615//615 622//622
f 622//622 623//623 621//621
f 616//616 622//622 621//621
f 623//623 624//624 625//625
f 624//624 471//471 469//469
f 469//469 467//467 625//625
f 624//624 469//469 625//625
f 617//617 621//621 620//620
f 621//621 623//623 625//625
f 625//625 467//467 620//620
f 621//621 625//625 620//620
f 615//615 626//626 622//622
f 626//626 627//627 628//628
f 628//628 623//623 622//622
f 626//626 628//628 622//622
f 627//627 629//629 630//630
f 629//629 631//631 632//632
f 632//632 633//633 630//630
f 629//629 632//632 630//630
f 633//633 634//634 635//635
f 634//634 471//471 624//624
f 624//624 623//623 635//635
f 634//634 624//624 635//635
f 627//627 630//630 628//628
f 630//630 633//633 635//635
f 635//635 623//623 628//628
f 630//630 635//635 628//628
f 471//471 634//634 482//482
f 634//634 633//633 636//636
f 636//636 483//483 482//482
f 634//634 636//636 482//482
f 633//633 632//632 637//637
f 632//632 631//631 638//638
f 638//638 639//639 637//637
f 632//632 638//638 637//637
f 639//639 640//640 641//641
f 640//640 487//487 485//485
f 485//485 483//483 641//641
f 640//640 485//485 641//641
f 633//633 637//637 636//636
f 637//637 639//639 641//641
f 641//641 483//483 636//636
f 637//637 641//641 636//636
f 631//631 642//642 638//638
f 642//642 643//643 644//644
f 644//644 639//639 638//638
f 642//642 644//644 638//638
f 643//643 645//645 646//646
f 645//645 647//647 648//648
f 648//648 649//649 646//646
f 645//645 648//648 646//646
f 649//649 650//650 651//651
f 650//650 487//487 640//640
f 640//640 639//639 651//651
f 650//650 640//640 651//651
f 643//643 646//646 644//644
f 646//646 649//649 651//651
f 651//651 639//639 644//644
f 646//646 651//651 644//644
f 487//487 650//650 498//498
f 650//650 649//649 652//652
f 652//652 499//499 498//498
f 650//650 652//652 498//498
f 649//649 648//648 653//653
f 648//648 647//647 654//654
f 654//654 655//655 653//653
f 648//648 654//654 653//653
f 655//655 656//656 657//657
f 656//656 503//503 501//501
f 501//501 499//499 657//657
f 656//656 501//501 657//657
f 649//649 653//653 652//652
f 653//653 655//655 657//657
f 657//657 499//499 652//652
f 653//653 657//657 652//652
f 647//647 658//658 654//654
f 658//658 659//659 660//660
f 660//660 655//655 654//654
f 658//658 660//660 654//654
f 659//659 661//661 662//662
f 661//661 663//663 664//664
f 664//664 665//665 662//662
f 661//661 664//664 662//662
f 665//665 666//666 667//667
f 666//666 503//503 656//656
f 656//656 655//655 667//667
f 666//666 656//656 667//667
f 659//659 662//662 660//660
f 662//662 665//665 667//667
f 667//667 655//655 660//660
f 662//662 667//667 660//660
f 503//503 666//666 514//514
f 666//666 665//665 668//668
f 668//668 515//515 514//514
f 666//666 668//668 514//514
f 665//665 664//664 669//669
f 664//664 663//663 670//670
f 670//670 671//671 669//669
f 664//664 670//670 669//669
f 671//671 672//672 673//673
f 672//672 519//519 517//517
f 517//517 515//515 673//673
f 672//672 517//517 673//673
f 665//665 669//669 668//668
f 669//669 671//671 673//673
f 673//673 515//515 668//668
f 669//669 673//673 668//668
f 663//663 674//674 670//670
f 674//674 675//675 676//676
f 676//676 671//671 670//670
f 674//674 676//676 670//670
f 675//675 677//677 678//678
f 677//677 679//679 680//680
f 680//680 681//681 678//678
f 677//677 680//680 678//678
f 681//681 682//682 683//683
f 682//682 519//519 672//672
f 672//672 671//671 683//683
f 682//682 672//672 683//683
f 675//675 678//678 676//676
f 678//678 681//681 683//683
f 683//683 671//671 676//676
f 678//678 683//683 676//676
f 519//519 682//682 530//530
f 682//682 681//681 684//684
f 684//684 531//531 530//530
f 682//682 684//684 530//530
f 681//681 680//680 685//685
f 680//680 679//679 686//686
f 686//686 687//687 685//685
f 680//680 686//686 685//685
f 687//687 688//688 689//689
f 688//688 535//535 533//533
f 533//533 531//531 689//689
f 688//688 533//533 689//689
f 681//681 685//685 684//684
f 685//685 687//687 689//689
f 689//689 531//531 684//684
f 685//685 689//689 684//684
f 679//679 690//690 686//686
f 690//690 691//691 692//692
f 692//692 687//687 686//686
f 690//690 692//692 686//686
f 691//691 693//693 694//694
f 693//693 695//695 696//696
f 696//696 697//697 694//694
f 693//693 696//696 694//694
f 697//697 698//698 699//699
f 698//698 535//535 688//688
f 688//688 687//687 699//699
f 698//698 688//688 699//699
f 691//691 694//694 692//692
f 694//694 697//697 699//699
f 699//699 687//687 692//692
f 694//694 699//699 692//692
f 535//535 698//698 546//546
f 698//698 697//697 700//700
f 700//700 547//547 546//546
f 698//698 700//700 546//546
f 697//697 696//696 701//701
f 696//696 695//695 702//702
f 702//702 703//703 701//701
f 696//696 702//702 701//701
f 703//703 704//704 705//705
f 704//704 551//551 549//549
f 549//549 547//547 705//705
f 704//704 549//549 705//705
f 697//697 701//701 700//700
f 701//701 703//703 705//705
f 705//705 547//547 700//700
f 701//701 705//705 700//700
f 695//695 706//706 702//702
f 706//706 707//707 708//708
f 708//708 703//703 702//702
f 706//706 708//708 702//702
f 707//707 709//709 710//710
f 709//709 711//711 712//712
f 712//712 713//713 710//710
f 709//709 712//712 710//710
f 713//713 714//714 715//715
f 714//714 551//551 704//704
f 704//704 703//703 715//715
f 714//714 704//704 715//715
f 707//707 710//710 708//708
f 710//710 713//713 715//715
f 715//715 703//703 708//708
f 710//710 715//715 708//708
f 551//551 714//714 562//562
f 714//714 713//713 716//716
f 716//716 563//563 562//562
f 714//714 716//716 562//562
f 713//713 712//712 717//717
f 712//712 711//711 718//718
f 718//718 719//719 717//717
f 712//712 718//718 717//717
f 719//719 720//720 721//721
f 720//720 567//567 565//565
f 565//565 563//563 721//721
f 720//720 565//565 721//721
f 713//713 717//717 716//716
f 717//717 719//719 721//721
f 721//721 563//563 716//716
f 717//717 721//721 716//716
f 711//711 722//722 718//718
f 722//722 723//723 724//724
f 724//724 719//719 718//718
f 722//722 724//724 718//718
f 723//723 725//725 726//726
f 725//725 727//727 728//728
f 728//728 729//729 726//726
f 725//725 728//728 726//726
f 729//729 730//730 731//731
f 730//730 567//567 720//720
f 720//720 719//719 731//731
f 730//730 720//720 731//731
f 723//723 726//726 724//724
f 726//726 729//729 731//731
f 731//731 719//719 724//724
f 726//726 731//731 724//724
f 567//567 730//730 578//578
f 730//730 729//729 732//732
f 732//732 579//579 578//578
f 730//730 732//732 578//578
f 729//729 728//728 733//733
f 728//728 727//727 734//734
f 734//734 735//735 733//733
f 728//728 734//734 733//733
f 735//735 736//736 737//737
f 736//736 429//429 581//581
f 581//581 579//579 737//737
f 736//736 581//581 737//737
f 729//729 733//733 732//732
f 733//733 735//735 737//737
f 737//737 579//579 732//732
f 733//733 737//737 732//732
f 727//727 738//738 734//734
f 738//738 739//739 740//740
f 740//740 735//735 734//734
f 738//738 740//740 734//734
f 739//739 741//741 742//742
f 741//741 589//589 587//587
f 587//587 585//585 742//742
f 741//741 587//587 742//742
f 585//585 584//584 743//743
f 584//584 429//429 736//736
f 736//736 735//735 743//743
f 584//584 736//736 743//743
f 739//739 742//742 740//740
f 742//742 585//585 743//743
f 743//743 735//735 740//740
f 742//742 743//743 740//740
f 589//589 744//744 594//594
f 744//744 745//745 746//746
f 746//746 595//595 594//594
f 744//744 746//746 594//594
f 745//745 747//747 748//748
f 747//747 749//749 750//750
f 750//750 751//751 748//748
f 747//747 750//750 748//748
f 751//751 752//752 753//753
f 752//752 599//599 597//597
f 597//597 595//595 753//753
f 752//752 597//597 753//753
f 745//745 748//748 746//746
f 748//748 751//751 753//753
f 753//753 595//595 746//746
f 748//748 753//753 746//746
f 749//749 754//754 750//750
f 754//754 755//755 756//756
f 756//756 751//751 750//750
f 754//754 756//756 750//750
f 755//755 757//757 758//758
f 757//757 759//759 760//760
f 760//760 761//761 758//758
f 757//757 760//760 758//758
f 761//761 762//762 763//763
f 762//762 599//599 752//752
f 752//752 751//751 763//763
f 762//762 752//752 763//763
f 755//755 758//758 756//756
f 758//758 761//761 763//763
f 763//763 751//751 756//756
f 758//758 763//763 756//756
f 599//599 762//762 610//610
f 762//762 761//761 764//764
f 764//764 611//611 610//610
f 762//762 764//764 610//610
f 761//761 760//760 765//765
f 760//760 759//759 766//766
f 766//766 767//767 765//765
f 760//760 766//766 765//765
f 767//767 768//768 769//769
f 768//768 615//615 613//613
f 613//613 611//611 769//769
f 768//768 613//613 769//769
f 761//761 765//765 764//764
f 765//765 767//767 769//769
f 769//769 611//611 764//764
f 765//765 769//769 764//764
f 759//759 770//770 766//766
f 770//770 771//771 772//772
f 772//772 767//767 766//766
f 770//770 772//772 766//766
f 771//771 773//773 774//774
f 773//773 775//775 776//776
f 776//776 777//777 774//774
f 773//773 776//776 774//774
f 777//777 778//778 779//779
f 778//778 615//615 768//768
f 768//768 767//767 779//779
f 778//778 768//768 779//779
f 771//771 774//774 772//772
f 774//774 777//777 779//779
f 779//779 767//767 772//772
f 774//774 779//779 772//772
f 615//615 778//778 626//626
f 778//778 777//777 780//780
f 780//780 627//627 626//626
f 778//778 780//780 626//626
f 777//777 776//776 781//781
f 776//776 775//775 782//782
f 782//782 783//783 781//781
f 776//776 782//782 781//781
f 783//783 784//784 785//785
f 784//784 631//631 629//629
f 629//629 627//627 785//785
f 784//784 629//629 785//785
f 777//777 781//781 780//780
f 781//781 783//783 785//785
f 785//785 627//627 780//780
f 781//781 785//785 780//780
f 775//775 786//786 782//782
f 786//786 787//787 788//788
f 788//788 783//783 782//782
f 786//786 788//788 782//782
f 787//787 789//789 790//790
f 789//789 791//791 792//792
f 792//792 793//793 790//790
f 789//789 792//792 790//790
f 793//793 794//794 795//795
f 794//794 631//631 784//784
f 784//784 783//783 795//795
f 794//794 784//784 795//795
f 787//787 790//790 788//788
f 790//790 793//793 795//795
f 795//795 783//783 788//788
f 790//790 795//795 788//788
f 631//631 794//794 642//642
f 794//794 793//793 796//796
f 796//796 643//643 642//642
f 794//794 796//796 642//642
f 793//793 792//792 797//797
f 792//792 791//791 798//798
f 798//798 799//799 797//797
f 792//792 798//798 797//797
f 799//799 800//800 801//801
f 800//800 647//647 645//645
f 645//645 643//643 801//801
f 800//800 645//645 801//801
f 793//793 797//797 796//796
f 797//797 799//799 801//801
f 801//801 643//643 796//796
f 797//797 801//801 796//796
f 791//791 802//802 798//798
f 802//802 803//803 804//804
f 804//804 799//799 798//798
f 802//802 804//804 798//798
f 803//803 805//805 806//806
f 805//805 807//807 808//808
f 808//808 809//809 806//806
f 805//805 808//808 806//806
f 809//809 810//810 811//811
f 810//810 647//647 800//800
f 800//800 799//799 811//811
f 810//810 800//800 811//811
f 803//803 806//806 804//804
f 806//806 809//809 811//811
f 811//811 799//799 804//804
f 806//806 811//811 804//804
f 647//647 810//810 658//658
f 810//810 809//809 812//812
f 812//812 659//659 658//658
f 810//810 812//812 658//658
f 809//809 808//808 813//813
f 808//808 807//807 814//814
f 814//814 815//815 813//813
f 808//808 814//814 813//813
f 815//815 816//816 817//817
f 816//816 663//663 661//661
f 661//661 659//659 817//817
f 816//816 661//661 817//817
f 809//809 813//813 812//812
f 813//813 815//815 817//817
f 817//817 659//659 812//812
f 813//813 817//817 812//812
f 807//807 818//818 814//814
f 818//818 819//819 820//820
f 820//820 815//815 814//814
f 818//818 820//820 814//814
f 819//819 821//821 822//822
f 821//821 823//823 824//824
f 824//824 825//825 822//822
f 821//821 824//824 822//822
f 825//825 826//826 827//827
f 826//826 663//663 816//816
f 816//816 815//815 827//827
f 826//826 816//816 827//827
f 819//819 822//822 820//820
f 822//822 825//825 827//827
f 827//827 815//815 820//820
f 822//822 827//827 820//820
f 663//663 826//826 674//674
f 826//826 825//825 828//828
f 828//828 675//675 674//674
f 826//826 828//828 674//674
f 825//825 824//824 829//829
f 824//824 823//823 830//830
f 830//830 831//831 829//829
f 824//824 830//830 829//829
f 831//831 832//832 833//833
f 832//832 679//679 677//677
f 677//677 675//675 833//833
f 832//832 677//677 833//833
f 825//825 829//829 828//828
f 829//829 831//831 833//833
f 833//833 675//675 828//828
f 829//829 833//833 828//828
f 823//823 834//834 830//830
f 834//834 835//835 836//836
f 836//836 831//831 830//830
f 834//834 836//836 830//830
f 835//835 837//837 838//838
f 837//837 839//839 840//840
f 840//840 841//841 838//838
f 837//837 840//840 838//838
f 841//841 842//842 843//843
f 842//842 679//679 832//832
f 832//832 831//831 843//843
f 842//842 832//832 843//843
f 835//835 838//838 836//836
f 838//838 841//841 843//843
f 843//843 831//831 836//836
f 838//838 843//843 836//836
f 679//679 842//842 690//690
f 842//842 841//841 844//844
f 844//844 691//691 690//690
f 842//842 844//844 690//690
f 841//841 840//840 845//845
f 840//840 839//839 846//846
f 846//846 847//847 845//845
f 840//840 846//846 845//845
f 847//847 848//848 849//849
f 848//848 695//695 693//693
f 693//693 691//691 849//849
f 848//848 693//693 849//849
f 841//841 845//845 844//844
f 845//845 847//847 849//849
f 849//849 691//691 844//844
f 845//845 849//849 844//844
f 839//839 850//850 846//846
f 850//850 851//851 852//852
f 852//852 847//847 846//846
f 850//850 852//852 846//846
f 851//851 853//853 854//854
f 853//853 855//855 856//856
f 856//856 857//857 854//854
f 853//853 856//856 854//854
f 857//857 858//858 859//859
f 858//858 695//695 848//848
f 848//848 847//847 859//859
f 858//858 848//848 859//859
f 851//851 854//854 852//852
f 854//854 857//857 859//859
f 859//859 847//847 852//852
f 854//854 859//859 852//852
f 695//695 858//858 706//706
f 858//858 857//857 860//860
f 860//860 707//707 706//706
f 858//858 860//860 706//706
f 857//857 856//856 861//861
f 856//856 855//855 862//862
f 862//862 863//863 861//861
f 856//856 862//862 861//861
f 863//863 864//864 865//865
f 864//864 711//711 709//709
f 709//709 707//707 865//865
f 864//864 709//709 865//865
f 857//857 861//861 860//860
f 861//861 863//863 865//865
f 865//865 707//707 860//860
f 861//861 865//865 860//860
f 855//855 866//866 862//862
f 866//866 867//867 868//868
f 868//868 863//863 862//862
f 866//866 868//868 862//862
f 867//867 869//869 870//870
f 869//869 871//871 872//872
f 872//872 873//873 870//870
f 869//869 872//872 870//870
f 873//873 874//874 875//875
f 874//874 711//711 864//864
f 864//864 863//863 875//875
f 874//874 864//864 875//875
f 867//867 870//870 868//868
f 870//870 873//873 875//875
f 875//875 863//863 868//868
f 870//870 875//875 868//868
f 711//711 874//874 722//722
f 874//874 873//873 876//876
f 876//876 723//723 722//722
f 874//874 876//876 722//722
f 873//873 872//872 877//877
f 872//872 871//871 878//878
f 878//878 879//879 877//877
f 872//872 878//878 877//877
f 879//879 880//880 881//881
f 880//880 727//727 725//725
f 725//725 723//723 881//881
f 880//880 725//725 881//881
f 873//873 877//877 876//876
f 877//877 879//879 881//881
f 881//881 723//723 876//876
f 877//877 881//881 876//876
f 871//871 882//882 878//878
f 882//882 883//883 884//884
f 884//884 879//879 878//878
f 882//882 884//884 878//878
f 883//883 885//885 886//886
f 885//885 887//887 888//888
f 888//888 889//889 886//886
f 885//885 888//888 886//886
f 889//889 890//890 891//891
f 890//890 727//727 880//880
f 880//880 879//879 891//891
f 890//890 880//880 891//891
f 883//883 886//886 884//884
f 886//886 889//889 891//891
f 891//891 879//879 884//884
f 886//886 891//891 884//884
f 727//727 890//890 738//738
f 890//890 889//889 892//892
f 892//892 739//739 738//738
f 890//890 892//892 738//738
f 889//889 888//888 893//893
f 888//888 887//887 894//894
f 894//894 895//895 893//893
f 888//888 894//894 893//893
f 895//895 896//896 897//897
f 896//896 589//589 741//741
f 741//741 739//739 897//897
f 896//896 741//741 897//897
f 889//889 893//893 892//892
f 893//893 895//895 897//897
f 897//897 739//739 892//892
f 893//893 897//897 892//892
f 887//887 898//898 894//894
f 898//898 899//899 900//900
f 900//900 895//895 894//894
f 898//898 900//900 894//894
f 899//899 901//901 902//902
f 901//901 749//749 747//747
f 747//747 745//745 902//902
f 901//901 747//747 902//902
f 745//745 744//744 903//903
f 744//744 589//589 896//896
f 896//896 895//895 903//903
f 744//744 896//896 903//903
f 899//899 902//902 900//900
f 902//902 745//745 903//903
f 903//903 895//895 900//900
f 902//902 903//903 900//900
f 749//749 904//904 754//754
f 904//904 905//905 906//906
f 906//906 755//755 754//754
f 904//904 906//906 754//754
f 905//905 907//907 908//908
f 907//907 909//909 910//910
f 910//910 911//911 908//908
f 907//907 910//910 908//908
f 911//911 912//912 913//913
f 912//912 759//759 757//757
f 757//757 755//755 913//913
f 912//912 757//757 913//913
f 905//905 908//908 906//906
f 908//908 911//911 913//913
f 913//913 755//755 906//906
f 908//908 913//913 906//906
f 909//909 914//914 910//910
f 914//914 915//915 916//916
f 916//916 911//911 910//910
f 914//914 916//916 910//910
f 915//915 917//917 918//918
f 917//917 919//919 920//920
f 920//920 921//921 918//918
f 917//917 920//920 918//918
f 921//921 922//922 923//923
f 922//922 759//759 912//912
f 912//912 911//911 923//923
f 922//922 912//912 923//923
f 915//915 918//918 916//916
f 918//918 921//921 923//923
f 923//923 911//911 916//916
f 918//918 923//923 916//916
f 759//759 922//922 770//770
f 922//922 921//921 924//924
f 924//924 771//771 770//770
f 922//922 924//924 770//770
f 921//921 920//920 925//925
f 920//920 919//919 926//926
f 926//926 927//927 925//925
f 920//920 926//926 925//925
f 927//927 928//928 929//929
f 928//928 775//775 773//773
f 773//773 771//771 929//929
f 928//928 773//773 929//929
f 921//921 925//925 924//924
f 925//925 927//927 929//929
f 929//929 771//771 924//924
f 925//925 929//929 924//924
f 919//919 930//930 926//926
f 930//930 931//931 932//932
f 932//932 927//927 926//926
f 930//930 932//932 926//926
f 931//931 933//933 934//934
f 933//933 935//935 936//936
f 936//936 937//937 934//934
f 933//933 936//936 934//934
f 937//937 938//938 939//939
f 938//938 775//775 928//928
f 928//928 927//927 939//939
f 938//938 928//928 939//939
f 931//931 934//934 932//932
f 934//934 937//937 939//939
f 939//939 927//927 932//932
f 934//934 939//939 932//932
f 775//775 938//938 786//786
f 938//938 937//937 940//940
f 940//940 787//787 786//786
f 938//938 940//940 786//786
f 937//937 936//936 941//941
f 936//936 935//935 942//942
f 942//942 943//943 941//941
f 936//936 942//942 941//941
f 943//943 944//944 945//945
f 944//944 791//791 789//789
f 789//789 787//787 945//945
f 944//944 789//789 945//945
f 937//937 941//941 940//940
f 941//941 943//943 945//945
f 945//945 787//787 940//940
f 941//941 945//945 940//940
f 935//935 946//946 942//942
f 946//946 947//947 948//948
f 948//948 943//943 942//942
f 946//946 948//948 942//942
f 947//947 949//949 950//950
f 949//949 951//951 952//952
f 952//952 953//953 950//950
f 949//949 952//952 950//950
f 953//953 954//954 955//955
f 954//954 791//791 944//944
f 944//944 943//943 955//955
f 954//954 944//944 955//955
f 947//947 950//950 948//948
f 950//950 953//953 955//955
f 955//955 943//943 948//948
f 950//950 955//955 948//948
f 791//791 954//954 802//802
f 954//954 953//953 956//956
f 956//956 803//803 802//802
f 954//954 956//956 802//802
f 953//953 952//952 957//957
f 952//952 951//951 958//958
f 958//958 959//959 957//957
f 952//952 958//958 957//957
f 959//959 960//960 961//961
f 960//960 807//807 805//805
f 805//805 803//803 961//961
f 960//960 805//805 961//961
f 953//953 957//957 956//956
f 957//957 959//959 961//961
f 961//961 803//803 956//956
f 957//957 961//961 956//956
f 951//951 962//962 958//958
f 962//962 963//963 964//964
f 964//964 959//959 958//958
f 962//962 964//964 958//958
f 963//963 965//965 966//966
f 965//965 967//967 968//968
f 968//968 969//969 966//966
f 965//965 968//968 966//966
f 969//969 970//970 971//971
f 970//970 807//807 960//960
f 960//960 959//959 971//971
f 970//970 960//960 971//971
f 963//963 966//966 964//964
f 966//966 969//969 971//971
f 971//971 959//959 964//964
f 966//966 971//971 964//964
f 807//807 970//970 818//818
f 970//970 969//969 972//972
f 972//972 819//819 818//818
f 970//970 972//972 818//818
f 969//969 968//968 973//973
f 968//968 967//967 974//974
f 974//974 975//975 973//973
f 968//968 974//974 973//973
f 975//975 976//976 977//977
f 976//976 823//823 821//821
f 821//821 819//819 977//977
f 976//976 821//821 977//977
f 969//969 973//973 972//972
f 973//973 975//975 977//977
f 977//977 819//819 972//972
f 973//973 977//977 972//972
f 967//967 978//978 974//974
f 978//978 979//979 980//980
f 980//980 975//975 974//974
f 978//978 980//980 974//974
f 979//979 981//981 982//982
f 981//981 983//983 984//984
f 984//984 985//985 982//982
f 981//981 984//984 982//982
f 985//985 986//986 987//987
f 986//986 823//823 976//976
f 976//976 975//975 987//987
f 986//986 976//976 987//987
f 979//979 982//982 980//980
f 982//982 985//985 987//987
f 987//987 975//975 980//980
f 982//982 987//987 980//980
f 823//823 986//986 834//834
f 986//986 985//985 988//988
f 988//988 835//835 834//834
f 986//986 988//988 834//834
f 985//985 984//984 989//989
f 984//984 983//983 990//990
f 990//990 991//991 989//989
f 984//984 990//990 989//989
f 991//991 992//992 993//993
f 992//992 839//839 837//837
f 837//837 835//835 993//993
f 992//992 837//837 993//993
f 985//985 989//989 988//988
f 989//989 991//991 993//993
f 993//993 835//835 988//988
f 989//989 993//993 988//988
f 983//983 994//994 990//990
f 994//994 995//995 996//996
f 996//996 991//991 990//990
f 994//994 996//996 990//990
f 995//995 997//997 998//998
f 997//997 999//999 1000//1000
f 1000//1000 1001//1001 998//998
f 997//997 1000//1000 998//998
f 1001//1001 1002//1002 1003//1003
f 1002//1002 839//839 992//992
f 992//992 991//991 1003//1003
f 1002//1002 992//992 1003//1003
f 995//995 998//998 996//996
f 998//998 1001//1001 1003//1003
f 1003//1003 991//991 996//996
f 998//998 1003//1003 996//996
f 839//839 1002//1002 850//850
f 1002//1002 1001//1001 1004//1004
f 1004//1004 851//851 850//850
f 1002//1002 1004//1004 850//850
f 1001//1001 1000//1000 1005//1005
f 1000//1000 999//999 1006//1006
f 1006//1006 1007//1007 1005//1005
f 1000//1000 1006//1006 1005//1005
f 1007//1007 1008//1008 1009//1009
f 1008//1008 855//855 853//853
f 853//853 851//851 1009//1009
f 1008//1008 853//853 1009//1009
f 1001//1001 1005//1005 1004//1004
f 1005//1005 1007//1007 1009//1009
f 1009//1009 851//851 1004//1004
f 1005//1005 1009//1009 1004//1004
f 999//999 1010//1010 1006//1006
f 1010//1010 1011//1011 1012//1012
f 1012//1012 1007//1007 1006//1006
f 1010//1010 1012//1012 1006//1006
f 1011//1011 1013//1013 1014//1014
f 1013//1013 1015//1015 1016//1016
f 1016//1016 1017//1017 1014//1014
f 1013//1013 1016//1016 1014//1014
f 1017//1017 1018//1018 1019//1019
f 1018//1018 855//855 1008//1008
f 1008//1008 1007//1007 1019//1019
f 1018//1018 1008//1008 1019//1019
f 1011//1011 1014//1014 1012//1012
f 1014//1014 1017//1017 1019//1019
f 1019//1019 1007//1007 1012//1012
f 1014//1014 1019//1019 1012//1012
f 855//855 1018//1018 866//866
f 1018//1018 1017//1017 1020//1020
f 1020//1020 867//867 866//866
f 1018//1018 1020//1020 866//866
f 1017//1017 1016//1016 1021//1021
f 1016//1016 1015//1015 1022//1022
f 1022//1022 1023//1023 1021//1021
f 1016//1016 1022//1022 1021//1021
f 1023//1023 1024//1024 1025//1025
f 1024//1024 871//871 869//869
f 869//869 867//867 1025//1025
f 1024//1024 869//869 1025//1025
f 1017//1017 1021//1021 1020//1020
f 1021//1021 1023//1023 1025//1025
f 1025//1025 867//867 1020//1020
f 1021//1021 1025//1025 1020//1020
f 1015//1015 1026//1026 1022//1022
f 1026//1026 1027//1027 1028//1028
f 1028//1028 1023//1023 1022//1022
f 1026//1026 1028//1028 1022//1022
f 1027//1027 1029//1029 1030//1030
f 1029//1029 1031//1031 1032//1032
f 1032//1032 1033//1033 1030//1030
f 1029//1029 1032//1032 1030//1030
f 1033//1033 1034//1034 1035//1035
f 1034//1034 871//871 1024//1024
f 1024//1024 1023//1023 1035//1035
f 1034//1034 1024//1024 1035//1035
f 1027//1027 1030//1030 1028//1028
f 1030//1030 1033//1033 1035//1035
f 1035//1035 1023//1023 1028//1028
f 1030//1030 1035//1035 1028//1028
f 871//871 1034//1034 882//882
f 1034//1034 1033//1033 1036//1036
f 1036//1036 883//883 882//882
f 1034//1034 1036//1036 882//882
f 1033//1033 1032//1032 1037//1037
f 1032//1032 1031//1031 1038//1038
f 1038//1038 1039//1039 1037//1037
f 1032//1032 1038//1038 1037//1037
f 1039//1039 1040//1040 1041//1041
f 1040//1040 887//887 885//885
f 885//885 883//883 1041//1041
f 1040//1040 885//885 1041//1041
f 1033//1033 1037//1037 1036//1036
f 1037//1037 1039//1039 1041//1041
f 1041//1041 883//883 1036//1036
f 1037//1037 1041//1041 1036//1036
f 1031//1031 1042//1042 1038//1038
f 1042//1042 1043//1043 1044//1044
f 1044//1044 1039//1039 1038//1038
f 1042//1042 1044//1044 1038//1038
f 1043//1043 1045//1045 1046//1046
f 1045//1045 1047//1047 1048//1048
f 1048//1048 1049//1049 1046//1046
f 1045//1045 1048//1048 1046//1046
f 1049//1049 1050//1050 1051//1051
f 1050//1050 887//887 1040//1040
f 1040//1040 1039//1039 1051//1051
f 1050//1050 1040//1040 1051//1051
f 1043//1043 1046//1046 1044//1044
f 1046//1046 1049//1049 1051//1051
f 1051//1051 1039//1039 1044//1044
f 1046//1046 1051//1051 1044//1044
f 887//887 1050//1050 898//898
f 1050//1050 1049//1049 1052//1052
f 1052//1052 899//899 898//898
f 1050//1050 1052//1052 898//898
f 1049//1049 1048//1048 1053//1053
f 1048//1048 1047//1047 1054//1054
f 1054//1054 1055//1055 1053//1053
f 1048//1048 1054//1054 1053//1053
f 1055//1055 1056//1056 1057//1057
f 1056//1056 749//749 901//901
f 901//901 899//899 1057//1057
f 1056//1056 901//901 1057//1057
f 1049//1049 1053//1053 1052//1052
f 1053//1053 1055//1055 1057//1057
f 1057//1057 899//899 1052//1052
f 1053//1053 1057//1057 1052//1052
f 1047//1047 1058//1058 1054//1054
f 1058//1058 1059//1059 1060//1060
f 1060//1060 1055//1055 1054//1054
f 1058//1058 1060//1060 1054//1054
f 1059//1059 1061//1061 1062//1062
f 1061//1061 909//909 907//907
f 907//907 905//905 1062//1062
f 1061//1061 907//907 1062//1062
f 905//905 904//904 1063//1063
f 904//904 749//749 1056//1056
f 1056//1056 1055//1055 1063//1063
f 904//904 1056//1056 1063//1063
f 1059//1059 1062//1062 1060//1060
f 1062//1062 905//905 1063//1063
f 1063//1063 1055//1055 1060//1060
f 1062//1062 1063//1063 1060//1060
f 909//909 1064//1064 914//914
f 1064//1064 1065//1065 1066//1066
f 1066//1066 915//915 914//914
f 1064//1064 1066//1066 914//914
f 1065//1065 1067//1067 1068//1068
f 1067//1067 1069//1069 1070//1070
f 1070//1070 1071//1071 1068//1068
f 1067//1067 1070//1070 1068//1068
f 1071//1071 1072//1072 1073//1073
f 1072//1072 919//919 917//917
f 917//917 915//915 1073//1073
f 1072//1072 917//917 1073//1073
f 1065//1065 1068//1068 1066//1066
f 1068//1068 1071//1071 1073//1073
f 1073//1073 915//915 1066//1066
f 1068//1068 1073//1073 1066//1066
f 1069//1069 1074//1074 1070//1070
f 1074//1074 1075//1075 1076//1076
f 1076//1076 1071//1071 1070//1070
f 1074//1074 1076//1076 1070//1070
f 1075//1075 1077//1077 1078//1078
f 1077//1077 1079//1079 1080//1080
f 1080//1080 1081//1081 1078//1078
f 1077//1077 1080//1080 1078//1078
f 1081//1081 1082//1082 1083//1083
f 1082//1082 919//919 1072//1072
f 1072//1072 1071//1071 1083//1083
f 1082//1082 1072//1072 1083//1083
f 1075//1075 1078//1078 1076//1076
f 1078//1078 1081//1081 1083//1083
f 1083//1083 1071//1071 1076//1076
f 1078//1078 1083//1083 1076//1076
f 919//919 1082//1082 930//930
f 1082//1082 1081//1081 1084//1084
f 1084//1084 931//931 930//930
f 1082//1082 1084//1084 930//930
f 1081//1081 1080//1080 1085//1085
f 1080//1080 1079//1079 1086//1086
f 1086//1086 1087//1087 1085//1085
f 1080//1080 1086//1086 1085//1085
f 1087//1087 1088//1088 1089//1089
f 1088//1088 935//935 933//933
f 933//933 931//931 1089//1089
f 1088//1088 933//933 1089//1089
f 1081//1081 1085//1085 1084//1084
f 1085//1085 1087//1087 1089//1089
f 1089//1089 931//931 1084//1084
f 1085//1085 1089//1089 1084//1084
f 1079//1079 1090//1090 1086//1086
f 1090//1090 1091//1091 1092//1092
f 1092//1092 1087//1087 1086//1086
f 1090//1090 1092//1092 1086//1086
f 1091//1091 1093//1093 1094//1094
f 1093//1093 1095//1095 1096//1096
f 1096//1096 1097//1097 1094//1094
f 1093//1093 1096//1096 1094//1094
f 1097//1097 1098//1098 1099//1099
f 1098//1098 935//935 1088//1088
f 1088//1088 1087//1087 1099//1099
f 1098//1098 1088//1088 1099//1099
f 1091//1091 1094//1094 1092//1092
f 1094//1094 1097//1097 1099//1099
f 1099//1099 1087//1087 1092//1092
f 1094//1094 1099//1099 1092//1092
f 935//935 1098//1098 946//946
f 1098//1098 1097//1097 1100//1100
f 1100//1100 947//947 946//946
f 1098//1098 1100//1100 946//946
f 1097//1097 1096//1096 1101//1101
f 1096//1096 1095//1095 1102//1102
f 1102//1102 1103//1103 1101//1101
f 1096//1096 1102//1102 1101//1101
f 1103//1103 1104//1104 1105//1105
f 1104//1104 951//951 949//949
f 949//949 947//947 1105//1105
f 1104//1104 949//949 1105//1105
f 1097//1097 1101//1101 1100//1100
f 1101//1101 1103//1103 1105//1105
f 1105//1105 947//947 1100//1100
f 1101//1101 1105//1105 1100//1100
f 1095//1095 1106//1106 1102//1102
f 1106//1106 1107//1107 1108//1108
f 1108//1108 1103//1103 1102//1102
f 1106//1106 1108//1108 1102//1102
f 1107//1107 1109//1109 1110//1110
f 1109//1109 1111//1111 1112//1112
f 1112//1112 1113//1113 1110//1110
f 1109//1109 1112//1112 1110//1110
f 1113//1113 1114//1114 1115//1115
f 1114//1114 951//951 1104//1104
f 1104//1104 1103//1103 1115//1115
f 1114//1114 1104//1104 1115//1115
f 1107//1107 1110//1110 1108//1108
f 1110//1110 1113//1113 1115//1115
f 1115//1115 1103//1103 1108//1108
f 1110//1110 1115//1115 1108//1108
f 951//951 1114//1114 962//962
f 1114//1114 1113//1113 1116//1116
f 1116//1116 963//963 962//962
f 1114//1114 1116//1116 962//962
f 1113//1113 1112//1112 1117//1117
f 1112//1112 1111//1111 1118//1118
f 1118//1118 1119//1119 1117//1117
f 1112//1112 1118//1118 1117//1117
f 1119//1119 1120//1120 1121//1121
f 1120//1120 967//967 965//965
f 965//965 963//963 1121//1121
f 1120//1120 965//965 1121//1121
f 1113//1113 1117//1117 1116//1116
f 1117//1117 1119//1119 1121//1121
f 1121//1121 963//963 1116//1116
f 1117//1117 1121//1121 1116//1116
f 1111//1111 1122//1122 1118//1118
f 1122//1122 1123//1123 1124//1124
f 1124//1124 1119//1119 1118//1118
f 1122//1122 1124//1124 1118//1118
f 1123//1123 1125//1125 1126//1126
f 1125//1125 1127//1127 1128//1128
f 1128//1128 1129//1129 1126//1126
f 1125//1125 1128//1128 1126//1126
f 1129//1129 1130//1130 1131//1131
f 1130//1130 967//967 1120//1120
f 1120//1120 1119//1119 1131//1131
f 1130//1130 1120//1120 1131//1131
f 1123//1123 1126//1126 1124//1124
f 1126//1126 1129//1129 1131//1131
f 1131//1131 1119//1119 1124//1124
f 1126//1126 1131//1131 1124//1124
f 967//967 1130//1130 978//978
f 1130//1130 1129//1129 1132//1132
f 1132//1132 979//979 978//978
f 1130//1130 1132//1132 978//978
f 1129//1129 1128//1128 1133//1133
f 1128//1128 1127//1127 1134//1134
f 1134//1134 1135//1135 1133//1133
f 1128//1128 1134//1134 1133//1133
f 1135//1135 1136//1136 1137//1137
f 1136//1136 983//983 981//981
f 981//981 979//979 1137//1137
f 1136//1136 981//981 1137//1137
f 1129//1129 1133//1133 1132//1132
f 1133//1133 1135//1135 1137//1137
f 1137//1137 979//979 1132//1132
f 1133//1133 1137//1137 1132//1132
f 1127//1127 1138//1138 1134//1134
f 1138//1138 1139//1139 1140//1140
f 1140//1140 1135//1135 1134//1134
f 1138//1138 1140//1140 1134//1134
f 1139//1139 1141//1141 1142//1142
f 1141//1141 1143//1143 1144//1144
f 1144//1144 1145//1145 1142//1142
f 1141//1141 1144//1144 1142//1142
f 1145//1145 1146//1146 1147//1147
f 1146//1146 983//983 1136//1136
f 1136//1136 1135//1135 1147//1147
f 1146//1146 1136//1136 1147//1147
f 1139//1139 1142//1142 1140//1140
f 1142//1142 1145//1145 1147//1147
f 1147//1147 1135//1135 1140//1140
f 1142//1142 1147//1147 1140//1140
f 983//983 1146//1146 994//994
f 1146//1146 1145//1145 1148//1148
f 1148//1148 995//995 994//994
f 1146//1146 1148//1148 994//994
f 1145//1145 1144//1144 1149//1149
f 1144//1144 1143//1143 1150//1150
f 1150//1150 1151//1151 1149//1149
f 1144//1144 1150//1150 1149//1149
f 1151//1151 1152//1152 1153//1153
f 1152//1152 999//999 997//997
f 997//997 995//995 1153//1153
f 1152//1152 997//997 1153//1153
f 1145//1145 1149//1149 1148//1148
f 1149//1149 1151//1151 1153//1153
f 1153//1153 995//995 1148//1148
f 1149//1149 1153//1153 1148//1148
f 1143//1143 1154//1154 1150//1150
f 1154//1154 1155//1155 1156//1156
f 1156//1156 1151//1151 1150//1150
f 1154//1154 1156//1156 1150//1150
f 1155//1155 1157//1157 1158//1158
f 1157//1157 1159//1159 1160//1160
f 1160//1160 1161//1161 1158//1158
f 1157//1157 1160//1160 1158//1158
f 1161//1161 1162//1162 1163//1163
f 1162//1162 999//999 1152//1152
f 1152//1152 1151//1151 1163//1163
f 1162//1162 1152//1152 1163//1163
f 1155//1155 1158//1158 1156//1156
f 1158//1158 1161//1161 1163//1163
f 1163//1163 1151//1151 1156//1156
f 1158//1158 1163//1163 1156//1156
f 999//999 1162//1162 1010//1010
f 1162//1162 1161//1161 1164//1164
f 1164//1164 1011//1011 1010//1010
f 1162//1162 1164//1164 1010//1010
f 1161//1161 1160//1160 1165//1165
f 1160//1160 1159//1159 1166//1166
f 1166//1166 1167//1167 1165//1165
f 1160//1160 1166//1166 1165//1165
f 1167//1167 1168//1168 1169//1169
f 1168//1168 1015//1015 1013//1013
f 1013//1013 1011//1011 1169//1169
f 1168//1168 1013//1013 1169//1169
f 1161//1161 1165//1165 1164//1164
f 1165//1165 1167//1167 1169//1169
f 1169//1169 1011//1011 1164//1164
f 1165//1165 1169//1169 1164//1164
f 1159//1159 1170//1170 1166//1166
f 1170//1170 1171//1171 1172//1172
f 1172//1172 1167//1167 1166//1166
f 1170//1170 1172//1172 1166//1166
f 1171//1171 1173//1173 1174//1174
f 1173//1173 1175//1175 1176//1176
f 1176//1176 1177//1177 1174//1174
f 1173//1173 1176//1176 1174//1174
f 1177//1177 1178//1178 1179//1179
f 1178//1178 1015//1015 1168//1168
f 1168//1168 1167//1167 1179//1179
f 1178//1178 1168//1168 1179//1179
f 1171//1171 1174//1174 1172//1172
f 1174//1174 1177//1177 1179//1179
f 1179//1179 1167//1167 1172//1172
f 1174//1174 1179//1179 1172//1172
f 1015//1015 1178//1178 1026//1026
f 1178//1178 1177//1177 1180//1180
f 1180//1180 1027//1027 1026//1026
f 1178//1178 1180//1180 1026//1026
f 1177//1177 1176//1176 1181//1181
f 1176//1176 1175//1175 1182//1182
f 1182//1182 1183//1183 1181//1181
f 1176//1176 1182//1182 1181//1181
f 1183//1183 1184//1184 1185//1185
f 1184//1184 1031//1031 1029//1029
f 1029//1029 1027//1027 1185//1185
f 1184//1184 1029//1029 1185//1185
f 1177//1177 1181//1181 1180//1180
f 1181//1181 1183//1183 1185//1185
f 1185//1185 1027//1027 1180//1180
f 1181//1181 1185//1185 1180//1180
f 1175//1175 1186//1186 1182//1182
f 1186//1186 1187//1187 1188//1188
f 1188//1188 1183//1183 1182//1182
f 1186//1186 1188//1188 1182//1182
f 1187//1187 1189//1189 1190//1190
f 1189//1189 1191//1191 1192//1192
f 1192//1192 1193//1193 1190//1190
f 1189//1189 1192//1192 1190//1190
f 1193//1193 1194//1194 1195//1195
f 1194//1194 1031//1031 1184//1184
f 1184//1184 1183//1183 1195//1195
f 1194//1194 1184//1184 1195//1195
f 1187//1187 1190//1190 1188//1188
f 1190//1190 1193//1193 1195//1195
f 1195//1195 1183//1183 1188//1188
f 1190//1190 1195//1195 1188//1188
f 1031//1031 1194//1194 1042//1042
f 1194//1194 1193//1193 1196//1196
f 1196//1196 1043//1043 1042//1042
f 1194//1194 1196//1196 1042//1042
f 1193//1193 1192//1192 1197//1197
f 1192//1192 1191//1191 1198//1198
f 1198//1198 1199//1199 1197//1197
f 1192//1192 1198//1198 1197//1197
f 1199//1199 1200//1200 1201//1201
f 1200//1200 1047//1047 1045//1045
f 1045//1045 1043//1043 1201//1201
f 1200//1200 1045//1045 1201//1201
f 1193//1193 1197//1197 1196//1196
f 1197//1197 1199//1199 1201//1201
f 1201//1201 1043//1043 1196//1196
f 1197//1197 1201//1201 1196//1196
f 1191//1191 1202//1202 1198//1198
f 1202//1202 1203//1203 1204//1204
f 1204//1204 1199//1199 1198//1198
f 1202//1202 1204//1204 1198//1198
f 1203//1203 1205//1205 1206//1206
f 1205//1205 1207//1207 1208//1208
f 1208//1208 1209//1209 1206//1206
f 1205//1205 1208//1208 1206//1206
f 1209//1209 1210//1210 1211//1211
f 1210//1210 1047//1047 1200//1200
f 1200//1200 1199//1199 1211//1211
f 1210//1210 1200//1200 1211//1211
f 1203//1203 1206//1206 1204//1204
f 1206//1206 1209//1209 1211//1211
f 1211//1211 1199//1199 1204//1204
f 1206//1206 1211//1211 1204//1204
f 1047//1047 1210//1210 1058//1058
f 1210//1210 1209//1209 1212//1212
f 1212//1212 1059//1059 1058//1058
f 1210//1210 1212//1212 1058//1058
f 1209//1209 1208//1208 1213//1213
f 1208//1208 1207//1207 1214//1214
f 1214//1214 1215//1215 1213//1213
f 1208//1208 1214//1214 1213//1213
f 1215//1215 1216//1216 1217//1217
f 1216//1216 909//909 1061//1061
f 1061//1061 1059//1059 1217//1217
f 1216//1216 1061//1061 1217//1217
f 1209//1209 1213//1213 1212//1212
f 1213//1213 1215//1215 1217//1217
f 1217//1217 1059//1059 1212//1212
f 1213//1213 1217//1217 1212//1212
f 1207//1207 1218//1218 1214//1214
f 1218//1218 1219//1219 1220//1220
f 1220//1220 1215//1215 1214//1214
f 1218//1218 1220//1220 1214//1214
f 1219//1219 1221//1221 1222//1222
f 1221//1221 1069//1069 1067//1067
f 1067//1067 1065//1065 1222//1222
f 1221//1221 1067//1067 1222//1222
f 1065//1065 1064//1064 1223//1223
f 1064//1064 909//909 1216//1216
f 1216//1216 1215//1215 1223//1223
f 1064//1064 1216//1216 1223//1223
f 1219//1219 1222//1222 1220//1220
f 1222//1222 1065//1065 1223//1223
f 1223//1223 1215//1215 1220//1220
f 1222//1222 1223//1223 1220//1220
f 1069//1069 1224//1224 1074//1074
f 1224//1224 1225//1225 1226//1226
f 1226//1226 1075//1075 1074//1074
f 1224//1224 1226//1226 1074//1074
f 1225//1225 1227//1227 1228//1228
f 1227//1227 1229//1229 1230//1230
f 1230//1230 1231//1231 1228//1228
f 1227//1227 1230//1230 1228//1228
f 1231//1231 1232//1232 1233//1233
f 1232//1232 1079//1079 1077//1077
f 1077//1077 1075//1075 1233//1233
f 1232//1232 1077//1077 1233//1233
f 1225//1225 1228//1228 1226//1226
f 1228//1228 1231//1231 1233//1233
f 1233//1233 1075//1075 1226//1226
f 1228//1228 1233//1233 1226//1226
f 1229//1229 1234//1234 1230//1230
f 1234//1234 1235//1235 1236//1236
f 1236//1236 1231//1231 1230//1230
f 1234//1234 1236//1236 1230//1230
f 1235//1235 1237//1237 1238//1238
f 1237//1237 1239//1239 1240//1240
f 1240//1240 1241//1241 1238//1238
f 1237//1237 1240//1240 1238//1238
f 1241//1241 1242//1242 1243//1243
f 1242//1242 1079//1079 1232//1232
f 1232//1232 1231//1231 1243//1243
f 1242//1242 1232//1232 1243//1243
f 1235//1235 1238//1238 1236//1236
f 1238//1238 1241//1241 1243//1243
f 1243//1243 1231//1231 1236//1236
f 1238//1238 1243//1243 1236//1236
f 1079//1079 1242//1242 1090//1090
f 1242//1242 1241//1241 1244//1244
f 1244//1244 1091//1091 1090//1090
f 1242//1242 1244//1244 1090//1090
f 1241//1241 1240//1240 1245//1245
f 1240//1240 1239//1239 1246//1246
f 1246//1246 1247//1247 1245//1245
f 1240//1240 1246//1246 1245//1245
f 1247//1247 1248//1248 1249//1249
f 1248//1248 1095//1095 1093//1093
f 1093//1093 1091//1091 1249//1249
f 1248//1248 1093//1093 1249//1249
f 1241//1241 1245//1245 1244//1244
f 1245//1245 1247//1247 1249//1249
f 1249//1249 1091//1091 1244//1244
f 1245//1245 1249//1249 1244//1244
f 1239//1239 1250//1250 1246//1246
f 1250//1250 1251//1251 1252//1252
f 1252//1252 1247//1247 1246//1246
f 1250//1250 1252//1252 1246//1246
f 1251//1251 1253//1253 1254//1254
f 1253//1253 1255//1255 1256//1256
f 1256//1256 1257//1257 1254//1254
f 1253//1253 1256//1256 1254//1254
f 1257//1257 1258//1258 1259//1259
f 1258//1258 1095//1095 1248//1248
f 1248//1248 1247//1247 1259//1259
f 1258//1258 1248//1248 1259//1259
f 1251//1251 1254//1254 1252//1252
f 1254//1254 1257//1257 1259//1259
f 1259//1259 1247//1247 1252//1252
f 1254//1254 1259//1259 1252//1252
f 1095//1095 1258//1258 1106//1106
f 1258//1258 1257//1257 1260//1260
f 1260//1260 1107//1107 1106//1106
f 1258//1258 1260//1260 1106//1106
f 1257//1257 1256//1256 1261//1261
f 1256//1256 1255//1255 1262//1262
f 1262//1262 1263//1263 1261//1261
f 1256//1256 1262//1262 1261//1261
f 1263//1263 1264//1264 1265//1265
f 1264//1264 1111//1111 1109//1109
f 1109//1109 1107//1107 1265//1265
f 1264//1264 1109//1109 1265//1265
f 1257//1257 1261//1261 1260//1260
f 1261//1261 1263//1263 1265//1265
f 1265//1265 1107//1107 1260//1260
f 1261//1261 1265//1265 1260//1260
f 1255//1255 1266//1266 1262//1262
f 1266//1266 1267//1267 1268//1268
f 1268//1268 1263//1263 1262//1262
f 1266//1266 1268//1268 1262//1262
f 1267//1267 1269//1269 1270//1270
f 1269//1269 1271//1271 1272//1272
f 1272//1272 1273//1273 1270//1270
f 1269//1269 1272//1272 1270//1270
f 1273//1273 1274//1274 1275//1275
f 1274//1274 1111//1111 1264//1264
f 1264//1264 1263//1263 1275//1275
f 1274//1274 1264//1264 1275//1275
f 1267//1267 1270//1270 1268//1268
f 1270//1270 1273//1273 1275//1275
f 1275//1275 1263//1263 1268//1268
f 1270//1270 1275//1275 1268//1268
f 1111//1111 1274//1274 1122//1122
f 1274//1274 1273//1273 1276//1276
f 1276//1276 1123//1123 1122//1122
f 1274//1274 1276//1276 1122//1122
f 1273//1273 1272//1272 1277//1277
f 1272//1272 1271//1271 1278//1278
f 1278//1278 1279//1279 1277//1277
f 1272//1272 1278//1278 1277//1277
f 1279//1279 1280//1280 1281//1281
f 1280//1280 1127//1127 1125//1125
f 1125//1125 1123//1123 1281//1281
f 1280//1280 1125//1125 1281//1281
f 1273//1273 1277//1277 1276//1276
f 1277//1277 1279//1279 1281//1281
f 1281//1281 1123//1123 1276//1276
f 1277//1277 1281//1281 1276//1276
f 1271//1271 1282//1282 1278//1278
f 1282//1282 1283//1283 1284//1284
f 1284//1284 1279//1279 1278//1278
f 1282//1282 1284//1284 1278//1278
f 1283//1283 1285//1285 1286//1286
f 1285//1285 1287//1287 1288//1288
f 1288//1288 1289//1289 1286//1286
f 1285//1285 1288//1288 1286//1286
f 1289//1289 1290//1290 1291//1291
f 1290//1290 1127//1127 1280//1280
f 1280//1280 1279//1279 1291//1291
f 1290//1290 1280//1280 1291//1291
f 1283//1283 1286//1286 1284//1284
f 1286//1286 1289//1289 1291//1291
f 1291//1291 1279//1279 1284//1284
f 1286//1286 1291//1291 1284//1284
f 1127//1127 1290//1290 1138//1138
f 1290//1290 1289//1289 1292//1292
f 1292//1292 1139//1139 1138//1138
f 1290//1290 1292//1292 1138//1138
f 1289//1289 1288//1288 1293//1293
f 1288//1288 1287//1287 1294//1294
f 1294//1294 1295//1295 1293//1293
f 1288//1288 1294//1294 1293//1293
f 1295//1295 1296//1296 1297//1297
f 1296//1296 1143//1143 1141//1141
f 1141//1141 1139//1139 1297//1297
f 1296//1296 1141//1141 1297//1297
f 1289//1289 1293//1293 1292//1292
f 1293//1293 1295//1295 1297//1297
f 1297//1297 1139//1139 1292//1292
f 1293//1293 1297//1297 1292//1292
f 1287//1287 1298//1298 1294//1294
f 1298//1298 1299//1299 1300//1300
f 1300//1300 1295//1295 1294//1294
f 1298//1298 1300//1300 1294//1294
f 1299//1299 1301//1301 1302//1302
f 1301//1301 1303//1303 1304//1304
f 1304//1304 1305//1305 1302//1302
f 1301//1301 1304//1304 1302//1302
f 1305//1305 1306//1306 1307//1307
f 1306//1306 1143//1143 1296//1296
f 1296//1296 1295//1295 1307//1307
f 1306//1306 1296//1296 1307//1307
f 1299//1299 1302//1302 1300//1300
f 1302//1302 1305//1305 1307//1307
f 1307//1307 1295//1295 1300//1300
f 1302//1302 1307//1307 1300//1300
f 1143//1143 1306//1306 1154//1154
f 1306//1306 1305//1305 1308//1308
f 1308//1308 1155//1155 1154//1154
f 1306//1306 1308//1308 1154//1154
f 1305//1305 1304//1304 1309//1309
f 1304//1304 1303//1303 1310//1310
f 1310//1310 1311//1311 1309//1309
f 1304//1304 1310//1310 1309//1309
f 1311//1311 1312//1312 1313//1313
f 1312//1312 1159//1159 1157//1157
f 1157//1157 1155//1155 1313//1313
f 1312//1312 1157//1157 1313//1313
f 1305//1305 1309//1309 1308//1308
f 1309//1309 1311//1311 1313//1313
f 1313//1313 1155//1155 1308//1308
f 1309//1309 1313//1313 1308//1308
f 1303//1303 1314//1314 1310//1310
f 1314//1314 1315//1315 1316//1316
f 1316//1316 1311//1311 1310//1310
f 1314//1314 1316//1316 1310//1310
f 1315//1315 1317//1317 1318//1318
f 1317//1317 1319//1319 1320//1320
f 1320//1320 1321//1321 1318//1318
f 1317//1317 1320//1320 1318//1318
f 1321//1321 1322//1322 1323//1323
f 1322//1322 1159//1159 1312//1312
f 1312//1312 1311//1311 1323//1323
f 1322//1322 1312//1312 1323//1323
f 1315//1315 1318//1318 1316//1316
f 1318//1318 1321//1321 1323//1323
f 1323//1323 1311//1311 1316//1316
f 1318//1318 1323//1323 1316//1316
f 1159//1159 1322//1322 1170//1170
f 1322//1322 1321//1321 1324//1324
f 1324//1324 1171//1171 1170//1170
f 1322//1322 1324//1324 1170//1170
f 1321//1321 1320//1320 1325//1325
f 1320//1320 1319//1319 1326//1326
f 1326//1326 1327//1327 1325//1325
f 1320//1320 1326//1326 1325//1325
f 1327//1327 1328//1328 1329//1329
f 1328//1328 1175//1175 1173//1173
f 1173//1173 1171//1171 1329//1329
f 1328//1328 1173//1173 1329//1329
f 1321//1321 1325//1325 1324//1324
f 1325//1325 1327//1327 1329//1329
f 1329//1329 1171//1171 1324//1324
f 1325//1325 1329//1329 1324//1324
f 1319//1319 1330//1330 1326//1326
f 1330//1330 1331//1331 1332//1332
f 1332//1332 1327//1327 1326//1326
f 1330//1330 1332//1332 1326//1326
f 1331//1331 1333//1333 1334//1334
f 1333//1333 1335//1335 1336//1336
f 1336//1336 1337//1337 1334//1334
f 1333//1333 1336//1336 1334//1334
f 1337//1337 1338//1338 1339//1339
f 1338//1338 1175//1175 1328//1328
f 1328//1328 1327//1327 1339//1339
f 1338//1338 1328//1328 1339//1339
f 1331//1331 1334//1334 1332//1332
f 1334//1334 1337//1337 1339//1339
f 1339//1339 1327//1327 1332//1332
f 1334//1334 1339//1339 1332//1332
f 1175//1175 1338//1338 1186//1186
f 1338//1338 1337//1337 1340//1340
f 1340//1340 1187//1187 1186//1186
f 1338//1338 1340//1340 1186//1186
f 1337//1337 1336//1336 1341//1341
f 1336//1336 1335//1335 1342//1342
f 1342//1342 1343//1343 1341//1341
f 1336//1336 1342//1342 1341//1341
f 1343//1343 1344//1344 1345//1345
f 1344//1344 1191//1191 1189//1189
f 1189//1189 1187//1187 1345//1345
f 1344//1344 1189//1189 1345//1345
f 1337//1337 1341//1341 1340//1340
f 1341//1341 1343//1343 1345//1345
f 1345//1345 1187//1187 1340//1340
f 1341//1341 1345//1345 1340//1340
f 1335//1335 1346//1346 1342//1342
f 1346//1346 1347//1347 1348//1348
f 1348//1348 1343//1343 1342//1342
f 1346//1346 1348//1348 1342//1342
f 1347//1347 1349//1349 1350//1350
f 1349//1349 1351//1351 1352//1352
f 1352//1352 1353//1353 1350//1350
f 1349//1349 1352//1352 1350//1350
f 1353//1353 1354//1354 1355//1355
f 1354//1354 1191//1191 1344//1344
f 1344//1344 1343//1343 1355//1355
f 1354//1354 1344//1344 1355//1355
f 1347//1347 1350//1350 1348//1348
f 1350//1350 1353//1353 1355//1355
f 1355//1355 1343//1343 1348//1348
f 1350//1350 1355//1355 1348//1348
f 1191//1191 1354//1354 1202//1202
f 1354//1354 1353//1353 1356//1356
f 1356//1356 1203//1203 1202//1202
f 1354//1354 1356//1356 1202//1202
f 1353//1353 1352//1352 1357//1357
f 1352//1352 1351//1351 1358//1358
f 1358//1358 1359//1359 1357//1357
f 1352//1352 1358//1358 1357//1357
f 1359//1359 1360//1360 1361//1361
f 1360//1360 1207//1207 1205//1205
f 1205//1205 1203//1203 1361//1361
f 1360//1360 1205//1205 1361//1361
f 1353//1353 1357//1357 1356//1356
f 1357//1357 1359//1359 1361//1361
f 1361//1361 1203//1203 1356//1356
f 1357//1357 1361//1361 1356//1356
f 1351//1351 1362//1362 1358//1358
f 1362//1362 1363//1363 1364//1364
f 1364//1364 1359//1359 1358//1358
f 1362//1362 1364//1364 1358//1358
f 1363//1363 1365//1365 1366//1366
f 1365//1365 1367//1367 1368//1368
f 1368//1368 1369//1369 1366//1366
f 1365//1365 1368//1368 1366//1366
f 1369//1369 1370//1370 1371//1371
f 1370//1370 1207//1207 1360//1360
f 1360//1360 1359//1359 1371//1371
f 1370//1370 1360//1360 1371//1371
f 1363//1363 1366//1366 1364//1364
f 1366//1366 1369//1369 1371//1371
f 1371//1371 1359//1359 1364//1364
f 1366//1366 1371//1371 1364//1364
f 1207//1207 1370//1370 1218//1218
f 1370//1370 1369//1369 1372//1372
f 1372//1372 1219//1219 1218//1218
f 1370//1370 1372//1372 1218//1218
f 1369//1369 1368//1368 1373//1373
f 1368//1368 1367//1367 1374//1374
f 1374//1374 1375//1375 1373//1373
f 1368//1368 1374//1374 1373//1373
f 1375//1375 1376//1376 1377//1377
f 1376//1376 1069//1069 1221//1221
f 1221//1221 1219//1219 1377//1377
f 1376//1376 1221//1221 1377//1377
f 1369//1369 1373//1373 1372//1372
f 1373//1373 1375//1375 1377//1377
f 1377//1377 1219//1219 1372//1372
f 1373//1373 1377//1377 1372//1372
f 1367//1367 1378//1378 1374//1374
f 1378//1378 1379//1379 1380//1380
f 1380//1380 1375//1375 1374//1374
f 1378//1378 1380//1380 1374//1374
f 1379//1379 1381//1381 1382//1382
f 1381//1381 1229//1229 1227//1227
f 1227//1227 1225//1225 1382//1382
f 1381//1381 1227//1227 1382//1382
f 1225//1225 1224//1224 1383//1383
f 1224//1224 1069//1069 1376//1376
f 1376//1376 1375//1375 1383//1383
f 1224//1224 1376//1376 1383//1383
f 1379//1379 1382//1382 1380//1380
f 1382//1382 1225//1225 1383//1383
f 1383//1383 1375//1375 1380//1380
f 1382//1382 1383//1383 1380//1380
f 1229//1229 1384//1384 1234//1234
f 1384//1384 1385//1385 1386//1386
f 1386//1386 1235//1235 1234//1234
f 1384//1384 1386//1386 1234//1234
f 1385//1385 1387//1387 1388//1388
f 1387//1387 1389//1389 1390//1390
f 1390//1390 1391//1391 1388//1388
f 1387//1387 1390//1390 1388//1388
f 1391//1391 1392//1392 1393//1393
f 1392//1392 1239//1239 1237//1237
f 1237//1237 1235//1235 1393//1393
f 1392//1392 1237//1237 1393//1393
f 1385//1385 1388//1388 1386//1386
f 1388//1388 1391//1391 1393//1393
f 1393//1393 1235//1235 1386//1386
f 1388//1388 1393//1393 1386//1386
f 1389//1389 1394//1394 1390//1390
f 1394//1394 1395//1395 1396//1396
f 1396//1396 1391//1391 1390//1390
f 1394//1394 1396//1396 1390//1390
f 1395//1395 1397//1397 1398//1398
f 1397//1397 1399//1399 1400//1400
f 1400//1400 1401//1401 1398//1398
f 1397//1397 1400//1400 1398//1398
f 1401//1401 1402//1402 1403//1403
f 1402//1402 1239//1239 1392//1392
f 1392//1392 1391//1391 1403//1403
f 1402//1402 1392//1392 1403//1403
f 1395//1395 1398//1398 1396//1396
f 1398//1398 1401//1401 1403//1403
f 1403//1403 1391//1391 1396//1396
f 1398//1398 1403//1403 1396//1396
f 1239//1239 1402//1402 1250//1250
f 1402//1402 1401//1401 1404//1404
f 1404//1404 1251//1251 1250//1250
f 1402//1402 1404//1404 1250//1250
f 1401//1401 1400//1400 1405//1405
f 1400//1400 1399//1399 1406//1406
f 1406//1406 1407//1407 1405//1405
f 1400//1400 1406//1406 1405//1405
f 1407//1407 1408//1408 1409//1409
f 1408//1408 1255//1255 1253//1253
f 1253//1253 1251//1251 1409//1409
f 1408//1408 1253//1253 1409//1409
f 1401//1401 1405//1405 1404//1404
f 1405//1405 1407//1407 1409//1409
f 1409//1409 1251//1251 1404//1404
f 1405//1405 1409//1409 1404//1404
f 1399//1399 1410//1410 1406//1406
f 1410//1410 1411//1411 1412//1412
f 1412//1412 1407//1407 1406//1406
f 1410//1410 1412//1412 1406//1406
f 1411//1411 1413//1413 1414//1414
f 1413//1413 1415//1415 1416//1416
f 1416//1416 1417//1417 1414//1414
f 1413//1413 1416//1416 1414//1414
f 1417//1417 1418//1418 1419//1419
f 1418//1418 1255//1255 1408//1408
f 1408//1408 1407//1407 1419//1419
f 1418//1418 1408//1408 1419//1419
f 1411//1411 1414//1414 1412//1412
f 1414//1414 1417//1417 1419//1419
f 1419//1419 1407//1407 1412//1412
f 1414//1414 1419//1419 1412//1412
f 1255//1255 1418//1418 1266//1266
f 1418//1418 1417//1417 1420//1420
f 1420//1420 1267//1267 1266//1266
f 1418//1418 1420//1420 1266//1266
f 1417//1417 1416//1416 1421//1421
f 1416//1416 1415//1415 1422//1422
f 1422//1422 1423//1423 1421//1421
f 1416//1416 1422//1422 1421//1421
f 1423//1423 1424//1424 1425//1425
f 1424//1424 1271//1271 1269//1269
f 1269//1269 1267//1267 1425//1425
f 1424//1424 1269//1269 1425//1425
f 1417//1417 1421//1421 1420//1420
f 1421//1421 1423//1423 1425//1425
f 1425//1425 1267//1267 1420//1420
f 1421//1421 1425//1425 1420//1420
f 1415//1415 1426//1426 1422//1422
f 1426//1426 1427//1427 1428//1428
f 1428//1428 1423//1423 1422//1422
f 1426//1426 1428//1428 1422//1422
f 1427//1427 1429//1429 1430//1430
f 1429//1429 1431//1431 1432//1432
f 1432//1432 1433//1433 1430//1430
f 1429//1429 1432//1432 1430//1430
f 1433//1433 1434//1434 1435//1435
f 1434//1434 1271//1271 1424//1424
f 1424//1424 1423//1423 1435//1435
f 1434//1434 1424//1424 1435//1435
f 1427//1427 1430//1430 1428//1428
f 1430//1430 1433//1433 1435//1435
f 1435//1435 1423//1423 1428//1428
f 1430//1430 1435//1435 1428//1428
f 1271//1271 1434//1434 1282//1282
f 1434//1434 1433//1433 1436//1436
f 1436//1436 1283//1283 1282//1282
f 1434//1434 1436//1436 1282//1282
f 1433//1433 1432//1432 1437//1437
f 1432//1432 1431//1431 1438//1438
f 1438//1438 1439//1439 1437//1437
f 1432//1432 1438//1438 1437//1437
f 1439//1439 1440//1440 1441//1441
f 1440//1440 1287//1287 1285//1285
f 1285//1285 1283//1283 1441//1441
f 1440//1440 1285//1285 1441//1441
f 1433//1433 1437//1437 1436//1436
f 1437//1437 1439//1439 1441//1441
f 1441//1441 1283//1283 1436//1436
f 1437//1437 1441//1441 1436//1436
f 1431//1431 1442//1442 1438//1438
f 1442//1442 1443//1443 1444//1444
f 1444//1444 1439//1439 1438//1438
f 1442//1442 1444//1444 1438//1438
f 1443//1443 1445//1445 1446//1446
f 1445//1445 1447//1447 1448//1448
f 1448//1448 1449//1449 1446//1446
f 1445//1445 1448//1448 1446//1446
f 1449//1449 1450//1450 1451//1451
f 1450//1450 1287//1287 1440//1440
f 1440//1440 1439//1439 1451//1451
f 1450//1450 1440//1440 1451//1451
f 1443//1443 1446//1446 1444//1444
f 1446//1446 1449//1449 1451//1451
f 1451//1451 1439//1439 1444//1444
f 1446//1446 1451//1451 1444//1444
f 1287//1287 1450//1450 1298//1298
f 1450//1450 1449//1449 1452//1452
f 1452//1452 1299//1299 1298//1298
f 1450//1450 1452//1452 1298//1298
f 1449//1449 1448//1448 1453//1453
f 1448//1448 1447//1447 1454//1454
f 1454//1454 1455//1455 1453//1453
f 1448//1448 1454//1454 1453//1453
f 1455//1455 1456//1456 1457//1457
f 1456//1456 1303//1303 1301//1301
f 1301//1301 1299//1299 1457//1457
f 1456//1456 1301//1301 1457//1457
f 1449//1449 1453//1453 1452//1452
f 1453//1453 1455//1455 1457//1457
f 1457//1457 1299//1299 1452//1452
f 1453//1453 1457//1457 1452//1452
f 1447//1447 1458//1458 1454//1454
f 1458//1458 1459//1459 1460//1460
f 1460//1460 1455//1455 1454//1454
f 1458//1458 1460//1460 1454//1454
f 1459//1459 1461//1461 1462//1462
f 1461//1461 1463//1463 1464//1464
f 1464//1464 1465//1465 1462//1462
f 1461//1461 1464//1464 1462//1462
f 1465//1465 1466//1466 1467//1467
f 1466//1466 1303//1303 1456//1456
f 1456//1456 1455//1455 1467//1467
f 1466//1466 1456//1456 1467//1467
f 1459//1459 1462//1462 1460//1460
f 1462//1462 1465//1465 1467//1467
f 1467//1467 1455//1455 1460//1460
f 1462//1462 1467//1467 1460//1460
f 1303//1303 1466//1466 1314//1314
f 1466//1466 1465//1465 1468//1468
f 1468//1468 1315//1315 1314//1314
f 1466//1466 1468//1468 1314//1314
f 1465//1465 1464//1464 1469//1469
f 1464//1464 1463//1463 1470//1470
f 1470//1470 1471//1471 1469//1469
f 1464//1464 1470//1470 1469//1469
f 1471//1471 1472//1472 1473//1473
f 1472//1472 1319//1319 1317//1317
f 1317//1317 1315//1315 1473//1473
f 1472//1472 1317//1317 1473//1473
f 1465//1465 1469//1469 1468//1468
f 1469//1469 1471//1471 1473//1473
f 1473//1473 1315//1315 1468//1468
f 1469//1469 1473//1473 1468//1468
f 1463//1463 1474//1474 1470//1470
f 1474//1474 1475//1475 1476//1476
f 1476//1476 1471//1471 1470//1470
f 1474//1474 1476//1476 1470//1470
f 1475//1475 1477//1477 1478//1478
f 1477//1477 1479//1479 1480//1480
f 1480//1480 1481//1481 1478//1478
f 1477//1477 1480//1480 1478//1478
f 1481//1481 1482//1482 1483//1483
f 1482//1482 1319//1319 1472//1472
f 1472//1472 1471//1471 1483//1483
f 1482//1482 1472//1472 1483//1483
f 1475//1475 1478//1478 1476//1476
f 1478//1478 1481//1481 1483//1483
f 1483//1483 1471//1471 1476//1476
f 1478//1478 1483//1483 1476//1476
f 1319//1319 1482//1482 1330//1330
f 1482//1482 1481//1481 1484//1484
f 1484//1484 1331//1331 1330//1330
f 1482//1482 1484//1484 1330//1330
f 1481//1481 1480//1480 1485//1485
f 1480//1480 1479//1479 1486//1486
f 1486//1486 1487//1487 1485//1485
f 1480//1480 1486//1486 1485//1485
f 1487//1487 1488//1488 1489//1489
f 1488//1488 1335//1335 1333//1333
f 1333//1333 1331//1331 1489//1489
f 1488//1488 1333//1333 1489//1489
f 1481//1481 1485//1485 1484//1484
f 1485//1485 1487//1487 1489//1489
f 1489//1489 1331//1331 1484//1484
f 1485//1485 1489//1489 1484//1484
f 1479//1479 1490//1490 1486//1486
f 1490//1490 1491//1491 1492//1492
f 1492//1492 1487//1487 1486//1486
f 1490//1490 1492//1492 1486//1486
f 1491//1491 1493//1493 1494//1494
f 1493//1493 1495//1495 1496//1496
f 1496//1496 1497//1497 1494//1494
f 1493//1493 1496//1496 1494//1494
f 1497//1497 1498//1498 1499//1499
f 1498//1498 1335//1335 1488//1488
f 1488//1488 1487//1487 1499//1499
f 1498//1498 1488//1488 1499//1499
f 1491//1491 1494//1494 1492//1492
f 1494//1494 1497//1497 1499//1499
f 1499//1499 1487//1487 1492//1492
f 1494//1494 1499//1499 1492//1492
f 1335//1335 1498//1498 1346//1346
f 1498//1498 1497//1497 1500//1500
f 1500//1500 1347//1347 1346//1346
f 1498//1498 1500//1500 1346//1346
f 1497//1497 1496//1496 1501//1501
f 1496//1496 1495//1495 1502//1502
f 1502//1502 1503//1503 1501//1501
f 1496//1496 1502//1502 1501//1501
f 1503//1503 1504//1504 1505//1505
f 1504//1504 1351//1351 1349//1349
f 1349//1349 1347//1347 1505//1505
f 1504//1504 1349//1349 1505//1505
f 1497//1497 1501//1501 1500//1500
f 1501//1501 1503//1503 1505//1505
f 1505//1505 1347//1347 1500//1500
f 1501//1501 1505//1505 1500//1500
f 1495//1495 1506//1506 1502//1502
f 1506//1506 1507//1507 1508//1508
f 1508//1508 1503//1503 1502//1502
f 1506//1506 1508//1508 1502//1502
f 1507//1507 1509//1509 1510//1510
f 1509//1509 1511//1511 1512//1512
f 1512//1512 1513//1513 1510//1510
f 1509//1509 1512//1512 1510//1510
f 1513//1513 1514//1514 1515//1515
f 1514//1514 1351//1351 1504//1504
f 1504//1504 1503//1503 1515//1515
f 1514//1514 1504//1504 1515//1515
f 1507//1507 1510//1510 1508//1508
f 1510//1510 1513//1513 1515//1515
f 1515//1515 1503//1503 1508//1508
f 1510//1510 1515//1515 1508//1508
f 1351//1351 1514//1514 1362//1362
f 1514//1514 1513//1513 1516//1516
f 1516//1516 1363//1363 1362//1362
f 1514//1514 1516//1516 1362//1362
f 1513//1513 1512//1512 1517//1517
f 1512//1512 1511//1511 1518//1518
f 1518//1518 1519//1519 1517//1517
f 1512//1512 1518//1518 1517//1517
f 1519//1519 1520//1520 1521//1521
f 1520//1520 1367//1367 1365//1365
f 1365//1365 1363//1363 1521//1521
f 1520//1520 1365//1365 1521//1521
f 1513//1513 1517//1517 1516//1516
f 1517//1517 1519//1519 1521//1521
f 1521//1521 1363//1363 1516//1516
f 1517//1517 1521//1521 1516//1516
f 1511//1511 1522//1522 1518//1518
f 1522//1522 1523//1523 1524//1524
f 1524//1524 1519//1519 1518//1518
f 1522//1522 1524//1524 1518//1518
f 1523//1523 1525//1525 1526//1526
f 1525//1525 1527//1527 1528//1528
f 1528//1528 1529//1529 1526//1526
f 1525//1525 1528//1528 1526//1526
f 1529//1529 1530//1530 1531//1531
f 1530//1530 1367//1367 1520//1520
f 1520//1520 1519//1519 1531//1531
f 1530//1530 1520//1520 1531//1531
f 1523//1523 1526//1526 1524//1524
f 1526//1526 1529//1529 1531//1531
f 1531//1531 1519//1519 1524//1524
f 1526//1526 1531//1531 1524//1524
f 1367//1367 1530//1530 1378//1378
f 1530//1530 1529//1529 1532//1532
f 1532//1532 1379//1379 1378//1378
f 1530//1530 1532//1532 1378//1378
f 1529//1529 1528//1528 1533//1533
f 1528//1528 1527//1527 1534//1534
f 1534//1534 1535//1535 1533//1533
f 1528//1528 1534//1534 1533//1533
f 1535//1535 1536//1536 1537//1537
f 1536//1536 1229//1229 1381//1381
f 1381//1381 1379//1379 1537//1537
f 1536//1536 1381//1381 1537//1537
f 1529//1529 1533//1533 1532//1532
f 1533//1533 1535//1535 1537//1537
f 1537//1537 1379//1379 1532//1532
f 1533//1533 1537//1537 1532//1532
f 1527//1527 1538//1538 1534//1534
f 1538//1538 1539//1539 1540//1540
f 1540//1540 1535//1535 1534//1534
f 1538//1538 1540//1540 1534//1534
f 1539//1539 1541//1541 1542//1542
f 1541//1541 1389//1389 1387//1387
f 1387//1387 1385//1385 1542//1542
f 1541//1541 1387//1387 1542//1542
f 1385//1385 1384//1384 1543//1543
f 1384//1384 1229//1229 1536//1536
f 1536//1536 1535//1535 1543//1543
f 1384//1384 1536//1536 1543//1543
f 1539//1539 1542//1542 1540//1540
f 1542//1542 1385//1385 1543//1543
f 1543//1543 1535//1535 1540//1540
f 1542//1542 1543//1543 1540//1540
f 1389//1389 1544//1544 1394//1394
f 1544//1544 1545//1545 1546//1546
f 1546//1546 1395//1395 1394//1394
f 1544//1544 1546//1546 1394//1394
f 1545//1545 1547//1547 1548//1548
f 1547//1547 1549//1549 1550//1550
f 1550//1550 1551//1551 1548//1548
f 1547//1547 1550//1550 1548//1548
f 1551//1551 1552//1552 1553//1553
f 1552//1552 1399//1399 1397//1397
f 1397//1397 1395//1395 1553//1553
f 1552//1552 1397//1397 1553//1553
f 1545//1545 1548//1548 1546//1546
f 1548//1548 1551//1551 1553//1553
f 1553//1553 1395//1395 1546//1546
f 1548//1548 1553//1553 1546//1546
f 1549//1549 1554//1554 1550//1550
f 1554//1554 1555//1555 1556//1556
f 1556//1556 1551//1551 1550//1550
f 1554//1554 1556//1556 1550//1550
f 1555//1555 1557//1557 1558//1558
f 1557//1557 1559//1559 1560//1560
f 1560//1560 1561//1561 1558//1558
f 1557//1557 1560//1560 1558//1558
f 1561//1561 1562//1562 1563//1563
f 1562//1562 1399//1399 1552//1552
f 1552//1552 1551//1551 1563//1563
f 1562//1562 1552//1552 1563//1563
f 1555//1555 1558//1558 1556//1556
f 1558//1558 1561//1561 1563//1563
f 1563//1563 1551//1551 1556//1556
f 1558//1558 1563//1563 1556//1556
f 1399//1399 1562//1562 1410//1410
f 1562//1562 1561//1561 1564//1564
f 1564//1564 1411//1411 1410//1410
f 1562//1562 1564//1564 1410//1410
f 1561//1561 1560//1560 1565//1565
f 1560//1560 1559//1559 1566//1566
f 1566//1566 1567//1567 1565//1565
f 1560//1560 1566//1566 1565//1565
f 1567//1567 1568//1568 1569//1569
f 1568//1568 1415//1415 1413//1413
f 1413//1413 1411//1411 1569//1569
f 1568//1568 1413//1413 1569//1569
f 1561//1561 1565//1565 1564//1564
f 1565//1565 1567//1567 1569//1569
f 1569//1569 1411//1411 1564//1564
f 1565//1565 1569//1569 1564//1564
f 1559//1559 1570//1570 1566//1566
f 1570//1570 1571//1571 1572//1572
f 1572//1572 1567//1567 1566//1566
f 1570//1570 1572//1572 1566//1566
f 1571//1571 1573//1573 1574//1574
f 1573//1573 1575//1575 1576//1576
f 1576//1576 1577//1577 1574//1574
f 1573//1573 1576//1576 1574//1574
f 1577//1577 1578//1578 1579//1579
f 1578//1578 1415//1415 1568//1568
f 1568//1568 1567//1567 1579//1579
f 1578//1578 1568//1568 1579//1579
f 1571//1571 1574//1574 1572//1572
f 1574//1574 1577//1577 1579//1579
f 1579//1579 1567//1567 1572//1572
f 1574//1574 1579//1579 1572//1572
f 1415//1415 1578//1578 1426//1426
f 1578//1578 1577//1577 1580//1580
f 1580//1580 1427//1427 1426//1426
f 1578//1578 1580//1580 1426//1426
f 1577//1577 1576//1576 1581//1581
f 1576//1576 1575//1575 1582//1582
f 1582//1582 1583//1583 1581//1581
f 1576//1576 1582//1582 1581//1581
f 1583//1583 1584//1584 1585//1585
f 1584//1584 1431//1431 1429//1429
f 1429//1429 1427//1427 1585//1585
f 1584//1584 1429//1429 1585//1585
f 1577//1577 1581//1581 1580//1580
f 1581//1581 1583//1583 1585//1585
f 1585//1585 1427//1427 1580//1580
f 1581//1581 1585//1585 1580//1580
f 1575//1575 1586//1586 1582//1582
f 1586//1586 1587//1587 1588//1588
f 1588//1588 1583//1583 1582//1582
f 1586//1586 1588//1588 1582//1582
f 1587//1587 1589//1589 1590//1590
f 1589//1589 1591//1591 1592//1592
f 1592//1592 1593//1593 1590//1590
f 1589//1589 1592//1592 1590//1590
f 1593//1593 1594//1594 1595//1595
f 1594//1594 1431//1431 1584//1584
f 1584//1584 1583//1583 1595//1595
f 1594//1594 1584//1584 1595//1595
f 1587//1587 1590//1590 1588//1588
f 1590//1590 1593//1593 1595//1595
f 1595//1595 1583//1583 1588//1588
f 1590//1590 1595//1595 1588//1588
f 1431//1431 1594//1594 1442//1442
f 1594//1594 1593//1593 1596//1596
f 1596//1596 1443//1443 1442//1442
f 1594//1594 1596//1596 1442//1442
f 1593//1593 1592//1592 1597//1597
f 1592//1592 1591//1591 1598//1598
f 1598//1598 1599//1599 1597//1597
f 1592//1592 1598//1598 1597//1597
f 1599//1599 1600//1600 1601//1601
f 1600//1600 1447//1447 1445//1445
f 1445//1445 1443//1443 1601//1601
f 1600//1600 1445//1445 1601//1601
f 1593//1593 1597//1597 1596//1596
f 1597//1597 1599//1599 1601//1601
f 1601//1601 1443//1443 1596//1596
f 1597//1597 1601//1601 1596//1596
f 1591//1591 1602//1602 1598//1598
f 1602//1602 1603//1603 1604//1604
f 1604//1604 1599//1599 1598//1598
f 1602//1602 1604//1604 1598//1598
f 1603//1603 1605//1605 1606//1606
f 1605//1605 1607//1607 1608//1608
f 1608//1608 1609//1609 1606//1606
f 1605//1605 1608//1608 1606//1606
f 1609//1609 1610//1610 1611//1611
f 1610//1610 1447//1447 1600//1600
f 1600//1600 1599//1599 1611//1611
f 1610//1610 1600//1600 1611//1611
f 1603//1603 1606//1606 1604//1604
f 1606//1606 1609//1609 1611//1611
f 1611//1611 1599//1599 1604//1604
f 1606//1606 1611//1611 1604//1604
f 1447//1447 1610//1610 1458//1458
f 1610//1610 1609//1609 1612//1612
f 1612//1612 1459//1459 1458//1458
f 1610//1610 1612//1612 1458//1458
f 1609//1609 1608//1608 1613//1613
f 1608//1608 1607//1607 1614//1614
f 1614//1614 1615//1615 1613//1613
f 1608//1608 1614//1614 1613//1613
f 1615//1615 1616//1616 1617//1617
f 1616//1616 1463//1463 1461//1461
f 1461//1461 1459//1459 1617//1617
f 1616//1616 1461//1461 1617//1617
f 1609//1609 1613//1613 1612//1612
f 1613//1613 1615//1615 1617//1617
f 1617//1617 1459//1459 1612//1612
f 1613//1613 1617//1617 1612//1612
f 1607//1607 1618//1618 1614//1614
f 1618//1618 1619//1619 1620//1620
f 1620//1620 1615//1615 1614//1614
f 1618//1618 1620//1620 1614//1614
f 1619//1619 1621//1621 1622//1622
f 1621//1621 1623//1623 1624//1624
f 1624//1624 1625//1625 1622//1622
f 1621//1621 1624//1624 1622//1622
f 1625//1625 1626//1626 1627//1627
f 1626//1626 1463//1463 1616//1616
f 1616//1616 1615//1615 1627//1627
f 1626//1626 1616//1616 1627//1627
f 1619//1619 1622//1622 1620//1620
f 1622//1622 1625//1625 1627//1627
f 1627//1627 1615//1615 1620//1620
f 1622//1622 1627//1627 1620//1620
f 1463//1463 1626//1626 1474//1474
f 1626//1626 1625//1625 1628//1628
f 1628//1628 1475//1475 1474//1474
f 1626//1626 1628//1628 1474//1474
f 1625//1625 1624//1624 1629//1629
f 1624//1624 1623//1623 1630//1630
f 1630//1630 1631//1631 1629//1629
f 1624//1624 1630//1630 1629//1629
f 1631//1631 1632//1632 1633//1633
f 1632//1632 1479//1479 1477//1477
f 1477//1477 1475//1475 1633//1633
f 1632//1632 1477//1477 1633//1633
f 1625//1625 1629//1629 1628//1628
f 1629//1629 1631//1631 1633//1633
f 1633//1633 1475//1475 1628//1628
f 1629//1629 1633//1633 1628//1628
f 1623//1623 1634//1634 1630//1630
f 1634//1634 1635//1635 1636//1636
f 1636//1636 1631//1631 1630//1630
f 1634//1634 1636//1636 1630//1630
f 1635//1635 1637//1637 1638//1638
f 1637//1637 1639//1639 1640//1640
f 1640//1640 1641//1641 1638//1638
f 1637//1637 1640//1640 1638//1638
f 1641//1641 1642//1642 1643//1643
f 1642//1642 1479//1479 1632//1632
f 1632//1632 1631//1631 1643//1643
f 1642//1642 1632//1632 1643//1643
f 1635//1635 1638//1638 1636//1636
f 1638//1638 1641//1641 1643//1643
f 1643//1643 1631//1631 1636//1636
f 1638//1638 1643//1643 1636//1636
f 1479//1479 1642//1642 1490//1490
f 1642//1642 1641//1641 1644//1644
f 1644//1644 1491//1491 1490//1490
f 1642//1642 1644//1644 1490//1490
f 1641//1641 1640//1640 1645//1645
f 1640//1640 1639//1639 1646//1646
f 1646//1646 1647//1647 1645//1645
f 1640//1640 1646//1646 1645//1645
f 1647//1647 1648//1648 1649//1649
f 1648//1648 1495//1495 1493//1493
f 1493//1493 1491//1491 1649//1649
f 1648//1648 1493//1493 1649//1649
f 1641//1641 1645//1645 1644//1644
f 1645//1645 1647//1647 1649//1649
f 1649//1649 1491//1491 1644//1644
f 1645//1645 1649//1649 1644//1644
f 1639//1639 1650//1650 1646//1646
f 1650//1650 1651//1651 1652//1652
f 1652//1652 1647//1647 1646//1646
f 1650//1650 1652//1652 1646//1646
f 1651//1651 1653//1653 1654//1654
f 1653//1653 1655//1655 1656//1656
f 1656//1656 1657//1657 1654//1654
f 1653//1653 1656//1656 1654//1654
f 1657//1657 1658//1658 1659//1659
f 1658//1658 1495//1495 1648//1648
f 1648//1648 1647//1647 1659//1659
f 1658//1658 1648//1648 1659//1659
f 1651//1651 1654//1654 1652//1652
f 1654//1654 1657//1657 1659//1659
f 1659//1659 1647//1647 1652//1652
f 1654//1654 1659//1659 1652//1652
f 1495//1495 1658//1658 1506//1506
f 1658//1658 1657//1657 1660//1660
f 1660//1660 1507//1507 1506//1506
f 1658//1658 1660//1660 1506//1506
f 1657//1657 1656//1656 1661//1661
f 1656//1656 1655//1655 1662//1662
f 1662//1662 1663//1663 1661//1661
f 1656//1656 1662//1662 1661//1661
f 1663//1663 1664//1664 1665//1665
f 1664//1664 1511//1511 1509//1509
f 1509//1509 1507//1507 1665//1665
f 1664//1664 1509//1509 1665//1665
f 1657//1657 1661//1661 1660//1660
f 1661//1661 1663//1663 1665//1665
f 1665//1665 1507//1507 1660//1660
f 1661//1661 1665//1665 1660//1660
f 1655//1655 1666//1666 1662//1662
f 1666//1666 1667//1667 1668//1668
f 1668//1668 1663//1663 1662//1662
f 1666//1666 1668//1668 1662//1662
f 1667//1667 1669//1669 1670//1670
f 1669//1669 1671//1671 1672//1672
f 1672//1672 1673//1673 1670//1670
f 1669//1669 1672//1672 1670//1670
f 1673//1673 1674//1674 1675//1675
f 1674//1674 1511//1511 1664//1664
f 1664//1664 1663//1663 1675//1675
f 1674//1674 1664//1664 1675//1675
f 1667//1667 1670//1670 1668//1668
f 1670//1670 1673//1673 1675//1675
f 1675//1675 1663//1663 1668//1668
f 1670//1670 1675//1675 1668//1668
f 1511//1511 1674//1674 1522//1522
f 1674//1674 1673//1673 1676//1676
f 1676//1676 1523//1523 1522//1522
f 1674//1674 1676//1676 1522//1522
f 1673//1673 1672//1672 1677//1677
f 1672//1672 1671//1671 1678//1678
f 1678//1678 1679//1679 1677//1677
f 1672//1672 1678//1678 1677//1677
f 1679//1679 1680//1680 1681//1681
f 1680//1680 1527//1527 1525//1525
f 1525//1525 1523//1523 1681//1681
f 1680//1680 1525//1525 1681//1681
f 1673//1673 1677//1677 1676//1676
f 1677//1677 1679//1679 1681//1681
f 1681//1681 1523//1523 1676//1676
f 1677//1677 1681//1681 1676//1676
f 1671//1671 1682//1682 1678//1678
f 1682//1682 1683//1683 1684//1684
f 1684//1684 1679//1679 1678//1678
f 1682//1682 1684//1684 1678//1678
f 1683//1683 1685//1685 1686//1686
f 1685//1685 1687//1687 1688//1688
f 1688//1688 1689//1689 1686//1686
f 1685//1685 1688//1688 1686//1686
f 1689//1689 1690//1690 1691//1691
f 1690//1690 1527//1527 1680//1680
f 1680//1680 1679//1679 1691//1691
f 1690//1690 1680//1680 1691//1691
f 1683//1683 1686//1686 1684//1684
f 1686//1686 1689//1689 1691//1691
f 1691//1691 1679//1679 1684//1684
f 1686//1686 1691//1691 1684//1684
f 1527//1527 1690//1690 1538//1538
f 1690//1690 1689//1689 1692//1692
f 1692//1692 1539//1539 1538//1538
f 1690//1690 1692//1692 1538//1538
f 1689//1689 1688//1688 1693//1693
f 1688//1688 1687//1687 1694//1694
f 1694//1694 1695//1695 1693//1693
f 1688//1688 1694//1694 1693//1693
f 1695//1695 1696//1696 1697//1697
f 1696//1696 1389//1389 1541//1541
f 1541//1541 1539//1539 1697//1697
f 1696//1696 1541//1541 1697//1697
f 1689//1689 1693//1693 1692//1692
f 1693//1693 1695//1695 1697//1697
f 1697//1697 1539//1539 1692//1692
f 1693//1693 1697//1697 1692//1692
f 1687//1687 1698//1698 1694//1694
f 1698//1698 1699//1699 1700//1700
f 1700//1700 1695//1695 1694//1694
f 1698//1698 1700//1700 1694//1694
f 1699//1699 1701//1701 1702//1702
f 1701//1701 1549//1549 1547//1547
f 1547//1547 1545//1545 1702//1702
f 1701//1701 1547//1547 1702//1702
f 1545//1545 1544//1544 1703//1703
f 1544//1544 1389//1389 1696//1696
f 1696//1696 1695//1695 1703//1703
f 1544//1544 1696//1696 1703//1703
f 1699//1699 1702//1702 1700//1700
f 1702//1702 1545//1545 1703//1703
f 1703//1703 1695//1695 1700//1700
f 1702//1702 1703//1703 1700//1700
f 1549//1549 1704//1704 1554//1554
f 1704//1704 1705//1705 1706//1706
f 1706//1706 1555//1555 1554//1554
f 1704//1704 1706//1706 1554//1554
f 1705//1705 1707//1707 1708//1708
f 1707//1707 1709//1709 1710//1710
f 1710//1710 1711//1711 1708//1708
f 1707//1707 1710//1710 1708//1708
f 1711//1711 1712//1712 1713//1713
f 1712//1712 1559//1559 1557//1557
f 1557//1557 1555//1555 1713//1713
f 1712//1712 1557//1557 1713//1713
f 1705//1705 1708//1708 1706//1706
f 1708//1708 1711//1711 1713//1713
f 1713//1713 1555//1555 1706//1706
f 1708//1708 1713//1713 1706//1706
f 1559//1559 1712//1712 1570//1570
f 1712//1712 1711//1711 1714//1714
f 1714//1714 1571//1571 1570//1570
f 1712//1712 1714//1714 1570//1570
f 1711//1711 1710//1710 1715//1715
f 1710//1710 1709//1709 1716//1716
f 1716//1716 1717//1717 1715//1715
f 1710//1710 1716//1716 1715//1715
f 1717//1717 1718//1718 1719//1719
f 1718//1718 1575//1575 1573//1573
f 1573//1573 1571//1571 1719//1719
f 1718//1718 1573//1573 1719//1719
f 1711//1711 1715//1715 1714//1714
f 1715//1715 1717//1717 1719//1719
f 1719//1719 1571//1571 1714//1714
f 1715//1715 1719//1719 1714//1714
f 1575//1575 1718//1718 1586//1586
f 1718//1718 1717//1717 1720//1720
f 1720//1720 1587//1587 1586//1586
f 1718//1718 1720//1720 1586//1586
f 1717//1717 1716//1716 1721//1721
f 1716//1716 1709//1709 1722//1722
f 1722//1722 1723//1723 1721//1721
f 1716//1716 1722//1722 1721//1721
f 1723//1723 1724//1724 1725//1725
f 1724//1724 1591//1591 1589//1589
f 1589//1589 1587//1587 1725//1725
f 1724//1724 1589//1589 1725//1725
f 1717//1717 1721//1721 1720//1720
f 1721//1721 1723//1723 1725//1725
f 1725//1725 1587//1587 1720//1720
f 1721//1721 1725//1725 1720//1720
f 1591//1591 1724//1724 1602//1602
f 1724//1724 1723//1723 1726//1726
f 1726//1726 1603//1603 1602//1602
f 1724//1724 1726//1726 1602//1602
f 1723//1723 1722//1722 1727//1727
f 1722//1722 1709//1709 1728//1728
f 1728//1728 1729//1729 1727//1727
f 1722//1722 1728//1728 1727//1727
f 1729//1729 1730//1730 1731//1731
f 1730//1730 1607//1607 1605//1605
f 1605//1605 1603//1603 1731//1731
f 1730//1730 1605//1605 1731//1731
f 1723//1723 1727//1727 1726//1726
f 1727//1727 1729//1729 1731//1731
f 1731//1731 1603//1603 1726//1726
f 1727//1727 1731//1731 1726//1726
f 1607//1607 1730//1730 1618//1618
f 1730//1730 1729//1729 1732//1732
f 1732//1732 1619//1619 1618//1618
f 1730//1730 1732//1732 1618//1618
f 1729//1729 1728//1728 1733//1733
f 1728//1728 1709//1709 1734//1734
f 1734//1734 1735//1735 1733//1733
f 1728//1728 1734//1734 1733//1733
f 1735//1735 1736//1736 1737//1737
f 1736//1736 1623//1623 1621//1621
f 1621//1621 1619//1619 1737//1737
f 1736//1736 1621//1621 1737//1737
f 1729//1729 1733//1733 1732//1732
f 1733//1733 1735//1735 1737//1737
f 1737//1737 1619//1619 1732//1732
f 1733//1733 1737//1737 1732//1732
f 1623//1623 1736//1736 1634//1634
f 1736//1736 1735//1735 1738//1738
f 1738//1738 1635//1635 1634//1634
f 1736//1736 1738//1738 1634//1634
f 1735//1735 1734//1734 1739//1739
f 1734//1734 1709//1709 1740//1740
f 1740//1740 1741//1741 1739//1739
f 1734//1734 1740//1740 1739//1739
f 1741//1741 1742//1742 1743//1743
f 1742//1742 1639//1639 1637//1637
f 1637//1637 1635//1635 1743//1743
f 1742//1742 1637//1637 1743//1743
f 1735//1735 1739//1739 1738//1738
f 1739//1739 1741//1741 1743//1743
f 1743//1743 1635//1635 1738//1738
f 1739//1739 1743//1743 1738//1738
f 1639//1639 1742//1742 1650//1650
f 1742//1742 1741//1741 1744//1744
f 1744//1744 1651//1651 1650//1650
f 1742//1742 1744//1744 1650//1650
f 1741//1741 1740//1740 1745//1745
f 1740//1740 1709//1709 1746//1746
f 1746//1746 1747//1747 1745//1745
f 1740//1740 1746//1746 1745//1745
f 1747//1747 1748//1748 1749//1749
f 1748//1748 1655//1655 1653//1653
f 1653//1653 1651//1651 1749//1749
f 1748//1748 1653//1653 1749//1749
f 1741//1741 1745//1745 1744//1744
f 1745//1745 1747//1747 1749//1749
f 1749//1749 1651//1651 1744//1744
f 1745//1745 1749//1749 1744//1744
f 1655//1655 1748//1748 1666//1666
f 1748//1748 1747//1747 1750//1750
f 1750//1750 1667//1667 1666//1666
f 1748//1748 1750//1750 1666//1666
f 1747//1747 1746//1746 1751//1751
f 1746//1746 1709//1709 1752//1752
f 1752//1752 1753//1753 1751//1751
f 1746//1746 1752//1752 1751//1751
f 1753//1753 1754//1754 1755//1755
f 1754//1754 1671//1671 1669//1669
f 1669//1669 1667//1667 1755//1755
f 1754//1754 1669//1669 1755//1755
f 1747//1747 1751//1751 1750//1750
f 1751//1751 1753//1753 1755//1755
f 1755//1755 1667//1667 1750//1750
f 1751//1751 1755//1755 1750//1750
f 1671//1671 1754//1754 1682//1682
f 1754//1754 1753//1753 1756//1756
f 1756//1756 1683//1683 1682//1682
f 1754//1754 1756//1756 1682//1682
f 1753//1753 1752//1752 1757//1757
f 1752//1752 1709//1709 1758//1758
f 1758//1758 1759//1759 1757//1757
f 1752//1752 1758//1758 1757//1757
f 1759//1759 1760//1760 1761//1761
f 1760//1760 1687//1687 1685//1685
f 1685//1685 1683//1683 1761//1761
f 1760//1760 1685//1685 1761//1761
f 1753//1753 1757//1757 1756//1756
f 1757//1757 1759//1759 1761//1761
f 1761//1761 1683//1683 1756//1756
f 1757//1757 1761//1761 1756//1756
f 1687//1687 1760//1760 1698//1698
f 1760//1760 1759//1759 1762//1762
f 1762//1762 1699//1699 1698//1698
f 1760//1760 1762//1762 1698//1698
f 1759//1759 1758//1758 1763//1763
f 1758//1758 1709//1709 1707//1707
f 1707//1707 1705//1705 1763//1763
f 1758//1758 1707//1707 1763//1763
f 1705//1705 1704//1704 1764//1764
f 1704//1704 1549//1549 1701//1701
f 1701//1701 1699//1699 1764//1764
f 1704//1704 1701//1701 1764//1764
f 1759//1759 1763//1763 1762//1762
f 1763//1763 1705//1705 1764//1764
f 1764//1764 1699//1699 1762//1762
f 1763//1763 1764//1764 1762//1762
f 1765//1765 1766//1766 1767//1767
f 1766//1766 1768//1768 1769//1769
f 1769//1769 1770//1770 1767//1767
f 1766//1766 1769//1769 1767//1767
f 1768//1768 1771//1771 1772//1772
f 1771//1771 1773//1773 1774//1774
f 1774//1774 1775//1775 1772//1772
f 1771//1771 1774//1774 1772//1772
f 1775//1775 1776//1776 1777//1777
f 1776//1776 1778//1778 1779//1779
f 1779//1779 1770//1770 1777//1777
f 1776//1776 1779//1779 1777//1777
f 1768//1768 1772//1772 1769//1769
f 1772//1772 1775//1775 1777//1777
f 1777//1777 1770//1770 1769//1769
f 1772//1772 1777//1777 1769//1769
f 1778//1778 1776//1776 1780//1780
f 1776//1776 1775//1775 1781//1781
f 1781//1781 1782//1782 1780//1780
f 1776//1776 1781//1781 1780//1780
f 1775//1775 1774//1774 1783//1783
f 1774//1774 1773//1773 1784//1784
f 1784//1784 1785//1785 1783//1783
f 1774//1774 1784//1784 1783//1783
f 1785//1785 1786//1786 1787//1787
f 1786//1786 1788//1788 1789//1789
f 1789//1789 1782//1782 1787//1787
f 1786//1786 1789//1789 1787//1787
f 1775//1775 1783//1783 1781//1781
f 1783//1783 1785//1785 1787//1787
f 1787//1787 1782//1782 1781//1781
f 1783//1783 1787//1787 1781//1781
f 1765//1765 1790//1790 1791//1791
f 1790//1790 1792//1792 1793//1793
f 1793//1793 1794//1794 1791//1791
f 1790//1790 1793//1793 1791//1791
f 1792//1792 1795//1795 1796//1796
f 1795//1795 1797//1797 1798//1798
f 1798//1798 1799//1799 1796//1796
f 1795//1795 1798//1798 1796//1796
f 1799//1799 1800//1800 1801//1801
f 1800//1800 1802//1802 1803//1803
f 1803//1803 1794//1794 1801//1801
f 1800//1800 1803//1803 1801//1801
f 1792//1792 1796//1796 1793//1793
f 1796//1796 1799//1799 1801//1801
f 1801//1801 1794//1794 1793//1793
f 1796//1796 1801//1801 1793//1793
f 1765//1765 1767//1767 1790//1790
f 1767//1767 1770//1770 1804//1804
f 1804//1804 1792//1792 1790//1790
f 1767//1767 1804//1804 1790//1790
f 1770//1770 1779//1779 1805//1805
f 1779//1779 1778//1778 1806//1806
f 1806//1806 1807//1807 1805//1805
f 1779//1779 1806//1806 1805//1805
f 1807//1807 1808//1808 1809//1809
f 1808//1808 1797//1797 1795//1795
f 1795//1795 1792//1792 1809//1809
f 1808//1808 1795//1795 1809//1809
f 1770//1770 1805//1805 1804//1804
f 1805//1805 1807//1807 1809//1809
f 1809//1809 1792//1792 1804//1804
f 1805//1805 1809//1809 1804//1804
f 1765//1765 1791//1791 1766//1766
f 1791//1791 1794//1794 1810//1810
f 1810//1810 1768//1768 1766//1766
f 1791//1791 1810//1810 1766//1766
f 1794//1794 1803//1803 1811//1811
f 1803//1803 1802//1802 1812//1812
f 1812//1812 1813//1813 1811//1811
f 1803//1803 1812//1812 1811//1811
f 1813//1813 1814//1814 1815//1815
f 1814//1814 1773//1773 1771//1771
f 1771//1771 1768//1768 1815//1815
f 1814//1814 1771//1771 1815//1815
f 1794//1794 1811//1811 1810//1810
f 1811//1811 1813//1813 1815//1815
f 1815//1815 1768//1768 1810//1810
f 1811//1811 1815//1815 1810//1810
f 1773//1773 1814//1814 1816//1816
f 1814//1814 1813//1813 1817//1817
f 1817//1817 1818//1818 1816//1816
f 1814//1814 1817//1817 1816//1816
f 1813//1813 1812//1812 1819//1819
f 1812//1812 1802//1802 1820//1820
f 1820//1820 1821//1821 1819//1819
f 1812//1812 1820//1820 1819//1819
f 1821//1821 1822//1822 1823//1823
f 1822//1822 1824//1824 1825//1825
f 1825//1825 1818//1818 1823//1823
f 1822//1822 1825//1825 1823//1823
f 1813//1813 1819//1819 1817//1817
f 1819//1819 1821//1821 1823//1823
f 1823//1823 1818//1818 1817//1817
f 1819//1819 1823//1823 1817//1817
f 1773//1773 1816//1816 1826//1826
f 1816//1816 1818//1818 1827//1827
f 1827//1827 1828//1828 1826//1826
f 1816//1816 1827//1827 1826//1826
f 1818//1818 1825//1825 1829//1829
f 1825//1825 1824//1824 1830//1830
f 1830//1830 1831//1831 1829//1829
f 1825//1825 1830//1830 1829//1829
f 1831//1831 1832//1832 1833//1833
f 1832//1832 1834//1834 1835//1835
f 1835//1835 1828//1828 1833//1833
f 1832//1832 1835//1835 1833//1833
f 1818//1818 1829//1829 1827//1827
f 1829//1829 1831//1831 1833//1833
f 1833//1833 1828//1828 1827//1827
f 1829//1829 1833//1833 1827//1827
f 1773//1773 1826//1826 1784//1784
f 1826//1826 1828//1828 1836//1836
f 1836//1836 1785//1785 1784//1784
f 1826//1826 1836//1836 1784//1784
f 1828//1828 1835//1835 1837//1837
f 1835//1835 1834//1834 1838//1838
f 1838//1838 1839//1839 1837//1837
f 1835//1835 1838//1838 1837//1837
f 1839//1839 1840//1840 1841//1841
f 1840//1840 1788//1788 1786//1786
f 1786//1786 1785//1785 1841//1841
f 1840//1840 1786//1786 1841//1841
f 1828//1828 1837//1837 1836//1836
f 1837//1837 1839//1839 1841//1841
f 1841//1841 1785//1785 1836//1836
f 1837//1837 1841//1841 1836//1836
f 1778//1778 1842//1842 1806//1806
f 1842//1842 1843//1843 1844//1844
f 1844//1844 1807//1807 1806//1806
f 1842//1842 1844//1844 1806//1806
f 1843//1843 1845//1845 1846//1846
f 1845//1845 1834//1834 1847//1847
f 1847//1847 1848//1848 1846//1846
f 1845//1845 1847//1847 1846//1846
f 1848//1848 1849//1849 1850//1850
f 1849//1849 1797//1797 1808//1808
f 1808//1808 1807//1807 1850//1850
f 1849//1849 1808//1808 1850//1850
f 1843//1843 1846//1846 1844//1844
f 1846//1846 1848//1848 1850//1850
f 1850//1850 1807//1807 1844//1844
f 1846//1846 1850//1850 1844//1844
f 1778//1778 1780//1780 1842//1842
f 1780//1780 1782//1782 1851//1851
f 1851//1851 1843//1843 1842//1842
f 1780//1780 1851//1851 1842//1842
f 1782//1782 1789//1789 1852//1852
f 1789//1789 1788//1788 1840//1840
f 1840//1840 1839//1839 1852//1852
f 1789//1789 1840//1840 1852//1852
f 1839//1839 1838//1838 1853//1853
f 1838//1838 1834//1834 1845//1845
f 1845//1845 1843//1843 1853//1853
f 1838//1838 1845//1845 1853//1853
f 1782//1782 1852//1852 1851//1851
f 1852//1852 1839//1839 1853//1853
f 1853//1853 1843//1843 1851//1851
f 1852//1852 1853//1853 1851//1851
f 1797//1797 1854//1854 1798//1798
f 1854//1854 1855//1855 1856//1856
f 1856//1856 1799//1799 1798//1798
f 1854//1854 1856//1856 1798//1798
f 1855//1855 1857//1857 1858//1858
f 1857//1857 1824//1824 1822//1822
f 1822//1822 1821//1821 1858//1858
f 1857//1857 1822//1822 1858//1858
f 1821//1821 1820//1820 1859//1859
f 1820//1820 1802//1802 1800//1800
f 1800//1800 1799//1799 1859//1859
f 1820//1820 1800//1800 1859//1859
f 1855//1855 1858//1858 1856//1856
f 1858//1858 1821//1821 1859//1859
f 1859//1859 1799//1799 1856//1856
f 1858//1858 1859//1859 1856//1856
f 1797//1797 1849//1849 1854//1854
f 1849//1849 1848//1848 1860//1860
f 1860//1860 1855//1855 1854//1854
f 1849//1849 1860//1860 1854//1854
f 1848//1848 1847//1847 1861//1861
f 1847//1847 1834//1834 1832//1832
f 1832//1832 1831//1831 1861//1861
f 1847//1847 1832//1832 1861//1861
f 1831//1831 1830//1830 1862//1862
f 1830//1830 1824//1824 1857//1857
f 1857//1857 1855//1855 1862//1862
f 1830//1830 1857//1857 1862//1862
f 1848//1848 1861//1861 1860//1860
f 1861//1861 1831//1831 1862//1862
f 1862//1862 1855//1855 1860//1860
f 1861//1861 1862//1862 1860//1860
f 1863//1863 1864//1864 1865//1865
f 1864//1864 1866//1866 1867//1867
f 1867//1867 1868//1868 1865//1865
f 1864//1864 1867//1867 1865//1865
f 1866//1866 1869//1869 1870//1870
f 1869//1869 1871//1871 1872//1872
f 1872//1872 1873//1873 1870//1870
f 1869//1869 1872//1872 1870//1870
f 1873//1873 1874//1874 1875//1875
f 1874//1874 1876//1876 1877//1877
f 1877//1877 1868//1868 1875//1875
f 1874//1874 1877//1877 1875//1875
f 1866//1866 1870//1870 1867//1867
f 1870//1870 1873//1873 1875//1875
f 1875//1875 1868//1868 1867//1867
f 1870//1870 1875//1875 1867//1867
f 1871//1871 1878//1878 1872//1872
f 1878//1878 1879//1879 1880//1880
f 1880//1880 1873//1873 1872//1872
f 1878//1878 1880//1880 1872//1872
f 1879//1879 1881//1881 1882//1882
f 1881//1881 1883//1883 1884//1884
f 1884//1884 1885//1885 1882//1882
f 1881//1881 1884//1884 1882//1882
f 1885//1885 1886//1886 1887//1887
f 1886//1886 1876//1876 1874//1874
f 1874//1874 1873//1873 1887//1887
f 1886//1886 1874//1874 1887//1887
f 1879//1879 1882//1882 1880//1880
f 1882//1882 1885//1885 1887//1887
f 1887//1887 1873//1873 1880//1880
f 1882//1882 1887//1887 1880//1880
f 1883//1883 1888//1888 1884//1884
f 1888//1888 1889//1889 1890//1890
f 1890//1890 1885//1885 1884//1884
f 1888//1888 1890//1890 1884//1884
f 1889//1889 1891//1891 1892//1892
f 1891//1891 1893//1893 1894//1894
f 1894//1894 1895//1895 1892//1892
f 1891//1891 1894//1894 1892//1892
f 1895//1895 1896//1896 1897//1897
f 1896//1896 1876//1876 1886//1886
f 1886//1886 1885//1885 1897//1897
f 1896//1896 1886//1886 1897//1897
f 1889//1889 1892//1892 1890//1890
f 1892//1892 1895//1895 1897//1897
f 1897//1897 1885//1885 1890//1890
f 1892//1892 1897//1897 1890//1890
f 1893//1893 1898//1898 1894//1894
f 1898//1898 1899//1899 1900//1900
f 1900//1900 1895//1895 1894//1894
f 1898//1898 1900//1900 1894//1894
f 1899//1899 1901//1901 1902//1902
f 1901//1901 1903//1903 1904//1904
f 1904//1904 1905//1905 1902//1902
f 1901//1901 1904//1904 1902//1902
f 1905//1905 1906//1906 1907//1907
f 1906//1906 1876//1876 1896//1896
f 1896//1896 1895//1895 1907//1907
f 1906//1906 1896//1896 1907//1907
f 1899//1899 1902//1902 1900//1900
f 1902//1902 1905//1905 1907//1907
f 1907//1907 1895//1895 1900//1900
f 1902//1902 1907//1907 1900//1900
f 1903//1903 1908//1908 1904//1904
f 1908//1908 1909//1909 1910//1910
f 1910//1910 1905//1905 1904//1904
f 1908//1908 1910//1910 1904//1904
f 1909//1909 1911//1911 1912//1912
f 1911//1911 1913//1913 1914//1914
f 1914//1914 1915//1915 1912//1912
f 1911//1911 1914//1914 1912//1912
f 1915//1915 1916//1916 1917//1917
f 1916//1916 1876//1876 1906//1906
f 1906//1906 1905//1905 1917//1917
f 1916//1916 1906//1906 1917//1917
f 1909//1909 1912//1912 1910//1910
f 1912//1912 1915//1915 1917//1917
f 1917//1917 1905//1905 1910//1910
f 1912//1912 1917//1917 1910//1910
f 1913//1913 1918//1918 1914//1914
f 1918//1918 1919//1919 1920//1920
f 1920//1920 1915//1915 1914//1914
f 1918//1918 1920//1920 1914//1914
f 1919//1919 1921//1921 1922//1922
f 1921//1921 1923//1923 1924//1924
f 1924//1924 1925//1925 1922//1922
f 1921//1921 1924//1924 1922//1922
f 1925//1925 1926//1926 1927//1927
f 1926//1926 1876//1876 1916//1916
f 1916//1916 1915//1915 1927//1927
f 1926//1926 1916//1916 1927//1927
f 1919//1919 1922//1922 1920//1920
f 1922//1922 1925//1925 1927//1927
f 1927//1927 1915//1915 1920//1920
f 1922//1922 1927//1927 1920//1920
f 1923//1923 1928//1928 1924//1924
f 1928//1928 1929//1929 1930//1930
f 1930//1930 1925//1925 1924//1924
f 1928//1928 1930//1930 1924//1924
f 1929//1929 1931//1931 1932//1932
f 1931//1931 1933//1933 1934//1934
f 1934//1934 1935//1935 1932//1932
f 1931//1931 1934//1934 1932//1932
f 1935//1935 1936//1936 1937//1937
f 1936//1936 1876//1876 1926//1926
f 1926//1926 1925//1925 1937//1937
f 1936//1936 1926//1926 1937//1937
f 1929//1929 1932//1932 1930//1930
f 1932//1932 1935//1935 1937//1937
f 1937//1937 1925//1925 1930//1930
f 1932//1932 1937//1937 1930//1930
f 1933//1933 1938//1938 1934//1934
f 1938//1938 1939//1939 1940//1940
f 1940//1940 1935//1935 1934//1934
f 1938//1938 1940//1940 1934//1934
f 1939//1939 1941//1941 1942//1942
f 1941//1941 1943//1943 1944//1944
f 1944//1944 1945//1945 1942//1942
f 1941//1941 1944//1944 1942//1942
f 1945//1945 1946//1946 1947//1947
f 1946//1946 1876//1876 1936//1936
f 1936//1936 1935//1935 1947//1947
f 1946//1946 1936//1936 1947//1947
f 1939//1939 1942//1942 1940//1940
f 1942//1942 1945//1945 1947//1947
f 1947//1947 1935//1935 1940//1940
f 1942//1942 1947//1947 1940//1940
f 1943//1943 1948//1948 1944//1944
f 1948//1948 1949//1949 1950//1950
f 1950//1950 1945//1945 1944//1944
f 1948//1948 1950//1950 1944//1944
f 1949//1949 1951//1951 1952//1952
f 1951//1951 1953//1953 1954//1954
f 1954//1954 1955//1955 1952//1952
f 1951//1951 1954//1954 1952//1952
f 1955//1955 1956//1956 1957//1957
f 1956//1956 1876//1876 1946//1946
f 1946//1946 1945//1945 1957//1957
f 1956//1956 1946//1946 1957//1957
f 1949//1949 1952//1952 1950//1950
f 1952//1952 1955//1955 1957//1957
f 1957//1957 1945//1945 1950//1950
f 1952//1952 1957//1957 1950//1950
f 1953//1953 1958//1958 1954//1954
f 1958//1958 1959//1959 1960//1960
f 1960//1960 1955//1955 1954//1954
f 1958//1958 1960//1960 1954//1954
f 1959//1959 1961//1961 1962//1962
f 1961//1961 1863//1863 1865//1865
f 1865//1865 1868//1868 1962//1962
f 1961//1961 1865//1865 1962//1962
f 1868//1868 1877//1877 1963//1963
f 1877//1877 1876//1876 1956//1956
f 1956//1956 1955//1955 1963//1963
f 1877//1877 1956//1956 1963//1963
f 1959//1959 1962//1962 1960//1960
f 1962//1962 1868//1868 1963//1963
f 1963//1963 1955//1955 1960//1960
f 1962//1962 1963//1963 1960//1960
f 1863//1863 1964//1964 1864//1864
f 1964//1964 1965//1965 1966//1966
f 1966//1966 1866//1866 1864//1864
f 1964//1964 1966//1966 1864//1864
f 1965//1965 1967//1967 1968//1968
f 1967//1967 1969//1969 1970//1970
f 1970//1970 1971//1971 1968//1968
f 1967//1967 1970//1970 1968//1968
f 1971//1971 1972//1972 1973//1973
f 1972//1972 1871//1871 1869//1869
f 1869//1869 1866//1866 1973//1973
f 1972//1972 1869//1869 1973//1973
f 1965//1965 1968//1968 1966//1966
f 1968//1968 1971//1971 1973//1973
f 1973//1973 1866//1866 1966//1966
f 1968//1968 1973//1973 1966//1966
f 1969//1969 1974//1974 1970//1970
f 1974//1974 1975//1975 1976//1976
f 1976//1976 1971//1971 1970//1970
f 1974//1974 1976//1976 1970//1970
f 1975//1975 1977//1977 1978//1978
f 1977//1977 1979//1979 1980//1980
f 1980//1980 1981//1981 1978//1978
f 1977//1977 1980//1980 1978//1978
f 1981//1981 1982//1982 1983//1983
f 1982//1982 1871//1871 1972//1972
f 1972//1972 1971//1971 1983//1983
f 1982//1982 1972//1972 1983//1983
f 1975//1975 1978//1978 1976//1976
f 1978//1978 1981//1981 1983//1983
f 1983//1983 1971//1971 1976//1976
f 1978//1978 1983//1983 1976//1976
f 1871//1871 1982//1982 1878//1878
f 1982//1982 1981//1981 1984//1984
f 1984//1984 1879//1879 1878//1878
f 1982//1982 1984//1984 1878//1878
f 1981//1981 1980//1980 1985//1985
f 1980//1980 1979//1979 1986//1986
f 1986//1986 1987//1987 1985//1985
f 1980//1980 1986//1986 1985//1985
f 1987//1987 1988//1988 1989//1989
f 1988//1988 1883//1883 1881//1881
f 1881//1881 1879//1879 1989//1989
f 1988//1988 1881//1881 1989//1989
f 1981//1981 1985//1985 1984//1984
f 1985//1985 1987//1987 1989//1989
f 1989//1989 1879//1879 1984//1984
f 1985//1985 1989//1989 1984//1984
f 1979//1979 1990//1990 1986//1986
f 1990//1990 1991//1991 1992//1992
f 1992//1992 1987//1987 1986//1986
f 1990//1990 1992//1992 1986//1986
f 1991//1991 1993//1993 1994//1994
f 1993//1993 1995//1995 1996//1996
f 1996//1996 1997//1997 1994//1994
f 1993//1993 1996//1996 1994//1994
f 1997//1997 1998//1998 1999//1999
f 1998//1998 1883//1883 1988//1988
f 1988//1988 1987//1987 1999//1999
f 1998//1998 1988//1988 1999//1999
f 1991//1991 1994//1994 1992//1992
f 1994//1994 1997//1997 1999//1999
f 1999//1999 1987//1987 1992//1992
f 1994//1994 1999//1999 1992//1992
f 1883//1883 1998//1998 1888//1888
f 1998//1998 1997//1997 2000//2000
f 2000//2000 1889//1889 1888//1888
f 1998//1998 2000//2000 1888//1888
f 1997//1997 1996//1996 2001//2001
f 1996//1996 1995//1995 2002//2002
f 2002//2002 2003//2003 2001//2001
f 1996//1996 2002//2002 2001//2001
f 2003//2003 2004//2004 2005//2005
f 2004//2004 1893//1893 1891//1891
f 1891//1891 1889//1889 2005//2005
f 2004//2004 1891//1891 2005//2005
f 1997//1997 2001//2001 2000//2000
f 2001//2001 2003//2003 2005//2005
f 2005//2005 1889//1889 2000//2000
f 2001//2001 2005//2005 2000//2000
f 1995//1995 2006//2006 2002//2002
f 2006//2006 2007//2007 2008//2008
f 2008//2008 2003//2003 2002//2002
f 2006//2006 2008//2008 2002//2002
f 2007//2007 2009//2009 2010//2010
f 2009//2009 2011//2011 2012//2012
f 2012//2012 2013//2013 2010//2010
f 2009//2009 2012//2012 2010//2010
f 2013//2013 2014//2014 2015//2015
f 2014//2014 1893//1893 2004//2004
f 2004//2004 2003//2003 2015//2015
f 2014//2014 2004//2004 2015//2015
f 2007//2007 2010//2010 2008//2008
f 2010//2010 2013//2013 2015//2015
f 2015//2015 2003//2003 2008//2008
f 2010//2010 2015//2015 2008//2008
f 1893//1893 2014//2014 1898//1898
f 2014//2014 2013//2013 2016//2016
f 2016//2016 1899//1899 1898//1898
f 2014//2014 2016//2016 1898//1898
f 2013//2013 2012//2012 2017//2017
f 2012//2012 2011//2011 2018//2018
f 2018//2018 2019//2019 2017//2017
f 2012//2012 2018//2018 2017//2017
f 2019//2019 2020//2020 2021//2021
f 2020//2020 1903//1903 1901//1901
f 1901//1901 1899//1899 2021//2021
f 2020//2020 1901//1901 2021//2021
f 2013//2013 2017//2017 2016//2016
f 2017//2017 2019//2019 2021//2021
f 2021//2021 1899//1899 2016//2016
f 2017//2017 2021//2021 2016//2016
f 2011//2011 2022//2022 2018//2018
f 2022//2022 2023//2023 2024//2024
f 2024//2024 2019//2019 2018//2018
f 2022//2022 2024//2024 2018//2018
f 2023//2023 2025//2025 2026//2026
f 2025//2025 2027//2027 2028//2028
f 2028//2028 2029//2029 2026//2026
f 2025//2025 2028//2028 2026//2026
f 2029//2029 2030//2030 2031//2031
f 2030//2030 1903//1903 2020//2020
f 2020//2020 2019//2019 2031//2031
f 2030//2030 2020//2020 2031//2031
f 2023//2023 2026//2026 2024//2024
f 2026//2026 2029//2029 2031//2031
f 2031//2031 2019//2019 2024//2024
f 2026//2026 2031//2031 2024//2024
f 1903//1903 2030//2030 1908//1908
f 2030//2030 2029//2029 2032//2032
f 2032//2032 1909//1909 1908//1908
f 2030//2030 2032//2032 1908//1908
f 2029//2029 2028//2028 2033//2033
f 2028//2028 2027//2027 2034//2034
f 2034//2034 2035//2035 2033//2033
f 2028//2028 2034//2034 2033//2033
f 2035//2035 2036//2036 2037//2037
f 2036//2036 1913//1913 1911//1911
f 1911//1911 1909//1909 2037//2037
f 2036//2036 1911//1911 2037//2037
f 2029//2029 2033//2033 2032//2032
f 2033//2033 2035//2035 2037//2037
f 2037//2037 1909//1909 2032//2032
f 2033//2033 2037//2037 2032//2032
f 2027//2027 2038//2038 2034//2034
f 2038//2038 2039//2039 2040//2040
f 2040//2040 2035//2035 2034//2034
f 2038//2038 2040//2040 2034//2034
f 2039//2039 2041//2041 2042//2042
f 2041//2041 2043//2043 2044//2044
f 2044//2044 2045//2045 2042//2042
f 2041//2041 2044//2044 2042//2042
f 2045//2045 2046//2046 2047//2047
f 2046//2046 1913//1913 2036//2036
f 2036//2036 2035//2035 2047//2047
f 2046//2046 2036//2036 2047//2047
f 2039//2039 2042//2042 2040//2040
f 2042//2042 2045//2045 2047//2047
f 2047//2047 2035//2035 2040//2040
f 2042//2042 2047//2047 2040//2040
f 1913//1913 2046//2046 1918//1918
f 2046//2046 2045//2045 2048//2048
f 2048//2048 1919//1919 1918//1918
f 2046//2046 2048//2048 1918//1918
f 2045//2045 2044//2044 2049//2049
f 2044//2044 2043//2043 2050//2050
f 2050//2050 2051//2051 2049//2049
f 2044//2044 2050//2050 2049//2049
f 2051//2051 2052//2052 2053//2053
f 2052//2052 1923//1923 1921//1921
f 1921//1921 1919//1919 2053//2053
f 2052//2052 1921//1921 2053//2053
f 2045//2045 2049//2049 2048//2048
f 2049//2049 2051//2051 2053//2053
f 2053//2053 1919//1919 2048//2048
f 2049//2049 2053//2053 2048//2048
f 2043//2043 2054//2054 2050//2050
f 2054//2054 2055//2055 2056//2056
f 2056//2056 2051//2051 2050//2050
f 2054//2054 2056//2056 2050//2050
f 2055//2055 2057//2057 2058//2058
f 2057//2057 2059//2059 2060//2060
f 2060//2060 2061//2061 2058//2058
f 2057//2057 2060//2060 2058//2058
f 2061//2061 2062//2062 2063//2063
f 2062//2062 1923//1923 2052//2052
f 2052//2052 2051//2051 2063//2063
f 2062//2062 2052//2052 2063//2063
f 2055//2055 2058//2058 2056//2056
f 2058//2058 2061//2061 2063//2063
f 2063//2063 2051//2051 2056//2056
f 2058//2058 2063//2063 2056//2056
f 1923//1923 2062//2062 1928//1928
f 2062//2062 2061//2061 2064//2064
f 2064//2064 1929//1929 1928//1928
f 2062//2062 2064//2064 1928//1928
f 2061//2061 2060//2060 2065//2065
f 2060//2060 2059//2059 2066//2066
f 2066//2066 2067//2067 2065//2065
f 2060//2060 2066//2066 2065//2065
f 2067//2067 2068//2068 2069//2069
f 2068//2068 1933//1933 1931//1931
f 1931//1931 1929//1929 2069//2069
f 2068//2068 1931//1931 2069//2069
f 2061//2061 2065//2065 2064//2064
f 2065//2065 2067//2067 2069//2069
f 2069//2069 1929//1929 2064//2064
f 2065//2065 2069//2069 2064//2064
f 2059//2059 2070//2070 2066//2066
f 2070//2070 2071//2071 2072//2072
f 2072//2072 2067//2067 2066//2066
f 2070//2070 2072//2072 2066//2066
f 2071//2071 2073//2073 2074//2074
f 2073//2073 2075//2075 2076//2076
f 2076//2076 2077//2077 2074//2074
f 2073//2073 2076//2076 2074//2074
f 2077//2077 2078//2078 2079//2079
f 2078//2078 1933//1933 2068//2068
f 2068//2068 2067//2067 2079//2079
f 2078//2078 2068//2068 2079//2079
f 2071//2071 2074//2074 2072//2072
f 2074//2074 2077//2077 2079//2079
f 2079//2079 2067//2067 2072//2072
f 2074//2074 2079//2079 2072//2072
f 1933//1933 2078//2078 1938//1938
f 2078//2078 2077//2077 2080//2080
f 2080//2080 1939//1939 1938//1938
f 2078//2078 2080//2080 1938//1938
f 2077//2077 2076//2076 2081//2081
f 2076//2076 2075//2075 2082//2082
f 2082//2082 2083//2083 2081//2081
f 2076//2076 2082//2082 2081//2081
f 2083//2083 2084//2084 2085//2085
f 2084//2084 1943//1943 1941//1941
f 1941//1941 1939//1939 2085//2085
f 2084//2084 1941//1941 2085//2085
f 2077//2077 2081//2081 2080//2080
f 2081//2081 2083//2083 2085//2085
f 2085//2085 1939//1939 2080//2080
f 2081//2081 2085//2085 2080//2080
f 2075//2075 2086//2086 2082//2082
f 2086//2086 2087//2087 2088//2088
f 2088//2088 2083//2083 2082//2082
f 2086//2086 2088//2088 2082//2082
f 2087//2087 2089//2089 2090//2090
f 2089//2089 2091//2091 2092//2092
f 2092//2092 2093//2093 2090//2090
f 2089//2089 2092//2092 2090//2090
f 2093//2093 2094//2094 2095//2095
f 2094//2094 1943//1943 2084//2084
f 2084//2084 2083//2083 2095//2095
f 2094//2094 2084//2084 2095//2095
f 2087//2087 2090//2090 2088//2088
f 2090//2090 2093//2093 2095//2095
f 2095//2095 2083//2083 2088//2088
f 2090//2090 2095//2095 2088//2088
f 1943//1943 2094//2094 1948//1948
f 2094//2094 2093//2093 2096//2096
f 2096//2096 1949//1949 1948//1948
f 2094//2094 2096//2096 1948//1948
f 2093//2093 2092//2092 2097//2097
f 2092//2092 2091//2091 2098//2098
f 2098//2098 2099//2099 2097//2097
f 2092//2092 2098//2098 2097//2097
f 2099//2099 2100//2100 2101//2101
f 2100//2100 1953//1953 1951//1951
f 1951//1951 1949//1949 2101//2101
f 2100//2100 1951//1951 2101//2101
f 2093//2093 2097//2097 2096//2096
f 2097//2097 2099//2099 2101//2101
f 2101//2101 1949//1949 2096//2096
f 2097//2097 2101//2101 2096//2096
f 2091//2091 2102//2102 2098//2098
f 2102//2102 2103//2103 2104//2104
f 2104//2104 2099//2099 2098//2098
f 2102//2102 2104//2104 2098//2098
f 2103//2103 2105//2105 2106//2106
f 2105//2105 2107//2107 2108//2108
f 2108//2108 2109//2109 2106//2106
f 2105//2105 2108//2108 2106//2106
f 2109//2109 2110//2110 2111//2111
f 2110//2110 1953//1953 2100//2100
f 2100//2100 2099//2099 2111//2111
f 2110//2110 2100//2100 2111//2111
f 2103//2103 2106//2106 2104//2104
f 2106//2106 2109//2109 2111//2111
f 2111//2111 2099//2099 2104//2104
f 2106//2106 2111//2111 2104//2104
f 1953//1953 2110//2110 1958//1958
f 2110//2110 2109//2109 2112//2112
f 2112//2112 1959//1959 1958//1958
f 2110//2110 2112//2112 1958//1958
f 2109//2109 2108//2108 2113//2113
f 2108//2108 2107//2107 2114//2114
f 2114//2114 2115//2115 2113//2113
f 2108//2108 2114//2114 2113//2113
f 2115//2115 2116//2116 2117//2117
f 2116//2116 1863//1863 1961//1961
f 1961//1961 1959//1959 2117//2117
f 2116//2116 1961//1961 2117//2117
f 2109//2109 2113//2113 2112//2112
f 2113//2113 2115//2115 2117//2117
f 2117//2117 1959//1959 2112//2112
f 2113//2113 2117//2117 2112//2112
f 2107//2107 2118//2118 2114//2114
f 2118//2118 2119//2119 2120//2120
f 2120//2120 2115//2115 2114//2114
f 2118//2118 2120//2120 2114//2114
f 2119//2119 2121//2121 2122//2122
f 2121//2121 1969//1969 1967//1967
f 1967//1967 1965//1965 2122//2122
f 2121//2121 1967//1967 2122//2122
f 1965//1965 1964//1964 2123//2123
f 1964//1964 1863//1863 2116//2116
f 2116//2116 2115//2115 2123//2123
f 1964//1964 2116//2116 2123//2123
f 2119//2119 2122//2122 2120//2120
f 2122//2122 1965//1965 2123//2123
f 2123//2123 2115//2115 2120//2120
f 2122//2122 2123//2123 2120//2120
f 1969//1969 2124//2124 1974//1974
f 2124//2124 2125//2125 2126//2126
f 2126//2126 1975//1975 1974//1974
f 2124//2124 2126//2126 1974//1974
f 2125//2125 2127//2127 2128//2128
f 2127//2127 2129//2129 2130//2130
f 2130//2130 2131//2131 2128//2128
f 2127//2127 2130//2130 2128//2128
f 2131//2131 2132//2132 2133//2133
f 2132//2132 1979//1979 1977//1977
f 1977//1977 1975//1975 2133//2133
f 2132//2132 1977//1977 2133//2133
f 2125//2125 2128//2128 2126//2126
f 2128//2128 2131//2131 2133//2133
f 2133//2133 1975//1975 2126//2126
f 2128//2128 2133//2133 2126//2126
f 2129//2129 2134//2134 2130//2130
f 2134//2134 2135//2135 2136//2136
f 2136//2136 2131//2131 2130//2130
f 2134//2134 2136//2136 2130//2130
f 2135//2135 2137//2137 2138//2138
f 2137//2137 2139//2139 2140//2140
f 2140//2140 2141//2141 2138//2138
f 2137//2137 2140//2140 2138//2138
f 2141//2141 2142//2142 2143//2143
f 2142//2142 1979//1979 2132//2132
f 2132//2132 2131//2131 2143//2143
f 2142//2142 2132//2132 2143//2143
f 2135//2135 2138//2138 2136//2136
f 2138//2138 2141//2141 2143//2143
f 2143//2143 2131//2131 2136//2136
f 2138//2138 2143//2143 2136//2136
f 1979//1979 2142//2142 1990//1990
f 2142//2142 2141//2141 2144//2144
f 2144//2144 1991//1991 1990//1990
f 2142//2142 2144//2144 1990//1990
f 2141//2141 2140//2140 2145//2145
f 2140//2140 2139//2139 2146//2146
f 2146//2146 2147//2147 2145//2145
f 2140//2140 2146//2146 2145//2145
f 2147//2147 2148//2148 2149//2149
f 2148//2148 1995//1995 1993//1993
f 1993//1993 1991//1991 2149//2149
f 2148//2148 1993//1993 2149//2149
f 2141//2141 2145//2145 2144//2144
f 2145//2145 2147//2147 2149//2149
f 2149//2149 1991//1991 2144//2144
f 2145//2145 2149//2149 2144//2144
f 2139//2139 2150//2150 2146//2146
f 2150//2150 2151//2151 2152//2152
f 2152//2152 2147//2147 2146//2146
f 2150//2150 2152//2152 2146//2146
f 2151//2151 2153//2153 2154//2154
f 2153//2153 2155//2155 2156//2156
f 2156//2156 2157//2157 2154//2154
f 2153//2153 2156//2156 2154//2154
f 2157//2157 2158//2158 2159//2159
f 2158//2158 1995//1995 2148//2148
f 2148//2148 2147//2147 2159//2159
f 2158//2158 2148//2148 2159//2159
f 2151//2151 2154//2154 2152//2152
f 2154//2154 2157//2157 2159//2159
f 2159//2159 2147//2147 2152//2152
f 2154//2154 2159//2159 2152//2152
f 1995//1995 2158//2158 2006//2006
f 2158//2158 2157//2157 2160//2160
f 2160//2160 2007//2007 2006//2006
f 2158//2158 2160//2160 2006//2006
f 2157//2157 2156//2156 2161//2161
f 2156//2156 2155//2155 2162//2162
f 2162//2162 2163//2163 2161//2161
f 2156//2156 2162//2162 2161//2161
f 2163//2163 2164//2164 2165//2165
f 2164//2164 2011//2011 2009//2009
f 2009//2009 2007//2007 2165//2165
f 2164//2164 2009//2009 2165//2165
f 2157//2157 2161//2161 2160//2160
f 2161//2161 2163//2163 2165//2165
f 2165//2165 2007//2007 2160//2160
f 2161//2161 2165//2165 2160//2160
f 2155//2155 2166//2166 2162//2162
f 2166//2166 2167//2167 2168//2168
f 2168//2168 2163//2163 2162//2162
f 2166//2166 2168//2168 2162//2162
f 2167//2167 2169//2169 2170//2170
f 2169//2169 2171//2171 2172//2172
f 2172//2172 2173//2173 2170//2170
f 2169//2169 2172//2172 2170//2170
f 2173//2173 2174//2174 2175//2175
f 2174//2174 2011//2011 2164//2164
f 2164//2164 2163//2163 2175//2175
f 2174//2174 2164//2164 2175//2175
f 2167//2167 2170//2170 2168//2168
f 2170//2170 2173//2173 2175//2175
f 2175//2175 2163//2163 2168//2168
f 2170//2170 2175//2175 2168//2168
f 2011//2011 2174//2174 2022//2022
f 2174//2174 2173//2173 2176//2176
f 2176//2176 2023//2023 2022//2022
f 2174//2174 2176//2176 2022//2022
f 2173//2173 2172//2172 2177//2177
f 2172//2172 2171//2171 2178//2178
f 2178//2178 2179//2179 2177//2177
f 2172//2172 2178//2178 2177//2177
f 2179//2179 2180//2180 2181//2181
f 2180//2180 2027//2027 2025//2025
f 2025//2025 2023//2023 2181//2181
f 2180//2180 2025//2025 2181//2181
f 2173//2173 2177//2177 2176//2176
f 2177//2177 2179//2179 2181//2181
f 2181//2181 2023//2023 2176//2176
f 2177//2177 2181//2181 2176//2176
f 2171//2171 2182//2182 2178//2178
f 2182//2182 2183//2183 2184//2184
f 2184//2184 2179//2179 2178//2178
f 2182//2182 2184//2184 2178//2178
f 2183//2183 2185//2185 2186//2186
f 2185//2185 2187//2187 2188//2188
f 2188//2188 2189//2189 2186//2186
f 2185//2185 2188//2188 2186//2186
f 2189//2189 2190//2190 2191//2191
f 2190//2190 2027//2027 2180//2180
f 2180//2180 2179//2179 2191//2191
f 2190//2190 2180//2180 2191//2191
f 2183//2183 2186//2186 2184//2184
f 2186//2186 2189//2189 2191//2191
f 2191//2191 2179//2179 2184//2184
f 2186//2186 2191//2191 2184//2184
f 2027//2027 2190//2190 2038//2038
f 2190//2190 2189//2189 2192//2192
f 2192//2192 2039//2039 2038//2038
f 2190//2190 2192//2192 2038//2038
f 2189//2189 2188//2188 2193//2193
f 2188//2188 2187//2187 2194//2194
f 2194//2194 2195//2195 2193//2193
f 2188//2188 2194//2194 2193//2193
f 2195//2195 2196//2196 2197//2197
f 2196//2196 2043//2043 2041//2041
f 2041//2041 2039//2039 2197//2197
f 2196//2196 2041//2041 2197//2197
f 2189//2189 2193//2193 2192//2192
f 2193//2193 2195//2195 2197//2197
f 2197//2197 2039//2039 2192//2192
f 2193//2193 2197//2197 2192//2192
f 2187//2187 2198//2198 2194//2194
f 2198//2198 2199//2199 2200//2200
f 2200//2200 2195//2195 2194//2194
f 2198//2198 2200//2200 2194//2194
f 2199//2199 2201//2201 2202//2202
f 2201//2201 2203//2203 2204//2204
f 2204//2204 2205//2205 2202//2202
f 2201//2201 2204//2204 2202//2202
f 2205//2205 2206//2206 2207//2207
f 2206//2206 2043//2043 2196//2196
f 2196//2196 2195//2195 2207//2207
f 2206//2206 2196//2196 2207//2207
f 2199//2199 2202//2202 2200//2200
f 2202//2202 2205//2205 2207//2207
f 2207//2207 2195//2195 2200//2200
f 2202//2202 2207//2207 2200//2200
f 2043//2043 2206//2206 2054//2054
f 2206//2206 2205//2205 2208//2208
f 2208//2208 2055//2055 2054//2054
f 2206//2206 2208//2208 2054//2054
f 2205//2205 2204//2204 2209//2209
f 2204//2204 2203//2203 2210//2210
f 2210//2210 2211//2211 2209//2209
f 2204//2204 2210//2210 2209//2209
f 2211//2211 2212//2212 2213//2213
f 2212//2212 2059//2059 2057//2057
f 2057//2057 2055//2055 2213//2213
f 2212//2212 2057//2057 2213//2213
f 2205//2205 2209//2209 2208//2208
f 2209//2209 2211//2211 2213//2213
f 2213//2213 2055//2055 2208//2208
f 2209//2209 2213//2213 2208//2208
f 2203//2203 2214//2214 2210//2210
f 2214//2214 2215//2215 2216//2216
f 2216//2216 2211//2211 2210//2210
f 2214//2214 2216//2216 2210//2210
f 2215//2215 2217//2217 2218//2218
f 2217//2217 2219//2219 2220//2220
f 2220//2220 2221//2221 2218//2218
f 2217//2217 2220//2220 2218//2218
f 2221//2221 2222//2222 2223//2223
f 2222//2222 2059//2059 2212//2212
f 2212//2212 2211//2211 2223//2223
f 2222//2222 2212//2212 2223//2223
f 2215//2215 2218//2218 2216//2216
f 2218//2218 2221//2221 2223//2223
f 2223//2223 2211//2211 2216//2216
f 2218//2218 2223//2223 2216//2216
f 2059//2059 2222//2222 2070//2070
f 2222//2222 2221//2221 2224//2224
f 2224//2224 2071//2071 2070//2070
f 2222//2222 2224//2224 2070//2070
f 2221//2221 2220//2220 2225//2225
f 2220//2220 2219//2219 2226//2226
f 2226//2226 2227//2227 2225//2225
f 2220//2220 2226//2226 2225//2225
f 2227//2227 2228//2228 2229//2229
f 2228//2228 2075//2075 2073//2073
f 2073//2073 2071//2071 2229//2229
f 2228//2228 2073//2073 2229//2229
f 2221//2221 2225//2225 2224//2224
f 2225//2225 2227//2227 2229//2229
f 2229//2229 2071//2071 2224//2224
f 2225//2225 2229//2229 2224//2224
f 2219//2219 2230//2230 2226//2226
f 2230//2230 2231//2231 2232//2232
f 2232//2232 2227//2227 2226//2226
f 2230//2230 2232//2232 2226//2226
f 2231//2231 2233//2233 2234//2234
f 2233//2233 2235//2235 2236//2236
f 2236//2236 2237//2237 2234//2234
f 2233//2233 2236//2236 2234//2234
f 2237//2237 2238//2238 2239//2239
f 2238//2238 2075//2075 2228//2228
f 2228//2228 2227//2227 2239//2239
f 2238//2238 2228//2228 2239//2239
f 2231//2231 2234//2234 2232//2232
f 2234//2234 2237//2237 2239//2239
f 2239//2239 2227//2227 2232//2232
f 2234//2234 2239//2239 2232//2232
f 2075//2075 2238//2238 2086//2086
f 2238//2238 2237//2237 2240//2240
f 2240//2240 2087//2087 2086//2086
f 2238//2238 2240//2240 2086//2086
f 2237//2237 2236//2236 2241//2241
f 2236//2236 2235//2235 2242//2242
f 2242//2242 2243//2243 2241//2241
f 2236//2236 2242//2242 2241//2241
f 2243//2243 2244//2244 2245//2245
f 2244//2244 2091//2091 2089//2089
f 2089//2089 2087//2087 2245//2245
f 2244//2244 2089//2089 2245//2245
f 2237//2237 2241//2241 2240//2240
f 2241//2241 2243//2243 2245//2245
f 2245//2245 2087//2087 2240//2240
f 2241//2241 2245//2245 2240//2240
f 2235//2235 2246//2246 2242//2242
f 2246//2246 2247//2247 2248//2248
f 2248//2248 2243//2243 2242//2242
f 2246//2246 2248//2248 2242//2242
f 2247//2247 2249//2249 2250//2250
f 2249//2249 2251//2251 2252//2252
f 2252//2252 2253//2253 2250//2250
f 2249//2249 2252//2252 2250//2250
f 2253//2253 2254//2254 2255//2255
f 2254//2254 2091//2091 2244//2244
f 2244//2244 2243//2243 2255//2255
f 2254//2254 2244//2244 2255//2255
f 2247//2247 2250//2250 2248//2248
f 2250//2250 2253//2253 2255//2255
f 2255//2255 2243//2243 2248//2248
f 2250//2250 2255//2255 2248//2248
f 2091//2091 2254//2254 2102//2102
f 2254//2254 2253//2253 2256//2256
f 2256//2256 2103//2103 2102//2102
f 2254//2254 2256//2256 2102//2102
f 2253//2253 2252//2252 2257//2257
f 2252//2252 2251//2251 2258//2258
f 2258//2258 2259//2259 2257//2257
f 2252//2252 2258//2258 2257//2257
f 2259//2259 2260//2260 2261//2261
f 2260//2260 2107//2107 2105//2105
f 2105//2105 2103//2103 2261//2261
f 2260//2260 2105//2105 2261//2261
f 2253//2253 2257//2257 2256//2256
f 2257//2257 2259//2259 2261//2261
f 2261//2261 2103//2103 2256//2256
f 2257//2257 2261//2261 2256//2256
f 2251//2251 2262//2262 2258//2258
f 2262//2262 2263//2263 2264//2264
f 2264//2264 2259//2259 2258//2258
f 2262//2262 2264//2264 2258//2258
f 2263//2263 2265//2265 2266//2266
f 2265//2265 2267//2267 2268//2268
f 2268//2268 2269//2269 2266//2266
f 2265//2265 2268//2268 2266//2266
f 2269//2269 2270//2270 2271//2271
f 2270//2270 2107//2107 2260//2260
f 2260//2260 2259//2259 2271//2271
f 2270//2270 2260//2260 2271//2271
f 2263//2263 2266//2266 2264//2264
f 2266//2266 2269//2269 2271//2271
f 2271//2271 2259//2259 2264//2264
f 2266//2266 2271//2271 2264//2264
f 2107//2107 2270//2270 2118//2118
f 2270//2270 2269//2269 2272//2272
f 2272//2272 2119//2119 2118//2118
f 2270//2270 2272//2272 2118//2118
f 2269//2269 2268//2268 2273//2273
f 2268//2268 2267//2267 2274//2274
f 2274//2274 2275//2275 2273//2273
f 2268//2268 2274//2274 2273//2273
f 2275//2275 2276//2276 2277//2277
f 2276//2276 1969//1969 2121//2121
f 2121//2121 2119//2119 2277//2277
f 2276//2276 2121//2121 2277//2277
f 2269//2269 2273//2273 2272//2272
f 2273//2273 2275//2275 2277//2277
f 2277//2277 2119//2119 2272//2272
f 2273//2273 2277//2277 2272//2272
f 2267//2267 2278//2278 2274//2274
f 2278//2278 2279//2279 2280//2280
f 2280//2280 2275//2275 2274//2274
f 2278//2278 2280//2280 2274//2274
f 2279//2279 2281//2281 2282//2282
f 2281//2281 2129//2129 2127//2127
f 2127//2127 2125//2125 2282//2282
f 2281//2281 2127//2127 2282//2282
f 2125//2125 2124//2124 2283//2283
f 2124//2124 1969//1969 2276//2276
f 2276//2276 2275//2275 2283//2283
f 2124//2124 2276//2276 2283//2283
f 2279//2279 2282//2282 2280//2280
f 2282//2282 2125//2125 2283//2283
f 2283//2283 2275//2275 2280//2280
f 2282//2282 2283//2283 2280//2280
f 2129//2129 2284//2284 2134//2134
f 2284//2284 2285//2285 2286//2286
f 2286//2286 2135//2135 2134//2134
f 2284//2284 2286//2286 2134//2134
f 2285//2285 2287//2287 2288//2288
f 2287//2287 2289//2289 2290//2290
f 2290//2290 2291//2291 2288//2288
f 2287//2287 2290//2290 2288//2288
f 2291//2291 2292//2292 2293//2293
f 2292//2292 2139//2139 2137//2137
f 2137//2137 2135//2135 2293//2293
f 2292//2292 2137//2137 2293//2293
f 2285//2285 2288//2288 2286//2286
f 2288//2288 2291//2291 2293//2293
f 2293//2293 2135//2135 2286//2286
f 2288//2288 2293//2293 2286//2286
f 2289//2289 2294//2294 2290//2290
f 2294//2294 2295//2295 2296//2296
f 2296//2296 2291//2291 2290//2290
f 2294//2294 2296//2296 2290//2290
f 2295//2295 2297//2297 2298//2298
f 2297//2297 2299//2299 2300//2300
f 2300//2300 2301//2301 2298//2298
f 2297//2297 2300//2300 2298//2298
f 2301//2301 2302//2302 2303//2303
f 2302//2302 2139//2139 2292//2292
f 2292//2292 2291//2291 2303//2303
f 2302//2302 2292//2292 2303//2303
f 2295//2295 2298//2298 2296//2296
f 2298//2298 2301//2301 2303//2303
f 2303//2303 2291//2291 2296//2296
f 2298//2298 2303//2303 2296//2296
f 2139//2139 2302//2302 2150//2150
f 2302//2302 2301//2301 2304//2304
f 2304//2304 2151//2151 2150//2150
f 2302//2302 2304//2304 2150//2150
f 2301//2301 2300//2300 2305//2305
f 2300//2300 2299//2299 2306//2306
f 2306//2306 2307//2307 2305//2305
f 2300//2300 2306//2306 2305//2305
f 2307//2307 2308//2308 2309//2309
f 2308//2308 2155//2155 2153//2153
f 2153//2153 2151//2151 2309//2309
f 2308//2308 2153//2153 2309//2309
f 2301//2301 2305//2305 2304//2304
f 2305//2305 2307//2307 2309//2309
f 2309//2309 2151//2151 2304//2304
f 2305//2305 2309//2309 2304//2304
f 2299//2299 2310//2310 2306//2306
f 2310//2310 2311//2311 2312//2312
f 2312//2312 2307//2307 2306//2306
f 2310//2310 2312//2312 2306//2306
f 2311//2311 2313//2313 2314//2314
f 2313//2313 2315//2315 2316//2316
f 2316//2316 2317//2317 2314//2314
f 2313//2313 2316//2316 2314//2314
f 2317//2317 2318//2318 2319//2319
f 2318//2318 2155//2155 2308//2308
f 2308//2308 2307//2307 2319//2319
f 2318//2318 2308//2308 2319//2319
f 2311//2311 2314//2314 2312//2312
f 2314//2314 2317//2317 2319//2319
f 2319//2319 2307//2307 2312//2312
f 2314//2314 2319//2319 2312//2312
f 2155//2155 2318//2318 2166//2166
f 2318//2318 2317//2317 2320//2320
f 2320//2320 2167//2167 2166//2166
f 2318//2318 2320//2320 2166//2166
f 2317//2317 2316//2316 2321//2321
f 2316//2316 2315//2315 2322//2322
f 2322//2322 2323//2323 2321//2321
f 2316//2316 2322//2322 2321//2321
f 2323//2323 2324//2324 2325//2325
f 2324//2324 2171//2171 2169//2169
f 2169//2169 2167//2167 2325//2325
f 2324//2324 2169//2169 2325//2325
f 2317//2317 2321//2321 2320//2320
f 2321//2321 2323//2323 2325//2325
f 2325//2325 2167//2167 2320//2320
f 2321//2321 2325//2325 2320//2320
f 2315//2315 2326//2326 2322//2322
f 2326//2326 2327//2327 2328//2328
f 2328//2328 2323//2323 2322//2322
f 2326//2326 2328//2328 2322//2322
f 2327//2327 2329//2329 2330//2330
f 2329//2329 2331//2331 2332//2332
f 2332//2332 2333//2333 2330//2330
f 2329//2329 2332//2332 2330//2330
f 2333//2333 2334//2334 2335//2335
f 2334//2334 2171//2171 2324//2324
f 2324//2324 2323//2323 2335//2335
f 2334//2334 2324//2324 2335//2335
f 2327//2327 2330//2330 2328//2328
f 2330//2330 2333//2333 2335//2335
f 2335//2335 2323//2323 2328//2328
f 2330//2330 2335//2335 2328//2328
f 2171//2171 2334//2334 2182//2182
f 2334//2334 2333//2333 2336//2336
f 2336//2336 2183//2183 2182//2182
f 2334//2334 2336//2336 2182//2182
f 2333//2333 2332//2332 2337//2337
f 2332//2332 2331//2331 2338//2338
f 2338//2338 2339//2339 2337//2337
f 2332//2332 2338//2338 2337//2337
f 2339//2339 2340//2340 2341//2341
f 2340//2340 2187//2187 2185//2185
f 2185//2185 2183//2183 2341//2341
f 2340//2340 2185//2185 2341//2341
f 2333//2333 2337//2337 2336//2336
f 2337//2337 2339//2339 2341//2341
f 2341//2341 2183//2183 2336//2336
f 2337//2337 2341//2341 2336//2336
f 2331//2331 2342//2342 2338//2338
f 2342//2342 2343//2343 2344//2344
f 2344//2344 2339//2339 2338//2338
f 2342//2342 2344//2344 2338//2338
f 2343//2343 2345//2345 2346//2346
f 2345//2345 2347//2347 2348//2348
f 2348//2348 2349//2349 2346//2346
f 2345//2345 2348//2348 2346//2346
f 2349//2349 2350//2350 2351//2351
f 2350//2350 2187//2187 2340//2340
f 2340//2340 2339//2339 2351//2351
f 2350//2350 2340//2340 2351//2351
f 2343//2343 2346//2346 2344//2344
f 2346//2346 2349//2349 2351//2351
f 2351//2351 2339//2339 2344//2344
f 2346//2346 2351//2351 2344//2344
f 2187//2187 2350//2350 2198//2198
f 2350//2350 2349//2349 2352//2352
f 2352//2352 2199//2199 2198//2198
f 2350//2350 2352//2352 2198//2198
f 2349//2349 2348//2348 2353//2353
f 2348//2348 2347//2347 2354//2354
f 2354//2354 2355//2355 2353//2353
f 2348//2348 2354//2354 2353//2353
f 2355//2355 2356//2356 2357//2357
f 2356//2356 2203//2203 2201//2201
f 2201//2201 2199//2199 2357//2357
f 2356//2356 2201//2201 2357//2357
f 2349//2349 2353//2353 2352//2352
f 2353//2353 2355//2355 2357//2357
f 2357//2357 2199//2199 2352//2352
f 2353//2353 2357//2357 2352//2352
f 2347//2347 2358//2358 2354//2354
f 2358//2358 2359//2359 2360//2360
f 2360//2360 2355//2355 2354//2354
f 2358//2358 2360//2360 2354//2354
f 2359//2359 2361//2361 2362//2362
f 2361//2361 2363//2363 2364//2364
f 2364//2364 2365//2365 2362//2362
f 2361//2361 2364//2364 2362//2362
f 2365//2365 2366//2366 2367//2367
f 2366//2366 2203//2203 2356//2356
f 2356//2356 2355//2355 2367//2367
f 2366//2366 2356//2356 2367//2367
f 2359//2359 2362//2362 2360//2360
f 2362//2362 2365//2365 2367//2367
f 2367//2367 2355//2355 2360//2360
f 2362//2362 2367//2367 2360//2360
f 2203//2203 2366//2366 2214//2214
f 2366//2366 2365//2365 2368//2368
f 2368//2368 2215//2215 2214//2214
f 2366//2366 2368//2368 2214//2214
f 2365//2365 2364//2364 2369//2369
f 2364//2364 2363//2363 2370//2370
f 2370//2370 2371//2371 2369//2369
f 2364//2364 2370//2370 2369//2369
f 2371//2371 2372//2372 2373//2373
f 2372//2372 2219//2219 2217//2217
f 2217//2217 2215//2215 2373//2373
f 2372//2372 2217//2217 2373//2373
f 2365//2365 2369//2369 2368//2368
f 2369//2369 2371//2371 2373//2373
f 2373//2373 2215//2215 2368//2368
f 2369//2369 2373//2373 2368//2368
f 2363//2363 2374//2374 2370//2370
f 2374//2374 2375//2375 2376//2376
f 2376//2376 2371//2371 2370//2370
f 2374//2374 2376//2376 2370//2370
f 2375//2375 2377//2377 2378//2378
f 2377//2377 2379//2379 2380//2380
f 2380//2380 2381//2381 2378//2378
f 2377//2377 2380//2380 2378//2378
f 2381//2381 2382//2382 2383//2383
f 2382//2382 2219//2219 2372//2372
f 2372//2372 2371//2371 2383//2383
f 2382//2382 2372//2372 2383//2383
f 2375//2375 2378//2378 2376//2376
f 2378//2378 2381//2381 2383//2383
f 2383//2383 2371//2371 2376//2376
f 2378//2378 2383//2383 2376//2376
f 2219//2219 2382//2382 2230//2230
f 2382//2382 2381//2381 2384//2384
f 2384//2384 2231//2231 2230//2230
f 2382//2382 2384//2384 2230//2230
f 2381//2381 2380//2380 2385//2385
f 2380//2380 2379//2379 2386//2386
f 2386//2386 2387//2387 2385//2385
f 2380//2380 2386//2386 2385//2385
f 2387//2387 2388//2388 2389//2389
f 2388//2388 2235//2235 2233//2233
f 2233//2233 2231//2231 2389//2389
f 2388//2388 2233//2233 2389//2389
f 2381//2381 2385//2385 2384//2384
f 2385//2385 2387//2387 2389//2389
f 2389//2389 2231//2231 2384//2384
f 2385//2385 2389//2389 2384//2384
f 2379//2379 2390//2390 2386//2386
f 2390//2390 2391//2391 2392//2392
f 2392//2392 2387//2387 2386//2386
f 2390//2390 2392//2392 2386//2386
f 2391//2391 2393//2393 2394//2394
f 2393//2393 2395//2395 2396//2396
f 2396//2396 2397//2397 2394//2394
f 2393//2393 2396//2396 2394//2394
f 2397//2397 2398//2398 2399//2399
f 2398//2398 2235//2235 2388//2388
f 2388//2388 2387//2387 2399//2399
f 2398//2398 2388//2388 2399//2399
f 2391//2391 2394//2394 2392//2392
f 2394//2394 2397//2397 2399//2399
f 2399//2399 2387//2387 2392//2392
f 2394//2394 2399//2399 2392//2392
f 2235//2235 2398//2398 2246//2246
f 2398//2398 2397//2397 2400//2400
f 2400//2400 2247//2247 2246//2246
f 2398//2398 2400//2400 2246//2246
f 2397//2397 2396//2396 2401//2401
f 2396//2396 2395//2395 2402//2402
f 2402//2402 2403//2403 2401//2401
f 2396//2396 2402//2402 2401//2401
f 2403//2403 2404//2404 2405//2405
f 2404//2404 2251//2251 2249//2249
f 2249//2249 2247//2247 2405//2405
f 2404//2404 2249//2249 2405//2405
f 2397//2397 2401//2401 2400//2400
f 2401//2401 2403//2403 2405//2405
f 2405//2405 2247//2247 2400//2400
f 2401//2401 2405//2405 2400//2400
f 2395//2395 2406//2406 2402//2402
f 2406//2406 2407//2407 2408//2408
f 2408//2408 2403//2403 2402//2402
f 2406//2406 2408//2408 2402//2402
f 2407//2407 2409//2409 2410//2410
f 2409//2409 2411//2411 2412//2412
f 2412//2412 2413//2413 2410//2410
f 2409//2409 2412//2412 2410//2410
f 2413//2413 2414//2414 2415//2415
f 2414//2414 2251//2251 2404//2404
f 2404//2404 2403//2403 2415//2415
f 2414//2414 2404//2404 2415//2415
f 2407//2407 2410//2410 2408//2408
f 2410//2410 2413//2413 2415//2415
f 2415//2415 2403//2403 2408//2408
f 2410//2410 2415//2415 2408//2408
f 2251//2251 2414//2414 2262//2262
f 2414//2414 2413//2413 2416//2416
f 2416//2416 2263//2263 2262//2262
f 2414//2414 2416//2416 2262//2262
f 2413//2413 2412//2412 2417//2417
f 2412//2412 2411//2411 2418//2418
f 2418//2418 2419//2419 2417//2417
f 2412//2412 2418//2418 2417//2417
f 2419//2419 2420//2420 2421//2421
f 2420//2420 2267//2267 2265//2265
f 2265//2265 2263//2263 2421//2421
f 2420//2420 2265//2265 2421//2421
f 2413//2413 2417//2417 2416//2416
f 2417//2417 2419//2419 2421//2421
f 2421//2421 2263//2263 2416//2416
f 2417//2417 2421//2421 2416//2416
f 2411//2411 2422//2422 2418//2418
f 2422//2422 2423//2423 2424//2424
f 2424//2424 2419//2419 2418//2418
f 2422//2422 2424//2424 2418//2418
f 2423//2423 2425//2425 2426//2426
f 2425//2425 2427//2427 2428//2428
f 2428//2428 2429//2429 2426//2426
f 2425//2425 2428//2428 2426//2426
f 2429//2429 2430//2430 2431//2431
f 2430//2430 2267//2267 2420//2420
f 2420//2420 2419//2419 2431//2431
f 2430//2430 2420//2420 2431//2431
f 2423//2423 2426//2426 2424//2424
f 2426//2426 2429//2429 2431//2431
f 2431//2431 2419//2419 2424//2424
f 2426//2426 2431//2431 2424//2424
f 2267//2267 2430//2430 2278//2278
f 2430//2430 2429//2429 2432//2432
f 2432//2432 2279//2279 2278//2278
f 2430//2430 2432//2432 2278//2278
f 2429//2429 2428//2428 2433//2433
f 2428//2428 2427//2427 2434//2434
f 2434//2434 2435//2435 2433//2433
f 2428//2428 2434//2434 2433//2433
f 2435//2435 2436//2436 2437//2437
f 2436//2436 2129//2129 2281//2281
f 2281//2281 2279//2279 2437//2437
f 2436//2436 2281//2281 2437//2437
f 2429//2429 2433//2433 2432//2432
f 2433//2433 2435//2435 2437//2437
f 2437//2437 2279//2279 2432//2432
f 2433//2433 2437//2437 2432//2432
f 2427//2427 2438//2438 2434//2434
f 2438//2438 2439//2439 2440//2440
f 2440//2440 2435//2435 2434//2434
f 2438//2438 2440//2440 2434//2434
f 2439//2439 2441//2441 2442//2442
f 2441//2441 2289//2289 2287//2287
f 2287//2287 2285//2285 2442//2442
f 2441//2441 2287//2287 2442//2442
f 2285//2285 2284//2284 2443//2443
f 2284//2284 2129//2129 2436//2436
f 2436//2436 2435//2435 2443//2443
f 2284//2284 2436//2436 2443//2443
f 2439//2439 2442//2442 2440//2440
f 2442//2442 2285//2285 2443//2443
f 2443//2443 2435//2435 2440//2440
f 2442//2442 2443//2443 2440//2440
f 2289//2289 2444//2444 2294//2294
f 2444//2444 2445//2445 2446//2446
f 2446//2446 2295//2295 2294//2294
f 2444//2444 2446//2446 2294//2294
f 2445//2445 2447//2447 2448//2448
f 2447//2447 2449//2449 2450//2450
f 2450//2450 2451//2451 2448//2448
f 2447//2447 2450//2450 2448//2448
f 2451//2451 2452//2452 2453//2453
f 2452//2452 2299//2299 2297//2297
f 2297//2297 2295//2295 2453//2453
f 2452//2452 2297//2297 2453//2453
f 2445//2445 2448//2448 2446//2446
f 2448//2448 2451//2451 2453//2453
f 2453//2453 2295//2295 2446//2446
f 2448//2448 2453//2453 2446//2446
f 2449//2449 2454//2454 2450//2450
f 2454//2454 2455//2455 2456//2456
f 2456//2456 2451//2451 2450//2450
f 2454//2454 2456//2456 2450//2450
f 2455//2455 2457//2457 2458//2458
f 2457//2457 2459//2459 2460//2460
f 2460//2460 2461//2461 2458//2458
f 2457//2457 2460//2460 2458//2458
f 2461//2461 2462//2462 2463//2463
f 2462//2462 2299//2299 2452//2452
f 2452//2452 2451//2451 2463//2463
f 2462//2462 2452//2452 2463//2463
f 2455//2455 2458//2458 2456//2456
f 2458//2458 2461//2461 2463//2463
f 2463//2463 2451//2451 2456//2456
f 2458//2458 2463//2463 2456//2456
f 2299//2299 2462//2462 2310//2310
f 2462//2462 2461//2461 2464//2464
f 2464//2464 2311//2311 2310//2310
f 2462//2462 2464//2464 2310//2310
f 2461//2461 2460//2460 2465//2465
f 2460//2460 2459//2459 2466//2466
f 2466//2466 2467//2467 2465//2465
f 2460//2460 2466//2466 2465//2465
f 2467//2467 2468//2468 2469//2469
f 2468//2468 2315//2315 2313//2313
f 2313//2313 2311//2311 2469//2469
f 2468//2468 2313//2313 2469//2469
f 2461//2461 2465//2465 2464//2464
f 2465//2465 2467//2467 2469//2469
f 2469//2469 2311//2311 2464//2464
f 2465//2465 2469//2469 2464//2464
f 2459//2459 2470//2470 2466//2466
f 2470//2470 2471//2471 2472//2472
f 2472//2472 2467//2467 2466//2466
f 2470//2470 2472//2472 2466//2466
f 2471//2471 2473//2473 2474//2474
f 2473//2473 2475//2475 2476//2476
f 2476//2476 2477//2477 2474//2474
f 2473//2473 2476//2476 2474//2474
f 2477//2477 2478//2478 2479//2479
f 2478//2478 2315//2315 2468//2468
f 2468//2468 2467//2467 2479//2479
f 2478//2478 2468//2468 2479//2479
f 2471//2471 2474//2474 2472//2472
f 2474//2474 2477//2477 2479//2479
f 2479//2479 2467//2467 2472//2472
f 2474//2474 2479//2479 2472//2472
f 2315//2315 2478//2478 2326//2326
f 2478//2478 2477//2477 2480//2480
f 2480//2480 2327//2327 2326//2326
f 2478//2478 2480//2480 2326//2326
f 2477//2477 2476//2476 2481//2481
f 2476//2476 2475//2475 2482//2482
f 2482//2482 2483//2483 2481//2481
f 2476//2476 2482//2482 2481//2481
f 2483//2483 2484//2484 2485//2485
f 2484//2484 2331//2331 2329//2329
f 2329//2329 2327//2327 2485//2485
f 2484//2484 2329//2329 2485//2485
f 2477//2477 2481//2481 2480//2480
f 2481//2481 2483//2483 2485//2485
f 2485//2485 2327//2327 2480//2480
f 2481//2481 2485//2485 2480//2480
f 2475//2475 2486//2486 2482//2482
f 2486//2486 2487//2487 2488//2488
f 2488//2488 2483//2483 2482//2482
f 2486//2486 2488//2488 2482//2482
f 2487//2487 2489//2489 2490//2490
f 2489//2489 2491//2491 2492//2492
f 2492//2492 2493//2493 2490//2490
f 2489//2489 2492//2492 2490//2490
f 2493//2493 2494//2494 2495//2495
f 2494//2494 2331//2331 2484//2484
f 2484//2484 2483//2483 2495//2495
f 2494//2494 2484//2484 2495//2495
f 2487//2487 2490//2490 2488//2488
f 2490//2490 2493//2493 2495//2495
f 2495//2495 2483//2483 2488//2488
f 2490//2490 2495//2495 2488//2488
f 2331//2331 2494//2494 2342//2342
f 2494//2494 2493//2493 2496//2496
f 2496//2496 2343//2343 2342//2342
f 2494//2494 2496//2496 2342//2342
f 2493//2493 2492//2492 2497//2497
f 2492//2492 2491//2491 2498//2498
f 2498//2498 2499//2499 2497//2497
f 2492//2492 2498//2498 2497//2497
f 2499//2499 2500//2500 2501//2501
f 2500//2500 2347//2347 2345//2345
f 2345//2345 2343//2343 2501//2501
f 2500//2500 2345//2345 2501//2501
f 2493//2493 2497//2497 2496//2496
f 2497//2497 2499//2499 2501//2501
f 2501//2501 2343//2343 2496//2496
f 2497//2497 2501//2501 2496//2496
f 2491//2491 2502//2502 2498//2498
f 2502//2502 2503//2503 2504//2504
f 2504//2504 2499//2499 2498//2498
f 2502//2502 2504//2504 2498//2498
f 2503//2503 2505//2505 2506//2506
f 2505//2505 2507//2507 2508//2508
f 2508//2508 2509//2509 2506//2506
f 2505//2505 2508//2508 2506//2506
f 2509//2509 2510//2510 2511//2511
f 2510//2510 2347//2347 2500//2500
f 2500//2500 2499//2499 2511//2511
f 2510//2510 2500//2500 2511//2511
f 2503//2503 2506//2506 2504//2504
f 2506//2506 2509//2509 2511//2511
f 2511//2511 2499//2499 2504//2504
f 2506//2506 2511//2511 2504//2504
f 2347//2347 2510//2510 2358//2358
f 2510//2510 2509//2509 2512//2512
f 2512//2512 2359//2359 2358//2358
f 2510//2510 2512//2512 2358//2358
f 2509//2509 2508//2508 2513//2513
f 2508//2508 2507//2507 2514//2514
f 2514//2514 2515//2515 2513//2513
f 2508//2508 2514//2514 2513//2513
f 2515//2515 2516//2516 2517//2517
f 2516//2516 2363//2363 2361//2361
f 2361//2361 2359//2359 2517//2517
f 2516//2516 2361//2361 2517//2517
f 2509//2509 2513//2513 2512//2512
f 2513//2513 2515//2515 2517//2517
f 2517//2517 2359//2359 2512//2512
f 2513//2513 2517//2517 2512//2512
f 2507//2507 2518//2518 2514//2514
f 2518//2518 2519//2519 2520//2520
f 2520//2520 2515//2515 2514//2514
f 2518//2518 2520//2520 2514//2514
f 2519//2519 2521//2521 2522//2522
f 2521//2521 2523//2523 2524//2524
f 2524//2524 2525//2525 2522//2522
f 2521//2521 2524//2524 2522//2522
f 2525//2525 2526//2526 2527//2527
f 2526//2526 2363//2363 2516//2516
f 2516//2516 2515//2515 2527//2527
f 2526//2526 2516//2516 2527//2527
f 2519//2519 2522//2522 2520//2520
f 2522//2522 2525//2525 2527//2527
f 2527//2527 2515//2515 2520//2520
f 2522//2522 2527//2527 2520//2520
f 2363//2363 2526//2526 2374//2374
f 2526//2526 2525//2525 2528//2528
f 2528//2528 2375//2375 2374//2374
f 2526//2526 2528//2528 2374//2374
f 2525//2525 2524//2524 2529//2529
f 2524//2524 2523//2523 2530//2530
f 2530//2530 2531//2531 2529//2529
f 2524//2524 2530//2530 2529//2529
f 2531//2531 2532//2532 2533//2533
f 2532//2532 2379//2379 2377//2377
f 2377//2377 2375//2375 2533//2533
f 2532//2532 2377//2377 2533//2533
f 2525//2525 2529//2529 2528//2528
f 2529//2529 2531//2531 2533//2533
f 2533//2533 2375//2375 2528//2528
f 2529//2529 2533//2533 2528//2528
f 2523//2523 2534//2534 2530//2530
f 2534//2534 2535//2535 2536//2536
f 2536//2536 2531//2531 2530//2530
f 2534//2534 2536//2536 2530//2530
f 2535//2535 2537//2537 2538//2538
f 2537//2537 2539//2539 2540//2540
f 2540//2540 2541//2541 2538//2538
f 2537//2537 2540//2540 2538//2538
f 2541//2541 2542//2542 2543//2543
f 2542//2542 2379//2379 2532//2532
f 2532//2532 2531//2531 2543//2543
f 2542//2542 2532//2532 2543//2543
f 2535//2535 2538//2538 2536//2536
f 2538//2538 2541//2541 2543//2543
f 2543//2543 2531//2531 2536//2536
f 2538//2538 2543//2543 2536//2536
f 2379//2379 2542//2542 2390//2390
f 2542//2542 2541//2541 2544//2544
f 2544//2544 2391//2391 2390//2390
f 2542//2542 2544//2544 2390//2390
f 2541//2541 2540//2540 2545//2545
f 2540//2540 2539//2539 2546//2546
f 2546//2546 2547//2547 2545//2545
f 2540//2540 2546//2546 2545//2545
f 2547//2547 2548//2548 2549//2549
f 2548//2548 2395//2395 2393//2393
f 2393//2393 2391//2391 2549//2549
f 2548//2548 2393//2393 2549//2549
f 2541//2541 2545//2545 2544//2544
f 2545//2545 2547//2547 2549//2549
f 2549//2549 2391//2391 2544//2544
f 2545//2545 2549//2549 2544//2544
f 2539//2539 2550//2550 2546//2546
f 2550//2550 2551//2551 2552//2552
f 2552//2552 2547//2547 2546//2546
f 2550//2550 2552//2552 2546//2546
f 2551//2551 2553//2553 2554//2554
f 2553//2553 2555//2555 2556//2556
f 2556//2556 2557//2557 2554//2554
f 2553//2553 2556//2556 2554//2554
f 2557//2557 2558//2558 2559//2559
f 2558//2558 2395//2395 2548//2548
f 2548//2548 2547//2547 2559//2559
f 2558//2558 2548//2548 2559//2559
f 2551//2551 2554//2554 2552//2552
f 2554//2554 2557//2557 2559//2559
f 2559//2559 2547//2547 2552//2552
f 2554//2554 2559//2559 2552//2552
f 2395//2395 2558//2558 2406//2406
f 2558//2558 2557//2557 2560//2560
f 2560//2560 2407//2407 2406//2406
f 2558//2558 2560//2560 2406//2406
f 2557//2557 2556//2556 2561//2561
f 2556//2556 2555//2555 2562//2562
f 2562//2562 2563//2563 2561//2561
f 2556//2556 2562//2562 2561//2561
f 2563//2563 2564//2564 2565//2565
f 2564//2564 2411//2411 2409//2409
f 2409//2409 2407//2407 2565//2565
f 2564//2564 2409//2409 2565//2565
f 2557//2557 2561//2561 2560//2560
f 2561//2561 2563//2563 2565//2565
f 2565//2565 2407//2407 2560//2560
f 2561//2561 2565//2565 2560//2560
f 2555//2555 2566//2566 2562//2562
f 2566//2566 2567//2567 2568//2568
f 2568//2568 2563//2563 2562//2562
f 2566//2566 2568//2568 2562//2562
f 2567//2567 2569//2569 2570//2570
f 2569//2569 2571//2571 2572//2572
f 2572//2572 2573//2573 2570//2570
f 2569//2569 2572//2572 2570//2570
f 2573//2573 2574//2574 2575//2575
f 2574//2574 2411//2411 2564//2564
f 2564//2564 2563//2563 2575//2575
f 2574//2574 2564//2564 2575//2575
f 2567//2567 2570//2570 2568//2568
f 2570//2570 2573//2573 2575//2575
f 2575//2575 2563//2563 2568//2568
f 2570//2570 2575//2575 2568//2568
f 2411//2411 2574//2574 2422//2422
f 2574//2574 2573//2573 2576//2576
f 2576//2576 2423//2423 2422//2422
f 2574//2574 2576//2576 2422//2422
f 2573//2573 2572//2572 2577//2577
f 2572//2572 2571//2571 2578//2578
f 2578//2578 2579//2579 2577//2577
f 2572//2572 2578//2578 2577//2577
f 2579//2579 2580//2580 2581//2581
f 2580//2580 2427//2427 2425//2425
f 2425//2425 2423//2423 2581//2581
f 2580//2580 2425//2425 2581//2581
f 2573//2573 2577//2577 2576//2576
f 2577//2577 2579//2579 2581//2581
f 2581//2581 2423//2423 2576//2576
f 2577//2577 2581//2581 2576//2576
f 2571//2571 2582//2582 2578//2578
f 2582//2582 2583//2583 2584//2584
f 2584//2584 2579//2579 2578//2578
f 2582//2582 2584//2584 2578//2578
f 2583//2583 2585//2585 2586//2586
f 2585//2585 2587//2587 2588//2588
f 2588//2588 2589//2589 2586//2586
f 2585//2585 2588//2588 2586//2586
f 2589//2589 2590//2590 2591//2591
f 2590//2590 2427//2427 2580//2580
f 2580//2580 2579//2579 2591//2591
f 2590//2590 2580//2580 2591//2591
f 2583//2583 2586//2586 2584//2584
f 2586//2586 2589//2589 2591//2591
f 2591//2591 2579//2579 2584//2584
f 2586//2586 2591//2591 2584//2584
f 2427//2427 2590//2590 2438//2438
f 2590//2590 2589//2589 2592//2592
f 2592//2592 2439//2439 2438//2438
f 2590//2590 2592//2592 2438//2438
f 2589//2589 2588//2588 2593//2593
f 2588//2588 2587//2587 2594//2594
f 2594//2594 2595//2595 2593//2593
f 2588//2588 2594//2594 2593//2593
f 2595//2595 2596//2596 2597//2597
f 2596//2596 2289//2289 2441//2441
f 2441//2441 2439//2439 2597//2597
f 2596//2596 2441//2441 2597//2597
f 2589//2589 2593//2593 2592//2592
f 2593//2593 2595//2595 2597//2597
f 2597//2597 2439//2439 2592//2592
f 2593//2593 2597//2597 2592//2592
f 2587//2587 2598//2598 2594//2594
f 2598//2598 2599//2599 2600//2600
f 2600//2600 2595//2595 2594//2594
f 2598//2598 2600//2600 2594//2594
f 2599//2599 2601//2601 2602//2602
f 2601//2601 2449//2449 2447//2447
f 2447//2447 2445//2445 2602//2602
f 2601//2601 2447//2447 2602//2602
f 2445//2445 2444//2444 2603//2603
f 2444//2444 2289//2289 2596//2596
f 2596//2596 2595//2595 2603//2603
f 2444//2444 2596//2596 2603//2603
f 2599//2599 2602//2602 2600//2600
f 2602//2602 2445//2445 2603//2603
f 2603//2603 2595//2595 2600//2600
f 2602//2602 2603//2603 2600//2600
f 2449//2449 2604//2604 2454//2454
f 2604//2604 2605//2605 2606//2606
f 2606//2606 2455//2455 2454//2454
f 2604//2604 2606//2606 2454//2454
f 2605//2605 2607//2607 2608//2608
f 2607//2607 2609//2609 2610//2610
f 2610//2610 2611//2611 2608//2608
f 2607//2607 2610//2610 2608//2608
f 2611//2611 2612//2612 2613//2613
f 2612//2612 2459//2459 2457//2457
f 2457//2457 2455//2455 2613//2613
f 2612//2612 2457//2457 2613//2613
f 2605//2605 2608//2608 2606//2606
f 2608//2608 2611//2611 2613//2613
f 2613//2613 2455//2455 2606//2606
f 2608//2608 2613//2613 2606//2606
f 2609//2609 2614//2614 2610//2610
f 2614//2614 2615//2615 2616//2616
f 2616//2616 2611//2611 2610//2610
f 2614//2614 2616//2616 2610//2610
f 2615//2615 2617//2617 2618//2618
f 2617//2617 2619//2619 2620//2620
f 2620//2620 2621//2621 2618//2618
f 2617//2617 2620//2620 2618//2618
f 2621//2621 2622//2622 2623//2623
f 2622//2622 2459//2459 2612//2612
f 2612//2612 2611//2611 2623//2623
f 2622//2622 2612//2612 2623//2623
f 2615//2615 2618//2618 2616//2616
f 2618//2618 2621//2621 2623//2623
f 2623//2623 2611//2611 2616//2616
f 2618//2618 2623//2623 2616//2616
f 2459//2459 2622//2622 2470//2470
f 2622//2622 2621//2621 2624//2624
f 2624//2624 2471//2471 2470//2470
f 2622//2622 2624//2624 2470//2470
f 2621//2621 2620//2620 2625//2625
f 2620//2620 2619//2619 2626//2626
f 2626//2626 2627//2627 2625//2625
f 2620//2620 2626//2626 2625//2625
f 2627//2627 2628//2628 2629//2629
f 2628//2628 2475//2475 2473//2473
f 2473//2473 2471//2471 2629//2629
f 2628//2628 2473//2473 2629//2629
f 2621//2621 2625//2625 2624//2624
f 2625//2625 2627//2627 2629//2629
f 2629//2629 2471//2471 2624//2624
f 2625//2625 2629//2629 2624//2624
f 2619//2619 2630//2630 2626//2626
f 2630//2630 2631//2631 2632//2632
f 2632//2632 2627//2627 2626//2626
f 2630//2630 2632//2632 2626//2626
f 2631//2631 2633//2633 2634//2634
f 2633//2633 2635//2635 2636//2636
f 2636//2636 2637//2637 2634//2634
f 2633//2633 2636//2636 2634//2634
f 2637//2637 2638//2638 2639//2639
f 2638//2638 2475//2475 2628//2628
f 2628//2628 2627//2627 2639//2639
f 2638//2638 2628//2628 2639//2639
f 2631//2631 2634//2634 2632//2632
f 2634//2634 2637//2637 2639//2639
f 2639//2639 2627//2627 2632//2632
f 2634//2634 2639//2639 2632//2632
f 2475//2475 2638//2638 2486//2486
f 2638//2638 2637//2637 2640//2640
f 2640//2640 2487//2487 2486//2486
f 2638//2638 2640//2640 2486//2486
f 2637//2637 2636//2636 2641//2641
f 2636//2636 2635//2635 2642//2642
f 2642//2642 2643//2643 2641//2641
f 2636//2636 2642//2642 2641//2641
f 2643//2643 2644//2644 2645//2645
f 2644//2644 2491//2491 2489//2489
f 2489//2489 2487//2487 2645//2645
f 2644//2644 2489//2489 2645//2645
f 2637//2637 2641//2641 2640//2640
f 2641//2641 2643//2643 2645//2645
f 2645//2645 2487//2487 2640//2640
f 2641//2641 2645//2645 2640//2640
f 2635//2635 2646//2646 2642//2642
f 2646//2646 2647//2647 2648//2648
f 2648//2648 2643//2643 2642//2642
f 2646//2646 2648//2648 2642//2642
f 2647//2647 2649//2649 2650//2650
f 2649//2649 2651//2651 2652//2652
f 2652//2652 2653//2653 2650//2650
f 2649//2649 2652//2652 2650//2650
f 2653//2653 2654//2654 2655//2655
f 2654//2654 2491//2491 2644//2644
f 2644//2644 2643//2643 2655//2655
f 2654//2654 2644//2644 2655//2655
f 2647//2647 2650//2650 2648//2648
f 2650//2650 2653//2653 2655//2655
f 2655//2655 2643//2643 2648//2648
f 2650//2650 2655//2655 2648//2648
f 2491//2491 2654//2654 2502//2502
f 2654//2654 2653//2653 2656//2656
f 2656//2656 2503//2503 2502//2502
f 2654//2654 2656//2656 2502//2502
f 2653//2653 2652//2652 2657//2657
f 2652//2652 2651//2651 2658//2658
f 2658//2658 2659//2659 2657//2657
f 2652//2652 2658//2658 2657//2657
f 2659//2659 2660//2660 2661//2661
f 2660//2660 2507//2507 2505//2505
f 2505//2505 2503//2503 2661//2661
f 2660//2660 2505//2505 2661//2661
f 2653//2653 2657//2657 2656//2656
f 2657//2657 2659//2659 2661//2661
f 2661//2661 2503//2503 2656//2656
f 2657//2657 2661//2661 2656//2656
f 2651//2651 2662//2662 2658//2658
f 2662//2662 2663//2663 2664//2664
f 2664//2664 2659//2659 2658//2658
f 2662//2662 2664//2664 2658//2658
f 2663//2663 2665//2665 2666//2666
f 2665//2665 2667//2667 2668//2668
f 2668//2668 2669//2669 2666//2666
f 2665//2665 2668//2668 2666//2666
f 2669//2669 2670//2670 2671//2671
f 2670//2670 2507//2507 2660//2660
f 2660//2660 2659//2659 2671//2671
f 2670//2670 2660//2660 2671//2671
f 2663//2663 2666//2666 2664//2664
f 2666//2666 2669//2669 2671//2671
f 2671//2671 2659//2659 2664//2664
f 2666//2666 2671//2671 2664//2664
f 2507//2507 2670//2670 2518//2518
f 2670//2670 2669//2669 2672//2672
f 2672//2672 2519//2519 2518//2518
f 2670//2670 2672//2672 2518//2518
f 2669//2669 2668//2668 2673//2673
f 2668//2668 2667//2667 2674//2674
f 2674//2674 2675//2675 2673//2673
f 2668//2668 2674//2674 2673//2673
f 2675//2675 2676//2676 2677//2677
f 2676//2676 2523//2523 2521//2521
f 2521//2521 2519//2519 2677//2677
f 2676//2676 2521//2521 2677//2677
f 2669//2669 2673//2673 2672//2672
f 2673//2673 2675//2675 2677//2677
f 2677//2677 2519//2519 2672//2672
f 2673//2673 2677//2677 2672//2672
f 2667//2667 2678//2678 2674//2674
f 2678//2678 2679//2679 2680//2680
f 2680//2680 2675//2675 2674//2674
f 2678//2678 2680//2680 2674//2674
f 2679//2679 2681//2681 2682//2682
f 2681//2681 2683//2683 2684//2684
f 2684//2684 2685//2685 2682//2682
f 2681//2681 2684//2684 2682//2682
f 2685//2685 2686//2686 2687//2687
f 2686//2686 2523//2523 2676//2676
f 2676//2676 2675//2675 2687//2687
f 2686//2686 2676//2676 2687//2687
f 2679//2679 2682//2682 2680//2680
f 2682//2682 2685//2685 2687//2687
f 2687//2687 2675//2675 2680//2680
f 2682//2682 2687//2687 2680//2680
f 2523//2523 2686//2686 2534//2534
f 2686//2686 2685//2685 2688//2688
f 2688//2688 2535//2535 2534//2534
f 2686//2686 2688//2688 2534//2534
f 2685//2685 2684//2684 2689//2689
f 2684//2684 2683//2683 2690//2690
f 2690//2690 2691//2691 2689//2689
f 2684//2684 2690//2690 2689//2689
f 2691//2691 2692//2692 2693//2693
f 2692//2692 2539//2539 2537//2537
f 2537//2537 2535//2535 2693//2693
f 2692//2692 2537//2537 2693//2693
f 2685//2685 2689//2689 2688//2688
f 2689//2689 2691//2691 2693//2693
f 2693//2693 2535//2535 2688//2688
f 2689//2689 2693//2693 2688//2688
f 2683//2683 2694//2694 2690//2690
f 2694//2694 2695//2695 2696//2696
f 2696//2696 2691//2691 2690//2690
f 2694//2694 2696//2696 2690//2690
f 2695//2695 2697//2697 2698//2698
f 2697//2697 2699//2699 2700//2700
f 2700//2700 2701//2701 2698//2698
f 2697//2697 2700//2700 2698//2698
f 2701//2701 2702//2702 2703//2703
f 2702//2702 2539//2539 2692//2692
f 2692//2692 2691//2691 2703//2703
f 2702//2702 2692//2692 2703//2703
f 2695//2695 2698//2698 2696//2696
f 2698//2698 2701//2701 2703//2703
f 2703//2703 2691//2691 2696//2696
f 2698//2698 2703//2703 2696//2696
f 2539//2539 2702//2702 2550//2550
f 2702//2702 2701//2701 2704//2704
f 2704//2704 2551//2551 2550//2550
f 2702//2702 2704//2704 2550//2550
f 2701//2701 2700//2700 2705//2705
f 2700//2700 2699//2699 2706//2706
f 2706//2706 2707//2707 2705//2705
f 2700//2700 2706//2706 2705//2705
f 2707//2707 2708//2708 2709//2709
f 2708//2708 2555//2555 2553//2553
f 2553//2553 2551//2551 2709//2709
f 2708//2708 2553//2553 2709//2709
f 2701//2701 2705//2705 2704//2704
f 2705//2705 2707//2707 2709//2709
f 2709//2709 2551//2551 2704//2704
f 2705//2705 2709//2709 2704//2704
f 2699//2699 2710//2710 2706//2706
f 2710//2710 2711//2711 2712//2712
f 2712//2712 2707//2707 2706//2706
f 2710//2710 2712//2712 2706//2706
f 2711//2711 2713//2713 2714//2714
f 2713//2713 2715//2715 2716//2716
f 2716//2716 2717//2717 2714//2714
f 2713//2713 2716//2716 2714//2714
f 2717//2717 2718//2718 2719//2719
f 2718//2718 2555//2555 2708//2708
f 2708//2708 2707//2707 2719//2719
f 2718//2718 2708//2708 2719//2719
f 2711//2711 2714//2714 2712//2712
f 2714//2714 2717//2717 2719//2719
f 2719//2719 2707//2707 2712//2712
f 2714//2714 2719//2719 2712//2712
f 2555//2555 2718//2718 2566//2566
f 2718//2718 2717//2717 2720//2720
f 2720//2720 2567//2567 2566//2566
f 2718//2718 2720//2720 2566//2566
f 2717//2717 2716//2716 2721//2721
f 2716//2716 2715//2715 2722//2722
f 2722//2722 2723//2723 2721//2721
f 2716//2716 2722//2722 2721//2721
f 2723//2723 2724//2724 2725//2725
f 2724//2724 2571//2571 2569//2569
f 2569//2569 2567//2567 2725//2725
f 2724//2724 2569//2569 2725//2725
f 2717//2717 2721//2721 2720//2720
f 2721//2721 2723//2723 2725//2725
f 2725//2725 2567//2567 2720//2720
f 2721//2721 2725//2725 2720//2720
f 2715//2715 2726//2726 2722//2722
f 2726//2726 2727//2727 2728//2728
f 2728//2728 2723//2723 2722//2722
f 2726//2726 2728//2728 2722//2722
f 2727//2727 2729//2729 2730//2730
f 2729//2729 2731//2731 2732//2732
f 2732//2732 2733//2733 2730//2730
f 2729//2729 2732//2732 2730//2730
f 2733//2733 2734//2734 2735//2735
f 2734//2734 2571//2571 2724//2724
f 2724//2724 2723//2723 2735//2735
f 2734//2734 2724//2724 2735//2735
f 2727//2727 2730//2730 2728//2728
f 2730//2730 2733//2733 2735//2735
f 2735//2735 2723//2723 2728//2728
f 2730//2730 2735//2735 2728//2728
f 2571//2571 2734//2734 2582//2582
f 2734//2734 2733//2733 2736//2736
f 2736//2736 2583//2583 2582//2582
f 2734//2734 2736//2736 2582//2582
f 2733//2733 2732//2732 2737//2737
f 2732//2732 2731//2731 2738//2738
f 2738//2738 2739//2739 2737//2737
f 2732//2732 2738//2738 2737//2737
f 2739//2739 2740//2740 2741//2741
f 2740//2740 2587//2587 2585//2585
f 2585//2585 2583//2583 2741//2741
f 2740//2740 2585//2585 2741//2741
f 2733//2733 2737//2737 2736//2736
f 2737//2737 2739//2739 2741//2741
f 2741//2741 2583//2583 2736//2736
f 2737//2737 2741//2741 2736//2736
f 2731//2731 2742//2742 2738//2738
f 2742//2742 2743//2743 2744//2744
f 2744//2744 2739//2739 2738//2738
f 2742//2742 2744//2744 2738//2738
f 2743//2743 2745//2745 2746//2746
f 2745//2745 2747//2747 2748//2748
f 2748//2748 2749//2749 2746//2746
f 2745//2745 2748//2748 2746//2746
f 2749//2749 2750//2750 2751//2751
f 2750//2750 2587//2587 2740//2740
f 2740//2740 2739//2739 2751//2751
f 2750//2750 2740//2740 2751//2751
f 2743//2743 2746//2746 2744//2744
f 2746//2746 2749//2749 2751//2751
f 2751//2751 2739//2739 2744//2744
f 2746//2746 2751//2751 2744//2744
f 2587//2587 2750//2750 2598//2598
f 2750//2750 2749//2749 2752//2752
f 2752//2752 2599//2599 2598//2598
f 2750//2750 2752//2752 2598//2598
f 2749//2749 2748//2748 2753//2753
f 2748//2748 2747//2747 2754//2754
f 2754//2754 2755//2755 2753//2753
f 2748//2748 2754//2754 2753//2753
f 2755//2755 2756//2756 2757//2757
f 2756//2756 2449//2449 2601//2601
f 2601//2601 2599//2599 2757//2757
f 2756//2756 2601//2601 2757//2757
f 2749//2749 2753//2753 2752//2752
f 2753//2753 2755//2755 2757//2757
f 2757//2757 2599//2599 2752//2752
f 2753//2753 2757//2757 2752//2752
f 2747//2747 2758//2758 2754//2754
f 2758//2758 2759//2759 2760//2760
f 2760//2760 2755//2755 2754//2754
f 2758//2758 2760//2760 2754//2754
f 2759//2759 2761//2761 2762//2762
f 2761//2761 2609//2609 2607//2607
f 2607//2607 2605//2605 2762//2762
f 2761//2761 2607//2607 2762//2762
f 2605//2605 2604//2604 2763//2763
f 2604//2604 2449//2449 2756//2756
f 2756//2756 2755//2755 2763//2763
f 2604//2604 2756//2756 2763//2763
f 2759//2759 2762//2762 2760//2760
f 2762//2762 2605//2605 2763//2763
f 2763//2763 2755//2755 2760//2760
f 2762//2762 2763//2763 2760//2760
f 2609//2609 2764//2764 2614//2614
f 2764//2764 2765//2765 2766//2766
f 2766//2766 2615//2615 2614//2614
f 2764//2764 2766//2766 2614//2614
f 2765//2765 2767//2767 2768//2768
f 2767//2767 2769//2769 2770//2770
f 2770//2770 2771//2771 2768//2768
f 2767//2767 2770//2770 2768//2768
f 2771//2771 2772//2772 2773//2773
f 2772//2772 2619//2619 2617//2617
f 2617//2617 2615//2615 2773//2773
f 2772//2772 2617//2617 2773//2773
f 2765//2765 2768//2768 2766//2766
f 2768//2768 2771//2771 2773//2773
f 2773//2773 2615//2615 2766//2766
f 2768//2768 2773//2773 2766//2766
f 2769//2769 2774//2774 2770//2770
f 2774//2774 2775//2775 2776//2776
f 2776//2776 2771//2771 2770//2770
f 2774//2774 2776//2776 2770//2770
f 2775//2775 2777//2777 2778//2778
f 2777//2777 2779//2779 2780//2780
f 2780//2780 2781//2781 2778//2778
f 2777//2777 2780//2780 2778//2778
f 2781//2781 2782//2782 2783//2783
f 2782//2782 2619//2619 2772//2772
f 2772//2772 2771//2771 2783//2783
f 2782//2782 2772//2772 2783//2783
f 2775//2775 2778//2778 2776//2776
f 2778//2778 2781//2781 2783//2783
f 2783//2783 2771//2771 2776//2776
f 2778//2778 2783//2783 2776//2776
f 2619//2619 2782//2782 2630//2630
f 2782//2782 2781//2781 2784//2784
f 2784//2784 2631//2631 2630//2630
f 2782//2782 2784//2784 2630//2630
f 2781//2781 2780//2780 2785//2785
f 2780//2780 2779//2779 2786//2786
f 2786//2786 2787//2787 2785//2785
f 2780//2780 2786//2786 2785//2785
f 2787//2787 2788//2788 2789//2789
f 2788//2788 2635//2635 2633//2633
f 2633//2633 2631//2631 2789//2789
f 2788//2788 2633//2633 2789//2789
f 2781//2781 2785//2785 2784//2784
f 2785//2785 2787//2787 2789//2789
f 2789//2789 2631//2631 2784//2784
f 2785//2785 2789//2789 2784//2784
f 2779//2779 2790//2790 2786//2786
f 2790//2790 2791//2791 2792//2792
f 2792//2792 2787//2787 2786//2786
f 2790//2790 2792//2792 2786//2786
f 2791//2791 2793//2793 2794//2794
f 2793//2793 2795//2795 2796//2796
f 2796//2796 2797//2797 2794//2794
f 2793//2793 2796//2796 2794//2794
f 2797//2797 2798//2798 2799//2799
f 2798//2798 2635//2635 2788//2788
f 2788//2788 2787//2787 2799//2799
f 2798//2798 2788//2788 2799//2799
f 2791//2791 2794//2794 2792//2792
f 2794//2794 2797//2797 2799//2799
f 2799//2799 2787//2787 2792//2792
f 2794//2794 2799//2799 2792//2792
f 2635//2635 2798//2798 2646//2646
f 2798//2798 2797//2797 2800//2800
f 2800//2800 2647//2647 2646//2646
f 2798//2798 2800//2800 2646//2646
f 2797//2797 2796//2796 2801//2801
f 2796//2796 2795//2795 2802//2802
f 2802//2802 2803//2803 2801//2801
f 2796//2796 2802//2802 2801//2801
f 2803//2803 2804//2804 2805//2805
f 2804//2804 2651//2651 2649//2649
f 2649//2649 2647//2647 2805//2805
f 2804//2804 2649//2649 2805//2805
f 2797//2797 2801//2801 2800//2800
f 2801//2801 2803//2803 2805//2805
f 2805//2805 2647//2647 2800//2800
f 2801//2801 2805//2805 2800//2800
f 2795//2795 2806//2806 2802//2802
f 2806//2806 2807//2807 2808//2808
f 2808//2808 2803//2803 2802//2802
f 2806//2806 2808//2808 2802//2802
f 2807//2807 2809//2809 2810//2810
f 2809//2809 2811//2811 2812//2812
f 2812//2812 2813//2813 2810//2810
f 2809//2809 2812//2812 2810//2810
f 2813//2813 2814//2814 2815//2815
f 2814//2814 2651//2651 2804//2804
f 2804//2804 2803//2803 2815//2815
f 2814//2814 2804//2804 2815//2815
f 2807//2807 2810//2810 2808//2808
f 2810//2810 2813//2813 2815//2815
f 2815//2815 2803//2803 2808//2808
f 2810//2810 2815//2815 2808//2808
f 2651//2651 2814//2814 2662//2662
f 2814//2814 2813//2813 2816//2816
f 2816//2816 2663//2663 2662//2662
f 2814//2814 2816//2816 2662//2662
f 2813//2813 2812//2812 2817//2817
f 2812//2812 2811//2811 2818//2818
f 2818//2818 2819//2819 2817//2817
f 2812//2812 2818//2818 2817//2817
f 2819//2819 2820//2820 2821//2821
f 2820//2820 2667//2667 2665//2665
f 2665//2665 2663//2663 2821//2821
f 2820//2820 2665//2665 2821//2821
f 2813//2813 2817//2817 2816//2816
f 2817//2817 2819//2819 2821//2821
f 2821//2821 2663//2663 2816//2816
f 2817//2817 2821//2821 2816//2816
f 2811//2811 2822//2822 2818//2818
f 2822//2822 2823//2823 2824//2824
f 2824//2824 2819//2819 2818//2818
f 2822//2822 2824//2824 2818//2818
f 2823//2823 2825//2825 2826//2826
f 2825//2825 2827//2827 2828//2828
f 2828//2828 2829//2829 2826//2826
f 2825//2825 2828//2828 2826//2826
f 2829//2829 2830//2830 2831//2831
f 2830//2830 2667//2667 2820//2820
f 2820//2820 2819//2819 2831//2831
f 2830//2830 2820//2820 2831//2831
f 2823//2823 2826//2826 2824//2824
f 2826//2826 2829//2829 2831//2831
f 2831//2831 2819//2819 2824//2824
f 2826//2826 2831//2831 2824//2824
f 2667//2667 2830//2830 2678//2678
f 2830//2830 2829//2829 2832//2832
f 2832//2832 2679//2679 2678//2678
f 2830//2830 2832//2832 2678//2678
f 2829//2829 2828//2828 2833//2833
f 2828//2828 2827//2827 2834//2834
f 2834//2834 2835//2835 2833//2833
f 2828//2828 2834//2834 2833//2833
f 2835//2835 2836//2836 2837//2837
f 2836//2836 2683//2683 2681//2681
f 2681//2681 2679//2679 2837//2837
f 2836//2836 2681//2681 2837//2837
f 2829//2829 2833//2833 2832//2832
f 2833//2833 2835//2835 2837//2837
f 2837//2837 2679//2679 2832//2832
f 2833//2833 2837//2837 2832//2832
f 2827//2827 2838//2838 2834//2834
f 2838//2838 2839//2839 2840//2840
f 2840//2840 2835//2835 2834//2834
f 2838//2838 2840//2840 2834//2834
f 2839//2839 2841//2841 2842//2842
f 2841//2841 2843//2843 2844//2844
f 2844//2844 2845//2845 2842//2842
f 2841//2841 2844//2844 2842//2842
f 2845//2845 2846//2846 2847//2847
f 2846//2846 2683//2683 2836//2836
f 2836//2836 2835//2835 2847//2847
f 2846//2846 2836//2836 2847//2847
f 2839//2839 2842//2842 2840//2840
f 2842//2842 2845//2845 2847//2847
f 2847//2847 2835//2835 2840//2840
f 2842//2842 2847//2847 2840//2840
f 2683//2683 2846//2846 2694//2694
f 2846//2846 2845//2845 2848//2848
f 2848//2848 2695//2695 2694//2694
f 2846//2846 2848//2848 2694//2694
f 2845//2845 2844//2844 2849//2849
f 2844//2844 2843//2843 2850//2850
f 2850//2850 2851//2851 2849//2849
f 2844//2844 2850//2850 2849//2849
f 2851//2851 2852//2852 2853//2853
f 2852//2852 2699//2699 2697//2697
f 2697//2697 2695//2695 2853//2853
f 2852//2852 2697//2697 2853//2853
f 2845//2845 2849//2849 2848//2848
f 2849//2849 2851//2851 2853//2853
f 2853//2853 2695//2695 2848//2848
f 2849//2849 2853//2853 2848//2848
f 2843//2843 2854//2854 2850//2850
f 2854//2854 2855//2855 2856//2856
f 2856//2856 2851//2851 2850//2850
f 2854//2854 2856//2856 2850//2850
f 2855//2855 2857//2857 2858//2858
f 2857//2857 2859//2859 2860//2860
f 2860//2860 2861//2861 2858//2858
f 2857//2857 2860//2860 2858//2858
f 2861//2861 2862//2862 2863//2863
f 2862//2862 2699//2699 2852//2852
f 2852//2852 2851//2851 2863//2863
f 2862//2862 2852//2852 2863//2863
f 2855//2855 2858//2858 2856//2856
f 2858//2858 2861//2861 2863//2863
f 2863//2863 2851//2851 2856//2856
f 2858//2858 2863//2863 2856//2856
f 2699//2699 2862//2862 2710//2710
f 2862//2862 2861//2861 2864//2864
f 2864//2864 2711//2711 2710//2710
f 2862//2862 2864//2864 2710//2710
f 2861//2861 2860//2860 2865//2865
f 2860//2860 2859//2859 2866//2866
f 2866//2866 2867//2867 2865//2865
f 2860//2860 2866//2866 2865//2865
f 2867//2867 2868//2868 2869//2869
f 2868//2868 2715//2715 2713//2713
f 2713//2713 2711//2711 2869//2869
f 2868//2868 2713//2713 2869//2869
f 2861//2861 2865//2865 2864//2864
f 2865//2865 2867//2867 2869//2869
f 2869//2869 2711//2711 2864//2864
f 2865//2865 2869//2869 2864//2864
f 2859//2859 2870//2870 2866//2866
f 2870//2870 2871//2871 2872//2872
f 2872//2872 2867//2867 2866//2866
f 2870//2870 2872//2872 2866//2866
f 2871//2871 2873//2873 2874//2874
f 2873//2873 2875//2875 2876//2876
f 2876//2876 2877//2877 2874//2874
f 2873//2873 2876//2876 2874//2874
f 2877//2877 2878//2878 2879//2879
f 2878//2878 2715//2715 2868//2868
f 2868//2868 2867//2867 2879//2879
f 2878//2878 2868//2868 2879//2879
f 2871//2871 2874//2874 2872//2872
f 2874//2874 2877//2877 2879//2879
f 2879//2879 2867//2867 2872//2872
f 2874//2874 2879//2879 2872//2872
f 2715//2715 2878//2878 2726//2726
f 2878//2878 2877//2877 2880//2880
f 2880//2880 2727//2727 2726//2726
f 2878//2878 2880//2880 2726//2726
f 2877//2877 2876//2876 2881//2881
f 2876//2876 2875//2875 2882//2882
f 2882//2882 2883//2883 2881//2881
f 2876//2876 2882//2882 2881//2881
f 2883//2883 2884//2884 2885//2885
f 2884//2884 2731//2731 2729//2729
f 2729//2729 2727//2727 2885//2885
f 2884//2884 2729//2729 2885//2885
f 2877//2877 2881//2881 2880//2880
f 2881//2881 2883//2883 2885//2885
f 2885//2885 2727//2727 2880//2880
f 2881//2881 2885//2885 2880//2880
f 2875//2875 2886//2886 2882//2882
f 2886//2886 2887//2887 2888//2888
f 2888//2888 2883//2883 2882//2882
f 2886//2886 2888//2888 2882//2882
f 2887//2887 2889//2889 2890//2890
f 2889//2889 2891//2891 2892//2892
f 2892//2892 2893//2893 2890//2890
f 2889//2889 2892//2892 2890//2890
f 2893//2893 2894//2894 2895//2895
f 2894//2894 2731//2731 2884//2884
f 2884//2884 2883//2883 2895//2895
f 2894//2894 2884//2884 2895//2895
f 2887//2887 2890//2890 2888//2888
f 2890//2890 2893//2893 2895//2895
f 2895//2895 2883//2883 2888//2888
f 2890//2890 2895//2895 2888//2888
f 2731//2731 2894//2894 2742//2742
f 2894//2894 2893//2893 2896//2896
f 2896//2896 2743//2743 2742//2742
f 2894//2894 2896//2896 2742//2742
f 2893//2893 2892//2892 2897//2897
f 2892//2892 2891//2891 2898//2898
f 2898//2898 2899//2899 2897//2897
f 2892//2892 2898//2898 2897//2897
f 2899//2899 2900//2900 2901//2901
f 2900//2900 2747//2747 2745//2745
f 2745//2745 2743//2743 2901//2901
f 2900//2900 2745//2745 2901//2901
f 2893//2893 2897//2897 2896//2896
f 2897//2897 2899//2899 2901//2901
f 2901//2901 2743//2743 2896//2896
f 2897//2897 2901//2901 2896//2896
f 2891//2891 2902//2902 2898//2898
f 2902//2902 2903//2903 2904//2904
f 2904//2904 2899//2899 2898//2898
f 2902//2902 2904//2904 2898//2898
f 2903//2903 2905//2905 2906//2906
f 2905//2905 2907//2907 2908//2908
f 2908//2908 2909//2909 2906//2906
f 2905//2905 2908//2908 2906//2906
f 2909//2909 2910//2910 2911//2911
f 2910//2910 2747//2747 2900//2900
f 2900//2900 2899//2899 2911//2911
f 2910//2910 2900//2900 2911//2911
f 2903//2903 2906//2906 2904//2904
f 2906//2906 2909//2909 2911//2911
f 2911//2911 2899//2899 2904//2904
f 2906//2906 2911//2911 2904//2904
f 2747//2747 2910//2910 2758//2758
f 2910//2910 2909//2909 2912//2912
f 2912//2912 2759//2759 2758//2758
f 2910//2910 2912//2912 2758//2758
f 2909//2909 2908//2908 2913//2913
f 2908//2908 2907//2907 2914//2914
f 2914//2914 2915//2915 2913//2913
f 2908//2908 2914//2914 2913//2913
f 2915//2915 2916//2916 2917//2917
f 2916//2916 2609//2609 2761//2761
f 2761//2761 2759//2759 2917//2917
f 2916//2916 2761//2761 2917//2917
f 2909//2909 2913//2913 2912//2912
f 2913//2913 2915//2915 2917//2917
f 2917//2917 2759//2759 2912//2912
f 2913//2913 2917//2917 2912//2912
f 2907//2907 2918//2918 2914//2914
f 2918//2918 2919//2919 2920//2920
f 2920//2920 2915//2915 2914//2914
f 2918//2918 2920//2920 2914//2914
f 2919//2919 2921//2921 2922//2922
f 2921//2921 2769//2769 2767//2767
f 2767//2767 2765//2765 2922//2922
f 2921//2921 2767//2767 2922//2922
f 2765//2765 2764//2764 2923//2923
f 2764//2764 2609//2609 2916//2916
f 2916//2916 2915//2915 2923//2923
f 2764//2764 2916//2916 2923//2923
f 2919//2919 2922//2922 2920//2920
f 2922//2922 2765//2765 2923//2923
f 2923//2923 2915//2915 2920//2920
f 2922//2922 2923//2923 2920//2920
f 2769//2769 2924//2924 2774//2774
f 2924//2924 2925//2925 2926//2926
f 2926//2926 2775//2775 2774//2774
f 2924//2924 2926//2926 2774//2774
f 2925//2925 2927//2927 2928//2928
f 2927//2927 2929//2929 2930//2930
f 2930//2930 2931//2931 2928//2928
f 2927//2927 2930//2930 2928//2928
f 2931//2931 2932//2932 2933//2933
f 2932//2932 2779//2779 2777//2777
f 2777//2777 2775//2775 2933//2933
f 2932//2932 2777//2777 2933//2933
f 2925//2925 2928//2928 2926//2926
f 2928//2928 2931//2931 2933//2933
f 2933//2933 2775//2775 2926//2926
f 2928//2928 2933//2933 2926//2926
f 2929//2929 2934//2934 2930//2930
f 2934//2934 2935//2935 2936//2936
f 2936//2936 2931//2931 2930//2930
f 2934//2934 2936//2936 2930//2930
f 2935//2935 2937//2937 2938//2938
f 2937//2937 2939//2939 2940//2940
f 2940//2940 2941//2941 2938//2938
f 2937//2937 2940//2940 2938//2938
f 2941//2941 2942//2942 2943//2943
f 2942//2942 2779//2779 2932//2932
f 2932//2932 2931//2931 2943//2943
f 2942//2942 2932//2932 2943//2943
f 2935//2935 2938//2938 2936//2936
f 2938//2938 2941//2941 2943//2943
f 2943//2943 2931//2931 2936//2936
f 2938//2938 2943//2943 2936//2936
f 2779//2779 2942//2942 2790//2790
f 2942//2942 2941//2941 2944//2944
f 2944//2944 2791//2791 2790//2790
f 2942//2942 2944//2944 2790//2790
f 2941//2941 2940//2940 2945//2945
f 2940//2940 2939//2939 2946//2946
f 2946//2946 2947//2947 2945//2945
f 2940//2940 2946//2946 2945//2945
f 2947//2947 2948//2948 2949//2949
f 2948//2948 2795//2795 2793//2793
f 2793//2793 2791//2791 2949//2949
f 2948//2948 2793//2793 2949//2949
f 2941//2941 2945//2945 2944//2944
f 2945//2945 2947//2947 2949//2949
f 2949//2949 2791//2791 2944//2944
f 2945//2945 2949//2949 2944//2944
f 2939//2939 2950//2950 2946//2946
f 2950//2950 2951//2951 2952//2952
f 2952//2952 2947//2947 2946//2946
f 2950//2950 2952//2952 2946//2946
f 2951//2951 2953//2953 2954//2954
f 2953//2953 2955//2955 2956//2956
f 2956//2956 2957//2957 2954//2954
f 2953//2953 2956//2956 2954//2954
f 2957//2957 2958//2958 2959//2959
f 2958//2958 2795//2795 2948//2948
f 2948//2948 2947//2947 2959//2959
f 2958//2958 2948//2948 2959//2959
f 2951//2951 2954//2954 2952//2952
f 2954//2954 2957//2957 2959//2959
f 2959//2959 2947//2947 2952//2952
f 2954//2954 2959//2959 2952//2952
f 2795//2795 2958//2958 2806//2806
f 2958//2958 2957//2957 2960//2960
f 2960//2960 2807//2807 2806//2806
f 2958//2958 2960//2960 2806//2806
f 2957//2957 2956//2956 2961//2961
f 2956//2956 2955//2955 2962//2962
f 2962//2962 2963//2963 2961//2961
f 2956//2956 2962//2962 2961//2961
f 2963//2963 2964//2964 2965//2965
f 2964//2964 2811//2811 2809//2809
f 2809//2809 2807//2807 2965//2965
f 2964//2964 2809//2809 2965//2965
f 2957//2957 2961//2961 2960//2960
f 2961//2961 2963//2963 2965//2965
f 2965//2965 2807//2807 2960//2960
f 2961//2961 2965//2965 2960//2960
f 2955//2955 2966//2966 2962//2962
f 2966//2966 2967//2967 2968//2968
f 2968//2968 2963//2963 2962//2962
f 2966//2966 2968//2968 2962//2962
f 2967//2967 2969//2969 2970//2970
f 2969//2969 2971//2971 2972//2972
f 2972//2972 2973//2973 2970//2970
f 2969//2969 2972//2972 2970//2970
f 2973//2973 2974//2974 2975//2975
f 2974//2974 2811//2811 2964//2964
f 2964//2964 2963//2963 2975//2975
f 2974//2974 2964//2964 2975//2975
f 2967//2967 2970//2970 2968//2968
f 2970//2970 2973//2973 2975//2975
f 2975//2975 2963//2963 2968//2968
f 2970//2970 2975//2975 2968//2968
f 2811//2811 2974//2974 2822//2822
f 2974//2974 2973//2973 2976//2976
f 2976//2976 2823//2823 2822//2822
f 2974//2974 2976//2976 2822//2822
f 2973//2973 2972//2972 2977//2977
f 2972//2972 2971//2971 2978//2978
f 2978//2978 2979//2979 2977//2977
f 2972//2972 2978//2978 2977//2977
f 2979//2979 2980//2980 2981//2981
f 2980//2980 2827//2827 2825//2825
f 2825//2825 2823//2823 2981//2981
f 2980//2980 2825//2825 2981//2981
f 2973//2973 2977//2977 2976//2976
f 2977//2977 2979//2979 2981//2981
f 2981//2981 2823//2823 2976//2976
f 2977//2977 2981//2981 2976//2976
f 2971//2971 2982//2982 2978//2978
f 2982//2982 2983//2983 2984//2984
f 2984//2984 2979//2979 2978//2978
f 2982//2982 2984//2984 2978//2978
f 2983//2983 2985//2985 2986//2986
f 2985//2985 2987//2987 2988//2988
f 2988//2988 2989//2989 2986//2986
f 2985//2985 2988//2988 2986//2986
f 2989//2989 2990//2990 2991//2991
f 2990//2990 2827//2827 2980//2980
f 2980//2980 2979//2979 2991//2991
f 2990//2990 2980//2980 2991//2991
f 2983//2983 2986//2986 2984//2984
f 2986//2986 2989//2989 2991//2991
f 2991//2991 2979//2979 2984//2984
f 2986//2986 2991//2991 2984//2984
f 2827//2827 2990//2990 2838//2838
f 2990//2990 2989//2989 2992//2992
f 2992//2992 2839//2839 2838//2838
f 2990//2990 2992//2992 2838//2838
f 2989//2989 2988//2988 2993//2993
f 2988//2988 2987//2987 2994//2994
f 2994//2994 2995//2995 2993//2993
f 2988//2988 2994//2994 2993//2993
f 2995//2995 2996//2996 2997//2997
f 2996//2996 2843//2843 2841//2841
f 2841//2841 2839//2839 2997//2997
f 2996//2996 2841//2841 2997//2997
f 2989//2989 2993//2993 2992//2992
f 2993//2993 2995//2995 2997//2997
f 2997//2997 2839//2839 2992//2992
f 2993//2993 2997//2997 2992//2992
f 2987//2987 2998//2998 2994//2994
f 2998//2998 2999//2999 3000//3000
f 3000//3000 2995//2995 2994//2994
f 2998//2998 3000//3000 2994//2994
f 2999//2999 3001//3001 3002//3002
f 3001//3001 3003//3003 3004//3004
f 3004//3004 3005//3005 3002//3002
f 3001//3001 3004//3004 3002//3002
f 3005//3005 3006//3006 3007//3007
f 3006//3006 2843//2843 2996//2996
f 2996//2996 2995//2995 3007//3007
f 3006//3006 2996//2996 3007//3007
f 2999//2999 3002//3002 3000//3000
f 3002//3002 3005//3005 3007//3007
f 3007//3007 2995//2995 3000//3000
f 3002//3002 3007//3007 3000//3000
f 2843//2843 3006//3006 2854//2854
f 3006//3006 3005//3005 3008//3008
f 3008//3008 2855//2855 2854//2854
f 3006//3006 3008//3008 2854//2854
f 3005//3005 3004//3004 3009//3009
f 3004//3004 3003//3003 3010//3010
f 3010//3010 3011//3011 3009//3009
f 3004//3004 3010//3010 3009//3009
f 3011//3011 3012//3012 3013//3013
f 3012//3012 2859//2859 2857//2857
f 2857//2857 2855//2855 3013//3013
f 3012//3012 2857//2857 3013//3013
f 3005//3005 3009//3009 3008//3008
f 3009//3009 3011//3011 3013//3013
f 3013//3013 2855//2855 3008//3008
f 3009//3009 3013//3013 3008//3008
f 3003//3003 3014//3014 3010//3010
f 3014//3014 3015//3015 3016//3016
f 3016//3016 3011//3011 3010//3010
f 3014//3014 3016//3016 3010//3010
f 3015//3015 3017//3017 3018//3018
f 3017//3017 3019//3019 3020//3020
f 3020//3020 3021//3021 3018//3018
f 3017//3017 3020//3020 3018//3018
f 3021//3021 3022//3022 3023//3023
f 3022//3022 2859//2859 3012//3012
f 3012//3012 3011//3011 3023//3023
f 3022//3022 3012//3012 3023//3023
f 3015//3015 3018//3018 3016//3016
f 3018//3018 3021//3021 3023//3023
f 3023//3023 3011//3011 3016//3016
f 3018//3018 3023//3023 3016//3016
f 2859//2859 3022//3022 2870//2870
f 3022//3022 3021//3021 3024//3024
f 3024//3024 2871//2871 2870//2870
f 3022//3022 3024//3024 2870//2870
f 3021//3021 3020//3020 3025//3025
f 3020//3020 3019//3019 3026//3026
f 3026//3026 3027//3027 3025//3025
f 3020//3020 3026//3026 3025//3025
f 3027//3027 3028//3028 3029//3029
f 3028//3028 2875//2875 2873//2873
f 2873//2873 2871//2871 3029//3029
f 3028//3028 2873//2873 3029//3029
f 3021//3021 3025//3025 3024//3024
f 3025//3025 3027//3027 3029//3029
f 3029//3029 2871//2871 3024//3024
f 3025//3025 3029//3029 3024//3024
f 3019//3019 3030//3030 3026//3026
f 3030//3030 3031//3031 3032//3032
f 3032//3032 3027//3027 3026//3026
f 3030//3030 3032//3032 3026//3026
f 3031//3031 3033//3033 3034//3034
f 3033//3033 3035//3035 3036//3036
f 3036//3036 3037//3037 3034//3034
f 3033//3033 3036//3036 3034//3034
f 3037//3037 3038//3038 3039//3039
f 3038//3038 2875//2875 3028//3028
f 3028//3028 3027//3027 3039//3039
f 3038//3038 3028//3028 3039//3039
f 3031//3031 3034//3034 3032//3032
f 3034//3034 3037//3037 3039//3039
f 3039//3039 3027//3027 3032//3032
f 3034//3034 3039//3039 3032//3032
f 2875//2875 3038//3038 2886//2886
f 3038//3038 3037//3037 3040//3040
f 3040//3040 2887//2887 2886//2886
f 3038//3038 3040//3040 2886//2886
f 3037//3037 3036//3036 3041//3041
f 3036//3036 3035//3035 3042//3042
f 3042//3042 3043//3043 3041//3041
f 3036//3036 3042//3042 3041//3041
f 3043//3043 3044//3044 3045//3045
f 3044//3044 2891//2891 2889//2889
f 2889//2889 2887//2887 3045//3045
f 3044//3044 2889//2889 3045//3045
f 3037//3037 3041//3041 3040//3040
f 3041//3041 3043//3043 3045//3045
f 3045//3045 2887//2887 3040//3040
f 3041//3041 3045//3045 3040//3040
f 3035//3035 3046//3046 3042//3042
f 3046//3046 3047//3047 3048//3048
f 3048//3048 3043//3043 3042//3042
f 3046//3046 3048//3048 3042//3042
f 3047//3047 3049//3049 3050//3050
f 3049//3049 3051//3051 3052//3052
f 3052//3052 3053//3053 3050//3050
f 3049//3049 3052//3052 3050//3050
f 3053//3053 3054//3054 3055//3055
f 3054//3054 2891//2891 3044//3044
f 3044//3044 3043//3043 3055//3055
f 3054//3054 3044//3044 3055//3055
f 3047//3047 3050//3050 3048//3048
f 3050//3050 3053//3053 3055//3055
f 3055//3055 3043//3043 3048//3048
f 3050//3050 3055//3055 3048//3048
f 2891//2891 3054//3054 2902//2902
f 3054//3054 3053//3053 3056//3056
f 3056//3056 2903//2903 2902//2902
f 3054//3054 3056//3056 2902//2902
f 3053//3053 3052//3052 3057//3057
f 3052//3052 3051//3051 3058//3058
f 3058//3058 3059//3059 3057//3057
f 3052//3052 3058//3058 3057//3057
f 3059//3059 3060//3060 3061//3061
f 3060//3060 2907//2907 2905//2905
f 2905//2905 2903//2903 3061//3061
f 3060//3060 2905//2905 3061//3061
f 3053//3053 3057//3057 3056//3056
f 3057//3057 3059//3059 3061//3061
f 3061//3061 2903//2903 3056//3056
f 3057//3057 3061//3061 3056//3056
f 3051//3051 3062//3062 3058//3058
f 3062//3062 3063//3063 3064//3064
f 3064//3064 3059//3059 3058//3058
f 3062//3062 3064//3064 3058//3058
f 3063//3063 3065//3065 3066//3066
f 3065//3065 3067//3067 3068//3068
f 3068//3068 3069//3069 3066//3066
f 3065//3065 3068//3068 3066//3066
f 3069//3069 3070//3070 3071//3071
f 3070//3070 2907//2907 3060//3060
f 3060//3060 3059//3059 3071//3071
f 3070//3070 3060//3060 3071//3071
f 3063//3063 3066//3066 3064//3064
f 3066//3066 3069//3069 3071//3071
f 3071//3071 3059//3059 3064//3064
f 3066//3066 3071//3071 3064//3064
f 2907//2907 3070//3070 2918//2918
f 3070//3070 3069//3069 3072//3072
f 3072//3072 2919//2919 2918//2918
f 3070//3070 3072//3072 2918//2918
f 3069//3069 3068//3068 3073//3073
f 3068//3068 3067//3067 3074//3074
f 3074//3074 3075//3075 3073//3073
f 3068//3068 3074//3074 3073//3073
f 3075//3075 3076//3076 3077//3077
f 3076//3076 2769//2769 2921//2921
f 2921//2921 2919//2919 3077//3077
f 3076//3076 2921//2921 3077//3077
f 3069//3069 3073//3073 3072//3072
f 3073//3073 3075//3075 3077//3077
f 3077//3077 2919//2919 3072//3072
f 3073//3073 3077//3077 3072//3072
f 3067//3067 3078//3078 3074//3074
f 3078//3078 3079//3079 3080//3080
f 3080//3080 3075//3075 3074//3074
f 3078//3078 3080//3080 3074//3074
f 3079//3079 3081//3081 3082//3082
f 3081//3081 2929//2929 2927//2927
f 2927//2927 2925//2925 3082//3082
f 3081//3081 2927//2927 3082//3082
f 2925//2925 2924//2924 3083//3083
f 2924//2924 2769//2769 3076//3076
f 3076//3076 3075//3075 3083//3083
f 2924//2924 3076//3076 3083//3083
f 3079//3079 3082//3082 3080//3080
f 3082//3082 2925//2925 3083//3083
f 3083//3083 3075//3075 3080//3080
f 3082//3082 3083//3083 3080//3080
f 2929//2929 3084//3084 2934//2934
f 3084//3084 3085//3085 3086//3086
f 3086//3086 2935//2935 2934//2934
f 3084//3084 3086//3086 2934//2934
f 3085//3085 3087//3087 3088//3088
f 3087//3087 3089//3089 3090//3090
f 3090//3090 3091//3091 3088//3088
f 3087//3087 3090//3090 3088//3088
f 3091//3091 3092//3092 3093//3093
f 3092//3092 2939//2939 2937//2937
f 2937//2937 2935//2935 3093//3093
f 3092//3092 2937//2937 3093//3093
f 3085//3085 3088//3088 3086//3086
f 3088//3088 3091//3091 3093//3093
f 3093//3093 2935//2935 3086//3086
f 3088//3088 3093//3093 3086//3086
f 3089//3089 3094//3094 3090//3090
f 3094//3094 3095//3095 3096//3096
f 3096//3096 3091//3091 3090//3090
f 3094//3094 3096//3096 3090//3090
f 3095//3095 3097//3097 3098//3098
f 3097//3097 3099//3099 3100//3100
f 3100//3100 3101//3101 3098//3098
f 3097//3097 3100//3100 3098//3098
f 3101//3101 3102//3102 3103//3103
f 3102//3102 2939//2939 3092//3092
f 3092//3092 3091//3091 3103//3103
f 3102//3102 3092//3092 3103//3103
f 3095//3095 3098//3098 3096//3096
f 3098//3098 3101//3101 3103//3103
f 3103//3103 3091//3091 3096//3096
f 3098//3098 3103//3103 3096//3096
f 2939//2939 3102//3102 2950//2950
f 3102//3102 3101//3101 3104//3104
f 3104//3104 2951//2951 2950//2950
f 3102//3102 3104//3104 2950//2950
f 3101//3101 3100//3100 3105//3105
f 3100//3100 3099//3099 3106//3106
f 3106//3106 3107//3107 3105//3105
f 3100//3100 3106//3106 3105//3105
f 3107//3107 3108//3108 3109//3109
f 3108//3108 2955//2955 2953//2953
f 2953//2953 2951//2951 3109//3109
f 3108//3108 2953//2953 3109//3109
f 3101//3101 3105//3105 3104//3104
f 3105//3105 3107//3107 3109//3109
f 3109//3109 2951//2951 3104//3104
f 3105//3105 3109//3109 3104//3104
f 3099//3099 3110//3110 3106//3106
f 3110//3110 3111//3111 3112//3112
f 3112//3112 3107//3107 3106//3106
f 3110//3110 3112//3112 3106//3106
f 3111//3111 3113//3113 3114//3114
f 3113//3113 3115//3115 3116//3116
f 3116//3116 3117//3117 3114//3114
f 3113//3113 3116//3116 3114//3114
f 3117//3117 3118//3118 3119//3119
f 3118//3118 2955//2955 3108//3108
f 3108//3108 3107//3107 3119//3119
f 3118//3118 3108//3108 3119//3119
f 3111//3111 3114//3114 3112//3112
f 3114//3114 3117//3117 3119//3119
f 3119//3119 3107//3107 3112//3112
f 3114//3114 3119//3119 3112//3112
f 2955//2955 3118//3118 2966//2966
f 3118//3118 3117//3117 3120//3120
f 3120//3120 2967//2967 2966//2966
f 3118//3118 3120//3120 2966//2966
f 3117//3117 3116//3116 3121//3121
f 3116//3116 3115//3115 3122//3122
f 3122//3122 3123//3123 3121//3121
f 3116//3116 3122//3122 3121//3121
f 3123//3123 3124//3124 3125//3125
f 3124//3124 2971//2971 2969//2969
f 2969//2969 2967//2967 3125//3125
f 3124//3124 2969//2969 3125//3125
f 3117//3117 3121//3121 3120//3120
f 3121//3121 3123//3123 3125//3125
f 3125//3125 2967//2967 3120//3120
f 3121//3121 3125//3125 3120//3120
f 3115//3115 3126//3126 3122//3122
f 3126//3126 3127//3127 3128//3128
f 3128//3128 3123//3123 3122//3122
f 3126//3126 3128//3128 3122//3122
f 3127//3127 3129//3129 3130//3130
f 3129//3129 3131//3131 3132//3132
f 3132//3132 3133//3133 3130//3130
f 3129//3129 3132//3132 3130//3130
f 3133//3133 3134//3134 3135//3135
f 3134//3134 2971//2971 3124//3124
f 3124//3124 3123//3123 3135//3135
f 3134//3134 3124//3124 3135//3135
f 3127//3127 3130//3130 3128//3128
f 3130//3130 3133//3133 3135//3135
f 3135//3135 3123//3123 3128//3128
f 3130//3130 3135//3135 3128//3128
f 2971//2971 3134//3134 2982//2982
f 3134//3134 3133//3133 3136//3136
f 3136//3136 2983//2983 2982//2982
f 3134//3134 3136//3136 2982//2982
f 3133//3133 3132//3132 3137//3137
f 3132//3132 3131//3131 3138//3138
f 3138//3138 3139//3139 3137//3137
f 3132//3132 3138//3138 3137//3137
f 3139//3139 3140//3140 3141//3141
f 3140//3140 2987//2987 2985//2985
f 2985//2985 2983//2983 3141//3141
f 3140//3140 2985//2985 3141//3141
f 3133//3133 3137//3137 3136//3136
f 3137//3137 3139//3139 3141//3141
f 3141//3141 2983//2983 3136//3136
f 3137//3137 3141//3141 3136//3136
f 3131//3131 3142//3142 3138//3138
f 3142//3142 3143//3143 3144//3144
f 3144//3144 3139//3139 3138//3138
f 3142//3142 3144//3144 3138//3138
f 3143//3143 3145//3145 3146//3146
f 3145//3145 3147//3147 3148//3148
f 3148//3148 3149//3149 3146//3146
f 3145//3145 3148//3148 3146//3146
f 3149//3149 3150//3150 3151//3151
f 3150//3150 2987//2987 3140//3140
f 3140//3140 3139//3139 3151//3151
f 3150//3150 3140//3140 3151//3151
f 3143//3143 3146//3146 3144//3144
f 3146//3146 3149//3149 3151//3151
f 3151//3151 3139//3139 3144//3144
f 3146//3146 3151//3151 3144//3144
f 2987//2987 3150//3150 2998//2998
f 3150//3150 3149//3149 3152//3152
f 3152//3152 2999//2999 2998//2998
f 3150//3150 3152//3152 2998//2998
f 3149//3149 3148//3148 3153//3153
f 3148//3148 3147//3147 3154//3154
f 3154//3154 3155//3155 3153//3153
f 3148//3148 3154//3154 3153//3153
f 3155//3155 3156//3156 3157//3157
f 3156//3156 3003//3003 3001//3001
f 3001//3001 2999//2999 3157//3157
f 3156//3156 3001//3001 3157//3157
f 3149//3149 3153//3153 3152//3152
f 3153//3153 3155//3155 3157//3157
f 3157//3157 2999//2999 3152//3152
f 3153//3153 3157//3157 3152//3152
f 3147//3147 3158//3158 3154//3154
f 3158//3158 3159//3159 3160//3160
f 3160//3160 3155//3155 3154//3154
f 3158//3158 3160//3160 3154//3154
f 3159//3159 3161//3161 3162//3162
f 3161//3161 3163//3163 3164//3164
f 3164//3164 3165//3165 3162//3162
f 3161//3161 3164//3164 3162//3162
f 3165//3165 3166//3166 3167//3167
f 3166//3166 3003//3003 3156//3156
f 3156//3156 3155//3155 3167//3167
f 3166//3166 3156//3156 3167//3167
f 3159//3159 3162//3162 3160//3160
f 3162//3162 3165//3165 3167//3167
f 3167//3167 3155//3155 3160//3160
f 3162//3162 3167//3167 3160//3160
f 3003//3003 3166//3166 3014//3014
f 3166//3166 3165//3165 3168//3168
f 3168//3168 3015//3015 3014//3014
f 3166//3166 3168//3168 3014//3014
f 3165//3165 3164//3164 3169//3169
f 3164//3164 3163//3163 3170//3170
f 3170//3170 3171//3171 3169//3169
f 3164//3164 3170//3170 3169//3169
f 3171//3171 3172//3172 3173//3173
f 3172//3172 3019//3019 3017//3017
f 3017//3017 3015//3015 3173//3173
f 3172//3172 3017//3017 3173//3173
f 3165//3165 3169//3169 3168//3168
f 3169//3169 3171//3171 3173//3173
f 3173//3173 3015//3015 3168//3168
f 3169//3169 3173//3173 3168//3168
f 3163//3163 3174//3174 3170//3170
f 3174//3174 3175//3175 3176//3176
f 3176//3176 3171//3171 3170//3170
f 3174//3174 3176//3176 3170//3170
f 3175//3175 3177//3177 3178//3178
f 3177//3177 3179//3179 3180//3180
f 3180//3180 3181//3181 3178//3178
f 3177//3177 3180//3180 3178//3178
f 3181//3181 3182//3182 3183//3183
f 3182//3182 3019//3019 3172//3172
f 3172//3172 3171//3171 3183//3183
f 3182//3182 3172//3172 3183//3183
f 3175//3175 3178//3178 3176//3176
f 3178//3178 3181//3181 3183//3183
f 3183//3183 3171//3171 3176//3176
f 3178//3178 3183//3183 3176//3176
f 3019//3019 3182//3182 3030//3030
f 3182//3182 3181//3181 3184//3184
f 3184//3184 3031//3031 3030//3030
f 3182//3182 3184//3184 3030//3030
f 3181//3181 3180//3180 3185//3185
f 3180//3180 3179//3179 3186//3186
f 3186//3186 3187//3187 3185//3185
f 3180//3180 3186//3186 3185//3185
f 3187//3187 3188//3188 3189//3189
f 3188//3188 3035//3035 3033//3033
f 3033//3033 3031//3031 3189//3189
f 3188//3188 3033//3033 3189//3189
f 3181//3181 3185//3185 3184//3184
f 3185//3185 3187//3187 3189//3189
f 3189//3189 3031//3031 3184//3184
f 3185//3185 3189//3189 3184//3184
f 3179//3179 3190//3190 3186//3186
f 3190//3190 3191//3191 3192//3192
f 3192//3192 3187//3187 3186//3186
f 3190//3190 3192//3192 3186//3186
f 3191//3191 3193//3193 3194//3194
f 3193//3193 3195//3195 3196//3196
f 3196//3196 3197//3197 3194//3194
f 3193//3193 3196//3196 3194//3194
f 3197//3197 3198//3198 3199//3199
f 3198//3198 3035//3035 3188//3188
f 3188//3188 3187//3187 3199//3199
f 3198//3198 3188//3188 3199//3199
f 3191//3191 3194//3194 3192//3192
f 3194//3194 3197//3197 3199//3199
f 3199//3199 3187//3187 3192//3192
f 3194//3194 3199//3199 3192//3192
f 3035//3035 3198//3198 3046//3046
f 3198//3198 3197//3197 3200//3200
f 3200//3200 3047//3047 3046//3046
f 3198//3198 3200//3200 3046//3046
f 3197//3197 3196//3196 3201//3201
f 3196//3196 3195//3195 3202//3202
f 3202//3202 3203//3203 3201//3201
f 3196//3196 3202//3202 3201//3201
f 3203//3203 3204//3204 3205//3205
f 3204//3204 3051//3051 3049//3049
f 3049//3049 3047//3047 3205//3205
f 3204//3204 3049//3049 3205//3205
f 3197//3197 3201//3201 3200//3200
f 3201//3201 3203//3203 3205//3205
f 3205//3205 3047//3047 3200//3200
f 3201//3201 3205//3205 3200//3200
f 3195//3195 3206//3206 3202//3202
f 3206//3206 3207//3207 3208//3208
f 3208//3208 3203//3203 3202//3202
f 3206//3206 3208//3208 3202//3202
f 3207//3207 3209//3209 3210//3210
f 3209//3209 3211//3211 3212//3212
f 3212//3212 3213//3213 3210//3210
f 3209//3209 3212//3212 3210//3210
f 3213//3213 3214//3214 3215//3215
f 3214//3214 3051//3051 3204//3204
f 3204//3204 3203//3203 3215//3215
f 3214//3214 3204//3204 3215//3215
f 3207//3207 3210//3210 3208//3208
f 3210//3210 3213//3213 3215//3215
f 3215//3215 3203//3203 3208//3208
f 3210//3210 3215//3215 3208//3208
f 3051//3051 3214//3214 3062//3062
f 3214//3214 3213//3213 3216//3216
f 3216//3216 3063//3063 3062//3062
f 3214//3214 3216//3216 3062//3062
f 3213//3213 3212//3212 3217//3217
f 3212//3212 3211//3211 3218//3218
f 3218//3218 3219//3219 3217//3217
f 3212//3212 3218//3218 3217//3217
f 3219//3219 3220//3220 3221//3221
f 3220//3220 3067//3067 3065//3065
f 3065//3065 3063//3063 3221//3221
f 3220//3220 3065//3065 3221//3221
f 3213//3213 3217//3217 3216//3216
f 3217//3217 3219//3219 3221//3221
f 3221//3221 3063//3063 3216//3216
f 3217//3217 3221//3221 3216//3216
f 3211//3211 3222//3222 3218//3218
f 3222//3222 3223//3223 3224//3224
f 3224//3224 3219//3219 3218//3218
f 3222//3222 3224//3224 3218//3218
f 3223//3223 3225//3225 3226//3226
f 3225//3225 3227//3227 3228//3228
f 3228//3228 3229//3229 3226//3226
f 3225//3225 3228//3228 3226//3226
f 3229//3229 3230//3230 3231//3231
f 3230//3230 3067//3067 3220//3220
f 3220//3220 3219//3219 3231//3231
f 3230//3230 3220//3220 3231//3231
f 3223//3223 3226//3226 3224//3224
f 3226//3226 3229//3229 3231//3231
f 3231//3231 3219//3219 3224//3224
f 3226//3226 3231//3231 3224//3224
f 3067//3067 3230//3230 3078//3078
f 3230//3230 3229//3229 3232//3232
f 3232//3232 3079//3079 3078//3078
f 3230//3230 3232//3232 3078//3078
f 3229//3229 3228//3228 3233//3233
f 3228//3228 3227//3227 3234//3234
f 3234//3234 3235//3235 3233//3233
f 3228//3228 3234//3234 3233//3233
f 3235//3235 3236//3236 3237//3237
f 3236//3236 2929//2929 3081//3081
f 3081//3081 3079//3079 3237//3237
f 3236//3236 3081//3081 3237//3237
f 3229//3229 3233//3233 3232//3232
f 3233//3233 3235//3235 3237//3237
f 3237//3237 3079//3079 3232//3232
f 3233//3233 3237//3237 3232//3232
f 3227//3227 3238//3238 3234//3234
f 3238//3238 3239//3239 3240//3240
f 3240//3240 3235//3235 3234//3234
f 3238//3238 3240//3240 3234//3234
f 3239//3239 3241//3241 3242//3242
f 3241//3241 3089//3089 3087//3087
f 3087//3087 3085//3085 3242//3242
f 3241//3241 3087//3087 3242//3242
f 3085//3085 3084//3084 3243//3243
f 3084//3084 2929//2929 3236//3236
f 3236//3236 3235//3235 3243//3243
f 3084//3084 3236//3236 3243//3243
f 3239//3239 3242//3242 3240//3240
f 3242//3242 3085//3085 3243//3243
f 3243//3243 3235//3235 3240//3240
f 3242//3242 3243//3243 3240//3240
f 3089//3089 3244//3244 3094//3094
f 3244//3244 3245//3245 3246//3246
f 3246//3246 3095//3095 3094//3094
f 3244//3244 3246//3246 3094//3094
f 3245//3245 3247//3247 3248//3248
f 3247//3247 3249//3249 3250//3250
f 3250//3250 3251//3251 3248//3248
f 3247//3247 3250//3250 3248//3248
f 3251//3251 3252//3252 3253//3253
f 3252//3252 3099//3099 3097//3097
f 3097//3097 3095//3095 3253//3253
f 3252//3252 3097//3097 3253//3253
f 3245//3245 3248//3248 3246//3246
f 3248//3248 3251//3251 3253//3253
f 3253//3253 3095//3095 3246//3246
f 3248//3248 3253//3253 3246//3246
f 3099//3099 3252//3252 3110//3110
f 3252//3252 3251//3251 3254//3254
f 3254//3254 3111//3111 3110//3110
f 3252//3252 3254//3254 3110//3110
f 3251//3251 3250//3250 3255//3255
f 3250//3250 3249//3249 3256//3256
f 3256//3256 3257//3257 3255//3255
f 3250//3250 3256//3256 3255//3255
f 3257//3257 3258//3258 3259//3259
f 3258//3258 3115//3115 3113//3113
f 3113//3113 3111//3111 3259//3259
f 3258//3258 3113//3113 3259//3259
f 3251//3251 3255//3255 3254//3254
f 3255//3255 3257//3257 3259//3259
f 3259//3259 3111//3111 3254//3254
f 3255//3255 3259//3259 3254//3254
f 3115//3115 3258//3258 3126//3126
f 3258//3258 3257//3257 3260//3260
f 3260//3260 3127//3127 3126//3126
f 3258//3258 3260//3260 3126//3126
f 3257//3257 3256//3256 3261//3261
f 3256//3256 3249//3249 3262//3262
f 3262//3262 3263//3263 3261//3261
f 3256//3256 3262//3262 3261//3261
f 3263//3263 3264//3264 3265//3265
f 3264//3264 3131//3131 3129//3129
f 3129//3129 3127//3127 3265//3265
f 3264//3264 3129//3129 3265//3265
f 3257//3257 3261//3261 3260//3260
f 3261//3261 3263//3263 3265//3265
f 3265//3265 3127//3127 3260//3260
f 3261//3261 3265//3265 3260//3260
f 3131//3131 3264//3264 3142//3142
f 3264//3264 3263//3263 3266//3266
f 3266//3266 3143//3143 3142//3142
f 3264//3264 3266//3266 3142//3142
f 3263//3263 3262//3262 3267//3267
f 3262//3262 3249//3249 3268//3268
f 3268//3268 3269//3269 3267//3267
f 3262//3262 3268//3268 3267//3267
f 3269//3269 3270//3270 3271//3271
f 3270//3270 3147//3147 3145//3145
f 3145//3145 3143//3143 3271//3271
f 3270//3270 3145//3145 3271//3271
f 3263//3263 3267//3267 3266//3266
f 3267//3267 3269//3269 3271//3271
f 3271//3271 3143//3143 3266//3266
f 3267//3267 3271//3271 3266//3266
f 3147//3147 3270//3270 3158//3158
f 3270//3270 3269//3269 3272//3272
f 3272//3272 3159//3159 3158//3158
f 3270//3270 3272//3272 3158//3158
f 3269//3269 3268//3268 3273//3273
f 3268//3268 3249//3249 3274//3274
f 3274//3274 3275//3275 3273//3273
f 3268//3268 3274//3274 3273//3273
f 3275//3275 3276//3276 3277//3277
f 3276//3276 3163//3163 3161//3161
f 3161//3161 3159//3159 3277//3277
f 3276//3276 3161//3161 3277//3277
f 3269//3269 3273//3273 3272//3272
f 3273//3273 3275//3275 3277//3277
f 3277//3277 3159//3159 3272//3272
f 3273//3273 3277//3277 3272//3272
f 3163//3163 3276//3276 3174//3174
f 3276//3276 3275//3275 3278//3278
f 3278//3278 3175//3175 3174//3174
f 3276//3276 3278//3278 3174//3174
f 3275//3275 3274//3274 3279//3279
f 3274//3274 3249//3249 3280//3280
f 3280//3280 3281//3281 3279//3279
f 3274//3274 3280//3280 3279//3279
f 3281//3281 3282//3282 3283//3283
f 3282//3282 3179//3179 3177//3177
f 3177//3177 3175//3175 3283//3283
f 3282//3282 3177//3177 3283//3283
f 3275//3275 3279//3279 3278//3278
f 3279//3279 3281//3281 3283//3283
f 3283//3283 3175//3175 3278//3278
f 3279//3279 3283//3283 3278//3278
f 3179//3179 3282//3282 3190//3190
f 3282//3282 3281//3281 3284//3284
f 3284//3284 3191//3191 3190//3190
f 3282//3282 3284//3284 3190//3190
f 3281//3281 3280//3280 3285//3285
f 3280//3280 3249//3249 3286//3286
f 3286//3286 3287//3287 3285//3285
f 3280//3280 3286//3286 3285//3285
f 3287//3287 3288//3288 3289//3289
f 3288//3288 3195//3195 3193//3193
f 3193//3193 3191//3191 3289//3289
f 3288//3288 3193//3193 3289//3289
f 3281//3281 3285//3285 3284//3284
f 3285//3285 3287//3287 3289//3289
f 3289//3289 3191//3191 3284//3284
f 3285//3285 3289//3289 3284//3284
f 3195//3195 3288//3288 3206//3206
f 3288//3288 3287//3287 3290//3290
f 3290//3290 3207//3207 3206//3206
f 3288//3288 3290//3290 3206//3206
f 3287//3287 3286//3286 3291//3291
f 3286//3286 3249//3249 3292//3292
f 3292//3292 3293//3293 3291//3291
f 3286//3286 3292//3292 3291//3291
f 3293//3293 3294//3294 3295//3295
f 3294//3294 3211//3211 3209//3209
f 3209//3209 3207//3207 3295//3295
f 3294//3294 3209//3209 3295//3295
f 3287//3287 3291//3291 3290//3290
f 3291//3291 3293//3293 3295//3295
f 3295//3295 3207//3207 3290//3290
f 3291//3291 3295//3295 3290//3290
f 3211//3211 3294//3294 3222//3222
f 3294//3294 3293//3293 3296//3296
f 3296//3296 3223//3223 3222//3222
f 3294//3294 3296//3296 3222//3222
f 3293//3293 3292//3292 3297//3297
f 3292//3292 3249//3249 3298//3298
f 3298//3298 3299//3299 3297//3297
f 3292//3292 3298//3298 3297//3297
f 3299//3299 3300//3300 3301//3301
f 3300//3300 3227//3227 3225//3225
f 3225//3225 3223//3223 3301//3301
f 3300//3300 3225//3225 3301//3301
f 3293//3293 3297//3297 3296//3296
f 3297//3297 3299//3299 3301//3301
f 3301//3301 3223//3223 3296//3296
f 3297//3297 3301//3301 3296//3296
f 3227//3227 3300//3300 3238//3238
f 3300//3300 3299//3299 3302//3302
f 3302//3302 3239//3239 3238//3238
f 3300//3300 3302//3302 3238//3238
f 3299//3299 3298//3298 3303//3303
f 3298//3298 3249//3249 3247//3247
f 3247//3247 3245//3245 3303//3303
f 3298//3298 3247//3247 3303//3303
f 3245//3245 3244//3244 3304//3304
f 3244//3244 3089//3089 3241//3241
f 3241//3241 3239//3239 3304//3304
f 3244//3244 3241//3241 3304//3304
f 3299//3299 3303//3303 3302//3302
f 3303//3303 3245//3245 3304//3304
f 3304//3304 3239//3239 3302//3302
f 3303//3303 3304//3304 3302//3302
f 3305//3305 3306//3306 3307//3307
f 3306//3306 3308//3308 3309//3309
f 3309//3309 3310//3310 3307//3307
f 3306//3306 3309//3309 3307//3307
f 3308//3308 3311//3311 3312//3312
f 3311//3311 3313//3313 3314//3314
f 3314//3314 3315//3315 3312//3312
f 3311//3311 3314//3314 3312//3312
f 3315//3315 3316//3316 3317//3317
f 3316//3316 3318//3318 3319//3319
f 3319//3319 3310//3310 3317//3317
f 3316//3316 3319//3319 3317//3317
f 3308//3308 3312//3312 3309//3309
f 3312//3312 3315//3315 3317//3317
f 3317//3317 3310//3310 3309//3309
f 3312//3312 3317//3317 3309//3309
f 3313//3313 3320//3320 3314//3314
f 3320//3320 3321//3321 3322//3322
f 3322//3322 3315//3315 3314//3314
f 3320//3320 3322//3322 3314//3314
f 3321//3321 3323//3323 3324//3324
f 3323//3323 3325//3325 3326//3326
f 3326//3326 3327//3327 3324//3324
f 3323//3323 3326//3326 3324//3324
f 3327//3327 3328//3328 3329//3329
f 3328//3328 3318//3318 3316//3316
f 3316//3316 3315//3315 3329//3329
f 3328//3328 3316//3316 3329//3329
f 3321//3321 3324//3324 3322//3322
f 3324//3324 3327//3327 3329//3329
f 3329//3329 3315//3315 3322//3322
f 3324//3324 3329//3329 3322//3322
f 3325//3325 3330//3330 3326//3326
f 3330//3330 3331//3331 3332//3332
f 3332//3332 3327//3327 3326//3326
f 3330//3330 3332//3332 3326//3326
f 3331//3331 3333//3333 3334//3334
f 3333//3333 3335//3335 3336//3336
f 3336//3336 3337//3337 3334//3334
f 3333//3333 3336//3336 3334//3334
f 3337//3337 3338//3338 3339//3339
f 3338//3338 3318//3318 3328//3328
f 3328//3328 3327//3327 3339//3339
f 3338//3338 3328//3328 3339//3339
f 3331//3331 3334//3334 3332//3332
f 3334//3334 3337//3337 3339//3339
f 3339//3339 3327//3327 3332//3332
f 3334//3334 3339//3339 3332//3332
f 3335//3335 3340//3340 3336//3336
f 3340//3340 3341//3341 3342//3342
f 3342//3342 3337//3337 3336//3336
f 3340//3340 3342//3342 3336//3336
f 3341//3341 3343//3343 3344//3344
f 3343//3343 3345//3345 3346//3346
f 3346//3346 3347//3347 3344//3344
f 3343//3343 3346//3346 3344//3344
f 3347//3347 3348//3348 3349//3349
f 3348//3348 3318//3318 3338//3338
f 3338//3338 3337//3337 3349//3349
f 3348//3348 3338//3338 3349//3349
f 3341//3341 3344//3344 3342//3342
f 3344//3344 3347//3347 3349//3349
f 3349//3349 3337//3337 3342//3342
f 3344//3344 3349//3349 3342//3342
f 3345//3345 3350//3350 3346//3346
f 3350//3350 3351//3351 3352//3352
f 3352//3352 3347//3347 3346//3346
f 3350//3350 3352//3352 3346//3346
f 3351//3351 3353//3353 3354//3354
f 3353//3353 3355//3355 3356//3356
f 3356//3356 3357//3357 3354//3354
f 3353//3353 3356//3356 3354//3354
f 3357//3357 3358//3358 3359//3359
f 3358//3358 3318//3318 3348//3348
f 3348//3348 3347//3347 3359//3359
f 3358//3358 3348//3348 3359//3359
f 3351//3351 3354//3354 3352//3352
f 3354//3354 3357//3357 3359//3359
f 3359//3359 3347//3347 3352//3352
f 3354//3354 3359//3359 3352//3352
f 3355//3355 3360//3360 3356//3356
f 3360//3360 3361//3361 3362//3362
f 3362//3362 3357//3357 3356//3356
f 3360//3360 3362//3362 3356//3356
f 3361//3361 3363//3363 3364//3364
f 3363//3363 3365//3365 3366//3366
f 3366//3366 3367//3367 3364//3364
f 3363//3363 3366//3366 3364//3364
f 3367//3367 3368//3368 3369//3369
f 3368//3368 3318//3318 3358//3358
f 3358//3358 3357//3357 3369//3369
f 3368//3368 3358//3358 3369//3369
f 3361//3361 3364//3364 3362//3362
f 3364//3364 3367//3367 3369//3369
f 3369//3369 3357//3357 3362//3362
f 3364//3364 3369//3369 3362//3362
f 3365//3365 3370//3370 3366//3366
f 3370//3370 3371//3371 3372//3372
f 3372//3372 3367//3367 3366//3366
f 3370//3370 3372//3372 3366//3366
f 3371//3371 3373//3373 3374//3374
f 3373//3373 3375//3375 3376//3376
f 3376//3376 3377//3377 3374//3374
f 3373//3373 3376//3376 3374//3374
f 3377//3377 3378//3378 3379//3379
f 3378//3378 3318//3318 3368//3368
f 3368//3368 3367//3367 3379//3379
f 3378//3378 3368//3368 3379//3379
f 3371//3371 3374//3374 3372//3372
f 3374//3374 3377//3377 3379//3379
f 3379//3379 3367//3367 3372//3372
f 3374//3374 3379//3379 3372//3372
f 3375//3375 3380//3380 3376//3376
f 3380//3380 3381//3381 3382//3382
f 3382//3382 3377//3377 3376//3376
f 3380//3380 3382//3382 3376//3376
f 3381//3381 3383//3383 3384//3384
f 3383//3383 3385//3385 3386//3386
f 3386//3386 3387//3387 3384//3384
f 3383//3383 3386//3386 3384//3384
f 3387//3387 3388//3388 3389//3389
f 3388//3388 3318//3318 3378//3378
f 3378//3378 3377//3377 3389//3389
f 3388//3388 3378//3378 3389//3389
f 3381//3381 3384//3384 3382//3382
f 3384//3384 3387//3387 3389//3389
f 3389//3389 3377//3377 3382//3382
f 3384//3384 3389//3389 3382//3382
f 3385//3385 3390//3390 3386//3386
f 3390//3390 3391//3391 3392//3392
f 3392//3392 3387//3387 3386//3386
f 3390//3390 3392//3392 3386//3386
f 3391//3391 3393//3393 3394//3394
f 3393//3393 3395//3395 3396//3396
f 3396//3396 3397//3397 3394//3394
f 3393//3393 3396//3396 3394//3394
f 3397//3397 3398//3398 3399//3399
f 3398//3398 3318//3318 3388//3388
f 3388//3388 3387//3387 3399//3399
f 3398//3398 3388//3388 3399//3399
f 3391//3391 3394//3394 3392//3392
f 3394//3394 3397//3397 3399//3399
f 3399//3399 3387//3387 3392//3392
f 3394//3394 3399//3399 3392//3392
f 3395//3395 3400//3400 3396//3396
f 3400//3400 3401//3401 3402//3402
f 3402//3402 3397//3397 3396//3396
f 3400//3400 3402//3402 3396//3396
f 3401//3401 3403//3403 3404//3404
f 3403//3403 3305//3305 3307//3307
f 3307//3307 3310//3310 3404//3404
f 3403//3403 3307//3307 3404//3404
f 3310//3310 3319//3319 3405//3405
f 3319//3319 3318//3318 3398//3398
f 3398//3398 3397//3397 3405//3405
f 3319//3319 3398//3398 3405//3405
f 3401//3401 3404//3404 3402//3402
f 3404//3404 3310//3310 3405//3405
f 3405//3405 3397//3397 3402//3402
f 3404//3404 3405//3405 3402//3402
f 3305//3305 3406//3406 3306//3306
f 3406//3406 3407//3407 3408//3408
f 3408//3408 3308//3308 3306//3306
f 3406//3406 3408//3408 3306//3306
f 3407//3407 3409//3409 3410//3410
f 3409//3409 3411//3411 3412//3412
f 3412//3412 3413//3413 3410//3410
f 3409//3409 3412//3412 3410//3410
f 3413//3413 3414//3414 3415//3415
f 3414//3414 3313//3313 3311//3311
f 3311//3311 3308//3308 3415//3415
f 3414//3414 3311//3311 3415//3415
f 3407//3407 3410//3410 3408//3408
f 3410//3410 3413//3413 3415//3415
f 3415//3415 3308//3308 3408//3408
f 3410//3410 3415//3415 3408//3408
f 3411//3411 3416//3416 3412//3412
f 3416//3416 3417//3417 3418//3418
f 3418//3418 3413//3413 3412//3412
f 3416//3416 3418//3418 3412//3412
f 3417//3417 3419//3419 3420//3420
f 3419//3419 3421//3421 3422//3422
f 3422//3422 3423//3423 3420//3420
f 3419//3419 3422//3422 3420//3420
f 3423//3423 3424//3424 3425//3425
f 3424//3424 3313//3313 3414//3414
f 3414//3414 3413//3413 3425//3425
f 3424//3424 3414//3414 3425//3425
f 3417//3417 3420//3420 3418//3418
f 3420//3420 3423//3423 3425//3425
f 3425//3425 3413//3413 3418//3418
f 3420//3420 3425//3425 3418//3418
f 3313//3313 3424//3424 3320//3320
f 3424//3424 3423//3423 3426//3426
f 3426//3426 3321//3321 3320//3320
f 3424//3424 3426//3426 3320//3320
f 3423//3423 3422//3422 3427//3427
f 3422//3422 3421//3421 3428//3428
f 3428//3428 3429//3429 3427//3427
f 3422//3422 3428//3428 3427//3427
f 3429//3429 3430//3430 3431//3431
f 3430//3430 3325//3325 3323//3323
f 3323//3323 3321//3321 3431//3431
f 3430//3430 3323//3323 3431//3431
f 3423//3423 3427//3427 3426//3426
f 3427//3427 3429//3429 3431//3431
f 3431//3431 3321//3321 3426//3426
f 3427//3427 3431//3431 3426//3426
f 3421//3421 3432//3432 3428//3428
f 3432//3432 3433//3433 3434//3434
f 3434//3434 3429//3429 3428//3428
f 3432//3432 3434//3434 3428//3428
f 3433//3433 3435//3435 3436//3436
f 3435//3435 3437//3437 3438//3438
f 3438//3438 3439//3439 3436//3436
f 3435//3435 3438//3438 3436//3436
f 3439//3439 3440//3440 3441//3441
f 3440//3440 3325//3325 3430//3430
f 3430//3430 3429//3429 3441//3441
f 3440//3440 3430//3430 3441//3441
f 3433//3433 3436//3436 3434//3434
f 3436//3436 3439//3439 3441//3441
f 3441//3441 3429//3429 3434//3434
f 3436//3436 3441//3441 3434//3434
f 3325//3325 3440//3440 3330//3330
f 3440//3440 3439//3439 3442//3442
f 3442//3442 3331//3331 3330//3330
f 3440//3440 3442//3442 3330//3330
f 3439//3439 3438//3438 3443//3443
f 3438//3438 3437//3437 3444//3444
f 3444//3444 3445//3445 3443//3443
f 3438//3438 3444//3444 3443//3443
f 3445//3445 3446//3446 3447//3447
f 3446//3446 3335//3335 3333//3333
f 3333//3333 3331//3331 3447//3447
f 3446//3446 3333//3333 3447//3447
f 3439//3439 3443//3443 3442//3442
f 3443//3443 3445//3445 3447//3447
f 3447//3447 3331//3331 3442//3442
f 3443//3443 3447//3447 3442//3442
f 3437//3437 3448//3448 3444//3444
f 3448//3448 3449//3449 3450//3450
f 3450//3450 3445//3445 3444//3444
f 3448//3448 3450//3450 3444//3444
f 3449//3449 3451//3451 3452//3452
f 3451//3451 3453//3453 3454//3454
f 3454//3454 3455//3455 3452//3452
f 3451//3451 3454//3454 3452//3452
f 3455//3455 3456//3456 3457//3457
f 3456//3456 3335//3335 3446//3446
f 3446//3446 3445//3445 3457//3457
f 3456//3456 3446//3446 3457//3457
f 3449//3449 3452//3452 3450//3450
f 3452//3452 3455//3455 3457//3457
f 3457//3457 3445//3445 3450//3450
f 3452//3452 3457//3457 3450//3450
f 3335//3335 3456//3456 3340//3340
f 3456//3456 3455//3455 3458//3458
f 3458//3458 3341//3341 3340//3340
f 3456//3456 3458//3458 3340//3340
f 3455//3455 3454//3454 3459//3459
f 3454//3454 3453//3453 3460//3460
f 3460//3460 3461//3461 3459//3459
f 3454//3454 3460//3460 3459//3459
f 3461//3461 3462//3462 3463//3463
f 3462//3462 3345//3345 3343//3343
f 3343//3343 3341//3341 3463//3463
f 3462//3462 3343//3343 3463//3463
f 3455//3455 3459//3459 3458//3458
f 3459//3459 3461//3461 3463//3463
f 3463//3463 3341//3341 3458//3458
f 3459//3459 3463//3463 3458//3458
f 3453//3453 3464//3464 3460//3460
f 3464//3464 3465//3465 3466//3466
f 3466//3466 3461//3461 3460//3460
f 3464//3464 3466//3466 3460//3460
f 3465//3465 3467//3467 3468//3468
f 3467//3467 3469//3469 3470//3470
f 3470//3470 3471//3471 3468//3468
f 3467//3467 3470//3470 3468//3468
f 3471//3471 3472//3472 3473//3473
f 3472//3472 3345//3345 3462//3462
f 3462//3462 3461//3461 3473//3473
f 3472//3472 3462//3462 3473//3473
f 3465//3465 3468//3468 3466//3466
f 3468//3468 3471//3471 3473//3473
f 3473//3473 3461//3461 3466//3466
f 3468//3468 3473//3473 3466//3466
f 3345//3345 3472//3472 3350//3350
f 3472//3472 3471//3471 3474//3474
f 3474//3474 3351//3351 3350//3350
f 3472//3472 3474//3474 3350//3350
f 3471//3471 3470//3470 3475//3475
f 3470//3470 3469//3469 3476//3476
f 3476//3476 3477//3477 3475//3475
f 3470//3470 3476//3476 3475//3475
f 3477//3477 3478//3478 3479//3479
f 3478//3478 3355//3355 3353//3353
f 3353//3353 3351//3351 3479//3479
f 3478//3478 3353//3353 3479//3479
f 3471//3471 3475//3475 3474//3474
f 3475//3475 3477//3477 3479//3479
f 3479//3479 3351//3351 3474//3474
f 3475//3475 3479//3479 3474//3474
f 3469//3469 3480//3480 3476//3476
f 3480//3480 3481//3481 3482//3482
f 3482//3482 3477//3477 3476//3476
f 3480//3480 3482//3482 3476//3476
f 3481//3481 3483//3483 3484//3484
f 3483//3483 3485//3485 3486//3486
f 3486//3486 3487//3487 3484//3484
f 3483//3483 3486//3486 3484//3484
f 3487//3487 3488//3488 3489//3489
f 3488//3488 3355//3355 3478//3478
f 3478//3478 3477//3477 3489//3489
f 3488//3488 3478//3478 3489//3489
f 3481//3481 3484//3484 3482//3482
f 3484//3484 3487//3487 3489//3489
f 3489//3489 3477//3477 3482//3482
f 3484//3484 3489//3489 3482//3482
f 3355//3355 3488//3488 3360//3360
f 3488//3488 3487//3487 3490//3490
f 3490//3490 3361//3361 3360//3360
f 3488//3488 3490//3490 3360//3360
f 3487//3487 3486//3486 3491//3491
f 3486//3486 3485//3485 3492//3492
f 3492//3492 3493//3493 3491//3491
f 3486//3486 3492//3492 3491//3491
f 3493//3493 3494//3494 3495//3495
f 3494//3494 3365//3365 3363//3363
f 3363//3363 3361//3361 3495//3495
f 3494//3494 3363//3363 3495//3495
f 3487//3487 3491//3491 3490//3490
f 3491//3491 3493//3493 3495//3495
f 3495//3495 3361//3361 3490//3490
f 3491//3491 3495//3495 3490//3490
f 3485//3485 3496//3496 3492//3492
f 3496//3496 3497//3497 3498//3498
f 3498//3498 3493//3493 3492//3492
f 3496//3496 3498//3498 3492//3492
f 3497//3497 3499//3499 3500//3500
f 3499//3499 3501//3501 3502//3502
f 3502//3502 3503//3503 3500//3500
f 3499//3499 3502//3502 3500//3500
f 3503//3503 3504//3504 3505//3505
f 3504//3504 3365//3365 3494//3494
f 3494//3494 3493//3493 3505//3505
f 3504//3504 3494//3494 3505//3505
f 3497//3497 3500//3500 3498//3498
f 3500//3500 3503//3503 3505//3505
f 3505//3505 3493//3493 3498//3498
f 3500//3500 3505//3505 3498//3498
f 3365//3365 3504//3504 3370//3370
f 3504//3504 3503//3503 3506//3506
f 3506//3506 3371//3371 3370//3370
f 3504//3504 3506//3506 3370//3370
f 3503//3503 3502//3502 3507//3507
f 3502//3502 3501//3501 3508//3508
f 3508//3508 3509//3509 3507//3507
f 3502//3502 3508//3508 3507//3507
f 3509//3509 3510//3510 3511//3511
f 3510//3510 3375//3375 3373//3373
f 3373//3373 3371//3371 3511//3511
f 3510//3510 3373//3373 3511//3511
f 3503//3503 3507//3507 3506//3506
f 3507//3507 3509//3509 3511//3511
f 3511//3511 3371//3371 3506//3506
f 3507//3507 3511//3511 3506//3506
f 3501//3501 3512//3512 3508//3508
f 3512//3512 3513//3513 3514//3514
f 3514//3514 3509//3509 3508//3508
f 3512//3512 3514//3514 3508//3508
f 3513//3513 3515//3515 3516//3516
f 3515//3515 3517//3517 3518//3518
f 3518//3518 3519//3519 3516//3516
f 3515//3515 3518//3518 3516//3516
f 3519//3519 3520//3520 3521//3521
f 3520//3520 3375//3375 3510//3510
f 3510//3510 3509//3509 3521//3521
f 3520//3520 3510//3510 3521//3521
f 3513//3513 3516//3516 3514//3514
f 3516//3516 3519//3519 3521//3521
f 3521//3521 3509//3509 3514//3514
f 3516//3516 3521//3521 3514//3514
f 3375//3375 3520//3520 3380//3380
f 3520//3520 3519//3519 3522//3522
f 3522//3522 3381//3381 3380//3380
f 3520//3520 3522//3522 3380//3380
f 3519//3519 3518//3518 3523//3523
f 3518//3518 3517//3517 3524//3524
f 3524//3524 3525//3525 3523//3523
f 3518//3518 3524//3524 3523//3523
f 3525//3525 3526//3526 3527//3527
f 3526//3526 3385//3385 3383//3383
f 3383//3383 3381//3381 3527//3527
f 3526//3526 3383//3383 3527//3527
f 3519//3519 3523//3523 3522//3522
f 3523//3523 3525//3525 3527//3527
f 3527//3527 3381//3381 3522//3522
f 3523//3523 3527//3527 3522//3522
f 3517//3517 3528//3528 3524//3524
f 3528//3528 3529//3529 3530//3530
f 3530//3530 3525//3525 3524//3524
f 3528//3528 3530//3530 3524//3524
f 3529//3529 3531//3531 3532//3532
f 3531//3531 3533//3533 3534//3534
f 3534//3534 3535//3535 3532//3532
f 3531//3531 3534//3534 3532//3532
f 3535//3535 3536//3536 3537//3537
f 3536//3536 3385//3385 3526//3526
f 3526//3526 3525//3525 3537//3537
f 3536//3536 3526//3526 3537//3537
f 3529//3529 3532//3532 3530//3530
f 3532//3532 3535//3535 3537//3537
f 3537//3537 3525//3525 3530//3530
f 3532//3532 3537//3537 3530//3530
f 3385//3385 3536//3536 3390//3390
f 3536//3536 3535//3535 3538//3538
f 3538//3538 3391//3391 3390//3390
f 3536//3536 3538//3538 3390//3390
f 3535//3535 3534//3534 3539//3539
f 3534//3534 3533//3533 3540//3540
f 3540//3540 3541//3541 3539//3539
f 3534//3534 3540//3540 3539//3539
f 3541//3541 3542//3542 3543//3543
f 3542//3542 3395//3395 3393//3393
f 3393//3393 3391//3391 3543//3543
f 3542//3542 3393//3393 3543//3543
f 3535//3535 3539//3539 3538//3538
f 3539//3539 3541//3541 3543//3543
f 3543//3543 3391//3391 3538//3538
f 3539//3539 3543//3543 3538//3538
f 3533//3533 3544//3544 3540//3540
f 3544//3544 3545//3545 3546//3546
f 3546//3546 3541//3541 3540//3540
f 3544//3544 3546//3546 3540//3540
f 3545//3545 3547//3547 3548//3548
f 3547//3547 3549//3549 3550//3550
f 3550//3550 3551//3551 3548//3548
f 3547//3547 3550//3550 3548//3548
f 3551//3551 3552//3552 3553//3553
f 3552//3552 3395//3395 3542//3542
f 3542//3542 3541//3541 3553//3553
f 3552//3552 3542//3542 3553//3553
f 3545//3545 3548//3548 3546//3546
f 3548//3548 3551//3551 3553//3553
f 3553//3553 3541//3541 3546//3546
f 3548//3548 3553//3553 3546//3546
f 3395//3395 3552//3552 3400//3400
f 3552//3552 3551//3551 3554//3554
f 3554//3554 3401//3401 3400//3400
f 3552//3552 3554//3554 3400//3400
f 3551//3551 3550//3550 3555//3555
f 3550//3550 3549//3549 3556//3556
f 3556//3556 3557//3557 3555//3555
f 3550//3550 3556//3556 3555//3555
f 3557//3557 3558//3558 3559//3559
f 3558//3558 3305//3305 3403//3403
f 3403//3403 3401//3401 3559//3559
f 3558//3558 3403//3403 3559//3559
f 3551//3551 3555//3555 3554//3554
f 3555//3555 3557//3557 3559//3559
f 3559//3559 3401//3401 3554//3554
f 3555//3555 3559//3559 3554//3554
f 3549//3549 3560//3560 3556//3556
f 3560//3560 3561//3561 3562//3562
f 3562//3562 3557//3557 3556//3556
f 3560//3560 3562//3562 3556//3556
f 3561//3561 3563//3563 3564//3564
f 3563//3563 3411//3411 3409//3409
f 3409//3409 3407//3407 3564//3564
f 3563//3563 3409//3409 3564//3564
f 3407//3407 3406//3406 3565//3565
f 3406//3406 3305//3305 3558//3558
f 3558//3558 3557//3557 3565//3565
f 3406//3406 3558//3558 3565//3565
f 3561//3561 3564//3564 3562//3562
f 3564//3564 3407//3407 3565//3565
f 3565//3565 3557//3557 3562//3562
f 3564//3564 3565//3565 3562//3562
f 3411//3411 3566//3566 3416//3416
f 3566//3566 3567//3567 3568//3568
f 3568//3568 3417//3417 3416//3416
f 3566//3566 3568//3568 3416//3416
f 3567//3567 3569//3569 3570//3570
f 3569//3569 3571//3571 3572//3572
f 3572//3572 3573//3573 3570//3570
f 3569//3569 3572//3572 3570//3570
f 3573//3573 3574//3574 3575//3575
f 3574//3574 3421//3421 3419//3419
f 3419//3419 3417//3417 3575//3575
f 3574//3574 3419//3419 3575//3575
f 3567//3567 3570//3570 3568//3568
f 3570//3570 3573//3573 3575//3575
f 3575//3575 3417//3417 3568//3568
f 3570//3570 3575//3575 3568//3568
f 3571//3571 3576//3576 3572//3572
f 3576//3576 3577//3577 3578//3578
f 3578//3578 3573//3573 3572//3572
f 3576//3576 3578//3578 3572//3572
f 3577//3577 3579//3579 3580//3580
f 3579//3579 3581//3581 3582//3582
f 3582//3582 3583//3583 3580//3580
f 3579//3579 3582//3582 3580//3580
f 3583//3583 3584//3584 3585//3585
f 3584//3584 3421//3421 3574//3574
f 3574//3574 3573//3573 3585//3585
f 3584//3584 3574//3574 3585//3585
f 3577//3577 3580//3580 3578//3578
f 3580//3580 3583//3583 3585//3585
f 3585//3585 3573//3573 3578//3578
f 3580//3580 3585//3585 3578//3578
f 3421//3421 3584//3584 3432//3432
f 3584//3584 3583//3583 3586//3586
f 3586//3586 3433//3433 3432//3432
f 3584//3584 3586//3586 3432//3432
f 3583//3583 3582//3582 3587//3587
f 3582//3582 3581//3581 3588//3588
f 3588//3588 3589//3589 3587//3587
f 3582//3582 3588//3588 3587//3587
f 3589//3589 3590//3590 3591//3591
f 3590//3590 3437//3437 3435//3435
f 3435//3435 3433//3433 3591//3591
f 3590//3590 3435//3435 3591//3591
f 3583//3583 3587//3587 3586//3586
f 3587//3587 3589//3589 3591//3591
f 3591//3591 3433//3433 3586//3586
f 3587//3587 3591//3591 3586//3586
f 3581//3581 3592//3592 3588//3588
f 3592//3592 3593//3593 3594//3594
f 3594//3594 3589//3589 3588//3588
f 3592//3592 3594//3594 3588//3588
f 3593//3593 3595//3595 3596//3596
f 3595//3595 3597//3597 3598//3598
f 3598//3598 3599//3599 3596//3596
f 3595//3595 3598//3598 3596//3596
f 3599//3599 3600//3600 3601//3601
f 3600//3600 3437//3437 3590//3590
f 3590//3590 3589//3589 3601//3601
f 3600//3600 3590//3590 3601//3601
f 3593//3593 3596//3596 3594//3594
f 3596//3596 3599//3599 3601//3601
f 3601//3601 3589//3589 3594//3594
f 3596//3596 3601//3601 3594//3594
f 3437//3437 3600//3600 3448//3448
f 3600//3600 3599//3599 3602//3602
f 3602//3602 3449//3449 3448//3448
f 3600//3600 3602//3602 3448//3448
f 3599//3599 3598//3598 3603//3603
f 3598//3598 3597//3597 3604//3604
f 3604//3604 3605//3605 3603//3603
f 3598//3598 3604//3604 3603//3603
f 3605//3605 3606//3606 3607//3607
f 3606//3606 3453//3453 3451//3451
f 3451//3451 3449//3449 3607//3607
f 3606//3606 3451//3451 3607//3607
f 3599//3599 3603//3603 3602//3602
f 3603//3603 3605//3605 3607//3607
f 3607//3607 3449//3449 3602//3602
f 3603//3603 3607//3607 3602//3602
f 3597//3597 3608//3608 3604//3604
f 3608//3608 3609//3609 3610//3610
f 3610//3610 3605//3605 3604//3604
f 3608//3608 3610//3610 3604//3604
f 3609//3609 3611//3611 3612//3612
f 3611//3611 3613//3613 3614//3614
f 3614//3614 3615//3615 3612//3612
f 3611//3611 3614//3614 3612//3612
f 3615//3615 3616//3616 3617//3617
f 3616//3616 3453//3453 3606//3606
f 3606//3606 3605//3605 3617//3617
f 3616//3616 3606//3606 3617//3617
f 3609//3609 3612//3612 3610//3610
f 3612//3612 3615//3615 3617//3617
f 3617//3617 3605//3605 3610//3610
f 3612//3612 3617//3617 3610//3610
f 3453//3453 3616//3616 3464//3464
f 3616//3616 3615//3615 3618//3618
f 3618//3618 3465//3465 3464//3464
f 3616//3616 3618//3618 3464//3464
f 3615//3615 3614//3614 3619//3619
f 3614//3614 3613//3613 3620//3620
f 3620//3620 3621//3621 3619//3619
f 3614//3614 3620//3620 3619//3619
f 3621//3621 3622//3622 3623//3623
f 3622//3622 3469//3469 3467//3467
f 3467//3467 3465//3465 3623//3623
f 3622//3622 3467//3467 3623//3623
f 3615//3615 3619//3619 3618//3618
f 3619//3619 3621//3621 3623//3623
f 3623//3623 3465//3465 3618//3618
f 3619//3619 3623//3623 3618//3618
f 3613//3613 3624//3624 3620//3620
f 3624//3624 3625//3625 3626//3626
f 3626//3626 3621//3621 3620//3620
f 3624//3624 3626//3626 3620//3620
f 3625//3625 3627//3627 3628//3628
f 3627//3627 3629//3629 3630//3630
f 3630//3630 3631//3631 3628//3628
f 3627//3627 3630//3630 3628//3628
f 3631//3631 3632//3632 3633//3633
f 3632//3632 3469//3469 3622//3622
f 3622//3622 3621//3621 3633//3633
f 3632//3632 3622//3622 3633//3633
f 3625//3625 3628//3628 3626//3626
f 3628//3628 3631//3631 3633//3633
f 3633//3633 3621//3621 3626//3626
f 3628//3628 3633//3633 3626//3626
f 3469//3469 3632//3632 3480//3480
f 3632//3632 3631//3631 3634//3634
f 3634//3634 3481//3481 3480//3480
f 3632//3632 3634//3634 3480//3480
f 3631//3631 3630//3630 3635//3635
f 3630//3630 3629//3629 3636//3636
f 3636//3636 3637//3637 3635//3635
f 3630//3630 3636//3636 3635//3635
f 3637//3637 3638//3638 3639//3639
f 3638//3638 3485//3485 3483//3483
f 3483//3483 3481//3481 3639//3639
f 3638//3638 3483//3483 3639//3639
f 3631//3631 3635//3635 3634//3634
f 3635//3635 3637//3637 3639//3639
f 3639//3639 3481//3481 3634//3634
f 3635//3635 3639//3639 3634//3634
f 3629//3629 3640//3640 3636//3636
f 3640//3640 3641//3641 3642//3642
f 3642//3642 3637//3637 3636//3636
f 3640//3640 3642//3642 3636//3636
f 3641//3641 3643//3643 3644//3644
f 3643//3643 3645//3645 3646//3646
f 3646//3646 3647//3647 3644//3644
f 3643//3643 3646//3646 3644//3644
f 3647//3647 3648//3648 3649//3649
f 3648//3648 3485//3485 3638//3638
f 3638//3638 3637//3637 3649//3649
f 3648//3648 3638//3638 3649//3649
f 3641//3641 3644//3644 3642//3642
f 3644//3644 3647//3647 3649//3649
f 3649//3649 3637//3637 3642//3642
f 3644//3644 3649//3649 3642//3642
f 3485//3485 3648//3648 3496//3496
f 3648//3648 3647//3647 3650//3650
f 3650//3650 3497//3497 3496//3496
f 3648//3648 3650//3650 3496//3496
f 3647//3647 3646//3646 3651//3651
f 3646//3646 3645//3645 3652//3652
f 3652//3652 3653//3653 3651//3651
f 3646//3646 3652//3652 3651//3651
f 3653//3653 3654//3654 3655//3655
f 3654//3654 3501//3501 3499//3499
f 3499//3499 3497//3497 3655//3655
f 3654//3654 3499//3499 3655//3655
f 3647//3647 3651//3651 3650//3650
f 3651//3651 3653//3653 3655//3655
f 3655//3655 3497//3497 3650//3650
f 3651//3651 3655//3655 3650//3650
f 3645//3645 3656//3656 3652//3652
f 3656//3656 3657//3657 3658//3658
f 3658//3658 3653//3653 3652//3652
f 3656//3656 3658//3658 3652//3652
f 3657//3657 3659//3659 3660//3660
f 3659//3659 3661//3661 3662//3662
f 3662//3662 3663//3663 3660//3660
f 3659//3659 3662//3662 3660//3660
f 3663//3663 3664//3664 3665//3665
f 3664//3664 3501//3501 3654//3654
f 3654//3654 3653//3653 3665//3665
f 3664//3664 3654//3654 3665//3665
f 3657//3657 3660//3660 3658//3658
f 3660//3660 3663//3663 3665//3665
f 3665//3665 3653//3653 3658//3658
f 3660//3660 3665//3665 3658//3658
f 3501//3501 3664//3664 3512//3512
f 3664//3664 3663//3663 3666//3666
f 3666//3666 3513//3513 3512//3512
f 3664//3664 3666//3666 3512//3512
f 3663//3663 3662//3662 3667//3667
f 3662//3662 3661//3661 3668//3668
f 3668//3668 3669//3669 3667//3667
f 3662//3662 3668//3668 3667//3667
f 3669//3669 3670//3670 3671//3671
f 3670//3670 3517//3517 3515//3515
f 3515//3515 3513//3513 3671//3671
f 3670//3670 3515//3515 3671//3671
f 3663//3663 3667//3667 3666//3666
f 3667//3667 3669//3669 3671//3671
f 3671//3671 3513//3513 3666//3666
f 3667//3667 3671//3671 3666//3666
f 3661//3661 3672//3672 3668//3668
f 3672//3672 3673//3673 3674//3674
f 3674//3674 3669//3669 3668//3668
f 3672//3672 3674//3674 3668//3668
f 3673//3673 3675//3675 3676//3676
f 3675//3675 3677//3677 3678//3678
f 3678//3678 3679//3679 3676//3676
f 3675//3675 3678//3678 3676//3676
f 3679//3679 3680//3680 3681//3681
f 3680//3680 3517//3517 3670//3670
f 3670//3670 3669//3669 3681//3681
f 3680//3680 3670//3670 3681//3681
f 3673//3673 3676//3676 3674//3674
f 3676//3676 3679//3679 3681//3681
f 3681//3681 3669//3669 3674//3674
f 3676//3676 3681//3681 3674//3674
f 3517//3517 3680//3680 3528//3528
f 3680//3680 3679//3679 3682//3682
f 3682//3682 3529//3529 3528//3528
f 3680//3680 3682//3682 3528//3528
f 3679//3679 3678//3678 3683//3683
f 3678//3678 3677//3677 3684//3684
f 3684//3684 3685//3685 3683//3683
f 3678//3678 3684//3684 3683//3683
f 3685//3685 3686//3686 3687//3687
f 3686//3686 3533//3533 3531//3531
f 3531//3531 3529//3529 3687//3687
f 3686//3686 3531//3531 3687//3687
f 3679//3679 3683//3683 3682//3682
f 3683//3683 3685//3685 3687//3687
f 3687//3687 3529//3529 3682//3682
f 3683//3683 3687//3687 3682//3682
f 3677//3677 3688//3688 3684//3684
f 3688//3688 3689//3689 3690//3690
f 3690//3690 3685//3685 3684//3684
f 3688//3688 3690//3690 3684//3684
f 3689//3689 3691//3691 3692//3692
f 3691//3691 3693//3693 3694//3694
f 3694//3694 3695//3695 3692//3692
f 3691//3691 3694//3694 3692//3692
f 3695//3695 3696//3696 3697//3697
f 3696//3696 3533//3533 3686//3686
f 3686//3686 3685//3685 3697//3697
f 3696//3696 3686//3686 3697//3697
f 3689//3689 3692//3692 3690//3690
f 3692//3692 3695//3695 3697//3697
f 3697//3697 3685//3685 3690//3690
f 3692//3692 3697//3697 3690//3690
f 3533//3533 3696//3696 3544//3544
f 3696//3696 3695//3695 3698//3698
f 3698//3698 3545//3545 3544//3544
f 3696//3696 3698//3698 3544//3544
f 3695//3695 3694//3694 3699//3699
f 3694//3694 3693//3693 3700//3700
f 3700//3700 3701//3701 3699//3699
f 3694//3694 3700//3700 3699//3699
f 3701//3701 3702//3702 3703//3703
f 3702//3702 3549//3549 3547//3547
f 3547//3547 3545//3545 3703//3703
f 3702//3702 3547//3547 3703//3703
f 3695//3695 3699//3699 3698//3698
f 3699//3699 3701//3701 3703//3703
f 3703//3703 3545//3545 3698//3698
f 3699//3699 3703//3703 3698//3698
f 3693//3693 3704//3704 3700//3700
f 3704//3704 3705//3705 3706//3706
f 3706//3706 3701//3701 3700//3700
f 3704//3704 3706//3706 3700//3700
f 3705//3705 3707//3707 3708//3708
f 3707//3707 3709//3709 3710//3710
f 3710//3710 3711//3711 3708//3708
f 3707//3707 3710//3710 3708//3708
f 3711//3711 3712//3712 3713//3713
f 3712//3712 3549//3549 3702//3702
f 3702//3702 3701//3701 3713//3713
f 3712//3712 3702//3702 3713//3713
f 3705//3705 3708//3708 3706//3706
f 3708//3708 3711//3711 3713//3713
f 3713//3713 3701//3701 3706//3706
f 3708//3708 3713//3713 3706//3706
f 3549//3549 3712//3712 3560//3560
f 3712//3712 3711//3711 3714//3714
f 3714//3714 3561//3561 3560//3560
f 3712//3712 3714//3714 3560//3560
f 3711//3711 3710//3710 3715//3715
f 3710//3710 3709//3709 3716//3716
f 3716//3716 3717//3717 3715//3715
f 3710//3710 3716//3716 3715//3715
f 3717//3717 3718//3718 3719//3719
f 3718//3718 3411//3411 3563//3563
f 3563//3563 3561//3561 3719//3719
f 3718//3718 3563//3563 3719//3719
f 3711//3711 3715//3715 3714//3714
f 3715//3715 3717//3717 3719//3719
f 3719//3719 3561//3561 3714//3714
f 3715//3715 3719//3719 3714//3714
f 3709//3709 3720//3720 3716//3716
f 3720//3720 3721//3721 3722//3722
f 3722//3722 3717//3717 3716//3716
f 3720//3720 3722//3722 3716//3716
f 3721//3721 3723//3723 3724//3724
f 3723//3723 3571//3571 3569//3569
f 3569//3569 3567//3567 3724//3724
f 3723//3723 3569//3569 3724//3724
f 3567//3567 3566//3566 3725//3725
f 3566//3566 3411//3411 3718//3718
f 3718//3718 3717//3717 3725//3725
f 3566//3566 3718//3718 3725//3725
f 3721//3721 3724//3724 3722//3722
f 3724//3724 3567//3567 3725//3725
f 3725//3725 3717//3717 3722//3722
f 3724//3724 3725//3725 3722//3722
f 3571//3571 3726//3726 3576//3576
f 3726//3726 3727//3727 3728//3728
f 3728//3728 3577//3577 3576//3576
f 3726//3726 3728//3728 3576//3576
f 3727//3727 3729//3729 3730//3730
f 3729//3729 3731//3731 3732//3732
f 3732//3732 3733//3733 3730//3730
f 3729//3729 3732//3732 3730//3730
f 3733//3733 3734//3734 3735//3735
f 3734//3734 3581//3581 3579//3579
f 3579//3579 3577//3577 3735//3735
f 3734//3734 3579//3579 3735//3735
f 3727//3727 3730//3730 3728//3728
f 3730//3730 3733//3733 3735//3735
f 3735//3735 3577//3577 3728//3728
f 3730//3730 3735//3735 3728//3728
f 3731//3731 3736//3736 3732//3732
f 3736//3736 3737//3737 3738//3738
f 3738//3738 3733//3733 3732//3732
f 3736//3736 3738//3738 3732//3732
f 3737//3737 3739//3739 3740//3740
f 3739//3739 3741//3741 3742//3742
f 3742//3742 3743//3743 3740//3740
f 3739//3739 3742//3742 3740//3740
f 3743//3743 3744//3744 3745//3745
f 3744//3744 3581//3581 3734//3734
f 3734//3734 3733//3733 3745//3745
f 3744//3744 3734//3734 3745//3745
f 3737//3737 3740//3740 3738//3738
f 3740//3740 3743//3743 3745//3745
f 3745//3745 3733//3733 3738//3738
f 3740//3740 3745//3745 3738//3738
f 3581//3581 3744//3744 3592//3592
f 3744//3744 3743//3743 3746//3746
f 3746//3746 3593//3593 3592//3592
f 3744//3744 3746//3746 3592//3592
f 3743//3743 3742//3742 3747//3747
f 3742//3742 3741//3741 3748//3748
f 3748//3748 3749//3749 3747//3747
f 3742//3742 3748//3748 3747//3747
f 3749//3749 3750//3750 3751//3751
f 3750//3750 3597//3597 3595//3595
f 3595//3595 3593//3593 3751//3751
f 3750//3750 3595//3595 3751//3751
f 3743//3743 3747//3747 3746//3746
f 3747//3747 3749//3749 3751//3751
f 3751//3751 3593//3593 3746//3746
f 3747//3747 3751//3751 3746//3746
f 3741//3741 3752//3752 3748//3748
f 3752//3752 3753//3753 3754//3754
f 3754//3754 3749//3749 3748//3748
f 3752//3752 3754//3754 3748//3748
f 3753//3753 3755//3755 3756//3756
f 3755//3755 3757//3757 3758//3758
f 3758//3758 3759//3759 3756//3756
f 3755//3755 3758//3758 3756//3756
f 3759//3759 3760//3760 3761//3761
f 3760//3760 3597//3597 3750//3750
f 3750//3750 3749//3749 3761//3761
f 3760//3760 3750//3750 3761//3761
f 3753//3753 3756//3756 3754//3754
f 3756//3756 3759//3759 3761//3761
f 3761//3761 3749//3749 3754//3754
f 3756//3756 3761//3761 3754//3754
f 3597//3597 3760//3760 3608//3608
f 3760//3760 3759//3759 3762//3762
f 3762//3762 3609//3609 3608//3608
f 3760//3760 3762//3762 3608//3608
f 3759//3759 3758//3758 3763//3763
f 3758//3758 3757//3757 3764//3764
f 3764//3764 3765//3765 3763//3763
f 3758//3758 3764//3764 3763//3763
f 3765//3765 3766//3766 3767//3767
f 3766//3766 3613//3613 3611//3611
f 3611//3611 3609//3609 3767//3767
f 3766//3766 3611//3611 3767//3767
f 3759//3759 3763//3763 3762//3762
f 3763//3763 3765//3765 3767//3767
f 3767//3767 3609//3609 3762//3762
f 3763//3763 3767//3767 3762//3762
f 3757//3757 3768//3768 3764//3764
f 3768//3768 3769//3769 3770//3770
f 3770//3770 3765//3765 3764//3764
f 3768//3768 3770//3770 3764//3764
f 3769//3769 3771//3771 3772//3772
f 3771//3771 3773//3773 3774//3774
f 3774//3774 3775//3775 3772//3772
f 3771//3771 3774//3774 3772//3772
f 3775//3775 3776//3776 3777//3777
f 3776//3776 3613//3613 3766//3766
f 3766//3766 3765//3765 3777//3777
f 3776//3776 3766//3766 3777//3777
f 3769//3769 3772//3772 3770//3770
f 3772//3772 3775//3775 3777//3777
f 3777//3777 3765//3765 3770//3770
f 3772//3772 3777//3777 3770//3770
f 3613//3613 3776//3776 3624//3624
f 3776//3776 3775//3775 3778//3778
f 3778//3778 3625//3625 3624//3624
f 3776//3776 3778//3778 3624//3624
f 3775//3775 3774//3774 3779//3779
f 3774//3774 3773//3773 3780//3780
f 3780//3780 3781//3781 3779//3779
f 3774//3774 3780//3780 3779//3779
f 3781//3781 3782//3782 3783//3783
f 3782//3782 3629//3629 3627//3627
f 3627//3627 3625//3625 3783//3783
f 3782//3782 3627//3627 3783//3783
f 3775//3775 3779//3779 3778//3778
f 3779//3779 3781//3781 3783//3783
f 3783//3783 3625//3625 3778//3778
f 3779//3779 3783//3783 3778//3778
f 3773//3773 3784//3784 3780//3780
f 3784//3784 3785//3785 3786//3786
f 3786//3786 3781//3781 3780//3780
f 3784//3784 3786//3786 3780//3780
f 3785//3785 3787//3787 3788//3788
f 3787//3787 3789//3789 3790//3790
f 3790//3790 3791//3791 3788//3788
f 3787//3787 3790//3790 3788//3788
f 3791//3791 3792//3792 3793//3793
f 3792//3792 3629//3629 3782//3782
f 3782//3782 3781//3781 3793//3793
f 3792//3792 3782//3782 3793//3793
f 3785//3785 3788//3788 3786//3786
f 3788//3788 3791//3791 3793//3793
f 3793//3793 3781//3781 3786//3786
f 3788//3788 3793//3793 3786//3786
f 3629//3629 3792//3792 3640//3640
f 3792//3792 3791//3791 3794//3794
f 3794//3794 3641//3641 3640//3640
f 3792//3792 3794//3794 3640//3640
f 3791//3791 3790//3790 3795//3795
f 3790//3790 3789//3789 3796//3796
f 3796//3796 3797//3797 3795//3795
f 3790//3790 3796//3796 3795//3795
f 3797//3797 3798//3798 3799//3799
f 3798//3798 3645//3645 3643//3643
f 3643//3643 3641//3641 3799//3799
f 3798//3798 3643//3643 3799//3799
f 3791//3791 3795//3795 3794//3794
f 3795//3795 3797//3797 3799//3799
f 3799//3799 3641//3641 3794//3794
f 3795//3795 3799//3799 3794//3794
f 3789//3789 3800//3800 3796//3796
f 3800//3800 3801//3801 3802//3802
f 3802//3802 3797//3797 3796//3796
f 3800//3800 3802//3802 3796//3796
f 3801//3801 3803//3803 3804//3804
f 3803//3803 3805//3805 3806//3806
f 3806//3806 3807//3807 3804//3804
f 3803//3803 3806//3806 3804//3804
f 3807//3807 3808//3808 3809//3809
f 3808//3808 3645//3645 3798//3798
f 3798//3798 3797//3797 3809//3809
f 3808//3808 3798//3798 3809//3809
f 3801//3801 3804//3804 3802//3802
f 3804//3804 3807//3807 3809//3809
f 3809//3809 3797//3797 3802//3802
f 3804//3804 3809//3809 3802//3802
f 3645//3645 3808//3808 3656//3656
f 3808//3808 3807//3807 3810//3810
f 3810//3810 3657//3657 3656//3656
f 3808//3808 3810//3810 3656//3656
f 3807//3807 3806//3806 3811//3811
f 3806//3806 3805//3805 3812//3812
f 3812//3812 3813//3813 3811//3811
f 3806//3806 3812//3812 3811//3811
f 3813//3813 3814//3814 3815//3815
f 3814//3814 3661//3661 3659//3659
f 3659//3659 3657//3657 3815//3815
f 3814//3814 3659//3659 3815//3815
f 3807//3807 3811//3811 3810//3810
f 3811//3811 3813//3813 3815//3815
f 3815//3815 3657//3657 3810//3810
f 3811//3811 3815//3815 3810//3810
f 3805//3805 3816//3816 3812//3812
f 3816//3816 3817//3817 3818//3818
f 3818//3818 3813//3813 3812//3812
f 3816//3816 3818//3818 3812//3812
f 3817//3817 3819//3819 3820//3820
f 3819//3819 3821//3821 3822//3822
f 3822//3822 3823//3823 3820//3820
f 3819//3819 3822//3822 3820//3820
f 3823//3823 3824//3824 3825//3825
f 3824//3824 3661//3661 3814//3814
f 3814//3814 3813//3813 3825//3825
f 3824//3824 3814//3814 3825//3825
f 3817//3817 3820//3820 3818//3818
f 3820//3820 3823//3823 3825//3825
f 3825//3825 3813//3813 3818//3818
f 3820//3820 3825//3825 3818//3818
f 3661//3661 3824//3824 3672//3672
f 3824//3824 3823//3823 3826//3826
f 3826//3826 3673//3673 3672//3672
f 3824//3824 3826//3826 3672//3672
f 3823//3823 3822//3822 3827//3827
f 3822//3822 3821//3821 3828//3828
f 3828//3828 3829//3829 3827//3827
f 3822//3822 3828//3828 3827//3827
f 3829//3829 3830//3830 3831//3831
f 3830//3830 3677//3677 3675//3675
f 3675//3675 3673//3673 3831//3831
f 3830//3830 3675//3675 3831//3831
f 3823//3823 3827//3827 3826//3826
f 3827//3827 3829//3829 3831//3831
f 3831//3831 3673//3673 3826//3826
f 3827//3827 3831//3831 3826//3826
f 3821//3821 3832//3832 3828//3828
f 3832//3832 3833//3833 3834//3834
f 3834//3834 3829//3829 3828//3828
f 3832//3832 3834//3834 3828//3828
f 3833//3833 3835//3835 3836//3836
f 3835//3835 3837//3837 3838//3838
f 3838//3838 3839//3839 3836//3836
f 3835//3835 3838//3838 3836//3836
f 3839//3839 3840//3840 3841//3841
f 3840//3840 3677//3677 3830//3830
f 3830//3830 3829//3829 3841//3841
f 3840//3840 3830//3830 3841//3841
f 3833//3833 3836//3836 3834//3834
f 3836//3836 3839//3839 3841//3841
f 3841//3841 3829//3829 3834//3834
f 3836//3836 3841//3841 3834//3834
f 3677//3677 3840//3840 3688//3688
f 3840//3840 3839//3839 3842//3842
f 3842//3842 3689//3689 3688//3688
f 3840//3840 3842//3842 3688//3688
f 3839//3839 3838//3838 3843//3843
f 3838//3838 3837//3837 3844//3844
f 3844//3844 3845//3845 3843//3843
f 3838//3838 3844//3844 3843//3843
f 3845//3845 3846//3846 3847//3847
f 3846//3846 3693//3693 3691//3691
f 3691//3691 3689//3689 3847//3847
f 3846//3846 3691//3691 3847//3847
f 3839//3839 3843//3843 3842//3842
f 3843//3843 3845//3845 3847//3847
f 3847//3847 3689//3689 3842//3842
f 3843//3843 3847//3847 3842//3842
f 3837//3837 3848//3848 3844//3844
f 3848//3848 3849//3849 3850//3850
f 3850//3850 3845//3845 3844//3844
f 3848//3848 3850//3850 3844//3844
f 3849//3849 3851//3851 3852//3852
f 3851//3851 3853//3853 3854//3854
f 3854//3854 3855//3855 3852//3852
f 3851//3851 3854//3854 3852//3852
f 3855//3855 3856//3856 3857//3857
f 3856//3856 3693//3693 3846//3846
f 3846//3846 3845//3845 3857//3857
f 3856//3856 3846//3846 3857//3857
f 3849//3849 3852//3852 3850//3850
f 3852//3852 3855//3855 3857//3857
f 3857//3857 3845//3845 3850//3850
f 3852//3852 3857//3857 3850//3850
f 3693//3693 3856//3856 3704//3704
f 3856//3856 3855//3855 3858//3858
f 3858//3858 3705//3705 3704//3704
f 3856//3856 3858//3858 3704//3704
f 3855//3855 3854//3854 3859//3859
f 3854//3854 3853//3853 3860//3860
f 3860//3860 3861//3861 3859//3859
f 3854//3854 3860//3860 3859//3859
f 3861//3861 3862//3862 3863//3863
f 3862//3862 3709//3709 3707//3707
f 3707//3707 3705//3705 3863//3863
f 3862//3862 3707//3707 3863//3863
f 3855//3855 3859//3859 3858//3858
f 3859//3859 3861//3861 3863//3863
f 3863//3863 3705//3705 3858//3858
f 3859//3859 3863//3863 3858//3858
f 3853//3853 3864//3864 3860//3860
f 3864//3864 3865//3865 3866//3866
f 3866//3866 3861//3861 3860//3860
f 3864//3864 3866//3866 3860//3860
f 3865//3865 3867//3867 3868//3868
f 3867//3867 3869//3869 3870//3870
f 3870//3870 3871//3871 3868//3868
f 3867//3867 3870//3870 3868//3868
f 3871//3871 3872//3872 3873//3873
f 3872//3872 3709//3709 3862//3862
f 3862//3862 3861//3861 3873//3873
f 3872//3872 3862//3862 3873//3873
f 3865//3865 3868//3868 3866//3866
f 3868//3868 3871//3871 3873//3873
f 3873//3873 3861//3861 3866//3866
f 3868//3868 3873//3873 3866//3866
f 3709//3709 3872//3872 3720//3720
f 3872//3872 3871//3871 3874//3874
f 3874//3874 3721//3721 3720//3720
f 3872//3872 3874//3874 3720//3720
f 3871//3871 3870//3870 3875//3875
f 3870//3870 3869//3869 3876//3876
f 3876//3876 3877//3877 3875//3875
f 3870//3870 3876//3876 3875//3875
f 3877//3877 3878//3878 3879//3879
f 3878//3878 3571//3571 3723//3723
f 3723//3723 3721//3721 3879//3879
f 3878//3878 3723//3723 3879//3879
f 3871//3871 3875//3875 3874//3874
f 3875//3875 3877//3877 3879//3879
f 3879//3879 3721//3721 3874//3874
f 3875//3875 3879//3879 3874//3874
f 3869//3869 3880//3880 3876//3876
f 3880//3880 3881//3881 3882//3882
f 3882//3882 3877//3877 3876//3876
f 3880//3880 3882//3882 3876//3876
f 3881//3881 3883//3883 3884//3884
f 3883//3883 3731//3731 3729//3729
f 3729//3729 3727//3727 3884//3884
f 3883//3883 3729//3729 3884//3884
f 3727//3727 3726//3726 3885//3885
f 3726//3726 3571//3571 3878//3878
f 3878//3878 3877//3877 3885//3885
f 3726//3726 3878//3878 3885//3885
f 3881//3881 3884//3884 3882//3882
f 3884//3884 3727//3727 3885//3885
f 3885//3885 3877//3877 3882//3882
f 3884//3884 3885//3885 3882//3882
f 3731//3731 3886//3886 3736//3736
f 3886//3886 3887//3887 3888//3888
f 3888//3888 3737//3737 3736//3736
f 3886//3886 3888//3888 3736//3736
f 3887//3887 3889//3889 3890//3890
f 3889//3889 3891//3891 3892//3892
f 3892//3892 3893//3893 3890//3890
f 3889//3889 3892//3892 3890//3890
f 3893//3893 3894//3894 3895//3895
f 3894//3894 3741//3741 3739//3739
f 3739//3739 3737//3737 3895//3895
f 3894//3894 3739//3739 3895//3895
f 3887//3887 3890//3890 3888//3888
f 3890//3890 3893//3893 3895//3895
f 3895//3895 3737//3737 3888//3888
f 3890//3890 3895//3895 3888//3888
f 3891//3891 3896//3896 3892//3892
f 3896//3896 3897//3897 3898//3898
f 3898//3898 3893//3893 3892//3892
f 3896//3896 3898//3898 3892//3892
f 3897//3897 3899//3899 3900//3900
f 3899//3899 3901//3901 3902//3902
f 3902//3902 3903//3903 3900//3900
f 3899//3899 3902//3902 3900//3900
f 3903//3903 3904//3904 3905//3905
f 3904//3904 3741//3741 3894//3894
f 3894//3894 3893//3893 3905//3905
f 3904//3904 3894//3894 3905//3905
f 3897//3897 3900//3900 3898//3898
f 3900//3900 3903//3903 3905//3905
f 3905//3905 3893//3893 3898//3898
f 3900//3900 3905//3905 3898//3898
f 3741//3741 3904//3904 3752//3752
f 3904//3904 3903//3903 3906//3906
f 3906//3906 3753//3753 3752//3752
f 3904//3904 3906//3906 3752//3752
f 3903//3903 3902//3902 3907//3907
f 3902//3902 3901//3901 3908//3908
f 3908//3908 3909//3909 3907//3907
f 3902//3902 3908//3908 3907//3907
f 3909//3909 3910//3910 3911//3911
f 3910//3910 3757//3757 3755//3755
f 3755//3755 3753//3753 3911//3911
f 3910//3910 3755//3755 3911//3911
f 3903//3903 3907//3907 3906//3906
f 3907//3907 3909//3909 3911//3911
f 3911//3911 3753//3753 3906//3906
f 3907//3907 3911//3911 3906//3906
f 3901//3901 3912//3912 3908//3908
f 3912//3912 3913//3913 3914//3914
f 3914//3914 3909//3909 3908//3908
f 3912//3912 3914//3914 3908//3908
f 3913//3913 3915//3915 3916//3916
f 3915//3915 3917//3917 3918//3918
f 3918//3918 3919//3919 3916//3916
f 3915//3915 3918//3918 3916//3916
f 3919//3919 3920//3920 3921//3921
f 3920//3920 3757//3757 3910//3910
f 3910//3910 3909//3909 3921//3921
f 3920//3920 3910//3910 3921//3921
f 3913//3913 3916//3916 3914//3914
f 3916//3916 3919//3919 3921//3921
f 3921//3921 3909//3909 3914//3914
f 3916//3916 3921//3921 3914//3914
f 3757//3757 3920//3920 3768//3768
f 3920//3920 3919//3919 3922//3922
f 3922//3922 3769//3769 3768//3768
f 3920//3920 3922//3922 3768//3768
f 3919//3919 3918//3918 3923//3923
f 3918//3918 3917//3917 3924//3924
f 3924//3924 3925//3925 3923//3923
f 3918//3918 3924//3924 3923//3923
f 3925//3925 3926//3926 3927//3927
f 3926//3926 3773//3773 3771//3771
f 3771//3771 3769//3769 3927//3927
f 3926//3926 3771//3771 3927//3927
f 3919//3919 3923//3923 3922//3922
f 3923//3923 3925//3925 3927//3927
f 3927//3927 3769//3769 3922//3922
f 3923//3923 3927//3927 3922//3922
f 3917//3917 3928//3928 3924//3924
f 3928//3928 3929//3929 3930//3930
f 3930//3930 3925//3925 3924//3924
f 3928//3928 3930//3930 3924//3924
f 3929//3929 3931//3931 3932//3932
f 3931//3931 3933//3933 3934//3934
f 3934//3934 3935//3935 3932//3932
f 3931//3931 3934//3934 3932//3932
f 3935//3935 3936//3936 3937//3937
f 3936//3936 3773//3773 3926//3926
f 3926//3926 3925//3925 3937//3937
f 3936//3936 3926//3926 3937//3937
f 3929//3929 3932//3932 3930//3930
f 3932//3932 3935//3935 3937//3937
f 3937//3937 3925//3925 3930//3930
f 3932//3932 3937//3937 3930//3930
f 3773//3773 3936//3936 3784//3784
f 3936//3936 3935//3935 3938//3938
f 3938//3938 3785//3785 3784//3784
f 3936//3936 3938//3938 3784//3784
f 3935//3935 3934//3934 3939//3939
f 3934//3934 3933//3933 3940//3940
f 3940//3940 3941//3941 3939//3939
f 3934//3934 3940//3940 3939//3939
f 3941//3941 3942//3942 3943//3943
f 3942//3942 3789//3789 3787//3787
f 3787//3787 3785//3785 3943//3943
f 3942//3942 3787//3787 3943//3943
f 3935//3935 3939//3939 3938//3938
f 3939//3939 3941//3941 3943//3943
f 3943//3943 3785//3785 3938//3938
f 3939//3939 3943//3943 3938//3938
f 3933//3933 3944//3944 3940//3940
f 3944//3944 3945//3945 3946//3946
f 3946//3946 3941//3941 3940//3940
f 3944//3944 3946//3946 3940//3940
f 3945//3945 3947//3947 3948//3948
f 3947//3947 3949//3949 3950//3950
f 3950//3950 3951//3951 3948//3948
f 3947//3947 3950//3950 3948//3948
f 3951//3951 3952//3952 3953//3953
f 3952//3952 3789//3789 3942//3942
f 3942//3942 3941//3941 3953//3953
f 3952//3952 3942//3942 3953//3953
f 3945//3945 3948//3948 3946//3946
f 3948//3948 3951//3951 3953//3953
f 3953//3953 3941//3941 3946//3946
f 3948//3948 3953//3953 3946//3946
f 3789//3789 3952//3952 3800//3800
f 3952//3952 3951//3951 3954//3954
f 3954//3954 3801//3801 3800//3800
f 3952//3952 3954//3954 3800//3800
f 3951//3951 3950//3950 3955//3955
f 3950//3950 3949//3949 3956//3956
f 3956//3956 3957//3957 3955//3955
f 3950//3950 3956//3956 3955//3955
f 3957//3957 3958//3958 3959//3959
f 3958//3958 3805//3805 3803//3803
f 3803//3803 3801//3801 3959//3959
f 3958//3958 3803//3803 3959//3959
f 3951//3951 3955//3955 3954//3954
f 3955//3955 3957//3957 3959//3959
f 3959//3959 3801//3801 3954//3954
f 3955//3955 3959//3959 3954//3954
f 3949//3949 3960//3960 3956//3956
f 3960//3960 3961//3961 3962//3962
f 3962//3962 3957//3957 3956//3956
f 3960//3960 3962//3962 3956//3956
f 3961//3961 3963//3963 3964//3964
f 3963//3963 3965//3965 3966//3966
f 3966//3966 3967//3967 3964//3964
f 3963//3963 3966//3966 3964//3964
f 3967//3967 3968//3968 3969//3969
f 3968//3968 3805//3805 3958//3958
f 3958//3958 3957//3957 3969//3969
f 3968//3968 3958//3958 3969//3969
f 3961//3961 3964//3964 3962//3962
f 3964//3964 3967//3967 3969//3969
f 3969//3969 3957//3957 3962//3962
f 3964//3964 3969//3969 3962//3962
f 3805//3805 3968//3968 3816//3816
f 3968//3968 3967//3967 3970//3970
f 3970//3970 3817//3817 3816//3816
f 3968//3968 3970//3970 3816//3816
f 3967//3967 3966//3966 3971//3971
f 3966//3966 3965//3965 3972//3972
f 3972//3972 3973//3973 3971//3971
f 3966//3966 3972//3972 3971//3971
f 3973//3973 3974//3974 3975//3975
f 3974//3974 3821//3821 3819//3819
f 3819//3819 3817//3817 3975//3975
f 3974//3974 3819//3819 3975//3975
f 3967//3967 3971//3971 3970//3970
f 3971//3971 3973//3973 3975//3975
f 3975//3975 3817//3817 3970//3970
f 3971//3971 3975//3975 3970//3970
f 3965//3965 3976//3976 3972//3972
f 3976//3976 3977//3977 3978//3978
f 3978//3978 3973//3973 3972//3972
f 3976//3976 3978//3978 3972//3972
f 3977//3977 3979//3979 3980//3980
f 3979//3979 3981//3981 3982//3982
f 3982//3982 3983//3983 3980//3980
f 3979//3979 3982//3982 3980//3980
f 3983//3983 3984//3984 3985//3985
f 3984//3984 3821//3821 3974//3974
f 3974//3974 3973//3973 3985//3985
f 3984//3984 3974//3974 3985//3985
f 3977//3977 3980//3980 3978//3978
f 3980//3980 3983//3983 3985//3985
f 3985//3985 3973//3973 3978//3978
f 3980//3980 3985//3985 3978//3978
f 3821//3821 3984//3984 3832//3832
f 3984//3984 3983//3983 3986//3986
f 3986//3986 3833//3833 3832//3832
f 3984//3984 3986//3986 3832//3832
f 3983//3983 3982//3982 3987//3987
f 3982//3982 3981//3981 3988//3988
f 3988//3988 3989//3989 3987//3987
f 3982//3982 3988//3988 3987//3987
f 3989//3989 3990//3990 3991//3991
f 3990//3990 3837//3837 3835//3835
f 3835//3835 3833//3833 3991//3991
f 3990//3990 3835//3835 3991//3991
f 3983//3983 3987//3987 3986//3986
f 3987//3987 3989//3989 3991//3991
f 3991//3991 3833//3833 3986//3986
f 3987//3987 3991//3991 3986//3986
f 3981//3981 3992//3992 3988//3988
f 3992//3992 3993//3993 3994//3994
f 3994//3994 3989//3989 3988//3988
f 3992//3992 3994//3994 3988//3988
f 3993//3993 3995//3995 3996//3996
f 3995//3995 3997//3997 3998//3998
f 3998//3998 3999//3999 3996//3996
f 3995//3995 3998//3998 3996//3996
f 3999//3999 4000//4000 4001//4001
f 4000//4000 3837//3837 3990//3990
f 3990//3990 3989//3989 4001//4001
f 4000//4000 3990//3990 4001//4001
f 3993//3993 3996//3996 3994//3994
f 3996//3996 3999//3999 4001//4001
f 4001//4001 3989//3989 3994//3994
f 3996//3996 4001//4001 3994//3994
f 3837//3837 4000//4000 3848//3848
f 4000//4000 3999//3999 4002//4002
f 4002//4002 3849//3849 3848//3848
f 4000//4000 4002//4002 3848//3848
f 3999//3999 3998//3998 4003//4003
f 3998//3998 3997//3997 4004//4004
f 4004//4004 4005//4005 4003//4003
f 3998//3998 4004//4004 4003//4003
f 4005//4005 4006//4006 4007//4007
f 4006//4006 3853//3853 3851//3851
f 3851//3851 3849//3849 4007//4007
f 4006//4006 3851//3851 4007//4007
f 3999//3999 4003//4003 4002//4002
f 4003//4003 4005//4005 4007//4007
f 4007//4007 3849//3849 4002//4002
f 4003//4003 4007//4007 4002//4002
f 3997//3997 4008//4008 4004//4004
f 4008//4008 4009//4009 4010//4010
f 4010//4010 4005//4005 4004//4004
f 4008//4008 4010//4010 4004//4004
f 4009//4009 4011//4011 4012//4012
f 4011//4011 4013//4013 4014//4014
f 4014//4014 4015//4015 4012//4012
f 4011//4011 4014//4014 4012//4012
f 4015//4015 4016//4016 4017//4017
f 4016//4016 3853//3853 4006//4006
f 4006//4006 4005//4005 4017//4017
f 4016//4016 4006//4006 4017//4017
f 4009//4009 4012//4012 4010//4010
f 4012//4012 4015//4015 4017//4017
f 4017//4017 4005//4005 4010//4010
f 4012//4012 4017//4017 4010//4010
f 3853//3853 4016//4016 3864//3864
f 4016//4016 4015//4015 4018//4018
f 4018//4018 3865//3865 3864//3864
f 4016//4016 4018//4018 3864//3864
f 4015//4015 4014//4014 4019//4019
f 4014//4014 4013//4013 4020//4020
f 4020//4020 4021//4021 4019//4019
f 4014//4014 4020//4020 4019//4019
f 4021//4021 4022//4022 4023//4023
f 4022//4022 3869//3869 3867//3867
f 3867//3867 3865//3865 4023//4023
f 4022//4022 3867//3867 4023//4023
f 4015//4015 4019//4019 4018//4018
f 4019//4019 4021//4021 4023//4023
f 4023//4023 3865//3865 4018//4018
f 4019//4019 4023//4023 4018//4018
f 4013//4013 4024//4024 4020//4020
f 4024//4024 4025//4025 4026//4026
f 4026//4026 4021//4021 4020//4020
f 4024//4024 4026//4026 4020//4020
f 4025//4025 4027//4027 4028//4028
f 4027//4027 4029//4029 4030//4030
f 4030//4030 4031//4031 4028//4028
f 4027//4027 4030//4030 4028//4028
f 4031//4031 4032//4032 4033//4033
f 4032//4032 3869//3869 4022//4022
f 4022//4022 4021//4021 4033//4033
f 4032//4032 4022//4022 4033//4033
f 4025//4025 4028//4028 4026//4026
f 4028//4028 4031//4031 4033//4033
f 4033//4033 4021//4021 4026//4026
f 4028//4028 4033//4033 4026//4026
f 3869//3869 4032//4032 3880//3880
f 4032//4032 4031//4031 4034//4034
f 4034//4034 3881//3881 3880//3880
f 4032//4032 4034//4034 3880//3880
f 4031//4031 4030//4030 4035//4035
f 4030//4030 4029//4029 4036//4036
f 4036//4036 4037//4037 4035//4035
f 4030//4030 4036//4036 4035//4035
f 4037//4037 4038//4038 4039//4039
f 4038//4038 3731//3731 3883//3883
f 3883//3883 3881//3881 4039//4039
f 4038//4038 3883//3883 4039//4039
f 4031//4031 4035//4035 4034//4034
f 4035//4035 4037//4037 4039//4039
f 4039//4039 3881//3881 4034//4034
f 4035//4035 4039//4039 4034//4034
f 4029//4029 4040//4040 4036//4036
f 4040//4040 4041//4041 4042//4042
f 4042//4042 4037//4037 4036//4036
f 4040//4040 4042//4042 4036//4036
f 4041//4041 4043//4043 4044//4044
f 4043//4043 3891//3891 3889//3889
f 3889//3889 3887//3887 4044//4044
f 4043//4043 3889//3889 4044//4044
f 3887//3887 3886//3886 4045//4045
f 3886//3886 3731//3731 4038//4038
f 4038//4038 4037//4037 4045//4045
f 3886//3886 4038//4038 4045//4045
f 4041//4041 4044//4044 4042//4042
f 4044//4044 3887//3887 4045//4045
f 4045//4045 4037//4037 4042//4042
f 4044//4044 4045//4045 4042//4042
f 3891//3891 4046//4046 3896//3896
f 4046//4046 4047//4047 4048//4048
f 4048//4048 3897//3897 3896//3896
f 4046//4046 4048//4048 3896//3896
f 4047//4047 4049//4049 4050//4050
f 4049//4049 4051//4051 4052//4052
f 4052//4052 4053//4053 4050//4050
f 4049//4049 4052//4052 4050//4050
f 4053//4053 4054//4054 4055//4055
f 4054//4054 3901//3901 3899//3899
f 3899//3899 3897//3897 4055//4055
f 4054//4054 3899//3899 4055//4055
f 4047//4047 4050//4050 4048//4048
f 4050//4050 4053//4053 4055//4055
f 4055//4055 3897//3897 4048//4048
f 4050//4050 4055//4055 4048//4048
f 4051//4051 4056//4056 4052//4052
f 4056//4056 4057//4057 4058//4058
f 4058//4058 4053//4053 4052//4052
f 4056//4056 4058//4058 4052//4052
f 4057//4057 4059//4059 4060//4060
f 4059//4059 4061//4061 4062//4062
f 4062//4062 4063//4063 4060//4060
f 4059//4059 4062//4062 4060//4060
f 4063//4063 4064//4064 4065//4065
f 4064//4064 3901//3901 4054//4054
f 4054//4054 4053//4053 4065//4065
f 4064//4064 4054//4054 4065//4065
f 4057//4057 4060//4060 4058//4058
f 4060//4060 4063//4063 4065//4065
f 4065//4065 4053//4053 4058//4058
f 4060//4060 4065//4065 4058//4058
f 3901//3901 4064//4064 3912//3912
f 4064//4064 4063//4063 4066//4066
f 4066//4066 3913//3913 3912//3912
f 4064//4064 4066//4066 3912//3912
f 4063//4063 4062//4062 4067//4067
f 4062//4062 4061//4061 4068//4068
f 4068//4068 4069//4069 4067//4067
f 4062//4062 4068//4068 4067//4067
f 4069//4069 4070//4070 4071//4071
f 4070//4070 3917//3917 3915//3915
f 3915//3915 3913//3913 4071//4071
f 4070//4070 3915//3915 4071//4071
f 4063//4063 4067//4067 4066//4066
f 4067//4067 4069//4069 4071//4071
f 4071//4071 3913//3913 4066//4066
f 4067//4067 4071//4071 4066//4066
f 4061//4061 4072//4072 4068//4068
f 4072//4072 4073//4073 4074//4074
f 4074//4074 4069//4069 4068//4068
f 4072//4072 4074//4074 4068//4068
f 4073//4073 4075//4075 4076//4076
f 4075//4075 4077//4077 4078//4078
f 4078//4078 4079//4079 4076//4076
f 4075//4075 4078//4078 4076//4076
f 4079//4079 4080//4080 4081//4081
f 4080//4080 3917//3917 4070//4070
f 4070//4070 4069//4069 4081//4081
f 4080//4080 4070//4070 4081//4081
f 4073//4073 4076//4076 4074//4074
f 4076//4076 4079//4079 4081//4081
f 4081//4081 4069//4069 4074//4074
f 4076//4076 4081//4081 4074//4074
f 3917//3917 4080//4080 3928//3928
f 4080//4080 4079//4079 4082//4082
f 4082//4082 3929//3929 3928//3928
f 4080//4080 4082//4082 3928//3928
f 4079//4079 4078//4078 4083//4083
f 4078//4078 4077//4077 4084//4084
f 4084//4084 4085//4085 4083//4083
f 4078//4078 4084//4084 4083//4083
f 4085//4085 4086//4086 4087//4087
f 4086//4086 3933//3933 3931//3931
f 3931//3931 3929//3929 4087//4087
f 4086//4086 3931//3931 4087//4087
f 4079//4079 4083//4083 4082//4082
f 4083//4083 4085//4085 4087//4087
f 4087//4087 3929//3929 4082//4082
f 4083//4083 4087//4087 4082//4082
f 4077//4077 4088//4088 4084//4084
f 4088//4088 4089//4089 4090//4090
f 4090//4090 4085//4085 4084//4084
f 4088//4088 4090//4090 4084//4084
f 4089//4089 4091//4091 4092//4092
f 4091//4091 4093//4093 4094//4094
f 4094//4094 4095//4095 4092//4092
f 4091//4091 4094//4094 4092//4092
f 4095//4095 4096//4096 4097//4097
f 4096//4096 3933//3933 4086//4086
f 4086//4086 4085//4085 4097//4097
f 4096//4096 4086//4086 4097//4097
f 4089//4089 4092//4092 4090//4090
f 4092//4092 4095//4095 4097//4097
f 4097//4097 4085//4085 4090//4090
f 4092//4092 4097//4097 4090//4090
f 3933//3933 4096//4096 3944//3944
f 4096//4096 4095//4095 4098//4098
f 4098//4098 3945//3945 3944//3944
f 4096//4096 4098//4098 3944//3944
f 4095//4095 4094//4094 4099//4099
f 4094//4094 4093//4093 4100//4100
f 4100//4100 4101//4101 4099//4099
f 4094//4094 4100//4100 4099//4099
f 4101//4101 4102//4102 4103//4103
f 4102//4102 3949//3949 3947//3947
f 3947//3947 3945//3945 4103//4103
f 4102//4102 3947//3947 4103//4103
f 4095//4095 4099//4099 4098//4098
f 4099//4099 4101//4101 4103//4103
f 4103//4103 3945//3945 4098//4098
f 4099//4099 4103//4103 4098//4098
f 4093//4093 4104//4104 4100//4100
f 4104//4104 4105//4105 4106//4106
f 4106//4106 4101//4101 4100//4100
f 4104//4104 4106//4106 4100//4100
f 4105//4105 4107//4107 4108//4108
f 4107//4107 4109//4109 4110//4110
f 4110//4110 4111//4111 4108//4108
f 4107//4107 4110//4110 4108//4108
f 4111//4111 4112//4112 4113//4113
f 4112//4112 3949//3949 4102//4102
f 4102//4102 4101//4101 4113//4113
f 4112//4112 4102//4102 4113//4113
f 4105//4105 4108//4108 4106//4106
f 4108//4108 4111//4111 4113//4113
f 4113//4113 4101//4101 4106//4106
f 4108//4108 4113//4113 4106//4106
f 3949//3949 4112//4112 3960//3960
f 4112//4112 4111//4111 4114//4114
f 4114//4114 3961//3961 3960//3960
f 4112//4112 4114//4114 3960//3960
f 4111//4111 4110//4110 4115//4115
f 4110//4110 4109//4109 4116//4116
f 4116//4116 4117//4117 4115//4115
f 4110//4110 4116//4116 4115//4115
f 4117//4117 4118//4118 4119//4119
f 4118//4118 3965//3965 3963//3963
f 3963//3963 3961//3961 4119//4119
f 4118//4118 3963//3963 4119//4119
f 4111//4111 4115//4115 4114//4114
f 4115//4115 4117//4117 4119//4119
f 4119//4119 3961//3961 4114//4114
f 4115//4115 4119//4119 4114//4114
f 4109//4109 4120//4120 4116//4116
f 4120//4120 4121//4121 4122//4122
f 4122//4122 4117//4117 4116//4116
f 4120//4120 4122//4122 4116//4116
f 4121//4121 4123//4123 4124//4124
f 4123//4123 4125//4125 4126//4126
f 4126//4126 4127//4127 4124//4124
f 4123//4123 4126//4126 4124//4124
f 4127//4127 4128//4128 4129//4129
f 4128//4128 3965//3965 4118//4118
f 4118//4118 4117//4117 4129//4129
f 4128//4128 4118//4118 4129//4129
f 4121//4121 4124//4124 4122//4122
f 4124//4124 4127//4127 4129//4129
f 4129//4129 4117//4117 4122//4122
f 4124//4124 4129//4129 4122//4122
f 3965//3965 4128//4128 3976//3976
f 4128//4128 4127//4127 4130//4130
f 4130//4130 3977//3977 3976//3976
f 4128//4128 4130//4130 3976//3976
f 4127//4127 4126//4126 4131//4131
f 4126//4126 4125//4125 4132//4132
f 4132//4132 4133//4133 4131//4131
f 4126//4126 4132//4132 4131//4131
f 4133//4133 4134//4134 4135//4135
f 4134//4134 3981//3981 3979//3979
f 3979//3979 3977//3977 4135//4135
f 4134//4134 3979//3979 4135//4135
f 4127//4127 4131//4131 4130//4130
f 4131//4131 4133//4133 4135//4135
f 4135//4135 3977//3977 4130//4130
f 4131//4131 4135//4135 4130//4130
f 4125//4125 4136//4136 4132//4132
f 4136//4136 4137//4137 4138//4138
f 4138//4138 4133//4133 4132//4132
f 4136//4136 4138//4138 4132//4132
f 4137//4137 4139//4139 4140//4140
f 4139//4139 4141//4141 4142//4142
f 4142//4142 4143//4143 4140//4140
f 4139//4139 4142//4142 4140//4140
f 4143//4143 4144//4144 4145//4145
f 4144//4144 3981//3981 4134//4134
f 4134//4134 4133//4133 4145//4145
f 4144//4144 4134//4134 4145//4145
f 4137//4137 4140//4140 4138//4138
f 4140//4140 4143//4143 4145//4145
f 4145//4145 4133//4133 4138//4138
f 4140//4140 4145//4145 4138//4138
f 3981//3981 4144//4144 3992//3992
f 4144//4144 4143//4143 4146//4146
f 4146//4146 3993//3993 3992//3992
f 4144//4144 4146//4146 3992//3992
f 4143//4143 4142//4142 4147//4147
f 4142//4142 4141//4141 4148//4148
f 4148//4148 4149//4149 4147//4147
f 4142//4142 4148//4148 4147//4147
f 4149//4149 4150//4150 4151//4151
f 4150//4150 3997//3997 3995//3995
f 3995//3995 3993//3993 4151//4151
f 4150//4150 3995//3995 4151//4151
f 4143//4143 4147//4147 4146//4146
f 4147//4147 4149//4149 4151//4151
f 4151//4151 3993//3993 4146//4146
f 4147//4147 4151//4151 4146//4146
f 4141//4141 4152//4152 4148//4148
f 4152//4152 4153//4153 4154//4154
f 4154//4154 4149//4149 4148//4148
f 4152//4152 4154//4154 4148//4148
f 4153//4153 4155//4155 4156//4156
f 4155//4155 4157//4157 4158//4158
f 4158//4158 4159//4159 4156//4156
f 4155//4155 4158//4158 4156//4156
f 4159//4159 4160//4160 4161//4161
f 4160//4160 3997//3997 4150//4150
f 4150//4150 4149//4149 4161//4161
f 4160//4160 4150//4150 4161//4161
f 4153//4153 4156//4156 4154//4154
f 4156//4156 4159//4159 4161//4161
f 4161//4161 4149//4149 4154//4154
f 4156//4156 4161//4161 4154//4154
f 3997//3997 4160//4160 4008//4008
f 4160//4160 4159//4159 4162//4162
f 4162//4162 4009//4009 4008//4008
f 4160//4160 4162//4162 4008//4008
f 4159//4159 4158//4158 4163//4163
f 4158//4158 4157//4157 4164//4164
f 4164//4164 4165//4165 4163//4163
f 4158//4158 4164//4164 4163//4163
f 4165//4165 4166//4166 4167//4167
f 4166//4166 4013//4013 4011//4011
f 4011//4011 4009//4009 4167//4167
f 4166//4166 4011//4011 4167//4167
f 4159//4159 4163//4163 4162//4162
f 4163//4163 4165//4165 4167//4167
f 4167//4167 4009//4009 4162//4162
f 4163//4163 4167//4167 4162//4162
f 4157//4157 4168//4168 4164//4164
f 4168//4168 4169//4169 4170//4170
f 4170//4170 4165//4165 4164//4164
f 4168//4168 4170//4170 4164//4164
f 4169//4169 4171//4171 4172//4172
f 4171//4171 4173//4173 4174//4174
f 4174//4174 4175//4175 4172//4172
f 4171//4171 4174//4174 4172//4172
f 4175//4175 4176//4176 4177//4177
f 4176//4176 4013//4013 4166//4166
f 4166//4166 4165//4165 4177//4177
f 4176//4176 4166//4166 4177//4177
f 4169//4169 4172//4172 4170//4170
f 4172//4172 4175//4175 4177//4177
f 4177//4177 4165//4165 4170//4170
f 4172//4172 4177//4177 4170//4170
f 4013//4013 4176//4176 4024//4024
f 4176//4176 4175//4175 4178//4178
f 4178//4178 4025//4025 4024//4024
f 4176//4176 4178//4178 4024//4024
f 4175//4175 4174//4174 4179//4179
f 4174//4174 4173//4173 4180//4180
f 4180//4180 4181//4181 4179//4179
f 4174//4174 4180//4180 4179//4179
f 4181//4181 4182//4182 4183//4183
f 4182//4182 4029//4029 4027//4027
f 4027//4027 4025//4025 4183//4183
f 4182//4182 4027//4027 4183//4183
f 4175//4175 4179//4179 4178//4178
f 4179//4179 4181//4181 4183//4183
f 4183//4183 4025//4025 4178//4178
f 4179//4179 4183//4183 4178//4178
f 4173//4173 4184//4184 4180//4180
f 4184//4184 4185//4185 4186//4186
f 4186//4186 4181//4181 4180//4180
f 4184//4184 4186//4186 4180//4180
f 4185//4185 4187//4187 4188//4188
f 4187//4187 4189//4189 4190//4190
f 4190//4190 4191//4191 4188//4188
f 4187//4187 4190//4190 4188//4188
f 4191//4191 4192//4192 4193//4193
f 4192//4192 4029//4029 4182//4182
f 4182//4182 4181//4181 4193//4193
f 4192//4192 4182//4182 4193//4193
f 4185//4185 4188//4188 4186//4186
f 4188//4188 4191//4191 4193//4193
f 4193//4193 4181//4181 4186//4186
f 4188//4188 4193//4193 4186//4186
f 4029//4029 4192//4192 4040//4040
f 4192//4192 4191//4191 4194//4194
f 4194//4194 4041//4041 4040//4040
f 4192//4192 4194//4194 4040//4040
f 4191//4191 4190//4190 4195//4195
f 4190//4190 4189//4189 4196//4196
f 4196//4196 4197//4197 4195//4195
f 4190//4190 4196//4196 4195//4195
f 4197//4197 4198//4198 4199//4199
f 4198//4198 3891//3891 4043//4043
f 4043//4043 4041//4041 4199//4199
f 4198//4198 4043//4043 4199//4199
f 4191//4191 4195//4195 4194//4194
f 4195//4195 4197//4197 4199//4199
f 4199//4199 4041//4041 4194//4194
f 4195//4195 4199//4199 4194//4194
f 4189//4189 4200//4200 4196//4196
f 4200//4200 4201//4201 4202//4202
f 4202//4202 4197//4197 4196//4196
f 4200//4200 4202//4202 4196//4196
f 4201//4201 4203//4203 4204//4204
f 4203//4203 4051//4051 4049//4049
f 4049//4049 4047//4047 4204//4204
f 4203//4203 4049//4049 4204//4204
f 4047//4047 4046//4046 4205//4205
f 4046//4046 3891//3891 4198//4198
f 4198//4198 4197//4197 4205//4205
f 4046//4046 4198//4198 4205//4205
f 4201//4201 4204//4204 4202//4202
f 4204//4204 4047//4047 4205//4205
f 4205//4205 4197//4197 4202//4202
f 4204//4204 4205//4205 4202//4202
f 4051//4051 4206//4206 4056//4056
f 4206//4206 4207//4207 4208//4208
f 4208//4208 4057//4057 4056//4056
f 4206//4206 4208//4208 4056//4056
f 4207//4207 4209//4209 4210//4210
f 4209//4209 4211//4211 4212//4212
f 4212//4212 4213//4213 4210//4210
f 4209//4209 4212//4212 4210//4210
f 4213//4213 4214//4214 4215//4215
f 4214//4214 4061//4061 4059//4059
f 4059//4059 4057//4057 4215//4215
f 4214//4214 4059//4059 4215//4215
f 4207//4207 4210//4210 4208//4208
f 4210//4210 4213//4213 4215//4215
f 4215//4215 4057//4057 4208//4208
f 4210//4210 4215//4215 4208//4208
f 4211//4211 4216//4216 4212//4212
f 4216//4216 4217//4217 4218//4218
f 4218//4218 4213//4213 4212//4212
f 4216//4216 4218//4218 4212//4212
f 4217//4217 4219//4219 4220//4220
f 4219//4219 4221//4221 4222//4222
f 4222//4222 4223//4223 4220//4220
f 4219//4219 4222//4222 4220//4220
f 4223//4223 4224//4224 4225//4225
f 4224//4224 4061//4061 4214//4214
f 4214//4214 4213//4213 4225//4225
f 4224//4224 4214//4214 4225//4225
f 4217//4217 4220//4220 4218//4218
f 4220//4220 4223//4223 4225//4225
f 4225//4225 4213//4213 4218//4218
f 4220//4220 4225//4225 4218//4218
f 4061//4061 4224//4224 4072//4072
f 4224//4224 4223//4223 4226//4226
f 4226//4226 4073//4073 4072//4072
f 4224//4224 4226//4226 4072//4072
f 4223//4223 4222//4222 4227//4227
f 4222//4222 4221//4221 4228//4228
f 4228//4228 4229//4229 4227//4227
f 4222//4222 4228//4228 4227//4227
f 4229//4229 4230//4230 4231//4231
f 4230//4230 4077//4077 4075//4075
f 4075//4075 4073//4073 4231//4231
f 4230//4230 4075//4075 4231//4231
f 4223//4223 4227//4227 4226//4226
f 4227//4227 4229//4229 4231//4231
f 4231//4231 4073//4073 4226//4226
f 4227//4227 4231//4231 4226//4226
f 4221//4221 4232//4232 4228//4228
f 4232//4232 4233//4233 4234//4234
f 4234//4234 4229//4229 4228//4228
f 4232//4232 4234//4234 4228//4228
f 4233//4233 4235//4235 4236//4236
f 4235//4235 4237//4237 4238//4238
f 4238//4238 4239//4239 4236//4236
f 4235//4235 4238//4238 4236//4236
f 4239//4239 4240//4240 4241//4241
f 4240//4240 4077//4077 4230//4230
f 4230//4230 4229//4229 4241//4241
f 4240//4240 4230//4230 4241//4241
f 4233//4233 4236//4236 4234//4234
f 4236//4236 4239//4239 4241//4241
f 4241//4241 4229//4229 4234//4234
f 4236//4236 4241//4241 4234//4234
f 4077//4077 4240//4240 4088//4088
f 4240//4240 4239//4239 4242//4242
f 4242//4242 4089//4089 4088//4088
f 4240//4240 4242//4242 4088//4088
f 4239//4239 4238//4238 4243//4243
f 4238//4238 4237//4237 4244//4244
f 4244//4244 4245//4245 4243//4243
f 4238//4238 4244//4244 4243//4243
f 4245//4245 4246//4246 4247//4247
f 4246//4246 4093//4093 4091//4091
f 4091//4091 4089//4089 4247//4247
f 4246//4246 4091//4091 4247//4247
f 4239//4239 4243//4243 4242//4242
f 4243//4243 4245//4245 4247//4247
f 4247//4247 4089//4089 4242//4242
f 4243//4243 4247//4247 4242//4242
f 4237//4237 4248//4248 4244//4244
f 4248//4248 4249//4249 4250//4250
f 4250//4250 4245//4245 4244//4244
f 4248//4248 4250//4250 4244//4244
f 4249//4249 4251//4251 4252//4252
f 4251//4251 4253//4253 4254//4254
f 4254//4254 4255//4255 4252//4252
f 4251//4251 4254//4254 4252//4252
f 4255//4255 4256//4256 4257//4257
f 4256//4256 4093//4093 4246//4246
f 4246//4246 4245//4245 4257//4257
f 4256//4256 4246//4246 4257//4257
f 4249//4249 4252//4252 4250//4250
f 4252//4252 4255//4255 4257//4257
f 4257//4257 4245//4245 4250//4250
f 4252//4252 4257//4257 4250//4250
f 4093//4093 4256//4256 4104//4104
f 4256//4256 4255//4255 4258//4258
f 4258//4258 4105//4105 4104//4104
f 4256//4256 4258//4258 4104//4104
f 4255//4255 4254//4254 4259//4259
f 4254//4254 4253//4253 4260//4260
f 4260//4260 4261//4261 4259//4259
f 4254//4254 4260//4260 4259//4259
f 4261//4261 4262//4262 4263//4263
f 4262//4262 4109//4109 4107//4107
f 4107//4107 4105//4105 4263//4263
f 4262//4262 4107//4107 4263//4263
f 4255//4255 4259//4259 4258//4258
f 4259//4259 4261//4261 4263//4263
f 4263//4263 4105//4105 4258//4258
f 4259//4259 4263//4263 4258//4258
f 4253//4253 4264//4264 4260//4260
f 4264//4264 4265//4265 4266//4266
f 4266//4266 4261//4261 4260//4260
f 4264//4264 4266//4266 4260//4260
f 4265//4265 4267//4267 4268//4268
f 4267//4267 4269//4269 4270//4270
f 4270//4270 4271//4271 4268//4268
f 4267//4267 4270//4270 4268//4268
f 4271//4271 4272//4272 4273//4273
f 4272//4272 4109//4109 4262//4262
f 4262//4262 4261//4261 4273//4273
f 4272//4272 4262//4262 4273//4273
f 4265//4265 4268//4268 4266//4266
f 4268//4268 4271//4271 4273//4273
f 4273//4273 4261//4261 4266//4266
f 4268//4268 4273//4273 4266//4266
f 4109//4109 4272//4272 4120//4120
f 4272//4272 4271//4271 4274//4274
f 4274//4274 4121//4121 4120//4120
f 4272//4272 4274//4274 4120//4120
f 4271//4271 4270//4270 4275//4275
f 4270//4270 4269//4269 4276//4276
f 4276//4276 4277//4277 4275//4275
f 4270//4270 4276//4276 4275//4275
f 4277//4277 4278//4278 4279//4279
f 4278//4278 4125//4125 4123//4123
f 4123//4123 4121//4121 4279//4279
f 4278//4278 4123//4123 4279//4279
f 4271//4271 4275//4275 4274//4274
f 4275//4275 4277//4277 4279//4279
f 4279//4279 4121//4121 4274//4274
f 4275//4275 4279//4279 4274//4274
f 4269//4269 4280//4280 4276//4276
f 4280//4280 4281//4281 4282//4282
f 4282//4282 4277//4277 4276//4276
f 4280//4280 4282//4282 4276//4276
f 4281//4281 4283//4283 4284//4284
f 4283//4283 4285//4285 4286//4286
f 4286//4286 4287//4287 4284//4284
f 4283//4283 4286//4286 4284//4284
f 4287//4287 4288//4288 4289//4289
f 4288//4288 4125//4125 4278//4278
f 4278//4278 4277//4277 4289//4289
f 4288//4288 4278//4278 4289//4289
f 4281//4281 4284//4284 4282//4282
f 4284//4284 4287//4287 4289//4289
f 4289//4289 4277//4277 4282//4282
f 4284//4284 4289//4289 4282//4282
f 4125//4125 4288//4288 4136//4136
f 4288//4288 4287//4287 4290//4290
f 4290//4290 4137//4137 4136//4136
f 4288//4288 4290//4290 4136//4136
f 4287//4287 4286//4286 4291//4291
f 4286//4286 4285//4285 4292//4292
f 4292//4292 4293//4293 4291//4291
f 4286//4286 4292//4292 4291//4291
f 4293//4293 4294//4294 4295//4295
f 4294//4294 4141//4141 4139//4139
f 4139//4139 4137//4137 4295//4295
f 4294//4294 4139//4139 4295//4295
f 4287//4287 4291//4291 4290//4290
f 4291//4291 4293//4293 4295//4295
f 4295//4295 4137//4137 4290//4290
f 4291//4291 4295//4295 4290//4290
f 4285//4285 4296//4296 4292//4292
f 4296//4296 4297//4297 4298//4298
f 4298//4298 4293//4293 4292//4292
f 4296//4296 4298//4298 4292//4292
f 4297//4297 4299//4299 4300//4300
f 4299//4299 4301//4301 4302//4302
f 4302//4302 4303//4303 4300//4300
f 4299//4299 4302//4302 4300//4300
f 4303//4303 4304//4304 4305//4305
f 4304//4304 4141//4141 4294//4294
f 4294//4294 4293//4293 4305//4305
f 4304//4304 4294//4294 4305//4305
f 4297//4297 4300//4300 4298//4298
f 4300//4300 4303//4303 4305//4305
f 4305//4305 4293//4293 4298//4298
f 4300//4300 4305//4305 4298//4298
f 4141//4141 4304//4304 4152//4152
f 4304//4304 4303//4303 4306//4306
f 4306//4306 4153//4153 4152//4152
f 4304//4304 4306//4306 4152//4152
f 4303//4303 4302//4302 4307//4307
f 4302//4302 4301//4301 4308//4308
f 4308//4308 4309//4309 4307//4307
f 4302//4302 4308//4308 4307//4307
f 4309//4309 4310//4310 4311//4311
f 4310//4310 4157//4157 4155//4155
f 4155//4155 4153//4153 4311//4311
f 4310//4310 4155//4155 4311//4311
f 4303//4303 4307//4307 4306//4306
f 4307//4307 4309//4309 4311//4311
f 4311//4311 4153//4153 4306//4306
f 4307//4307 4311//4311 4306//4306
f 4301//4301 4312//4312 4308//4308
f 4312//4312 4313//4313 4314//4314
f 4314//4314 4309//4309 4308//4308
f 4312//4312 4314//4314 4308//4308
f 4313//4313 4315//4315 4316//4316
f 4315//4315 4317//4317 4318//4318
f 4318//4318 4319//4319 4316//4316
f 4315//4315 4318//4318 4316//4316
f 4319//4319 4320//4320 4321//4321
f 4320//4320 4157//4157 4310//4310
f 4310//4310 4309//4309 4321//4321
f 4320//4320 4310//4310 4321//4321
f 4313//4313 4316//4316 4314//4314
f 4316//4316 4319//4319 4321//4321
f 4321//4321 4309//4309 4314//4314
f 4316//4316 4321//4321 4314//4314
f 4157//4157 4320//4320 4168//4168
f 4320//4320 4319//4319 4322//4322
f 4322//4322 4169//4169 4168//4168
f 4320//4320 4322//4322 4168//4168
f 4319//4319 4318//4318 4323//4323
f 4318//4318 4317//4317 4324//4324
f 4324//4324 4325//4325 4323//4323
f 4318//4318 4324//4324 4323//4323
f 4325//4325 4326//4326 4327//4327
f 4326//4326 4173//4173 4171//4171
f 4171//4171 4169//4169 4327//4327
f 4326//4326 4171//4171 4327//4327
f 4319//4319 4323//4323 4322//4322
f 4323//4323 4325//4325 4327//4327
f 4327//4327 4169//4169 4322//4322
f 4323//4323 4327//4327 4322//4322
f 4317//4317 4328//4328 4324//4324
f 4328//4328 4329//4329 4330//4330
f 4330//4330 4325//4325 4324//4324
f 4328//4328 4330//4330 4324//4324
f 4329//4329 4331//4331 4332//4332
f 4331//4331 4333//4333 4334//4334
f 4334//4334 4335//4335 4332//4332
f 4331//4331 4334//4334 4332//4332
f 4335//4335 4336//4336 4337//4337
f 4336//4336 4173//4173 4326//4326
f 4326//4326 4325//4325 4337//4337
f 4336//4336 4326//4326 4337//4337
f 4329//4329 4332//4332 4330//4330
f 4332//4332 4335//4335 4337//4337
f 4337//4337 4325//4325 4330//4330
f 4332//4332 4337//4337 4330//4330
f 4173//4173 4336//4336 4184//4184
f 4336//4336 4335//4335 4338//4338
f 4338//4338 4185//4185 4184//4184
f 4336//4336 4338//4338 4184//4184
f 4335//4335 4334//4334 4339//4339
f 4334//4334 4333//4333 4340//4340
f 4340//4340 4341//4341 4339//4339
f 4334//4334 4340//4340 4339//4339
f 4341//4341 4342//4342 4343//4343
f 4342//4342 4189//4189 4187//4187
f 4187//4187 4185//4185 4343//4343
f 4342//4342 4187//4187 4343//4343
f 4335//4335 4339//4339 4338//4338
f 4339//4339 4341//4341 4343//4343
f 4343//4343 4185//4185 4338//4338
f 4339//4339 4343//4343 4338//4338
f 4333//4333 4344//4344 4340//4340
f 4344//4344 4345//4345 4346//4346
f 4346//4346 4341//4341 4340//4340
f 4344//4344 4346//4346 4340//4340
f 4345//4345 4347//4347 4348//4348
f 4347//4347 4349//4349 4350//4350
f 4350//4350 4351//4351 4348//4348
f 4347//4347 4350//4350 4348//4348
f 4351//4351 4352//4352 4353//4353
f 4352//4352 4189//4189 4342//4342
f 4342//4342 4341//4341 4353//4353
f 4352//4352 4342//4342 4353//4353
f 4345//4345 4348//4348 4346//4346
f 4348//4348 4351//4351 4353//4353
f 4353//4353 4341//4341 4346//4346
f 4348//4348 4353//4353 4346//4346
f 4189//4189 4352//4352 4200//4200
f 4352//4352 4351//4351 4354//4354
f 4354//4354 4201//4201 4200//4200
f 4352//4352 4354//4354 4200//4200
f 4351//4351 4350//4350 4355//4355
f 4350//4350 4349//4349 4356//4356
f 4356//4356 4357//4357 4355//4355
f 4350//4350 4356//4356 4355//4355
f 4357//4357 4358//4358 4359//4359
f 4358//4358 4051//4051 4203//4203
f 4203//4203 4201//4201 4359//4359
f 4358//4358 4203//4203 4359//4359
f 4351//4351 4355//4355 4354//4354
f 4355//4355 4357//4357 4359//4359
f 4359//4359 4201//4201 4354//4354
f 4355//4355 4359//4359 4354//4354
f 4349//4349 4360//4360 4356//4356
f 4360//4360 4361//4361 4362//4362
f 4362//4362 4357//4357 4356//4356
f 4360//4360 4362//4362 4356//4356
f 4361//4361 4363//4363 4364//4364
f 4363//4363 4211//4211 4209//4209
f 4209//4209 4207//4207 4364//4364
f 4363//4363 4209//4209 4364//4364
f 4207//4207 4206//4206 4365//4365
f 4206//4206 4051//4051 4358//4358
f 4358//4358 4357//4357 4365//4365
f 4206//4206 4358//4358 4365//4365
f 4361//4361 4364//4364 4362//4362
f 4364//4364 4207//4207 4365//4365
f 4365//4365 4357//4357 4362//4362
f 4364//4364 4365//4365 4362//4362
f 4211//4211 4366//4366 4216//4216
f 4366//4366 4367//4367 4368//4368
f 4368//4368 4217//4217 4216//4216
f 4366//4366 4368//4368 4216//4216
f 4367//4367 4369//4369 4370//4370
f 4369//4369 4371//4371 4372//4372
f 4372//4372 4373//4373 4370//4370
f 4369//4369 4372//4372 4370//4370
f 4373//4373 4374//4374 4375//4375
f 4374//4374 4221//4221 4219//4219
f 4219//4219 4217//4217 4375//4375
f 4374//4374 4219//4219 4375//4375
f 4367//4367 4370//4370 4368//4368
f 4370//4370 4373//4373 4375//4375
f 4375//4375 4217//4217 4368//4368
f 4370//4370 4375//4375 4368//4368
f 4371//4371 4376//4376 4372//4372
f 4376//4376 4377//4377 4378//4378
f 4378//4378 4373//4373 4372//4372
f 4376//4376 4378//4378 4372//4372
f 4377//4377 4379//4379 4380//4380
f 4379//4379 4381//4381 4382//4382
f 4382//4382 4383//4383 4380//4380
f 4379//4379 4382//4382 4380//4380
f 4383//4383 4384//4384 4385//4385
f 4384//4384 4221//4221 4374//4374
f 4374//4374 4373//4373 4385//4385
f 4384//4384 4374//4374 4385//4385
f 4377//4377 4380//4380 4378//4378
f 4380//4380 4383//4383 4385//4385
f 4385//4385 4373//4373 4378//4378
f 4380//4380 4385//4385 4378//4378
f 4221//4221 4384//4384 4232//4232
f 4384//4384 4383//4383 4386//4386
f 4386//4386 4233//4233 4232//4232
f 4384//4384 4386//4386 4232//4232
f 4383//4383 4382//4382 4387//4387
f 4382//4382 4381//4381 4388//4388
f 4388//4388 4389//4389 4387//4387
f 4382//4382 4388//4388 4387//4387
f 4389//4389 4390//4390 4391//4391
f 4390//4390 4237//4237 4235//4235
f 4235//4235 4233//4233 4391//4391
f 4390//4390 4235//4235 4391//4391
f 4383//4383 4387//4387 4386//4386
f 4387//4387 4389//4389 4391//4391
f 4391//4391 4233//4233 4386//4386
f 4387//4387 4391//4391 4386//4386
f 4381//4381 4392//4392 4388//4388
f 4392//4392 4393//4393 4394//4394
f 4394//4394 4389//4389 4388//4388
f 4392//4392 4394//4394 4388//4388
f 4393//4393 4395//4395 4396//4396
f 4395//4395 4397//4397 4398//4398
f 4398//4398 4399//4399 4396//4396
f 4395//4395 4398//4398 4396//4396
f 4399//4399 4400//4400 4401//4401
f 4400//4400 4237//4237 4390//4390
f 4390//4390 4389//4389 4401//4401
f 4400//4400 4390//4390 4401//4401
f 4393//4393 4396//4396 4394//4394
f 4396//4396 4399//4399 4401//4401
f 4401//4401 4389//4389 4394//4394
f 4396//4396 4401//4401 4394//4394
f 4237//4237 4400//4400 4248//4248
f 4400//4400 4399//4399 4402//4402
f 4402//4402 4249//4249 4248//4248
f 4400//4400 4402//4402 4248//4248
f 4399//4399 4398//4398 4403//4403
f 4398//4398 4397//4397 4404//4404
f 4404//4404 4405//4405 4403//4403
f 4398//4398 4404//4404 4403//4403
f 4405//4405 4406//4406 4407//4407
f 4406//4406 4253//4253 4251//4251
f 4251//4251 4249//4249 4407//4407
f 4406//4406 4251//4251 4407//4407
f 4399//4399 4403//4403 4402//4402
f 4403//4403 4405//4405 4407//4407
f 4407//4407 4249//4249 4402//4402
f 4403//4403 4407//4407 4402//4402
f 4397//4397 4408//4408 4404//4404
f 4408//4408 4409//4409 4410//4410
f 4410//4410 4405//4405 4404//4404
f 4408//4408 4410//4410 4404//4404
f 4409//4409 4411//4411 4412//4412
f 4411//4411 4413//4413 4414//4414
f 4414//4414 4415//4415 4412//4412
f 4411//4411 4414//4414 4412//4412
f 4415//4415 4416//4416 4417//4417
f 4416//4416 4253//4253 4406//4406
f 4406//4406 4405//4405 4417//4417
f 4416//4416 4406//4406 4417//4417
f 4409//4409 4412//4412 4410//4410
f 4412//4412 4415//4415 4417//4417
f 4417//4417 4405//4405 4410//4410
f 4412//4412 4417//4417 4410//4410
f 4253//4253 4416//4416 4264//4264
f 4416//4416 4415//4415 4418//4418
f 4418//4418 4265//4265 4264//4264
f 4416//4416 4418//4418 4264//4264
f 4415//4415 4414//4414 4419//4419
f 4414//4414 4413//4413 4420//4420
f 4420//4420 4421//4421 4419//4419
f 4414//4414 4420//4420 4419//4419
f 4421//4421 4422//4422 4423//4423
f 4422//4422 4269//4269 4267//4267
f 4267//4267 4265//4265 4423//4423
f 4422//4422 4267//4267 4423//4423
f 4415//4415 4419//4419 4418//4418
f 4419//4419 4421//4421 4423//4423
f 4423//4423 4265//4265 4418//4418
f 4419//4419 4423//4423 4418//4418
f 4413//4413 4424//4424 4420//4420
f 4424//4424 4425//4425 4426//4426
f 4426//4426 4421//4421 4420//4420
f 4424//4424 4426//4426 4420//4420
f 4425//4425 4427//4427 4428//4428
f 4427//4427 4429//4429 4430//4430
f 4430//4430 4431//4431 4428//4428
f 4427//4427 4430//4430 4428//4428
f 4431//4431 4432//4432 4433//4433
f 4432//4432 4269//4269 4422//4422
f 4422//4422 4421//4421 4433//4433
f 4432//4432 4422//4422 4433//4433
f 4425//4425 4428//4428 4426//4426
f 4428//4428 4431//4431 4433//4433
f 4433//4433 4421//4421 4426//4426
f 4428//4428 4433//4433 4426//4426
f 4269//4269 4432//4432 4280//4280
f 4432//4432 4431//4431 4434//4434
f 4434//4434 4281//4281 4280//4280
f 4432//4432 4434//4434 4280//4280
f 4431//4431 4430//4430 4435//4435
f 4430//4430 4429//4429 4436//4436
f 4436//4436 4437//4437 4435//4435
f 4430//4430 4436//4436 4435//4435
f 4437//4437 4438//4438 4439//4439
f 4438//4438 4285//4285 4283//4283
f 4283//4283 4281//4281 4439//4439
f 4438//4438 4283//4283 4439//4439
f 4431//4431 4435//4435 4434//4434
f 4435//4435 4437//4437 4439//4439
f 4439//4439 4281//4281 4434//4434
f 4435//4435 4439//4439 4434//4434
f 4429//4429 4440//4440 4436//4436
f 4440//4440 4441//4441 4442//4442
f 4442//4442 4437//4437 4436//4436
f 4440//4440 4442//4442 4436//4436
f 4441//4441 4443//4443 4444//4444
f 4443//4443 4445//4445 4446//4446
f 4446//4446 4447//4447 4444//4444
f 4443//4443 4446//4446 4444//4444
f 4447//4447 4448//4448 4449//4449
f 4448//4448 4285//4285 4438//4438
f 4438//4438 4437//4437 4449//4449
f 4448//4448 4438//4438 4449//4449
f 4441//4441 4444//4444 4442//4442
f 4444//4444 4447//4447 4449//4449
f 4449//4449 4437//4437 4442//4442
f 4444//4444 4449//4449 4442//4442
f 4285//4285 4448//4448 4296//4296
f 4448//4448 4447//4447 4450//4450
f 4450//4450 4297//4297 4296//4296
f 4448//4448 4450//4450 4296//4296
f 4447//4447 4446//4446 4451//4451
f 4446//4446 4445//4445 4452//4452
f 4452//4452 4453//4453 4451//4451
f 4446//4446 4452//4452 4451//4451
f 4453//4453 4454//4454 4455//4455
f 4454//4454 4301//4301 4299//4299
f 4299//4299 4297//4297 4455//4455
f 4454//4454 4299//4299 4455//4455
f 4447//4447 4451//4451 4450//4450
f 4451//4451 4453//4453 4455//4455
f 4455//4455 4297//4297 4450//4450
f 4451//4451 4455//4455 4450//4450
f 4445//4445 4456//4456 4452//4452
f 4456//4456 4457//4457 4458//4458
f 4458//4458 4453//4453 4452//4452
f 4456//4456 4458//4458 4452//4452
f 4457//4457 4459//4459 4460//4460
f 4459//4459 4461//4461 4462//4462
f 4462//4462 4463//4463 4460//4460
f 4459//4459 4462//4462 4460//4460
f 4463//4463 4464//4464 4465//4465
f 4464//4464 4301//4301 4454//4454
f 4454//4454 4453//4453 4465//4465
f 4464//4464 4454//4454 4465//4465
f 4457//4457 4460//4460 4458//4458
f 4460//4460 4463//4463 4465//4465
f 4465//4465 4453//4453 4458//4458
f 4460//4460 4465//4465 4458//4458
f 4301//4301 4464//4464 4312//4312
f 4464//4464 4463//4463 4466//4466
f 4466//4466 4313//4313 4312//4312
f 4464//4464 4466//4466 4312//4312
f 4463//4463 4462//4462 4467//4467
f 4462//4462 4461//4461 4468//4468
f 4468//4468 4469//4469 4467//4467
f 4462//4462 4468//4468 4467//4467
f 4469//4469 4470//4470 4471//4471
f 4470//4470 4317//4317 4315//4315
f 4315//4315 4313//4313 4471//4471
f 4470//4470 4315//4315 4471//4471
f 4463//4463 4467//4467 4466//4466
f 4467//4467 4469//4469 4471//4471
f 4471//4471 4313//4313 4466//4466
f 4467//4467 4471//4471 4466//4466
f 4461//4461 4472//4472 4468//4468
f 4472//4472 4473//4473 4474//4474
f 4474//4474 4469//4469 4468//4468
f 4472//4472 4474//4474 4468//4468
f 4473//4473 4475//4475 4476//4476
f 4475//4475 4477//4477 4478//4478
f 4478//4478 4479//4479 4476//4476
f 4475//4475 4478//4478 4476//4476
f 4479//4479 4480//4480 4481//4481
f 4480//4480 4317//4317 4470//4470
f 4470//4470 4469//4469 4481//4481
f 4480//4480 4470//4470 4481//4481
f 4473//4473 4476//4476 4474//4474
f 4476//4476 4479//4479 4481//4481
f 4481//4481 4469//4469 4474//4474
f 4476//4476 4481//4481 4474//4474
f 4317//4317 4480//4480 4328//4328
f 4480//4480 4479//4479 4482//4482
f 4482//4482 4329//4329 4328//4328
f 4480//4480 4482//4482 4328//4328
f 4479//4479 4478//4478 4483//4483
f 4478//4478 4477//4477 4484//4484
f 4484//4484 4485//4485 4483//4483
f 4478//4478 4484//4484 4483//4483
f 4485//4485 4486//4486 4487//4487
f 4486//4486 4333//4333 4331//4331
f 4331//4331 4329//4329 4487//4487
f 4486//4486 4331//4331 4487//4487
f 4479//4479 4483//4483 4482//4482
f 4483//4483 4485//4485 4487//4487
f 4487//4487 4329//4329 4482//4482
f 4483//4483 4487//4487 4482//4482
f 4477//4477 4488//4488 4484//4484
f 4488//4488 4489//4489 4490//4490
f 4490//4490 4485//4485 4484//4484
f 4488//4488 4490//4490 4484//4484
f 4489//4489 4491//4491 4492//4492
f 4491//4491 4493//4493 4494//4494
f 4494//4494 4495//4495 4492//4492
f 4491//4491 4494//4494 4492//4492
f 4495//4495 4496//4496 4497//4497
f 4496//4496 4333//4333 4486//4486
f 4486//4486 4485//4485 4497//4497
f 4496//4496 4486//4486 4497//4497
f 4489//4489 4492//4492 4490//4490
f 4492//4492 4495//4495 4497//4497
f 4497//4497 4485//4485 4490//4490
f 4492//4492 4497//4497 4490//4490
f 4333//4333 4496//4496 4344//4344
f 4496//4496 4495//4495 4498//4498
f 4498//4498 4345//4345 4344//4344
f 4496//4496 4498//4498 4344//4344
f 4495//4495 4494//4494 4499//4499
f 4494//4494 4493//4493 4500//4500
f 4500//4500 4501//4501 4499//4499
f 4494//4494 4500//4500 4499//4499
f 4501//4501 4502//4502 4503//4503
f 4502//4502 4349//4349 4347//4347
f 4347//4347 4345//4345 4503//4503
f 4502//4502 4347//4347 4503//4503
f 4495//4495 4499//4499 4498//4498
f 4499//4499 4501//4501 4503//4503
f 4503//4503 4345//4345 4498//4498
f 4499//4499 4503//4503 4498//4498
f 4493//4493 4504//4504 4500//4500
f 4504//4504 4505//4505 4506//4506
f 4506//4506 4501//4501 4500//4500
f 4504//4504 4506//4506 4500//4500
f 4505//4505 4507//4507 4508//4508
f 4507//4507 4509//4509 4510//4510
f 4510//4510 4511//4511 4508//4508
f 4507//4507 4510//4510 4508//4508
f 4511//4511 4512//4512 4513//4513
f 4512//4512 4349//4349 4502//4502
f 4502//4502 4501//4501 4513//4513
f 4512//4512 4502//4502 4513//4513
f 4505//4505 4508//4508 4506//4506
f 4508//4508 4511//4511 4513//4513
f 4513//4513 4501//4501 4506//4506
f 4508//4508 4513//4513 4506//4506
f 4349//4349 4512//4512 4360//4360
f 4512//4512 4511//4511 4514//4514
f 4514//4514 4361//4361 4360//4360
f 4512//4512 4514//4514 4360//4360
f 4511//4511 4510//4510 4515//4515
f 4510//4510 4509//4509 4516//4516
f 4516//4516 4517//4517 4515//4515
f 4510//4510 4516//4516 4515//4515
f 4517//4517 4518//4518 4519//4519
f 4518//4518 4211//4211 4363//4363
f 4363//4363 4361//4361 4519//4519
f 4518//4518 4363//4363 4519//4519
f 4511//4511 4515//4515 4514//4514
f 4515//4515 4517//4517 4519//4519
f 4519//4519 4361//4361 4514//4514
f 4515//4515 4519//4519 4514//4514
f 4509//4509 4520//4520 4516//4516
f 4520//4520 4521//4521 4522//4522
f 4522//4522 4517//4517 4516//4516
f 4520//4520 4522//4522 4516//4516
f 4521//4521 4523//4523 4524//4524
f 4523//4523 4371//4371 4369//4369
f 4369//4369 4367//4367 4524//4524
f 4523//4523 4369//4369 4524//4524
f 4367//4367 4366//4366 4525//4525
f 4366//4366 4211//4211 4518//4518
f 4518//4518 4517//4517 4525//4525
f 4366//4366 4518//4518 4525//4525
f 4521//4521 4524//4524 4522//4522
f 4524//4524 4367//4367 4525//4525
f 4525//4525 4517//4517 4522//4522
f 4524//4524 4525//4525 4522//4522
f 4371//4371 4526//4526 4376//4376
f 4526//4526 4527//4527 4528//4528
f 4528//4528 4377//4377 4376//4376
f 4526//4526 4528//4528 4376//4376
f 4527//4527 4529//4529 4530//4530
f 4529//4529 4531//4531 4532//4532
f 4532//4532 4533//4533 4530//4530
f 4529//4529 4532//4532 4530//4530
f 4533//4533 4534//4534 4535//4535
f 4534//4534 4381//4381 4379//4379
f 4379//4379 4377//4377 4535//4535
f 4534//4534 4379//4379 4535//4535
f 4527//4527 4530//4530 4528//4528
f 4530//4530 4533//4533 4535//4535
f 4535//4535 4377//4377 4528//4528
f 4530//4530 4535//4535 4528//4528
f 4531//4531 4536//4536 4532//4532
f 4536//4536 4537//4537 4538//4538
f 4538//4538 4533//4533 4532//4532
f 4536//4536 4538//4538 4532//4532
f 4537//4537 4539//4539 4540//4540
f 4539//4539 4541//4541 4542//4542
f 4542//4542 4543//4543 4540//4540
f 4539//4539 4542//4542 4540//4540
f 4543//4543 4544//4544 4545//4545
f 4544//4544 4381//4381 4534//4534
f 4534//4534 4533//4533 4545//4545
f 4544//4544 4534//4534 4545//4545
f 4537//4537 4540//4540 4538//4538
f 4540//4540 4543//4543 4545//4545
f 4545//4545 4533//4533 4538//4538
f 4540//4540 4545//4545 4538//4538
f 4381//4381 4544//4544 4392//4392
f 4544//4544 4543//4543 4546//4546
f 4546//4546 4393//4393 4392//4392
f 4544//4544 4546//4546 4392//4392
f 4543//4543 4542//4542 4547//4547
f 4542//4542 4541//4541 4548//4548
f 4548//4548 4549//4549 4547//4547
f 4542//4542 4548//4548 4547//4547
f 4549//4549 4550//4550 4551//4551
f 4550//4550 4397//4397 4395//4395
f 4395//4395 4393//4393 4551//4551
f 4550//4550 4395//4395 4551//4551
f 4543//4543 4547//4547 4546//4546
f 4547//4547 4549//4549 4551//4551
f 4551//4551 4393//4393 4546//4546
f 4547//4547 4551//4551 4546//4546
f 4541//4541 4552//4552 4548//4548
f 4552//4552 4553//4553 4554//4554
f 4554//4554 4549//4549 4548//4548
f 4552//4552 4554//4554 4548//4548
f 4553//4553 4555//4555 4556//4556
f 4555//4555 4557//4557 4558//4558
f 4558//4558 4559//4559 4556//4556
f 4555//4555 4558//4558 4556//4556
f 4559//4559 4560//4560 4561//4561
f 4560//4560 4397//4397 4550//4550
f 4550//4550 4549//4549 4561//4561
f 4560//4560 4550//4550 4561//4561
f 4553//4553 4556//4556 4554//4554
f 4556//4556 4559//4559 4561//4561
f 4561//4561 4549//4549 4554//4554
f 4556//4556 4561//4561 4554//4554
f 4397//4397 4560//4560 4408//4408
f 4560//4560 4559//4559 4562//4562
f 4562//4562 4409//4409 4408//4408
f 4560//4560 4562//4562 4408//4408
f 4559//4559 4558//4558 4563//4563
f 4558//4558 4557//4557 4564//4564
f 4564//4564 4565//4565 4563//4563
f 4558//4558 4564//4564 4563//4563
f 4565//4565 4566//4566 4567//4567
f 4566//4566 4413//4413 4411//4411
f 4411//4411 4409//4409 4567//4567
f 4566//4566 4411//4411 4567//4567
f 4559//4559 4563//4563 4562//4562
f 4563//4563 4565//4565 4567//4567
f 4567//4567 4409//4409 4562//4562
f 4563//4563 4567//4567 4562//4562
f 4557//4557 4568//4568 4564//4564
f 4568//4568 4569//4569 4570//4570
f 4570//4570 4565//4565 4564//4564
f 4568//4568 4570//4570 4564//4564
f 4569//4569 4571//4571 4572//4572
f 4571//4571 4573//4573 4574//4574
f 4574//4574 4575//4575 4572//4572
f 4571//4571 4574//4574 4572//4572
f 4575//4575 4576//4576 4577//4577
f 4576//4576 4413//4413 4566//4566
f 4566//4566 4565//4565 4577//4577
f 4576//4576 4566//4566 4577//4577
f 4569//4569 4572//4572 4570//4570
f 4572//4572 4575//4575 4577//4577
f 4577//4577 4565//4565 4570//4570
f 4572//4572 4577//4577 4570//4570
f 4413//4413 4576//4576 4424//4424
f 4576//4576 4575//4575 4578//4578
f 4578//4578 4425//4425 4424//4424
f 4576//4576 4578//4578 4424//4424
f 4575//4575 4574//4574 4579//4579
f 4574//4574 4573//4573 4580//4580
f 4580//4580 4581//4581 4579//4579
f 4574//4574 4580//4580 4579//4579
f 4581//4581 4582//4582 4583//4583
f 4582//4582 4429//4429 4427//4427
f 4427//4427 4425//4425 4583//4583
f 4582//4582 4427//4427 4583//4583
f 4575//4575 4579//4579 4578//4578
f 4579//4579 4581//4581 4583//4583
f 4583//4583 4425//4425 4578//4578
f 4579//4579 4583//4583 4578//4578
f 4573//4573 4584//4584 4580//4580
f 4584//4584 4585//4585 4586//4586
f 4586//4586 4581//4581 4580//4580
f 4584//4584 4586//4586 4580//4580
f 4585//4585 4587//4587 4588//4588
f 4587//4587 4589//4589 4590//4590
f 4590//4590 4591//4591 4588//4588
f 4587//4587 4590//4590 4588//4588
f 4591//4591 4592//4592 4593//4593
f 4592//4592 4429//4429 4582//4582
f 4582//4582 4581//4581 4593//4593
f 4592//4592 4582//4582 4593//4593
f 4585//4585 4588//4588 4586//4586
f 4588//4588 4591//4591 4593//4593
f 4593//4593 4581//4581 4586//4586
f 4588//4588 4593//4593 4586//4586
f 4429//4429 4592//4592 4440//4440
f 4592//4592 4591//4591 4594//4594
f 4594//4594 4441//4441 4440//4440
f 4592//4592 4594//4594 4440//4440
f 4591//4591 4590//4590 4595//4595
f 4590//4590 4589//4589 4596//4596
f 4596//4596 4597//4597 4595//4595
f 4590//4590 4596//4596 4595//4595
f 4597//4597 4598//4598 4599//4599
f 4598//4598 4445//4445 4443//4443
f 4443//4443 4441//4441 4599//4599
f 4598//4598 4443//4443 4599//4599
f 4591//4591 4595//4595 4594//4594
f 4595//4595 4597//4597 4599//4599
f 4599//4599 4441//4441 4594//4594
f 4595//4595 4599//4599 4594//4594
f 4589//4589 4600//4600 4596//4596
f 4600//4600 4601//4601 4602//4602
f 4602//4602 4597//4597 4596//4596
f 4600//4600 4602//4602 4596//4596
f 4601//4601 4603//4603 4604//4604
f 4603//4603 4605//4605 4606//4606
f 4606//4606 4607//4607 4604//4604
f 4603//4603 4606//4606 4604//4604
f 4607//4607 4608//4608 4609//4609
f 4608//4608 4445//4445 4598//4598
f 4598//4598 4597//4597 4609//4609
f 4608//4608 4598//4598 4609//4609
f 4601//4601 4604//4604 4602//4602
f 4604//4604 4607//4607 4609//4609
f 4609//4609 4597//4597 4602//4602
f 4604//4604 4609//4609 4602//4602
f 4445//4445 4608//4608 4456//4456
f 4608//4608 4607//4607 4610//4610
f 4610//4610 4457//4457 4456//4456
f 4608//4608 4610//4610 4456//4456
f 4607//4607 4606//4606 4611//4611
f 4606//4606 4605//4605 4612//4612
f 4612//4612 4613//4613 4611//4611
f 4606//4606 4612//4612 4611//4611
f 4613//4613 4614//4614 4615//4615
f 4614//4614 4461//4461 4459//4459
f 4459//4459 4457//4457 4615//4615
f 4614//4614 4459//4459 4615//4615
f 4607//4607 4611//4611 4610//4610
f 4611//4611 4613//4613 4615//4615
f 4615//4615 4457//4457 4610//4610
f 4611//4611 4615//4615 4610//4610
f 4605//4605 4616//4616 4612//4612
f 4616//4616 4617//4617 4618//4618
f 4618//4618 4613//4613 4612//4612
f 4616//4616 4618//4618 4612//4612
f 4617//4617 4619//4619 4620//4620
f 4619//4619 4621//4621 4622//4622
f 4622//4622 4623//4623 4620//4620
f 4619//4619 4622//4622 4620//4620
f 4623//4623 4624//4624 4625//4625
f 4624//4624 4461//4461 4614//4614
f 4614//4614 4613//4613 4625//4625
f 4624//4624 4614//4614 4625//4625
f 4617//4617 4620//4620 4618//4618
f 4620//4620 4623//4623 4625//4625
f 4625//4625 4613//4613 4618//4618
f 4620//4620 4625//4625 4618//4618
f 4461//4461 4624//4624 4472//4472
f 4624//4624 4623//4623 4626//4626
f 4626//4626 4473//4473 4472//4472
f 4624//4624 4626//4626 4472//4472
f 4623//4623 4622//4622 4627//4627
f 4622//4622 4621//4621 4628//4628
f 4628//4628 4629//4629 4627//4627
f 4622//4622 4628//4628 4627//4627
f 4629//4629 4630//4630 4631//4631
f 4630//4630 4477//4477 4475//4475
f 4475//4475 4473//4473 4631//4631
f 4630//4630 4475//4475 4631//4631
f 4623//4623 4627//4627 4626//4626
f 4627//4627 4629//4629 4631//4631
f 4631//4631 4473//4473 4626//4626
f 4627//4627 4631//4631 4626//4626
f 4621//4621 4632//4632 4628//4628
f 4632//4632 4633//4633 4634//4634
f 4634//4634 4629//4629 4628//4628
f 4632//4632 4634//4634 4628//4628
f 4633//4633 4635//4635 4636//4636
f 4635//4635 4637//4637 4638//4638
f 4638//4638 4639//4639 4636//4636
f 4635//4635 4638//4638 4636//4636
f 4639//4639 4640//4640 4641//4641
f 4640//4640 4477//4477 4630//4630
f 4630//4630 4629//4629 4641//4641
f 4640//4640 4630//4630 4641//4641
f 4633//4633 4636//4636 4634//4634
f 4636//4636 4639//4639 4641//4641
f 4641//4641 4629//4629 4634//4634
f 4636//4636 4641//4641 4634//4634
f 4477//4477 4640//4640 4488//4488
f 4640//4640 4639//4639 4642//4642
f 4642//4642 4489//4489 4488//4488
f 4640//4640 4642//4642 4488//4488
f 4639//4639 4638//4638 4643//4643
f 4638//4638 4637//4637 4644//4644
f 4644//4644 4645//4645 4643//4643
f 4638//4638 4644//4644 4643//4643
f 4645//4645 4646//4646 4647//4647
f 4646//4646 4493//4493 4491//4491
f 4491//4491 4489//4489 4647//4647
f 4646//4646 4491//4491 4647//4647
f 4639//4639 4643//4643 4642//4642
f 4643//4643 4645//4645 4647//4647
f 4647//4647 4489//4489 4642//4642
f 4643//4643 4647//4647 4642//4642
f 4637//4637 4648//4648 4644//4644
f 4648//4648 4649//4649 4650//4650
f 4650//4650 4645//4645 4644//4644
f 4648//4648 4650//4650 4644//4644
f 4649//4649 4651//4651 4652//4652
f 4651//4651 4653//4653 4654//4654
f 4654//4654 4655//4655 4652//4652
f 4651//4651 4654//4654 4652//4652
f 4655//4655 4656//4656 4657//4657
f 4656//4656 4493//4493 4646//4646
f 4646//4646 4645//4645 4657//4657
f 4656//4656 4646//4646 4657//4657
f 4649//4649 4652//4652 4650//4650
f 4652//4652 4655//4655 4657//4657
f 4657//4657 4645//4645 4650//4650
f 4652//4652 4657//4657 4650//4650
f 4493//4493 4656//4656 4504//4504
f 4656//4656 4655//4655 4658//4658
f 4658//4658 4505//4505 4504//4504
f 4656//4656 4658//4658 4504//4504
f 4655//4655 4654//4654 4659//4659
f 4654//4654 4653//4653 4660//4660
f 4660//4660 4661//4661 4659//4659
f 4654//4654 4660//4660 4659//4659
f 4661//4661 4662//4662 4663//4663
f 4662//4662 4509//4509 4507//4507
f 4507//4507 4505//4505 4663//4663
f 4662//4662 4507//4507 4663//4663
f 4655//4655 4659//4659 4658//4658
f 4659//4659 4661//4661 4663//4663
f 4663//4663 4505//4505 4658//4658
f 4659//4659 4663//4663 4658//4658
f 4653//4653 4664//4664 4660//4660
f 4664//4664 4665//4665 4666//4666
f 4666//4666 4661//4661 4660//4660
f 4664//4664 4666//4666 4660//4660
f 4665//4665 4667//4667 4668//4668
f 4667//4667 4669//4669 4670//4670
f 4670//4670 4671//4671 4668//4668
f 4667//4667 4670//4670 4668//4668
f 4671//4671 4672//4672 4673//4673
f 4672//4672 4509//4509 4662//4662
f 4662//4662 4661//4661 4673//4673
f 4672//4672 4662//4662 4673//4673
f 4665//4665 4668//4668 4666//4666
f 4668//4668 4671//4671 4673//4673
f 4673//4673 4661//4661 4666//4666
f 4668//4668 4673//4673 4666//4666
f 4509//4509 4672//4672 4520//4520
f 4672//4672 4671//4671 4674//4674
f 4674//4674 4521//4521 4520//4520
f 4672//4672 4674//4674 4520//4520
f 4671//4671 4670//4670 4675//4675
f 4670//4670 4669//4669 4676//4676
f 4676//4676 4677//4677 4675//4675
f 4670//4670 4676//4676 4675//4675
f 4677//4677 4678//4678 4679//4679
f 4678//4678 4371//4371 4523//4523
f 4523//4523 4521//4521 4679//4679
f 4678//4678 4523//4523 4679//4679
f 4671//4671 4675//4675 4674//4674
f 4675//4675 4677//4677 4679//4679
f 4679//4679 4521//4521 4674//4674
f 4675//4675 4679//4679 4674//4674
f 4669//4669 4680//4680 4676//4676
f 4680//4680 4681//4681 4682//4682
f 4682//4682 4677//4677 4676//4676
f 4680//4680 4682//4682 4676//4676
f 4681//4681 4683//4683 4684//4684
f 4683//4683 4531//4531 4529//4529
f 4529//4529 4527//4527 4684//4684
f 4683//4683 4529//4529 4684//4684
f 4527//4527 4526//4526 4685//4685
f 4526//4526 4371//4371 4678//4678
f 4678//4678 4677//4677 4685//4685
f 4526//4526 4678//4678 4685//4685
f 4681//4681 4684//4684 4682//4682
f 4684//4684 4527//4527 4685//4685
f 4685//4685 4677//4677 4682//4682
f 4684//4684 4685//4685 4682//4682
f 4531//4531 4686//4686 4536//4536
f 4686//4686 4687//4687 4688//4688
f 4688//4688 4537//4537 4536//4536
f 4686//4686 4688//4688 4536//4536
f 4687//4687 4689//4689 4690//4690
f 4689//4689 4691//4691 4692//4692
f 4692//4692 4693//4693 4690//4690
f 4689//4689 4692//4692 4690//4690
f 4693//4693 4694//4694 4695//4695
f 4694//4694 4541//4541 4539//4539
f 4539//4539 4537//4537 4695//4695
f 4694//4694 4539//4539 4695//4695
f 4687//4687 4690//4690 4688//4688
f 4690//4690 4693//4693 4695//4695
f 4695//4695 4537//4537 4688//4688
f 4690//4690 4695//4695 4688//4688
f 4541//4541 4694//4694 4552//4552
f 4694//4694 4693//4693 4696//4696
f 4696//4696 4553//4553 4552//4552
f 4694//4694 4696//4696 4552//4552
f 4693//4693 4692//4692 4697//4697
f 4692//4692 4691//4691 4698//4698
f 4698//4698 4699//4699 4697//4697
f 4692//4692 4698//4698 4697//4697
f 4699//4699 4700//4700 4701//4701
f 4700//4700 4557//4557 4555//4555
f 4555//4555 4553//4553 4701//4701
f 4700//4700 4555//4555 4701//4701
f 4693//4693 4697//4697 4696//4696
f 4697//4697 4699//4699 4701//4701
f 4701//4701 4553//4553 4696//4696
f 4697//4697 4701//4701 4696//4696
f 4557//4557 4700//4700 4568//4568
f 4700//4700 4699//4699 4702//4702
f 4702//4702 4569//4569 4568//4568
f 4700//4700 4702//4702 4568//4568
f 4699//4699 4698//4698 4703//4703
f 4698//4698 4691//4691 4704//4704
f 4704//4704 4705//4705 4703//4703
f 4698//4698 4704//4704 4703//4703
f 4705//4705 4706//4706 4707//4707
f 4706//4706 4573//4573 4571//4571
f 4571//4571 4569//4569 4707//4707
f 4706//4706 4571//4571 4707//4707
f 4699//4699 4703//4703 4702//4702
f 4703//4703 4705//4705 4707//4707
f 4707//4707 4569//4569 4702//4702
f 4703//4703 4707//4707 4702//4702
f 4573//4573 4706//4706 4584//4584
f 4706//4706 4705//4705 4708//4708
f 4708//4708 4585//4585 4584//4584
f 4706//4706 4708//4708 4584//4584
f 4705//4705 4704//4704 4709//4709
f 4704//4704 4691//4691 4710//4710
f 4710//4710 4711//4711 4709//4709
f 4704//4704 4710//4710 4709//4709
f 4711//4711 4712//4712 4713//4713
f 4712//4712 4589//4589 4587//4587
f 4587//4587 4585//4585 4713//4713
f 4712//4712 4587//4587 4713//4713
f 4705//4705 4709//4709 4708//4708
f 4709//4709 4711//4711 4713//4713
f 4713//4713 4585//4585 4708//4708
f 4709//4709 4713//4713 4708//4708
f 4589//4589 4712//4712 4600//4600
f 4712//4712 4711//4711 4714//4714
f 4714//4714 4601//4601 4600//4600
f 4712//4712 4714//4714 4600//4600
f 4711//4711 4710//4710 4715//4715
f 4710//4710 4691//4691 4716//4716
f 4716//4716 4717//4717 4715//4715
f 4710//4710 4716//4716 4715//4715
f 4717//4717 4718//4718 4719//4719
f 4718//4718 4605//4605 4603//4603
f 4603//4603 4601//4601 4719//4719
f 4718//4718 4603//4603 4719//4719
f 4711//4711 4715//4715 4714//4714
f 4715//4715 4717//4717 4719//4719
f 4719//4719 4601//4601 4714//4714
f 4715//4715 4719//4719 4714//4714
f 4605//4605 4718//4718 4616//4616
f 4718//4718 4717//4717 4720//4720
f 4720//4720 4617//4617 4616//4616
f 4718//4718 4720//4720 4616//4616
f 4717//4717 4716//4716 4721//4721
f 4716//4716 4691//4691 4722//4722
f 4722//4722 4723//4723 4721//4721
f 4716//4716 4722//4722 4721//4721
f 4723//4723 4724//4724 4725//4725
f 4724//4724 4621//4621 4619//4619
f 4619//4619 4617//4617 4725//4725
f 4724//4724 4619//4619 4725//4725
f 4717//4717 4721//4721 4720//4720
f 4721//4721 4723//4723 4725//4725
f 4725//4725 4617//4617 4720//4720
f 4721//4721 4725//4725 4720//4720
f 4621//4621 4724//4724 4632//4632
f 4724//4724 4723//4723 4726//4726
f 4726//4726 4633//4633 4632//4632
f 4724//4724 4726//4726 4632//4632
f 4723//4723 4722//4722 4727//4727
f 4722//4722 4691//4691 4728//4728
f 4728//4728 4729//4729 4727//4727
f 4722//4722 4728//4728 4727//4727
f 4729//4729 4730//4730 4731//4731
f 4730//4730 4637//4637 4635//4635
f 4635//4635 4633//4633 4731//4731
f 4730//4730 4635//4635 4731//4731
f 4723//4723 4727//4727 4726//4726
f 4727//4727 4729//4729 4731//4731
f 4731//4731 4633//4633 4726//4726
f 4727//4727 4731//4731 4726//4726
f 4637//4637 4730//4730 4648//4648
f 4730//4730 4729//4729 4732//4732
f 4732//4732 4649//4649 4648//4648
f 4730//4730 4732//4732 4648//4648
f 4729//4729 4728//4728 4733//4733
f 4728//4728 4691//4691 4734//4734
f 4734//4734 4735//4735 4733//4733
f 4728//4728 4734//4734 4733//4733
f 4735//4735 4736//4736 4737//4737
f 4736//4736 4653//4653 4651//4651
f 4651//4651 4649//4649 4737//4737
f 4736//4736 4651//4651 4737//4737
f 4729//4729 4733//4733 4732//4732
f 4733//4733 4735//4735 4737//4737
f 4737//4737 4649//4649 4732//4732
f 4733//4733 4737//4737 4732//4732
f 4653//4653 4736//4736 4664//4664
f 4736//4736 4735//4735 4738//4738
f 4738//4738 4665//4665 4664//4664
f 4736//4736 4738//4738 4664//4664
f 4735//4735 4734//4734 4739//4739
f 4734//4734 4691//4691 4740//4740
f 4740//4740 4741//4741 4739//4739
f 4734//4734 4740//4740 4739//4739
f 4741//4741 4742//4742 4743//4743
f 4742//4742 4669//4669 4667//4667
f 4667//4667 4665//4665 4743//4743
f 4742//4742 4667//4667 4743//4743
f 4735//4735 4739//4739 4738//4738
f 4739//4739 4741//4741 4743//4743
f 4743//4743 4665//4665 4738//4738
f 4739//4739 4743//4743 4738//4738
f 4669//4669 4742//4742 4680//4680
f 4742//4742 4741//4741 4744//4744
f 4744//4744 4681//4681 4680//4680
f 4742//4742 4744//4744 4680//4680
f 4741//4741 4740//4740 4745//4745
f 4740//4740 4691//4691 4689//4689
f 4689//4689 4687//4687 4745//4745
f 4740//4740 4689//4689 4745//4745
f 4687//4687 4686//4686 4746//4746
f 4686//4686 4531//4531 4683//4683
f 4683//4683 4681//4681 4746//4746
f 4686//4686 4683//4683 4746//4746
f 4741//4741 4745//4745 4744//4744
f 4745//4745 4687//4687 4746//4746
f 4746//4746 4681//4681 4744//4744
f 4745//4745 4746//4746 4744//4744
f 4747//4747 4748//4748 4749//4749
f 4748//4748 4750//4750 4751//4751
f 4751//4751 4752//4752 4749//4749
f 4748//4748 4751//4751 4749//4749
f 4750//4750 4753//4753 4754//4754
f 4753//4753 4755//4755 4756//4756
f 4756//4756 4757//4757 4754//4754
f 4753//4753 4756//4756 4754//4754
f 4757//4757 4758//4758 4759//4759
f 4758//4758 4760//4760 4761//4761
f 4761//4761 4752//4752 4759//4759
f 4758//4758 4761//4761 4759//4759
f 4750//4750 4754//4754 4751//4751
f 4754//4754 4757//4757 4759//4759
f 4759//4759 4752//4752 4751//4751
f 4754//4754 4759//4759 4751//4751
f 4755//4755 4762//4762 4756//4756
f 4762//4762 4763//4763 4764//4764
f 4764//4764 4757//4757 4756//4756
f 4762//4762 4764//4764 4756//4756
f 4763//4763 4765//4765 4766//4766
f 4765//4765 4767//4767 4768//4768
f 4768//4768 4769//4769 4766//4766
f 4765//4765 4768//4768 4766//4766
f 4769//4769 4770//4770 4771//4771
f 4770//4770 4760//4760 4758//4758
f 4758//4758 4757//4757 4771//4771
f 4770//4770 4758//4758 4771//4771
f 4763//4763 4766//4766 4764//4764
f 4766//4766 4769//4769 4771//4771
f 4771//4771 4757//4757 4764//4764
f 4766//4766 4771//4771 4764//4764
f 4772//4772 4773//4773 4774//4774
f 4773//4773 4775//4775 4776//4776
f 4776//4776 4777//4777 4774//4774
f 4773//4773 4776//4776 4774//4774
f 4775//4775 4778//4778 4779//4779
f 4778//4778 4760//4760 4770//4770
f 4770//4770 4769//4769 4779//4779
f 4778//4778 4770//4770 4779//4779
f 4769//4769 4768//4768 4780//4780
f 4768//4768 4767//4767 4781//4781
f 4781//4781 4777//4777 4780//4780
f 4768//4768 4781//4781 4780//4780
f 4775//4775 4779//4779 4776//4776
f 4779//4779 4769//4769 4780//4780
f 4780//4780 4777//4777 4776//4776
f 4779//4779 4780//4780 4776//4776
f 4782//4782 4783//4783 4784//4784
f 4783//4783 4785//4785 4786//4786
f 4786//4786 4787//4787 4784//4784
f 4783//4783 4786//4786 4784//4784
f 4785//4785 4788//4788 4789//4789
f 4788//4788 4755//4755 4753//4753
f 4753//4753 4750//4750 4789//4789
f 4788//4788 4753//4753 4789//4789
f 4750//4750 4748//4748 4790//4790
f 4748//4748 4747//4747 4791//4791
f 4791//4791 4787//4787 4790//4790
f 4748//4748 4791//4791 4790//4790
f 4785//4785 4789//4789 4786//4786
f 4789//4789 4750//4750 4790//4790
f 4790//4790 4787//4787 4786//4786
f 4789//4789 4790//4790 4786//4786
f 4755//4755 4792//4792 4762//4762
f 4792//4792 4793//4793 4794//4794
f 4794//4794 4763//4763 4762//4762
f 4792//4792 4794//4794 4762//4762
f 4793//4793 4795//4795 4796//4796
f 4795//4795 4797//4797 4798//4798
f 4798//4798 4799//4799 4796//4796
f 4795//4795 4798//4798 4796//4796
f 4799//4799 4800//4800 4801//4801
f 4800//4800 4767//4767 4765//4765
f 4765//4765 4763//4763 4801//4801
f 4800//4800 4765//4765 4801//4801
f 4793//4793 4796//4796 4794//4794
f 4796//4796 4799//4799 4801//4801
f 4801//4801 4763//4763 4794//4794
f 4796//4796 4801//4801 4794//4794
f 4797//4797 4802//4802 4798//4798
f 4802//4802 4803//4803 4804//4804
f 4804//4804 4799//4799 4798//4798
f 4802//4802 4804//4804 4798//4798
f 4803//4803 4805//4805 4806//4806
f 4805//4805 4807//4807 4808//4808
f 4808//4808 4809//4809 4806//4806
f 4805//4805 4808//4808 4806//4806
f 4809//4809 4810//4810 4811//4811
f 4810//4810 4767//4767 4800//4800
f 4800//4800 4799//4799 4811//4811
f 4810//4810 4800//4800 4811//4811
f 4803//4803 4806//4806 4804//4804
f 4806//4806 4809//4809 4811//4811
f 4811//4811 4799//4799 4804//4804
f 4806//4806 4811//4811 4804//4804
f 4772//4772 4774//4774 4812//4812
f 4774//4774 4777//4777 4813//4813
f 4813//4813 4814//4814 4812//4812
f 4774//4774 4813//4813 4812//4812
f 4777//4777 4781//4781 4815//4815
f 4781//4781 4767//4767 4810//4810
f 4810//4810 4809//4809 4815//4815
f 4781//4781 4810//4810 4815//4815
f 4809//4809 4808//4808 4816//4816
f 4808//4808 4807//4807 4817//4817
f 4817//4817 4814//4814 4816//4816
f 4808//4808 4817//4817 4816//4816
f 4777//4777 4815//4815 4813//4813
f 4815//4815 4809//4809 4816//4816
f 4816//4816 4814//4814 4813//4813
f 4815//4815 4816//4816 4813//4813
f 4782//4782 4818//4818 4783//4783
f 4818//4818 4819//4819 4820//4820
f 4820//4820 4785//4785 4783//4783
f 4818//4818 4820//4820 4783//4783
f 4819//4819 4821//4821 4822//4822
f 4821//4821 4797//4797 4795//4795
f 4795//4795 4793//4793 4822//4822
f 4821//4821 4795//4795 4822//4822
f 4793//4793 4792//4792 4823//4823
f 4792//4792 4755//4755 4788//4788
f 4788//4788 4785//4785 4823//4823
f 4792//4792 4788//4788 4823//4823
f 4819//4819 4822//4822 4820//4820
f 4822//4822 4793//4793 4823//4823
f 4823//4823 4785//4785 4820//4820
f 4822//4822 4823//4823 4820//4820
f 4797//4797 4824//4824 4802//4802
f 4824//4824 4825//4825 4826//4826
f 4826//4826 4803//4803 4802//4802
f 4824//4824 4826//4826 4802//4802
f 4825//4825 4827//4827 4828//4828
f 4827//4827 4829//4829 4830//4830
f 4830//4830 4831//4831 4828//4828
f 4827//4827 4830//4830 4828//4828
f 4831//4831 4832//4832 4833//4833
f 4832//4832 4807//4807 4805//4805
f 4805//4805 4803//4803 4833//4833
f 4832//4832 4805//4805 4833//4833
f 4825//4825 4828//4828 4826//4826
f 4828//4828 4831//4831 4833//4833
f 4833//4833 4803//4803 4826//4826
f 4828//4828 4833//4833 4826//4826
f 4829//4829 4834//4834 4830//4830
f 4834//4834 4835//4835 4836//4836
f 4836//4836 4831//4831 4830//4830
f 4834//4834 4836//4836 4830//4830
f 4835//4835 4837//4837 4838//4838
f 4837//4837 4839//4839 4840//4840
f 4840//4840 4841//4841 4838//4838
f 4837//4837 4840//4840 4838//4838
f 4841//4841 4842//4842 4843//4843
f 4842//4842 4807//4807 4832//4832
f 4832//4832 4831//4831 4843//4843
f 4842//4842 4832//4832 4843//4843
f 4835//4835 4838//4838 4836//4836
f 4838//4838 4841//4841 4843//4843
f 4843//4843 4831//4831 4836//4836
f 4838//4838 4843//4843 4836//4836
f 4772//4772 4812//4812 4844//4844
f 4812//4812 4814//4814 4845//4845
f 4845//4845 4846//4846 4844//4844
f 4812//4812 4845//4845 4844//4844
f 4814//4814 4817//4817 4847//4847
f 4817//4817 4807//4807 4842//4842
f 4842//4842 4841//4841 4847//4847
f 4817//4817 4842//4842 4847//4847
f 4841//4841 4840//4840 4848//4848
f 4840//4840 4839//4839 4849//4849
f 4849//4849 4846//4846 4848//4848
f 4840//4840 4849//4849 4848//4848
f 4814//4814 4847//4847 4845//4845
f 4847//4847 4841//4841 4848//4848
f 4848//4848 4846//4846 4845//4845
f 4847//4847 4848//4848 4845//4845
f 4782//4782 4850//4850 4818//4818
f 4850//4850 4851//4851 4852//4852
f 4852//4852 4819//4819 4818//4818
f 4850//4850 4852//4852 4818//4818
f 4851//4851 4853//4853 4854//4854
f 4853//4853 4829//4829 4827//4827
f 4827//4827 4825//4825 4854//4854
f 4853//4853 4827//4827 4854//4854
f 4825//4825 4824//4824 4855//4855
f 4824//4824 4797//4797 4821//4821
f 4821//4821 4819//4819 4855//4855
f 4824//4824 4821//4821 4855//4855
f 4851//4851 4854//4854 4852//4852
f 4854//4854 4825//4825 4855//4855
f 4855//4855 4819//4819 4852//4852
f 4854//4854 4855//4855 4852//4852
f 4829//4829 4856//4856 4834//4834
f 4856//4856 4857//4857 4858//4858
f 4858//4858 4835//4835 4834//4834
f 4856//4856 4858//4858 4834//4834
f 4857//4857 4859//4859 4860//4860
f 4859//4859 4861//4861 4862//4862
f 4862//4862 4863//4863 4860//4860
f 4859//4859 4862//4862 4860//4860
f 4863//4863 4864//4864 4865//4865
f 4864//4864 4839//4839 4837//4837
f 4837//4837 4835//4835 4865//4865
f 4864//4864 4837//4837 4865//4865
f 4857//4857 4860//4860 4858//4858
f 4860//4860 4863//4863 4865//4865
f 4865//4865 4835//4835 4858//4858
f 4860//4860 4865//4865 4858//4858
f 4861//4861 4866//4866 4862//4862
f 4866//4866 4867//4867 4868//4868
f 4868//4868 4863//4863 4862//4862
f 4866//4866 4868//4868 4862//4862
f 4867//4867 4869//4869 4870//4870
f 4869//4869 4871//4871 4872//4872
f 4872//4872 4873//4873 4870//4870
f 4869//4869 4872//4872 4870//4870
f 4873//4873 4874//4874 4875//4875
f 4874//4874 4839//4839 4864//4864
f 4864//4864 4863//4863 4875//4875
f 4874//4874 4864//4864 4875//4875
f 4867//4867 4870//4870 4868//4868
f 4870//4870 4873//4873 4875//4875
f 4875//4875 4863//4863 4868//4868
f 4870//4870 4875//4875 4868//4868
f 4772//4772 4844//4844 4876//4876
f 4844//4844 4846//4846 4877//4877
f 4877//4877 4878//4878 4876//4876
f 4844//4844 4877//4877 4876//4876
f 4846//4846 4849//4849 4879//4879
f 4849//4849 4839//4839 4874//4874
f 4874//4874 4873//4873 4879//4879
f 4849//4849 4874//4874 4879//4879
f 4873//4873 4872//4872 4880//4880
f 4872//4872 4871//4871 4881//4881
f 4881//4881 4878//4878 4880//4880
f 4872//4872 4881//4881 4880//4880
f 4846//4846 4879//4879 4877//4877
f 4879//4879 4873//4873 4880//4880
f 4880//4880 4878//4878 4877//4877
f 4879//4879 4880//4880 4877//4877
f 4782//4782 4882//4882 4850//4850
f 4882//4882 4883//4883 4884//4884
f 4884//4884 4851//4851 4850//4850
f 4882//4882 4884//4884 4850//4850
f 4883//4883 4885//4885 4886//4886
f 4885//4885 4861//4861 4859//4859
f 4859//4859 4857//4857 4886//4886
f 4885//4885 4859//4859 4886//4886
f 4857//4857 4856//4856 4887//4887
f 4856//4856 4829//4829 4853//4853
f 4853//4853 4851//4851 4887//4887
f 4856//4856 4853//4853 4887//4887
f 4883//4883 4886//4886 4884//4884
f 4886//4886 4857//4857 4887//4887
f 4887//4887 4851//4851 4884//4884
f 4886//4886 4887//4887 4884//4884
f 4861//4861 4888//4888 4866//4866
f 4888//4888 4889//4889 4890//4890
f 4890//4890 4867//4867 4866//4866
f 4888//4888 4890//4890 4866//4866
f 4889//4889 4891//4891 4892//4892
f 4891//4891 4893//4893 4894//4894
f 4894//4894 4895//4895 4892//4892
f 4891//4891 4894//4894 4892//4892
f 4895//4895 4896//4896 4897//4897
f 4896//4896 4871//4871 4869//4869
f 4869//4869 4867//4867 4897//4897
f 4896//4896 4869//4869 4897//4897
f 4889//4889 4892//4892 4890//4890
f 4892//4892 4895//4895 4897//4897
f 4897//4897 4867//4867 4890//4890
f 4892//4892 4897//4897 4890//4890
f 4893//4893 4898//4898 4894//4894
f 4898//4898 4899//4899 4900//4900
f 4900//4900 4895//4895 4894//4894
f 4898//4898 4900//4900 4894//4894
f 4899//4899 4901//4901 4902//4902
f 4901//4901 4903//4903 4904//4904
f 4904//4904 4905//4905 4902//4902
f 4901//4901 4904//4904 4902//4902
f 4905//4905 4906//4906 4907//4907
f 4906//4906 4871//4871 4896//4896
f 4896//4896 4895//4895 4907//4907
f 4906//4906 4896//4896 4907//4907
f 4899//4899 4902//4902 4900//4900
f 4902//4902 4905//4905 4907//4907
f 4907//4907 4895//4895 4900//4900
f 4902//4902 4907//4907 4900//4900
f 4772//4772 4876//4876 4908//4908
f 4876//4876 4878//4878 4909//4909
f 4909//4909 4910//4910 4908//4908
f 4876//4876 4909//4909 4908//4908
f 4878//4878 4881//4881 4911//4911
f 4881//4881 4871//4871 4906//4906
f 4906//4906 4905//4905 4911//4911
f 4881//4881 4906//4906 4911//4911
f 4905//4905 4904//4904 4912//4912
f 4904//4904 4903//4903 4913//4913
f 4913//4913 4910//4910 4912//4912
f 4904//4904 4913//4913 4912//4912
f 4878//4878 4911//4911 4909//4909
f 4911//4911 4905//4905 4912//4912
f 4912//4912 4910//4910 4909//4909
f 4911//4911 4912//4912 4909//4909
f 4782//4782 4914//4914 4882//4882
f 4914//4914 4915//4915 4916//4916
f 4916//4916 4883//4883 4882//4882
f 4914//4914 4916//4916 4882//4882
f 4915//4915 4917//4917 4918//4918
f 4917//4917 4893//4893 4891//4891
f 4891//4891 4889//4889 4918//4918
f 4917//4917 4891//4891 4918//4918
f 4889//4889 4888//4888 4919//4919
f 4888//4888 4861//4861 4885//4885
f 4885//4885 4883//4883 4919//4919
f 4888//4888 4885//4885 4919//4919
f 4915//4915 4918//4918 4916//4916
f 4918//4918 4889//4889 4919//4919
f 4919//4919 4883//4883 4916//4916
f 4918//4918 4919//4919 4916//4916
f 4893//4893 4920//4920 4898//4898
f 4920//4920 4921//4921 4922//4922
f 4922//4922 4899//4899 4898//4898
f 4920//4920 4922//4922 4898//4898
f 4921//4921 4923//4923 4924//4924
f 4923//4923 4925//4925 4926//4926
f 4926//4926 4927//4927 4924//4924
f 4923//4923 4926//4926 4924//4924
f 4927//4927 4928//4928 4929//4929
f 4928//4928 4903//4903 4901//4901
f 4901//4901 4899//4899 4929//4929
f 4928//4928 4901//4901 4929//4929
f 4921//4921 4924//4924 4922//4922
f 4924//4924 4927//4927 4929//4929
f 4929//4929 4899//4899 4922//4922
f 4924//4924 4929//4929 4922//4922
f 4925//4925 4930//4930 4926//4926
f 4930//4930 4931//4931 4932//4932
f 4932//4932 4927//4927 4926//4926
f 4930//4930 4932//4932 4926//4926
f 4931//4931 4933//4933 4934//4934
f 4933//4933 4935//4935 4936//4936
f 4936//4936 4937//4937 4934//4934
f 4933//4933 4936//4936 4934//4934
f 4937//4937 4938//4938 4939//4939
f 4938//4938 4903//4903 4928//4928
f 4928//4928 4927//4927 4939//4939
f 4938//4938 4928//4928 4939//4939
f 4931//4931 4934//4934 4932//4932
f 4934//4934 4937//4937 4939//4939
f 4939//4939 4927//4927 4932//4932
f 4934//4934 4939//4939 4932//4932
f 4772//4772 4908//4908 4940//4940
f 4908//4908 4910//4910 4941//4941
f 4941//4941 4942//4942 4940//4940
f 4908//4908 4941//4941 4940//4940
f 4910//4910 4913//4913 4943//4943
f 4913//4913 4903//4903 4938//4938
f 4938//4938 4937//4937 4943//4943
f 4913//4913 4938//4938 4943//4943
f 4937//4937 4936//4936 4944//4944
f 4936//4936 4935//4935 4945//4945
f 4945//4945 4942//4942 4944//4944
f 4936//4936 4945//4945 4944//4944
f 4910//4910 4943//4943 4941//4941
f 4943//4943 4937//4937 4944//4944
f 4944//4944 4942//4942 4941//4941
f 4943//4943 4944//4944 4941//4941
f 4782//4782 4946//4946 4914//4914
f 4946//4946 4947//4947 4948//4948
f 4948//4948 4915//4915 4914//4914
f 4946//4946 4948//4948 4914//4914
f 4947//4947 4949//4949 4950//4950
f 4949//4949 4925//4925 4923//4923
f 4923//4923 4921//4921 4950//4950
f 4949//4949 4923//4923 4950//4950
f 4921//4921 4920//4920 4951//4951
f 4920//4920 4893//4893 4917//4917
f 4917//4917 4915//4915 4951//4951
f 4920//4920 4917//4917 4951//4951
f 4947//4947 4950//4950 4948//4948
f 4950//4950 4921//4921 4951//4951
f 4951//4951 4915//4915 4948//4948
f 4950//4950 4951//4951 4948//4948
f 4925//4925 4952//4952 4930//4930
f 4952//4952 4953//4953 4954//4954
f 4954//4954 4931//4931 4930//4930
f 4952//4952 4954//4954 4930//4930
f 4953//4953 4955//4955 4956//4956
f 4955//4955 4957//4957 4958//4958
f 4958//4958 4959//4959 4956//4956
f 4955//4955 4958//4958 4956//4956
f 4959//4959 4960//4960 4961//4961
f 4960//4960 4935//4935 4933//4933
f 4933//4933 4931//4931 4961//4961
f 4960//4960 4933//4933 4961//4961
f 4953//4953 4956//4956 4954//4954
f 4956//4956 4959//4959 4961//4961
f 4961//4961 4931//4931 4954//4954
f 4956//4956 4961//4961 4954//4954
f 4957//4957 4962//4962 4958//4958
f 4962//4962 4963//4963 4964//4964
f 4964//4964 4959//4959 4958//4958
f 4962//4962 4964//4964 4958//4958
f 4963//4963 4965//4965 4966//4966
f 4965//4965 4967//4967 4968//4968
f 4968//4968 4969//4969 4966//4966
f 4965//4965 4968//4968 4966//4966
f 4969//4969 4970//4970 4971//4971
f 4970//4970 4935//4935 4960//4960
f 4960//4960 4959//4959 4971//4971
f 4970//4970 4960//4960 4971//4971
f 4963//4963 4966//4966 4964//4964
f 4966//4966 4969//4969 4971//4971
f 4971//4971 4959//4959 4964//4964
f 4966//4966 4971//4971 4964//4964
f 4772//4772 4940//4940 4972//4972
f 4940//4940 4942//4942 4973//4973
f 4973//4973 4974//4974 4972//4972
f 4940//4940 4973//4973 4972//4972
f 4942//4942 4945//4945 4975//4975
f 4945//4945 4935//4935 4970//4970
f 4970//4970 4969//4969 4975//4975
f 4945//4945 4970//4970 4975//4975
f 4969//4969 4968//4968 4976//4976
f 4968//4968 4967//4967 4977//4977
f 4977//4977 4974//4974 4976//4976
f 4968//4968 4977//4977 4976//4976
f 4942//4942 4975//4975 4973//4973
f 4975//4975 4969//4969 4976//4976
f 4976//4976 4974//4974 4973//4973
f 4975//4975 4976//4976 4973//4973
f 4782//4782 4978//4978 4946//4946
f 4978//4978 4979//4979 4980//4980
f 4980//4980 4947//4947 4946//4946
f 4978//4978 4980//4980 4946//4946
f 4979//4979 4981//4981 4982//4982
f 4981//4981 4957//4957 4955//4955
f 4955//4955 4953//4953 4982//4982
f 4981//4981 4955//4955 4982//4982
f 4953//4953 4952//4952 4983//4983
f 4952//4952 4925//4925 4949//4949
f 4949//4949 4947//4947 4983//4983
f 4952//4952 4949//4949 4983//4983
f 4979//4979 4982//4982 4980//4980
f 4982//4982 4953//4953 4983//4983
f 4983//4983 4947//4947 4980//4980
f 4982//4982 4983//4983 4980//4980
f 4957//4957 4984//4984 4962//4962
f 4984//4984 4985//4985 4986//4986
f 4986//4986 4963//4963 4962//4962
f 4984//4984 4986//4986 4962//4962
f 4985//4985 4987//4987 4988//4988
f 4987//4987 4989//4989 4990//4990
f 4990//4990 4991//4991 4988//4988
f 4987//4987 4990//4990 4988//4988
f 4991//4991 4992//4992 4993//4993
f 4992//4992 4967//4967 4965//4965
f 4965//4965 4963//4963 4993//4993
f 4992//4992 4965//4965 4993//4993
f 4985//4985 4988//4988 4986//4986
f 4988//4988 4991//4991 4993//4993
f 4993//4993 4963//4963 4986//4986
f 4988//4988 4993//4993 4986//4986
f 4989//4989 4994//4994 4990//4990
f 4994//4994 4995//4995 4996//4996
f 4996//4996 4991//4991 4990//4990
f 4994//4994 4996//4996 4990//4990
f 4995//4995 4997//4997 4998//4998
f 4997//4997 4999//4999 5000//5000
f 5000//5000 5001//5001 4998//4998
f 4997//4997 5000//5000 4998//4998
f 5001//5001 5002//5002 5003//5003
f 5002//5002 4967//4967 4992//4992
f 4992//4992 4991//4991 5003//5003
f 5002//5002 4992//4992 5003//5003
f 4995//4995 4998//4998 4996//4996
f 4998//4998 5001//5001 5003//5003
f 5003//5003 4991//4991 4996//4996
f 4998//4998 5003//5003 4996//4996
f 4772//4772 4972//4972 5004//5004
f 4972//4972 4974//4974 5005//5005
f 5005//5005 5006//5006 5004//5004
f 4972//4972 5005//5005 5004//5004
f 4974//4974 4977//4977 5007//5007
f 4977//4977 4967//4967 5002//5002
f 5002//5002 5001//5001 5007//5007
f 4977//4977 5002//5002 5007//5007
f 5001//5001 5000//5000 5008//5008
f 5000//5000 4999//4999 5009//5009
f 5009//5009 5006//5006 5008//5008
f 5000//5000 5009//5009 5008//5008
f 4974//4974 5007//5007 5005//5005
f 5007//5007 5001//5001 5008//5008
f 5008//5008 5006//5006 5005//5005
f 5007//5007 5008//5008 5005//5005
f 4782//4782 5010//5010 4978//4978
f 5010//5010 5011//5011 5012//5012
f 5012//5012 4979//4979 4978//4978
f 5010//5010 5012//5012 4978//4978
f 5011//5011 5013//5013 5014//5014
f 5013//5013 4989//4989 4987//4987
f 4987//4987 4985//4985 5014//5014
f 5013//5013 4987//4987 5014//5014
f 4985//4985 4984//4984 5015//5015
f 4984//4984 4957//4957 4981//4981
f 4981//4981 4979//4979 5015//5015
f 4984//4984 4981//4981 5015//5015
f 5011//5011 5014//5014 5012//5012
f 5014//5014 4985//4985 5015//5015
f 5015//5015 4979//4979 5012//5012
f 5014//5014 5015//5015 5012//5012
f 4989//4989 5016//5016 4994//4994
f 5016//5016 5017//5017 5018//5018
f 5018//5018 4995//4995 4994//4994
f 5016//5016 5018//5018 4994//4994
f 5017//5017 5019//5019 5020//5020
f 5019//5019 5021//5021 5022//5022
f 5022//5022 5023//5023 5020//5020
f 5019//5019 5022//5022 5020//5020
f 5023//5023 5024//5024 5025//5025
f 5024//5024 4999//4999 4997//4997
f 4997//4997 4995//4995 5025//5025
f 5024//5024 4997//4997 5025//5025
f 5017//5017 5020//5020 5018//5018
f 5020//5020 5023//5023 5025//5025
f 5025//5025 4995//4995 5018//5018
f 5020//5020 5025//5025 5018//5018
f 5021//5021 5026//5026 5022//5022
f 5026//5026 5027//5027 5028//5028
f 5028//5028 5023//5023 5022//5022
f 5026//5026 5028//5028 5022//5022
f 5027//5027 5029//5029 5030//5030
f 5029//5029 5031//5031 5032//5032
f 5032//5032 5033//5033 5030//5030
f 5029//5029 5032//5032 5030//5030
f 5033//5033 5034//5034 5035//5035
f 5034//5034 4999//4999 5024//5024
f 5024//5024 5023//5023 5035//5035
f 5034//5034 5024//5024 5035//5035
f 5027//5027 5030//5030 5028//5028
f 5030//5030 5033//5033 5035//5035
f 5035//5035 5023//5023 5028//5028
f 5030//5030 5035//5035 5028//5028
f 4772//4772 5004//5004 5036//5036
f 5004//5004 5006//5006 5037//5037
f 5037//5037 5038//5038 5036//5036
f 5004//5004 5037//5037 5036//5036
f 5006//5006 5009//5009 5039//5039
f 5009//5009 4999//4999 5034//5034
f 5034//5034 5033//5033 5039//5039
f 5009//5009 5034//5034 5039//5039
f 5033//5033 5032//5032 5040//5040
f 5032//5032 5031//5031 5041//5041
f 5041//5041 5038//5038 5040//5040
f 5032//5032 5041//5041 5040//5040
f 5006//5006 5039//5039 5037//5037
f 5039//5039 5033//5033 5040//5040
f 5040//5040 5038//5038 5037//5037
f 5039//5039 5040//5040 5037//5037
f 4782//4782 5042//5042 5010//5010
f 5042//5042 5043//5043 5044//5044
f 5044//5044 5011//5011 5010//5010
f 5042//5042 5044//5044 5010//5010
f 5043//5043 5045//5045 5046//5046
f 5045//5045 5021//5021 5019//5019
f 5019//5019 5017//5017 5046//5046
f 5045//5045 5019//5019 5046//5046
f 5017//5017 5016//5016 5047//5047
f 5016//5016 4989//4989 5013//5013
f 5013//5013 5011//5011 5047//5047
f 5016//5016 5013//5013 5047//5047
f 5043//5043 5046//5046 5044//5044
f 5046//5046 5017//5017 5047//5047
f 5047//5047 5011//5011 5044//5044
f 5046//5046 5047//5047 5044//5044
f 5021//5021 5048//5048 5026//5026
f 5048//5048 5049//5049 5050//5050
f 5050//5050 5027//5027 5026//5026
f 5048//5048 5050//5050 5026//5026
f 5049//5049 5051//5051 5052//5052
f 5051//5051 4747//4747 5053//5053
f 5053//5053 5054//5054 5052//5052
f 5051//5051 5053//5053 5052//5052
f 5054//5054 5055//5055 5056//5056
f 5055//5055 5031//5031 5029//5029
f 5029//5029 5027//5027 5056//5056
f 5055//5055 5029//5029 5056//5056
f 5049//5049 5052//5052 5050//5050
f 5052//5052 5054//5054 5056//5056
f 5056//5056 5027//5027 5050//5050
f 5052//5052 5056//5056 5050//5050
f 4747//4747 4749//4749 5053//5053
f 4749//4749 4752//4752 5057//5057
f 5057//5057 5054//5054 5053//5053
f 4749//4749 5057//5057 5053//5053
f 4752//4752 4761//4761 5058//5058
f 4761//4761 4760//4760 5059//5059
f 5059//5059 5060//5060 5058//5058
f 4761//4761 5059//5059 5058//5058
f 5060//5060 5061//5061 5062//5062
f 5061//5061 5031//5031 5055//5055
f 5055//5055 5054//5054 5062//5062
f 5061//5061 5055//5055 5062//5062
f 4752//4752 5058//5058 5057//5057
f 5058//5058 5060//5060 5062//5062
f 5062//5062 5054//5054 5057//5057
f 5058//5058 5062//5062 5057//5057
f 4772//4772 5036//5036 4773//4773
f 5036//5036 5038//5038 5063//5063
f 5063//5063 4775//4775 4773//4773
f 5036//5036 5063//5063 4773//4773
f 5038//5038 5041//5041 5064//5064
f 5041//5041 5031//5031 5061//5061
f 5061//5061 5060//5060 5064//5064
f 5041//5041 5061//5061 5064//5064
f 5060//5060 5059//5059 5065//5065
f 5059//5059 4760//4760 4778//4778
f 4778//4778 4775//4775 5065//5065
f 5059//5059 4778//4778 5065//5065
f 5038//5038 5064//5064 5063//5063
f 5064//5064 5060//5060 5065//5065
f 5065//5065 4775//4775 5063//5063
f 5064//5064 5065//5065 5063//5063
f 4782//4782 4784//4784 5042//5042
f 4784//4784 4787//4787 5066//5066
f 5066//5066 5043//5043 5042//5042
f 4784//4784 5066//5066 5042//5042
f 4787//4787 4791//4791 5067//5067
f 4791//4791 4747//4747 5051//5051
f 5051//5051 5049//5049 5067//5067
f 4791//4791 5051//5051 5067//5067
f 5049//5049 5048//5048 5068//5068
f 5048//5048 5021//5021 5045//5045
f 5045//5045 5043//5043 5068//5068
f 5048//5048 5045//5045 5068//5068
f 4787//4787 5067//5067 5066//5066
f 5067//5067 5049//5049 5068//5068
f 5068//5068 5043//5043 5066//5066
f 5067//5067 5068//5068 5066//5066
f 5069//5069 5070//5070 5071//5071
f 5070//5070 5072//5072 5073//5073
f 5073//5073 5074//5074 5071//5071
f 5070//5070 5073//5073 5071//5071
f 5072//5072 5075//5075 5076//5076
f 5075//5075 5077//5077 5078//5078
f 5078//5078 5079//5079 5076//5076
f 5075//5075 5078//5078 5076//5076
f 5079//5079 5080//5080 5081//5081
f 5080//5080 5082//5082 5083//5083
f 5083//5083 5074//5074 5081//5081
f 5080//5080 5083//5083 5081//5081
f 5072//5072 5076//5076 5073//5073
f 5076//5076 5079//5079 5081//5081
f 5081//5081 5074//5074 5073//5073
f 5076//5076 5081//5081 5073//5073
f 5077//5077 5084//5084 5078//5078
f 5084//5084 5085//5085 5086//5086
f 5086//5086 5079//5079 5078//5078
f 5084//5084 5086//5086 5078//5078
f 5085//5085 5087//5087 5088//5088
f 5087//5087 5089//5089 5090//5090
f 5090//5090 5091//5091 5088//5088
f 5087//5087 5090//5090 5088//5088
f 5091//5091 5092//5092 5093//5093
f 5092//5092 5082//5082 5080//5080
f 5080//5080 5079//5079 5093//5093
f 5092//5092 5080//5080 5093//5093
f 5085//5085 5088//5088 5086//5086
f 5088//5088 5091//5091 5093//5093
f 5093//5093 5079//5079 5086//5086
f 5088//5088 5093//5093 5086//5086
f 5094//5094 5095//5095 5096//5096
f 5095//5095 5097//5097 5098//5098
f 5098//5098 5099//5099 5096//5096
f 5095//5095 5098//5098 5096//5096
f 5097//5097 5100//5100 5101//5101
f 5100//5100 5082//5082 5092//5092
f 5092//5092 5091//5091 5101//5101
f 5100//5100 5092//5092 5101//5101
f 5091//5091 5090//5090 5102//5102
f 5090//5090 5089//5089 5103//5103
f 5103//5103 5099//5099 5102//5102
f 5090//5090 5103//5103 5102//5102
f 5097//5097 5101//5101 5098//5098
f 5101//5101 5091//5091 5102//5102
f 5102//5102 5099//5099 5098//5098
f 5101//5101 5102//5102 5098//5098
f 5104//5104 5105//5105 5106//5106
f 5105//5105 5107//5107 5108//5108
f 5108//5108 5109//5109 5106//5106
f 5105//5105 5108//5108 5106//5106
f 5107//5107 5110//5110 5111//5111
f 5110//5110 5077//5077 5075//5075
f 5075//5075 5072//5072 5111//5111
f 5110//5110 5075//5075 5111//5111
f 5072//5072 5070//5070 5112//5112
f 5070//5070 5069//5069 5113//5113
f 5113//5113 5109//5109 5112//5112
f 5070//5070 5113//5113 5112//5112
f 5107//5107 5111//5111 5108//5108
f 5111//5111 5072//5072 5112//5112
f 5112//5112 5109//5109 5108//5108
f 5111//5111 5112//5112 5108//5108
f 5077//5077 5114//5114 5084//5084
f 5114//5114 5115//5115 5116//5116
f 5116//5116 5085//5085 5084//5084
f 5114//5114 5116//5116 5084//5084
f 5115//5115 5117//5117 5118//5118
f 5117//5117 5119//5119 5120//5120
f 5120//5120 5121//5121 5118//5118
f 5117//5117 5120//5120 5118//5118
f 5121//5121 5122//5122 5123//5123
f 5122//5122 5089//5089 5087//5087
f 5087//5087 5085//5085 5123//5123
f 5122//5122 5087//5087 5123//5123
f 5115//5115 5118//5118 5116//5116
f 5118//5118 5121//5121 5123//5123
f 5123//5123 5085//5085 5116//5116
f 5118//5118 5123//5123 5116//5116
f 5119//5119 5124//5124 5120//5120
f 5124//5124 5125//5125 5126//5126
f 5126//5126 5121//5121 5120//5120
f 5124//5124 5126//5126 5120//5120
f 5125//5125 5127//5127 5128//5128
f 5127//5127 5129//5129 5130//5130
f 5130//5130 5131//5131 5128//5128
f 5127//5127 5130//5130 5128//5128
f 5131//5131 5132//5132 5133//5133
f 5132//5132 5089//5089 5122//5122
f 5122//5122 5121//5121 5133//5133
f 5132//5132 5122//5122 5133//5133
f 5125//5125 5128//5128 5126//5126
f 5128//5128 5131//5131 5133//5133
f 5133//5133 5121//5121 5126//5126
f 5128//5128 5133//5133 5126//5126
f 5094//5094 5096//5096 5134//5134
f 5096//5096 5099//5099 5135//5135
f 5135//5135 5136//5136 5134//5134
f 5096//5096 5135//5135 5134//5134
f 5099//5099 5103//5103 5137//5137
f 5103//5103 5089//5089 5132//5132
f 5132//5132 5131//5131 5137//5137
f 5103//5103 5132//5132 5137//5137
f 5131//5131 5130//5130 5138//5138
f 5130//5130 5129//5129 5139//5139
f 5139//5139 5136//5136 5138//5138
f 5130//5130 5139//5139 5138//5138
f 5099//5099 5137//5137 5135//5135
f 5137//5137 5131//5131 5138//5138
f 5138//5138 5136//5136 5135//5135
f 5137//5137 5138//5138 5135//5135
f 5104//5104 5140//5140 5105//5105
f 5140//5140 5141//5141 5142//5142
f 5142//5142 5107//5107 5105//5105
f 5140//5140 5142//5142 5105//5105
f 5141//5141 5143//5143 5144//5144
f 5143//5143 5119//5119 5117//5117
f 5117//5117 5115//5115 5144//5144
f 5143//5143 5117//5117 5144//5144
f 5115//5115 5114//5114 5145//5145
f 5114//5114 5077//5077 5110//5110
f 5110//5110 5107//5107 5145//5145
f 5114//5114 5110//5110 5145//5145
f 5141//5141 5144//5144 5142//5142
f 5144//5144 5115//5115 5145//5145
f 5145//5145 5107//5107 5142//5142
f 5144//5144 5145//5145 5142//5142
f 5119//5119 5146//5146 5124//5124
f 5146//5146 5147//5147 5148//5148
f 5148//5148 5125//5125 5124//5124
f 5146//5146 5148//5148 5124//5124
f 5147//5147 5149//5149 5150//5150
f 5149//5149 5151//5151 5152//5152
f 5152//5152 5153//5153 5150//5150
f 5149//5149 5152//5152 5150//5150
f 5153//5153 5154//5154 5155//5155
f 5154//5154 5129//5129 5127//5127
f 5127//5127 5125//5125 5155//5155
f 5154//5154 5127//5127 5155//5155
f 5147//5147 5150//5150 5148//5148
f 5150//5150 5153//5153 5155//5155
f 5155//5155 5125//5125 5148//5148
f 5150//5150 5155//5155 5148//5148
f 5151//5151 5156//5156 5152//5152
f 5156//5156 5157//5157 5158//5158
f 5158//5158 5153//5153 5152//5152
f 5156//5156 5158//5158 5152//5152
f 5157//5157 5159//5159 5160//5160
f 5159//5159 5161//5161 5162//5162
f 5162//5162 5163//5163 5160//5160
f 5159//5159 5162//5162 5160//5160
f 5163//5163 5164//5164 5165//5165
f 5164//5164 5129//5129 5154//5154
f 5154//5154 5153//5153 5165//5165
f 5164//5164 5154//5154 5165//5165
f 5157//5157 5160//5160 5158//5158
f 5160//5160 5163//5163 5165//5165
f 5165//5165 5153//5153 5158//5158
f 5160//5160 5165//5165 5158//5158
f 5094//5094 5134//5134 5166//5166
f 5134//5134 5136//5136 5167//5167
f 5167//5167 5168//5168 5166//5166
f 5134//5134 5167//5167 5166//5166
f 5136//5136 5139//5139 5169//5169
f 5139//5139 5129//5129 5164//5164
f 5164//5164 5163//5163 5169//5169
f 5139//5139 5164//5164 5169//5169
f 5163//5163 5162//5162 5170//5170
f 5162//5162 5161//5161 5171//5171
f 5171//5171 5168//5168 5170//5170
f 5162//5162 5171//5171 5170//5170
f 5136//5136 5169//5169 5167//5167
f 5169//5169 5163//5163 5170//5170
f 5170//5170 5168//5168 5167//5167
f 5169//5169 5170//5170 5167//5167
f 5104//5104 5172//5172 5140//5140
f 5172//5172 5173//5173 5174//5174
f 5174//5174 5141//5141 5140//5140
f 5172//5172 5174//5174 5140//5140
f 5173//5173 5175//5175 5176//5176
f 5175//5175 5151//5151 5149//5149
f 5149//5149 5147//5147 5176//5176
f 5175//5175 5149//5149 5176//5176
f 5147//5147 5146//5146 5177//5177
f 5146//5146 5119//5119 5143//5143
f 5143//5143 5141//5141 5177//5177
f 5146//5146 5143//5143 5177//5177
f 5173//5173 5176//5176 5174//5174
f 5176//5176 5147//5147 5177//5177
f 5177//5177 5141//5141 5174//5174
f 5176//5176 5177//5177 5174//5174
f 5151//5151 5178//5178 5156//5156
f 5178//5178 5179//5179 5180//5180
f 5180//5180 5157//5157 5156//5156
f 5178//5178 5180//5180 5156//5156
f 5179//5179 5181//5181 5182//5182
f 5181//5181 5183//5183 5184//5184
f 5184//5184 5185//5185 5182//5182
f 5181//5181 5184//5184 5182//5182
f 5185//5185 5186//5186 5187//5187
f 5186//5186 5161//5161 5159//5159
f 5159//5159 5157//5157 5187//5187
f 5186//5186 5159//5159 5187//5187
f 5179//5179 5182//5182 5180//5180
f 5182//5182 5185//5185 5187//5187
f 5187//5187 5157//5157 5180//5180
f 5182//5182 5187//5187 5180//5180
f 5183//5183 5188//5188 5184//5184
f 5188//5188 5189//5189 5190//5190
f 5190//5190 5185//5185 5184//5184
f 5188//5188 5190//5190 5184//5184
f 5189//5189 5191//5191 5192//5192
f 5191//5191 5193//5193 5194//5194
f 5194//5194 5195//5195 5192//5192
f 5191//5191 5194//5194 5192//5192
f 5195//5195 5196//5196 5197//5197
f 5196//5196 5161//5161 5186//5186
f 5186//5186 5185//5185 5197//5197
f 5196//5196 5186//5186 5197//5197
f 5189//5189 5192//5192 5190//5190
f 5192//5192 5195//5195 5197//5197
f 5197//5197 5185//5185 5190//5190
f 5192//5192 5197//5197 5190//5190
f 5094//5094 5166//5166 5198//5198
f 5166//5166 5168//5168 5199//5199
f 5199//5199 5200//5200 5198//5198
f 5166//5166 5199//5199 5198//5198
f 5168//5168 5171//5171 5201//5201
f 5171//5171 5161//5161 5196//5196
f 5196//5196 5195//5195 5201//5201
f 5171//5171 5196//5196 5201//5201
f 5195//5195 5194//5194 5202//5202
f 5194//5194 5193//5193 5203//5203
f 5203//5203 5200//5200 5202//5202
f 5194//5194 5203//5203 5202//5202
f 5168//5168 5201//5201 5199//5199
f 5201//5201 5195//5195 5202//5202
f 5202//5202 5200//5200 5199//5199
f 5201//5201 5202//5202 5199//5199
f 5104//5104 5204//5204 5172//5172
f 5204//5204 5205//5205 5206//5206
f 5206//5206 5173//5173 5172//5172
f 5204//5204 5206//5206 5172//5172
f 5205//5205 5207//5207 5208//5208
f 5207//5207 5183//5183 5181//5181
f 5181//5181 5179//5179 5208//5208
f 5207//5207 5181//5181 5208//5208
f 5179//5179 5178//5178 5209//5209
f 5178//5178 5151//5151 5175//5175
f 5175//5175 5173//5173 5209//5209
f 5178//5178 5175//5175 5209//5209
f 5205//5205 5208//5208 5206//5206
f 5208//5208 5179//5179 5209//5209
f 5209//5209 5173//5173 5206//5206
f 5208//5208 5209//5209 5206//5206
f 5183//5183 5210//5210 5188//5188
f 5210//5210 5211//5211 5212//5212
f 5212//5212 5189//5189 5188//5188
f 5210//5210 5212//5212 5188//5188
f 5211//5211 5213//5213 5214//5214
f 5213//5213 5215//5215 5216//5216
f 5216//5216 5217//5217 5214//5214
f 5213//5213 5216//5216 5214//5214
f 5217//5217 5218//5218 5219//5219
f 5218//5218 5193//5193 5191//5191
f 5191//5191 5189//5189 5219//5219
f 5218//5218 5191//5191 5219//5219
f 5211//5211 5214//5214 5212//5212
f 5214//5214 5217//5217 5219//5219
f 5219//5219 5189//5189 5212//5212
f 5214//5214 5219//5219 5212//5212
f 5215//5215 5220//5220 5216//5216
f 5220//5220 5221//5221 5222//5222
f 5222//5222 5217//5217 5216//5216
f 5220//5220 5222//5222 5216//5216
f 5221//5221 5223//5223 5224//5224
f 5223//5223 5225//5225 5226//5226
f 5226//5226 5227//5227 5224//5224
f 5223//5223 5226//5226 5224//5224
f 5227//5227 5228//5228 5229//5229
f 5228//5228 5193//5193 5218//5218
f 5218//5218 5217//5217 5229//5229
f 5228//5228 5218//5218 5229//5229
f 5221//5221 5224//5224 5222//5222
f 5224//5224 5227//5227 5229//5229
f 5229//5229 5217//5217 5222//5222
f 5224//5224 5229//5229 5222//5222
f 5094//5094 5198//5198 5230//5230
f 5198//5198 5200//5200 5231//5231
f 5231//5231 5232//5232 5230//5230
f 5198//5198 5231//5231 5230//5230
f 5200//5200 5203//5203 5233//5233
f 5203//5203 5193//5193 5228//5228
f 5228//5228 5227//5227 5233//5233
f 5203//5203 5228//5228 5233//5233
f 5227//5227 5226//5226 5234//5234
f 5226//5226 5225//5225 5235//5235
f 5235//5235 5232//5232 5234//5234
f 5226//5226 5235//5235 5234//5234
f 5200//5200 5233//5233 5231//5231
f 5233//5233 5227//5227 5234//5234
f 5234//5234 5232//5232 5231//5231
f 5233//5233 5234//5234 5231//5231
f 5104//5104 5236//5236 5204//5204
f 5236//5236 5237//5237 5238//5238
f 5238//5238 5205//5205 5204//5204
f 5236//5236 5238//5238 5204//5204
f 5237//5237 5239//5239 5240//5240
f 5239//5239 5215//5215 5213//5213
f 5213//5213 5211//5211 5240//5240
f 5239//5239 5213//5213 5240//5240
f 5211//5211 5210//5210 5241//5241
f 5210//5210 5183//5183 5207//5207
f 5207//5207 5205//5205 5241//5241
f 5210//5210 5207//5207 5241//5241
f 5237//5237 5240//5240 5238//5238
f 5240//5240 5211//5211 5241//5241
f 5241//5241 5205//5205 5238//5238
f 5240//5240 5241//5241 5238//5238
f 5215//5215 5242//5242 5220//5220
f 5242//5242 5243//5243 5244//5244
f 5244//5244 5221//5221 5220//5220
f 5242//5242 5244//5244 5220//5220
f 5243//5243 5245//5245 5246//5246
f 5245//5245 5247//5247 5248//5248
f 5248//5248 5249//5249 5246//5246
f 5245//5245 5248//5248 5246//5246
f 5249//5249 5250//5250 5251//5251
f 5250//5250 5225//5225 5223//5223
f 5223//5223 5221//5221 5251//5251
f 5250//5250 5223//5223 5251//5251
f 5243//5243 5246//5246 5244//5244
f 5246//5246 5249//5249 5251//5251
f 5251//5251 5221//5221 5244//5244
f 5246//5246 5251//5251 5244//5244
f 5247//5247 5252//5252 5248//5248
f 5252//5252 5253//5253 5254//5254
f 5254//5254 5249//5249 5248//5248
f 5252//5252 5254//5254 5248//5248
f 5253//5253 5255//5255 5256//5256
f 5255//5255 5257//5257 5258//5258
f 5258//5258 5259//5259 5256//5256
f 5255//5255 5258//5258 5256//5256
f 5259//5259 5260//5260 5261//5261
f 5260//5260 5225//5225 5250//5250
f 5250//5250 5249//5249 5261//5261
f 5260//5260 5250//5250 5261//5261
f 5253//5253 5256//5256 5254//5254
f 5256//5256 5259//5259 5261//5261
f 5261//5261 5249//5249 5254//5254
f 5256//5256 5261//5261 5254//5254
f 5094//5094 5230//5230 5262//5262
f 5230//5230 5232//5232 5263//5263
f 5263//5263 5264//5264 5262//5262
f 5230//5230 5263//5263 5262//5262
f 5232//5232 5235//5235 5265//5265
f 5235//5235 5225//5225 5260//5260
f 5260//5260 5259//5259 5265//5265
f 5235//5235 5260//5260 5265//5265
f 5259//5259 5258//5258 5266//5266
f 5258//5258 5257//5257 5267//5267
f 5267//5267 5264//5264 5266//5266
f 5258//5258 5267//5267 5266//5266
f 5232//5232 5265//5265 5263//5263
f 5265//5265 5259//5259 5266//5266
f 5266//5266 5264//5264 5263//5263
f 5265//5265 5266//5266 5263//5263
f 5104//5104 5268//5268 5236//5236
f 5268//5268 5269//5269 5270//5270
f 5270//5270 5237//5237 5236//5236
f 5268//5268 5270//5270 5236//5236
f 5269//5269 5271//5271 5272//5272
f 5271//5271 5247//5247 5245//5245
f 5245//5245 5243//5243 5272//5272
f 5271//5271 5245//5245 5272//5272
f 5243//5243 5242//5242 5273//5273
f 5242//5242 5215//5215 5239//5239
f 5239//5239 5237//5237 5273//5273
f 5242//5242 5239//5239 5273//5273
f 5269//5269 5272//5272 5270//5270
f 5272//5272 5243//5243 5273//5273
f 5273//5273 5237//5237 5270//5270
f 5272//5272 5273//5273 5270//5270
f 5247//5247 5274//5274 5252//5252
f 5274//5274 5275//5275 5276//5276
f 5276//5276 5253//5253 5252//5252
f 5274//5274 5276//5276 5252//5252
f 5275//5275 5277//5277 5278//5278
f 5277//5277 5279//5279 5280//5280
f 5280//5280 5281//5281 5278//5278
f 5277//5277 5280//5280 5278//5278
f 5281//5281 5282//5282 5283//5283
f 5282//5282 5257//5257 5255//5255
f 5255//5255 5253//5253 5283//5283
f 5282//5282 5255//5255 5283//5283
f 5275//5275 5278//5278 5276//5276
f 5278//5278 5281//5281 5283//5283
f 5283//5283 5253//5253 5276//5276
f 5278//5278 5283//5283 5276//5276
f 5279//5279 5284//5284 5280//5280
f 5284//5284 5285//5285 5286//5286
f 5286//5286 5281//5281 5280//5280
f 5284//5284 5286//5286 5280//5280
f 5285//5285 5287//5287 5288//5288
f 5287//5287 5289//5289 5290//5290
f 5290//5290 5291//5291 5288//5288
f 5287//5287 5290//5290 5288//5288
f 5291//5291 5292//5292 5293//5293
f 5292//5292 5257//5257 5282//5282
f 5282//5282 5281//5281 5293//5293
f 5292//5292 5282//5282 5293//5293
f 5285//5285 5288//5288 5286//5286
f 5288//5288 5291//5291 5293//5293
f 5293//5293 5281//5281 5286//5286
f 5288//5288 5293//5293 5286//5286
f 5094//5094 5262//5262 5294//5294
f 5262//5262 5264//5264 5295//5295
f 5295//5295 5296//5296 5294//5294
f 5262//5262 5295//5295 5294//5294
f 5264//5264 5267//5267 5297//5297
f 5267//5267 5257//5257 5292//5292
f 5292//5292 5291//5291 5297//5297
f 5267//5267 5292//5292 5297//5297
f 5291//5291 5290//5290 5298//5298
f 5290//5290 5289//5289 5299//5299
f 5299//5299 5296//5296 5298//5298
f 5290//5290 5299//5299 5298//5298
f 5264//5264 5297//5297 5295//5295
f 5297//5297 5291//5291 5298//5298
f 5298//5298 5296//5296 5295//5295
f 5297//5297 5298//5298 5295//5295
f 5104//5104 5300//5300 5268//5268
f 5300//5300 5301//5301 5302//5302
f 5302//5302 5269//5269 5268//5268
f 5300//5300 5302//5302 5268//5268
f 5301//5301 5303//5303 5304//5304
f 5303//5303 5279//5279 5277//5277
f 5277//5277 5275//5275 5304//5304
f 5303//5303 5277//5277 5304//5304
f 5275//5275 5274//5274 5305//5305
f 5274//5274 5247//5247 5271//5271
f 5271//5271 5269//5269 5305//5305
f 5274//5274 5271//5271 5305//5305
f 5301//5301 5304//5304 5302//5302
f 5304//5304 5275//5275 5305//5305
f 5305//5305 5269//5269 5302//5302
f 5304//5304 5305//5305 5302//5302
f 5279//5279 5306//5306 5284//5284
f 5306//5306 5307//5307 5308//5308
f 5308//5308 5285//5285 5284//5284
f 5306//5306 5308//5308 5284//5284
f 5307//5307 5309//5309 5310//5310
f 5309//5309 5311//5311 5312//5312
f 5312//5312 5313//5313 5310//5310
f 5309//5309 5312//5312 5310//5310
f 5313//5313 5314//5314 5315//5315
f 5314//5314 5289//5289 5287//5287
f 5287//5287 5285//5285 5315//5315
f 5314//5314 5287//5287 5315//5315
f 5307//5307 5310//5310 5308//5308
f 5310//5310 5313//5313 5315//5315
f 5315//5315 5285//5285 5308//5308
f 5310//5310 5315//5315 5308//5308
f 5311//5311 5316//5316 5312//5312
f 5316//5316 5317//5317 5318//5318
f 5318//5318 5313//5313 5312//5312
f 5316//5316 5318//5318 5312//5312
f 5317//5317 5319//5319 5320//5320
f 5319//5319 5321//5321 5322//5322
f 5322//5322 5323//5323 5320//5320
f 5319//5319 5322//5322 5320//5320
f 5323//5323 5324//5324 5325//5325
f 5324//5324 5289//5289 5314//5314
f 5314//5314 5313//5313 5325//5325
f 5324//5324 5314//5314 5325//5325
f 5317//5317 5320//5320 5318//5318
f 5320//5320 5323//5323 5325//5325
f 5325//5325 5313//5313 5318//5318
f 5320//5320 5325//5325 5318//5318
f 5094//5094 5294//5294 5326//5326
f 5294//5294 5296//5296 5327//5327
f 5327//5327 5328//5328 5326//5326
f 5294//5294 5327//5327 5326//5326
f 5296//5296 5299//5299 5329//5329
f 5299//5299 5289//5289 5324//5324
f 5324//5324 5323//5323 5329//5329
f 5299//5299 5324//5324 5329//5329
f 5323//5323 5322//5322 5330//5330
f 5322//5322 5321//5321 5331//5331
f 5331//5331 5328//5328 5330//5330
f 5322//5322 5331//5331 5330//5330
f 5296//5296 5329//5329 5327//5327
f 5329//5329 5323//5323 5330//5330
f 5330//5330 5328//5328 5327//5327
f 5329//5329 5330//5330 5327//5327
f 5104//5104 5332//5332 5300//5300
f 5332//5332 5333//5333 5334//5334
f 5334//5334 5301//5301 5300//5300
f 5332//5332 5334//5334 5300//5300
f 5333//5333 5335//5335 5336//5336
f 5335//5335 5311//5311 5309//5309
f 5309//5309 5307//5307 5336//5336
f 5335//5335 5309//5309 5336//5336
f 5307//5307 5306//5306 5337//5337
f 5306//5306 5279//5279 5303//5303
f 5303//5303 5301//5301 5337//5337
f 5306//5306 5303//5303 5337//5337
f 5333//5333 5336//5336 5334//5334
f 5336//5336 5307//5307 5337//5337
f 5337//5337 5301//5301 5334//5334
f 5336//5336 5337//5337 5334//5334
f 5311//5311 5338//5338 5316//5316
f 5338//5338 5339//5339 5340//5340
f 5340//5340 5317//5317 5316//5316
f 5338//5338 5340//5340 5316//5316
f 5339//5339 5341//5341 5342//5342
f 5341//5341 5343//5343 5344//5344
f 5344//5344 5345//5345 5342//5342
f 5341//5341 5344//5344 5342//5342
f 5345//5345 5346//5346 5347//5347
f 5346//5346 5321//5321 5319//5319
f 5319//5319 5317//5317 5347//5347
f 5346//5346 5319//5319 5347//5347
f 5339//5339 5342//5342 5340//5340
f 5342//5342 5345//5345 5347//5347
f 5347//5347 5317//5317 5340//5340
f 5342//5342 5347//5347 5340//5340
f 5343//5343 5348//5348 5344//5344
f 5348//5348 5349//5349 5350//5350
f 5350//5350 5345//5345 5344//5344
f 5348//5348 5350//5350 5344//5344
f 5349//5349 5351//5351 5352//5352
f 5351//5351 5353//5353 5354//5354
f 5354//5354 5355//5355 5352//5352
f 5351//5351 5354//5354 5352//5352
f 5355//5355 5356//5356 5357//5357
f 5356//5356 5321//5321 5346//5346
f 5346//5346 5345//5345 5357//5357
f 5356//5356 5346//5346 5357//5357
f 5349//5349 5352//5352 5350//5350
f 5352//5352 5355//5355 5357//5357
f 5357//5357 5345//5345 5350//5350
f 5352//5352 5357//5357 5350//5350
f 5094//5094 5326//5326 5358//5358
f 5326//5326 5328//5328 5359//5359
f 5359//5359 5360//5360 5358//5358
f 5326//5326 5359//5359 5358//5358
f 5328//5328 5331//5331 5361//5361
f 5331//5331 5321//5321 5356//5356
f 5356//5356 5355//5355 5361//5361
f 5331//5331 5356//5356 5361//5361
f 5355//5355 5354//5354 5362//5362
f 5354//5354 5353//5353 5363//5363
f 5363//5363 5360//5360 5362//5362
f 5354//5354 5363//5363 5362//5362
f 5328//5328 5361//5361 5359//5359
f 5361//5361 5355//5355 5362//5362
f 5362//5362 5360//5360 5359//5359
f 5361//5361 5362//5362 5359//5359
f 5104//5104 5364//5364 5332//5332
f 5364//5364 5365//5365 5366//5366
f 5366//5366 5333//5333 5332//5332
f 5364//5364 5366//5366 5332//5332
f 5365//5365 5367//5367 5368//5368
f 5367//5367 5343//5343 5341//5341
f 5341//5341 5339//5339 5368//5368
f 5367//5367 5341//5341 5368//5368
f 5339//5339 5338//5338 5369//5369
f 5338//5338 5311//5311 5335//5335
f 5335//5335 5333//5333 5369//5369
f 5338//5338 5335//5335 5369//5369
f 5365//5365 5368//5368 5366//5366
f 5368//5368 5339//5339 5369//5369
f 5369//5369 5333//5333 5366//5366
f 5368//5368 5369//5369 5366//5366
f 5343//5343 5370//5370 5348//5348
f 5370//5370 5371//5371 5372//5372
f 5372//5372 5349//5349 5348//5348
f 5370//5370 5372//5372 5348//5348
f 5371//5371 5373//5373 5374//5374
f 5373//5373 5069//5069 5375//5375
f 5375//5375 5376//5376 5374//5374
f 5373//5373 5375//5375 5374//5374
f 5376//5376 5377//5377 5378//5378
f 5377//5377 5353//5353 5351//5351
f 5351//5351 5349//5349 5378//5378
f 5377//5377 5351//5351 5378//5378
f 5371//5371 5374//5374 5372//5372
f 5374//5374 5376//5376 5378//5378
f 5378//5378 5349//5349 5372//5372
f 5374//5374 5378//5378 5372//5372
f 5069//5069 5071//5071 5375//5375
f 5071//5071 5074//5074 5379//5379
f 5379//5379 5376//5376 5375//5375
f 5071//5071 5379//5379 5375//5375
f 5074//5074 5083//5083 5380//5380
f 5083//5083 5082//5082 5381//5381
f 5381//5381 5382//5382 5380//5380
f 5083//5083 5381//5381 5380//5380
f 5382//5382 5383//5383 5384//5384
f 5383//5383 5353//5353 5377//5377
f 5377//5377 5376//5376 5384//5384
f 5383//5383 5377//5377 5384//5384
f 5074//5074 5380//5380 5379//5379
f 5380//5380 5382//5382 5384//5384
f 5384//5384 5376//5376 5379//5379
f 5380//5380 5384//5384 5379//5379
f 5094//5094 5358//5358 5095//5095
f 5358//5358 5360//5360 5385//5385
f 5385//5385 5097//5097 5095//5095
f 5358//5358 5385//5385 5095//5095
f 5360//5360 5363//5363 5386//5386
f 5363//5363 5353//5353 5383//5383
f 5383//5383 5382//5382 5386//5386
f 5363//5363 5383//5383 5386//5386
f 5382//5382 5381//5381 5387//5387
f 5381//5381 5082//5082 5100//5100
f 5100//5100 5097//5097 5387//5387
f 5381//5381 5100//5100 5387//5387
f 5360//5360 5386//5386 5385//5385
f 5386//5386 5382//5382 5387//5387
f 5387//5387 5097//5097 5385//5385
f 5386//5386 5387//5387 5385//5385
f 5104//5104 5106//5106 5364//5364
f 5106//5106 5109//5109 5388//5388
f 5388//5388 5365//5365 5364//5364
f 5106//5106 5388//5388 5364//5364
f 5109//5109 5113//5113 5389//5389
f 5113//5113 5069//5069 5373//5373
f 5373//5373 5371//5371 5389//5389
f 5113//5113 5373//5373 5389//5389
f 5371//5371 5370//5370 5390//5390
f 5370//5370 5343//5343 5367//5367
f 5367//5367 5365//5365 5390//5390
f 5370//5370 5367//5367 5390//5390
f 5109//5109 5389//5389 5388//5388
f 5389//5389 5371//5371 5390//5390
f 5390//5390 5365//5365 5388//5388
f 5389//5389 5390//5390 5388//5388
f 5391//5391 5392//5392 5393//5393
f 5392//5392 5394//5394 5395//5395
f 5395//5395 5396//5396 5393//5393
f 5392//5392 5395//5395 5393//5393
f 5394//5394 5397//5397 5398//5398
f 5397//5397 5399//5399 5400//5400
f 5400//5400 5401//5401 5398//5398
f 5397//5397 5400//5400 5398//5398
f 5401//5401 5402//5402 5403//5403
f 5402//5402 5404//5404 5405//5405
f 5405//5405 5396//5396 5403//5403
f 5402//5402 5405//5405 5403//5403
f 5394//5394 5398//5398 5395//5395
f 5398//5398 5401//5401 5403//5403
f 5403//5403 5396//5396 5395//5395
f 5398//5398 5403//5403 5395//5395
f 5399//5399 5406//5406 5400//5400
f 5406//5406 5407//5407 5408//5408
f 5408//5408 5401//5401 5400//5400
f 5406//5406 5408//5408 5400//5400
f 5407//5407 5409//5409 5410//5410
f 5409//5409 5411//5411 5412//5412
f 5412//5412 5413//5413 5410//5410
f 5409//5409 5412//5412 5410//5410
f 5413//5413 5414//5414 5415//5415
f 5414//5414 5404//5404 5402//5402
f 5402//5402 5401//5401 5415//5415
f 5414//5414 5402//5402 5415//5415
f 5407//5407 5410//5410 5408//5408
f 5410//5410 5413//5413 5415//5415
f 5415//5415 5401//5401 5408//5408
f 5410//5410 5415//5415 5408//5408
f 5416//5416 5417//5417 5418//5418
f 5417//5417 5419//5419 5420//5420
f 5420//5420 5421//5421 5418//5418
f 5417//5417 5420//5420 5418//5418
f 5419//5419 5422//5422 5423//5423
f 5422//5422 5404//5404 5414//5414
f 5414//5414 5413//5413 5423//5423
f 5422//5422 5414//5414 5423//5423
f 5413//5413 5412//5412 5424//5424
f 5412//5412 5411//5411 5425//5425
f 5425//5425 5421//5421 5424//5424
f 5412//5412 5425//5425 5424//5424
f 5419//5419 5423//5423 5420//5420
f 5423//5423 5413//5413 5424//5424
f 5424//5424 5421//5421 5420//5420
f 5423//5423 5424//5424 5420//5420
f 5426//5426 5427//5427 5428//5428
f 5427//5427 5429//5429 5430//5430
f 5430//5430 5431//5431 5428//5428
f 5427//5427 5430//5430 5428//5428
f 5429//5429 5432//5432 5433//5433
f 5432//5432 5399//5399 5397//5397
f 5397//5397 5394//5394 5433//5433
f 5432//5432 5397//5397 5433//5433
f 5394//5394 5392//5392 5434//5434
f 5392//5392 5391//5391 5435//5435
f 5435//5435 5431//5431 5434//5434
f 5392//5392 5435//5435 5434//5434
f 5429//5429 5433//5433 5430//5430
f 5433//5433 5394//5394 5434//5434
f 5434//5434 5431//5431 5430//5430
f 5433//5433 5434//5434 5430//5430
f 5399//5399 5436//5436 5406//5406
f 5436//5436 5437//5437 5438//5438
f 5438//5438 5407//5407 5406//5406
f 5436//5436 5438//5438 5406//5406
f 5437//5437 5439//5439 5440//5440
f 5439//5439 5441//5441 5442//5442
f 5442//5442 5443//5443 5440//5440
f 5439//5439 5442//5442 5440//5440
f 5443//5443 5444//5444 5445//5445
f 5444//5444 5411//5411 5409//5409
f 5409//5409 5407//5407 5445//5445
f 5444//5444 5409//5409 5445//5445
f 5437//5437 5440//5440 5438//5438
f 5440//5440 5443//5443 5445//5445
f 5445//5445 5407//5407 5438//5438
f 5440//5440 5445//5445 5438//5438
f 5441//5441 5446//5446 5442//5442
f 5446//5446 5447//5447 5448//5448
f 5448//5448 5443//5443 5442//5442
f 5446//5446 5448//5448 5442//5442
f 5447//5447 5449//5449 5450//5450
f 5449//5449 5451//5451 5452//5452
f 5452//5452 5453//5453 5450//5450
f 5449//5449 5452//5452 5450//5450
f 5453//5453 5454//5454 5455//5455
f 5454//5454 5411//5411 5444//5444
f 5444//5444 5443//5443 5455//5455
f 5454//5454 5444//5444 5455//5455
f 5447//5447 5450//5450 5448//5448
f 5450//5450 5453//5453 5455//5455
f 5455//5455 5443//5443 5448//5448
f 5450//5450 5455//5455 5448//5448
f 5416//5416 5418//5418 5456//5456
f 5418//5418 5421//5421 5457//5457
f 5457//5457 5458//5458 5456//5456
f 5418//5418 5457//5457 5456//5456
f 5421//5421 5425//5425 5459//5459
f 5425//5425 5411//5411 5454//5454
f 5454//5454 5453//5453 5459//5459
f 5425//5425 5454//5454 5459//5459
f 5453//5453 5452//5452 5460//5460
f 5452//5452 5451//5451 5461//5461
f 5461//5461 5458//5458 5460//5460
f 5452//5452 5461//5461 5460//5460
f 5421//5421 5459//5459 5457//5457
f 5459//5459 5453//5453 5460//5460
f 5460//5460 5458//5458 5457//5457
f 5459//5459 5460//5460 5457//5457
f 5426//5426 5462//5462 5427//5427
f 5462//5462 5463//5463 5464//5464
f 5464//5464 5429//5429 5427//5427
f 5462//5462 5464//5464 5427//5427
f 5463//5463 5465//5465 5466//5466
f 5465//5465 5441//5441 5439//5439
f 5439//5439 5437//5437 5466//5466
f 5465//5465 5439//5439 5466//5466
f 5437//5437 5436//5436 5467//5467
f 5436//5436 5399//5399 5432//5432
f 5432//5432 5429//5429 5467//5467
f 5436//5436 5432//5432 5467//5467
f 5463//5463 5466//5466 5464//5464
f 5466//5466 5437//5437 5467//5467
f 5467//5467 5429//5429 5464//5464
f 5466//5466 5467//5467 5464//5464
f 5441//5441 5468//5468 5446//5446
f 5468//5468 5469//5469 5470//5470
f 5470//5470 5447//5447 5446//5446
f 5468//5468 5470//5470 5446//5446
f 5469//5469 5471//5471 5472//5472
f 5471//5471 5473//5473 5474//5474
f 5474//5474 5475//5475 5472//5472
f 5471//5471 5474//5474 5472//5472
f 5475//5475 5476//5476 5477//5477
f 5476//5476 5451//5451 5449//5449
f 5449//5449 5447//5447 5477//5477
f 5476//5476 5449//5449 5477//5477
f 5469//5469 5472//5472 5470//5470
f 5472//5472 5475//5475 5477//5477
f 5477//5477 5447//5447 5470//5470
f 5472//5472 5477//5477 5470//5470
f 5473//5473 5478//5478 5474//5474
f 5478//5478 5479//5479 5480//5480
f 5480//5480 5475//5475 5474//5474
f 5478//5478 5480//5480 5474//5474
f 5479//5479 5481//5481 5482//5482
f 5481//5481 5483//5483 5484//5484
f 5484//5484 5485//5485 5482//5482
f 5481//5481 5484//5484 5482//5482
f 5485//5485 5486//5486 5487//5487
f 5486//5486 5451//5451 5476//5476
f 5476//5476 5475//5475 5487//5487
f 5486//5486 5476//5476 5487//5487
f 5479//5479 5482//5482 5480//5480
f 5482//5482 5485//5485 5487//5487
f 5487//5487 5475//5475 5480//5480
f 5482//5482 5487//5487 5480//5480
f 5416//5416 5456//5456 5488//5488
f 5456//5456 5458//5458 5489//5489
f 5489//5489 5490//5490 5488//5488
f 5456//5456 5489//5489 5488//5488
f 5458//5458 5461//5461 5491//5491
f 5461//5461 5451//5451 5486//5486
f 5486//5486 5485//5485 5491//5491
f 5461//5461 5486//5486 5491//5491
f 5485//5485 5484//5484 5492//5492
f 5484//5484 5483//5483 5493//5493
f 5493//5493 5490//5490 5492//5492
f 5484//5484 5493//5493 5492//5492
f 5458//5458 5491//5491 5489//5489
f 5491//5491 5485//5485 5492//5492
f 5492//5492 5490//5490 5489//5489
f 5491//5491 5492//5492 5489//5489
f 5426//5426 5494//5494 5462//5462
f 5494//5494 5495//5495 5496//5496
f 5496//5496 5463//5463 5462//5462
f 5494//5494 5496//5496 5462//5462
f 5495//5495 5497//5497 5498//5498
f 5497//5497 5473//5473 5471//5471
f 5471//5471 5469//5469 5498//5498
f 5497//5497 5471//5471 5498//5498
f 5469//5469 5468//5468 5499//5499
f 5468//5468 5441//5441 5465//5465
f 5465//5465 5463//5463 5499//5499
f 5468//5468 5465//5465 5499//5499
f 5495//5495 5498//5498 5496//5496
f 5498//5498 5469//5469 5499//5499
f 5499//5499 5463//5463 5496//5496
f 5498//5498 5499//5499 5496//5496
f 5473//5473 5500//5500 5478//5478
f 5500//5500 5501//5501 5502//5502
f 5502//5502 5479//5479 5478//5478
f 5500//5500 5502//5502 5478//5478
f 5501//5501 5503//5503 5504//5504
f 5503//5503 5505//5505 5506//5506
f 5506//5506 5507//5507 5504//5504
f 5503//5503 5506//5506 5504//5504
f 5507//5507 5508//5508 5509//5509
f 5508//5508 5483//5483 5481//5481
f 5481//5481 5479//5479 5509//5509
f 5508//5508 5481//5481 5509//5509
f 5501//5501 5504//5504 5502//5502
f 5504//5504 5507//5507 5509//5509
f 5509//5509 5479//5479 5502//5502
f 5504//5504 5509//5509 5502//5502
f 5505//5505 5510//5510 5506//5506
f 5510//5510 5511//5511 5512//5512
f 5512//5512 5507//5507 5506//5506
f 5510//5510 5512//5512 5506//5506
f 5511//5511 5513//5513 5514//5514
f 5513//5513 5515//5515 5516//5516
f 5516//5516 5517//5517 5514//5514
f 5513//5513 5516//5516 5514//5514
f 5517//5517 5518//5518 5519//5519
f 5518//5518 5483//5483 5508//5508
f 5508//5508 5507//5507 5519//5519
f 5518//5518 5508//5508 5519//5519
f 5511//5511 5514//5514 5512//5512
f 5514//5514 5517//5517 5519//5519
f 5519//5519 5507//5507 5512//5512
f 5514//5514 5519//5519 5512//5512
f 5416//5416 5488//5488 5520//5520
f 5488//5488 5490//5490 5521//5521
f 5521//5521 5522//5522 5520//5520
f 5488//5488 5521//5521 5520//5520
f 5490//5490 5493//5493 5523//5523
f 5493//5493 5483//5483 5518//5518
f 5518//5518 5517//5517 5523//5523
f 5493//5493 5518//5518 5523//5523
f 5517//5517 5516//5516 5524//5524
f 5516//5516 5515//5515 5525//5525
f 5525//5525 5522//5522 5524//5524
f 5516//5516 5525//5525 5524//5524
f 5490//5490 5523//5523 5521//5521
f 5523//5523 5517//5517 5524//5524
f 5524//5524 5522//5522 5521//5521
f 5523//5523 5524//5524 5521//5521
f 5426//5426 5526//5526 5494//5494
f 5526//5526 5527//5527 5528//5528
f 5528//5528 5495//5495 5494//5494
f 5526//5526 5528//5528 5494//5494
f 5527//5527 5529//5529 5530//5530
f 5529//5529 5505//5505 5503//5503
f 5503//5503 5501//5501 5530//5530
f 5529//5529 5503//5503 5530//5530
f 5501//5501 5500//5500 5531//5531
f 5500//5500 5473//5473 5497//5497
f 5497//5497 5495//5495 5531//5531
f 5500//5500 5497//5497 5531//5531
f 5527//5527 5530//5530 5528//5528
f 5530//5530 5501//5501 5531//5531
f 5531//5531 5495//5495 5528//5528
f 5530//5530 5531//5531 5528//5528
f 5505//5505 5532//5532 5510//5510
f 5532//5532 5533//5533 5534//5534
f 5534//5534 5511//5511 5510//5510
f 5532//5532 5534//5534 5510//5510
f 5533//5533 5535//5535 5536//5536
f 5535//5535 5537//5537 5538//5538
f 5538//5538 5539//5539 5536//5536
f 5535//5535 5538//5538 5536//5536
f 5539//5539 5540//5540 5541//5541
f 5540//5540 5515//5515 5513//5513
f 5513//5513 5511//5511 5541//5541
f 5540//5540 5513//5513 5541//5541
f 5533//5533 5536//5536 5534//5534
f 5536//5536 5539//5539 5541//5541
f 5541//5541 5511//5511 5534//5534
f 5536//5536 5541//5541 5534//5534
f 5537//5537 5542//5542 5538//5538
f 5542//5542 5543//5543 5544//5544
f 5544//5544 5539//5539 5538//5538
f 5542//5542 5544//5544 5538//5538
f 5543//5543 5545//5545 5546//5546
f 5545//5545 5547//5547 5548//5548
f 5548//5548 5549//5549 5546//5546
f 5545//5545 5548//5548 5546//5546
f 5549//5549 5550//5550 5551//5551
f 5550//5550 5515//5515 5540//5540
f 5540//5540 5539//5539 5551//5551
f 5550//5550 5540//5540 5551//5551
f 5543//5543 5546//5546 5544//5544
f 5546//5546 5549//5549 5551//5551
f 5551//5551 5539//5539 5544//5544
f 5546//5546 5551//5551 5544//5544
f 5416//5416 5520//5520 5552//5552
f 5520//5520 5522//5522 5553//5553
f 5553//5553 5554//5554 5552//5552
f 5520//5520 5553//5553 5552//5552
f 5522//5522 5525//5525 5555//5555
f 5525//5525 5515//5515 5550//5550
f 5550//5550 5549//5549 5555//5555
f 5525//5525 5550//5550 5555//5555
f 5549//5549 5548//5548 5556//5556
f 5548//5548 5547//5547 5557//5557
f 5557//5557 5554//5554 5556//5556
f 5548//5548 5557//5557 5556//5556
f 5522//5522 5555//5555 5553//5553
f 5555//5555 5549//5549 5556//5556
f 5556//5556 5554//5554 5553//5553
f 5555//5555 5556//5556 5553//5553
f 5426//5426 5558//5558 5526//5526
f 5558//5558 5559//5559 5560//5560
f 5560//5560 5527//5527 5526//5526
f 5558//5558 5560//5560 5526//5526
f 5559//5559 5561//5561 5562//5562
f 5561//5561 5537//5537 5535//5535
f 5535//5535 5533//5533 5562//5562
f 5561//5561 5535//5535 5562//5562
f 5533//5533 5532//5532 5563//5563
f 5532//5532 5505//5505 5529//5529
f 5529//5529 5527//5527 5563//5563
f 5532//5532 5529//5529 5563//5563
f 5559//5559 5562//5562 5560//5560
f 5562//5562 5533//5533 5563//5563
f 5563//5563 5527//5527 5560//5560
f 5562//5562 5563//5563 5560//5560
f 5537//5537 5564//5564 5542//5542
f 5564//5564 5565//5565 5566//5566
f 5566//5566 5543//5543 5542//5542
f 5564//5564 5566//5566 5542//5542
f 5565//5565 5567//5567 5568//5568
f 5567//5567 5569//5569 5570//5570
f 5570//5570 5571//5571 5568//5568
f 5567//5567 5570//5570 5568//5568
f 5571//5571 5572//5572 5573//5573
f 5572//5572 5547//5547 5545//5545
f 5545//5545 5543//5543 5573//5573
f 5572//5572 5545//5545 5573//5573
f 5565//5565 5568//5568 5566//5566
f 5568//5568 5571//5571 5573//5573
f 5573//5573 5543//5543 5566//5566
f 5568//5568 5573//5573 5566//5566
f 5569//5569 5574//5574 5570//5570
f 5574//5574 5575//5575 5576//5576
f 5576//5576 5571//5571 5570//5570
f 5574//5574 5576//5576 5570//5570
f 5575//5575 5577//5577 5578//5578
f 5577//5577 5579//5579 5580//5580
f 5580//5580 5581//5581 5578//5578
f 5577//5577 5580//5580 5578//5578
f 5581//5581 5582//5582 5583//5583
f 5582//5582 5547//5547 5572//5572
f 5572//5572 5571//5571 5583//5583
f 5582//5582 5572//5572 5583//5583
f 5575//5575 5578//5578 5576//5576
f 5578//5578 5581//5581 5583//5583
f 5583//5583 5571//5571 5576//5576
f 5578//5578 5583//5583 5576//5576
f 5416//5416 5552//5552 5584//5584
f 5552//5552 5554//5554 5585//5585
f 5585//5585 5586//5586 5584//5584
f 5552//5552 5585//5585 5584//5584
f 5554//5554 5557//5557 5587//5587
f 5557//5557 5547//5547 5582//5582
f 5582//5582 5581//5581 5587//5587
f 5557//5557 5582//5582 5587//5587
f 5581//5581 5580//5580 5588//5588
f 5580//5580 5579//5579 5589//5589
f 5589//5589 5586//5586 5588//5588
f 5580//5580 5589//5589 5588//5588
f 5554//5554 5587//5587 5585//5585
f 5587//5587 5581//5581 5588//5588
f 5588//5588 5586//5586 5585//5585
f 5587//5587 5588//5588 5585//5585
f 5426//5426 5590//5590 5558//5558
f 5590//5590 5591//5591 5592//5592
f 5592//5592 5559//5559 5558//5558
f 5590//5590 5592//5592 5558//5558
f 5591//5591 5593//5593 5594//5594
f 5593//5593 5569//5569 5567//5567
f 5567//5567 5565//5565 5594//5594
f 5593//5593 5567//5567 5594//5594
f 5565//5565 5564//5564 5595//5595
f 5564//5564 5537//5537 5561//5561
f 5561//5561 5559//5559 5595//5595
f 5564//5564 5561//5561 5595//5595
f 5591//5591 5594//5594 5592//5592
f 5594//5594 5565//5565 5595//5595
f 5595//5595 5559//5559 5592//5592
f 5594//5594 5595//5595 5592//5592
f 5569//5569 5596//5596 5574//5574
f 5596//5596 5597//5597 5598//5598
f 5598//5598 5575//5575 5574//5574
f 5596//5596 5598//5598 5574//5574
f 5597//5597 5599//5599 5600//5600
f 5599//5599 5601//5601 5602//5602
f 5602//5602 5603//5603 5600//5600
f 5599//5599 5602//5602 5600//5600
f 5603//5603 5604//5604 5605//5605
f 5604//5604 5579//5579 5577//5577
f 5577//5577 5575//5575 5605//5605
f 5604//5604 5577//5577 5605//5605
f 5597//5597 5600//5600 5598//5598
f 5600//5600 5603//5603 5605//5605
f 5605//5605 5575//5575 5598//5598
f 5600//5600 5605//5605 5598//5598
f 5601//5601 5606//5606 5602//5602
f 5606//5606 5607//5607 5608//5608
f 5608//5608 5603//5603 5602//5602
f 5606//5606 5608//5608 5602//5602
f 5607//5607 5609//5609 5610//5610
f 5609//5609 5611//5611 5612//5612
f 5612//5612 5613//5613 5610//5610
f 5609//5609 5612//5612 5610//5610
f 5613//5613 5614//5614 5615//5615
f 5614//5614 5579//5579 5604//5604
f 5604//5604 5603//5603 5615//5615
f 5614//5614 5604//5604 5615//5615
f 5607//5607 5610//5610 5608//5608
f 5610//5610 5613//5613 5615//5615
f 5615//5615 5603//5603 5608//5608
f 5610//5610 5615//5615 5608//5608
f 5416//5416 5584//5584 5616//5616
f 5584//5584 5586//5586 5617//5617
f 5617//5617 5618//5618 5616//5616
f 5584//5584 5617//5617 5616//5616
f 5586//5586 5589//5589 5619//5619
f 5589//5589 5579//5579 5614//5614
f 5614//5614 5613//5613 5619//5619
f 5589//5589 5614//5614 5619//5619
f 5613//5613 5612//5612 5620//5620
f 5612//5612 5611//5611 5621//5621
f 5621//5621 5618//5618 5620//5620
f 5612//5612 5621//5621 5620//5620
f 5586//5586 5619//5619 5617//5617
f 5619//5619 5613//5613 5620//5620
f 5620//5620 5618//5618 5617//5617
f 5619//5619 5620//5620 5617//5617
f 5426//5426 5622//5622 5590//5590
f 5622//5622 5623//5623 5624//5624
f 5624//5624 5591//5591 5590//5590
f 5622//5622 5624//5624 5590//5590
f 5623//5623 5625//5625 5626//5626
f 5625//5625 5601//5601 5599//5599
f 5599//5599 5597//5597 5626//5626
f 5625//5625 5599//5599 5626//5626
f 5597//5597 5596//5596 5627//5627
f 5596//5596 5569//5569 5593//5593
f 5593//5593 5591//5591 5627//5627
f 5596//5596 5593//5593 5627//5627
f 5623//5623 5626//5626 5624//5624
f 5626//5626 5597//5597 5627//5627
f 5627//5627 5591//5591 5624//5624
f 5626//5626 5627//5627 5624//5624
f 5601//5601 5628//5628 5606//5606
f 5628//5628 5629//5629 5630//5630
f 5630//5630 5607//5607 5606//5606
f 5628//5628 5630//5630 5606//5606
f 5629//5629 5631//5631 5632//5632
f 5631//5631 5633//5633 5634//5634
f 5634//5634 5635//5635 5632//5632
f 5631//5631 5634//5634 5632//5632
f 5635//5635 5636//5636 5637//5637
f 5636//5636 5611//5611 5609//5609
f 5609//5609 5607//5607 5637//5637
f 5636//5636 5609//5609 5637//5637
f 5629//5629 5632//5632 5630//5630
f 5632//5632 5635//5635 5637//5637
f 5637//5637 5607//5607 5630//5630
f 5632//5632 5637//5637 5630//5630
f 5633//5633 5638//5638 5634//5634
f 5638//5638 5639//5639 5640//5640
f 5640//5640 5635//5635 5634//5634
f 5638//5638 5640//5640 5634//5634
f 5639//5639 5641//5641 5642//5642
f 5641//5641 5643//5643 5644//5644
f 5644//5644 5645//5645 5642//5642
f 5641//5641 5644//5644 5642//5642
f 5645//5645 5646//5646 5647//5647
f 5646//5646 5611//5611 5636//5636
f 5636//5636 5635//5635 5647//5647
f 5646//5646 5636//5636 5647//5647
f 5639//5639 5642//5642 5640//5640
f 5642//5642 5645//5645 5647//5647
f 5647//5647 5635//5635 5640//5640
f 5642//5642 5647//5647 5640//5640
f 5416//5416 5616//5616 5648//5648
f 5616//5616 5618//5618 5649//5649
f 5649//5649 5650//5650 5648//5648
f 5616//5616 5649//5649 5648//5648
f 5618//5618 5621//5621 5651//5651
f 5621//5621 5611//5611 5646//5646
f 5646//5646 5645//5645 5651//5651
f 5621//5621 5646//5646 5651//5651
f 5645//5645 5644//5644 5652//5652
f 5644//5644 5643//5643 5653//5653
f 5653//5653 5650//5650 5652//5652
f 5644//5644 5653//5653 5652//5652
f 5618//5618 5651//5651 5649//5649
f 5651//5651 5645//5645 5652//5652
f 5652//5652 5650//5650 5649//5649
f 5651//5651 5652//5652 5649//5649
f 5426//5426 5654//5654 5622//5622
f 5654//5654 5655//5655 5656//5656
f 5656//5656 5623//5623 5622//5622
f 5654//5654 5656//5656 5622//5622
f 5655//5655 5657//5657 5658//5658
f 5657//5657 5633//5633 5631//5631
f 5631//5631 5629//5629 5658//5658
f 5657//5657 5631//5631 5658//5658
f 5629//5629 5628//5628 5659//5659
f 5628//5628 5601//5601 5625//5625
f 5625//5625 5623//5623 5659//5659
f 5628//5628 5625//5625 5659//5659
f 5655//5655 5658//5658 5656//5656
f 5658//5658 5629//5629 5659//5659
f 5659//5659 5623//5623 5656//5656
f 5658//5658 5659//5659 5656//5656
f 5633//5633 5660//5660 5638//5638
f 5660//5660 5661//5661 5662//5662
f 5662//5662 5639//5639 5638//5638
f 5660//5660 5662//5662 5638//5638
f 5661//5661 5663//5663 5664//5664
f 5663//5663 5665//5665 5666//5666
f 5666//5666 5667//5667 5664//5664
f 5663//5663 5666//5666 5664//5664
f 5667//5667 5668//5668 5669//5669
f 5668//5668 5643//5643 5641//5641
f 5641//5641 5639//5639 5669//5669
f 5668//5668 5641//5641 5669//5669
f 5661//5661 5664//5664 5662//5662
f 5664//5664 5667//5667 5669//5669
f 5669//5669 5639//5639 5662//5662
f 5664//5664 5669//5669 5662//5662
f 5665//5665 5670//5670 5666//5666
f 5670//5670 5671//5671 5672//5672
f 5672//5672 5667//5667 5666//5666
f 5670//5670 5672//5672 5666//5666
f 5671//5671 5673//5673 5674//5674
f 5673//5673 5675//5675 5676//5676
f 5676//5676 5677//5677 5674//5674
f 5673//5673 5676//5676 5674//5674
f 5677//5677 5678//5678 5679//5679
f 5678//5678 5643//5643 5668//5668
f 5668//5668 5667//5667 5679//5679
f 5678//5678 5668//5668 5679//5679
f 5671//5671 5674//5674 5672//5672
f 5674//5674 5677//5677 5679//5679
f 5679//5679 5667//5667 5672//5672
f 5674//5674 5679//5679 5672//5672
f 5416//5416 5648//5648 5680//5680
f 5648//5648 5650//5650 5681//5681
f 5681//5681 5682//5682 5680//5680
f 5648//5648 5681//5681 5680//5680
f 5650//5650 5653//5653 5683//5683
f 5653//5653 5643//5643 5678//5678
f 5678//5678 5677//5677 5683//5683
f 5653//5653 5678//5678 5683//5683
f 5677//5677 5676//5676 5684//5684
f 5676//5676 5675//5675 5685//5685
f 5685//5685 5682//5682 5684//5684
f 5676//5676 5685//5685 5684//5684
f 5650//5650 5683//5683 5681//5681
f 5683//5683 5677//5677 5684//5684
f 5684//5684 5682//5682 5681//5681
f 5683//5683 5684//5684 5681//5681
f 5426//5426 5686//5686 5654//5654
f 5686//5686 5687//5687 5688//5688
f 5688//5688 5655//5655 5654//5654
f 5686//5686 5688//5688 5654//5654
f 5687//5687 5689//5689 5690//5690
f 5689//5689 5665//5665 5663//5663
f 5663//5663 5661//5661 5690//5690
f 5689//5689 5663//5663 5690//5690
f 5661//5661 5660//5660 5691//5691
f 5660//5660 5633//5633 5657//5657
f 5657//5657 5655//5655 5691//5691
f 5660//5660 5657//5657 5691//5691
f 5687//5687 5690//5690 5688//5688
f 5690//5690 5661//5661 5691//5691
f 5691//5691 5655//5655 5688//5688
f 5690//5690 5691//5691 5688//5688
f 5665//5665 5692//5692 5670//5670
f 5692//5692 5693//5693 5694//5694
f 5694//5694 5671//5671 5670//5670
f 5692//5692 5694//5694 5670//5670
f 5693//5693 5695//5695 5696//5696
f 5695//5695 5391//5391 5697//5697
f 5697//5697 5698//5698 5696//5696
f 5695//5695 5697//5697 5696//5696
f 5698//5698 5699//5699 5700//5700
f 5699//5699 5675//5675 5673//5673
f 5673//5673 5671//5671 5700//5700
f 5699//5699 5673//5673 5700//5700
f 5693//5693 5696//5696 5694//5694
f 5696//5696 5698//5698 5700//5700
f 5700//5700 5671//5671 5694//5694
f 5696//5696 5700//5700 5694//5694
f 5391//5391 5393//5393 5697//5697
f 5393//5393 5396//5396 5701//5701
f 5701//5701 5698//5698 5697//5697
f 5393//5393 5701//5701 5697//5697
f 5396//5396 5405//5405 5702//5702
f 5405//5405 5404//5404 5703//5703
f 5703//5703 5704//5704 5702//5702
f 5405//5405 5703//5703 5702//5702
f 5704//5704 5705//5705 5706//5706
f 5705//5705 5675//5675 5699//5699
f 5699//5699 5698//5698 5706//5706
f 5705//5705 5699//5699 5706//5706
f 5396//5396 5702//5702 5701//5701
f 5702//5702 5704//5704 5706//5706
f 5706//5706 5698//5698 5701//5701
f 5702//5702 5706//5706 5701//5701
f 5416//5416 5680//5680 5417//5417
f 5680//5680 5682//5682 5707//5707
f 5707//5707 5419//5419 5417//5417
f 5680//5680 5707//5707 5417//5417
f 5682//5682 5685//5685 5708//5708
f 5685//5685 5675//5675 5705//5705
f 5705//5705 5704//5704 5708//5708
f 5685//5685 5705//5705 5708//5708
f 5704//5704 5703//5703 5709//5709
f 5703//5703 5404//5404 5422//5422
f 5422//5422 5419//5419 5709//5709
f 5703//5703 5422//5422 5709//5709
f 5682//5682 5708//5708 5707//5707
f 5708//5708 5704//5704 5709//5709
f 5709//5709 5419//5419 5707//5707
f 5708//5708 5709//5709 5707//5707
f 5426//5426 5428//5428 5686//5686
f 5428//5428 5431//5431 5710//5710
f 5710//5710 5687//5687 5686//5686
f 5428//5428 5710//5710 5686//5686
f 5431//5431 5435//5435 5711//5711
f 5435//5435 5391//5391 5695//5695
f 5695//5695 5693//5693 5711//5711
f 5435//5435 5695//5695 5711//5711
f 5693//5693 5692//5692 5712//5712
f 5692//5692 5665//5665 5689//5689
f 5689//5689 5687//5687 5712//5712
f 5692//5692 5689//5689 5712//5712
f 5431//5431 5711//5711 5710//5710
f 5711//5711 5693//5693 5712//5712
f 5712//5712 5687//5687 5710//5710
f 5711//5711 5712//5712 5710//5710
f 5713//5713 5714//5714 5715//5715
f 5714//5714 5716//5716 5717//5717
f 5717//5717 5718//5718 5715//5715
f 5714//5714 5717//5717 5715//5715
f 5716//5716 5719//5719 5720//5720
f 5719//5719 5721//5721 5722//5722
f 5722//5722 5723//5723 5720//5720
f 5719//5719 5722//5722 5720//5720
f 5723//5723 5724//5724 5725//5725
f 5724//5724 5726//5726 5727//5727
f 5727//5727 5718//5718 5725//5725
f 5724//5724 5727//5727 5725//5725
f 5716//5716 5720//5720 5717//5717
f 5720//5720 5723//5723 5725//5725
f 5725//5725 5718//5718 5717//5717
f 5720//5720 5725//5725 5717//5717
f 5726//5726 5724//5724 5728//5728
f 5724//5724 5723//5723 5729//5729
f 5729//5729 5730//5730 5728//5728
f 5724//5724 5729//5729 5728//5728
f 5723//5723 5722//5722 5731//5731
f 5722//5722 5721//5721 5732//5732
f 5732//5732 5733//5733 5731//5731
f 5722//5722 5732//5732 5731//5731
f 5733//5733 5734//5734 5735//5735
f 5734//5734 5736//5736 5737//5737
f 5737//5737 5730//5730 5735//5735
f 5734//5734 5737//5737 5735//5735
f 5723//5723 5731//5731 5729//5729
f 5731//5731 5733//5733 5735//5735
f 5735//5735 5730//5730 5729//5729
f 5731//5731 5735//5735 5729//5729
f 5713//5713 5738//5738 5739//5739
f 5738//5738 5740//5740 5741//5741
f 5741//5741 5742//5742 5739//5739
f 5738//5738 5741//5741 5739//5739
f 5740//5740 5743//5743 5744//5744
f 5743//5743 5745//5745 5746//5746
f 5746//5746 5747//5747 5744//5744
f 5743//5743 5746//5746 5744//5744
f 5747//5747 5748//5748 5749//5749
f 5748//5748 5750//5750 5751//5751
f 5751//5751 5742//5742 5749//5749
f 5748//5748 5751//5751 5749//5749
f 5740//5740 5744//5744 5741//5741
f 5744//5744 5747//5747 5749//5749
f 5749//5749 5742//5742 5741//5741
f 5744//5744 5749//5749 5741//5741
f 5713//5713 5715//5715 5738//5738
f 5715//5715 5718//5718 5752//5752
f 5752//5752 5740//5740 5738//5738
f 5715//5715 5752//5752 5738//5738
f 5718//5718 5727//5727 5753//5753
f 5727//5727 5726//5726 5754//5754
f 5754//5754 5755//5755 5753//5753
f 5727//5727 5754//5754 5753//5753
f 5755//5755 5756//5756 5757//5757
f 5756//5756 5745//5745 5743//5743
f 5743//5743 5740//5740 5757//5757
f 5756//5756 5743//5743 5757//5757
f 5718//5718 5753//5753 5752//5752
f 5753//5753 5755//5755 5757//5757
f 5757//5757 5740//5740 5752//5752
f 5753//5753 5757//5757 5752//5752
f 5713//5713 5739//5739 5714//5714
f 5739//5739 5742//5742 5758//5758
f 5758//5758 5716//5716 5714//5714
f 5739//5739 5758//5758 5714//5714
f 5742//5742 5751//5751 5759//5759
f 5751//5751 5750//5750 5760//5760
f 5760//5760 5761//5761 5759//5759
f 5751//5751 5760//5760 5759//5759
f 5761//5761 5762//5762 5763//5763
f 5762//5762 5721//5721 5719//5719
f 5719//5719 5716//5716 5763//5763
f 5762//5762 5719//5719 5763//5763
f 5742//5742 5759//5759 5758//5758
f 5759//5759 5761//5761 5763//5763
f 5763//5763 5716//5716 5758//5758
f 5759//5759 5763//5763 5758//5758
f 5721//5721 5762//5762 5764//5764
f 5762//5762 5761//5761 5765//5765
f 5765//5765 5766//5766 5764//5764
f 5762//5762 5765//5765 5764//5764
f 5761//5761 5760//5760 5767//5767
f 5760//5760 5750//5750 5768//5768
f 5768//5768 5769//5769 5767//5767
f 5760//5760 5768//5768 5767//5767
f 5769//5769 5770//5770 5771//5771
f 5770//5770 5772//5772 5773//5773
f 5773//5773 5766//5766 5771//5771
f 5770//5770 5773//5773 5771//5771
f 5761//5761 5767//5767 5765//5765
f 5767//5767 5769//5769 5771//5771
f 5771//5771 5766//5766 5765//5765
f 5767//5767 5771//5771 5765//5765
f 5721//5721 5764//5764 5774//5774
f 5764//5764 5766//5766 5775//5775
f 5775//5775 5776//5776 5774//5774
f 5764//5764 5775//5775 5774//5774
f 5766//5766 5773//5773 5777//5777
f 5773//5773 5772//5772 5778//5778
f 5778//5778 5779//5779 5777//5777
f 5773//5773 5778//5778 5777//5777
f 5779//5779 5780//5780 5781//5781
f 5780//5780 5782//5782 5783//5783
f 5783//5783 5776//5776 5781//5781
f 5780//5780 5783//5783 5781//5781
f 5766//5766 5777//5777 5775//5775
f 5777//5777 5779//5779 5781//5781
f 5781//5781 5776//5776 5775//5775
f 5777//5777 5781//5781 5775//5775
f 5721//5721 5774//5774 5732//5732
f 5774//5774 5776//5776 5784//5784
f 5784//5784 5733//5733 5732//5732
f 5774//5774 5784//5784 5732//5732
f 5776//5776 5783//5783 5785//5785
f 5783//5783 5782//5782 5786//5786
f 5786//5786 5787//5787 5785//5785
f 5783//5783 5786//5786 5785//5785
f 5787//5787 5788//5788 5789//5789
f 5788//5788 5736//5736 5734//5734
f 5734//5734 5733//5733 5789//5789
f 5788//5788 5734//5734 5789//5789
f 5776//5776 5785//5785 5784//5784
f 5785//5785 5787//5787 5789//5789
f 5789//5789 5733//5733 5784//5784
f 5785//5785 5789//5789 5784//5784
f 5726//5726 5790//5790 5754//5754
f 5790//5790 5791//5791 5792//5792
f 5792//5792 5755//5755 5754//5754
f 5790//5790 5792//5792 5754//5754
f 5791//5791 5793//5793 5794//5794
f 5793//5793 5782//5782 5795//5795
f 5795//5795 5796//5796 5794//5794
f 5793//5793 5795//5795 5794//5794
f 5796//5796 5797//5797 5798//5798
f 5797//5797 5745//5745 5756//5756
f 5756//5756 5755//5755 5798//5798
f 5797//5797 5756//5756 5798//5798
f 5791//5791 5794//5794 5792//5792
f 5794//5794 5796//5796 5798//5798
f 5798//5798 5755//5755 5792//5792
f 5794//5794 5798//5798 5792//5792
f 5726//5726 5728//5728 5790//5790
f 5728//5728 5730//5730 5799//5799
f 5799//5799 5791//5791 5790//5790
f 5728//5728 5799//5799 5790//5790
f 5730//5730 5737//5737 5800//5800
f 5737//5737 5736//5736 5788//5788
f 5788//5788 5787//5787 5800//5800
f 5737//5737 5788//5788 5800//5800
f 5787//5787 5786//5786 5801//5801
f 5786//5786 5782//5782 5793//5793
f 5793//5793 5791//5791 5801//5801
f 5786//5786 5793//5793 5801//5801
f 5730//5730 5800//5800 5799//5799
f 5800//5800 5787//5787 5801//5801
f 5801//5801 5791//5791 5799//5799
f 5800//5800 5801//5801 5799//5799
f 5745//5745 5802//5802 5746//5746
f 5802//5802 5803//5803 5804//5804
f 5804//5804 5747//5747 5746//5746
f 5802//5802 5804//5804 5746//5746
f 5803//5803 5805//5805 5806//5806
f 5805//5805 5772//5772 5770//5770
f 5770//5770 5769//5769 5806//5806
f 5805//5805 5770//5770 5806//5806
f 5769//5769 5768//5768 5807//5807
f 5768//5768 5750//5750 5748//5748
f 5748//5748 5747//5747 5807//5807
f 5768//5768 5748//5748 5807//5807
f 5803//5803 5806//5806 5804//5804
f 5806//5806 5769//5769 5807//5807
f 5807//5807 5747//5747 5804//5804
f 5806//5806 5807//5807 5804//5804
f 5745//5745 5797//5797 5802//5802
f 5797//5797 5796//5796 5808//5808
f 5808//5808 5803//5803 5802//5802
f 5797//5797 5808//5808 5802//5802
f 5796//5796 5795//5795 5809//5809
f 5795//5795 5782//5782 5780//5780
f 5780//5780 5779//5779 5809//5809
f 5795//5795 5780//5780 5809//5809
f 5779//5779 5778//5778 5810//5810
f 5778//5778 5772//5772 5805//5805
f 5805//5805 5803//5803 5810//5810
f 5778//5778 5805//5805 5810//5810
f 5796//5796 5809//5809 5808//5808
f 5809//5809 5779//5779 5810//5810
f 5810//5810 5803//5803 5808//5808
f 5809//5809 5810//5810 5808//5808
f 5811//5811 5812//5812 5813//5813
f 5812//5812 5814//5814 5815//5815
f 5815//5815 5816//5816 5813//5813
f 5812//5812 5815//5815 5813//5813
f 5814//5814 5817//5817 5818//5818
f 5817//5817 5819//5819 5820//5820
f 5820//5820 5821//5821 5818//5818
f 5817//5817 5820//5820 5818//5818
f 5821//5821 5822//5822 5823//5823
f 5822//5822 5824//5824 5825//5825
f 5825//5825 5816//5816 5823//5823
f 5822//5822 5825//5825 5823//5823
f 5814//5814 5818//5818 5815//5815
f 5818//5818 5821//5821 5823//5823
f 5823//5823 5816//5816 5815//5815
f 5818//5818 5823//5823 5815//5815
f 5819//5819 5826//5826 5820//5820
f 5826//5826 5827//5827 5828//5828
f 5828//5828 5821//5821 5820//5820
f 5826//5826 5828//5828 5820//5820
f 5827//5827 5829//5829 5830//5830
f 5829//5829 5831//5831 5832//5832
f 5832//5832 5833//5833 5830//5830
f 5829//5829 5832//5832 5830//5830
f 5833//5833 5834//5834 5835//5835
f 5834//5834 5824//5824 5822//5822
f 5822//5822 5821//5821 5835//5835
f 5834//5834 5822//5822 5835//5835
f 5827//5827 5830//5830 5828//5828
f 5830//5830 5833//5833 5835//5835
f 5835//5835 5821//5821 5828//5828
f 5830//5830 5835//5835 5828//5828
f 5836//5836 5837//5837 5838//5838
f 5837//5837 5839//5839 5840//5840
f 5840//5840 5841//5841 5838//5838
f 5837//5837 5840//5840 5838//5838
f 5839//5839 5842//5842 5843//5843
f 5842//5842 5824//5824 5834//5834
f 5834//5834 5833//5833 5843//5843
f 5842//5842 5834//5834 5843//5843
f 5833//5833 5832//5832 5844//5844
f 5832//5832 5831//5831 5845//5845
f 5845//5845 5841//5841 5844//5844
f 5832//5832 5845//5845 5844//5844
f 5839//5839 5843//5843 5840//5840
f 5843//5843 5833//5833 5844//5844
f 5844//5844 5841//5841 5840//5840
f 5843//5843 5844//5844 5840//5840
f 5846//5846 5847//5847 5848//5848
f 5847//5847 5849//5849 5850//5850
f 5850//5850 5851//5851 5848//5848
f 5847//5847 5850//5850 5848//5848
f 5849//5849 5852//5852 5853//5853
f 5852//5852 5819//5819 5817//5817
f 5817//5817 5814//5814 5853//5853
f 5852//5852 5817//5817 5853//5853
f 5814//5814 5812//5812 5854//5854
f 5812//5812 5811//5811 5855//5855
f 5855//5855 5851//5851 5854//5854
f 5812//5812 5855//5855 5854//5854
f 5849//5849 5853//5853 5850//5850
f 5853//5853 5814//5814 5854//5854
f 5854//5854 5851//5851 5850//5850
f 5853//5853 5854//5854 5850//5850
f 5819//5819 5856//5856 5826//5826
f 5856//5856 5857//5857 5858//5858
f 5858//5858 5827//5827 5826//5826
f 5856//5856 5858//5858 5826//5826
f 5857//5857 5859//5859 5860//5860
f 5859//5859 5861//5861 5862//5862
f 5862//5862 5863//5863 5860//5860
f 5859//5859 5862//5862 5860//5860
f 5863//5863 5864//5864 5865//5865
f 5864//5864 5831//5831 5829//5829
f 5829//5829 5827//5827 5865//5865
f 5864//5864 5829//5829 5865//5865
f 5857//5857 5860//5860 5858//5858
f 5860//5860 5863//5863 5865//5865
f 5865//5865 5827//5827 5858//5858
f 5860//5860 5865//5865 5858//5858
f 5861//5861 5866//5866 5862//5862
f 5866//5866 5867//5867 5868//5868
f 5868//5868 5863//5863 5862//5862
f 5866//5866 5868//5868 5862//5862
f 5867//5867 5869//5869 5870//5870
f 5869//5869 5871//5871 5872//5872
f 5872//5872 5873//5873 5870//5870
f 5869//5869 5872//5872 5870//5870
f 5873//5873 5874//5874 5875//5875
f 5874//5874 5831//5831 5864//5864
f 5864//5864 5863//5863 5875//5875
f 5874//5874 5864//5864 5875//5875
f 5867//5867 5870//5870 5868//5868
f 5870//5870 5873//5873 5875//5875
f 5875//5875 5863//5863 5868//5868
f 5870//5870 5875//5875 5868//5868
f 5836//5836 5838//5838 5876//5876
f 5838//5838 5841//5841 5877//5877
f 5877//5877 5878//5878 5876//5876
f 5838//5838 5877//5877 5876//5876
f 5841//5841 5845//5845 5879//5879
f 5845//5845 5831//5831 5874//5874
f 5874//5874 5873//5873 5879//5879
f 5845//5845 5874//5874 5879//5879
f 5873//5873 5872//5872 5880//5880
f 5872//5872 5871//5871 5881//5881
f 5881//5881 5878//5878 5880//5880
f 5872//5872 5881//5881 5880//5880
f 5841//5841 5879//5879 5877//5877
f 5879//5879 5873//5873 5880//5880
f 5880//5880 5878//5878 5877//5877
f 5879//5879 5880//5880 5877//5877
f 5846//5846 5882//5882 5847//5847
f 5882//5882 5883//5883 5884//5884
f 5884//5884 5849//5849 5847//5847
f 5882//5882 5884//5884 5847//5847
f 5883//5883 5885//5885 5886//5886
f 5885//5885 5861//5861 5859//5859
f 5859//5859 5857//5857 5886//5886
f 5885//5885 5859//5859 5886//5886
f 5857//5857 5856//5856 5887//5887
f 5856//5856 5819//5819 5852//5852
f 5852//5852 5849//5849 5887//5887
f 5856//5856 5852//5852 5887//5887
f 5883//5883 5886//5886 5884//5884
f 5886//5886 5857//5857 5887//5887
f 5887//5887 5849//5849 5884//5884
f 5886//5886 5887//5887 5884//5884
f 5861//5861 5888//5888 5866//5866
f 5888//5888 5889//5889 5890//5890
f 5890//5890 5867//5867 5866//5866
f 5888//5888 5890//5890 5866//5866
f 5889//5889 5891//5891 5892//5892
f 5891//5891 5893//5893 5894//5894
f 5894//5894 5895//5895 5892//5892
f 5891//5891 5894//5894 5892//5892
f 5895//5895 5896//5896 5897//5897
f 5896//5896 5871//5871 5869//5869
f 5869//5869 5867//5867 5897//5897
f 5896//5896 5869//5869 5897//5897
f 5889//5889 5892//5892 5890//5890
f 5892//5892 5895//5895 5897//5897
f 5897//5897 5867//5867 5890//5890
f 5892//5892 5897//5897 5890//5890
f 5893//5893 5898//5898 5894//5894
f 5898//5898 5899//5899 5900//5900
f 5900//5900 5895//5895 5894//5894
f 5898//5898 5900//5900 5894//5894
f 5899//5899 5901//5901 5902//5902
f 5901//5901 5903//5903 5904//5904
f 5904//5904 5905//5905 5902//5902
f 5901//5901 5904//5904 5902//5902
f 5905//5905 5906//5906 5907//5907
f 5906//5906 5871//5871 5896//5896
f 5896//5896 5895//5895 5907//5907
f 5906//5906 5896//5896 5907//5907
f 5899//5899 5902//5902 5900//5900
f 5902//5902 5905//5905 5907//5907
f 5907//5907 5895//5895 5900//5900
f 5902//5902 5907//5907 5900//5900
f 5836//5836 5876//5876 5908//5908
f 5876//5876 5878//5878 5909//5909
f 5909//5909 5910//5910 5908//5908
f 5876//5876 5909//5909 5908//5908
f 5878//5878 5881//5881 5911//5911
f 5881//5881 5871//5871 5906//5906
f 5906//5906 5905//5905 5911//5911
f 5881//5881 5906//5906 5911//5911
f 5905//5905 5904//5904 5912//5912
f 5904//5904 5903//5903 5913//5913
f 5913//5913 5910//5910 5912//5912
f 5904//5904 5913//5913 5912//5912
f 5878//5878 5911//5911 5909//5909
f 5911//5911 5905//5905 5912//5912
f 5912//5912 5910//5910 5909//5909
f 5911//5911 5912//5912 5909//5909
f 5846//5846 5914//5914 5882//5882
f 5914//5914 5915//5915 5916//5916
f 5916//5916 5883//5883 5882//5882
f 5914//5914 5916//5916 5882//5882
f 5915//5915 5917//5917 5918//5918
f 5917//5917 5893//5893 5891//5891
f 5891//5891 5889//5889 5918//5918
f 5917//5917 5891//5891 5918//5918
f 5889//5889 5888//5888 5919//5919
f 5888//5888 5861//5861 5885//5885
f 5885//5885 5883//5883 5919//5919
f 5888//5888 5885//5885 5919//5919
f 5915//5915 5918//5918 5916//5916
f 5918//5918 5889//5889 5919//5919
f 5919//5919 5883//5883 5916//5916
f 5918//5918 5919//5919 5916//5916
f 5893//5893 5920//5920 5898//5898
f 5920//5920 5921//5921 5922//5922
f 5922//5922 5899//5899 5898//5898
f 5920//5920 5922//5922 5898//5898
f 5921//5921 5923//5923 5924//5924
f 5923//5923 5925//5925 5926//5926
f 5926//5926 5927//5927 5924//5924
f 5923//5923 5926//5926 5924//5924
f 5927//5927 5928//5928 5929//5929
f 5928//5928 5903//5903 5901//5901
f 5901//5901 5899//5899 5929//5929
f 5928//5928 5901//5901 5929//5929
f 5921//5921 5924//5924 5922//5922
f 5924//5924 5927//5927 5929//5929
f 5929//5929 5899//5899 5922//5922
f 5924//5924 5929//5929 5922//5922
f 5925//5925 5930//5930 5926//5926
f 5930//5930 5931//5931 5932//5932
f 5932//5932 5927//5927 5926//5926
f 5930//5930 5932//5932 5926//5926
f 5931//5931 5933//5933 5934//5934
f 5933//5933 5935//5935 5936//5936
f 5936//5936 5937//5937 5934//5934
f 5933//5933 5936//5936 5934//5934
f 5937//5937 5938//5938 5939//5939
f 5938//5938 5903//5903 5928//5928
f 5928//5928 5927//5927 5939//5939
f 5938//5938 5928//5928 5939//5939
f 5931//5931 5934//5934 5932//5932
f 5934//5934 5937//5937 5939//5939
f 5939//5939 5927//5927 5932//5932
f 5934//5934 5939//5939 5932//5932
f 5836//5836 5908//5908 5940//5940
f 5908//5908 5910//5910 5941//5941
f 5941//5941 5942//5942 5940//5940
f 5908//5908 5941//5941 5940//5940
f 5910//5910 5913//5913 5943//5943
f 5913//5913 5903//5903 5938//5938
f 5938//5938 5937//5937 5943//5943
f 5913//5913 5938//5938 5943//5943
f 5937//5937 5936//5936 5944//5944
f 5936//5936 5935//5935 5945//5945
f 5945//5945 5942//5942 5944//5944
f 5936//5936 5945//5945 5944//5944
f 5910//5910 5943//5943 5941//5941
f 5943//5943 5937//5937 5944//5944
f 5944//5944 5942//5942 5941//5941
f 5943//5943 5944//5944 5941//5941
f 5846//5846 5946//5946 5914//5914
f 5946//5946 5947//5947 5948//5948
f 5948//5948 5915//5915 5914//5914
f 5946//5946 5948//5948 5914//5914
f 5947//5947 5949//5949 5950//5950
f 5949//5949 5925//5925 5923//5923
f 5923//5923 5921//5921 5950//5950
f 5949//5949 5923//5923 5950//5950
f 5921//5921 5920//5920 5951//5951
f 5920//5920 5893//5893 5917//5917
f 5917//5917 5915//5915 5951//5951
f 5920//5920 5917//5917 5951//5951
f 5947//5947 5950//5950 5948//5948
f 5950//5950 5921//5921 5951//5951
f 5951//5951 5915//5915 5948//5948
f 5950//5950 5951//5951 5948//5948
f 5925//5925 5952//5952 5930//5930
f 5952//5952 5953//5953 5954//5954
f 5954//5954 5931//5931 5930//5930
f 5952//5952 5954//5954 5930//5930
f 5953//5953 5955//5955 5956//5956
f 5955//5955 5957//5957 5958//5958
f 5958//5958 5959//5959 5956//5956
f 5955//5955 5958//5958 5956//5956
f 5959//5959 5960//5960 5961//5961
f 5960//5960 5935//5935 5933//5933
f 5933//5933 5931//5931 5961//5961
f 5960//5960 5933//5933 5961//5961
f 5953//5953 5956//5956 5954//5954
f 5956//5956 5959//5959 5961//5961
f 5961//5961 5931//5931 5954//5954
f 5956//5956 5961//5961 5954//5954
f 5957//5957 5962//5962 5958//5958
f 5962//5962 5963//5963 5964//5964
f 5964//5964 5959//5959 5958//5958
f 5962//5962 5964//5964 5958//5958
f 5963//5963 5965//5965 5966//5966
f 5965//5965 5967//5967 5968//5968
f 5968//5968 5969//5969 5966//5966
f 5965//5965 5968//5968 5966//5966
f 5969//5969 5970//5970 5971//5971
f 5970//5970 5935//5935 5960//5960
f 5960//5960 5959//5959 5971//5971
f 5970//5970 5960//5960 5971//5971
f 5963//5963 5966//5966 5964//5964
f 5966//5966 5969//5969 5971//5971
f 5971//5971 5959//5959 5964//5964
f 5966//5966 5971//5971 5964//5964
f 5836//5836 5940//5940 5972//5972
f 5940//5940 5942//5942 5973//5973
f 5973//5973 5974//5974 5972//5972
f 5940//5940 5973//5973 5972//5972
f 5942//5942 5945//5945 5975//5975
f 5945//5945 5935//5935 5970//5970
f 5970//5970 5969//5969 5975//5975
f 5945//5945 5970//5970 5975//5975
f 5969//5969 5968//5968 5976//5976
f 5968//5968 5967//5967 5977//5977
f 5977//5977 5974//5974 5976//5976
f 5968//5968 5977//5977 5976//5976
f 5942//5942 5975//5975 5973//5973
f 5975//5975 5969//5969 5976//5976
f 5976//5976 5974//5974 5973//5973
f 5975//5975 5976//5976 5973//5973
f 5846//5846 5978//5978 5946//5946
f 5978//5978 5979//5979 5980//5980
f 5980//5980 5947//5947 5946//5946
f 5978//5978 5980//5980 5946//5946
f 5979//5979 5981//5981 5982//5982
f 5981//5981 5957//5957 5955//5955
f 5955//5955 5953//5953 5982//5982
f 5981//5981 5955//5955 5982//5982
f 5953//5953 5952//5952 5983//5983
f 5952//5952 5925//5925 5949//5949
f 5949//5949 5947//5947 5983//5983
f 5952//5952 5949//5949 5983//5983
f 5979//5979 5982//5982 5980//5980
f 5982//5982 5953//5953 5983//5983
f 5983//5983 5947//5947 5980//5980
f 5982//5982 5983//5983 5980//5980
f 5957//5957 5984//5984 5962//5962
f 5984//5984 5985//5985 5986//5986
f 5986//5986 5963//5963 5962//5962
f 5984//5984 5986//5986 5962//5962
f 5985//5985 5987//5987 5988//5988
f 5987//5987 5989//5989 5990//5990
f 5990//5990 5991//5991 5988//5988
f 5987//5987 5990//5990 5988//5988
f 5991//5991 5992//5992 5993//5993
f 5992//5992 5967//5967 5965//5965
f 5965//5965 5963//5963 5993//5993
f 5992//5992 5965//5965 5993//5993
f 5985//5985 5988//5988 5986//5986
f 5988//5988 5991//5991 5993//5993
f 5993//5993 5963//5963 5986//5986
f 5988//5988 5993//5993 5986//5986
f 5989//5989 5994//5994 5990//5990
f 5994//5994 5995//5995 5996//5996
f 5996//5996 5991//5991 5990//5990
f 5994//5994 5996//5996 5990//5990
f 5995//5995 5997//5997 5998//5998
f 5997//5997 5999//5999 6000//6000
f 6000//6000 6001//6001 5998//5998
f 5997//5997 6000//6000 5998//5998
f 6001//6001 6002//6002 6003//6003
f 6002//6002 5967//5967 5992//5992
f 5992//5992 5991//5991 6003//6003
f 6002//6002 5992//5992 6003//6003
f 5995//5995 5998//5998 5996//5996
f 5998//5998 6001//6001 6003//6003
f 6003//6003 5991//5991 5996//5996
f 5998//5998 6003//6003 5996//5996
f 5836//5836 5972//5972 6004//6004
f 5972//5972 5974//5974 6005//6005
f 6005//6005 6006//6006 6004//6004
f 5972//5972 6005//6005 6004//6004
f 5974//5974 5977//5977 6007//6007
f 5977//5977 5967//5967 6002//6002
f 6002//6002 6001//6001 6007//6007
f 5977//5977 6002//6002 6007//6007
f 6001//6001 6000//6000 6008//6008
f 6000//6000 5999//5999 6009//6009
f 6009//6009 6006//6006 6008//6008
f 6000//6000 6009//6009 6008//6008
f 5974//5974 6007//6007 6005//6005
f 6007//6007 6001//6001 6008//6008
f 6008//6008 6006//6006 6005//6005
f 6007//6007 6008//6008 6005//6005
f 5846//5846 6010//6010 5978//5978
f 6010//6010 6011//6011 6012//6012
f 6012//6012 5979//5979 5978//5978
f 6010//6010 6012//6012 5978//5978
f 6011//6011 6013//6013 6014//6014
f 6013//6013 5989//5989 5987//5987
f 5987//5987 5985//5985 6014//6014
f 6013//6013 5987//5987 6014//6014
f 5985//5985 5984//5984 6015//6015
f 5984//5984 5957//5957 5981//5981
f 5981//5981 5979//5979 6015//6015
f 5984//5984 5981//5981 6015//6015
f 6011//6011 6014//6014 6012//6012
f 6014//6014 5985//5985 6015//6015
f 6015//6015 5979//5979 6012//6012
f 6014//6014 6015//6015 6012//6012
f 5989//5989 6016//6016 5994//5994
f 6016//6016 6017//6017 6018//6018
f 6018//6018 5995//5995 5994//5994
f 6016//6016 6018//6018 5994//5994
f 6017//6017 6019//6019 6020//6020
f 6019//6019 6021//6021 6022//6022
f 6022//6022 6023//6023 6020//6020
f 6019//6019 6022//6022 6020//6020
f 6023//6023 6024//6024 6025//6025
f 6024//6024 5999//5999 5997//5997
f 5997//5997 5995//5995 6025//6025
f 6024//6024 5997//5997 6025//6025
f 6017//6017 6020//6020 6018//6018
f 6020//6020 6023//6023 6025//6025
f 6025//6025 5995//5995 6018//6018
f 6020//6020 6025//6025 6018//6018
f 6021//6021 6026//6026 6022//6022
f 6026//6026 6027//6027 6028//6028
f 6028//6028 6023//6023 6022//6022
f 6026//6026 6028//6028 6022//6022
f 6027//6027 6029//6029 6030//6030
f 6029//6029 6031//6031 6032//6032
f 6032//6032 6033//6033 6030//6030
f 6029//6029 6032//6032 6030//6030
f 6033//6033 6034//6034 6035//6035
f 6034//6034 5999//5999 6024//6024
f 6024//6024 6023//6023 6035//6035
f 6034//6034 6024//6024 6035//6035
f 6027//6027 6030//6030 6028//6028
f 6030//6030 6033//6033 6035//6035
f 6035//6035 6023//6023 6028//6028
f 6030//6030 6035//6035 6028//6028
f 5836//5836 6004//6004 6036//6036
f 6004//6004 6006//6006 6037//6037
f 6037//6037 6038//6038 6036//6036
f 6004//6004 6037//6037 6036//6036
f 6006//6006 6009//6009 6039//6039
f 6009//6009 5999//5999 6034//6034
f 6034//6034 6033//6033 6039//6039
f 6009//6009 6034//6034 6039//6039
f 6033//6033 6032//6032 6040//6040
f 6032//6032 6031//6031 6041//6041
f 6041//6041 6038//6038 6040//6040
f 6032//6032 6041//6041 6040//6040
f 6006//6006 6039//6039 6037//6037
f 6039//6039 6033//6033 6040//6040
f 6040//6040 6038//6038 6037//6037
f 6039//6039 6040//6040 6037//6037
f 5846//5846 6042//6042 6010//6010
f 6042//6042 6043//6043 6044//6044
f 6044//6044 6011//6011 6010//6010
f 6042//6042 6044//6044 6010//6010
f 6043//6043 6045//6045 6046//6046
f 6045//6045 6021//6021 6019//6019
f 6019//6019 6017//6017 6046//6046
f 6045//6045 6019//6019 6046//6046
f 6017//6017 6016//6016 6047//6047
f 6016//6016 5989//5989 6013//6013
f 6013//6013 6011//6011 6047//6047
f 6016//6016 6013//6013 6047//6047
f 6043//6043 6046//6046 6044//6044
f 6046//6046 6017//6017 6047//6047
f 6047//6047 6011//6011 6044//6044
f 6046//6046 6047//6047 6044//6044
f 6021//6021 6048//6048 6026//6026
f 6048//6048 6049//6049 6050//6050
f 6050//6050 6027//6027 6026//6026
f 6048//6048 6050//6050 6026//6026
f 6049//6049 6051//6051 6052//6052
f 6051//6051 6053//6053 6054//6054
f 6054//6054 6055//6055 6052//6052
f 6051//6051 6054//6054 6052//6052
f 6055//6055 6056//6056 6057//6057
f 6056//6056 6031//6031 6029//6029
f 6029//6029 6027//6027 6057//6057
f 6056//6056 6029//6029 6057//6057
f 6049//6049 6052//6052 6050//6050
f 6052//6052 6055//6055 6057//6057
f 6057//6057 6027//6027 6050//6050
f 6052//6052 6057//6057 6050//6050
f 6053//6053 6058//6058 6054//6054
f 6058//6058 6059//6059 6060//6060
f 6060//6060 6055//6055 6054//6054
f 6058//6058 6060//6060 6054//6054
f 6059//6059 6061//6061 6062//6062
f 6061//6061 6063//6063 6064//6064
f 6064//6064 6065//6065 6062//6062
f 6061//6061 6064//6064 6062//6062
f 6065//6065 6066//6066 6067//6067
f 6066//6066 6031//6031 6056//6056
f 6056//6056 6055//6055 6067//6067
f 6066//6066 6056//6056 6067//6067
f 6059//6059 6062//6062 6060//6060
f 6062//6062 6065//6065 6067//6067
f 6067//6067 6055//6055 6060//6060
f 6062//6062 6067//6067 6060//6060
f 5836//5836 6036//6036 6068//6068
f 6036//6036 6038//6038 6069//6069
f 6069//6069 6070//6070 6068//6068
f 6036//6036 6069//6069 6068//6068
f 6038//6038 6041//6041 6071//6071
f 6041//6041 6031//6031 6066//6066
f 6066//6066 6065//6065 6071//6071
f 6041//6041 6066//6066 6071//6071
f 6065//6065 6064//6064 6072//6072
f 6064//6064 6063//6063 6073//6073
f 6073//6073 6070//6070 6072//6072
f 6064//6064 6073//6073 6072//6072
f 6038//6038 6071//6071 6069//6069
f 6071//6071 6065//6065 6072//6072
f 6072//6072 6070//6070 6069//6069
f 6071//6071 6072//6072 6069//6069
f 5846//5846 6074//6074 6042//6042
f 6074//6074 6075//6075 6076//6076
f 6076//6076 6043//6043 6042//6042
f 6074//6074 6076//6076 6042//6042
f 6075//6075 6077//6077 6078//6078
f 6077//6077 6053//6053 6051//6051
f 6051//6051 6049//6049 6078//6078
f 6077//6077 6051//6051 6078//6078
f 6049//6049 6048//6048 6079//6079
f 6048//6048 6021//6021 6045//6045
f 6045//6045 6043//6043 6079//6079
f 6048//6048 6045//6045 6079//6079
f 6075//6075 6078//6078 6076//6076
f 6078//6078 6049//6049 6079//6079
f 6079//6079 6043//6043 6076//6076
f 6078//6078 6079//6079 6076//6076
f 6053//6053 6080//6080 6058//6058
f 6080//6080 6081//6081 6082//6082
f 6082//6082 6059//6059 6058//6058
f 6080//6080 6082//6082 6058//6058
f 6081//6081 6083//6083 6084//6084
f 6083//6083 6085//6085 6086//6086
f 6086//6086 6087//6087 6084//6084
f 6083//6083 6086//6086 6084//6084
f 6087//6087 6088//6088 6089//6089
f 6088//6088 6063//6063 6061//6061
f 6061//6061 6059//6059 6089//6089
f 6088//6088 6061//6061 6089//6089
f 6081//6081 6084//6084 6082//6082
f 6084//6084 6087//6087 6089//6089
f 6089//6089 6059//6059 6082//6082
f 6084//6084 6089//6089 6082//6082
f 6085//6085 6090//6090 6086//6086
f 6090//6090 6091//6091 6092//6092
f 6092//6092 6087//6087 6086//6086
f 6090//6090 6092//6092 6086//6086
f 6091//6091 6093//6093 6094//6094
f 6093//6093 6095//6095 6096//6096
f 6096//6096 6097//6097 6094//6094
f 6093//6093 6096//6096 6094//6094
f 6097//6097 6098//6098 6099//6099
f 6098//6098 6063//6063 6088//6088
f 6088//6088 6087//6087 6099//6099
f 6098//6098 6088//6088 6099//6099
f 6091//6091 6094//6094 6092//6092
f 6094//6094 6097//6097 6099//6099
f 6099//6099 6087//6087 6092//6092
f 6094//6094 6099//6099 6092//6092
f 5836//5836 6068//6068 6100//6100
f 6068//6068 6070//6070 6101//6101
f 6101//6101 6102//6102 6100//6100
f 6068//6068 6101//6101 6100//6100
f 6070//6070 6073//6073 6103//6103
f 6073//6073 6063//6063 6098//6098
f 6098//6098 6097//6097 6103//6103
f 6073//6073 6098//6098 6103//6103
f 6097//6097 6096//6096 6104//6104
f 6096//6096 6095//6095 6105//6105
f 6105//6105 6102//6102 6104//6104
f 6096//6096 6105//6105 6104//6104
f 6070//6070 6103//6103 6101//6101
f 6103//6103 6097//6097 6104//6104
f 6104//6104 6102//6102 6101//6101
f 6103//6103 6104//6104 6101//6101
f 5846//5846 6106//6106 6074//6074
f 6106//6106 6107//6107 6108//6108
f 6108//6108 6075//6075 6074//6074
f 6106//6106 6108//6108 6074//6074
f 6107//6107 6109//6109 6110//6110
f 6109//6109 6085//6085 6083//6083
f 6083//6083 6081//6081 6110//6110
f 6109//6109 6083//6083 6110//6110
f 6081//6081 6080//6080 6111//6111
f 6080//6080 6053//6053 6077//6077
f 6077//6077 6075//6075 6111//6111
f 6080//6080 6077//6077 6111//6111
f 6107//6107 6110//6110 6108//6108
f 6110//6110 6081//6081 6111//6111
f 6111//6111 6075//6075 6108//6108
f 6110//6110 6111//6111 6108//6108
f 6085//6085 6112//6112 6090//6090
f 6112//6112 6113//6113 6114//6114
f 6114//6114 6091//6091 6090//6090
f 6112//6112 6114//6114 6090//6090
f 6113//6113 6115//6115 6116//6116
f 6115//6115 5811//5811 6117//6117
f 6117//6117 6118//6118 6116//6116
f 6115//6115 6117//6117 6116//6116
f 6118//6118 6119//6119 6120//6120
f 6119//6119 6095//6095 6093//6093
f 6093//6093 6091//6091 6120//6120
f 6119//6119 6093//6093 6120//6120
f 6113//6113 6116//6116 6114//6114
f 6116//6116 6118//6118 6120//6120
f 6120//6120 6091//6091 6114//6114
f 6116//6116 6120//6120 6114//6114
f 5811//5811 5813//5813 6117//6117
f 5813//5813 5816//5816 6121//6121
f 6121//6121 6118//6118 6117//6117
f 5813//5813 6121//6121 6117//6117
f 5816//5816 5825//5825 6122//6122
f 5825//5825 5824//5824 6123//6123
f 6123//6123 6124//6124 6122//6122
f 5825//5825 6123//6123 6122//6122
f 6124//6124 6125//6125 6126//6126
f 6125//6125 6095//6095 6119//6119
f 6119//6119 6118//6118 6126//6126
f 6125//6125 6119//6119 6126//6126
f 5816//5816 6122//6122 6121//6121
f 6122//6122 6124//6124 6126//6126
f 6126//6126 6118//6118 6121//6121
f 6122//6122 6126//6126 6121//6121
f 5836//5836 6100//6100 5837//5837
f 6100//6100 6102//6102 6127//6127
f 6127//6127 5839//5839 5837//5837
f 6100//6100 6127//6127 5837//5837
f 6102//6102 6105//6105 6128//6128
f 6105//6105 6095//6095 6125//6125
f 6125//6125 6124//6124 6128//6128
f 6105//6105 6125//6125 6128//6128
f 6124//6124 6123//6123 6129//6129
f 6123//6123 5824//5824 5842//5842
f 5842//5842 5839//5839 6129//6129
f 6123//6123 5842//5842 6129//6129
f 6102//6102 6128//6128 6127//6127
f 6128//6128 6124//6124 6129//6129
f 6129//6129 5839//5839 6127//6127
f 6128//6128 6129//6129 6127//6127
f 5846//5846 5848//5848 6106//6106
f 5848//5848 5851//5851 6130//6130
f 6130//6130 6107//6107 6106//6106
f 5848//5848 6130//6130 6106//6106
f 5851//5851 5855//5855 6131//6131
f 5855//5855 5811//5811 6115//6115
f 6115//6115 6113//6113 6131//6131
f 5855//5855 6115//6115 6131//6131
f 6113//6113 6112//6112 6132//6132
f 6112//6112 6085//6085 6109//6109
f 6109//6109 6107//6107 6132//6132
f 6112//6112 6109//6109 6132//6132
f 5851//5851 6131//6131 6130//6130
f 6131//6131 6113//6113 6132//6132
f 6132//6132 6107//6107 6130//6130
f 6131//6131 6132//6132 6130//6130
f 6133//6133 6134//6134 6135//6135
f 6134//6134 6136//6136 6137//6137
f 6137//6137 6138//6138 6135//6135
f 6134//6134 6137//6137 6135//6135
f 6136//6136 6139//6139 6140//6140
f 6139//6139 6141//6141 6142//6142
f 6142//6142 6143//6143 6140//6140
f 6139//6139 6142//6142 6140//6140
f 6143//6143 6144//6144 6145//6145
f 6144//6144 6146//6146 6147//6147
f 6147//6147 6138//6138 6145//6145
f 6144//6144 6147//6147 6145//6145
f 6136//6136 6140//6140 6137//6137
f 6140//6140 6143//6143 6145//6145
f 6145//6145 6138//6138 6137//6137
f 6140//6140 6145//6145 6137//6137
f 6141//6141 6148//6148 6142//6142
f 6148//6148 6149//6149 6150//6150
f 6150//6150 6143//6143 6142//6142
f 6148//6148 6150//6150 6142//6142
f 6149//6149 6151//6151 6152//6152
f 6151//6151 6153//6153 6154//6154
f 6154//6154 6155//6155 6152//6152
f 6151//6151 6154//6154 6152//6152
f 6155//6155 6156//6156 6157//6157
f 6156//6156 6146//6146 6144//6144
f 6144//6144 6143//6143 6157//6157
f 6156//6156 6144//6144 6157//6157
f 6149//6149 6152//6152 6150//6150
f 6152//6152 6155//6155 6157//6157
f 6157//6157 6143//6143 6150//6150
f 6152//6152 6157//6157 6150//6150
f 6158//6158 6159//6159 6160//6160
f 6159//6159 6161//6161 6162//6162
f 6162//6162 6163//6163 6160//6160
f 6159//6159 6162//6162 6160//6160
f 6161//6161 6164//6164 6165//6165
f 6164//6164 6146//6146 6156//6156
f 6156//6156 6155//6155 6165//6165
f 6164//6164 6156//6156 6165//6165
f 6155//6155 6154//6154 6166//6166
f 6154//6154 6153//6153 6167//6167
f 6167//6167 6163//6163 6166//6166
f 6154//6154 6167//6167 6166//6166
f 6161//6161 6165//6165 6162//6162
f 6165//6165 6155//6155 6166//6166
f 6166//6166 6163//6163 6162//6162
f 6165//6165 6166//6166 6162//6162
f 6168//6168 6169//6169 6170//6170
f 6169//6169 6171//6171 6172//6172
f 6172//6172 6173//6173 6170//6170
f 6169//6169 6172//6172 6170//6170
f 6171//6171 6174//6174 6175//6175
f 6174//6174 6141//6141 6139//6139
f 6139//6139 6136//6136 6175//6175
f 6174//6174 6139//6139 6175//6175
f 6136//6136 6134//6134 6176//6176
f 6134//6134 6133//6133 6177//6177
f 6177//6177 6173//6173 6176//6176
f 6134//6134 6177//6177 6176//6176
f 6171//6171 6175//6175 6172//6172
f 6175//6175 6136//6136 6176//6176
f 6176//6176 6173//6173 6172//6172
f 6175//6175 6176//6176 6172//6172
f 6141//6141 6178//6178 6148//6148
f 6178//6178 6179//6179 6180//6180
f 6180//6180 6149//6149 6148//6148
f 6178//6178 6180//6180 6148//6148
f 6179//6179 6181//6181 6182//6182
f 6181//6181 6183//6183 6184//6184
f 6184//6184 6185//6185 6182//6182
f 6181//6181 6184//6184 6182//6182
f 6185//6185 6186//6186 6187//6187
f 6186//6186 6153//6153 6151//6151
f 6151//6151 6149//6149 6187//6187
f 6186//6186 6151//6151 6187//6187
f 6179//6179 6182//6182 6180//6180
f 6182//6182 6185//6185 6187//6187
f 6187//6187 6149//6149 6180//6180
f 6182//6182 6187//6187 6180//6180
f 6183//6183 6188//6188 6184//6184
f 6188//6188 6189//6189 6190//6190
f 6190//6190 6185//6185 6184//6184
f 6188//6188 6190//6190 6184//6184
f 6189//6189 6191//6191 6192//6192
f 6191//6191 6193//6193 6194//6194
f 6194//6194 6195//6195 6192//6192
f 6191//6191 6194//6194 6192//6192
f 6195//6195 6196//6196 6197//6197
f 6196//6196 6153//6153 6186//6186
f 6186//6186 6185//6185 6197//6197
f 6196//6196 6186//6186 6197//6197
f 6189//6189 6192//6192 6190//6190
f 6192//6192 6195//6195 6197//6197
f 6197//6197 6185//6185 6190//6190
f 6192//6192 6197//6197 6190//6190
f 6158//6158 6160//6160 6198//6198
f 6160//6160 6163//6163 6199//6199
f 6199//6199 6200//6200 6198//6198
f 6160//6160 6199//6199 6198//6198
f 6163//6163 6167//6167 6201//6201
f 6167//6167 6153//6153 6196//6196
f 6196//6196 6195//6195 6201//6201
f 6167//6167 6196//6196 6201//6201
f 6195//6195 6194//6194 6202//6202
f 6194//6194 6193//6193 6203//6203
f 6203//6203 6200//6200 6202//6202
f 6194//6194 6203//6203 6202//6202
f 6163//6163 6201//6201 6199//6199
f 6201//6201 6195//6195 6202//6202
f 6202//6202 6200//6200 6199//6199
f 6201//6201 6202//6202 6199//6199
f 6168//6168 6204//6204 6169//6169
f 6204//6204 6205//6205 6206//6206
f 6206//6206 6171//6171 6169//6169
f 6204//6204 6206//6206 6169//6169
f 6205//6205 6207//6207 6208//6208
f 6207//6207 6183//6183 6181//6181
f 6181//6181 6179//6179 6208//6208
f 6207//6207 6181//6181 6208//6208
f 6179//6179 6178//6178 6209//6209
f 6178//6178 6141//6141 6174//6174
f 6174//6174 6171//6171 6209//6209
f 6178//6178 6174//6174 6209//6209
f 6205//6205 6208//6208 6206//6206
f 6208//6208 6179//6179 6209//6209
f 6209//6209 6171//6171 6206//6206
f 6208//6208 6209//6209 6206//6206
f 6183//6183 6210//6210 6188//6188
f 6210//6210 6211//6211 6212//6212
f 6212//6212 6189//6189 6188//6188
f 6210//6210 6212//6212 6188//6188
f 6211//6211 6213//6213 6214//6214
f 6213//6213 6215//6215 6216//6216
f 6216//6216 6217//6217 6214//6214
f 6213//6213 6216//6216 6214//6214
f 6217//6217 6218//6218 6219//6219
f 6218//6218 6193//6193 6191//6191
f 6191//6191 6189//6189 6219//6219
f 6218//6218 6191//6191 6219//6219
f 6211//6211 6214//6214 6212//6212
f 6214//6214 6217//6217 6219//6219
f 6219//6219 6189//6189 6212//6212
f 6214//6214 6219//6219 6212//6212
f 6215//6215 6220//6220 6216//6216
f 6220//6220 6221//6221 6222//6222
f 6222//6222 6217//6217 6216//6216
f 6220//6220 6222//6222 6216//6216
f 6221//6221 6223//6223 6224//6224
f 6223//6223 6225//6225 6226//6226
f 6226//6226 6227//6227 6224//6224
f 6223//6223 6226//6226 6224//6224
f 6227//6227 6228//6228 6229//6229
f 6228//6228 6193//6193 6218//6218
f 6218//6218 6217//6217 6229//6229
f 6228//6228 6218//6218 6229//6229
f 6221//6221 6224//6224 6222//6222
f 6224//6224 6227//6227 6229//6229
f 6229//6229 6217//6217 6222//6222
f 6224//6224 6229//6229 6222//6222
f 6158//6158 6198//6198 6230//6230
f 6198//6198 6200//6200 6231//6231
f 6231//6231 6232//6232 6230//6230
f 6198//6198 6231//6231 6230//6230
f 6200//6200 6203//6203 6233//6233
f 6203//6203 6193//6193 6228//6228
f 6228//6228 6227//6227 6233//6233
f 6203//6203 6228//6228 6233//6233
f 6227//6227 6226//6226 6234//6234
f 6226//6226 6225//6225 6235//6235
f 6235//6235 6232//6232 6234//6234
f 6226//6226 6235//6235 6234//6234
f 6200//6200 6233//6233 6231//6231
f 6233//6233 6227//6227 6234//6234
f 6234//6234 6232//6232 6231//6231
f 6233//6233 6234//6234 6231//6231
f 6168//6168 6236//6236 6204//6204
f 6236//6236 6237//6237 6238//6238
f 6238//6238 6205//6205 6204//6204
f 6236//6236 6238//6238 6204//6204
f 6237//6237 6239//6239 6240//6240
f 6239//6239 6215//6215 6213//6213
f 6213//6213 6211//6211 6240//6240
f 6239//6239 6213//6213 6240//6240
f 6211//6211 6210//6210 6241//6241
f 6210//6210 6183//6183 6207//6207
f 6207//6207 6205//6205 6241//6241
f 6210//6210 6207//6207 6241//6241
f 6237//6237 6240//6240 6238//6238
f 6240//6240 6211//6211 6241//6241
f 6241//6241 6205//6205 6238//6238
f 6240//6240 6241//6241 6238//6238
f 6215//6215 6242//6242 6220//6220
f 6242//6242 6243//6243 6244//6244
f 6244//6244 6221//6221 6220//6220
f 6242//6242 6244//6244 6220//6220
f 6243//6243 6245//6245 6246//6246
f 6245//6245 6247//6247 6248//6248
f 6248//6248 6249//6249 6246//6246
f 6245//6245 6248//6248 6246//6246
f 6249//6249 6250//6250 6251//6251
f 6250//6250 6225//6225 6223//6223
f 6223//6223 6221//6221 6251//6251
f 6250//6250 6223//6223 6251//6251
f 6243//6243 6246//6246 6244//6244
f 6246//6246 6249//6249 6251//6251
f 6251//6251 6221//6221 6244//6244
f 6246//6246 6251//6251 6244//6244
f 6247//6247 6252//6252 6248//6248
f 6252//6252 6253//6253 6254//6254
f 6254//6254 6249//6249 6248//6248
f 6252//6252 6254//6254 6248//6248
f 6253//6253 6255//6255 6256//6256
f 6255//6255 6257//6257 6258//6258
f 6258//6258 6259//6259 6256//6256
f 6255//6255 6258//6258 6256//6256
f 6259//6259 6260//6260 6261//6261
f 6260//6260 6225//6225 6250//6250
f 6250//6250 6249//6249 6261//6261
f 6260//6260 6250//6250 6261//6261
f 6253//6253 6256//6256 6254//6254
f 6256//6256 6259//6259 6261//6261
f 6261//6261 6249//6249 6254//6254
f 6256//6256 6261//6261 6254//6254
f 6158//6158 6230//6230 6262//6262
f 6230//6230 6232//6232 6263//6263
f 6263//6263 6264//6264 6262//6262
f 6230//6230 6263//6263 6262//6262
f 6232//6232 6235//6235 6265//6265
f 6235//6235 6225//6225 6260//6260
f 6260//6260 6259//6259 6265//6265
f 6235//6235 6260//6260 6265//6265
f 6259//6259 6258//6258 6266//6266
f 6258//6258 6257//6257 6267//6267
f 6267//6267 6264//6264 6266//6266
f 6258//6258 6267//6267 6266//6266
f 6232//6232 6265//6265 6263//6263
f 6265//6265 6259//6259 6266//6266
f 6266//6266 6264//6264 6263//6263
f 6265//6265 6266//6266 6263//6263
f 6168//6168 6268//6268 6236//6236
f 6268//6268 6269//6269 6270//6270
f 6270//6270 6237//6237 6236//6236
f 6268//6268 6270//6270 6236//6236
f 6269//6269 6271//6271 6272//6272
f 6271//6271 6247//6247 6245//6245
f 6245//6245 6243//6243 6272//6272
f 6271//6271 6245//6245 6272//6272
f 6243//6243 6242//6242 6273//6273
f 6242//6242 6215//6215 6239//6239
f 6239//6239 6237//6237 6273//6273
f 6242//6242 6239//6239 6273//6273
f 6269//6269 6272//6272 6270//6270
f 6272//6272 6243//6243 6273//6273
f 6273//6273 6237//6237 6270//6270
f 6272//6272 6273//6273 6270//6270
f 6247//6247 6274//6274 6252//6252
f 6274//6274 6275//6275 6276//6276
f 6276//6276 6253//6253 6252//6252
f 6274//6274 6276//6276 6252//6252
f 6275//6275 6277//6277 6278//6278
f 6277//6277 6279//6279 6280//6280
f 6280//6280 6281//6281 6278//6278
f 6277//6277 6280//6280 6278//6278
f 6281//6281 6282//6282 6283//6283
f 6282//6282 6257//6257 6255//6255
f 6255//6255 6253//6253 6283//6283
f 6282//6282 6255//6255 6283//6283
f 6275//6275 6278//6278 6276//6276
f 6278//6278 6281//6281 6283//6283
f 6283//6283 6253//6253 6276//6276
f 6278//6278 6283//6283 6276//6276
f 6279//6279 6284//6284 6280//6280
f 6284//6284 6285//6285 6286//6286
f 6286//6286 6281//6281 6280//6280
f 6284//6284 6286//6286 6280//6280
f 6285//6285 6287//6287 6288//6288
f 6287//6287 6289//6289 6290//6290
f 6290//6290 6291//6291 6288//6288
f 6287//6287 6290//6290 6288//6288
f 6291//6291 6292//6292 6293//6293
f 6292//6292 6257//6257 6282//6282
f 6282//6282 6281//6281 6293//6293
f 6292//6292 6282//6282 6293//6293
f 6285//6285 6288//6288 6286//6286
f 6288//6288 6291//6291 6293//6293
f 6293//6293 6281//6281 6286//6286
f 6288//6288 6293//6293 6286//6286
f 6158//6158 6262//6262 6294//6294
f 6262//6262 6264//6264 6295//6295
f 6295//6295 6296//6296 6294//6294
f 6262//6262 6295//6295 6294//6294
f 6264//6264 6267//6267 6297//6297
f 6267//6267 6257//6257 6292//6292
f 6292//6292 6291//6291 6297//6297
f 6267//6267 6292//6292 6297//6297
f 6291//6291 6290//6290 6298//6298
f 6290//6290 6289//6289 6299//6299
f 6299//6299 6296//6296 6298//6298
f 6290//6290 6299//6299 6298//6298
f 6264//6264 6297//6297 6295//6295
f 6297//6297 6291//6291 6298//6298
f 6298//6298 6296//6296 6295//6295
f 6297//6297 6298//6298 6295//6295
f 6168//6168 6300//6300 6268//6268
f 6300//6300 6301//6301 6302//6302
f 6302//6302 6269//6269 6268//6268
f 6300//6300 6302//6302 6268//6268
f 6301//6301 6303//6303 6304//6304
f 6303//6303 6279//6279 6277//6277
f 6277//6277 6275//6275 6304//6304
f 6303//6303 6277//6277 6304//6304
f 6275//6275 6274//6274 6305//6305
f 6274//6274 6247//6247 6271//6271
f 6271//6271 6269//6269 6305//6305
f 6274//6274 6271//6271 6305//6305
f 6301//6301 6304//6304 6302//6302
f 6304//6304 6275//6275 6305//6305
f 6305//6305 6269//6269 6302//6302
f 6304//6304 6305//6305 6302//6302
f 6279//6279 6306//6306 6284//6284
f 6306//6306 6307//6307 6308//6308
f 6308//6308 6285//6285 6284//6284
f 6306//6306 6308//6308 6284//6284
f 6307//6307 6309//6309 6310//6310
f 6309//6309 6311//6311 6312//6312
f 6312//6312 6313//6313 6310//6310
f 6309//6309 6312//6312 6310//6310
f 6313//6313 6314//6314 6315//6315
f 6314//6314 6289//6289 6287//6287
f 6287//6287 6285//6285 6315//6315
f 6314//6314 6287//6287 6315//6315
f 6307//6307 6310//6310 6308//6308
f 6310//6310 6313//6313 6315//6315
f 6315//6315 6285//6285 6308//6308
f 6310//6310 6315//6315 6308//6308
f 6311//6311 6316//6316 6312//6312
f 6316//6316 6317//6317 6318//6318
f 6318//6318 6313//6313 6312//6312
f 6316//6316 6318//6318 6312//6312
f 6317//6317 6319//6319 6320//6320
f 6319//6319 6321//6321 6322//6322
f 6322//6322 6323//6323 6320//6320
f 6319//6319 6322//6322 6320//6320
f 6323//6323 6324//6324 6325//6325
f 6324//6324 6289//6289 6314//6314
f 6314//6314 6313//6313 6325//6325
f 6324//6324 6314//6314 6325//6325
f 6317//6317 6320//6320 6318//6318
f 6320//6320 6323//6323 6325//6325
f 6325//6325 6313//6313 6318//6318
f 6320//6320 6325//6325 6318//6318
f 6158//6158 6294//6294 6326//6326
f 6294//6294 6296//6296 6327//6327
f 6327//6327 6328//6328 6326//6326
f 6294//6294 6327//6327 6326//6326
f 6296//6296 6299//6299 6329//6329
f 6299//6299 6289//6289 6324//6324
f 6324//6324 6323//6323 6329//6329
f 6299//6299 6324//6324 6329//6329
f 6323//6323 6322//6322 6330//6330
f 6322//6322 6321//6321 6331//6331
f 6331//6331 6328//6328 6330//6330
f 6322//6322 6331//6331 6330//6330
f 6296//6296 6329//6329 6327//6327
f 6329//6329 6323//6323 6330//6330
f 6330//6330 6328//6328 6327//6327
f 6329//6329 6330//6330 6327//6327
f 6168//6168 6332//6332 6300//6300
f 6332//6332 6333//6333 6334//6334
f 6334//6334 6301//6301 6300//6300
f 6332//6332 6334//6334 6300//6300
f 6333//6333 6335//6335 6336//6336
f 6335//6335 6311//6311 6309//6309
f 6309//6309 6307//6307 6336//6336
f 6335//6335 6309//6309 6336//6336
f 6307//6307 6306//6306 6337//6337
f 6306//6306 6279//6279 6303//6303
f 6303//6303 6301//6301 6337//6337
f 6306//6306 6303//6303 6337//6337
f 6333//6333 6336//6336 6334//6334
f 6336//6336 6307//6307 6337//6337
f 6337//6337 6301//6301 6334//6334
f 6336//6336 6337//6337 6334//6334
f 6311//6311 6338//6338 6316//6316
f 6338//6338 6339//6339 6340//6340
f 6340//6340 6317//6317 6316//6316
f 6338//6338 6340//6340 6316//6316
f 6339//6339 6341//6341 6342//6342
f 6341//6341 6343//6343 6344//6344
f 6344//6344 6345//6345 6342//6342
f 6341//6341 6344//6344 6342//6342
f 6345//6345 6346//6346 6347//6347
f 6346//6346 6321//6321 6319//6319
f 6319//6319 6317//6317 6347//6347
f 6346//6346 6319//6319 6347//6347
f 6339//6339 6342//6342 6340//6340
f 6342//6342 6345//6345 6347//6347
f 6347//6347 6317//6317 6340//6340
f 6342//6342 6347//6347 6340//6340
f 6343//6343 6348//6348 6344//6344
f 6348//6348 6349//6349 6350//6350
f 6350//6350 6345//6345 6344//6344
f 6348//6348 6350//6350 6344//6344
f 6349//6349 6351//6351 6352//6352
f 6351//6351 6353//6353 6354//6354
f 6354//6354 6355//6355 6352//6352
f 6351//6351 6354//6354 6352//6352
f 6355//6355 6356//6356 6357//6357
f 6356//6356 6321//6321 6346//6346
f 6346//6346 6345//6345 6357//6357
f 6356//6356 6346//6346 6357//6357
f 6349//6349 6352//6352 6350//6350
f 6352//6352 6355//6355 6357//6357
f 6357//6357 6345//6345 6350//6350
f 6352//6352 6357//6357 6350//6350
f 6158//6158 6326//6326 6358//6358
f 6326//6326 6328//6328 6359//6359
f 6359//6359 6360//6360 6358//6358
f 6326//6326 6359//6359 6358//6358
f 6328//6328 6331//6331 6361//6361
f 6331//6331 6321//6321 6356//6356
f 6356//6356 6355//6355 6361//6361
f 6331//6331 6356//6356 6361//6361
f 6355//6355 6354//6354 6362//6362
f 6354//6354 6353//6353 6363//6363
f 6363//6363 6360//6360 6362//6362
f 6354//6354 6363//6363 6362//6362
f 6328//6328 6361//6361 6359//6359
f 6361//6361 6355//6355 6362//6362
f 6362//6362 6360//6360 6359//6359
f 6361//6361 6362//6362 6359//6359
f 6168//6168 6364//6364 6332//6332
f 6364//6364 6365//6365 6366//6366
f 6366//6366 6333//6333 6332//6332
f 6364//6364 6366//6366 6332//6332
f 6365//6365 6367//6367 6368//6368
f 6367//6367 6343//6343 6341//6341
f 6341//6341 6339//6339 6368//6368
f 6367//6367 6341//6341 6368//6368
f 6339//6339 6338//6338 6369//6369
f 6338//6338 6311//6311 6335//6335
f 6335//6335 6333//6333 6369//6369
f 6338//6338 6335//6335 6369//6369
f 6365//6365 6368//6368 6366//6366
f 6368//6368 6339//6339 6369//6369
f 6369//6369 6333//6333 6366//6366
f 6368//6368 6369//6369 6366//6366
f 6343//6343 6370//6370 6348//6348
f 6370//6370 6371//6371 6372//6372
f 6372//6372 6349//6349 6348//6348
f 6370//6370 6372//6372 6348//6348
f 6371//6371 6373//6373 6374//6374
f 6373//6373 6375//6375 6376//6376
f 6376//6376 6377//6377 6374//6374
f 6373//6373 6376//6376 6374//6374
f 6377//6377 6378//6378 6379//6379
f 6378//6378 6353//6353 6351//6351
f 6351//6351 6349//6349 6379//6379
f 6378//6378 6351//6351 6379//6379
f 6371//6371 6374//6374 6372//6372
f 6374//6374 6377//6377 6379//6379
f 6379//6379 6349//6349 6372//6372
f 6374//6374 6379//6379 6372//6372
f 6375//6375 6380//6380 6376//6376
f 6380//6380 6381//6381 6382//6382
f 6382//6382 6377//6377 6376//6376
f 6380//6380 6382//6382 6376//6376
f 6381//6381 6383//6383 6384//6384
f 6383//6383 6385//6385 6386//6386
f 6386//6386 6387//6387 6384//6384
f 6383//6383 6386//6386 6384//6384
f 6387//6387 6388//6388 6389//6389
f 6388//6388 6353//6353 6378//6378
f 6378//6378 6377//6377 6389//6389
f 6388//6388 6378//6378 6389//6389
f 6381//6381 6384//6384 6382//6382
f 6384//6384 6387//6387 6389//6389
f 6389//6389 6377//6377 6382//6382
f 6384//6384 6389//6389 6382//6382
f 6158//6158 6358//6358 6390//6390
f 6358//6358 6360//6360 6391//6391
f 6391//6391 6392//6392 6390//6390
f 6358//6358 6391//6391 6390//6390
f 6360//6360 6363//6363 6393//6393
f 6363//6363 6353//6353 6388//6388
f 6388//6388 6387//6387 6393//6393
f 6363//6363 6388//6388 6393//6393
f 6387//6387 6386//6386 6394//6394
f 6386//6386 6385//6385 6395//6395
f 6395//6395 6392//6392 6394//6394
f 6386//6386 6395//6395 6394//6394
f 6360//6360 6393//6393 6391//6391
f 6393//6393 6387//6387 6394//6394
f 6394//6394 6392//6392 6391//6391
f 6393//6393 6394//6394 6391//6391
f 6168//6168 6396//6396 6364//6364
f 6396//6396 6397//6397 6398//6398
f 6398//6398 6365//6365 6364//6364
f 6396//6396 6398//6398 6364//6364
f 6397//6397 6399//6399 6400//6400
f 6399//6399 6375//6375 6373//6373
f 6373//6373 6371//6371 6400//6400
f 6399//6399 6373//6373 6400//6400
f 6371//6371 6370//6370 6401//6401
f 6370//6370 6343//6343 6367//6367
f 6367//6367 6365//6365 6401//6401
f 6370//6370 6367//6367 6401//6401
f 6397//6397 6400//6400 6398//6398
f 6400//6400 6371//6371 6401//6401
f 6401//6401 6365//6365 6398//6398
f 6400//6400 6401//6401 6398//6398
f 6375//6375 6402//6402 6380//6380
f 6402//6402 6403//6403 6404//6404
f 6404//6404 6381//6381 6380//6380
f 6402//6402 6404//6404 6380//6380
f 6403//6403 6405//6405 6406//6406
f 6405//6405 6407//6407 6408//6408
f 6408//6408 6409//6409 6406//6406
f 6405//6405 6408//6408 6406//6406
f 6409//6409 6410//6410 6411//6411
f 6410//6410 6385//6385 6383//6383
f 6383//6383 6381//6381 6411//6411
f 6410//6410 6383//6383 6411//6411
f 6403//6403 6406//6406 6404//6404
f 6406//6406 6409//6409 6411//6411
f 6411//6411 6381//6381 6404//6404
f 6406//6406 6411//6411 6404//6404
f 6407//6407 6412//6412 6408//6408
f 6412//6412 6413//6413 6414//6414
f 6414//6414 6409//6409 6408//6408
f 6412//6412 6414//6414 6408//6408
f 6413//6413 6415//6415 6416//6416
f 6415//6415 6417//6417 6418//6418
f 6418//6418 6419//6419 6416//6416
f 6415//6415 6418//6418 6416//6416
f 6419//6419 6420//6420 6421//6421
f 6420//6420 6385//6385 6410//6410
f 6410//6410 6409//6409 6421//6421
f 6420//6420 6410//6410 6421//6421
f 6413//6413 6416//6416 6414//6414
f 6416//6416 6419//6419 6421//6421
f 6421//6421 6409//6409 6414//6414
f 6416//6416 6421//6421 6414//6414
f 6158//6158 6390//6390 6422//6422
f 6390//6390 6392//6392 6423//6423
f 6423//6423 6424//6424 6422//6422
f 6390//6390 6423//6423 6422//6422
f 6392//6392 6395//6395 6425//6425
f 6395//6395 6385//6385 6420//6420
f 6420//6420 6419//6419 6425//6425
f 6395//6395 6420//6420 6425//6425
f 6419//6419 6418//6418 6426//6426
f 6418//6418 6417//6417 6427//6427
f 6427//6427 6424//6424 6426//6426
f 6418//6418 6427//6427 6426//6426
f 6392//6392 6425//6425 6423//6423
f 6425//6425 6419//6419 6426//6426
f 6426//6426 6424//6424 6423//6423
f 6425//6425 6426//6426 6423//6423
f 6168//6168 6428//6428 6396//6396
f 6428//6428 6429//6429 6430//6430
f 6430//6430 6397//6397 6396//6396
f 6428//6428 6430//6430 6396//6396
f 6429//6429 6431//6431 6432//6432
f 6431//6431 6407//6407 6405//6405
f 6405//6405 6403//6403 6432//6432
f 6431//6431 6405//6405 6432//6432
f 6403//6403 6402//6402 6433//6433
f 6402//6402 6375//6375 6399//6399
f 6399//6399 6397//6397 6433//6433
f 6402//6402 6399//6399 6433//6433
f 6429//6429 6432//6432 6430//6430
f 6432//6432 6403//6403 6433//6433
f 6433//6433 6397//6397 6430//6430
f 6432//6432 6433//6433 6430//6430
f 6407//6407 6434//6434 6412//6412
f 6434//6434 6435//6435 6436//6436
f 6436//6436 6413//6413 6412//6412
f 6434//6434 6436//6436 6412//6412
f 6435//6435 6437//6437 6438//6438
f 6437//6437 6133//6133 6439//6439
f 6439//6439 6440//6440 6438//6438
f 6437//6437 6439//6439 6438//6438
f 6440//6440 6441//6441 6442//6442
f 6441//6441 6417//6417 6415//6415
f 6415//6415 6413//6413 6442//6442
f 6441//6441 6415//6415 6442//6442
f 6435//6435 6438//6438 6436//6436
f 6438//6438 6440//6440 6442//6442
f 6442//6442 6413//6413 6436//6436
f 6438//6438 6442//6442 6436//6436
f 6133//6133 6135//6135 6439//6439
f 6135//6135 6138//6138 6443//6443
f 6443//6443 6440//6440 6439//6439
f 6135//6135 6443//6443 6439//6439
f 6138//6138 6147//6147 6444//6444
f 6147//6147 6146//6146 6445//6445
f 6445//6445 6446//6446 6444//6444
f 6147//6147 6445//6445 6444//6444
f 6446//6446 6447//6447 6448//6448
f 6447//6447 6417//6417 6441//6441
f 6441//6441 6440//6440 6448//6448
f 6447//6447 6441//6441 6448//6448
f 6138//6138 6444//6444 6443//6443
f 6444//6444 6446//6446 6448//6448
f 6448//6448 6440//6440 6443//6443
f 6444//6444 6448//6448 6443//6443
f 6158//6158 6422//6422 6159//6159
f 6422//6422 6424//6424 6449//6449
f 6449//6449 6161//6161 6159//6159
f 6422//6422 6449//6449 6159//6159
f 6424//6424 6427//6427 6450//6450
f 6427//6427 6417//6417 6447//6447
f 6447//6447 6446//6446 6450//6450
f 6427//6427 6447//6447 6450//6450
f 6446//6446 6445//6445 6451//6451
f 6445//6445 6146//6146 6164//6164
f 6164//6164 6161//6161 6451//6451
f 6445//6445 6164//6164 6451//6451
f 6424//6424 6450//6450 6449//6449
f 6450//6450 6446//6446 6451//6451
f 6451//6451 6161//6161 6449//6449
f 6450//6450 6451//6451 6449//6449
f 6168//6168 6170//6170 6428//6428
f 6170//6170 6173//6173 6452//6452
f 6452//6452 6429//6429 6428//6428
f 6170//6170 6452//6452 6428//6428
f 6173//6173 6177//6177 6453//6453
f 6177//6177 6133//6133 6437//6437
f 6437//6437 6435//6435 6453//6453
f 6177//6177 6437//6437 6453//6453
f 6435//6435 6434//6434 6454//6454
f 6434//6434 6407//6407 6431//6431
f 6431//6431 6429//6429 6454//6454
f 6434//6434 6431//6431 6454//6454
f 6173//6173 6453//6453 6452//6452
f 6453//6453 6435//6435 6454//6454
f 6454//6454 6429//6429 6452//6452
f 6453//6453 6454//6454 6452//6452
f 6455//6455 6456//6456 6457//6457
f 6456//6456 6458//6458 6459//6459
f 6459//6459 6460//6460 6457//6457
f 6456//6456 6459//6459 6457//6457
f 6458//6458 6461//6461 6462//6462
f 6461//6461 6463//6463 6464//6464
f 6464//6464 6465//6465 6462//6462
f 6461//6461 6464//6464 6462//6462
f 6465//6465 6466//6466 6467//6467
f 6466//6466 6468//6468 6469//6469
f 6469//6469 6460//6460 6467//6467
f 6466//6466 6469//6469 6467//6467
f 6458//6458 6462//6462 6459//6459
f 6462//6462 6465//6465 6467//6467
f 6467//6467 6460//6460 6459//6459
f 6462//6462 6467//6467 6459//6459
f 6463//6463 6470//6470 6464//6464
f 6470//6470 6471//6471 6472//6472
f 6472//6472 6465//6465 6464//6464
f 6470//6470 6472//6472 6464//6464
f 6471//6471 6473//6473 6474//6474
f 6473//6473 6475//6475 6476//6476
f 6476//6476 6477//6477 6474//6474
f 6473//6473 6476//6476 6474//6474
f 6477//6477 6478//6478 6479//6479
f 6478//6478 6468//6468 6466//6466
f 6466//6466 6465//6465 6479//6479
f 6478//6478 6466//6466 6479//6479
f 6471//6471 6474//6474 6472//6472
f 6474//6474 6477//6477 6479//6479
f 6479//6479 6465//6465 6472//6472
f 6474//6474 6479//6479 6472//6472
f 6480//6480 6481//6481 6482//6482
f 6481//6481 6483//6483 6484//6484
f 6484//6484 6485//6485 6482//6482
f 6481//6481 6484//6484 6482//6482
f 6483//6483 6486//6486 6487//6487
f 6486//6486 6468//6468 6478//6478
f 6478//6478 6477//6477 6487//6487
f 6486//6486 6478//6478 6487//6487
f 6477//6477 6476//6476 6488//6488
f 6476//6476 6475//6475 6489//6489
f 6489//6489 6485//6485 6488//6488
f 6476//6476 6489//6489 6488//6488
f 6483//6483 6487//6487 6484//6484
f 6487//6487 6477//6477 6488//6488
f 6488//6488 6485//6485 6484//6484
f 6487//6487 6488//6488 6484//6484
f 6490//6490 6491//6491 6492//6492
f 6491//6491 6493//6493 6494//6494
f 6494//6494 6495//6495 6492//6492
f 6491//6491 6494//6494 6492//6492
f 6493//6493 6496//6496 6497//6497
f 6496//6496 6463//6463 6461//6461
f 6461//6461 6458//6458 6497//6497
f 6496//6496 6461//6461 6497//6497
f 6458//6458 6456//6456 6498//6498
f 6456//6456 6455//6455 6499//6499
f 6499//6499 6495//6495 6498//6498
f 6456//6456 6499//6499 6498//6498
f 6493//6493 6497//6497 6494//6494
f 6497//6497 6458//6458 6498//6498
f 6498//6498 6495//6495 6494//6494
f 6497//6497 6498//6498 6494//6494
f 6463//6463 6500//6500 6470//6470
f 6500//6500 6501//6501 6502//6502
f 6502//6502 6471//6471 6470//6470
f 6500//6500 6502//6502 6470//6470
f 6501//6501 6503//6503 6504//6504
f 6503//6503 6505//6505 6506//6506
f 6506//6506 6507//6507 6504//6504
f 6503//6503 6506//6506 6504//6504
f 6507//6507 6508//6508 6509//6509
f 6508//6508 6475//6475 6473//6473
f 6473//6473 6471//6471 6509//6509
f 6508//6508 6473//6473 6509//6509
f 6501//6501 6504//6504 6502//6502
f 6504//6504 6507//6507 6509//6509
f 6509//6509 6471//6471 6502//6502
f 6504//6504 6509//6509 6502//6502
f 6505//6505 6510//6510 6506//6506
f 6510//6510 6511//6511 6512//6512
f 6512//6512 6507//6507 6506//6506
f 6510//6510 6512//6512 6506//6506
f 6511//6511 6513//6513 6514//6514
f 6513//6513 6515//6515 6516//6516
f 6516//6516 6517//6517 6514//6514
f 6513//6513 6516//6516 6514//6514
f 6517//6517 6518//6518 6519//6519
f 6518//6518 6475//6475 6508//6508
f 6508//6508 6507//6507 6519//6519
f 6518//6518 6508//6508 6519//6519
f 6511//6511 6514//6514 6512//6512
f 6514//6514 6517//6517 6519//6519
f 6519//6519 6507//6507 6512//6512
f 6514//6514 6519//6519 6512//6512
f 6480//6480 6482//6482 6520//6520
f 6482//6482 6485//6485 6521//6521
f 6521//6521 6522//6522 6520//6520
f 6482//6482 6521//6521 6520//6520
f 6485//6485 6489//6489 6523//6523
f 6489//6489 6475//6475 6518//6518
f 6518//6518 6517//6517 6523//6523
f 6489//6489 6518//6518 6523//6523
f 6517//6517 6516//6516 6524//6524
f 6516//6516 6515//6515 6525//6525
f 6525//6525 6522//6522 6524//6524
f 6516//6516 6525//6525 6524//6524
f 6485//6485 6523//6523 6521//6521
f 6523//6523 6517//6517 6524//6524
f 6524//6524 6522//6522 6521//6521
f 6523//6523 6524//6524 6521//6521
f 6490//6490 6526//6526 6491//6491
f 6526//6526 6527//6527 6528//6528
f 6528//6528 6493//6493 6491//6491
f 6526//6526 6528//6528 6491//6491
f 6527//6527 6529//6529 6530//6530
f 6529//6529 6505//6505 6503//6503
f 6503//6503 6501//6501 6530//6530
f 6529//6529 6503//6503 6530//6530
f 6501//6501 6500//6500 6531//6531
f 6500//6500 6463//6463 6496//6496
f 6496//6496 6493//6493 6531//6531
f 6500//6500 6496//6496 6531//6531
f 6527//6527 6530//6530 6528//6528
f 6530//6530 6501//6501 6531//6531
f 6531//6531 6493//6493 6528//6528
f 6530//6530 6531//6531 6528//6528
f 6505//6505 6532//6532 6510//6510
f 6532//6532 6533//6533 6534//6534
f 6534//6534 6511//6511 6510//6510
f 6532//6532 6534//6534 6510//6510
f 6533//6533 6535//6535 6536//6536
f 6535//6535 6537//6537 6538//6538
f 6538//6538 6539//6539 6536//6536
f 6535//6535 6538//6538 6536//6536
f 6539//6539 6540//6540 6541//6541
f 6540//6540 6515//6515 6513//6513
f 6513//6513 6511//6511 6541//6541
f 6540//6540 6513//6513 6541//6541
f 6533//6533 6536//6536 6534//6534
f 6536//6536 6539//6539 6541//6541
f 6541//6541 6511//6511 6534//6534
f 6536//6536 6541//6541 6534//6534
f 6537//6537 6542//6542 6538//6538
f 6542//6542 6543//6543 6544//6544
f 6544//6544 6539//6539 6538//6538
f 6542//6542 6544//6544 6538//6538
f 6543//6543 6545//6545 6546//6546
f 6545//6545 6547//6547 6548//6548
f 6548//6548 6549//6549 6546//6546
f 6545//6545 6548//6548 6546//6546
f 6549//6549 6550//6550 6551//6551
f 6550//6550 6515//6515 6540//6540
f 6540//6540 6539//6539 6551//6551
f 6550//6550 6540//6540 6551//6551
f 6543//6543 6546//6546 6544//6544
f 6546//6546 6549//6549 6551//6551
f 6551//6551 6539//6539 6544//6544
f 6546//6546 6551//6551 6544//6544
f 6480//6480 6520//6520 6552//6552
f 6520//6520 6522//6522 6553//6553
f 6553//6553 6554//6554 6552//6552
f 6520//6520 6553//6553 6552//6552
f 6522//6522 6525//6525 6555//6555
f 6525//6525 6515//6515 6550//6550
f 6550//6550 6549//6549 6555//6555
f 6525//6525 6550//6550 6555//6555
f 6549//6549 6548//6548 6556//6556
f 6548//6548 6547//6547 6557//6557
f 6557//6557 6554//6554 6556//6556
f 6548//6548 6557//6557 6556//6556
f 6522//6522 6555//6555 6553//6553
f 6555//6555 6549//6549 6556//6556
f 6556//6556 6554//6554 6553//6553
f 6555//6555 6556//6556 6553//6553
f 6490//6490 6558//6558 6526//6526
f 6558//6558 6559//6559 6560//6560
f 6560//6560 6527//6527 6526//6526
f 6558//6558 6560//6560 6526//6526
f 6559//6559 6561//6561 6562//6562
f 6561//6561 6537//6537 6535//6535
f 6535//6535 6533//6533 6562//6562
f 6561//6561 6535//6535 6562//6562
f 6533//6533 6532//6532 6563//6563
f 6532//6532 6505//6505 6529//6529
f 6529//6529 6527//6527 6563//6563
f 6532//6532 6529//6529 6563//6563
f 6559//6559 6562//6562 6560//6560
f 6562//6562 6533//6533 6563//6563
f 6563//6563 6527//6527 6560//6560
f 6562//6562 6563//6563 6560//6560
f 6537//6537 6564//6564 6542//6542
f 6564//6564 6565//6565 6566//6566
f 6566//6566 6543//6543 6542//6542
f 6564//6564 6566//6566 6542//6542
f 6565//6565 6567//6567 6568//6568
f 6567//6567 6569//6569 6570//6570
f 6570//6570 6571//6571 6568//6568
f 6567//6567 6570//6570 6568//6568
f 6571//6571 6572//6572 6573//6573
f 6572//6572 6547//6547 6545//6545
f 6545//6545 6543//6543 6573//6573
f 6572//6572 6545//6545 6573//6573
f 6565//6565 6568//6568 6566//6566
f 6568//6568 6571//6571 6573//6573
f 6573//6573 6543//6543 6566//6566
f 6568//6568 6573//6573 6566//6566
f 6569//6569 6574//6574 6570//6570
f 6574//6574 6575//6575 6576//6576
f 6576//6576 6571//6571 6570//6570
f 6574//6574 6576//6576 6570//6570
f 6575//6575 6577//6577 6578//6578
f 6577//6577 6579//6579 6580//6580
f 6580//6580 6581//6581 6578//6578
f 6577//6577 6580//6580 6578//6578
f 6581//6581 6582//6582 6583//6583
f 6582//6582 6547//6547 6572//6572
f 6572//6572 6571//6571 6583//6583
f 6582//6582 6572//6572 6583//6583
f 6575//6575 6578//6578 6576//6576
f 6578//6578 6581//6581 6583//6583
f 6583//6583 6571//6571 6576//6576
f 6578//6578 6583//6583 6576//6576
f 6480//6480 6552//6552 6584//6584
f 6552//6552 6554//6554 6585//6585
f 6585//6585 6586//6586 6584//6584
f 6552//6552 6585//6585 6584//6584
f 6554//6554 6557//6557 6587//6587
f 6557//6557 6547//6547 6582//6582
f 6582//6582 6581//6581 6587//6587
f 6557//6557 6582//6582 6587//6587
f 6581//6581 6580//6580 6588//6588
f 6580//6580 6579//6579 6589//6589
f 6589//6589 6586//6586 6588//6588
f 6580//6580 6589//6589 6588//6588
f 6554//6554 6587//6587 6585//6585
f 6587//6587 6581//6581 6588//6588
f 6588//6588 6586//6586 6585//6585
f 6587//6587 6588//6588 6585//6585
f 6490//6490 6590//6590 6558//6558
f 6590//6590 6591//6591 6592//6592
f 6592//6592 6559//6559 6558//6558
f 6590//6590 6592//6592 6558//6558
f 6591//6591 6593//6593 6594//6594
f 6593//6593 6569//6569 6567//6567
f 6567//6567 6565//6565 6594//6594
f 6593//6593 6567//6567 6594//6594
f 6565//6565 6564//6564 6595//6595
f 6564//6564 6537//6537 6561//6561
f 6561//6561 6559//6559 6595//6595
f 6564//6564 6561//6561 6595//6595
f 6591//6591 6594//6594 6592//6592
f 6594//6594 6565//6565 6595//6595
f 6595//6595 6559//6559 6592//6592
f 6594//6594 6595//6595 6592//6592
f 6569//6569 6596//6596 6574//6574
f 6596//6596 6597//6597 6598//6598
f 6598//6598 6575//6575 6574//6574
f 6596//6596 6598//6598 6574//6574
f 6597//6597 6599//6599 6600//6600
f 6599//6599 6601//6601 6602//6602
f 6602//6602 6603//6603 6600//6600
f 6599//6599 6602//6602 6600//6600
f 6603//6603 6604//6604 6605//6605
f 6604//6604 6579//6579 6577//6577
f 6577//6577 6575//6575 6605//6605
f 6604//6604 6577//6577 6605//6605
f 6597//6597 6600//6600 6598//6598
f 6600//6600 6603//6603 6605//6605
f 6605//6605 6575//6575 6598//6598
f 6600//6600 6605//6605 6598//6598
f 6601//6601 6606//6606 6602//6602
f 6606//6606 6607//6607 6608//6608
f 6608//6608 6603//6603 6602//6602
f 6606//6606 6608//6608 6602//6602
f 6607//6607 6609//6609 6610//6610
f 6609//6609 6611//6611 6612//6612
f 6612//6612 6613//6613 6610//6610
f 6609//6609 6612//6612 6610//6610
f 6613//6613 6614//6614 6615//6615
f 6614//6614 6579//6579 6604//6604
f 6604//6604 6603//6603 6615//6615
f 6614//6614 6604//6604 6615//6615
f 6607//6607 6610//6610 6608//6608
f 6610//6610 6613//6613 6615//6615
f 6615//6615 6603//6603 6608//6608
f 6610//6610 6615//6615 6608//6608
f 6480//6480 6584//6584 6616//6616
f 6584//6584 6586//6586 6617//6617
f 6617//6617 6618//6618 6616//6616
f 6584//6584 6617//6617 6616//6616
f 6586//6586 6589//6589 6619//6619
f 6589//6589 6579//6579 6614//6614
f 6614//6614 6613//6613 6619//6619
f 6589//6589 6614//6614 6619//6619
f 6613//6613 6612//6612 6620//6620
f 6612//6612 6611//6611 6621//6621
f 6621//6621 6618//6618 6620//6620
f 6612//6612 6621//6621 6620//6620
f 6586//6586 6619//6619 6617//6617
f 6619//6619 6613//6613 6620//6620
f 6620//6620 6618//6618 6617//6617
f 6619//6619 6620//6620 6617//6617
f 6490//6490 6622//6622 6590//6590
f 6622//6622 6623//6623 6624//6624
f 6624//6624 6591//6591 6590//6590
f 6622//6622 6624//6624 6590//6590
f 6623//6623 6625//6625 6626//6626
f 6625//6625 6601//6601 6599//6599
f 6599//6599 6597//6597 6626//6626
f 6625//6625 6599//6599 6626//6626
f 6597//6597 6596//6596 6627//6627
f 6596//6596 6569//6569 6593//6593
f 6593//6593 6591//6591 6627//6627
f 6596//6596 6593//6593 6627//6627
f 6623//6623 6626//6626 6624//6624
f 6626//6626 6597//6597 6627//6627
f 6627//6627 6591//6591 6624//6624
f 6626//6626 6627//6627 6624//6624
f 6601//6601 6628//6628 6606//6606
f 6628//6628 6629//6629 6630//6630
f 6630//6630 6607//6607 6606//6606
f 6628//6628 6630//6630 6606//6606
f 6629//6629 6631//6631 6632//6632
f 6631//6631 6633//6633 6634//6634
f 6634//6634 6635//6635 6632//6632
f 6631//6631 6634//6634 6632//6632
f 6635//6635 6636//6636 6637//6637
f 6636//6636 6611//6611 6609//6609
f 6609//6609 6607//6607 6637//6637
f 6636//6636 6609//6609 6637//6637
f 6629//6629 6632//6632 6630//6630
f 6632//6632 6635//6635 6637//6637
f 6637//6637 6607//6607 6630//6630
f 6632//6632 6637//6637 6630//6630
f 6633//6633 6638//6638 6634//6634
f 6638//6638 6639//6639 6640//6640
f 6640//6640 6635//6635 6634//6634
f 6638//6638 6640//6640 6634//6634
f 6639//6639 6641//6641 6642//6642
f 6641//6641 6643//6643 6644//6644
f 6644//6644 6645//6645 6642//6642
f 6641//6641 6644//6644 6642//6642
f 6645//6645 6646//6646 6647//6647
f 6646//6646 6611//6611 6636//6636
f 6636//6636 6635//6635 6647//6647
f 6646//6646 6636//6636 6647//6647
f 6639//6639 6642//6642 6640//6640
f 6642//6642 6645//6645 6647//6647
f 6647//6647 6635//6635 6640//6640
f 6642//6642 6647//6647 6640//6640
f 6480//6480 6616//6616 6648//6648
f 6616//6616 6618//6618 6649//6649
f 6649//6649 6650//6650 6648//6648
f 6616//6616 6649//6649 6648//6648
f 6618//6618 6621//6621 6651//6651
f 6621//6621 6611//6611 6646//6646
f 6646//6646 6645//6645 6651//6651
f 6621//6621 6646//6646 6651//6651
f 6645//6645 6644//6644 6652//6652
f 6644//6644 6643//6643 6653//6653
f 6653//6653 6650//6650 6652//6652
f 6644//6644 6653//6653 6652//6652
f 6618//6618 6651//6651 6649//6649
f 6651//6651 6645//6645 6652//6652
f 6652//6652 6650//6650 6649//6649
f 6651//6651 6652//6652 6649//6649
f 6490//6490 6654//6654 6622//6622
f 6654//6654 6655//6655 6656//6656
f 6656//6656 6623//6623 6622//6622
f 6654//6654 6656//6656 6622//6622
f 6655//6655 6657//6657 6658//6658
f 6657//6657 6633//6633 6631//6631
f 6631//6631 6629//6629 6658//6658
f 6657//6657 6631//6631 6658//6658
f 6629//6629 6628//6628 6659//6659
f 6628//6628 6601//6601 6625//6625
f 6625//6625 6623//6623 6659//6659
f 6628//6628 6625//6625 6659//6659
f 6655//6655 6658//6658 6656//6656
f 6658//6658 6629//6629 6659//6659
f 6659//6659 6623//6623 6656//6656
f 6658//6658 6659//6659 6656//6656
f 6633//6633 6660//6660 6638//6638
f 6660//6660 6661//6661 6662//6662
f 6662//6662 6639//6639 6638//6638
f 6660//6660 6662//6662 6638//6638
f 6661//6661 6663//6663 6664//6664
f 6663//6663 6665//6665 6666//6666
f 6666//6666 6667//6667 6664//6664
f 6663//6663 6666//6666 6664//6664
f 6667//6667 6668//6668 6669//6669
f 6668//6668 6643//6643 6641//6641
f 6641//6641 6639//6639 6669//6669
f 6668//6668 6641//6641 6669//6669
f 6661//6661 6664//6664 6662//6662
f 6664//6664 6667//6667 6669//6669
f 6669//6669 6639//6639 6662//6662
f 6664//6664 6669//6669 6662//6662
f 6665//6665 6670//6670 6666//6666
f 6670//6670 6671//6671 6672//6672
f 6672//6672 6667//6667 6666//6666
f 6670//6670 6672//6672 6666//6666
f 6671//6671 6673//6673 6674//6674
f 6673//6673 6675//6675 6676//6676
f 6676//6676 6677//6677 6674//6674
f 6673//6673 6676//6676 6674//6674
f 6677//6677 6678//6678 6679//6679
f 6678//6678 6643//6643 6668//6668
f 6668//6668 6667//6667 6679//6679
f 6678//6678 6668//6668 6679//6679
f 6671//6671 6674//6674 6672//6672
f 6674//6674 6677//6677 6679//6679
f 6679//6679 6667//6667 6672//6672
f 6674//6674 6679//6679 6672//6672
f 6480//6480 6648//6648 6680//6680
f 6648//6648 6650//6650 6681//6681
f 6681//6681 6682//6682 6680//6680
f 6648//6648 6681//6681 6680//6680
f 6650//6650 6653//6653 6683//6683
f 6653//6653 6643//6643 6678//6678
f 6678//6678 6677//6677 6683//6683
f 6653//6653 6678//6678 6683//6683
f 6677//6677 6676//6676 6684//6684
f 6676//6676 6675//6675 6685//6685
f 6685//6685 6682//6682 6684//6684
f 6676//6676 6685//6685 6684//6684
f 6650//6650 6683//6683 6681//6681
f 6683//6683 6677//6677 6684//6684
f 6684//6684 6682//6682 6681//6681
f 6683//6683 6684//6684 6681//6681
f 6490//6490 6686//6686 6654//6654
f 6686//6686 6687//6687 6688//6688
f 6688//6688 6655//6655 6654//6654
f 6686//6686 6688//6688 6654//6654
f 6687//6687 6689//6689 6690//6690
f 6689//6689 6665//6665 6663//6663
f 6663//6663 6661//6661 6690//6690
f 6689//6689 6663//6663 6690//6690
f 6661//6661 6660//6660 6691//6691
f 6660//6660 6633//6633 6657//6657
f 6657//6657 6655//6655 6691//6691
f 6660//6660 6657//6657 6691//6691
f 6687//6687 6690//6690 6688//6688
f 6690//6690 6661//6661 6691//6691
f 6691//6691 6655//6655 6688//6688
f 6690//6690 6691//6691 6688//6688
f 6665//6665 6692//6692 6670//6670
f 6692//6692 6693//6693 6694//6694
f 6694//6694 6671//6671 6670//6670
f 6692//6692 6694//6694 6670//6670
f 6693//6693 6695//6695 6696//6696
f 6695//6695 6697//6697 6698//6698
f 6698//6698 6699//6699 6696//6696
f 6695//6695 6698//6698 6696//6696
f 6699//6699 6700//6700 6701//6701
f 6700//6700 6675//6675 6673//6673
f 6673//6673 6671//6671 6701//6701
f 6700//6700 6673//6673 6701//6701
f 6693//6693 6696//6696 6694//6694
f 6696//6696 6699//6699 6701//6701
f 6701//6701 6671//6671 6694//6694
f 6696//6696 6701//6701 6694//6694
f 6697//6697 6702//6702 6698//6698
f 6702//6702 6703//6703 6704//6704
f 6704//6704 6699//6699 6698//6698
f 6702//6702 6704//6704 6698//6698
f 6703//6703 6705//6705 6706//6706
f 6705//6705 6707//6707 6708//6708
f 6708//6708 6709//6709 6706//6706
f 6705//6705 6708//6708 6706//6706
f 6709//6709 6710//6710 6711//6711
f 6710//6710 6675//6675 6700//6700
f 6700//6700 6699//6699 6711//6711
f 6710//6710 6700//6700 6711//6711
f 6703//6703 6706//6706 6704//6704
f 6706//6706 6709//6709 6711//6711
f 6711//6711 6699//6699 6704//6704
f 6706//6706 6711//6711 6704//6704
f 6480//6480 6680//6680 6712//6712
f 6680//6680 6682//6682 6713//6713
f 6713//6713 6714//6714 6712//6712
f 6680//6680 6713//6713 6712//6712
f 6682//6682 6685//6685 6715//6715
f 6685//6685 6675//6675 6710//6710
f 6710//6710 6709//6709 6715//6715
f 6685//6685 6710//6710 6715//6715
f 6709//6709 6708//6708 6716//6716
f 6708//6708 6707//6707 6717//6717
f 6717//6717 6714//6714 6716//6716
f 6708//6708 6717//6717 6716//6716
f 6682//6682 6715//6715 6713//6713
f 6715//6715 6709//6709 6716//6716
f 6716//6716 6714//6714 6713//6713
f 6715//6715 6716//6716 6713//6713
f 6490//6490 6718//6718 6686//6686
f 6718//6718 6719//6719 6720//6720
f 6720//6720 6687//6687 6686//6686
f 6718//6718 6720//6720 6686//6686
f 6719//6719 6721//6721 6722//6722
f 6721//6721 6697//6697 6695//6695
f 6695//6695 6693//6693 6722//6722
f 6721//6721 6695//6695 6722//6722
f 6693//6693 6692//6692 6723//6723
f 6692//6692 6665//6665 6689//6689
f 6689//6689 6687//6687 6723//6723
f 6692//6692 6689//6689 6723//6723
f 6719//6719 6722//6722 6720//6720
f 6722//6722 6693//6693 6723//6723
f 6723//6723 6687//6687 6720//6720
f 6722//6722 6723//6723 6720//6720
f 6697//6697 6724//6724 6702//6702
f 6724//6724 6725//6725 6726//6726
f 6726//6726 6703//6703 6702//6702
f 6724//6724 6726//6726 6702//6702
f 6725//6725 6727//6727 6728//6728
f 6727//6727 6729//6729 6730//6730
f 6730//6730 6731//6731 6728//6728
f 6727//6727 6730//6730 6728//6728
f 6731//6731 6732//6732 6733//6733
f 6732//6732 6707//6707 6705//6705
f 6705//6705 6703//6703 6733//6733
f 6732//6732 6705//6705 6733//6733
f 6725//6725 6728//6728 6726//6726
f 6728//6728 6731//6731 6733//6733
f 6733//6733 6703//6703 6726//6726
f 6728//6728 6733//6733 6726//6726
f 6729//6729 6734//6734 6730//6730
f 6734//6734 6735//6735 6736//6736
f 6736//6736 6731//6731 6730//6730
f 6734//6734 6736//6736 6730//6730
f 6735//6735 6737//6737 6738//6738
f 6737//6737 6739//6739 6740//6740
f 6740//6740 6741//6741 6738//6738
f 6737//6737 6740//6740 6738//6738
f 6741//6741 6742//6742 6743//6743
f 6742//6742 6707//6707 6732//6732
f 6732//6732 6731//6731 6743//6743
f 6742//6742 6732//6732 6743//6743
f 6735//6735 6738//6738 6736//6736
f 6738//6738 6741//6741 6743//6743
f 6743//6743 6731//6731 6736//6736
f 6738//6738 6743//6743 6736//6736
f 6480//6480 6712//6712 6744//6744
f 6712//6712 6714//6714 6745//6745
f 6745//6745 6746//6746 6744//6744
f 6712//6712 6745//6745 6744//6744
f 6714//6714 6717//6717 6747//6747
f 6717//6717 6707//6707 6742//6742
f 6742//6742 6741//6741 6747//6747
f 6717//6717 6742//6742 6747//6747
f 6741//6741 6740//6740 6748//6748
f 6740//6740 6739//6739 6749//6749
f 6749//6749 6746//6746 6748//6748
f 6740//6740 6749//6749 6748//6748
f 6714//6714 6747//6747 6745//6745
f 6747//6747 6741//6741 6748//6748
f 6748//6748 6746//6746 6745//6745
f 6747//6747 6748//6748 6745//6745
f 6490//6490 6750//6750 6718//6718
f 6750//6750 6751//6751 6752//6752
f 6752//6752 6719//6719 6718//6718
f 6750//6750 6752//6752 6718//6718
f 6751//6751 6753//6753 6754//6754
f 6753//6753 6729//6729 6727//6727
f 6727//6727 6725//6725 6754//6754
f 6753//6753 6727//6727 6754//6754
f 6725//6725 6724//6724 6755//6755
f 6724//6724 6697//6697 6721//6721
f 6721//6721 6719//6719 6755//6755
f 6724//6724 6721//6721 6755//6755
f 6751//6751 6754//6754 6752//6752
f 6754//6754 6725//6725 6755//6755
f 6755//6755 6719//6719 6752//6752
f 6754//6754 6755//6755 6752//6752
f 6729//6729 6756//6756 6734//6734
f 6756//6756 6757//6757 6758//6758
f 6758//6758 6735//6735 6734//6734
f 6756//6756 6758//6758 6734//6734
f 6757//6757 6759//6759 6760//6760
f 6759//6759 6455//6455 6761//6761
f 6761//6761 6762//6762 6760//6760
f 6759//6759 6761//6761 6760//6760
f 6762//6762 6763//6763 6764//6764
f 6763//6763 6739//6739 6737//6737
f 6737//6737 6735//6735 6764//6764
f 6763//6763 6737//6737 6764//6764
f 6757//6757 6760//6760 6758//6758
f 6760//6760 6762//6762 6764//6764
f 6764//6764 6735//6735 6758//6758
f 6760//6760 6764//6764 6758//6758
f 6455//6455 6457//6457 6761//6761
f 6457//6457 6460//6460 6765//6765
f 6765//6765 6762//6762 6761//6761
f 6457//6457 6765//6765 6761//6761
f 6460//6460 6469//6469 6766//6766
f 6469//6469 6468//6468 6767//6767
f 6767//6767 6768//6768 6766//6766
f 6469//6469 6767//6767 6766//6766
f 6768//6768 6769//6769 6770//6770
f 6769//6769 6739//6739 6763//6763
f 6763//6763 6762//6762 6770//6770
f 6769//6769 6763//6763 6770//6770
f 6460//6460 6766//6766 6765//6765
f 6766//6766 6768//6768 6770//6770
f 6770//6770 6762//6762 6765//6765
f 6766//6766 6770//6770 6765//6765
f 6480//6480 6744//6744 6481//6481
f 6744//6744 6746//6746 6771//6771
f 6771//6771 6483//6483 6481//6481
f 6744//6744 6771//6771 6481//6481
f 6746//6746 6749//6749 6772//6772
f 6749//6749 6739//6739 6769//6769
f 6769//6769 6768//6768 6772//6772
f 6749//6749 6769//6769 6772//6772
f 6768//6768 6767//6767 6773//6773
f 6767//6767 6468//6468 6486//6486
f 6486//6486 6483//6483 6773//6773
f 6767//6767 6486//6486 6773//6773
f 6746//6746 6772//6772 6771//6771
f 6772//6772 6768//6768 6773//6773
f 6773//6773 6483//6483 6771//6771
f 6772//6772 6773//6773 6771//6771
f 6490//6490 6492//6492 6750//6750
f 6492//6492 6495//6495 6774//6774
f 6774//6774 6751//6751 6750//6750
f 6492//6492 6774//6774 6750//6750
f 6495//6495 6499//6499 6775//6775
f 6499//6499 6455//6455 6759//6759
f 6759//6759 6757//6757 6775//6775
f 6499//6499 6759//6759 6775//6775
f 6757//6757 6756//6756 6776//6776
f 6756//6756 6729//6729 6753//6753
f 6753//6753 6751//6751 6776//6776
f 6756//6756 6753//6753 6776//6776
f 6495//6495 6775//6775 6774//6774
f 6775//6775 6757//6757 6776//6776
f 6776//6776 6751//6751 6774//6774
f 6775//6775 6776//6776 6774//6774
f 6777//6777 6778//6778 6779//6779
f 6778//6778 6780//6780 6781//6781
f 6781//6781 6782//6782 6779//6779
f 6778//6778 6781//6781 6779//6779
f 6780//6780 6783//6783 6784//6784
f 6783//6783 6785//6785 6786//6786
f 6786//6786 6787//6787 6784//6784
f 6783//6783 6786//6786 6784//6784
f 6787//6787 6788//6788 6789//6789
f 6788//6788 6790//6790 6791//6791
f 6791//6791 6782//6782 6789//6789
f 6788//6788 6791//6791 6789//6789
f 6780//6780 6784//6784 6781//6781
f 6784//6784 6787//6787 6789//6789
f 6789//6789 6782//6782 6781//6781
f 6784//6784 6789//6789 6781//6781
f 6790//6790 6788//6788 6792//6792
f 6788//6788 6787//6787 6793//6793
f 6793//6793 6794//6794 6792//6792
f 6788//6788 6793//6793 6792//6792
f 6787//6787 6786//6786 6795//6795
f 6786//6786 6785//6785 6796//6796
f 6796//6796 6797//6797 6795//6795
f 6786//6786 6796//6796 6795//6795
f 6797//6797 6798//6798 6799//6799
f 6798//6798 6800//6800 6801//6801
f 6801//6801 6794//6794 6799//6799
f 6798//6798 6801//6801 6799//6799
f 6787//6787 6795//6795 6793//6793
f 6795//6795 6797//6797 6799//6799
f 6799//6799 6794//6794 6793//6793
f 6795//6795 6799//6799 6793//6793
f 6777//6777 6802//6802 6803//6803
f 6802//6802 6804//6804 6805//6805
f 6805//6805 6806//6806 6803//6803
f 6802//6802 6805//6805 6803//6803
f 6804//6804 6807//6807 6808//6808
f 6807//6807 6809//6809 6810//6810
f 6810//6810 6811//6811 6808//6808
f 6807//6807 6810//6810 6808//6808
f 6811//6811 6812//6812 6813//6813
f 6812//6812 6814//6814 6815//6815
f 6815//6815 6806//6806 6813//6813
f 6812//6812 6815//6815 6813//6813
f 6804//6804 6808//6808 6805//6805
f 6808//6808 6811//6811 6813//6813
f 6813//6813 6806//6806 6805//6805
f 6808//6808 6813//6813 6805//6805
f 6777//6777 6779//6779 6802//6802
f 6779//6779 6782//6782 6816//6816
f 6816//6816 6804//6804 6802//6802
f 6779//6779 6816//6816 6802//6802
f 6782//6782 6791//6791 6817//6817
f 6791//6791 6790//6790 6818//6818
f 6818//6818 6819//6819 6817//6817
f 6791//6791 6818//6818 6817//6817
f 6819//6819 6820//6820 6821//6821
f 6820//6820 6809//6809 6807//6807
f 6807//6807 6804//6804 6821//6821
f 6820//6820 6807//6807 6821//6821
f 6782//6782 6817//6817 6816//6816
f 6817//6817 6819//6819 6821//6821
f 6821//6821 6804//6804 6816//6816
f 6817//6817 6821//6821 6816//6816
f 6777//6777 6803//6803 6778//6778
f 6803//6803 6806//6806 6822//6822
f 6822//6822 6780//6780 6778//6778
f 6803//6803 6822//6822 6778//6778
f 6806//6806 6815//6815 6823//6823
f 6815//6815 6814//6814 6824//6824
f 6824//6824 6825//6825 6823//6823
f 6815//6815 6824//6824 6823//6823
f 6825//6825 6826//6826 6827//6827
f 6826//6826 6785//6785 6783//6783
f 6783//6783 6780//6780 6827//6827
f 6826//6826 6783//6783 6827//6827
f 6806//6806 6823//6823 6822//6822
f 6823//6823 6825//6825 6827//6827
f 6827//6827 6780//6780 6822//6822
f 6823//6823 6827//6827 6822//6822
f 6785//6785 6826//6826 6828//6828
f 6826//6826 6825//6825 6829//6829
f 6829//6829 6830//6830 6828//6828
f 6826//6826 6829//6829 6828//6828
f 6825//6825 6824//6824 6831//6831
f 6824//6824 6814//6814 6832//6832
f 6832//6832 6833//6833 6831//6831
f 6824//6824 6832//6832 6831//6831
f 6833//6833 6834//6834 6835//6835
f 6834//6834 6836//6836 6837//6837
f 6837//6837 6830//6830 6835//6835
f 6834//6834 6837//6837 6835//6835
f 6825//6825 6831//6831 6829//6829
f 6831//6831 6833//6833 6835//6835
f 6835//6835 6830//6830 6829//6829
f 6831//6831 6835//6835 6829//6829
f 6785//6785 6828//6828 6838//6838
f 6828//6828 6830//6830 6839//6839
f 6839//6839 6840//6840 6838//6838
f 6828//6828 6839//6839 6838//6838
f 6830//6830 6837//6837 6841//6841
f 6837//6837 6836//6836 6842//6842
f 6842//6842 6843//6843 6841//6841
f 6837//6837 6842//6842 6841//6841
f 6843//6843 6844//6844 6845//6845
f 6844//6844 6846//6846 6847//6847
f 6847//6847 6840//6840 6845//6845
f 6844//6844 6847//6847 6845//6845
f 6830//6830 6841//6841 6839//6839
f 6841//6841 6843//6843 6845//6845
f 6845//6845 6840//6840 6839//6839
f 6841//6841 6845//6845 6839//6839
f 6785//6785 6838//6838 6796//6796
f 6838//6838 6840//6840 6848//6848
f 6848//6848 6797//6797 6796//6796
f 6838//6838 6848//6848 6796//6796
f 6840//6840 6847//6847 6849//6849
f 6847//6847 6846//6846 6850//6850
f 6850//6850 6851//6851 6849//6849
f 6847//6847 6850//6850 6849//6849
f 6851//6851 6852//6852 6853//6853
f 6852//6852 6800//6800 6798//6798
f 6798//6798 6797//6797 6853//6853
f 6852//6852 6798//6798 6853//6853
f 6840//6840 6849//6849 6848//6848
f 6849//6849 6851//6851 6853//6853
f 6853//6853 6797//6797 6848//6848
f 6849//6849 6853//6853 6848//6848
f 6790//6790 6854//6854 6818//6818
f 6854//6854 6855//6855 6856//6856
f 6856//6856 6819//6819 6818//6818
f 6854//6854 6856//6856 6818//6818
f 6855//6855 6857//6857 6858//6858
f 6857//6857 6846//6846 6859//6859
f 6859//6859 6860//6860 6858//6858
f 6857//6857 6859//6859 6858//6858
f 6860//6860 6861//6861 6862//6862
f 6861//6861 6809//6809 6820//6820
f 6820//6820 6819//6819 6862//6862
f 6861//6861 6820//6820 6862//6862
f 6855//6855 6858//6858 6856//6856
f 6858//6858 6860//6860 6862//6862
f 6862//6862 6819//6819 6856//6856
f 6858//6858 6862//6862 6856//6856
f 6790//6790 6792//6792 6854//6854
f 6792//6792 6794//6794 6863//6863
f 6863//6863 6855//6855 6854//6854
f 6792//6792 6863//6863 6854//6854
f 6794//6794 6801//6801 6864//6864
f 6801//6801 6800//6800 6852//6852
f 6852//6852 6851//6851 6864//6864
f 6801//6801 6852//6852 6864//6864
f 6851//6851 6850//6850 6865//6865
f 6850//6850 6846//6846 6857//6857
f 6857//6857 6855//6855 6865//6865
f 6850//6850 6857//6857 6865//6865
f 6794//6794 6864//6864 6863//6863
f 6864//6864 6851//6851 6865//6865
f 6865//6865 6855//6855 6863//6863
f 6864//6864 6865//6865 6863//6863
f 6809//6809 6866//6866 6810//6810
f 6866//6866 6867//6867 6868//6868
f 6868//6868 6811//6811 6810//6810
f 6866//6866 6868//6868 6810//6810
f 6867//6867 6869//6869 6870//6870
f 6869//6869 6836//6836 6834//6834
f 6834//6834 6833//6833 6870//6870
f 6869//6869 6834//6834 6870//6870
f 6833//6833 6832//6832 6871//6871
f 6832//6832 6814//6814 6812//6812
f 6812//6812 6811//6811 6871//6871
f 6832//6832 6812//6812 6871//6871
f 6867//6867 6870//6870 6868//6868
f 6870//6870 6833//6833 6871//6871
f 6871//6871 6811//6811 6868//6868
f 6870//6870 6871//6871 6868//6868
f 6809//6809 6861//6861 6866//6866
f 6861//6861 6860//6860 6872//6872
f 6872//6872 6867//6867 6866//6866
f 6861//6861 6872//6872 6866//6866
f 6860//6860 6859//6859 6873//6873
f 6859//6859 6846//6846 6844//6844
f 6844//6844 6843//6843 6873//6873
f 6859//6859 6844//6844 6873//6873
f 6843//6843 6842//6842 6874//6874
f 6842//6842 6836//6836 6869//6869
f 6869//6869 6867//6867 6874//6874
f 6842//6842 6869//6869 6874//6874
f 6860//6860 6873//6873 6872//6872
f 6873//6873 6843//6843 6874//6874
f 6874//6874 6867//6867 6872//6872
f 6873//6873 6874//6874 6872//6872
f 6875//6875 6876//6876 6877//6877
f 6876//6876 6878//6878 6879//6879
f 6879//6879 6880//6880 6877//6877
f 6876//6876 6879//6879 6877//6877
f 6878//6878 6881//6881 6882//6882
f 6881//6881 6883//6883 6884//6884
f 6884//6884 6885//6885 6882//6882
f 6881//6881 6884//6884 6882//6882
f 6885//6885 6886//6886 6887//6887
f 6886//6886 6888//6888 6889//6889
f 6889//6889 6880//6880 6887//6887
f 6886//6886 6889//6889 6887//6887
f 6878//6878 6882//6882 6879//6879
f 6882//6882 6885//6885 6887//6887
f 6887//6887 6880//6880 6879//6879
f 6882//6882 6887//6887 6879//6879
f 6883//6883 6890//6890 6884//6884
f 6890//6890 6891//6891 6892//6892
f 6892//6892 6885//6885 6884//6884
f 6890//6890 6892//6892 6884//6884
f 6891//6891 6893//6893 6894//6894
f 6893//6893 6895//6895 6896//6896
f 6896//6896 6897//6897 6894//6894
f 6893//6893 6896//6896 6894//6894
f 6897//6897 6898//6898 6899//6899
f 6898//6898 6888//6888 6886//6886
f 6886//6886 6885//6885 6899//6899
f 6898//6898 6886//6886 6899//6899
f 6891//6891 6894//6894 6892//6892
f 6894//6894 6897//6897 6899//6899
f 6899//6899 6885//6885 6892//6892
f 6894//6894 6899//6899 6892//6892
f 6900//6900 6901//6901 6902//6902
f 6901//6901 6903//6903 6904//6904
f 6904//6904 6905//6905 6902//6902
f 6901//6901 6904//6904 6902//6902
f 6903//6903 6906//6906 6907//6907
f 6906//6906 6888//6888 6898//6898
f 6898//6898 6897//6897 6907//6907
f 6906//6906 6898//6898 6907//6907
f 6897//6897 6896//6896 6908//6908
f 6896//6896 6895//6895 6909//6909
f 6909//6909 6905//6905 6908//6908
f 6896//6896 6909//6909 6908//6908
f 6903//6903 6907//6907 6904//6904
f 6907//6907 6897//6897 6908//6908
f 6908//6908 6905//6905 6904//6904
f 6907//6907 6908//6908 6904//6904
f 6910//6910 6911//6911 6912//6912
f 6911//6911 6913//6913 6914//6914
f 6914//6914 6915//6915 6912//6912
f 6911//6911 6914//6914 6912//6912
f 6913//6913 6916//6916 6917//6917
f 6916//6916 6883//6883 6881//6881
f 6881//6881 6878//6878 6917//6917
f 6916//6916 6881//6881 6917//6917
f 6878//6878 6876//6876 6918//6918
f 6876//6876 6875//6875 6919//6919
f 6919//6919 6915//6915 6918//6918
f 6876//6876 6919//6919 6918//6918
f 6913//6913 6917//6917 6914//6914
f 6917//6917 6878//6878 6918//6918
f 6918//6918 6915//6915 6914//6914
f 6917//6917 6918//6918 6914//6914
f 6883//6883 6920//6920 6890//6890
f 6920//6920 6921//6921 6922//6922
f 6922//6922 6891//6891 6890//6890
f 6920//6920 6922//6922 6890//6890
f 6921//6921 6923//6923 6924//6924
f 6923//6923 6925//6925 6926//6926
f 6926//6926 6927//6927 6924//6924
f 6923//6923 6926//6926 6924//6924
f 6927//6927 6928//6928 6929//6929
f 6928//6928 6895//6895 6893//6893
f 6893//6893 6891//6891 6929//6929
f 6928//6928 6893//6893 6929//6929
f 6921//6921 6924//6924 6922//6922
f 6924//6924 6927//6927 6929//6929
f 6929//6929 6891//6891 6922//6922
f 6924//6924 6929//6929 6922//6922
f 6925//6925 6930//6930 6926//6926
f 6930//6930 6931//6931 6932//6932
f 6932//6932 6927//6927 6926//6926
f 6930//6930 6932//6932 6926//6926
f 6931//6931 6933//6933 6934//6934
f 6933//6933 6935//6935 6936//6936
f 6936//6936 6937//6937 6934//6934
f 6933//6933 6936//6936 6934//6934
f 6937//6937 6938//6938 6939//6939
f 6938//6938 6895//6895 6928//6928
f 6928//6928 6927//6927 6939//6939
f 6938//6938 6928//6928 6939//6939
f 6931//6931 6934//6934 6932//6932
f 6934//6934 6937//6937 6939//6939
f 6939//6939 6927//6927 6932//6932
f 6934//6934 6939//6939 6932//6932
f 6900//6900 6902//6902 6940//6940
f 6902//6902 6905//6905 6941//6941
f 6941//6941 6942//6942 6940//6940
f 6902//6902 6941//6941 6940//6940
f 6905//6905 6909//6909 6943//6943
f 6909//6909 6895//6895 6938//6938
f 6938//6938 6937//6937 6943//6943
f 6909//6909 6938//6938 6943//6943
f 6937//6937 6936//6936 6944//6944
f 6936//6936 6935//6935 6945//6945
f 6945//6945 6942//6942 6944//6944
f 6936//6936 6945//6945 6944//6944
f 6905//6905 6943//6943 6941//6941
f 6943//6943 6937//6937 6944//6944
f 6944//6944 6942//6942 6941//6941
f 6943//6943 6944//6944 6941//6941
f 6910//6910 6946//6946 6911//6911
f 6946//6946 6947//6947 6948//6948
f 6948//6948 6913//6913 6911//6911
f 6946//6946 6948//6948 6911//6911
f 6947//6947 6949//6949 6950//6950
f 6949//6949 6925//6925 6923//6923
f 6923//6923 6921//6921 6950//6950
f 6949//6949 6923//6923 6950//6950
f 6921//6921 6920//6920 6951//6951
f 6920//6920 6883//6883 6916//6916
f 6916//6916 6913//6913 6951//6951
f 6920//6920 6916//6916 6951//6951
f 6947//6947 6950//6950 6948//6948
f 6950//6950 6921//6921 6951//6951
f 6951//6951 6913//6913 6948//6948
f 6950//6950 6951//6951 6948//6948
f 6925//6925 6952//6952 6930//6930
f 6952//6952 6953//6953 6954//6954
f 6954//6954 6931//6931 6930//6930
f 6952//6952 6954//6954 6930//6930
f 6953//6953 6955//6955 6956//6956
f 6955//6955 6957//6957 6958//6958
f 6958//6958 6959//6959 6956//6956
f 6955//6955 6958//6958 6956//6956
f 6959//6959 6960//6960 6961//6961
f 6960//6960 6935//6935 6933//6933
f 6933//6933 6931//6931 6961//6961
f 6960//6960 6933//6933 6961//6961
f 6953//6953 6956//6956 6954//6954
f 6956//6956 6959//6959 6961//6961
f 6961//6961 6931//6931 6954//6954
f 6956//6956 6961//6961 6954//6954
f 6957//6957 6962//6962 6958//6958
f 6962//6962 6963//6963 6964//6964
f 6964//6964 6959//6959 6958//6958
f 6962//6962 6964//6964 6958//6958
f 6963//6963 6965//6965 6966//6966
f 6965//6965 6967//6967 6968//6968
f 6968//6968 6969//6969 6966//6966
f 6965//6965 6968//6968 6966//6966
f 6969//6969 6970//6970 6971//6971
f 6970//6970 6935//6935 6960//6960
f 6960//6960 6959//6959 6971//6971
f 6970//6970 6960//6960 6971//6971
f 6963//6963 6966//6966 6964//6964
f 6966//6966 6969//6969 6971//6971
f 6971//6971 6959//6959 6964//6964
f 6966//6966 6971//6971 6964//6964
f 6900//6900 6940//6940 6972//6972
f 6940//6940 6942//6942 6973//6973
f 6973//6973 6974//6974 6972//6972
f 6940//6940 6973//6973 6972//6972
f 6942//6942 6945//6945 6975//6975
f 6945//6945 6935//6935 6970//6970
f 6970//6970 6969//6969 6975//6975
f 6945//6945 6970//6970 6975//6975
f 6969//6969 6968//6968 6976//6976
f 6968//6968 6967//6967 6977//6977
f 6977//6977 6974//6974 6976//6976
f 6968//6968 6977//6977 6976//6976
f 6942//6942 6975//6975 6973//6973
f 6975//6975 6969//6969 6976//6976
f 6976//6976 6974//6974 6973//6973
f 6975//6975 6976//6976 6973//6973
f 6910//6910 6978//6978 6946//6946
f 6978//6978 6979//6979 6980//6980
f 6980//6980 6947//6947 6946//6946
f 6978//6978 6980//6980 6946//6946
f 6979//6979 6981//6981 6982//6982
f 6981//6981 6957//6957 6955//6955
f 6955//6955 6953//6953 6982//6982
f 6981//6981 6955//6955 6982//6982
f 6953//6953 6952//6952 6983//6983
f 6952//6952 6925//6925 6949//6949
f 6949//6949 6947//6947 6983//6983
f 6952//6952 6949//6949 6983//6983
f 6979//6979 6982//6982 6980//6980
f 6982//6982 6953//6953 6983//6983
f 6983//6983 6947//6947 6980//6980
f 6982//6982 6983//6983 6980//6980
f 6957//6957 6984//6984 6962//6962
f 6984//6984 6985//6985 6986//6986
f 6986//6986 6963//6963 6962//6962
f 6984//6984 6986//6986 6962//6962
f 6985//6985 6987//6987 6988//6988
f 6987//6987 6989//6989 6990//6990
f 6990//6990 6991//6991 6988//6988
f 6987//6987 6990//6990 6988//6988
f 6991//6991 6992//6992 6993//6993
f 6992//6992 6967//6967 6965//6965
f 6965//6965 6963//6963 6993//6993
f 6992//6992 6965//6965 6993//6993
f 6985//6985 6988//6988 6986//6986
f 6988//6988 6991//6991 6993//6993
f 6993//6993 6963//6963 6986//6986
f 6988//6988 6993//6993 6986//6986
f 6989//6989 6994//6994 6990//6990
f 6994//6994 6995//6995 6996//6996
f 6996//6996 6991//6991 6990//6990
f 6994//6994 6996//6996 6990//6990
f 6995//6995 6997//6997 6998//6998
f 6997//6997 6999//6999 7000//7000
f 7000//7000 7001//7001 6998//6998
f 6997//6997 7000//7000 6998//6998
f 7001//7001 7002//7002 7003//7003
f 7002//7002 6967//6967 6992//6992
f 6992//6992 6991//6991 7003//7003
f 7002//7002 6992//6992 7003//7003
f 6995//6995 6998//6998 6996//6996
f 6998//6998 7001//7001 7003//7003
f 7003//7003 6991//6991 6996//6996
f 6998//6998 7003//7003 6996//6996
f 6900//6900 6972//6972 7004//7004
f 6972//6972 6974//6974 7005//7005
f 7005//7005 7006//7006 7004//7004
f 6972//6972 7005//7005 7004//7004
f 6974//6974 6977//6977 7007//7007
f 6977//6977 6967//6967 7002//7002
f 7002//7002 7001//7001 7007//7007
f 6977//6977 7002//7002 7007//7007
f 7001//7001 7000//7000 7008//7008
f 7000//7000 6999//6999 7009//7009
f 7009//7009 7006//7006 7008//7008
f 7000//7000 7009//7009 7008//7008
f 6974//6974 7007//7007 7005//7005
f 7007//7007 7001//7001 7008//7008
f 7008//7008 7006//7006 7005//7005
f 7007//7007 7008//7008 7005//7005
f 6910//6910 7010//7010 6978//6978
f 7010//7010 7011//7011 7012//7012
f 7012//7012 6979//6979 6978//6978
f 7010//7010 7012//7012 6978//6978
f 7011//7011 7013//7013 7014//7014
f 7013//7013 6989//6989 6987//6987
f 6987//6987 6985//6985 7014//7014
f 7013//7013 6987//6987 7014//7014
f 6985//6985 6984//6984 7015//7015
f 6984//6984 6957//6957 6981//6981
f 6981//6981 6979//6979 7015//7015
f 6984//6984 6981//6981 7015//7015
f 7011//7011 7014//7014 7012//7012
f 7014//7014 6985//6985 7015//7015
f 7015//7015 6979//6979 7012//7012
f 7014//7014 7015//7015 7012//7012
f 6989//6989 7016//7016 6994//6994
f 7016//7016 7017//7017 7018//7018
f 7018//7018 6995//6995 6994//6994
f 7016//7016 7018//7018 6994//6994
f 7017//7017 7019//7019 7020//7020
f 7019//7019 7021//7021 7022//7022
f 7022//7022 7023//7023 7020//7020
f 7019//7019 7022//7022 7020//7020
f 7023//7023 7024//7024 7025//7025
f 7024//7024 6999//6999 6997//6997
f 6997//6997 6995//6995 7025//7025
f 7024//7024 6997//6997 7025//7025
f 7017//7017 7020//7020 7018//7018
f 7020//7020 7023//7023 7025//7025
f 7025//7025 6995//6995 7018//7018
f 7020//7020 7025//7025 7018//7018
f 7021//7021 7026//7026 7022//7022
f 7026//7026 7027//7027 7028//7028
f 7028//7028 7023//7023 7022//7022
f 7026//7026 7028//7028 7022//7022
f 7027//7027 7029//7029 7030//7030
f 7029//7029 7031//7031 7032//7032
f 7032//7032 7033//7033 7030//7030
f 7029//7029 7032//7032 7030//7030
f 7033//7033 7034//7034 7035//7035
f 7034//7034 6999//6999 7024//7024
f 7024//7024 7023//7023 7035//7035
f 7034//7034 7024//7024 7035//7035
f 7027//7027 7030//7030 7028//7028
f 7030//7030 7033//7033 7035//7035
f 7035//7035 7023//7023 7028//7028
f 7030//7030 7035//7035 7028//7028
f 6900//6900 7004//7004 7036//7036
f 7004//7004 7006//7006 7037//7037
f 7037//7037 7038//7038 7036//7036
f 7004//7004 7037//7037 7036//7036
f 7006//7006 7009//7009 7039//7039
f 7009//7009 6999//6999 7034//7034
f 7034//7034 7033//7033 7039//7039
f 7009//7009 7034//7034 7039//7039
f 7033//7033 7032//7032 7040//7040
f 7032//7032 7031//7031 7041//7041
f 7041//7041 7038//7038 7040//7040
f 7032//7032 7041//7041 7040//7040
f 7006//7006 7039//7039 7037//7037
f 7039//7039 7033//7033 7040//7040
f 7040//7040 7038//7038 7037//7037
f 7039//7039 7040//7040 7037//7037
f 6910//6910 7042//7042 7010//7010
f 7042//7042 7043//7043 7044//7044
f 7044//7044 7011//7011 7010//7010
f 7042//7042 7044//7044 7010//7010
f 7043//7043 7045//7045 7046//7046
f 7045//7045 7021//7021 7019//7019
f 7019//7019 7017//7017 7046//7046
f 7045//7045 7019//7019 7046//7046
f 7017//7017 7016//7016 7047//7047
f 7016//7016 6989//6989 7013//7013
f 7013//7013 7011//7011 7047//7047
f 7016//7016 7013//7013 7047//7047
f 7043//7043 7046//7046 7044//7044
f 7046//7046 7017//7017 7047//7047
f 7047//7047 7011//7011 7044//7044
f 7046//7046 7047//7047 7044//7044
f 7021//7021 7048//7048 7026//7026
f 7048//7048 7049//7049 7050//7050
f 7050//7050 7027//7027 7026//7026
f 7048//7048 7050//7050 7026//7026
f 7049//7049 7051//7051 7052//7052
f 7051//7051 7053//7053 7054//7054
f 7054//7054 7055//7055 7052//7052
f 7051//7051 7054//7054 7052//7052
f 7055//7055 7056//7056 7057//7057
f 7056//7056 7031//7031 7029//7029
f 7029//7029 7027//7027 7057//7057
f 7056//7056 7029//7029 7057//7057
f 7049//7049 7052//7052 7050//7050
f 7052//7052 7055//7055 7057//7057
f 7057//7057 7027//7027 7050//7050
f 7052//7052 7057//7057 7050//7050
f 7053//7053 7058//7058 7054//7054
f 7058//7058 7059//7059 7060//7060
f 7060//7060 7055//7055 7054//7054
f 7058//7058 7060//7060 7054//7054
f 7059//7059 7061//7061 7062//7062
f 7061//7061 7063//7063 7064//7064
f 7064//7064 7065//7065 7062//7062
f 7061//7061 7064//7064 7062//7062
f 7065//7065 7066//7066 7067//7067
f 7066//7066 7031//7031 7056//7056
f 7056//7056 7055//7055 7067//7067
f 7066//7066 7056//7056 7067//7067
f 7059//7059 7062//7062 7060//7060
f 7062//7062 7065//7065 7067//7067
f 7067//7067 7055//7055 7060//7060
f 7062//7062 7067//7067 7060//7060
f 6900//6900 7036//7036 7068//7068
f 7036//7036 7038//7038 7069//7069
f 7069//7069 7070//7070 7068//7068
f 7036//7036 7069//7069 7068//7068
f 7038//7038 7041//7041 7071//7071
f 7041//7041 7031//7031 7066//7066
f 7066//7066 7065//7065 7071//7071
f 7041//7041 7066//7066 7071//7071
f 7065//7065 7064//7064 7072//7072
f 7064//7064 7063//7063 7073//7073
f 7073//7073 7070//7070 7072//7072
f 7064//7064 7073//7073 7072//7072
f 7038//7038 7071//7071 7069//7069
f 7071//7071 7065//7065 7072//7072
f 7072//7072 7070//7070 7069//7069
f 7071//7071 7072//7072 7069//7069
f 6910//6910 7074//7074 7042//7042
f 7074//7074 7075//7075 7076//7076
f 7076//7076 7043//7043 7042//7042
f 7074//7074 7076//7076 7042//7042
f 7075//7075 7077//7077 7078//7078
f 7077//7077 7053//7053 7051//7051
f 7051//7051 7049//7049 7078//7078
f 7077//7077 7051//7051 7078//7078
f 7049//7049 7048//7048 7079//7079
f 7048//7048 7021//7021 7045//7045
f 7045//7045 7043//7043 7079//7079
f 7048//7048 7045//7045 7079//7079
f 7075//7075 7078//7078 7076//7076
f 7078//7078 7049//7049 7079//7079
f 7079//7079 7043//7043 7076//7076
f 7078//7078 7079//7079 7076//7076
f 7053//7053 7080//7080 7058//7058
f 7080//7080 7081//7081 7082//7082
f 7082//7082 7059//7059 7058//7058
f 7080//7080 7082//7082 7058//7058
f 7081//7081 7083//7083 7084//7084
f 7083//7083 7085//7085 7086//7086
f 7086//7086 7087//7087 7084//7084
f 7083//7083 7086//7086 7084//7084
f 7087//7087 7088//7088 7089//7089
f 7088//7088 7063//7063 7061//7061
f 7061//7061 7059//7059 7089//7089
f 7088//7088 7061//7061 7089//7089
f 7081//7081 7084//7084 7082//7082
f 7084//7084 7087//7087 7089//7089
f 7089//7089 7059//7059 7082//7082
f 7084//7084 7089//7089 7082//7082
f 7085//7085 7090//7090 7086//7086
f 7090//7090 7091//7091 7092//7092
f 7092//7092 7087//7087 7086//7086
f 7090//7090 7092//7092 7086//7086
f 7091//7091 7093//7093 7094//7094
f 7093//7093 7095//7095 7096//7096
f 7096//7096 7097//7097 7094//7094
f 7093//7093 7096//7096 7094//7094
f 7097//7097 7098//7098 7099//7099
f 7098//7098 7063//7063 7088//7088
f 7088//7088 7087//7087 7099//7099
f 7098//7098 7088//7088 7099//7099
f 7091//7091 7094//7094 7092//7092
f 7094//7094 7097//7097 7099//7099
f 7099//7099 7087//7087 7092//7092
f 7094//7094 7099//7099 7092//7092
f 6900//6900 7068//7068 7100//7100
f 7068//7068 7070//7070 7101//7101
f 7101//7101 7102//7102 7100//7100
f 7068//7068 7101//7101 7100//7100
f 7070//7070 7073//7073 7103//7103
f 7073//7073 7063//7063 7098//7098
f 7098//7098 7097//7097 7103//7103
f 7073//7073 7098//7098 7103//7103
f 7097//7097 7096//7096 7104//7104
f 7096//7096 7095//7095 7105//7105
f 7105//7105 7102//7102 7104//7104
f 7096//7096 7105//7105 7104//7104
f 7070//7070 7103//7103 7101//7101
f 7103//7103 7097//7097 7104//7104
f 7104//7104 7102//7102 7101//7101
f 7103//7103 7104//7104 7101//7101
f 6910//6910 7106//7106 7074//7074
f 7106//7106 7107//7107 7108//7108
f 7108//7108 7075//7075 7074//7074
f 7106//7106 7108//7108 7074//7074
f 7107//7107 7109//7109 7110//7110
f 7109//7109 7085//7085 7083//7083
f 7083//7083 7081//7081 7110//7110
f 7109//7109 7083//7083 7110//7110
f 7081//7081 7080//7080 7111//7111
f 7080//7080 7053//7053 7077//7077
f 7077//7077 7075//7075 7111//7111
f 7080//7080 7077//7077 7111//7111
f 7107//7107 7110//7110 7108//7108
f 7110//7110 7081//7081 7111//7111
f 7111//7111 7075//7075 7108//7108
f 7110//7110 7111//7111 7108//7108
f 7085//7085 7112//7112 7090//7090
f 7112//7112 7113//7113 7114//7114
f 7114//7114 7091//7091 7090//7090
f 7112//7112 7114//7114 7090//7090
f 7113//7113 7115//7115 7116//7116
f 7115//7115 7117//7117 7118//7118
f 7118//7118 7119//7119 7116//7116
f 7115//7115 7118//7118 7116//7116
f 7119//7119 7120//7120 7121//7121
f 7120//7120 7095//7095 7093//7093
f 7093//7093 7091//7091 7121//7121
f 7120//7120 7093//7093 7121//7121
f 7113//7113 7116//7116 7114//7114
f 7116//7116 7119//7119 7121//7121
f 7121//7121 7091//7091 7114//7114
f 7116//7116 7121//7121 7114//7114
f 7117//7117 7122//7122 7118//7118
f 7122//7122 7123//7123 7124//7124
f 7124//7124 7119//7119 7118//7118
f 7122//7122 7124//7124 7118//7118
f 7123//7123 7125//7125 7126//7126
f 7125//7125 7127//7127 7128//7128
f 7128//7128 7129//7129 7126//7126
f 7125//7125 7128//7128 7126//7126
f 7129//7129 7130//7130 7131//7131
f 7130//7130 7095//7095 7120//7120
f 7120//7120 7119//7119 7131//7131
f 7130//7130 7120//7120 7131//7131
f 7123//7123 7126//7126 7124//7124
f 7126//7126 7129//7129 7131//7131
f 7131//7131 7119//7119 7124//7124
f 7126//7126 7131//7131 7124//7124
f 6900//6900 7100//7100 7132//7132
f 7100//7100 7102//7102 7133//7133
f 7133//7133 7134//7134 7132//7132
f 7100//7100 7133//7133 7132//7132
f 7102//7102 7105//7105 7135//7135
f 7105//7105 7095//7095 7130//7130
f 7130//7130 7129//7129 7135//7135
f 7105//7105 7130//7130 7135//7135
f 7129//7129 7128//7128 7136//7136
f 7128//7128 7127//7127 7137//7137
f 7137//7137 7134//7134 7136//7136
f 7128//7128 7137//7137 7136//7136
f 7102//7102 7135//7135 7133//7133
f 7135//7135 7129//7129 7136//7136
f 7136//7136 7134//7134 7133//7133
f 7135//7135 7136//7136 7133//7133
f 6910//6910 7138//7138 7106//7106
f 7138//7138 7139//7139 7140//7140
f 7140//7140 7107//7107 7106//7106
f 7138//7138 7140//7140 7106//7106
f 7139//7139 7141//7141 7142//7142
f 7141//7141 7117//7117 7115//7115
f 7115//7115 7113//7113 7142//7142
f 7141//7141 7115//7115 7142//7142
f 7113//7113 7112//7112 7143//7143
f 7112//7112 7085//7085 7109//7109
f 7109//7109 7107//7107 7143//7143
f 7112//7112 7109//7109 7143//7143
f 7139//7139 7142//7142 7140//7140
f 7142//7142 7113//7113 7143//7143
f 7143//7143 7107//7107 7140//7140
f 7142//7142 7143//7143 7140//7140
f 7117//7117 7144//7144 7122//7122
f 7144//7144 7145//7145 7146//7146
f 7146//7146 7123//7123 7122//7122
f 7144//7144 7146//7146 7122//7122
f 7145//7145 7147//7147 7148//7148
f 7147//7147 7149//7149 7150//7150
f 7150//7150 7151//7151 7148//7148
f 7147//7147 7150//7150 7148//7148
f 7151//7151 7152//7152 7153//7153
f 7152//7152 7127//7127 7125//7125
f 7125//7125 7123//7123 7153//7153
f 7152//7152 7125//7125 7153//7153
f 7145//7145 7148//7148 7146//7146
f 7148//7148 7151//7151 7153//7153
f 7153//7153 7123//7123 7146//7146
f 7148//7148 7153//7153 7146//7146
f 7149//7149 7154//7154 7150//7150
f 7154//7154 7155//7155 7156//7156
f 7156//7156 7151//7151 7150//7150
f 7154//7154 7156//7156 7150//7150
f 7155//7155 7157//7157 7158//7158
f 7157//7157 7159//7159 7160//7160
f 7160//7160 7161//7161 7158//7158
f 7157//7157 7160//7160 7158//7158
f 7161//7161 7162//7162 7163//7163
f 7162//7162 7127//7127 7152//7152
f 7152//7152 7151//7151 7163//7163
f 7162//7162 7152//7152 7163//7163
f 7155//7155 7158//7158 7156//7156
f 7158//7158 7161//7161 7163//7163
f 7163//7163 7151//7151 7156//7156
f 7158//7158 7163//7163 7156//7156
f 6900//6900 7132//7132 7164//7164
f 7132//7132 7134//7134 7165//7165
f 7165//7165 7166//7166 7164//7164
f 7132//7132 7165//7165 7164//7164
f 7134//7134 7137//7137 7167//7167
f 7137//7137 7127//7127 7162//7162
f 7162//7162 7161//7161 7167//7167
f 7137//7137 7162//7162 7167//7167
f 7161//7161 7160//7160 7168//7168
f 7160//7160 7159//7159 7169//7169
f 7169//7169 7166//7166 7168//7168
f 7160//7160 7169//7169 7168//7168
f 7134//7134 7167//7167 7165//7165
f 7167//7167 7161//7161 7168//7168
f 7168//7168 7166//7166 7165//7165
f 7167//7167 7168//7168 7165//7165
f 6910//6910 7170//7170 7138//7138
f 7170//7170 7171//7171 7172//7172
f 7172//7172 7139//7139 7138//7138
f 7170//7170 7172//7172 7138//7138
f 7171//7171 7173//7173 7174//7174
f 7173//7173 7149//7149 7147//7147
f 7147//7147 7145//7145 7174//7174
f 7173//7173 7147//7147 7174//7174
f 7145//7145 7144//7144 7175//7175
f 7144//7144 7117//7117 7141//7141
f 7141//7141 7139//7139 7175//7175
f 7144//7144 7141//7141 7175//7175
f 7171//7171 7174//7174 7172//7172
f 7174//7174 7145//7145 7175//7175
f 7175//7175 7139//7139 7172//7172
f 7174//7174 7175//7175 7172//7172
f 7149//7149 7176//7176 7154//7154
f 7176//7176 7177//7177 7178//7178
f 7178//7178 7155//7155 7154//7154
f 7176//7176 7178//7178 7154//7154
f 7177//7177 7179//7179 7180//7180
f 7179//7179 6875//6875 7181//7181
f 7181//7181 7182//7182 7180//7180
f 7179//7179 7181//7181 7180//7180
f 7182//7182 7183//7183 7184//7184
f 7183//7183 7159//7159 7157//7157
f 7157//7157 7155//7155 7184//7184
f 7183//7183 7157//7157 7184//7184
f 7177//7177 7180//7180 7178//7178
f 7180//7180 7182//7182 7184//7184
f 7184//7184 7155//7155 7178//7178
f 7180//7180 7184//7184 7178//7178
f 6875//6875 6877//6877 7181//7181
f 6877//6877 6880//6880 7185//7185
f 7185//7185 7182//7182 7181//7181
f 6877//6877 7185//7185 7181//7181
f 6880//6880 6889//6889 7186//7186
f 6889//6889 6888//6888 7187//7187
f 7187//7187 7188//7188 7186//7186
f 6889//6889 7187//7187 7186//7186
f 7188//7188 7189//7189 7190//7190
f 7189//7189 7159//7159 7183//7183
f 7183//7183 7182//7182 7190//7190
f 7189//7189 7183//7183 7190//7190
f 6880//6880 7186//7186 7185//7185
f 7186//7186 7188//7188 7190//7190
f 7190//7190 7182//7182 7185//7185
f 7186//7186 7190//7190 7185//7185
f 6900//6900 7164//7164 6901//6901
f 7164//7164 7166//7166 7191//7191
f 7191//7191 6903//6903 6901//6901
f 7164//7164 7191//7191 6901//6901
f 7166//7166 7169//7169 7192//7192
f 7169//7169 7159//7159 7189//7189
f 7189//7189 7188//7188 7192//7192
f 7169//7169 7189//7189 7192//7192
f 7188//7188 7187//7187 7193//7193
f 7187//7187 6888//6888 6906//6906
f 6906//6906 6903//6903 7193//7193
f 7187//7187 6906//6906 7193//7193
f 7166//7166 7192//7192 7191//7191
f 7192//7192 7188//7188 7193//7193
f 7193//7193 6903//6903 7191//7191
f 7192//7192 7193//7193 7191//7191
f 6910//6910 6912//6912 7170//7170
f 6912//6912 6915//6915 7194//7194
f 7194//7194 7171//7171 7170//7170
f 6912//6912 7194//7194 7170//7170
f 6915//6915 6919//6919 7195//7195
f 6919//6919 6875//6875 7179//7179
f 7179//7179 7177//7177 7195//7195
f 6919//6919 7179//7179 7195//7195
f 7177//7177 7176//7176 7196//7196
f 7176//7176 7149//7149 7173//7173
f 7173//7173 7171//7171 7196//7196
f 7176//7176 7173//7173 7196//7196
f 6915//6915 7195//7195 7194//7194
f 7195//7195 7177//7177 7196//7196
f 7196//7196 7171//7171 7194//7194
f 7195//7195 7196//7196 7194//7194
f 7197//7197 7198//7198 7199//7199
f 7198//7198 7200//7200 7201//7201
f 7201//7201 7202//7202 7199//7199
f 7198//7198 7201//7201 7199//7199
f 7200//7200 7203//7203 7204//7204
f 7203//7203 7205//7205 7206//7206
f 7206//7206 7207//7207 7204//7204
f 7203//7203 7206//7206 7204//7204
f 7207//7207 7208//7208 7209//7209
f 7208//7208 7210//7210 7211//7211
f 7211//7211 7202//7202 7209//7209
f 7208//7208 7211//7211 7209//7209
f 7200//7200 7204//7204 7201//7201
f 7204//7204 7207//7207 7209//7209
f 7209//7209 7202//7202 7201//7201
f 7204//7204 7209//7209 7201//7201
f 7205//7205 7212//7212 7206//7206
f 7212//7212 7213//7213 7214//7214
f 7214//7214 7207//7207 7206//7206
f 7212//7212 7214//7214 7206//7206
f 7213//7213 7215//7215 7216//7216
f 7215//7215 7217//7217 7218//7218
f 7218//7218 7219//7219 7216//7216
f 7215//7215 7218//7218 7216//7216
f 7219//7219 7220//7220 7221//7221
f 7220//7220 7210//7210 7208//7208
f 7208//7208 7207//7207 7221//7221
f 7220//7220 7208//7208 7221//7221
f 7213//7213 7216//7216 7214//7214
f 7216//7216 7219//7219 7221//7221
f 7221//7221 7207//7207 7214//7214
f 7216//7216 7221//7221 7214//7214
f 7222//7222 7223//7223 7224//7224
f 7223//7223 7225//7225 7226//7226
f 7226//7226 7227//7227 7224//7224
f 7223//7223 7226//7226 7224//7224
f 7225//7225 7228//7228 7229//7229
f 7228//7228 7210//7210 7220//7220
f 7220//7220 7219//7219 7229//7229
f 7228//7228 7220//7220 7229//7229
f 7219//7219 7218//7218 7230//7230
f 7218//7218 7217//7217 7231//7231
f 7231//7231 7227//7227 7230//7230
f 7218//7218 7231//7231 7230//7230
f 7225//7225 7229//7229 7226//7226
f 7229//7229 7219//7219 7230//7230
f 7230//7230 7227//7227 7226//7226
f 7229//7229 7230//7230 7226//7226
f 7232//7232 7233//7233 7234//7234
f 7233//7233 7235//7235 7236//7236
f 7236//7236 7237//7237 7234//7234
f 7233//7233 7236//7236 7234//7234
f 7235//7235 7238//7238 7239//7239
f 7238//7238 7205//7205 7203//7203
f 7203//7203 7200//7200 7239//7239
f 7238//7238 7203//7203 7239//7239
f 7200//7200 7198//7198 7240//7240
f 7198//7198 7197//7197 7241//7241
f 7241//7241 7237//7237 7240//7240
f 7198//7198 7241//7241 7240//7240
f 7235//7235 7239//7239 7236//7236
f 7239//7239 7200//7200 7240//7240
f 7240//7240 7237//7237 7236//7236
f 7239//7239 7240//7240 7236//7236
f 7205//7205 7242//7242 7212//7212
f 7242//7242 7243//7243 7244//7244
f 7244//7244 7213//7213 7212//7212
f 7242//7242 7244//7244 7212//7212
f 7243//7243 7245//7245 7246//7246
f 7245//7245 7247//7247 7248//7248
f 7248//7248 7249//7249 7246//7246
f 7245//7245 7248//7248 7246//7246
f 7249//7249 7250//7250 7251//7251
f 7250//7250 7217//7217 7215//7215
f 7215//7215 7213//7213 7251//7251
f 7250//7250 7215//7215 7251//7251
f 7243//7243 7246//7246 7244//7244
f 7246//7246 7249//7249 7251//7251
f 7251//7251 7213//7213 7244//7244
f 7246//7246 7251//7251 7244//7244
f 7247//7247 7252//7252 7248//7248
f 7252//7252 7253//7253 7254//7254
f 7254//7254 7249//7249 7248//7248
f 7252//7252 7254//7254 7248//7248
f 7253//7253 7255//7255 7256//7256
f 7255//7255 7257//7257 7258//7258
f 7258//7258 7259//7259 7256//7256
f 7255//7255 7258//7258 7256//7256
f 7259//7259 7260//7260 7261//7261
f 7260//7260 7217//7217 7250//7250
f 7250//7250 7249//7249 7261//7261
f 7260//7260 7250//7250 7261//7261
f 7253//7253 7256//7256 7254//7254
f 7256//7256 7259//7259 7261//7261
f 7261//7261 7249//7249 7254//7254
f 7256//7256 7261//7261 7254//7254
f 7222//7222 7224//7224 7262//7262
f 7224//7224 7227//7227 7263//7263
f 7263//7263 7264//7264 7262//7262
f 7224//7224 7263//7263 7262//7262
f 7227//7227 7231//7231 7265//7265
f 7231//7231 7217//7217 7260//7260
f 7260//7260 7259//7259 7265//7265
f 7231//7231 7260//7260 7265//7265
f 7259//7259 7258//7258 7266//7266
f 7258//7258 7257//7257 7267//7267
f 7267//7267 7264//7264 7266//7266
f 7258//7258 7267//7267 7266//7266
f 7227//7227 7265//7265 7263//7263
f 7265//7265 7259//7259 7266//7266
f 7266//7266 7264//7264 7263//7263
f 7265//7265 7266//7266 7263//7263
f 7232//7232 7268//7268 7233//7233
f 7268//7268 7269//7269 7270//7270
f 7270//7270 7235//7235 7233//7233
f 7268//7268 7270//7270 7233//7233
f 7269//7269 7271//7271 7272//7272
f 7271//7271 7247//7247 7245//7245
f 7245//7245 7243//7243 7272//7272
f 7271//7271 7245//7245 7272//7272
f 7243//7243 7242//7242 7273//7273
f 7242//7242 7205//7205 7238//7238
f 7238//7238 7235//7235 7273//7273
f 7242//7242 7238//7238 7273//7273
f 7269//7269 7272//7272 7270//7270
f 7272//7272 7243//7243 7273//7273
f 7273//7273 7235//7235 7270//7270
f 7272//7272 7273//7273 7270//7270
f 7247//7247 7274//7274 7252//7252
f 7274//7274 7275//7275 7276//7276
f 7276//7276 7253//7253 7252//7252
f 7274//7274 7276//7276 7252//7252
f 7275//7275 7277//7277 7278//7278
f 7277//7277 7279//7279 7280//7280
f 7280//7280 7281//7281 7278//7278
f 7277//7277 7280//7280 7278//7278
f 7281//7281 7282//7282 7283//7283
f 7282//7282 7257//7257 7255//7255
f 7255//7255 7253//7253 7283//7283
f 7282//7282 7255//7255 7283//7283
f 7275//7275 7278//7278 7276//7276
f 7278//7278 7281//7281 7283//7283
f 7283//7283 7253//7253 7276//7276
f 7278//7278 7283//7283 7276//7276
f 7279//7279 7284//7284 7280//7280
f 7284//7284 7285//7285 7286//7286
f 7286//7286 7281//7281 7280//7280
f 7284//7284 7286//7286 7280//7280
f 7285//7285 7287//7287 7288//7288
f 7287//7287 7289//7289 7290//7290
f 7290//7290 7291//7291 7288//7288
f 7287//7287 7290//7290 7288//7288
f 7291//7291 7292//7292 7293//7293
f 7292//7292 7257//7257 7282//7282
f 7282//7282 7281//7281 7293//7293
f 7292//7292 7282//7282 7293//7293
f 7285//7285 7288//7288 7286//7286
f 7288//7288 7291//7291 7293//7293
f 7293//7293 7281//7281 7286//7286
f 7288//7288 7293//7293 7286//7286
f 7222//7222 7262//7262 7294//7294
f 7262//7262 7264//7264 7295//7295
f 7295//7295 7296//7296 7294//7294
f 7262//7262 7295//7295 7294//7294
f 7264//7264 7267//7267 7297//7297
f 7267//7267 7257//7257 7292//7292
f 7292//7292 7291//7291 7297//7297
f 7267//7267 7292//7292 7297//7297
f 7291//7291 7290//7290 7298//7298
f 7290//7290 7289//7289 7299//7299
f 7299//7299 7296//7296 7298//7298
f 7290//7290 7299//7299 7298//7298
f 7264//7264 7297//7297 7295//7295
f 7297//7297 7291//7291 7298//7298
f 7298//7298 7296//7296 7295//7295
f 7297//7297 7298//7298 7295//7295
f 7232//7232 7300//7300 7268//7268
f 7300//7300 7301//7301 7302//7302
f 7302//7302 7269//7269 7268//7268
f 7300//7300 7302//7302 7268//7268
f 7301//7301 7303//7303 7304//7304
f 7303//7303 7279//7279 7277//7277
f 7277//7277 7275//7275 7304//7304
f 7303//7303 7277//7277 7304//7304
f 7275//7275 7274//7274 7305//7305
f 7274//7274 7247//7247 7271//7271
f 7271//7271 7269//7269 7305//7305
f 7274//7274 7271//7271 7305//7305
f 7301//7301 7304//7304 7302//7302
f 7304//7304 7275//7275 7305//7305
f 7305//7305 7269//7269 7302//7302
f 7304//7304 7305//7305 7302//7302
f 7279//7279 7306//7306 7284//7284
f 7306//7306 7307//7307 7308//7308
f 7308//7308 7285//7285 7284//7284
f 7306//7306 7308//7308 7284//7284
f 7307//7307 7309//7309 7310//7310
f 7309//7309 7311//7311 7312//7312
f 7312//7312 7313//7313 7310//7310
f 7309//7309 7312//7312 7310//7310
f 7313//7313 7314//7314 7315//7315
f 7314//7314 7289//7289 7287//7287
f 7287//7287 7285//7285 7315//7315
f 7314//7314 7287//7287 7315//7315
f 7307//7307 7310//7310 7308//7308
f 7310//7310 7313//7313 7315//7315
f 7315//7315 7285//7285 7308//7308
f 7310//7310 7315//7315 7308//7308
f 7311//7311 7316//7316 7312//7312
f 7316//7316 7317//7317 7318//7318
f 7318//7318 7313//7313 7312//7312
f 7316//7316 7318//7318 7312//7312
f 7317//7317 7319//7319 7320//7320
f 7319//7319 7321//7321 7322//7322
f 7322//7322 7323//7323 7320//7320
f 7319//7319 7322//7322 7320//7320
f 7323//7323 7324//7324 7325//7325
f 7324//7324 7289//7289 7314//7314
f 7314//7314 7313//7313 7325//7325
f 7324//7324 7314//7314 7325//7325
f 7317//7317 7320//7320 7318//7318
f 7320//7320 7323//7323 7325//7325
f 7325//7325 7313//7313 7318//7318
f 7320//7320 7325//7325 7318//7318
f 7222//7222 7294//7294 7326//7326
f 7294//7294 7296//7296 7327//7327
f 7327//7327 7328//7328 7326//7326
f 7294//7294 7327//7327 7326//7326
f 7296//7296 7299//7299 7329//7329
f 7299//7299 7289//7289 7324//7324
f 7324//7324 7323//7323 7329//7329
f 7299//7299 7324//7324 7329//7329
f 7323//7323 7322//7322 7330//7330
f 7322//7322 7321//7321 7331//7331
f 7331//7331 7328//7328 7330//7330
f 7322//7322 7331//7331 7330//7330
f 7296//7296 7329//7329 7327//7327
f 7329//7329 7323//7323 7330//7330
f 7330//7330 7328//7328 7327//7327
f 7329//7329 7330//7330 7327//7327
f 7232//7232 7332//7332 7300//7300
f 7332//7332 7333//7333 7334//7334
f 7334//7334 7301//7301 7300//7300
f 7332//7332 7334//7334 7300//7300
f 7333//7333 7335//7335 7336//7336
f 7335//7335 7311//7311 7309//7309
f 7309//7309 7307//7307 7336//7336
f 7335//7335 7309//7309 7336//7336
f 7307//7307 7306//7306 7337//7337
f 7306//7306 7279//7279 7303//7303
f 7303//7303 7301//7301 7337//7337
f 7306//7306 7303//7303 7337//7337
f 7333//7333 7336//7336 7334//7334
f 7336//7336 7307//7307 7337//7337
f 7337//7337 7301//7301 7334//7334
f 7336//7336 7337//7337 7334//7334
f 7311//7311 7338//7338 7316//7316
f 7338//7338 7339//7339 7340//7340
f 7340//7340 7317//7317 7316//7316
f 7338//7338 7340//7340 7316//7316
f 7339//7339 7341//7341 7342//7342
f 7341//7341 7343//7343 7344//7344
f 7344//7344 7345//7345 7342//7342
f 7341//7341 7344//7344 7342//7342
f 7345//7345 7346//7346 7347//7347
f 7346//7346 7321//7321 7319//7319
f 7319//7319 7317//7317 7347//7347
f 7346//7346 7319//7319 7347//7347
f 7339//7339 7342//7342 7340//7340
f 7342//7342 7345//7345 7347//7347
f 7347//7347 7317//7317 7340//7340
f 7342//7342 7347//7347 7340//7340
f 7343//7343 7348//7348 7344//7344
f 7348//7348 7349//7349 7350//7350
f 7350//7350 7345//7345 7344//7344
f 7348//7348 7350//7350 7344//7344
f 7349//7349 7351//7351 7352//7352
f 7351//7351 7353//7353 7354//7354
f 7354//7354 7355//7355 7352//7352
f 7351//7351 7354//7354 7352//7352
f 7355//7355 7356//7356 7357//7357
f 7356//7356 7321//7321 7346//7346
f 7346//7346 7345//7345 7357//7357
f 7356//7356 7346//7346 7357//7357
f 7349//7349 7352//7352 7350//7350
f 7352//7352 7355//7355 7357//7357
f 7357//7357 7345//7345 7350//7350
f 7352//7352 7357//7357 7350//7350
f 7222//7222 7326//7326 7358//7358
f 7326//7326 7328//7328 7359//7359
f 7359//7359 7360//7360 7358//7358
f 7326//7326 7359//7359 7358//7358
f 7328//7328 7331//7331 7361//7361
f 7331//7331 7321//7321 7356//7356
f 7356//7356 7355//7355 7361//7361
f 7331//7331 7356//7356 7361//7361
f 7355//7355 7354//7354 7362//7362
f 7354//7354 7353//7353 7363//7363
f 7363//7363 7360//7360 7362//7362
f 7354//7354 7363//7363 7362//7362
f 7328//7328 7361//7361 7359//7359
f 7361//7361 7355//7355 7362//7362
f 7362//7362 7360//7360 7359//7359
f 7361//7361 7362//7362 7359//7359
f 7232//7232 7364//7364 7332//7332
f 7364//7364 7365//7365 7366//7366
f 7366//7366 7333//7333 7332//7332
f 7364//7364 7366//7366 7332//7332
f 7365//7365 7367//7367 7368//7368
f 7367//7367 7343//7343 7341//7341
f 7341//7341 7339//7339 7368//7368
f 7367//7367 7341//7341 7368//7368
f 7339//7339 7338//7338 7369//7369
f 7338//7338 7311//7311 7335//7335
f 7335//7335 7333//7333 7369//7369
f 7338//7338 7335//7335 7369//7369
f 7365//7365 7368//7368 7366//7366
f 7368//7368 7339//7339 7369//7369
f 7369//7369 7333//7333 7366//7366
f 7368//7368 7369//7369 7366//7366
f 7343//7343 7370//7370 7348//7348
f 7370//7370 7371//7371 7372//7372
f 7372//7372 7349//7349 7348//7348
f 7370//7370 7372//7372 7348//7348
f 7371//7371 7373//7373 7374//7374
f 7373//7373 7375//7375 7376//7376
f 7376//7376 7377//7377 7374//7374
f 7373//7373 7376//7376 7374//7374
f 7377//7377 7378//7378 7379//7379
f 7378//7378 7353//7353 7351//7351
f 7351//7351 7349//7349 7379//7379
f 7378//7378 7351//7351 7379//7379
f 7371//7371 7374//7374 7372//7372
f 7374//7374 7377//7377 7379//7379
f 7379//7379 7349//7349 7372//7372
f 7374//7374 7379//7379 7372//7372
f 7375//7375 7380//7380 7376//7376
f 7380//7380 7381//7381 7382//7382
f 7382//7382 7377//7377 7376//7376
f 7380//7380 7382//7382 7376//7376
f 7381//7381 7383//7383 7384//7384
f 7383//7383 7385//7385 7386//7386
f 7386//7386 7387//7387 7384//7384
f 7383//7383 7386//7386 7384//7384
f 7387//7387 7388//7388 7389//7389
f 7388//7388 7353//7353 7378//7378
f 7378//7378 7377//7377 7389//7389
f 7388//7388 7378//7378 7389//7389
f 7381//7381 7384//7384 7382//7382
f 7384//7384 7387//7387 7389//7389
f 7389//7389 7377//7377 7382//7382
f 7384//7384 7389//7389 7382//7382
f 7222//7222 7358//7358 7390//7390
f 7358//7358 7360//7360 7391//7391
f 7391//7391 7392//7392 7390//7390
f 7358//7358 7391//7391 7390//7390
f 7360//7360 7363//7363 7393//7393
f 7363//7363 7353//7353 7388//7388
f 7388//7388 7387//7387 7393//7393
f 7363//7363 7388//7388 7393//7393
f 7387//7387 7386//7386 7394//7394
f 7386//7386 7385//7385 7395//7395
f 7395//7395 7392//7392 7394//7394
f 7386//7386 7395//7395 7394//7394
f 7360//7360 7393//7393 7391//7391
f 7393//7393 7387//7387 7394//7394
f 7394//7394 7392//7392 7391//7391
f 7393//7393 7394//7394 7391//7391
f 7232//7232 7396//7396 7364//7364
f 7396//7396 7397//7397 7398//7398
f 7398//7398 7365//7365 7364//7364
f 7396//7396 7398//7398 7364//7364
f 7397//7397 7399//7399 7400//7400
f 7399//7399 7375//7375 7373//7373
f 7373//7373 7371//7371 7400//7400
f 7399//7399 7373//7373 7400//7400
f 7371//7371 7370//7370 7401//7401
f 7370//7370 7343//7343 7367//7367
f 7367//7367 7365//7365 7401//7401
f 7370//7370 7367//7367 7401//7401
f 7397//7397 7400//7400 7398//7398
f 7400//7400 7371//7371 7401//7401
f 7401//7401 7365//7365 7398//7398
f 7400//7400 7401//7401 7398//7398
f 7375//7375 7402//7402 7380//7380
f 7402//7402 7403//7403 7404//7404
f 7404//7404 7381//7381 7380//7380
f 7402//7402 7404//7404 7380//7380
f 7403//7403 7405//7405 7406//7406
f 7405//7405 7407//7407 7408//7408
f 7408//7408 7409//7409 7406//7406
f 7405//7405 7408//7408 7406//7406
f 7409//7409 7410//7410 7411//7411
f 7410//7410 7385//7385 7383//7383
f 7383//7383 7381//7381 7411//7411
f 7410//7410 7383//7383 7411//7411
f 7403//7403 7406//7406 7404//7404
f 7406//7406 7409//7409 7411//7411
f 7411//7411 7381//7381 7404//7404
f 7406//7406 7411//7411 7404//7404
f 7407//7407 7412//7412 7408//7408
f 7412//7412 7413//7413 7414//7414
f 7414//7414 7409//7409 7408//7408
f 7412//7412 7414//7414 7408//7408
f 7413//7413 7415//7415 7416//7416
f 7415//7415 7417//7417 7418//7418
f 7418//7418 7419//7419 7416//7416
f 7415//7415 7418//7418 7416//7416
f 7419//7419 7420//7420 7421//7421
f 7420//7420 7385//7385 7410//7410
f 7410//7410 7409//7409 7421//7421
f 7420//7420 7410//7410 7421//7421
f 7413//7413 7416//7416 7414//7414
f 7416//7416 7419//7419 7421//7421
f 7421//7421 7409//7409 7414//7414
f 7416//7416 7421//7421 7414//7414
f 7222//7222 7390//7390 7422//7422
f 7390//7390 7392//7392 7423//7423
f 7423//7423 7424//7424 7422//7422
f 7390//7390 7423//7423 7422//7422
f 7392//7392 7395//7395 7425//7425
f 7395//7395 7385//7385 7420//7420
f 7420//7420 7419//7419 7425//7425
f 7395//7395 7420//7420 7425//7425
f 7419//7419 7418//7418 7426//7426
f 7418//7418 7417//7417 7427//7427
f 7427//7427 7424//7424 7426//7426
f 7418//7418 7427//7427 7426//7426
f 7392//7392 7425//7425 7423//7423
f 7425//7425 7419//7419 7426//7426
f 7426//7426 7424//7424 7423//7423
f 7425//7425 7426//7426 7423//7423
f 7232//7232 7428//7428 7396//7396
f 7428//7428 7429//7429 7430//7430
f 7430//7430 7397//7397 7396//7396
f 7428//7428 7430//7430 7396//7396
f 7429//7429 7431//7431 7432//7432
f 7431//7431 7407//7407 7405//7405
f 7405//7405 7403//7403 7432//7432
f 7431//7431 7405//7405 7432//7432
f 7403//7403 7402//7402 7433//7433
f 7402//7402 7375//7375 7399//7399
f 7399//7399 7397//7397 7433//7433
f 7402//7402 7399//7399 7433//7433
f 7429//7429 7432//7432 7430//7430
f 7432//7432 7403//7403 7433//7433
f 7433//7433 7397//7397 7430//7430
f 7432//7432 7433//7433 7430//7430
f 7407//7407 7434//7434 7412//7412
f 7434//7434 7435//7435 7436//7436
f 7436//7436 7413//7413 7412//7412
f 7434//7434 7436//7436 7412//7412
f 7435//7435 7437//7437 7438//7438
f 7437//7437 7439//7439 7440//7440
f 7440//7440 7441//7441 7438//7438
f 7437//7437 7440//7440 7438//7438
f 7441//7441 7442//7442 7443//7443
f 7442//7442 7417//7417 7415//7415
f 7415//7415 7413//7413 7443//7443
f 7442//7442 7415//7415 7443//7443
f 7435//7435 7438//7438 7436//7436
f 7438//7438 7441//7441 7443//7443
f 7443//7443 7413//7413 7436//7436
f 7438//7438 7443//7443 7436//7436
f 7439//7439 7444//7444 7440//7440
f 7444//7444 7445//7445 7446//7446
f 7446//7446 7441//7441 7440//7440
f 7444//7444 7446//7446 7440//7440
f 7445//7445 7447//7447 7448//7448
f 7447//7447 7449//7449 7450//7450
f 7450//7450 7451//7451 7448//7448
f 7447//7447 7450//7450 7448//7448
f 7451//7451 7452//7452 7453//7453
f 7452//7452 7417//7417 7442//7442
f 7442//7442 7441//7441 7453//7453
f 7452//7452 7442//7442 7453//7453
f 7445//7445 7448//7448 7446//7446
f 7448//7448 7451//7451 7453//7453
f 7453//7453 7441//7441 7446//7446
f 7448//7448 7453//7453 7446//7446
f 7222//7222 7422//7422 7454//7454
f 7422//7422 7424//7424 7455//7455
f 7455//7455 7456//7456 7454//7454
f 7422//7422 7455//7455 7454//7454
f 7424//7424 7427//7427 7457//7457
f 7427//7427 7417//7417 7452//7452
f 7452//7452 7451//7451 7457//7457
f 7427//7427 7452//7452 7457//7457
f 7451//7451 7450//7450 7458//7458
f 7450//7450 7449//7449 7459//7459
f 7459//7459 7456//7456 7458//7458
f 7450//7450 7459//7459 7458//7458
f 7424//7424 7457//7457 7455//7455
f 7457//7457 7451//7451 7458//7458
f 7458//7458 7456//7456 7455//7455
f 7457//7457 7458//7458 7455//7455
f 7232//7232 7460//7460 7428//7428
f 7460//7460 7461//7461 7462//7462
f 7462//7462 7429//7429 7428//7428
f 7460//7460 7462//7462 7428//7428
f 7461//7461 7463//7463 7464//7464
f 7463//7463 7439//7439 7437//7437
f 7437//7437 7435//7435 7464//7464
f 7463//7463 7437//7437 7464//7464
f 7435//7435 7434//7434 7465//7465
f 7434//7434 7407//7407 7431//7431
f 7431//7431 7429//7429 7465//7465
f 7434//7434 7431//7431 7465//7465
f 7461//7461 7464//7464 7462//7462
f 7464//7464 7435//7435 7465//7465
f 7465//7465 7429//7429 7462//7462
f 7464//7464 7465//7465 7462//7462
f 7439//7439 7466//7466 7444//7444
f 7466//7466 7467//7467 7468//7468
f 7468//7468 7445//7445 7444//7444
f 7466//7466 7468//7468 7444//7444
f 7467//7467 7469//7469 7470//7470
f 7469//7469 7471//7471 7472//7472
f 7472//7472 7473//7473 7470//7470
f 7469//7469 7472//7472 7470//7470
f 7473//7473 7474//7474 7475//7475
f 7474//7474 7449//7449 7447//7447
f 7447//7447 7445//7445 7475//7475
f 7474//7474 7447//7447 7475//7475
f 7467//7467 7470//7470 7468//7468
f 7470//7470 7473//7473 7475//7475
f 7475//7475 7445//7445 7468//7468
f 7470//7470 7475//7475 7468//7468
f 7471//7471 7476//7476 7472//7472
f 7476//7476 7477//7477 7478//7478
f 7478//7478 7473//7473 7472//7472
f 7476//7476 7478//7478 7472//7472
f 7477//7477 7479//7479 7480//7480
f 7479//7479 7481//7481 7482//7482
f 7482//7482 7483//7483 7480//7480
f 7479//7479 7482//7482 7480//7480
f 7483//7483 7484//7484 7485//7485
f 7484//7484 7449//7449 7474//7474
f 7474//7474 7473//7473 7485//7485
f 7484//7484 7474//7474 7485//7485
f 7477//7477 7480//7480 7478//7478
f 7480//7480 7483//7483 7485//7485
f 7485//7485 7473//7473 7478//7478
f 7480//7480 7485//7485 7478//7478
f 7222//7222 7454//7454 7486//7486
f 7454//7454 7456//7456 7487//7487
f 7487//7487 7488//7488 7486//7486
f 7454//7454 7487//7487 7486//7486
f 7456//7456 7459//7459 7489//7489
f 7459//7459 7449//7449 7484//7484
f 7484//7484 7483//7483 7489//7489
f 7459//7459 7484//7484 7489//7489
f 7483//7483 7482//7482 7490//7490
f 7482//7482 7481//7481 7491//7491
f 7491//7491 7488//7488 7490//7490
f 7482//7482 7491//7491 7490//7490
f 7456//7456 7489//7489 7487//7487
f 7489//7489 7483//7483 7490//7490
f 7490//7490 7488//7488 7487//7487
f 7489//7489 7490//7490 7487//7487
f 7232//7232 7492//7492 7460//7460
f 7492//7492 7493//7493 7494//7494
f 7494//7494 7461//7461 7460//7460
f 7492//7492 7494//7494 7460//7460
f 7493//7493 7495//7495 7496//7496
f 7495//7495 7471//7471 7469//7469
f 7469//7469 7467//7467 7496//7496
f 7495//7495 7469//7469 7496//7496
f 7467//7467 7466//7466 7497//7497
f 7466//7466 7439//7439 7463//7463
f 7463//7463 7461//7461 7497//7497
f 7466//7466 7463//7463 7497//7497
f 7493//7493 7496//7496 7494//7494
f 7496//7496 7467//7467 7497//7497
f 7497//7497 7461//7461 7494//7494
f 7496//7496 7497//7497 7494//7494
f 7471//7471 7498//7498 7476//7476
f 7498//7498 7499//7499 7500//7500
f 7500//7500 7477//7477 7476//7476
f 7498//7498 7500//7500 7476//7476
f 7499//7499 7501//7501 7502//7502
f 7501//7501 7197//7197 7503//7503
f 7503//7503 7504//7504 7502//7502
f 7501//7501 7503//7503 7502//7502
f 7504//7504 7505//7505 7506//7506
f 7505//7505 7481//7481 7479//7479
f 7479//7479 7477//7477 7506//7506
f 7505//7505 7479//7479 7506//7506
f 7499//7499 7502//7502 7500//7500
f 7502//7502 7504//7504 7506//7506
f 7506//7506 7477//7477 7500//7500
f 7502//7502 7506//7506 7500//7500
f 7197//7197 7199//7199 7503//7503
f 7199//7199 7202//7202 7507//7507
f 7507//7507 7504//7504 7503//7503
f 7199//7199 7507//7507 7503//7503
f 7202//7202 7211//7211 7508//7508
f 7211//7211 7210//7210 7509//7509
f 7509//7509 7510//7510 7508//7508
f 7211//7211 7509//7509 7508//7508
f 7510//7510 7511//7511 7512//7512
f 7511//7511 7481//7481 7505//7505
f 7505//7505 7504//7504 7512//7512
f 7511//7511 7505//7505 7512//7512
f 7202//7202 7508//7508 7507//7507
f 7508//7508 7510//7510 7512//7512
f 7512//7512 7504//7504 7507//7507
f 7508//7508 7512//7512 7507//7507
f 7222//7222 7486//7486 7223//7223
f 7486//7486 7488//7488 7513//7513
f 7513//7513 7225//7225 7223//7223
f 7486//7486 7513//7513 7223//7223
f 7488//7488 7491//7491 7514//7514
f 7491//7491 7481//7481 7511//7511
f 7511//7511 7510//7510 7514//7514
f 7491//7491 7511//7511 7514//7514
f 7510//7510 7509//7509 7515//7515
f 7509//7509 7210//7210 7228//7228
f 7228//7228 7225//7225 7515//7515
f 7509//7509 7228//7228 7515//7515
f 7488//7488 7514//7514 7513//7513
f 7514//7514 7510//7510 7515//7515
f 7515//7515 7225//7225 7513//7513
f 7514//7514 7515//7515 7513//7513
f 7232//7232 7234//7234 7492//7492
f 7234//7234 7237//7237 7516//7516
f 7516//7516 7493//7493 7492//7492
f 7234//7234 7516//7516 7492//7492
f 7237//7237 7241//7241 7517//7517
f 7241//7241 7197//7197 7501//7501
f 7501//7501 7499//7499 7517//7517
f 7241//7241 7501//7501 7517//7517
f 7499//7499 7498//7498 7518//7518
f 7498//7498 7471//7471 7495//7495
f 7495//7495 7493//7493 7518//7518
f 7498//7498 7495//7495 7518//7518
f 7237//7237 7517//7517 7516//7516
f 7517//7517 7499//7499 7518//7518
f 7518//7518 7493//7493 7516//7516
f 7517//7517 7518//7518 7516//7516
